ts;mode;outdoor_temp;flow_temp;flow_set_temp;target_flow_temp;dhw_temp;dhw_set_temp;burner_active;burner_power;pump_active;pump_modulation;energy_total_kwh;energy_heat_kwh;energy_dhw_kwh;gas_display_m3
2026-06-01T00:00:58.603429+02:00;standby;18.5;27.3;25.0;25.0;49.6;10.0;0;0;1;41;16183.56;11279.63;4903.93;32411.875
2026-06-01T00:01:59.159190+02:00;standby;18.5;27.3;25.0;25.0;49.6;10.0;0;0;1;41;16183.56;11279.63;4903.93;32411.875
2026-06-01T00:02:59.913855+02:00;standby;18.5;27.3;25.0;25.0;49.6;10.0;0;0;1;41;16183.56;11279.63;4903.93;32411.875
2026-06-01T00:04:00.611484+02:00;standby;18.5;27.3;25.0;25.0;49.5;10.0;0;0;1;41;16183.56;11279.63;4903.93;32411.875
2026-06-01T00:05:01.229765+02:00;standby;18.5;27.3;25.0;25.0;49.5;10.0;0;0;1;41;16183.56;11279.63;4903.93;32411.875
2026-06-01T00:06:01.749146+02:00;standby;18.5;27.3;25.0;25.0;49.5;10.0;0;0;1;41;16183.56;11279.63;4903.93;32411.875
2026-06-01T00:07:02.319231+02:00;standby;18.5;27.2;25.0;25.0;49.5;10.0;0;0;1;41;16183.56;11279.63;4903.93;32411.875
2026-06-01T00:08:03.230582+02:00;standby;18.5;27.2;25.0;25.0;49.5;10.0;0;0;1;41;16183.56;11279.63;4903.93;32411.875
2026-06-01T00:09:03.829408+02:00;standby;18.5;27.2;25.0;25.0;49.5;10.0;0;0;1;41;16183.56;11279.63;4903.93;32411.875
2026-06-01T00:10:04.403898+02:00;standby;18.5;27.2;25.0;25.0;49.5;10.0;0;0;1;41;16183.56;11279.63;4903.93;32411.875
2026-06-01T00:11:05.072092+02:00;standby;18.5;27.2;25.0;25.0;49.5;10.0;0;0;1;41;16183.56;11279.63;4903.93;32411.875
2026-06-01T00:12:05.683036+02:00;standby;18.5;27.2;25.0;25.0;49.5;10.0;0;0;1;41;16183.56;11279.63;4903.93;32411.875
2026-06-01T00:13:06.316095+02:00;standby;18.5;27.2;25.0;25.0;49.5;10.0;0;0;1;41;16183.56;11279.63;4903.93;32411.875
2026-06-01T00:14:06.823762+02:00;standby;18.5;27.2;25.0;25.0;49.4;10.0;0;0;1;41;16183.56;11279.63;4903.93;32411.875
2026-06-01T00:15:07.404358+02:00;standby;18.5;27.2;25.0;25.0;49.4;10.0;0;0;1;41;16183.56;11279.63;4903.93;32411.875
2026-06-01T00:16:08.236238+02:00;standby;18.5;27.2;25.0;25.0;49.4;10.0;0;0;1;41;16183.56;11279.63;4903.93;32411.875
2026-06-01T00:17:08.736358+02:00;standby;18.5;27.2;25.0;25.0;49.4;10.0;0;0;1;41;16183.56;11279.63;4903.93;32411.875
2026-06-01T00:18:09.376338+02:00;standby;18.5;27.2;25.0;25.0;49.4;10.0;0;0;1;41;16183.56;11279.63;4903.93;32411.875
2026-06-01T00:19:09.998608+02:00;standby;18.6;27.2;25.0;25.0;49.4;10.0;0;0;1;41;16183.56;11279.63;4903.93;32411.875
2026-06-01T00:20:10.501699+02:00;standby;18.6;27.2;25.0;25.0;49.4;10.0;0;0;1;41;16183.56;11279.63;4903.93;32411.875
2026-06-01T00:21:10.991615+02:00;standby;18.6;27.2;25.0;25.0;49.4;10.0;0;0;1;41;16183.56;11279.63;4903.93;32411.875
2026-06-01T00:22:11.487788+02:00;standby;18.6;27.2;25.0;25.0;49.4;10.0;0;0;1;41;16183.56;11279.63;4903.93;32411.875
2026-06-01T00:23:12.066529+02:00;standby;18.6;27.0;25.0;25.0;49.4;10.0;0;0;1;41;16183.56;11279.63;4903.93;32411.875
2026-06-01T00:24:12.646104+02:00;standby;18.6;27.0;25.0;25.0;49.4;10.0;0;0;1;41;16183.56;11279.63;4903.93;32411.875
2026-06-01T00:25:13.169335+02:00;standby;18.6;27.0;25.0;25.0;49.3;10.0;0;0;1;41;16183.56;11279.63;4903.93;32411.875
2026-06-01T00:26:14.007088+02:00;standby;18.6;27.0;25.0;25.0;49.3;10.0;0;0;1;41;16183.56;11279.63;4903.93;32411.875
2026-06-01T00:27:14.499935+02:00;standby;18.6;27.0;25.0;25.0;49.3;10.0;0;0;1;41;16183.56;11279.63;4903.93;32411.875
2026-06-01T00:28:14.978927+02:00;standby;18.6;27.0;25.0;25.0;49.3;10.0;0;0;1;41;16183.56;11279.63;4903.93;32411.875
2026-06-01T00:29:15.487946+02:00;standby;18.6;27.0;25.0;25.0;49.3;10.0;0;0;1;41;16183.56;11279.63;4903.93;32411.875
2026-06-01T00:30:16.259351+02:00;standby;18.6;27.0;25.0;25.0;49.3;10.0;0;0;1;41;16183.56;11279.63;4903.93;32411.875
2026-06-01T00:31:16.737812+02:00;standby;18.6;27.0;25.0;25.0;49.3;10.0;0;0;1;41;16183.56;11279.63;4903.93;32411.875
2026-06-01T00:32:17.195364+02:00;standby;18.6;27.0;25.0;25.0;49.3;10.0;0;0;1;41;16183.56;11279.63;4903.93;32411.875
2026-06-01T00:33:17.662043+02:00;standby;18.6;27.0;25.0;25.0;49.3;10.0;0;0;1;41;16183.56;11279.63;4903.93;32411.875
2026-06-01T00:34:18.116772+02:00;standby;18.6;27.0;25.0;25.0;49.2;10.0;0;0;1;41;16183.56;11279.63;4903.93;32411.875
2026-06-01T00:35:18.599480+02:00;standby;18.6;27.0;25.0;25.0;49.2;10.0;0;0;1;41;16183.56;11279.63;4903.93;32411.875
2026-06-01T00:36:19.286213+02:00;standby;18.6;27.0;25.0;25.0;49.2;10.0;0;0;1;41;16183.56;11279.63;4903.93;32411.875
2026-06-01T00:37:20.026871+02:00;standby;18.6;27.0;25.0;25.0;49.2;10.0;0;0;1;41;16183.56;11279.63;4903.93;32411.875
2026-06-01T00:38:20.502229+02:00;standby;18.6;27.0;25.0;25.0;49.2;10.0;0;0;1;41;16183.56;11279.63;4903.93;32411.875
2026-06-01T00:39:21.095884+02:00;standby;18.6;27.0;25.0;25.0;49.2;10.0;0;0;1;41;16183.56;11279.63;4903.93;32411.875
2026-06-01T00:40:21.540007+02:00;standby;18.6;27.0;25.0;25.0;49.2;10.0;0;0;1;41;16183.56;11279.63;4903.93;32411.875
2026-06-01T00:41:22.237837+02:00;standby;18.6;27.0;25.0;25.0;49.2;10.0;0;0;1;41;16183.56;11279.63;4903.93;32411.875
2026-06-01T00:42:22.724465+02:00;standby;18.6;27.0;25.0;25.0;49.2;10.0;0;0;1;41;16183.56;11279.63;4903.93;32411.875
2026-06-01T00:43:23.266246+02:00;standby;18.6;26.9;25.0;25.0;49.2;10.0;0;0;1;41;16183.56;11279.63;4903.93;32411.875
2026-06-01T00:44:23.718842+02:00;standby;18.6;26.9;25.0;25.0;49.2;10.0;0;0;1;41;16183.56;11279.63;4903.93;32411.875
2026-06-01T00:45:24.220245+02:00;standby;18.6;26.9;25.0;25.0;49.2;10.0;0;0;1;41;16183.56;11279.63;4903.93;32411.875
2026-06-01T00:46:24.700795+02:00;standby;18.6;26.9;25.0;25.0;49.1;10.0;0;0;1;41;16183.56;11279.63;4903.93;32411.875
2026-06-01T00:47:25.248202+02:00;standby;18.6;26.9;25.0;25.0;49.1;10.0;0;0;1;41;16183.56;11279.63;4903.93;32411.875
2026-06-01T00:48:25.974449+02:00;standby;18.6;26.9;25.0;25.0;49.1;10.0;0;0;1;37;16183.56;11279.63;4903.93;32411.875
2026-06-01T00:49:26.398903+02:00;standby;18.6;26.9;25.0;25.0;49.1;10.0;0;0;1;37;16183.56;11279.63;4903.93;32411.875
2026-06-01T00:50:27.004553+02:00;standby;18.6;26.9;25.0;25.0;49.1;10.0;0;0;1;37;16183.56;11279.63;4903.93;32411.875
2026-06-01T00:51:28.097064+02:00;standby;18.6;26.9;25.0;25.0;49.1;10.0;0;0;1;37;16183.56;11279.63;4903.93;32411.875
2026-06-01T00:52:28.699424+02:00;standby;18.6;26.9;25.0;25.0;49.1;10.0;0;0;1;37;16183.56;11279.63;4903.93;32411.875
2026-06-01T00:53:29.235995+02:00;standby;18.6;26.9;25.0;25.0;49.1;10.0;0;0;1;37;16183.56;11279.63;4903.93;32411.875
2026-06-01T00:54:29.865152+02:00;standby;18.6;26.9;25.0;25.0;49.1;10.0;0;0;1;37;16183.56;11279.63;4903.93;32411.875
2026-06-01T00:55:30.533797+02:00;standby;18.6;26.9;25.0;25.0;49.1;10.0;0;0;1;41;16183.56;11279.63;4903.93;32411.875
2026-06-01T00:56:31.020800+02:00;standby;18.6;26.9;25.0;25.0;49.0;10.0;0;0;1;41;16183.56;11279.63;4903.93;32411.875
2026-06-01T00:57:31.528812+02:00;standby;18.6;26.9;25.0;25.0;49.0;10.0;0;0;1;37;16183.56;11279.63;4903.93;32411.875
2026-06-01T00:58:32.294535+02:00;standby;18.6;26.9;25.0;25.0;49.0;10.0;0;0;1;37;16183.56;11279.63;4903.93;32411.875
2026-06-01T00:59:32.805286+02:00;standby;18.6;26.9;25.0;25.0;49.0;10.0;0;0;1;37;16183.56;11279.63;4903.93;32411.875
2026-06-01T01:00:33.533055+02:00;standby;18.6;26.9;25.0;25.0;49.0;10.0;0;0;1;37;16183.56;11279.63;4903.93;32411.875
2026-06-01T01:01:34.119607+02:00;standby;18.6;26.9;25.0;25.0;49.0;10.0;0;0;1;37;16183.56;11279.63;4903.93;32411.875
2026-06-01T01:02:34.571987+02:00;standby;18.6;26.9;25.0;25.0;49.0;10.0;0;0;1;37;16183.56;11279.63;4903.93;32411.875
2026-06-01T01:03:35.157615+02:00;standby;18.6;26.9;25.0;25.0;49.0;10.0;0;0;1;37;16183.56;11279.63;4903.93;32411.875
2026-06-01T01:04:35.671930+02:00;standby;18.6;26.9;25.0;25.0;49.0;10.0;0;0;1;37;16183.56;11279.63;4903.93;32411.875
2026-06-01T01:05:36.160608+02:00;standby;18.6;26.9;25.0;25.0;49.0;10.0;0;0;1;37;16183.56;11279.63;4903.93;32411.875
2026-06-01T01:06:36.678899+02:00;standby;18.6;26.9;25.0;25.0;48.9;10.0;0;0;1;37;16183.56;11279.63;4903.93;32411.875
2026-06-01T01:07:37.223360+02:00;standby;18.6;26.9;25.0;25.0;48.9;10.0;0;0;1;37;16183.56;11279.63;4903.93;32411.875
2026-06-01T01:08:37.992421+02:00;standby;18.6;26.8;25.0;25.0;48.9;10.0;0;0;1;37;16183.56;11279.63;4903.93;32411.875
2026-06-01T01:09:38.646103+02:00;standby;18.6;26.9;25.0;25.0;48.9;10.0;0;0;1;37;16183.56;11279.63;4903.93;32411.875
2026-06-01T01:10:39.238849+02:00;standby;18.6;26.8;25.0;25.0;48.9;10.0;0;0;1;37;16183.56;11279.63;4903.93;32411.875
2026-06-01T01:11:39.733179+02:00;standby;18.6;26.8;25.0;25.0;48.9;10.0;0;0;1;37;16183.56;11279.63;4903.93;32411.875
2026-06-01T01:12:40.229259+02:00;standby;18.6;26.9;25.0;25.0;48.9;10.0;0;0;1;37;16183.56;11279.63;4903.93;32411.875
2026-06-01T01:13:40.748357+02:00;standby;18.6;26.9;25.0;25.0;48.9;10.0;0;0;1;41;16183.56;11279.63;4903.93;32411.875
2026-06-01T01:14:41.206433+02:00;standby;18.6;26.8;25.0;25.0;48.9;10.0;0;0;1;37;16183.56;11279.63;4903.93;32411.875
2026-06-01T01:15:41.903913+02:00;standby;18.6;26.8;25.0;25.0;48.9;10.0;0;0;1;41;16183.56;11279.63;4903.93;32411.875
2026-06-01T01:16:42.465817+02:00;standby;18.6;26.8;25.0;25.0;48.8;10.0;0;0;1;41;16183.56;11279.63;4903.93;32411.875
2026-06-01T01:17:42.939375+02:00;standby;18.6;26.8;25.0;25.0;48.8;10.0;0;0;1;41;16183.56;11279.63;4903.93;32411.875
2026-06-01T01:18:43.524721+02:00;standby;18.6;26.8;25.0;25.0;48.8;10.0;0;0;1;41;16183.56;11279.63;4903.93;32411.875
2026-06-01T01:19:44.225160+02:00;standby;18.3;26.8;25.0;25.0;48.8;10.0;0;0;1;41;16183.56;11279.63;4903.93;32411.875
2026-06-01T01:20:44.711141+02:00;standby;18.3;26.8;25.0;25.0;48.8;10.0;0;0;1;41;16183.56;11279.63;4903.93;32411.875
2026-06-01T01:21:45.392168+02:00;standby;18.3;26.8;25.0;25.0;48.8;10.0;0;0;1;41;16183.56;11279.63;4903.93;32411.875
2026-06-01T01:22:46.108804+02:00;standby;18.3;26.8;25.0;25.0;48.8;10.0;0;0;1;41;16183.56;11279.63;4903.93;32411.875
2026-06-01T01:23:46.607134+02:00;standby;18.3;26.8;25.0;25.0;48.8;10.0;0;0;1;41;16183.56;11279.63;4903.93;32411.875
2026-06-01T01:24:47.090011+02:00;standby;18.3;26.8;25.0;25.0;48.8;10.0;0;0;1;37;16183.56;11279.63;4903.93;32411.875
2026-06-01T01:25:47.694408+02:00;standby;18.3;26.8;25.0;25.0;48.8;10.0;0;0;1;41;16183.56;11279.63;4903.93;32411.875
2026-06-01T01:26:48.269678+02:00;standby;18.3;26.8;25.0;25.0;48.8;10.0;0;0;1;41;16183.56;11279.63;4903.93;32411.875
2026-06-01T01:27:49.262724+02:00;standby;18.3;26.8;25.0;25.0;48.7;10.0;0;0;1;41;16183.56;11279.63;4903.93;32411.875
2026-06-01T01:28:49.706604+02:00;standby;18.3;26.8;25.0;25.0;48.7;10.0;0;0;1;41;16183.56;11279.63;4903.93;32411.875
2026-06-01T01:29:51.691213+02:00;standby;18.3;26.8;25.0;25.0;48.7;10.0;0;0;1;41;16183.56;11279.63;4903.93;32411.875
2026-06-01T01:30:52.225172+02:00;standby;18.3;26.8;25.0;25.0;48.7;10.0;0;0;1;41;16183.56;11279.63;4903.93;32411.875
2026-06-01T01:31:52.712474+02:00;standby;18.3;26.8;25.0;25.0;48.7;10.0;0;0;1;41;16183.56;11279.63;4903.93;32411.875
2026-06-01T01:32:53.193318+02:00;standby;18.3;26.8;25.0;25.0;48.7;10.0;0;0;1;41;16183.56;11279.63;4903.93;32411.875
2026-06-01T01:33:53.784524+02:00;standby;18.3;26.8;25.0;25.0;48.7;10.0;0;0;1;41;16183.56;11279.63;4903.93;32411.875
2026-06-01T01:34:54.258113+02:00;standby;18.3;26.8;25.0;25.0;48.7;10.0;0;0;1;41;16183.56;11279.63;4903.93;32411.875
2026-06-01T01:35:54.957437+02:00;standby;18.3;26.8;25.0;25.0;48.7;10.0;0;0;1;41;16183.56;11279.63;4903.93;32411.875
2026-06-01T01:36:55.494208+02:00;standby;18.3;26.8;25.0;25.0;48.7;10.0;0;0;1;41;16183.56;11279.63;4903.93;32411.875
2026-06-01T01:37:55.985097+02:00;standby;18.3;26.8;25.0;25.0;48.6;10.0;0;0;1;41;16183.56;11279.63;4903.93;32411.875
2026-06-01T01:38:56.468748+02:00;standby;18.3;26.8;25.0;25.0;48.6;10.0;0;0;1;41;16183.56;11279.63;4903.93;32411.875
2026-06-01T01:39:56.984763+02:00;standby;18.3;26.8;25.0;25.0;48.6;10.0;0;0;1;41;16183.56;11279.63;4903.93;32411.875
2026-06-01T01:40:57.514570+02:00;standby;18.3;26.8;25.0;25.0;48.6;10.0;0;0;1;41;16183.56;11279.63;4903.93;32411.875
2026-06-01T01:41:58.166822+02:00;standby;18.3;26.8;25.0;25.0;48.6;10.0;0;0;1;37;16183.56;11279.63;4903.93;32411.875
2026-06-01T01:42:58.681086+02:00;standby;18.3;26.8;25.0;25.0;48.6;10.0;0;0;1;37;16183.56;11279.63;4903.93;32411.875
2026-06-01T01:43:59.353830+02:00;standby;18.3;26.8;25.0;25.0;48.6;10.0;0;0;1;37;16183.56;11279.63;4903.93;32411.875
2026-06-01T01:44:59.891442+02:00;standby;18.3;26.8;25.0;25.0;48.6;10.0;0;0;1;37;16183.56;11279.63;4903.93;32411.875
2026-06-01T01:46:00.415340+02:00;standby;18.3;26.8;25.0;25.0;48.6;10.0;0;0;1;37;16183.56;11279.63;4903.93;32411.875
2026-06-01T01:47:00.942551+02:00;standby;18.3;26.8;25.0;25.0;48.6;10.0;0;0;1;37;16183.56;11279.63;4903.93;32411.875
2026-06-01T01:48:01.730690+02:00;standby;18.3;26.8;25.0;25.0;48.6;10.0;0;0;1;37;16183.56;11279.63;4903.93;32411.875
2026-06-01T01:49:02.357993+02:00;standby;18.3;26.6;25.0;25.0;48.5;10.0;0;0;1;37;16183.56;11279.63;4903.93;32411.875
2026-06-01T01:50:02.937363+02:00;standby;18.3;26.6;25.0;25.0;48.5;10.0;0;0;1;41;16183.56;11279.63;4903.93;32411.875
2026-06-01T01:51:03.737758+02:00;standby;18.3;26.8;25.0;25.0;48.5;10.0;0;0;1;41;16183.56;11279.63;4903.93;32411.875
2026-06-01T01:52:04.457188+02:00;standby;18.3;26.8;25.0;25.0;48.5;10.0;0;0;1;41;16183.56;11279.63;4903.93;32411.875
2026-06-01T01:53:05.000283+02:00;standby;18.3;26.8;25.0;25.0;48.5;10.0;0;0;1;41;16183.56;11279.63;4903.93;32411.875
2026-06-01T01:54:05.595337+02:00;standby;18.3;26.6;25.0;25.0;48.5;10.0;0;0;1;37;16183.56;11279.63;4903.93;32411.875
2026-06-01T01:55:06.214972+02:00;standby;18.3;26.6;25.0;25.0;48.5;10.0;0;0;1;37;16183.56;11279.63;4903.93;32411.875
2026-06-01T01:56:06.732997+02:00;standby;18.3;26.6;25.0;25.0;48.5;10.0;0;0;1;37;16183.56;11279.63;4903.93;32411.875
2026-06-01T01:57:07.826321+02:00;standby;18.3;26.8;25.0;25.0;48.5;10.0;0;0;1;37;16183.56;11279.63;4903.93;32411.875
2026-06-01T01:58:08.452035+02:00;standby;18.3;26.6;25.0;25.0;48.5;10.0;0;0;1;37;16183.56;11279.63;4903.93;32411.875
2026-06-01T01:59:09.012455+02:00;standby;18.3;26.6;25.0;25.0;48.5;10.0;0;0;1;37;16183.56;11279.63;4903.93;32411.875
2026-06-01T02:00:09.525027+02:00;standby;18.3;26.6;25.0;25.0;48.4;10.0;0;0;1;37;16183.56;11279.63;4903.93;32411.875
2026-06-01T02:01:10.045053+02:00;standby;18.3;26.6;25.0;25.0;48.4;10.0;0;0;1;37;16183.56;11279.63;4903.93;32411.875
2026-06-01T02:02:10.568715+02:00;standby;18.3;26.6;25.0;25.0;48.4;10.0;0;0;1;37;16183.56;11279.63;4903.93;32411.875
2026-06-01T02:03:11.263748+02:00;standby;18.3;26.6;25.0;25.0;48.4;10.0;0;0;1;37;16183.56;11279.63;4903.93;32411.875
2026-06-01T02:04:11.782220+02:00;standby;18.3;26.6;25.0;25.0;48.4;10.0;0;0;1;37;16183.56;11279.63;4903.93;32411.875
2026-06-01T02:05:12.426490+02:00;standby;18.3;26.6;25.0;25.0;48.4;10.0;0;0;1;37;16183.56;11279.63;4903.93;32411.875
2026-06-01T02:06:13.065356+02:00;standby;18.3;26.6;25.0;25.0;48.4;10.0;0;0;1;37;16183.56;11279.63;4903.93;32411.875
2026-06-01T02:07:13.748710+02:00;standby;18.3;26.6;25.0;25.0;48.4;10.0;0;0;1;37;16183.56;11279.63;4903.93;32411.875
2026-06-01T02:08:14.435189+02:00;standby;18.3;26.6;25.0;25.0;48.4;10.0;0;0;1;41;16183.56;11279.63;4903.93;32411.875
2026-06-01T02:09:14.911978+02:00;standby;18.3;26.6;25.0;25.0;48.4;10.0;0;0;1;37;16183.56;11279.63;4903.93;32411.875
2026-06-01T02:10:15.411532+02:00;standby;18.3;26.6;25.0;25.0;48.4;10.0;0;0;1;41;16183.56;11279.63;4903.93;32411.875
2026-06-01T02:11:15.894597+02:00;standby;18.3;26.6;25.0;25.0;48.4;10.0;0;0;1;41;16183.56;11279.63;4903.93;32411.875
2026-06-01T02:12:16.342075+02:00;standby;18.3;26.8;25.0;25.0;48.2;10.0;0;0;1;41;16183.56;11279.63;4903.93;32411.875
2026-06-01T02:13:16.886055+02:00;standby;18.3;26.6;25.0;25.0;48.2;10.0;0;0;1;41;16183.56;11279.63;4903.93;32411.875
2026-06-01T02:14:17.614238+02:00;standby;18.3;26.6;25.0;25.0;48.2;10.0;0;0;1;41;16183.56;11279.63;4903.93;32411.875
2026-06-01T02:15:18.075799+02:00;standby;18.3;26.6;25.0;25.0;48.2;10.0;0;0;1;41;16183.56;11279.63;4903.93;32411.875
2026-06-01T02:16:18.656201+02:00;standby;18.3;26.6;25.0;25.0;48.2;10.0;0;0;1;41;16183.56;11279.63;4903.93;32411.875
2026-06-01T02:17:19.251359+02:00;standby;18.3;26.6;25.0;25.0;48.2;10.0;0;0;1;41;16183.56;11279.63;4903.93;32411.875
2026-06-01T02:18:19.763952+02:00;standby;18.3;26.6;25.0;25.0;48.2;10.0;0;0;1;41;16183.56;11279.63;4903.93;32411.875
2026-06-01T02:19:20.318924+02:00;standby;18.3;26.6;25.0;25.0;48.2;10.0;0;0;1;41;16183.56;11279.63;4903.93;32411.875
2026-06-01T02:20:21.490803+02:00;standby;18.5;26.6;25.0;25.0;48.2;10.0;0;0;1;41;16183.56;11279.63;4903.93;32411.875
2026-06-01T02:21:22.205696+02:00;standby;18.5;26.6;25.0;25.0;48.2;10.0;0;0;1;41;16183.56;11279.63;4903.93;32411.875
2026-06-01T02:22:22.662360+02:00;standby;18.5;26.6;25.0;25.0;48.2;10.0;0;0;1;41;16183.56;11279.63;4903.93;32411.875
2026-06-01T02:23:23.246999+02:00;standby;18.5;26.6;25.0;25.0;48.1;10.0;0;0;1;41;16183.56;11279.63;4903.93;32411.875
2026-06-01T02:24:24.992758+02:00;standby;18.5;26.6;25.0;25.0;48.1;10.0;0;0;1;41;16183.56;11279.63;4903.93;32411.875
2026-06-01T02:25:25.516562+02:00;standby;18.5;26.6;25.0;25.0;48.1;10.0;0;0;1;41;16183.56;11279.63;4903.93;32411.875
2026-06-01T02:26:26.159547+02:00;standby;18.5;26.6;25.0;25.0;48.1;10.0;0;0;1;41;16183.56;11279.63;4903.93;32411.875
2026-06-01T02:27:26.553330+02:00;standby;18.5;26.6;25.0;25.0;48.1;10.0;0;0;1;41;16183.56;11279.63;4903.93;32411.875
2026-06-01T02:28:27.567414+02:00;standby;18.5;26.6;25.0;25.0;48.1;10.0;0;0;1;41;16183.56;11279.63;4903.93;32411.875
2026-06-01T02:29:28.076060+02:00;standby;18.5;26.6;25.0;25.0;48.1;10.0;0;0;1;41;16183.56;11279.63;4903.93;32411.875
2026-06-01T02:30:28.581492+02:00;standby;18.5;26.6;25.0;25.0;48.1;10.0;0;0;1;41;16183.56;11279.63;4903.93;32411.875
2026-06-01T02:31:29.045442+02:00;standby;18.5;26.6;25.0;25.0;48.1;10.0;0;0;1;41;16183.56;11279.63;4903.93;32411.875
2026-06-01T02:32:29.522887+02:00;standby;18.5;26.6;25.0;25.0;48.1;10.0;0;0;1;41;16183.56;11279.63;4903.93;32411.875
2026-06-01T02:33:30.181333+02:00;standby;18.5;26.6;25.0;25.0;48.0;10.0;0;0;1;41;16183.56;11279.63;4903.93;32411.875
2026-06-01T02:34:30.634306+02:00;standby;18.5;26.6;25.0;25.0;48.0;10.0;0;0;1;41;16183.56;11279.63;4903.93;32411.875
2026-06-01T02:35:31.533383+02:00;standby;18.5;26.6;25.0;25.0;48.0;10.0;0;0;1;41;16183.56;11279.63;4903.93;32411.875
2026-06-01T02:36:32.021700+02:00;standby;18.5;26.6;25.0;25.0;48.0;10.0;0;0;1;41;16183.56;11279.63;4903.93;32411.875
2026-06-01T02:37:32.526751+02:00;standby;18.5;26.6;25.0;25.0;48.0;10.0;0;0;1;41;16183.56;11279.63;4903.93;32411.875
2026-06-01T02:38:33.066264+02:00;standby;18.5;26.6;25.0;25.0;48.0;10.0;0;0;1;37;16183.56;11279.63;4903.93;32411.875
2026-06-01T02:39:33.584958+02:00;standby;18.5;26.6;25.0;25.0;48.0;10.0;0;0;1;37;16183.56;11279.63;4903.93;32411.875
2026-06-01T02:40:34.056935+02:00;standby;18.5;26.6;25.0;25.0;48.0;10.0;0;0;1;37;16183.56;11279.63;4903.93;32411.875
2026-06-01T02:41:34.604139+02:00;standby;18.5;26.6;25.0;25.0;48.0;10.0;0;0;1;37;16183.56;11279.63;4903.93;32411.875
2026-06-01T02:42:35.123749+02:00;standby;18.5;26.6;25.0;25.0;48.0;10.0;0;0;1;37;16183.56;11279.63;4903.93;32411.875
2026-06-01T02:43:35.843053+02:00;standby;18.5;26.6;25.0;25.0;48.0;10.0;0;0;1;37;16183.56;11279.63;4903.93;32411.875
2026-06-01T02:44:36.535205+02:00;standby;18.5;26.6;25.0;25.0;48.0;10.0;0;0;1;37;16183.56;11279.63;4903.93;32411.875
2026-06-01T02:45:37.544218+02:00;standby;18.5;26.6;25.0;25.0;47.9;10.0;0;0;1;37;16183.56;11279.63;4903.93;32411.875
2026-06-01T02:46:38.037489+02:00;standby;18.5;26.6;25.0;25.0;47.9;10.0;0;0;1;37;16183.56;11279.63;4903.93;32411.875
2026-06-01T02:47:38.597733+02:00;standby;18.5;26.6;25.0;25.0;47.9;10.0;0;0;1;37;16183.56;11279.63;4903.93;32411.875
2026-06-01T02:48:39.132753+02:00;standby;18.5;26.5;25.0;25.0;47.9;10.0;0;0;1;37;16183.56;11279.63;4903.93;32411.875
2026-06-01T02:49:39.796584+02:00;standby;18.5;26.6;25.0;25.0;47.9;10.0;0;0;1;37;16183.56;11279.63;4903.93;32411.875
2026-06-01T02:50:40.301473+02:00;standby;18.5;26.5;25.0;25.0;47.9;10.0;0;0;1;37;16183.56;11279.63;4903.93;32411.875
2026-06-01T02:51:40.824290+02:00;standby;18.5;26.5;25.0;25.0;47.9;10.0;0;0;1;37;16183.56;11279.63;4903.93;32411.875
2026-06-01T02:52:41.544238+02:00;standby;18.5;26.5;25.0;25.0;47.9;10.0;0;0;1;37;16183.56;11279.63;4903.93;32411.875
2026-06-01T02:53:42.087075+02:00;standby;18.5;26.5;25.0;25.0;47.9;10.0;0;0;1;37;16183.56;11279.63;4903.93;32411.875
2026-06-01T02:54:42.540731+02:00;standby;18.5;26.6;25.0;25.0;47.9;10.0;0;0;1;37;16183.56;11279.63;4903.93;32411.875
2026-06-01T02:55:43.200400+02:00;standby;18.5;26.5;25.0;25.0;47.9;10.0;0;0;1;37;16183.56;11279.63;4903.93;32411.875
2026-06-01T02:56:43.790116+02:00;standby;18.5;26.5;25.0;25.0;47.8;10.0;0;0;1;37;16183.56;11279.63;4903.93;32411.875
2026-06-01T02:57:44.513407+02:00;standby;18.5;26.6;25.0;25.0;47.9;10.0;0;0;1;37;16183.56;11279.63;4903.93;32411.875
2026-06-01T02:58:45.011965+02:00;standby;18.5;26.5;25.0;25.0;47.8;10.0;0;0;1;37;16183.56;11279.63;4903.93;32411.875
2026-06-01T02:59:45.588222+02:00;standby;18.5;26.5;25.0;25.0;47.8;10.0;0;0;1;37;16183.56;11279.63;4903.93;32411.875
2026-06-01T03:00:46.524121+02:00;standby;18.5;26.5;25.0;25.0;47.8;10.0;0;0;1;37;16183.56;11279.63;4903.93;32411.875
2026-06-01T03:01:47.049000+02:00;standby;18.5;26.5;25.0;25.0;47.8;10.0;0;0;1;37;16183.56;11279.63;4903.93;32411.875
2026-06-01T03:02:47.718167+02:00;standby;18.5;26.5;25.0;25.0;47.8;10.0;0;0;1;37;16183.56;11279.63;4903.93;32411.875
2026-06-01T03:03:48.303950+02:00;standby;18.5;26.5;25.0;25.0;47.8;10.0;0;0;1;37;16183.56;11279.63;4903.93;32411.875
2026-06-01T03:04:48.859064+02:00;standby;18.5;26.5;25.0;25.0;47.8;10.0;0;0;1;37;16183.56;11279.63;4903.93;32411.875
2026-06-01T03:05:49.669918+02:00;standby;18.5;26.5;25.0;25.0;47.8;10.0;0;0;1;37;16183.56;11279.63;4903.93;32411.875
2026-06-01T03:06:50.158123+02:00;standby;18.5;26.5;25.0;25.0;47.8;10.0;0;0;1;37;16183.56;11279.63;4903.93;32411.875
2026-06-01T03:07:50.659354+02:00;standby;18.5;26.5;25.0;25.0;47.7;10.0;0;0;1;37;16183.56;11279.63;4903.93;32411.875
2026-06-01T03:08:51.182232+02:00;standby;18.5;26.5;25.0;25.0;47.8;10.0;0;0;1;37;16183.56;11279.63;4903.93;32411.875
2026-06-01T03:09:51.709815+02:00;standby;18.5;26.5;25.0;25.0;47.7;10.0;0;0;1;37;16183.56;11279.63;4903.93;32411.875
2026-06-01T03:10:52.742152+02:00;standby;18.5;26.5;25.0;25.0;47.7;10.0;0;0;1;37;16183.56;11279.63;4903.93;32411.875
2026-06-01T03:11:53.211585+02:00;standby;18.5;26.5;25.0;25.0;47.7;10.0;0;0;1;37;16183.56;11279.63;4903.93;32411.875
2026-06-01T03:12:54.772152+02:00;standby;18.5;26.5;25.0;25.0;47.7;10.0;0;0;1;37;16183.56;11279.63;4903.93;32411.875
2026-06-01T03:13:55.321103+02:00;standby;18.5;26.5;25.0;25.0;47.7;10.0;0;0;1;37;16183.56;11279.63;4903.93;32411.875
2026-06-01T03:14:56.003340+02:00;standby;18.5;26.5;25.0;25.0;47.7;10.0;0;0;1;37;16183.56;11279.63;4903.93;32411.875
2026-06-01T03:15:56.500388+02:00;standby;18.5;26.5;25.0;25.0;47.7;10.0;0;0;1;37;16183.56;11279.63;4903.93;32411.875
2026-06-01T03:16:57.019205+02:00;standby;18.5;26.5;25.0;25.0;47.7;10.0;0;0;1;37;16183.56;11279.63;4903.93;32411.875
2026-06-01T03:17:58.412015+02:00;standby;18.5;26.5;25.0;25.0;47.7;10.0;0;0;1;37;16183.56;11279.63;4903.93;32411.875
2026-06-01T03:18:59.109864+02:00;standby;18.5;26.5;25.0;25.0;47.7;10.0;0;0;1;37;16183.56;11279.63;4903.93;32411.875
2026-06-01T03:19:59.684314+02:00;standby;18.5;26.5;25.0;25.0;47.7;10.0;0;0;1;37;16183.56;11279.63;4903.93;32411.875
2026-06-01T03:21:00.481853+02:00;standby;18.3;26.5;25.0;25.0;47.6;10.0;0;0;1;37;16183.56;11279.63;4903.93;32411.875
2026-06-01T03:22:01.238369+02:00;standby;18.3;26.5;25.0;25.0;47.6;10.0;0;0;1;37;16183.56;11279.63;4903.93;32411.875
2026-06-01T03:23:01.852424+02:00;standby;18.3;26.5;25.0;25.0;47.6;10.0;0;0;1;37;16183.56;11279.63;4903.93;32411.875
2026-06-01T03:24:02.658769+02:00;standby;18.3;26.5;25.0;25.0;47.6;10.0;0;0;1;37;16183.56;11279.63;4903.93;32411.875
2026-06-01T03:25:03.292929+02:00;standby;18.3;26.5;25.0;25.0;47.6;10.0;0;0;1;37;16183.56;11279.63;4903.93;32411.875
2026-06-01T03:26:03.756926+02:00;standby;18.3;26.5;25.0;25.0;47.6;10.0;0;0;1;37;16183.56;11279.63;4903.93;32411.875
2026-06-01T03:27:04.276713+02:00;standby;18.3;26.5;25.0;25.0;47.6;10.0;0;0;1;37;16183.56;11279.63;4903.93;32411.875
2026-06-01T03:28:04.812176+02:00;standby;18.3;26.5;25.0;25.0;47.6;10.0;0;0;1;37;16183.56;11279.63;4903.93;32411.875
2026-06-01T03:29:05.631115+02:00;standby;18.3;26.5;25.0;25.0;47.6;10.0;0;0;1;37;16183.56;11279.63;4903.93;32411.875
2026-06-01T03:30:06.169962+02:00;standby;18.3;26.5;25.0;25.0;47.6;10.0;0;0;1;37;16183.56;11279.63;4903.93;32411.875
2026-06-01T03:31:06.706030+02:00;standby;18.3;26.5;25.0;25.0;47.6;10.0;0;0;1;37;16183.56;11279.63;4903.93;32411.875
2026-06-01T03:32:07.451201+02:00;standby;18.3;26.5;25.0;25.0;47.6;10.0;0;0;1;37;16183.56;11279.63;4903.93;32411.875
2026-06-01T03:33:07.956654+02:00;standby;18.3;26.5;25.0;25.0;47.5;10.0;0;0;1;37;16183.56;11279.63;4903.93;32411.875
2026-06-01T03:34:08.488596+02:00;standby;18.3;26.5;25.0;25.0;47.5;10.0;0;0;1;37;16183.56;11279.63;4903.93;32411.875
2026-06-01T03:35:08.956200+02:00;standby;18.3;26.5;25.0;25.0;47.5;10.0;0;0;1;37;16183.56;11279.63;4903.93;32411.875
2026-06-01T03:36:09.514130+02:00;standby;18.3;26.5;25.0;25.0;47.5;10.0;0;0;1;37;16183.56;11279.63;4903.93;32411.875
2026-06-01T03:37:10.050896+02:00;standby;18.3;26.5;25.0;25.0;47.5;10.0;0;0;1;37;16183.56;11279.63;4903.93;32411.875
2026-06-01T03:38:10.547081+02:00;standby;18.3;26.5;25.0;25.0;47.5;10.0;0;0;1;37;16183.56;11279.63;4903.93;32411.875
2026-06-01T03:39:11.374437+02:00;standby;18.3;26.5;25.0;25.0;47.5;10.0;0;0;1;37;16183.56;11279.63;4903.93;32411.875
2026-06-01T03:40:11.857413+02:00;standby;18.3;26.5;25.0;25.0;47.5;10.0;0;0;1;37;16183.56;11279.63;4903.93;32411.875
2026-06-01T03:41:12.409943+02:00;standby;18.3;26.5;25.0;25.0;47.5;10.0;0;0;1;37;16183.56;11279.63;4903.93;32411.875
2026-06-01T03:42:12.930485+02:00;standby;18.3;26.5;25.0;25.0;47.5;10.0;0;0;1;41;16183.56;11279.63;4903.93;32411.875
2026-06-01T03:43:13.443238+02:00;standby;18.3;26.5;25.0;25.0;47.5;10.0;0;0;1;41;16183.56;11279.63;4903.93;32411.875
2026-06-01T03:44:14.071265+02:00;standby;18.3;26.5;25.0;25.0;47.5;10.0;0;0;1;41;16183.56;11279.63;4903.93;32411.875
2026-06-01T03:45:14.610221+02:00;standby;18.3;26.5;25.0;25.0;47.4;10.0;0;0;1;37;16183.56;11279.63;4903.93;32411.875
2026-06-01T03:46:15.119057+02:00;standby;18.3;26.5;25.0;25.0;47.4;10.0;0;0;1;37;16183.56;11279.63;4903.93;32411.875
2026-06-01T03:47:15.626526+02:00;standby;18.3;26.5;25.0;25.0;47.4;10.0;0;0;1;37;16183.56;11279.63;4903.93;32411.875
2026-06-01T03:48:16.249484+02:00;standby;18.3;26.5;25.0;25.0;47.4;10.0;0;0;1;37;16183.56;11279.63;4903.93;32411.875
2026-06-01T03:49:16.768272+02:00;standby;18.3;26.5;25.0;25.0;47.4;10.0;0;0;1;41;16183.56;11279.63;4903.93;32411.875
2026-06-01T03:50:17.392849+02:00;standby;18.3;26.5;25.0;25.0;47.4;10.0;0;0;1;37;16183.56;11279.63;4903.93;32411.875
2026-06-01T03:51:18.513901+02:00;standby;18.3;26.5;25.0;25.0;47.4;10.0;0;0;1;37;16183.56;11279.63;4903.93;32411.875
2026-06-01T03:52:19.043690+02:00;standby;18.3;26.5;25.0;25.0;47.4;10.0;0;0;1;37;16183.56;11279.63;4903.93;32411.875
2026-06-01T03:53:19.553864+02:00;standby;18.3;26.5;25.0;25.0;47.4;10.0;0;0;1;37;16183.56;11279.63;4903.93;32411.875
2026-06-01T03:54:20.045731+02:00;standby;18.3;26.5;25.0;25.0;47.4;10.0;0;0;1;37;16183.56;11279.63;4903.93;32411.875
2026-06-01T03:55:20.565403+02:00;standby;18.3;26.5;25.0;25.0;47.4;10.0;0;0;1;37;16183.56;11279.63;4903.93;32411.875
2026-06-01T03:56:21.085978+02:00;standby;18.3;26.5;25.0;25.0;47.4;10.0;0;0;1;37;16183.56;11279.63;4903.93;32411.875
2026-06-01T03:57:21.610534+02:00;standby;18.3;26.5;25.0;25.0;47.3;10.0;0;0;1;37;16183.56;11279.63;4903.93;32411.875
2026-06-01T03:58:22.183341+02:00;standby;18.3;26.5;25.0;25.0;47.3;10.0;0;0;1;37;16183.56;11279.63;4903.93;32411.875
2026-06-01T03:59:22.745926+02:00;standby;18.3;26.5;25.0;25.0;47.3;10.0;0;0;1;37;16183.56;11279.63;4903.93;32411.875
2026-06-01T04:00:23.266579+02:00;standby;18.3;26.5;25.0;25.0;47.3;57.0;0;0;1;37;16183.56;11279.63;4903.93;32411.875
2026-06-01T04:01:23.717917+02:00;standby;18.3;26.5;25.0;25.0;47.3;57.0;0;0;1;37;16183.56;11279.63;4903.93;32411.875
2026-06-01T04:02:24.225057+02:00;standby;18.3;26.5;25.0;25.0;47.3;57.0;0;0;1;37;16183.56;11279.63;4903.93;32411.875
2026-06-01T04:03:24.855273+02:00;standby;18.3;26.3;25.0;25.0;47.3;57.0;0;0;1;37;16183.56;11279.63;4903.93;32411.875
2026-06-01T04:04:25.590318+02:00;standby;18.3;26.5;25.0;25.0;47.3;57.0;0;0;1;37;16183.56;11279.63;4903.93;32411.875
2026-06-01T04:05:26.113396+02:00;standby;18.3;26.5;25.0;25.0;47.3;57.0;0;0;1;37;16183.56;11279.63;4903.93;32411.875
2026-06-01T04:06:26.724049+02:00;standby;18.3;26.5;25.0;25.0;47.3;57.0;0;0;1;37;16183.56;11279.63;4903.93;32411.875
2026-06-01T04:07:27.349295+02:00;standby;18.3;26.3;25.0;25.0;47.3;57.0;0;0;1;37;16183.56;11279.63;4903.93;32411.875
2026-06-01T04:08:27.886822+02:00;standby;18.3;26.3;25.0;25.0;47.3;57.0;0;0;1;37;16183.56;11279.63;4903.93;32411.875
2026-06-01T04:09:28.417333+02:00;standby;18.3;26.5;25.0;25.0;47.2;57.0;0;0;1;37;16183.56;11279.63;4903.93;32411.875
2026-06-01T04:10:28.866325+02:00;standby;18.3;26.3;25.0;25.0;47.2;57.0;0;0;1;37;16183.56;11279.63;4903.93;32411.875
2026-06-01T04:11:29.537600+02:00;standby;18.3;26.5;25.0;25.0;47.2;57.0;0;0;1;37;16183.56;11279.63;4903.93;32411.875
2026-06-01T04:12:30.054594+02:00;standby;18.3;26.3;25.0;25.0;47.2;57.0;0;0;1;37;16183.56;11279.63;4903.93;32411.875
2026-06-01T04:13:30.658933+02:00;standby;18.3;26.5;25.0;25.0;47.2;57.0;0;0;1;37;16183.56;11279.63;4903.93;32411.875
2026-06-01T04:14:31.759297+02:00;standby;18.3;26.5;25.0;25.0;47.2;57.0;0;0;1;41;16183.56;11279.63;4903.93;32411.875
2026-06-01T04:15:32.326876+02:00;standby;18.3;26.3;25.0;25.0;47.2;57.0;0;0;1;41;16183.56;11279.63;4903.93;32411.875
2026-06-01T04:16:32.843427+02:00;standby;18.3;26.3;25.0;25.0;47.2;57.0;0;0;1;41;16183.56;11279.63;4903.93;32411.875
2026-06-01T04:17:33.368320+02:00;standby;18.3;26.3;25.0;25.0;47.2;57.0;0;0;1;41;16183.56;11279.63;4903.93;32411.875
2026-06-01T04:18:34.411528+02:00;standby;18.3;26.3;25.0;25.0;47.2;57.0;0;0;1;41;16183.56;11279.63;4903.93;32411.875
2026-06-01T04:19:34.912986+02:00;standby;18.3;26.5;25.0;25.0;47.2;57.0;0;0;1;37;16183.56;11279.63;4903.93;32411.875
2026-06-01T04:20:35.690368+02:00;standby;18.3;26.3;25.0;25.0;47.1;57.0;0;0;1;37;16183.56;11279.63;4903.93;32411.875
2026-06-01T04:21:37.091121+02:00;standby;18.2;26.5;25.0;25.0;47.1;57.0;0;0;1;37;16183.56;11279.63;4903.93;32411.875
2026-06-01T04:22:38.000682+02:00;standby;18.2;26.3;25.0;25.0;47.1;57.0;0;0;1;37;16183.56;11279.63;4903.93;32411.875
2026-06-01T04:23:38.535053+02:00;standby;18.2;26.3;25.0;25.0;47.1;57.0;0;0;1;37;16183.56;11279.63;4903.93;32411.875
2026-06-01T04:24:39.046886+02:00;standby;18.2;26.3;25.0;25.0;47.1;57.0;0;0;1;37;16183.56;11279.63;4903.93;32411.875
2026-06-01T04:25:39.663132+02:00;standby;18.2;26.3;25.0;25.0;47.1;57.0;0;0;1;37;16183.56;11279.63;4903.93;32411.875
2026-06-01T04:26:40.186859+02:00;standby;18.2;26.3;25.0;25.0;47.1;57.0;0;0;1;37;16183.56;11279.63;4903.93;32411.875
2026-06-01T04:27:40.765683+02:00;standby;18.2;26.5;25.0;25.0;47.1;57.0;0;0;1;37;16183.56;11279.63;4903.93;32411.875
2026-06-01T04:28:41.226439+02:00;standby;18.2;26.5;25.0;25.0;47.1;57.0;0;0;1;37;16183.56;11279.63;4903.93;32411.875
2026-06-01T04:29:41.811729+02:00;standby;18.2;26.3;25.0;25.0;47.1;57.0;0;0;1;37;16183.56;11279.63;4903.93;32411.875
2026-06-01T04:30:42.351048+02:00;standby;18.2;26.3;25.0;25.0;47.1;57.0;0;0;1;37;16183.56;11279.63;4903.93;32411.875
2026-06-01T04:31:42.888679+02:00;standby;18.2;26.3;25.0;25.0;47.0;57.0;0;0;1;41;16183.56;11279.63;4903.93;32411.875
2026-06-01T04:32:43.391732+02:00;standby;18.2;26.3;25.0;25.0;47.0;57.0;0;0;1;37;16183.56;11279.63;4903.93;32411.875
2026-06-01T04:33:44.042737+02:00;standby;18.2;26.3;25.0;25.0;47.1;57.0;0;0;1;37;16183.56;11279.63;4903.93;32411.875
2026-06-01T04:34:44.563571+02:00;standby;18.2;26.3;25.0;25.0;47.0;57.0;0;0;1;41;16183.56;11279.63;4903.93;32411.875
2026-06-01T04:35:45.294209+02:00;standby;18.2;26.3;25.0;25.0;47.0;57.0;0;0;1;41;16183.56;11279.63;4903.93;32411.875
2026-06-01T04:36:45.797192+02:00;standby;18.2;26.3;25.0;25.0;47.0;57.0;0;0;1;41;16183.56;11279.63;4903.93;32411.875
2026-06-01T04:37:46.311894+02:00;standby;18.2;26.3;25.0;25.0;47.0;57.0;0;0;1;41;16183.56;11279.63;4903.93;32411.875
2026-06-01T04:38:46.831484+02:00;standby;18.2;26.3;25.0;25.0;47.0;57.0;0;0;1;41;16183.56;11279.63;4903.93;32411.875
2026-06-01T04:39:47.443954+02:00;standby;18.2;26.3;25.0;25.0;47.0;57.0;0;0;1;37;16183.56;11279.63;4903.93;32411.875
2026-06-01T04:40:47.967013+02:00;standby;18.2;26.3;25.0;25.0;47.0;57.0;0;0;1;37;16183.56;11279.63;4903.93;32411.875
2026-06-01T04:41:48.548052+02:00;dhw;18.2;26.5;85.0;25.0;47.0;57.0;1;59;1;41;16183.56;11279.63;4903.93;32411.875
2026-06-01T04:41:59.257267+02:00;dhw;18.2;33.2;85.0;25.0;47.0;57.0;1;33;1;41;16183.58;11279.63;4903.95;32411.875
2026-06-01T04:42:09.899105+02:00;dhw;18.2;36.8;85.0;25.0;47.0;57.0;1;23;1;100;16183.59;11279.63;4903.96;32411.875
2026-06-01T04:42:20.733060+02:00;dhw;18.2;36.0;85.0;25.0;46.9;57.0;1;23;1;100;16183.6;11279.63;4903.97;32411.875
2026-06-01T04:42:31.288577+02:00;dhw;18.2;37.5;85.0;25.0;46.9;57.0;1;23;1;100;16183.61;11279.63;4903.98;32411.875
2026-06-01T04:42:42.591928+02:00;dhw;18.2;37.2;85.0;25.0;46.8;57.0;1;23;1;100;16183.61;11279.63;4903.99;32411.875
2026-06-01T04:42:53.241572+02:00;dhw;18.2;37.4;85.0;25.0;46.7;57.0;1;23;1;100;16183.62;11279.63;4904.0;32411.875
2026-06-01T04:43:03.863569+02:00;dhw;18.2;37.2;85.0;25.0;46.7;57.0;1;23;1;100;16183.63;11279.63;4904.0;32411.875
2026-06-01T04:43:14.808003+02:00;dhw;18.2;38.0;85.0;25.0;46.6;57.0;1;23;1;100;16183.64;11279.63;4904.01;32411.875
2026-06-01T04:43:25.574412+02:00;dhw;18.2;39.0;85.0;25.0;46.5;57.0;1;23;1;100;16183.66;11279.63;4904.03;32411.875
2026-06-01T04:43:36.332119+02:00;dhw;18.2;39.8;85.0;25.0;46.3;57.0;1;29;1;100;16183.67;11279.63;4904.04;32411.875
2026-06-01T04:43:46.880992+02:00;dhw;18.2;41.0;85.0;25.0;46.2;57.0;1;40;1;100;16183.68;11279.63;4904.05;32411.875
2026-06-01T04:43:57.806572+02:00;dhw;18.2;42.3;85.0;25.0;46.1;57.0;1;50;1;100;16183.7;11279.63;4904.07;32411.875
2026-06-01T04:44:08.732472+02:00;dhw;18.2;44.4;85.0;25.0;46.0;57.0;1;61;1;100;16183.72;11279.63;4904.09;32411.875
2026-06-01T04:44:19.332459+02:00;dhw;18.2;46.1;85.0;25.0;46.0;57.0;1;72;1;100;16183.74;11279.63;4904.11;32411.875
2026-06-01T04:44:30.204840+02:00;dhw;18.2;48.1;85.0;25.0;45.9;57.0;1;82;1;100;16183.77;11279.63;4904.14;32411.875
2026-06-01T04:44:40.927430+02:00;dhw;18.2;51.0;85.0;25.0;45.9;57.0;1;96;1;100;16183.82;11279.63;4904.19;32411.875
2026-06-01T04:44:51.585793+02:00;dhw;18.2;53.1;85.0;25.0;45.8;57.0;1;106;1;100;16183.85;11279.63;4904.22;32411.875
2026-06-01T04:45:02.152800+02:00;dhw;18.2;56.0;85.0;25.0;45.8;57.0;1;108;1;100;16183.9;11279.63;4904.27;32411.875
2026-06-01T04:45:12.769787+02:00;dhw;18.2;58.0;85.0;25.0;45.7;57.0;1;108;1;100;16183.94;11279.63;4904.31;32411.875
2026-06-01T04:45:23.740420+02:00;dhw;18.2;60.0;85.0;25.0;45.7;57.0;1;108;1;100;16183.98;11279.63;4904.35;32411.875
2026-06-01T04:45:34.586893+02:00;dhw;18.2;62.0;85.0;25.0;45.7;57.0;1;108;1;100;16184.03;11279.63;4904.4;32411.875
2026-06-01T04:45:45.248371+02:00;dhw;18.2;64.2;85.0;25.0;45.7;57.0;1;108;1;100;16184.09;11279.63;4904.46;32411.875
2026-06-01T04:45:55.889764+02:00;dhw;18.2;65.4;85.0;25.0;45.8;57.0;1;108;1;100;16184.13;11279.63;4904.5;32411.875
2026-06-01T04:46:06.446204+02:00;dhw;18.2;66.5;85.0;25.0;45.8;57.0;1;108;1;100;16184.17;11279.63;4904.54;32411.875
2026-06-01T04:46:17.558343+02:00;dhw;18.2;67.4;85.0;25.0;46.0;57.0;1;108;1;100;16184.21;11279.63;4904.59;32411.875
2026-06-01T04:46:28.161045+02:00;dhw;18.2;68.1;85.0;25.0;46.1;57.0;1;108;1;100;16184.25;11279.63;4904.63;32411.875
2026-06-01T04:46:39.212608+02:00;dhw;18.2;69.1;85.0;25.0;46.2;57.0;1;108;1;100;16184.31;11279.63;4904.68;32411.875
2026-06-01T04:46:49.861595+02:00;dhw;18.2;69.5;85.0;25.0;46.4;57.0;1;108;1;100;16184.34;11279.63;4904.71;32411.875
2026-06-01T04:47:00.568341+02:00;dhw;18.2;70.0;85.0;25.0;46.5;57.0;1;108;1;100;16184.38;11279.63;4904.75;32411.875
2026-06-01T04:47:11.150450+02:00;dhw;18.2;70.6;85.0;25.0;46.5;57.0;1;108;1;100;16184.42;11279.63;4904.8;32411.975
2026-06-01T04:47:21.701829+02:00;dhw;18.2;71.0;85.0;25.0;46.9;57.0;1;108;1;100;16184.46;11279.63;4904.84;32411.975
2026-06-01T04:47:32.245149+02:00;dhw;18.2;71.4;85.0;25.0;47.0;57.0;1;108;1;100;16184.51;11279.63;4904.88;32411.975
2026-06-01T04:47:42.905157+02:00;dhw;18.2;72.1;85.0;25.0;47.2;57.0;1;108;1;100;16184.58;11279.63;4904.95;32411.975
2026-06-01T04:47:53.743604+02:00;dhw;18.2;72.1;85.0;25.0;47.4;57.0;1;108;1;100;16184.59;11279.63;4904.96;32411.975
2026-06-01T04:48:04.315560+02:00;dhw;18.2;72.5;85.0;25.0;47.6;57.0;1;108;1;100;16184.63;11279.63;4905.0;32411.975
2026-06-01T04:48:15.258659+02:00;dhw;18.2;73.0;85.0;25.0;48.0;57.0;1;108;1;100;16184.71;11279.63;4905.08;32411.975
2026-06-01T04:48:25.822438+02:00;dhw;18.2;73.3;85.0;25.0;48.2;57.0;1;108;1;100;16184.76;11279.63;4905.13;32411.975
2026-06-01T04:48:36.491195+02:00;dhw;18.2;73.6;85.0;25.0;48.5;57.0;1;108;1;100;16184.8;11279.63;4905.17;32411.975
2026-06-01T04:48:47.105946+02:00;dhw;18.2;73.9;85.0;25.0;48.7;57.0;1;108;1;100;16184.84;11279.63;4905.21;32411.975
2026-06-01T04:48:57.954346+02:00;dhw;18.2;74.2;85.0;25.0;48.9;57.0;1;108;1;100;16184.88;11279.63;4905.25;32411.975
2026-06-01T04:49:08.540465+02:00;dhw;18.2;74.5;85.0;25.0;49.0;57.0;1;108;1;100;16184.93;11279.63;4905.3;32411.975
2026-06-01T04:49:19.068002+02:00;dhw;18.2;74.6;85.0;25.0;49.2;57.0;1;108;1;100;16184.97;11279.63;4905.34;32411.975
2026-06-01T04:49:31.757372+02:00;dhw;18.2;74.9;85.0;25.0;49.4;57.0;1;108;1;100;16185.02;11279.63;4905.39;32411.975
2026-06-01T04:49:43.746311+02:00;dhw;18.2;75.1;85.0;25.0;49.5;57.0;1;108;1;100;16185.05;11279.63;4905.42;32411.975
2026-06-01T04:49:54.273604+02:00;dhw;18.2;75.4;85.0;25.0;49.8;57.0;1;108;1;100;16185.09;11279.63;4905.46;32411.975
2026-06-01T04:50:04.829478+02:00;dhw;18.2;75.8;85.0;25.0;49.8;57.0;1;108;1;100;16185.18;11279.63;4905.55;32411.975
2026-06-01T04:50:17.892203+02:00;dhw;18.2;76.1;85.0;25.0;50.1;57.0;1;108;1;100;16185.22;11279.63;4905.59;32411.975
2026-06-01T04:50:28.474088+02:00;dhw;18.2;76.2;85.0;25.0;50.2;57.0;1;108;1;100;16185.26;11279.63;4905.63;32411.975
2026-06-01T04:50:39.304790+02:00;dhw;18.2;76.5;85.0;25.0;50.4;57.0;1;108;1;100;16185.3;11279.63;4905.68;32411.975
2026-06-01T04:50:49.867776+02:00;dhw;18.2;76.7;85.0;25.0;50.5;57.0;1;108;1;100;16185.34;11279.63;4905.71;32411.975
2026-06-01T04:51:00.654723+02:00;dhw;18.2;77.0;85.0;25.0;50.6;57.0;1;108;1;100;16185.39;11279.63;4905.76;32411.975
2026-06-01T04:51:11.267746+02:00;dhw;18.2;77.1;85.0;25.0;50.8;57.0;1;108;1;100;16185.43;11279.63;4905.8;32412.074
2026-06-01T04:51:21.830196+02:00;dhw;18.2;77.3;85.0;25.0;50.9;57.0;1;108;1;100;16185.47;11279.63;4905.84;32412.074
2026-06-01T04:51:33.694785+02:00;dhw;18.2;77.6;85.0;25.0;51.1;57.0;1;108;1;100;16185.51;11279.63;4905.88;32412.074
2026-06-01T04:51:44.264972+02:00;dhw;18.2;77.9;85.0;25.0;51.4;57.0;1;108;1;100;16185.59;11279.63;4905.97;32412.074
2026-06-01T04:51:54.831726+02:00;dhw;18.2;78.0;85.0;25.0;51.6;57.0;1;108;1;100;16185.64;11279.63;4906.01;32412.074
2026-06-01T04:52:05.470727+02:00;dhw;18.2;78.3;85.0;25.0;51.6;57.0;1;108;1;100;16185.68;11279.63;4906.05;32412.074
2026-06-01T04:52:16.101917+02:00;dhw;18.2;78.5;85.0;25.0;51.8;57.0;1;108;1;100;16185.72;11279.63;4906.09;32412.074
2026-06-01T04:52:26.690324+02:00;dhw;18.2;78.6;85.0;25.0;52.0;57.0;1;108;1;100;16185.76;11279.63;4906.13;32412.074
2026-06-01T04:52:37.739663+02:00;dhw;18.2;79.0;85.0;25.0;52.1;57.0;1;108;1;100;16185.81;11279.63;4906.18;32412.074
2026-06-01T04:52:48.370561+02:00;dhw;18.2;79.1;85.0;25.0;52.2;57.0;1;108;1;100;16185.85;11279.63;4906.22;32412.074
2026-06-01T04:52:59.023869+02:00;dhw;18.2;79.3;85.0;25.0;52.4;57.0;1;108;1;100;16185.89;11279.63;4906.26;32412.074
2026-06-01T04:53:09.574863+02:00;dhw;18.2;79.5;85.0;25.0;52.5;57.0;1;108;1;100;16185.93;11279.63;4906.3;32412.074
2026-06-01T04:53:20.116367+02:00;dhw;18.2;79.6;85.0;25.0;52.7;57.0;1;108;1;100;16185.97;11279.63;4906.34;32412.074
2026-06-01T04:53:30.749391+02:00;dhw;18.2;79.8;85.0;25.0;52.9;57.0;1;108;1;100;16186.01;11279.63;4906.38;32412.074
2026-06-01T04:53:41.322720+02:00;dhw;18.2;80.1;85.0;25.0;53.1;57.0;1;108;1;100;16186.05;11279.63;4906.43;32412.074
2026-06-01T04:53:52.160962+02:00;dhw;18.2;80.3;85.0;25.0;53.3;57.0;1;108;1;100;16186.1;11279.63;4906.47;32412.074
2026-06-01T04:54:03.107259+02:00;dhw;18.2;80.4;85.0;25.0;53.4;57.0;1;108;1;100;16186.14;11279.63;4906.51;32412.074
2026-06-01T04:54:13.749130+02:00;dhw;18.2;80.7;85.0;25.0;53.6;57.0;1;108;1;100;16186.22;11279.63;4906.59;32412.074
2026-06-01T04:54:24.380922+02:00;dhw;18.2;80.9;85.0;25.0;53.9;57.0;1;108;1;100;16186.26;11279.63;4906.64;32412.074
2026-06-01T04:54:34.952849+02:00;dhw;18.2;81.1;85.0;25.0;54.0;57.0;1;108;1;100;16186.31;11279.63;4906.68;32412.074
2026-06-01T04:54:45.596991+02:00;dhw;18.2;81.2;85.0;25.0;54.2;57.0;1;108;1;100;16186.35;11279.63;4906.72;32412.074
2026-06-01T04:54:56.158791+02:00;dhw;18.2;81.4;85.0;25.0;54.4;57.0;1;108;1;100;16186.39;11279.63;4906.76;32412.074
2026-06-01T04:55:06.843957+02:00;dhw;18.2;81.7;85.0;25.0;54.6;57.0;1;108;1;100;16186.43;11279.63;4906.8;32412.174
2026-06-01T04:55:17.782182+02:00;dhw;18.2;81.7;85.0;25.0;54.7;57.0;1;108;1;100;16186.47;11279.63;4906.84;32412.174
2026-06-01T04:55:28.417567+02:00;dhw;18.2;82.0;85.0;25.0;54.9;57.0;1;108;1;100;16186.52;11279.63;4906.89;32412.174
2026-06-01T04:55:39.079577+02:00;dhw;18.2;82.2;85.0;25.0;55.2;57.0;1;108;1;100;16186.56;11279.63;4906.93;32412.174
2026-06-01T04:55:49.808285+02:00;dhw;18.2;82.4;85.0;25.0;55.3;57.0;1;108;1;100;16186.6;11279.63;4906.97;32412.174
2026-06-01T04:56:00.479674+02:00;dhw;18.2;82.5;85.0;25.0;55.5;57.0;1;108;1;100;16186.64;11279.63;4907.01;32412.174
2026-06-01T04:56:11.105880+02:00;dhw;18.2;82.7;85.0;25.0;55.8;57.0;1;108;1;100;16186.68;11279.63;4907.05;32412.174
2026-06-01T04:56:21.673674+02:00;dhw;18.2;83.0;85.0;25.0;55.9;57.0;1;108;1;100;16186.74;11279.63;4907.11;32412.174
2026-06-01T04:56:32.347825+02:00;dhw;18.2;83.0;85.0;25.0;56.1;57.0;1;108;1;100;16186.77;11279.63;4907.14;32412.174
2026-06-01T04:56:43.178816+02:00;dhw;18.2;83.4;85.0;25.0;56.5;57.0;1;108;1;100;16186.85;11279.63;4907.22;32412.174
2026-06-01T04:56:53.840473+02:00;dhw;18.2;83.5;85.0;25.0;56.7;57.0;1;108;1;100;16186.89;11279.63;4907.26;32412.174
2026-06-01T04:57:04.485644+02:00;dhw;18.2;83.7;85.0;25.0;56.8;57.0;1;108;1;100;16186.94;11279.63;4907.31;32412.174
2026-06-01T04:57:15.308993+02:00;standby;18.2;83.8;85.0;25.0;57.2;57.0;0;0;1;100;16186.95;11279.63;4907.33;32412.174
2026-06-01T04:57:25.854844+02:00;standby;18.2;82.9;85.0;25.0;57.3;57.0;0;0;1;100;16186.95;11279.63;4907.33;32412.174
2026-06-01T04:57:36.337272+02:00;standby;18.2;80.8;85.0;25.0;57.6;57.0;0;0;1;100;16186.95;11279.63;4907.33;32412.174
2026-06-01T04:57:46.865865+02:00;standby;18.2;77.7;85.0;25.0;57.7;57.0;0;0;1;100;16186.95;11279.63;4907.33;32412.174
2026-06-01T04:57:57.599027+02:00;standby;18.2;75.8;85.0;25.0;57.9;57.0;0;0;1;100;16186.95;11279.63;4907.33;32412.174
2026-06-01T04:58:08.536547+02:00;standby;18.2;73.7;25.0;25.0;58.1;57.0;0;0;1;10;16186.95;11279.63;4907.33;32412.174
2026-06-01T04:59:09.190843+02:00;standby;18.2;70.9;25.0;25.0;58.8;57.0;0;0;1;37;16186.95;11279.63;4907.33;32412.174
2026-06-01T05:00:09.703037+02:00;standby;18.2;51.8;25.0;25.0;59.4;57.0;0;0;1;37;16186.95;11279.63;4907.33;32412.174
2026-06-01T05:01:10.219074+02:00;standby;18.2;40.9;25.0;25.0;59.6;57.0;0;0;1;37;16186.95;11279.63;4907.33;32412.174
2026-06-01T05:02:10.711155+02:00;standby;18.2;35.3;25.0;25.0;59.6;57.0;0;0;1;37;16186.95;11279.63;4907.33;32412.174
2026-06-01T05:03:11.101968+02:00;standby;18.2;31.7;25.0;25.0;59.7;57.0;0;0;1;37;16186.95;11279.63;4907.33;32412.174
2026-06-01T05:04:11.582198+02:00;standby;18.2;30.2;25.0;25.0;59.7;57.0;0;0;1;37;16186.95;11279.63;4907.33;32412.174
2026-06-01T05:05:12.093931+02:00;standby;18.2;29.3;25.0;25.0;59.7;57.0;0;0;1;37;16186.95;11279.63;4907.33;32412.174
2026-06-01T05:06:12.552558+02:00;standby;18.2;28.7;25.0;25.0;59.7;57.0;0;0;1;37;16186.95;11279.63;4907.33;32412.174
2026-06-01T05:07:13.026293+02:00;standby;18.2;28.3;25.0;25.0;59.7;57.0;0;0;1;37;16186.95;11279.63;4907.33;32412.174
2026-06-01T05:08:13.489876+02:00;standby;18.2;28.3;25.0;25.0;59.7;57.0;0;0;1;37;16186.95;11279.63;4907.33;32412.174
2026-06-01T05:09:14.035945+02:00;standby;18.2;29.0;25.0;25.0;59.7;57.0;0;0;1;37;16186.95;11279.63;4907.33;32412.174
2026-06-01T05:10:14.531785+02:00;standby;18.2;30.1;25.0;25.0;59.7;57.0;0;0;1;37;16186.95;11279.63;4907.33;32412.174
2026-06-01T05:11:15.445232+02:00;standby;18.2;31.2;25.0;25.0;59.7;57.0;0;0;1;37;16186.95;11279.63;4907.33;32412.174
2026-06-01T05:12:17.511021+02:00;standby;18.2;32.0;25.0;25.0;59.7;57.0;0;0;1;37;16186.95;11279.63;4907.33;32412.174
2026-06-01T05:13:18.001174+02:00;standby;18.2;32.5;25.0;25.0;59.7;57.0;0;0;1;37;16186.95;11279.63;4907.33;32412.174
2026-06-01T05:14:18.615924+02:00;standby;18.2;32.6;25.0;25.0;59.7;57.0;0;0;1;37;16186.95;11279.63;4907.33;32412.174
2026-06-01T05:15:19.105014+02:00;standby;18.2;32.6;25.0;25.0;59.7;57.0;0;0;1;37;16186.95;11279.63;4907.33;32412.174
2026-06-01T05:16:19.966368+02:00;standby;18.2;32.5;25.0;25.0;59.7;57.0;0;0;1;37;16186.95;11279.63;4907.33;32412.174
2026-06-01T05:17:20.518524+02:00;standby;18.2;32.1;25.0;25.0;59.7;57.0;0;0;1;37;16186.95;11279.63;4907.33;32412.174
2026-06-01T05:18:20.971669+02:00;standby;18.2;31.7;25.0;25.0;59.7;57.0;0;0;1;37;16186.95;11279.63;4907.33;32412.174
2026-06-01T05:19:21.425709+02:00;standby;18.2;31.4;25.0;25.0;59.7;57.0;0;0;1;37;16186.95;11279.63;4907.33;32412.174
2026-06-01T05:20:22.110359+02:00;standby;18.2;31.0;25.0;25.0;59.7;57.0;0;0;1;37;16186.95;11279.63;4907.33;32412.174
2026-06-01T05:21:22.624149+02:00;standby;18.2;30.7;25.0;25.0;59.7;57.0;0;0;1;37;16186.95;11279.63;4907.33;32412.174
2026-06-01T05:22:23.600859+02:00;standby;17.4;30.5;25.0;25.0;59.7;57.0;0;0;1;37;16186.95;11279.63;4907.33;32412.174
2026-06-01T05:23:24.177506+02:00;standby;17.4;30.4;25.0;25.0;59.7;57.0;0;0;1;37;16186.95;11279.63;4907.33;32412.174
2026-06-01T05:24:24.647989+02:00;standby;17.4;30.2;25.0;25.0;59.6;57.0;0;0;1;37;16186.95;11279.63;4907.33;32412.174
2026-06-01T05:25:25.367574+02:00;standby;17.4;30.2;25.0;25.0;59.6;57.0;0;0;1;37;16186.95;11279.63;4907.33;32412.174
2026-06-01T05:26:25.863996+02:00;standby;17.4;30.2;25.0;25.0;59.6;57.0;0;0;1;37;16186.95;11279.63;4907.33;32412.174
2026-06-01T05:27:26.386569+02:00;standby;17.4;30.4;25.0;25.0;59.6;57.0;0;0;1;37;16186.95;11279.63;4907.33;32412.174
2026-06-01T05:28:26.847849+02:00;standby;17.4;30.4;25.0;25.0;59.6;57.0;0;0;1;37;16186.95;11279.63;4907.33;32412.174
2026-06-01T05:29:27.414546+02:00;standby;17.4;30.4;25.0;25.0;59.6;57.0;0;0;1;41;16186.95;11279.63;4907.33;32412.174
2026-06-01T05:30:28.657505+02:00;standby;17.4;30.4;25.0;25.0;59.6;57.0;0;0;1;41;16186.95;11279.63;4907.33;32412.174
2026-06-01T05:31:29.153557+02:00;standby;17.4;30.4;32.0;32.0;59.6;57.0;0;0;1;41;16186.95;11279.63;4907.33;32412.174
2026-06-01T05:32:29.670895+02:00;standby;17.4;30.4;32.0;32.0;59.6;57.0;0;0;1;41;16186.95;11279.63;4907.33;32412.174
2026-06-01T05:33:30.192486+02:00;standby;17.4;30.2;32.0;32.0;59.6;57.0;0;0;1;41;16186.95;11279.63;4907.33;32412.174
2026-06-01T05:34:30.674721+02:00;standby;17.4;30.2;32.0;32.0;59.6;57.0;0;0;1;41;16186.95;11279.63;4907.33;32412.174
2026-06-01T05:35:31.149251+02:00;standby;17.4;30.1;32.0;32.0;59.5;57.0;0;0;1;41;16186.95;11279.63;4907.33;32412.174
2026-06-01T05:36:31.751126+02:00;standby;17.4;30.0;32.0;32.0;59.5;57.0;0;0;1;37;16186.95;11279.63;4907.33;32412.174
2026-06-01T05:37:32.304905+02:00;standby;17.4;30.0;32.0;32.0;59.5;57.0;0;0;1;37;16186.95;11279.63;4907.33;32412.174
2026-06-01T05:38:32.913157+02:00;standby;17.4;29.9;32.0;32.0;59.5;57.0;0;0;1;37;16186.95;11279.63;4907.33;32412.174
2026-06-01T05:39:33.429298+02:00;standby;17.4;29.9;32.0;32.0;59.5;57.0;0;0;1;37;16186.95;11279.63;4907.33;32412.174
2026-06-01T05:40:33.894337+02:00;standby;17.4;29.7;32.0;32.0;59.5;57.0;0;0;1;37;16186.95;11279.63;4907.33;32412.174
2026-06-01T05:41:34.612969+02:00;standby;17.4;29.7;32.0;32.0;59.5;57.0;0;0;1;37;16186.95;11279.63;4907.33;32412.174
2026-06-01T05:42:35.232213+02:00;standby;17.4;29.6;32.0;32.0;59.5;57.0;0;0;1;37;16186.95;11279.63;4907.33;32412.174
2026-06-01T05:43:35.745104+02:00;standby;17.4;29.6;32.0;32.0;59.5;57.0;0;0;1;37;16186.95;11279.63;4907.33;32412.174
2026-06-01T05:44:36.259654+02:00;standby;17.4;29.6;32.0;33.0;59.5;57.0;0;0;1;37;16186.95;11279.63;4907.33;32412.174
2026-06-01T05:45:37.053046+02:00;standby;17.4;29.4;33.0;33.0;59.5;57.0;0;0;1;41;16186.95;11279.63;4907.33;32412.174
2026-06-01T05:46:37.589943+02:00;standby;17.4;29.4;33.0;33.0;59.5;57.0;0;0;1;41;16186.95;11279.63;4907.33;32412.174
2026-06-01T05:47:38.911343+02:00;standby;17.4;29.4;33.0;33.0;59.4;57.0;0;0;1;41;16186.95;11279.63;4907.33;32412.174
2026-06-01T05:48:39.413820+02:00;standby;17.4;29.4;33.0;33.0;59.4;57.0;0;0;1;41;16186.95;11279.63;4907.33;32412.174
2026-06-01T05:49:39.831928+02:00;standby;17.4;29.3;33.0;33.0;59.4;57.0;0;0;1;41;16186.95;11279.63;4907.33;32412.174
2026-06-01T05:50:40.368820+02:00;standby;17.4;29.3;33.0;33.0;59.4;57.0;0;0;1;41;16186.95;11279.63;4907.33;32412.174
2026-06-01T05:51:40.831581+02:00;standby;17.4;29.3;33.0;33.0;59.4;57.0;0;0;1;41;16186.95;11279.63;4907.33;32412.174
2026-06-01T05:52:41.489897+02:00;standby;17.4;29.2;33.0;33.0;59.4;57.0;0;0;1;41;16186.95;11279.63;4907.33;32412.174
2026-06-01T05:53:42.135854+02:00;standby;17.4;29.2;33.0;33.0;59.4;57.0;0;0;1;37;16186.95;11279.63;4907.33;32412.174
2026-06-01T05:54:42.671156+02:00;standby;17.4;29.0;33.0;33.0;59.4;57.0;0;0;1;37;16186.95;11279.63;4907.33;32412.174
2026-06-01T05:55:43.121120+02:00;standby;17.4;29.0;33.0;33.0;59.4;57.0;0;0;1;37;16186.95;11279.63;4907.33;32412.174
2026-06-01T05:56:43.532829+02:00;standby;17.4;29.0;33.0;33.0;59.4;57.0;0;0;1;37;16186.95;11279.63;4907.33;32412.174
2026-06-01T05:57:44.047602+02:00;standby;17.4;29.0;33.0;33.0;59.4;57.0;0;0;1;37;16186.95;11279.63;4907.33;32412.174
2026-06-01T05:58:44.551443+02:00;standby;17.4;28.9;33.0;33.0;59.4;57.0;0;0;1;37;16186.95;11279.63;4907.33;32412.174
2026-06-01T05:59:45.658418+02:00;standby;17.4;28.9;33.0;33.0;59.4;57.0;0;0;1;37;16186.95;11279.63;4907.33;32412.174
2026-06-01T06:00:46.173927+02:00;standby;17.4;28.9;33.0;33.0;59.3;57.0;0;0;1;41;16186.95;11279.63;4907.33;32412.174
2026-06-01T06:01:46.678510+02:00;standby;17.4;42.0;33.0;33.0;59.3;57.0;0;0;1;37;16187.0;11279.67;4907.33;32412.174
2026-06-01T06:02:47.162110+02:00;standby;17.4;38.9;33.0;33.0;59.3;57.0;0;0;1;37;16187.0;11279.67;4907.33;32412.174
2026-06-01T06:03:47.775133+02:00;standby;17.4;33.3;33.0;33.0;59.3;57.0;0;0;1;37;16187.0;11279.67;4907.33;32412.174
2026-06-01T06:04:48.253914+02:00;standby;17.4;31.1;33.0;33.0;59.3;57.0;0;0;1;37;16187.0;11279.67;4907.33;32412.174
2026-06-01T06:05:48.770431+02:00;standby;17.4;30.1;33.0;33.0;59.3;57.0;0;0;1;37;16187.0;11279.67;4907.33;32412.174
2026-06-01T06:06:50.210472+02:00;standby;17.4;29.6;33.0;33.0;59.3;57.0;0;0;1;37;16187.0;11279.67;4907.33;32412.174
2026-06-01T06:07:50.731832+02:00;standby;17.4;29.3;33.0;33.0;59.3;57.0;0;0;1;37;16187.0;11279.67;4907.33;32412.174
2026-06-01T06:08:51.606504+02:00;standby;17.4;29.0;33.0;33.0;59.3;57.0;0;0;1;37;16187.0;11279.67;4907.33;32412.174
2026-06-01T06:09:52.080423+02:00;standby;17.4;28.9;33.0;33.0;59.3;57.0;0;0;1;37;16187.0;11279.67;4907.33;32412.174
2026-06-01T06:10:52.564748+02:00;standby;17.4;28.9;33.0;33.0;59.3;57.0;0;0;1;41;16187.0;11279.67;4907.33;32412.174
2026-06-01T06:11:53.018280+02:00;standby;17.4;29.0;33.0;33.0;59.2;57.0;0;0;1;37;16187.0;11279.67;4907.33;32412.174
2026-06-01T06:12:53.548119+02:00;standby;17.4;29.2;33.0;33.0;59.2;57.0;0;0;1;41;16187.0;11279.67;4907.33;32412.174
2026-06-01T06:13:54.177264+02:00;standby;17.4;29.4;33.0;33.0;59.2;57.0;0;0;1;41;16187.0;11279.67;4907.33;32412.174
2026-06-01T06:14:54.777341+02:00;standby;17.4;29.7;33.0;33.0;59.2;57.0;0;0;1;41;16187.0;11279.67;4907.33;32412.174
2026-06-01T06:15:55.261039+02:00;standby;17.4;29.9;33.0;33.0;59.2;57.0;0;0;1;41;16187.0;11279.67;4907.33;32412.174
2026-06-01T06:16:55.883739+02:00;standby;17.4;29.9;33.0;33.0;59.2;57.0;0;0;1;41;16187.0;11279.67;4907.33;32412.174
2026-06-01T06:17:57.300942+02:00;standby;17.4;29.9;33.0;33.0;59.2;57.0;0;0;1;41;16187.0;11279.67;4907.33;32412.174
2026-06-01T06:18:57.775002+02:00;standby;17.4;29.7;33.0;33.0;59.2;57.0;0;0;1;41;16187.0;11279.67;4907.33;32412.174
2026-06-01T06:19:58.305006+02:00;standby;17.4;29.6;33.0;33.0;59.2;57.0;0;0;1;41;16187.0;11279.67;4907.33;32412.174
2026-06-01T06:20:58.914161+02:00;standby;17.4;29.4;33.0;33.0;59.2;57.0;0;0;1;41;16187.0;11279.67;4907.33;32412.174
2026-06-01T06:21:59.574703+02:00;standby;17.4;29.3;33.0;33.0;59.2;57.0;0;0;1;41;16187.0;11279.67;4907.33;32412.174
2026-06-01T06:23:00.129310+02:00;standby;16.7;29.3;33.0;33.0;59.2;57.0;0;0;1;41;16187.0;11279.67;4907.33;32412.174
2026-06-01T06:24:00.890528+02:00;standby;16.7;29.2;33.0;33.0;59.2;57.0;0;0;1;41;16187.0;11279.67;4907.33;32412.174
2026-06-01T06:25:01.471118+02:00;standby;16.7;29.0;33.0;33.0;59.2;57.0;0;0;1;41;16187.0;11279.67;4907.33;32412.174
2026-06-01T06:26:02.034996+02:00;standby;16.7;29.0;33.0;33.0;59.1;57.0;0;0;1;41;16187.0;11279.67;4907.33;32412.174
2026-06-01T06:27:02.563786+02:00;standby;16.7;28.9;33.0;33.0;59.1;57.0;0;0;1;41;16187.0;11279.67;4907.33;32412.174
2026-06-01T06:28:03.213458+02:00;standby;16.7;28.9;33.0;33.0;59.1;57.0;0;0;1;37;16187.0;11279.67;4907.33;32412.174
2026-06-01T06:29:05.473677+02:00;standby;16.7;28.9;33.0;33.0;59.1;57.0;0;0;1;37;16187.0;11279.67;4907.33;32412.174
2026-06-01T06:30:06.061771+02:00;heating;16.7;31.4;33.0;33.0;59.1;57.0;1;42;1;37;16187.02;11279.69;4907.33;32412.174
2026-06-01T06:30:16.914784+02:00;heating;16.7;36.1;33.0;33.0;59.1;57.0;1;23;1;37;16187.03;11279.71;4907.33;32412.174
2026-06-01T06:30:27.479565+02:00;heating;16.7;39.4;33.0;33.0;59.1;57.0;0;0;1;37;16187.04;11279.72;4907.33;32412.174
2026-06-01T06:30:38.207453+02:00;standby;16.7;42.2;33.0;33.0;59.1;57.0;0;0;1;37;16187.04;11279.72;4907.33;32412.174
2026-06-01T06:30:48.687058+02:00;standby;16.7;43.4;33.0;33.0;59.1;57.0;0;0;1;37;16187.04;11279.72;4907.33;32412.174
2026-06-01T06:30:59.301713+02:00;standby;16.7;43.9;33.0;33.0;59.1;57.0;0;0;1;37;16187.04;11279.72;4907.33;32412.174
2026-06-01T06:31:09.967363+02:00;standby;16.7;42.8;33.0;33.0;59.1;57.0;0;0;1;37;16187.04;11279.72;4907.33;32412.174
2026-06-01T06:31:20.424030+02:00;standby;16.7;41.9;33.0;33.0;59.1;57.0;0;0;1;37;16187.04;11279.72;4907.33;32412.174
2026-06-01T06:32:20.914529+02:00;standby;16.7;34.6;33.0;33.0;59.1;57.0;0;0;1;37;16187.04;11279.72;4907.33;32412.174
2026-06-01T06:33:23.502407+02:00;standby;16.7;31.6;33.0;33.0;59.1;57.0;0;0;1;37;16187.04;11279.72;4907.33;32412.174
2026-06-01T06:34:23.963149+02:00;standby;16.7;30.4;33.0;33.0;59.1;57.0;0;0;1;37;16187.04;11279.72;4907.33;32412.174
2026-06-01T06:35:24.482572+02:00;standby;16.7;29.9;33.0;33.0;58.9;57.0;0;0;1;37;16187.04;11279.72;4907.33;32412.174
2026-06-01T06:36:25.558816+02:00;standby;16.7;29.4;33.0;33.0;59.1;57.0;0;0;1;37;16187.04;11279.72;4907.33;32412.174
2026-06-01T06:37:26.036730+02:00;standby;16.7;29.2;33.0;33.0;58.9;57.0;0;0;1;37;16187.04;11279.72;4907.33;32412.174
2026-06-01T06:38:26.550988+02:00;standby;16.7;29.0;33.0;33.0;58.9;57.0;0;0;1;37;16187.04;11279.72;4907.33;32412.174
2026-06-01T06:39:26.950964+02:00;standby;16.7;29.0;33.0;33.0;58.9;57.0;0;0;1;37;16187.04;11279.72;4907.33;32412.174
2026-06-01T06:40:28.063351+02:00;standby;16.7;29.0;33.0;33.0;58.9;57.0;0;0;1;37;16187.04;11279.72;4907.33;32412.174
2026-06-01T06:41:28.657844+02:00;standby;16.7;29.2;33.0;33.0;58.9;57.0;0;0;1;37;16187.04;11279.72;4907.33;32412.174
2026-06-01T06:42:29.141169+02:00;standby;16.7;29.4;33.0;33.0;58.9;57.0;0;0;1;37;16187.04;11279.72;4907.33;32412.174
2026-06-01T06:43:29.736914+02:00;standby;16.7;29.7;32.0;32.0;58.9;57.0;0;0;1;41;16187.04;11279.72;4907.33;32412.174
2026-06-01T06:44:30.221737+02:00;standby;16.7;29.9;32.0;32.0;58.9;57.0;0;0;1;41;16187.04;11279.72;4907.33;32412.174
2026-06-01T06:45:30.695074+02:00;standby;16.7;29.9;32.0;32.0;58.9;57.0;0;0;1;41;16187.04;11279.72;4907.33;32412.174
2026-06-01T06:46:31.180329+02:00;standby;16.7;29.9;32.0;32.0;58.9;57.0;0;0;1;41;16187.04;11279.72;4907.33;32412.174
2026-06-01T06:47:31.780823+02:00;standby;16.7;29.9;32.0;32.0;58.9;57.0;0;0;1;41;16187.04;11279.72;4907.33;32412.174
2026-06-01T06:48:32.214596+02:00;standby;16.7;29.7;32.0;32.0;58.9;57.0;0;0;1;41;16187.04;11279.72;4907.33;32412.174
2026-06-01T06:49:32.979953+02:00;standby;16.7;29.6;32.0;32.0;58.9;57.0;0;0;1;37;16187.04;11279.72;4907.33;32412.174
2026-06-01T06:50:33.439962+02:00;standby;16.7;29.4;32.0;32.0;58.8;57.0;0;0;1;37;16187.04;11279.72;4907.33;32412.174
2026-06-01T06:51:34.701722+02:00;standby;16.7;29.3;32.0;32.0;58.8;57.0;0;0;1;37;16187.04;11279.72;4907.33;32412.174
2026-06-01T06:52:35.255756+02:00;standby;16.7;29.2;32.0;32.0;58.8;57.0;0;0;1;37;16187.04;11279.72;4907.33;32412.174
2026-06-01T06:53:35.821512+02:00;standby;16.7;29.2;32.0;32.0;58.8;57.0;0;0;1;37;16187.04;11279.72;4907.33;32412.174
2026-06-01T06:54:36.571393+02:00;standby;16.7;29.0;32.0;32.0;58.8;57.0;0;0;1;37;16187.04;11279.72;4907.33;32412.174
2026-06-01T06:55:37.075109+02:00;standby;16.7;29.0;32.0;32.0;58.8;57.0;0;0;1;37;16187.04;11279.72;4907.33;32412.174
2026-06-01T06:56:37.507568+02:00;standby;16.7;28.9;32.0;32.0;58.8;57.0;0;0;1;37;16187.04;11279.72;4907.33;32412.174
2026-06-01T06:57:38.136071+02:00;standby;16.7;28.9;32.0;32.0;58.8;57.0;0;0;1;37;16187.04;11279.72;4907.33;32412.174
2026-06-01T06:58:38.578175+02:00;standby;16.7;28.9;32.0;32.0;58.8;57.0;0;0;1;37;16187.04;11279.72;4907.33;32412.174
2026-06-01T06:59:38.994661+02:00;standby;16.7;28.9;32.0;32.0;58.8;57.0;0;0;1;37;16187.04;11279.72;4907.33;32412.174
2026-06-01T07:00:39.490076+02:00;standby;16.7;28.9;32.0;32.0;58.8;57.0;0;0;1;41;16187.04;11279.72;4907.33;32412.174
2026-06-01T07:01:40.701479+02:00;standby;16.7;28.9;32.0;32.0;58.8;57.0;0;0;1;41;16187.04;11279.72;4907.33;32412.174
2026-06-01T07:02:43.517146+02:00;standby;16.7;28.9;32.0;32.0;58.7;57.0;0;0;1;41;16187.04;11279.72;4907.33;32412.174
2026-06-01T07:03:43.939519+02:00;standby;16.7;28.7;32.0;32.0;58.7;57.0;0;0;1;41;16187.04;11279.72;4907.33;32412.174
2026-06-01T07:04:44.538640+02:00;standby;16.7;28.7;32.0;32.0;58.7;57.0;0;0;1;41;16187.04;11279.72;4907.33;32412.174
2026-06-01T07:05:44.984303+02:00;standby;16.7;28.7;32.0;32.0;58.7;57.0;0;0;1;41;16187.04;11279.72;4907.33;32412.174
2026-06-01T07:06:45.434865+02:00;standby;16.7;28.7;32.0;32.0;58.7;57.0;0;0;1;41;16187.04;11279.72;4907.33;32412.174
2026-06-01T07:07:45.889418+02:00;standby;16.7;42.2;32.0;32.0;58.7;57.0;0;0;1;41;16187.08;11279.76;4907.33;32412.174
2026-06-01T07:08:46.304871+02:00;standby;16.7;37.9;32.0;32.0;58.7;57.0;0;0;1;41;16187.08;11279.76;4907.33;32412.174
2026-06-01T07:09:46.746550+02:00;standby;16.7;32.8;32.0;32.0;58.7;57.0;0;0;1;41;16187.08;11279.76;4907.33;32412.174
2026-06-01T07:10:47.161063+02:00;standby;16.7;30.9;32.0;32.0;58.7;57.0;0;0;1;41;16187.08;11279.76;4907.33;32412.174
2026-06-01T07:11:47.831149+02:00;standby;16.7;29.9;32.0;32.0;58.7;57.0;0;0;1;41;16187.08;11279.76;4907.33;32412.174
2026-06-01T07:12:48.269800+02:00;standby;16.7;29.3;32.0;32.0;58.7;57.0;0;0;1;41;16187.08;11279.76;4907.33;32412.174
2026-06-01T07:13:48.927787+02:00;standby;16.7;29.0;32.0;32.0;58.7;57.0;0;0;1;41;16187.08;11279.76;4907.33;32412.174
2026-06-01T07:14:49.932684+02:00;standby;16.7;28.9;32.0;32.0;58.7;57.0;0;0;1;41;16187.08;11279.76;4907.33;32412.174
2026-06-01T07:15:50.352206+02:00;standby;16.7;28.7;32.0;32.0;58.6;57.0;0;0;1;41;16187.08;11279.76;4907.33;32412.174
2026-06-01T07:16:51.037663+02:00;standby;16.7;28.7;32.0;32.0;58.6;57.0;0;0;1;41;16187.08;11279.76;4907.33;32412.174
2026-06-01T07:17:51.596332+02:00;standby;16.7;28.7;32.0;32.0;58.6;57.0;0;0;1;41;16187.08;11279.76;4907.33;32412.174
2026-06-01T07:18:52.086587+02:00;standby;16.7;29.0;32.0;32.0;58.6;57.0;0;0;1;41;16187.08;11279.76;4907.33;32412.174
2026-06-01T07:19:52.553609+02:00;standby;16.7;29.3;32.0;32.0;58.6;57.0;0;0;1;41;16187.08;11279.76;4907.33;32412.174
2026-06-01T07:20:53.015319+02:00;standby;16.7;29.6;32.0;32.0;58.6;57.0;0;0;1;41;16187.08;11279.76;4907.33;32412.174
2026-06-01T07:21:53.551231+02:00;standby;16.7;29.6;32.0;32.0;58.6;57.0;0;0;1;41;16187.08;11279.76;4907.33;32412.174
2026-06-01T07:22:54.011591+02:00;standby;16.7;29.6;32.0;32.0;58.6;57.0;0;0;1;41;16187.08;11279.76;4907.33;32412.174
2026-06-01T07:23:54.575823+02:00;standby;17.5;29.6;32.0;32.0;58.6;57.0;0;0;1;41;16187.08;11279.76;4907.33;32412.174
2026-06-01T07:24:55.049880+02:00;standby;17.5;29.6;32.0;32.0;58.6;57.0;0;0;1;37;16187.08;11279.76;4907.33;32412.174
2026-06-01T07:25:55.443292+02:00;standby;17.5;29.4;32.0;32.0;58.6;57.0;0;0;1;37;16187.08;11279.76;4907.33;32412.174
2026-06-01T07:26:56.167835+02:00;standby;17.5;29.3;32.0;32.0;58.6;57.0;0;0;1;37;16187.08;11279.76;4907.33;32412.174
2026-06-01T07:27:56.655839+02:00;standby;17.5;29.2;32.0;32.0;58.6;57.0;0;0;1;37;16187.08;11279.76;4907.33;32412.174
2026-06-01T07:28:57.066130+02:00;standby;17.5;29.0;32.0;32.0;58.5;57.0;0;0;1;37;16187.08;11279.76;4907.33;32412.174
2026-06-01T07:29:57.687956+02:00;standby;17.5;28.9;32.0;32.0;58.5;57.0;0;0;1;37;16187.08;11279.76;4907.33;32412.174
2026-06-01T07:30:58.277518+02:00;standby;17.5;28.9;32.0;32.0;58.5;57.0;0;0;1;37;16187.08;11279.76;4907.33;32412.174
2026-06-01T07:31:58.933996+02:00;standby;17.5;28.7;32.0;32.0;58.5;57.0;0;0;1;37;16187.08;11279.76;4907.33;32412.174
2026-06-01T07:33:00.584939+02:00;standby;17.5;28.7;32.0;32.0;58.5;57.0;0;0;1;37;16187.08;11279.76;4907.33;32412.174
2026-06-01T07:34:02.857526+02:00;standby;17.5;28.7;32.0;32.0;58.5;57.0;0;0;1;37;16187.08;11279.76;4907.33;32412.174
2026-06-01T07:35:03.312958+02:00;standby;17.5;28.7;32.0;32.0;58.5;57.0;0;0;1;37;16187.08;11279.76;4907.33;32412.174
2026-06-01T07:36:03.897777+02:00;standby;17.5;28.7;32.0;32.0;58.5;57.0;0;0;1;37;16187.08;11279.76;4907.33;32412.174
2026-06-01T07:37:04.396973+02:00;standby;17.5;28.7;32.0;32.0;58.5;57.0;0;0;1;37;16187.08;11279.76;4907.33;32412.174
2026-06-01T07:38:04.922206+02:00;standby;17.5;28.7;32.0;32.0;58.5;57.0;0;0;1;37;16187.08;11279.76;4907.33;32412.174
2026-06-01T07:39:05.592745+02:00;standby;17.5;28.7;32.0;32.0;58.5;57.0;0;0;1;37;16187.08;11279.76;4907.33;32412.174
2026-06-01T07:40:06.118448+02:00;standby;17.5;28.6;32.0;32.0;58.5;57.0;0;0;1;37;16187.08;11279.76;4907.33;32412.174
2026-06-01T07:41:06.632112+02:00;standby;17.5;28.6;32.0;32.0;58.4;57.0;0;0;1;37;16187.08;11279.76;4907.33;32412.174
2026-06-01T07:42:07.110467+02:00;standby;17.5;28.6;32.0;32.0;58.4;57.0;0;0;1;41;16187.08;11279.76;4907.33;32412.174
2026-06-01T07:43:07.613420+02:00;standby;17.5;28.6;32.0;32.0;58.4;57.0;0;0;1;41;16187.08;11279.76;4907.33;32412.174
2026-06-01T07:44:08.143076+02:00;standby;17.5;28.5;32.0;32.0;58.4;57.0;0;0;1;41;16187.08;11279.76;4907.33;32412.174
2026-06-01T07:45:08.657586+02:00;standby;17.5;28.5;32.0;32.0;58.4;57.0;0;0;1;41;16187.08;11279.76;4907.33;32412.174
2026-06-01T07:46:09.229274+02:00;heating;17.5;28.5;32.0;32.0;58.4;57.0;1;59;1;41;16187.08;11279.76;4907.33;32412.174
2026-06-01T07:46:19.882696+02:00;heating;17.5;31.2;32.0;32.0;58.4;57.0;1;39;1;41;16187.1;11279.78;4907.33;32412.174
2026-06-01T07:46:30.379134+02:00;heating;17.5;35.3;32.0;32.0;58.4;57.0;1;23;1;41;16187.11;11279.79;4907.33;32412.174
2026-06-01T07:46:40.872383+02:00;heating;17.5;38.5;32.0;32.0;58.4;57.0;0;0;1;41;16187.12;11279.8;4907.33;32412.174
2026-06-01T07:46:51.430298+02:00;standby;17.5;42.0;32.0;32.0;58.4;57.0;0;0;1;41;16187.12;11279.8;4907.33;32412.174
2026-06-01T07:47:01.965842+02:00;standby;17.5;42.5;32.0;32.0;58.4;57.0;0;0;1;41;16187.12;11279.8;4907.33;32412.174
2026-06-01T07:47:12.663876+02:00;standby;17.5;42.8;32.0;32.0;58.4;57.0;0;0;1;41;16187.12;11279.8;4907.33;32412.174
2026-06-01T07:47:23.246802+02:00;standby;17.5;41.9;32.0;32.0;58.4;57.0;0;0;1;41;16187.12;11279.8;4907.33;32412.174
2026-06-01T07:47:33.761494+02:00;standby;17.5;40.9;32.0;32.0;58.4;57.0;0;0;1;41;16187.12;11279.8;4907.33;32412.174
2026-06-01T07:48:34.389839+02:00;standby;17.5;34.0;32.0;32.0;58.4;57.0;0;0;1;41;16187.12;11279.8;4907.33;32412.174
2026-06-01T07:49:34.853776+02:00;standby;17.5;31.1;32.0;32.0;58.4;57.0;0;0;1;41;16187.12;11279.8;4907.33;32412.174
2026-06-01T07:50:35.309933+02:00;standby;17.5;30.0;32.0;32.0;58.4;57.0;0;0;1;41;16187.12;11279.8;4907.33;32412.174
2026-06-01T07:51:36.135763+02:00;standby;17.5;29.3;32.0;32.0;58.4;57.0;0;0;1;41;16187.12;11279.8;4907.33;32412.174
2026-06-01T07:52:36.661420+02:00;standby;17.5;28.9;32.0;32.0;58.4;57.0;0;0;1;41;16187.12;11279.8;4907.33;32412.174
2026-06-01T07:53:37.135139+02:00;standby;17.5;28.7;32.0;32.0;58.4;57.0;0;0;1;41;16187.12;11279.8;4907.33;32412.174
2026-06-01T07:54:37.801427+02:00;standby;17.5;28.6;32.0;32.0;58.3;57.0;0;0;1;41;16187.12;11279.8;4907.33;32412.174
2026-06-01T07:55:38.344452+02:00;standby;17.5;28.6;32.0;32.0;58.3;57.0;0;0;1;41;16187.12;11279.8;4907.33;32412.174
2026-06-01T07:56:38.970100+02:00;standby;17.5;28.6;32.0;32.0;58.3;57.0;0;0;1;41;16187.12;11279.8;4907.33;32412.174
2026-06-01T07:57:39.418180+02:00;standby;17.5;28.7;32.0;32.0;58.3;57.0;0;0;1;41;16187.12;11279.8;4907.33;32412.174
2026-06-01T07:58:39.837435+02:00;standby;17.5;29.0;32.0;32.0;58.3;57.0;0;0;1;41;16187.12;11279.8;4907.33;32412.174
2026-06-01T07:59:40.326577+02:00;standby;17.5;29.3;32.0;32.0;58.3;57.0;0;0;1;41;16187.12;11279.8;4907.33;32412.174
2026-06-01T08:00:41.015137+02:00;standby;17.5;29.4;32.0;32.0;58.3;57.0;0;0;1;41;16187.12;11279.8;4907.33;32412.174
2026-06-01T08:01:41.495208+02:00;standby;17.5;29.4;32.0;32.0;58.3;57.0;0;0;1;37;16187.12;11279.8;4907.33;32412.174
2026-06-01T08:02:42.183944+02:00;standby;17.5;29.4;32.0;32.0;58.3;57.0;0;0;1;37;16187.12;11279.8;4907.33;32412.174
2026-06-01T08:03:42.636249+02:00;standby;17.5;29.4;32.0;32.0;58.3;57.0;0;0;1;37;16187.12;11279.8;4907.33;32412.174
2026-06-01T08:04:43.062501+02:00;standby;17.5;29.3;32.0;32.0;58.3;57.0;0;0;1;37;16187.12;11279.8;4907.33;32412.174
2026-06-01T08:05:43.635078+02:00;standby;17.5;29.3;32.0;32.0;58.2;57.0;0;0;1;37;16187.12;11279.8;4907.33;32412.174
2026-06-01T08:06:44.140454+02:00;standby;17.5;29.2;32.0;32.0;58.2;57.0;0;0;1;37;16187.12;11279.8;4907.33;32412.174
2026-06-01T08:07:44.816417+02:00;standby;17.5;29.0;32.0;32.0;58.2;57.0;0;0;1;37;16187.12;11279.8;4907.33;32412.174
2026-06-01T08:08:45.300308+02:00;standby;17.5;28.9;32.0;32.0;58.2;57.0;0;0;1;37;16187.12;11279.8;4907.33;32412.174
2026-06-01T08:09:45.953424+02:00;standby;17.5;28.7;32.0;32.0;58.2;57.0;0;0;1;41;16187.12;11279.8;4907.33;32412.174
2026-06-01T08:10:46.627471+02:00;standby;17.5;28.7;32.0;32.0;58.2;57.0;0;0;1;41;16187.12;11279.8;4907.33;32412.174
2026-06-01T08:11:47.206446+02:00;standby;17.5;28.6;32.0;32.0;58.2;57.0;0;0;1;41;16187.12;11279.8;4907.33;32412.174
2026-06-01T08:12:47.718587+02:00;standby;17.5;28.6;32.0;32.0;58.2;57.0;0;0;1;41;16187.12;11279.8;4907.33;32412.174
2026-06-01T08:13:48.185911+02:00;standby;17.5;28.6;32.0;32.0;58.2;57.0;0;0;1;41;16187.12;11279.8;4907.33;32412.174
2026-06-01T08:14:48.695953+02:00;standby;17.5;28.6;32.0;32.0;58.2;57.0;0;0;1;41;16187.12;11279.8;4907.33;32412.174
2026-06-01T08:15:49.081542+02:00;standby;17.5;28.6;32.0;32.0;58.2;57.0;0;0;1;41;16187.12;11279.8;4907.33;32412.174
2026-06-01T08:16:49.866248+02:00;standby;17.5;28.6;32.0;32.0;58.2;57.0;0;0;1;41;16187.12;11279.8;4907.33;32412.174
2026-06-01T08:17:50.324084+02:00;standby;17.5;28.6;32.0;32.0;58.2;57.0;0;0;1;41;16187.12;11279.8;4907.33;32412.174
2026-06-01T08:18:50.931941+02:00;standby;17.5;28.6;32.0;32.0;58.1;57.0;0;0;1;41;16187.12;11279.8;4907.33;32412.174
2026-06-01T08:19:51.399942+02:00;standby;17.5;28.5;32.0;32.0;58.1;57.0;0;0;1;37;16187.12;11279.8;4907.33;32412.174
2026-06-01T08:20:52.021202+02:00;standby;17.5;28.5;32.0;32.0;58.1;57.0;0;0;1;37;16187.12;11279.8;4907.33;32412.174
2026-06-01T08:21:52.538100+02:00;standby;17.5;28.5;32.0;32.0;58.1;57.0;0;0;1;37;16187.12;11279.8;4907.33;32412.174
2026-06-01T08:22:53.018219+02:00;standby;17.5;28.5;32.0;32.0;58.1;57.0;0;0;1;37;16187.12;11279.8;4907.33;32412.174
2026-06-01T08:23:53.914033+02:00;heating;17.5;33.2;32.0;32.0;58.1;57.0;1;23;1;37;16187.15;11279.82;4907.33;32412.174
2026-06-01T08:24:04.485384+02:00;heating;18.1;37.3;32.0;32.0;58.1;57.0;1;23;1;37;16187.16;11279.84;4907.33;32412.174
2026-06-01T08:24:15.249343+02:00;standby;18.1;41.1;32.0;32.0;58.1;57.0;0;0;1;37;16187.17;11279.84;4907.33;32412.174
2026-06-01T08:24:25.830705+02:00;standby;18.1;42.7;32.0;32.0;58.1;57.0;0;0;1;37;16187.17;11279.84;4907.33;32412.174
2026-06-01T08:24:36.581927+02:00;standby;18.1;43.0;32.0;32.0;58.1;57.0;0;0;1;37;16187.17;11279.84;4907.33;32412.174
2026-06-01T08:24:47.043571+02:00;standby;18.1;41.8;32.0;32.0;58.1;57.0;0;0;1;37;16187.17;11279.84;4907.33;32412.174
2026-06-01T08:24:57.600347+02:00;standby;18.1;40.8;32.0;32.0;58.1;57.0;0;0;1;37;16187.17;11279.84;4907.33;32412.174
2026-06-01T08:25:08.135854+02:00;standby;18.1;39.4;32.0;32.0;58.1;57.0;0;0;1;37;16187.17;11279.84;4907.33;32412.174
2026-06-01T08:26:08.950346+02:00;standby;18.1;33.6;32.0;32.0;58.1;57.0;0;0;1;37;16187.17;11279.84;4907.33;32412.174
2026-06-01T08:27:09.478458+02:00;standby;18.1;30.9;32.0;32.0;58.1;57.0;0;0;1;37;16187.17;11279.84;4907.33;32412.174
2026-06-01T08:28:10.537196+02:00;standby;18.1;29.7;32.0;32.0;58.1;57.0;0;0;1;37;16187.17;11279.84;4907.33;32412.174
2026-06-01T08:29:11.027383+02:00;standby;18.1;29.2;32.0;32.0;58.1;57.0;0;0;1;37;16187.17;11279.84;4907.33;32412.174
2026-06-01T08:30:11.445417+02:00;standby;18.1;28.7;32.0;32.0;58.1;57.0;0;0;1;37;16187.17;11279.84;4907.33;32412.174
2026-06-01T08:31:12.168685+02:00;standby;18.1;28.6;32.0;32.0;58.0;57.0;0;0;1;37;16187.17;11279.84;4907.33;32412.174
2026-06-01T08:32:12.681166+02:00;standby;18.1;28.5;32.0;32.0;58.0;57.0;0;0;1;37;16187.17;11279.84;4907.33;32412.174
2026-06-01T08:33:13.210070+02:00;standby;18.1;28.5;32.0;32.0;58.0;57.0;0;0;1;37;16187.17;11279.84;4907.33;32412.174
2026-06-01T08:34:13.676801+02:00;standby;18.1;28.5;32.0;32.0;58.0;57.0;0;0;1;37;16187.17;11279.84;4907.33;32412.174
2026-06-01T08:35:14.098152+02:00;standby;18.1;28.7;32.0;32.0;58.0;57.0;0;0;1;37;16187.17;11279.84;4907.33;32412.174
2026-06-01T08:36:15.097100+02:00;standby;18.1;29.0;32.0;32.0;58.0;57.0;0;0;1;37;16187.17;11279.84;4907.33;32412.174
2026-06-01T08:37:15.784923+02:00;standby;18.1;29.2;32.0;32.0;58.0;57.0;0;0;1;41;16187.17;11279.84;4907.33;32412.174
2026-06-01T08:38:16.370963+02:00;standby;18.1;29.3;32.0;32.0;58.0;57.0;0;0;1;37;16187.17;11279.84;4907.33;32412.174
2026-06-01T08:39:16.827030+02:00;standby;18.1;29.3;32.0;32.0;58.0;57.0;0;0;1;37;16187.17;11279.84;4907.33;32412.174
2026-06-01T08:40:17.406419+02:00;standby;18.1;29.3;32.0;32.0;58.0;57.0;0;0;1;37;16187.17;11279.84;4907.33;32412.174
2026-06-01T08:41:17.880979+02:00;standby;18.1;29.3;32.0;32.0;58.0;57.0;0;0;1;37;16187.17;11279.84;4907.33;32412.174
2026-06-01T08:42:18.689149+02:00;standby;18.1;29.2;32.0;32.0;57.9;57.0;0;0;1;37;16187.17;11279.84;4907.33;32412.174
2026-06-01T08:43:19.176735+02:00;standby;18.1;29.2;32.0;32.0;57.9;57.0;0;0;1;37;16187.17;11279.84;4907.33;32412.174
2026-06-01T08:44:21.187976+02:00;standby;18.1;28.9;32.0;32.0;57.9;57.0;0;0;1;37;16187.17;11279.84;4907.33;32412.174
2026-06-01T08:45:21.843104+02:00;standby;18.1;28.9;32.0;32.0;57.9;57.0;0;0;1;37;16187.17;11279.84;4907.33;32412.174
2026-06-01T08:46:22.532059+02:00;standby;18.1;28.7;32.0;32.0;57.9;57.0;0;0;1;37;16187.17;11279.84;4907.33;32412.174
2026-06-01T08:47:23.198724+02:00;standby;18.1;28.6;32.0;32.0;57.9;57.0;0;0;1;37;16187.17;11279.84;4907.33;32412.174
2026-06-01T08:48:23.705108+02:00;standby;18.1;28.6;32.0;32.0;57.9;57.0;0;0;1;37;16187.17;11279.84;4907.33;32412.174
2026-06-01T08:49:24.149115+02:00;standby;18.1;28.5;32.0;32.0;57.9;57.0;0;0;1;37;16187.17;11279.84;4907.33;32412.174
2026-06-01T08:50:24.622696+02:00;standby;18.1;28.5;32.0;32.0;57.9;57.0;0;0;1;37;16187.17;11279.84;4907.33;32412.174
2026-06-01T08:51:25.161238+02:00;standby;18.1;28.5;32.0;32.0;57.9;57.0;0;0;1;37;16187.17;11279.84;4907.33;32412.174
2026-06-01T08:52:25.762885+02:00;standby;18.1;28.5;32.0;32.0;57.8;57.0;0;0;1;37;16187.17;11279.84;4907.33;32412.174
2026-06-01T08:53:26.202028+02:00;standby;18.1;28.5;32.0;32.0;57.8;57.0;0;0;1;37;16187.17;11279.84;4907.33;32412.174
2026-06-01T08:54:26.673923+02:00;standby;18.1;28.5;32.0;32.0;57.8;57.0;0;0;1;37;16187.17;11279.84;4907.33;32412.174
2026-06-01T08:55:27.183948+02:00;standby;18.1;28.5;32.0;32.0;57.8;57.0;0;0;1;37;16187.17;11279.84;4907.33;32412.174
2026-06-01T08:56:27.926953+02:00;standby;18.1;28.5;32.0;32.0;57.8;57.0;0;0;1;37;16187.17;11279.84;4907.33;32412.174
2026-06-01T08:57:28.451854+02:00;standby;18.1;28.5;32.0;32.0;57.8;57.0;0;0;1;37;16187.17;11279.84;4907.33;32412.174
2026-06-01T08:58:29.100571+02:00;standby;18.1;28.3;32.0;32.0;57.8;57.0;0;0;1;37;16187.17;11279.84;4907.33;32412.174
2026-06-01T08:59:29.729126+02:00;heating;18.1;33.0;32.0;32.0;57.8;57.0;1;24;1;37;16187.19;11279.87;4907.33;32412.174
2026-06-01T08:59:40.371150+02:00;heating;18.1;36.0;32.0;32.0;57.8;57.0;1;23;1;37;16187.2;11279.87;4907.33;32412.174
2026-06-01T08:59:51.125995+02:00;standby;18.1;40.5;32.0;32.0;57.8;57.0;0;0;1;37;16187.21;11279.88;4907.33;32412.174
2026-06-01T09:00:01.724545+02:00;standby;18.1;42.2;32.0;32.0;57.8;57.0;0;0;1;37;16187.21;11279.88;4907.33;32412.174
2026-06-01T09:00:12.179576+02:00;standby;18.1;43.2;32.0;32.0;57.8;57.0;0;0;1;37;16187.21;11279.88;4907.33;32412.174
2026-06-01T09:00:23.034233+02:00;standby;18.1;42.8;32.0;32.0;57.8;57.0;0;0;1;37;16187.21;11279.88;4907.33;32412.174
2026-06-01T09:00:33.548207+02:00;standby;18.1;41.8;32.0;32.0;57.8;57.0;0;0;1;37;16187.21;11279.88;4907.33;32412.174
2026-06-01T09:00:44.029690+02:00;standby;18.1;39.9;32.0;32.0;57.8;57.0;0;0;1;37;16187.21;11279.88;4907.33;32412.174
2026-06-01T09:01:44.534558+02:00;standby;18.1;33.8;32.0;32.0;57.8;57.0;0;0;1;37;16187.21;11279.88;4907.33;32412.174
2026-06-01T09:02:45.371065+02:00;standby;18.1;31.2;32.0;32.0;57.8;57.0;0;0;1;37;16187.21;11279.88;4907.33;32412.174
2026-06-01T09:03:45.894103+02:00;standby;18.1;29.9;32.0;32.0;57.7;57.0;0;0;1;37;16187.21;11279.88;4907.33;32412.174
2026-06-01T09:04:46.382241+02:00;standby;18.1;29.2;32.0;32.0;57.7;57.0;0;0;1;37;16187.21;11279.88;4907.33;32412.174
2026-06-01T09:05:46.794858+02:00;standby;18.1;28.7;32.0;32.0;57.7;57.0;0;0;1;37;16187.21;11279.88;4907.33;32412.174
2026-06-01T09:06:47.253124+02:00;standby;18.1;28.6;32.0;32.0;57.7;57.0;0;0;1;37;16187.21;11279.88;4907.33;32412.174
2026-06-01T09:07:47.706406+02:00;standby;18.1;28.5;32.0;32.0;57.7;57.0;0;0;1;37;16187.21;11279.88;4907.33;32412.174
2026-06-01T09:08:48.169750+02:00;standby;18.1;28.3;32.0;32.0;57.7;57.0;0;0;1;41;16187.21;11279.88;4907.33;32412.174
2026-06-01T09:09:48.664289+02:00;standby;18.1;28.5;32.0;32.0;57.7;57.0;0;0;1;37;16187.21;11279.88;4907.33;32412.174
2026-06-01T09:10:49.121233+02:00;standby;18.1;28.7;32.0;32.0;57.7;57.0;0;0;1;41;16187.21;11279.88;4907.33;32412.174
2026-06-01T09:11:49.948821+02:00;standby;18.1;29.0;32.0;32.0;57.7;57.0;0;0;1;37;16187.21;11279.88;4907.33;32412.174
2026-06-01T09:12:50.381396+02:00;standby;18.1;29.2;32.0;32.0;57.7;57.0;0;0;1;41;16187.21;11279.88;4907.33;32412.174
2026-06-01T09:13:50.953194+02:00;standby;18.1;29.3;32.0;32.0;57.7;57.0;0;0;1;41;16187.21;11279.88;4907.33;32412.174
2026-06-01T09:14:51.341780+02:00;standby;18.1;29.3;32.0;32.0;57.6;57.0;0;0;1;41;16187.21;11279.88;4907.33;32412.174
2026-06-01T09:15:51.781306+02:00;standby;18.1;29.3;32.0;32.0;57.6;57.0;0;0;1;41;16187.21;11279.88;4907.33;32412.174
2026-06-01T09:16:52.180712+02:00;standby;18.1;29.3;32.0;32.0;57.6;57.0;0;0;1;41;16187.21;11279.88;4907.33;32412.174
2026-06-01T09:17:52.800708+02:00;standby;18.1;29.2;32.0;32.0;57.6;57.0;0;0;1;41;16187.21;11279.88;4907.33;32412.174
2026-06-01T09:18:53.236848+02:00;standby;18.1;29.0;32.0;32.0;57.6;57.0;0;0;1;41;16187.21;11279.88;4907.33;32412.174
2026-06-01T09:19:53.781855+02:00;standby;18.1;28.9;32.0;32.0;57.6;57.0;0;0;1;41;16187.21;11279.88;4907.33;32412.174
2026-06-01T09:20:54.331415+02:00;standby;18.1;28.9;32.0;32.0;57.6;57.0;0;0;1;41;16187.21;11279.88;4907.33;32412.174
2026-06-01T09:21:54.840336+02:00;standby;18.1;28.7;32.0;32.0;57.6;57.0;0;0;1;41;16187.21;11279.88;4907.33;32412.174
2026-06-01T09:22:55.294491+02:00;standby;18.1;28.6;32.0;32.0;57.6;57.0;0;0;1;41;16187.21;11279.88;4907.33;32412.174
2026-06-01T09:23:55.728752+02:00;standby;18.1;28.6;32.0;32.0;57.6;57.0;0;0;1;37;16187.21;11279.88;4907.33;32412.174
2026-06-01T09:24:56.192035+02:00;standby;17.1;28.6;32.0;32.0;57.6;57.0;0;0;1;37;16187.21;11279.88;4907.33;32412.174
2026-06-01T09:25:56.920224+02:00;standby;17.1;28.5;32.0;32.0;57.5;57.0;0;0;1;37;16187.21;11279.88;4907.33;32412.174
2026-06-01T09:26:57.474366+02:00;standby;17.1;28.5;32.0;32.0;57.5;57.0;0;0;1;37;16187.21;11279.88;4907.33;32412.174
2026-06-01T09:27:57.935134+02:00;standby;17.1;28.5;32.0;32.0;57.5;57.0;0;0;1;37;16187.21;11279.88;4907.33;32412.174
2026-06-01T09:28:58.402531+02:00;standby;17.1;28.5;32.0;32.0;57.5;57.0;0;0;1;41;16187.21;11279.88;4907.33;32412.174
2026-06-01T09:29:58.817185+02:00;standby;17.1;28.5;32.0;32.0;57.5;57.0;0;0;1;41;16187.21;11279.88;4907.33;32412.174
2026-06-01T09:30:59.498275+02:00;standby;17.1;28.5;32.0;32.0;57.5;57.0;0;0;1;41;16187.21;11279.88;4907.33;32412.174
2026-06-01T09:31:59.957774+02:00;standby;17.1;28.5;32.0;32.0;57.5;57.0;0;0;1;41;16187.21;11279.88;4907.33;32412.174
2026-06-01T09:33:00.446854+02:00;standby;17.1;28.5;32.0;32.0;57.5;57.0;0;0;1;41;16187.21;11279.88;4907.33;32412.174
2026-06-01T09:34:01.062593+02:00;standby;17.1;28.5;32.0;32.0;57.4;57.0;0;0;1;41;16187.21;11279.88;4907.33;32412.174
2026-06-01T09:35:01.691544+02:00;heating;17.1;30.6;32.0;32.0;57.4;57.0;1;42;1;37;16187.22;11279.9;4907.33;32412.174
2026-06-01T09:35:12.273610+02:00;heating;17.1;34.1;32.0;32.0;57.4;57.0;1;23;1;37;16187.24;11279.91;4907.33;32412.174
2026-06-01T09:35:22.814940+02:00;heating;17.1;37.1;32.0;32.0;57.4;57.0;1;23;1;37;16187.24;11279.92;4907.33;32412.174
2026-06-01T09:35:33.503692+02:00;standby;17.1;41.1;32.0;33.0;57.4;57.0;0;0;1;37;16187.25;11279.92;4907.33;32412.174
2026-06-01T09:35:44.010837+02:00;standby;17.1;42.5;32.0;33.0;57.4;57.0;0;0;1;37;16187.25;11279.92;4907.33;32412.174
2026-06-01T09:35:54.526442+02:00;standby;17.1;43.0;33.0;33.0;57.4;57.0;0;0;1;37;16187.25;11279.92;4907.33;32412.174
2026-06-01T09:36:04.973231+02:00;standby;17.1;41.9;33.0;33.0;57.4;57.0;0;0;1;37;16187.25;11279.92;4907.33;32412.174
2026-06-01T09:36:15.515792+02:00;standby;17.1;40.9;33.0;33.0;57.4;57.0;0;0;1;37;16187.25;11279.92;4907.33;32412.174
2026-06-01T09:36:26.204381+02:00;standby;17.1;39.8;33.0;32.0;57.4;57.0;0;0;1;37;16187.25;11279.92;4907.33;32412.174
2026-06-01T09:37:27.093422+02:00;standby;17.1;33.8;32.0;32.0;57.4;57.0;0;0;1;37;16187.25;11279.92;4907.33;32412.174
2026-06-01T09:38:27.511020+02:00;standby;17.1;30.9;32.0;32.0;57.4;57.0;0;0;1;41;16187.25;11279.92;4907.33;32412.174
2026-06-01T09:39:27.966966+02:00;standby;17.1;29.9;32.0;32.0;57.4;57.0;0;0;1;41;16187.25;11279.92;4907.33;32412.174
2026-06-01T09:40:28.364434+02:00;standby;17.1;29.0;32.0;32.0;57.4;57.0;0;0;1;41;16187.25;11279.92;4907.33;32412.174
2026-06-01T09:41:28.762949+02:00;standby;17.1;28.7;32.0;32.0;57.4;57.0;0;0;1;41;16187.25;11279.92;4907.33;32412.174
2026-06-01T09:42:29.213513+02:00;standby;17.1;28.6;32.0;32.0;57.4;57.0;0;0;1;41;16187.25;11279.92;4907.33;32412.174
2026-06-01T09:43:29.802771+02:00;standby;17.1;28.5;32.0;32.0;57.4;57.0;0;0;1;41;16187.25;11279.92;4907.33;32412.174
2026-06-01T09:44:31.308772+02:00;standby;17.1;28.5;32.0;32.0;57.4;57.0;0;0;1;41;16187.25;11279.92;4907.33;32412.174
2026-06-01T09:45:31.794895+02:00;standby;17.1;28.5;32.0;32.0;57.3;57.0;0;0;1;37;16187.25;11279.92;4907.33;32412.174
2026-06-01T09:46:32.278189+02:00;standby;17.1;28.7;32.0;32.0;57.3;57.0;0;0;1;37;16187.25;11279.92;4907.33;32412.174
2026-06-01T09:47:33.022477+02:00;standby;17.1;29.0;32.0;32.0;57.3;57.0;0;0;1;37;16187.25;11279.92;4907.33;32412.174
2026-06-01T09:48:33.459236+02:00;standby;17.1;29.3;32.0;32.0;57.3;57.0;0;0;1;37;16187.25;11279.92;4907.33;32412.174
2026-06-01T09:49:33.979450+02:00;standby;17.1;29.3;32.0;32.0;57.3;57.0;0;0;1;37;16187.25;11279.92;4907.33;32412.174
2026-06-01T09:50:34.503452+02:00;standby;17.1;29.3;32.0;32.0;57.3;57.0;0;0;1;37;16187.25;11279.92;4907.33;32412.174
2026-06-01T09:51:35.493966+02:00;standby;17.1;29.3;32.0;32.0;57.3;57.0;0;0;1;37;16187.25;11279.92;4907.33;32412.174
2026-06-01T09:52:36.233929+02:00;standby;17.1;29.3;32.0;32.0;57.3;57.0;0;0;1;37;16187.25;11279.92;4907.33;32412.174
2026-06-01T09:53:36.728828+02:00;standby;17.1;29.3;32.0;32.0;57.3;57.0;0;0;1;37;16187.25;11279.92;4907.33;32412.174
2026-06-01T09:54:37.219693+02:00;standby;17.1;29.2;32.0;32.0;57.3;57.0;0;0;1;37;16187.25;11279.92;4907.33;32412.174
2026-06-01T09:55:37.713132+02:00;standby;17.1;29.0;32.0;32.0;57.3;57.0;0;0;1;41;16187.25;11279.92;4907.33;32412.174
2026-06-01T09:56:38.190251+02:00;standby;17.1;28.9;32.0;32.0;57.2;57.0;0;0;1;41;16187.25;11279.92;4907.33;32412.174
2026-06-01T09:57:38.753862+02:00;standby;17.1;28.7;32.0;32.0;57.2;57.0;0;0;1;41;16187.25;11279.92;4907.33;32412.174
2026-06-01T09:58:39.610191+02:00;standby;17.1;28.6;32.0;32.0;57.2;57.0;0;0;1;41;16187.25;11279.92;4907.33;32412.174
2026-06-01T09:59:40.021521+02:00;standby;17.1;28.6;32.0;32.0;57.2;57.0;0;0;1;41;16187.25;11279.92;4907.33;32412.174
2026-06-01T10:00:40.436869+02:00;standby;17.1;28.6;32.0;32.0;57.2;57.0;0;0;1;41;16187.25;11279.92;4907.33;32412.174
2026-06-01T10:01:40.855907+02:00;standby;17.1;28.6;32.0;32.0;57.2;57.0;0;0;1;41;16187.25;11279.92;4907.33;32412.174
2026-06-01T10:02:41.308588+02:00;standby;17.1;28.5;32.0;32.0;57.2;57.0;0;0;1;41;16187.25;11279.92;4907.33;32412.174
2026-06-01T10:03:41.759406+02:00;standby;17.1;28.5;32.0;32.0;57.2;57.0;0;0;1;41;16187.25;11279.92;4907.33;32412.174
2026-06-01T10:04:46.409749+02:00;standby;17.1;28.5;32.0;32.0;57.2;57.0;0;0;1;41;16187.25;11279.92;4907.33;32412.174
2026-06-01T11:04:07.880487+02:00;standby;;;;;;;0;;0;;;;;
2026-06-01T11:05:17.952359+02:00;standby;;;;;;;0;;0;;;;;
2026-06-01T11:06:18.771882+02:00;standby;;35.8;32.0;32.0;56.6;57.0;0;0;1;41;16187.33;11280.0;4907.33;
2026-06-01T11:07:31.552164+02:00;standby;;31.4;32.0;32.0;56.5;57.0;0;0;1;41;16187.33;11280.0;4907.33;
2026-06-01T11:08:32.262443+02:00;standby;;29.9;32.0;32.0;56.5;57.0;0;0;1;41;16187.33;11280.0;4907.33;
2026-06-01T11:09:42.333128+02:00;standby;;;;;;;0;;0;;;;;
2026-06-01T11:10:43.038773+02:00;standby;;28.5;32.0;32.0;56.5;57.0;0;0;1;41;16187.33;11280.0;4907.33;
2026-06-01T11:11:44.029086+02:00;standby;;28.2;32.0;31.0;56.5;57.0;0;0;1;41;16187.33;11280.0;4907.33;
2026-06-01T11:12:44.694744+02:00;standby;;28.0;31.0;31.0;56.5;57.0;0;0;1;41;16187.33;11280.0;4907.33;
2026-06-01T11:13:45.356185+02:00;standby;;28.0;31.0;31.0;56.5;57.0;0;0;1;41;16187.33;11280.0;4907.33;
2026-06-01T11:14:46.011877+02:00;standby;;28.0;31.0;31.0;56.5;57.0;0;0;1;41;16187.33;11280.0;4907.33;
2026-06-01T11:15:47.455253+02:00;standby;;28.3;31.0;31.0;56.5;57.0;0;0;1;41;16187.33;11280.0;4907.33;
2026-06-01T11:16:48.364154+02:00;standby;;28.6;31.0;31.0;56.5;57.0;0;0;1;41;16187.33;11280.0;4907.33;
2026-06-01T11:17:48.989362+02:00;standby;;28.9;31.0;31.0;56.5;57.0;0;0;1;41;16187.33;11280.0;4907.33;
2026-06-01T11:18:54.444384+02:00;standby;;29.0;31.0;31.0;56.4;57.0;0;0;1;41;16187.33;11280.0;4907.33;
2026-06-01T11:20:00.451125+02:00;standby;;;;31.0;;;0;;0;;;;;
2026-06-01T11:21:01.390488+02:00;standby;;29.0;31.0;31.0;56.4;57.0;0;0;1;41;16187.33;11280.0;4907.33;
2026-06-01T11:22:02.431932+02:00;standby;;29.0;31.0;31.0;56.4;57.0;0;0;1;41;16187.33;11280.0;4907.33;
2026-06-01T11:23:03.155393+02:00;standby;;28.9;31.0;31.0;56.4;57.0;0;0;1;41;16187.33;11280.0;4907.33;
2026-06-01T11:24:03.986311+02:00;standby;;28.9;31.0;31.0;56.4;57.0;0;0;1;41;16187.33;11280.0;4907.33;
2026-06-01T11:25:04.504886+02:00;standby;;28.7;31.0;31.0;56.4;57.0;0;0;1;41;16187.33;11280.0;4907.33;
2026-06-01T11:26:05.031163+02:00;standby;;28.6;31.0;31.0;56.4;57.0;0;0;1;41;16187.33;11280.0;4907.33;
2026-06-01T11:27:05.648466+02:00;standby;;28.5;31.0;31.0;56.4;57.0;0;0;1;41;16187.33;11280.0;4907.33;
2026-06-01T11:28:07.061482+02:00;standby;;28.3;31.0;31.0;56.4;57.0;0;0;1;41;16187.33;11280.0;4907.33;
2026-06-01T11:29:08.004774+02:00;standby;;28.3;31.0;31.0;56.3;57.0;0;0;1;41;16187.33;11280.0;4907.33;
2026-06-01T11:30:08.625706+02:00;standby;;28.3;31.0;31.0;56.3;57.0;0;0;1;41;16187.33;11280.0;4907.33;
2026-06-01T11:31:09.212433+02:00;standby;;28.3;31.0;31.0;56.3;57.0;0;0;1;41;16187.33;11280.0;4907.33;
2026-06-01T11:32:09.879030+02:00;standby;;28.2;31.0;31.0;56.3;57.0;0;0;1;41;16187.33;11280.0;4907.33;
2026-06-01T11:33:10.928767+02:00;standby;;28.2;31.0;31.0;56.3;57.0;0;0;1;41;16187.33;11280.0;4907.33;
2026-06-01T11:34:11.435058+02:00;standby;;28.2;31.0;31.0;56.3;57.0;0;0;1;41;16187.33;11280.0;4907.33;
2026-06-01T11:35:11.966033+02:00;standby;;28.2;31.0;31.0;56.3;57.0;0;0;1;41;16187.33;11280.0;4907.33;
2026-06-01T11:36:12.785620+02:00;standby;;28.2;31.0;31.0;56.3;57.0;0;0;1;41;16187.33;11280.0;4907.33;
2026-06-01T11:37:13.378783+02:00;standby;;28.2;31.0;31.0;56.3;57.0;0;0;1;41;16187.33;11280.0;4907.33;
2026-06-01T11:38:14.006750+02:00;standby;;28.2;31.0;31.0;56.3;57.0;0;0;1;41;16187.33;11280.0;4907.33;
2026-06-01T11:39:14.640755+02:00;standby;;28.2;31.0;31.0;56.3;57.0;0;0;1;41;16187.33;11280.0;4907.33;
2026-06-01T11:40:15.216901+02:00;standby;;28.2;31.0;31.0;56.3;57.0;0;0;1;41;16187.33;11280.0;4907.33;
2026-06-01T11:41:15.995417+02:00;standby;;28.0;31.0;31.0;56.2;57.0;0;0;1;41;16187.33;11280.0;4907.33;
2026-06-01T11:42:16.608569+02:00;standby;;28.0;31.0;31.0;56.2;57.0;0;0;1;41;16187.33;11280.0;4907.33;
2026-06-01T11:43:27.884592+02:00;standby;;;;;;;0;;0;;;;;
2026-06-01T11:44:31.798650+02:00;standby;;28.0;31.0;31.0;56.2;57.0;0;0;1;41;16187.33;11280.0;4907.33;
2026-06-01T11:45:41.914799+02:00;standby;;;;;;;0;;0;;;;;
2026-06-01T11:46:51.982235+02:00;heating;;29.3;31.0;;56.2;57.0;1;51;1;41;16187.34;11280.02;4907.33;
2026-06-01T11:47:07.155857+02:00;standby;;39.0;31.0;31.0;56.2;57.0;0;0;1;41;16187.36;11280.04;4907.33;32412.174
2026-06-01T11:47:30.632211+02:00;standby;;42.0;30.0;30.0;56.2;57.0;0;0;1;41;16187.36;11280.04;4907.33;32412.174
2026-06-01T11:47:44.322253+02:00;standby;;40.9;30.0;30.0;56.2;57.0;0;0;1;41;16187.36;11280.04;4907.33;32412.174
2026-06-01T11:48:09.412718+02:00;standby;;;;30.0;;;0;;0;;;;;32412.174
2026-06-01T11:48:25.056839+02:00;standby;;35.9;30.0;30.0;56.2;57.0;0;0;1;41;16187.36;11280.04;4907.33;32412.174
2026-06-01T11:48:35.896356+02:00;standby;;34.9;30.0;30.0;56.2;57.0;0;0;1;41;16187.36;11280.04;4907.33;32412.174
2026-06-01T11:49:36.513409+02:00;standby;;31.5;30.0;30.0;56.2;57.0;0;0;1;41;16187.36;11280.04;4907.33;32412.174
2026-06-01T11:50:37.045217+02:00;standby;;29.9;30.0;30.0;56.2;57.0;0;0;1;41;16187.36;11280.04;4907.33;32412.174
2026-06-01T11:51:37.774337+02:00;standby;;28.9;30.0;30.0;56.2;57.0;0;0;1;41;16187.36;11280.04;4907.33;32412.174
2026-06-01T11:52:38.309801+02:00;standby;;28.5;30.0;30.0;56.1;57.0;0;0;1;41;16187.36;11280.04;4907.33;32412.174
2026-06-01T11:53:38.898642+02:00;standby;;28.3;30.0;30.0;56.1;57.0;0;0;1;41;16187.36;11280.04;4907.33;32412.174
2026-06-01T11:54:39.685599+02:00;standby;;28.2;30.0;30.0;56.1;57.0;0;0;1;41;16187.36;11280.04;4907.33;32412.174
2026-06-01T11:55:40.251867+02:00;standby;;28.0;30.0;30.0;56.1;57.0;0;0;1;41;16187.36;11280.04;4907.33;32412.174
2026-06-01T11:56:40.964766+02:00;standby;;28.2;30.0;30.0;56.1;57.0;0;0;1;41;16187.36;11280.04;4907.33;32412.174
2026-06-01T11:57:42.315830+02:00;standby;;28.3;30.0;30.0;56.1;57.0;0;0;1;41;16187.36;11280.04;4907.33;32412.174
2026-06-01T11:58:42.857107+02:00;standby;;28.6;30.0;30.0;56.1;57.0;0;0;1;41;16187.36;11280.04;4907.33;32412.174
2026-06-01T11:59:43.374251+02:00;standby;;28.7;30.0;30.0;56.0;57.0;0;0;1;41;16187.36;11280.04;4907.33;32412.174
2026-06-01T12:00:43.972533+02:00;standby;;29.0;30.0;30.0;56.0;57.0;0;0;1;41;16187.36;11280.04;4907.33;32412.174
2026-06-01T12:01:44.480247+02:00;standby;;29.0;30.0;30.0;56.0;57.0;0;0;1;41;16187.36;11280.04;4907.33;32412.174
2026-06-01T12:02:45.076886+02:00;standby;;29.0;30.0;30.0;56.0;57.0;0;0;1;41;16187.36;11280.04;4907.33;32412.174
2026-06-01T12:03:45.851133+02:00;standby;;29.0;30.0;30.0;56.0;57.0;0;0;1;41;16187.36;11280.04;4907.33;32412.174
2026-06-01T12:04:46.658191+02:00;standby;19.9;28.9;30.0;30.0;56.0;57.0;0;0;1;37;16187.36;11280.04;4907.33;32412.174
2026-06-01T12:05:48.416818+02:00;standby;19.9;28.9;30.0;30.0;56.0;57.0;0;0;1;37;16187.36;11280.04;4907.33;32412.174
2026-06-01T12:06:49.025493+02:00;standby;19.9;28.7;30.0;30.0;56.0;57.0;0;0;1;37;16187.36;11280.04;4907.33;32412.174
2026-06-01T12:07:49.656232+02:00;standby;19.9;28.6;30.0;30.0;55.9;57.0;0;0;1;37;16187.36;11280.04;4907.33;32412.174
2026-06-01T12:08:50.682452+02:00;standby;19.9;28.5;30.0;30.0;55.9;57.0;0;0;1;37;16187.36;11280.04;4907.33;32412.174
2026-06-01T12:09:51.714563+02:00;standby;19.9;28.5;30.0;30.0;55.9;57.0;0;0;1;37;16187.36;11280.04;4907.33;32412.174
2026-06-01T12:10:52.461859+02:00;standby;19.9;28.3;30.0;30.0;55.9;57.0;0;0;1;37;16187.36;11280.04;4907.33;32412.174
2026-06-01T12:11:52.982577+02:00;standby;19.9;28.3;30.0;30.0;55.9;57.0;0;0;1;37;16187.36;11280.04;4907.33;32412.174
2026-06-01T12:12:53.511811+02:00;standby;19.9;28.3;30.0;30.0;55.9;57.0;0;0;1;37;16187.36;11280.04;4907.33;32412.174
2026-06-01T12:13:54.101041+02:00;standby;19.9;28.3;30.0;30.0;55.9;57.0;0;0;1;37;16187.36;11280.04;4907.33;32412.174
2026-06-01T12:14:54.749835+02:00;standby;19.9;28.3;30.0;30.0;55.8;57.0;0;0;1;37;16187.36;11280.04;4907.33;32412.174
2026-06-01T12:15:55.360321+02:00;standby;19.9;28.3;30.0;30.0;55.8;57.0;0;0;1;37;16187.36;11280.04;4907.33;32412.174
2026-06-01T12:16:56.207706+02:00;standby;19.9;28.3;30.0;30.0;55.8;57.0;0;0;1;41;16187.36;11280.04;4907.33;32412.174
2026-06-01T12:17:56.918278+02:00;standby;19.9;28.2;30.0;30.0;55.8;57.0;0;0;1;41;16187.36;11280.04;4907.33;32412.174
2026-06-01T12:18:57.418957+02:00;standby;19.9;28.3;30.0;30.0;55.8;57.0;0;0;1;37;16187.36;11280.04;4907.33;32412.174
2026-06-01T12:19:57.977933+02:00;standby;19.9;28.2;30.0;30.0;55.8;57.0;0;0;1;37;16187.36;11280.04;4907.33;32412.174
2026-06-01T12:20:58.563043+02:00;standby;19.9;28.2;30.0;30.0;55.8;57.0;0;0;1;37;16187.36;11280.04;4907.33;32412.174
2026-06-01T12:21:59.107474+02:00;standby;19.9;28.2;30.0;30.0;55.8;57.0;0;0;1;37;16187.36;11280.04;4907.33;32412.174
2026-06-01T12:22:59.624778+02:00;standby;19.9;28.2;30.0;30.0;55.7;57.0;0;0;1;37;16187.36;11280.04;4907.33;32412.174
2026-06-01T12:24:00.857473+02:00;standby;19.9;28.0;30.0;30.0;55.7;57.0;0;0;1;37;16187.36;11280.04;4907.33;32412.174
2026-06-01T12:25:01.434277+02:00;standby;19.9;28.0;30.0;30.0;55.7;57.0;0;0;1;37;16187.36;11280.04;4907.33;32412.174
2026-06-01T12:26:01.967004+02:00;standby;19.9;28.0;30.0;30.0;55.7;57.0;0;0;1;37;16187.36;11280.04;4907.33;32412.174
2026-06-01T12:27:02.555440+02:00;standby;19.9;28.0;30.0;30.0;55.6;57.0;0;0;1;37;16187.36;11280.04;4907.33;32412.174
2026-06-01T12:28:03.108515+02:00;standby;19.9;28.0;30.0;30.0;55.6;57.0;0;0;1;37;16187.36;11280.04;4907.33;32412.174
2026-06-01T12:29:03.735081+02:00;standby;19.9;28.0;30.0;30.0;55.6;57.0;0;0;1;37;16187.36;11280.04;4907.33;32412.174
2026-06-01T12:30:04.321960+02:00;standby;19.9;27.9;30.0;30.0;55.5;57.0;0;0;1;37;16187.36;11280.04;4907.33;32412.174
2026-06-01T12:31:06.101463+02:00;standby;19.9;27.9;30.0;30.0;55.5;57.0;0;0;1;37;16187.36;11280.04;4907.33;32412.174
2026-06-01T12:32:06.635305+02:00;standby;19.9;27.9;30.0;30.0;55.5;57.0;0;0;1;37;16187.36;11280.04;4907.33;32412.174
2026-06-01T12:33:07.160797+02:00;standby;19.9;27.9;30.0;30.0;55.5;57.0;0;0;1;37;16187.36;11280.04;4907.33;32412.174
2026-06-01T12:34:07.885469+02:00;standby;19.9;27.9;30.0;30.0;55.5;57.0;0;0;1;37;16187.36;11280.04;4907.33;32412.174
2026-06-01T12:35:08.562498+02:00;standby;19.9;27.9;30.0;30.0;55.5;57.0;0;0;1;37;16187.36;11280.04;4907.33;32412.174
2026-06-01T12:36:09.203607+02:00;standby;19.9;27.9;30.0;30.0;55.5;57.0;0;0;1;37;16187.36;11280.04;4907.33;32412.174
2026-06-01T12:37:09.749922+02:00;standby;19.9;27.9;30.0;30.0;55.5;57.0;0;0;1;37;16187.36;11280.04;4907.33;32412.174
2026-06-01T12:38:10.475501+02:00;standby;19.9;27.7;30.0;30.0;55.5;57.0;0;0;1;37;16187.36;11280.04;4907.33;32412.174
2026-06-01T12:39:11.245904+02:00;standby;19.9;27.7;30.0;30.0;55.4;57.0;0;0;1;37;16187.36;11280.04;4907.33;32412.174
2026-06-01T12:40:11.812114+02:00;standby;19.9;27.7;30.0;30.0;55.5;57.0;0;0;1;37;16187.36;11280.04;4907.33;32412.174
2026-06-01T12:41:12.450737+02:00;standby;19.9;27.7;30.0;30.0;55.4;57.0;0;0;1;37;16187.36;11280.04;4907.33;32412.174
2026-06-01T12:42:13.459595+02:00;standby;19.9;27.7;30.0;30.0;55.4;57.0;0;0;1;37;16187.36;11280.04;4907.33;32412.174
2026-06-01T12:43:14.070111+02:00;standby;19.9;27.7;30.0;30.0;55.4;57.0;0;0;1;37;16187.36;11280.04;4907.33;32412.174
2026-06-01T12:44:14.691269+02:00;standby;19.9;27.7;30.0;30.0;55.4;57.0;0;0;1;37;16187.36;11280.04;4907.33;32412.174
2026-06-01T12:45:16.197734+02:00;standby;19.9;27.7;30.0;30.0;55.4;57.0;0;0;1;37;16187.36;11280.04;4907.33;32412.174
2026-06-01T12:46:17.058282+02:00;standby;19.9;27.6;30.0;30.0;55.4;57.0;0;0;1;37;16187.36;11280.04;4907.33;32412.174
2026-06-01T12:47:17.647794+02:00;standby;19.9;27.6;30.0;30.0;55.4;57.0;0;0;1;37;16187.36;11280.04;4907.33;32412.174
2026-06-01T12:48:18.199655+02:00;standby;19.9;27.6;30.0;30.0;55.4;57.0;0;0;1;37;16187.36;11280.04;4907.33;32412.174
2026-06-01T12:49:19.041629+02:00;standby;19.9;27.6;30.0;30.0;55.3;57.0;0;0;1;37;16187.36;11280.04;4907.33;32412.174
2026-06-01T12:50:19.609849+02:00;standby;19.9;40.1;30.0;30.0;55.3;57.0;0;0;1;37;16187.4;11280.08;4907.33;32412.174
2026-06-01T12:51:20.337784+02:00;standby;19.9;36.9;30.0;30.0;55.3;57.0;0;0;1;37;16187.4;11280.08;4907.33;32412.174
2026-06-01T12:52:20.968492+02:00;standby;19.9;31.9;30.0;30.0;55.3;57.0;0;0;1;37;16187.4;11280.08;4907.33;32412.174
2026-06-01T12:53:21.837465+02:00;standby;19.9;29.9;30.0;30.0;55.3;57.0;0;0;1;37;16187.4;11280.08;4907.33;32412.174
2026-06-01T12:54:22.560821+02:00;standby;19.9;28.9;30.0;30.0;55.3;57.0;0;0;1;37;16187.4;11280.08;4907.33;32412.174
2026-06-01T12:55:23.086893+02:00;standby;19.9;28.3;30.0;30.0;55.3;57.0;0;0;1;41;16187.4;11280.08;4907.33;32412.174
2026-06-01T12:56:23.726073+02:00;standby;19.9;28.0;30.0;30.0;55.3;57.0;0;0;1;41;16187.4;11280.08;4907.33;32412.174
2026-06-01T12:57:24.319520+02:00;standby;19.9;27.9;30.0;30.0;55.3;57.0;0;0;1;41;16187.4;11280.08;4907.33;32412.174
2026-06-01T12:58:25.001178+02:00;standby;19.9;27.9;30.0;30.0;55.2;57.0;0;0;1;41;16187.4;11280.08;4907.33;32412.174
2026-06-01T12:59:26.180645+02:00;standby;19.9;27.7;30.0;30.0;55.2;57.0;0;0;1;41;16187.4;11280.08;4907.33;32412.174
2026-06-01T13:00:27.536554+02:00;standby;19.9;27.9;29.0;29.0;55.2;57.0;0;0;1;41;16187.4;11280.08;4907.33;32412.174
2026-06-01T13:01:28.210824+02:00;standby;19.9;28.2;29.0;29.0;55.2;57.0;0;0;1;41;16187.4;11280.08;4907.33;32412.174
2026-06-01T13:02:28.860251+02:00;standby;19.9;28.5;29.0;29.0;55.2;57.0;0;0;1;41;16187.4;11280.08;4907.33;32412.174
2026-06-01T13:03:29.573613+02:00;standby;19.9;28.6;29.0;29.0;55.2;57.0;0;0;1;41;16187.4;11280.08;4907.33;32412.174
2026-06-01T13:04:30.217573+02:00;standby;19.9;28.7;29.0;29.0;55.2;57.0;0;0;1;41;16187.4;11280.08;4907.33;32412.174
2026-06-01T13:05:30.888934+02:00;standby;20.7;28.7;29.0;29.0;55.2;57.0;0;0;1;41;16187.4;11280.08;4907.33;32412.174
2026-06-01T13:06:31.754928+02:00;standby;20.7;28.7;29.0;29.0;55.2;57.0;0;0;1;41;16187.4;11280.08;4907.33;32412.174
2026-06-01T13:07:32.348417+02:00;standby;20.7;28.7;29.0;29.0;55.1;57.0;0;0;1;41;16187.4;11280.08;4907.33;32412.174
2026-06-01T13:08:32.882653+02:00;standby;20.7;28.6;29.0;29.0;55.1;57.0;0;0;1;41;16187.4;11280.08;4907.33;32412.174
2026-06-01T13:09:33.426222+02:00;standby;20.7;28.5;29.0;29.0;54.9;57.0;0;0;1;41;16187.4;11280.08;4907.33;32412.174
2026-06-01T13:10:34.005499+02:00;standby;20.7;28.3;29.0;29.0;54.9;57.0;0;0;1;41;16187.4;11280.08;4907.33;32412.174
2026-06-01T13:11:34.813557+02:00;standby;20.7;28.3;29.0;29.0;54.8;57.0;0;0;1;41;16187.4;11280.08;4907.33;32412.174
2026-06-01T13:12:35.402171+02:00;standby;20.7;28.2;29.0;29.0;54.8;57.0;0;0;1;41;16187.4;11280.08;4907.33;32412.174
2026-06-01T13:13:36.055283+02:00;standby;20.7;28.2;29.0;29.0;54.8;57.0;0;0;1;41;16187.4;11280.08;4907.33;32412.174
2026-06-01T13:14:36.613427+02:00;standby;20.7;28.0;29.0;29.0;54.8;57.0;0;0;1;41;16187.4;11280.08;4907.33;32412.174
2026-06-01T13:15:37.304086+02:00;standby;20.7;28.0;29.0;29.0;54.8;57.0;0;0;1;37;16187.4;11280.08;4907.33;32412.174
2026-06-01T13:16:37.968132+02:00;standby;20.7;28.0;29.0;29.0;54.7;57.0;0;0;1;37;16187.4;11280.08;4907.33;32412.174
2026-06-01T13:17:38.501851+02:00;standby;20.7;28.0;29.0;29.0;54.7;57.0;0;0;1;37;16187.4;11280.08;4907.33;32412.174
2026-06-01T13:18:39.058826+02:00;standby;20.7;28.0;29.0;29.0;54.7;57.0;0;0;1;37;16187.4;11280.08;4907.33;32412.174
2026-06-01T13:19:39.721264+02:00;standby;20.7;28.0;29.0;29.0;54.7;57.0;0;0;1;41;16187.4;11280.08;4907.33;32412.174
2026-06-01T13:20:40.263540+02:00;standby;20.7;28.0;29.0;29.0;54.7;57.0;0;0;1;41;16187.4;11280.08;4907.33;32412.174
2026-06-01T13:21:40.871128+02:00;standby;20.7;28.0;29.0;29.0;54.7;57.0;0;0;1;41;16187.4;11280.08;4907.33;32412.174
2026-06-01T13:22:41.692392+02:00;standby;20.7;28.0;29.0;29.0;54.6;57.0;0;0;1;41;16187.4;11280.08;4907.33;32412.174
2026-06-01T13:23:42.221109+02:00;standby;20.7;28.0;29.0;29.0;54.7;57.0;0;0;1;41;16187.4;11280.08;4907.33;32412.174
2026-06-01T13:24:42.793492+02:00;standby;20.7;27.9;29.0;29.0;54.6;57.0;0;0;1;41;16187.4;11280.08;4907.33;32412.174
2026-06-01T13:25:43.357170+02:00;standby;20.7;27.9;29.0;29.0;54.6;57.0;0;0;1;41;16187.4;11280.08;4907.33;32412.174
2026-06-01T13:26:44.052926+02:00;standby;20.7;27.9;29.0;29.0;54.6;57.0;0;0;1;41;16187.4;11280.08;4907.33;32412.174
2026-06-01T13:27:44.755164+02:00;standby;20.7;27.9;29.0;29.0;54.6;57.0;0;0;1;41;16187.4;11280.08;4907.33;32412.174
2026-06-01T13:28:45.601585+02:00;standby;20.7;27.9;29.0;29.0;54.6;57.0;0;0;1;41;16187.4;11280.08;4907.33;32412.174
2026-06-01T13:29:46.253659+02:00;standby;20.7;27.7;29.0;29.0;54.6;57.0;0;0;1;41;16187.4;11280.08;4907.33;32412.174
2026-06-01T13:30:46.870380+02:00;standby;20.7;27.7;29.0;29.0;54.6;57.0;0;0;1;41;16187.4;11280.08;4907.33;32412.174
2026-06-01T13:31:47.468162+02:00;standby;20.7;27.7;29.0;29.0;54.6;57.0;0;0;1;41;16187.4;11280.08;4907.33;32412.174
2026-06-01T13:32:48.283813+02:00;standby;20.7;27.7;29.0;29.0;54.5;57.0;0;0;1;41;16187.4;11280.08;4907.33;32412.174
2026-06-01T13:33:49.058454+02:00;standby;20.7;27.7;29.0;29.0;54.5;57.0;0;0;1;41;16187.4;11280.08;4907.33;32412.174
2026-06-01T13:34:49.576307+02:00;standby;20.7;27.7;29.0;29.0;54.5;57.0;0;0;1;41;16187.4;11280.08;4907.33;32412.174
2026-06-01T13:35:50.182647+02:00;standby;20.7;27.7;29.0;29.0;54.5;57.0;0;0;1;41;16187.4;11280.08;4907.33;32412.174
2026-06-01T13:36:50.889185+02:00;standby;20.7;27.7;29.0;28.0;54.5;57.0;0;0;1;37;16187.4;11280.08;4907.33;32412.174
2026-06-01T13:37:51.499310+02:00;standby;20.7;27.7;28.0;28.0;54.5;57.0;0;0;1;37;16187.4;11280.08;4907.33;32412.174
2026-06-01T13:38:52.023003+02:00;standby;20.7;27.6;28.0;28.0;54.5;57.0;0;0;1;37;16187.4;11280.08;4907.33;32412.174
2026-06-01T13:39:52.582745+02:00;standby;20.7;27.6;28.0;28.0;54.5;57.0;0;0;1;37;16187.4;11280.08;4907.33;32412.174
2026-06-01T13:40:53.143029+02:00;standby;20.7;27.6;28.0;28.0;54.4;57.0;0;0;1;37;16187.4;11280.08;4907.33;32412.174
2026-06-01T13:41:53.927725+02:00;standby;20.7;27.6;28.0;28.0;54.4;57.0;0;0;1;37;16187.4;11280.08;4907.33;32412.174
2026-06-01T13:42:54.659536+02:00;standby;20.7;27.6;28.0;28.0;54.4;57.0;0;0;1;37;16187.4;11280.08;4907.33;32412.174
2026-06-01T13:43:56.295235+02:00;standby;20.7;27.6;28.0;28.0;54.4;57.0;0;0;1;37;16187.4;11280.08;4907.33;32412.174
2026-06-01T13:44:57.166628+02:00;standby;20.7;27.6;28.0;28.0;54.4;57.0;0;0;1;37;16187.4;11280.08;4907.33;32412.174
2026-06-01T13:45:57.740974+02:00;standby;20.7;27.6;28.0;28.0;54.4;57.0;0;0;1;37;16187.4;11280.08;4907.33;32412.174
2026-06-01T13:46:58.317009+02:00;standby;20.7;27.6;28.0;28.0;54.4;57.0;0;0;1;37;16187.4;11280.08;4907.33;32412.174
2026-06-01T13:47:58.995126+02:00;standby;20.7;27.5;28.0;28.0;54.4;57.0;0;0;1;37;16187.4;11280.08;4907.33;32412.174
2026-06-01T13:48:59.573133+02:00;standby;20.7;27.5;28.0;28.0;54.4;57.0;0;0;1;37;16187.4;11280.08;4907.33;32412.174
2026-06-01T13:50:00.325688+02:00;standby;20.7;27.5;28.0;28.0;54.3;57.0;0;0;1;37;16187.4;11280.08;4907.33;32412.174
2026-06-01T13:51:00.843094+02:00;standby;20.7;27.5;28.0;28.0;54.3;57.0;0;0;1;37;16187.4;11280.08;4907.33;32412.174
2026-06-01T13:52:01.836744+02:00;standby;20.7;27.5;28.0;28.0;54.3;57.0;0;0;1;37;16187.4;11280.08;4907.33;32412.174
2026-06-01T13:53:02.713914+02:00;standby;20.7;27.5;28.0;28.0;54.3;57.0;0;0;1;37;16187.4;11280.08;4907.33;32412.174
2026-06-01T13:54:03.294447+02:00;standby;20.7;27.5;28.0;28.0;54.3;57.0;0;0;1;37;16187.4;11280.08;4907.33;32412.174
2026-06-01T13:55:03.843864+02:00;standby;20.7;27.5;28.0;28.0;54.3;57.0;0;0;1;37;16187.4;11280.08;4907.33;32412.174
2026-06-01T13:56:04.362123+02:00;standby;20.7;27.5;28.0;28.0;54.3;57.0;0;0;1;37;16187.4;11280.08;4907.33;32412.174
2026-06-01T13:57:05.190120+02:00;standby;20.7;27.3;28.0;28.0;54.3;57.0;0;0;1;37;16187.4;11280.08;4907.33;32412.174
2026-06-01T13:58:05.782531+02:00;standby;20.7;27.3;28.0;28.0;54.2;57.0;0;0;1;37;16187.4;11280.08;4907.33;32412.174
2026-06-01T13:59:07.123286+02:00;standby;20.7;27.3;28.0;28.0;54.2;57.0;0;0;1;37;16187.4;11280.08;4907.33;32412.174
2026-06-01T14:00:07.726720+02:00;standby;20.7;27.3;28.0;28.0;54.2;57.0;0;0;1;37;16187.4;11280.08;4907.33;32412.174
2026-06-01T14:01:08.396010+02:00;standby;20.7;27.3;5.0;28.0;54.2;57.0;0;0;1;10;16187.4;11280.08;4907.33;32412.174
2026-06-01T14:02:08.964554+02:00;standby;20.7;27.3;5.0;28.0;54.2;57.0;0;0;1;10;16187.4;11280.08;4907.33;32412.174
2026-06-01T14:03:09.705999+02:00;standby;20.7;27.3;5.0;28.0;54.1;57.0;0;0;1;10;16187.4;11280.08;4907.33;32412.174
2026-06-01T14:04:10.258466+02:00;standby;20.7;27.3;5.0;28.0;54.0;57.0;0;0;1;10;16187.4;11280.08;4907.33;32412.174
2026-06-01T14:05:10.777609+02:00;standby;20.7;27.3;5.0;28.0;54.0;57.0;0;0;1;10;16187.4;11280.08;4907.33;32412.174
2026-06-01T14:06:11.274054+02:00;standby;22.6;27.3;5.0;28.0;54.0;57.0;0;0;0;10;16187.4;11280.08;4907.33;32412.174
2026-06-01T14:07:11.773059+02:00;standby;22.6;27.3;5.0;28.0;54.0;57.0;0;0;0;0;16187.4;11280.08;4907.33;32412.174
2026-06-01T14:08:12.282143+02:00;standby;22.6;27.3;5.0;28.0;54.0;57.0;0;0;0;0;16187.4;11280.08;4907.33;32412.174
2026-06-01T14:09:13.038745+02:00;standby;22.6;27.3;5.0;28.0;53.9;57.0;0;0;0;0;16187.4;11280.08;4907.33;32412.174
2026-06-01T14:10:13.624567+02:00;standby;22.6;27.3;5.0;28.0;53.9;57.0;0;0;0;0;16187.4;11280.08;4907.33;32412.174
2026-06-01T14:11:14.659404+02:00;standby;22.6;27.3;5.0;28.0;53.9;57.0;0;0;0;0;16187.4;11280.08;4907.33;32412.174
2026-06-01T14:12:15.197552+02:00;standby;22.6;27.2;5.0;28.0;53.9;57.0;0;0;0;0;16187.4;11280.08;4907.33;32412.174
2026-06-01T14:13:15.854561+02:00;standby;22.6;27.3;5.0;28.0;53.8;57.0;0;0;0;0;16187.4;11280.08;4907.33;32412.174
2026-06-01T14:14:16.850369+02:00;standby;22.6;27.2;5.0;28.0;53.8;57.0;0;0;0;0;16187.4;11280.08;4907.33;32412.174
2026-06-01T14:15:17.383590+02:00;standby;22.6;27.2;5.0;28.0;53.7;57.0;0;0;0;0;16187.4;11280.08;4907.33;32412.174
2026-06-01T14:16:17.980444+02:00;standby;22.6;27.2;5.0;28.0;53.7;57.0;0;0;0;0;16187.4;11280.08;4907.33;32412.174
2026-06-01T14:17:18.513311+02:00;standby;22.6;27.2;5.0;28.0;53.7;57.0;0;0;0;0;16187.4;11280.08;4907.33;32412.174
2026-06-01T14:18:19.039192+02:00;standby;22.6;27.2;5.0;28.0;53.7;57.0;0;0;0;0;16187.4;11280.08;4907.33;32412.174
2026-06-01T14:19:19.745786+02:00;standby;22.6;27.2;5.0;28.0;53.7;57.0;0;0;0;0;16187.4;11280.08;4907.33;32412.174
2026-06-01T14:20:20.278934+02:00;standby;22.6;27.2;5.0;28.0;53.7;57.0;0;0;0;0;16187.4;11280.08;4907.33;32412.174
2026-06-01T14:21:21.141217+02:00;standby;22.6;27.2;5.0;28.0;53.6;57.0;0;0;0;0;16187.4;11280.08;4907.33;32412.174
2026-06-01T14:22:21.697561+02:00;standby;22.6;27.2;5.0;28.0;53.6;57.0;0;0;0;0;16187.4;11280.08;4907.33;32412.174
2026-06-01T14:23:22.283322+02:00;standby;22.6;27.2;5.0;28.0;53.6;57.0;0;0;0;0;16187.4;11280.08;4907.33;32412.174
2026-06-01T14:24:23.695564+02:00;standby;22.6;27.2;5.0;28.0;53.6;57.0;0;0;0;0;16187.4;11280.08;4907.33;32412.174
2026-06-01T14:25:24.236905+02:00;standby;22.6;27.2;5.0;28.0;53.6;57.0;0;0;0;0;16187.4;11280.08;4907.33;32412.174
2026-06-01T14:26:25.222279+02:00;standby;22.6;27.2;5.0;28.0;53.6;57.0;0;0;0;0;16187.4;11280.08;4907.33;32412.174
2026-06-01T14:27:25.992113+02:00;standby;22.6;27.2;5.0;28.0;53.5;57.0;0;0;0;0;16187.4;11280.08;4907.33;32412.174
2026-06-01T14:28:26.982411+02:00;standby;22.6;27.2;5.0;28.0;53.4;57.0;0;0;0;0;16187.4;11280.08;4907.33;32412.174
2026-06-01T14:29:27.556175+02:00;standby;22.6;27.2;5.0;28.0;53.3;57.0;0;0;0;0;16187.4;11280.08;4907.33;32412.174
2026-06-01T14:30:28.129160+02:00;standby;22.6;27.2;5.0;28.0;53.3;57.0;0;0;0;0;16187.4;11280.08;4907.33;32412.174
2026-06-01T14:31:28.985546+02:00;standby;22.6;27.2;5.0;28.0;53.2;57.0;0;0;0;0;16187.4;11280.08;4907.33;32412.174
2026-06-01T14:32:29.679798+02:00;standby;22.6;27.2;5.0;28.0;53.2;57.0;0;0;0;0;16187.4;11280.08;4907.33;32412.174
2026-06-01T14:33:30.282604+02:00;standby;22.6;27.2;5.0;28.0;53.2;57.0;0;0;0;0;16187.4;11280.08;4907.33;32412.174
2026-06-01T14:34:31.121746+02:00;standby;22.6;27.2;5.0;28.0;52.9;57.0;0;0;0;0;16187.4;11280.08;4907.33;32412.174
2026-06-01T14:35:32.089231+02:00;standby;22.6;27.2;5.0;28.0;52.7;57.0;0;0;0;0;16187.4;11280.08;4907.33;32412.174
2026-06-01T14:36:33.025150+02:00;standby;22.6;27.2;5.0;28.0;52.5;57.0;0;0;0;0;16187.4;11280.08;4907.33;32412.174
2026-06-01T14:37:33.708920+02:00;standby;22.6;27.2;5.0;28.0;52.4;57.0;0;0;0;0;16187.4;11280.08;4907.33;32412.174
2026-06-01T14:38:34.234611+02:00;standby;22.6;27.2;5.0;28.0;52.3;57.0;0;0;0;0;16187.4;11280.08;4907.33;32412.174
2026-06-01T14:39:34.842088+02:00;standby;22.6;27.2;5.0;28.0;52.2;57.0;0;0;0;0;16187.4;11280.08;4907.33;32412.174
2026-06-01T14:40:35.672094+02:00;standby;22.6;27.2;5.0;28.0;52.1;57.0;0;0;0;0;16187.4;11280.08;4907.33;32412.174
2026-06-01T14:41:36.273246+02:00;standby;22.6;27.2;5.0;28.0;52.0;57.0;0;0;0;0;16187.4;11280.08;4907.33;32412.174
2026-06-01T14:42:36.855632+02:00;standby;22.6;27.2;5.0;28.0;52.0;57.0;0;0;0;0;16187.4;11280.08;4907.33;32412.174
2026-06-01T14:43:37.648728+02:00;standby;22.6;27.2;5.0;28.0;52.0;57.0;0;0;0;0;16187.4;11280.08;4907.33;32412.174
2026-06-01T14:44:38.300634+02:00;standby;22.6;27.2;5.0;28.0;52.0;57.0;0;0;0;0;16187.4;11280.08;4907.33;32412.174
2026-06-01T14:45:38.860509+02:00;standby;22.6;27.2;5.0;28.0;52.0;57.0;0;0;0;0;16187.4;11280.08;4907.33;32412.174
2026-06-01T14:46:39.397638+02:00;standby;22.6;27.2;5.0;28.0;51.9;57.0;0;0;0;0;16187.4;11280.08;4907.33;32412.174
2026-06-01T14:47:39.917582+02:00;standby;22.6;27.2;5.0;28.0;51.9;57.0;0;0;0;0;16187.4;11280.08;4907.33;32412.174
2026-06-01T14:48:40.530807+02:00;standby;22.6;27.2;5.0;28.0;51.9;57.0;0;0;0;0;16187.4;11280.08;4907.33;32412.174
2026-06-01T14:49:41.100029+02:00;standby;22.6;27.2;5.0;28.0;51.9;57.0;0;0;0;0;16187.4;11280.08;4907.33;32412.174
2026-06-01T14:50:41.871019+02:00;standby;22.6;27.2;5.0;28.0;51.9;57.0;0;0;0;0;16187.4;11280.08;4907.33;32412.174
2026-06-01T14:51:42.394170+02:00;standby;22.6;27.2;5.0;28.0;51.9;57.0;0;0;0;0;16187.4;11280.08;4907.33;32412.174
2026-06-01T14:52:42.949090+02:00;standby;22.6;27.2;5.0;28.0;51.9;57.0;0;0;0;0;16187.4;11280.08;4907.33;32412.174
2026-06-01T14:53:43.776576+02:00;standby;22.6;27.2;5.0;28.0;51.9;57.0;0;0;0;0;16187.4;11280.08;4907.33;32412.174
2026-06-01T14:54:44.397273+02:00;standby;22.6;27.2;5.0;28.0;51.8;57.0;0;0;0;0;16187.4;11280.08;4907.33;32412.174
2026-06-01T14:55:45.085187+02:00;standby;22.6;27.2;5.0;28.0;51.8;57.0;0;0;0;0;16187.4;11280.08;4907.33;32412.174
2026-06-01T14:56:45.625239+02:00;standby;22.6;27.2;5.0;28.0;51.8;57.0;0;0;0;0;16187.4;11280.08;4907.33;32412.174
2026-06-01T14:57:46.244620+02:00;standby;22.6;27.2;5.0;28.0;51.8;57.0;0;0;0;0;16187.4;11280.08;4907.33;32412.174
2026-06-01T14:58:47.059727+02:00;standby;22.6;27.2;5.0;28.0;51.8;57.0;0;0;0;0;16187.4;11280.08;4907.33;32412.174
2026-06-01T14:59:48.222608+02:00;standby;22.6;27.2;5.0;28.0;51.8;57.0;0;0;0;0;16187.4;11280.08;4907.33;32412.174
2026-06-01T15:00:50.275761+02:00;standby;22.6;27.2;5.0;28.0;51.8;57.0;0;0;0;0;16187.4;11280.08;4907.33;32412.174
2026-06-01T15:01:50.862075+02:00;standby;22.6;27.2;5.0;28.0;51.8;57.0;0;0;0;0;16187.4;11280.08;4907.33;32412.174
2026-06-01T15:02:51.521023+02:00;standby;22.6;27.2;5.0;28.0;51.7;57.0;0;0;0;0;16187.4;11280.08;4907.33;32412.174
2026-06-01T15:03:52.822921+02:00;standby;22.6;27.2;5.0;28.0;51.7;57.0;0;0;0;0;16187.4;11280.08;4907.33;32412.174
2026-06-01T15:04:53.464187+02:00;standby;22.6;27.2;5.0;28.0;51.7;57.0;0;0;0;0;16187.4;11280.08;4907.33;32412.174
2026-06-01T15:05:53.976381+02:00;standby;22.6;27.2;5.0;28.0;51.7;57.0;0;0;0;0;16187.4;11280.08;4907.33;32412.174
2026-06-01T15:06:54.687790+02:00;standby;22.5;27.2;5.0;28.0;51.7;57.0;0;0;0;0;16187.4;11280.08;4907.33;32412.174
2026-06-01T15:07:55.814135+02:00;standby;22.5;27.2;5.0;28.0;51.7;57.0;0;0;0;0;16187.4;11280.08;4907.33;32412.174
2026-06-01T15:08:56.341387+02:00;standby;22.5;27.2;5.0;28.0;51.6;57.0;0;0;0;0;16187.4;11280.08;4907.33;32412.174
2026-06-01T15:09:57.001741+02:00;standby;22.5;27.2;5.0;28.0;51.6;57.0;0;0;0;0;16187.4;11280.08;4907.33;32412.174
2026-06-01T15:10:57.546169+02:00;standby;22.5;27.2;5.0;28.0;51.6;57.0;0;0;0;0;16187.4;11280.08;4907.33;32412.174
2026-06-01T15:11:58.304198+02:00;standby;22.5;27.2;5.0;28.0;51.6;57.0;0;0;0;0;16187.4;11280.08;4907.33;32412.174
2026-06-01T15:12:58.842428+02:00;standby;22.5;27.2;5.0;28.0;51.5;57.0;0;0;0;0;16187.4;11280.08;4907.33;32412.174
2026-06-01T15:13:59.462946+02:00;standby;22.5;27.2;5.0;28.0;51.4;57.0;0;0;0;0;16187.4;11280.08;4907.33;32412.174
2026-06-01T15:15:00.063805+02:00;standby;22.5;27.2;5.0;28.0;51.3;57.0;0;0;0;0;16187.4;11280.08;4907.33;32412.174
2026-06-01T15:16:00.892426+02:00;standby;22.5;27.2;5.0;28.0;51.1;57.0;0;0;0;0;16187.4;11280.08;4907.33;32412.174
2026-06-01T15:17:01.532843+02:00;standby;22.5;27.2;5.0;28.0;51.1;57.0;0;0;0;0;16187.4;11280.08;4907.33;32412.174
2026-06-01T15:18:02.176344+02:00;standby;22.5;27.2;5.0;28.0;50.9;57.0;0;0;0;0;16187.4;11280.08;4907.33;32412.174
2026-06-01T15:19:02.763173+02:00;standby;22.5;27.2;5.0;28.0;50.9;57.0;0;0;0;0;16187.4;11280.08;4907.33;32412.174
2026-06-01T15:20:03.309567+02:00;standby;22.5;27.2;5.0;28.0;50.9;57.0;0;0;0;0;16187.4;11280.08;4907.33;32412.174
2026-06-01T15:21:03.833578+02:00;standby;22.5;27.2;5.0;28.0;50.9;57.0;0;0;0;0;16187.4;11280.08;4907.33;32412.174
2026-06-01T15:22:05.061093+02:00;standby;22.5;27.2;5.0;28.0;50.9;57.0;0;0;0;0;16187.4;11280.08;4907.33;32412.174
2026-06-01T15:23:05.803209+02:00;standby;22.5;27.2;5.0;28.0;50.9;57.0;0;0;0;0;16187.4;11280.08;4907.33;32412.174
2026-06-01T15:24:06.306007+02:00;standby;22.5;27.2;5.0;28.0;50.8;57.0;0;0;0;0;16187.4;11280.08;4907.33;32412.174
2026-06-01T15:25:07.533818+02:00;standby;22.5;27.2;5.0;28.0;50.8;57.0;0;0;0;0;16187.4;11280.08;4907.33;32412.174
2026-06-01T15:26:08.069924+02:00;standby;22.5;27.2;5.0;28.0;50.8;57.0;0;0;0;0;16187.4;11280.08;4907.33;32412.174
2026-06-01T15:27:08.589606+02:00;standby;22.5;27.2;5.0;28.0;50.8;57.0;0;0;0;0;16187.4;11280.08;4907.33;32412.174
2026-06-01T15:28:09.178609+02:00;standby;22.5;27.2;5.0;28.0;50.8;57.0;0;0;0;0;16187.4;11280.08;4907.33;32412.174
2026-06-01T15:29:09.848761+02:00;standby;22.5;27.2;5.0;28.0;50.8;57.0;0;0;0;0;16187.4;11280.08;4907.33;32412.174
2026-06-01T15:30:10.367623+02:00;standby;22.5;27.2;5.0;28.0;50.8;57.0;0;0;0;0;16187.4;11280.08;4907.33;32412.174
2026-06-01T15:31:10.968957+02:00;standby;22.5;27.2;5.0;28.0;50.8;57.0;0;0;0;0;16187.4;11280.08;4907.33;32412.174
2026-06-01T15:32:11.698029+02:00;standby;22.5;27.2;5.0;28.0;50.7;57.0;0;0;0;0;16187.4;11280.08;4907.33;32412.174
2026-06-01T15:33:12.212292+02:00;standby;22.5;27.2;5.0;28.0;50.7;57.0;0;0;0;0;16187.4;11280.08;4907.33;32412.174
2026-06-01T15:34:12.833608+02:00;standby;22.5;27.2;5.0;28.0;50.7;57.0;0;0;0;0;16187.4;11280.08;4907.33;32412.174
2026-06-01T15:35:13.359714+02:00;standby;22.5;27.2;5.0;28.0;50.7;57.0;0;0;0;0;16187.4;11280.08;4907.33;32412.174
2026-06-01T15:36:14.080643+02:00;standby;22.5;27.2;5.0;28.0;50.7;57.0;0;0;0;0;16187.4;11280.08;4907.33;32412.174
2026-06-01T15:37:14.601772+02:00;standby;22.5;27.2;5.0;28.0;50.7;57.0;0;0;0;0;16187.4;11280.08;4907.33;32412.174
2026-06-01T15:38:15.117717+02:00;standby;22.5;27.2;5.0;28.0;50.7;57.0;0;0;0;0;16187.4;11280.08;4907.33;32412.174
2026-06-01T15:39:15.639492+02:00;standby;22.5;27.2;5.0;28.0;50.6;57.0;0;0;0;0;16187.4;11280.08;4907.33;32412.174
2026-06-01T15:40:16.277987+02:00;standby;22.5;27.2;5.0;28.0;50.6;57.0;0;0;0;0;16187.4;11280.08;4907.33;32412.174
2026-06-01T15:41:16.779880+02:00;standby;22.5;27.2;5.0;28.0;50.6;57.0;0;0;0;0;16187.4;11280.08;4907.33;32412.174
2026-06-01T15:42:17.370050+02:00;standby;22.5;27.2;5.0;28.0;50.6;57.0;0;0;0;0;16187.4;11280.08;4907.33;32412.174
2026-06-01T15:43:18.129539+02:00;standby;22.5;27.2;5.0;28.0;50.6;57.0;0;0;0;0;16187.4;11280.08;4907.33;32412.174
2026-06-01T15:44:18.654236+02:00;standby;22.5;27.2;5.0;28.0;50.6;57.0;0;0;0;0;16187.4;11280.08;4907.33;32412.174
2026-06-01T15:45:19.241713+02:00;standby;22.5;27.2;5.0;28.0;50.6;57.0;0;0;0;0;16187.4;11280.08;4907.33;32412.174
2026-06-01T15:46:20.096069+02:00;standby;22.5;27.2;5.0;28.0;50.6;57.0;0;0;0;0;16187.4;11280.08;4907.33;32412.174
2026-06-01T15:47:21.129868+02:00;standby;22.5;27.2;5.0;28.0;50.5;57.0;0;0;0;0;16187.4;11280.08;4907.33;32412.174
2026-06-01T15:48:21.644783+02:00;standby;22.5;27.2;5.0;28.0;50.5;57.0;0;0;0;0;16187.4;11280.08;4907.33;32412.174
2026-06-01T15:49:22.184964+02:00;standby;22.5;27.2;5.0;28.0;50.5;57.0;0;0;0;0;16187.4;11280.08;4907.33;32412.174
2026-06-01T15:50:23.078899+02:00;standby;22.5;27.2;5.0;28.0;50.5;57.0;0;0;0;0;16187.4;11280.08;4907.33;32412.174
2026-06-01T15:51:23.819722+02:00;standby;22.5;27.2;5.0;28.0;50.5;57.0;0;0;0;0;16187.4;11280.08;4907.33;32412.174
2026-06-01T15:52:24.505850+02:00;standby;22.5;27.2;5.0;28.0;50.5;57.0;0;0;0;0;16187.4;11280.08;4907.33;32412.174
2026-06-01T15:53:25.051344+02:00;standby;22.5;27.2;5.0;28.0;50.5;57.0;0;0;0;0;16187.4;11280.08;4907.33;32412.174
2026-06-01T15:54:25.572952+02:00;standby;22.5;27.2;5.0;28.0;50.5;57.0;0;0;0;0;16187.4;11280.08;4907.33;32412.174
2026-06-01T15:55:26.063781+02:00;standby;22.5;27.0;5.0;28.0;50.5;57.0;0;0;0;0;16187.4;11280.08;4907.33;32412.174
2026-06-01T15:56:26.624920+02:00;standby;22.5;27.0;5.0;28.0;50.4;57.0;0;0;0;0;16187.4;11280.08;4907.33;32412.174
2026-06-01T15:57:27.341743+02:00;standby;22.5;27.2;5.0;28.0;50.4;57.0;0;0;0;0;16187.4;11280.08;4907.33;32412.174
2026-06-01T15:58:27.939435+02:00;standby;22.5;27.2;5.0;28.0;50.4;57.0;0;0;0;0;16187.4;11280.08;4907.33;32412.174
2026-06-01T15:59:28.559173+02:00;standby;22.5;27.2;5.0;28.0;50.4;57.0;0;0;0;0;16187.4;11280.08;4907.33;32412.174
2026-06-01T16:00:29.107309+02:00;standby;22.5;27.2;5.0;28.0;50.4;57.0;0;0;0;0;16187.4;11280.08;4907.33;32412.174
2026-06-01T16:01:29.739984+02:00;standby;22.5;27.2;5.0;28.0;50.4;57.0;0;0;0;0;16187.4;11280.08;4907.33;32412.174
2026-06-01T16:02:30.959722+02:00;standby;22.5;27.0;5.0;28.0;50.4;57.0;0;0;0;0;16187.4;11280.08;4907.33;32412.174
2026-06-01T16:03:31.577304+02:00;standby;22.5;27.0;5.0;28.0;50.4;57.0;0;0;0;0;16187.4;11280.08;4907.33;32412.174
2026-06-01T16:04:32.163016+02:00;standby;22.5;27.0;5.0;28.0;50.4;57.0;0;0;0;0;16187.4;11280.08;4907.33;32412.174
2026-06-01T16:05:32.718764+02:00;standby;22.5;27.0;5.0;28.0;50.4;57.0;0;0;0;0;16187.4;11280.08;4907.33;32412.174
2026-06-01T16:06:33.424587+02:00;standby;22.5;27.0;5.0;28.0;50.3;57.0;0;0;0;0;16187.4;11280.08;4907.33;32412.174
2026-06-01T16:07:34.063333+02:00;standby;23.1;27.0;5.0;28.0;50.3;57.0;0;0;0;0;16187.4;11280.08;4907.33;32412.174
2026-06-01T16:08:35.004247+02:00;standby;23.1;27.0;5.0;28.0;50.3;57.0;0;0;0;0;16187.4;11280.08;4907.33;32412.174
2026-06-01T16:09:35.601538+02:00;standby;23.1;27.0;5.0;28.0;50.3;57.0;0;0;0;0;16187.4;11280.08;4907.33;32412.174
2026-06-01T16:10:36.215843+02:00;standby;23.1;27.0;5.0;28.0;50.3;57.0;0;0;0;0;16187.4;11280.08;4907.33;32412.174
2026-06-01T16:11:36.970193+02:00;standby;23.1;27.0;5.0;28.0;50.3;57.0;0;0;0;0;16187.4;11280.08;4907.33;32412.174
2026-06-01T16:12:37.469525+02:00;standby;23.1;27.0;5.0;28.0;50.3;57.0;0;0;0;0;16187.4;11280.08;4907.33;32412.174
2026-06-01T16:13:38.115481+02:00;standby;23.1;27.0;5.0;28.0;50.3;57.0;0;0;0;0;16187.4;11280.08;4907.33;32412.174
2026-06-01T16:14:38.686998+02:00;standby;23.1;27.0;5.0;28.0;50.2;57.0;0;0;0;0;16187.4;11280.08;4907.33;32412.174
2026-06-01T16:15:39.550222+02:00;standby;23.1;27.0;5.0;28.0;50.2;57.0;0;0;0;0;16187.4;11280.08;4907.33;32412.174
2026-06-01T16:16:40.258212+02:00;standby;23.1;27.0;5.0;28.0;50.2;57.0;0;0;0;0;16187.4;11280.08;4907.33;32412.174
2026-06-01T16:17:40.907334+02:00;standby;23.1;27.0;5.0;28.0;50.2;57.0;0;0;0;0;16187.4;11280.08;4907.33;32412.174
2026-06-01T16:18:41.502896+02:00;standby;23.1;27.0;5.0;28.0;50.2;57.0;0;0;0;0;16187.4;11280.08;4907.33;32412.174
2026-06-01T16:19:42.117735+02:00;standby;23.1;27.0;5.0;28.0;50.2;57.0;0;0;0;0;16187.4;11280.08;4907.33;32412.174
2026-06-01T16:20:42.767300+02:00;standby;23.1;27.0;5.0;28.0;50.2;57.0;0;0;0;0;16187.4;11280.08;4907.33;32412.174
2026-06-01T16:21:43.466720+02:00;standby;23.1;27.0;5.0;28.0;50.2;57.0;0;0;0;0;16187.4;11280.08;4907.33;32412.174
2026-06-01T16:22:44.198472+02:00;standby;23.1;27.0;5.0;28.0;50.1;57.0;0;0;0;0;16187.4;11280.08;4907.33;32412.174
2026-06-01T16:23:44.717597+02:00;standby;23.1;27.0;5.0;28.0;50.1;57.0;0;0;0;0;16187.4;11280.08;4907.33;32412.174
2026-06-01T16:24:45.348062+02:00;standby;23.1;27.0;5.0;28.0;50.1;57.0;0;0;0;0;16187.4;11280.08;4907.33;32412.174
2026-06-01T16:25:45.878343+02:00;standby;23.1;27.0;5.0;28.0;50.1;57.0;0;0;0;0;16187.4;11280.08;4907.33;32412.174
2026-06-01T16:26:46.397890+02:00;standby;23.1;27.0;5.0;28.0;50.1;57.0;0;0;0;0;16187.4;11280.08;4907.33;32412.174
2026-06-01T16:27:46.924060+02:00;standby;23.1;27.0;5.0;28.0;50.1;57.0;0;0;0;0;16187.4;11280.08;4907.33;32412.174
2026-06-01T16:28:47.422364+02:00;standby;23.1;27.0;5.0;28.0;50.1;57.0;0;0;0;0;16187.4;11280.08;4907.33;32412.174
2026-06-01T16:29:48.378538+02:00;standby;23.1;27.0;5.0;28.0;50.1;57.0;0;0;0;0;16187.4;11280.08;4907.33;32412.174
2026-06-01T16:30:48.942771+02:00;standby;23.1;27.0;5.0;28.0;50.0;57.0;0;0;0;0;16187.4;11280.08;4907.33;32412.174
2026-06-01T16:31:49.799773+02:00;standby;23.1;27.0;5.0;28.0;50.0;57.0;0;0;0;0;16187.4;11280.08;4907.33;32412.174
2026-06-01T16:32:50.300075+02:00;standby;23.1;27.0;5.0;28.0;50.0;57.0;0;0;0;0;16187.4;11280.08;4907.33;32412.174
2026-06-01T16:33:51.256510+02:00;standby;23.1;27.0;5.0;28.0;50.0;57.0;0;0;0;0;16187.4;11280.08;4907.33;32412.174
2026-06-01T16:34:51.870800+02:00;standby;23.1;27.0;5.0;28.0;50.0;57.0;0;0;0;0;16187.4;11280.08;4907.33;32412.174
2026-06-01T16:35:52.478379+02:00;standby;23.1;27.0;5.0;28.0;50.0;57.0;0;0;0;0;16187.4;11280.08;4907.33;32412.174
2026-06-01T16:36:53.320532+02:00;standby;23.1;27.0;5.0;28.0;50.0;57.0;0;0;0;0;16187.4;11280.08;4907.33;32412.174
2026-06-01T16:37:54.255551+02:00;standby;23.1;27.0;5.0;28.0;49.9;57.0;0;0;0;0;16187.4;11280.08;4907.33;32412.174
2026-06-01T16:38:55.198381+02:00;standby;23.1;27.0;5.0;28.0;49.9;57.0;0;0;0;0;16187.4;11280.08;4907.33;32412.174
2026-06-01T16:39:56.329271+02:00;standby;23.1;27.0;5.0;28.0;49.9;57.0;0;0;0;0;16187.4;11280.08;4907.33;32412.174
2026-06-01T16:40:57.427589+02:00;standby;23.1;27.0;5.0;28.0;49.9;57.0;0;0;0;0;16187.4;11280.08;4907.33;32412.174
2026-06-01T16:41:58.144364+02:00;standby;23.1;27.0;5.0;28.0;49.9;57.0;0;0;0;0;16187.4;11280.08;4907.33;32412.174
2026-06-01T16:42:58.682424+02:00;standby;23.1;27.0;5.0;28.0;49.9;57.0;0;0;0;0;16187.4;11280.08;4907.33;32412.174
2026-06-01T16:43:59.625965+02:00;standby;23.1;27.0;5.0;28.0;49.9;57.0;0;0;0;0;16187.4;11280.08;4907.33;32412.174
2026-06-01T16:45:00.437978+02:00;standby;23.1;27.0;5.0;28.0;49.9;57.0;0;0;0;0;16187.4;11280.08;4907.33;32412.174
2026-06-01T16:46:01.382579+02:00;standby;23.1;27.0;5.0;28.0;49.8;57.0;0;0;0;0;16187.4;11280.08;4907.33;32412.174
2026-06-01T16:47:04.247700+02:00;standby;23.1;27.0;5.0;28.0;49.8;57.0;0;0;0;0;16187.4;11280.08;4907.33;32412.174
2026-06-01T16:48:06.223534+02:00;standby;23.1;27.0;5.0;28.0;49.8;57.0;0;0;0;0;16187.4;11280.08;4907.33;32412.174
2026-06-01T16:49:07.141248+02:00;standby;23.1;26.9;5.0;28.0;49.8;57.0;0;0;0;0;16187.4;11280.08;4907.33;32412.174
2026-06-01T16:50:07.851181+02:00;standby;23.1;27.0;5.0;28.0;49.8;57.0;0;0;0;0;16187.4;11280.08;4907.33;32412.174
2026-06-01T16:51:10.008029+02:00;standby;23.1;27.0;5.0;28.0;49.8;57.0;0;0;0;0;16187.4;11280.08;4907.33;32412.174
2026-06-01T16:52:10.734018+02:00;standby;23.1;26.9;5.0;28.0;49.8;57.0;0;0;0;0;16187.4;11280.08;4907.33;32412.174
2026-06-01T16:53:11.686210+02:00;standby;23.1;26.9;5.0;28.0;49.8;57.0;0;0;0;0;16187.4;11280.08;4907.33;32412.174
2026-06-01T16:54:12.294435+02:00;standby;23.1;26.9;5.0;28.0;49.8;57.0;0;0;0;0;16187.4;11280.08;4907.33;32412.174
2026-06-01T16:55:13.110038+02:00;standby;23.1;26.9;5.0;28.0;49.8;57.0;0;0;0;0;16187.4;11280.08;4907.33;32412.174
2026-06-01T16:56:13.842321+02:00;standby;23.1;27.0;5.0;28.0;49.8;57.0;0;0;0;0;16187.4;11280.08;4907.33;32412.174
2026-06-01T16:57:14.668149+02:00;standby;23.1;26.9;5.0;28.0;49.7;57.0;0;0;0;0;16187.4;11280.08;4907.33;32412.174
2026-06-01T16:58:15.203739+02:00;standby;23.1;26.9;5.0;28.0;49.7;57.0;0;0;0;0;16187.4;11280.08;4907.33;32412.174
2026-06-01T16:59:15.875604+02:00;standby;23.1;26.9;5.0;28.0;49.7;57.0;0;0;0;0;16187.4;11280.08;4907.33;32412.174
2026-06-01T17:00:16.626294+02:00;standby;23.1;26.9;5.0;28.0;49.7;57.0;0;0;0;0;16187.4;11280.08;4907.33;32412.174
2026-06-01T17:01:17.685579+02:00;standby;23.1;26.9;5.0;28.0;49.7;57.0;0;0;0;0;16187.4;11280.08;4907.33;32412.174
2026-06-01T17:02:18.698318+02:00;standby;23.1;26.9;5.0;28.0;49.7;57.0;0;0;0;0;16187.4;11280.08;4907.33;32412.174
2026-06-01T17:03:19.518946+02:00;standby;23.1;26.9;5.0;28.0;49.7;57.0;0;0;0;0;16187.4;11280.08;4907.33;32412.174
2026-06-01T17:04:20.453402+02:00;standby;23.1;26.9;5.0;28.0;49.7;57.0;0;0;0;0;16187.4;11280.08;4907.33;32412.174
2026-06-01T17:05:21.081462+02:00;standby;23.1;26.9;5.0;28.0;49.6;57.0;0;0;0;0;16187.4;11280.08;4907.33;32412.174
2026-06-01T17:06:21.672264+02:00;standby;23.1;26.9;5.0;28.0;49.6;57.0;0;0;0;0;16187.4;11280.08;4907.33;32412.174
2026-06-01T17:07:23.743275+02:00;standby;23.1;26.9;5.0;28.0;49.6;57.0;0;0;0;0;16187.4;11280.08;4907.33;32412.174
2026-06-01T17:08:27.207022+02:00;standby;23.5;26.9;5.0;28.0;49.6;57.0;0;0;0;0;16187.4;11280.08;4907.33;32412.174
2026-06-01T17:09:27.866348+02:00;standby;23.5;26.9;5.0;28.0;49.6;57.0;0;0;0;0;16187.4;11280.08;4907.33;32412.174
2026-06-01T17:10:28.374391+02:00;standby;23.5;26.9;5.0;28.0;49.5;57.0;0;0;0;0;16187.4;11280.08;4907.33;32412.174
2026-06-01T17:11:29.307511+02:00;standby;23.5;26.9;5.0;28.0;49.5;57.0;0;0;0;0;16187.4;11280.08;4907.33;32412.174
2026-06-01T17:12:30.126811+02:00;standby;23.5;26.9;5.0;28.0;49.5;57.0;0;0;0;0;16187.4;11280.08;4907.33;32412.174
2026-06-01T17:13:30.852149+02:00;standby;23.5;26.9;5.0;28.0;49.5;57.0;0;0;0;0;16187.4;11280.08;4907.33;32412.174
2026-06-01T17:14:31.481073+02:00;standby;23.5;26.9;5.0;28.0;49.5;57.0;0;0;0;0;16187.4;11280.08;4907.33;32412.174
2026-06-01T17:15:32.325930+02:00;standby;23.5;26.9;5.0;28.0;49.4;57.0;0;0;0;0;16187.4;11280.08;4907.33;32412.174
2026-06-01T17:16:33.231330+02:00;standby;23.5;26.9;5.0;28.0;49.4;57.0;0;0;0;0;16187.4;11280.08;4907.33;32412.174
2026-06-01T17:17:34.789593+02:00;standby;23.5;26.9;5.0;28.0;49.4;57.0;0;0;0;0;16187.4;11280.08;4907.33;32412.174
2026-06-01T17:18:35.717597+02:00;standby;23.5;26.9;5.0;28.0;49.4;57.0;0;0;0;0;16187.4;11280.08;4907.33;32412.174
2026-06-01T17:19:36.531366+02:00;standby;23.5;26.9;5.0;28.0;49.4;57.0;0;0;0;0;16187.4;11280.08;4907.33;32412.174
2026-06-01T17:20:37.764810+02:00;standby;23.5;26.9;5.0;28.0;49.4;57.0;0;0;0;0;16187.4;11280.08;4907.33;32412.174
2026-06-01T17:21:38.381019+02:00;standby;23.5;26.9;5.0;28.0;49.4;57.0;0;0;0;0;16187.4;11280.08;4907.33;32412.174
2026-06-01T17:22:39.342181+02:00;standby;23.5;26.9;5.0;28.0;49.4;57.0;0;0;0;0;16187.4;11280.08;4907.33;32412.174
2026-06-01T17:23:39.862932+02:00;standby;23.5;26.9;5.0;28.0;49.4;57.0;0;0;0;0;16187.4;11280.08;4907.33;32412.174
2026-06-01T17:24:40.665120+02:00;standby;23.5;26.9;5.0;28.0;49.2;57.0;0;0;0;0;16187.4;11280.08;4907.33;32412.174
