ts;mode;outdoor_temp;flow_temp;flow_set_temp;target_flow_temp;dhw_temp;dhw_set_temp;burner_active;burner_power;pump_active;pump_modulation;energy_total_kwh;energy_heat_kwh;energy_dhw_kwh;gas_display_m3
2026-08-10T00:00:46.175877+02:00;standby;25.0;62.7;5.0;25.0;59.7;10.0;0;0;0;0;16497.26;11280.08;5217.18;32443.053
2026-08-10T00:01:46.644070+02:00;standby;25.0;62.4;5.0;25.0;59.7;10.0;0;0;0;0;16497.26;11280.08;5217.18;32443.053
2026-08-10T00:02:47.275944+02:00;standby;25.0;62.3;5.0;25.0;59.7;10.0;0;0;0;0;16497.26;11280.08;5217.18;32443.053
2026-08-10T00:03:47.755881+02:00;standby;25.0;62.2;5.0;25.0;59.7;10.0;0;0;0;0;16497.26;11280.08;5217.18;32443.053
2026-08-10T00:04:48.204080+02:00;standby;25.0;62.1;5.0;25.0;59.7;10.0;0;0;0;0;16497.26;11280.08;5217.18;32443.053
2026-08-10T00:05:48.866295+02:00;standby;25.0;62.0;5.0;25.0;59.7;10.0;0;0;0;0;16497.26;11280.08;5217.18;32443.053
2026-08-10T00:06:49.447999+02:00;standby;25.0;61.9;5.0;25.0;59.7;10.0;0;0;0;0;16497.26;11280.08;5217.18;32443.053
2026-08-10T00:07:49.882109+02:00;standby;25.0;61.7;5.0;25.0;59.7;10.0;0;0;0;0;16497.26;11280.08;5217.18;32443.053
2026-08-10T00:08:50.406359+02:00;standby;25.0;61.6;5.0;25.0;59.7;10.0;0;0;0;0;16497.26;11280.08;5217.18;32443.053
2026-08-10T00:09:50.845915+02:00;standby;25.0;61.4;5.0;25.0;59.7;10.0;0;0;0;0;16497.26;11280.08;5217.18;32443.053
2026-08-10T00:10:51.267347+02:00;standby;25.0;61.3;5.0;25.0;59.7;10.0;0;0;0;0;16497.26;11280.08;5217.18;32443.053
2026-08-10T00:11:52.044634+02:00;standby;25.0;61.2;5.0;25.0;59.7;10.0;0;0;0;0;16497.26;11280.08;5217.18;32443.053
2026-08-10T00:12:52.514876+02:00;standby;25.0;61.0;5.0;25.0;59.6;10.0;0;0;0;0;16497.26;11280.08;5217.18;32443.053
2026-08-10T00:13:52.976767+02:00;standby;25.0;60.9;5.0;25.0;59.6;10.0;0;0;0;0;16497.26;11280.08;5217.18;32443.053
2026-08-10T00:14:53.500325+02:00;standby;25.0;60.7;5.0;25.0;59.6;10.0;0;0;0;0;16497.26;11280.08;5217.18;32443.053
2026-08-10T00:15:54.126591+02:00;standby;25.0;60.6;5.0;25.0;59.6;10.0;0;0;0;0;16497.26;11280.08;5217.18;32443.053
2026-08-10T00:16:54.964655+02:00;standby;25.0;60.5;5.0;25.0;59.6;10.0;0;0;0;0;16497.26;11280.08;5217.18;32443.053
2026-08-10T00:17:55.518833+02:00;standby;25.0;60.3;5.0;25.0;59.6;10.0;0;0;0;0;16497.26;11280.08;5217.18;32443.053
2026-08-10T00:18:55.953942+02:00;standby;25.0;60.1;5.0;25.0;59.6;10.0;0;0;0;0;16497.26;11280.08;5217.18;32443.053
2026-08-10T00:19:56.448844+02:00;standby;25.0;60.0;5.0;25.0;59.6;10.0;0;0;0;0;16497.26;11280.08;5217.18;32443.053
2026-08-10T00:20:56.964993+02:00;standby;25.0;59.9;5.0;25.0;59.6;10.0;0;0;0;0;16497.26;11280.08;5217.18;32443.053
2026-08-10T00:21:57.413562+02:00;standby;25.0;59.8;5.0;25.0;59.6;10.0;0;0;0;0;16497.26;11280.08;5217.18;32443.053
2026-08-10T00:22:58.081067+02:00;standby;25.0;59.7;5.0;25.0;59.6;10.0;0;0;0;0;16497.26;11280.08;5217.18;32443.053
2026-08-10T00:23:58.548760+02:00;standby;25.0;59.4;5.0;25.0;59.6;10.0;0;0;0;0;16497.26;11280.08;5217.18;32443.053
2026-08-10T00:24:59.178065+02:00;standby;25.0;59.3;5.0;25.0;59.6;10.0;0;0;0;0;16497.26;11280.08;5217.18;32443.053
2026-08-10T00:25:59.625195+02:00;standby;25.0;59.2;5.0;25.0;59.5;10.0;0;0;0;0;16497.26;11280.08;5217.18;32443.053
2026-08-10T00:27:00.162298+02:00;standby;25.0;59.0;5.0;25.0;59.5;10.0;0;0;0;0;16497.26;11280.08;5217.18;32443.053
2026-08-10T00:28:00.669421+02:00;standby;25.0;58.9;5.0;25.0;59.5;10.0;0;0;0;0;16497.26;11280.08;5217.18;32443.053
2026-08-10T00:29:01.326129+02:00;standby;25.0;58.7;5.0;25.0;59.5;10.0;0;0;0;0;16497.26;11280.08;5217.18;32443.053
2026-08-10T00:30:01.781848+02:00;standby;25.0;58.5;5.0;25.0;59.5;10.0;0;0;0;0;16497.26;11280.08;5217.18;32443.053
2026-08-10T00:31:02.661902+02:00;standby;25.0;58.4;5.0;25.0;59.5;10.0;0;0;0;0;16497.26;11280.08;5217.18;32443.053
2026-08-10T00:32:03.095872+02:00;standby;25.0;58.3;5.0;25.0;59.5;10.0;0;0;0;0;16497.26;11280.08;5217.18;32443.053
2026-08-10T00:33:03.607444+02:00;standby;25.0;58.2;5.0;25.0;59.5;10.0;0;0;0;0;16497.26;11280.08;5217.18;32443.053
2026-08-10T00:34:04.682165+02:00;standby;25.0;58.1;5.0;25.0;59.5;10.0;0;0;0;0;16497.26;11280.08;5217.18;32443.053
2026-08-10T00:35:05.306905+02:00;standby;25.0;58.0;5.0;25.0;59.5;10.0;0;0;0;0;16497.26;11280.08;5217.18;32443.053
2026-08-10T00:36:05.751169+02:00;standby;25.0;57.7;5.0;25.0;59.5;10.0;0;0;0;0;16497.26;11280.08;5217.18;32443.053
2026-08-10T00:37:06.201101+02:00;standby;25.0;57.6;5.0;25.0;59.5;10.0;0;0;0;0;16497.26;11280.08;5217.18;32443.053
2026-08-10T00:38:06.687460+02:00;standby;25.0;57.5;5.0;25.0;59.5;10.0;0;0;0;0;16497.26;11280.08;5217.18;32443.053
2026-08-10T00:39:07.138966+02:00;standby;25.0;57.3;5.0;25.0;59.5;10.0;0;0;0;0;16497.26;11280.08;5217.18;32443.053
2026-08-10T00:40:07.614859+02:00;standby;25.0;57.2;5.0;25.0;59.5;10.0;0;0;0;0;16497.26;11280.08;5217.18;32443.053
2026-08-10T00:41:08.057898+02:00;standby;25.0;57.0;5.0;25.0;59.4;10.0;0;0;0;0;16497.26;11280.08;5217.18;32443.053
2026-08-10T00:42:08.736374+02:00;standby;25.0;56.8;5.0;25.0;59.4;10.0;0;0;0;0;16497.26;11280.08;5217.18;32443.053
2026-08-10T00:43:09.184240+02:00;standby;25.0;56.7;5.0;25.0;59.4;10.0;0;0;0;0;16497.26;11280.08;5217.18;32443.053
2026-08-10T00:44:09.661428+02:00;standby;25.0;56.6;5.0;25.0;59.4;10.0;0;0;0;0;16497.26;11280.08;5217.18;32443.053
2026-08-10T00:45:10.324259+02:00;standby;24.4;56.5;5.0;25.0;59.4;10.0;0;0;0;0;16497.26;11280.08;5217.18;32443.053
2026-08-10T00:46:10.836236+02:00;standby;24.4;56.4;5.0;25.0;59.4;10.0;0;0;0;0;16497.26;11280.08;5217.18;32443.053
2026-08-10T00:47:11.378974+02:00;standby;24.4;56.2;5.0;25.0;59.4;10.0;0;0;0;0;16497.26;11280.08;5217.18;32443.053
2026-08-10T00:48:11.852015+02:00;standby;24.4;56.0;5.0;25.0;59.4;10.0;0;0;0;0;16497.26;11280.08;5217.18;32443.053
2026-08-10T00:49:12.320957+02:00;standby;24.4;55.9;5.0;25.0;59.4;10.0;0;0;0;0;16497.26;11280.08;5217.18;32443.053
2026-08-10T00:50:12.774503+02:00;standby;24.4;55.8;5.0;25.0;59.4;10.0;0;0;0;0;16497.26;11280.08;5217.18;32443.053
2026-08-10T00:51:14.051124+02:00;standby;24.4;55.7;5.0;25.0;59.4;10.0;0;0;0;0;16497.26;11280.08;5217.18;32443.053
2026-08-10T00:52:14.510007+02:00;standby;24.4;55.6;5.0;25.0;59.4;10.0;0;0;0;0;16497.26;11280.08;5217.18;32443.053
2026-08-10T00:53:15.428450+02:00;standby;24.4;55.3;5.0;25.0;59.4;10.0;0;0;0;0;16497.26;11280.08;5217.18;32443.053
2026-08-10T00:54:15.854983+02:00;standby;24.4;55.2;5.0;25.0;59.4;10.0;0;0;0;0;16497.26;11280.08;5217.18;32443.053
2026-08-10T00:55:16.543331+02:00;standby;24.4;55.1;5.0;25.0;59.3;10.0;0;0;0;0;16497.26;11280.08;5217.18;32443.053
2026-08-10T00:56:17.163088+02:00;standby;24.4;55.0;5.0;25.0;59.3;10.0;0;0;0;0;16497.26;11280.08;5217.18;32443.053
2026-08-10T00:57:17.567498+02:00;standby;24.4;54.9;5.0;25.0;59.3;10.0;0;0;0;0;16497.26;11280.08;5217.18;32443.053
2026-08-10T00:58:18.014657+02:00;standby;24.4;54.7;5.0;25.0;59.3;10.0;0;0;0;0;16497.26;11280.08;5217.18;32443.053
2026-08-10T00:59:18.505227+02:00;standby;24.4;54.6;5.0;25.0;59.3;10.0;0;0;0;0;16497.26;11280.08;5217.18;32443.053
2026-08-10T01:00:19.340529+02:00;standby;24.4;54.4;5.0;25.0;59.3;10.0;0;0;0;0;16497.26;11280.08;5217.18;32443.053
2026-08-10T01:01:19.776631+02:00;standby;24.4;54.3;5.0;25.0;59.3;10.0;0;0;0;0;16497.26;11280.08;5217.18;32443.053
2026-08-10T01:02:20.196773+02:00;standby;24.4;54.2;5.0;25.0;59.3;10.0;0;0;0;0;16497.26;11280.08;5217.18;32443.053
2026-08-10T01:03:20.657225+02:00;standby;24.4;54.1;5.0;25.0;59.3;10.0;0;0;0;0;16497.26;11280.08;5217.18;32443.053
2026-08-10T01:04:21.105894+02:00;standby;24.4;53.9;5.0;25.0;59.3;10.0;0;0;0;0;16497.26;11280.08;5217.18;32443.053
2026-08-10T01:05:21.501564+02:00;standby;24.4;53.8;5.0;25.0;59.3;10.0;0;0;0;0;16497.26;11280.08;5217.18;32443.053
2026-08-10T01:06:21.919268+02:00;standby;24.4;53.7;5.0;25.0;59.3;10.0;0;0;0;0;16497.26;11280.08;5217.18;32443.053
2026-08-10T01:07:23.149356+02:00;standby;24.4;53.6;5.0;25.0;59.3;10.0;0;0;0;0;16497.26;11280.08;5217.18;32443.053
2026-08-10T01:08:23.899371+02:00;standby;24.4;53.4;5.0;25.0;59.3;10.0;0;0;0;0;16497.26;11280.08;5217.18;32443.053
2026-08-10T01:09:24.899036+02:00;standby;24.4;53.3;5.0;25.0;59.2;10.0;0;0;0;0;16497.26;11280.08;5217.18;32443.053
2026-08-10T01:10:25.793382+02:00;standby;24.4;53.2;5.0;25.0;59.2;10.0;0;0;0;0;16497.26;11280.08;5217.18;32443.053
2026-08-10T01:11:26.513272+02:00;standby;24.4;53.1;5.0;25.0;59.2;10.0;0;0;0;0;16497.26;11280.08;5217.18;32443.053
2026-08-10T01:12:27.081460+02:00;standby;24.4;53.0;5.0;25.0;59.2;10.0;0;0;0;0;16497.26;11280.08;5217.18;32443.053
2026-08-10T01:13:27.548202+02:00;standby;24.4;52.9;5.0;25.0;59.2;10.0;0;0;0;0;16497.26;11280.08;5217.18;32443.053
2026-08-10T01:14:27.993929+02:00;standby;24.4;52.7;5.0;25.0;59.2;10.0;0;0;0;0;16497.26;11280.08;5217.18;32443.053
2026-08-10T01:15:28.682335+02:00;standby;24.4;52.6;5.0;25.0;59.2;10.0;0;0;0;0;16497.26;11280.08;5217.18;32443.053
2026-08-10T01:16:29.207754+02:00;standby;24.4;52.4;5.0;25.0;59.2;10.0;0;0;0;0;16497.26;11280.08;5217.18;32443.053
2026-08-10T01:17:29.924965+02:00;standby;24.4;52.3;5.0;25.0;59.2;10.0;0;0;0;0;16497.26;11280.08;5217.18;32443.053
2026-08-10T01:18:30.503899+02:00;standby;24.4;52.2;5.0;25.0;59.2;10.0;0;0;0;0;16497.26;11280.08;5217.18;32443.053
2026-08-10T01:19:30.968220+02:00;standby;24.4;52.1;5.0;25.0;59.2;10.0;0;0;0;0;16497.26;11280.08;5217.18;32443.053
2026-08-10T01:20:32.002346+02:00;standby;24.4;52.0;5.0;25.0;59.2;10.0;0;0;0;0;16497.26;11280.08;5217.18;32443.053
2026-08-10T01:21:32.496264+02:00;standby;24.4;51.9;5.0;25.0;59.2;10.0;0;0;0;0;16497.26;11280.08;5217.18;32443.053
2026-08-10T01:22:32.910130+02:00;standby;24.4;51.8;5.0;25.0;59.1;10.0;0;0;0;0;16497.26;11280.08;5217.18;32443.053
2026-08-10T01:23:33.410741+02:00;standby;24.4;51.7;5.0;25.0;59.1;10.0;0;0;0;0;16497.26;11280.08;5217.18;32443.053
2026-08-10T01:24:33.842481+02:00;standby;24.4;51.6;5.0;25.0;59.1;10.0;0;0;0;0;16497.26;11280.08;5217.18;32443.053
2026-08-10T01:25:34.604616+02:00;standby;24.4;51.4;5.0;25.0;59.1;10.0;0;0;0;0;16497.26;11280.08;5217.18;32443.053
2026-08-10T01:26:35.058609+02:00;standby;24.4;51.3;5.0;25.0;59.1;10.0;0;0;0;0;16497.26;11280.08;5217.18;32443.053
2026-08-10T01:27:35.576751+02:00;standby;24.4;51.2;5.0;25.0;59.1;10.0;0;0;0;0;16497.26;11280.08;5217.18;32443.053
2026-08-10T01:28:35.997827+02:00;standby;24.4;51.1;5.0;25.0;59.1;10.0;0;0;0;0;16497.26;11280.08;5217.18;32443.053
2026-08-10T01:29:38.007019+02:00;standby;24.4;51.0;5.0;25.0;59.1;10.0;0;0;0;0;16497.26;11280.08;5217.18;32443.053
2026-08-10T01:30:38.470139+02:00;standby;24.4;50.9;5.0;25.0;59.1;10.0;0;0;0;0;16497.26;11280.08;5217.18;32443.053
2026-08-10T01:31:38.918814+02:00;standby;24.4;50.8;5.0;25.0;59.1;10.0;0;0;0;0;16497.26;11280.08;5217.18;32443.053
2026-08-10T01:32:39.431305+02:00;standby;24.4;50.7;5.0;25.0;59.1;10.0;0;0;0;0;16497.26;11280.08;5217.18;32443.053
2026-08-10T01:33:39.879594+02:00;standby;24.4;50.6;5.0;25.0;59.1;10.0;0;0;0;0;16497.26;11280.08;5217.18;32443.053
2026-08-10T01:34:40.782007+02:00;standby;24.4;50.4;5.0;25.0;59.1;10.0;0;0;0;0;16497.26;11280.08;5217.18;32443.053
2026-08-10T01:35:41.228128+02:00;standby;24.4;50.3;5.0;25.0;59.1;10.0;0;0;0;0;16497.26;11280.08;5217.18;32443.053
2026-08-10T01:36:41.754014+02:00;standby;24.4;50.2;5.0;25.0;59.1;10.0;0;0;0;0;16497.26;11280.08;5217.18;32443.053
2026-08-10T01:37:42.216346+02:00;standby;24.4;50.1;5.0;25.0;58.9;10.0;0;0;0;0;16497.26;11280.08;5217.18;32443.053
2026-08-10T01:38:42.650144+02:00;standby;24.4;50.0;5.0;25.0;58.9;10.0;0;0;0;0;16497.26;11280.08;5217.18;32443.053
2026-08-10T01:39:44.738817+02:00;standby;24.4;49.9;5.0;25.0;58.9;10.0;0;0;0;0;16497.26;11280.08;5217.18;32443.053
2026-08-10T01:40:45.259183+02:00;standby;24.4;49.8;5.0;25.0;58.9;10.0;0;0;0;0;16497.26;11280.08;5217.18;32443.053
2026-08-10T01:41:45.764528+02:00;standby;24.4;49.7;5.0;25.0;58.9;10.0;0;0;0;0;16497.26;11280.08;5217.18;32443.053
2026-08-10T01:42:46.184912+02:00;standby;24.4;49.5;5.0;25.0;58.9;10.0;0;0;0;0;16497.26;11280.08;5217.18;32443.053
2026-08-10T01:43:46.943450+02:00;standby;24.4;49.5;5.0;25.0;58.9;10.0;0;0;0;0;16497.26;11280.08;5217.18;32443.053
2026-08-10T01:44:47.386402+02:00;standby;24.4;49.4;5.0;25.0;58.9;10.0;0;0;0;0;16497.26;11280.08;5217.18;32443.053
2026-08-10T01:45:47.850875+02:00;standby;24.1;49.3;5.0;25.0;58.9;10.0;0;0;0;0;16497.26;11280.08;5217.18;32443.053
2026-08-10T01:46:48.319288+02:00;standby;24.1;49.2;5.0;25.0;58.9;10.0;0;0;0;0;16497.26;11280.08;5217.18;32443.053
2026-08-10T01:47:48.983271+02:00;standby;24.1;49.1;5.0;25.0;58.9;10.0;0;0;0;0;16497.26;11280.08;5217.18;32443.053
2026-08-10T01:48:49.411593+02:00;standby;24.1;49.0;5.0;25.0;58.9;10.0;0;0;0;0;16497.26;11280.08;5217.18;32443.053
2026-08-10T01:49:49.864464+02:00;standby;24.1;48.9;5.0;25.0;58.9;10.0;0;0;0;0;16497.26;11280.08;5217.18;32443.053
2026-08-10T01:50:50.532173+02:00;standby;24.1;48.7;5.0;25.0;58.9;10.0;0;0;0;0;16497.26;11280.08;5217.18;32443.053
2026-08-10T01:51:51.029706+02:00;standby;24.1;48.6;5.0;25.0;58.8;10.0;0;0;0;0;16497.26;11280.08;5217.18;32443.053
2026-08-10T01:52:51.475955+02:00;standby;24.1;48.6;5.0;25.0;58.8;10.0;0;0;0;0;16497.26;11280.08;5217.18;32443.053
2026-08-10T01:53:51.980217+02:00;standby;24.1;48.5;5.0;25.0;58.8;10.0;0;0;0;0;16497.26;11280.08;5217.18;32443.053
2026-08-10T01:54:52.453772+02:00;standby;24.1;48.4;5.0;25.0;58.8;10.0;0;0;0;0;16497.26;11280.08;5217.18;32443.053
2026-08-10T01:55:53.099303+02:00;standby;24.1;48.3;5.0;25.0;58.8;10.0;0;0;0;0;16497.26;11280.08;5217.18;32443.053
2026-08-10T01:56:53.602897+02:00;standby;24.1;48.2;5.0;25.0;58.8;10.0;0;0;0;0;16497.26;11280.08;5217.18;32443.053
2026-08-10T01:57:54.434086+02:00;standby;24.1;48.1;5.0;25.0;58.8;10.0;0;0;0;0;16497.26;11280.08;5217.18;32443.053
2026-08-10T01:58:54.904838+02:00;standby;24.1;48.1;5.0;25.0;58.8;10.0;0;0;0;0;16497.26;11280.08;5217.18;32443.053
2026-08-10T01:59:55.376649+02:00;standby;24.1;48.0;5.0;25.0;58.8;10.0;0;0;0;0;16497.26;11280.08;5217.18;32443.053
2026-08-10T02:00:56.128302+02:00;standby;24.1;47.8;5.0;25.0;58.8;10.0;0;0;0;0;16497.26;11280.08;5217.18;32443.053
2026-08-10T02:01:56.868554+02:00;standby;24.1;47.7;5.0;25.0;58.8;10.0;0;0;0;0;16497.26;11280.08;5217.18;32443.053
2026-08-10T02:02:57.286323+02:00;standby;24.1;47.6;5.0;25.0;58.8;10.0;0;0;0;0;16497.26;11280.08;5217.18;32443.053
2026-08-10T02:03:57.763529+02:00;standby;24.1;47.5;5.0;25.0;58.8;10.0;0;0;0;0;16497.26;11280.08;5217.18;32443.053
2026-08-10T02:04:58.178609+02:00;standby;24.1;47.5;5.0;25.0;58.7;10.0;0;0;0;0;16497.26;11280.08;5217.18;32443.053
2026-08-10T02:05:58.594987+02:00;standby;24.1;47.4;5.0;25.0;58.7;10.0;0;0;0;0;16497.26;11280.08;5217.18;32443.053
2026-08-10T02:06:59.224965+02:00;standby;24.1;47.3;5.0;25.0;58.7;10.0;0;0;0;0;16497.26;11280.08;5217.18;32443.053
2026-08-10T02:07:59.684176+02:00;standby;24.1;47.2;5.0;25.0;58.7;10.0;0;0;0;0;16497.26;11280.08;5217.18;32443.053
2026-08-10T02:09:00.216259+02:00;standby;24.1;47.0;5.0;25.0;58.7;10.0;0;0;0;0;16497.26;11280.08;5217.18;32443.053
2026-08-10T02:10:00.763499+02:00;standby;24.1;47.0;5.0;25.0;58.7;10.0;0;0;0;0;16497.26;11280.08;5217.18;32443.053
2026-08-10T02:11:01.273735+02:00;standby;24.1;46.9;5.0;25.0;58.7;10.0;0;0;0;0;16497.26;11280.08;5217.18;32443.053
2026-08-10T02:12:01.767805+02:00;standby;24.1;46.8;5.0;25.0;58.7;10.0;0;0;0;0;16497.26;11280.08;5217.18;32443.053
2026-08-10T02:13:02.958811+02:00;standby;24.1;46.7;5.0;25.0;58.7;10.0;0;0;0;0;16497.26;11280.08;5217.18;32443.053
2026-08-10T02:14:03.989386+02:00;standby;24.1;46.7;5.0;25.0;58.7;10.0;0;0;0;0;16497.26;11280.08;5217.18;32443.053
2026-08-10T02:15:04.457942+02:00;standby;24.1;46.6;5.0;25.0;58.7;10.0;0;0;0;0;16497.26;11280.08;5217.18;32443.053
2026-08-10T02:16:04.926618+02:00;standby;24.1;46.5;5.0;25.0;58.7;10.0;0;0;0;0;16497.26;11280.08;5217.18;32443.053
2026-08-10T02:17:05.341033+02:00;standby;24.1;46.4;5.0;25.0;58.7;10.0;0;0;0;0;16497.26;11280.08;5217.18;32443.053
2026-08-10T02:18:05.949100+02:00;standby;24.1;46.2;5.0;25.0;58.7;10.0;0;0;0;0;16497.26;11280.08;5217.18;32443.053
2026-08-10T02:19:06.669634+02:00;standby;24.1;46.2;5.0;25.0;58.7;10.0;0;0;0;0;16497.26;11280.08;5217.18;32443.053
2026-08-10T02:20:07.108097+02:00;standby;24.1;46.1;5.0;25.0;58.6;10.0;0;0;0;0;16497.26;11280.08;5217.18;32443.053
2026-08-10T02:21:07.563981+02:00;standby;24.1;46.0;5.0;25.0;58.6;10.0;0;0;0;0;16497.26;11280.08;5217.18;32443.053
2026-08-10T02:22:08.091305+02:00;standby;24.1;46.0;5.0;25.0;58.6;10.0;0;0;0;0;16497.26;11280.08;5217.18;32443.053
2026-08-10T02:23:08.598006+02:00;standby;24.1;45.9;5.0;25.0;58.6;10.0;0;0;0;0;16497.26;11280.08;5217.18;32443.053
2026-08-10T02:24:09.117478+02:00;standby;24.1;45.8;5.0;25.0;58.6;10.0;0;0;0;0;16497.26;11280.08;5217.18;32443.053
2026-08-10T02:25:09.634741+02:00;standby;24.1;45.7;5.0;25.0;58.6;10.0;0;0;0;0;16497.26;11280.08;5217.18;32443.053
2026-08-10T02:26:10.098915+02:00;standby;24.1;45.7;5.0;25.0;58.6;10.0;0;0;0;0;16497.26;11280.08;5217.18;32443.053
2026-08-10T02:27:10.587859+02:00;standby;24.1;45.6;5.0;25.0;58.6;10.0;0;0;0;0;16497.26;11280.08;5217.18;32443.053
2026-08-10T02:28:11.097072+02:00;standby;24.1;45.5;5.0;25.0;58.6;10.0;0;0;0;0;16497.26;11280.08;5217.18;32443.053
2026-08-10T02:29:11.610469+02:00;standby;24.1;45.5;5.0;25.0;58.6;10.0;0;0;0;0;16497.26;11280.08;5217.18;32443.053
2026-08-10T02:30:12.026751+02:00;standby;24.1;45.3;5.0;25.0;58.6;10.0;0;0;0;0;16497.26;11280.08;5217.18;32443.053
2026-08-10T02:31:12.600123+02:00;standby;24.1;45.2;5.0;25.0;58.6;10.0;0;0;0;0;16497.26;11280.08;5217.18;32443.053
2026-08-10T02:32:13.071931+02:00;standby;24.1;45.2;5.0;25.0;58.6;10.0;0;0;0;0;16497.26;11280.08;5217.18;32443.053
2026-08-10T02:33:13.704944+02:00;standby;24.1;45.1;5.0;25.0;58.5;10.0;0;0;0;0;16497.26;11280.08;5217.18;32443.053
2026-08-10T02:34:14.217649+02:00;standby;24.1;45.0;5.0;25.0;58.5;10.0;0;0;0;0;16497.26;11280.08;5217.18;32443.053
2026-08-10T02:35:14.627850+02:00;standby;24.1;45.0;5.0;25.0;58.5;10.0;0;0;0;0;16497.26;11280.08;5217.18;32443.053
2026-08-10T02:36:15.059194+02:00;standby;24.1;44.9;5.0;25.0;58.5;10.0;0;0;0;0;16497.26;11280.08;5217.18;32443.053
2026-08-10T02:37:15.809451+02:00;standby;24.1;44.8;5.0;25.0;58.5;10.0;0;0;0;0;16497.26;11280.08;5217.18;32443.053
2026-08-10T02:38:16.291699+02:00;standby;24.1;44.8;5.0;25.0;58.5;10.0;0;0;0;0;16497.26;11280.08;5217.18;32443.053
2026-08-10T02:39:16.816658+02:00;standby;24.1;44.7;5.0;25.0;58.5;10.0;0;0;0;0;16497.26;11280.08;5217.18;32443.053
2026-08-10T02:40:18.368504+02:00;standby;24.1;44.5;5.0;25.0;58.5;10.0;0;0;0;0;16497.26;11280.08;5217.18;32443.053
2026-08-10T02:41:18.865897+02:00;standby;24.1;44.5;5.0;25.0;58.5;10.0;0;0;0;0;16497.26;11280.08;5217.18;32443.053
2026-08-10T02:42:19.292200+02:00;standby;24.1;44.4;5.0;25.0;58.5;10.0;0;0;0;0;16497.26;11280.08;5217.18;32443.053
2026-08-10T02:43:19.851449+02:00;standby;24.1;44.3;5.0;25.0;58.5;10.0;0;0;0;0;16497.26;11280.08;5217.18;32443.053
2026-08-10T02:44:20.880447+02:00;standby;24.1;44.3;5.0;25.0;58.5;10.0;0;0;0;0;16497.26;11280.08;5217.18;32443.053
2026-08-10T02:45:21.395700+02:00;standby;24.1;44.2;5.0;25.0;58.5;10.0;0;0;0;0;16497.26;11280.08;5217.18;32443.053
2026-08-10T02:46:21.880391+02:00;standby;23.9;44.1;5.0;25.0;58.5;10.0;0;0;0;0;16497.26;11280.08;5217.18;32443.053
2026-08-10T02:47:22.697642+02:00;standby;23.9;44.1;5.0;25.0;58.4;10.0;0;0;0;0;16497.26;11280.08;5217.18;32443.053
2026-08-10T02:48:23.330226+02:00;standby;23.9;44.0;5.0;25.0;58.4;10.0;0;0;0;0;16497.26;11280.08;5217.18;32443.053
2026-08-10T02:49:23.844301+02:00;standby;23.9;44.0;5.0;25.0;58.4;10.0;0;0;0;0;16497.26;11280.08;5217.18;32443.053
2026-08-10T02:50:24.264073+02:00;standby;23.9;43.9;5.0;25.0;58.4;10.0;0;0;0;0;16497.26;11280.08;5217.18;32443.053
2026-08-10T02:51:24.882751+02:00;standby;23.9;43.7;5.0;25.0;58.4;10.0;0;0;0;0;16497.26;11280.08;5217.18;32443.053
2026-08-10T02:52:25.760492+02:00;standby;23.9;43.7;5.0;25.0;58.4;10.0;0;0;0;0;16497.26;11280.08;5217.18;32443.053
2026-08-10T02:53:26.222646+02:00;standby;23.9;43.6;5.0;25.0;58.4;10.0;0;0;0;0;16497.26;11280.08;5217.18;32443.053
2026-08-10T02:54:26.789229+02:00;standby;23.9;43.5;5.0;25.0;58.4;10.0;0;0;0;0;16497.26;11280.08;5217.18;32443.053
2026-08-10T02:55:27.263482+02:00;standby;23.9;43.5;5.0;25.0;58.4;10.0;0;0;0;0;16497.26;11280.08;5217.18;32443.053
2026-08-10T02:56:27.736438+02:00;standby;23.9;43.4;5.0;25.0;58.4;10.0;0;0;0;0;16497.26;11280.08;5217.18;32443.053
2026-08-10T02:57:28.259426+02:00;standby;23.9;43.4;5.0;25.0;58.4;10.0;0;0;0;0;16497.26;11280.08;5217.18;32443.053
2026-08-10T02:58:28.822598+02:00;standby;23.9;43.3;5.0;25.0;58.4;10.0;0;0;0;0;16497.26;11280.08;5217.18;32443.053
2026-08-10T02:59:29.249274+02:00;standby;23.9;43.2;5.0;25.0;58.4;10.0;0;0;0;0;16497.26;11280.08;5217.18;32443.053
2026-08-10T03:00:30.178594+02:00;standby;23.9;43.2;5.0;25.0;58.4;10.0;0;0;0;0;16497.26;11280.08;5217.18;32443.053
2026-08-10T03:01:30.693467+02:00;standby;23.9;43.1;5.0;25.0;58.4;10.0;0;0;0;0;16497.26;11280.08;5217.18;32443.053
2026-08-10T03:02:31.212720+02:00;standby;23.9;43.1;5.0;25.0;58.3;10.0;0;0;0;0;16497.26;11280.08;5217.18;32443.053
2026-08-10T03:03:31.769932+02:00;standby;23.9;43.0;5.0;25.0;58.3;10.0;0;0;0;0;16497.26;11280.08;5217.18;32443.053
2026-08-10T03:04:32.257264+02:00;standby;23.9;43.0;5.0;25.0;58.3;10.0;0;0;0;0;16497.26;11280.08;5217.18;32443.053
2026-08-10T03:05:32.976928+02:00;standby;23.9;42.8;5.0;25.0;58.3;10.0;0;0;0;0;16497.26;11280.08;5217.18;32443.053
2026-08-10T03:06:33.454822+02:00;standby;23.9;42.7;5.0;25.0;58.3;10.0;0;0;0;0;16497.26;11280.08;5217.18;32443.053
2026-08-10T03:07:33.968753+02:00;standby;23.9;42.7;5.0;25.0;58.3;10.0;0;0;0;0;16497.26;11280.08;5217.18;32443.053
2026-08-10T03:08:34.801610+02:00;standby;23.9;42.6;5.0;25.0;58.3;10.0;0;0;0;0;16497.26;11280.08;5217.18;32443.053
2026-08-10T03:09:35.302646+02:00;standby;23.9;42.6;5.0;25.0;58.3;10.0;0;0;0;0;16497.26;11280.08;5217.18;32443.053
2026-08-10T03:10:36.024249+02:00;standby;23.9;42.5;5.0;25.0;58.3;10.0;0;0;0;0;16497.26;11280.08;5217.18;32443.053
2026-08-10T03:11:36.548854+02:00;standby;23.9;42.5;5.0;25.0;58.3;10.0;0;0;0;0;16497.26;11280.08;5217.18;32443.053
2026-08-10T03:12:37.122889+02:00;standby;23.9;42.4;5.0;25.0;58.3;10.0;0;0;0;0;16497.26;11280.08;5217.18;32443.053
2026-08-10T03:13:37.645264+02:00;standby;23.9;42.4;5.0;25.0;58.3;10.0;0;0;0;0;16497.26;11280.08;5217.18;32443.053
2026-08-10T03:14:38.170079+02:00;standby;23.9;42.3;5.0;25.0;58.3;10.0;0;0;0;0;16497.26;11280.08;5217.18;32443.053
2026-08-10T03:15:39.395637+02:00;standby;23.9;42.3;5.0;25.0;58.3;10.0;0;0;0;0;16497.26;11280.08;5217.18;32443.053
2026-08-10T03:16:39.914003+02:00;standby;23.9;42.2;5.0;25.0;58.2;10.0;0;0;0;0;16497.26;11280.08;5217.18;32443.053
2026-08-10T03:17:40.499399+02:00;standby;23.9;42.2;5.0;25.0;58.2;10.0;0;0;0;0;16497.26;11280.08;5217.18;32443.053
2026-08-10T03:18:40.936581+02:00;standby;23.9;42.0;5.0;25.0;58.2;10.0;0;0;0;0;16497.26;11280.08;5217.18;32443.053
2026-08-10T03:19:41.373430+02:00;standby;23.9;41.9;5.0;25.0;58.2;10.0;0;0;0;0;16497.26;11280.08;5217.18;32443.053
2026-08-10T03:20:41.948936+02:00;standby;23.9;41.9;5.0;25.0;58.2;10.0;0;0;0;0;16497.26;11280.08;5217.18;32443.053
2026-08-10T03:21:42.450227+02:00;standby;23.9;41.8;5.0;25.0;58.2;10.0;0;0;0;0;16497.26;11280.08;5217.18;32443.053
2026-08-10T03:22:42.926425+02:00;standby;23.9;41.8;5.0;25.0;58.2;10.0;0;0;0;0;16497.26;11280.08;5217.18;32443.053
2026-08-10T03:23:43.390567+02:00;standby;23.9;41.7;5.0;25.0;58.2;10.0;0;0;0;0;16497.26;11280.08;5217.18;32443.053
2026-08-10T03:24:43.867262+02:00;standby;23.9;41.7;5.0;25.0;58.2;10.0;0;0;0;0;16497.26;11280.08;5217.18;32443.053
2026-08-10T03:25:44.429536+02:00;standby;23.9;41.6;5.0;25.0;58.2;10.0;0;0;0;0;16497.26;11280.08;5217.18;32443.053
2026-08-10T03:26:44.889533+02:00;standby;23.9;41.6;5.0;25.0;58.2;10.0;0;0;0;0;16497.26;11280.08;5217.18;32443.053
2026-08-10T03:27:45.556837+02:00;standby;23.9;41.5;5.0;25.0;58.2;10.0;0;0;0;0;16497.26;11280.08;5217.18;32443.053
2026-08-10T03:28:46.081303+02:00;standby;23.9;41.5;5.0;25.0;58.2;10.0;0;0;0;0;16497.26;11280.08;5217.18;32443.053
2026-08-10T03:29:46.569513+02:00;standby;23.9;41.4;5.0;25.0;58.2;10.0;0;0;0;0;16497.26;11280.08;5217.18;32443.053
2026-08-10T03:30:47.028341+02:00;standby;23.9;41.4;5.0;25.0;58.1;10.0;0;0;0;0;16497.26;11280.08;5217.18;32443.053
2026-08-10T03:31:47.525883+02:00;standby;23.9;41.2;5.0;25.0;58.1;10.0;0;0;0;0;16497.26;11280.08;5217.18;32443.053
2026-08-10T03:32:48.335929+02:00;standby;23.9;41.2;5.0;25.0;58.1;10.0;0;0;0;0;16497.26;11280.08;5217.18;32443.053
2026-08-10T03:33:48.944927+02:00;standby;23.9;41.1;5.0;25.0;58.1;10.0;0;0;0;0;16497.26;11280.08;5217.18;32443.053
2026-08-10T03:34:49.363193+02:00;standby;23.9;41.1;5.0;25.0;58.1;10.0;0;0;0;0;16497.26;11280.08;5217.18;32443.053
2026-08-10T03:35:50.136051+02:00;standby;23.9;41.0;5.0;25.0;58.1;10.0;0;0;0;0;16497.26;11280.08;5217.18;32443.053
2026-08-10T03:36:50.604945+02:00;standby;23.9;41.0;5.0;25.0;58.1;10.0;0;0;0;0;16497.26;11280.08;5217.18;32443.053
2026-08-10T03:37:51.232025+02:00;standby;23.9;40.9;5.0;25.0;58.1;10.0;0;0;0;0;16497.26;11280.08;5217.18;32443.053
2026-08-10T03:38:51.672248+02:00;standby;23.9;40.9;5.0;25.0;58.1;10.0;0;0;0;0;16497.26;11280.08;5217.18;32443.053
2026-08-10T03:39:52.113643+02:00;standby;23.9;40.9;5.0;25.0;58.1;10.0;0;0;0;0;16497.26;11280.08;5217.18;32443.053
2026-08-10T03:40:52.690412+02:00;standby;23.9;40.8;5.0;25.0;58.1;10.0;0;0;0;0;16497.26;11280.08;5217.18;32443.053
2026-08-10T03:41:53.209920+02:00;standby;23.9;40.8;5.0;25.0;58.1;10.0;0;0;0;0;16497.26;11280.08;5217.18;32443.053
2026-08-10T03:42:53.976295+02:00;standby;23.9;40.7;5.0;25.0;58.1;10.0;0;0;0;0;16497.26;11280.08;5217.18;32443.053
2026-08-10T03:43:54.585750+02:00;standby;23.9;40.7;5.0;25.0;58.0;10.0;0;0;0;0;16497.26;11280.08;5217.18;32443.053
2026-08-10T03:44:55.066570+02:00;standby;23.9;40.6;5.0;25.0;58.0;10.0;0;0;0;0;16497.26;11280.08;5217.18;32443.053
2026-08-10T03:45:55.546563+02:00;standby;23.9;40.6;5.0;25.0;58.0;10.0;0;0;0;0;16497.26;11280.08;5217.18;32443.053
2026-08-10T03:46:56.004120+02:00;standby;23.6;40.5;5.0;25.0;58.0;10.0;0;0;0;0;16497.26;11280.08;5217.18;32443.053
2026-08-10T03:47:56.476786+02:00;standby;23.6;40.5;5.0;25.0;58.0;10.0;0;0;0;0;16497.26;11280.08;5217.18;32443.053
2026-08-10T03:48:57.077859+02:00;standby;23.6;40.3;5.0;25.0;58.0;10.0;0;0;0;0;16497.26;11280.08;5217.18;32443.053
2026-08-10T03:49:57.567969+02:00;standby;23.6;40.3;5.0;25.0;58.0;10.0;0;0;0;0;16497.26;11280.08;5217.18;32443.053
2026-08-10T03:50:58.028978+02:00;standby;23.6;40.3;5.0;25.0;58.0;10.0;0;0;0;0;16497.26;11280.08;5217.18;32443.053
2026-08-10T03:51:58.556559+02:00;standby;23.6;40.2;5.0;25.0;58.0;10.0;0;0;0;0;16497.26;11280.08;5217.18;32443.053
2026-08-10T03:52:59.085831+02:00;standby;23.6;40.2;5.0;25.0;58.0;10.0;0;0;0;0;16497.26;11280.08;5217.18;32443.053
2026-08-10T03:53:59.697534+02:00;standby;23.6;40.1;5.0;25.0;58.0;10.0;0;0;0;0;16497.26;11280.08;5217.18;32443.053
2026-08-10T03:55:00.515535+02:00;standby;23.6;40.1;5.0;25.0;58.0;10.0;0;0;0;0;16497.26;11280.08;5217.18;32443.053
2026-08-10T03:56:01.000040+02:00;standby;23.6;40.0;5.0;25.0;58.0;10.0;0;0;0;0;16497.26;11280.08;5217.18;32443.053
2026-08-10T03:57:01.544978+02:00;standby;23.6;40.0;5.0;25.0;57.9;10.0;0;0;0;0;16497.26;11280.08;5217.18;32443.053
2026-08-10T03:58:02.026982+02:00;standby;23.6;39.9;5.0;25.0;58.0;10.0;0;0;0;0;16497.26;11280.08;5217.18;32443.053
2026-08-10T03:59:02.786624+02:00;standby;23.6;39.9;5.0;25.0;57.9;10.0;0;0;0;0;16497.26;11280.08;5217.18;32443.053
2026-08-10T04:00:03.369697+02:00;standby;23.6;39.9;5.0;25.0;57.9;10.0;0;0;0;0;16497.26;11280.08;5217.18;32443.053
2026-08-10T04:01:03.896571+02:00;standby;23.6;39.8;5.0;25.0;57.9;57.0;0;0;0;0;16497.26;11280.08;5217.18;32443.053
2026-08-10T04:02:04.562227+02:00;standby;23.6;39.8;5.0;25.0;57.9;57.0;0;0;0;0;16497.26;11280.08;5217.18;32443.053
2026-08-10T04:03:05.071152+02:00;standby;23.6;39.6;5.0;25.0;57.9;57.0;0;0;0;0;16497.26;11280.08;5217.18;32443.053
2026-08-10T04:04:05.553069+02:00;standby;23.6;39.6;5.0;25.0;57.9;57.0;0;0;0;0;16497.26;11280.08;5217.18;32443.053
2026-08-10T04:05:06.134278+02:00;standby;23.6;39.6;5.0;25.0;57.9;57.0;0;0;0;0;16497.26;11280.08;5217.18;32443.053
2026-08-10T04:06:06.616753+02:00;standby;23.6;39.5;5.0;25.0;57.9;57.0;0;0;0;0;16497.26;11280.08;5217.18;32443.053
2026-08-10T04:07:07.260051+02:00;standby;23.6;39.5;5.0;25.0;57.9;57.0;0;0;0;0;16497.26;11280.08;5217.18;32443.053
2026-08-10T04:08:07.733755+02:00;standby;23.6;39.5;5.0;25.0;57.9;57.0;0;0;0;0;16497.26;11280.08;5217.18;32443.053
2026-08-10T04:09:08.192555+02:00;standby;23.6;39.4;5.0;25.0;57.9;57.0;0;0;0;0;16497.26;11280.08;5217.18;32443.053
2026-08-10T04:10:08.769917+02:00;standby;23.6;39.4;5.0;25.0;57.9;57.0;0;0;0;0;16497.26;11280.08;5217.18;32443.053
2026-08-10T04:11:09.595733+02:00;standby;23.6;39.3;5.0;25.0;57.9;57.0;0;0;0;0;16497.26;11280.08;5217.18;32443.053
2026-08-10T04:12:10.020481+02:00;standby;23.6;39.3;5.0;25.0;57.8;57.0;0;0;0;0;16497.26;11280.08;5217.18;32443.053
2026-08-10T04:13:10.494524+02:00;standby;23.6;39.1;5.0;25.0;57.8;57.0;0;0;0;0;16497.26;11280.08;5217.18;32443.053
2026-08-10T04:14:10.943561+02:00;standby;23.6;39.1;5.0;25.0;57.8;57.0;0;0;0;0;16497.26;11280.08;5217.18;32443.053
2026-08-10T04:15:11.504083+02:00;standby;23.6;39.1;5.0;25.0;57.8;57.0;0;0;0;0;16497.26;11280.08;5217.18;32443.053
2026-08-10T04:16:12.044763+02:00;standby;23.6;39.0;5.0;25.0;57.8;57.0;0;0;0;0;16497.26;11280.08;5217.18;32443.053
2026-08-10T04:17:12.817635+02:00;standby;23.6;39.0;5.0;25.0;57.8;57.0;0;0;0;0;16497.26;11280.08;5217.18;32443.053
2026-08-10T04:18:13.281158+02:00;standby;23.6;39.0;5.0;25.0;57.8;57.0;0;0;0;0;16497.26;11280.08;5217.18;32443.053
2026-08-10T04:19:14.056220+02:00;standby;23.6;38.9;5.0;25.0;57.8;57.0;0;0;0;0;16497.26;11280.08;5217.18;32443.053
2026-08-10T04:20:14.528735+02:00;standby;23.6;38.9;5.0;25.0;57.8;57.0;0;0;0;0;16497.26;11280.08;5217.18;32443.053
2026-08-10T04:21:14.959987+02:00;standby;23.6;38.9;5.0;25.0;57.8;57.0;0;0;0;0;16497.26;11280.08;5217.18;32443.053
2026-08-10T04:22:15.521454+02:00;standby;23.6;38.8;5.0;25.0;57.8;57.0;0;0;0;0;16497.26;11280.08;5217.18;32443.053
2026-08-10T04:23:16.035429+02:00;standby;23.6;38.8;5.0;25.0;57.8;57.0;0;0;0;0;16497.26;11280.08;5217.18;32443.053
2026-08-10T04:24:16.561976+02:00;standby;23.6;38.6;5.0;25.0;57.7;57.0;0;0;0;0;16497.26;11280.08;5217.18;32443.053
2026-08-10T04:25:17.076791+02:00;standby;23.6;38.6;5.0;25.0;57.8;57.0;0;0;0;0;16497.26;11280.08;5217.18;32443.053
2026-08-10T04:26:17.623803+02:00;standby;23.6;38.5;5.0;25.0;57.7;57.0;0;0;0;0;16497.26;11280.08;5217.18;32443.053
2026-08-10T04:27:18.563978+02:00;standby;23.6;38.5;5.0;25.0;57.7;57.0;0;0;0;0;16497.26;11280.08;5217.18;32443.053
2026-08-10T04:28:19.035363+02:00;standby;23.6;38.5;5.0;25.0;57.7;57.0;0;0;0;0;16497.26;11280.08;5217.18;32443.053
2026-08-10T04:29:19.594828+02:00;standby;23.6;38.4;5.0;25.0;57.7;57.0;0;0;0;0;16497.26;11280.08;5217.18;32443.053
2026-08-10T04:30:20.022426+02:00;standby;23.6;38.4;5.0;25.0;57.7;57.0;0;0;0;0;16497.26;11280.08;5217.18;32443.053
2026-08-10T04:31:20.662739+02:00;standby;23.6;38.4;5.0;25.0;57.7;57.0;0;0;0;0;16497.26;11280.08;5217.18;32443.053
2026-08-10T04:32:21.115074+02:00;standby;23.6;38.4;5.0;25.0;57.7;57.0;0;0;0;0;16497.26;11280.08;5217.18;32443.053
2026-08-10T04:33:21.873908+02:00;standby;23.6;38.3;5.0;25.0;57.7;57.0;0;0;0;0;16497.26;11280.08;5217.18;32443.053
2026-08-10T04:34:25.239433+02:00;standby;23.6;38.3;5.0;25.0;57.7;57.0;0;0;0;0;16497.26;11280.08;5217.18;32443.053
2026-08-10T04:35:25.912944+02:00;standby;23.6;38.1;5.0;25.0;57.7;57.0;0;0;0;0;16497.26;11280.08;5217.18;32443.053
2026-08-10T04:36:26.418279+02:00;standby;23.6;38.1;5.0;25.0;57.7;57.0;0;0;0;0;16497.26;11280.08;5217.18;32443.053
2026-08-10T04:37:27.140995+02:00;standby;23.6;38.1;5.0;25.0;57.7;57.0;0;0;0;0;16497.26;11280.08;5217.18;32443.053
2026-08-10T04:38:27.944644+02:00;standby;23.6;38.0;5.0;25.0;57.7;57.0;0;0;0;0;16497.26;11280.08;5217.18;32443.053
2026-08-10T04:39:28.420150+02:00;standby;23.6;38.0;5.0;25.0;57.6;57.0;0;0;0;0;16497.26;11280.08;5217.18;32443.053
2026-08-10T04:40:28.864439+02:00;standby;23.6;38.0;5.0;25.0;57.6;57.0;0;0;0;0;16497.26;11280.08;5217.18;32443.053
2026-08-10T04:41:29.522010+02:00;standby;23.6;37.9;5.0;25.0;57.6;57.0;0;0;0;0;16497.26;11280.08;5217.18;32443.053
2026-08-10T04:42:30.166439+02:00;standby;23.6;37.9;5.0;25.0;57.6;57.0;0;0;0;0;16497.26;11280.08;5217.18;32443.053
2026-08-10T04:43:31.958893+02:00;standby;23.6;37.9;5.0;25.0;57.6;57.0;0;0;0;0;16497.26;11280.08;5217.18;32443.053
2026-08-10T04:44:32.478017+02:00;standby;23.6;37.8;5.0;25.0;57.6;57.0;0;0;0;0;16497.26;11280.08;5217.18;32443.053
2026-08-10T04:45:32.997068+02:00;standby;23.6;37.8;5.0;25.0;57.6;57.0;0;0;0;0;16497.26;11280.08;5217.18;32443.053
2026-08-10T04:46:34.128341+02:00;standby;23.6;37.8;5.0;25.0;57.6;57.0;0;0;0;0;16497.26;11280.08;5217.18;32443.053
2026-08-10T04:47:35.186537+02:00;standby;22.9;37.7;5.0;25.0;57.6;57.0;0;0;0;0;16497.26;11280.08;5217.18;32443.053
2026-08-10T04:48:35.700229+02:00;standby;22.9;37.7;5.0;25.0;57.6;57.0;0;0;0;0;16497.26;11280.08;5217.18;32443.053
2026-08-10T04:49:36.323388+02:00;standby;22.9;37.7;5.0;25.0;57.6;57.0;0;0;0;0;16497.26;11280.08;5217.18;32443.053
2026-08-10T04:50:36.927361+02:00;standby;22.9;37.5;5.0;25.0;57.6;57.0;0;0;0;0;16497.26;11280.08;5217.18;32443.053
2026-08-10T04:51:37.418437+02:00;standby;22.9;37.5;5.0;25.0;57.6;57.0;0;0;0;0;16497.26;11280.08;5217.18;32443.053
2026-08-10T04:52:37.902912+02:00;standby;22.9;37.5;5.0;25.0;57.6;57.0;0;0;0;0;16497.26;11280.08;5217.18;32443.053
2026-08-10T04:53:38.331134+02:00;standby;22.9;37.4;5.0;25.0;57.6;57.0;0;0;0;0;16497.26;11280.08;5217.18;32443.053
2026-08-10T04:54:38.891291+02:00;standby;22.9;37.4;5.0;25.0;57.5;57.0;0;0;0;0;16497.26;11280.08;5217.18;32443.053
2026-08-10T04:55:39.390592+02:00;standby;22.9;37.4;5.0;25.0;57.5;57.0;0;0;0;0;16497.26;11280.08;5217.18;32443.053
2026-08-10T04:56:40.064556+02:00;standby;22.9;37.3;5.0;25.0;57.5;57.0;0;0;0;0;16497.26;11280.08;5217.18;32443.053
2026-08-10T04:57:40.594996+02:00;standby;22.9;37.3;5.0;25.0;57.5;57.0;0;0;0;0;16497.26;11280.08;5217.18;32443.053
2026-08-10T04:58:41.095293+02:00;standby;22.9;37.3;5.0;25.0;57.5;57.0;0;0;0;0;16497.26;11280.08;5217.18;32443.053
2026-08-10T04:59:41.536253+02:00;standby;22.9;37.3;5.0;25.0;57.5;57.0;0;0;0;0;16497.26;11280.08;5217.18;32443.053
2026-08-10T05:00:42.057264+02:00;standby;22.9;37.2;5.0;25.0;57.5;57.0;0;0;0;0;16497.26;11280.08;5217.18;32443.053
2026-08-10T05:01:42.577852+02:00;standby;22.9;37.2;5.0;25.0;57.5;57.0;0;0;0;0;16497.26;11280.08;5217.18;32443.053
2026-08-10T05:02:43.485642+02:00;standby;22.9;37.0;5.0;25.0;57.5;57.0;0;0;0;0;16497.26;11280.08;5217.18;32443.053
2026-08-10T05:03:44.131140+02:00;standby;22.9;37.0;5.0;25.0;57.5;57.0;0;0;0;0;16497.26;11280.08;5217.18;32443.053
2026-08-10T05:04:44.578476+02:00;standby;22.9;37.0;5.0;25.0;57.5;57.0;0;0;0;0;16497.26;11280.08;5217.18;32443.053
2026-08-10T05:05:45.053096+02:00;standby;22.9;37.0;5.0;25.0;57.5;57.0;0;0;0;0;16497.26;11280.08;5217.18;32443.053
2026-08-10T05:06:45.513070+02:00;standby;22.9;36.9;5.0;25.0;57.4;57.0;0;0;0;0;16497.26;11280.08;5217.18;32443.053
2026-08-10T05:07:46.617206+02:00;standby;22.9;36.9;5.0;25.0;57.4;57.0;0;0;0;0;16497.26;11280.08;5217.18;32443.053
2026-08-10T05:08:47.127699+02:00;standby;22.9;36.9;5.0;25.0;57.4;57.0;0;0;0;0;16497.26;11280.08;5217.18;32443.053
2026-08-10T05:09:47.633859+02:00;standby;22.9;36.8;5.0;25.0;57.4;57.0;0;0;0;0;16497.26;11280.08;5217.18;32443.053
2026-08-10T05:10:48.228724+02:00;standby;22.9;36.8;5.0;25.0;57.4;57.0;0;0;0;0;16497.26;11280.08;5217.18;32443.053
2026-08-10T05:11:49.048919+02:00;standby;22.9;36.8;5.0;25.0;57.4;57.0;0;0;0;0;16497.26;11280.08;5217.18;32443.053
2026-08-10T05:12:49.528821+02:00;standby;22.9;36.8;5.0;25.0;57.4;57.0;0;0;0;0;16497.26;11280.08;5217.18;32443.053
2026-08-10T05:13:49.963714+02:00;standby;22.9;36.7;5.0;25.0;57.4;57.0;0;0;0;0;16497.26;11280.08;5217.18;32443.053
2026-08-10T05:14:51.005786+02:00;standby;22.9;36.7;5.0;25.0;57.4;57.0;0;0;0;0;16497.26;11280.08;5217.18;32443.053
2026-08-10T05:15:51.420883+02:00;standby;22.9;36.7;5.0;25.0;57.4;57.0;0;0;0;0;16497.26;11280.08;5217.18;32443.053
2026-08-10T05:16:51.957413+02:00;standby;22.9;36.5;5.0;25.0;57.4;57.0;0;0;0;0;16497.26;11280.08;5217.18;32443.053
2026-08-10T05:17:52.534570+02:00;standby;22.9;36.5;5.0;25.0;57.4;57.0;0;0;0;0;16497.26;11280.08;5217.18;32443.053
2026-08-10T05:18:53.357465+02:00;standby;22.9;36.5;5.0;25.0;57.4;57.0;0;0;0;0;16497.26;11280.08;5217.18;32443.053
2026-08-10T05:19:53.872196+02:00;standby;22.9;36.5;5.0;25.0;57.3;57.0;0;0;0;0;16497.26;11280.08;5217.18;32443.053
2026-08-10T05:20:54.322764+02:00;standby;22.9;36.4;5.0;25.0;57.3;57.0;0;0;0;0;16497.26;11280.08;5217.18;32443.053
2026-08-10T05:21:55.354142+02:00;standby;22.9;36.4;5.0;25.0;57.3;57.0;0;0;0;0;16497.26;11280.08;5217.18;32443.053
2026-08-10T05:22:55.789061+02:00;standby;22.9;36.4;5.0;25.0;57.3;57.0;0;0;0;0;16497.26;11280.08;5217.18;32443.053
2026-08-10T05:23:56.307530+02:00;standby;22.9;36.3;5.0;25.0;57.3;57.0;0;0;0;0;16497.26;11280.08;5217.18;32443.053
2026-08-10T05:24:56.983497+02:00;standby;22.9;36.3;5.0;25.0;57.3;57.0;0;0;0;0;16497.26;11280.08;5217.18;32443.053
2026-08-10T05:25:58.066103+02:00;standby;22.9;36.3;5.0;25.0;57.3;57.0;0;0;0;0;16497.26;11280.08;5217.18;32443.053
2026-08-10T05:26:58.602692+02:00;standby;22.9;36.3;5.0;25.0;57.3;57.0;0;0;0;0;16497.26;11280.08;5217.18;32443.053
2026-08-10T05:27:59.026732+02:00;standby;22.9;36.2;5.0;25.0;57.3;57.0;0;0;0;0;16497.26;11280.08;5217.18;32443.053
2026-08-10T05:28:59.640627+02:00;standby;22.9;36.2;5.0;25.0;57.3;57.0;0;0;0;0;16497.26;11280.08;5217.18;32443.053
2026-08-10T05:30:00.123696+02:00;standby;22.9;36.2;5.0;25.0;57.3;57.0;0;0;0;0;16497.26;11280.08;5217.18;32443.053
2026-08-10T05:31:00.601157+02:00;standby;22.9;36.0;5.0;25.0;57.3;57.0;0;0;0;0;16497.26;11280.08;5217.18;32443.053
2026-08-10T05:32:01.240793+02:00;standby;22.9;36.0;5.0;28.0;57.3;57.0;0;0;0;0;16497.26;11280.08;5217.18;32443.053
2026-08-10T05:33:01.642262+02:00;standby;22.9;36.0;5.0;28.0;57.2;57.0;0;0;0;0;16497.26;11280.08;5217.18;32443.053
2026-08-10T05:34:02.139398+02:00;standby;22.9;36.0;5.0;28.0;57.3;57.0;0;0;0;0;16497.26;11280.08;5217.18;32443.053
2026-08-10T05:35:03.018554+02:00;standby;22.9;35.9;5.0;28.0;57.3;57.0;0;0;0;0;16497.26;11280.08;5217.18;32443.053
2026-08-10T05:36:03.443505+02:00;standby;22.9;35.9;5.0;28.0;57.2;57.0;0;0;0;0;16497.26;11280.08;5217.18;32443.053
2026-08-10T05:37:03.930716+02:00;standby;22.9;35.9;5.0;28.0;57.2;57.0;0;0;0;0;16497.26;11280.08;5217.18;32443.053
2026-08-10T05:38:04.379605+02:00;standby;22.9;35.9;5.0;28.0;57.2;57.0;0;0;0;0;16497.26;11280.08;5217.18;32443.053
2026-08-10T05:39:04.814152+02:00;standby;22.9;35.9;5.0;28.0;57.2;57.0;0;0;0;0;16497.26;11280.08;5217.18;32443.053
2026-08-10T05:40:05.334564+02:00;standby;22.9;35.8;5.0;28.0;57.2;57.0;0;0;0;0;16497.26;11280.08;5217.18;32443.053
2026-08-10T05:41:05.853999+02:00;standby;22.9;35.8;5.0;28.0;57.2;57.0;0;0;0;0;16497.26;11280.08;5217.18;32443.053
2026-08-10T05:42:06.295747+02:00;standby;22.9;35.8;5.0;28.0;57.2;57.0;0;0;0;0;16497.26;11280.08;5217.18;32443.053
2026-08-10T05:43:06.793136+02:00;standby;22.9;35.7;5.0;28.0;57.2;57.0;0;0;0;0;16497.26;11280.08;5217.18;32443.053
2026-08-10T05:44:07.384130+02:00;standby;22.9;35.7;5.0;28.0;57.2;57.0;0;0;0;0;16497.26;11280.08;5217.18;32443.053
2026-08-10T05:45:07.905869+02:00;standby;22.9;35.7;5.0;28.0;57.2;57.0;0;0;0;0;16497.26;11280.08;5217.18;32443.053
2026-08-10T05:46:08.328734+02:00;standby;22.9;35.7;5.0;28.0;57.2;57.0;0;0;0;0;16497.26;11280.08;5217.18;32443.053
2026-08-10T05:47:09.014558+02:00;standby;22.9;35.6;5.0;28.0;57.1;57.0;0;0;0;0;16497.26;11280.08;5217.18;32443.053
2026-08-10T05:48:09.462164+02:00;standby;22.0;35.6;5.0;28.0;57.2;57.0;0;0;0;0;16497.26;11280.08;5217.18;32443.053
2026-08-10T05:49:09.878573+02:00;standby;22.0;35.6;5.0;28.0;57.1;57.0;0;0;0;0;16497.26;11280.08;5217.18;32443.053
2026-08-10T05:50:10.500005+02:00;standby;22.0;35.6;5.0;28.0;57.1;57.0;0;0;0;0;16497.26;11280.08;5217.18;32443.053
2026-08-10T05:51:11.098333+02:00;standby;22.0;35.6;5.0;28.0;57.1;57.0;0;0;0;0;16497.26;11280.08;5217.18;32443.053
2026-08-10T05:52:11.617314+02:00;standby;22.0;35.4;5.0;28.0;57.1;57.0;0;0;0;0;16497.26;11280.08;5217.18;32443.053
2026-08-10T05:53:12.484449+02:00;standby;22.0;35.4;5.0;28.0;57.1;57.0;0;0;0;0;16497.26;11280.08;5217.18;32443.053
2026-08-10T05:54:13.598799+02:00;standby;22.0;35.4;5.0;28.0;57.1;57.0;0;0;0;0;16497.26;11280.08;5217.18;32443.053
2026-08-10T05:55:14.128887+02:00;standby;22.0;35.4;5.0;28.0;57.1;57.0;0;0;0;0;16497.26;11280.08;5217.18;32443.053
2026-08-10T05:56:14.554137+02:00;standby;22.0;35.3;5.0;28.0;57.1;57.0;0;0;0;0;16497.26;11280.08;5217.18;32443.053
2026-08-10T05:57:15.012833+02:00;standby;22.0;35.3;5.0;28.0;57.1;57.0;0;0;0;0;16497.26;11280.08;5217.18;32443.053
2026-08-10T05:58:15.521578+02:00;standby;22.0;35.3;5.0;28.0;57.1;57.0;0;0;0;0;16497.26;11280.08;5217.18;32443.053
2026-08-10T05:59:16.005874+02:00;standby;22.0;35.3;5.0;28.0;57.1;57.0;0;0;0;0;16497.26;11280.08;5217.18;32443.053
2026-08-10T06:00:16.701775+02:00;standby;22.0;35.2;5.0;28.0;57.1;57.0;0;0;0;0;16497.26;11280.08;5217.18;32443.053
2026-08-10T06:01:17.303381+02:00;standby;22.0;35.2;5.0;28.0;57.1;57.0;0;0;0;0;16497.26;11280.08;5217.18;32443.053
2026-08-10T06:02:17.806415+02:00;standby;22.0;35.2;5.0;28.0;56.9;57.0;0;0;0;0;16497.26;11280.08;5217.18;32443.053
2026-08-10T06:03:18.541308+02:00;standby;22.0;35.2;5.0;28.0;56.9;57.0;0;0;0;0;16497.26;11280.08;5217.18;32443.053
2026-08-10T06:04:19.102286+02:00;standby;22.0;35.1;5.0;28.0;56.9;57.0;0;0;0;0;16497.26;11280.08;5217.18;32443.053
2026-08-10T06:05:19.581778+02:00;standby;22.0;35.1;5.0;28.0;56.9;57.0;0;0;0;0;16497.26;11280.08;5217.18;32443.053
2026-08-10T06:06:20.082166+02:00;standby;22.0;35.1;5.0;28.0;56.9;57.0;0;0;0;0;16497.26;11280.08;5217.18;32443.053
2026-08-10T06:07:20.517230+02:00;standby;22.0;35.1;5.0;28.0;56.9;57.0;0;0;0;0;16497.26;11280.08;5217.18;32443.053
2026-08-10T06:08:21.028372+02:00;standby;22.0;35.1;5.0;28.0;56.9;57.0;0;0;0;0;16497.26;11280.08;5217.18;32443.053
2026-08-10T06:09:21.496797+02:00;standby;22.0;35.1;5.0;28.0;56.9;57.0;0;0;0;0;16497.26;11280.08;5217.18;32443.053
2026-08-10T06:10:21.972894+02:00;standby;22.0;34.9;5.0;28.0;56.9;57.0;0;0;0;0;16497.26;11280.08;5217.18;32443.053
2026-08-10T06:11:22.437039+02:00;standby;22.0;34.9;5.0;28.0;56.9;57.0;0;0;0;0;16497.26;11280.08;5217.18;32443.053
2026-08-10T06:12:22.902502+02:00;standby;22.0;34.9;5.0;28.0;56.9;57.0;0;0;0;0;16497.26;11280.08;5217.18;32443.053
2026-08-10T06:13:23.366790+02:00;standby;22.0;34.9;5.0;28.0;56.9;57.0;0;0;0;0;16497.26;11280.08;5217.18;32443.053
2026-08-10T06:14:23.839836+02:00;standby;22.0;34.8;5.0;28.0;56.9;57.0;0;0;0;0;16497.26;11280.08;5217.18;32443.053
2026-08-10T06:15:24.557115+02:00;standby;22.0;34.8;5.0;28.0;56.9;57.0;0;0;0;0;16497.26;11280.08;5217.18;32443.053
2026-08-10T06:16:25.181332+02:00;standby;22.0;34.8;5.0;28.0;56.8;57.0;0;0;0;0;16497.26;11280.08;5217.18;32443.053
2026-08-10T06:17:25.870451+02:00;standby;22.0;34.8;5.0;28.0;56.9;57.0;0;0;0;0;16497.26;11280.08;5217.18;32443.053
2026-08-10T06:18:26.422524+02:00;standby;22.0;34.8;5.0;28.0;56.8;57.0;0;0;0;0;16497.26;11280.08;5217.18;32443.053
2026-08-10T06:19:27.048852+02:00;standby;22.0;34.7;5.0;28.0;56.8;57.0;0;0;0;0;16497.26;11280.08;5217.18;32443.053
2026-08-10T06:20:27.679276+02:00;standby;22.0;34.7;5.0;28.0;56.8;57.0;0;0;0;0;16497.26;11280.08;5217.18;32443.053
2026-08-10T06:21:28.345271+02:00;standby;22.0;34.7;5.0;28.0;56.8;57.0;0;0;0;0;16497.26;11280.08;5217.18;32443.053
2026-08-10T06:22:28.917533+02:00;standby;22.0;34.6;5.0;28.0;56.8;57.0;0;0;0;0;16497.26;11280.08;5217.18;32443.053
2026-08-10T06:23:29.428478+02:00;standby;22.0;34.6;5.0;28.0;56.8;57.0;0;0;0;0;16497.26;11280.08;5217.18;32443.053
2026-08-10T06:24:30.155061+02:00;standby;22.0;34.6;5.0;28.0;56.8;57.0;0;0;0;0;16497.26;11280.08;5217.18;32443.053
2026-08-10T06:25:31.461402+02:00;standby;22.0;34.6;5.0;28.0;56.8;57.0;0;0;0;0;16497.26;11280.08;5217.18;32443.053
2026-08-10T06:26:31.919465+02:00;standby;22.0;34.6;5.0;28.0;56.8;57.0;0;0;0;0;16497.26;11280.08;5217.18;32443.053
2026-08-10T06:27:32.582146+02:00;standby;22.0;34.4;5.0;28.0;56.8;57.0;0;0;0;0;16497.26;11280.08;5217.18;32443.053
2026-08-10T06:28:33.164897+02:00;standby;22.0;34.4;5.0;28.0;56.8;57.0;0;0;0;0;16497.26;11280.08;5217.18;32443.053
2026-08-10T06:29:33.634091+02:00;standby;22.0;34.4;5.0;28.0;56.8;57.0;0;0;0;0;16497.26;11280.08;5217.18;32443.053
2026-08-10T06:30:34.100030+02:00;standby;22.0;34.4;5.0;28.0;56.7;57.0;0;0;0;0;16497.26;11280.08;5217.18;32443.053
2026-08-10T06:31:34.580658+02:00;standby;22.0;34.4;5.0;28.0;56.7;57.0;0;0;0;0;16497.26;11280.08;5217.18;32443.053
2026-08-10T06:32:35.036401+02:00;standby;22.0;34.4;5.0;28.0;56.7;57.0;0;0;0;0;16497.26;11280.08;5217.18;32443.053
2026-08-10T06:33:35.662541+02:00;standby;22.0;34.3;5.0;28.0;56.7;57.0;0;0;0;0;16497.26;11280.08;5217.18;32443.053
2026-08-10T06:34:36.138901+02:00;standby;22.0;34.3;5.0;28.0;56.7;57.0;0;0;0;0;16497.26;11280.08;5217.18;32443.053
2026-08-10T06:35:36.584331+02:00;standby;22.0;34.3;5.0;28.0;56.7;57.0;0;0;0;0;16497.26;11280.08;5217.18;32443.053
2026-08-10T06:36:37.014157+02:00;standby;22.0;34.3;5.0;28.0;56.7;57.0;0;0;0;0;16497.26;11280.08;5217.18;32443.053
2026-08-10T06:37:37.483445+02:00;standby;22.0;34.2;5.0;28.0;56.7;57.0;0;0;0;0;16497.26;11280.08;5217.18;32443.053
2026-08-10T06:38:37.939526+02:00;standby;22.0;34.2;5.0;28.0;56.7;57.0;0;0;0;0;16497.26;11280.08;5217.18;32443.053
2026-08-10T06:39:38.405624+02:00;standby;22.0;34.2;5.0;28.0;56.7;57.0;0;0;0;0;16497.26;11280.08;5217.18;32443.053
2026-08-10T06:40:38.843718+02:00;standby;22.0;34.2;5.0;28.0;56.7;57.0;0;0;0;0;16497.26;11280.08;5217.18;32443.053
2026-08-10T06:41:39.299131+02:00;standby;22.0;34.2;5.0;28.0;56.7;57.0;0;0;0;0;16497.26;11280.08;5217.18;32443.053
2026-08-10T06:42:39.818636+02:00;standby;22.0;34.1;5.0;28.0;56.7;57.0;0;0;0;0;16497.26;11280.08;5217.18;32443.053
2026-08-10T06:43:40.281953+02:00;standby;22.0;34.1;5.0;28.0;56.7;57.0;0;0;0;0;16497.26;11280.08;5217.18;32443.053
2026-08-10T06:44:40.809920+02:00;standby;22.0;34.1;5.0;28.0;56.6;57.0;0;0;0;0;16497.26;11280.08;5217.18;32443.053
2026-08-10T06:45:41.263215+02:00;standby;22.0;34.1;5.0;28.0;56.6;57.0;0;0;0;0;16497.26;11280.08;5217.18;32443.053
2026-08-10T06:46:41.712262+02:00;standby;22.0;34.1;5.0;28.0;56.6;57.0;0;0;0;0;16497.26;11280.08;5217.18;32443.053
2026-08-10T06:47:42.158422+02:00;standby;22.0;34.0;5.0;28.0;56.6;57.0;0;0;0;0;16497.26;11280.08;5217.18;32443.053
2026-08-10T06:48:42.624406+02:00;standby;21.9;34.0;5.0;28.0;56.6;57.0;0;0;0;0;16497.26;11280.08;5217.18;32443.053
2026-08-10T06:49:43.136246+02:00;standby;21.9;34.0;5.0;28.0;56.6;57.0;0;0;0;0;16497.26;11280.08;5217.18;32443.053
2026-08-10T06:50:46.188708+02:00;standby;21.9;34.0;5.0;28.0;56.6;57.0;0;0;0;0;16497.26;11280.08;5217.18;32443.053
2026-08-10T06:51:46.642474+02:00;standby;21.9;34.0;5.0;28.0;56.6;57.0;0;0;0;0;16497.26;11280.08;5217.18;32443.053
2026-08-10T06:52:47.158746+02:00;standby;21.9;34.0;5.0;28.0;56.6;57.0;0;0;0;0;16497.26;11280.08;5217.18;32443.053
2026-08-10T06:53:47.625286+02:00;standby;21.9;33.8;5.0;28.0;56.6;57.0;0;0;0;0;16497.26;11280.08;5217.18;32443.053
2026-08-10T06:54:48.149501+02:00;standby;21.9;33.8;5.0;28.0;56.6;57.0;0;0;0;0;16497.26;11280.08;5217.18;32443.053
2026-08-10T06:55:48.604498+02:00;standby;21.9;33.8;5.0;28.0;56.6;57.0;0;0;0;0;16497.26;11280.08;5217.18;32443.053
2026-08-10T06:56:49.137415+02:00;standby;21.9;33.8;5.0;28.0;56.6;57.0;0;0;0;0;16497.26;11280.08;5217.18;32443.053
2026-08-10T06:57:49.587999+02:00;standby;21.9;33.8;5.0;28.0;56.5;57.0;0;0;0;0;16497.26;11280.08;5217.18;32443.053
2026-08-10T06:58:50.028942+02:00;standby;21.9;33.8;5.0;28.0;56.5;57.0;0;0;0;0;16497.26;11280.08;5217.18;32443.053
2026-08-10T06:59:50.449280+02:00;standby;21.9;33.7;5.0;28.0;56.5;57.0;0;0;0;0;16497.26;11280.08;5217.18;32443.053
2026-08-10T07:00:50.994815+02:00;standby;21.9;33.7;5.0;28.0;56.5;57.0;0;0;0;0;16497.26;11280.08;5217.18;32443.053
2026-08-10T07:01:51.409521+02:00;standby;21.9;33.7;5.0;28.0;56.5;57.0;0;0;0;0;16497.26;11280.08;5217.18;32443.053
2026-08-10T07:02:51.888171+02:00;standby;21.9;33.7;5.0;28.0;56.5;57.0;0;0;0;0;16497.26;11280.08;5217.18;32443.053
2026-08-10T07:03:52.516217+02:00;standby;21.9;33.7;5.0;28.0;56.5;57.0;0;0;0;0;16497.26;11280.08;5217.18;32443.053
2026-08-10T07:04:52.945245+02:00;standby;21.9;33.6;5.0;28.0;56.5;57.0;0;0;0;0;16497.26;11280.08;5217.18;32443.053
2026-08-10T07:05:53.383784+02:00;standby;21.9;33.6;5.0;28.0;56.5;57.0;0;0;0;0;16497.26;11280.08;5217.18;32443.053
2026-08-10T07:06:54.180272+02:00;standby;21.9;33.6;5.0;28.0;56.5;57.0;0;0;0;0;16497.26;11280.08;5217.18;32443.053
2026-08-10T07:07:54.604856+02:00;standby;21.9;33.6;5.0;28.0;56.5;57.0;0;0;0;0;16497.26;11280.08;5217.18;32443.053
2026-08-10T07:08:55.270143+02:00;standby;21.9;33.6;5.0;28.0;56.5;57.0;0;0;0;0;16497.26;11280.08;5217.18;32443.053
2026-08-10T07:09:55.924439+02:00;standby;21.9;33.6;5.0;28.0;56.5;57.0;0;0;0;0;16497.26;11280.08;5217.18;32443.053
2026-08-10T07:10:56.350395+02:00;standby;21.9;33.6;5.0;28.0;56.5;57.0;0;0;0;0;16497.26;11280.08;5217.18;32443.053
2026-08-10T07:11:56.965441+02:00;standby;21.9;33.5;5.0;28.0;56.4;57.0;0;0;0;0;16497.26;11280.08;5217.18;32443.053
2026-08-10T07:12:57.434643+02:00;standby;21.9;33.5;5.0;28.0;56.4;57.0;0;0;0;0;16497.26;11280.08;5217.18;32443.053
2026-08-10T07:13:57.952850+02:00;standby;21.9;33.5;5.0;28.0;56.4;57.0;0;0;0;0;16497.26;11280.08;5217.18;32443.053
2026-08-10T07:14:58.365662+02:00;standby;21.9;33.5;5.0;28.0;56.4;57.0;0;0;0;0;16497.26;11280.08;5217.18;32443.053
2026-08-10T07:15:58.937657+02:00;standby;21.9;33.5;5.0;28.0;56.4;57.0;0;0;0;0;16497.26;11280.08;5217.18;32443.053
2026-08-10T07:16:59.375511+02:00;standby;21.9;33.3;5.0;28.0;56.4;57.0;0;0;0;0;16497.26;11280.08;5217.18;32443.053
2026-08-10T07:17:59.792730+02:00;standby;21.9;33.3;5.0;28.0;56.4;57.0;0;0;0;0;16497.26;11280.08;5217.18;32443.053
2026-08-10T07:19:00.312197+02:00;standby;21.9;33.3;5.0;28.0;56.4;57.0;0;0;0;0;16497.26;11280.08;5217.18;32443.053
2026-08-10T07:20:00.730256+02:00;standby;21.9;33.3;5.0;28.0;56.4;57.0;0;0;0;0;16497.26;11280.08;5217.18;32443.053
2026-08-10T07:21:01.187963+02:00;standby;21.9;33.3;5.0;28.0;56.4;57.0;0;0;0;0;16497.26;11280.08;5217.18;32443.053
2026-08-10T07:22:01.604126+02:00;standby;21.9;33.3;5.0;28.0;56.4;57.0;0;0;0;0;16497.26;11280.08;5217.18;32443.053
2026-08-10T07:23:03.398767+02:00;standby;21.9;33.3;5.0;28.0;56.4;57.0;0;0;0;0;16497.26;11280.08;5217.18;32443.053
2026-08-10T07:24:03.831257+02:00;standby;21.9;33.2;5.0;28.0;56.4;57.0;0;0;0;0;16497.26;11280.08;5217.18;32443.053
2026-08-10T07:25:04.279772+02:00;standby;21.9;33.2;5.0;28.0;56.4;57.0;0;0;0;0;16497.26;11280.08;5217.18;32443.053
2026-08-10T07:26:04.720982+02:00;standby;21.9;33.2;5.0;28.0;56.4;57.0;0;0;0;0;16497.26;11280.08;5217.18;32443.053
2026-08-10T07:27:05.170093+02:00;standby;21.9;33.2;5.0;28.0;56.3;57.0;0;0;0;0;16497.26;11280.08;5217.18;32443.053
2026-08-10T07:28:05.635372+02:00;standby;21.9;33.2;5.0;28.0;56.3;57.0;0;0;0;0;16497.26;11280.08;5217.18;32443.053
2026-08-10T07:29:06.073421+02:00;standby;21.9;33.2;5.0;28.0;56.3;57.0;0;0;0;0;16497.26;11280.08;5217.18;32443.053
2026-08-10T07:30:06.585720+02:00;standby;21.9;33.1;5.0;28.0;56.3;57.0;0;0;0;0;16497.26;11280.08;5217.18;32443.053
2026-08-10T07:31:07.044976+02:00;standby;21.9;33.1;5.0;28.0;56.3;57.0;0;0;0;0;16497.26;11280.08;5217.18;32443.053
2026-08-10T07:32:07.479064+02:00;standby;21.9;33.1;5.0;28.0;56.3;57.0;0;0;0;0;16497.26;11280.08;5217.18;32443.053
2026-08-10T07:33:07.926737+02:00;standby;21.9;33.1;5.0;28.0;56.3;57.0;0;0;0;0;16497.26;11280.08;5217.18;32443.053
2026-08-10T07:34:08.349439+02:00;standby;21.9;33.1;5.0;28.0;56.3;57.0;0;0;0;0;16497.26;11280.08;5217.18;32443.053
2026-08-10T07:35:08.775418+02:00;standby;21.9;33.1;5.0;28.0;56.3;57.0;0;0;0;0;16497.26;11280.08;5217.18;32443.053
2026-08-10T07:36:09.231782+02:00;standby;21.9;33.1;5.0;28.0;56.3;57.0;0;0;0;0;16497.26;11280.08;5217.18;32443.053
2026-08-10T07:37:09.696242+02:00;standby;21.9;33.0;5.0;28.0;56.3;57.0;0;0;0;0;16497.26;11280.08;5217.18;32443.053
2026-08-10T07:38:10.280056+02:00;standby;21.9;33.0;5.0;28.0;56.3;57.0;0;0;0;0;16497.26;11280.08;5217.18;32443.053
2026-08-10T07:39:10.755393+02:00;standby;21.9;33.0;5.0;28.0;56.3;57.0;0;0;0;0;16497.26;11280.08;5217.18;32443.053
2026-08-10T07:40:11.410409+02:00;standby;21.9;33.0;5.0;28.0;56.3;57.0;0;0;0;0;16497.26;11280.08;5217.18;32443.053
2026-08-10T07:41:11.900211+02:00;standby;21.9;33.0;5.0;28.0;56.2;57.0;0;0;0;0;16497.26;11280.08;5217.18;32443.053
2026-08-10T07:42:12.459518+02:00;standby;21.9;33.0;5.0;28.0;56.2;57.0;0;0;0;0;16497.26;11280.08;5217.18;32443.053
2026-08-10T07:43:12.919988+02:00;standby;21.9;33.0;5.0;28.0;56.2;57.0;0;0;0;0;16497.26;11280.08;5217.18;32443.053
2026-08-10T07:44:13.339632+02:00;standby;21.9;32.8;5.0;28.0;56.2;57.0;0;0;0;0;16497.26;11280.08;5217.18;32443.053
2026-08-10T07:45:13.804337+02:00;standby;21.9;32.8;5.0;28.0;56.2;57.0;0;0;0;0;16497.26;11280.08;5217.18;32443.053
2026-08-10T07:46:14.224150+02:00;standby;21.9;32.8;5.0;28.0;56.2;57.0;0;0;0;0;16497.26;11280.08;5217.18;32443.053
2026-08-10T07:47:14.637435+02:00;standby;21.9;32.8;5.0;28.0;56.2;57.0;0;0;0;0;16497.26;11280.08;5217.18;32443.053
2026-08-10T07:48:15.069555+02:00;standby;21.9;32.8;5.0;28.0;56.2;57.0;0;0;0;0;16497.26;11280.08;5217.18;32443.053
2026-08-10T07:49:15.483729+02:00;standby;22.9;32.8;5.0;28.0;56.2;57.0;0;0;0;0;16497.26;11280.08;5217.18;32443.053
2026-08-10T07:50:15.939849+02:00;standby;22.9;32.8;5.0;28.0;56.2;57.0;0;0;0;0;16497.26;11280.08;5217.18;32443.053
2026-08-10T07:51:16.404319+02:00;standby;22.9;32.7;5.0;28.0;56.2;57.0;0;0;0;0;16497.26;11280.08;5217.18;32443.053
2026-08-10T07:52:16.884867+02:00;standby;22.9;32.7;5.0;28.0;56.2;57.0;0;0;0;0;16497.26;11280.08;5217.18;32443.053
2026-08-10T07:53:17.288252+02:00;standby;22.9;32.7;5.0;28.0;56.2;57.0;0;0;0;0;16497.26;11280.08;5217.18;32443.053
2026-08-10T07:54:17.765616+02:00;standby;22.9;32.7;5.0;28.0;56.2;57.0;0;0;0;0;16497.26;11280.08;5217.18;32443.053
2026-08-10T07:55:18.326695+02:00;standby;22.9;32.7;5.0;28.0;56.2;57.0;0;0;0;0;16497.26;11280.08;5217.18;32443.053
2026-08-10T07:56:19.054890+02:00;standby;22.9;32.7;5.0;28.0;56.1;57.0;0;0;0;0;16497.26;11280.08;5217.18;32443.053
2026-08-10T07:57:19.575785+02:00;standby;22.9;32.6;5.0;28.0;56.1;57.0;0;0;0;0;16497.26;11280.08;5217.18;32443.053
2026-08-10T07:58:20.147055+02:00;standby;22.9;32.6;5.0;28.0;56.1;57.0;0;0;0;0;16497.26;11280.08;5217.18;32443.053
2026-08-10T07:59:20.726047+02:00;standby;22.9;32.6;5.0;28.0;56.1;57.0;0;0;0;0;16497.26;11280.08;5217.18;32443.053
2026-08-10T08:00:21.394483+02:00;standby;22.9;32.6;5.0;28.0;56.1;57.0;0;0;0;0;16497.26;11280.08;5217.18;32443.053
2026-08-10T08:01:21.965228+02:00;standby;22.9;32.6;5.0;28.0;56.1;57.0;0;0;0;0;16497.26;11280.08;5217.18;32443.053
2026-08-10T08:02:22.478575+02:00;standby;22.9;32.6;5.0;28.0;56.1;57.0;0;0;0;0;16497.26;11280.08;5217.18;32443.053
2026-08-10T08:03:22.955401+02:00;standby;22.9;32.6;5.0;28.0;56.1;57.0;0;0;0;0;16497.26;11280.08;5217.18;32443.053
2026-08-10T08:04:23.429060+02:00;standby;22.9;32.6;5.0;28.0;56.1;57.0;0;0;0;0;16497.26;11280.08;5217.18;32443.053
2026-08-10T08:05:24.039406+02:00;standby;22.9;32.5;5.0;28.0;56.1;57.0;0;0;0;0;16497.26;11280.08;5217.18;32443.053
2026-08-10T08:06:24.510832+02:00;standby;22.9;32.5;5.0;28.0;56.1;57.0;0;0;0;0;16497.26;11280.08;5217.18;32443.053
2026-08-10T08:07:24.980096+02:00;standby;22.9;32.5;5.0;28.0;56.1;57.0;0;0;0;0;16497.26;11280.08;5217.18;32443.053
2026-08-10T08:08:25.460116+02:00;standby;22.9;32.5;5.0;28.0;56.1;57.0;0;0;0;0;16497.26;11280.08;5217.18;32443.053
2026-08-10T08:09:26.059380+02:00;standby;22.9;32.5;5.0;28.0;56.0;57.0;0;0;0;0;16497.26;11280.08;5217.18;32443.053
2026-08-10T08:10:26.488603+02:00;standby;22.9;32.5;5.0;28.0;56.0;57.0;0;0;0;0;16497.26;11280.08;5217.18;32443.053
2026-08-10T08:11:26.936452+02:00;standby;22.9;32.5;5.0;28.0;56.0;57.0;0;0;0;0;16497.26;11280.08;5217.18;32443.053
2026-08-10T08:12:27.374484+02:00;standby;22.9;32.5;5.0;28.0;56.0;57.0;0;0;0;0;16497.26;11280.08;5217.18;32443.053
2026-08-10T08:13:27.795835+02:00;standby;22.9;32.3;5.0;28.0;56.0;57.0;0;0;0;0;16497.26;11280.08;5217.18;32443.053
2026-08-10T08:14:28.306242+02:00;standby;22.9;32.3;5.0;28.0;56.0;57.0;0;0;0;0;16497.26;11280.08;5217.18;32443.053
2026-08-10T08:15:29.239960+02:00;standby;22.9;32.3;5.0;28.0;56.0;57.0;0;0;0;0;16497.26;11280.08;5217.18;32443.053
2026-08-10T08:16:30.114953+02:00;standby;22.9;32.3;5.0;28.0;56.0;57.0;0;0;0;0;16497.26;11280.08;5217.18;32443.053
2026-08-10T08:17:30.539767+02:00;standby;22.9;32.3;5.0;28.0;56.0;57.0;0;0;0;0;16497.26;11280.08;5217.18;32443.053
2026-08-10T08:18:30.993654+02:00;standby;22.9;32.3;5.0;28.0;56.0;57.0;0;0;0;0;16497.26;11280.08;5217.18;32443.053
2026-08-10T08:19:31.457731+02:00;standby;22.9;32.3;5.0;28.0;56.0;57.0;0;0;0;0;16497.26;11280.08;5217.18;32443.053
2026-08-10T08:20:32.763692+02:00;standby;22.9;32.2;5.0;28.0;56.0;57.0;0;0;0;0;16497.26;11280.08;5217.18;32443.053
2026-08-10T08:21:33.264351+02:00;standby;22.9;32.2;5.0;28.0;56.0;57.0;0;0;0;0;16497.26;11280.08;5217.18;32443.053
2026-08-10T08:22:34.094056+02:00;standby;22.9;32.2;5.0;28.0;56.0;57.0;0;0;0;0;16497.26;11280.08;5217.18;32443.053
2026-08-10T08:23:34.521193+02:00;standby;22.9;32.2;5.0;28.0;56.0;57.0;0;0;0;0;16497.26;11280.08;5217.18;32443.053
2026-08-10T08:24:34.983841+02:00;standby;22.9;32.2;5.0;28.0;55.9;57.0;0;0;0;0;16497.26;11280.08;5217.18;32443.053
2026-08-10T08:25:35.455972+02:00;standby;22.9;32.2;5.0;28.0;55.9;57.0;0;0;0;0;16497.26;11280.08;5217.18;32443.053
2026-08-10T08:26:35.935342+02:00;standby;22.9;32.2;5.0;28.0;55.9;57.0;0;0;0;0;16497.26;11280.08;5217.18;32443.053
2026-08-10T08:27:36.380569+02:00;standby;22.9;32.2;5.0;28.0;55.9;57.0;0;0;0;0;16497.26;11280.08;5217.18;32443.053
2026-08-10T08:28:36.813269+02:00;standby;22.9;32.1;5.0;28.0;55.9;57.0;0;0;0;0;16497.26;11280.08;5217.18;32443.053
2026-08-10T08:29:37.323350+02:00;standby;22.9;32.1;5.0;28.0;55.9;57.0;0;0;0;0;16497.26;11280.08;5217.18;32443.053
2026-08-10T08:30:37.984642+02:00;standby;22.9;32.1;5.0;28.0;55.9;57.0;0;0;0;0;16497.26;11280.08;5217.18;32443.053
2026-08-10T08:31:38.463450+02:00;standby;22.9;32.1;5.0;28.0;55.9;57.0;0;0;0;0;16497.26;11280.08;5217.18;32443.053
2026-08-10T08:32:38.937910+02:00;standby;22.9;32.1;5.0;28.0;55.9;57.0;0;0;0;0;16497.26;11280.08;5217.18;32443.053
2026-08-10T08:33:39.399183+02:00;standby;22.9;32.1;5.0;28.0;55.9;57.0;0;0;0;0;16497.26;11280.08;5217.18;32443.053
2026-08-10T08:34:40.233400+02:00;standby;22.9;32.1;5.0;28.0;55.9;57.0;0;0;0;0;16497.26;11280.08;5217.18;32443.053
2026-08-10T08:35:40.794833+02:00;standby;22.9;32.1;5.0;28.0;55.9;57.0;0;0;0;0;16497.26;11280.08;5217.18;32443.053
2026-08-10T08:36:41.359353+02:00;standby;22.9;32.1;5.0;28.0;55.9;57.0;0;0;0;0;16497.26;11280.08;5217.18;32443.053
2026-08-10T08:37:42.249905+02:00;standby;22.9;32.1;5.0;28.0;55.8;57.0;0;0;0;0;16497.26;11280.08;5217.18;32443.053
2026-08-10T08:38:42.831309+02:00;standby;22.9;32.0;5.0;28.0;55.8;57.0;0;0;0;0;16497.26;11280.08;5217.18;32443.053
2026-08-10T08:39:43.292615+02:00;standby;22.9;32.0;5.0;28.0;55.8;57.0;0;0;0;0;16497.26;11280.08;5217.18;32443.053
2026-08-10T08:40:43.861206+02:00;standby;22.9;32.0;5.0;28.0;55.8;57.0;0;0;0;0;16497.26;11280.08;5217.18;32443.053
2026-08-10T08:41:44.625024+02:00;standby;22.9;32.0;5.0;28.0;55.8;57.0;0;0;0;0;16497.26;11280.08;5217.18;32443.053
2026-08-10T08:42:45.098260+02:00;standby;22.9;32.0;5.0;28.0;55.8;57.0;0;0;0;0;16497.26;11280.08;5217.18;32443.053
2026-08-10T08:43:45.667220+02:00;standby;22.9;32.0;5.0;28.0;55.8;57.0;0;0;0;0;16497.26;11280.08;5217.18;32443.053
2026-08-10T08:44:46.190804+02:00;standby;22.9;32.0;5.0;28.0;55.8;57.0;0;0;0;0;16497.26;11280.08;5217.18;32443.053
2026-08-10T08:45:46.767988+02:00;standby;22.9;32.0;5.0;28.0;55.8;57.0;0;0;0;0;16497.26;11280.08;5217.18;32443.053
2026-08-10T08:46:48.194829+02:00;standby;22.9;32.0;5.0;28.0;55.8;57.0;0;0;0;0;16497.26;11280.08;5217.18;32443.053
2026-08-10T08:47:48.760639+02:00;standby;22.9;32.0;5.0;28.0;55.8;57.0;0;0;0;0;16497.26;11280.08;5217.18;32443.053
2026-08-10T08:48:50.357371+02:00;standby;22.9;31.9;5.0;28.0;55.8;57.0;0;0;0;0;16497.26;11280.08;5217.18;32443.053
2026-08-10T08:49:50.776234+02:00;standby;24.7;31.9;5.0;28.0;55.8;57.0;0;0;0;0;16497.26;11280.08;5217.18;32443.053
2026-08-10T08:50:51.382517+02:00;standby;24.7;31.9;5.0;28.0;55.8;57.0;0;0;0;0;16497.26;11280.08;5217.18;32443.053
2026-08-10T08:51:52.269450+02:00;standby;24.7;31.9;5.0;28.0;55.8;57.0;0;0;0;0;16497.26;11280.08;5217.18;32443.053
2026-08-10T08:52:52.742341+02:00;standby;24.7;31.9;5.0;28.0;55.8;57.0;0;0;0;0;16497.26;11280.08;5217.18;32443.053
2026-08-10T08:53:53.214056+02:00;standby;24.7;31.9;5.0;28.0;55.7;57.0;0;0;0;0;16497.26;11280.08;5217.18;32443.053
2026-08-10T08:54:53.682908+02:00;standby;24.7;31.9;5.0;28.0;55.7;57.0;0;0;0;0;16497.26;11280.08;5217.18;32443.053
2026-08-10T08:55:54.253915+02:00;standby;24.7;31.9;5.0;28.0;55.7;57.0;0;0;0;0;16497.26;11280.08;5217.18;32443.053
2026-08-10T08:56:54.679656+02:00;standby;24.7;31.7;5.0;28.0;55.7;57.0;0;0;0;0;16497.26;11280.08;5217.18;32443.053
2026-08-10T08:57:55.136191+02:00;standby;24.7;31.7;5.0;28.0;55.7;57.0;0;0;0;0;16497.26;11280.08;5217.18;32443.053
2026-08-10T08:58:55.556143+02:00;standby;24.7;31.7;5.0;28.0;55.7;57.0;0;0;0;0;16497.26;11280.08;5217.18;32443.053
2026-08-10T08:59:56.027350+02:00;standby;24.7;31.7;5.0;28.0;55.7;57.0;0;0;0;0;16497.26;11280.08;5217.18;32443.053
2026-08-10T09:00:56.589954+02:00;standby;24.7;31.7;5.0;28.0;55.7;57.0;0;0;0;0;16497.26;11280.08;5217.18;32443.053
2026-08-10T09:01:57.158973+02:00;standby;24.7;31.7;5.0;28.0;55.7;57.0;0;0;0;0;16497.26;11280.08;5217.18;32443.053
2026-08-10T09:02:57.735890+02:00;standby;24.7;31.7;5.0;28.0;55.7;57.0;0;0;0;0;16497.26;11280.08;5217.18;32443.053
2026-08-10T09:03:58.151843+02:00;standby;24.7;31.7;5.0;28.0;55.7;57.0;0;0;0;0;16497.26;11280.08;5217.18;32443.053
2026-08-10T09:04:58.720056+02:00;standby;24.7;31.7;5.0;28.0;55.6;57.0;0;0;0;0;16497.26;11280.08;5217.18;32443.053
2026-08-10T09:05:59.172802+02:00;standby;24.7;31.7;5.0;28.0;55.6;57.0;0;0;0;0;16497.26;11280.08;5217.18;32443.053
2026-08-10T09:06:59.649351+02:00;standby;24.7;31.6;5.0;28.0;55.6;57.0;0;0;0;0;16497.26;11280.08;5217.18;32443.053
2026-08-10T09:08:00.107350+02:00;standby;24.7;31.6;5.0;28.0;55.6;57.0;0;0;0;0;16497.26;11280.08;5217.18;32443.053
2026-08-10T09:09:00.544143+02:00;standby;24.7;31.6;5.0;28.0;55.6;57.0;0;0;0;0;16497.26;11280.08;5217.18;32443.053
2026-08-10T09:10:00.960145+02:00;standby;24.7;31.6;5.0;28.0;55.6;57.0;0;0;0;0;16497.26;11280.08;5217.18;32443.053
2026-08-10T09:11:01.477271+02:00;standby;24.7;31.6;5.0;28.0;55.6;57.0;0;0;0;0;16497.26;11280.08;5217.18;32443.053
2026-08-10T09:12:02.053867+02:00;standby;24.7;31.6;5.0;28.0;55.6;57.0;0;0;0;0;16497.26;11280.08;5217.18;32443.053
2026-08-10T09:13:03.026842+02:00;standby;24.7;31.6;5.0;28.0;55.6;57.0;0;0;0;0;16497.26;11280.08;5217.18;32443.053
2026-08-10T09:14:03.447453+02:00;standby;24.7;31.6;5.0;28.0;55.6;57.0;0;0;0;0;16497.26;11280.08;5217.18;32443.053
2026-08-10T09:15:03.872234+02:00;standby;24.7;31.6;5.0;28.0;55.6;57.0;0;0;0;0;16497.26;11280.08;5217.18;32443.053
2026-08-10T09:16:04.361378+02:00;standby;24.7;31.6;5.0;28.0;55.6;57.0;0;0;0;0;16497.26;11280.08;5217.18;32443.053
2026-08-10T09:17:04.799439+02:00;standby;24.7;31.6;5.0;28.0;55.6;57.0;0;0;0;0;16497.26;11280.08;5217.18;32443.053
2026-08-10T09:18:05.368537+02:00;standby;24.7;31.6;5.0;28.0;55.6;57.0;0;0;0;0;16497.26;11280.08;5217.18;32443.053
2026-08-10T09:19:05.851146+02:00;standby;24.7;31.5;5.0;28.0;55.6;57.0;0;0;0;0;16497.26;11280.08;5217.18;32443.053
2026-08-10T09:20:06.573795+02:00;standby;24.7;31.5;5.0;28.0;55.5;57.0;0;0;0;0;16497.26;11280.08;5217.18;32443.053
2026-08-10T09:21:07.090103+02:00;standby;24.7;31.5;5.0;28.0;55.5;57.0;0;0;0;0;16497.26;11280.08;5217.18;32443.053
2026-08-10T09:22:07.711405+02:00;standby;24.7;31.5;5.0;28.0;55.5;57.0;0;0;0;0;16497.26;11280.08;5217.18;32443.053
2026-08-10T09:23:08.200527+02:00;standby;24.7;31.5;5.0;28.0;55.5;57.0;0;0;0;0;16497.26;11280.08;5217.18;32443.053
2026-08-10T09:24:08.849365+02:00;standby;24.7;31.5;5.0;28.0;55.5;57.0;0;0;0;0;16497.26;11280.08;5217.18;32443.053
2026-08-10T09:25:09.342007+02:00;standby;24.7;31.5;5.0;28.0;55.5;57.0;0;0;0;0;16497.26;11280.08;5217.18;32443.053
2026-08-10T09:26:09.758649+02:00;standby;24.7;31.5;5.0;28.0;55.5;57.0;0;0;0;0;16497.26;11280.08;5217.18;32443.053
2026-08-10T09:27:10.276987+02:00;standby;24.7;31.5;5.0;28.0;55.5;57.0;0;0;0;0;16497.26;11280.08;5217.18;32443.053
2026-08-10T09:28:10.718351+02:00;standby;24.7;31.4;5.0;28.0;55.5;57.0;0;0;0;0;16497.26;11280.08;5217.18;32443.053
2026-08-10T09:29:11.726131+02:00;standby;24.7;31.5;5.0;28.0;55.5;57.0;0;0;0;0;16497.26;11280.08;5217.18;32443.053
2026-08-10T09:30:12.207341+02:00;standby;24.7;31.4;5.0;28.0;55.5;57.0;0;0;0;0;16497.26;11280.08;5217.18;32443.053
2026-08-10T09:31:12.710117+02:00;standby;24.7;31.4;5.0;28.0;55.4;57.0;0;0;0;0;16497.26;11280.08;5217.18;32443.053
2026-08-10T09:32:13.386195+02:00;standby;24.7;31.4;5.0;28.0;55.4;57.0;0;0;0;0;16497.26;11280.08;5217.18;32443.053
2026-08-10T09:33:13.804160+02:00;standby;24.7;31.4;5.0;28.0;55.4;57.0;0;0;0;0;16497.26;11280.08;5217.18;32443.053
2026-08-10T09:34:14.388406+02:00;standby;24.7;31.4;5.0;28.0;55.4;57.0;0;0;0;0;16497.26;11280.08;5217.18;32443.053
2026-08-10T09:35:14.922625+02:00;standby;24.7;31.4;5.0;28.0;55.4;57.0;0;0;0;0;16497.26;11280.08;5217.18;32443.053
2026-08-10T09:36:15.436108+02:00;standby;24.7;31.4;5.0;28.0;55.4;57.0;0;0;0;0;16497.26;11280.08;5217.18;32443.053
2026-08-10T09:37:16.375599+02:00;standby;24.7;31.4;5.0;28.0;55.4;57.0;0;0;0;0;16497.26;11280.08;5217.18;32443.053
2026-08-10T09:38:16.884056+02:00;standby;24.7;31.4;5.0;28.0;55.4;57.0;0;0;0;0;16497.26;11280.08;5217.18;32443.053
2026-08-10T09:39:17.394850+02:00;standby;24.7;31.4;5.0;28.0;55.4;57.0;0;0;0;0;16497.26;11280.08;5217.18;32443.053
2026-08-10T09:40:17.922844+02:00;standby;24.7;31.4;5.0;28.0;55.4;57.0;0;0;0;0;16497.26;11280.08;5217.18;32443.053
2026-08-10T09:41:18.651071+02:00;standby;24.7;31.2;5.0;28.0;55.4;57.0;0;0;0;0;16497.26;11280.08;5217.18;32443.053
2026-08-10T09:42:19.367748+02:00;standby;24.7;31.2;5.0;28.0;55.4;57.0;0;0;0;0;16497.26;11280.08;5217.18;32443.053
2026-08-10T09:43:19.821141+02:00;standby;24.7;31.2;5.0;28.0;55.3;57.0;0;0;0;0;16497.26;11280.08;5217.18;32443.053
2026-08-10T09:44:20.259561+02:00;standby;24.7;31.2;5.0;28.0;55.3;57.0;0;0;0;0;16497.26;11280.08;5217.18;32443.053
2026-08-10T09:45:21.390640+02:00;standby;24.7;31.2;5.0;28.0;55.3;57.0;0;0;0;0;16497.26;11280.08;5217.18;32443.053
2026-08-10T09:46:21.933286+02:00;standby;24.7;31.2;5.0;28.0;55.3;57.0;0;0;0;0;16497.26;11280.08;5217.18;32443.053
2026-08-10T09:47:22.560145+02:00;standby;24.7;31.2;5.0;28.0;55.3;57.0;0;0;0;0;16497.26;11280.08;5217.18;32443.053
2026-08-10T09:48:23.133532+02:00;standby;24.7;31.2;5.0;28.0;55.3;57.0;0;0;0;0;16497.26;11280.08;5217.18;32443.053
2026-08-10T09:49:23.854502+02:00;standby;24.7;31.2;5.0;28.0;55.3;57.0;0;0;0;0;16497.26;11280.08;5217.18;32443.053
2026-08-10T09:50:24.728086+02:00;standby;26.0;31.2;5.0;28.0;55.3;57.0;0;0;0;0;16497.26;11280.08;5217.18;32443.053
2026-08-10T09:51:25.663156+02:00;standby;26.0;31.2;5.0;28.0;55.3;57.0;0;0;0;0;16497.26;11280.08;5217.18;32443.053
2026-08-10T09:52:26.383536+02:00;standby;26.0;31.1;5.0;28.0;55.3;57.0;0;0;0;0;16497.26;11280.08;5217.18;32443.053
2026-08-10T09:53:26.856133+02:00;standby;26.0;31.1;5.0;28.0;55.3;57.0;0;0;0;0;16497.26;11280.08;5217.18;32443.053
2026-08-10T09:54:27.280716+02:00;standby;26.0;31.1;5.0;28.0;55.2;57.0;0;0;0;0;16497.26;11280.08;5217.18;32443.053
2026-08-10T09:55:27.899165+02:00;standby;26.0;31.1;5.0;28.0;55.2;57.0;0;0;0;0;16497.26;11280.08;5217.18;32443.053
2026-08-10T09:56:28.762657+02:00;standby;26.0;31.1;5.0;28.0;55.2;57.0;0;0;0;0;16497.26;11280.08;5217.18;32443.053
2026-08-10T09:57:29.234602+02:00;standby;26.0;31.1;5.0;28.0;55.2;57.0;0;0;0;0;16497.26;11280.08;5217.18;32443.053
2026-08-10T09:58:29.664361+02:00;standby;26.0;31.1;5.0;28.0;55.2;57.0;0;0;0;0;16497.26;11280.08;5217.18;32443.053
2026-08-10T09:59:30.118271+02:00;standby;26.0;31.1;5.0;28.0;55.2;57.0;0;0;0;0;16497.26;11280.08;5217.18;32443.053
2026-08-10T10:00:30.570351+02:00;standby;26.0;31.1;5.0;28.0;55.2;57.0;0;0;0;0;16497.26;11280.08;5217.18;32443.053
2026-08-10T10:01:34.088043+02:00;standby;26.0;31.1;5.0;28.0;55.2;57.0;0;0;0;0;16497.26;11280.08;5217.18;32443.053
2026-08-10T10:02:34.665014+02:00;standby;26.0;31.1;5.0;28.0;55.2;57.0;0;0;0;0;16497.26;11280.08;5217.18;32443.053
2026-08-10T10:03:35.194577+02:00;standby;26.0;31.1;5.0;28.0;55.2;57.0;0;0;0;0;16497.26;11280.08;5217.18;32443.053
2026-08-10T10:04:35.665116+02:00;standby;26.0;31.1;5.0;28.0;55.2;57.0;0;0;0;0;16497.26;11280.08;5217.18;32443.053
2026-08-10T10:05:36.201996+02:00;standby;26.0;31.1;5.0;28.0;55.2;57.0;0;0;0;0;16497.26;11280.08;5217.18;32443.053
2026-08-10T10:06:36.704744+02:00;standby;26.0;31.1;5.0;28.0;55.2;57.0;0;0;0;0;16497.26;11280.08;5217.18;32443.053
2026-08-10T10:07:37.144890+02:00;standby;26.0;31.0;5.0;28.0;55.2;57.0;0;0;0;0;16497.26;11280.08;5217.18;32443.053
2026-08-10T10:08:37.709323+02:00;standby;26.0;31.0;5.0;28.0;55.1;57.0;0;0;0;0;16497.26;11280.08;5217.18;32443.053
2026-08-10T10:09:38.182694+02:00;standby;26.0;31.0;5.0;28.0;55.1;57.0;0;0;0;0;16497.26;11280.08;5217.18;32443.053
2026-08-10T10:10:39.021529+02:00;standby;26.0;31.0;5.0;28.0;55.1;57.0;0;0;0;0;16497.26;11280.08;5217.18;32443.053
2026-08-10T10:11:39.476488+02:00;standby;26.0;31.0;5.0;28.0;55.1;57.0;0;0;0;0;16497.26;11280.08;5217.18;32443.053
2026-08-10T10:12:39.964433+02:00;standby;26.0;31.0;5.0;28.0;55.1;57.0;0;0;0;0;16497.26;11280.08;5217.18;32443.053
2026-08-10T10:13:43.542771+02:00;standby;26.0;31.0;5.0;28.0;55.1;57.0;0;0;0;0;16497.26;11280.08;5217.18;32443.053
2026-08-10T10:14:44.160894+02:00;standby;26.0;31.0;5.0;28.0;55.1;57.0;0;0;0;0;16497.26;11280.08;5217.18;32443.053
2026-08-10T10:15:44.676557+02:00;standby;26.0;31.0;5.0;28.0;55.1;57.0;0;0;0;0;16497.26;11280.08;5217.18;32443.053
2026-08-10T10:16:45.143579+02:00;standby;26.0;31.0;5.0;28.0;55.1;57.0;0;0;0;0;16497.26;11280.08;5217.18;32443.053
2026-08-10T10:17:45.674755+02:00;standby;26.0;31.0;5.0;28.0;55.1;57.0;0;0;0;0;16497.26;11280.08;5217.18;32443.053
2026-08-10T10:18:46.136379+02:00;standby;26.0;31.0;5.0;28.0;55.1;57.0;0;0;0;0;16497.26;11280.08;5217.18;32443.053
2026-08-10T10:19:46.649195+02:00;standby;26.0;31.0;5.0;28.0;55.1;57.0;0;0;0;0;16497.26;11280.08;5217.18;32443.053
2026-08-10T10:20:47.372864+02:00;standby;26.0;31.0;5.0;28.0;55.1;57.0;0;0;0;0;16497.26;11280.08;5217.18;32443.053
2026-08-10T10:21:48.201973+02:00;standby;26.0;31.0;5.0;28.0;54.9;57.0;0;0;0;0;16497.26;11280.08;5217.18;32443.053
2026-08-10T10:22:49.039544+02:00;standby;26.0;31.0;5.0;28.0;55.1;57.0;0;0;0;0;16497.26;11280.08;5217.18;32443.053
2026-08-10T10:23:49.563482+02:00;standby;26.0;30.9;5.0;28.0;54.9;57.0;0;0;0;0;16497.26;11280.08;5217.18;32443.053
2026-08-10T10:24:50.060089+02:00;standby;26.0;30.9;5.0;28.0;54.9;57.0;0;0;0;0;16497.26;11280.08;5217.18;32443.053
2026-08-10T10:25:50.896912+02:00;standby;26.0;30.9;5.0;28.0;54.9;57.0;0;0;0;0;16497.26;11280.08;5217.18;32443.053
2026-08-10T10:26:51.565377+02:00;standby;26.0;30.9;5.0;28.0;54.9;57.0;0;0;0;0;16497.26;11280.08;5217.18;32443.053
2026-08-10T10:27:51.991879+02:00;standby;26.0;30.9;5.0;28.0;54.9;57.0;0;0;0;0;16497.26;11280.08;5217.18;32443.053
2026-08-10T10:28:53.712950+02:00;standby;26.0;30.9;5.0;28.0;54.9;57.0;0;0;0;0;16497.26;11280.08;5217.18;32443.053
2026-08-10T10:29:54.153710+02:00;standby;26.0;30.9;5.0;28.0;54.9;57.0;0;0;0;0;16497.26;11280.08;5217.18;32443.053
2026-08-10T10:30:54.576613+02:00;standby;26.0;30.9;5.0;28.0;54.9;57.0;0;0;0;0;16497.26;11280.08;5217.18;32443.053
2026-08-10T10:31:55.029432+02:00;standby;26.0;30.9;5.0;28.0;54.9;57.0;0;0;0;0;16497.26;11280.08;5217.18;32443.053
2026-08-10T10:32:55.515601+02:00;standby;26.0;30.9;5.0;28.0;54.9;57.0;0;0;0;0;16497.26;11280.08;5217.18;32443.053
2026-08-10T10:33:55.990695+02:00;standby;26.0;30.9;5.0;28.0;54.9;57.0;0;0;0;0;16497.26;11280.08;5217.18;32443.053
2026-08-10T10:34:56.487896+02:00;standby;26.0;30.9;5.0;28.0;54.8;57.0;0;0;0;0;16497.26;11280.08;5217.18;32443.053
2026-08-10T10:35:57.013378+02:00;standby;26.0;30.9;5.0;28.0;54.8;57.0;0;0;0;0;16497.26;11280.08;5217.18;32443.053
2026-08-10T10:36:57.533766+02:00;standby;26.0;30.9;5.0;28.0;54.8;57.0;0;0;0;0;16497.26;11280.08;5217.18;32443.053
2026-08-10T10:37:58.045032+02:00;standby;26.0;30.9;5.0;28.0;54.8;57.0;0;0;0;0;16497.26;11280.08;5217.18;32443.053
2026-08-10T10:38:58.543448+02:00;standby;26.0;30.7;5.0;28.0;54.8;57.0;0;0;0;0;16497.26;11280.08;5217.18;32443.053
2026-08-10T10:39:59.109160+02:00;standby;26.0;30.7;5.0;28.0;54.8;57.0;0;0;0;0;16497.26;11280.08;5217.18;32443.053
2026-08-10T10:40:59.676077+02:00;standby;26.0;30.7;5.0;28.0;54.8;57.0;0;0;0;0;16497.26;11280.08;5217.18;32443.053
2026-08-10T10:42:00.337550+02:00;standby;26.0;30.7;5.0;28.0;54.8;57.0;0;0;0;0;16497.26;11280.08;5217.18;32443.053
2026-08-10T10:43:00.794345+02:00;standby;26.0;30.7;5.0;28.0;54.8;57.0;0;0;0;0;16497.26;11280.08;5217.18;32443.053
2026-08-10T10:44:01.266943+02:00;standby;26.0;30.7;5.0;28.0;54.8;57.0;0;0;0;0;16497.26;11280.08;5217.18;32443.053
2026-08-10T10:45:01.782172+02:00;standby;26.0;30.7;5.0;28.0;54.8;57.0;0;0;0;0;16497.26;11280.08;5217.18;32443.053
2026-08-10T10:46:03.746597+02:00;standby;26.0;30.7;5.0;28.0;54.8;57.0;0;0;0;0;16497.26;11280.08;5217.18;32443.053
2026-08-10T10:47:05.146854+02:00;standby;26.0;30.7;5.0;28.0;54.7;57.0;0;0;0;0;16497.26;11280.08;5217.18;32443.053
2026-08-10T10:48:05.627232+02:00;standby;26.0;30.7;5.0;28.0;54.7;57.0;0;0;0;0;16497.26;11280.08;5217.18;32443.053
2026-08-10T10:49:06.122337+02:00;standby;26.0;30.7;5.0;28.0;54.7;57.0;0;0;0;0;16497.26;11280.08;5217.18;32443.053
2026-08-10T10:50:06.601060+02:00;standby;26.0;30.7;5.0;28.0;54.7;57.0;0;0;0;0;16497.26;11280.08;5217.18;32443.053
2026-08-10T10:51:07.050478+02:00;standby;27.9;30.7;5.0;28.0;54.7;57.0;0;0;0;0;16497.26;11280.08;5217.18;32443.053
2026-08-10T10:52:07.518622+02:00;standby;27.9;30.7;5.0;28.0;54.7;57.0;0;0;0;0;16497.26;11280.08;5217.18;32443.053
2026-08-10T10:53:07.957056+02:00;standby;27.9;30.6;5.0;28.0;54.7;57.0;0;0;0;0;16497.26;11280.08;5217.18;32443.053
2026-08-10T10:54:08.374691+02:00;standby;27.9;30.6;5.0;28.0;54.7;57.0;0;0;0;0;16497.26;11280.08;5217.18;32443.053
2026-08-10T10:55:08.873389+02:00;standby;27.9;30.6;5.0;28.0;54.7;57.0;0;0;0;0;16497.26;11280.08;5217.18;32443.053
2026-08-10T10:56:09.344316+02:00;standby;27.9;30.6;5.0;28.0;54.7;57.0;0;0;0;0;16497.26;11280.08;5217.18;32443.053
2026-08-10T10:57:09.832198+02:00;standby;27.9;30.6;5.0;28.0;54.7;57.0;0;0;0;0;16497.26;11280.08;5217.18;32443.053
2026-08-10T10:58:10.433629+02:00;standby;27.9;30.6;5.0;28.0;54.7;57.0;0;0;0;0;16497.26;11280.08;5217.18;32443.053
2026-08-10T10:59:11.112633+02:00;standby;27.9;30.6;5.0;28.0;54.7;57.0;0;0;0;0;16497.26;11280.08;5217.18;32443.053
2026-08-10T11:00:11.590745+02:00;standby;27.9;30.6;5.0;28.0;54.7;57.0;0;0;0;0;16497.26;11280.08;5217.18;32443.053
2026-08-10T11:01:12.311120+02:00;standby;27.9;30.6;5.0;28.0;54.6;57.0;0;0;0;0;16497.26;11280.08;5217.18;32443.053
2026-08-10T11:02:12.927905+02:00;standby;27.9;30.6;5.0;28.0;54.6;57.0;0;0;0;0;16497.26;11280.08;5217.18;32443.053
2026-08-10T11:03:13.556331+02:00;standby;27.9;30.6;5.0;28.0;54.6;57.0;0;0;0;0;16497.26;11280.08;5217.18;32443.053
2026-08-10T11:04:13.966488+02:00;standby;27.9;30.6;5.0;28.0;54.6;57.0;0;0;0;0;16497.26;11280.08;5217.18;32443.053
2026-08-10T11:05:14.593386+02:00;standby;27.9;30.6;5.0;28.0;54.6;57.0;0;0;0;0;16497.26;11280.08;5217.18;32443.053
2026-08-10T11:06:15.105001+02:00;standby;27.9;30.6;5.0;28.0;54.6;57.0;0;0;0;0;16497.26;11280.08;5217.18;32443.053
2026-08-10T11:07:15.582130+02:00;standby;27.9;30.6;5.0;28.0;54.6;57.0;0;0;0;0;16497.26;11280.08;5217.18;32443.053
2026-08-10T11:08:16.188406+02:00;standby;27.9;30.6;5.0;28.0;54.6;57.0;0;0;0;0;16497.26;11280.08;5217.18;32443.053
2026-08-10T11:09:16.612646+02:00;standby;27.9;30.6;5.0;28.0;54.6;57.0;0;0;0;0;16497.26;11280.08;5217.18;32443.053
2026-08-10T11:10:17.055302+02:00;standby;27.9;30.6;5.0;28.0;54.6;57.0;0;0;0;0;16497.26;11280.08;5217.18;32443.053
2026-08-10T11:11:17.764477+02:00;standby;27.9;30.6;5.0;28.0;54.6;57.0;0;0;0;0;16497.26;11280.08;5217.18;32443.053
2026-08-10T11:12:18.212467+02:00;standby;27.9;30.5;5.0;28.0;54.6;57.0;0;0;0;0;16497.26;11280.08;5217.18;32443.053
2026-08-10T11:13:18.647517+02:00;standby;27.9;30.5;5.0;28.0;54.6;57.0;0;0;0;0;16497.26;11280.08;5217.18;32443.053
2026-08-10T11:14:19.067792+02:00;standby;27.9;30.5;5.0;28.0;54.6;57.0;0;0;0;0;16497.26;11280.08;5217.18;32443.053
2026-08-10T11:15:19.478610+02:00;standby;27.9;30.5;5.0;28.0;54.5;57.0;0;0;0;0;16497.26;11280.08;5217.18;32443.053
2026-08-10T11:16:19.933793+02:00;standby;27.9;30.5;5.0;28.0;54.6;57.0;0;0;0;0;16497.26;11280.08;5217.18;32443.053
2026-08-10T11:17:20.361943+02:00;standby;27.9;30.5;5.0;28.0;54.5;57.0;0;0;0;0;16497.26;11280.08;5217.18;32443.053
2026-08-10T11:18:20.939594+02:00;standby;27.9;30.5;5.0;28.0;54.5;57.0;0;0;0;0;16497.26;11280.08;5217.18;32443.053
2026-08-10T11:19:21.669325+02:00;standby;27.9;30.5;5.0;28.0;54.5;57.0;0;0;0;0;16497.26;11280.08;5217.18;32443.053
2026-08-10T11:20:22.236977+02:00;standby;27.9;30.5;5.0;28.0;54.5;57.0;0;0;0;0;16497.26;11280.08;5217.18;32443.053
2026-08-10T11:21:22.749733+02:00;standby;27.9;30.5;5.0;28.0;54.5;57.0;0;0;0;0;16497.26;11280.08;5217.18;32443.053
2026-08-10T11:22:23.269264+02:00;standby;27.9;30.5;5.0;28.0;54.5;57.0;0;0;0;0;16497.26;11280.08;5217.18;32443.053
2026-08-10T11:23:23.675309+02:00;standby;27.9;30.5;5.0;28.0;54.5;57.0;0;0;0;0;16497.26;11280.08;5217.18;32443.053
2026-08-10T11:24:24.144711+02:00;standby;27.9;30.5;5.0;28.0;54.5;57.0;0;0;0;0;16497.26;11280.08;5217.18;32443.053
2026-08-10T11:25:24.565624+02:00;standby;27.9;30.5;5.0;28.0;54.5;57.0;0;0;0;0;16497.26;11280.08;5217.18;32443.053
2026-08-10T11:26:25.080624+02:00;standby;27.9;30.5;5.0;28.0;54.5;57.0;0;0;0;0;16497.26;11280.08;5217.18;32443.053
2026-08-10T11:27:25.703095+02:00;standby;27.9;30.5;5.0;28.0;54.5;57.0;0;0;0;0;16497.26;11280.08;5217.18;32443.053
2026-08-10T11:28:26.168866+02:00;standby;27.9;30.5;5.0;28.0;54.5;57.0;0;0;0;0;16497.26;11280.08;5217.18;32443.053
2026-08-10T11:29:26.685155+02:00;standby;27.9;30.4;5.0;28.0;54.5;57.0;0;0;0;0;16497.26;11280.08;5217.18;32443.053
2026-08-10T11:30:27.585115+02:00;standby;27.9;30.5;5.0;28.0;54.4;57.0;0;0;0;0;16497.26;11280.08;5217.18;32443.053
2026-08-10T11:31:28.076739+02:00;standby;27.9;30.5;5.0;28.0;54.4;57.0;0;0;0;0;16497.26;11280.08;5217.18;32443.053
2026-08-10T11:32:29.016943+02:00;standby;27.9;30.4;5.0;28.0;54.4;57.0;0;0;0;0;16497.26;11280.08;5217.18;32443.053
2026-08-10T11:33:29.553612+02:00;standby;27.9;30.4;5.0;28.0;54.4;57.0;0;0;0;0;16497.26;11280.08;5217.18;32443.053
2026-08-10T11:34:30.065857+02:00;standby;27.9;30.4;5.0;28.0;54.4;57.0;0;0;0;0;16497.26;11280.08;5217.18;32443.053
2026-08-10T11:35:30.846638+02:00;standby;27.9;30.4;5.0;28.0;54.4;57.0;0;0;0;0;16497.26;11280.08;5217.18;32443.053
2026-08-10T11:36:31.307460+02:00;standby;27.9;30.4;5.0;28.0;54.4;57.0;0;0;0;0;16497.26;11280.08;5217.18;32443.053
2026-08-10T11:37:32.075078+02:00;standby;27.9;30.4;5.0;28.0;54.4;57.0;0;0;0;0;16497.26;11280.08;5217.18;32443.053
2026-08-10T11:38:32.695831+02:00;standby;27.9;30.4;5.0;28.0;54.4;57.0;0;0;0;0;16497.26;11280.08;5217.18;32443.053
2026-08-10T11:39:33.227568+02:00;standby;27.9;30.4;5.0;28.0;54.4;57.0;0;0;0;0;16497.26;11280.08;5217.18;32443.053
2026-08-10T11:40:33.847435+02:00;standby;27.9;30.4;5.0;28.0;54.4;57.0;0;0;0;0;16497.26;11280.08;5217.18;32443.053
2026-08-10T11:41:34.414744+02:00;standby;27.9;30.4;5.0;28.0;54.4;57.0;0;0;0;0;16497.26;11280.08;5217.18;32443.053
2026-08-10T11:42:34.831179+02:00;standby;27.9;30.4;5.0;28.0;54.4;57.0;0;0;0;0;16497.26;11280.08;5217.18;32443.053
2026-08-10T11:43:35.414776+02:00;standby;27.9;30.4;5.0;28.0;54.3;57.0;0;0;0;0;16497.26;11280.08;5217.18;32443.053
2026-08-10T11:44:36.368658+02:00;standby;27.9;30.4;5.0;28.0;54.3;57.0;0;0;0;0;16497.26;11280.08;5217.18;32443.053
2026-08-10T11:45:37.069423+02:00;standby;27.9;30.4;5.0;28.0;54.3;57.0;0;0;0;0;16497.26;11280.08;5217.18;32443.053
2026-08-10T11:46:37.562997+02:00;standby;27.9;30.4;5.0;28.0;54.3;57.0;0;0;0;0;16497.26;11280.08;5217.18;32443.053
2026-08-10T11:47:38.040635+02:00;standby;27.9;30.4;5.0;28.0;54.3;57.0;0;0;0;0;16497.26;11280.08;5217.18;32443.053
2026-08-10T11:48:38.660150+02:00;standby;27.9;30.4;5.0;28.0;54.3;57.0;0;0;0;0;16497.26;11280.08;5217.18;32443.053
2026-08-10T11:49:39.085907+02:00;standby;27.9;30.4;5.0;28.0;54.3;57.0;0;0;0;0;16497.26;11280.08;5217.18;32443.053
2026-08-10T11:50:39.501610+02:00;standby;27.9;30.4;5.0;28.0;54.2;57.0;0;0;0;0;16497.26;11280.08;5217.18;32443.053
2026-08-10T11:51:40.362661+02:00;standby;29.1;30.4;5.0;28.0;54.2;57.0;0;0;0;0;16497.26;11280.08;5217.18;32443.053
2026-08-10T11:52:40.845271+02:00;standby;29.1;30.2;5.0;28.0;54.2;57.0;0;0;0;0;16497.26;11280.08;5217.18;32443.053
2026-08-10T11:53:41.296432+02:00;standby;29.1;30.2;5.0;28.0;54.2;57.0;0;0;0;0;16497.26;11280.08;5217.18;32443.053
2026-08-10T11:54:42.270238+02:00;standby;29.1;30.2;5.0;28.0;54.2;57.0;0;0;0;0;16497.26;11280.08;5217.18;32443.053
2026-08-10T11:55:42.707396+02:00;standby;29.1;30.2;5.0;28.0;54.2;57.0;0;0;0;0;16497.26;11280.08;5217.18;32443.053
2026-08-10T11:56:43.225737+02:00;standby;29.1;30.2;5.0;28.0;54.1;57.0;0;0;0;0;16497.26;11280.08;5217.18;32443.053
2026-08-10T11:57:43.641916+02:00;standby;29.1;30.2;5.0;28.0;54.1;57.0;0;0;0;0;16497.26;11280.08;5217.18;32443.053
2026-08-10T11:58:44.097735+02:00;standby;29.1;30.2;5.0;28.0;54.1;57.0;0;0;0;0;16497.26;11280.08;5217.18;32443.053
2026-08-10T11:59:44.512632+02:00;standby;29.1;30.2;5.0;28.0;54.1;57.0;0;0;0;0;16497.26;11280.08;5217.18;32443.053
2026-08-10T12:00:44.931713+02:00;standby;29.1;30.2;5.0;28.0;54.1;57.0;0;0;0;0;16497.26;11280.08;5217.18;32443.053
2026-08-10T12:01:45.354985+02:00;standby;29.1;30.2;5.0;28.0;54.1;57.0;0;0;0;0;16497.26;11280.08;5217.18;32443.053
2026-08-10T12:02:45.823173+02:00;standby;29.1;30.2;5.0;28.0;54.1;57.0;0;0;0;0;16497.26;11280.08;5217.18;32443.053
2026-08-10T12:03:46.228898+02:00;standby;29.1;30.2;5.0;28.0;54.0;57.0;0;0;0;0;16497.26;11280.08;5217.18;32443.053
2026-08-10T12:04:46.661511+02:00;standby;29.1;30.2;5.0;28.0;54.0;57.0;0;0;0;0;16497.26;11280.08;5217.18;32443.053
2026-08-10T12:05:47.116116+02:00;standby;29.1;30.2;5.0;28.0;54.0;57.0;0;0;0;0;16497.26;11280.08;5217.18;32443.053
2026-08-10T12:06:47.600026+02:00;standby;29.1;30.2;5.0;28.0;54.0;57.0;0;0;0;0;16497.26;11280.08;5217.18;32443.053
2026-08-10T12:07:48.012598+02:00;standby;29.1;30.2;5.0;28.0;54.0;57.0;0;0;0;0;16497.26;11280.08;5217.18;32443.053
2026-08-10T12:08:48.519460+02:00;standby;29.1;30.2;5.0;28.0;54.0;57.0;0;0;0;0;16497.26;11280.08;5217.18;32443.053
2026-08-10T12:09:51.197204+02:00;standby;29.1;30.2;5.0;28.0;54.0;57.0;0;0;0;0;16497.26;11280.08;5217.18;32443.053
2026-08-10T12:10:51.616219+02:00;standby;29.1;30.1;5.0;28.0;54.0;57.0;0;0;0;0;16497.26;11280.08;5217.18;32443.053
2026-08-10T12:11:52.186771+02:00;standby;29.1;30.1;5.0;28.0;54.0;57.0;0;0;0;0;16497.26;11280.08;5217.18;32443.053
2026-08-10T12:12:52.666363+02:00;standby;29.1;30.1;5.0;28.0;54.0;57.0;0;0;0;0;16497.26;11280.08;5217.18;32443.053
2026-08-10T12:13:53.366344+02:00;standby;29.1;30.1;5.0;28.0;54.0;57.0;0;0;0;0;16497.26;11280.08;5217.18;32443.053
2026-08-10T12:14:53.782361+02:00;standby;29.1;30.2;5.0;28.0;54.0;57.0;0;0;0;0;16497.26;11280.08;5217.18;32443.053
2026-08-10T12:15:54.309240+02:00;standby;29.1;30.1;5.0;28.0;54.0;57.0;0;0;0;0;16497.26;11280.08;5217.18;32443.053
2026-08-10T12:16:57.446929+02:00;standby;29.1;30.1;5.0;28.0;53.9;57.0;0;0;0;0;16497.26;11280.08;5217.18;32443.053
2026-08-10T12:17:57.911087+02:00;standby;29.1;30.1;5.0;28.0;53.9;57.0;0;0;0;0;16497.26;11280.08;5217.18;32443.053
2026-08-10T12:18:58.282562+02:00;standby;29.1;30.1;5.0;28.0;53.9;57.0;0;0;0;0;16497.26;11280.08;5217.18;32443.053
2026-08-10T12:19:58.804158+02:00;standby;29.1;30.1;5.0;28.0;53.9;57.0;0;0;0;0;16497.26;11280.08;5217.18;32443.053
2026-08-10T12:20:59.370311+02:00;standby;29.1;30.1;5.0;28.0;53.9;57.0;0;0;0;0;16497.26;11280.08;5217.18;32443.053
2026-08-10T12:21:59.791002+02:00;standby;29.1;30.1;5.0;28.0;53.9;57.0;0;0;0;0;16497.26;11280.08;5217.18;32443.053
2026-08-10T12:23:00.394947+02:00;standby;29.1;30.1;5.0;28.0;53.8;57.0;0;0;0;0;16497.26;11280.08;5217.18;32443.053
2026-08-10T12:24:02.115054+02:00;standby;29.1;30.1;5.0;28.0;53.8;57.0;0;0;0;0;16497.26;11280.08;5217.18;32443.053
2026-08-10T12:25:02.580047+02:00;standby;29.1;30.1;5.0;28.0;53.8;57.0;0;0;0;0;16497.26;11280.08;5217.18;32443.053
2026-08-10T12:26:03.349394+02:00;standby;29.1;30.1;5.0;28.0;53.8;57.0;0;0;0;0;16497.26;11280.08;5217.18;32443.053
2026-08-10T12:27:03.761986+02:00;standby;29.1;30.1;5.0;28.0;53.8;57.0;0;0;0;0;16497.26;11280.08;5217.18;32443.053
2026-08-10T12:28:04.178285+02:00;standby;29.1;30.1;5.0;28.0;53.8;57.0;0;0;0;0;16497.26;11280.08;5217.18;32443.053
2026-08-10T12:29:04.610283+02:00;standby;29.1;30.1;5.0;28.0;53.8;57.0;0;0;0;0;16497.26;11280.08;5217.18;32443.053
2026-08-10T12:30:05.128236+02:00;standby;29.1;30.1;5.0;28.0;53.8;57.0;0;0;0;0;16497.26;11280.08;5217.18;32443.053
2026-08-10T12:31:05.780029+02:00;standby;29.1;30.1;5.0;28.0;53.8;57.0;0;0;0;0;16497.26;11280.08;5217.18;32443.053
2026-08-10T12:32:06.466447+02:00;standby;29.1;30.1;5.0;28.0;53.7;57.0;0;0;0;0;16497.26;11280.08;5217.18;32443.053
2026-08-10T12:33:07.144432+02:00;standby;29.1;30.1;5.0;28.0;53.7;57.0;0;0;0;0;16497.26;11280.08;5217.18;32443.053
2026-08-10T12:34:07.699918+02:00;standby;29.1;30.1;5.0;28.0;53.7;57.0;0;0;0;0;16497.26;11280.08;5217.18;32443.053
2026-08-10T12:35:08.321427+02:00;standby;29.1;30.1;5.0;28.0;53.7;57.0;0;0;0;0;16497.26;11280.08;5217.18;32443.053
2026-08-10T12:36:09.010417+02:00;standby;29.1;30.1;5.0;28.0;53.7;57.0;0;0;0;0;16497.26;11280.08;5217.18;32443.053
2026-08-10T12:37:10.099095+02:00;standby;29.1;30.1;5.0;28.0;53.7;57.0;0;0;0;0;16497.26;11280.08;5217.18;32443.053
2026-08-10T12:38:11.625879+02:00;standby;29.1;30.1;5.0;28.0;53.7;57.0;0;0;0;0;16497.26;11280.08;5217.18;32443.053
2026-08-10T12:39:12.398837+02:00;standby;29.1;30.0;5.0;28.0;53.7;57.0;0;0;0;0;16497.26;11280.08;5217.18;32443.053
2026-08-10T12:40:12.823443+02:00;standby;29.1;30.0;5.0;28.0;53.7;57.0;0;0;0;0;16497.26;11280.08;5217.18;32443.053
2026-08-10T12:41:13.447404+02:00;standby;29.1;30.0;5.0;28.0;53.7;57.0;0;0;0;0;16497.26;11280.08;5217.18;32443.053
2026-08-10T12:42:13.907417+02:00;standby;29.1;30.0;5.0;28.0;53.6;57.0;0;0;0;0;16497.26;11280.08;5217.18;32443.053
2026-08-10T12:43:14.380367+02:00;standby;29.1;30.0;5.0;28.0;53.6;57.0;0;0;0;0;16497.26;11280.08;5217.18;32443.053
2026-08-10T12:44:14.824711+02:00;standby;29.1;30.0;5.0;28.0;53.6;57.0;0;0;0;0;16497.26;11280.08;5217.18;32443.053
2026-08-10T12:45:15.261031+02:00;standby;29.1;30.0;5.0;28.0;53.6;57.0;0;0;0;0;16497.26;11280.08;5217.18;32443.053
2026-08-10T12:46:15.682892+02:00;standby;29.1;30.0;5.0;28.0;53.6;57.0;0;0;0;0;16497.26;11280.08;5217.18;32443.053
2026-08-10T12:47:16.222211+02:00;standby;29.1;30.0;5.0;28.0;53.6;57.0;0;0;0;0;16497.26;11280.08;5217.18;32443.053
2026-08-10T12:48:16.719541+02:00;standby;29.1;30.0;5.0;28.0;53.6;57.0;0;0;0;0;16497.26;11280.08;5217.18;32443.053
2026-08-10T12:49:17.626517+02:00;standby;29.1;30.0;5.0;28.0;53.6;57.0;0;0;0;0;16497.26;11280.08;5217.18;32443.053
2026-08-10T12:50:18.065527+02:00;standby;29.1;30.0;5.0;28.0;53.5;57.0;0;0;0;0;16497.26;11280.08;5217.18;32443.053
2026-08-10T12:51:18.481214+02:00;standby;29.1;30.0;5.0;28.0;53.5;57.0;0;0;0;0;16497.26;11280.08;5217.18;32443.053
2026-08-10T12:52:19.122025+02:00;standby;29.4;30.0;5.0;28.0;53.5;57.0;0;0;0;0;16497.26;11280.08;5217.18;32443.053
2026-08-10T12:53:19.834100+02:00;standby;29.4;30.0;5.0;28.0;53.4;57.0;0;0;0;0;16497.26;11280.08;5217.18;32443.053
2026-08-10T12:54:20.293617+02:00;standby;29.4;30.0;5.0;28.0;53.4;57.0;0;0;0;0;16497.26;11280.08;5217.18;32443.053
2026-08-10T12:55:20.821975+02:00;standby;29.4;30.0;5.0;28.0;53.3;57.0;0;0;0;0;16497.26;11280.08;5217.18;32443.053
2026-08-10T12:56:22.098002+02:00;standby;29.4;30.0;5.0;28.0;53.3;57.0;0;0;0;0;16497.26;11280.08;5217.18;32443.053
2026-08-10T12:57:22.679057+02:00;standby;29.4;30.0;5.0;28.0;53.2;57.0;0;0;0;0;16497.26;11280.08;5217.18;32443.053
2026-08-10T12:58:23.157535+02:00;standby;29.4;30.0;5.0;28.0;53.2;57.0;0;0;0;0;16497.26;11280.08;5217.18;32443.053
2026-08-10T12:59:23.705626+02:00;standby;29.4;30.0;5.0;28.0;53.2;57.0;0;0;0;0;16497.26;11280.08;5217.18;32443.053
2026-08-10T13:00:24.128916+02:00;standby;29.4;30.0;5.0;28.0;53.2;57.0;0;0;0;0;16497.26;11280.08;5217.18;32443.053
2026-08-10T13:01:24.775600+02:00;standby;29.4;30.0;5.0;28.0;53.2;57.0;0;0;0;0;16497.26;11280.08;5217.18;32443.053
2026-08-10T13:02:25.573317+02:00;standby;29.4;30.0;5.0;28.0;53.2;57.0;0;0;0;0;16497.26;11280.08;5217.18;32443.053
2026-08-10T13:03:26.351139+02:00;standby;29.4;30.0;5.0;28.0;53.2;57.0;0;0;0;0;16497.26;11280.08;5217.18;32443.053
2026-08-10T13:04:26.786317+02:00;standby;29.4;30.0;5.0;28.0;53.2;57.0;0;0;0;0;16497.26;11280.08;5217.18;32443.053
2026-08-10T13:05:27.300776+02:00;standby;29.4;30.0;5.0;28.0;53.1;57.0;0;0;0;0;16497.26;11280.08;5217.18;32443.053
2026-08-10T13:06:27.804405+02:00;standby;29.4;30.0;5.0;28.0;53.1;57.0;0;0;0;0;16497.26;11280.08;5217.18;32443.053
2026-08-10T13:07:28.378948+02:00;standby;29.4;29.9;5.0;28.0;52.9;57.0;0;0;0;0;16497.26;11280.08;5217.18;32443.053
2026-08-10T13:08:28.816249+02:00;standby;29.4;29.9;5.0;28.0;52.9;57.0;0;0;0;0;16497.26;11280.08;5217.18;32443.053
2026-08-10T13:09:29.519326+02:00;standby;29.4;29.9;5.0;28.0;52.9;57.0;0;0;0;0;16497.26;11280.08;5217.18;32443.053
2026-08-10T13:10:30.350527+02:00;standby;29.4;29.9;5.0;28.0;52.9;57.0;0;0;0;0;16497.26;11280.08;5217.18;32443.053
2026-08-10T13:11:30.807279+02:00;standby;29.4;29.9;5.0;28.0;52.8;57.0;0;0;0;0;16497.26;11280.08;5217.18;32443.053
2026-08-10T13:12:31.329757+02:00;standby;29.4;29.9;5.0;28.0;52.9;57.0;0;0;0;0;16497.26;11280.08;5217.18;32443.053
2026-08-10T13:13:32.886659+02:00;standby;29.4;29.9;5.0;28.0;52.8;57.0;0;0;0;0;16497.26;11280.08;5217.18;32443.053
2026-08-10T13:14:33.366062+02:00;standby;29.4;29.9;5.0;28.0;52.8;57.0;0;0;0;0;16497.26;11280.08;5217.18;32443.053
2026-08-10T13:15:33.816045+02:00;standby;29.4;29.9;5.0;28.0;52.8;57.0;0;0;0;0;16497.26;11280.08;5217.18;32443.053
2026-08-10T13:16:34.309106+02:00;standby;29.4;29.9;5.0;28.0;52.8;57.0;0;0;0;0;16497.26;11280.08;5217.18;32443.053
2026-08-10T13:17:35.027260+02:00;standby;29.4;29.9;5.0;28.0;52.8;57.0;0;0;0;0;16497.26;11280.08;5217.18;32443.053
2026-08-10T13:18:35.628507+02:00;standby;29.4;29.9;5.0;28.0;52.8;57.0;0;0;0;0;16497.26;11280.08;5217.18;32443.053
2026-08-10T13:19:36.144906+02:00;standby;29.4;29.9;5.0;28.0;52.8;57.0;0;0;0;0;16497.26;11280.08;5217.18;32443.053
2026-08-10T13:20:37.475987+02:00;standby;29.4;29.9;5.0;28.0;52.8;57.0;0;0;0;0;16497.26;11280.08;5217.18;32443.053
2026-08-10T13:21:38.108551+02:00;standby;29.4;29.9;5.0;28.0;52.8;57.0;0;0;0;0;16497.26;11280.08;5217.18;32443.053
2026-08-10T13:22:38.525273+02:00;standby;29.4;29.9;5.0;28.0;52.7;57.0;0;0;0;0;16497.26;11280.08;5217.18;32443.053
2026-08-10T13:23:38.965201+02:00;standby;29.4;29.9;5.0;28.0;52.7;57.0;0;0;0;0;16497.26;11280.08;5217.18;32443.053
2026-08-10T13:24:39.445395+02:00;standby;29.4;29.9;5.0;28.0;52.7;57.0;0;0;0;0;16497.26;11280.08;5217.18;32443.053
2026-08-10T13:25:40.177007+02:00;standby;29.4;29.9;5.0;28.0;52.7;57.0;0;0;0;0;16497.26;11280.08;5217.18;32443.053
2026-08-10T13:26:40.732176+02:00;standby;29.4;29.9;5.0;28.0;52.6;57.0;0;0;0;0;16497.26;11280.08;5217.18;32443.053
2026-08-10T13:27:41.369527+02:00;standby;29.4;29.9;5.0;28.0;52.6;57.0;0;0;0;0;16497.26;11280.08;5217.18;32443.053
2026-08-10T13:28:42.258452+02:00;standby;29.4;29.9;5.0;28.0;52.6;57.0;0;0;0;0;16497.26;11280.08;5217.18;32443.053
2026-08-10T13:29:42.694859+02:00;standby;29.4;29.9;5.0;28.0;52.5;57.0;0;0;0;0;16497.26;11280.08;5217.18;32443.053
2026-08-10T13:30:43.241158+02:00;standby;29.4;29.9;5.0;28.0;52.5;57.0;0;0;0;0;16497.26;11280.08;5217.18;32443.053
2026-08-10T13:31:43.710128+02:00;standby;29.4;29.9;5.0;28.0;52.5;57.0;0;0;0;0;16497.26;11280.08;5217.18;32443.053
2026-08-10T13:32:44.321956+02:00;standby;29.4;29.9;5.0;28.0;52.5;57.0;0;0;0;0;16497.26;11280.08;5217.18;32443.053
2026-08-10T13:33:45.020889+02:00;standby;29.4;29.9;5.0;28.0;52.5;57.0;0;0;0;0;16497.26;11280.08;5217.18;32443.053
2026-08-10T13:34:45.540460+02:00;standby;29.4;29.9;5.0;28.0;52.5;57.0;0;0;0;0;16497.26;11280.08;5217.18;32443.053
2026-08-10T13:35:46.524990+02:00;standby;29.4;29.9;5.0;28.0;52.5;57.0;0;0;0;0;16497.26;11280.08;5217.18;32443.053
2026-08-10T13:36:47.187005+02:00;standby;29.4;29.9;5.0;28.0;52.5;57.0;0;0;0;0;16497.26;11280.08;5217.18;32443.053
2026-08-10T13:37:47.812334+02:00;standby;29.4;29.9;5.0;28.0;52.5;57.0;0;0;0;0;16497.26;11280.08;5217.18;32443.053
2026-08-10T13:38:48.317529+02:00;standby;29.4;29.9;5.0;28.0;52.5;57.0;0;0;0;0;16497.26;11280.08;5217.18;32443.053
2026-08-10T13:39:49.567050+02:00;standby;29.4;29.7;5.0;28.0;52.4;57.0;0;0;0;0;16497.26;11280.08;5217.18;32443.053
2026-08-10T13:40:50.189970+02:00;standby;29.4;29.9;5.0;28.0;52.4;57.0;0;0;0;0;16497.26;11280.08;5217.18;32443.053
2026-08-10T13:41:50.695434+02:00;standby;29.4;29.7;5.0;28.0;52.4;57.0;0;0;0;0;16497.26;11280.08;5217.18;32443.053
2026-08-10T13:42:51.450892+02:00;standby;29.4;29.7;5.0;28.0;52.4;57.0;0;0;0;0;16497.26;11280.08;5217.18;32443.053
2026-08-10T13:43:51.883050+02:00;standby;29.4;29.7;5.0;28.0;52.4;57.0;0;0;0;0;16497.26;11280.08;5217.18;32443.053
2026-08-10T13:44:52.409032+02:00;standby;29.4;29.9;5.0;28.0;52.4;57.0;0;0;0;0;16497.26;11280.08;5217.18;32443.053
2026-08-10T13:45:52.855219+02:00;standby;29.4;29.9;5.0;28.0;52.4;57.0;0;0;0;0;16497.26;11280.08;5217.18;32443.053
2026-08-10T13:46:53.397983+02:00;standby;29.4;29.7;5.0;28.0;52.4;57.0;0;0;0;0;16497.26;11280.08;5217.18;32443.053
2026-08-10T13:47:54.015514+02:00;standby;29.4;29.7;5.0;28.0;52.4;57.0;0;0;0;0;16497.26;11280.08;5217.18;32443.053
2026-08-10T13:48:54.840858+02:00;standby;29.4;29.7;5.0;28.0;52.4;57.0;0;0;0;0;16497.26;11280.08;5217.18;32443.053
2026-08-10T13:49:55.437886+02:00;standby;29.4;29.7;5.0;28.0;52.4;57.0;0;0;0;0;16497.26;11280.08;5217.18;32443.053
2026-08-10T13:50:55.966712+02:00;standby;29.4;29.7;5.0;28.0;52.4;57.0;0;0;0;0;16497.26;11280.08;5217.18;32443.053
2026-08-10T13:51:56.636870+02:00;standby;29.4;29.7;5.0;28.0;52.3;57.0;0;0;0;0;16497.26;11280.08;5217.18;32443.053
2026-08-10T13:52:57.259940+02:00;standby;30.5;29.7;5.0;28.0;52.3;57.0;0;0;0;0;16497.26;11280.08;5217.18;32443.053
2026-08-10T13:53:57.887266+02:00;standby;30.5;29.7;5.0;28.0;52.3;57.0;0;0;0;0;16497.26;11280.08;5217.18;32443.053
2026-08-10T13:54:58.584951+02:00;standby;30.5;29.7;5.0;28.0;52.3;57.0;0;0;0;0;16497.26;11280.08;5217.18;32443.053
2026-08-10T13:55:59.170808+02:00;standby;30.5;29.7;5.0;28.0;52.3;57.0;0;0;0;0;16497.26;11280.08;5217.18;32443.053
2026-08-10T13:57:00.235530+02:00;standby;30.5;29.7;5.0;28.0;52.3;57.0;0;0;0;0;16497.26;11280.08;5217.18;32443.053
2026-08-10T13:58:00.692917+02:00;standby;30.5;29.7;5.0;28.0;52.3;57.0;0;0;0;0;16497.26;11280.08;5217.18;32443.053
2026-08-10T13:59:01.112446+02:00;standby;30.5;29.7;5.0;28.0;52.3;57.0;0;0;0;0;16497.26;11280.08;5217.18;32443.053
2026-08-10T14:00:01.659071+02:00;standby;30.5;29.7;5.0;28.0;52.3;57.0;0;0;0;0;16497.26;11280.08;5217.18;32443.053
2026-08-10T14:01:02.484737+02:00;standby;30.5;29.7;5.0;28.0;52.3;57.0;0;0;0;0;16497.26;11280.08;5217.18;32443.053
2026-08-10T14:02:03.469361+02:00;standby;30.5;29.7;5.0;28.0;52.3;57.0;0;0;0;0;16497.26;11280.08;5217.18;32443.053
2026-08-10T14:03:03.903300+02:00;standby;30.5;29.7;5.0;28.0;52.2;57.0;0;0;0;0;16497.26;11280.08;5217.18;32443.053
2026-08-10T14:04:04.403800+02:00;standby;30.5;29.7;5.0;28.0;52.2;57.0;0;0;0;0;16497.26;11280.08;5217.18;32443.053
2026-08-10T14:05:04.901932+02:00;standby;30.5;29.7;5.0;28.0;52.2;57.0;0;0;0;0;16497.26;11280.08;5217.18;32443.053
2026-08-10T14:06:05.590259+02:00;standby;30.5;29.7;5.0;28.0;52.2;57.0;0;0;0;0;16497.26;11280.08;5217.18;32443.053
2026-08-10T14:07:06.120260+02:00;standby;30.5;29.7;5.0;28.0;52.2;57.0;0;0;0;0;16497.26;11280.08;5217.18;32443.053
2026-08-10T14:08:06.913418+02:00;standby;30.5;29.7;5.0;28.0;52.2;57.0;0;0;0;0;16497.26;11280.08;5217.18;32443.053
2026-08-10T14:09:07.908416+02:00;standby;30.5;29.7;5.0;28.0;52.2;57.0;0;0;0;0;16497.26;11280.08;5217.18;32443.053
2026-08-10T14:10:08.591923+02:00;standby;30.5;29.7;5.0;28.0;52.2;57.0;0;0;0;0;16497.26;11280.08;5217.18;32443.053
2026-08-10T14:11:09.625836+02:00;standby;30.5;29.7;5.0;28.0;52.2;57.0;0;0;0;0;16497.26;11280.08;5217.18;32443.053
2026-08-10T14:12:10.069610+02:00;standby;30.5;29.6;5.0;28.0;52.2;57.0;0;0;0;0;16497.26;11280.08;5217.18;32443.053
2026-08-10T14:13:10.530733+02:00;standby;30.5;29.7;5.0;28.0;52.2;57.0;0;0;0;0;16497.26;11280.08;5217.18;32443.053
2026-08-10T14:14:10.975485+02:00;standby;30.5;29.7;5.0;28.0;52.2;57.0;0;0;0;0;16497.26;11280.08;5217.18;32443.053
2026-08-10T14:15:11.521607+02:00;standby;30.5;29.6;5.0;28.0;52.1;57.0;0;0;0;0;16497.26;11280.08;5217.18;32443.053
2026-08-10T14:16:11.963470+02:00;standby;30.5;29.6;5.0;28.0;52.1;57.0;0;0;0;0;16497.26;11280.08;5217.18;32443.053
2026-08-10T14:17:12.699472+02:00;standby;30.5;29.6;5.0;28.0;52.1;57.0;0;0;0;0;16497.26;11280.08;5217.18;32443.053
2026-08-10T14:18:13.721763+02:00;standby;30.5;29.7;5.0;28.0;52.1;57.0;0;0;0;0;16497.26;11280.08;5217.18;32443.053
2026-08-10T14:19:14.185040+02:00;standby;30.5;29.6;5.0;28.0;52.1;57.0;0;0;0;0;16497.26;11280.08;5217.18;32443.053
2026-08-10T14:20:14.599831+02:00;standby;30.5;29.6;5.0;28.0;52.1;57.0;0;0;0;0;16497.26;11280.08;5217.18;32443.053
2026-08-10T14:21:15.048467+02:00;standby;30.5;29.6;5.0;28.0;52.1;57.0;0;0;0;0;16497.26;11280.08;5217.18;32443.053
2026-08-10T14:22:15.808462+02:00;standby;30.5;29.6;5.0;28.0;52.1;57.0;0;0;0;0;16497.26;11280.08;5217.18;32443.053
2026-08-10T14:23:16.602284+02:00;standby;30.5;29.6;5.0;28.0;52.1;57.0;0;0;0;0;16497.26;11280.08;5217.18;32443.053
2026-08-10T14:24:17.041978+02:00;standby;30.5;29.6;5.0;28.0;52.0;57.0;0;0;0;0;16497.26;11280.08;5217.18;32443.053
2026-08-10T14:25:17.519587+02:00;standby;30.5;29.6;5.0;28.0;52.0;57.0;0;0;0;0;16497.26;11280.08;5217.18;32443.053
2026-08-10T14:26:18.119234+02:00;standby;30.5;29.6;5.0;28.0;52.0;57.0;0;0;0;0;16497.26;11280.08;5217.18;32443.053
2026-08-10T14:27:18.759387+02:00;standby;30.5;29.6;5.0;28.0;52.0;57.0;0;0;0;0;16497.26;11280.08;5217.18;32443.053
2026-08-10T14:28:19.433277+02:00;standby;30.5;29.6;5.0;28.0;52.0;57.0;0;0;0;0;16497.26;11280.08;5217.18;32443.053
2026-08-10T14:29:20.459003+02:00;standby;30.5;29.6;5.0;28.0;52.0;57.0;0;0;0;0;16497.26;11280.08;5217.18;32443.053
2026-08-10T14:30:20.962452+02:00;standby;30.5;29.6;5.0;28.0;51.9;57.0;0;0;0;0;16497.26;11280.08;5217.18;32443.053
2026-08-10T14:31:21.498173+02:00;standby;30.5;29.6;5.0;28.0;51.9;57.0;0;0;0;0;16497.26;11280.08;5217.18;32443.053
2026-08-10T14:32:21.966221+02:00;standby;30.5;29.6;5.0;28.0;51.9;57.0;0;0;0;0;16497.26;11280.08;5217.18;32443.053
2026-08-10T14:33:22.753075+02:00;standby;30.5;29.6;5.0;28.0;51.9;57.0;0;0;0;0;16497.26;11280.08;5217.18;32443.053
2026-08-10T14:34:23.408715+02:00;standby;30.5;29.6;5.0;28.0;51.9;57.0;0;0;0;0;16497.26;11280.08;5217.18;32443.053
2026-08-10T14:35:24.290273+02:00;standby;30.5;29.6;5.0;28.0;51.9;57.0;0;0;0;0;16497.26;11280.08;5217.18;32443.053
2026-08-10T14:36:24.764983+02:00;standby;30.5;29.6;5.0;28.0;51.9;57.0;0;0;0;0;16497.26;11280.08;5217.18;32443.053
2026-08-10T14:37:25.229217+02:00;standby;30.5;29.6;5.0;28.0;51.9;57.0;0;0;0;0;16497.26;11280.08;5217.18;32443.053
2026-08-10T14:38:25.766500+02:00;standby;30.5;29.6;5.0;28.0;51.9;57.0;0;0;0;0;16497.26;11280.08;5217.18;32443.053
2026-08-10T14:39:26.325137+02:00;standby;30.5;29.6;5.0;28.0;51.9;57.0;0;0;0;0;16497.26;11280.08;5217.18;32443.053
2026-08-10T14:40:26.942029+02:00;standby;30.5;29.6;5.0;28.0;51.9;57.0;0;0;0;0;16497.26;11280.08;5217.18;32443.053
2026-08-10T14:41:27.489834+02:00;standby;30.5;29.6;5.0;28.0;51.8;57.0;0;0;0;0;16497.26;11280.08;5217.18;32443.053
2026-08-10T14:42:28.044386+02:00;standby;30.5;29.6;5.0;28.0;51.8;57.0;0;0;0;0;16497.26;11280.08;5217.18;32443.053
2026-08-10T14:43:29.479052+02:00;standby;30.5;29.6;5.0;28.0;51.8;57.0;0;0;0;0;16497.26;11280.08;5217.18;32443.053
2026-08-10T14:44:29.894017+02:00;standby;30.5;29.4;5.0;28.0;51.8;57.0;0;0;0;0;16497.26;11280.08;5217.18;32443.053
2026-08-10T14:45:30.405994+02:00;standby;30.5;29.6;5.0;28.0;51.8;57.0;0;0;0;0;16497.26;11280.08;5217.18;32443.053
2026-08-10T14:46:31.202181+02:00;standby;30.5;29.6;5.0;28.0;51.8;57.0;0;0;0;0;16497.26;11280.08;5217.18;32443.053
2026-08-10T14:47:32.265374+02:00;standby;30.5;29.4;5.0;28.0;51.8;57.0;0;0;0;0;16497.26;11280.08;5217.18;32443.053
2026-08-10T14:48:32.689190+02:00;standby;30.5;29.4;5.0;28.0;51.8;57.0;0;0;0;0;16497.26;11280.08;5217.18;32443.053
2026-08-10T14:49:33.206048+02:00;standby;30.5;29.4;5.0;28.0;51.8;57.0;0;0;0;0;16497.26;11280.08;5217.18;32443.053
2026-08-10T14:50:33.669910+02:00;standby;30.5;29.4;5.0;28.0;51.8;57.0;0;0;0;0;16497.26;11280.08;5217.18;32443.053
2026-08-10T14:51:34.136878+02:00;standby;30.5;29.6;5.0;28.0;51.8;57.0;0;0;0;0;16497.26;11280.08;5217.18;32443.053
2026-08-10T14:52:35.167517+02:00;standby;30.5;29.4;5.0;28.0;51.7;57.0;0;0;0;0;16497.26;11280.08;5217.18;32443.053
2026-08-10T14:53:35.632211+02:00;standby;30.7;29.4;5.0;28.0;51.7;57.0;0;0;0;0;16497.26;11280.08;5217.18;32443.053
2026-08-10T14:54:36.430255+02:00;standby;30.7;29.4;5.0;28.0;51.7;57.0;0;0;0;0;16497.26;11280.08;5217.18;32443.053
2026-08-10T14:55:36.909819+02:00;standby;30.7;29.4;5.0;28.0;51.7;57.0;0;0;0;0;16497.26;11280.08;5217.18;32443.053
2026-08-10T14:56:37.438590+02:00;standby;30.7;29.4;5.0;28.0;51.7;57.0;0;0;0;0;16497.26;11280.08;5217.18;32443.053
2026-08-10T14:57:37.969136+02:00;standby;30.7;29.4;5.0;28.0;51.7;57.0;0;0;0;0;16497.26;11280.08;5217.18;32443.053
2026-08-10T14:58:38.571779+02:00;standby;30.7;29.4;5.0;28.0;51.7;57.0;0;0;0;0;16497.26;11280.08;5217.18;32443.053
2026-08-10T14:59:39.294433+02:00;standby;30.7;29.4;5.0;28.0;51.7;57.0;0;0;0;0;16497.26;11280.08;5217.18;32443.053
2026-08-10T15:00:39.738117+02:00;standby;30.7;29.4;5.0;28.0;51.7;57.0;0;0;0;0;16497.26;11280.08;5217.18;32443.053
2026-08-10T15:01:40.268575+02:00;standby;30.7;29.4;5.0;28.0;51.7;57.0;0;0;0;0;16497.26;11280.08;5217.18;32443.053
2026-08-10T15:02:41.057075+02:00;standby;30.7;29.4;5.0;28.0;51.7;57.0;0;0;0;0;16497.26;11280.08;5217.18;32443.053
2026-08-10T15:03:41.492336+02:00;standby;30.7;29.4;5.0;28.0;51.6;57.0;0;0;0;0;16497.26;11280.08;5217.18;32443.053
2026-08-10T15:04:42.055429+02:00;standby;30.7;29.4;5.0;28.0;51.6;57.0;0;0;0;0;16497.26;11280.08;5217.18;32443.053
2026-08-10T15:05:42.496044+02:00;standby;30.7;29.4;5.0;28.0;51.6;57.0;0;0;0;0;16497.26;11280.08;5217.18;32443.053
2026-08-10T15:06:42.956041+02:00;standby;30.7;29.4;5.0;28.0;51.6;57.0;0;0;0;0;16497.26;11280.08;5217.18;32443.053
2026-08-10T15:07:43.469337+02:00;standby;30.7;29.4;5.0;28.0;51.6;57.0;0;0;0;0;16497.26;11280.08;5217.18;32443.053
2026-08-10T15:08:43.886347+02:00;standby;30.7;29.4;5.0;28.0;51.6;57.0;0;0;0;0;16497.26;11280.08;5217.18;32443.053
2026-08-10T15:09:44.410809+02:00;standby;30.7;29.4;5.0;28.0;51.6;57.0;0;0;0;0;16497.26;11280.08;5217.18;32443.053
2026-08-10T15:10:44.875845+02:00;standby;30.7;29.4;5.0;28.0;51.6;57.0;0;0;0;0;16497.26;11280.08;5217.18;32443.053
2026-08-10T15:11:45.453038+02:00;standby;30.7;29.4;5.0;28.0;51.6;57.0;0;0;0;0;16497.26;11280.08;5217.18;32443.053
2026-08-10T15:12:45.907832+02:00;standby;30.7;29.4;5.0;28.0;51.6;57.0;0;0;0;0;16497.26;11280.08;5217.18;32443.053
2026-08-10T15:13:46.492948+02:00;standby;30.7;29.4;5.0;28.0;51.6;57.0;0;0;0;0;16497.26;11280.08;5217.18;32443.053
2026-08-10T15:14:46.947920+02:00;standby;30.7;29.4;5.0;28.0;51.6;57.0;0;0;0;0;16497.26;11280.08;5217.18;32443.053
2026-08-10T15:15:47.418577+02:00;standby;30.7;29.4;5.0;28.0;51.5;57.0;0;0;0;0;16497.26;11280.08;5217.18;32443.053
2026-08-10T15:16:47.877836+02:00;standby;30.7;29.4;5.0;28.0;51.5;57.0;0;0;0;0;16497.26;11280.08;5217.18;32443.053
2026-08-10T15:17:48.705584+02:00;standby;30.7;29.4;5.0;28.0;51.5;57.0;0;0;0;0;16497.26;11280.08;5217.18;32443.053
2026-08-10T15:18:49.248393+02:00;standby;30.7;29.4;5.0;28.0;51.5;57.0;0;0;0;0;16497.26;11280.08;5217.18;32443.053
2026-08-10T15:19:49.888125+02:00;standby;30.7;29.4;5.0;28.0;51.5;57.0;0;0;0;0;16497.26;11280.08;5217.18;32443.053
2026-08-10T15:20:50.431109+02:00;standby;30.7;29.4;5.0;28.0;51.5;57.0;0;0;0;0;16497.26;11280.08;5217.18;32443.053
2026-08-10T15:21:50.948842+02:00;standby;30.7;29.4;5.0;28.0;51.5;57.0;0;0;0;0;16497.26;11280.08;5217.18;32443.053
2026-08-10T15:22:51.416581+02:00;standby;30.7;29.4;5.0;28.0;51.5;57.0;0;0;0;0;16497.26;11280.08;5217.18;32443.053
2026-08-10T15:23:51.890385+02:00;standby;30.7;29.4;5.0;28.0;51.5;57.0;0;0;0;0;16497.26;11280.08;5217.18;32443.053
2026-08-10T15:24:52.355651+02:00;standby;30.7;29.4;5.0;28.0;51.5;57.0;0;0;0;0;16497.26;11280.08;5217.18;32443.053
2026-08-10T15:25:52.821980+02:00;standby;30.7;29.4;5.0;28.0;51.4;57.0;0;0;0;0;16497.26;11280.08;5217.18;32443.053
2026-08-10T15:26:53.498661+02:00;standby;30.7;29.4;5.0;28.0;51.4;57.0;0;0;0;0;16497.26;11280.08;5217.18;32443.053
2026-08-10T15:27:53.971213+02:00;standby;30.7;29.4;5.0;28.0;51.4;57.0;0;0;0;0;16497.26;11280.08;5217.18;32443.053
2026-08-10T15:28:54.682055+02:00;standby;30.7;29.4;5.0;28.0;51.4;57.0;0;0;0;0;16497.26;11280.08;5217.18;32443.053
2026-08-10T15:29:55.304747+02:00;standby;30.7;29.4;5.0;28.0;51.4;57.0;0;0;0;0;16497.26;11280.08;5217.18;32443.053
2026-08-10T15:30:56.034044+02:00;standby;30.7;29.3;5.0;28.0;51.4;57.0;0;0;0;0;16497.26;11280.08;5217.18;32443.053
2026-08-10T15:31:56.659438+02:00;standby;30.7;29.4;5.0;28.0;51.4;57.0;0;0;0;0;16497.26;11280.08;5217.18;32443.053
2026-08-10T15:32:57.169485+02:00;standby;30.7;29.3;5.0;28.0;51.4;57.0;0;0;0;0;16497.26;11280.08;5217.18;32443.053
2026-08-10T15:33:58.213358+02:00;standby;30.7;29.4;5.0;28.0;51.4;57.0;0;0;0;0;16497.26;11280.08;5217.18;32443.053
2026-08-10T15:34:58.742281+02:00;standby;30.7;29.3;5.0;28.0;51.4;57.0;0;0;0;0;16497.26;11280.08;5217.18;32443.053
2026-08-10T15:35:59.297875+02:00;standby;30.7;29.3;5.0;28.0;51.4;57.0;0;0;0;0;16497.26;11280.08;5217.18;32443.053
2026-08-10T15:36:59.796318+02:00;standby;30.7;29.3;5.0;28.0;51.4;57.0;0;0;0;0;16497.26;11280.08;5217.18;32443.053
2026-08-10T15:38:00.298150+02:00;standby;30.7;29.3;5.0;28.0;51.3;57.0;0;0;0;0;16497.26;11280.08;5217.18;32443.053
2026-08-10T15:39:00.918862+02:00;standby;30.7;29.3;5.0;28.0;51.3;57.0;0;0;0;0;16497.26;11280.08;5217.18;32443.053
2026-08-10T15:40:01.431776+02:00;standby;30.7;29.3;5.0;28.0;51.3;57.0;0;0;0;0;16497.26;11280.08;5217.18;32443.053
2026-08-10T15:41:01.880854+02:00;standby;30.7;29.3;5.0;28.0;51.3;57.0;0;0;0;0;16497.26;11280.08;5217.18;32443.053
2026-08-10T15:42:02.401409+02:00;standby;30.7;29.3;5.0;28.0;51.3;57.0;0;0;0;0;16497.26;11280.08;5217.18;32443.053
2026-08-10T15:43:02.882501+02:00;standby;30.7;29.3;5.0;28.0;51.3;57.0;0;0;0;0;16497.26;11280.08;5217.18;32443.053
2026-08-10T15:44:05.055229+02:00;standby;30.7;29.3;5.0;28.0;51.3;57.0;0;0;0;0;16497.26;11280.08;5217.18;32443.053
2026-08-10T15:45:05.560041+02:00;standby;30.7;29.3;5.0;28.0;51.3;57.0;0;0;0;0;16497.26;11280.08;5217.18;32443.053
2026-08-10T15:46:08.529466+02:00;standby;30.7;29.3;5.0;28.0;51.3;57.0;0;0;0;0;16497.26;11280.08;5217.18;32443.053
2026-08-10T15:47:09.055350+02:00;standby;30.7;29.3;5.0;28.0;51.3;57.0;0;0;0;0;16497.26;11280.08;5217.18;32443.053
2026-08-10T15:48:11.625193+02:00;standby;30.7;29.3;5.0;28.0;51.3;57.0;0;0;0;0;16497.26;11280.08;5217.18;32443.053
2026-08-10T15:49:12.140917+02:00;standby;30.7;29.3;5.0;28.0;51.2;57.0;0;0;0;0;16497.26;11280.08;5217.18;32443.053
2026-08-10T15:50:12.673087+02:00;standby;30.7;29.3;5.0;28.0;51.2;57.0;0;0;0;0;16497.26;11280.08;5217.18;32443.053
2026-08-10T15:51:13.247021+02:00;standby;30.7;29.3;5.0;28.0;51.2;57.0;0;0;0;0;16497.26;11280.08;5217.18;32443.053
2026-08-10T15:52:13.698094+02:00;standby;30.7;29.3;5.0;28.0;51.2;57.0;0;0;0;0;16497.26;11280.08;5217.18;32443.053
2026-08-10T15:53:14.283102+02:00;standby;30.7;29.3;5.0;28.0;51.2;57.0;0;0;0;0;16497.26;11280.08;5217.18;32443.053
2026-08-10T15:54:14.747886+02:00;standby;31.4;29.3;5.0;28.0;51.2;57.0;0;0;0;0;16497.26;11280.08;5217.18;32443.053
2026-08-10T15:55:15.267272+02:00;standby;31.4;29.3;5.0;28.0;51.2;57.0;0;0;0;0;16497.26;11280.08;5217.18;32443.053
2026-08-10T15:56:15.726490+02:00;standby;31.4;29.3;5.0;28.0;51.2;57.0;0;0;0;0;16497.26;11280.08;5217.18;32443.053
2026-08-10T15:57:16.341918+02:00;standby;31.4;29.3;5.0;28.0;51.2;57.0;0;0;0;0;16497.26;11280.08;5217.18;32443.053
2026-08-10T15:58:16.781900+02:00;standby;31.4;29.3;5.0;28.0;51.2;57.0;0;0;0;0;16497.26;11280.08;5217.18;32443.053
2026-08-10T15:59:17.279884+02:00;standby;31.4;29.3;5.0;28.0;51.2;57.0;0;0;0;0;16497.26;11280.08;5217.18;32443.053
2026-08-10T16:00:17.698586+02:00;standby;31.4;29.3;5.0;28.0;51.2;57.0;0;0;0;0;16497.26;11280.08;5217.18;32443.053
2026-08-10T16:01:18.171526+02:00;standby;31.4;29.3;5.0;28.0;51.1;57.0;0;0;0;0;16497.26;11280.08;5217.18;32443.053
2026-08-10T16:02:18.792918+02:00;standby;31.4;29.3;5.0;28.0;51.1;57.0;0;0;0;0;16497.26;11280.08;5217.18;32443.053
2026-08-10T16:03:19.258570+02:00;standby;31.4;29.3;5.0;28.0;51.1;57.0;0;0;0;0;16497.26;11280.08;5217.18;32443.053
2026-08-10T16:04:20.141654+02:00;standby;31.4;29.3;5.0;28.0;51.1;57.0;0;0;0;0;16497.26;11280.08;5217.18;32443.053
2026-08-10T16:05:20.960257+02:00;standby;31.4;29.3;5.0;28.0;51.1;57.0;0;0;0;0;16497.26;11280.08;5217.18;32443.053
2026-08-10T16:06:21.487211+02:00;standby;31.4;29.3;5.0;28.0;50.9;57.0;0;0;0;0;16497.26;11280.08;5217.18;32443.053
2026-08-10T16:07:21.999922+02:00;standby;31.4;29.3;5.0;28.0;50.9;57.0;0;0;0;0;16497.26;11280.08;5217.18;32443.053
2026-08-10T16:08:22.517363+02:00;standby;31.4;29.3;5.0;28.0;50.9;57.0;0;0;0;0;16497.26;11280.08;5217.18;32443.053
2026-08-10T16:09:23.091460+02:00;standby;31.4;29.3;5.0;28.0;50.9;57.0;0;0;0;0;16497.26;11280.08;5217.18;32443.053
2026-08-10T16:10:23.700458+02:00;standby;31.4;29.3;5.0;28.0;50.9;57.0;0;0;0;0;16497.26;11280.08;5217.18;32443.053
2026-08-10T16:11:24.285654+02:00;standby;31.4;29.3;5.0;28.0;50.9;57.0;0;0;0;0;16497.26;11280.08;5217.18;32443.053
2026-08-10T16:12:24.886190+02:00;standby;31.4;29.3;5.0;28.0;50.9;57.0;0;0;0;0;16497.26;11280.08;5217.18;32443.053
2026-08-10T16:13:25.826627+02:00;standby;31.4;29.3;5.0;28.0;50.9;57.0;0;0;0;0;16497.26;11280.08;5217.18;32443.053
2026-08-10T16:14:26.252187+02:00;standby;31.4;29.3;5.0;28.0;50.9;57.0;0;0;0;0;16497.26;11280.08;5217.18;32443.053
2026-08-10T16:15:26.807687+02:00;standby;31.4;29.2;5.0;28.0;50.9;57.0;0;0;0;0;16497.26;11280.08;5217.18;32443.053
2026-08-10T16:16:27.413900+02:00;standby;31.4;29.2;5.0;28.0;50.8;57.0;0;0;0;0;16497.26;11280.08;5217.18;32443.053
2026-08-10T16:17:28.445292+02:00;standby;31.4;29.2;5.0;28.0;50.8;57.0;0;0;0;0;16497.26;11280.08;5217.18;32443.053
2026-08-10T16:18:29.346697+02:00;standby;31.4;29.2;5.0;28.0;50.8;57.0;0;0;0;0;16497.26;11280.08;5217.18;32443.053
2026-08-10T16:19:29.835559+02:00;standby;31.4;29.2;5.0;28.0;50.8;57.0;0;0;0;0;16497.26;11280.08;5217.18;32443.053
2026-08-10T16:20:30.289071+02:00;standby;31.4;29.2;5.0;28.0;50.8;57.0;0;0;0;0;16497.26;11280.08;5217.18;32443.053
2026-08-10T16:21:30.843662+02:00;standby;31.4;29.2;5.0;28.0;50.8;57.0;0;0;0;0;16497.26;11280.08;5217.18;32443.053
2026-08-10T16:22:31.455705+02:00;standby;31.4;29.3;5.0;28.0;50.8;57.0;0;0;0;0;16497.26;11280.08;5217.18;32443.053
2026-08-10T16:23:31.944250+02:00;standby;31.4;29.2;5.0;28.0;50.8;57.0;0;0;0;0;16497.26;11280.08;5217.18;32443.053
2026-08-10T16:24:32.576946+02:00;standby;31.4;29.2;5.0;28.0;50.8;57.0;0;0;0;0;16497.26;11280.08;5217.18;32443.053
2026-08-10T16:25:33.187311+02:00;standby;31.4;29.2;5.0;28.0;50.8;57.0;0;0;0;0;16497.26;11280.08;5217.18;32443.053
2026-08-10T16:26:33.808398+02:00;standby;31.4;29.2;5.0;28.0;50.7;57.0;0;0;0;0;16497.26;11280.08;5217.18;32443.053
2026-08-10T16:27:34.392662+02:00;standby;31.4;29.3;5.0;28.0;50.8;57.0;0;0;0;0;16497.26;11280.08;5217.18;32443.053
2026-08-10T16:28:34.848619+02:00;standby;31.4;29.2;5.0;28.0;50.7;57.0;0;0;0;0;16497.26;11280.08;5217.18;32443.053
2026-08-10T16:29:35.324654+02:00;standby;31.4;29.2;5.0;28.0;50.7;57.0;0;0;0;0;16497.26;11280.08;5217.18;32443.053
2026-08-10T16:30:35.786864+02:00;standby;31.4;29.2;5.0;28.0;50.7;57.0;0;0;0;0;16497.26;11280.08;5217.18;32443.053
2026-08-10T16:31:36.201405+02:00;standby;31.4;29.2;5.0;28.0;50.7;57.0;0;0;0;0;16497.26;11280.08;5217.18;32443.053
2026-08-10T16:32:36.999948+02:00;standby;31.4;29.2;5.0;28.0;50.7;57.0;0;0;0;0;16497.26;11280.08;5217.18;32443.053
2026-08-10T16:33:37.471102+02:00;standby;31.4;29.2;5.0;28.0;50.7;57.0;0;0;0;0;16497.26;11280.08;5217.18;32443.053
2026-08-10T16:34:37.960258+02:00;standby;31.4;29.2;5.0;28.0;50.7;57.0;0;0;0;0;16497.26;11280.08;5217.18;32443.053
2026-08-10T16:35:38.484013+02:00;standby;31.4;29.2;5.0;28.0;50.7;57.0;0;0;0;0;16497.26;11280.08;5217.18;32443.053
2026-08-10T16:36:38.895458+02:00;standby;31.4;29.2;5.0;28.0;50.7;57.0;0;0;0;0;16497.26;11280.08;5217.18;32443.053
2026-08-10T16:37:39.316027+02:00;standby;31.4;29.2;5.0;28.0;50.7;57.0;0;0;0;0;16497.26;11280.08;5217.18;32443.053
2026-08-10T16:38:39.761904+02:00;standby;31.4;29.2;5.0;28.0;50.6;57.0;0;0;0;0;16497.26;11280.08;5217.18;32443.053
2026-08-10T16:39:40.208622+02:00;standby;31.4;29.2;5.0;28.0;50.6;57.0;0;0;0;0;16497.26;11280.08;5217.18;32443.053
2026-08-10T16:40:40.703931+02:00;standby;31.4;29.2;5.0;28.0;50.6;57.0;0;0;0;0;16497.26;11280.08;5217.18;32443.053
2026-08-10T16:41:41.160663+02:00;standby;31.4;29.2;5.0;28.0;50.6;57.0;0;0;0;0;16497.26;11280.08;5217.18;32443.053
2026-08-10T16:42:41.610789+02:00;standby;31.4;29.2;5.0;28.0;50.6;57.0;0;0;0;0;16497.26;11280.08;5217.18;32443.053
2026-08-10T16:43:42.237553+02:00;standby;31.4;29.2;5.0;28.0;50.6;57.0;0;0;0;0;16497.26;11280.08;5217.18;32443.053
2026-08-10T16:44:42.774478+02:00;standby;31.4;29.2;5.0;28.0;50.6;57.0;0;0;0;0;16497.26;11280.08;5217.18;32443.053
2026-08-10T16:45:43.217555+02:00;standby;31.4;29.2;5.0;28.0;50.6;57.0;0;0;0;0;16497.26;11280.08;5217.18;32443.053
2026-08-10T16:46:43.702226+02:00;standby;31.4;29.2;5.0;28.0;50.6;57.0;0;0;0;0;16497.26;11280.08;5217.18;32443.053
2026-08-10T16:47:44.237379+02:00;standby;31.4;29.2;5.0;28.0;50.6;57.0;0;0;0;0;16497.26;11280.08;5217.18;32443.053
2026-08-10T16:48:44.725952+02:00;standby;31.4;29.2;5.0;28.0;50.5;57.0;0;0;0;0;16497.26;11280.08;5217.18;32443.053
2026-08-10T16:49:45.479571+02:00;standby;31.4;29.2;5.0;28.0;50.5;57.0;0;0;0;0;16497.26;11280.08;5217.18;32443.053
2026-08-10T16:50:45.971448+02:00;standby;31.4;29.2;5.0;28.0;50.5;57.0;0;0;0;0;16497.26;11280.08;5217.18;32443.053
2026-08-10T16:51:46.531780+02:00;standby;31.4;29.2;5.0;28.0;50.5;57.0;0;0;0;0;16497.26;11280.08;5217.18;32443.053
2026-08-10T16:52:47.494325+02:00;standby;31.4;29.2;5.0;28.0;50.5;57.0;0;0;0;0;16497.26;11280.08;5217.18;32443.053
2026-08-10T16:53:48.240154+02:00;standby;31.4;29.2;5.0;28.0;50.5;57.0;0;0;0;0;16497.26;11280.08;5217.18;32443.053
2026-08-10T16:54:48.701813+02:00;standby;29.8;29.2;5.0;28.0;50.5;57.0;0;0;0;0;16497.26;11280.08;5217.18;32443.053
2026-08-10T16:55:49.149895+02:00;standby;29.8;29.2;5.0;28.0;50.5;57.0;0;0;0;0;16497.26;11280.08;5217.18;32443.053
2026-08-10T16:56:49.691756+02:00;standby;29.8;29.2;5.0;28.0;50.5;57.0;0;0;0;0;16497.26;11280.08;5217.18;32443.053
2026-08-10T16:57:50.240097+02:00;standby;29.8;29.2;5.0;28.0;50.5;57.0;0;0;0;0;16497.26;11280.08;5217.18;32443.053
2026-08-10T16:58:50.760597+02:00;standby;29.8;29.2;5.0;28.0;50.5;57.0;0;0;0;0;16497.26;11280.08;5217.18;32443.053
2026-08-10T16:59:51.404303+02:00;standby;29.8;29.2;5.0;28.0;50.5;57.0;0;0;0;0;16497.26;11280.08;5217.18;32443.053
2026-08-10T17:00:51.929552+02:00;standby;29.8;29.2;5.0;28.0;50.4;57.0;0;0;0;0;16497.26;11280.08;5217.18;32443.053
2026-08-10T17:01:52.783861+02:00;standby;29.8;29.2;5.0;28.0;50.5;57.0;0;0;0;0;16497.26;11280.08;5217.18;32443.053
2026-08-10T17:02:53.195367+02:00;standby;29.8;29.2;5.0;28.0;50.4;57.0;0;0;0;0;16497.26;11280.08;5217.18;32443.053
2026-08-10T17:03:53.777583+02:00;standby;29.8;29.2;5.0;28.0;50.4;57.0;0;0;0;0;16497.26;11280.08;5217.18;32443.053
2026-08-10T17:04:54.230788+02:00;standby;29.8;29.2;5.0;28.0;50.4;57.0;0;0;0;0;16497.26;11280.08;5217.18;32443.053
2026-08-10T17:05:54.648253+02:00;standby;29.8;29.0;5.0;28.0;50.4;57.0;0;0;0;0;16497.26;11280.08;5217.18;32443.053
2026-08-10T17:06:55.120401+02:00;standby;29.8;29.2;5.0;28.0;50.3;57.0;0;0;0;0;16497.26;11280.08;5217.18;32443.053
2026-08-10T17:07:55.623190+02:00;standby;29.8;29.0;5.0;28.0;50.3;57.0;0;0;0;0;16497.26;11280.08;5217.18;32443.053
2026-08-10T17:08:56.160485+02:00;standby;29.8;29.0;5.0;28.0;50.3;57.0;0;0;0;0;16497.26;11280.08;5217.18;32443.053
2026-08-10T17:09:56.656866+02:00;standby;29.8;29.0;5.0;28.0;50.3;57.0;0;0;0;0;16497.26;11280.08;5217.18;32443.053
2026-08-10T17:10:57.135504+02:00;standby;29.8;29.2;5.0;28.0;50.3;57.0;0;0;0;0;16497.26;11280.08;5217.18;32443.053
2026-08-10T17:11:57.595769+02:00;standby;29.8;29.0;5.0;28.0;50.3;57.0;0;0;0;0;16497.26;11280.08;5217.18;32443.053
2026-08-10T17:12:58.010979+02:00;standby;29.8;29.0;5.0;28.0;50.2;57.0;0;0;0;0;16497.26;11280.08;5217.18;32443.053
2026-08-10T17:13:58.451402+02:00;standby;29.8;29.0;5.0;28.0;50.2;57.0;0;0;0;0;16497.26;11280.08;5217.18;32443.053
2026-08-10T17:14:58.974386+02:00;standby;29.8;29.0;5.0;28.0;50.2;57.0;0;0;0;0;16497.26;11280.08;5217.18;32443.053
2026-08-10T17:15:59.460622+02:00;standby;29.8;29.0;5.0;28.0;50.2;57.0;0;0;0;0;16497.26;11280.08;5217.18;32443.053
2026-08-10T17:16:59.915834+02:00;standby;29.8;29.0;5.0;28.0;50.2;57.0;0;0;0;0;16497.26;11280.08;5217.18;32443.053
2026-08-10T17:18:00.448408+02:00;standby;29.8;29.0;5.0;28.0;50.2;57.0;0;0;0;0;16497.26;11280.08;5217.18;32443.053
2026-08-10T17:19:00.922813+02:00;standby;29.8;29.0;5.0;28.0;50.2;57.0;0;0;0;0;16497.26;11280.08;5217.18;32443.053
2026-08-10T17:20:01.956211+02:00;standby;29.8;29.0;5.0;28.0;50.2;57.0;0;0;0;0;16497.26;11280.08;5217.18;32443.053
2026-08-10T17:21:02.804908+02:00;standby;29.8;29.0;5.0;28.0;50.2;57.0;0;0;0;0;16497.26;11280.08;5217.18;32443.053
2026-08-10T17:22:03.610558+02:00;standby;29.8;29.0;5.0;28.0;50.2;57.0;0;0;0;0;16497.26;11280.08;5217.18;32443.053
2026-08-10T17:23:04.124591+02:00;standby;29.8;29.0;5.0;28.0;50.2;57.0;0;0;0;0;16497.26;11280.08;5217.18;32443.053
2026-08-10T17:24:04.771590+02:00;standby;29.8;29.0;5.0;28.0;50.2;57.0;0;0;0;0;16497.26;11280.08;5217.18;32443.053
2026-08-10T17:25:05.242338+02:00;standby;29.8;29.0;5.0;28.0;50.1;57.0;0;0;0;0;16497.26;11280.08;5217.18;32443.053
2026-08-10T17:26:05.689056+02:00;standby;29.8;29.0;5.0;28.0;50.1;57.0;0;0;0;0;16497.26;11280.08;5217.18;32443.053
2026-08-10T17:27:06.201776+02:00;standby;29.8;29.0;5.0;28.0;50.1;57.0;0;0;0;0;16497.26;11280.08;5217.18;32443.053
2026-08-10T17:28:06.742327+02:00;standby;29.8;29.0;5.0;28.0;50.1;57.0;0;0;0;0;16497.26;11280.08;5217.18;32443.053
2026-08-10T17:29:07.656144+02:00;standby;29.8;29.0;5.0;28.0;50.1;57.0;0;0;0;0;16497.26;11280.08;5217.18;32443.053
2026-08-10T17:30:08.092881+02:00;standby;29.8;29.0;5.0;28.0;50.0;57.0;0;0;0;0;16497.26;11280.08;5217.18;32443.053
2026-08-10T17:31:08.587327+02:00;standby;29.8;29.0;5.0;28.0;50.0;57.0;0;0;0;0;16497.26;11280.08;5217.18;32443.053
2026-08-10T17:32:09.183830+02:00;standby;29.8;29.0;5.0;28.0;50.0;57.0;0;0;0;0;16497.26;11280.08;5217.18;32443.053
2026-08-10T17:33:09.724824+02:00;standby;29.8;29.0;5.0;28.0;50.0;57.0;0;0;0;0;16497.26;11280.08;5217.18;32443.053
2026-08-10T17:34:10.389173+02:00;standby;29.8;29.0;5.0;28.0;50.0;57.0;0;0;0;0;16497.26;11280.08;5217.18;32443.053
2026-08-10T17:35:10.874877+02:00;standby;29.8;29.0;5.0;28.0;50.0;57.0;0;0;0;0;16497.26;11280.08;5217.18;32443.053
2026-08-10T17:36:11.360328+02:00;standby;29.8;29.0;5.0;28.0;50.0;57.0;0;0;0;0;16497.26;11280.08;5217.18;32443.053
2026-08-10T17:37:11.847270+02:00;standby;29.8;29.0;5.0;28.0;50.0;57.0;0;0;0;0;16497.26;11280.08;5217.18;32443.053
2026-08-10T17:38:12.455577+02:00;standby;29.8;29.0;5.0;28.0;50.0;57.0;0;0;0;0;16497.26;11280.08;5217.18;32443.053
2026-08-10T17:39:12.950185+02:00;standby;29.8;29.0;5.0;28.0;50.0;57.0;0;0;0;0;16497.26;11280.08;5217.18;32443.053
2026-08-10T17:40:13.499113+02:00;standby;29.8;29.0;5.0;28.0;50.0;57.0;0;0;0;0;16497.26;11280.08;5217.18;32443.053
2026-08-10T17:41:13.958557+02:00;standby;29.8;29.0;5.0;28.0;50.0;57.0;0;0;0;0;16497.26;11280.08;5217.18;32443.053
2026-08-10T17:42:14.434176+02:00;standby;29.8;29.0;5.0;28.0;49.9;57.0;0;0;0;0;16497.26;11280.08;5217.18;32443.053
2026-08-10T17:43:14.926505+02:00;standby;29.8;29.0;5.0;28.0;49.9;57.0;0;0;0;0;16497.26;11280.08;5217.18;32443.053
2026-08-10T17:44:15.459950+02:00;standby;29.8;29.0;5.0;28.0;49.9;57.0;0;0;0;0;16497.26;11280.08;5217.18;32443.053
2026-08-10T17:45:15.963462+02:00;standby;29.8;29.0;5.0;28.0;49.9;57.0;0;0;0;0;16497.26;11280.08;5217.18;32443.053
2026-08-10T17:46:16.404208+02:00;standby;29.8;29.0;5.0;28.0;49.9;57.0;0;0;0;0;16497.26;11280.08;5217.18;32443.053
2026-08-10T17:47:16.896608+02:00;standby;29.8;29.0;5.0;28.0;49.9;57.0;0;0;0;0;16497.26;11280.08;5217.18;32443.053
2026-08-10T17:48:17.331591+02:00;standby;29.8;29.0;5.0;28.0;49.9;57.0;0;0;0;0;16497.26;11280.08;5217.18;32443.053
2026-08-10T17:49:17.854500+02:00;standby;29.8;29.0;5.0;28.0;49.9;57.0;0;0;0;0;16497.26;11280.08;5217.18;32443.053
2026-08-10T17:50:18.413792+02:00;standby;29.8;29.0;5.0;28.0;49.9;57.0;0;0;0;0;16497.26;11280.08;5217.18;32443.053
2026-08-10T17:51:18.885927+02:00;standby;29.8;29.0;5.0;28.0;49.9;57.0;0;0;0;0;16497.26;11280.08;5217.18;32443.053
2026-08-10T17:52:19.426845+02:00;standby;29.8;29.0;5.0;28.0;49.9;57.0;0;0;0;0;16497.26;11280.08;5217.18;32443.053
2026-08-10T17:53:19.905701+02:00;standby;29.8;29.0;5.0;28.0;49.8;57.0;0;0;0;0;16497.26;11280.08;5217.18;32443.053
2026-08-10T17:54:20.326384+02:00;standby;29.8;29.0;5.0;28.0;49.8;57.0;0;0;0;0;16497.26;11280.08;5217.18;32443.053
2026-08-10T17:55:20.860440+02:00;standby;29.9;29.0;5.0;28.0;49.8;57.0;0;0;0;0;16497.26;11280.08;5217.18;32443.053
2026-08-10T17:56:21.400455+02:00;standby;29.9;29.0;5.0;28.0;49.8;57.0;0;0;0;0;16497.26;11280.08;5217.18;32443.053
2026-08-10T17:57:22.120056+02:00;standby;29.9;29.0;5.0;28.0;49.8;57.0;0;0;0;0;16497.26;11280.08;5217.18;32443.053
2026-08-10T17:58:22.727434+02:00;standby;29.9;29.0;5.0;28.0;49.8;57.0;0;0;0;0;16497.26;11280.08;5217.18;32443.053
2026-08-10T17:59:23.246996+02:00;standby;29.9;29.0;5.0;28.0;49.8;57.0;0;0;0;0;16497.26;11280.08;5217.18;32443.053
2026-08-10T18:00:23.746221+02:00;standby;29.9;29.0;5.0;28.0;49.8;57.0;0;0;0;0;16497.26;11280.08;5217.18;32443.053
2026-08-10T18:01:24.998772+02:00;standby;29.9;29.0;5.0;28.0;49.8;57.0;0;0;0;0;16497.26;11280.08;5217.18;32443.053
2026-08-10T18:02:25.523029+02:00;standby;29.9;29.0;5.0;28.0;49.8;57.0;0;0;0;0;16497.26;11280.08;5217.18;32443.053
2026-08-10T18:03:26.044385+02:00;standby;29.9;29.0;5.0;28.0;49.8;57.0;0;0;0;0;16497.26;11280.08;5217.18;32443.053
2026-08-10T18:04:26.561474+02:00;standby;29.9;29.0;5.0;28.0;49.8;57.0;0;0;0;0;16497.26;11280.08;5217.18;32443.053
2026-08-10T18:05:27.401475+02:00;standby;29.9;29.0;5.0;28.0;49.7;57.0;0;0;0;0;16497.26;11280.08;5217.18;32443.053
2026-08-10T18:06:27.905560+02:00;standby;29.9;28.9;5.0;28.0;49.7;57.0;0;0;0;0;16497.26;11280.08;5217.18;32443.053
2026-08-10T18:07:28.442238+02:00;standby;29.9;29.0;5.0;28.0;49.7;57.0;0;0;0;0;16497.26;11280.08;5217.18;32443.053
2026-08-10T18:08:29.168585+02:00;standby;29.9;28.9;5.0;28.0;49.7;57.0;0;0;0;0;16497.26;11280.08;5217.18;32443.053
2026-08-10T18:09:29.681339+02:00;standby;29.9;29.0;5.0;28.0;49.7;57.0;0;0;0;0;16497.26;11280.08;5217.18;32443.053
2026-08-10T18:10:30.231394+02:00;standby;29.9;28.9;5.0;28.0;49.7;57.0;0;0;0;0;16497.26;11280.08;5217.18;32443.053
2026-08-10T18:11:30.788609+02:00;standby;29.9;28.9;5.0;28.0;49.7;57.0;0;0;0;0;16497.26;11280.08;5217.18;32443.053
2026-08-10T18:12:31.378306+02:00;standby;29.9;28.9;5.0;28.0;49.7;57.0;0;0;0;0;16497.26;11280.08;5217.18;32443.053
2026-08-10T18:13:32.782764+02:00;standby;29.9;28.9;5.0;28.0;49.7;57.0;0;0;0;0;16497.26;11280.08;5217.18;32443.053
2026-08-10T18:14:33.268661+02:00;standby;29.9;28.9;5.0;28.0;49.7;57.0;0;0;0;0;16497.26;11280.08;5217.18;32443.053
2026-08-10T18:15:33.799866+02:00;standby;29.9;28.9;5.0;28.0;49.7;57.0;0;0;0;0;16497.26;11280.08;5217.18;32443.053
2026-08-10T18:16:34.275434+02:00;standby;29.9;28.9;5.0;28.0;49.7;57.0;0;0;0;0;16497.26;11280.08;5217.18;32443.053
2026-08-10T18:17:34.740332+02:00;standby;29.9;28.9;5.0;28.0;49.6;57.0;0;0;0;0;16497.26;11280.08;5217.18;32443.053
2026-08-10T18:18:35.261183+02:00;standby;29.9;28.9;5.0;28.0;49.6;57.0;0;0;0;0;16497.26;11280.08;5217.18;32443.053
2026-08-10T18:19:35.831747+02:00;standby;29.9;28.9;5.0;28.0;49.6;57.0;0;0;0;0;16497.26;11280.08;5217.18;32443.053
2026-08-10T18:20:36.301072+02:00;standby;29.9;28.9;5.0;28.0;49.6;57.0;0;0;0;0;16497.26;11280.08;5217.18;32443.053
2026-08-10T18:21:36.829047+02:00;standby;29.9;28.9;5.0;28.0;49.6;57.0;0;0;0;0;16497.26;11280.08;5217.18;32443.053
2026-08-10T18:22:37.342146+02:00;standby;29.9;28.9;5.0;28.0;49.6;57.0;0;0;0;0;16497.26;11280.08;5217.18;32443.053
2026-08-10T18:23:38.113315+02:00;standby;29.9;28.9;5.0;28.0;49.6;57.0;0;0;0;0;16497.26;11280.08;5217.18;32443.053
2026-08-10T18:24:38.578654+02:00;standby;29.9;28.9;5.0;28.0;49.6;57.0;0;0;0;0;16497.26;11280.08;5217.18;32443.053
2026-08-10T18:25:39.098662+02:00;standby;29.9;28.9;5.0;28.0;49.6;57.0;0;0;0;0;16497.26;11280.08;5217.18;32443.053
2026-08-10T18:26:39.671911+02:00;standby;29.9;28.9;5.0;28.0;49.6;57.0;0;0;0;0;16497.26;11280.08;5217.18;32443.053
2026-08-10T18:27:40.137003+02:00;standby;29.9;28.9;5.0;28.0;49.6;57.0;0;0;0;0;16497.26;11280.08;5217.18;32443.053
2026-08-10T18:28:40.655337+02:00;standby;29.9;28.9;5.0;28.0;49.5;57.0;0;0;0;0;16497.26;11280.08;5217.18;32443.053
2026-08-10T18:29:41.177224+02:00;standby;29.9;28.9;5.0;28.0;49.5;57.0;0;0;0;0;16497.26;11280.08;5217.18;32443.053
2026-08-10T18:30:41.698936+02:00;standby;29.9;28.9;5.0;28.0;49.5;57.0;0;0;0;0;16497.26;11280.08;5217.18;32443.053
2026-08-10T18:31:42.218594+02:00;standby;29.9;28.9;5.0;28.0;49.5;57.0;0;0;0;0;16497.26;11280.08;5217.18;32443.053
2026-08-10T18:32:42.807410+02:00;standby;29.9;28.9;5.0;28.0;49.5;57.0;0;0;0;0;16497.26;11280.08;5217.18;32443.053
2026-08-10T18:33:43.256539+02:00;standby;29.9;28.9;5.0;28.0;49.5;57.0;0;0;0;0;16497.26;11280.08;5217.18;32443.053
2026-08-10T18:34:43.742146+02:00;standby;29.9;28.9;5.0;28.0;49.5;57.0;0;0;0;0;16497.26;11280.08;5217.18;32443.053
2026-08-10T18:35:44.161210+02:00;standby;29.9;28.9;5.0;28.0;49.5;57.0;0;0;0;0;16497.26;11280.08;5217.18;32443.053
2026-08-10T18:36:44.606869+02:00;standby;29.9;28.9;5.0;28.0;49.5;57.0;0;0;0;0;16497.26;11280.08;5217.18;32443.053
2026-08-10T18:37:45.076544+02:00;standby;29.9;28.9;5.0;28.0;49.5;57.0;0;0;0;0;16497.26;11280.08;5217.18;32443.053
2026-08-10T18:38:45.514373+02:00;standby;29.9;28.9;5.0;28.0;49.5;57.0;0;0;0;0;16497.26;11280.08;5217.18;32443.053
2026-08-10T18:39:45.969706+02:00;standby;29.9;28.9;5.0;28.0;49.4;57.0;0;0;0;0;16497.26;11280.08;5217.18;32443.053
2026-08-10T18:40:46.534714+02:00;standby;29.9;28.9;5.0;28.0;49.3;57.0;0;0;0;0;16497.26;11280.08;5217.18;32443.053
2026-08-10T18:41:47.243797+02:00;standby;29.9;28.9;5.0;28.0;49.2;57.0;0;0;0;0;16497.26;11280.08;5217.18;32443.053
2026-08-10T18:42:47.695735+02:00;standby;29.9;28.9;5.0;28.0;49.2;57.0;0;0;0;0;16497.26;11280.08;5217.18;32443.053
2026-08-10T18:43:48.159076+02:00;standby;29.9;28.9;5.0;28.0;49.2;57.0;0;0;0;0;16497.26;11280.08;5217.18;32443.053
2026-08-10T18:44:48.676038+02:00;standby;29.9;28.9;5.0;28.0;49.2;57.0;0;0;0;0;16497.26;11280.08;5217.18;32443.053
2026-08-10T18:45:49.437551+02:00;standby;29.9;28.9;5.0;28.0;49.2;57.0;0;0;0;0;16497.26;11280.08;5217.18;32443.053
2026-08-10T18:46:49.906707+02:00;standby;29.9;28.9;5.0;28.0;49.2;57.0;0;0;0;0;16497.26;11280.08;5217.18;32443.053
2026-08-10T18:47:50.632047+02:00;standby;29.9;28.9;5.0;28.0;49.1;57.0;0;0;0;0;16497.26;11280.08;5217.18;32443.053
2026-08-10T18:48:51.114226+02:00;standby;29.9;28.9;5.0;28.0;49.1;57.0;0;0;0;0;16497.26;11280.08;5217.18;32443.053
2026-08-10T18:49:51.564695+02:00;standby;29.9;28.9;5.0;28.0;49.1;57.0;0;0;0;0;16497.26;11280.08;5217.18;32443.053
2026-08-10T18:50:52.049887+02:00;standby;29.9;28.9;5.0;28.0;49.1;57.0;0;0;0;0;16497.26;11280.08;5217.18;32443.053
2026-08-10T18:51:52.517996+02:00;standby;29.9;28.9;5.0;28.0;49.1;57.0;0;0;0;0;16497.26;11280.08;5217.18;32443.053
2026-08-10T18:52:53.024520+02:00;standby;29.9;28.9;5.0;28.0;49.1;57.0;0;0;0;0;16497.26;11280.08;5217.18;32443.053
2026-08-10T18:53:53.508857+02:00;standby;29.9;28.9;5.0;28.0;49.1;57.0;0;0;0;0;16497.26;11280.08;5217.18;32443.053
2026-08-10T18:54:53.924879+02:00;standby;29.9;28.9;5.0;28.0;49.1;57.0;0;0;0;0;16497.26;11280.08;5217.18;32443.053
2026-08-10T18:55:54.749300+02:00;standby;29.9;28.9;5.0;28.0;49.1;57.0;0;0;0;0;16497.26;11280.08;5217.18;32443.053
2026-08-10T18:56:55.166024+02:00;standby;29.9;28.9;5.0;28.0;49.0;57.0;0;0;0;0;16497.26;11280.08;5217.18;32443.053
2026-08-10T18:57:55.632508+02:00;standby;29.9;28.9;5.0;28.0;49.0;57.0;0;0;0;0;16497.26;11280.08;5217.18;32443.053
2026-08-10T18:58:56.103757+02:00;standby;29.9;28.9;5.0;28.0;49.0;57.0;0;0;0;0;16497.26;11280.08;5217.18;32443.053
2026-08-10T18:59:56.524091+02:00;standby;29.9;28.9;5.0;28.0;49.0;57.0;0;0;0;0;16497.26;11280.08;5217.18;32443.053
2026-08-10T19:00:56.937382+02:00;standby;29.9;28.9;5.0;28.0;49.0;57.0;0;0;0;0;16497.26;11280.08;5217.18;32443.053
2026-08-10T19:01:57.430906+02:00;standby;29.9;28.9;5.0;28.0;49.0;57.0;0;0;0;0;16497.26;11280.08;5217.18;32443.053
2026-08-10T19:02:57.909338+02:00;standby;29.9;28.9;5.0;28.0;49.0;57.0;0;0;0;0;16497.26;11280.08;5217.18;32443.053
2026-08-10T19:03:58.336750+02:00;standby;29.9;28.9;5.0;28.0;49.0;57.0;0;0;0;0;16497.26;11280.08;5217.18;32443.053
2026-08-10T19:04:58.783031+02:00;standby;29.9;28.9;5.0;28.0;49.0;57.0;0;0;0;0;16497.26;11280.08;5217.18;32443.053
2026-08-10T19:05:59.272590+02:00;standby;29.9;28.9;5.0;28.0;49.0;57.0;0;0;0;0;16497.26;11280.08;5217.18;32443.053
2026-08-10T19:06:59.747827+02:00;standby;29.9;28.9;5.0;28.0;49.0;57.0;0;0;0;0;16497.26;11280.08;5217.18;32443.053
2026-08-10T19:08:00.614372+02:00;standby;29.9;28.9;5.0;28.0;49.0;57.0;0;0;0;0;16497.26;11280.08;5217.18;32443.053
2026-08-10T19:09:01.091854+02:00;standby;29.9;28.9;5.0;28.0;48.9;57.0;0;0;0;0;16497.26;11280.08;5217.18;32443.053
2026-08-10T19:10:01.926740+02:00;standby;29.9;28.9;5.0;28.0;48.9;57.0;0;0;0;0;16497.26;11280.08;5217.18;32443.053
2026-08-10T19:11:02.336848+02:00;standby;29.9;28.7;5.0;28.0;48.9;57.0;0;0;0;0;16497.26;11280.08;5217.18;32443.053
2026-08-10T19:12:02.754525+02:00;standby;29.9;28.9;5.0;28.0;48.9;57.0;0;0;0;0;16497.26;11280.08;5217.18;32443.053
2026-08-10T19:13:03.718163+02:00;standby;29.9;28.7;5.0;28.0;48.9;57.0;0;0;0;0;16497.26;11280.08;5217.18;32443.053
2026-08-10T19:14:04.202804+02:00;standby;29.9;28.7;5.0;28.0;48.9;57.0;0;0;0;0;16497.26;11280.08;5217.18;32443.053
2026-08-10T19:15:04.702978+02:00;standby;29.9;28.9;5.0;28.0;48.9;57.0;0;0;0;0;16497.26;11280.08;5217.18;32443.053
2026-08-10T19:16:05.176141+02:00;standby;29.9;28.7;5.0;28.0;48.9;57.0;0;0;0;0;16497.26;11280.08;5217.18;32443.053
2026-08-10T19:17:05.843357+02:00;standby;29.9;28.7;5.0;28.0;48.9;57.0;0;0;0;0;16497.26;11280.08;5217.18;32443.053
2026-08-10T19:18:06.351474+02:00;standby;29.9;28.9;5.0;28.0;48.9;57.0;0;0;0;0;16497.26;11280.08;5217.18;32443.053
2026-08-10T19:19:07.071818+02:00;standby;29.9;28.9;5.0;28.0;48.9;57.0;0;0;0;0;16497.26;11280.08;5217.18;32443.053
2026-08-10T19:20:07.764926+02:00;standby;29.9;28.7;5.0;28.0;48.9;57.0;0;0;0;0;16497.26;11280.08;5217.18;32443.053
2026-08-10T19:21:08.502982+02:00;standby;29.9;28.7;5.0;28.0;48.8;57.0;0;0;0;0;16497.26;11280.08;5217.18;32443.053
2026-08-10T19:22:09.071918+02:00;standby;29.9;28.7;5.0;28.0;48.8;57.0;0;0;0;0;16497.26;11280.08;5217.18;32443.053
2026-08-10T19:23:09.648798+02:00;standby;29.9;28.7;5.0;28.0;48.8;57.0;0;0;0;0;16497.26;11280.08;5217.18;32443.053
2026-08-10T19:24:10.561520+02:00;standby;29.9;28.7;5.0;28.0;48.8;57.0;0;0;0;0;16497.26;11280.08;5217.18;32443.053
2026-08-10T19:25:10.984663+02:00;standby;29.9;28.7;5.0;28.0;48.8;57.0;0;0;0;0;16497.26;11280.08;5217.18;32443.053
2026-08-10T19:26:11.524360+02:00;standby;29.9;28.7;5.0;28.0;48.8;57.0;0;0;0;0;16497.26;11280.08;5217.18;32443.053
2026-08-10T19:27:11.972602+02:00;standby;29.9;28.7;5.0;28.0;48.7;57.0;0;0;0;0;16497.26;11280.08;5217.18;32443.053
2026-08-10T19:28:12.909708+02:00;standby;29.9;28.7;5.0;28.0;48.7;57.0;0;0;0;0;16497.26;11280.08;5217.18;32443.053
2026-08-10T19:29:13.386850+02:00;standby;29.9;28.7;5.0;28.0;48.7;57.0;0;0;0;0;16497.26;11280.08;5217.18;32443.053
2026-08-10T19:30:13.898813+02:00;standby;29.9;28.7;5.0;28.0;48.7;57.0;0;0;0;0;16497.26;11280.08;5217.18;32443.053
2026-08-10T19:31:14.442343+02:00;standby;29.9;28.7;5.0;28.0;48.7;57.0;0;0;0;0;16497.26;11280.08;5217.18;32443.053
2026-08-10T19:32:14.877824+02:00;standby;29.9;28.7;5.0;28.0;48.7;57.0;0;0;0;0;16497.26;11280.08;5217.18;32443.053
2026-08-10T19:33:15.297369+02:00;standby;29.9;28.7;5.0;28.0;48.7;57.0;0;0;0;0;16497.26;11280.08;5217.18;32443.053
2026-08-10T19:34:15.753652+02:00;standby;29.9;28.7;5.0;28.0;48.7;57.0;0;0;0;0;16497.26;11280.08;5217.18;32443.053
2026-08-10T19:35:16.705694+02:00;standby;29.9;28.7;5.0;28.0;48.7;57.0;0;0;0;0;16497.26;11280.08;5217.18;32443.053
2026-08-10T19:36:17.162383+02:00;standby;29.9;28.7;5.0;28.0;48.7;57.0;0;0;0;0;16497.26;11280.08;5217.18;32443.053
2026-08-10T19:37:17.954173+02:00;standby;29.9;28.7;5.0;28.0;48.7;57.0;0;0;0;0;16497.26;11280.08;5217.18;32443.053
2026-08-10T19:38:18.404353+02:00;standby;29.9;28.7;5.0;28.0;48.7;57.0;0;0;0;0;16497.26;11280.08;5217.18;32443.053
2026-08-10T19:39:18.826209+02:00;standby;29.9;28.7;5.0;28.0;48.6;57.0;0;0;0;0;16497.26;11280.08;5217.18;32443.053
2026-08-10T19:40:19.283473+02:00;standby;29.9;28.7;5.0;28.0;48.6;57.0;0;0;0;0;16497.26;11280.08;5217.18;32443.053
2026-08-10T19:41:19.909802+02:00;standby;29.9;28.7;5.0;28.0;48.6;57.0;0;0;0;0;16497.26;11280.08;5217.18;32443.053
2026-08-10T19:42:20.587881+02:00;standby;29.9;28.7;5.0;28.0;48.6;57.0;0;0;0;0;16497.26;11280.08;5217.18;32443.053
2026-08-10T19:43:21.004311+02:00;standby;29.9;28.7;5.0;28.0;48.6;57.0;0;0;0;0;16497.26;11280.08;5217.18;32443.053
2026-08-10T19:44:21.422784+02:00;standby;29.9;28.7;5.0;28.0;48.6;57.0;0;0;0;0;16497.26;11280.08;5217.18;32443.053
2026-08-10T19:45:21.840917+02:00;standby;29.9;28.7;5.0;28.0;48.6;57.0;0;0;0;0;16497.26;11280.08;5217.18;32443.053
2026-08-10T19:46:22.355951+02:00;standby;29.9;28.7;5.0;28.0;48.6;57.0;0;0;0;0;16497.26;11280.08;5217.18;32443.053
2026-08-10T19:47:22.769425+02:00;standby;29.9;28.7;5.0;28.0;48.6;57.0;0;0;0;0;16497.26;11280.08;5217.18;32443.053
2026-08-10T19:48:23.192581+02:00;standby;29.9;28.7;5.0;28.0;48.6;57.0;0;0;0;0;16497.26;11280.08;5217.18;32443.053
2026-08-10T19:49:23.806754+02:00;standby;29.9;28.7;5.0;28.0;48.6;57.0;0;0;0;0;16497.26;11280.08;5217.18;32443.053
2026-08-10T19:50:24.284361+02:00;standby;29.9;28.7;5.0;28.0;48.6;57.0;0;0;0;0;16497.26;11280.08;5217.18;32443.053
2026-08-10T19:51:24.745965+02:00;standby;29.9;28.7;5.0;28.0;48.5;57.0;0;0;0;0;16497.26;11280.08;5217.18;32443.053
2026-08-10T19:52:25.166162+02:00;standby;29.9;28.7;5.0;28.0;48.5;57.0;0;0;0;0;16497.26;11280.08;5217.18;32443.053
2026-08-10T19:53:25.577297+02:00;standby;29.9;28.7;5.0;28.0;48.5;57.0;0;0;0;0;16497.26;11280.08;5217.18;32443.053
2026-08-10T19:54:26.581740+02:00;standby;29.9;28.7;5.0;28.0;48.5;57.0;0;0;0;0;16497.26;11280.08;5217.18;32443.053
2026-08-10T19:55:27.029563+02:00;standby;29.9;28.7;5.0;28.0;48.5;57.0;0;0;0;0;16497.26;11280.08;5217.18;32443.053
2026-08-10T19:56:27.995868+02:00;standby;29.1;28.7;5.0;28.0;48.5;57.0;0;0;0;0;16497.26;11280.08;5217.18;32443.053
2026-08-10T19:57:28.481714+02:00;standby;29.1;28.7;5.0;28.0;48.5;57.0;0;0;0;0;16497.26;11280.08;5217.18;32443.053
2026-08-10T19:58:29.064662+02:00;standby;29.1;28.7;5.0;28.0;48.5;57.0;0;0;0;0;16497.26;11280.08;5217.18;32443.053
2026-08-10T19:59:29.580356+02:00;standby;29.1;28.7;5.0;28.0;48.5;57.0;0;0;0;0;16497.26;11280.08;5217.18;32443.053
2026-08-10T20:00:30.071490+02:00;standby;29.1;28.7;5.0;28.0;48.5;57.0;0;0;0;0;16497.26;11280.08;5217.18;32443.053
2026-08-10T20:01:30.759615+02:00;standby;29.1;28.7;5.0;28.0;48.5;57.0;0;0;0;0;16497.26;11280.08;5217.18;32443.053
2026-08-10T20:02:31.177365+02:00;standby;29.1;28.7;5.0;28.0;48.5;57.0;0;0;0;0;16497.26;11280.08;5217.18;32443.053
2026-08-10T20:03:31.634113+02:00;standby;29.1;28.7;5.0;28.0;48.4;57.0;0;0;0;0;16497.26;11280.08;5217.18;32443.053
2026-08-10T20:04:32.114910+02:00;standby;29.1;28.7;5.0;28.0;48.4;57.0;0;0;0;0;16497.26;11280.08;5217.18;32443.053
2026-08-10T20:05:32.532613+02:00;standby;29.1;28.7;5.0;28.0;48.4;57.0;0;0;0;0;16497.26;11280.08;5217.18;32443.053
2026-08-10T20:06:33.082752+02:00;standby;29.1;28.7;5.0;28.0;48.4;57.0;0;0;0;0;16497.26;11280.08;5217.18;32443.053
2026-08-10T20:07:33.569769+02:00;standby;29.1;28.7;5.0;28.0;48.4;57.0;0;0;0;0;16497.26;11280.08;5217.18;32443.053
2026-08-10T20:08:34.353826+02:00;standby;29.1;28.7;5.0;28.0;48.2;57.0;0;0;0;0;16497.26;11280.08;5217.18;32443.053
2026-08-10T20:09:34.846630+02:00;standby;29.1;28.7;5.0;28.0;48.1;57.0;0;0;0;0;16497.26;11280.08;5217.18;32443.053
2026-08-10T20:10:35.393661+02:00;standby;29.1;28.7;5.0;28.0;48.0;57.0;0;0;0;0;16497.26;11280.08;5217.18;32443.053
2026-08-10T20:11:35.885388+02:00;standby;29.1;28.7;5.0;28.0;47.8;57.0;0;0;0;0;16497.26;11280.08;5217.18;32443.053
2026-08-10T20:12:36.373064+02:00;standby;29.1;28.7;5.0;28.0;47.8;57.0;0;0;0;0;16497.26;11280.08;5217.18;32443.053
2026-08-10T20:13:36.991898+02:00;standby;29.1;28.7;5.0;28.0;47.8;57.0;0;0;0;0;16497.26;11280.08;5217.18;32443.053
2026-08-10T20:14:37.493036+02:00;standby;29.1;28.7;5.0;28.0;47.8;57.0;0;0;0;0;16497.26;11280.08;5217.18;32443.053
2026-08-10T20:15:38.000559+02:00;standby;29.1;28.7;5.0;28.0;47.8;57.0;0;0;0;0;16497.26;11280.08;5217.18;32443.053
2026-08-10T20:16:38.495648+02:00;standby;29.1;28.7;5.0;28.0;47.8;57.0;0;0;0;0;16497.26;11280.08;5217.18;32443.053
2026-08-10T20:17:39.016872+02:00;standby;29.1;28.7;5.0;28.0;47.7;57.0;0;0;0;0;16497.26;11280.08;5217.18;32443.053
2026-08-10T20:18:39.539224+02:00;standby;29.1;28.7;5.0;28.0;47.7;57.0;0;0;0;0;16497.26;11280.08;5217.18;32443.053
2026-08-10T20:19:40.009214+02:00;standby;29.1;28.7;5.0;28.0;47.7;57.0;0;0;0;0;16497.26;11280.08;5217.18;32443.053
2026-08-10T20:20:40.461106+02:00;standby;29.1;28.7;5.0;28.0;47.7;57.0;0;0;0;0;16497.26;11280.08;5217.18;32443.053
2026-08-10T20:21:41.082197+02:00;standby;29.1;28.7;5.0;28.0;47.7;57.0;0;0;0;0;16497.26;11280.08;5217.18;32443.053
2026-08-10T20:22:41.544620+02:00;standby;29.1;28.7;5.0;28.0;47.7;57.0;0;0;0;0;16497.26;11280.08;5217.18;32443.053
2026-08-10T20:23:41.977630+02:00;standby;29.1;28.7;5.0;28.0;47.7;57.0;0;0;0;0;16497.26;11280.08;5217.18;32443.053
2026-08-10T20:24:42.533232+02:00;standby;29.1;28.7;5.0;28.0;47.7;57.0;0;0;0;0;16497.26;11280.08;5217.18;32443.053
2026-08-10T20:25:43.022527+02:00;standby;29.1;28.7;5.0;28.0;47.7;57.0;0;0;0;0;16497.26;11280.08;5217.18;32443.053
2026-08-10T20:26:43.591536+02:00;standby;29.1;28.7;5.0;28.0;47.7;57.0;0;0;0;0;16497.26;11280.08;5217.18;32443.053
2026-08-10T20:27:44.434058+02:00;standby;29.1;28.7;5.0;28.0;47.7;57.0;0;0;0;0;16497.26;11280.08;5217.18;32443.053
2026-08-10T20:28:45.325642+02:00;standby;29.1;28.7;5.0;28.0;47.7;57.0;0;0;0;0;16497.26;11280.08;5217.18;32443.053
2026-08-10T20:29:45.992770+02:00;standby;29.1;28.7;5.0;28.0;47.6;57.0;0;0;0;0;16497.26;11280.08;5217.18;32443.053
2026-08-10T20:30:46.518566+02:00;standby;29.1;28.7;5.0;28.0;47.6;57.0;0;0;0;0;16497.26;11280.08;5217.18;32443.053
2026-08-10T20:31:46.955579+02:00;standby;29.1;28.7;5.0;28.0;47.6;57.0;0;0;0;0;16497.26;11280.08;5217.18;32443.053
2026-08-10T20:32:47.570165+02:00;standby;29.1;28.7;5.0;28.0;47.6;57.0;0;0;0;0;16497.26;11280.08;5217.18;32443.053
2026-08-10T20:33:48.089965+02:00;standby;29.1;28.6;5.0;28.0;47.6;57.0;0;0;0;0;16497.26;11280.08;5217.18;32443.053
2026-08-10T20:34:48.595003+02:00;standby;29.1;28.7;5.0;28.0;47.6;57.0;0;0;0;0;16497.26;11280.08;5217.18;32443.053
2026-08-10T20:35:49.275891+02:00;standby;29.1;28.6;5.0;28.0;47.6;57.0;0;0;0;0;16497.26;11280.08;5217.18;32443.053
2026-08-10T20:36:49.898482+02:00;standby;29.1;28.7;5.0;28.0;47.6;57.0;0;0;0;0;16497.26;11280.08;5217.18;32443.053
2026-08-10T20:37:50.628624+02:00;standby;29.1;28.7;5.0;28.0;47.6;57.0;0;0;0;0;16497.26;11280.08;5217.18;32443.053
2026-08-10T20:38:51.095890+02:00;standby;29.1;28.7;5.0;28.0;47.6;57.0;0;0;0;0;16497.26;11280.08;5217.18;32443.053
2026-08-10T20:39:51.580984+02:00;standby;29.1;28.6;5.0;28.0;47.6;57.0;0;0;0;0;16497.26;11280.08;5217.18;32443.053
2026-08-10T20:40:53.657378+02:00;standby;29.1;28.6;5.0;28.0;47.6;57.0;0;0;0;0;16497.26;11280.08;5217.18;32443.053
2026-08-10T20:41:54.112565+02:00;standby;29.1;28.6;5.0;28.0;47.6;57.0;0;0;0;0;16497.26;11280.08;5217.18;32443.053
2026-08-10T20:42:54.615115+02:00;standby;29.1;28.6;5.0;28.0;47.5;57.0;0;0;0;0;16497.26;11280.08;5217.18;32443.053
2026-08-10T20:43:55.331047+02:00;standby;29.1;28.6;5.0;28.0;47.5;57.0;0;0;0;0;16497.26;11280.08;5217.18;32443.053
2026-08-10T20:44:55.794529+02:00;standby;29.1;28.6;5.0;28.0;47.5;57.0;0;0;0;0;16497.26;11280.08;5217.18;32443.053
2026-08-10T20:45:56.310561+02:00;standby;29.1;28.6;5.0;28.0;47.5;57.0;0;0;0;0;16497.26;11280.08;5217.18;32443.053
2026-08-10T20:46:56.727657+02:00;standby;29.1;28.6;5.0;28.0;47.5;57.0;0;0;0;0;16497.26;11280.08;5217.18;32443.053
2026-08-10T20:47:57.203177+02:00;standby;29.1;28.6;5.0;28.0;47.5;57.0;0;0;0;0;16497.26;11280.08;5217.18;32443.053
2026-08-10T20:48:57.833860+02:00;standby;29.1;28.6;5.0;28.0;47.5;57.0;0;0;0;0;16497.26;11280.08;5217.18;32443.053
2026-08-10T20:49:58.242200+02:00;standby;29.1;28.7;5.0;28.0;47.5;57.0;0;0;0;0;16497.26;11280.08;5217.18;32443.053
2026-08-10T20:50:59.279816+02:00;standby;29.1;28.6;5.0;28.0;47.5;57.0;0;0;0;0;16497.26;11280.08;5217.18;32443.053
2026-08-10T20:51:59.713044+02:00;standby;29.1;28.6;5.0;28.0;47.5;57.0;0;0;0;0;16497.26;11280.08;5217.18;32443.053
2026-08-10T20:53:00.417005+02:00;standby;29.1;28.6;5.0;28.0;47.5;57.0;0;0;0;0;16497.26;11280.08;5217.18;32443.053
2026-08-10T20:54:00.856246+02:00;standby;29.1;28.6;5.0;28.0;47.5;57.0;0;0;0;0;16497.26;11280.08;5217.18;32443.053
2026-08-10T20:55:01.461145+02:00;standby;29.1;28.6;5.0;28.0;47.5;57.0;0;0;0;0;16497.26;11280.08;5217.18;32443.053
2026-08-10T20:56:01.912036+02:00;standby;29.1;28.6;5.0;28.0;47.5;57.0;0;0;0;0;16497.26;11280.08;5217.18;32443.053
2026-08-10T20:57:02.339807+02:00;standby;28.0;28.6;5.0;28.0;47.4;57.0;0;0;0;0;16497.26;11280.08;5217.18;32443.053
2026-08-10T20:58:03.116081+02:00;standby;28.0;28.6;5.0;28.0;47.4;57.0;0;0;0;0;16497.26;11280.08;5217.18;32443.053
2026-08-10T20:59:03.918129+02:00;standby;28.0;28.6;5.0;28.0;47.4;57.0;0;0;0;0;16497.26;11280.08;5217.18;32443.053
2026-08-10T21:00:04.570166+02:00;standby;28.0;28.6;5.0;28.0;47.4;57.0;0;0;0;0;16497.26;11280.08;5217.18;32443.053
2026-08-10T21:01:04.978991+02:00;standby;28.0;28.6;5.0;28.0;47.4;57.0;0;0;0;0;16497.26;11280.08;5217.18;32443.053
2026-08-10T21:02:05.571920+02:00;standby;28.0;28.6;5.0;28.0;47.4;57.0;0;0;0;0;16497.26;11280.08;5217.18;32443.053
2026-08-10T21:03:06.247690+02:00;standby;28.0;28.6;5.0;28.0;47.4;57.0;0;0;0;0;16497.26;11280.08;5217.18;32443.053
2026-08-10T21:04:06.661572+02:00;standby;28.0;28.6;5.0;28.0;47.4;57.0;0;0;0;0;16497.26;11280.08;5217.18;32443.053
2026-08-10T21:05:07.179978+02:00;standby;28.0;28.6;5.0;28.0;47.4;57.0;0;0;0;0;16497.26;11280.08;5217.18;32443.053
2026-08-10T21:06:07.734769+02:00;standby;28.0;28.6;5.0;28.0;47.4;57.0;0;0;0;0;16497.26;11280.08;5217.18;32443.053
2026-08-10T21:07:08.196212+02:00;standby;28.0;28.6;5.0;28.0;47.4;57.0;0;0;0;0;16497.26;11280.08;5217.18;32443.053
2026-08-10T21:08:08.615494+02:00;standby;28.0;28.6;5.0;28.0;47.4;57.0;0;0;0;0;16497.26;11280.08;5217.18;32443.053
2026-08-10T21:09:09.053014+02:00;standby;28.0;28.6;5.0;28.0;47.4;57.0;0;0;0;0;16497.26;11280.08;5217.18;32443.053
2026-08-10T21:10:09.468803+02:00;standby;28.0;28.6;5.0;28.0;47.3;57.0;0;0;0;0;16497.26;11280.08;5217.18;32443.053
2026-08-10T21:11:10.037283+02:00;standby;28.0;28.6;5.0;28.0;47.3;57.0;0;0;0;0;16497.26;11280.08;5217.18;32443.053
2026-08-10T21:12:10.796135+02:00;standby;28.0;28.6;5.0;28.0;47.3;57.0;0;0;0;0;16497.26;11280.08;5217.18;32443.053
2026-08-10T21:13:11.366900+02:00;standby;28.0;28.6;5.0;28.0;47.3;57.0;0;0;0;0;16497.26;11280.08;5217.18;32443.053
2026-08-10T21:14:12.043007+02:00;standby;28.0;28.6;5.0;28.0;47.3;57.0;0;0;0;0;16497.26;11280.08;5217.18;32443.053
2026-08-10T21:15:12.458644+02:00;standby;28.0;28.6;5.0;28.0;47.3;57.0;0;0;0;0;16497.26;11280.08;5217.18;32443.053
2026-08-10T21:16:12.895066+02:00;standby;28.0;28.6;5.0;28.0;47.3;57.0;0;0;0;0;16497.26;11280.08;5217.18;32443.053
2026-08-10T21:17:13.741294+02:00;standby;28.0;28.6;5.0;28.0;47.3;57.0;0;0;0;0;16497.26;11280.08;5217.18;32443.053
2026-08-10T21:18:14.217646+02:00;standby;28.0;28.6;5.0;28.0;47.3;57.0;0;0;0;0;16497.26;11280.08;5217.18;32443.053
2026-08-10T21:19:14.657364+02:00;standby;28.0;28.6;5.0;28.0;47.3;57.0;0;0;0;0;16497.26;11280.08;5217.18;32443.053
2026-08-10T21:20:15.118202+02:00;standby;28.0;28.6;5.0;28.0;47.2;57.0;0;0;0;0;16497.26;11280.08;5217.18;32443.053
2026-08-10T21:21:15.590812+02:00;standby;28.0;28.6;5.0;28.0;47.3;57.0;0;0;0;0;16497.26;11280.08;5217.18;32443.053
2026-08-10T21:22:16.055637+02:00;standby;28.0;28.6;5.0;28.0;47.2;57.0;0;0;0;0;16497.26;11280.08;5217.18;32443.053
2026-08-10T21:23:16.913575+02:00;standby;28.0;28.6;5.0;28.0;47.2;57.0;0;0;0;0;16497.26;11280.08;5217.18;32443.053
2026-08-10T21:24:17.362557+02:00;standby;28.0;28.6;5.0;28.0;47.2;57.0;0;0;0;0;16497.26;11280.08;5217.18;32443.053
2026-08-10T21:25:18.630796+02:00;standby;28.0;28.6;5.0;28.0;47.2;57.0;0;0;0;0;16497.26;11280.08;5217.18;32443.053
2026-08-10T21:26:19.197006+02:00;standby;28.0;28.6;5.0;28.0;47.2;57.0;0;0;0;0;16497.26;11280.08;5217.18;32443.053
2026-08-10T21:27:19.889223+02:00;standby;28.0;28.6;5.0;28.0;47.2;57.0;0;0;0;0;16497.26;11280.08;5217.18;32443.053
2026-08-10T21:28:20.367078+02:00;standby;28.0;28.6;5.0;28.0;47.2;57.0;0;0;0;0;16497.26;11280.08;5217.18;32443.053
2026-08-10T21:29:20.870351+02:00;standby;28.0;28.6;5.0;28.0;47.2;57.0;0;0;0;0;16497.26;11280.08;5217.18;32443.053
2026-08-10T21:30:21.367572+02:00;standby;28.0;28.6;5.0;28.0;47.2;57.0;0;0;0;0;16497.26;11280.08;5217.18;32443.053
2026-08-10T21:31:21.952389+02:00;standby;28.0;28.6;5.0;28.0;47.2;57.0;0;0;0;0;16497.26;11280.08;5217.18;32443.053
2026-08-10T21:32:22.437395+02:00;standby;28.0;28.6;5.0;28.0;47.2;57.0;0;0;0;0;16497.26;11280.08;5217.18;32443.053
2026-08-10T21:33:22.892628+02:00;standby;28.0;28.6;5.0;28.0;47.2;57.0;0;0;0;0;16497.26;11280.08;5217.18;32443.053
2026-08-10T21:34:23.477494+02:00;standby;28.0;28.6;5.0;28.0;47.1;57.0;0;0;0;0;16497.26;11280.08;5217.18;32443.053
2026-08-10T21:35:23.972169+02:00;standby;28.0;28.6;5.0;28.0;47.1;57.0;0;0;0;0;16497.26;11280.08;5217.18;32443.053
2026-08-10T21:36:24.409147+02:00;standby;28.0;28.6;5.0;28.0;47.1;57.0;0;0;0;0;16497.26;11280.08;5217.18;32443.053
2026-08-10T21:37:24.927829+02:00;standby;28.0;28.6;5.0;28.0;47.1;57.0;0;0;0;0;16497.26;11280.08;5217.18;32443.053
2026-08-10T21:38:26.241590+02:00;standby;28.0;28.6;5.0;28.0;47.1;57.0;0;0;0;0;16497.26;11280.08;5217.18;32443.053
2026-08-10T21:39:26.890334+02:00;standby;28.0;28.6;5.0;28.0;47.1;57.0;0;0;0;0;16497.26;11280.08;5217.18;32443.053
2026-08-10T21:40:27.487249+02:00;standby;28.0;28.6;5.0;28.0;47.1;57.0;0;0;0;0;16497.26;11280.08;5217.18;32443.053
2026-08-10T21:41:30.529471+02:00;standby;28.0;28.6;5.0;28.0;47.1;57.0;0;0;0;0;16497.26;11280.08;5217.18;32443.053
2026-08-10T21:42:30.985450+02:00;standby;28.0;28.5;5.0;28.0;47.1;57.0;0;0;0;0;16497.26;11280.08;5217.18;32443.053
2026-08-10T21:43:31.399056+02:00;standby;28.0;28.6;5.0;28.0;47.1;57.0;0;0;0;0;16497.26;11280.08;5217.18;32443.053
2026-08-10T21:44:32.251308+02:00;standby;28.0;28.6;5.0;28.0;47.1;57.0;0;0;0;0;16497.26;11280.08;5217.18;32443.053
2026-08-10T21:45:32.775618+02:00;standby;28.0;28.5;5.0;28.0;47.1;57.0;0;0;0;0;16497.26;11280.08;5217.18;32443.053
2026-08-10T21:46:33.444428+02:00;standby;28.0;28.6;5.0;28.0;47.1;57.0;0;0;0;0;16497.26;11280.08;5217.18;32443.053
2026-08-10T21:47:33.905067+02:00;standby;28.0;28.5;5.0;28.0;47.1;57.0;0;0;0;0;16497.26;11280.08;5217.18;32443.053
2026-08-10T21:48:35.528787+02:00;standby;28.0;28.5;5.0;28.0;47.0;57.0;0;0;0;0;16497.26;11280.08;5217.18;32443.053
2026-08-10T21:49:35.969769+02:00;standby;28.0;28.5;5.0;28.0;47.0;57.0;0;0;0;0;16497.26;11280.08;5217.18;32443.053
2026-08-10T21:50:36.494473+02:00;standby;28.0;28.5;5.0;28.0;47.0;57.0;0;0;0;0;16497.26;11280.08;5217.18;32443.053
2026-08-10T21:51:37.035702+02:00;standby;28.0;28.5;5.0;28.0;47.0;57.0;0;0;0;0;16497.26;11280.08;5217.18;32443.053
2026-08-10T21:52:37.772583+02:00;standby;28.0;28.6;5.0;28.0;47.0;57.0;0;0;0;0;16497.26;11280.08;5217.18;32443.053
2026-08-10T21:53:38.332694+02:00;standby;28.0;28.6;5.0;28.0;47.0;57.0;0;0;0;0;16497.26;11280.08;5217.18;32443.053
2026-08-10T21:54:38.819926+02:00;standby;28.0;28.5;5.0;28.0;47.0;57.0;0;0;0;0;16497.26;11280.08;5217.18;32443.053
2026-08-10T21:55:39.303189+02:00;standby;28.0;28.5;5.0;28.0;47.0;57.0;0;0;0;0;16497.26;11280.08;5217.18;32443.053
2026-08-10T21:56:39.849899+02:00;dhw;28.0;36.1;85.0;28.0;47.0;57.0;1;27;1;0;16497.28;11280.08;5217.2;32443.053
2026-08-10T21:56:50.869660+02:00;dhw;28.0;37.9;85.0;28.0;47.0;57.0;1;23;1;0;16497.29;11280.08;5217.21;32443.053
2026-08-10T21:57:02.081355+02:00;dhw;28.0;38.0;85.0;28.0;47.0;57.0;1;23;1;0;16497.3;11280.08;5217.22;32443.053
2026-08-10T21:57:12.719719+02:00;dhw;26.3;38.9;85.0;28.0;46.9;57.0;1;23;1;0;16497.3;11280.08;5217.23;32443.053
2026-08-10T21:57:23.512870+02:00;dhw;26.3;38.3;85.0;28.0;46.9;57.0;1;23;1;100;16497.31;11280.08;5217.24;32443.053
2026-08-10T21:57:34.222453+02:00;dhw;26.3;38.5;85.0;28.0;46.8;57.0;1;23;1;100;16497.32;11280.08;5217.24;32443.053
2026-08-10T21:57:45.197386+02:00;dhw;26.3;38.5;85.0;28.0;46.7;57.0;1;23;1;100;16497.32;11280.08;5217.24;32443.053
2026-08-10T21:57:56.104207+02:00;dhw;26.3;39.2;85.0;28.0;46.6;57.0;1;23;1;100;16497.34;11280.08;5217.26;32443.053
2026-08-10T21:58:06.932044+02:00;dhw;26.3;40.0;85.0;28.0;46.6;57.0;1;23;1;100;16497.35;11280.08;5217.27;32443.053
2026-08-10T21:58:17.713089+02:00;dhw;26.3;41.2;85.0;28.0;46.5;57.0;1;31;1;100;16497.37;11280.08;5217.29;32443.053
2026-08-10T21:58:29.637871+02:00;dhw;26.3;42.3;85.0;28.0;46.3;57.0;1;41;1;100;16497.38;11280.08;5217.3;32443.053
2026-08-10T21:58:40.238278+02:00;dhw;26.3;44.0;85.0;28.0;46.3;57.0;1;54;1;100;16497.4;11280.08;5217.32;32443.053
2026-08-10T21:58:51.014311+02:00;dhw;26.3;46.1;85.0;28.0;46.2;57.0;1;66;1;100;16497.43;11280.08;5217.35;32443.053
2026-08-10T21:59:01.531492+02:00;dhw;26.3;48.0;85.0;28.0;46.2;57.0;1;77;1;100;16497.45;11280.08;5217.38;32443.053
2026-08-10T21:59:12.084195+02:00;dhw;26.3;50.0;85.0;28.0;46.1;57.0;1;87;1;100;16497.48;11280.08;5217.41;32443.053
2026-08-10T21:59:23.012529+02:00;dhw;26.3;52.1;85.0;28.0;46.1;57.0;1;97;1;100;16497.52;11280.08;5217.44;32443.053
2026-08-10T21:59:33.562294+02:00;dhw;26.3;55.1;85.0;28.0;46.0;57.0;1;108;1;100;16497.57;11280.08;5217.49;32443.053
2026-08-10T21:59:44.286446+02:00;dhw;26.3;57.1;85.0;28.0;46.0;57.0;1;108;1;100;16497.6;11280.08;5217.53;32443.053
2026-08-10T21:59:57.001921+02:00;dhw;26.3;60.1;85.0;28.0;46.0;57.0;1;108;1;100;16497.67;11280.08;5217.59;32443.053
2026-08-10T22:00:07.729330+02:00;dhw;26.3;61.7;85.0;28.0;46.0;57.0;1;108;1;100;16497.71;11280.08;5217.63;32443.053
2026-08-10T22:00:18.312186+02:00;dhw;26.3;63.3;85.0;28.0;46.0;57.0;1;108;1;100;16497.75;11280.08;5217.67;32443.053
2026-08-10T22:00:29.093558+02:00;dhw;26.3;64.5;85.0;28.0;46.1;57.0;1;108;1;100;16497.79;11280.08;5217.72;32443.053
2026-08-10T22:00:39.680536+02:00;dhw;26.3;65.7;85.0;28.0;46.2;57.0;1;108;1;100;16497.84;11280.08;5217.76;32443.053
2026-08-10T22:00:50.858752+02:00;dhw;26.3;67.0;85.0;28.0;46.2;57.0;1;108;1;100;16497.89;11280.08;5217.82;32443.053
2026-08-10T22:01:01.445732+02:00;dhw;26.3;67.4;85.0;28.0;46.3;57.0;1;108;1;100;16497.92;11280.08;5217.84;32443.053
2026-08-10T22:01:13.972985+02:00;dhw;26.3;68.1;85.0;28.0;46.5;57.0;1;108;1;100;16497.96;11280.08;5217.88;32443.053
2026-08-10T22:01:26.272721+02:00;dhw;26.3;69.1;85.0;28.0;46.6;57.0;1;108;1;100;16498.02;11280.08;5217.94;32443.053
2026-08-10T22:01:37.736458+02:00;dhw;26.3;69.9;85.0;28.0;46.9;57.0;1;108;1;100;16498.09;11280.08;5218.01;32443.152
2026-08-10T22:01:48.384380+02:00;dhw;26.3;70.4;85.0;28.0;47.1;57.0;1;108;1;100;16498.13;11280.08;5218.05;32443.152
2026-08-10T22:01:59.003267+02:00;dhw;26.3;70.7;85.0;28.0;47.2;57.0;1;108;1;100;16498.17;11280.08;5218.09;32443.152
2026-08-10T22:02:09.587879+02:00;dhw;26.3;71.1;85.0;28.0;47.4;57.0;1;108;1;100;16498.21;11280.08;5218.13;32443.152
2026-08-10T22:02:20.270932+02:00;dhw;26.3;71.5;85.0;28.0;47.6;57.0;1;108;1;100;16498.26;11280.08;5218.18;32443.152
2026-08-10T22:02:30.845012+02:00;dhw;26.3;71.9;85.0;28.0;47.8;57.0;1;108;1;100;16498.3;11280.08;5218.22;32443.152
2026-08-10T22:02:42.878380+02:00;dhw;26.3;72.2;85.0;28.0;47.9;57.0;1;108;1;100;16498.34;11280.08;5218.26;32443.152
2026-08-10T22:02:53.676310+02:00;dhw;26.3;72.5;85.0;28.0;48.1;57.0;1;108;1;100;16498.38;11280.08;5218.3;32443.152
2026-08-10T22:03:04.209320+02:00;dhw;26.3;73.0;85.0;28.0;48.4;57.0;1;108;1;100;16498.45;11280.08;5218.37;32443.152
2026-08-10T22:03:15.214444+02:00;dhw;26.3;73.0;85.0;28.0;48.5;57.0;1;108;1;100;16498.46;11280.08;5218.39;32443.152
2026-08-10T22:03:26.450129+02:00;dhw;26.3;73.3;85.0;28.0;48.7;57.0;1;108;1;100;16498.51;11280.08;5218.43;32443.152
2026-08-10T22:03:36.996533+02:00;dhw;26.3;73.9;85.0;28.0;49.0;57.0;1;108;1;100;16498.59;11280.08;5218.51;32443.152
2026-08-10T22:03:47.723183+02:00;dhw;26.3;74.0;85.0;28.0;49.2;57.0;1;108;1;100;16498.63;11280.08;5218.55;32443.152
2026-08-10T22:03:58.392737+02:00;dhw;26.3;74.3;85.0;28.0;49.3;57.0;1;108;1;100;16498.67;11280.08;5218.6;32443.152
2026-08-10T22:04:09.863580+02:00;dhw;26.3;74.6;85.0;28.0;49.5;57.0;1;108;1;100;16498.72;11280.08;5218.64;32443.152
2026-08-10T22:04:20.662907+02:00;dhw;26.3;74.8;85.0;28.0;49.6;57.0;1;108;1;100;16498.76;11280.08;5218.68;32443.152
2026-08-10T22:04:31.216752+02:00;dhw;26.3;75.1;85.0;28.0;49.7;57.0;1;108;1;100;16498.8;11280.08;5218.72;32443.152
2026-08-10T22:04:41.947661+02:00;dhw;26.3;75.2;85.0;28.0;49.9;57.0;1;108;1;100;16498.84;11280.08;5218.76;32443.152
2026-08-10T22:04:52.511285+02:00;dhw;26.3;75.4;85.0;28.0;50.0;57.0;1;108;1;100;16498.88;11280.08;5218.81;32443.152
2026-08-10T22:05:03.012967+02:00;dhw;26.3;75.6;85.0;28.0;50.1;57.0;1;108;1;100;16498.92;11280.08;5218.85;32443.152
2026-08-10T22:05:13.488936+02:00;dhw;26.3;75.8;85.0;28.0;50.2;57.0;1;108;1;100;16498.97;11280.08;5218.89;32443.152
2026-08-10T22:05:24.058081+02:00;dhw;26.3;76.1;85.0;28.0;50.4;57.0;1;108;1;100;16499.01;11280.08;5218.93;32443.152
2026-08-10T22:05:35.221242+02:00;dhw;26.3;76.2;85.0;28.0;50.5;57.0;1;108;1;100;16499.05;11280.08;5218.97;32443.252
2026-08-10T22:05:45.914133+02:00;dhw;26.3;76.5;85.0;28.0;50.8;57.0;1;108;1;100;16499.13;11280.08;5219.06;32443.252
2026-08-10T22:05:56.782251+02:00;dhw;26.3;76.8;85.0;28.0;50.9;57.0;1;108;1;100;16499.18;11280.08;5219.1;32443.252
2026-08-10T22:06:07.346866+02:00;dhw;26.3;77.0;85.0;28.0;51.2;57.0;1;108;1;100;16499.22;11280.08;5219.14;32443.252
2026-08-10T22:06:18.484303+02:00;dhw;26.3;77.1;85.0;28.0;51.3;57.0;1;108;1;100;16499.26;11280.08;5219.18;32443.252
2026-08-10T22:06:29.480134+02:00;dhw;26.3;77.4;85.0;28.0;51.4;57.0;1;108;1;100;16499.3;11280.08;5219.22;32443.252
2026-08-10T22:06:40.038049+02:00;dhw;26.3;77.6;85.0;28.0;51.6;57.0;1;108;1;100;16499.34;11280.08;5219.26;32443.252
2026-08-10T22:06:50.647956+02:00;dhw;26.3;77.7;85.0;28.0;51.7;57.0;1;108;1;100;16499.38;11280.08;5219.31;32443.252
2026-08-10T22:07:01.388402+02:00;dhw;26.3;78.0;85.0;28.0;51.8;57.0;1;108;1;100;16499.44;11280.08;5219.36;32443.252
2026-08-10T22:07:12.043492+02:00;dhw;26.3;78.0;85.0;28.0;52.0;57.0;1;108;1;100;16499.47;11280.08;5219.39;32443.252
2026-08-10T22:07:22.509195+02:00;dhw;26.3;78.2;85.0;28.0;52.1;57.0;1;108;1;100;16499.51;11280.08;5219.43;32443.252
2026-08-10T22:07:32.955563+02:00;dhw;26.3;78.3;85.0;28.0;52.3;57.0;1;108;1;100;16499.55;11280.08;5219.48;32443.252
2026-08-10T22:07:46.145242+02:00;dhw;26.3;78.6;85.0;28.0;52.5;57.0;1;108;1;100;16499.59;11280.08;5219.52;32443.252
2026-08-10T22:07:56.951078+02:00;dhw;26.3;79.0;85.0;28.0;52.8;57.0;1;108;1;100;16499.68;11280.08;5219.6;32443.252
2026-08-10T22:08:07.851891+02:00;dhw;26.3;79.1;85.0;28.0;53.1;57.0;1;108;1;100;16499.72;11280.08;5219.64;32443.252
2026-08-10T22:08:19.007467+02:00;dhw;26.3;79.3;85.0;28.0;53.2;57.0;1;108;1;100;16499.76;11280.08;5219.69;32443.252
2026-08-10T22:08:29.690057+02:00;dhw;26.3;79.5;85.0;28.0;53.4;57.0;1;108;1;100;16499.8;11280.08;5219.73;32443.252
2026-08-10T22:08:40.184918+02:00;dhw;26.3;79.6;85.0;28.0;53.5;57.0;1;108;1;100;16499.84;11280.08;5219.77;32443.252
2026-08-10T22:08:54.345545+02:00;dhw;26.3;79.8;85.0;28.0;53.7;57.0;1;108;1;100;16499.89;11280.08;5219.81;32443.252
2026-08-10T22:09:05.645621+02:00;dhw;26.3;80.1;85.0;28.0;54.0;57.0;1;108;1;100;16499.97;11280.08;5219.89;32443.252
2026-08-10T22:09:16.175759+02:00;dhw;26.3;80.4;85.0;28.0;54.2;57.0;1;108;1;100;16500.01;11280.08;5219.94;32443.252
2026-08-10T22:09:27.283561+02:00;dhw;26.3;80.6;85.0;28.0;54.4;57.0;1;108;1;100;16500.05;11280.08;5219.98;32443.252
2026-08-10T22:09:38.469239+02:00;dhw;26.3;80.7;85.0;28.0;54.5;57.0;1;108;1;100;16500.09;11280.08;5220.02;32443.252
2026-08-10T22:09:49.333316+02:00;dhw;26.3;80.9;85.0;28.0;54.7;57.0;1;108;1;100;16500.14;11280.08;5220.06;32443.352
2026-08-10T22:10:00.026384+02:00;dhw;26.3;81.1;85.0;28.0;54.9;57.0;1;108;1;100;16500.18;11280.08;5220.1;32443.352
2026-08-10T22:10:10.627839+02:00;dhw;26.3;81.2;85.0;28.0;55.2;57.0;1;108;1;100;16500.22;11280.08;5220.14;32443.352
2026-08-10T22:10:21.168695+02:00;dhw;26.3;81.4;85.0;28.0;55.4;57.0;1;108;1;100;16500.27;11280.08;5220.19;32443.352
2026-08-10T22:10:32.056452+02:00;dhw;26.3;81.5;85.0;28.0;55.6;57.0;1;108;1;100;16500.31;11280.08;5220.23;32443.352
2026-08-10T22:10:42.575768+02:00;dhw;26.3;81.7;85.0;28.0;55.8;57.0;1;108;1;100;16500.34;11280.08;5220.27;32443.352
2026-08-10T22:10:53.127050+02:00;dhw;26.3;82.0;85.0;28.0;55.9;57.0;1;108;1;100;16500.41;11280.08;5220.34;32443.352
2026-08-10T22:11:04.284980+02:00;dhw;26.3;82.2;85.0;28.0;56.3;57.0;1;108;1;100;16500.47;11280.08;5220.39;32443.352
2026-08-10T22:11:15.249838+02:00;dhw;26.3;82.4;85.0;28.0;56.5;57.0;1;108;1;100;16500.52;11280.08;5220.44;32443.352
2026-08-10T22:11:25.683569+02:00;dhw;26.3;82.5;85.0;28.0;56.7;57.0;1;108;1;100;16500.56;11280.08;5220.48;32443.352
2026-08-10T22:11:36.226402+02:00;dhw;26.3;82.7;85.0;28.0;56.9;57.0;1;108;1;100;16500.6;11280.08;5220.52;32443.352
2026-08-10T22:11:47.342227+02:00;standby;26.3;82.9;85.0;28.0;57.1;57.0;0;0;1;100;16500.63;11280.08;5220.55;32443.352
2026-08-10T22:11:57.920618+02:00;standby;26.3;81.7;85.0;28.0;57.3;57.0;0;0;1;100;16500.63;11280.08;5220.55;32443.352
2026-08-10T22:12:08.365228+02:00;standby;26.3;79.9;85.0;28.0;57.4;57.0;0;0;1;100;16500.63;11280.08;5220.55;32443.352
2026-08-10T22:12:18.836806+02:00;standby;26.3;76.9;85.0;28.0;57.6;57.0;0;0;1;10;16500.63;11280.08;5220.55;32443.352
2026-08-10T22:12:29.928354+02:00;standby;26.3;74.7;85.0;28.0;57.8;57.0;0;0;1;10;16500.63;11280.08;5220.55;32443.352
2026-08-10T22:12:40.418053+02:00;standby;26.3;73.8;85.0;28.0;58.0;57.0;0;0;1;10;16500.63;11280.08;5220.55;32443.352
2026-08-10T22:13:41.311343+02:00;standby;26.3;66.9;5.0;28.0;58.7;57.0;0;0;1;10;16500.63;11280.08;5220.55;32443.352
2026-08-10T22:14:41.880415+02:00;standby;26.3;62.9;5.0;28.0;59.3;57.0;0;0;0;10;16500.63;11280.08;5220.55;32443.352
2026-08-10T22:15:42.364566+02:00;standby;26.3;63.5;5.0;28.0;59.6;57.0;0;0;0;0;16500.63;11280.08;5220.55;32443.352
2026-08-10T22:16:43.269539+02:00;standby;26.3;64.1;5.0;28.0;59.7;57.0;0;0;0;0;16500.63;11280.08;5220.55;32443.352
2026-08-10T22:17:44.094510+02:00;standby;26.3;64.2;5.0;28.0;59.8;57.0;0;0;0;0;16500.63;11280.08;5220.55;32443.352
2026-08-10T22:18:44.575885+02:00;standby;26.3;64.3;5.0;28.0;59.8;57.0;0;0;0;0;16500.63;11280.08;5220.55;32443.352
2026-08-10T22:19:45.481133+02:00;standby;26.3;64.3;5.0;28.0;59.8;57.0;0;0;0;0;16500.63;11280.08;5220.55;32443.352
2026-08-10T22:20:46.208981+02:00;standby;26.3;64.2;5.0;28.0;59.9;57.0;0;0;0;0;16500.63;11280.08;5220.55;32443.352
2026-08-10T22:21:46.707290+02:00;standby;26.3;64.2;5.0;28.0;59.8;57.0;0;0;0;0;16500.63;11280.08;5220.55;32443.352
2026-08-10T22:22:47.165132+02:00;standby;26.3;64.1;5.0;28.0;59.8;57.0;0;0;0;0;16500.63;11280.08;5220.55;32443.352
2026-08-10T22:23:48.537310+02:00;standby;26.3;64.0;5.0;28.0;59.8;57.0;0;0;0;0;16500.63;11280.08;5220.55;32443.352
2026-08-10T22:24:49.018115+02:00;standby;26.3;63.8;5.0;28.0;59.8;57.0;0;0;0;0;16500.63;11280.08;5220.55;32443.352
2026-08-10T22:25:49.522752+02:00;standby;26.3;63.7;5.0;28.0;59.8;57.0;0;0;0;0;16500.63;11280.08;5220.55;32443.352
2026-08-10T22:26:50.554071+02:00;standby;26.3;63.6;5.0;28.0;59.8;57.0;0;0;0;0;16500.63;11280.08;5220.55;32443.352
2026-08-10T22:27:51.051323+02:00;standby;26.3;63.5;5.0;28.0;59.8;57.0;0;0;0;0;16500.63;11280.08;5220.55;32443.352
2026-08-10T22:28:51.505658+02:00;standby;26.3;63.4;5.0;28.0;59.8;57.0;0;0;0;0;16500.63;11280.08;5220.55;32443.352
2026-08-10T22:29:54.394025+02:00;standby;26.3;63.3;5.0;28.0;59.8;57.0;0;0;0;0;16500.63;11280.08;5220.55;32443.352
2026-08-10T22:30:54.944779+02:00;standby;26.3;63.0;5.0;28.0;59.8;57.0;0;0;0;0;16500.63;11280.08;5220.55;32443.352
2026-08-10T22:31:55.429471+02:00;standby;26.3;62.9;5.0;28.0;59.8;57.0;0;0;0;0;16500.63;11280.08;5220.55;32443.352
2026-08-10T22:32:55.896012+02:00;standby;26.3;62.8;5.0;28.0;59.8;57.0;0;0;0;0;16500.63;11280.08;5220.55;32443.352
2026-08-10T22:33:57.446705+02:00;standby;26.3;62.7;5.0;28.0;59.8;57.0;0;0;0;0;16500.63;11280.08;5220.55;32443.352
2026-08-10T22:34:57.956514+02:00;standby;26.3;62.6;5.0;28.0;59.8;57.0;0;0;0;0;16500.63;11280.08;5220.55;32443.352
2026-08-10T22:35:58.372951+02:00;standby;26.3;62.4;5.0;28.0;59.8;57.0;0;0;0;0;16500.63;11280.08;5220.55;32443.352
2026-08-10T22:36:58.935847+02:00;standby;26.3;62.3;5.0;28.0;59.7;57.0;0;0;0;0;16500.63;11280.08;5220.55;32443.352
2026-08-10T22:37:59.670601+02:00;standby;26.3;62.2;5.0;28.0;59.8;57.0;0;0;0;0;16500.63;11280.08;5220.55;32443.352
2026-08-10T22:39:00.142609+02:00;standby;26.3;62.0;5.0;28.0;59.7;57.0;0;0;0;0;16500.63;11280.08;5220.55;32443.352
2026-08-10T22:40:00.708389+02:00;standby;26.3;61.9;5.0;28.0;59.7;57.0;0;0;0;0;16500.63;11280.08;5220.55;32443.352
2026-08-10T22:41:01.180549+02:00;standby;26.3;61.7;5.0;28.0;59.7;57.0;0;0;0;0;16500.63;11280.08;5220.55;32443.352
2026-08-10T22:42:01.636565+02:00;standby;26.3;61.6;5.0;28.0;59.7;57.0;0;0;0;0;16500.63;11280.08;5220.55;32443.352
2026-08-10T22:43:02.770531+02:00;standby;26.3;61.5;5.0;28.0;59.7;57.0;0;0;0;0;16500.63;11280.08;5220.55;32443.352
2026-08-10T22:44:03.208166+02:00;standby;26.3;61.4;5.0;28.0;59.7;57.0;0;0;0;0;16500.63;11280.08;5220.55;32443.352
2026-08-10T22:45:04.014558+02:00;standby;26.3;61.2;5.0;28.0;59.7;57.0;0;0;0;0;16500.63;11280.08;5220.55;32443.352
2026-08-10T22:46:04.477473+02:00;standby;26.3;61.0;5.0;28.0;59.7;57.0;0;0;0;0;16500.63;11280.08;5220.55;32443.352
2026-08-10T22:47:05.767291+02:00;standby;26.3;60.9;5.0;28.0;59.7;57.0;0;0;0;0;16500.63;11280.08;5220.55;32443.352
2026-08-10T22:48:06.235698+02:00;standby;26.3;60.7;5.0;28.0;59.7;57.0;0;0;0;0;16500.63;11280.08;5220.55;32443.352
2026-08-10T22:49:06.806096+02:00;standby;26.3;60.6;5.0;28.0;59.7;57.0;0;0;0;0;16500.63;11280.08;5220.55;32443.352
2026-08-10T22:50:07.438134+02:00;standby;26.3;60.5;5.0;28.0;59.7;57.0;0;0;0;0;16500.63;11280.08;5220.55;32443.352
2026-08-10T22:51:07.948380+02:00;standby;26.3;60.3;5.0;28.0;59.6;57.0;0;0;0;0;16500.63;11280.08;5220.55;32443.352
2026-08-10T22:52:09.864158+02:00;standby;26.3;60.2;5.0;28.0;59.6;57.0;0;0;0;0;16500.63;11280.08;5220.55;32443.352
2026-08-10T22:53:10.315101+02:00;standby;26.3;60.0;5.0;28.0;59.6;57.0;0;0;0;0;16500.63;11280.08;5220.55;32443.352
2026-08-10T22:54:10.781871+02:00;standby;26.3;59.9;5.0;28.0;59.6;57.0;0;0;0;0;16500.63;11280.08;5220.55;32443.352
2026-08-10T22:55:11.265755+02:00;standby;26.3;59.8;5.0;28.0;59.6;57.0;0;0;0;0;16500.63;11280.08;5220.55;32443.352
2026-08-10T22:56:11.922267+02:00;standby;26.3;59.7;5.0;28.0;59.6;57.0;0;0;0;0;16500.63;11280.08;5220.55;32443.352
2026-08-10T22:57:12.392895+02:00;standby;26.3;59.4;5.0;28.0;59.6;57.0;0;0;0;0;16500.63;11280.08;5220.55;32443.352
2026-08-10T22:58:12.911574+02:00;standby;26.0;59.3;5.0;28.0;59.6;57.0;0;0;0;0;16500.63;11280.08;5220.55;32443.352
2026-08-10T22:59:14.565610+02:00;standby;26.0;59.2;5.0;28.0;59.6;57.0;0;0;0;0;16500.63;11280.08;5220.55;32443.352
2026-08-10T23:00:15.091769+02:00;standby;26.0;59.0;5.0;28.0;59.6;57.0;0;0;0;0;16500.63;11280.08;5220.55;32443.352
2026-08-10T23:01:15.545040+02:00;standby;26.0;58.9;5.0;28.0;59.6;57.0;0;0;0;0;16500.63;11280.08;5220.55;32443.352
2026-08-10T23:02:16.265538+02:00;standby;26.0;58.7;5.0;25.0;59.6;57.0;0;0;0;0;16500.63;11280.08;5220.55;32443.352
2026-08-10T23:03:16.797485+02:00;standby;26.0;58.6;5.0;25.0;59.6;57.0;0;0;0;0;16500.63;11280.08;5220.55;32443.352
2026-08-10T23:04:17.684428+02:00;standby;26.0;58.4;5.0;25.0;59.6;57.0;0;0;0;0;16500.63;11280.08;5220.55;32443.352
2026-08-10T23:05:18.288033+02:00;standby;26.0;58.3;5.0;25.0;59.5;57.0;0;0;0;0;16500.63;11280.08;5220.55;32443.352
2026-08-10T23:06:18.773206+02:00;standby;26.0;58.2;5.0;25.0;59.5;57.0;0;0;0;0;16500.63;11280.08;5220.55;32443.352
2026-08-10T23:07:19.234633+02:00;standby;26.0;58.0;5.0;25.0;59.5;57.0;0;0;0;0;16500.63;11280.08;5220.55;32443.352
2026-08-10T23:08:19.743064+02:00;standby;26.0;57.8;5.0;25.0;59.5;57.0;0;0;0;0;16500.63;11280.08;5220.55;32443.352
2026-08-10T23:09:20.220417+02:00;standby;26.0;57.7;5.0;25.0;59.5;57.0;0;0;0;0;16500.63;11280.08;5220.55;32443.352
2026-08-10T23:10:21.053310+02:00;standby;26.0;57.6;5.0;25.0;59.5;57.0;0;0;0;0;16500.63;11280.08;5220.55;32443.352
2026-08-10T23:11:21.489352+02:00;standby;26.0;57.4;5.0;25.0;59.5;57.0;0;0;0;0;16500.63;11280.08;5220.55;32443.352
2026-08-10T23:12:21.927151+02:00;standby;26.0;57.3;5.0;25.0;59.5;57.0;0;0;0;0;16500.63;11280.08;5220.55;32443.352
2026-08-10T23:13:22.389027+02:00;standby;26.0;57.2;5.0;25.0;59.5;57.0;0;0;0;0;16500.63;11280.08;5220.55;32443.352
2026-08-10T23:14:22.811824+02:00;standby;26.0;56.9;5.0;25.0;59.5;57.0;0;0;0;0;16500.63;11280.08;5220.55;32443.352
2026-08-10T23:15:23.330575+02:00;standby;26.0;56.8;5.0;25.0;59.5;57.0;0;0;0;0;16500.63;11280.08;5220.55;32443.352
2026-08-10T23:16:24.516562+02:00;standby;26.0;56.7;5.0;25.0;59.5;57.0;0;0;0;0;16500.63;11280.08;5220.55;32443.352
2026-08-10T23:17:25.045798+02:00;standby;26.0;56.6;5.0;25.0;59.4;57.0;0;0;0;0;16500.63;11280.08;5220.55;32443.352
2026-08-10T23:18:25.501836+02:00;standby;26.0;56.5;5.0;25.0;59.4;57.0;0;0;0;0;16500.63;11280.08;5220.55;32443.352
2026-08-10T23:19:25.969186+02:00;standby;26.0;56.2;5.0;25.0;59.4;57.0;0;0;0;0;16500.63;11280.08;5220.55;32443.352
2026-08-10T23:20:27.005625+02:00;standby;26.0;56.1;5.0;25.0;59.4;57.0;0;0;0;0;16500.63;11280.08;5220.55;32443.352
2026-08-10T23:21:27.482712+02:00;standby;26.0;56.0;5.0;25.0;59.4;57.0;0;0;0;0;16500.63;11280.08;5220.55;32443.352
2026-08-10T23:22:27.971333+02:00;standby;26.0;55.9;5.0;25.0;59.4;57.0;0;0;0;0;16500.63;11280.08;5220.55;32443.352
2026-08-10T23:23:28.789536+02:00;standby;26.0;55.7;5.0;25.0;59.4;57.0;0;0;0;0;16500.63;11280.08;5220.55;32443.352
2026-08-10T23:24:29.278860+02:00;standby;26.0;55.6;5.0;25.0;59.4;57.0;0;0;0;0;16500.63;11280.08;5220.55;32443.352
2026-08-10T23:25:30.316847+02:00;standby;26.0;55.5;5.0;25.0;59.4;57.0;0;0;0;0;16500.63;11280.08;5220.55;32443.352
2026-08-10T23:26:30.832386+02:00;standby;26.0;55.3;5.0;25.0;59.4;57.0;0;0;0;0;16500.63;11280.08;5220.55;32443.352
2026-08-10T23:27:31.767288+02:00;standby;26.0;55.2;5.0;25.0;59.4;57.0;0;0;0;0;16500.63;11280.08;5220.55;32443.352
2026-08-10T23:28:32.235995+02:00;standby;26.0;55.0;5.0;25.0;59.4;57.0;0;0;0;0;16500.63;11280.08;5220.55;32443.352
2026-08-10T23:29:32.972926+02:00;standby;26.0;54.9;5.0;25.0;59.3;57.0;0;0;0;0;16500.63;11280.08;5220.55;32443.352
2026-08-10T23:30:33.443535+02:00;standby;26.0;54.8;5.0;25.0;59.4;57.0;0;0;0;0;16500.63;11280.08;5220.55;32443.352
2026-08-10T23:31:33.922098+02:00;standby;26.0;54.7;5.0;25.0;59.3;57.0;0;0;0;0;16500.63;11280.08;5220.55;32443.352
2026-08-10T23:32:34.355256+02:00;standby;26.0;54.6;5.0;25.0;59.3;57.0;0;0;0;0;16500.63;11280.08;5220.55;32443.352
2026-08-10T23:33:34.823972+02:00;standby;26.0;54.3;5.0;25.0;59.3;57.0;0;0;0;0;16500.63;11280.08;5220.55;32443.352
2026-08-10T23:34:35.349372+02:00;standby;26.0;54.2;5.0;25.0;59.3;57.0;0;0;0;0;16500.63;11280.08;5220.55;32443.352
2026-08-10T23:35:35.971775+02:00;standby;26.0;54.1;5.0;25.0;59.3;57.0;0;0;0;0;16500.63;11280.08;5220.55;32443.352
2026-08-10T23:36:36.535175+02:00;standby;26.0;54.0;5.0;25.0;59.3;57.0;0;0;0;0;16500.63;11280.08;5220.55;32443.352
2026-08-10T23:37:37.005454+02:00;standby;26.0;53.9;5.0;25.0;59.3;57.0;0;0;0;0;16500.63;11280.08;5220.55;32443.352
2026-08-10T23:38:37.475604+02:00;standby;26.0;53.8;5.0;25.0;59.3;57.0;0;0;0;0;16500.63;11280.08;5220.55;32443.352
2026-08-10T23:39:37.994467+02:00;standby;26.0;53.6;5.0;25.0;59.3;57.0;0;0;0;0;16500.63;11280.08;5220.55;32443.352
2026-08-10T23:40:38.461517+02:00;standby;26.0;53.4;5.0;25.0;59.3;57.0;0;0;0;0;16500.63;11280.08;5220.55;32443.352
2026-08-10T23:41:39.390145+02:00;standby;26.0;53.3;5.0;25.0;59.3;57.0;0;0;0;0;16500.63;11280.08;5220.55;32443.352
2026-08-10T23:42:39.855105+02:00;standby;26.0;53.2;5.0;25.0;59.3;57.0;0;0;0;0;16500.63;11280.08;5220.55;32443.352
2026-08-10T23:43:40.356000+02:00;standby;26.0;53.1;5.0;25.0;59.3;57.0;0;0;0;0;16500.63;11280.08;5220.55;32443.352
2026-08-10T23:44:40.893240+02:00;standby;26.0;53.0;5.0;25.0;59.2;57.0;0;0;0;0;16500.63;11280.08;5220.55;32443.352
2026-08-10T23:45:41.366736+02:00;standby;26.0;52.9;5.0;25.0;59.3;57.0;0;0;0;0;16500.63;11280.08;5220.55;32443.352
2026-08-10T23:46:41.781786+02:00;standby;26.0;52.8;5.0;25.0;59.2;10.0;0;0;0;0;16500.63;11280.08;5220.55;32443.352
2026-08-10T23:47:42.305752+02:00;standby;26.0;52.7;5.0;25.0;59.2;10.0;0;0;0;0;16500.63;11280.08;5220.55;32443.352
2026-08-10T23:48:42.820450+02:00;standby;26.0;52.6;5.0;25.0;59.2;10.0;0;0;0;0;16500.63;11280.08;5220.55;32443.352
2026-08-10T23:49:43.268982+02:00;standby;26.0;52.3;5.0;25.0;59.2;10.0;0;0;0;0;16500.63;11280.08;5220.55;32443.352
2026-08-10T23:50:43.992530+02:00;standby;26.0;52.2;5.0;25.0;59.2;10.0;0;0;0;0;16500.63;11280.08;5220.55;32443.352
2026-08-10T23:51:45.262148+02:00;standby;26.0;52.1;5.0;25.0;59.2;10.0;0;0;0;0;16500.63;11280.08;5220.55;32443.352
2026-08-10T23:52:45.771469+02:00;standby;26.0;52.0;5.0;25.0;59.2;10.0;0;0;0;0;16500.63;11280.08;5220.55;32443.352
2026-08-10T23:53:46.237971+02:00;standby;26.0;51.9;5.0;25.0;59.2;10.0;0;0;0;0;16500.63;11280.08;5220.55;32443.352
2026-08-10T23:54:46.710850+02:00;standby;26.0;51.8;5.0;25.0;59.2;10.0;0;0;0;0;16500.63;11280.08;5220.55;32443.352
2026-08-10T23:55:47.232919+02:00;standby;26.0;51.7;5.0;25.0;59.2;10.0;0;0;0;0;16500.63;11280.08;5220.55;32443.352
2026-08-10T23:56:47.721128+02:00;standby;26.0;51.6;5.0;25.0;59.2;10.0;0;0;0;0;16500.63;11280.08;5220.55;32443.352
2026-08-10T23:57:48.239904+02:00;standby;26.0;51.4;5.0;25.0;59.2;10.0;0;0;0;0;16500.63;11280.08;5220.55;32443.352
2026-08-10T23:58:48.680269+02:00;standby;25.2;51.3;5.0;25.0;59.2;10.0;0;0;0;0;16500.63;11280.08;5220.55;32443.352
2026-08-10T23:59:49.149295+02:00;standby;25.2;51.2;5.0;25.0;59.2;10.0;0;0;0;0;16500.63;11280.08;5220.55;32443.352
2026-08-11T00:00:49.617209+02:00;standby;25.2;51.1;5.0;25.0;59.2;10.0;0;0;0;0;16500.63;11280.08;5220.55;32443.352
2026-08-11T00:01:50.094596+02:00;standby;25.2;51.0;5.0;25.0;59.1;10.0;0;0;0;0;16500.63;11280.08;5220.55;32443.352
2026-08-11T00:02:54.274747+02:00;standby;25.2;50.9;5.0;25.0;59.1;10.0;0;0;0;0;16500.63;11280.08;5220.55;32443.352
2026-08-11T00:03:54.715792+02:00;standby;25.2;50.8;5.0;25.0;59.1;10.0;0;0;0;0;16500.63;11280.08;5220.55;32443.352
2026-08-11T00:04:55.186212+02:00;standby;25.2;50.7;5.0;25.0;59.1;10.0;0;0;0;0;16500.63;11280.08;5220.55;32443.352
2026-08-11T00:05:55.848026+02:00;standby;25.2;50.6;5.0;25.0;59.1;10.0;0;0;0;0;16500.63;11280.08;5220.55;32443.352
2026-08-11T00:06:56.274160+02:00;standby;25.2;50.4;5.0;25.0;59.1;10.0;0;0;0;0;16500.63;11280.08;5220.55;32443.352
2026-08-11T00:07:56.685805+02:00;standby;25.2;50.3;5.0;25.0;59.1;10.0;0;0;0;0;16500.63;11280.08;5220.55;32443.352
2026-08-11T00:08:57.610774+02:00;standby;25.2;50.2;5.0;25.0;59.1;10.0;0;0;0;0;16500.63;11280.08;5220.55;32443.352
2026-08-11T00:09:58.073342+02:00;standby;25.2;50.1;5.0;25.0;59.1;10.0;0;0;0;0;16500.63;11280.08;5220.55;32443.352
2026-08-11T00:10:58.553142+02:00;standby;25.2;50.0;5.0;25.0;59.1;10.0;0;0;0;0;16500.63;11280.08;5220.55;32443.352
2026-08-11T00:11:59.028190+02:00;standby;25.2;49.9;5.0;25.0;59.1;10.0;0;0;0;0;16500.63;11280.08;5220.55;32443.352
2026-08-11T00:12:59.492728+02:00;standby;25.2;49.8;5.0;25.0;59.1;10.0;0;0;0;0;16500.63;11280.08;5220.55;32443.352
2026-08-11T00:13:59.954903+02:00;standby;25.2;49.7;5.0;25.0;59.1;10.0;0;0;0;0;16500.63;11280.08;5220.55;32443.352
2026-08-11T00:15:00.670397+02:00;standby;25.2;49.5;5.0;25.0;59.1;10.0;0;0;0;0;16500.63;11280.08;5220.55;32443.352
2026-08-11T00:16:01.190956+02:00;standby;25.2;49.4;5.0;25.0;58.9;10.0;0;0;0;0;16500.63;11280.08;5220.55;32443.352
2026-08-11T00:17:01.723605+02:00;standby;25.2;49.4;5.0;25.0;58.9;10.0;0;0;0;0;16500.63;11280.08;5220.55;32443.352
2026-08-11T00:18:02.188973+02:00;standby;25.2;49.3;5.0;25.0;58.9;10.0;0;0;0;0;16500.63;11280.08;5220.55;32443.352
2026-08-11T00:19:02.607775+02:00;standby;25.2;49.2;5.0;25.0;58.9;10.0;0;0;0;0;16500.63;11280.08;5220.55;32443.352
2026-08-11T00:20:03.093210+02:00;standby;25.2;49.1;5.0;25.0;58.9;10.0;0;0;0;0;16500.63;11280.08;5220.55;32443.352
2026-08-11T00:21:04.109387+02:00;standby;25.2;49.0;5.0;25.0;58.9;10.0;0;0;0;0;16500.63;11280.08;5220.55;32443.352
2026-08-11T00:22:04.631754+02:00;standby;25.2;48.9;5.0;25.0;58.9;10.0;0;0;0;0;16500.63;11280.08;5220.55;32443.352
2026-08-11T00:23:05.130469+02:00;standby;25.2;48.7;5.0;25.0;58.9;10.0;0;0;0;0;16500.63;11280.08;5220.55;32443.352
2026-08-11T00:24:05.558288+02:00;standby;25.2;48.6;5.0;25.0;58.9;10.0;0;0;0;0;16500.63;11280.08;5220.55;32443.352
2026-08-11T00:25:06.030607+02:00;standby;25.2;48.5;5.0;25.0;58.9;10.0;0;0;0;0;16500.63;11280.08;5220.55;32443.352
2026-08-11T00:26:06.693256+02:00;standby;25.2;48.5;5.0;25.0;58.9;10.0;0;0;0;0;16500.63;11280.08;5220.55;32443.352
2026-08-11T00:27:07.205728+02:00;standby;25.2;48.4;5.0;25.0;58.9;10.0;0;0;0;0;16500.63;11280.08;5220.55;32443.352
2026-08-11T00:28:08.040047+02:00;standby;25.2;48.3;5.0;25.0;58.9;10.0;0;0;0;0;16500.63;11280.08;5220.55;32443.352
2026-08-11T00:29:08.536309+02:00;standby;25.2;48.2;5.0;25.0;58.8;10.0;0;0;0;0;16500.63;11280.08;5220.55;32443.352
2026-08-11T00:30:09.035981+02:00;standby;25.2;48.1;5.0;25.0;58.8;10.0;0;0;0;0;16500.63;11280.08;5220.55;32443.352
2026-08-11T00:31:10.015850+02:00;standby;25.2;48.0;5.0;25.0;58.8;10.0;0;0;0;0;16500.63;11280.08;5220.55;32443.352
2026-08-11T00:32:10.518130+02:00;standby;25.2;47.8;5.0;25.0;58.8;10.0;0;0;0;0;16500.63;11280.08;5220.55;32443.352
2026-08-11T00:33:11.105842+02:00;standby;25.2;47.8;5.0;25.0;58.8;10.0;0;0;0;0;16500.63;11280.08;5220.55;32443.352
2026-08-11T00:34:11.526477+02:00;standby;25.2;47.7;5.0;25.0;58.8;10.0;0;0;0;0;16500.63;11280.08;5220.55;32443.352
2026-08-11T00:35:12.695330+02:00;standby;25.2;47.6;5.0;25.0;58.8;10.0;0;0;0;0;16500.63;11280.08;5220.55;32443.352
2026-08-11T00:36:13.176880+02:00;standby;25.2;47.5;5.0;25.0;58.8;10.0;0;0;0;0;16500.63;11280.08;5220.55;32443.352
2026-08-11T00:37:13.594707+02:00;standby;25.2;47.4;5.0;25.0;58.8;10.0;0;0;0;0;16500.63;11280.08;5220.55;32443.352
2026-08-11T00:38:14.043453+02:00;standby;25.2;47.3;5.0;25.0;58.8;10.0;0;0;0;0;16500.63;11280.08;5220.55;32443.352
2026-08-11T00:39:14.670908+02:00;standby;25.2;47.3;5.0;25.0;58.8;10.0;0;0;0;0;16500.63;11280.08;5220.55;32443.352
2026-08-11T00:40:15.196524+02:00;standby;25.2;47.2;5.0;25.0;58.8;10.0;0;0;0;0;16500.63;11280.08;5220.55;32443.352
2026-08-11T00:41:15.908303+02:00;standby;25.2;47.0;5.0;25.0;58.8;10.0;0;0;0;0;16500.63;11280.08;5220.55;32443.352
2026-08-11T00:42:16.397462+02:00;standby;25.2;46.9;5.0;25.0;58.7;10.0;0;0;0;0;16500.63;11280.08;5220.55;32443.352
2026-08-11T00:43:16.845318+02:00;standby;25.2;46.8;5.0;25.0;58.7;10.0;0;0;0;0;16500.63;11280.08;5220.55;32443.352
2026-08-11T00:44:17.372408+02:00;standby;25.2;46.8;5.0;25.0;58.7;10.0;0;0;0;0;16500.63;11280.08;5220.55;32443.352
2026-08-11T00:45:17.880974+02:00;standby;25.2;46.7;5.0;25.0;58.7;10.0;0;0;0;0;16500.63;11280.08;5220.55;32443.352
2026-08-11T00:46:18.513381+02:00;standby;25.2;46.6;5.0;25.0;58.7;10.0;0;0;0;0;16500.63;11280.08;5220.55;32443.352
2026-08-11T00:47:19.364605+02:00;standby;25.2;46.5;5.0;25.0;58.7;10.0;0;0;0;0;16500.63;11280.08;5220.55;32443.352
2026-08-11T00:48:19.853471+02:00;standby;25.2;46.5;5.0;25.0;58.7;10.0;0;0;0;0;16500.63;11280.08;5220.55;32443.352
2026-08-11T00:49:20.393904+02:00;standby;25.2;46.4;5.0;25.0;58.7;10.0;0;0;0;0;16500.63;11280.08;5220.55;32443.352
2026-08-11T00:50:20.899353+02:00;standby;25.2;46.2;5.0;25.0;58.7;10.0;0;0;0;0;16500.63;11280.08;5220.55;32443.352
2026-08-11T00:51:21.661114+02:00;standby;25.2;46.1;5.0;25.0;58.7;10.0;0;0;0;0;16500.63;11280.08;5220.55;32443.352
2026-08-11T00:52:22.232237+02:00;standby;25.2;46.1;5.0;25.0;58.7;10.0;0;0;0;0;16500.63;11280.08;5220.55;32443.352
2026-08-11T00:53:22.754649+02:00;standby;25.2;46.0;5.0;25.0;58.7;10.0;0;0;0;0;16500.63;11280.08;5220.55;32443.352
2026-08-11T00:54:23.340630+02:00;standby;25.2;45.9;5.0;25.0;58.7;10.0;0;0;0;0;16500.63;11280.08;5220.55;32443.352
2026-08-11T00:55:24.100141+02:00;standby;25.2;45.8;5.0;25.0;58.7;10.0;0;0;0;0;16500.63;11280.08;5220.55;32443.352
2026-08-11T00:56:25.448230+02:00;standby;25.2;45.8;5.0;25.0;58.6;10.0;0;0;0;0;16500.63;11280.08;5220.55;32443.352
2026-08-11T00:57:25.969641+02:00;standby;25.2;45.7;5.0;25.0;58.6;10.0;0;0;0;0;16500.63;11280.08;5220.55;32443.352
2026-08-11T00:58:26.472679+02:00;standby;25.2;45.6;5.0;25.0;58.6;10.0;0;0;0;0;16500.63;11280.08;5220.55;32443.352
2026-08-11T00:59:27.216934+02:00;standby;24.9;45.5;5.0;25.0;58.6;10.0;0;0;0;0;16500.63;11280.08;5220.55;32443.352
2026-08-11T01:00:28.238797+02:00;standby;24.9;45.5;5.0;25.0;58.6;10.0;0;0;0;0;16500.63;11280.08;5220.55;32443.352
2026-08-11T01:01:28.747133+02:00;standby;24.9;45.3;5.0;25.0;58.6;10.0;0;0;0;0;16500.63;11280.08;5220.55;32443.352
2026-08-11T01:02:29.389357+02:00;standby;24.9;45.2;5.0;25.0;58.6;10.0;0;0;0;0;16500.63;11280.08;5220.55;32443.352
2026-08-11T01:03:30.413040+02:00;standby;24.9;45.2;5.0;25.0;58.6;10.0;0;0;0;0;16500.63;11280.08;5220.55;32443.352
2026-08-11T01:04:31.237187+02:00;standby;24.9;45.1;5.0;25.0;58.6;10.0;0;0;0;0;16500.63;11280.08;5220.55;32443.352
2026-08-11T01:05:31.783046+02:00;standby;24.9;45.0;5.0;25.0;58.6;10.0;0;0;0;0;16500.63;11280.08;5220.55;32443.352
2026-08-11T01:06:32.276495+02:00;standby;24.9;45.0;5.0;25.0;58.6;10.0;0;0;0;0;16500.63;11280.08;5220.55;32443.352
2026-08-11T01:07:32.803768+02:00;standby;24.9;44.9;5.0;25.0;58.6;10.0;0;0;0;0;16500.63;11280.08;5220.55;32443.352
2026-08-11T01:08:33.317800+02:00;standby;24.9;44.8;5.0;25.0;58.6;10.0;0;0;0;0;16500.63;11280.08;5220.55;32443.352
2026-08-11T01:09:34.031623+02:00;standby;24.9;44.8;5.0;25.0;58.6;10.0;0;0;0;0;16500.63;11280.08;5220.55;32443.352
2026-08-11T01:10:34.565071+02:00;standby;24.9;44.7;5.0;25.0;58.5;10.0;0;0;0;0;16500.63;11280.08;5220.55;32443.352
2026-08-11T01:11:35.041799+02:00;standby;24.9;44.5;5.0;25.0;58.5;10.0;0;0;0;0;16500.63;11280.08;5220.55;32443.352
2026-08-11T01:12:35.600470+02:00;standby;24.9;44.5;5.0;25.0;58.5;10.0;0;0;0;0;16500.63;11280.08;5220.55;32443.352
2026-08-11T01:13:36.064561+02:00;standby;24.9;44.4;5.0;25.0;58.5;10.0;0;0;0;0;16500.63;11280.08;5220.55;32443.352
2026-08-11T01:14:36.755812+02:00;standby;24.9;44.3;5.0;25.0;58.5;10.0;0;0;0;0;16500.63;11280.08;5220.55;32443.352
2026-08-11T01:15:37.494720+02:00;standby;24.9;44.3;5.0;25.0;58.5;10.0;0;0;0;0;16500.63;11280.08;5220.55;32443.352
2026-08-11T01:16:38.089251+02:00;standby;24.9;44.2;5.0;25.0;58.5;10.0;0;0;0;0;16500.63;11280.08;5220.55;32443.352
2026-08-11T01:17:38.852974+02:00;standby;24.9;44.1;5.0;25.0;58.5;10.0;0;0;0;0;16500.63;11280.08;5220.55;32443.352
2026-08-11T01:18:39.326746+02:00;standby;24.9;44.1;5.0;25.0;58.5;10.0;0;0;0;0;16500.63;11280.08;5220.55;32443.352
2026-08-11T01:19:40.099103+02:00;standby;24.9;44.0;5.0;25.0;58.5;10.0;0;0;0;0;16500.63;11280.08;5220.55;32443.352
2026-08-11T01:20:40.595104+02:00;standby;24.9;44.0;5.0;25.0;58.5;10.0;0;0;0;0;16500.63;11280.08;5220.55;32443.352
2026-08-11T01:21:41.114288+02:00;standby;24.9;43.9;5.0;25.0;58.5;10.0;0;0;0;0;16500.63;11280.08;5220.55;32443.352
2026-08-11T01:22:41.606997+02:00;standby;24.9;43.7;5.0;25.0;58.5;10.0;0;0;0;0;16500.63;11280.08;5220.55;32443.352
2026-08-11T01:23:42.328441+02:00;standby;24.9;43.6;5.0;25.0;58.5;10.0;0;0;0;0;16500.63;11280.08;5220.55;32443.352
2026-08-11T01:24:42.982406+02:00;standby;24.9;43.6;5.0;25.0;58.4;10.0;0;0;0;0;16500.63;11280.08;5220.55;32443.352
2026-08-11T01:25:43.672303+02:00;standby;24.9;43.5;5.0;25.0;58.4;10.0;0;0;0;0;16500.63;11280.08;5220.55;32443.352
2026-08-11T01:26:44.304254+02:00;standby;24.9;43.5;5.0;25.0;58.4;10.0;0;0;0;0;16500.63;11280.08;5220.55;32443.352
2026-08-11T01:27:44.825934+02:00;standby;24.9;43.4;5.0;25.0;58.4;10.0;0;0;0;0;16500.63;11280.08;5220.55;32443.352
2026-08-11T01:28:45.477658+02:00;standby;24.9;43.4;5.0;25.0;58.4;10.0;0;0;0;0;16500.63;11280.08;5220.55;32443.352
2026-08-11T01:29:46.274865+02:00;standby;24.9;43.3;5.0;25.0;58.4;10.0;0;0;0;0;16500.63;11280.08;5220.55;32443.352
2026-08-11T01:30:46.904432+02:00;standby;24.9;43.2;5.0;25.0;58.4;10.0;0;0;0;0;16500.63;11280.08;5220.55;32443.352
2026-08-11T01:31:47.563909+02:00;standby;24.9;43.2;5.0;25.0;58.4;10.0;0;0;0;0;16500.63;11280.08;5220.55;32443.352
2026-08-11T01:32:48.024549+02:00;standby;24.9;43.1;5.0;25.0;58.4;10.0;0;0;0;0;16500.63;11280.08;5220.55;32443.352
2026-08-11T01:33:48.598212+02:00;standby;24.9;43.1;5.0;25.0;58.4;10.0;0;0;0;0;16500.63;11280.08;5220.55;32443.352
2026-08-11T01:34:49.111599+02:00;standby;24.9;43.0;5.0;25.0;58.4;10.0;0;0;0;0;16500.63;11280.08;5220.55;32443.352
2026-08-11T01:35:49.642764+02:00;standby;24.9;42.8;5.0;25.0;58.4;10.0;0;0;0;0;16500.63;11280.08;5220.55;32443.352
2026-08-11T01:36:50.106987+02:00;standby;24.9;42.8;5.0;25.0;58.4;10.0;0;0;0;0;16500.63;11280.08;5220.55;32443.352
2026-08-11T01:37:50.622473+02:00;standby;24.9;42.7;5.0;25.0;58.4;10.0;0;0;0;0;16500.63;11280.08;5220.55;32443.352
2026-08-11T01:38:51.243196+02:00;standby;24.9;42.7;5.0;25.0;58.3;10.0;0;0;0;0;16500.63;11280.08;5220.55;32443.352
2026-08-11T01:39:51.900392+02:00;standby;24.9;42.6;5.0;25.0;58.3;10.0;0;0;0;0;16500.63;11280.08;5220.55;32443.352
2026-08-11T01:40:52.489892+02:00;standby;24.9;42.6;5.0;25.0;58.3;10.0;0;0;0;0;16500.63;11280.08;5220.55;32443.352
2026-08-11T01:41:53.020487+02:00;standby;24.9;42.5;5.0;25.0;58.3;10.0;0;0;0;0;16500.63;11280.08;5220.55;32443.352
2026-08-11T01:42:53.542698+02:00;standby;24.9;42.5;5.0;25.0;58.3;10.0;0;0;0;0;16500.63;11280.08;5220.55;32443.352
2026-08-11T01:43:54.048189+02:00;standby;24.9;42.4;5.0;25.0;58.3;10.0;0;0;0;0;16500.63;11280.08;5220.55;32443.352
2026-08-11T01:44:54.563532+02:00;standby;24.9;42.3;5.0;25.0;58.3;10.0;0;0;0;0;16500.63;11280.08;5220.55;32443.352
2026-08-11T01:45:55.089743+02:00;standby;24.9;42.3;5.0;25.0;58.3;10.0;0;0;0;0;16500.63;11280.08;5220.55;32443.352
2026-08-11T01:46:55.608300+02:00;standby;24.9;42.2;5.0;25.0;58.3;10.0;0;0;0;0;16500.63;11280.08;5220.55;32443.352
2026-08-11T01:47:56.228650+02:00;standby;24.9;42.2;5.0;25.0;58.3;10.0;0;0;0;0;16500.63;11280.08;5220.55;32443.352
2026-08-11T01:48:56.745786+02:00;standby;24.9;42.0;5.0;25.0;58.3;10.0;0;0;0;0;16500.63;11280.08;5220.55;32443.352
2026-08-11T01:49:57.587992+02:00;standby;24.9;42.0;5.0;25.0;58.3;10.0;0;0;0;0;16500.63;11280.08;5220.55;32443.352
2026-08-11T01:50:58.346784+02:00;standby;24.9;41.9;5.0;25.0;58.3;10.0;0;0;0;0;16500.63;11280.08;5220.55;32443.352
2026-08-11T01:51:58.814663+02:00;standby;24.9;41.9;5.0;25.0;58.3;10.0;0;0;0;0;16500.63;11280.08;5220.55;32443.352
2026-08-11T01:52:59.334918+02:00;standby;24.9;41.8;5.0;25.0;58.2;10.0;0;0;0;0;16500.63;11280.08;5220.55;32443.352
2026-08-11T01:53:59.956627+02:00;standby;24.9;41.8;5.0;25.0;58.2;10.0;0;0;0;0;16500.63;11280.08;5220.55;32443.352
2026-08-11T01:55:00.579198+02:00;standby;24.9;41.7;5.0;25.0;58.2;10.0;0;0;0;0;16500.63;11280.08;5220.55;32443.352
2026-08-11T01:56:01.221783+02:00;standby;24.9;41.7;5.0;25.0;58.2;10.0;0;0;0;0;16500.63;11280.08;5220.55;32443.352
2026-08-11T01:57:01.720352+02:00;standby;24.9;41.6;5.0;25.0;58.2;10.0;0;0;0;0;16500.63;11280.08;5220.55;32443.352
2026-08-11T01:58:02.340170+02:00;standby;24.9;41.6;5.0;25.0;58.2;10.0;0;0;0;0;16500.63;11280.08;5220.55;32443.352
2026-08-11T01:59:02.895265+02:00;standby;24.9;41.5;5.0;25.0;58.2;10.0;0;0;0;0;16500.63;11280.08;5220.55;32443.352
2026-08-11T02:00:04.099385+02:00;standby;24.1;41.4;5.0;25.0;58.2;10.0;0;0;0;0;16500.63;11280.08;5220.55;32443.352
2026-08-11T02:01:04.649143+02:00;standby;24.1;41.4;5.0;25.0;58.2;10.0;0;0;0;0;16500.63;11280.08;5220.55;32443.352
2026-08-11T02:02:05.131619+02:00;standby;24.1;41.4;5.0;25.0;58.2;10.0;0;0;0;0;16500.63;11280.08;5220.55;32443.352
2026-08-11T02:03:05.760581+02:00;standby;24.1;41.2;5.0;25.0;58.2;10.0;0;0;0;0;16500.63;11280.08;5220.55;32443.352
2026-08-11T02:04:06.277567+02:00;standby;24.1;41.2;5.0;25.0;58.2;10.0;0;0;0;0;16500.63;11280.08;5220.55;32443.352
2026-08-11T02:05:06.800581+02:00;standby;24.1;41.1;5.0;25.0;58.2;10.0;0;0;0;0;16500.63;11280.08;5220.55;32443.352
2026-08-11T02:06:07.627541+02:00;standby;24.1;41.1;5.0;25.0;58.1;10.0;0;0;0;0;16500.63;11280.08;5220.55;32443.352
2026-08-11T02:07:08.240966+02:00;standby;24.1;41.0;5.0;25.0;58.1;10.0;0;0;0;0;16500.63;11280.08;5220.55;32443.352
2026-08-11T02:08:08.780757+02:00;standby;24.1;40.9;5.0;25.0;58.1;10.0;0;0;0;0;16500.63;11280.08;5220.55;32443.352
2026-08-11T02:09:09.287312+02:00;standby;24.1;40.9;5.0;25.0;58.1;10.0;0;0;0;0;16500.63;11280.08;5220.55;32443.352
2026-08-11T02:10:09.802834+02:00;standby;24.1;40.9;5.0;25.0;58.1;10.0;0;0;0;0;16500.63;11280.08;5220.55;32443.352
2026-08-11T02:11:10.752970+02:00;standby;24.1;40.8;5.0;25.0;58.1;10.0;0;0;0;0;16500.63;11280.08;5220.55;32443.352
2026-08-11T02:12:11.247183+02:00;standby;24.1;40.8;5.0;25.0;58.1;10.0;0;0;0;0;16500.63;11280.08;5220.55;32443.352
2026-08-11T02:13:11.765044+02:00;standby;24.1;40.7;5.0;25.0;58.1;10.0;0;0;0;0;16500.63;11280.08;5220.55;32443.352
2026-08-11T02:14:12.286199+02:00;standby;24.1;40.7;5.0;25.0;58.1;10.0;0;0;0;0;16500.63;11280.08;5220.55;32443.352
2026-08-11T02:15:12.814295+02:00;standby;24.1;40.6;5.0;25.0;58.1;10.0;0;0;0;0;16500.63;11280.08;5220.55;32443.352
2026-08-11T02:16:13.449037+02:00;standby;24.1;40.6;5.0;25.0;58.1;10.0;0;0;0;0;16500.63;11280.08;5220.55;32443.352
2026-08-11T02:17:14.071182+02:00;standby;24.1;40.5;5.0;25.0;58.1;10.0;0;0;0;0;16500.63;11280.08;5220.55;32443.352
2026-08-11T02:18:14.528818+02:00;standby;24.1;40.5;5.0;25.0;58.0;10.0;0;0;0;0;16500.63;11280.08;5220.55;32443.352
2026-08-11T02:19:16.141150+02:00;standby;24.1;40.3;5.0;25.0;58.0;10.0;0;0;0;0;16500.63;11280.08;5220.55;32443.352
2026-08-11T02:20:17.497443+02:00;standby;24.1;40.3;5.0;25.0;58.0;10.0;0;0;0;0;16500.63;11280.08;5220.55;32443.352
2026-08-11T02:21:18.289107+02:00;standby;24.1;40.2;5.0;25.0;58.0;10.0;0;0;0;0;16500.63;11280.08;5220.55;32443.352
2026-08-11T02:22:18.930713+02:00;standby;24.1;40.2;5.0;25.0;58.0;10.0;0;0;0;0;16500.63;11280.08;5220.55;32443.352
2026-08-11T02:23:19.520241+02:00;standby;24.1;40.2;5.0;25.0;58.0;10.0;0;0;0;0;16500.63;11280.08;5220.55;32443.352
2026-08-11T02:24:20.005298+02:00;standby;24.1;40.1;5.0;25.0;58.0;10.0;0;0;0;0;16500.63;11280.08;5220.55;32443.352
2026-08-11T02:25:20.497906+02:00;standby;24.1;40.1;5.0;25.0;58.0;10.0;0;0;0;0;16500.63;11280.08;5220.55;32443.352
2026-08-11T02:26:21.028324+02:00;standby;24.1;40.0;5.0;25.0;58.0;10.0;0;0;0;0;16500.63;11280.08;5220.55;32443.352
2026-08-11T02:27:21.604616+02:00;standby;24.1;40.0;5.0;25.0;58.0;10.0;0;0;0;0;16500.63;11280.08;5220.55;32443.352
2026-08-11T02:28:22.174844+02:00;standby;24.1;39.9;5.0;25.0;58.0;10.0;0;0;0;0;16500.63;11280.08;5220.55;32443.352
2026-08-11T02:29:22.639614+02:00;standby;24.1;39.9;5.0;25.0;58.0;10.0;0;0;0;0;16500.63;11280.08;5220.55;32443.352
2026-08-11T02:30:23.666953+02:00;standby;24.1;39.9;5.0;25.0;58.0;10.0;0;0;0;0;16500.63;11280.08;5220.55;32443.352
2026-08-11T02:31:24.231260+02:00;standby;24.1;39.8;5.0;25.0;58.0;10.0;0;0;0;0;16500.63;11280.08;5220.55;32443.352
2026-08-11T02:32:24.707883+02:00;standby;24.1;39.8;5.0;25.0;58.0;10.0;0;0;0;0;16500.63;11280.08;5220.55;32443.352
2026-08-11T02:33:25.580393+02:00;standby;24.1;39.6;5.0;25.0;57.9;10.0;0;0;0;0;16500.63;11280.08;5220.55;32443.352
2026-08-11T02:34:26.223575+02:00;standby;24.1;39.6;5.0;25.0;57.9;10.0;0;0;0;0;16500.63;11280.08;5220.55;32443.352
2026-08-11T02:35:26.682332+02:00;standby;24.1;39.5;5.0;25.0;57.9;10.0;0;0;0;0;16500.63;11280.08;5220.55;32443.352
2026-08-11T02:36:27.140933+02:00;standby;24.1;39.5;5.0;25.0;57.9;10.0;0;0;0;0;16500.63;11280.08;5220.55;32443.352
2026-08-11T02:37:27.956333+02:00;standby;24.1;39.5;5.0;25.0;57.9;10.0;0;0;0;0;16500.63;11280.08;5220.55;32443.352
2026-08-11T02:38:28.434837+02:00;standby;24.1;39.4;5.0;25.0;57.9;10.0;0;0;0;0;16500.63;11280.08;5220.55;32443.352
2026-08-11T02:39:28.982641+02:00;standby;24.1;39.4;5.0;25.0;57.9;10.0;0;0;0;0;16500.63;11280.08;5220.55;32443.352
2026-08-11T02:40:29.500790+02:00;standby;24.1;39.3;5.0;25.0;57.9;10.0;0;0;0;0;16500.63;11280.08;5220.55;32443.352
2026-08-11T02:41:30.020658+02:00;standby;24.1;39.3;5.0;25.0;57.9;10.0;0;0;0;0;16500.63;11280.08;5220.55;32443.352
2026-08-11T02:42:30.567461+02:00;standby;24.1;39.3;5.0;25.0;57.9;10.0;0;0;0;0;16500.63;11280.08;5220.55;32443.352
2026-08-11T02:43:31.057082+02:00;standby;24.1;39.1;5.0;25.0;57.9;10.0;0;0;0;0;16500.63;11280.08;5220.55;32443.352
2026-08-11T02:44:31.668127+02:00;standby;24.1;39.1;5.0;25.0;57.9;10.0;0;0;0;0;16500.63;11280.08;5220.55;32443.352
2026-08-11T02:45:32.287517+02:00;standby;24.1;39.0;5.0;25.0;57.9;10.0;0;0;0;0;16500.63;11280.08;5220.55;32443.352
2026-08-11T02:46:32.802396+02:00;standby;24.1;39.0;5.0;25.0;57.8;10.0;0;0;0;0;16500.63;11280.08;5220.55;32443.352
2026-08-11T02:47:33.319969+02:00;standby;24.1;39.0;5.0;25.0;57.9;10.0;0;0;0;0;16500.63;11280.08;5220.55;32443.352
2026-08-11T02:48:33.834213+02:00;standby;24.1;38.9;5.0;25.0;57.8;10.0;0;0;0;0;16500.63;11280.08;5220.55;32443.352
2026-08-11T02:49:34.264191+02:00;standby;24.1;38.9;5.0;25.0;57.8;10.0;0;0;0;0;16500.63;11280.08;5220.55;32443.352
2026-08-11T02:50:34.884802+02:00;standby;24.1;38.9;5.0;25.0;57.8;10.0;0;0;0;0;16500.63;11280.08;5220.55;32443.352
2026-08-11T02:51:35.497424+02:00;standby;24.1;38.8;5.0;25.0;57.8;10.0;0;0;0;0;16500.63;11280.08;5220.55;32443.352
2026-08-11T02:52:35.940094+02:00;standby;24.1;38.8;5.0;25.0;57.8;10.0;0;0;0;0;16500.63;11280.08;5220.55;32443.352
2026-08-11T02:53:36.534813+02:00;standby;24.1;38.6;5.0;25.0;57.8;10.0;0;0;0;0;16500.63;11280.08;5220.55;32443.352
2026-08-11T02:54:37.150482+02:00;standby;24.1;38.6;5.0;25.0;57.8;10.0;0;0;0;0;16500.63;11280.08;5220.55;32443.352
2026-08-11T02:55:37.618436+02:00;standby;24.1;38.6;5.0;25.0;57.8;10.0;0;0;0;0;16500.63;11280.08;5220.55;32443.352
2026-08-11T02:56:38.413495+02:00;standby;24.1;38.5;5.0;25.0;57.8;10.0;0;0;0;0;16500.63;11280.08;5220.55;32443.352
2026-08-11T02:57:38.880481+02:00;standby;24.1;38.5;5.0;25.0;57.8;10.0;0;0;0;0;16500.63;11280.08;5220.55;32443.352
2026-08-11T02:58:39.338608+02:00;standby;24.1;38.5;5.0;25.0;57.8;10.0;0;0;0;0;16500.63;11280.08;5220.55;32443.352
2026-08-11T02:59:39.852611+02:00;standby;24.1;38.4;5.0;25.0;57.7;10.0;0;0;0;0;16500.63;11280.08;5220.55;32443.352
2026-08-11T03:00:40.335040+02:00;standby;24.2;38.4;5.0;25.0;57.7;10.0;0;0;0;0;16500.63;11280.08;5220.55;32443.352
2026-08-11T03:01:40.812997+02:00;standby;24.2;38.4;5.0;25.0;57.7;10.0;0;0;0;0;16500.63;11280.08;5220.55;32443.352
2026-08-11T03:02:41.325787+02:00;standby;24.2;38.3;5.0;25.0;57.7;10.0;0;0;0;0;16500.63;11280.08;5220.55;32443.352
2026-08-11T03:03:41.844033+02:00;standby;24.2;38.3;5.0;25.0;57.7;10.0;0;0;0;0;16500.63;11280.08;5220.55;32443.352
2026-08-11T03:04:42.441798+02:00;standby;24.2;38.1;5.0;25.0;57.7;10.0;0;0;0;0;16500.63;11280.08;5220.55;32443.352
2026-08-11T03:05:43.214805+02:00;standby;24.2;38.1;5.0;25.0;57.7;10.0;0;0;0;0;16500.63;11280.08;5220.55;32443.352
2026-08-11T03:06:43.733966+02:00;standby;24.2;38.1;5.0;25.0;57.7;10.0;0;0;0;0;16500.63;11280.08;5220.55;32443.352
2026-08-11T03:07:44.426321+02:00;standby;24.2;38.0;5.0;25.0;57.7;10.0;0;0;0;0;16500.63;11280.08;5220.55;32443.352
2026-08-11T03:08:44.957608+02:00;standby;24.2;38.0;5.0;25.0;57.7;10.0;0;0;0;0;16500.63;11280.08;5220.55;32443.352
2026-08-11T03:09:45.469621+02:00;standby;24.2;38.0;5.0;25.0;57.7;10.0;0;0;0;0;16500.63;11280.08;5220.55;32443.352
2026-08-11T03:10:45.931491+02:00;standby;24.2;37.9;5.0;25.0;57.7;10.0;0;0;0;0;16500.63;11280.08;5220.55;32443.352
2026-08-11T03:11:46.401627+02:00;standby;24.2;37.9;5.0;25.0;57.7;10.0;0;0;0;0;16500.63;11280.08;5220.55;32443.352
2026-08-11T03:12:47.051739+02:00;standby;24.2;37.9;5.0;25.0;57.6;10.0;0;0;0;0;16500.63;11280.08;5220.55;32443.352
2026-08-11T03:13:47.554727+02:00;standby;24.2;37.8;5.0;25.0;57.6;10.0;0;0;0;0;16500.63;11280.08;5220.55;32443.352
2026-08-11T03:14:48.043076+02:00;standby;24.2;37.8;5.0;25.0;57.6;10.0;0;0;0;0;16500.63;11280.08;5220.55;32443.352
2026-08-11T03:15:48.529095+02:00;standby;24.2;37.8;5.0;25.0;57.6;10.0;0;0;0;0;16500.63;11280.08;5220.55;32443.352
2026-08-11T03:16:48.944081+02:00;standby;24.2;37.7;5.0;25.0;57.6;10.0;0;0;0;0;16500.63;11280.08;5220.55;32443.352
2026-08-11T03:17:49.421426+02:00;standby;24.2;37.7;5.0;25.0;57.6;10.0;0;0;0;0;16500.63;11280.08;5220.55;32443.352
2026-08-11T03:18:50.155001+02:00;standby;24.2;37.7;5.0;25.0;57.6;10.0;0;0;0;0;16500.63;11280.08;5220.55;32443.352
2026-08-11T03:19:50.671823+02:00;standby;24.2;37.5;5.0;25.0;57.6;10.0;0;0;0;0;16500.63;11280.08;5220.55;32443.352
2026-08-11T03:20:51.178177+02:00;standby;24.2;37.5;5.0;25.0;57.6;10.0;0;0;0;0;16500.63;11280.08;5220.55;32443.352
2026-08-11T03:21:51.690161+02:00;standby;24.2;37.5;5.0;25.0;57.6;10.0;0;0;0;0;16500.63;11280.08;5220.55;32443.352
2026-08-11T03:22:52.247990+02:00;standby;24.2;37.4;5.0;25.0;57.6;10.0;0;0;0;0;16500.63;11280.08;5220.55;32443.352
2026-08-11T03:23:52.836751+02:00;standby;24.2;37.4;5.0;25.0;57.6;10.0;0;0;0;0;16500.63;11280.08;5220.55;32443.352
2026-08-11T03:24:53.889324+02:00;standby;24.2;37.4;5.0;25.0;57.6;10.0;0;0;0;0;16500.63;11280.08;5220.55;32443.352
2026-08-11T03:25:54.803593+02:00;standby;24.2;37.3;5.0;25.0;57.6;10.0;0;0;0;0;16500.63;11280.08;5220.55;32443.352
2026-08-11T03:26:56.249351+02:00;standby;24.2;37.3;5.0;25.0;57.5;10.0;0;0;0;0;16500.63;11280.08;5220.55;32443.352
2026-08-11T03:27:56.709074+02:00;standby;24.2;37.3;5.0;25.0;57.5;10.0;0;0;0;0;16500.63;11280.08;5220.55;32443.352
2026-08-11T03:28:57.197015+02:00;standby;24.2;37.3;5.0;25.0;57.5;10.0;0;0;0;0;16500.63;11280.08;5220.55;32443.352
2026-08-11T03:29:57.689534+02:00;standby;24.2;37.2;5.0;25.0;57.5;10.0;0;0;0;0;16500.63;11280.08;5220.55;32443.352
2026-08-11T03:30:58.311382+02:00;standby;24.2;37.2;5.0;25.0;57.5;10.0;0;0;0;0;16500.63;11280.08;5220.55;32443.352
2026-08-11T03:31:58.859445+02:00;standby;24.2;37.0;5.0;25.0;57.5;10.0;0;0;0;0;16500.63;11280.08;5220.55;32443.352
2026-08-11T03:32:59.335105+02:00;standby;24.2;37.0;5.0;25.0;57.5;10.0;0;0;0;0;16500.63;11280.08;5220.55;32443.352
2026-08-11T03:33:59.851505+02:00;standby;24.2;37.0;5.0;25.0;57.5;10.0;0;0;0;0;16500.63;11280.08;5220.55;32443.352
2026-08-11T03:35:00.290533+02:00;standby;24.2;37.0;5.0;25.0;57.5;10.0;0;0;0;0;16500.63;11280.08;5220.55;32443.352
2026-08-11T03:36:00.758103+02:00;standby;24.2;36.9;5.0;25.0;57.5;10.0;0;0;0;0;16500.63;11280.08;5220.55;32443.352
2026-08-11T03:37:01.764228+02:00;standby;24.2;36.9;5.0;25.0;57.5;10.0;0;0;0;0;16500.63;11280.08;5220.55;32443.352
2026-08-11T03:38:02.455081+02:00;standby;24.2;36.9;5.0;25.0;57.4;10.0;0;0;0;0;16500.63;11280.08;5220.55;32443.352
2026-08-11T03:39:02.971073+02:00;standby;24.2;36.8;5.0;25.0;57.5;10.0;0;0;0;0;16500.63;11280.08;5220.55;32443.352
2026-08-11T03:40:03.624263+02:00;standby;24.2;36.8;5.0;25.0;57.4;10.0;0;0;0;0;16500.63;11280.08;5220.55;32443.352
2026-08-11T03:41:04.321706+02:00;standby;24.2;36.8;5.0;25.0;57.4;10.0;0;0;0;0;16500.63;11280.08;5220.55;32443.352
2026-08-11T03:42:04.824859+02:00;standby;24.2;36.7;5.0;25.0;57.4;10.0;0;0;0;0;16500.63;11280.08;5220.55;32443.352
2026-08-11T03:43:05.606258+02:00;standby;24.2;36.7;5.0;25.0;57.4;10.0;0;0;0;0;16500.63;11280.08;5220.55;32443.352
2026-08-11T03:44:06.102479+02:00;standby;24.2;36.7;5.0;25.0;57.4;10.0;0;0;0;0;16500.63;11280.08;5220.55;32443.352
2026-08-11T03:45:06.609110+02:00;standby;24.2;36.7;5.0;25.0;57.4;10.0;0;0;0;0;16500.63;11280.08;5220.55;32443.352
2026-08-11T03:46:07.124508+02:00;standby;24.2;36.5;5.0;25.0;57.4;10.0;0;0;0;0;16500.63;11280.08;5220.55;32443.352
2026-08-11T03:47:07.644977+02:00;standby;24.2;36.5;5.0;25.0;57.4;10.0;0;0;0;0;16500.63;11280.08;5220.55;32443.352
2026-08-11T03:48:08.296923+02:00;standby;24.2;36.5;5.0;25.0;57.4;10.0;0;0;0;0;16500.63;11280.08;5220.55;32443.352
2026-08-11T03:49:08.819651+02:00;standby;24.2;36.4;5.0;25.0;57.4;10.0;0;0;0;0;16500.63;11280.08;5220.55;32443.352
2026-08-11T03:50:09.298055+02:00;standby;24.2;36.4;5.0;25.0;57.4;10.0;0;0;0;0;16500.63;11280.08;5220.55;32443.352
2026-08-11T03:51:09.859733+02:00;standby;24.2;36.4;5.0;25.0;57.4;10.0;0;0;0;0;16500.63;11280.08;5220.55;32443.352
2026-08-11T03:52:10.343353+02:00;standby;24.2;36.4;5.0;25.0;57.4;10.0;0;0;0;0;16500.63;11280.08;5220.55;32443.352
2026-08-11T03:53:10.866796+02:00;standby;24.2;36.3;5.0;25.0;57.3;10.0;0;0;0;0;16500.63;11280.08;5220.55;32443.352
2026-08-11T03:54:11.582653+02:00;standby;24.2;36.3;5.0;25.0;57.3;10.0;0;0;0;0;16500.63;11280.08;5220.55;32443.352
2026-08-11T03:55:12.094750+02:00;standby;24.2;36.3;5.0;25.0;57.3;10.0;0;0;0;0;16500.63;11280.08;5220.55;32443.352
2026-08-11T03:56:12.624387+02:00;standby;24.2;36.3;5.0;25.0;57.3;10.0;0;0;0;0;16500.63;11280.08;5220.55;32443.352
2026-08-11T03:57:13.145122+02:00;standby;24.2;36.2;5.0;25.0;57.3;10.0;0;0;0;0;16500.63;11280.08;5220.55;32443.352
2026-08-11T03:58:13.682663+02:00;standby;24.2;36.2;5.0;25.0;57.3;10.0;0;0;0;0;16500.63;11280.08;5220.55;32443.352
2026-08-11T03:59:14.235578+02:00;standby;24.2;36.2;5.0;25.0;57.3;10.0;0;0;0;0;16500.63;11280.08;5220.55;32443.352
2026-08-11T04:00:14.754023+02:00;standby;24.2;36.0;5.0;25.0;57.3;10.0;0;0;0;0;16500.63;11280.08;5220.55;32443.352
2026-08-11T04:01:15.325436+02:00;standby;23.7;36.0;5.0;25.0;57.3;57.0;0;0;0;0;16500.63;11280.08;5220.55;32443.352
2026-08-11T04:02:15.990621+02:00;standby;23.7;36.0;5.0;25.0;57.3;57.0;0;0;0;0;16500.63;11280.08;5220.55;32443.352
2026-08-11T04:03:16.462524+02:00;standby;23.7;36.0;5.0;25.0;57.3;57.0;0;0;0;0;16500.63;11280.08;5220.55;32443.352
2026-08-11T04:04:17.009438+02:00;standby;23.7;35.9;5.0;25.0;57.3;57.0;0;0;0;0;16500.63;11280.08;5220.55;32443.352
2026-08-11T04:05:17.555738+02:00;standby;23.7;35.9;5.0;25.0;57.2;57.0;0;0;0;0;16500.63;11280.08;5220.55;32443.352
2026-08-11T04:06:18.240423+02:00;standby;23.7;35.9;5.0;25.0;57.2;57.0;0;0;0;0;16500.63;11280.08;5220.55;32443.352
2026-08-11T04:07:18.868589+02:00;standby;23.7;35.9;5.0;25.0;57.2;57.0;0;0;0;0;16500.63;11280.08;5220.55;32443.352
2026-08-11T04:08:19.487354+02:00;standby;23.7;35.8;5.0;25.0;57.2;57.0;0;0;0;0;16500.63;11280.08;5220.55;32443.352
2026-08-11T04:09:20.123490+02:00;standby;23.7;35.8;5.0;25.0;57.2;57.0;0;0;0;0;16500.63;11280.08;5220.55;32443.352
2026-08-11T04:10:20.879383+02:00;standby;23.7;35.8;5.0;25.0;57.2;57.0;0;0;0;0;16500.63;11280.08;5220.55;32443.352
2026-08-11T04:11:21.347626+02:00;standby;23.7;35.8;5.0;25.0;57.2;57.0;0;0;0;0;16500.63;11280.08;5220.55;32443.352
2026-08-11T04:12:21.857951+02:00;standby;23.7;35.7;5.0;25.0;57.2;57.0;0;0;0;0;16500.63;11280.08;5220.55;32443.352
2026-08-11T04:13:22.476583+02:00;standby;23.7;35.7;5.0;25.0;57.2;57.0;0;0;0;0;16500.63;11280.08;5220.55;32443.352
2026-08-11T04:14:23.022065+02:00;standby;23.7;35.7;5.0;25.0;57.2;57.0;0;0;0;0;16500.63;11280.08;5220.55;32443.352
2026-08-11T04:15:23.519492+02:00;standby;23.7;35.6;5.0;25.0;57.2;57.0;0;0;0;0;16500.63;11280.08;5220.55;32443.352
2026-08-11T04:16:24.062548+02:00;standby;23.7;35.6;5.0;25.0;57.2;57.0;0;0;0;0;16500.63;11280.08;5220.55;32443.352
2026-08-11T04:17:24.589132+02:00;standby;23.7;35.6;5.0;25.0;57.2;57.0;0;0;0;0;16500.63;11280.08;5220.55;32443.352
2026-08-11T04:18:25.093695+02:00;standby;23.7;35.6;5.0;25.0;57.2;57.0;0;0;0;0;16500.63;11280.08;5220.55;32443.352
2026-08-11T04:19:25.599494+02:00;standby;23.7;35.6;5.0;25.0;57.1;57.0;0;0;0;0;16500.63;11280.08;5220.55;32443.352
2026-08-11T04:20:26.124310+02:00;standby;23.7;35.4;5.0;25.0;57.1;57.0;0;0;0;0;16500.63;11280.08;5220.55;32443.352
2026-08-11T04:21:26.651449+02:00;standby;23.7;35.4;5.0;25.0;57.1;57.0;0;0;0;0;16500.63;11280.08;5220.55;32443.352
2026-08-11T04:22:27.181037+02:00;standby;23.7;35.4;5.0;25.0;57.1;57.0;0;0;0;0;16500.63;11280.08;5220.55;32443.352
2026-08-11T04:23:27.918353+02:00;standby;23.7;35.4;5.0;25.0;57.1;57.0;0;0;0;0;16500.63;11280.08;5220.55;32443.352
2026-08-11T04:24:28.361024+02:00;standby;23.7;35.3;5.0;25.0;57.1;57.0;0;0;0;0;16500.63;11280.08;5220.55;32443.352
2026-08-11T04:25:28.820742+02:00;standby;23.7;35.3;5.0;25.0;57.1;57.0;0;0;0;0;16500.63;11280.08;5220.55;32443.352
2026-08-11T04:26:29.341268+02:00;standby;23.7;35.3;5.0;25.0;57.1;57.0;0;0;0;0;16500.63;11280.08;5220.55;32443.352
2026-08-11T04:27:29.865497+02:00;standby;23.7;35.3;5.0;25.0;57.1;57.0;0;0;0;0;16500.63;11280.08;5220.55;32443.352
2026-08-11T04:28:30.374553+02:00;standby;23.7;35.2;5.0;25.0;57.1;57.0;0;0;0;0;16500.63;11280.08;5220.55;32443.352
2026-08-11T04:29:30.841769+02:00;standby;23.7;35.2;5.0;25.0;57.1;57.0;0;0;0;0;16500.63;11280.08;5220.55;32443.352
2026-08-11T04:30:31.320588+02:00;standby;23.7;35.2;5.0;25.0;57.1;57.0;0;0;0;0;16500.63;11280.08;5220.55;32443.352
2026-08-11T04:31:31.788384+02:00;standby;23.7;35.2;5.0;25.0;57.1;57.0;0;0;0;0;16500.63;11280.08;5220.55;32443.352
2026-08-11T04:32:32.373504+02:00;standby;23.7;35.1;5.0;25.0;57.1;57.0;0;0;0;0;16500.63;11280.08;5220.55;32443.352
2026-08-11T04:33:33.176973+02:00;standby;23.7;35.1;5.0;25.0;56.9;57.0;0;0;0;0;16500.63;11280.08;5220.55;32443.352
2026-08-11T04:34:33.968721+02:00;standby;23.7;35.1;5.0;25.0;57.1;57.0;0;0;0;0;16500.63;11280.08;5220.55;32443.352
2026-08-11T04:35:34.517524+02:00;standby;23.7;35.1;5.0;25.0;56.9;57.0;0;0;0;0;16500.63;11280.08;5220.55;32443.352
2026-08-11T04:36:35.148280+02:00;standby;23.7;35.1;5.0;25.0;56.9;57.0;0;0;0;0;16500.63;11280.08;5220.55;32443.352
2026-08-11T04:37:35.788960+02:00;standby;23.7;34.9;5.0;25.0;56.9;57.0;0;0;0;0;16500.63;11280.08;5220.55;32443.352
2026-08-11T04:38:36.488834+02:00;standby;23.7;34.9;5.0;25.0;56.9;57.0;0;0;0;0;16500.63;11280.08;5220.55;32443.352
2026-08-11T04:39:37.031234+02:00;standby;23.7;34.9;5.0;25.0;56.9;57.0;0;0;0;0;16500.63;11280.08;5220.55;32443.352
2026-08-11T04:40:37.523500+02:00;standby;23.7;34.9;5.0;25.0;56.9;57.0;0;0;0;0;16500.63;11280.08;5220.55;32443.352
2026-08-11T04:41:38.145171+02:00;standby;23.7;34.9;5.0;25.0;56.9;57.0;0;0;0;0;16500.63;11280.08;5220.55;32443.352
2026-08-11T04:42:38.723007+02:00;standby;23.7;34.8;5.0;25.0;56.9;57.0;0;0;0;0;16500.63;11280.08;5220.55;32443.352
2026-08-11T04:43:39.433783+02:00;standby;23.7;34.8;5.0;25.0;56.9;57.0;0;0;0;0;16500.63;11280.08;5220.55;32443.352
2026-08-11T04:44:39.972840+02:00;standby;23.7;34.8;5.0;25.0;56.9;57.0;0;0;0;0;16500.63;11280.08;5220.55;32443.352
2026-08-11T04:45:40.650389+02:00;standby;23.7;34.8;5.0;25.0;56.8;57.0;0;0;0;0;16500.63;11280.08;5220.55;32443.352
2026-08-11T04:46:41.234768+02:00;standby;23.7;34.8;5.0;25.0;56.8;57.0;0;0;0;0;16500.63;11280.08;5220.55;32443.352
2026-08-11T04:47:41.775836+02:00;standby;23.7;34.7;5.0;25.0;56.8;57.0;0;0;0;0;16500.63;11280.08;5220.55;32443.352
2026-08-11T04:48:42.447771+02:00;standby;23.7;34.7;5.0;25.0;56.8;57.0;0;0;0;0;16500.63;11280.08;5220.55;32443.352
2026-08-11T04:49:42.948270+02:00;standby;23.7;34.7;5.0;25.0;56.8;57.0;0;0;0;0;16500.63;11280.08;5220.55;32443.352
2026-08-11T04:50:43.437758+02:00;standby;23.7;34.7;5.0;25.0;56.8;57.0;0;0;0;0;16500.63;11280.08;5220.55;32443.352
2026-08-11T04:51:43.951510+02:00;standby;23.7;34.6;5.0;25.0;56.8;57.0;0;0;0;0;16500.63;11280.08;5220.55;32443.352
2026-08-11T04:52:44.478042+02:00;standby;23.7;34.6;5.0;25.0;56.8;57.0;0;0;0;0;16500.63;11280.08;5220.55;32443.352
2026-08-11T04:53:45.022181+02:00;standby;23.7;34.6;5.0;25.0;56.8;57.0;0;0;0;0;16500.63;11280.08;5220.55;32443.352
2026-08-11T04:54:45.595336+02:00;standby;23.7;34.6;5.0;25.0;56.8;57.0;0;0;0;0;16500.63;11280.08;5220.55;32443.352
2026-08-11T04:55:46.146857+02:00;standby;23.7;34.6;5.0;25.0;56.8;57.0;0;0;0;0;16500.63;11280.08;5220.55;32443.352
2026-08-11T04:56:46.661847+02:00;standby;23.7;34.4;5.0;25.0;56.8;57.0;0;0;0;0;16500.63;11280.08;5220.55;32443.352
2026-08-11T04:57:47.200713+02:00;standby;23.7;34.4;5.0;25.0;56.8;57.0;0;0;0;0;16500.63;11280.08;5220.55;32443.352
2026-08-11T04:58:47.694796+02:00;standby;23.7;34.4;5.0;25.0;56.8;57.0;0;0;0;0;16500.63;11280.08;5220.55;32443.352
2026-08-11T04:59:48.323825+02:00;standby;23.7;34.4;5.0;25.0;56.8;57.0;0;0;0;0;16500.63;11280.08;5220.55;32443.352
2026-08-11T05:00:48.833756+02:00;standby;23.7;34.4;5.0;25.0;56.8;57.0;0;0;0;0;16500.63;11280.08;5220.55;32443.352
2026-08-11T05:01:49.381349+02:00;standby;22.6;34.3;5.0;25.0;56.7;57.0;0;0;0;0;16500.63;11280.08;5220.55;32443.352
2026-08-11T05:02:49.873047+02:00;standby;22.6;34.3;5.0;25.0;56.7;57.0;0;0;0;0;16500.63;11280.08;5220.55;32443.352
2026-08-11T05:03:50.399717+02:00;standby;22.6;34.3;5.0;25.0;56.7;57.0;0;0;0;0;16500.63;11280.08;5220.55;32443.352
2026-08-11T05:04:51.250869+02:00;standby;22.6;34.3;5.0;25.0;56.7;57.0;0;0;0;0;16500.63;11280.08;5220.55;32443.352
2026-08-11T05:05:51.974217+02:00;standby;22.6;34.3;5.0;25.0;56.7;57.0;0;0;0;0;16500.63;11280.08;5220.55;32443.352
2026-08-11T05:06:52.441650+02:00;standby;22.6;34.2;5.0;25.0;56.7;57.0;0;0;0;0;16500.63;11280.08;5220.55;32443.352
2026-08-11T05:07:52.884986+02:00;standby;22.6;34.2;5.0;25.0;56.7;57.0;0;0;0;0;16500.63;11280.08;5220.55;32443.352
2026-08-11T05:08:53.632842+02:00;standby;22.6;34.2;5.0;25.0;56.7;57.0;0;0;0;0;16500.63;11280.08;5220.55;32443.352
2026-08-11T05:09:54.166605+02:00;standby;22.6;34.2;5.0;25.0;56.7;57.0;0;0;0;0;16500.63;11280.08;5220.55;32443.352
2026-08-11T05:10:54.748471+02:00;standby;22.6;34.2;5.0;25.0;56.7;57.0;0;0;0;0;16500.63;11280.08;5220.55;32443.352
2026-08-11T05:11:55.587454+02:00;standby;22.6;34.1;5.0;25.0;56.7;57.0;0;0;0;0;16500.63;11280.08;5220.55;32443.352
2026-08-11T05:12:56.110456+02:00;standby;22.6;34.1;5.0;25.0;56.7;57.0;0;0;0;0;16500.63;11280.08;5220.55;32443.352
2026-08-11T05:13:56.665781+02:00;standby;22.6;34.1;5.0;25.0;56.6;57.0;0;0;0;0;16500.63;11280.08;5220.55;32443.352
2026-08-11T05:14:57.170391+02:00;standby;22.6;34.1;5.0;25.0;56.6;57.0;0;0;0;0;16500.63;11280.08;5220.55;32443.352
2026-08-11T05:15:57.652521+02:00;standby;22.6;34.1;5.0;25.0;56.6;57.0;0;0;0;0;16500.63;11280.08;5220.55;32443.352
2026-08-11T05:16:58.324243+02:00;standby;22.6;34.0;5.0;25.0;56.6;57.0;0;0;0;0;16500.63;11280.08;5220.55;32443.352
2026-08-11T05:17:58.771314+02:00;standby;22.6;34.0;5.0;25.0;56.6;57.0;0;0;0;0;16500.63;11280.08;5220.55;32443.352
2026-08-11T05:18:59.719248+02:00;standby;22.6;34.0;5.0;25.0;56.6;57.0;0;0;0;0;16500.63;11280.08;5220.55;32443.352
2026-08-11T05:20:00.855348+02:00;standby;22.6;34.0;5.0;25.0;56.6;57.0;0;0;0;0;16500.63;11280.08;5220.55;32443.352
2026-08-11T05:21:01.389765+02:00;standby;22.6;34.0;5.0;25.0;56.6;57.0;0;0;0;0;16500.63;11280.08;5220.55;32443.352
2026-08-11T05:22:01.903561+02:00;standby;22.6;34.0;5.0;25.0;56.6;57.0;0;0;0;0;16500.63;11280.08;5220.55;32443.352
2026-08-11T05:23:02.627356+02:00;standby;22.6;33.8;5.0;25.0;56.6;57.0;0;0;0;0;16500.63;11280.08;5220.55;32443.352
2026-08-11T05:24:03.146327+02:00;standby;22.6;33.8;5.0;25.0;56.6;57.0;0;0;0;0;16500.63;11280.08;5220.55;32443.352
2026-08-11T05:25:03.640313+02:00;standby;22.6;33.8;5.0;25.0;56.6;57.0;0;0;0;0;16500.63;11280.08;5220.55;32443.352
2026-08-11T05:26:04.611465+02:00;standby;22.6;33.8;5.0;25.0;56.5;57.0;0;0;0;0;16500.63;11280.08;5220.55;32443.352
2026-08-11T05:27:05.218223+02:00;standby;22.6;33.8;5.0;25.0;56.5;57.0;0;0;0;0;16500.63;11280.08;5220.55;32443.352
2026-08-11T05:28:05.726259+02:00;standby;22.6;33.7;5.0;25.0;56.5;57.0;0;0;0;0;16500.63;11280.08;5220.55;32443.352
2026-08-11T05:29:06.399289+02:00;standby;22.6;33.7;5.0;25.0;56.5;57.0;0;0;0;0;16500.63;11280.08;5220.55;32443.352
2026-08-11T05:30:06.955210+02:00;standby;22.6;33.7;5.0;25.0;56.5;57.0;0;0;0;0;16500.63;11280.08;5220.55;32443.352
2026-08-11T05:31:07.491049+02:00;standby;22.6;33.7;5.0;25.0;56.5;57.0;0;0;0;0;16500.63;11280.08;5220.55;32443.352
2026-08-11T05:32:08.021066+02:00;standby;22.6;33.7;5.0;28.0;56.5;57.0;0;0;0;0;16500.63;11280.08;5220.55;32443.352
2026-08-11T05:33:08.554199+02:00;standby;22.6;33.6;5.0;28.0;56.5;57.0;0;0;0;0;16500.63;11280.08;5220.55;32443.352
2026-08-11T05:34:09.202550+02:00;standby;22.6;33.6;5.0;28.0;56.5;57.0;0;0;0;0;16500.63;11280.08;5220.55;32443.352
2026-08-11T05:35:09.916658+02:00;standby;22.6;33.6;5.0;28.0;56.5;57.0;0;0;0;0;16500.63;11280.08;5220.55;32443.352
2026-08-11T05:36:10.476248+02:00;standby;22.6;33.6;5.0;28.0;56.5;57.0;0;0;0;0;16500.63;11280.08;5220.55;32443.352
2026-08-11T05:37:10.994937+02:00;standby;22.6;33.6;5.0;28.0;56.5;57.0;0;0;0;0;16500.63;11280.08;5220.55;32443.352
2026-08-11T05:38:11.417254+02:00;standby;22.6;33.6;5.0;28.0;56.5;57.0;0;0;0;0;16500.63;11280.08;5220.55;32443.352
2026-08-11T05:39:11.955753+02:00;standby;22.6;33.6;5.0;28.0;56.5;57.0;0;0;0;0;16500.63;11280.08;5220.55;32443.352
2026-08-11T05:40:12.454291+02:00;standby;22.6;33.5;5.0;28.0;56.4;57.0;0;0;0;0;16500.63;11280.08;5220.55;32443.352
2026-08-11T05:41:13.220026+02:00;standby;22.6;33.5;5.0;28.0;56.4;57.0;0;0;0;0;16500.63;11280.08;5220.55;32443.352
2026-08-11T05:42:13.718260+02:00;standby;22.6;33.5;5.0;28.0;56.4;57.0;0;0;0;0;16500.63;11280.08;5220.55;32443.352
2026-08-11T05:43:14.342309+02:00;standby;22.6;33.5;5.0;28.0;56.4;57.0;0;0;0;0;16500.63;11280.08;5220.55;32443.352
2026-08-11T05:44:14.835821+02:00;standby;22.6;33.5;5.0;28.0;56.4;57.0;0;0;0;0;16500.63;11280.08;5220.55;32443.352
2026-08-11T05:45:15.481039+02:00;standby;22.6;33.5;5.0;28.0;56.4;57.0;0;0;0;0;16500.63;11280.08;5220.55;32443.352
2026-08-11T05:46:16.288850+02:00;standby;22.6;33.3;5.0;28.0;56.4;57.0;0;0;0;0;16500.63;11280.08;5220.55;32443.352
2026-08-11T05:47:16.801031+02:00;standby;22.6;33.3;5.0;28.0;56.4;57.0;0;0;0;0;16500.63;11280.08;5220.55;32443.352
2026-08-11T05:48:17.353698+02:00;standby;22.6;33.3;5.0;28.0;56.4;57.0;0;0;0;0;16500.63;11280.08;5220.55;32443.352
2026-08-11T05:49:17.864494+02:00;standby;22.6;33.3;5.0;28.0;56.4;57.0;0;0;0;0;16500.63;11280.08;5220.55;32443.352
2026-08-11T05:50:18.360115+02:00;standby;22.6;33.3;5.0;28.0;56.4;57.0;0;0;0;0;16500.63;11280.08;5220.55;32443.352
2026-08-11T05:51:19.239341+02:00;standby;22.6;33.3;5.0;28.0;56.4;57.0;0;0;0;0;16500.63;11280.08;5220.55;32443.352
2026-08-11T05:52:19.708974+02:00;standby;22.6;33.2;5.0;28.0;56.4;57.0;0;0;0;0;16500.63;11280.08;5220.55;32443.352
2026-08-11T05:53:20.336494+02:00;standby;22.6;33.2;5.0;28.0;56.3;57.0;0;0;0;0;16500.63;11280.08;5220.55;32443.352
2026-08-11T05:54:20.845152+02:00;standby;22.6;33.2;5.0;28.0;56.3;57.0;0;0;0;0;16500.63;11280.08;5220.55;32443.352
2026-08-11T05:55:21.933529+02:00;standby;22.6;33.2;5.0;28.0;56.3;57.0;0;0;0;0;16500.63;11280.08;5220.55;32443.352
2026-08-11T05:56:22.403255+02:00;standby;22.6;33.2;5.0;28.0;56.3;57.0;0;0;0;0;16500.63;11280.08;5220.55;32443.352
2026-08-11T05:57:22.910487+02:00;standby;22.6;33.1;5.0;28.0;56.3;57.0;0;0;0;0;16500.63;11280.08;5220.55;32443.352
2026-08-11T05:58:23.381512+02:00;standby;22.6;33.1;5.0;28.0;56.3;57.0;0;0;0;0;16500.63;11280.08;5220.55;32443.352
2026-08-11T05:59:23.851150+02:00;standby;22.6;33.1;5.0;28.0;56.3;57.0;0;0;0;0;16500.63;11280.08;5220.55;32443.352
2026-08-11T06:00:24.374692+02:00;standby;22.6;33.1;5.0;28.0;56.3;57.0;0;0;0;0;16500.63;11280.08;5220.55;32443.352
2026-08-11T06:01:24.882588+02:00;standby;22.6;33.1;5.0;28.0;56.3;57.0;0;0;0;0;16500.63;11280.08;5220.55;32443.352
2026-08-11T06:02:25.414301+02:00;standby;22.2;33.1;5.0;28.0;56.3;57.0;0;0;0;0;16500.63;11280.08;5220.55;32443.352
2026-08-11T06:03:26.566012+02:00;standby;22.2;33.1;5.0;28.0;56.3;57.0;0;0;0;0;16500.63;11280.08;5220.55;32443.352
2026-08-11T06:04:27.136592+02:00;standby;22.2;33.1;5.0;28.0;56.3;57.0;0;0;0;0;16500.63;11280.08;5220.55;32443.352
2026-08-11T06:05:27.691999+02:00;standby;22.2;33.0;5.0;28.0;56.3;57.0;0;0;0;0;16500.63;11280.08;5220.55;32443.352
2026-08-11T06:06:28.232550+02:00;standby;22.2;33.0;5.0;28.0;56.3;57.0;0;0;0;0;16500.63;11280.08;5220.55;32443.352
2026-08-11T06:07:28.765526+02:00;standby;22.2;33.0;5.0;28.0;56.3;57.0;0;0;0;0;16500.63;11280.08;5220.55;32443.352
2026-08-11T06:08:30.616473+02:00;standby;22.2;33.0;5.0;28.0;56.2;57.0;0;0;0;0;16500.63;11280.08;5220.55;32443.352
2026-08-11T06:09:31.101408+02:00;standby;22.2;33.0;5.0;28.0;56.2;57.0;0;0;0;0;16500.63;11280.08;5220.55;32443.352
2026-08-11T06:10:31.656490+02:00;standby;22.2;33.0;5.0;28.0;56.2;57.0;0;0;0;0;16500.63;11280.08;5220.55;32443.352
2026-08-11T06:11:32.139139+02:00;standby;22.2;33.0;5.0;28.0;56.2;57.0;0;0;0;0;16500.63;11280.08;5220.55;32443.352
2026-08-11T06:12:32.822812+02:00;standby;22.2;32.8;5.0;28.0;56.2;57.0;0;0;0;0;16500.63;11280.08;5220.55;32443.352
2026-08-11T06:13:33.777860+02:00;standby;22.2;32.8;5.0;28.0;56.2;57.0;0;0;0;0;16500.63;11280.08;5220.55;32443.352
2026-08-11T06:14:34.431351+02:00;standby;22.2;32.8;5.0;28.0;56.2;57.0;0;0;0;0;16500.63;11280.08;5220.55;32443.352
2026-08-11T06:15:34.918132+02:00;standby;22.2;32.8;5.0;28.0;56.2;57.0;0;0;0;0;16500.63;11280.08;5220.55;32443.352
2026-08-11T06:16:35.467861+02:00;standby;22.2;32.8;5.0;28.0;56.2;57.0;0;0;0;0;16500.63;11280.08;5220.55;32443.352
2026-08-11T06:17:35.910507+02:00;standby;22.2;32.8;5.0;28.0;56.2;57.0;0;0;0;0;16500.63;11280.08;5220.55;32443.352
2026-08-11T06:18:36.405822+02:00;standby;22.2;32.8;5.0;28.0;56.2;57.0;0;0;0;0;16500.63;11280.08;5220.55;32443.352
2026-08-11T06:19:36.844534+02:00;standby;22.2;32.7;5.0;28.0;56.2;57.0;0;0;0;0;16500.63;11280.08;5220.55;32443.352
2026-08-11T06:20:37.315340+02:00;standby;22.2;32.7;5.0;28.0;56.1;57.0;0;0;0;0;16500.63;11280.08;5220.55;32443.352
2026-08-11T06:21:37.807860+02:00;standby;22.2;32.7;5.0;28.0;56.1;57.0;0;0;0;0;16500.63;11280.08;5220.55;32443.352
2026-08-11T06:22:38.830498+02:00;standby;22.2;32.7;5.0;28.0;56.1;57.0;0;0;0;0;16500.63;11280.08;5220.55;32443.352
2026-08-11T06:23:44.512751+02:00;standby;22.2;32.7;5.0;28.0;56.1;57.0;0;0;0;0;16500.63;11280.08;5220.55;32443.352
2026-08-11T06:24:44.966987+02:00;standby;22.2;32.7;5.0;28.0;56.1;57.0;0;0;0;0;16500.63;11280.08;5220.55;32443.352
2026-08-11T06:25:45.441102+02:00;standby;22.2;32.7;5.0;28.0;56.1;57.0;0;0;0;0;16500.63;11280.08;5220.55;32443.352
2026-08-11T06:26:45.860498+02:00;standby;22.2;32.6;5.0;28.0;56.1;57.0;0;0;0;0;16500.63;11280.08;5220.55;32443.352
2026-08-11T06:27:46.276776+02:00;standby;22.2;32.6;5.0;28.0;56.1;57.0;0;0;0;0;16500.63;11280.08;5220.55;32443.352
2026-08-11T06:28:46.788792+02:00;standby;22.2;32.6;5.0;28.0;56.1;57.0;0;0;0;0;16500.63;11280.08;5220.55;32443.352
2026-08-11T06:29:47.209502+02:00;standby;22.2;32.6;5.0;28.0;56.1;57.0;0;0;0;0;16500.63;11280.08;5220.55;32443.352
2026-08-11T06:30:47.683158+02:00;standby;22.2;32.6;5.0;28.0;56.1;57.0;0;0;0;0;16500.63;11280.08;5220.55;32443.352
2026-08-11T06:31:48.196098+02:00;standby;22.2;32.6;5.0;28.0;56.1;57.0;0;0;0;0;16500.63;11280.08;5220.55;32443.352
2026-08-11T06:32:48.680463+02:00;standby;22.2;32.6;5.0;28.0;56.1;57.0;0;0;0;0;16500.63;11280.08;5220.55;32443.352
2026-08-11T06:33:49.224701+02:00;standby;22.2;32.6;5.0;28.0;56.0;57.0;0;0;0;0;16500.63;11280.08;5220.55;32443.352
2026-08-11T06:34:49.650269+02:00;standby;22.2;32.5;5.0;28.0;56.0;57.0;0;0;0;0;16500.63;11280.08;5220.55;32443.352
2026-08-11T06:35:50.183479+02:00;standby;22.2;32.5;5.0;28.0;56.0;57.0;0;0;0;0;16500.63;11280.08;5220.55;32443.352
2026-08-11T06:36:50.609562+02:00;standby;22.2;32.5;5.0;28.0;56.0;57.0;0;0;0;0;16500.63;11280.08;5220.55;32443.352
2026-08-11T06:37:51.015246+02:00;standby;22.2;32.5;5.0;28.0;56.0;57.0;0;0;0;0;16500.63;11280.08;5220.55;32443.352
2026-08-11T06:38:51.469545+02:00;standby;22.2;32.5;5.0;28.0;56.0;57.0;0;0;0;0;16500.63;11280.08;5220.55;32443.352
2026-08-11T06:39:51.989341+02:00;standby;22.2;32.5;5.0;28.0;56.0;57.0;0;0;0;0;16500.63;11280.08;5220.55;32443.352
2026-08-11T06:40:52.970109+02:00;standby;22.2;32.5;5.0;28.0;56.0;57.0;0;0;0;0;16500.63;11280.08;5220.55;32443.352
2026-08-11T06:41:53.433328+02:00;standby;22.2;32.5;5.0;28.0;56.0;57.0;0;0;0;0;16500.63;11280.08;5220.55;32443.352
2026-08-11T06:42:54.035453+02:00;standby;22.2;32.3;5.0;28.0;56.0;57.0;0;0;0;0;16500.63;11280.08;5220.55;32443.352
2026-08-11T06:43:54.543407+02:00;standby;22.2;32.3;5.0;28.0;56.0;57.0;0;0;0;0;16500.63;11280.08;5220.55;32443.352
2026-08-11T06:44:55.007231+02:00;standby;22.2;32.3;5.0;28.0;56.0;57.0;0;0;0;0;16500.63;11280.08;5220.55;32443.352
2026-08-11T06:45:55.552623+02:00;standby;22.2;32.3;5.0;28.0;56.0;57.0;0;0;0;0;16500.63;11280.08;5220.55;32443.352
2026-08-11T06:46:56.005429+02:00;standby;22.2;32.3;5.0;28.0;55.9;57.0;0;0;0;0;16500.63;11280.08;5220.55;32443.352
2026-08-11T06:47:56.512515+02:00;standby;22.2;32.3;5.0;28.0;55.9;57.0;0;0;0;0;16500.63;11280.08;5220.55;32443.352
2026-08-11T06:48:56.972636+02:00;standby;22.2;32.2;5.0;28.0;55.9;57.0;0;0;0;0;16500.63;11280.08;5220.55;32443.352
2026-08-11T06:49:57.486706+02:00;standby;22.2;32.2;5.0;28.0;55.9;57.0;0;0;0;0;16500.63;11280.08;5220.55;32443.352
2026-08-11T06:50:57.920487+02:00;standby;22.2;32.2;5.0;28.0;55.9;57.0;0;0;0;0;16500.63;11280.08;5220.55;32443.352
2026-08-11T06:51:58.488346+02:00;standby;22.2;32.2;5.0;28.0;55.9;57.0;0;0;0;0;16500.63;11280.08;5220.55;32443.352
2026-08-11T06:52:58.908643+02:00;standby;22.2;32.2;5.0;28.0;55.9;57.0;0;0;0;0;16500.63;11280.08;5220.55;32443.352
2026-08-11T06:53:59.506124+02:00;standby;22.2;32.2;5.0;28.0;55.9;57.0;0;0;0;0;16500.63;11280.08;5220.55;32443.352
2026-08-11T06:55:00.130265+02:00;standby;22.2;32.2;5.0;28.0;55.9;57.0;0;0;0;0;16500.63;11280.08;5220.55;32443.352
2026-08-11T06:56:00.683203+02:00;standby;22.2;32.2;5.0;28.0;55.9;57.0;0;0;0;0;16500.63;11280.08;5220.55;32443.352
2026-08-11T06:57:01.130082+02:00;standby;22.2;32.2;5.0;28.0;55.9;57.0;0;0;0;0;16500.63;11280.08;5220.55;32443.352
2026-08-11T06:58:01.539375+02:00;standby;22.2;32.1;5.0;28.0;55.9;57.0;0;0;0;0;16500.63;11280.08;5220.55;32443.352
2026-08-11T06:59:02.039419+02:00;standby;22.2;32.1;5.0;28.0;55.9;57.0;0;0;0;0;16500.63;11280.08;5220.55;32443.352
2026-08-11T07:00:02.691373+02:00;standby;22.2;32.1;5.0;28.0;55.9;57.0;0;0;0;0;16500.63;11280.08;5220.55;32443.352
2026-08-11T07:01:03.267255+02:00;standby;22.2;32.1;5.0;28.0;55.8;57.0;0;0;0;0;16500.63;11280.08;5220.55;32443.352
2026-08-11T07:02:03.841716+02:00;standby;22.2;32.1;5.0;28.0;55.9;57.0;0;0;0;0;16500.63;11280.08;5220.55;32443.352
2026-08-11T07:03:04.566635+02:00;standby;22.6;32.1;5.0;28.0;55.8;57.0;0;0;0;0;16500.63;11280.08;5220.55;32443.352
2026-08-11T07:04:05.013876+02:00;standby;22.6;32.1;5.0;28.0;55.8;57.0;0;0;0;0;16500.63;11280.08;5220.55;32443.352
2026-08-11T07:05:05.651714+02:00;standby;22.6;32.1;5.0;28.0;55.8;57.0;0;0;0;0;16500.63;11280.08;5220.55;32443.352
2026-08-11T07:06:06.112105+02:00;standby;22.6;32.1;5.0;28.0;55.8;57.0;0;0;0;0;16500.63;11280.08;5220.55;32443.352
2026-08-11T07:07:06.626640+02:00;standby;22.6;32.0;5.0;28.0;55.8;57.0;0;0;0;0;16500.63;11280.08;5220.55;32443.352
2026-08-11T07:08:07.199515+02:00;standby;22.6;32.0;5.0;28.0;55.8;57.0;0;0;0;0;16500.63;11280.08;5220.55;32443.352
2026-08-11T07:09:07.609594+02:00;standby;22.6;32.0;5.0;28.0;55.8;57.0;0;0;0;0;16500.63;11280.08;5220.55;32443.352
2026-08-11T07:10:08.027032+02:00;standby;22.6;32.0;5.0;28.0;55.8;57.0;0;0;0;0;16500.63;11280.08;5220.55;32443.352
2026-08-11T07:11:08.506930+02:00;standby;22.6;32.0;5.0;28.0;55.8;57.0;0;0;0;0;16500.63;11280.08;5220.55;32443.352
2026-08-11T07:12:09.122097+02:00;standby;22.6;32.0;5.0;28.0;55.8;57.0;0;0;0;0;16500.63;11280.08;5220.55;32443.352
2026-08-11T07:13:09.638525+02:00;standby;22.6;32.0;5.0;28.0;55.8;57.0;0;0;0;0;16500.63;11280.08;5220.55;32443.352
2026-08-11T07:14:10.075334+02:00;standby;22.6;32.0;5.0;28.0;55.8;57.0;0;0;0;0;16500.63;11280.08;5220.55;32443.352
2026-08-11T07:15:10.677574+02:00;standby;22.6;32.0;5.0;28.0;55.8;57.0;0;0;0;0;16500.63;11280.08;5220.55;32443.352
2026-08-11T07:16:11.831008+02:00;standby;22.6;32.0;5.0;28.0;55.7;57.0;0;0;0;0;16500.63;11280.08;5220.55;32443.352
2026-08-11T07:17:12.764425+02:00;standby;22.6;32.0;5.0;28.0;55.7;57.0;0;0;0;0;16500.63;11280.08;5220.55;32443.352
2026-08-11T07:18:13.263890+02:00;standby;22.6;32.0;5.0;28.0;55.7;57.0;0;0;0;0;16500.63;11280.08;5220.55;32443.352
2026-08-11T07:19:13.697294+02:00;standby;22.6;31.9;5.0;28.0;55.7;57.0;0;0;0;0;16500.63;11280.08;5220.55;32443.352
2026-08-11T07:20:14.190435+02:00;standby;22.6;31.9;5.0;28.0;55.7;57.0;0;0;0;0;16500.63;11280.08;5220.55;32443.352
2026-08-11T07:21:14.623025+02:00;standby;22.6;31.9;5.0;28.0;55.7;57.0;0;0;0;0;16500.63;11280.08;5220.55;32443.352
2026-08-11T07:22:15.026744+02:00;standby;22.6;31.9;5.0;28.0;55.7;57.0;0;0;0;0;16500.63;11280.08;5220.55;32443.352
2026-08-11T07:23:15.967476+02:00;standby;22.6;31.9;5.0;28.0;55.7;57.0;0;0;0;0;16500.63;11280.08;5220.55;32443.352
2026-08-11T07:24:16.432317+02:00;standby;22.6;31.9;5.0;28.0;55.7;57.0;0;0;0;0;16500.63;11280.08;5220.55;32443.352
2026-08-11T07:25:16.859541+02:00;standby;22.6;31.9;5.0;28.0;55.7;57.0;0;0;0;0;16500.63;11280.08;5220.55;32443.352
2026-08-11T07:26:17.273013+02:00;standby;22.6;31.9;5.0;28.0;55.7;57.0;0;0;0;0;16500.63;11280.08;5220.55;32443.352
2026-08-11T07:27:17.699560+02:00;standby;22.6;31.7;5.0;28.0;55.7;57.0;0;0;0;0;16500.63;11280.08;5220.55;32443.352
2026-08-11T07:28:18.161174+02:00;standby;22.6;31.7;5.0;28.0;55.7;57.0;0;0;0;0;16500.63;11280.08;5220.55;32443.352
2026-08-11T07:29:18.673164+02:00;standby;22.6;31.7;5.0;28.0;55.6;57.0;0;0;0;0;16500.63;11280.08;5220.55;32443.352
2026-08-11T07:30:19.100186+02:00;standby;22.6;31.7;5.0;28.0;55.6;57.0;0;0;0;0;16500.63;11280.08;5220.55;32443.352
2026-08-11T07:31:19.610030+02:00;standby;22.6;31.7;5.0;28.0;55.6;57.0;0;0;0;0;16500.63;11280.08;5220.55;32443.352
2026-08-11T07:32:20.090424+02:00;standby;22.6;31.7;5.0;28.0;55.6;57.0;0;0;0;0;16500.63;11280.08;5220.55;32443.352
2026-08-11T07:33:20.555239+02:00;standby;22.6;31.7;5.0;28.0;55.6;57.0;0;0;0;0;16500.63;11280.08;5220.55;32443.352
2026-08-11T07:34:21.169532+02:00;standby;22.6;31.7;5.0;28.0;55.6;57.0;0;0;0;0;16500.63;11280.08;5220.55;32443.352
2026-08-11T07:35:21.653296+02:00;standby;22.6;31.7;5.0;28.0;55.6;57.0;0;0;0;0;16500.63;11280.08;5220.55;32443.352
2026-08-11T07:36:22.091723+02:00;standby;22.6;31.7;5.0;28.0;55.6;57.0;0;0;0;0;16500.63;11280.08;5220.55;32443.352
2026-08-11T07:37:22.611619+02:00;standby;22.6;31.6;5.0;28.0;55.6;57.0;0;0;0;0;16500.63;11280.08;5220.55;32443.352
2026-08-11T07:38:23.038277+02:00;standby;22.6;31.6;5.0;28.0;55.6;57.0;0;0;0;0;16500.63;11280.08;5220.55;32443.352
2026-08-11T07:39:23.575332+02:00;standby;22.6;31.6;5.0;28.0;55.6;57.0;0;0;0;0;16500.63;11280.08;5220.55;32443.352
2026-08-11T07:40:24.040131+02:00;standby;22.6;31.6;5.0;28.0;55.5;57.0;0;0;0;0;16500.63;11280.08;5220.55;32443.352
2026-08-11T07:41:24.763870+02:00;standby;22.6;31.6;5.0;28.0;55.5;57.0;0;0;0;0;16500.63;11280.08;5220.55;32443.352
2026-08-11T07:42:27.121568+02:00;standby;22.6;31.6;5.0;28.0;55.5;57.0;0;0;0;0;16500.63;11280.08;5220.55;32443.352
2026-08-11T07:43:27.543901+02:00;standby;22.6;31.6;5.0;28.0;55.5;57.0;0;0;0;0;16500.63;11280.08;5220.55;32443.352
2026-08-11T07:44:27.952287+02:00;standby;22.6;31.6;5.0;28.0;55.5;57.0;0;0;0;0;16500.63;11280.08;5220.55;32443.352
2026-08-11T07:45:28.716695+02:00;standby;22.6;31.6;5.0;28.0;55.5;57.0;0;0;0;0;16500.63;11280.08;5220.55;32443.352
2026-08-11T07:46:29.178422+02:00;standby;22.6;31.5;5.0;28.0;55.5;57.0;0;0;0;0;16500.63;11280.08;5220.55;32443.352
2026-08-11T07:47:29.662388+02:00;standby;22.6;31.5;5.0;28.0;55.5;57.0;0;0;0;0;16500.63;11280.08;5220.55;32443.352
2026-08-11T07:48:30.183055+02:00;standby;22.6;31.5;5.0;28.0;55.5;57.0;0;0;0;0;16500.63;11280.08;5220.55;32443.352
2026-08-11T07:49:30.641550+02:00;standby;22.6;31.5;5.0;28.0;55.4;57.0;0;0;0;0;16500.63;11280.08;5220.55;32443.352
2026-08-11T07:50:31.100655+02:00;standby;22.6;31.5;5.0;28.0;55.4;57.0;0;0;0;0;16500.63;11280.08;5220.55;32443.352
2026-08-11T07:51:31.533310+02:00;standby;22.6;31.5;5.0;28.0;55.4;57.0;0;0;0;0;16500.63;11280.08;5220.55;32443.352
2026-08-11T07:52:32.101093+02:00;standby;22.6;31.5;5.0;28.0;55.4;57.0;0;0;0;0;16500.63;11280.08;5220.55;32443.352
2026-08-11T07:53:32.715955+02:00;standby;22.6;31.5;5.0;28.0;55.4;57.0;0;0;0;0;16500.63;11280.08;5220.55;32443.352
2026-08-11T07:54:33.180514+02:00;standby;22.6;31.5;5.0;28.0;55.4;57.0;0;0;0;0;16500.63;11280.08;5220.55;32443.352
2026-08-11T07:55:33.662278+02:00;standby;22.6;31.5;5.0;28.0;55.4;57.0;0;0;0;0;16500.63;11280.08;5220.55;32443.352
2026-08-11T07:56:34.385954+02:00;standby;22.6;31.5;5.0;28.0;55.4;57.0;0;0;0;0;16500.63;11280.08;5220.55;32443.352
2026-08-11T07:57:35.003213+02:00;standby;22.6;31.5;5.0;28.0;55.4;57.0;0;0;0;0;16500.63;11280.08;5220.55;32443.352
2026-08-11T07:58:35.535464+02:00;standby;22.6;31.4;5.0;28.0;55.4;57.0;0;0;0;0;16500.63;11280.08;5220.55;32443.352
2026-08-11T07:59:36.034861+02:00;standby;22.6;31.4;5.0;28.0;55.4;57.0;0;0;0;0;16500.63;11280.08;5220.55;32443.352
2026-08-11T08:00:36.526967+02:00;standby;22.6;31.4;5.0;28.0;55.4;57.0;0;0;0;0;16500.63;11280.08;5220.55;32443.352
2026-08-11T08:01:37.182589+02:00;standby;22.6;31.4;5.0;28.0;55.3;57.0;0;0;0;0;16500.63;11280.08;5220.55;32443.352
2026-08-11T08:02:37.824256+02:00;standby;22.6;31.4;5.0;28.0;55.4;57.0;0;0;0;0;16500.63;11280.08;5220.55;32443.352
2026-08-11T08:03:38.876071+02:00;standby;23.9;31.4;5.0;28.0;55.3;57.0;0;0;0;0;16500.63;11280.08;5220.55;32443.352
2026-08-11T08:04:39.394705+02:00;standby;23.9;31.4;5.0;28.0;55.3;57.0;0;0;0;0;16500.63;11280.08;5220.55;32443.352
2026-08-11T08:05:39.980547+02:00;standby;23.9;31.4;5.0;28.0;55.3;57.0;0;0;0;0;16500.63;11280.08;5220.55;32443.352
2026-08-11T08:06:40.962428+02:00;standby;23.9;31.4;5.0;28.0;55.3;57.0;0;0;0;0;16500.63;11280.08;5220.55;32443.352
2026-08-11T08:07:41.442400+02:00;standby;23.9;31.4;5.0;28.0;55.3;57.0;0;0;0;0;16500.63;11280.08;5220.55;32443.352
2026-08-11T08:08:41.858238+02:00;standby;23.9;31.2;5.0;28.0;55.3;57.0;0;0;0;0;16500.63;11280.08;5220.55;32443.352
2026-08-11T08:09:42.565661+02:00;standby;23.9;31.2;5.0;28.0;55.3;57.0;0;0;0;0;16500.63;11280.08;5220.55;32443.352
2026-08-11T08:10:43.078281+02:00;standby;23.9;31.2;5.0;28.0;55.3;57.0;0;0;0;0;16500.63;11280.08;5220.55;32443.352
2026-08-11T08:11:43.682912+02:00;standby;23.9;31.2;5.0;28.0;55.3;57.0;0;0;0;0;16500.63;11280.08;5220.55;32443.352
2026-08-11T08:12:44.191497+02:00;standby;23.9;31.2;5.0;28.0;55.3;57.0;0;0;0;0;16500.63;11280.08;5220.55;32443.352
2026-08-11T08:13:44.662070+02:00;standby;23.9;31.2;5.0;28.0;55.2;57.0;0;0;0;0;16500.63;11280.08;5220.55;32443.352
2026-08-11T08:14:45.104516+02:00;standby;23.9;31.2;5.0;28.0;55.2;57.0;0;0;0;0;16500.63;11280.08;5220.55;32443.352
2026-08-11T08:15:45.648528+02:00;standby;23.9;31.2;5.0;28.0;55.2;57.0;0;0;0;0;16500.63;11280.08;5220.55;32443.352
2026-08-11T08:16:46.306793+02:00;standby;23.9;31.2;5.0;28.0;55.2;57.0;0;0;0;0;16500.63;11280.08;5220.55;32443.352
2026-08-11T08:17:47.486966+02:00;standby;23.9;31.2;5.0;28.0;55.2;57.0;0;0;0;0;16500.63;11280.08;5220.55;32443.352
2026-08-11T08:18:48.055213+02:00;standby;23.9;31.2;5.0;28.0;55.2;57.0;0;0;0;0;16500.63;11280.08;5220.55;32443.352
2026-08-11T08:19:48.575816+02:00;standby;23.9;31.1;5.0;28.0;55.2;57.0;0;0;0;0;16500.63;11280.08;5220.55;32443.352
2026-08-11T08:20:49.040035+02:00;standby;23.9;31.1;5.0;28.0;55.2;57.0;0;0;0;0;16500.63;11280.08;5220.55;32443.352
2026-08-11T08:21:49.514612+02:00;standby;23.9;31.1;5.0;28.0;55.2;57.0;0;0;0;0;16500.63;11280.08;5220.55;32443.352
2026-08-11T08:22:49.971066+02:00;standby;23.9;31.1;5.0;28.0;55.2;57.0;0;0;0;0;16500.63;11280.08;5220.55;32443.352
2026-08-11T08:23:50.594622+02:00;standby;23.9;31.1;5.0;28.0;55.2;57.0;0;0;0;0;16500.63;11280.08;5220.55;32443.352
2026-08-11T08:24:51.019175+02:00;standby;23.9;31.1;5.0;28.0;55.2;57.0;0;0;0;0;16500.63;11280.08;5220.55;32443.352
2026-08-11T08:25:51.537216+02:00;standby;23.9;31.1;5.0;28.0;55.2;57.0;0;0;0;0;16500.63;11280.08;5220.55;32443.352
2026-08-11T08:26:52.068699+02:00;standby;23.9;31.1;5.0;28.0;55.2;57.0;0;0;0;0;16500.63;11280.08;5220.55;32443.352
2026-08-11T08:27:52.640094+02:00;standby;23.9;31.1;5.0;28.0;55.1;57.0;0;0;0;0;16500.63;11280.08;5220.55;32443.352
2026-08-11T08:28:53.097350+02:00;standby;23.9;31.1;5.0;28.0;55.1;57.0;0;0;0;0;16500.63;11280.08;5220.55;32443.352
2026-08-11T08:29:53.563812+02:00;standby;23.9;31.1;5.0;28.0;55.1;57.0;0;0;0;0;16500.63;11280.08;5220.55;32443.352
2026-08-11T08:30:54.100875+02:00;standby;23.9;31.1;5.0;28.0;55.1;57.0;0;0;0;0;16500.63;11280.08;5220.55;32443.352
2026-08-11T08:31:54.563351+02:00;standby;23.9;31.1;5.0;28.0;55.1;57.0;0;0;0;0;16500.63;11280.08;5220.55;32443.352
2026-08-11T08:32:55.016008+02:00;standby;23.9;31.1;5.0;28.0;55.1;57.0;0;0;0;0;16500.63;11280.08;5220.55;32443.352
2026-08-11T08:33:55.392797+02:00;standby;23.9;31.0;5.0;28.0;55.1;57.0;0;0;0;0;16500.63;11280.08;5220.55;32443.352
2026-08-11T08:34:55.854623+02:00;standby;23.9;31.0;5.0;28.0;55.1;57.0;0;0;0;0;16500.63;11280.08;5220.55;32443.352
2026-08-11T08:35:56.453478+02:00;standby;23.9;31.0;5.0;28.0;55.1;57.0;0;0;0;0;16500.63;11280.08;5220.55;32443.352
2026-08-11T08:36:56.905342+02:00;standby;23.9;31.0;5.0;28.0;55.1;57.0;0;0;0;0;16500.63;11280.08;5220.55;32443.352
2026-08-11T08:37:57.621306+02:00;standby;23.9;31.0;5.0;28.0;55.1;57.0;0;0;0;0;16500.63;11280.08;5220.55;32443.352
2026-08-11T08:38:58.189957+02:00;standby;23.9;31.0;5.0;28.0;55.1;57.0;0;0;0;0;16500.63;11280.08;5220.55;32443.352
2026-08-11T08:39:58.672757+02:00;standby;23.9;31.0;5.0;28.0;54.9;57.0;0;0;0;0;16500.63;11280.08;5220.55;32443.352
2026-08-11T08:40:59.282766+02:00;standby;23.9;31.0;5.0;28.0;54.9;57.0;0;0;0;0;16500.63;11280.08;5220.55;32443.352
2026-08-11T08:42:00.043653+02:00;standby;23.9;31.0;5.0;28.0;54.9;57.0;0;0;0;0;16500.63;11280.08;5220.55;32443.352
2026-08-11T08:43:00.560069+02:00;standby;23.9;31.0;5.0;28.0;54.9;57.0;0;0;0;0;16500.63;11280.08;5220.55;32443.352
2026-08-11T08:44:01.138613+02:00;standby;23.9;31.0;5.0;28.0;54.9;57.0;0;0;0;0;16500.63;11280.08;5220.55;32443.352
2026-08-11T08:45:01.676757+02:00;standby;23.9;30.9;5.0;28.0;54.9;57.0;0;0;0;0;16500.63;11280.08;5220.55;32443.352
2026-08-11T08:46:02.238788+02:00;standby;23.9;30.9;5.0;28.0;54.9;57.0;0;0;0;0;16500.63;11280.08;5220.55;32443.352
2026-08-11T08:47:02.855265+02:00;standby;23.9;30.9;5.0;28.0;54.8;57.0;0;0;0;0;16500.63;11280.08;5220.55;32443.352
2026-08-11T08:48:03.776741+02:00;standby;23.9;30.9;5.0;28.0;54.8;57.0;0;0;0;0;16500.63;11280.08;5220.55;32443.352
2026-08-11T08:49:04.717819+02:00;standby;23.9;30.9;5.0;28.0;54.8;57.0;0;0;0;0;16500.63;11280.08;5220.55;32443.352
2026-08-11T08:50:05.343009+02:00;standby;23.9;30.9;5.0;28.0;54.8;57.0;0;0;0;0;16500.63;11280.08;5220.55;32443.352
2026-08-11T08:51:05.804374+02:00;standby;23.9;30.9;5.0;28.0;54.8;57.0;0;0;0;0;16500.63;11280.08;5220.55;32443.352
2026-08-11T08:52:06.326796+02:00;standby;23.9;30.9;5.0;28.0;54.8;57.0;0;0;0;0;16500.63;11280.08;5220.55;32443.352
2026-08-11T08:53:06.855415+02:00;standby;23.9;30.9;5.0;28.0;54.8;57.0;0;0;0;0;16500.63;11280.08;5220.55;32443.352
2026-08-11T08:54:07.258503+02:00;standby;23.9;30.9;5.0;28.0;54.7;57.0;0;0;0;0;16500.63;11280.08;5220.55;32443.352
2026-08-11T08:55:07.722244+02:00;standby;23.9;30.9;5.0;28.0;54.7;57.0;0;0;0;0;16500.63;11280.08;5220.55;32443.352
2026-08-11T08:56:08.192418+02:00;standby;23.9;30.9;5.0;28.0;54.7;57.0;0;0;0;0;16500.63;11280.08;5220.55;32443.352
2026-08-11T08:57:08.627168+02:00;standby;23.9;30.9;5.0;28.0;54.7;57.0;0;0;0;0;16500.63;11280.08;5220.55;32443.352
2026-08-11T08:58:09.060183+02:00;standby;23.9;30.9;5.0;28.0;54.7;57.0;0;0;0;0;16500.63;11280.08;5220.55;32443.352
2026-08-11T08:59:09.664871+02:00;standby;23.9;30.7;5.0;28.0;54.7;57.0;0;0;0;0;16500.63;11280.08;5220.55;32443.352
2026-08-11T09:00:10.111076+02:00;standby;23.9;30.7;5.0;28.0;54.7;57.0;0;0;0;0;16500.63;11280.08;5220.55;32443.352
2026-08-11T09:01:10.649922+02:00;standby;23.9;30.7;5.0;28.0;54.7;57.0;0;0;0;0;16500.63;11280.08;5220.55;32443.352
2026-08-11T09:02:11.117978+02:00;standby;23.9;30.7;5.0;28.0;54.7;57.0;0;0;0;0;16500.63;11280.08;5220.55;32443.352
2026-08-11T09:03:11.813131+02:00;standby;23.9;30.7;5.0;28.0;54.7;57.0;0;0;0;0;16500.63;11280.08;5220.55;32443.352
2026-08-11T09:04:12.292258+02:00;standby;24.5;30.7;5.0;28.0;54.7;57.0;0;0;0;0;16500.63;11280.08;5220.55;32443.352
2026-08-11T09:05:12.809456+02:00;standby;24.5;30.7;5.0;28.0;54.7;57.0;0;0;0;0;16500.63;11280.08;5220.55;32443.352
2026-08-11T09:06:13.294504+02:00;standby;24.5;30.7;5.0;28.0;54.7;57.0;0;0;0;0;16500.63;11280.08;5220.55;32443.352
2026-08-11T09:07:13.701967+02:00;standby;24.5;30.7;5.0;28.0;54.6;57.0;0;0;0;0;16500.63;11280.08;5220.55;32443.352
2026-08-11T09:08:14.332157+02:00;standby;24.5;30.7;5.0;28.0;54.7;57.0;0;0;0;0;16500.63;11280.08;5220.55;32443.352
2026-08-11T09:09:14.744211+02:00;standby;24.5;30.7;5.0;28.0;54.6;57.0;0;0;0;0;16500.63;11280.08;5220.55;32443.352
2026-08-11T09:10:15.192956+02:00;standby;24.5;30.7;5.0;28.0;54.6;57.0;0;0;0;0;16500.63;11280.08;5220.55;32443.352
2026-08-11T09:11:15.677143+02:00;standby;24.5;30.7;5.0;28.0;54.6;57.0;0;0;0;0;16500.63;11280.08;5220.55;32443.352
2026-08-11T09:12:16.094810+02:00;standby;24.5;30.7;5.0;28.0;54.6;57.0;0;0;0;0;16500.63;11280.08;5220.55;32443.352
2026-08-11T09:13:16.654373+02:00;standby;24.5;30.7;5.0;28.0;54.6;57.0;0;0;0;0;16500.63;11280.08;5220.55;32443.352
2026-08-11T09:14:17.234238+02:00;standby;24.5;30.6;5.0;28.0;54.6;57.0;0;0;0;0;16500.63;11280.08;5220.55;32443.352
2026-08-11T09:15:18.103294+02:00;standby;24.5;30.7;5.0;28.0;54.6;57.0;0;0;0;0;16500.63;11280.08;5220.55;32443.352
2026-08-11T09:16:18.727798+02:00;standby;24.5;30.7;5.0;28.0;54.6;57.0;0;0;0;0;16500.63;11280.08;5220.55;32443.352
2026-08-11T09:17:19.240497+02:00;standby;24.5;30.7;5.0;28.0;54.6;57.0;0;0;0;0;16500.63;11280.08;5220.55;32443.352
2026-08-11T09:18:19.862740+02:00;standby;24.5;30.6;5.0;28.0;54.6;57.0;0;0;0;0;16500.63;11280.08;5220.55;32443.352
2026-08-11T09:19:20.612196+02:00;standby;24.5;30.6;5.0;28.0;54.6;57.0;0;0;0;0;16500.63;11280.08;5220.55;32443.352
2026-08-11T09:20:21.129470+02:00;standby;24.5;30.7;5.0;28.0;54.6;57.0;0;0;0;0;16500.63;11280.08;5220.55;32443.352
2026-08-11T09:21:21.863438+02:00;standby;24.5;30.6;5.0;28.0;54.5;57.0;0;0;0;0;16500.63;11280.08;5220.55;32443.352
2026-08-11T09:22:22.372113+02:00;standby;24.5;30.6;5.0;28.0;54.5;57.0;0;0;0;0;16500.63;11280.08;5220.55;32443.352
2026-08-11T09:23:22.933999+02:00;standby;24.5;30.6;5.0;28.0;54.5;57.0;0;0;0;0;16500.63;11280.08;5220.55;32443.352
2026-08-11T09:24:23.608784+02:00;standby;24.5;30.6;5.0;28.0;54.5;57.0;0;0;0;0;16500.63;11280.08;5220.55;32443.352
2026-08-11T09:25:24.419865+02:00;standby;24.5;30.6;5.0;28.0;54.5;57.0;0;0;0;0;16500.63;11280.08;5220.55;32443.352
2026-08-11T09:26:24.902478+02:00;standby;24.5;30.6;5.0;28.0;54.5;57.0;0;0;0;0;16500.63;11280.08;5220.55;32443.352
2026-08-11T09:27:25.740387+02:00;standby;24.5;30.6;5.0;28.0;54.5;57.0;0;0;0;0;16500.63;11280.08;5220.55;32443.352
2026-08-11T09:28:26.151408+02:00;standby;24.5;30.6;5.0;28.0;54.5;57.0;0;0;0;0;16500.63;11280.08;5220.55;32443.352
2026-08-11T09:29:26.727545+02:00;standby;24.5;30.6;5.0;28.0;54.5;57.0;0;0;0;0;16500.63;11280.08;5220.55;32443.352
2026-08-11T09:30:27.323429+02:00;standby;24.5;30.6;5.0;28.0;54.5;57.0;0;0;0;0;16500.63;11280.08;5220.55;32443.352
2026-08-11T09:31:28.019769+02:00;standby;24.5;30.6;5.0;28.0;54.5;57.0;0;0;0;0;16500.63;11280.08;5220.55;32443.352
2026-08-11T09:32:28.686301+02:00;standby;24.5;30.6;5.0;28.0;54.4;57.0;0;0;0;0;16500.63;11280.08;5220.55;32443.352
2026-08-11T09:33:29.193364+02:00;standby;24.5;30.6;5.0;28.0;54.4;57.0;0;0;0;0;16500.63;11280.08;5220.55;32443.352
2026-08-11T09:34:29.675253+02:00;standby;24.5;30.6;5.0;28.0;54.4;57.0;0;0;0;0;16500.63;11280.08;5220.55;32443.352
2026-08-11T09:35:30.098725+02:00;standby;24.5;30.5;5.0;28.0;54.4;57.0;0;0;0;0;16500.63;11280.08;5220.55;32443.352
2026-08-11T09:36:30.547640+02:00;standby;24.5;30.5;5.0;28.0;54.4;57.0;0;0;0;0;16500.63;11280.08;5220.55;32443.352
2026-08-11T09:37:31.207227+02:00;standby;24.5;30.5;5.0;28.0;54.4;57.0;0;0;0;0;16500.63;11280.08;5220.55;32443.352
2026-08-11T09:38:31.650136+02:00;standby;24.5;30.5;5.0;28.0;54.4;57.0;0;0;0;0;16500.63;11280.08;5220.55;32443.352
2026-08-11T09:39:32.073755+02:00;standby;24.5;30.5;5.0;28.0;54.4;57.0;0;0;0;0;16500.63;11280.08;5220.55;32443.352
2026-08-11T09:40:32.526048+02:00;standby;24.5;30.5;5.0;28.0;54.4;57.0;0;0;0;0;16500.63;11280.08;5220.55;32443.352
2026-08-11T09:41:33.075112+02:00;standby;24.5;30.5;5.0;28.0;54.4;57.0;0;0;0;0;16500.63;11280.08;5220.55;32443.352
2026-08-11T09:42:33.569572+02:00;standby;24.5;30.5;5.0;28.0;54.4;57.0;0;0;0;0;16500.63;11280.08;5220.55;32443.352
2026-08-11T09:43:34.022709+02:00;standby;24.5;30.5;5.0;28.0;54.4;57.0;0;0;0;0;16500.63;11280.08;5220.55;32443.352
2026-08-11T09:44:34.501884+02:00;standby;24.5;30.5;5.0;28.0;54.4;57.0;0;0;0;0;16500.63;11280.08;5220.55;32443.352
2026-08-11T09:45:35.012078+02:00;standby;24.5;30.5;5.0;28.0;54.4;57.0;0;0;0;0;16500.63;11280.08;5220.55;32443.352
2026-08-11T09:46:35.534819+02:00;standby;24.5;30.5;5.0;28.0;54.3;57.0;0;0;0;0;16500.63;11280.08;5220.55;32443.352
2026-08-11T09:47:36.021119+02:00;standby;24.5;30.5;5.0;28.0;54.3;57.0;0;0;0;0;16500.63;11280.08;5220.55;32443.352
2026-08-11T09:48:36.495929+02:00;standby;24.5;30.5;5.0;28.0;54.3;57.0;0;0;0;0;16500.63;11280.08;5220.55;32443.352
2026-08-11T09:49:36.936591+02:00;standby;24.5;30.5;5.0;28.0;54.3;57.0;0;0;0;0;16500.63;11280.08;5220.55;32443.352
2026-08-11T09:50:37.425214+02:00;standby;24.5;30.5;5.0;28.0;54.3;57.0;0;0;0;0;16500.63;11280.08;5220.55;32443.352
2026-08-11T09:51:37.871490+02:00;standby;24.5;30.5;5.0;28.0;54.3;57.0;0;0;0;0;16500.63;11280.08;5220.55;32443.352
2026-08-11T09:52:38.461753+02:00;standby;24.5;30.5;5.0;28.0;54.3;57.0;0;0;0;0;16500.63;11280.08;5220.55;32443.352
2026-08-11T09:53:39.235388+02:00;standby;24.5;30.5;5.0;28.0;54.3;57.0;0;0;0;0;16500.63;11280.08;5220.55;32443.352
2026-08-11T09:54:39.684592+02:00;standby;24.5;30.4;5.0;28.0;54.3;57.0;0;0;0;0;16500.63;11280.08;5220.55;32443.352
2026-08-11T09:55:40.216913+02:00;standby;24.5;30.4;5.0;28.0;54.3;57.0;0;0;0;0;16500.63;11280.08;5220.55;32443.352
2026-08-11T09:56:40.943812+02:00;standby;24.5;30.4;5.0;28.0;54.3;57.0;0;0;0;0;16500.63;11280.08;5220.55;32443.352
2026-08-11T09:57:41.457557+02:00;standby;24.5;30.4;5.0;28.0;54.3;57.0;0;0;0;0;16500.63;11280.08;5220.55;32443.352
2026-08-11T09:58:41.959177+02:00;standby;24.5;30.4;5.0;28.0;54.3;57.0;0;0;0;0;16500.63;11280.08;5220.55;32443.352
2026-08-11T09:59:42.492591+02:00;standby;24.5;30.4;5.0;28.0;54.2;57.0;0;0;0;0;16500.63;11280.08;5220.55;32443.352
2026-08-11T10:00:43.471118+02:00;standby;24.5;30.4;5.0;28.0;54.2;57.0;0;0;0;0;16500.63;11280.08;5220.55;32443.352
2026-08-11T10:01:44.031280+02:00;standby;24.5;30.4;5.0;28.0;54.2;57.0;0;0;0;0;16500.63;11280.08;5220.55;32443.352
2026-08-11T10:02:44.630342+02:00;standby;24.5;30.4;5.0;28.0;54.2;57.0;0;0;0;0;16500.63;11280.08;5220.55;32443.352
2026-08-11T10:03:45.324148+02:00;standby;24.5;30.4;5.0;28.0;54.2;57.0;0;0;0;0;16500.63;11280.08;5220.55;32443.352
2026-08-11T10:04:45.796455+02:00;standby;25.3;30.4;5.0;28.0;54.2;57.0;0;0;0;0;16500.63;11280.08;5220.55;32443.352
2026-08-11T10:05:46.430398+02:00;standby;25.3;30.4;5.0;28.0;54.2;57.0;0;0;0;0;16500.63;11280.08;5220.55;32443.352
2026-08-11T10:06:46.939214+02:00;standby;25.3;30.4;5.0;28.0;54.2;57.0;0;0;0;0;16500.63;11280.08;5220.55;32443.352
2026-08-11T10:07:47.386087+02:00;standby;25.3;30.4;5.0;28.0;54.2;57.0;0;0;0;0;16500.63;11280.08;5220.55;32443.352
2026-08-11T10:08:47.877754+02:00;standby;25.3;30.4;5.0;28.0;54.2;57.0;0;0;0;0;16500.63;11280.08;5220.55;32443.352
2026-08-11T10:09:48.404240+02:00;standby;25.3;30.4;5.0;28.0;54.2;57.0;0;0;0;0;16500.63;11280.08;5220.55;32443.352
2026-08-11T10:10:48.962659+02:00;standby;25.3;30.4;5.0;28.0;54.2;57.0;0;0;0;0;16500.63;11280.08;5220.55;32443.352
2026-08-11T10:11:49.463436+02:00;standby;25.3;30.4;5.0;28.0;54.2;57.0;0;0;0;0;16500.63;11280.08;5220.55;32443.352
2026-08-11T10:12:49.906594+02:00;standby;25.3;30.2;5.0;28.0;54.2;57.0;0;0;0;0;16500.63;11280.08;5220.55;32443.352
2026-08-11T10:13:50.373546+02:00;standby;25.3;30.4;5.0;28.0;54.1;57.0;0;0;0;0;16500.63;11280.08;5220.55;32443.352
2026-08-11T10:14:51.349357+02:00;standby;25.3;30.2;5.0;28.0;54.1;57.0;0;0;0;0;16500.63;11280.08;5220.55;32443.352
2026-08-11T10:15:51.809928+02:00;standby;25.3;30.4;5.0;28.0;54.1;57.0;0;0;0;0;16500.63;11280.08;5220.55;32443.352
2026-08-11T10:16:52.446939+02:00;standby;25.3;30.2;5.0;28.0;54.1;57.0;0;0;0;0;16500.63;11280.08;5220.55;32443.352
2026-08-11T10:17:52.907537+02:00;standby;25.3;30.2;5.0;28.0;54.1;57.0;0;0;0;0;16500.63;11280.08;5220.55;32443.352
2026-08-11T10:18:53.383180+02:00;standby;25.3;30.2;5.0;28.0;54.1;57.0;0;0;0;0;16500.63;11280.08;5220.55;32443.352
2026-08-11T10:19:53.909034+02:00;standby;25.3;30.2;5.0;28.0;54.1;57.0;0;0;0;0;16500.63;11280.08;5220.55;32443.352
2026-08-11T10:20:54.465096+02:00;standby;25.3;30.2;5.0;28.0;54.1;57.0;0;0;0;0;16500.63;11280.08;5220.55;32443.352
2026-08-11T10:21:55.275572+02:00;standby;25.3;30.2;5.0;28.0;54.1;57.0;0;0;0;0;16500.63;11280.08;5220.55;32443.352
2026-08-11T10:22:55.762444+02:00;standby;25.3;30.2;5.0;28.0;54.1;57.0;0;0;0;0;16500.63;11280.08;5220.55;32443.352
2026-08-11T10:23:56.283219+02:00;standby;25.3;30.2;5.0;28.0;54.1;57.0;0;0;0;0;16500.63;11280.08;5220.55;32443.352
2026-08-11T10:24:56.797740+02:00;standby;25.3;30.2;5.0;28.0;54.1;57.0;0;0;0;0;16500.63;11280.08;5220.55;32443.352
2026-08-11T10:25:57.321518+02:00;standby;25.3;30.2;5.0;28.0;54.0;57.0;0;0;0;0;16500.63;11280.08;5220.55;32443.352
2026-08-11T10:26:57.848583+02:00;standby;25.3;30.2;5.0;28.0;54.0;57.0;0;0;0;0;16500.63;11280.08;5220.55;32443.352
2026-08-11T10:27:58.354020+02:00;standby;25.3;30.2;5.0;28.0;54.0;57.0;0;0;0;0;16500.63;11280.08;5220.55;32443.352
2026-08-11T10:28:58.873171+02:00;standby;25.3;30.2;5.0;28.0;54.0;57.0;0;0;0;0;16500.63;11280.08;5220.55;32443.352
2026-08-11T10:29:59.497594+02:00;standby;25.3;30.2;5.0;28.0;54.0;57.0;0;0;0;0;16500.63;11280.08;5220.55;32443.352
2026-08-11T10:31:00.060131+02:00;standby;25.3;30.2;5.0;28.0;53.9;57.0;0;0;0;0;16500.63;11280.08;5220.55;32443.352
2026-08-11T10:32:00.531632+02:00;standby;25.3;30.2;5.0;28.0;53.9;57.0;0;0;0;0;16500.63;11280.08;5220.55;32443.352
2026-08-11T10:33:01.174148+02:00;standby;25.3;30.2;5.0;28.0;53.9;57.0;0;0;0;0;16500.63;11280.08;5220.55;32443.352
2026-08-11T10:34:01.777583+02:00;standby;25.3;30.2;5.0;28.0;53.9;57.0;0;0;0;0;16500.63;11280.08;5220.55;32443.352
2026-08-11T10:35:02.203564+02:00;standby;25.3;30.2;5.0;28.0;53.9;57.0;0;0;0;0;16500.63;11280.08;5220.55;32443.352
2026-08-11T10:36:02.715862+02:00;standby;25.3;30.2;5.0;28.0;53.9;57.0;0;0;0;0;16500.63;11280.08;5220.55;32443.352
2026-08-11T10:37:03.165013+02:00;standby;25.3;30.2;5.0;28.0;53.9;57.0;0;0;0;0;16500.63;11280.08;5220.55;32443.352
2026-08-11T10:38:03.855803+02:00;standby;25.3;30.2;5.0;28.0;53.9;57.0;0;0;0;0;16500.63;11280.08;5220.55;32443.352
2026-08-11T10:39:04.713028+02:00;standby;25.3;30.1;5.0;28.0;53.9;57.0;0;0;0;0;16500.63;11280.08;5220.55;32443.352
2026-08-11T10:40:05.868230+02:00;standby;25.3;30.1;5.0;28.0;53.9;57.0;0;0;0;0;16500.63;11280.08;5220.55;32443.352
2026-08-11T10:41:06.292807+02:00;standby;25.3;30.1;5.0;28.0;53.9;57.0;0;0;0;0;16500.63;11280.08;5220.55;32443.352
2026-08-11T10:42:06.745845+02:00;standby;25.3;30.1;5.0;28.0;53.9;57.0;0;0;0;0;16500.63;11280.08;5220.55;32443.352
2026-08-11T10:43:07.171019+02:00;standby;25.3;30.1;5.0;28.0;53.9;57.0;0;0;0;0;16500.63;11280.08;5220.55;32443.352
2026-08-11T10:44:07.701188+02:00;standby;25.3;30.1;5.0;28.0;53.8;57.0;0;0;0;0;16500.63;11280.08;5220.55;32443.352
2026-08-11T10:45:08.166651+02:00;standby;25.3;30.1;5.0;28.0;53.8;57.0;0;0;0;0;16500.63;11280.08;5220.55;32443.352
2026-08-11T10:46:08.838657+02:00;standby;25.3;30.1;5.0;28.0;53.8;57.0;0;0;0;0;16500.63;11280.08;5220.55;32443.352
2026-08-11T10:47:09.652534+02:00;standby;25.3;30.1;5.0;28.0;53.8;57.0;0;0;0;0;16500.63;11280.08;5220.55;32443.352
2026-08-11T10:48:10.166522+02:00;standby;25.3;30.1;5.0;28.0;53.8;57.0;0;0;0;0;16500.63;11280.08;5220.55;32443.352
2026-08-11T10:49:10.795310+02:00;standby;25.3;30.1;5.0;28.0;53.8;57.0;0;0;0;0;16500.63;11280.08;5220.55;32443.352
2026-08-11T10:50:11.314791+02:00;standby;25.3;30.1;5.0;28.0;53.8;57.0;0;0;0;0;16500.63;11280.08;5220.55;32443.352
2026-08-11T10:51:12.136312+02:00;standby;25.3;30.1;5.0;28.0;53.8;57.0;0;0;0;0;16500.63;11280.08;5220.55;32443.352
2026-08-11T10:52:12.666694+02:00;standby;25.3;30.1;5.0;28.0;53.8;57.0;0;0;0;0;16500.63;11280.08;5220.55;32443.352
2026-08-11T10:53:13.284557+02:00;standby;25.3;30.1;5.0;28.0;53.8;57.0;0;0;0;0;16500.63;11280.08;5220.55;32443.352
2026-08-11T10:54:13.967930+02:00;standby;25.3;30.1;5.0;28.0;53.8;57.0;0;0;0;0;16500.63;11280.08;5220.55;32443.352
2026-08-11T10:55:14.423440+02:00;standby;25.3;30.1;5.0;28.0;53.8;57.0;0;0;0;0;16500.63;11280.08;5220.55;32443.352
2026-08-11T10:56:14.890183+02:00;standby;25.3;30.1;5.0;28.0;53.8;57.0;0;0;0;0;16500.63;11280.08;5220.55;32443.352
2026-08-11T10:57:15.380494+02:00;standby;25.3;30.1;5.0;28.0;53.8;57.0;0;0;0;0;16500.63;11280.08;5220.55;32443.352
2026-08-11T10:58:15.836143+02:00;standby;25.3;30.1;5.0;28.0;53.7;57.0;0;0;0;0;16500.63;11280.08;5220.55;32443.352
2026-08-11T10:59:16.254973+02:00;standby;25.3;30.1;5.0;28.0;53.7;57.0;0;0;0;0;16500.63;11280.08;5220.55;32443.352
2026-08-11T11:00:16.706241+02:00;standby;25.3;30.1;5.0;28.0;53.7;57.0;0;0;0;0;16500.63;11280.08;5220.55;32443.352
2026-08-11T11:01:17.137109+02:00;standby;25.3;30.1;5.0;28.0;53.7;57.0;0;0;0;0;16500.63;11280.08;5220.55;32443.352
2026-08-11T11:02:17.654991+02:00;standby;25.3;30.1;5.0;28.0;53.7;57.0;0;0;0;0;16500.63;11280.08;5220.55;32443.352
2026-08-11T11:03:18.071564+02:00;standby;25.3;30.1;5.0;28.0;53.7;57.0;0;0;0;0;16500.63;11280.08;5220.55;32443.352
2026-08-11T11:04:18.584650+02:00;standby;25.3;30.1;5.0;28.0;53.7;57.0;0;0;0;0;16500.63;11280.08;5220.55;32443.352
2026-08-11T11:05:19.062331+02:00;standby;26.2;30.0;5.0;28.0;53.7;57.0;0;0;0;0;16500.63;11280.08;5220.55;32443.352
2026-08-11T11:06:19.479406+02:00;standby;26.2;30.0;5.0;28.0;53.7;57.0;0;0;0;0;16500.63;11280.08;5220.55;32443.352
2026-08-11T11:07:19.944969+02:00;standby;26.2;30.0;5.0;28.0;53.7;57.0;0;0;0;0;16500.63;11280.08;5220.55;32443.352
2026-08-11T11:08:20.474117+02:00;standby;26.2;30.0;5.0;28.0;53.7;57.0;0;0;0;0;16500.63;11280.08;5220.55;32443.352
2026-08-11T11:09:20.971437+02:00;standby;26.2;30.0;5.0;28.0;53.7;57.0;0;0;0;0;16500.63;11280.08;5220.55;32443.352
2026-08-11T11:10:21.445213+02:00;standby;26.2;30.0;5.0;28.0;53.7;57.0;0;0;0;0;16500.63;11280.08;5220.55;32443.352
2026-08-11T11:11:21.930741+02:00;standby;26.2;30.0;5.0;28.0;53.6;57.0;0;0;0;0;16500.63;11280.08;5220.55;32443.352
2026-08-11T11:12:22.438387+02:00;standby;26.2;30.0;5.0;28.0;53.6;57.0;0;0;0;0;16500.63;11280.08;5220.55;32443.352
2026-08-11T11:13:23.158059+02:00;standby;26.2;30.0;5.0;28.0;53.6;57.0;0;0;0;0;16500.63;11280.08;5220.55;32443.352
2026-08-11T11:14:23.578836+02:00;standby;26.2;30.0;5.0;28.0;53.6;57.0;0;0;0;0;16500.63;11280.08;5220.55;32443.352
2026-08-11T11:15:24.098127+02:00;standby;26.2;30.0;5.0;28.0;53.6;57.0;0;0;0;0;16500.63;11280.08;5220.55;32443.352
2026-08-11T11:16:24.575022+02:00;standby;26.2;30.0;5.0;28.0;53.6;57.0;0;0;0;0;16500.63;11280.08;5220.55;32443.352
2026-08-11T11:17:24.992197+02:00;standby;26.2;30.0;5.0;28.0;53.6;57.0;0;0;0;0;16500.63;11280.08;5220.55;32443.352
2026-08-11T11:18:25.717023+02:00;standby;26.2;30.0;5.0;28.0;53.6;57.0;0;0;0;0;16500.63;11280.08;5220.55;32443.352
2026-08-11T11:19:26.305109+02:00;standby;26.2;30.0;5.0;28.0;53.6;57.0;0;0;0;0;16500.63;11280.08;5220.55;32443.352
2026-08-11T11:20:26.854444+02:00;standby;26.2;30.0;5.0;28.0;53.6;57.0;0;0;0;0;16500.63;11280.08;5220.55;32443.352
2026-08-11T11:21:27.313446+02:00;standby;26.2;30.0;5.0;28.0;53.6;57.0;0;0;0;0;16500.63;11280.08;5220.55;32443.352
2026-08-11T11:22:27.725486+02:00;standby;26.2;30.0;5.0;28.0;53.5;57.0;0;0;0;0;16500.63;11280.08;5220.55;32443.352
2026-08-11T11:23:28.217771+02:00;standby;26.2;30.0;5.0;28.0;53.6;57.0;0;0;0;0;16500.63;11280.08;5220.55;32443.352
2026-08-11T11:24:28.672382+02:00;standby;26.2;30.0;5.0;28.0;53.5;57.0;0;0;0;0;16500.63;11280.08;5220.55;32443.352
2026-08-11T11:25:29.230198+02:00;standby;26.2;30.0;5.0;28.0;53.5;57.0;0;0;0;0;16500.63;11280.08;5220.55;32443.352
2026-08-11T11:26:29.806209+02:00;standby;26.2;30.0;5.0;28.0;53.5;57.0;0;0;0;0;16500.63;11280.08;5220.55;32443.352
2026-08-11T11:27:30.565334+02:00;standby;26.2;30.0;5.0;28.0;53.5;57.0;0;0;0;0;16500.63;11280.08;5220.55;32443.352
2026-08-11T11:28:31.020240+02:00;standby;26.2;30.0;5.0;28.0;53.5;57.0;0;0;0;0;16500.63;11280.08;5220.55;32443.352
2026-08-11T11:29:31.475264+02:00;standby;26.2;30.0;5.0;28.0;53.5;57.0;0;0;0;0;16500.63;11280.08;5220.55;32443.352
2026-08-11T11:30:31.944388+02:00;standby;26.2;29.9;5.0;28.0;53.5;57.0;0;0;0;0;16500.63;11280.08;5220.55;32443.352
2026-08-11T11:31:32.362215+02:00;standby;26.2;29.9;5.0;28.0;53.5;57.0;0;0;0;0;16500.63;11280.08;5220.55;32443.352
2026-08-11T11:32:32.817587+02:00;standby;26.2;29.9;5.0;28.0;53.5;57.0;0;0;0;0;16500.63;11280.08;5220.55;32443.352
2026-08-11T11:33:33.447090+02:00;standby;26.2;29.9;5.0;28.0;53.4;57.0;0;0;0;0;16500.63;11280.08;5220.55;32443.352
2026-08-11T11:34:33.964519+02:00;standby;26.2;29.9;5.0;28.0;53.4;57.0;0;0;0;0;16500.63;11280.08;5220.55;32443.352
2026-08-11T11:35:34.382002+02:00;standby;26.2;29.9;5.0;28.0;53.4;57.0;0;0;0;0;16500.63;11280.08;5220.55;32443.352
2026-08-11T11:36:34.931103+02:00;standby;26.2;29.9;5.0;28.0;53.4;57.0;0;0;0;0;16500.63;11280.08;5220.55;32443.352
2026-08-11T11:37:35.426302+02:00;standby;26.2;29.9;5.0;28.0;53.4;57.0;0;0;0;0;16500.63;11280.08;5220.55;32443.352
2026-08-11T11:38:35.933804+02:00;standby;26.2;29.9;5.0;28.0;53.4;57.0;0;0;0;0;16500.63;11280.08;5220.55;32443.352
2026-08-11T11:39:36.463614+02:00;standby;26.2;29.9;5.0;28.0;53.4;57.0;0;0;0;0;16500.63;11280.08;5220.55;32443.352
2026-08-11T11:40:36.980559+02:00;standby;26.2;29.9;5.0;28.0;53.4;57.0;0;0;0;0;16500.63;11280.08;5220.55;32443.352
2026-08-11T11:41:37.497787+02:00;standby;26.2;29.9;5.0;28.0;53.3;57.0;0;0;0;0;16500.63;11280.08;5220.55;32443.352
2026-08-11T11:42:38.023205+02:00;standby;26.2;29.9;5.0;28.0;53.3;57.0;0;0;0;0;16500.63;11280.08;5220.55;32443.352
2026-08-11T11:43:38.758276+02:00;standby;26.2;29.9;5.0;28.0;53.2;57.0;0;0;0;0;16500.63;11280.08;5220.55;32443.352
2026-08-11T11:44:40.429518+02:00;standby;26.2;29.9;5.0;28.0;53.2;57.0;0;0;0;0;16500.63;11280.08;5220.55;32443.352
2026-08-11T11:45:40.908650+02:00;standby;26.2;29.9;5.0;28.0;53.2;57.0;0;0;0;0;16500.63;11280.08;5220.55;32443.352
2026-08-11T11:46:41.382192+02:00;standby;26.2;29.9;5.0;28.0;53.2;57.0;0;0;0;0;16500.63;11280.08;5220.55;32443.352
2026-08-11T11:47:41.833619+02:00;standby;26.2;29.9;5.0;28.0;53.2;57.0;0;0;0;0;16500.63;11280.08;5220.55;32443.352
2026-08-11T11:48:42.407250+02:00;standby;26.2;29.9;5.0;28.0;53.2;57.0;0;0;0;0;16500.63;11280.08;5220.55;32443.352
2026-08-11T11:49:42.882818+02:00;standby;26.2;29.9;5.0;28.0;53.2;57.0;0;0;0;0;16500.63;11280.08;5220.55;32443.352
2026-08-11T11:50:43.300230+02:00;standby;26.2;29.9;5.0;28.0;53.2;57.0;0;0;0;0;16500.63;11280.08;5220.55;32443.352
2026-08-11T11:51:44.243428+02:00;standby;26.2;29.9;5.0;28.0;53.2;57.0;0;0;0;0;16500.63;11280.08;5220.55;32443.352
2026-08-11T11:52:44.762752+02:00;standby;26.2;29.9;5.0;28.0;53.2;57.0;0;0;0;0;16500.63;11280.08;5220.55;32443.352
2026-08-11T11:53:45.314010+02:00;standby;26.2;29.9;5.0;28.0;53.1;57.0;0;0;0;0;16500.63;11280.08;5220.55;32443.352
2026-08-11T11:54:45.793508+02:00;standby;26.2;29.9;5.0;28.0;53.1;57.0;0;0;0;0;16500.63;11280.08;5220.55;32443.352
2026-08-11T11:55:46.303042+02:00;standby;26.2;29.9;5.0;28.0;53.1;57.0;0;0;0;0;16500.63;11280.08;5220.55;32443.352
2026-08-11T11:56:46.711778+02:00;standby;26.2;29.9;5.0;28.0;52.9;57.0;0;0;0;0;16500.63;11280.08;5220.55;32443.352
2026-08-11T11:57:47.126425+02:00;standby;26.2;29.9;5.0;28.0;52.9;57.0;0;0;0;0;16500.63;11280.08;5220.55;32443.352
2026-08-11T11:58:47.575833+02:00;standby;26.2;29.9;5.0;28.0;52.8;57.0;0;0;0;0;16500.63;11280.08;5220.55;32443.352
2026-08-11T11:59:48.073179+02:00;standby;26.2;29.9;5.0;28.0;52.7;57.0;0;0;0;0;16500.63;11280.08;5220.55;32443.352
2026-08-11T12:00:48.649770+02:00;standby;26.2;29.9;5.0;28.0;52.7;57.0;0;0;0;0;16500.63;11280.08;5220.55;32443.352
2026-08-11T12:01:49.113051+02:00;standby;26.2;29.9;5.0;28.0;52.7;57.0;0;0;0;0;16500.63;11280.08;5220.55;32443.352
2026-08-11T12:02:49.525080+02:00;standby;26.2;29.9;5.0;28.0;52.7;57.0;0;0;0;0;16500.63;11280.08;5220.55;32443.352
2026-08-11T12:03:50.203541+02:00;standby;26.2;29.7;5.0;28.0;52.7;57.0;0;0;0;0;16500.63;11280.08;5220.55;32443.352
2026-08-11T12:04:50.624120+02:00;standby;26.2;29.9;5.0;28.0;52.6;57.0;0;0;0;0;16500.63;11280.08;5220.55;32443.352
2026-08-11T12:05:51.039374+02:00;standby;27.1;29.7;5.0;28.0;52.6;57.0;0;0;0;0;16500.63;11280.08;5220.55;32443.352
2026-08-11T12:06:53.448348+02:00;standby;27.1;29.7;5.0;28.0;52.5;57.0;0;0;0;0;16500.63;11280.08;5220.55;32443.352
2026-08-11T12:07:54.080321+02:00;standby;27.1;29.7;5.0;28.0;52.5;57.0;0;0;0;0;16500.63;11280.08;5220.55;32443.352
2026-08-11T12:08:54.615511+02:00;standby;27.1;29.7;5.0;28.0;52.5;57.0;0;0;0;0;16500.63;11280.08;5220.55;32443.352
2026-08-11T12:09:55.119870+02:00;standby;27.1;29.7;5.0;28.0;52.5;57.0;0;0;0;0;16500.63;11280.08;5220.55;32443.352
2026-08-11T12:10:55.585141+02:00;standby;27.1;29.9;5.0;28.0;52.5;57.0;0;0;0;0;16500.63;11280.08;5220.55;32443.352
2026-08-11T12:11:56.481392+02:00;standby;27.1;29.7;5.0;28.0;52.4;57.0;0;0;0;0;16500.63;11280.08;5220.55;32443.352
2026-08-11T12:12:57.334461+02:00;standby;27.1;29.7;5.0;28.0;52.3;57.0;0;0;0;0;16500.63;11280.08;5220.55;32443.352
2026-08-11T12:13:57.901911+02:00;standby;27.1;29.7;5.0;28.0;52.3;57.0;0;0;0;0;16500.63;11280.08;5220.55;32443.352
2026-08-11T12:14:58.430472+02:00;standby;27.1;29.7;5.0;28.0;52.3;57.0;0;0;0;0;16500.63;11280.08;5220.55;32443.352
2026-08-11T12:15:59.183630+02:00;standby;27.1;29.7;5.0;28.0;52.2;57.0;0;0;0;0;16500.63;11280.08;5220.55;32443.352
2026-08-11T12:17:00.271421+02:00;standby;27.1;29.7;5.0;28.0;52.2;57.0;0;0;0;0;16500.63;11280.08;5220.55;32443.352
2026-08-11T12:18:00.792192+02:00;standby;27.1;29.7;5.0;28.0;52.2;57.0;0;0;0;0;16500.63;11280.08;5220.55;32443.352
2026-08-11T12:19:01.414581+02:00;standby;27.1;29.7;5.0;28.0;52.2;57.0;0;0;0;0;16500.63;11280.08;5220.55;32443.352
2026-08-11T12:20:01.828860+02:00;standby;27.1;29.7;5.0;28.0;52.2;57.0;0;0;0;0;16500.63;11280.08;5220.55;32443.352
2026-08-11T12:21:02.352626+02:00;standby;27.1;29.7;5.0;28.0;52.2;57.0;0;0;0;0;16500.63;11280.08;5220.55;32443.352
2026-08-11T12:22:02.828157+02:00;standby;27.1;29.7;5.0;28.0;52.2;57.0;0;0;0;0;16500.63;11280.08;5220.55;32443.352
2026-08-11T12:23:03.283870+02:00;standby;27.1;29.7;5.0;28.0;52.2;57.0;0;0;0;0;16500.63;11280.08;5220.55;32443.352
2026-08-11T12:24:03.708330+02:00;standby;27.1;29.7;5.0;28.0;52.2;57.0;0;0;0;0;16500.63;11280.08;5220.55;32443.352
2026-08-11T12:25:04.129937+02:00;standby;27.1;29.7;5.0;28.0;52.1;57.0;0;0;0;0;16500.63;11280.08;5220.55;32443.352
2026-08-11T12:26:04.843238+02:00;standby;27.1;29.7;5.0;28.0;52.1;57.0;0;0;0;0;16500.63;11280.08;5220.55;32443.352
2026-08-11T12:27:05.279658+02:00;standby;27.1;29.7;5.0;28.0;52.1;57.0;0;0;0;0;16500.63;11280.08;5220.55;32443.352
2026-08-11T12:28:05.780295+02:00;standby;27.1;29.7;5.0;28.0;52.1;57.0;0;0;0;0;16500.63;11280.08;5220.55;32443.352
2026-08-11T12:29:06.208261+02:00;standby;27.1;29.7;5.0;28.0;52.1;57.0;0;0;0;0;16500.63;11280.08;5220.55;32443.352
2026-08-11T12:30:06.816244+02:00;standby;27.1;29.7;5.0;28.0;52.1;57.0;0;0;0;0;16500.63;11280.08;5220.55;32443.352
2026-08-11T12:31:07.246921+02:00;standby;27.1;29.7;5.0;28.0;52.1;57.0;0;0;0;0;16500.63;11280.08;5220.55;32443.352
2026-08-11T12:32:08.320467+02:00;standby;27.1;29.7;5.0;28.0;52.1;57.0;0;0;0;0;16500.63;11280.08;5220.55;32443.352
2026-08-11T12:33:08.930053+02:00;standby;27.1;29.7;5.0;28.0;52.1;57.0;0;0;0;0;16500.63;11280.08;5220.55;32443.352
2026-08-11T12:34:09.413293+02:00;standby;27.1;29.7;5.0;28.0;52.1;57.0;0;0;0;0;16500.63;11280.08;5220.55;32443.352
2026-08-11T12:35:11.922834+02:00;standby;27.1;29.7;5.0;28.0;52.1;57.0;0;0;0;0;16500.63;11280.08;5220.55;32443.352
2026-08-11T12:36:12.400103+02:00;standby;27.1;29.7;5.0;28.0;52.1;57.0;0;0;0;0;16500.63;11280.08;5220.55;32443.352
2026-08-11T12:37:12.922045+02:00;standby;27.1;29.7;5.0;28.0;52.1;57.0;0;0;0;0;16500.63;11280.08;5220.55;32443.352
2026-08-11T12:38:13.665399+02:00;standby;27.1;29.7;5.0;28.0;52.0;57.0;0;0;0;0;16500.63;11280.08;5220.55;32443.352
2026-08-11T12:39:14.116579+02:00;standby;27.1;29.7;5.0;28.0;52.0;57.0;0;0;0;0;16500.63;11280.08;5220.55;32443.352
2026-08-11T12:40:14.605651+02:00;standby;27.1;29.6;5.0;28.0;52.0;57.0;0;0;0;0;16500.63;11280.08;5220.55;32443.352
2026-08-11T12:41:15.721394+02:00;standby;27.1;29.7;5.0;28.0;52.0;57.0;0;0;0;0;16500.63;11280.08;5220.55;32443.352
2026-08-11T12:42:16.243304+02:00;standby;27.1;29.6;5.0;28.0;52.0;57.0;0;0;0;0;16500.63;11280.08;5220.55;32443.352
2026-08-11T12:43:16.753380+02:00;standby;27.1;29.7;5.0;28.0;52.0;57.0;0;0;0;0;16500.63;11280.08;5220.55;32443.352
2026-08-11T12:44:17.377601+02:00;standby;27.1;29.6;5.0;28.0;52.0;57.0;0;0;0;0;16500.63;11280.08;5220.55;32443.352
2026-08-11T12:45:17.948149+02:00;standby;27.1;29.6;5.0;28.0;52.0;57.0;0;0;0;0;16500.63;11280.08;5220.55;32443.352
2026-08-11T12:46:18.518033+02:00;standby;27.1;29.6;5.0;28.0;52.0;57.0;0;0;0;0;16500.63;11280.08;5220.55;32443.352
2026-08-11T12:47:19.035479+02:00;standby;27.1;29.6;5.0;28.0;52.0;57.0;0;0;0;0;16500.63;11280.08;5220.55;32443.352
2026-08-11T12:48:19.670874+02:00;standby;27.1;29.6;5.0;28.0;52.0;57.0;0;0;0;0;16500.63;11280.08;5220.55;32443.352
2026-08-11T12:49:20.176978+02:00;standby;27.1;29.6;5.0;28.0;51.9;57.0;0;0;0;0;16500.63;11280.08;5220.55;32443.352
2026-08-11T12:50:21.006891+02:00;standby;27.1;29.6;5.0;28.0;51.9;57.0;0;0;0;0;16500.63;11280.08;5220.55;32443.352
2026-08-11T12:51:21.553577+02:00;standby;27.1;29.6;5.0;28.0;51.9;57.0;0;0;0;0;16500.63;11280.08;5220.55;32443.352
2026-08-11T12:52:22.361539+02:00;standby;27.1;29.6;5.0;28.0;51.9;57.0;0;0;0;0;16500.63;11280.08;5220.55;32443.352
2026-08-11T12:53:23.107796+02:00;standby;27.1;29.6;5.0;28.0;51.9;57.0;0;0;0;0;16500.63;11280.08;5220.55;32443.352
2026-08-11T12:54:23.700039+02:00;standby;27.1;29.6;5.0;28.0;51.9;57.0;0;0;0;0;16500.63;11280.08;5220.55;32443.352
2026-08-11T12:55:24.367993+02:00;standby;27.1;29.6;5.0;28.0;51.9;57.0;0;0;0;0;16500.63;11280.08;5220.55;32443.352
2026-08-11T12:56:25.065798+02:00;standby;27.1;29.6;5.0;28.0;51.9;57.0;0;0;0;0;16500.63;11280.08;5220.55;32443.352
2026-08-11T12:57:25.666476+02:00;standby;27.1;29.6;5.0;28.0;51.9;57.0;0;0;0;0;16500.63;11280.08;5220.55;32443.352
2026-08-11T12:58:26.181872+02:00;standby;27.1;29.6;5.0;28.0;51.9;57.0;0;0;0;0;16500.63;11280.08;5220.55;32443.352
2026-08-11T12:59:26.955303+02:00;standby;27.1;29.6;5.0;28.0;51.9;57.0;0;0;0;0;16500.63;11280.08;5220.55;32443.352
2026-08-11T13:00:27.524712+02:00;standby;27.1;29.6;5.0;28.0;51.9;57.0;0;0;0;0;16500.63;11280.08;5220.55;32443.352
2026-08-11T13:01:28.714454+02:00;standby;27.1;29.6;5.0;28.0;51.8;57.0;0;0;0;0;16500.63;11280.08;5220.55;32443.352
2026-08-11T13:02:29.221296+02:00;standby;27.1;29.6;5.0;28.0;51.8;57.0;0;0;0;0;16500.63;11280.08;5220.55;32443.352
2026-08-11T13:03:30.135705+02:00;standby;27.1;29.6;5.0;28.0;51.8;57.0;0;0;0;0;16500.63;11280.08;5220.55;32443.352
2026-08-11T13:04:30.725070+02:00;standby;27.1;29.6;5.0;28.0;51.8;57.0;0;0;0;0;16500.63;11280.08;5220.55;32443.352
2026-08-11T13:05:31.244343+02:00;standby;27.1;29.6;5.0;28.0;51.8;57.0;0;0;0;0;16500.63;11280.08;5220.55;32443.352
2026-08-11T13:06:31.772009+02:00;standby;28.1;29.6;5.0;28.0;51.8;57.0;0;0;0;0;16500.63;11280.08;5220.55;32443.352
2026-08-11T13:07:32.391451+02:00;standby;28.1;29.6;5.0;28.0;51.8;57.0;0;0;0;0;16500.63;11280.08;5220.55;32443.352
2026-08-11T13:08:33.152762+02:00;standby;28.1;29.6;5.0;28.0;51.8;57.0;0;0;0;0;16500.63;11280.08;5220.55;32443.352
2026-08-11T13:09:33.665370+02:00;standby;28.1;29.6;5.0;28.0;51.8;57.0;0;0;0;0;16500.63;11280.08;5220.55;32443.352
2026-08-11T13:10:34.610103+02:00;standby;28.1;29.6;5.0;28.0;51.8;57.0;0;0;0;0;16500.63;11280.08;5220.55;32443.352
2026-08-11T13:11:35.082818+02:00;standby;28.1;29.6;5.0;28.0;51.8;57.0;0;0;0;0;16500.63;11280.08;5220.55;32443.352
2026-08-11T13:12:35.626458+02:00;standby;28.1;29.6;5.0;28.0;51.8;57.0;0;0;0;0;16500.63;11280.08;5220.55;32443.352
2026-08-11T13:13:36.131751+02:00;standby;28.1;29.6;5.0;28.0;51.8;57.0;0;0;0;0;16500.63;11280.08;5220.55;32443.352
2026-08-11T13:14:36.764397+02:00;standby;28.1;29.6;5.0;28.0;51.7;57.0;0;0;0;0;16500.63;11280.08;5220.55;32443.352
2026-08-11T13:15:37.384967+02:00;standby;28.1;29.6;5.0;28.0;51.7;57.0;0;0;0;0;16500.63;11280.08;5220.55;32443.352
2026-08-11T13:16:38.211299+02:00;standby;28.1;29.4;5.0;28.0;51.7;57.0;0;0;0;0;16500.63;11280.08;5220.55;32443.352
2026-08-11T13:17:38.931315+02:00;standby;28.1;29.6;5.0;28.0;51.7;57.0;0;0;0;0;16500.63;11280.08;5220.55;32443.352
2026-08-11T13:18:39.467858+02:00;standby;28.1;29.4;5.0;28.0;51.7;57.0;0;0;0;0;16500.63;11280.08;5220.55;32443.352
2026-08-11T13:19:39.953815+02:00;standby;28.1;29.4;5.0;28.0;51.7;57.0;0;0;0;0;16500.63;11280.08;5220.55;32443.352
2026-08-11T13:20:40.485733+02:00;standby;28.1;29.4;5.0;28.0;51.7;57.0;0;0;0;0;16500.63;11280.08;5220.55;32443.352
2026-08-11T13:21:40.992580+02:00;standby;28.1;29.4;5.0;28.0;51.7;57.0;0;0;0;0;16500.63;11280.08;5220.55;32443.352
2026-08-11T13:22:41.525575+02:00;standby;28.1;29.4;5.0;28.0;51.7;57.0;0;0;0;0;16500.63;11280.08;5220.55;32443.352
2026-08-11T13:23:42.448106+02:00;standby;28.1;29.4;5.0;28.0;51.7;57.0;0;0;0;0;16500.63;11280.08;5220.55;32443.352
2026-08-11T13:24:43.070205+02:00;standby;28.1;29.4;5.0;28.0;51.7;57.0;0;0;0;0;16500.63;11280.08;5220.55;32443.352
2026-08-11T13:25:43.542222+02:00;standby;28.1;29.4;5.0;28.0;51.7;57.0;0;0;0;0;16500.63;11280.08;5220.55;32443.352
2026-08-11T13:26:44.001019+02:00;standby;28.1;29.4;5.0;28.0;51.7;57.0;0;0;0;0;16500.63;11280.08;5220.55;32443.352
2026-08-11T13:27:44.731143+02:00;standby;28.1;29.4;5.0;28.0;51.6;57.0;0;0;0;0;16500.63;11280.08;5220.55;32443.352
2026-08-11T13:28:45.581009+02:00;standby;28.1;29.4;5.0;28.0;51.6;57.0;0;0;0;0;16500.63;11280.08;5220.55;32443.352
2026-08-11T13:29:46.086681+02:00;standby;28.1;29.4;5.0;28.0;51.6;57.0;0;0;0;0;16500.63;11280.08;5220.55;32443.352
2026-08-11T13:30:47.081814+02:00;standby;28.1;29.4;5.0;28.0;51.6;57.0;0;0;0;0;16500.63;11280.08;5220.55;32443.352
2026-08-11T13:31:47.521176+02:00;standby;28.1;29.4;5.0;28.0;51.6;57.0;0;0;0;0;16500.63;11280.08;5220.55;32443.352
2026-08-11T13:32:48.037768+02:00;standby;28.1;29.4;5.0;28.0;51.6;57.0;0;0;0;0;16500.63;11280.08;5220.55;32443.352
2026-08-11T13:33:48.743047+02:00;standby;28.1;29.4;5.0;28.0;51.6;57.0;0;0;0;0;16500.63;11280.08;5220.55;32443.352
2026-08-11T13:34:50.355324+02:00;standby;28.1;29.4;5.0;28.0;51.6;57.0;0;0;0;0;16500.63;11280.08;5220.55;32443.352
2026-08-11T13:35:50.946214+02:00;standby;28.1;29.4;5.0;28.0;51.6;57.0;0;0;0;0;16500.63;11280.08;5220.55;32443.352
2026-08-11T13:36:51.594333+02:00;standby;28.1;29.4;5.0;28.0;51.6;57.0;0;0;0;0;16500.63;11280.08;5220.55;32443.352
2026-08-11T13:37:52.356916+02:00;standby;28.1;29.4;5.0;28.0;51.6;57.0;0;0;0;0;16500.63;11280.08;5220.55;32443.352
2026-08-11T13:38:53.506795+02:00;standby;28.1;29.4;5.0;28.0;51.6;57.0;0;0;0;0;16500.63;11280.08;5220.55;32443.352
2026-08-11T13:39:54.086626+02:00;standby;28.1;29.4;5.0;28.0;51.5;57.0;0;0;0;0;16500.63;11280.08;5220.55;32443.352
2026-08-11T13:40:54.596661+02:00;standby;28.1;29.4;5.0;28.0;51.5;57.0;0;0;0;0;16500.63;11280.08;5220.55;32443.352
2026-08-11T13:41:55.301394+02:00;standby;28.1;29.4;5.0;28.0;51.5;57.0;0;0;0;0;16500.63;11280.08;5220.55;32443.352
2026-08-11T13:42:55.835371+02:00;standby;28.1;29.4;5.0;28.0;51.5;57.0;0;0;0;0;16500.63;11280.08;5220.55;32443.352
2026-08-11T13:43:56.292641+02:00;standby;28.1;29.4;5.0;28.0;51.5;57.0;0;0;0;0;16500.63;11280.08;5220.55;32443.352
2026-08-11T13:44:56.734585+02:00;standby;28.1;29.4;5.0;28.0;51.5;57.0;0;0;0;0;16500.63;11280.08;5220.55;32443.352
2026-08-11T13:45:57.259381+02:00;standby;28.1;29.4;5.0;28.0;51.5;57.0;0;0;0;0;16500.63;11280.08;5220.55;32443.352
2026-08-11T13:46:57.748925+02:00;standby;28.1;29.4;5.0;28.0;51.5;57.0;0;0;0;0;16500.63;11280.08;5220.55;32443.352
2026-08-11T13:47:58.412764+02:00;standby;28.1;29.4;5.0;28.0;51.5;57.0;0;0;0;0;16500.63;11280.08;5220.55;32443.352
2026-08-11T13:48:58.991658+02:00;standby;28.1;29.4;5.0;28.0;51.5;57.0;0;0;0;0;16500.63;11280.08;5220.55;32443.352
2026-08-11T13:49:59.581528+02:00;standby;28.1;29.4;5.0;28.0;51.5;57.0;0;0;0;0;16500.63;11280.08;5220.55;32443.352
2026-08-11T13:51:00.080965+02:00;standby;28.1;29.4;5.0;28.0;51.5;57.0;0;0;0;0;16500.63;11280.08;5220.55;32443.352
2026-08-11T13:52:00.614184+02:00;standby;28.1;29.4;5.0;28.0;51.5;57.0;0;0;0;0;16500.63;11280.08;5220.55;32443.352
2026-08-11T13:53:01.169430+02:00;standby;28.1;29.4;5.0;28.0;51.4;57.0;0;0;0;0;16500.63;11280.08;5220.55;32443.352
2026-08-11T13:54:01.810291+02:00;standby;28.1;29.4;5.0;28.0;51.4;57.0;0;0;0;0;16500.63;11280.08;5220.55;32443.352
2026-08-11T13:55:02.309774+02:00;standby;28.1;29.4;5.0;28.0;51.4;57.0;0;0;0;0;16500.63;11280.08;5220.55;32443.352
2026-08-11T13:56:02.727139+02:00;standby;28.1;29.3;5.0;28.0;51.4;57.0;0;0;0;0;16500.63;11280.08;5220.55;32443.352
2026-08-11T13:57:03.216376+02:00;standby;28.1;29.4;5.0;28.0;51.4;57.0;0;0;0;0;16500.63;11280.08;5220.55;32443.352
2026-08-11T13:58:03.788018+02:00;standby;28.1;29.4;5.0;28.0;51.4;57.0;0;0;0;0;16500.63;11280.08;5220.55;32443.352
2026-08-11T13:59:04.283543+02:00;standby;28.1;29.3;5.0;28.0;51.4;57.0;0;0;0;0;16500.63;11280.08;5220.55;32443.352
2026-08-11T14:00:05.678235+02:00;standby;28.1;29.4;5.0;28.0;51.4;57.0;0;0;0;0;16500.63;11280.08;5220.55;32443.352
2026-08-11T14:01:06.275285+02:00;standby;28.1;29.4;5.0;28.0;51.4;57.0;0;0;0;0;16500.63;11280.08;5220.55;32443.352
2026-08-11T14:02:06.765476+02:00;standby;28.1;29.3;5.0;28.0;51.4;57.0;0;0;0;0;16500.63;11280.08;5220.55;32443.352
2026-08-11T14:03:07.214162+02:00;standby;28.1;29.3;5.0;28.0;51.4;57.0;0;0;0;0;16500.63;11280.08;5220.55;32443.352
2026-08-11T14:04:07.728277+02:00;standby;28.1;29.3;5.0;28.0;51.4;57.0;0;0;0;0;16500.63;11280.08;5220.55;32443.352
2026-08-11T14:05:08.348446+02:00;standby;28.1;29.3;5.0;28.0;51.3;57.0;0;0;0;0;16500.63;11280.08;5220.55;32443.352
2026-08-11T14:06:09.382323+02:00;standby;28.1;29.3;5.0;28.0;51.3;57.0;0;0;0;0;16500.63;11280.08;5220.55;32443.352
2026-08-11T14:07:10.282964+02:00;standby;29.0;29.3;5.0;28.0;51.3;57.0;0;0;0;0;16500.63;11280.08;5220.55;32443.352
2026-08-11T14:08:10.732808+02:00;standby;29.0;29.3;5.0;28.0;51.3;57.0;0;0;0;0;16500.63;11280.08;5220.55;32443.352
2026-08-11T14:09:11.220697+02:00;standby;29.0;29.3;5.0;28.0;51.3;57.0;0;0;0;0;16500.63;11280.08;5220.55;32443.352
2026-08-11T14:10:11.686069+02:00;standby;29.0;29.3;5.0;28.0;51.3;57.0;0;0;0;0;16500.63;11280.08;5220.55;32443.352
2026-08-11T14:11:12.198369+02:00;standby;29.0;29.3;5.0;28.0;51.3;57.0;0;0;0;0;16500.63;11280.08;5220.55;32443.352
2026-08-11T14:12:12.818976+02:00;standby;29.0;29.3;5.0;28.0;51.3;57.0;0;0;0;0;16500.63;11280.08;5220.55;32443.352
2026-08-11T14:13:13.334814+02:00;standby;29.0;29.3;5.0;28.0;51.3;57.0;0;0;0;0;16500.63;11280.08;5220.55;32443.352
2026-08-11T14:14:13.950360+02:00;standby;29.0;29.3;5.0;28.0;51.3;57.0;0;0;0;0;16500.63;11280.08;5220.55;32443.352
2026-08-11T14:15:14.435746+02:00;standby;29.0;29.3;5.0;28.0;51.3;57.0;0;0;0;0;16500.63;11280.08;5220.55;32443.352
2026-08-11T14:16:15.099461+02:00;standby;29.0;29.3;5.0;28.0;51.3;57.0;0;0;0;0;16500.63;11280.08;5220.55;32443.352
2026-08-11T14:17:15.732221+02:00;standby;29.0;29.3;5.0;28.0;51.2;57.0;0;0;0;0;16500.63;11280.08;5220.55;32443.352
2026-08-11T14:18:16.367299+02:00;standby;29.0;29.3;5.0;28.0;51.2;57.0;0;0;0;0;16500.63;11280.08;5220.55;32443.352
2026-08-11T14:19:16.993533+02:00;standby;29.0;29.3;5.0;28.0;51.2;57.0;0;0;0;0;16500.63;11280.08;5220.55;32443.352
2026-08-11T14:20:17.442152+02:00;standby;29.0;29.3;5.0;28.0;51.2;57.0;0;0;0;0;16500.63;11280.08;5220.55;32443.352
2026-08-11T14:21:18.733939+02:00;standby;29.0;29.3;5.0;28.0;51.2;57.0;0;0;0;0;16500.63;11280.08;5220.55;32443.352
2026-08-11T14:22:19.199030+02:00;standby;29.0;29.3;5.0;28.0;51.2;57.0;0;0;0;0;16500.63;11280.08;5220.55;32443.352
2026-08-11T14:23:19.722006+02:00;standby;29.0;29.3;5.0;28.0;51.2;57.0;0;0;0;0;16500.63;11280.08;5220.55;32443.352
2026-08-11T14:24:20.282176+02:00;standby;29.0;29.3;5.0;28.0;51.2;57.0;0;0;0;0;16500.63;11280.08;5220.55;32443.352
2026-08-11T14:25:22.605511+02:00;standby;29.0;29.3;5.0;28.0;51.2;57.0;0;0;0;0;16500.63;11280.08;5220.55;32443.352
2026-08-11T14:26:23.118934+02:00;standby;29.0;29.3;5.0;28.0;51.2;57.0;0;0;0;0;16500.63;11280.08;5220.55;32443.352
2026-08-11T14:27:23.705361+02:00;standby;29.0;29.3;5.0;28.0;51.2;57.0;0;0;0;0;16500.63;11280.08;5220.55;32443.352
2026-08-11T14:28:24.199969+02:00;standby;29.0;29.3;5.0;28.0;51.2;57.0;0;0;0;0;16500.63;11280.08;5220.55;32443.352
2026-08-11T14:29:24.639482+02:00;standby;29.0;29.3;5.0;28.0;51.1;57.0;0;0;0;0;16500.63;11280.08;5220.55;32443.352
2026-08-11T14:30:25.340191+02:00;standby;29.0;29.3;5.0;28.0;51.1;57.0;0;0;0;0;16500.63;11280.08;5220.55;32443.352
2026-08-11T14:31:25.927335+02:00;standby;29.0;29.3;5.0;28.0;51.1;57.0;0;0;0;0;16500.63;11280.08;5220.55;32443.352
2026-08-11T14:32:26.401173+02:00;standby;29.0;29.3;5.0;28.0;51.1;57.0;0;0;0;0;16500.63;11280.08;5220.55;32443.352
2026-08-11T14:33:26.921407+02:00;standby;29.0;29.3;5.0;28.0;51.1;57.0;0;0;0;0;16500.63;11280.08;5220.55;32443.352
2026-08-11T14:34:27.422017+02:00;standby;29.0;29.3;5.0;28.0;51.1;57.0;0;0;0;0;16500.63;11280.08;5220.55;32443.352
2026-08-11T14:35:27.928308+02:00;standby;29.0;29.3;5.0;28.0;51.1;57.0;0;0;0;0;16500.63;11280.08;5220.55;32443.352
2026-08-11T14:36:28.479332+02:00;standby;29.0;29.3;5.0;28.0;51.1;57.0;0;0;0;0;16500.63;11280.08;5220.55;32443.352
2026-08-11T14:37:30.741630+02:00;standby;29.0;29.3;5.0;28.0;51.1;57.0;0;0;0;0;16500.63;11280.08;5220.55;32443.352
2026-08-11T14:38:31.244089+02:00;standby;29.0;29.3;5.0;28.0;51.1;57.0;0;0;0;0;16500.63;11280.08;5220.55;32443.352
2026-08-11T14:39:31.819115+02:00;standby;29.0;29.3;5.0;28.0;51.1;57.0;0;0;0;0;16500.63;11280.08;5220.55;32443.352
2026-08-11T14:40:32.337212+02:00;standby;29.0;29.3;5.0;28.0;51.1;57.0;0;0;0;0;16500.63;11280.08;5220.55;32443.352
2026-08-11T14:41:32.808773+02:00;standby;29.0;29.2;5.0;28.0;51.1;57.0;0;0;0;0;16500.63;11280.08;5220.55;32443.352
2026-08-11T14:42:33.274136+02:00;standby;29.0;29.3;5.0;28.0;50.9;57.0;0;0;0;0;16500.63;11280.08;5220.55;32443.352
2026-08-11T14:43:33.693703+02:00;standby;29.0;29.3;5.0;28.0;50.9;57.0;0;0;0;0;16500.63;11280.08;5220.55;32443.352
2026-08-11T14:44:34.261314+02:00;standby;29.0;29.3;5.0;28.0;50.9;57.0;0;0;0;0;16500.63;11280.08;5220.55;32443.352
2026-08-11T14:45:34.771655+02:00;standby;29.0;29.3;5.0;28.0;50.9;57.0;0;0;0;0;16500.63;11280.08;5220.55;32443.352
2026-08-11T14:46:35.254568+02:00;standby;29.0;29.2;5.0;28.0;50.9;57.0;0;0;0;0;16500.63;11280.08;5220.55;32443.352
2026-08-11T14:47:35.703786+02:00;standby;29.0;29.2;5.0;28.0;50.9;57.0;0;0;0;0;16500.63;11280.08;5220.55;32443.352
2026-08-11T14:48:36.338353+02:00;standby;29.0;29.2;5.0;28.0;50.9;57.0;0;0;0;0;16500.63;11280.08;5220.55;32443.352
2026-08-11T14:49:36.765956+02:00;standby;29.0;29.2;5.0;28.0;50.9;57.0;0;0;0;0;16500.63;11280.08;5220.55;32443.352
2026-08-11T14:50:37.232439+02:00;standby;29.0;29.2;5.0;28.0;50.9;57.0;0;0;0;0;16500.63;11280.08;5220.55;32443.352
2026-08-11T14:51:39.436574+02:00;standby;29.0;29.3;5.0;28.0;50.9;57.0;0;0;0;0;16500.63;11280.08;5220.55;32443.352
2026-08-11T14:52:40.029172+02:00;standby;29.0;29.2;5.0;28.0;50.9;57.0;0;0;0;0;16500.63;11280.08;5220.55;32443.352
2026-08-11T14:53:40.473217+02:00;standby;29.0;29.2;5.0;28.0;50.9;57.0;0;0;0;0;16500.63;11280.08;5220.55;32443.352
2026-08-11T14:54:41.814867+02:00;standby;29.0;29.2;5.0;28.0;50.8;57.0;0;0;0;0;16500.63;11280.08;5220.55;32443.352
2026-08-11T14:55:42.277386+02:00;standby;29.0;29.2;5.0;28.0;50.9;57.0;0;0;0;0;16500.63;11280.08;5220.55;32443.352
2026-08-11T14:56:42.797517+02:00;standby;29.0;29.2;5.0;28.0;50.9;57.0;0;0;0;0;16500.63;11280.08;5220.55;32443.352
2026-08-11T14:57:43.266645+02:00;standby;29.0;29.2;5.0;28.0;50.8;57.0;0;0;0;0;16500.63;11280.08;5220.55;32443.352
2026-08-11T14:58:44.654889+02:00;standby;29.0;29.2;5.0;28.0;50.8;57.0;0;0;0;0;16500.63;11280.08;5220.55;32443.352
2026-08-11T14:59:45.179104+02:00;standby;29.0;29.2;5.0;28.0;50.8;57.0;0;0;0;0;16500.63;11280.08;5220.55;32443.352
2026-08-11T15:00:45.905777+02:00;standby;29.0;29.2;5.0;28.0;50.8;57.0;0;0;0;0;16500.63;11280.08;5220.55;32443.352
2026-08-11T15:01:46.418776+02:00;standby;29.0;29.2;5.0;28.0;50.8;57.0;0;0;0;0;16500.63;11280.08;5220.55;32443.352
2026-08-11T15:02:46.896259+02:00;standby;29.0;29.2;5.0;28.0;50.8;57.0;0;0;0;0;16500.63;11280.08;5220.55;32443.352
2026-08-11T15:03:47.354306+02:00;standby;29.0;29.2;5.0;28.0;50.8;57.0;0;0;0;0;16500.63;11280.08;5220.55;32443.352
2026-08-11T15:04:47.886263+02:00;standby;29.0;29.2;5.0;28.0;50.8;57.0;0;0;0;0;16500.63;11280.08;5220.55;32443.352
2026-08-11T15:05:49.417215+02:00;standby;29.0;29.2;5.0;28.0;50.8;57.0;0;0;0;0;16500.63;11280.08;5220.55;32443.352
2026-08-11T15:06:49.880870+02:00;standby;29.0;29.2;5.0;28.0;50.8;57.0;0;0;0;0;16500.63;11280.08;5220.55;32443.352
2026-08-11T15:07:50.657730+02:00;standby;29.9;29.2;5.0;28.0;50.8;57.0;0;0;0;0;16500.63;11280.08;5220.55;32443.352
2026-08-11T15:08:51.386428+02:00;standby;29.9;29.2;5.0;28.0;50.7;57.0;0;0;0;0;16500.63;11280.08;5220.55;32443.352
2026-08-11T15:09:53.335594+02:00;standby;29.9;29.2;5.0;28.0;50.7;57.0;0;0;0;0;16500.63;11280.08;5220.55;32443.352
2026-08-11T15:10:53.859182+02:00;standby;29.9;29.2;5.0;28.0;50.7;57.0;0;0;0;0;16500.63;11280.08;5220.55;32443.352
2026-08-11T15:11:54.382608+02:00;standby;29.9;29.2;5.0;28.0;50.7;57.0;0;0;0;0;16500.63;11280.08;5220.55;32443.352
2026-08-11T15:12:54.979994+02:00;standby;29.9;29.2;5.0;28.0;50.7;57.0;0;0;0;0;16500.63;11280.08;5220.55;32443.352
2026-08-11T15:13:55.420918+02:00;standby;29.9;29.2;5.0;28.0;50.7;57.0;0;0;0;0;16500.63;11280.08;5220.55;32443.352
2026-08-11T15:14:56.032064+02:00;standby;29.9;29.2;5.0;28.0;50.7;57.0;0;0;0;0;16500.63;11280.08;5220.55;32443.352
2026-08-11T15:15:56.665989+02:00;standby;29.9;29.2;5.0;28.0;50.7;57.0;0;0;0;0;16500.63;11280.08;5220.55;32443.352
2026-08-11T15:16:57.159820+02:00;standby;29.9;29.2;5.0;28.0;50.7;57.0;0;0;0;0;16500.63;11280.08;5220.55;32443.352
2026-08-11T15:17:57.599564+02:00;standby;29.9;29.2;5.0;28.0;50.7;57.0;0;0;0;0;16500.63;11280.08;5220.55;32443.352
2026-08-11T15:18:58.324042+02:00;standby;29.9;29.2;5.0;28.0;50.7;57.0;0;0;0;0;16500.63;11280.08;5220.55;32443.352
2026-08-11T15:19:58.788782+02:00;standby;29.9;29.2;5.0;28.0;50.7;57.0;0;0;0;0;16500.63;11280.08;5220.55;32443.352
2026-08-11T15:20:59.359181+02:00;standby;29.9;29.2;5.0;28.0;50.7;57.0;0;0;0;0;16500.63;11280.08;5220.55;32443.352
2026-08-11T15:21:59.836221+02:00;standby;29.9;29.2;5.0;28.0;50.6;57.0;0;0;0;0;16500.63;11280.08;5220.55;32443.352
2026-08-11T15:23:00.294222+02:00;standby;29.9;29.2;5.0;28.0;50.6;57.0;0;0;0;0;16500.63;11280.08;5220.55;32443.352
2026-08-11T15:24:00.769415+02:00;standby;29.9;29.2;5.0;28.0;50.6;57.0;0;0;0;0;16500.63;11280.08;5220.55;32443.352
2026-08-11T15:25:01.245635+02:00;standby;29.9;29.2;5.0;28.0;50.6;57.0;0;0;0;0;16500.63;11280.08;5220.55;32443.352
2026-08-11T15:26:01.784948+02:00;standby;29.9;29.2;5.0;28.0;50.6;57.0;0;0;0;0;16500.63;11280.08;5220.55;32443.352
2026-08-11T15:27:02.590714+02:00;standby;29.9;29.2;5.0;28.0;50.6;57.0;0;0;0;0;16500.63;11280.08;5220.55;32443.352
2026-08-11T15:28:03.604698+02:00;standby;29.9;29.2;5.0;28.0;50.6;57.0;0;0;0;0;16500.63;11280.08;5220.55;32443.352
2026-08-11T15:29:04.128085+02:00;standby;29.9;29.2;5.0;28.0;50.6;57.0;0;0;0;0;16500.63;11280.08;5220.55;32443.352
2026-08-11T15:30:05.072473+02:00;standby;29.9;29.2;5.0;28.0;50.6;57.0;0;0;0;0;16500.63;11280.08;5220.55;32443.352
2026-08-11T15:31:06.340037+02:00;standby;29.9;29.0;5.0;28.0;50.6;57.0;0;0;0;0;16500.63;11280.08;5220.55;32443.352
2026-08-11T15:32:06.966822+02:00;standby;29.9;29.2;5.0;28.0;50.6;57.0;0;0;0;0;16500.63;11280.08;5220.55;32443.352
2026-08-11T15:33:07.489997+02:00;standby;29.9;29.2;5.0;28.0;50.6;57.0;0;0;0;0;16500.63;11280.08;5220.55;32443.352
2026-08-11T15:34:08.005021+02:00;standby;29.9;29.0;5.0;28.0;50.5;57.0;0;0;0;0;16500.63;11280.08;5220.55;32443.352
2026-08-11T15:35:08.933450+02:00;standby;29.9;29.2;5.0;28.0;50.5;57.0;0;0;0;0;16500.63;11280.08;5220.55;32443.352
2026-08-11T15:36:09.454373+02:00;standby;29.9;29.0;5.0;28.0;50.5;57.0;0;0;0;0;16500.63;11280.08;5220.55;32443.352
2026-08-11T15:37:09.930205+02:00;standby;29.9;29.0;5.0;28.0;50.5;57.0;0;0;0;0;16500.63;11280.08;5220.55;32443.352
2026-08-11T15:38:10.439820+02:00;standby;29.9;29.0;5.0;28.0;50.5;57.0;0;0;0;0;16500.63;11280.08;5220.55;32443.352
2026-08-11T15:39:10.919500+02:00;standby;29.9;29.0;5.0;28.0;50.5;57.0;0;0;0;0;16500.63;11280.08;5220.55;32443.352
2026-08-11T15:40:11.374972+02:00;standby;29.9;29.0;5.0;28.0;50.5;57.0;0;0;0;0;16500.63;11280.08;5220.55;32443.352
2026-08-11T15:41:11.837514+02:00;standby;29.9;29.0;5.0;28.0;50.5;57.0;0;0;0;0;16500.63;11280.08;5220.55;32443.352
2026-08-11T15:42:12.622650+02:00;standby;29.9;29.0;5.0;28.0;50.5;57.0;0;0;0;0;16500.63;11280.08;5220.55;32443.352
2026-08-11T15:43:13.148378+02:00;standby;29.9;29.0;5.0;28.0;50.5;57.0;0;0;0;0;16500.63;11280.08;5220.55;32443.352
2026-08-11T15:44:13.595154+02:00;standby;29.9;29.0;5.0;28.0;50.5;57.0;0;0;0;0;16500.63;11280.08;5220.55;32443.352
2026-08-11T15:45:14.540191+02:00;standby;29.9;29.0;5.0;28.0;50.5;57.0;0;0;0;0;16500.63;11280.08;5220.55;32443.352
2026-08-11T15:46:15.120644+02:00;standby;29.9;29.0;5.0;28.0;50.4;57.0;0;0;0;0;16500.63;11280.08;5220.55;32443.352
2026-08-11T15:47:15.569005+02:00;standby;29.9;29.0;5.0;28.0;50.4;57.0;0;0;0;0;16500.63;11280.08;5220.55;32443.352
2026-08-11T15:48:16.100696+02:00;standby;29.9;29.0;5.0;28.0;50.4;57.0;0;0;0;0;16500.63;11280.08;5220.55;32443.352
2026-08-11T15:49:17.080790+02:00;standby;29.9;29.0;5.0;28.0;50.4;57.0;0;0;0;0;16500.63;11280.08;5220.55;32443.352
2026-08-11T15:50:17.640825+02:00;standby;29.9;29.0;5.0;28.0;50.4;57.0;0;0;0;0;16500.63;11280.08;5220.55;32443.352
2026-08-11T15:51:18.437705+02:00;standby;29.9;29.0;5.0;28.0;50.4;57.0;0;0;0;0;16500.63;11280.08;5220.55;32443.352
2026-08-11T15:52:18.877453+02:00;standby;29.9;29.0;5.0;28.0;50.4;57.0;0;0;0;0;16500.63;11280.08;5220.55;32443.352
2026-08-11T15:53:19.313529+02:00;standby;29.9;29.0;5.0;28.0;50.4;57.0;0;0;0;0;16500.63;11280.08;5220.55;32443.352
2026-08-11T15:54:19.778219+02:00;standby;29.9;29.0;5.0;28.0;50.4;57.0;0;0;0;0;16500.63;11280.08;5220.55;32443.352
2026-08-11T15:55:21.495992+02:00;standby;29.9;29.0;5.0;28.0;50.4;57.0;0;0;0;0;16500.63;11280.08;5220.55;32443.352
2026-08-11T15:56:21.987972+02:00;standby;29.9;29.0;5.0;28.0;50.4;57.0;0;0;0;0;16500.63;11280.08;5220.55;32443.352
2026-08-11T15:57:23.000749+02:00;standby;29.9;29.0;5.0;28.0;50.4;57.0;0;0;0;0;16500.63;11280.08;5220.55;32443.352
2026-08-11T15:58:23.443795+02:00;standby;29.9;29.0;5.0;28.0;50.4;57.0;0;0;0;0;16500.63;11280.08;5220.55;32443.352
2026-08-11T15:59:23.910776+02:00;standby;29.9;29.0;5.0;28.0;50.3;57.0;0;0;0;0;16500.63;11280.08;5220.55;32443.352
2026-08-11T16:00:24.327407+02:00;standby;29.9;29.0;5.0;28.0;50.3;57.0;0;0;0;0;16500.63;11280.08;5220.55;32443.352
2026-08-11T16:01:24.801001+02:00;standby;29.9;29.0;5.0;28.0;50.3;57.0;0;0;0;0;16500.63;11280.08;5220.55;32443.352
2026-08-11T16:02:25.363492+02:00;standby;29.9;29.0;5.0;28.0;50.3;57.0;0;0;0;0;16500.63;11280.08;5220.55;32443.352
2026-08-11T16:03:25.837621+02:00;standby;29.9;29.0;5.0;28.0;50.3;57.0;0;0;0;0;16500.63;11280.08;5220.55;32443.352
2026-08-11T16:04:26.301058+02:00;standby;29.9;29.0;5.0;28.0;50.3;57.0;0;0;0;0;16500.63;11280.08;5220.55;32443.352
2026-08-11T16:05:26.874537+02:00;standby;29.9;29.0;5.0;28.0;50.3;57.0;0;0;0;0;16500.63;11280.08;5220.55;32443.352
2026-08-11T16:06:27.442743+02:00;standby;29.9;29.0;5.0;28.0;50.3;57.0;0;0;0;0;16500.63;11280.08;5220.55;32443.352
2026-08-11T16:07:28.370107+02:00;standby;29.9;29.0;5.0;28.0;50.3;57.0;0;0;0;0;16500.63;11280.08;5220.55;32443.352
2026-08-11T16:08:28.836921+02:00;standby;30.2;29.0;5.0;28.0;50.3;57.0;0;0;0;0;16500.63;11280.08;5220.55;32443.352
2026-08-11T16:09:29.386149+02:00;standby;30.2;29.0;5.0;28.0;50.3;57.0;0;0;0;0;16500.63;11280.08;5220.55;32443.352
2026-08-11T16:10:29.880556+02:00;standby;30.2;29.0;5.0;28.0;50.3;57.0;0;0;0;0;16500.63;11280.08;5220.55;32443.352
2026-08-11T16:11:30.647419+02:00;standby;30.2;29.0;5.0;28.0;50.2;57.0;0;0;0;0;16500.63;11280.08;5220.55;32443.352
2026-08-11T16:12:31.142982+02:00;standby;30.2;29.0;5.0;28.0;50.2;57.0;0;0;0;0;16500.63;11280.08;5220.55;32443.352
2026-08-11T16:13:32.019771+02:00;standby;30.2;29.0;5.0;28.0;50.2;57.0;0;0;0;0;16500.63;11280.08;5220.55;32443.352
2026-08-11T16:14:32.490278+02:00;standby;30.2;29.0;5.0;28.0;50.2;57.0;0;0;0;0;16500.63;11280.08;5220.55;32443.352
2026-08-11T16:15:33.336032+02:00;standby;30.2;29.0;5.0;28.0;50.2;57.0;0;0;0;0;16500.63;11280.08;5220.55;32443.352
2026-08-11T16:16:33.821116+02:00;standby;30.2;29.0;5.0;28.0;50.2;57.0;0;0;0;0;16500.63;11280.08;5220.55;32443.352
2026-08-11T16:17:34.583410+02:00;standby;30.2;29.0;5.0;28.0;50.2;57.0;0;0;0;0;16500.63;11280.08;5220.55;32443.352
2026-08-11T16:18:35.754408+02:00;standby;30.2;29.0;5.0;28.0;50.2;57.0;0;0;0;0;16500.63;11280.08;5220.55;32443.352
2026-08-11T16:19:36.193302+02:00;standby;30.2;29.0;5.0;28.0;50.2;57.0;0;0;0;0;16500.63;11280.08;5220.55;32443.352
2026-08-11T16:20:36.606037+02:00;standby;30.2;29.0;5.0;28.0;50.2;57.0;0;0;0;0;16500.63;11280.08;5220.55;32443.352
2026-08-11T16:21:37.170481+02:00;standby;30.2;29.0;5.0;28.0;50.2;57.0;0;0;0;0;16500.63;11280.08;5220.55;32443.352
2026-08-11T16:22:37.663279+02:00;standby;30.2;29.0;5.0;28.0;50.2;57.0;0;0;0;0;16500.63;11280.08;5220.55;32443.352
2026-08-11T16:23:38.263770+02:00;standby;30.2;29.0;5.0;28.0;50.2;57.0;0;0;0;0;16500.63;11280.08;5220.55;32443.352
2026-08-11T16:24:38.913143+02:00;standby;30.2;28.9;5.0;28.0;50.1;57.0;0;0;0;0;16500.63;11280.08;5220.55;32443.352
2026-08-11T16:25:39.757365+02:00;standby;30.2;29.0;5.0;28.0;50.1;57.0;0;0;0;0;16500.63;11280.08;5220.55;32443.352
2026-08-11T16:26:40.360056+02:00;standby;30.2;29.0;5.0;28.0;50.1;57.0;0;0;0;0;16500.63;11280.08;5220.55;32443.352
2026-08-11T16:27:41.051408+02:00;standby;30.2;29.0;5.0;28.0;50.1;57.0;0;0;0;0;16500.63;11280.08;5220.55;32443.352
2026-08-11T16:28:41.580704+02:00;standby;30.2;29.0;5.0;28.0;50.1;57.0;0;0;0;0;16500.63;11280.08;5220.55;32443.352
2026-08-11T16:29:42.148227+02:00;standby;30.2;28.9;5.0;28.0;50.1;57.0;0;0;0;0;16500.63;11280.08;5220.55;32443.352
2026-08-11T16:30:42.659469+02:00;standby;30.2;29.0;5.0;28.0;50.1;57.0;0;0;0;0;16500.63;11280.08;5220.55;32443.352
2026-08-11T16:31:43.179002+02:00;standby;30.2;28.9;5.0;28.0;50.1;57.0;0;0;0;0;16500.63;11280.08;5220.55;32443.352
2026-08-11T16:32:44.089511+02:00;standby;30.2;28.9;5.0;28.0;50.1;57.0;0;0;0;0;16500.63;11280.08;5220.55;32443.352
2026-08-11T16:33:44.587337+02:00;standby;30.2;28.9;5.0;28.0;50.1;57.0;0;0;0;0;16500.63;11280.08;5220.55;32443.352
2026-08-11T16:34:45.122540+02:00;standby;30.2;28.9;5.0;28.0;50.1;57.0;0;0;0;0;16500.63;11280.08;5220.55;32443.352
2026-08-11T16:35:45.726262+02:00;standby;30.2;28.9;5.0;28.0;50.1;57.0;0;0;0;0;16500.63;11280.08;5220.55;32443.352
2026-08-11T16:36:46.264323+02:00;standby;30.2;28.9;5.0;28.0;50.1;57.0;0;0;0;0;16500.63;11280.08;5220.55;32443.352
2026-08-11T16:37:46.917006+02:00;standby;30.2;28.9;5.0;28.0;50.0;57.0;0;0;0;0;16500.63;11280.08;5220.55;32443.352
2026-08-11T16:38:47.761652+02:00;standby;30.2;28.9;5.0;28.0;50.0;57.0;0;0;0;0;16500.63;11280.08;5220.55;32443.352
2026-08-11T16:39:48.663768+02:00;standby;30.2;28.9;5.0;28.0;50.0;57.0;0;0;0;0;16500.63;11280.08;5220.55;32443.352
2026-08-11T16:40:49.387446+02:00;standby;30.2;28.9;5.0;28.0;50.0;57.0;0;0;0;0;16500.63;11280.08;5220.55;32443.352
2026-08-11T16:41:49.910980+02:00;standby;30.2;28.9;5.0;28.0;50.0;57.0;0;0;0;0;16500.63;11280.08;5220.55;32443.352
2026-08-11T16:42:50.635775+02:00;standby;30.2;28.9;5.0;28.0;50.0;57.0;0;0;0;0;16500.63;11280.08;5220.55;32443.352
2026-08-11T16:43:51.155242+02:00;standby;30.2;28.9;5.0;28.0;50.0;57.0;0;0;0;0;16500.63;11280.08;5220.55;32443.352
2026-08-11T16:44:51.727417+02:00;standby;30.2;28.9;5.0;28.0;50.0;57.0;0;0;0;0;16500.63;11280.08;5220.55;32443.352
2026-08-11T16:45:52.341876+02:00;standby;30.2;28.9;5.0;28.0;50.0;57.0;0;0;0;0;16500.63;11280.08;5220.55;32443.352
2026-08-11T16:46:52.936195+02:00;standby;30.2;28.9;5.0;28.0;50.0;57.0;0;0;0;0;16500.63;11280.08;5220.55;32443.352
2026-08-11T16:47:54.023653+02:00;standby;30.2;28.9;5.0;28.0;50.0;57.0;0;0;0;0;16500.63;11280.08;5220.55;32443.352
2026-08-11T16:48:54.439954+02:00;standby;30.2;28.9;5.0;28.0;50.0;57.0;0;0;0;0;16500.63;11280.08;5220.55;32443.352
2026-08-11T16:49:54.900164+02:00;standby;30.2;28.9;5.0;28.0;50.0;57.0;0;0;0;0;16500.63;11280.08;5220.55;32443.352
2026-08-11T16:50:55.359278+02:00;standby;30.2;28.9;5.0;28.0;50.0;57.0;0;0;0;0;16500.63;11280.08;5220.55;32443.352
2026-08-11T16:51:55.843308+02:00;standby;30.2;28.9;5.0;28.0;49.9;57.0;0;0;0;0;16500.63;11280.08;5220.55;32443.352
2026-08-11T16:52:56.393771+02:00;standby;30.2;28.9;5.0;28.0;49.9;57.0;0;0;0;0;16500.63;11280.08;5220.55;32443.352
2026-08-11T16:53:57.009208+02:00;standby;30.2;28.9;5.0;28.0;49.9;57.0;0;0;0;0;16500.63;11280.08;5220.55;32443.352
2026-08-11T16:54:57.477990+02:00;standby;30.2;28.9;5.0;28.0;49.9;57.0;0;0;0;0;16500.63;11280.08;5220.55;32443.352
2026-08-11T16:55:57.998118+02:00;standby;30.2;28.9;5.0;28.0;49.9;57.0;0;0;0;0;16500.63;11280.08;5220.55;32443.352
2026-08-11T16:56:58.844373+02:00;standby;30.2;28.9;5.0;28.0;49.9;57.0;0;0;0;0;16500.63;11280.08;5220.55;32443.352
2026-08-11T16:57:59.371569+02:00;standby;30.2;28.9;5.0;28.0;49.9;57.0;0;0;0;0;16500.63;11280.08;5220.55;32443.352
2026-08-11T16:59:00.227581+02:00;standby;30.2;28.9;5.0;28.0;49.9;57.0;0;0;0;0;16500.63;11280.08;5220.55;32443.352
2026-08-11T17:00:00.690790+02:00;standby;30.2;28.9;5.0;28.0;49.9;57.0;0;0;0;0;16500.63;11280.08;5220.55;32443.352
2026-08-11T17:01:01.426640+02:00;standby;30.2;28.9;5.0;28.0;49.9;57.0;0;0;0;0;16500.63;11280.08;5220.55;32443.352
2026-08-11T17:02:01.890957+02:00;standby;30.2;28.9;5.0;28.0;49.9;57.0;0;0;0;0;16500.63;11280.08;5220.55;32443.352
2026-08-11T17:03:02.406689+02:00;standby;30.2;28.9;5.0;28.0;49.9;57.0;0;0;0;0;16500.63;11280.08;5220.55;32443.352
2026-08-11T17:04:02.871949+02:00;standby;30.2;28.9;5.0;28.0;49.9;57.0;0;0;0;0;16500.63;11280.08;5220.55;32443.352
2026-08-11T17:05:03.489575+02:00;standby;30.2;28.9;5.0;28.0;49.8;57.0;0;0;0;0;16500.63;11280.08;5220.55;32443.352
2026-08-11T17:06:03.985972+02:00;standby;30.2;28.9;5.0;28.0;49.8;57.0;0;0;0;0;16500.63;11280.08;5220.55;32443.352
2026-08-11T17:07:04.451879+02:00;standby;30.2;28.9;5.0;28.0;49.8;57.0;0;0;0;0;16500.63;11280.08;5220.55;32443.352
2026-08-11T17:08:05.535922+02:00;standby;30.2;28.9;5.0;28.0;49.8;57.0;0;0;0;0;16500.63;11280.08;5220.55;32443.352
2026-08-11T17:09:06.390400+02:00;standby;30.4;28.9;5.0;28.0;49.8;57.0;0;0;0;0;16500.63;11280.08;5220.55;32443.352
2026-08-11T17:10:07.065638+02:00;standby;30.4;28.9;5.0;28.0;49.8;57.0;0;0;0;0;16500.63;11280.08;5220.55;32443.352
2026-08-11T17:11:08.048269+02:00;standby;30.4;28.9;5.0;28.0;49.8;57.0;0;0;0;0;16500.63;11280.08;5220.55;32443.352
2026-08-11T17:12:09.279524+02:00;standby;30.4;28.9;5.0;28.0;49.8;57.0;0;0;0;0;16500.63;11280.08;5220.55;32443.352
2026-08-11T17:13:09.753366+02:00;standby;30.4;28.9;5.0;28.0;49.8;57.0;0;0;0;0;16500.63;11280.08;5220.55;32443.352
2026-08-11T17:14:10.313055+02:00;standby;30.4;28.9;5.0;28.0;49.8;57.0;0;0;0;0;16500.63;11280.08;5220.55;32443.352
2026-08-11T17:15:10.943461+02:00;standby;30.4;28.9;5.0;28.0;49.8;57.0;0;0;0;0;16500.63;11280.08;5220.55;32443.352
2026-08-11T17:16:11.411074+02:00;standby;30.4;28.9;5.0;28.0;49.8;57.0;0;0;0;0;16500.63;11280.08;5220.55;32443.352
2026-08-11T17:17:11.877089+02:00;standby;30.4;28.9;5.0;28.0;49.8;57.0;0;0;0;0;16500.63;11280.08;5220.55;32443.352
2026-08-11T17:18:12.594935+02:00;standby;30.4;28.9;5.0;28.0;49.7;57.0;0;0;0;0;16500.63;11280.08;5220.55;32443.352
2026-08-11T17:19:13.419095+02:00;standby;30.4;28.9;5.0;28.0;49.7;57.0;0;0;0;0;16500.63;11280.08;5220.55;32443.352
2026-08-11T17:20:13.942414+02:00;standby;30.4;28.9;5.0;28.0;49.7;57.0;0;0;0;0;16500.63;11280.08;5220.55;32443.352
2026-08-11T17:21:14.546192+02:00;standby;30.4;28.9;5.0;28.0;49.7;57.0;0;0;0;0;16500.63;11280.08;5220.55;32443.352
2026-08-11T17:22:14.963063+02:00;standby;30.4;28.9;5.0;28.0;49.7;57.0;0;0;0;0;16500.63;11280.08;5220.55;32443.352
2026-08-11T17:23:15.501359+02:00;standby;30.4;28.9;5.0;28.0;49.7;57.0;0;0;0;0;16500.63;11280.08;5220.55;32443.352
2026-08-11T17:24:16.180717+02:00;standby;30.4;28.9;5.0;28.0;49.7;57.0;0;0;0;0;16500.63;11280.08;5220.55;32443.352
2026-08-11T17:25:16.845029+02:00;standby;30.4;28.9;5.0;28.0;49.7;57.0;0;0;0;0;16500.63;11280.08;5220.55;32443.352
2026-08-11T17:26:18.136991+02:00;standby;30.4;28.9;5.0;28.0;49.7;57.0;0;0;0;0;16500.63;11280.08;5220.55;32443.352
2026-08-11T17:27:18.600212+02:00;standby;30.4;28.9;5.0;28.0;49.7;57.0;0;0;0;0;16500.63;11280.08;5220.55;32443.352
2026-08-11T17:28:19.102853+02:00;standby;30.4;28.7;5.0;28.0;49.7;57.0;0;0;0;0;16500.63;11280.08;5220.55;32443.352
2026-08-11T17:29:19.594235+02:00;standby;30.4;28.9;5.0;28.0;49.7;57.0;0;0;0;0;16500.63;11280.08;5220.55;32443.352
2026-08-11T17:30:20.112063+02:00;standby;30.4;28.7;5.0;28.0;49.6;57.0;0;0;0;0;16500.63;11280.08;5220.55;32443.352
2026-08-11T17:31:20.573231+02:00;standby;30.4;28.7;5.0;28.0;49.7;57.0;0;0;0;0;16500.63;11280.08;5220.55;32443.352
2026-08-11T17:32:21.254987+02:00;standby;30.4;28.7;5.0;28.0;49.6;57.0;0;0;0;0;16500.63;11280.08;5220.55;32443.352
2026-08-11T17:33:22.255817+02:00;standby;30.4;28.7;5.0;28.0;49.6;57.0;0;0;0;0;16500.63;11280.08;5220.55;32443.352
2026-08-11T17:34:22.749629+02:00;standby;30.4;28.7;5.0;28.0;49.6;57.0;0;0;0;0;16500.63;11280.08;5220.55;32443.352
2026-08-11T17:35:23.287575+02:00;standby;30.4;28.7;5.0;28.0;49.6;57.0;0;0;0;0;16500.63;11280.08;5220.55;32443.352
2026-08-11T17:36:23.827988+02:00;standby;30.4;28.7;5.0;28.0;49.6;57.0;0;0;0;0;16500.63;11280.08;5220.55;32443.352
2026-08-11T17:37:24.489167+02:00;standby;30.4;28.7;5.0;28.0;49.6;57.0;0;0;0;0;16500.63;11280.08;5220.55;32443.352
2026-08-11T17:38:25.086773+02:00;standby;30.4;28.7;5.0;28.0;49.6;57.0;0;0;0;0;16500.63;11280.08;5220.55;32443.352
2026-08-11T17:39:26.277145+02:00;standby;30.4;28.7;5.0;28.0;49.6;57.0;0;0;0;0;16500.63;11280.08;5220.55;32443.352
2026-08-11T17:40:30.388688+02:00;standby;30.4;28.7;5.0;28.0;49.6;57.0;0;0;0;0;16500.63;11280.08;5220.55;32443.352
2026-08-11T17:41:30.908330+02:00;standby;30.4;28.7;5.0;28.0;49.6;57.0;0;0;0;0;16500.63;11280.08;5220.55;32443.352
2026-08-11T17:42:31.418738+02:00;standby;30.4;28.7;5.0;28.0;49.6;57.0;0;0;0;0;16500.63;11280.08;5220.55;32443.352
2026-08-11T17:43:31.949051+02:00;standby;30.4;28.7;5.0;28.0;49.5;57.0;0;0;0;0;16500.63;11280.08;5220.55;32443.352
2026-08-11T17:44:32.879576+02:00;standby;30.4;28.7;5.0;28.0;49.5;57.0;0;0;0;0;16500.63;11280.08;5220.55;32443.352
2026-08-11T17:45:33.330921+02:00;standby;30.4;28.7;5.0;28.0;49.5;57.0;0;0;0;0;16500.63;11280.08;5220.55;32443.352
2026-08-11T17:46:33.753827+02:00;standby;30.4;28.7;5.0;28.0;49.5;57.0;0;0;0;0;16500.63;11280.08;5220.55;32443.352
2026-08-11T17:47:34.216122+02:00;standby;30.4;28.7;5.0;28.0;49.5;57.0;0;0;0;0;16500.63;11280.08;5220.55;32443.352
2026-08-11T17:48:34.737421+02:00;standby;30.4;28.7;5.0;28.0;49.5;57.0;0;0;0;0;16500.63;11280.08;5220.55;32443.352
2026-08-11T17:49:35.250818+02:00;standby;30.4;28.7;5.0;28.0;49.5;57.0;0;0;0;0;16500.63;11280.08;5220.55;32443.352
2026-08-11T17:50:35.881715+02:00;standby;30.4;28.7;5.0;28.0;49.5;57.0;0;0;0;0;16500.63;11280.08;5220.55;32443.352
2026-08-11T17:51:37.319056+02:00;standby;30.4;28.7;5.0;28.0;49.5;57.0;0;0;0;0;16500.63;11280.08;5220.55;32443.352
2026-08-11T17:52:37.787302+02:00;standby;30.4;28.7;5.0;28.0;49.5;57.0;0;0;0;0;16500.63;11280.08;5220.55;32443.352
2026-08-11T17:53:38.273094+02:00;standby;30.4;28.7;5.0;28.0;49.5;57.0;0;0;0;0;16500.63;11280.08;5220.55;32443.352
2026-08-11T17:54:38.767446+02:00;standby;30.4;28.7;5.0;28.0;49.5;57.0;0;0;0;0;16500.63;11280.08;5220.55;32443.352
2026-08-11T17:55:39.270409+02:00;standby;30.4;28.7;5.0;28.0;49.5;57.0;0;0;0;0;16500.63;11280.08;5220.55;32443.352
2026-08-11T17:56:39.782355+02:00;standby;30.4;28.7;5.0;28.0;49.4;57.0;0;0;0;0;16500.63;11280.08;5220.55;32443.352
2026-08-11T17:57:40.233178+02:00;standby;30.4;28.7;5.0;28.0;49.5;57.0;0;0;0;0;16500.63;11280.08;5220.55;32443.352
2026-08-11T17:58:41.799392+02:00;standby;30.4;28.7;5.0;28.0;49.4;57.0;0;0;0;0;16500.63;11280.08;5220.55;32443.352
2026-08-11T17:59:42.329253+02:00;standby;30.4;28.7;5.0;28.0;49.4;57.0;0;0;0;0;16500.63;11280.08;5220.55;32443.352
2026-08-11T18:00:42.822369+02:00;standby;30.4;28.7;5.0;28.0;49.4;57.0;0;0;0;0;16500.63;11280.08;5220.55;32443.352
2026-08-11T18:01:43.431413+02:00;standby;30.4;28.7;5.0;28.0;49.4;57.0;0;0;0;0;16500.63;11280.08;5220.55;32443.352
2026-08-11T18:02:43.955754+02:00;standby;30.4;28.7;5.0;28.0;49.4;57.0;0;0;0;0;16500.63;11280.08;5220.55;32443.352
2026-08-11T18:03:44.390876+02:00;standby;30.4;28.7;5.0;28.0;49.4;57.0;0;0;0;0;16500.63;11280.08;5220.55;32443.352
2026-08-11T18:04:45.022280+02:00;standby;30.4;28.7;5.0;28.0;49.4;57.0;0;0;0;0;16500.63;11280.08;5220.55;32443.352
2026-08-11T18:05:45.612612+02:00;standby;30.4;28.7;5.0;28.0;49.4;57.0;0;0;0;0;16500.63;11280.08;5220.55;32443.352
2026-08-11T18:06:46.202855+02:00;standby;30.4;28.7;5.0;28.0;49.4;57.0;0;0;0;0;16500.63;11280.08;5220.55;32443.352
2026-08-11T18:07:47.153035+02:00;standby;30.4;28.7;5.0;28.0;49.4;57.0;0;0;0;0;16500.63;11280.08;5220.55;32443.352
2026-08-11T18:08:47.675826+02:00;standby;30.4;28.7;5.0;28.0;49.4;57.0;0;0;0;0;16500.63;11280.08;5220.55;32443.352
2026-08-11T18:09:48.269009+02:00;standby;30.1;28.7;5.0;28.0;49.4;57.0;0;0;0;0;16500.63;11280.08;5220.55;32443.352
2026-08-11T18:10:48.802790+02:00;standby;30.1;28.7;5.0;28.0;49.3;57.0;0;0;0;0;16500.63;11280.08;5220.55;32443.352
2026-08-11T18:11:49.513830+02:00;standby;30.1;28.7;5.0;28.0;49.3;57.0;0;0;0;0;16500.63;11280.08;5220.55;32443.352
2026-08-11T18:12:50.092713+02:00;standby;30.1;28.7;5.0;28.0;49.3;57.0;0;0;0;0;16500.63;11280.08;5220.55;32443.352
2026-08-11T18:13:50.552709+02:00;standby;30.1;28.7;5.0;28.0;49.3;57.0;0;0;0;0;16500.63;11280.08;5220.55;32443.352
2026-08-11T18:14:51.384985+02:00;standby;30.1;28.7;5.0;28.0;49.3;57.0;0;0;0;0;16500.63;11280.08;5220.55;32443.352
2026-08-11T18:15:51.931253+02:00;standby;30.1;28.7;5.0;28.0;49.3;57.0;0;0;0;0;16500.63;11280.08;5220.55;32443.352
2026-08-11T18:16:52.441003+02:00;standby;30.1;28.7;5.0;28.0;49.3;57.0;0;0;0;0;16500.63;11280.08;5220.55;32443.352
2026-08-11T18:17:53.161429+02:00;standby;30.1;28.7;5.0;28.0;49.3;57.0;0;0;0;0;16500.63;11280.08;5220.55;32443.352
2026-08-11T18:18:53.899921+02:00;standby;30.1;28.7;5.0;28.0;49.3;57.0;0;0;0;0;16500.63;11280.08;5220.55;32443.352
2026-08-11T18:19:54.382103+02:00;standby;30.1;28.7;5.0;28.0;49.3;57.0;0;0;0;0;16500.63;11280.08;5220.55;32443.352
2026-08-11T18:20:55.261746+02:00;standby;30.1;28.7;5.0;28.0;49.3;57.0;0;0;0;0;16500.63;11280.08;5220.55;32443.352
2026-08-11T18:21:55.975929+02:00;standby;30.1;28.7;5.0;28.0;49.3;57.0;0;0;0;0;16500.63;11280.08;5220.55;32443.352
2026-08-11T18:22:56.554102+02:00;standby;30.1;28.7;5.0;28.0;49.3;57.0;0;0;0;0;16500.63;11280.08;5220.55;32443.352
2026-08-11T18:23:57.413197+02:00;standby;30.1;28.7;5.0;28.0;49.3;57.0;0;0;0;0;16500.63;11280.08;5220.55;32443.352
2026-08-11T18:24:57.964249+02:00;standby;30.1;28.6;5.0;28.0;49.2;57.0;0;0;0;0;16500.63;11280.08;5220.55;32443.352
2026-08-11T18:25:58.973443+02:00;standby;30.1;28.7;5.0;28.0;49.2;57.0;0;0;0;0;16500.63;11280.08;5220.55;32443.352
2026-08-11T18:26:59.577845+02:00;standby;30.1;28.7;5.0;28.0;49.2;57.0;0;0;0;0;16500.63;11280.08;5220.55;32443.352
2026-08-11T18:28:00.109230+02:00;standby;30.1;28.7;5.0;28.0;49.2;57.0;0;0;0;0;16500.63;11280.08;5220.55;32443.352
2026-08-11T18:29:00.751262+02:00;standby;30.1;28.7;5.0;28.0;49.2;57.0;0;0;0;0;16500.63;11280.08;5220.55;32443.352
2026-08-11T18:30:01.237351+02:00;standby;30.1;28.7;5.0;28.0;49.2;57.0;0;0;0;0;16500.63;11280.08;5220.55;32443.352
2026-08-11T18:31:02.177733+02:00;standby;30.1;28.7;5.0;28.0;49.2;57.0;0;0;0;0;16500.63;11280.08;5220.55;32443.352
2026-08-11T18:32:02.685062+02:00;standby;30.1;28.7;5.0;28.0;49.2;57.0;0;0;0;0;16500.63;11280.08;5220.55;32443.352
2026-08-11T18:33:03.208557+02:00;standby;30.1;28.7;5.0;28.0;49.2;57.0;0;0;0;0;16500.63;11280.08;5220.55;32443.352
2026-08-11T18:34:03.706937+02:00;standby;30.1;28.7;5.0;28.0;49.2;57.0;0;0;0;0;16500.63;11280.08;5220.55;32443.352
2026-08-11T18:35:04.269564+02:00;standby;30.1;28.6;5.0;28.0;49.2;57.0;0;0;0;0;16500.63;11280.08;5220.55;32443.352
2026-08-11T18:36:05.115374+02:00;standby;30.1;28.6;5.0;28.0;49.2;57.0;0;0;0;0;16500.63;11280.08;5220.55;32443.352
2026-08-11T18:37:05.706603+02:00;standby;30.1;28.7;5.0;28.0;49.2;57.0;0;0;0;0;16500.63;11280.08;5220.55;32443.352
2026-08-11T18:38:06.211385+02:00;standby;30.1;28.6;5.0;28.0;49.1;57.0;0;0;0;0;16500.63;11280.08;5220.55;32443.352
2026-08-11T18:39:07.284319+02:00;standby;30.1;28.6;5.0;28.0;49.1;57.0;0;0;0;0;16500.63;11280.08;5220.55;32443.352
2026-08-11T18:40:07.744164+02:00;standby;30.1;28.6;5.0;28.0;49.0;57.0;0;0;0;0;16500.63;11280.08;5220.55;32443.352
2026-08-11T18:41:08.395103+02:00;standby;30.1;28.6;5.0;28.0;49.0;57.0;0;0;0;0;16500.63;11280.08;5220.55;32443.352
2026-08-11T18:42:09.025703+02:00;standby;30.1;28.6;5.0;28.0;49.0;57.0;0;0;0;0;16500.63;11280.08;5220.55;32443.352
2026-08-11T18:43:09.538184+02:00;standby;30.1;28.6;5.0;28.0;49.0;57.0;0;0;0;0;16500.63;11280.08;5220.55;32443.352
2026-08-11T18:44:10.248191+02:00;standby;30.1;28.6;5.0;28.0;49.0;57.0;0;0;0;0;16500.63;11280.08;5220.55;32443.352
2026-08-11T18:45:11.088159+02:00;standby;30.1;28.6;5.0;28.0;49.0;57.0;0;0;0;0;16500.63;11280.08;5220.55;32443.352
2026-08-11T18:46:11.598413+02:00;standby;30.1;28.6;5.0;28.0;49.0;57.0;0;0;0;0;16500.63;11280.08;5220.55;32443.352
2026-08-11T18:47:12.117201+02:00;standby;30.1;28.6;5.0;28.0;49.0;57.0;0;0;0;0;16500.63;11280.08;5220.55;32443.352
2026-08-11T18:48:12.632127+02:00;standby;30.1;28.6;5.0;28.0;49.0;57.0;0;0;0;0;16500.63;11280.08;5220.55;32443.352
2026-08-11T18:49:13.238346+02:00;standby;30.1;28.6;5.0;28.0;48.9;57.0;0;0;0;0;16500.63;11280.08;5220.55;32443.352
2026-08-11T18:50:13.780948+02:00;standby;30.1;28.6;5.0;28.0;48.9;57.0;0;0;0;0;16500.63;11280.08;5220.55;32443.352
2026-08-11T18:51:14.403071+02:00;standby;30.1;28.6;5.0;28.0;48.9;57.0;0;0;0;0;16500.63;11280.08;5220.55;32443.352
2026-08-11T18:52:15.063834+02:00;standby;30.1;28.6;5.0;28.0;48.9;57.0;0;0;0;0;16500.63;11280.08;5220.55;32443.352
2026-08-11T18:53:15.622320+02:00;standby;30.1;28.6;5.0;28.0;48.9;57.0;0;0;0;0;16500.63;11280.08;5220.55;32443.352
2026-08-11T18:54:16.055110+02:00;standby;30.1;28.6;5.0;28.0;48.9;57.0;0;0;0;0;16500.63;11280.08;5220.55;32443.352
2026-08-11T18:55:17.213827+02:00;standby;30.1;28.6;5.0;28.0;48.9;57.0;0;0;0;0;16500.63;11280.08;5220.55;32443.352
2026-08-11T18:56:18.040809+02:00;standby;30.1;28.6;5.0;28.0;48.9;57.0;0;0;0;0;16500.63;11280.08;5220.55;32443.352
2026-08-11T18:57:18.519586+02:00;standby;30.1;28.6;5.0;28.0;48.9;57.0;0;0;0;0;16500.63;11280.08;5220.55;32443.352
2026-08-11T18:58:20.321827+02:00;standby;30.1;28.6;5.0;28.0;48.9;57.0;0;0;0;0;16500.63;11280.08;5220.55;32443.352
2026-08-11T18:59:21.141325+02:00;standby;30.1;28.6;5.0;28.0;48.9;57.0;0;0;0;0;16500.63;11280.08;5220.55;32443.352
2026-08-11T19:00:21.628529+02:00;standby;30.1;28.6;5.0;28.0;48.8;57.0;0;0;0;0;16500.63;11280.08;5220.55;32443.352
2026-08-11T19:01:22.155413+02:00;standby;30.1;28.6;5.0;28.0;48.8;57.0;0;0;0;0;16500.63;11280.08;5220.55;32443.352
2026-08-11T19:02:22.678041+02:00;standby;30.1;28.6;5.0;28.0;48.8;57.0;0;0;0;0;16500.63;11280.08;5220.55;32443.352
2026-08-11T19:03:23.522132+02:00;standby;30.1;28.6;5.0;28.0;48.8;57.0;0;0;0;0;16500.63;11280.08;5220.55;32443.352
2026-08-11T19:04:24.028905+02:00;standby;30.1;28.6;5.0;28.0;48.8;57.0;0;0;0;0;16500.63;11280.08;5220.55;32443.352
2026-08-11T19:05:24.476269+02:00;standby;30.1;28.6;5.0;28.0;48.8;57.0;0;0;0;0;16500.63;11280.08;5220.55;32443.352
2026-08-11T19:06:25.279023+02:00;standby;30.1;28.6;5.0;28.0;48.7;57.0;0;0;0;0;16500.63;11280.08;5220.55;32443.352
2026-08-11T19:07:25.980120+02:00;standby;30.1;28.6;5.0;28.0;48.7;57.0;0;0;0;0;16500.63;11280.08;5220.55;32443.352
2026-08-11T19:08:26.628970+02:00;standby;30.1;28.6;5.0;28.0;48.7;57.0;0;0;0;0;16500.63;11280.08;5220.55;32443.352
2026-08-11T19:09:27.560245+02:00;standby;30.1;28.6;5.0;28.0;48.7;57.0;0;0;0;0;16500.63;11280.08;5220.55;32443.352
2026-08-11T19:10:28.078271+02:00;standby;29.4;28.6;5.0;28.0;48.7;57.0;0;0;0;0;16500.63;11280.08;5220.55;32443.352
2026-08-11T19:11:28.577112+02:00;standby;29.4;28.6;5.0;28.0;48.7;57.0;0;0;0;0;16500.63;11280.08;5220.55;32443.352
2026-08-11T19:12:29.618838+02:00;standby;29.4;28.6;5.0;28.0;48.7;57.0;0;0;0;0;16500.63;11280.08;5220.55;32443.352
2026-08-11T19:13:30.266731+02:00;standby;29.4;28.6;5.0;28.0;48.6;57.0;0;0;0;0;16500.63;11280.08;5220.55;32443.352
2026-08-11T19:14:30.744821+02:00;standby;29.4;28.6;5.0;28.0;48.7;57.0;0;0;0;0;16500.63;11280.08;5220.55;32443.352
2026-08-11T19:15:31.247194+02:00;standby;29.4;28.6;5.0;28.0;48.6;57.0;0;0;0;0;16500.63;11280.08;5220.55;32443.352
2026-08-11T19:16:31.687158+02:00;standby;29.4;28.6;5.0;28.0;48.6;57.0;0;0;0;0;16500.63;11280.08;5220.55;32443.352
2026-08-11T19:17:32.208527+02:00;standby;29.4;28.6;5.0;28.0;48.6;57.0;0;0;0;0;16500.63;11280.08;5220.55;32443.352
2026-08-11T19:18:32.821524+02:00;standby;29.4;28.6;5.0;28.0;48.6;57.0;0;0;0;0;16500.63;11280.08;5220.55;32443.352
2026-08-11T19:19:33.445567+02:00;standby;29.4;28.6;5.0;28.0;48.6;57.0;0;0;0;0;16500.63;11280.08;5220.55;32443.352
2026-08-11T19:20:33.999258+02:00;standby;29.4;28.6;5.0;28.0;48.6;57.0;0;0;0;0;16500.63;11280.08;5220.55;32443.352
2026-08-11T19:21:34.626648+02:00;standby;29.4;28.6;5.0;28.0;48.6;57.0;0;0;0;0;16500.63;11280.08;5220.55;32443.352
2026-08-11T19:22:35.142275+02:00;standby;29.4;28.6;5.0;28.0;48.5;57.0;0;0;0;0;16500.63;11280.08;5220.55;32443.352
2026-08-11T19:23:35.702769+02:00;standby;29.4;28.6;5.0;28.0;48.4;57.0;0;0;0;0;16500.63;11280.08;5220.55;32443.352
2026-08-11T19:24:36.294897+02:00;standby;29.4;28.6;5.0;28.0;48.4;57.0;0;0;0;0;16500.63;11280.08;5220.55;32443.352
2026-08-11T19:25:36.775067+02:00;standby;29.4;28.6;5.0;28.0;48.4;57.0;0;0;0;0;16500.63;11280.08;5220.55;32443.352
2026-08-11T19:26:37.287638+02:00;standby;29.4;28.6;5.0;28.0;48.2;57.0;0;0;0;0;16500.63;11280.08;5220.55;32443.352
2026-08-11T19:27:38.037494+02:00;standby;29.4;28.6;5.0;28.0;48.2;57.0;0;0;0;0;16500.63;11280.08;5220.55;32443.352
2026-08-11T19:28:38.548260+02:00;standby;29.4;28.6;5.0;28.0;48.2;57.0;0;0;0;0;16500.63;11280.08;5220.55;32443.352
2026-08-11T19:29:39.198426+02:00;standby;29.4;28.6;5.0;28.0;48.2;57.0;0;0;0;0;16500.63;11280.08;5220.55;32443.352
2026-08-11T19:30:39.785312+02:00;standby;29.4;28.6;5.0;28.0;48.2;57.0;0;0;0;0;16500.63;11280.08;5220.55;32443.352
2026-08-11T19:31:40.607127+02:00;standby;29.4;28.6;5.0;28.0;48.2;57.0;0;0;0;0;16500.63;11280.08;5220.55;32443.352
2026-08-11T19:32:41.221268+02:00;standby;29.4;28.6;5.0;28.0;48.2;57.0;0;0;0;0;16500.63;11280.08;5220.55;32443.352
2026-08-11T19:33:41.714314+02:00;standby;29.4;28.6;5.0;28.0;48.2;57.0;0;0;0;0;16500.63;11280.08;5220.55;32443.352
2026-08-11T19:34:42.164994+02:00;standby;29.4;28.6;5.0;28.0;48.2;57.0;0;0;0;0;16500.63;11280.08;5220.55;32443.352
2026-08-11T19:35:42.694633+02:00;standby;29.4;28.6;5.0;28.0;48.1;57.0;0;0;0;0;16500.63;11280.08;5220.55;32443.352
2026-08-11T19:36:43.299260+02:00;standby;29.4;28.6;5.0;28.0;48.1;57.0;0;0;0;0;16500.63;11280.08;5220.55;32443.352
2026-08-11T19:37:43.827552+02:00;standby;29.4;28.6;5.0;28.0;48.1;57.0;0;0;0;0;16500.63;11280.08;5220.55;32443.352
2026-08-11T19:38:44.370876+02:00;standby;29.4;28.6;5.0;28.0;48.1;57.0;0;0;0;0;16500.63;11280.08;5220.55;32443.352
2026-08-11T19:39:44.852823+02:00;standby;29.4;28.6;5.0;28.0;48.1;57.0;0;0;0;0;16500.63;11280.08;5220.55;32443.352
2026-08-11T19:40:45.376534+02:00;standby;29.4;28.6;5.0;28.0;48.1;57.0;0;0;0;0;16500.63;11280.08;5220.55;32443.352
2026-08-11T19:41:46.345889+02:00;standby;29.4;28.6;5.0;28.0;48.1;57.0;0;0;0;0;16500.63;11280.08;5220.55;32443.352
2026-08-11T19:42:46.951736+02:00;standby;29.4;28.6;5.0;28.0;48.1;57.0;0;0;0;0;16500.63;11280.08;5220.55;32443.352
2026-08-11T19:43:47.444486+02:00;standby;29.4;28.6;5.0;28.0;48.1;57.0;0;0;0;0;16500.63;11280.08;5220.55;32443.352
2026-08-11T19:44:47.977844+02:00;standby;29.4;28.6;5.0;28.0;48.1;57.0;0;0;0;0;16500.63;11280.08;5220.55;32443.352
2026-08-11T19:45:48.479648+02:00;standby;29.4;28.6;5.0;28.0;48.1;57.0;0;0;0;0;16500.63;11280.08;5220.55;32443.352
2026-08-11T19:46:49.021398+02:00;standby;29.4;28.6;5.0;28.0;48.1;57.0;0;0;0;0;16500.63;11280.08;5220.55;32443.352
2026-08-11T19:47:49.727546+02:00;standby;29.4;28.6;5.0;28.0;48.0;57.0;0;0;0;0;16500.63;11280.08;5220.55;32443.352
2026-08-11T19:48:50.547911+02:00;standby;29.4;28.6;5.0;28.0;48.0;57.0;0;0;0;0;16500.63;11280.08;5220.55;32443.352
2026-08-11T19:49:51.083757+02:00;standby;29.4;28.6;5.0;28.0;48.0;57.0;0;0;0;0;16500.63;11280.08;5220.55;32443.352
2026-08-11T19:50:51.773257+02:00;standby;29.4;28.6;5.0;28.0;48.0;57.0;0;0;0;0;16500.63;11280.08;5220.55;32443.352
2026-08-11T19:51:52.264902+02:00;standby;29.4;28.6;5.0;28.0;48.0;57.0;0;0;0;0;16500.63;11280.08;5220.55;32443.352
2026-08-11T19:52:52.813534+02:00;standby;29.4;28.6;5.0;28.0;48.0;57.0;0;0;0;0;16500.63;11280.08;5220.55;32443.352
2026-08-11T19:53:53.456070+02:00;standby;29.4;28.6;5.0;28.0;48.0;57.0;0;0;0;0;16500.63;11280.08;5220.55;32443.352
2026-08-11T19:54:54.184803+02:00;standby;29.4;28.6;5.0;28.0;48.0;57.0;0;0;0;0;16500.63;11280.08;5220.55;32443.352
2026-08-11T19:55:54.807211+02:00;standby;29.4;28.6;5.0;28.0;48.0;57.0;0;0;0;0;16500.63;11280.08;5220.55;32443.352
2026-08-11T19:56:55.528423+02:00;standby;29.4;28.6;5.0;28.0;47.9;57.0;0;0;0;0;16500.63;11280.08;5220.55;32443.352
2026-08-11T19:57:56.053221+02:00;standby;29.4;28.6;5.0;28.0;47.9;57.0;0;0;0;0;16500.63;11280.08;5220.55;32443.352
2026-08-11T19:58:56.661079+02:00;standby;29.4;28.6;5.0;28.0;47.8;57.0;0;0;0;0;16500.63;11280.08;5220.55;32443.352
2026-08-11T19:59:57.196180+02:00;standby;29.4;28.5;5.0;28.0;47.7;57.0;0;0;0;0;16500.63;11280.08;5220.55;32443.352
2026-08-11T20:00:57.911745+02:00;standby;29.4;28.6;5.0;28.0;47.7;57.0;0;0;0;0;16500.63;11280.08;5220.55;32443.352
2026-08-11T20:01:58.632493+02:00;standby;29.4;28.6;5.0;28.0;47.7;57.0;0;0;0;0;16500.63;11280.08;5220.55;32443.352
2026-08-11T20:02:59.352430+02:00;standby;29.4;28.6;5.0;28.0;47.7;57.0;0;0;0;0;16500.63;11280.08;5220.55;32443.352
2026-08-11T20:03:59.872210+02:00;standby;29.4;28.5;5.0;28.0;47.7;57.0;0;0;0;0;16500.63;11280.08;5220.55;32443.352
2026-08-11T20:05:00.800925+02:00;standby;29.4;28.6;5.0;28.0;47.7;57.0;0;0;0;0;16500.63;11280.08;5220.55;32443.352
2026-08-11T20:06:01.323758+02:00;standby;29.4;28.6;5.0;28.0;47.7;57.0;0;0;0;0;16500.63;11280.08;5220.55;32443.352
2026-08-11T20:07:02.067622+02:00;standby;29.4;28.5;5.0;28.0;47.6;57.0;0;0;0;0;16500.63;11280.08;5220.55;32443.352
2026-08-11T20:08:02.599651+02:00;standby;29.4;28.6;5.0;28.0;47.5;57.0;0;0;0;0;16500.63;11280.08;5220.55;32443.352
2026-08-11T20:09:03.293073+02:00;standby;29.4;28.5;5.0;28.0;47.5;57.0;0;0;0;0;16500.63;11280.08;5220.55;32443.352
2026-08-11T20:10:03.809175+02:00;standby;29.4;28.5;5.0;28.0;47.5;57.0;0;0;0;0;16500.63;11280.08;5220.55;32443.352
2026-08-11T20:11:04.279985+02:00;standby;28.6;28.5;5.0;28.0;47.5;57.0;0;0;0;0;16500.63;11280.08;5220.55;32443.352
2026-08-11T20:12:05.578880+02:00;standby;28.6;28.5;5.0;28.0;47.5;57.0;0;0;0;0;16500.63;11280.08;5220.55;32443.352
2026-08-11T20:13:06.492822+02:00;standby;28.6;28.6;5.0;28.0;47.5;57.0;0;0;0;0;16500.63;11280.08;5220.55;32443.352
2026-08-11T20:14:07.217573+02:00;standby;28.6;28.5;5.0;28.0;47.4;57.0;0;0;0;0;16500.63;11280.08;5220.55;32443.352
2026-08-11T20:15:07.732468+02:00;standby;28.6;28.6;5.0;28.0;47.4;57.0;0;0;0;0;16500.63;11280.08;5220.55;32443.352
2026-08-11T20:16:08.236700+02:00;standby;28.6;28.5;5.0;28.0;47.4;57.0;0;0;0;0;16500.63;11280.08;5220.55;32443.352
2026-08-11T20:17:08.805062+02:00;standby;28.6;28.6;5.0;28.0;47.4;57.0;0;0;0;0;16500.63;11280.08;5220.55;32443.352
2026-08-11T20:18:09.401824+02:00;standby;28.6;28.5;5.0;28.0;47.4;57.0;0;0;0;0;16500.63;11280.08;5220.55;32443.352
2026-08-11T20:19:09.947263+02:00;standby;28.6;28.5;5.0;28.0;47.4;57.0;0;0;0;0;16500.63;11280.08;5220.55;32443.352
2026-08-11T20:20:10.466420+02:00;standby;28.6;28.5;5.0;28.0;47.4;57.0;0;0;0;0;16500.63;11280.08;5220.55;32443.352
2026-08-11T20:21:10.969891+02:00;standby;28.6;28.5;5.0;28.0;47.4;57.0;0;0;0;0;16500.63;11280.08;5220.55;32443.352
2026-08-11T20:22:11.590530+02:00;standby;28.6;28.5;5.0;28.0;47.3;57.0;0;0;0;0;16500.63;11280.08;5220.55;32443.352
2026-08-11T20:23:12.102856+02:00;standby;28.6;28.5;5.0;28.0;47.2;57.0;0;0;0;0;16500.63;11280.08;5220.55;32443.352
2026-08-11T20:24:12.626868+02:00;standby;28.6;28.5;5.0;28.0;47.2;57.0;0;0;0;0;16500.63;11280.08;5220.55;32443.352
2026-08-11T20:25:13.235908+02:00;standby;28.6;28.5;5.0;28.0;47.2;57.0;0;0;0;0;16500.63;11280.08;5220.55;32443.352
2026-08-11T20:26:13.741334+02:00;standby;28.6;28.5;5.0;28.0;47.2;57.0;0;0;0;0;16500.63;11280.08;5220.55;32443.352
2026-08-11T20:27:14.285569+02:00;standby;28.6;28.5;5.0;28.0;47.2;57.0;0;0;0;0;16500.63;11280.08;5220.55;32443.352
2026-08-11T20:28:15.562485+02:00;standby;28.6;28.5;5.0;28.0;47.2;57.0;0;0;0;0;16500.63;11280.08;5220.55;32443.352
2026-08-11T20:29:16.244185+02:00;standby;28.6;28.5;5.0;28.0;47.2;57.0;0;0;0;0;16500.63;11280.08;5220.55;32443.352
2026-08-11T20:30:16.857469+02:00;standby;28.6;28.5;5.0;28.0;47.1;57.0;0;0;0;0;16500.63;11280.08;5220.55;32443.352
2026-08-11T20:31:17.655086+02:00;standby;28.6;28.5;5.0;28.0;47.1;57.0;0;0;0;0;16500.63;11280.08;5220.55;32443.352
2026-08-11T20:32:18.152510+02:00;standby;28.6;28.5;5.0;28.0;47.1;57.0;0;0;0;0;16500.63;11280.08;5220.55;32443.352
2026-08-11T20:33:18.591512+02:00;standby;28.6;28.5;5.0;28.0;47.1;57.0;0;0;0;0;16500.63;11280.08;5220.55;32443.352
2026-08-11T20:34:19.076543+02:00;standby;28.6;28.5;5.0;28.0;47.1;57.0;0;0;0;0;16500.63;11280.08;5220.55;32443.352
2026-08-11T20:35:19.560431+02:00;standby;28.6;28.5;5.0;28.0;47.1;57.0;0;0;0;0;16500.63;11280.08;5220.55;32443.352
2026-08-11T20:36:20.710207+02:00;standby;28.6;28.5;5.0;28.0;47.1;57.0;0;0;0;0;16500.63;11280.08;5220.55;32443.352
2026-08-11T20:37:21.212458+02:00;standby;28.6;28.5;5.0;28.0;47.1;57.0;0;0;0;0;16500.63;11280.08;5220.55;32443.352
2026-08-11T20:38:21.699891+02:00;standby;28.6;28.5;5.0;28.0;47.1;57.0;0;0;0;0;16500.63;11280.08;5220.55;32443.352
2026-08-11T20:39:22.555031+02:00;standby;28.6;28.5;5.0;28.0;47.1;57.0;0;0;0;0;16500.63;11280.08;5220.55;32443.352
2026-08-11T20:40:23.111071+02:00;standby;28.6;28.5;5.0;28.0;47.1;57.0;0;0;0;0;16500.63;11280.08;5220.55;32443.352
2026-08-11T20:41:23.593220+02:00;standby;28.6;28.5;5.0;28.0;47.1;57.0;0;0;0;0;16500.63;11280.08;5220.55;32443.352
2026-08-11T20:42:24.435579+02:00;standby;28.6;28.5;5.0;28.0;47.1;57.0;0;0;0;0;16500.63;11280.08;5220.55;32443.352
2026-08-11T20:43:25.484128+02:00;standby;28.6;28.5;5.0;28.0;47.1;57.0;0;0;0;0;16500.63;11280.08;5220.55;32443.352
2026-08-11T20:44:26.294388+02:00;standby;28.6;28.5;5.0;28.0;47.1;57.0;0;0;0;0;16500.63;11280.08;5220.55;32443.352
2026-08-11T20:45:27.039048+02:00;standby;28.6;28.5;5.0;28.0;47.0;57.0;0;0;0;0;16500.63;11280.08;5220.55;32443.352
2026-08-11T20:46:27.877361+02:00;standby;28.6;28.5;5.0;28.0;47.0;57.0;0;0;0;0;16500.63;11280.08;5220.55;32443.352
2026-08-11T20:47:28.354741+02:00;standby;28.6;28.5;5.0;28.0;47.0;57.0;0;0;0;0;16500.63;11280.08;5220.55;32443.352
2026-08-11T20:48:28.980243+02:00;standby;28.6;28.5;5.0;28.0;47.0;57.0;0;0;0;0;16500.63;11280.08;5220.55;32443.352
2026-08-11T20:49:29.699719+02:00;standby;28.6;28.5;5.0;28.0;47.0;57.0;0;0;0;0;16500.63;11280.08;5220.55;32443.352
2026-08-11T20:50:30.318821+02:00;standby;28.6;28.5;5.0;28.0;47.0;57.0;0;0;0;0;16500.63;11280.08;5220.55;32443.352
2026-08-11T20:51:31.114086+02:00;standby;28.6;28.5;5.0;28.0;47.0;57.0;0;0;0;0;16500.63;11280.08;5220.55;32443.352
2026-08-11T20:52:31.529695+02:00;standby;28.6;28.5;5.0;28.0;47.0;57.0;0;0;0;0;16500.63;11280.08;5220.55;32443.352
2026-08-11T20:53:32.017308+02:00;standby;28.6;28.5;5.0;28.0;47.0;57.0;0;0;0;0;16500.63;11280.08;5220.55;32443.352
2026-08-11T20:54:32.551332+02:00;dhw;28.6;38.0;85.0;28.0;47.0;57.0;1;23;1;100;16500.67;11280.08;5220.59;32443.352
2026-08-11T20:54:45.556264+02:00;dhw;28.6;38.7;85.0;28.0;46.9;57.0;1;23;1;100;16500.67;11280.08;5220.59;32443.352
2026-08-11T20:54:56.468869+02:00;dhw;28.6;38.6;85.0;28.0;46.8;57.0;1;23;1;100;16500.69;11280.08;5220.61;32443.352
2026-08-11T20:55:07.148565+02:00;dhw;28.6;38.6;85.0;28.0;46.7;57.0;1;23;1;100;16500.7;11280.08;5220.62;32443.352
2026-08-11T20:55:17.891854+02:00;dhw;28.6;39.1;85.0;28.0;46.7;57.0;1;23;1;100;16500.71;11280.08;5220.63;32443.352
2026-08-11T20:55:28.534020+02:00;dhw;28.6;40.0;85.0;28.0;46.6;57.0;1;23;1;100;16500.72;11280.08;5220.64;32443.352
2026-08-11T20:55:39.095621+02:00;dhw;28.6;40.4;85.0;28.0;46.5;57.0;1;23;1;100;16500.72;11280.08;5220.65;32443.352
2026-08-11T20:55:49.808539+02:00;dhw;28.6;41.1;85.0;28.0;46.5;57.0;1;29;1;100;16500.74;11280.08;5220.66;32443.352
2026-08-11T20:56:00.564944+02:00;dhw;28.6;42.0;85.0;28.0;46.4;57.0;1;39;1;100;16500.75;11280.08;5220.67;32443.352
2026-08-11T20:56:11.145551+02:00;dhw;28.6;44.1;85.0;28.0;46.3;57.0;1;54;1;100;16500.77;11280.08;5220.69;32443.352
2026-08-11T20:56:22.445979+02:00;dhw;28.6;46.0;85.0;28.0;46.3;57.0;1;65;1;100;16500.79;11280.08;5220.72;32443.352
2026-08-11T20:56:33.068376+02:00;dhw;28.6;48.0;85.0;28.0;46.2;57.0;1;77;1;100;16500.82;11280.08;5220.75;32443.352
2026-08-11T20:56:43.673220+02:00;dhw;28.6;50.2;85.0;28.0;46.2;57.0;1;88;1;100;16500.85;11280.08;5220.78;32443.352
2026-08-11T20:56:54.444447+02:00;dhw;28.6;53.1;85.0;28.0;46.2;57.0;1;101;1;100;16500.9;11280.08;5220.82;32443.352
2026-08-11T20:57:05.278395+02:00;dhw;28.6;55.6;85.0;28.0;46.1;57.0;1;108;1;100;16500.94;11280.08;5220.87;32443.352
2026-08-11T20:57:15.987340+02:00;dhw;28.6;58.1;85.0;28.0;46.1;57.0;1;108;1;100;16500.99;11280.08;5220.92;32443.352
2026-08-11T20:57:26.609167+02:00;dhw;28.6;60.1;85.0;28.0;46.1;57.0;1;108;1;100;16501.03;11280.08;5220.96;32443.352
2026-08-11T20:57:37.577749+02:00;dhw;28.6;62.0;85.0;28.0;46.1;57.0;1;108;1;100;16501.08;11280.08;5221.0;32443.352
2026-08-11T20:57:48.436285+02:00;dhw;28.6;63.3;85.0;28.0;46.1;57.0;1;108;1;100;16501.11;11280.08;5221.04;32443.352
2026-08-11T20:57:59.460296+02:00;dhw;28.6;65.1;85.0;28.0;46.1;57.0;1;108;1;100;16501.17;11280.08;5221.1;32443.451
2026-08-11T20:58:10.148904+02:00;dhw;28.6;66.1;85.0;28.0;46.2;57.0;1;108;1;100;16501.21;11280.08;5221.13;32443.451
2026-08-11T20:58:20.750846+02:00;dhw;28.6;67.0;85.0;28.0;46.3;57.0;1;108;1;100;16501.25;11280.08;5221.17;32443.451
2026-08-11T20:58:31.503288+02:00;dhw;28.6;68.0;85.0;28.0;46.4;57.0;1;108;1;100;16501.3;11280.08;5221.22;32443.451
2026-08-11T20:58:42.161411+02:00;dhw;28.6;68.3;85.0;28.0;46.5;57.0;1;108;1;100;16501.32;11280.08;5221.24;32443.451
2026-08-11T20:58:52.598366+02:00;dhw;28.6;69.1;85.0;28.0;46.5;57.0;1;108;1;100;16501.36;11280.08;5221.29;32443.451
2026-08-11T20:59:03.068053+02:00;dhw;28.6;70.0;85.0;28.0;46.8;57.0;1;108;1;100;16501.43;11280.08;5221.35;32443.451
2026-08-11T20:59:14.204975+02:00;dhw;28.6;70.6;85.0;28.0;46.9;57.0;1;108;1;100;16501.49;11280.08;5221.41;32443.451
2026-08-11T20:59:24.799600+02:00;dhw;28.6;71.0;85.0;28.0;47.3;57.0;1;108;1;100;16501.53;11280.08;5221.45;32443.451
2026-08-11T20:59:35.516253+02:00;dhw;28.6;71.4;85.0;28.0;47.4;57.0;1;108;1;100;16501.57;11280.08;5221.49;32443.451
2026-08-11T20:59:46.154953+02:00;dhw;28.6;71.8;85.0;28.0;47.6;57.0;1;108;1;100;16501.61;11280.08;5221.54;32443.451
2026-08-11T20:59:56.728751+02:00;dhw;28.6;72.2;85.0;28.0;47.8;57.0;1;108;1;100;16501.65;11280.08;5221.58;32443.451
2026-08-11T21:00:07.323316+02:00;dhw;28.6;72.5;85.0;28.0;47.9;57.0;1;108;1;100;16501.7;11280.08;5221.62;32443.451
2026-08-11T21:00:17.803205+02:00;dhw;28.6;72.7;85.0;28.0;48.1;57.0;1;108;1;100;16501.74;11280.08;5221.66;32443.451
2026-08-11T21:00:28.572717+02:00;dhw;28.6;73.0;85.0;28.0;48.4;57.0;1;108;1;100;16501.78;11280.08;5221.7;32443.451
2026-08-11T21:00:39.198686+02:00;dhw;28.6;73.4;85.0;28.0;48.5;57.0;1;108;1;100;16501.82;11280.08;5221.75;32443.451
2026-08-11T21:00:50.399776+02:00;dhw;28.6;73.6;85.0;28.0;48.7;57.0;1;108;1;100;16501.86;11280.08;5221.79;32443.451
2026-08-11T21:01:01.058982+02:00;dhw;28.6;74.0;85.0;28.0;48.8;57.0;1;108;1;100;16501.91;11280.08;5221.84;32443.451
2026-08-11T21:01:11.752816+02:00;dhw;28.6;74.2;85.0;28.0;49.0;57.0;1;108;1;100;16501.95;11280.08;5221.87;32443.451
2026-08-11T21:01:22.417938+02:00;dhw;28.6;74.5;85.0;28.0;49.1;57.0;1;108;1;100;16501.99;11280.08;5221.91;32443.451
2026-08-11T21:01:32.961576+02:00;dhw;28.6;74.6;85.0;28.0;49.3;57.0;1;108;1;100;16502.03;11280.08;5221.95;32443.451
2026-08-11T21:01:43.525425+02:00;dhw;28.6;75.1;85.0;28.0;49.5;57.0;1;108;1;100;16502.11;11280.08;5222.04;32443.451
2026-08-11T21:01:54.946474+02:00;dhw;28.6;75.2;85.0;28.0;49.6;57.0;1;108;1;100;16502.16;11280.08;5222.08;32443.551
2026-08-11T21:02:08.030466+02:00;dhw;28.6;75.5;85.0;28.0;49.8;57.0;1;108;1;100;16502.2;11280.08;5222.12;32443.551
2026-08-11T21:02:18.860955+02:00;dhw;28.6;75.6;85.0;28.0;49.9;57.0;1;108;1;100;16502.24;11280.08;5222.16;32443.551
2026-08-11T21:02:29.760817+02:00;dhw;28.6;76.1;85.0;28.0;50.0;57.0;1;108;1;100;16502.31;11280.08;5222.23;32443.551
2026-08-11T21:02:40.359269+02:00;dhw;28.6;76.1;85.0;28.0;50.2;57.0;1;108;1;100;16502.32;11280.08;5222.25;32443.551
2026-08-11T21:02:51.032906+02:00;dhw;28.6;76.1;85.0;28.0;50.2;57.0;1;108;1;100;16502.32;11280.08;5222.25;32443.551
2026-08-11T21:03:01.710423+02:00;dhw;28.6;76.5;85.0;28.0;50.5;57.0;1;108;1;100;16502.41;11280.08;5222.33;32443.551
2026-08-11T21:03:12.389402+02:00;dhw;28.6;76.7;85.0;28.0;50.6;57.0;1;108;1;100;16502.45;11280.08;5222.37;32443.551
2026-08-11T21:03:22.940501+02:00;dhw;28.6;77.1;85.0;28.0;50.7;57.0;1;108;1;100;16502.53;11280.08;5222.46;32443.551
2026-08-11T21:03:33.402659+02:00;dhw;28.6;77.3;85.0;28.0;51.1;57.0;1;108;1;100;16502.57;11280.08;5222.5;32443.551
2026-08-11T21:03:46.544038+02:00;dhw;28.6;77.4;85.0;28.0;51.3;57.0;1;108;1;100;16502.62;11280.08;5222.54;32443.551
2026-08-11T21:03:57.163511+02:00;dhw;28.6;77.6;85.0;28.0;51.4;57.0;1;108;1;100;16502.66;11280.08;5222.58;32443.551
2026-08-11T21:04:07.696128+02:00;dhw;28.6;77.9;85.0;28.0;51.6;57.0;1;108;1;100;16502.7;11280.08;5222.63;32443.551
2026-08-11T21:04:18.540694+02:00;dhw;28.6;78.0;85.0;28.0;51.8;57.0;1;108;1;100;16502.74;11280.08;5222.66;32443.551
2026-08-11T21:04:31.671960+02:00;dhw;28.6;78.2;85.0;28.0;51.9;57.0;1;108;1;100;16502.78;11280.08;5222.71;32443.551
2026-08-11T21:04:42.264261+02:00;dhw;28.6;78.5;85.0;28.0;52.1;57.0;1;108;1;100;16502.87;11280.08;5222.79;32443.551
2026-08-11T21:04:52.891919+02:00;dhw;28.6;78.6;85.0;28.0;52.4;57.0;1;108;1;100;16502.91;11280.08;5222.83;32443.551
2026-08-11T21:05:03.518326+02:00;dhw;28.6;78.8;85.0;28.0;52.5;57.0;1;108;1;100;16502.95;11280.08;5222.88;32443.551
2026-08-11T21:05:14.352868+02:00;dhw;28.6;79.0;85.0;28.0;52.7;57.0;1;108;1;100;16502.99;11280.08;5222.92;32443.551
2026-08-11T21:05:25.007486+02:00;dhw;28.6;79.1;85.0;28.0;52.8;57.0;1;108;1;100;16503.04;11280.08;5222.96;32443.551
2026-08-11T21:05:35.655430+02:00;dhw;28.6;79.3;85.0;28.0;53.1;57.0;1;108;1;100;16503.08;11280.08;5223.0;32443.551
2026-08-11T21:05:46.858818+02:00;dhw;28.6;79.5;85.0;28.0;53.2;57.0;1;108;1;100;16503.12;11280.08;5223.04;32443.551
2026-08-11T21:05:57.667639+02:00;dhw;28.6;79.6;85.0;28.0;53.4;57.0;1;108;1;100;16503.16;11280.08;5223.08;32443.65
2026-08-11T21:06:08.286539+02:00;dhw;28.6;79.8;85.0;28.0;53.6;57.0;1;108;1;100;16503.21;11280.08;5223.13;32443.65
2026-08-11T21:06:19.296703+02:00;dhw;28.6;80.1;85.0;28.0;53.7;57.0;1;108;1;100;16503.25;11280.08;5223.17;32443.65
2026-08-11T21:06:30.166206+02:00;dhw;28.6;80.3;85.0;28.0;53.9;57.0;1;108;1;100;16503.29;11280.08;5223.21;32443.65
2026-08-11T21:06:40.793936+02:00;dhw;28.6;80.4;85.0;28.0;54.1;57.0;1;108;1;100;16503.33;11280.08;5223.25;32443.65
2026-08-11T21:06:51.632545+02:00;dhw;28.6;80.6;85.0;28.0;54.2;57.0;1;108;1;100;16503.37;11280.08;5223.29;32443.65
2026-08-11T21:07:02.291988+02:00;dhw;28.6;80.7;85.0;28.0;54.6;57.0;1;108;1;100;16503.41;11280.08;5223.33;32443.65
2026-08-11T21:07:12.903483+02:00;dhw;28.6;81.1;85.0;28.0;54.8;57.0;1;108;1;100;16503.49;11280.08;5223.42;32443.65
2026-08-11T21:07:23.378904+02:00;dhw;28.6;81.2;85.0;28.0;55.1;57.0;1;108;1;100;16503.54;11280.08;5223.46;32443.65
2026-08-11T21:07:33.976493+02:00;dhw;28.6;81.4;85.0;28.0;55.3;57.0;1;108;1;100;16503.58;11280.08;5223.5;32443.65
2026-08-11T21:07:44.845732+02:00;dhw;28.6;81.5;85.0;28.0;55.5;57.0;1;108;1;100;16503.62;11280.08;5223.54;32443.65
2026-08-11T21:07:55.889473+02:00;dhw;28.6;81.7;85.0;28.0;55.6;57.0;1;108;1;100;16503.66;11280.08;5223.59;32443.65
2026-08-11T21:08:06.694091+02:00;dhw;28.6;82.0;85.0;28.0;55.8;57.0;1;108;1;100;16503.71;11280.08;5223.64;32443.65
2026-08-11T21:08:17.316891+02:00;dhw;28.6;82.0;85.0;28.0;56.0;57.0;1;108;1;100;16503.75;11280.08;5223.67;32443.65
2026-08-11T21:08:28.306423+02:00;dhw;28.6;82.4;85.0;28.0;56.2;57.0;1;108;1;100;16503.79;11280.08;5223.71;32443.65
2026-08-11T21:08:38.958061+02:00;dhw;28.6;82.4;85.0;28.0;56.4;57.0;1;108;1;100;16503.83;11280.08;5223.75;32443.65
2026-08-11T21:08:49.600364+02:00;dhw;28.6;82.5;85.0;28.0;56.6;57.0;1;108;1;100;16503.87;11280.08;5223.79;32443.65
2026-08-11T21:09:00.383531+02:00;dhw;28.6;82.7;85.0;28.0;56.7;57.0;1;108;1;100;16503.91;11280.08;5223.84;32443.65
2026-08-11T21:09:11.015980+02:00;standby;28.6;82.9;85.0;28.0;56.9;57.0;0;0;1;100;16503.97;11280.08;5223.89;32443.65
2026-08-11T21:09:21.666998+02:00;standby;28.6;81.9;85.0;28.0;57.4;57.0;0;0;1;100;16503.97;11280.08;5223.89;32443.65
2026-08-11T21:09:32.373991+02:00;standby;28.6;79.6;85.0;28.0;57.6;57.0;0;0;1;100;16503.97;11280.08;5223.89;32443.65
2026-08-11T21:09:42.843990+02:00;standby;28.6;77.4;85.0;28.0;57.8;57.0;0;0;1;100;16503.97;11280.08;5223.89;32443.65
2026-08-11T21:09:53.464355+02:00;standby;28.6;74.8;85.0;28.0;57.9;57.0;0;0;1;100;16503.97;11280.08;5223.89;32443.65
2026-08-11T21:10:04.057645+02:00;standby;28.6;73.7;85.0;28.0;58.1;57.0;0;0;1;10;16503.97;11280.08;5223.89;32443.65
2026-08-11T21:11:04.536056+02:00;standby;27.4;66.7;5.0;28.0;58.8;57.0;0;0;1;10;16503.97;11280.08;5223.89;32443.65
2026-08-11T21:12:05.441910+02:00;standby;27.4;63.0;5.0;28.0;59.4;57.0;0;0;0;10;16503.97;11280.08;5223.89;32443.65
2026-08-11T21:13:06.081281+02:00;standby;27.4;63.7;5.0;28.0;59.7;57.0;0;0;0;0;16503.97;11280.08;5223.89;32443.65
2026-08-11T21:14:06.543187+02:00;standby;27.4;64.1;5.0;28.0;59.8;57.0;0;0;0;0;16503.97;11280.08;5223.89;32443.65
2026-08-11T21:15:07.185993+02:00;standby;27.4;64.3;5.0;28.0;59.9;57.0;0;0;0;0;16503.97;11280.08;5223.89;32443.65
2026-08-11T21:16:07.881132+02:00;standby;27.4;64.4;5.0;28.0;59.9;57.0;0;0;0;0;16503.97;11280.08;5223.89;32443.65
2026-08-11T21:17:08.342360+02:00;standby;27.4;64.4;5.0;28.0;59.9;57.0;0;0;0;0;16503.97;11280.08;5223.89;32443.65
2026-08-11T21:18:08.884327+02:00;standby;27.4;64.3;5.0;28.0;59.9;57.0;0;0;0;0;16503.97;11280.08;5223.89;32443.65
2026-08-11T21:19:09.335489+02:00;standby;27.4;64.3;5.0;28.0;59.9;57.0;0;0;0;0;16503.97;11280.08;5223.89;32443.65
2026-08-11T21:20:10.093628+02:00;standby;27.4;64.2;5.0;28.0;59.9;57.0;0;0;0;0;16503.97;11280.08;5223.89;32443.65
2026-08-11T21:21:10.678955+02:00;standby;27.4;64.1;5.0;28.0;59.9;57.0;0;0;0;0;16503.97;11280.08;5223.89;32443.65
2026-08-11T21:22:11.375850+02:00;standby;27.4;64.0;5.0;28.0;59.9;57.0;0;0;0;0;16503.97;11280.08;5223.89;32443.65
2026-08-11T21:23:11.832909+02:00;standby;27.4;63.8;5.0;28.0;59.9;57.0;0;0;0;0;16503.97;11280.08;5223.89;32443.65
2026-08-11T21:24:12.367060+02:00;standby;27.4;63.7;5.0;28.0;59.9;57.0;0;0;0;0;16503.97;11280.08;5223.89;32443.65
2026-08-11T21:25:12.858356+02:00;standby;27.4;63.6;5.0;28.0;59.9;57.0;0;0;0;0;16503.97;11280.08;5223.89;32443.65
2026-08-11T21:26:13.529044+02:00;standby;27.4;63.5;5.0;28.0;59.9;57.0;0;0;0;0;16503.97;11280.08;5223.89;32443.65
2026-08-11T21:27:14.175183+02:00;standby;27.4;63.4;5.0;28.0;59.9;57.0;0;0;0;0;16503.97;11280.08;5223.89;32443.65
2026-08-11T21:28:14.729386+02:00;standby;27.4;63.3;5.0;28.0;59.9;57.0;0;0;0;0;16503.97;11280.08;5223.89;32443.65
2026-08-11T21:29:15.266025+02:00;standby;27.4;63.1;5.0;28.0;59.9;57.0;0;0;0;0;16503.97;11280.08;5223.89;32443.65
2026-08-11T21:30:15.988776+02:00;standby;27.4;63.0;5.0;28.0;59.9;57.0;0;0;0;0;16503.97;11280.08;5223.89;32443.65
2026-08-11T21:31:16.484952+02:00;standby;27.4;62.8;5.0;28.0;59.9;57.0;0;0;0;0;16503.97;11280.08;5223.89;32443.65
2026-08-11T21:32:16.951993+02:00;standby;27.4;62.7;5.0;28.0;59.9;57.0;0;0;0;0;16503.97;11280.08;5223.89;32443.65
2026-08-11T21:33:17.399358+02:00;standby;27.4;62.6;5.0;28.0;59.8;57.0;0;0;0;0;16503.97;11280.08;5223.89;32443.65
2026-08-11T21:34:18.011205+02:00;standby;27.4;62.4;5.0;28.0;59.8;57.0;0;0;0;0;16503.97;11280.08;5223.89;32443.65
2026-08-11T21:35:18.482827+02:00;standby;27.4;62.3;5.0;28.0;59.8;57.0;0;0;0;0;16503.97;11280.08;5223.89;32443.65
2026-08-11T21:36:19.182814+02:00;standby;27.4;62.2;5.0;28.0;59.8;57.0;0;0;0;0;16503.97;11280.08;5223.89;32443.65
2026-08-11T21:37:19.702445+02:00;standby;27.4;62.1;5.0;28.0;59.8;57.0;0;0;0;0;16503.97;11280.08;5223.89;32443.65
2026-08-11T21:38:20.190732+02:00;standby;27.4;61.9;5.0;28.0;59.8;57.0;0;0;0;0;16503.97;11280.08;5223.89;32443.65
2026-08-11T21:39:20.608756+02:00;standby;27.4;61.7;5.0;28.0;59.8;57.0;0;0;0;0;16503.97;11280.08;5223.89;32443.65
2026-08-11T21:40:21.095483+02:00;standby;27.4;61.6;5.0;28.0;59.8;57.0;0;0;0;0;16503.97;11280.08;5223.89;32443.65
2026-08-11T21:41:21.745345+02:00;standby;27.4;61.5;5.0;28.0;59.8;57.0;0;0;0;0;16503.97;11280.08;5223.89;32443.65
2026-08-11T21:42:22.572077+02:00;standby;27.4;61.4;5.0;28.0;59.8;57.0;0;0;0;0;16503.97;11280.08;5223.89;32443.65
2026-08-11T21:43:22.990652+02:00;standby;27.4;61.3;5.0;28.0;59.8;57.0;0;0;0;0;16503.97;11280.08;5223.89;32443.65
2026-08-11T21:44:23.419191+02:00;standby;27.4;61.0;5.0;28.0;59.8;57.0;0;0;0;0;16503.97;11280.08;5223.89;32443.65
2026-08-11T21:45:24.170624+02:00;standby;27.4;60.9;5.0;28.0;59.7;57.0;0;0;0;0;16503.97;11280.08;5223.89;32443.65
2026-08-11T21:46:24.650547+02:00;standby;27.4;60.8;5.0;28.0;59.7;57.0;0;0;0;0;16503.97;11280.08;5223.89;32443.65
2026-08-11T21:47:25.247582+02:00;standby;27.4;60.7;5.0;28.0;59.7;57.0;0;0;0;0;16503.97;11280.08;5223.89;32443.65
2026-08-11T21:48:25.996428+02:00;standby;27.4;60.5;5.0;28.0;59.7;57.0;0;0;0;0;16503.97;11280.08;5223.89;32443.65
2026-08-11T21:49:26.466044+02:00;standby;27.4;60.3;5.0;28.0;59.7;57.0;0;0;0;0;16503.97;11280.08;5223.89;32443.65
2026-08-11T21:50:26.937779+02:00;standby;27.4;60.2;5.0;28.0;59.7;57.0;0;0;0;0;16503.97;11280.08;5223.89;32443.65
2026-08-11T21:51:27.915245+02:00;standby;27.4;60.1;5.0;28.0;59.7;57.0;0;0;0;0;16503.97;11280.08;5223.89;32443.65
2026-08-11T21:52:28.435070+02:00;standby;27.4;59.9;5.0;28.0;59.7;57.0;0;0;0;0;16503.97;11280.08;5223.89;32443.65
2026-08-11T21:53:29.160409+02:00;standby;27.4;59.8;5.0;28.0;59.7;57.0;0;0;0;0;16503.97;11280.08;5223.89;32443.65
2026-08-11T21:54:29.629299+02:00;standby;27.4;59.7;5.0;28.0;59.7;57.0;0;0;0;0;16503.97;11280.08;5223.89;32443.65
2026-08-11T21:55:30.040570+02:00;standby;27.4;59.5;5.0;28.0;59.7;57.0;0;0;0;0;16503.97;11280.08;5223.89;32443.65
2026-08-11T21:56:30.491954+02:00;standby;27.4;59.3;5.0;28.0;59.7;57.0;0;0;0;0;16503.97;11280.08;5223.89;32443.65
2026-08-11T21:57:31.023222+02:00;standby;27.4;59.2;5.0;28.0;59.7;57.0;0;0;0;0;16503.97;11280.08;5223.89;32443.65
2026-08-11T21:58:31.546941+02:00;standby;27.4;59.1;5.0;28.0;59.7;57.0;0;0;0;0;16503.97;11280.08;5223.89;32443.65
2026-08-11T21:59:32.021134+02:00;standby;27.4;58.9;5.0;28.0;59.6;57.0;0;0;0;0;16503.97;11280.08;5223.89;32443.65
2026-08-11T22:00:32.582738+02:00;standby;27.4;58.7;5.0;28.0;59.6;57.0;0;0;0;0;16503.97;11280.08;5223.89;32443.65
2026-08-11T22:01:33.055520+02:00;standby;27.4;58.6;5.0;28.0;59.6;57.0;0;0;0;0;16503.97;11280.08;5223.89;32443.65
2026-08-11T22:02:33.676744+02:00;standby;27.4;58.5;5.0;28.0;59.6;57.0;0;0;0;0;16503.97;11280.08;5223.89;32443.65
2026-08-11T22:03:34.207566+02:00;standby;27.4;58.3;5.0;28.0;59.6;57.0;0;0;0;0;16503.97;11280.08;5223.89;32443.65
2026-08-11T22:04:35.195405+02:00;standby;27.4;58.2;5.0;28.0;59.6;57.0;0;0;0;0;16503.97;11280.08;5223.89;32443.65
2026-08-11T22:05:35.701483+02:00;standby;27.4;58.1;5.0;28.0;59.6;57.0;0;0;0;0;16503.97;11280.08;5223.89;32443.65
2026-08-11T22:06:36.280937+02:00;standby;27.4;58.0;5.0;28.0;59.6;57.0;0;0;0;0;16503.97;11280.08;5223.89;32443.65
2026-08-11T22:07:36.831466+02:00;standby;27.4;57.8;5.0;28.0;59.6;57.0;0;0;0;0;16503.97;11280.08;5223.89;32443.65
2026-08-11T22:08:37.305885+02:00;standby;27.4;57.6;5.0;28.0;59.6;57.0;0;0;0;0;16503.97;11280.08;5223.89;32443.65
2026-08-11T22:09:37.771202+02:00;standby;27.4;57.5;5.0;28.0;59.6;57.0;0;0;0;0;16503.97;11280.08;5223.89;32443.65
2026-08-11T22:10:38.252890+02:00;standby;27.4;57.3;5.0;28.0;59.6;57.0;0;0;0;0;16503.97;11280.08;5223.89;32443.65
2026-08-11T22:11:38.700233+02:00;standby;26.5;57.2;5.0;28.0;59.6;57.0;0;0;0;0;16503.97;11280.08;5223.89;32443.65
2026-08-11T22:12:39.336663+02:00;standby;26.5;57.0;5.0;28.0;59.5;57.0;0;0;0;0;16503.97;11280.08;5223.89;32443.65
2026-08-11T22:13:40.220627+02:00;standby;26.5;56.9;5.0;28.0;59.6;57.0;0;0;0;0;16503.97;11280.08;5223.89;32443.65
2026-08-11T22:14:40.764691+02:00;standby;26.5;56.8;5.0;28.0;59.6;57.0;0;0;0;0;16503.97;11280.08;5223.89;32443.65
2026-08-11T22:15:41.569503+02:00;standby;26.5;56.7;5.0;28.0;59.5;57.0;0;0;0;0;16503.97;11280.08;5223.89;32443.65
2026-08-11T22:16:42.039784+02:00;standby;26.5;56.5;5.0;28.0;59.5;57.0;0;0;0;0;16503.97;11280.08;5223.89;32443.65
2026-08-11T22:17:42.650489+02:00;standby;26.5;56.4;5.0;28.0;59.5;57.0;0;0;0;0;16503.97;11280.08;5223.89;32443.65
2026-08-11T22:18:43.124485+02:00;standby;26.5;56.2;5.0;28.0;59.5;57.0;0;0;0;0;16503.97;11280.08;5223.89;32443.65
2026-08-11T22:19:43.579880+02:00;standby;26.5;56.0;5.0;28.0;59.5;57.0;0;0;0;0;16503.97;11280.08;5223.89;32443.65
2026-08-11T22:20:44.094144+02:00;standby;26.5;55.9;5.0;28.0;59.5;57.0;0;0;0;0;16503.97;11280.08;5223.89;32443.65
2026-08-11T22:21:44.581653+02:00;standby;26.5;55.8;5.0;28.0;59.5;57.0;0;0;0;0;16503.97;11280.08;5223.89;32443.65
2026-08-11T22:22:45.562347+02:00;standby;26.5;55.7;5.0;28.0;59.5;57.0;0;0;0;0;16503.97;11280.08;5223.89;32443.65
2026-08-11T22:23:46.062270+02:00;standby;26.5;55.6;5.0;28.0;59.5;57.0;0;0;0;0;16503.97;11280.08;5223.89;32443.65
2026-08-11T22:24:46.949083+02:00;standby;26.5;55.3;5.0;28.0;59.5;57.0;0;0;0;0;16503.97;11280.08;5223.89;32443.65
2026-08-11T22:25:47.430948+02:00;standby;26.5;55.2;5.0;28.0;59.5;57.0;0;0;0;0;16503.97;11280.08;5223.89;32443.65
2026-08-11T22:26:47.918438+02:00;standby;26.5;55.1;5.0;28.0;59.5;57.0;0;0;0;0;16503.97;11280.08;5223.89;32443.65
2026-08-11T22:27:48.451199+02:00;standby;26.5;55.0;5.0;28.0;59.4;57.0;0;0;0;0;16503.97;11280.08;5223.89;32443.65
2026-08-11T22:28:48.929616+02:00;standby;26.5;54.9;5.0;28.0;59.4;57.0;0;0;0;0;16503.97;11280.08;5223.89;32443.65
2026-08-11T22:29:49.495860+02:00;standby;26.5;54.8;5.0;28.0;59.4;57.0;0;0;0;0;16503.97;11280.08;5223.89;32443.65
2026-08-11T22:30:50.210554+02:00;standby;26.5;54.6;5.0;28.0;59.4;57.0;0;0;0;0;16503.97;11280.08;5223.89;32443.65
2026-08-11T22:31:51.617793+02:00;standby;26.5;54.4;5.0;28.0;59.4;57.0;0;0;0;0;16503.97;11280.08;5223.89;32443.65
2026-08-11T22:32:52.285776+02:00;standby;26.5;54.3;5.0;28.0;59.4;57.0;0;0;0;0;16503.97;11280.08;5223.89;32443.65
2026-08-11T22:33:53.049392+02:00;standby;26.5;54.2;5.0;28.0;59.4;57.0;0;0;0;0;16503.97;11280.08;5223.89;32443.65
2026-08-11T22:34:53.687427+02:00;standby;26.5;54.1;5.0;28.0;59.4;57.0;0;0;0;0;16503.97;11280.08;5223.89;32443.65
2026-08-11T22:35:56.151172+02:00;standby;26.5;53.9;5.0;28.0;59.4;57.0;0;0;0;0;16503.97;11280.08;5223.89;32443.65
2026-08-11T22:36:56.662491+02:00;standby;26.5;53.8;5.0;28.0;59.4;57.0;0;0;0;0;16503.97;11280.08;5223.89;32443.65
2026-08-11T22:37:57.082223+02:00;standby;26.5;53.7;5.0;28.0;59.4;57.0;0;0;0;0;16503.97;11280.08;5223.89;32443.65
2026-08-11T22:38:57.946979+02:00;standby;26.5;53.6;5.0;28.0;59.4;57.0;0;0;0;0;16503.97;11280.08;5223.89;32443.65
2026-08-11T22:40:00.931987+02:00;standby;26.5;53.4;5.0;28.0;59.4;57.0;0;0;0;0;16503.97;11280.08;5223.89;32443.65
2026-08-11T22:41:01.457411+02:00;standby;26.5;53.3;5.0;28.0;59.3;57.0;0;0;0;0;16503.97;11280.08;5223.89;32443.65
2026-08-11T22:42:01.980405+02:00;standby;26.5;53.2;5.0;28.0;59.3;57.0;0;0;0;0;16503.97;11280.08;5223.89;32443.65
2026-08-11T22:43:02.485705+02:00;standby;26.5;53.1;5.0;28.0;59.3;57.0;0;0;0;0;16503.97;11280.08;5223.89;32443.65
2026-08-11T22:44:03.014503+02:00;standby;26.5;53.0;5.0;28.0;59.3;57.0;0;0;0;0;16503.97;11280.08;5223.89;32443.65
2026-08-11T22:45:03.783225+02:00;standby;26.5;52.9;5.0;28.0;59.3;57.0;0;0;0;0;16503.97;11280.08;5223.89;32443.65
2026-08-11T22:46:04.401500+02:00;standby;26.5;52.7;5.0;28.0;59.3;57.0;0;0;0;0;16503.97;11280.08;5223.89;32443.65
2026-08-11T22:47:05.703354+02:00;standby;26.5;52.6;5.0;28.0;59.3;57.0;0;0;0;0;16503.97;11280.08;5223.89;32443.65
2026-08-11T22:48:06.225924+02:00;standby;26.5;52.4;5.0;28.0;59.3;57.0;0;0;0;0;16503.97;11280.08;5223.89;32443.65
2026-08-11T22:49:06.892954+02:00;standby;26.5;52.3;5.0;28.0;59.3;57.0;0;0;0;0;16503.97;11280.08;5223.89;32443.65
2026-08-11T22:50:07.356825+02:00;standby;26.5;52.2;5.0;28.0;59.3;57.0;0;0;0;0;16503.97;11280.08;5223.89;32443.65
2026-08-11T22:51:07.977030+02:00;standby;26.5;52.1;5.0;28.0;59.3;57.0;0;0;0;0;16503.97;11280.08;5223.89;32443.65
2026-08-11T22:52:08.499481+02:00;standby;26.5;52.0;5.0;28.0;59.3;57.0;0;0;0;0;16503.97;11280.08;5223.89;32443.65
2026-08-11T22:53:08.971902+02:00;standby;26.5;51.9;5.0;28.0;59.3;57.0;0;0;0;0;16503.97;11280.08;5223.89;32443.65
2026-08-11T22:54:09.423210+02:00;standby;26.5;51.8;5.0;28.0;59.3;57.0;0;0;0;0;16503.97;11280.08;5223.89;32443.65
2026-08-11T22:55:09.897297+02:00;standby;26.5;51.7;5.0;28.0;59.2;57.0;0;0;0;0;16503.97;11280.08;5223.89;32443.65
2026-08-11T22:56:10.386525+02:00;standby;26.5;51.6;5.0;28.0;59.2;57.0;0;0;0;0;16503.97;11280.08;5223.89;32443.65
2026-08-11T22:57:11.903385+02:00;standby;26.5;51.4;5.0;28.0;59.2;57.0;0;0;0;0;16503.97;11280.08;5223.89;32443.65
2026-08-11T22:58:12.492628+02:00;standby;26.5;51.3;5.0;28.0;59.2;57.0;0;0;0;0;16503.97;11280.08;5223.89;32443.65
2026-08-11T22:59:12.943177+02:00;standby;26.5;51.2;5.0;28.0;59.2;57.0;0;0;0;0;16503.97;11280.08;5223.89;32443.65
2026-08-11T23:00:14.196232+02:00;standby;26.5;51.1;5.0;28.0;59.2;57.0;0;0;0;0;16503.97;11280.08;5223.89;32443.65
2026-08-11T23:01:14.698771+02:00;standby;26.5;51.0;5.0;25.0;59.2;57.0;0;0;0;0;16503.97;11280.08;5223.89;32443.65
2026-08-11T23:02:15.227970+02:00;standby;26.5;50.9;5.0;25.0;59.2;57.0;0;0;0;0;16503.97;11280.08;5223.89;32443.65
2026-08-11T23:03:15.703768+02:00;standby;26.5;50.8;5.0;25.0;59.2;57.0;0;0;0;0;16503.97;11280.08;5223.89;32443.65
2026-08-11T23:04:16.312746+02:00;standby;26.5;50.7;5.0;25.0;59.2;57.0;0;0;0;0;16503.97;11280.08;5223.89;32443.65
2026-08-11T23:05:18.029065+02:00;standby;26.5;50.6;5.0;25.0;59.2;57.0;0;0;0;0;16503.97;11280.08;5223.89;32443.65
2026-08-11T23:06:18.533606+02:00;standby;26.5;50.4;5.0;25.0;59.2;57.0;0;0;0;0;16503.97;11280.08;5223.89;32443.65
2026-08-11T23:07:18.994878+02:00;standby;26.5;50.3;5.0;25.0;59.2;57.0;0;0;0;0;16503.97;11280.08;5223.89;32443.65
2026-08-11T23:08:19.746278+02:00;standby;26.5;50.2;5.0;25.0;59.2;57.0;0;0;0;0;16503.97;11280.08;5223.89;32443.65
2026-08-11T23:09:20.609450+02:00;standby;26.5;50.1;5.0;25.0;59.1;57.0;0;0;0;0;16503.97;11280.08;5223.89;32443.65
2026-08-11T23:10:21.622478+02:00;standby;26.5;50.0;5.0;25.0;59.2;57.0;0;0;0;0;16503.97;11280.08;5223.89;32443.65
2026-08-11T23:11:22.139619+02:00;standby;26.5;49.9;5.0;25.0;59.1;57.0;0;0;0;0;16503.97;11280.08;5223.89;32443.65
2026-08-11T23:12:22.809348+02:00;standby;25.6;49.8;5.0;25.0;59.1;57.0;0;0;0;0;16503.97;11280.08;5223.89;32443.65
2026-08-11T23:13:23.540135+02:00;standby;25.6;49.7;5.0;25.0;59.1;57.0;0;0;0;0;16503.97;11280.08;5223.89;32443.65
2026-08-11T23:14:24.346974+02:00;standby;25.6;49.5;5.0;25.0;59.1;57.0;0;0;0;0;16503.97;11280.08;5223.89;32443.65
2026-08-11T23:15:25.467612+02:00;standby;25.6;49.4;5.0;25.0;59.1;57.0;0;0;0;0;16503.97;11280.08;5223.89;32443.65
2026-08-11T23:16:26.680274+02:00;standby;25.6;49.4;5.0;25.0;59.1;57.0;0;0;0;0;16503.97;11280.08;5223.89;32443.65
2026-08-11T23:17:27.525168+02:00;standby;25.6;49.3;5.0;25.0;59.1;57.0;0;0;0;0;16503.97;11280.08;5223.89;32443.65
2026-08-11T23:18:28.146248+02:00;standby;25.6;49.2;5.0;25.0;59.1;57.0;0;0;0;0;16503.97;11280.08;5223.89;32443.65
2026-08-11T23:19:28.754951+02:00;standby;25.6;49.1;5.0;25.0;59.1;57.0;0;0;0;0;16503.97;11280.08;5223.89;32443.65
2026-08-11T23:20:29.733367+02:00;standby;25.6;49.0;5.0;25.0;59.1;57.0;0;0;0;0;16503.97;11280.08;5223.89;32443.65
2026-08-11T23:21:30.489770+02:00;standby;25.6;48.9;5.0;25.0;59.1;57.0;0;0;0;0;16503.97;11280.08;5223.89;32443.65
2026-08-11T23:22:32.678529+02:00;standby;25.6;48.7;5.0;25.0;59.1;57.0;0;0;0;0;16503.97;11280.08;5223.89;32443.65
2026-08-11T23:23:33.779444+02:00;standby;25.6;48.6;5.0;25.0;58.9;57.0;0;0;0;0;16503.97;11280.08;5223.89;32443.65
2026-08-11T23:24:34.636567+02:00;standby;25.6;48.5;5.0;25.0;58.9;57.0;0;0;0;0;16503.97;11280.08;5223.89;32443.65
2026-08-11T23:25:35.279417+02:00;standby;25.6;48.5;5.0;25.0;58.9;57.0;0;0;0;0;16503.97;11280.08;5223.89;32443.65
2026-08-11T23:26:36.486305+02:00;standby;25.6;48.4;5.0;25.0;59.1;57.0;0;0;0;0;16503.97;11280.08;5223.89;32443.65
2026-08-11T23:27:37.727242+02:00;standby;25.6;48.3;5.0;25.0;58.9;57.0;0;0;0;0;16503.97;11280.08;5223.89;32443.65
2026-08-11T23:28:40.608543+02:00;standby;25.6;48.2;5.0;25.0;58.9;57.0;0;0;0;0;16503.97;11280.08;5223.89;32443.65
2026-08-11T23:29:41.247382+02:00;standby;25.6;48.1;5.0;25.0;58.9;57.0;0;0;0;0;16503.97;11280.08;5223.89;32443.65
2026-08-11T23:30:43.806860+02:00;standby;25.6;48.0;5.0;25.0;58.9;57.0;0;0;0;0;16503.97;11280.08;5223.89;32443.65
2026-08-11T23:31:44.929401+02:00;standby;25.6;47.8;5.0;25.0;58.9;57.0;0;0;0;0;16503.97;11280.08;5223.89;32443.65
2026-08-11T23:32:45.764457+02:00;standby;25.6;47.8;5.0;25.0;58.9;57.0;0;0;0;0;16503.97;11280.08;5223.89;32443.65
2026-08-11T23:33:46.492436+02:00;standby;25.6;47.7;5.0;25.0;58.9;57.0;0;0;0;0;16503.97;11280.08;5223.89;32443.65
2026-08-11T23:34:48.595296+02:00;standby;25.6;47.6;5.0;25.0;58.8;57.0;0;0;0;0;16503.97;11280.08;5223.89;32443.65
2026-08-11T23:35:49.159640+02:00;standby;25.6;47.5;5.0;25.0;58.9;57.0;0;0;0;0;16503.97;11280.08;5223.89;32443.65
2026-08-11T23:36:49.725629+02:00;standby;25.6;47.4;5.0;25.0;58.8;57.0;0;0;0;0;16503.97;11280.08;5223.89;32443.65
2026-08-11T23:37:50.879640+02:00;standby;25.6;47.3;5.0;25.0;58.8;57.0;0;0;0;0;16503.97;11280.08;5223.89;32443.65
2026-08-11T23:38:52.466232+02:00;standby;25.6;47.3;5.0;25.0;58.8;57.0;0;0;0;0;16503.97;11280.08;5223.89;32443.65
2026-08-11T23:39:53.863191+02:00;standby;25.6;47.2;5.0;25.0;58.8;57.0;0;0;0;0;16503.97;11280.08;5223.89;32443.65
2026-08-11T23:40:54.674004+02:00;standby;25.6;47.0;5.0;25.0;58.8;57.0;0;0;0;0;16503.97;11280.08;5223.89;32443.65
2026-08-11T23:41:56.118407+02:00;standby;25.6;46.9;5.0;25.0;58.8;57.0;0;0;0;0;16503.97;11280.08;5223.89;32443.65
2026-08-11T23:42:57.716817+02:00;standby;25.6;46.8;5.0;25.0;58.8;57.0;0;0;0;0;16503.97;11280.08;5223.89;32443.65
2026-08-11T23:43:58.604327+02:00;standby;25.6;46.8;5.0;25.0;58.8;57.0;0;0;0;0;16503.97;11280.08;5223.89;32443.65
2026-08-11T23:45:00.641357+02:00;standby;25.6;46.7;5.0;25.0;58.8;57.0;0;0;0;0;16503.97;11280.08;5223.89;32443.65
2026-08-11T23:46:01.103614+02:00;standby;25.6;46.6;5.0;25.0;58.8;10.0;0;0;0;0;16503.97;11280.08;5223.89;32443.65
2026-08-11T23:47:01.831372+02:00;standby;25.6;46.5;5.0;25.0;58.8;10.0;0;0;0;0;16503.97;11280.08;5223.89;32443.65
2026-08-11T23:48:02.342626+02:00;standby;25.6;46.5;5.0;25.0;58.8;10.0;0;0;0;0;16503.97;11280.08;5223.89;32443.65
2026-08-11T23:49:04.100466+02:00;standby;25.6;46.4;5.0;25.0;58.8;10.0;0;0;0;0;16503.97;11280.08;5223.89;32443.65
2026-08-11T23:50:05.738054+02:00;standby;25.6;46.2;5.0;25.0;58.8;10.0;0;0;0;0;16503.97;11280.08;5223.89;32443.65
2026-08-11T23:51:06.624286+02:00;standby;25.6;46.1;5.0;25.0;58.7;10.0;0;0;0;0;16503.97;11280.08;5223.89;32443.65
2026-08-11T23:52:07.812016+02:00;standby;25.6;46.1;5.0;25.0;58.7;10.0;0;0;0;0;16503.97;11280.08;5223.89;32443.65
2026-08-11T23:53:08.725888+02:00;standby;25.6;46.0;5.0;25.0;58.7;10.0;0;0;0;0;16503.97;11280.08;5223.89;32443.65
2026-08-11T23:54:09.307334+02:00;standby;25.6;45.9;5.0;25.0;58.7;10.0;0;0;0;0;16503.97;11280.08;5223.89;32443.65
2026-08-11T23:55:10.404957+02:00;standby;25.6;45.8;5.0;25.0;58.7;10.0;0;0;0;0;16503.97;11280.08;5223.89;32443.65
2026-08-11T23:56:11.417936+02:00;standby;25.6;45.8;5.0;25.0;58.7;10.0;0;0;0;0;16503.97;11280.08;5223.89;32443.65
2026-08-11T23:57:12.162822+02:00;standby;25.6;45.7;5.0;25.0;58.7;10.0;0;0;0;0;16503.97;11280.08;5223.89;32443.65
2026-08-11T23:58:12.819828+02:00;standby;25.6;45.6;5.0;25.0;58.7;10.0;0;0;0;0;16503.97;11280.08;5223.89;32443.65
2026-08-11T23:59:13.852558+02:00;standby;25.6;45.5;5.0;25.0;58.7;10.0;0;0;0;0;16503.97;11280.08;5223.89;32443.65
2026-08-12T00:00:15.412386+02:00;standby;25.6;45.5;5.0;25.0;58.7;10.0;0;0;0;0;16503.97;11280.08;5223.89;32443.65
2026-08-12T00:01:15.968030+02:00;standby;25.6;45.3;5.0;25.0;58.7;10.0;0;0;0;0;16503.97;11280.08;5223.89;32443.65
2026-08-12T00:02:16.534385+02:00;standby;25.6;45.2;5.0;25.0;58.7;10.0;0;0;0;0;16503.97;11280.08;5223.89;32443.65
2026-08-12T00:03:17.013718+02:00;standby;25.6;45.2;5.0;25.0;58.6;10.0;0;0;0;0;16503.97;11280.08;5223.89;32443.65
2026-08-12T00:04:17.523840+02:00;standby;25.6;45.1;5.0;25.0;58.6;10.0;0;0;0;0;16503.97;11280.08;5223.89;32443.65
2026-08-12T00:05:17.955950+02:00;standby;25.6;45.0;5.0;25.0;58.6;10.0;0;0;0;0;16503.97;11280.08;5223.89;32443.65
2026-08-12T00:06:18.704471+02:00;standby;25.6;45.0;5.0;25.0;58.6;10.0;0;0;0;0;16503.97;11280.08;5223.89;32443.65
2026-08-12T00:07:19.634030+02:00;standby;25.6;44.9;5.0;25.0;58.6;10.0;0;0;0;0;16503.97;11280.08;5223.89;32443.65
2026-08-12T00:08:20.292837+02:00;standby;25.6;44.8;5.0;25.0;58.6;10.0;0;0;0;0;16503.97;11280.08;5223.89;32443.65
2026-08-12T00:09:20.728730+02:00;standby;25.6;44.8;5.0;25.0;58.6;10.0;0;0;0;0;16503.97;11280.08;5223.89;32443.65
2026-08-12T00:10:21.268597+02:00;standby;25.6;44.7;5.0;25.0;58.6;10.0;0;0;0;0;16503.97;11280.08;5223.89;32443.65
2026-08-12T00:11:22.046868+02:00;standby;25.6;44.5;5.0;25.0;58.6;10.0;0;0;0;0;16503.97;11280.08;5223.89;32443.65
2026-08-12T00:12:22.852195+02:00;standby;25.6;44.5;5.0;25.0;58.6;10.0;0;0;0;0;16503.97;11280.08;5223.89;32443.65
2026-08-12T00:13:23.576005+02:00;standby;25.1;44.4;5.0;25.0;58.6;10.0;0;0;0;0;16503.97;11280.08;5223.89;32443.65
2026-08-12T00:14:24.712441+02:00;standby;25.1;44.3;5.0;25.0;58.6;10.0;0;0;0;0;16503.97;11280.08;5223.89;32443.65
2026-08-12T00:15:25.479932+02:00;standby;25.1;44.3;5.0;25.0;58.6;10.0;0;0;0;0;16503.97;11280.08;5223.89;32443.65
2026-08-12T00:16:26.021984+02:00;standby;25.1;44.2;5.0;25.0;58.6;10.0;0;0;0;0;16503.97;11280.08;5223.89;32443.65
2026-08-12T00:17:26.594253+02:00;standby;25.1;44.1;5.0;25.0;58.5;10.0;0;0;0;0;16503.97;11280.08;5223.89;32443.65
2026-08-12T00:18:27.322537+02:00;standby;25.1;44.1;5.0;25.0;58.5;10.0;0;0;0;0;16503.97;11280.08;5223.89;32443.65
2026-08-12T00:19:28.124760+02:00;standby;25.1;44.0;5.0;25.0;58.5;10.0;0;0;0;0;16503.97;11280.08;5223.89;32443.65
2026-08-12T00:20:28.591188+02:00;standby;25.1;44.0;5.0;25.0;58.5;10.0;0;0;0;0;16503.97;11280.08;5223.89;32443.65
2026-08-12T00:21:29.030699+02:00;standby;25.1;43.9;5.0;25.0;58.5;10.0;0;0;0;0;16503.97;11280.08;5223.89;32443.65
2026-08-12T00:22:29.582180+02:00;standby;25.1;43.7;5.0;25.0;58.5;10.0;0;0;0;0;16503.97;11280.08;5223.89;32443.65
2026-08-12T00:23:30.104793+02:00;standby;25.1;43.7;5.0;25.0;58.5;10.0;0;0;0;0;16503.97;11280.08;5223.89;32443.65
2026-08-12T00:24:30.614082+02:00;standby;25.1;43.6;5.0;25.0;58.5;10.0;0;0;0;0;16503.97;11280.08;5223.89;32443.65
2026-08-12T00:25:31.089125+02:00;standby;25.1;43.6;5.0;25.0;58.5;10.0;0;0;0;0;16503.97;11280.08;5223.89;32443.65
2026-08-12T00:26:31.627251+02:00;standby;25.1;43.5;5.0;25.0;58.5;10.0;0;0;0;0;16503.97;11280.08;5223.89;32443.65
2026-08-12T00:27:32.132715+02:00;standby;25.1;43.4;5.0;25.0;58.5;10.0;0;0;0;0;16503.97;11280.08;5223.89;32443.65
2026-08-12T00:28:32.626055+02:00;standby;25.1;43.4;5.0;25.0;58.5;10.0;0;0;0;0;16503.97;11280.08;5223.89;32443.65
2026-08-12T00:29:33.350362+02:00;standby;25.1;43.3;5.0;25.0;58.5;10.0;0;0;0;0;16503.97;11280.08;5223.89;32443.65
2026-08-12T00:30:34.066662+02:00;standby;25.1;43.3;5.0;25.0;58.5;10.0;0;0;0;0;16503.97;11280.08;5223.89;32443.65
2026-08-12T00:31:34.634531+02:00;standby;25.1;43.2;5.0;25.0;58.5;10.0;0;0;0;0;16503.97;11280.08;5223.89;32443.65
2026-08-12T00:32:35.248053+02:00;standby;25.1;43.1;5.0;25.0;58.4;10.0;0;0;0;0;16503.97;11280.08;5223.89;32443.65
2026-08-12T00:33:35.706108+02:00;standby;25.1;43.1;5.0;25.0;58.4;10.0;0;0;0;0;16503.97;11280.08;5223.89;32443.65
2026-08-12T00:34:36.250393+02:00;standby;25.1;43.0;5.0;25.0;58.4;10.0;0;0;0;0;16503.97;11280.08;5223.89;32443.65
2026-08-12T00:35:36.839869+02:00;standby;25.1;43.0;5.0;25.0;58.4;10.0;0;0;0;0;16503.97;11280.08;5223.89;32443.65
2026-08-12T00:36:37.317205+02:00;standby;25.1;42.8;5.0;25.0;58.4;10.0;0;0;0;0;16503.97;11280.08;5223.89;32443.65
2026-08-12T00:37:37.748550+02:00;standby;25.1;42.8;5.0;25.0;58.4;10.0;0;0;0;0;16503.97;11280.08;5223.89;32443.65
2026-08-12T00:38:38.349695+02:00;standby;25.1;42.7;5.0;25.0;58.4;10.0;0;0;0;0;16503.97;11280.08;5223.89;32443.65
2026-08-12T00:39:38.852409+02:00;standby;25.1;42.7;5.0;25.0;58.4;10.0;0;0;0;0;16503.97;11280.08;5223.89;32443.65
2026-08-12T00:40:40.292285+02:00;standby;25.1;42.6;5.0;25.0;58.4;10.0;0;0;0;0;16503.97;11280.08;5223.89;32443.65
2026-08-12T00:41:40.937180+02:00;standby;25.1;42.6;5.0;25.0;58.4;10.0;0;0;0;0;16503.97;11280.08;5223.89;32443.65
2026-08-12T00:42:41.513132+02:00;standby;25.1;42.5;5.0;25.0;58.4;10.0;0;0;0;0;16503.97;11280.08;5223.89;32443.65
2026-08-12T00:43:42.123346+02:00;standby;25.1;42.4;5.0;25.0;58.4;10.0;0;0;0;0;16503.97;11280.08;5223.89;32443.65
2026-08-12T00:44:42.603520+02:00;standby;25.1;42.3;5.0;25.0;58.4;10.0;0;0;0;0;16503.97;11280.08;5223.89;32443.65
2026-08-12T00:45:43.095639+02:00;standby;25.1;42.3;5.0;25.0;58.3;10.0;0;0;0;0;16503.97;11280.08;5223.89;32443.65
2026-08-12T00:46:44.010168+02:00;standby;25.1;42.3;5.0;25.0;58.3;10.0;0;0;0;0;16503.97;11280.08;5223.89;32443.65
2026-08-12T00:47:45.245269+02:00;standby;25.1;42.2;5.0;25.0;58.3;10.0;0;0;0;0;16503.97;11280.08;5223.89;32443.65
2026-08-12T00:48:45.907501+02:00;standby;25.1;42.2;5.0;25.0;58.3;10.0;0;0;0;0;16503.97;11280.08;5223.89;32443.65
2026-08-12T00:49:46.349806+02:00;standby;25.1;42.0;5.0;25.0;58.3;10.0;0;0;0;0;16503.97;11280.08;5223.89;32443.65
2026-08-12T00:50:46.787904+02:00;standby;25.1;42.0;5.0;25.0;58.3;10.0;0;0;0;0;16503.97;11280.08;5223.89;32443.65
2026-08-12T00:51:47.263386+02:00;standby;25.1;41.9;5.0;25.0;58.3;10.0;0;0;0;0;16503.97;11280.08;5223.89;32443.65
2026-08-12T00:52:47.741017+02:00;standby;25.1;41.8;5.0;25.0;58.3;10.0;0;0;0;0;16503.97;11280.08;5223.89;32443.65
2026-08-12T00:53:48.811517+02:00;standby;25.1;41.8;5.0;25.0;58.3;10.0;0;0;0;0;16503.97;11280.08;5223.89;32443.65
2026-08-12T00:54:49.532371+02:00;standby;25.1;41.8;5.0;25.0;58.3;10.0;0;0;0;0;16503.97;11280.08;5223.89;32443.65
2026-08-12T00:55:49.995572+02:00;standby;25.1;41.7;5.0;25.0;58.3;10.0;0;0;0;0;16503.97;11280.08;5223.89;32443.65
2026-08-12T00:56:50.606411+02:00;standby;25.1;41.7;5.0;25.0;58.3;10.0;0;0;0;0;16503.97;11280.08;5223.89;32443.65
2026-08-12T00:57:51.397486+02:00;standby;25.1;41.6;5.0;25.0;58.3;10.0;0;0;0;0;16503.97;11280.08;5223.89;32443.65
2026-08-12T00:58:52.394768+02:00;standby;25.1;41.6;5.0;25.0;58.3;10.0;0;0;0;0;16503.97;11280.08;5223.89;32443.65
2026-08-12T00:59:53.085936+02:00;standby;25.1;41.5;5.0;25.0;58.2;10.0;0;0;0;0;16503.97;11280.08;5223.89;32443.65
2026-08-12T01:00:53.654538+02:00;standby;25.1;41.4;5.0;25.0;58.2;10.0;0;0;0;0;16503.97;11280.08;5223.89;32443.65
2026-08-12T01:01:56.390361+02:00;standby;25.1;41.4;5.0;25.0;58.2;10.0;0;0;0;0;16503.97;11280.08;5223.89;32443.65
2026-08-12T01:02:56.902850+02:00;standby;25.1;41.4;5.0;25.0;58.2;10.0;0;0;0;0;16503.97;11280.08;5223.89;32443.65
2026-08-12T01:03:57.756970+02:00;standby;25.1;41.2;5.0;25.0;58.2;10.0;0;0;0;0;16503.97;11280.08;5223.89;32443.65
2026-08-12T01:04:58.207379+02:00;standby;25.1;41.2;5.0;25.0;58.2;10.0;0;0;0;0;16503.97;11280.08;5223.89;32443.65
2026-08-12T01:05:58.675938+02:00;standby;25.1;41.1;5.0;25.0;58.2;10.0;0;0;0;0;16503.97;11280.08;5223.89;32443.65
2026-08-12T01:06:59.180471+02:00;standby;25.1;41.1;5.0;25.0;58.2;10.0;0;0;0;0;16503.97;11280.08;5223.89;32443.65
2026-08-12T01:07:59.847158+02:00;standby;25.1;41.0;5.0;25.0;58.2;10.0;0;0;0;0;16503.97;11280.08;5223.89;32443.65
2026-08-12T01:09:01.282491+02:00;standby;25.1;41.0;5.0;25.0;58.2;10.0;0;0;0;0;16503.97;11280.08;5223.89;32443.65
2026-08-12T01:10:01.903276+02:00;standby;25.1;40.9;5.0;25.0;58.2;10.0;0;0;0;0;16503.97;11280.08;5223.89;32443.65
2026-08-12T01:11:02.420967+02:00;standby;25.1;40.9;5.0;25.0;58.2;10.0;0;0;0;0;16503.97;11280.08;5223.89;32443.65
2026-08-12T01:12:02.903324+02:00;standby;25.1;40.8;5.0;25.0;58.2;10.0;0;0;0;0;16503.97;11280.08;5223.89;32443.65
2026-08-12T01:13:04.172008+02:00;standby;25.1;40.8;5.0;25.0;58.1;10.0;0;0;0;0;16503.97;11280.08;5223.89;32443.65
2026-08-12T01:14:04.908166+02:00;standby;24.4;40.7;5.0;25.0;58.2;10.0;0;0;0;0;16503.97;11280.08;5223.89;32443.65
2026-08-12T01:15:05.792697+02:00;standby;24.4;40.7;5.0;25.0;58.1;10.0;0;0;0;0;16503.97;11280.08;5223.89;32443.65
2026-08-12T01:16:07.095349+02:00;standby;24.4;40.6;5.0;25.0;58.1;10.0;0;0;0;0;16503.97;11280.08;5223.89;32443.65
2026-08-12T01:17:07.614048+02:00;standby;24.4;40.6;5.0;25.0;58.1;10.0;0;0;0;0;16503.97;11280.08;5223.89;32443.65
2026-08-12T01:18:08.045735+02:00;standby;24.4;40.5;5.0;25.0;58.1;10.0;0;0;0;0;16503.97;11280.08;5223.89;32443.65
2026-08-12T01:19:08.700281+02:00;standby;24.4;40.5;5.0;25.0;58.1;10.0;0;0;0;0;16503.97;11280.08;5223.89;32443.65
2026-08-12T01:20:09.211850+02:00;standby;24.4;40.5;5.0;25.0;58.1;10.0;0;0;0;0;16503.97;11280.08;5223.89;32443.65
2026-08-12T01:21:09.674314+02:00;standby;24.4;40.3;5.0;25.0;58.1;10.0;0;0;0;0;16503.97;11280.08;5223.89;32443.65
2026-08-12T01:22:10.380553+02:00;standby;24.4;40.3;5.0;25.0;58.1;10.0;0;0;0;0;16503.97;11280.08;5223.89;32443.65
2026-08-12T01:23:11.085854+02:00;standby;24.4;40.2;5.0;25.0;58.1;10.0;0;0;0;0;16503.97;11280.08;5223.89;32443.65
2026-08-12T01:24:11.931421+02:00;standby;24.4;40.2;5.0;25.0;58.1;10.0;0;0;0;0;16503.97;11280.08;5223.89;32443.65
2026-08-12T01:25:12.423087+02:00;standby;24.4;40.1;5.0;25.0;58.1;10.0;0;0;0;0;16503.97;11280.08;5223.89;32443.65
2026-08-12T01:26:13.016285+02:00;standby;24.4;40.1;5.0;25.0;58.1;10.0;0;0;0;0;16503.97;11280.08;5223.89;32443.65
2026-08-12T01:27:13.804286+02:00;standby;24.4;40.0;5.0;25.0;58.0;10.0;0;0;0;0;16503.97;11280.08;5223.89;32443.65
2026-08-12T01:28:14.280886+02:00;standby;24.4;40.0;5.0;25.0;58.0;10.0;0;0;0;0;16503.97;11280.08;5223.89;32443.65
2026-08-12T01:29:14.845191+02:00;standby;24.4;40.0;5.0;25.0;58.0;10.0;0;0;0;0;16503.97;11280.08;5223.89;32443.65
2026-08-12T01:30:15.536653+02:00;standby;24.4;39.9;5.0;25.0;58.0;10.0;0;0;0;0;16503.97;11280.08;5223.89;32443.65
2026-08-12T01:31:16.490753+02:00;standby;24.4;39.9;5.0;25.0;58.0;10.0;0;0;0;0;16503.97;11280.08;5223.89;32443.65
2026-08-12T01:32:17.079163+02:00;standby;24.4;39.8;5.0;25.0;58.0;10.0;0;0;0;0;16503.97;11280.08;5223.89;32443.65
2026-08-12T01:33:17.566390+02:00;standby;24.4;39.8;5.0;25.0;58.0;10.0;0;0;0;0;16503.97;11280.08;5223.89;32443.65
2026-08-12T01:34:18.047038+02:00;standby;24.4;39.6;5.0;25.0;58.0;10.0;0;0;0;0;16503.97;11280.08;5223.89;32443.65
2026-08-12T01:35:18.728943+02:00;standby;24.4;39.6;5.0;25.0;58.0;10.0;0;0;0;0;16503.97;11280.08;5223.89;32443.65
2026-08-12T01:36:19.400470+02:00;standby;24.4;39.6;5.0;25.0;58.0;10.0;0;0;0;0;16503.97;11280.08;5223.89;32443.65
2026-08-12T01:37:19.876562+02:00;standby;24.4;39.5;5.0;25.0;58.0;10.0;0;0;0;0;16503.97;11280.08;5223.89;32443.65
2026-08-12T01:38:22.592089+02:00;standby;24.4;39.5;5.0;25.0;58.0;10.0;0;0;0;0;16503.97;11280.08;5223.89;32443.65
2026-08-12T01:39:23.522202+02:00;standby;24.4;39.5;5.0;25.0;58.0;10.0;0;0;0;0;16503.97;11280.08;5223.89;32443.65
2026-08-12T01:40:24.039580+02:00;standby;24.4;39.4;5.0;25.0;57.9;10.0;0;0;0;0;16503.97;11280.08;5223.89;32443.65
2026-08-12T01:41:24.673269+02:00;standby;24.4;39.4;5.0;25.0;58.0;10.0;0;0;0;0;16503.97;11280.08;5223.89;32443.65
2026-08-12T01:42:25.137283+02:00;standby;24.4;39.3;5.0;25.0;57.9;10.0;0;0;0;0;16503.97;11280.08;5223.89;32443.65
2026-08-12T01:43:25.628553+02:00;standby;24.4;39.3;5.0;25.0;57.9;10.0;0;0;0;0;16503.97;11280.08;5223.89;32443.65
2026-08-12T01:44:26.184998+02:00;standby;24.4;39.1;5.0;25.0;57.9;10.0;0;0;0;0;16503.97;11280.08;5223.89;32443.65
2026-08-12T01:45:26.999721+02:00;standby;24.4;39.1;5.0;25.0;57.9;10.0;0;0;0;0;16503.97;11280.08;5223.89;32443.65
2026-08-12T01:46:27.840450+02:00;standby;24.4;39.1;5.0;25.0;57.9;10.0;0;0;0;0;16503.97;11280.08;5223.89;32443.65
2026-08-12T01:47:28.295864+02:00;standby;24.4;39.0;5.0;25.0;57.9;10.0;0;0;0;0;16503.97;11280.08;5223.89;32443.65
2026-08-12T01:48:29.526143+02:00;standby;24.4;39.0;5.0;25.0;57.9;10.0;0;0;0;0;16503.97;11280.08;5223.89;32443.65
2026-08-12T01:49:29.999814+02:00;standby;24.4;39.0;5.0;25.0;57.9;10.0;0;0;0;0;16503.97;11280.08;5223.89;32443.65
2026-08-12T01:50:30.825133+02:00;standby;24.4;38.9;5.0;25.0;57.9;10.0;0;0;0;0;16503.97;11280.08;5223.89;32443.65
2026-08-12T01:51:31.831123+02:00;standby;24.4;38.9;5.0;25.0;57.9;10.0;0;0;0;0;16503.97;11280.08;5223.89;32443.65
2026-08-12T01:52:32.415234+02:00;standby;24.4;38.8;5.0;25.0;57.9;10.0;0;0;0;0;16503.97;11280.08;5223.89;32443.65
2026-08-12T01:53:33.208625+02:00;standby;24.4;38.8;5.0;25.0;57.9;10.0;0;0;0;0;16503.97;11280.08;5223.89;32443.65
2026-08-12T01:54:33.926243+02:00;standby;24.4;38.8;5.0;25.0;57.9;10.0;0;0;0;0;16503.97;11280.08;5223.89;32443.65
2026-08-12T01:55:34.890565+02:00;standby;24.4;38.6;5.0;25.0;57.8;10.0;0;0;0;0;16503.97;11280.08;5223.89;32443.65
2026-08-12T01:56:35.412064+02:00;standby;24.4;38.6;5.0;25.0;57.8;10.0;0;0;0;0;16503.97;11280.08;5223.89;32443.65
2026-08-12T01:57:35.886880+02:00;standby;24.4;38.5;5.0;25.0;57.8;10.0;0;0;0;0;16503.97;11280.08;5223.89;32443.65
2026-08-12T01:58:36.441742+02:00;standby;24.4;38.5;5.0;25.0;57.8;10.0;0;0;0;0;16503.97;11280.08;5223.89;32443.65
2026-08-12T01:59:37.235182+02:00;standby;24.4;38.5;5.0;25.0;57.8;10.0;0;0;0;0;16503.97;11280.08;5223.89;32443.65
2026-08-12T02:00:38.414190+02:00;standby;24.4;38.4;5.0;25.0;57.8;10.0;0;0;0;0;16503.97;11280.08;5223.89;32443.65
2026-08-12T02:01:38.884707+02:00;standby;24.4;38.4;5.0;25.0;57.8;10.0;0;0;0;0;16503.97;11280.08;5223.89;32443.65
2026-08-12T02:02:39.302146+02:00;standby;24.4;38.4;5.0;25.0;57.8;10.0;0;0;0;0;16503.97;11280.08;5223.89;32443.65
2026-08-12T02:03:39.906407+02:00;standby;24.4;38.3;5.0;25.0;57.8;10.0;0;0;0;0;16503.97;11280.08;5223.89;32443.65
2026-08-12T02:04:41.165523+02:00;standby;24.4;38.3;5.0;25.0;57.8;10.0;0;0;0;0;16503.97;11280.08;5223.89;32443.65
2026-08-12T02:05:41.679445+02:00;standby;24.4;38.3;5.0;25.0;57.8;10.0;0;0;0;0;16503.97;11280.08;5223.89;32443.65
2026-08-12T02:06:42.565607+02:00;standby;24.4;38.1;5.0;25.0;57.8;10.0;0;0;0;0;16503.97;11280.08;5223.89;32443.65
2026-08-12T02:07:43.891340+02:00;standby;24.4;38.1;5.0;25.0;57.8;10.0;0;0;0;0;16503.97;11280.08;5223.89;32443.65
2026-08-12T02:08:44.672560+02:00;standby;24.4;38.1;5.0;25.0;57.7;10.0;0;0;0;0;16503.97;11280.08;5223.89;32443.65
2026-08-12T02:09:45.316232+02:00;standby;24.4;38.0;5.0;25.0;57.7;10.0;0;0;0;0;16503.97;11280.08;5223.89;32443.65
2026-08-12T02:10:46.133520+02:00;standby;24.4;38.0;5.0;25.0;57.7;10.0;0;0;0;0;16503.97;11280.08;5223.89;32443.65
2026-08-12T02:11:46.657007+02:00;standby;24.4;38.0;5.0;25.0;57.7;10.0;0;0;0;0;16503.97;11280.08;5223.89;32443.65
2026-08-12T02:12:47.375889+02:00;standby;24.4;37.9;5.0;25.0;57.7;10.0;0;0;0;0;16503.97;11280.08;5223.89;32443.65
2026-08-12T02:13:47.898987+02:00;standby;24.4;37.9;5.0;25.0;57.7;10.0;0;0;0;0;16503.97;11280.08;5223.89;32443.65
2026-08-12T02:14:48.353562+02:00;standby;23.4;37.9;5.0;25.0;57.7;10.0;0;0;0;0;16503.97;11280.08;5223.89;32443.65
2026-08-12T02:15:49.182181+02:00;standby;23.4;37.8;5.0;25.0;57.7;10.0;0;0;0;0;16503.97;11280.08;5223.89;32443.65
2026-08-12T02:16:49.660291+02:00;standby;23.4;37.8;5.0;25.0;57.7;10.0;0;0;0;0;16503.97;11280.08;5223.89;32443.65
2026-08-12T02:17:50.287386+02:00;standby;23.4;37.8;5.0;25.0;57.7;10.0;0;0;0;0;16503.97;11280.08;5223.89;32443.65
2026-08-12T02:18:51.102864+02:00;standby;23.4;37.7;5.0;25.0;57.7;10.0;0;0;0;0;16503.97;11280.08;5223.89;32443.65
2026-08-12T02:19:51.676188+02:00;standby;23.4;37.7;5.0;25.0;57.7;10.0;0;0;0;0;16503.97;11280.08;5223.89;32443.65
2026-08-12T02:20:52.808169+02:00;standby;23.4;37.7;5.0;25.0;57.7;10.0;0;0;0;0;16503.97;11280.08;5223.89;32443.65
2026-08-12T02:21:53.509184+02:00;standby;23.4;37.5;5.0;25.0;57.7;10.0;0;0;0;0;16503.97;11280.08;5223.89;32443.65
2026-08-12T02:22:54.013294+02:00;standby;23.4;37.5;5.0;25.0;57.6;10.0;0;0;0;0;16503.97;11280.08;5223.89;32443.65
2026-08-12T02:23:54.629366+02:00;standby;23.4;37.5;5.0;25.0;57.6;10.0;0;0;0;0;16503.97;11280.08;5223.89;32443.65
2026-08-12T02:24:55.449327+02:00;standby;23.4;37.4;5.0;25.0;57.6;10.0;0;0;0;0;16503.97;11280.08;5223.89;32443.65
2026-08-12T02:25:55.971348+02:00;standby;23.4;37.4;5.0;25.0;57.6;10.0;0;0;0;0;16503.97;11280.08;5223.89;32443.65
2026-08-12T02:26:56.829104+02:00;standby;23.4;37.4;5.0;25.0;57.6;10.0;0;0;0;0;16503.97;11280.08;5223.89;32443.65
2026-08-12T02:27:57.462518+02:00;standby;23.4;37.3;5.0;25.0;57.6;10.0;0;0;0;0;16503.97;11280.08;5223.89;32443.65
2026-08-12T02:28:58.172400+02:00;standby;23.4;37.3;5.0;25.0;57.6;10.0;0;0;0;0;16503.97;11280.08;5223.89;32443.65
2026-08-12T02:29:58.649019+02:00;standby;23.4;37.3;5.0;25.0;57.6;10.0;0;0;0;0;16503.97;11280.08;5223.89;32443.65
2026-08-12T02:30:59.194452+02:00;standby;23.4;37.3;5.0;25.0;57.6;10.0;0;0;0;0;16503.97;11280.08;5223.89;32443.65
2026-08-12T02:31:59.702025+02:00;standby;23.4;37.2;5.0;25.0;57.6;10.0;0;0;0;0;16503.97;11280.08;5223.89;32443.65
2026-08-12T02:33:00.520911+02:00;standby;23.4;37.2;5.0;25.0;57.6;10.0;0;0;0;0;16503.97;11280.08;5223.89;32443.65
2026-08-12T02:34:01.453738+02:00;standby;23.4;37.0;5.0;25.0;57.6;10.0;0;0;0;0;16503.97;11280.08;5223.89;32443.65
2026-08-12T02:35:02.113108+02:00;standby;23.4;37.0;5.0;25.0;57.6;10.0;0;0;0;0;16503.97;11280.08;5223.89;32443.65
2026-08-12T02:36:03.240739+02:00;standby;23.4;37.0;5.0;25.0;57.6;10.0;0;0;0;0;16503.97;11280.08;5223.89;32443.65
2026-08-12T02:37:03.829781+02:00;standby;23.4;37.0;5.0;25.0;57.5;10.0;0;0;0;0;16503.97;11280.08;5223.89;32443.65
2026-08-12T02:38:04.759250+02:00;standby;23.4;36.9;5.0;25.0;57.5;10.0;0;0;0;0;16503.97;11280.08;5223.89;32443.65
2026-08-12T02:39:05.686494+02:00;standby;23.4;36.9;5.0;25.0;57.5;10.0;0;0;0;0;16503.97;11280.08;5223.89;32443.65
2026-08-12T02:40:06.310073+02:00;standby;23.4;36.9;5.0;25.0;57.5;10.0;0;0;0;0;16503.97;11280.08;5223.89;32443.65
2026-08-12T02:41:07.289703+02:00;standby;23.4;36.8;5.0;25.0;57.5;10.0;0;0;0;0;16503.97;11280.08;5223.89;32443.65
2026-08-12T02:42:07.858727+02:00;standby;23.4;36.8;5.0;25.0;57.5;10.0;0;0;0;0;16503.97;11280.08;5223.89;32443.65
2026-08-12T02:43:08.329777+02:00;standby;23.4;36.8;5.0;25.0;57.5;10.0;0;0;0;0;16503.97;11280.08;5223.89;32443.65
2026-08-12T02:44:09.114552+02:00;standby;23.4;36.8;5.0;25.0;57.5;10.0;0;0;0;0;16503.97;11280.08;5223.89;32443.65
2026-08-12T02:45:09.733662+02:00;standby;23.4;36.7;5.0;25.0;57.5;10.0;0;0;0;0;16503.97;11280.08;5223.89;32443.65
2026-08-12T02:46:10.756367+02:00;standby;23.4;36.7;5.0;25.0;57.5;10.0;0;0;0;0;16503.97;11280.08;5223.89;32443.65
2026-08-12T02:47:11.438406+02:00;standby;23.4;36.7;5.0;25.0;57.5;10.0;0;0;0;0;16503.97;11280.08;5223.89;32443.65
2026-08-12T02:48:12.200355+02:00;standby;23.4;36.5;5.0;25.0;57.5;10.0;0;0;0;0;16503.97;11280.08;5223.89;32443.65
2026-08-12T02:49:12.928624+02:00;standby;23.4;36.5;5.0;25.0;57.4;10.0;0;0;0;0;16503.97;11280.08;5223.89;32443.65
2026-08-12T02:50:13.711030+02:00;standby;23.4;36.5;5.0;25.0;57.4;10.0;0;0;0;0;16503.97;11280.08;5223.89;32443.65
2026-08-12T02:51:14.475103+02:00;standby;23.4;36.4;5.0;25.0;57.4;10.0;0;0;0;0;16503.97;11280.08;5223.89;32443.65
2026-08-12T02:52:15.093899+02:00;standby;23.4;36.4;5.0;25.0;57.4;10.0;0;0;0;0;16503.97;11280.08;5223.89;32443.65
2026-08-12T02:53:17.048739+02:00;standby;23.4;36.4;5.0;25.0;57.4;10.0;0;0;0;0;16503.97;11280.08;5223.89;32443.65
2026-08-12T02:54:17.475601+02:00;standby;23.4;36.4;5.0;25.0;57.4;10.0;0;0;0;0;16503.97;11280.08;5223.89;32443.65
2026-08-12T02:55:17.946301+02:00;standby;23.4;36.3;5.0;25.0;57.4;10.0;0;0;0;0;16503.97;11280.08;5223.89;32443.65
2026-08-12T02:56:18.442450+02:00;standby;23.4;36.3;5.0;25.0;57.4;10.0;0;0;0;0;16503.97;11280.08;5223.89;32443.65
2026-08-12T02:57:19.074965+02:00;standby;23.4;36.3;5.0;25.0;57.4;10.0;0;0;0;0;16503.97;11280.08;5223.89;32443.65
2026-08-12T02:58:19.968137+02:00;standby;23.4;36.3;5.0;25.0;57.4;10.0;0;0;0;0;16503.97;11280.08;5223.89;32443.65
2026-08-12T02:59:20.781789+02:00;standby;23.4;36.2;5.0;25.0;57.4;10.0;0;0;0;0;16503.97;11280.08;5223.89;32443.65
2026-08-12T03:00:21.459627+02:00;standby;23.4;36.2;5.0;25.0;57.4;10.0;0;0;0;0;16503.97;11280.08;5223.89;32443.65
2026-08-12T03:01:21.933376+02:00;standby;23.4;36.2;5.0;25.0;57.3;10.0;0;0;0;0;16503.97;11280.08;5223.89;32443.65
2026-08-12T03:02:22.697208+02:00;standby;23.4;36.0;5.0;25.0;57.3;10.0;0;0;0;0;16503.97;11280.08;5223.89;32443.65
2026-08-12T03:03:23.325598+02:00;standby;23.4;36.0;5.0;25.0;57.4;10.0;0;0;0;0;16503.97;11280.08;5223.89;32443.65
2026-08-12T03:04:24.092993+02:00;standby;23.4;36.0;5.0;25.0;57.3;10.0;0;0;0;0;16503.97;11280.08;5223.89;32443.65
2026-08-12T03:05:24.713387+02:00;standby;23.4;36.0;5.0;25.0;57.3;10.0;0;0;0;0;16503.97;11280.08;5223.89;32443.65
2026-08-12T03:06:25.233535+02:00;standby;23.4;35.9;5.0;25.0;57.3;10.0;0;0;0;0;16503.97;11280.08;5223.89;32443.65
2026-08-12T03:07:26.208929+02:00;standby;23.4;35.9;5.0;25.0;57.3;10.0;0;0;0;0;16503.97;11280.08;5223.89;32443.65
2026-08-12T03:08:26.849761+02:00;standby;23.4;35.9;5.0;25.0;57.3;10.0;0;0;0;0;16503.97;11280.08;5223.89;32443.65
2026-08-12T03:09:27.822461+02:00;standby;23.4;35.8;5.0;25.0;57.3;10.0;0;0;0;0;16503.97;11280.08;5223.89;32443.65
2026-08-12T03:10:28.687927+02:00;standby;23.4;35.8;5.0;25.0;57.3;10.0;0;0;0;0;16503.97;11280.08;5223.89;32443.65
2026-08-12T03:11:29.172450+02:00;standby;23.4;35.8;5.0;25.0;57.3;10.0;0;0;0;0;16503.97;11280.08;5223.89;32443.65
2026-08-12T03:12:29.783982+02:00;standby;23.4;35.8;5.0;25.0;57.3;10.0;0;0;0;0;16503.97;11280.08;5223.89;32443.65
2026-08-12T03:13:31.991549+02:00;standby;23.4;35.7;5.0;25.0;57.3;10.0;0;0;0;0;16503.97;11280.08;5223.89;32443.65
2026-08-12T03:14:32.869225+02:00;standby;23.4;35.7;5.0;25.0;57.3;10.0;0;0;0;0;16503.97;11280.08;5223.89;32443.65
2026-08-12T03:15:33.798835+02:00;standby;22.5;35.7;5.0;25.0;57.3;10.0;0;0;0;0;16503.97;11280.08;5223.89;32443.65
2026-08-12T03:16:34.736527+02:00;standby;22.5;35.7;5.0;25.0;57.2;10.0;0;0;0;0;16503.97;11280.08;5223.89;32443.65
2026-08-12T03:17:35.562436+02:00;standby;22.5;35.6;5.0;25.0;57.2;10.0;0;0;0;0;16503.97;11280.08;5223.89;32443.65
2026-08-12T03:18:36.018228+02:00;standby;22.5;35.6;5.0;25.0;57.2;10.0;0;0;0;0;16503.97;11280.08;5223.89;32443.65
2026-08-12T03:19:36.621110+02:00;standby;22.5;35.6;5.0;25.0;57.2;10.0;0;0;0;0;16503.97;11280.08;5223.89;32443.65
2026-08-12T03:20:37.123619+02:00;standby;22.5;35.6;5.0;25.0;57.2;10.0;0;0;0;0;16503.97;11280.08;5223.89;32443.65
2026-08-12T03:21:37.658079+02:00;standby;22.5;35.4;5.0;25.0;57.2;10.0;0;0;0;0;16503.97;11280.08;5223.89;32443.65
2026-08-12T03:22:38.505199+02:00;standby;22.5;35.4;5.0;25.0;57.2;10.0;0;0;0;0;16503.97;11280.08;5223.89;32443.65
2026-08-12T03:23:39.027462+02:00;standby;22.5;35.4;5.0;25.0;57.2;10.0;0;0;0;0;16503.97;11280.08;5223.89;32443.65
2026-08-12T03:24:39.501917+02:00;standby;22.5;35.4;5.0;25.0;57.2;10.0;0;0;0;0;16503.97;11280.08;5223.89;32443.65
2026-08-12T03:25:40.072376+02:00;standby;22.5;35.3;5.0;25.0;57.2;10.0;0;0;0;0;16503.97;11280.08;5223.89;32443.65
2026-08-12T03:26:41.298841+02:00;standby;22.5;35.3;5.0;25.0;57.2;10.0;0;0;0;0;16503.97;11280.08;5223.89;32443.65
2026-08-12T03:27:41.909581+02:00;standby;22.5;35.3;5.0;25.0;57.2;10.0;0;0;0;0;16503.97;11280.08;5223.89;32443.65
2026-08-12T03:28:42.446465+02:00;standby;22.5;35.3;5.0;25.0;57.2;10.0;0;0;0;0;16503.97;11280.08;5223.89;32443.65
2026-08-12T03:29:43.140209+02:00;standby;22.5;35.3;5.0;25.0;57.1;10.0;0;0;0;0;16503.97;11280.08;5223.89;32443.65
2026-08-12T03:30:44.006073+02:00;standby;22.5;35.2;5.0;25.0;57.1;10.0;0;0;0;0;16503.97;11280.08;5223.89;32443.65
2026-08-12T03:31:44.872211+02:00;standby;22.5;35.2;5.0;25.0;57.1;10.0;0;0;0;0;16503.97;11280.08;5223.89;32443.65
2026-08-12T03:32:45.500931+02:00;standby;22.5;35.2;5.0;25.0;57.1;10.0;0;0;0;0;16503.97;11280.08;5223.89;32443.65
2026-08-12T03:33:46.160370+02:00;standby;22.5;35.1;5.0;25.0;57.1;10.0;0;0;0;0;16503.97;11280.08;5223.89;32443.65
2026-08-12T03:34:46.902923+02:00;standby;22.5;35.1;5.0;25.0;57.1;10.0;0;0;0;0;16503.97;11280.08;5223.89;32443.65
2026-08-12T03:35:47.366326+02:00;standby;22.5;35.1;5.0;25.0;57.1;10.0;0;0;0;0;16503.97;11280.08;5223.89;32443.65
2026-08-12T03:36:48.049343+02:00;standby;22.5;35.1;5.0;25.0;57.1;10.0;0;0;0;0;16503.97;11280.08;5223.89;32443.65
2026-08-12T03:37:48.541342+02:00;standby;22.5;35.1;5.0;25.0;57.1;10.0;0;0;0;0;16503.97;11280.08;5223.89;32443.65
2026-08-12T03:38:49.023782+02:00;standby;22.5;35.1;5.0;25.0;57.1;10.0;0;0;0;0;16503.97;11280.08;5223.89;32443.65
2026-08-12T03:39:49.636817+02:00;standby;22.5;34.9;5.0;25.0;57.1;10.0;0;0;0;0;16503.97;11280.08;5223.89;32443.65
2026-08-12T03:40:50.272731+02:00;standby;22.5;34.9;5.0;25.0;57.1;10.0;0;0;0;0;16503.97;11280.08;5223.89;32443.65
2026-08-12T03:41:50.886560+02:00;standby;22.5;34.9;5.0;25.0;57.1;10.0;0;0;0;0;16503.97;11280.08;5223.89;32443.65
2026-08-12T03:42:51.648037+02:00;standby;22.5;34.9;5.0;25.0;56.9;10.0;0;0;0;0;16503.97;11280.08;5223.89;32443.65
2026-08-12T03:43:52.235848+02:00;standby;22.5;34.8;5.0;25.0;56.9;10.0;0;0;0;0;16503.97;11280.08;5223.89;32443.65
2026-08-12T03:44:53.603437+02:00;standby;22.5;34.8;5.0;25.0;56.9;10.0;0;0;0;0;16503.97;11280.08;5223.89;32443.65
2026-08-12T03:45:54.542831+02:00;standby;22.5;34.8;5.0;25.0;56.9;10.0;0;0;0;0;16503.97;11280.08;5223.89;32443.65
2026-08-12T03:46:55.666316+02:00;standby;22.5;34.8;5.0;25.0;56.9;10.0;0;0;0;0;16503.97;11280.08;5223.89;32443.65
2026-08-12T03:47:56.219122+02:00;standby;22.5;34.7;5.0;25.0;56.9;10.0;0;0;0;0;16503.97;11280.08;5223.89;32443.65
2026-08-12T03:48:56.883839+02:00;standby;22.5;34.7;5.0;25.0;56.9;10.0;0;0;0;0;16503.97;11280.08;5223.89;32443.65
2026-08-12T03:49:57.394513+02:00;standby;22.5;34.7;5.0;25.0;56.9;10.0;0;0;0;0;16503.97;11280.08;5223.89;32443.65
2026-08-12T03:50:57.821427+02:00;standby;22.5;34.7;5.0;25.0;56.9;10.0;0;0;0;0;16503.97;11280.08;5223.89;32443.65
2026-08-12T03:51:58.475712+02:00;standby;22.5;34.6;5.0;25.0;56.9;10.0;0;0;0;0;16503.97;11280.08;5223.89;32443.65
2026-08-12T03:52:59.065796+02:00;standby;22.5;34.6;5.0;25.0;56.9;10.0;0;0;0;0;16503.97;11280.08;5223.89;32443.65
2026-08-12T03:53:59.614535+02:00;standby;22.5;34.6;5.0;25.0;56.9;10.0;0;0;0;0;16503.97;11280.08;5223.89;32443.65
2026-08-12T03:55:00.560707+02:00;standby;22.5;34.6;5.0;25.0;56.8;10.0;0;0;0;0;16503.97;11280.08;5223.89;32443.65
2026-08-12T03:56:01.057544+02:00;standby;22.5;34.6;5.0;25.0;56.8;10.0;0;0;0;0;16503.97;11280.08;5223.89;32443.65
2026-08-12T03:57:03.627321+02:00;standby;22.5;34.6;5.0;25.0;56.8;10.0;0;0;0;0;16503.97;11280.08;5223.89;32443.65
2026-08-12T03:58:04.212028+02:00;standby;22.5;34.4;5.0;25.0;56.8;10.0;0;0;0;0;16503.97;11280.08;5223.89;32443.65
2026-08-12T03:59:05.449003+02:00;standby;22.5;34.4;5.0;25.0;56.8;10.0;0;0;0;0;16503.97;11280.08;5223.89;32443.65
2026-08-12T04:00:06.004135+02:00;standby;22.5;34.4;5.0;25.0;56.8;10.0;0;0;0;0;16503.97;11280.08;5223.89;32443.65
2026-08-12T04:01:06.528470+02:00;standby;22.5;34.4;5.0;25.0;56.8;57.0;0;0;0;0;16503.97;11280.08;5223.89;32443.65
2026-08-12T04:02:07.018518+02:00;standby;22.5;34.4;5.0;25.0;56.8;57.0;0;0;0;0;16503.97;11280.08;5223.89;32443.65
2026-08-12T04:03:07.570158+02:00;standby;22.5;34.3;5.0;25.0;56.8;57.0;0;0;0;0;16503.97;11280.08;5223.89;32443.65
2026-08-12T04:04:08.075587+02:00;standby;22.5;34.3;5.0;25.0;56.8;57.0;0;0;0;0;16503.97;11280.08;5223.89;32443.65
2026-08-12T04:05:08.569288+02:00;standby;22.5;34.3;5.0;25.0;56.8;57.0;0;0;0;0;16503.97;11280.08;5223.89;32443.65
2026-08-12T04:06:08.978984+02:00;standby;22.5;34.3;5.0;25.0;56.8;57.0;0;0;0;0;16503.97;11280.08;5223.89;32443.65
2026-08-12T04:07:09.439864+02:00;standby;22.5;34.2;5.0;25.0;56.8;57.0;0;0;0;0;16503.97;11280.08;5223.89;32443.65
2026-08-12T04:08:10.076965+02:00;standby;22.5;34.2;5.0;25.0;56.8;57.0;0;0;0;0;16503.97;11280.08;5223.89;32443.65
2026-08-12T04:09:10.648239+02:00;standby;22.5;34.2;5.0;25.0;56.7;57.0;0;0;0;0;16503.97;11280.08;5223.89;32443.65
2026-08-12T04:10:11.811084+02:00;standby;22.5;34.2;5.0;25.0;56.7;57.0;0;0;0;0;16503.97;11280.08;5223.89;32443.65
2026-08-12T04:11:12.466621+02:00;standby;22.5;34.1;5.0;25.0;56.7;57.0;0;0;0;0;16503.97;11280.08;5223.89;32443.65
2026-08-12T04:12:13.016168+02:00;standby;22.5;34.1;5.0;25.0;56.7;57.0;0;0;0;0;16503.97;11280.08;5223.89;32443.65
2026-08-12T04:13:14.732793+02:00;standby;22.5;34.1;5.0;25.0;56.7;57.0;0;0;0;0;16503.97;11280.08;5223.89;32443.65
2026-08-12T04:14:15.401801+02:00;standby;22.5;34.1;5.0;25.0;56.7;57.0;0;0;0;0;16503.97;11280.08;5223.89;32443.65
2026-08-12T04:15:16.229447+02:00;standby;22.5;34.1;5.0;25.0;56.7;57.0;0;0;0;0;16503.97;11280.08;5223.89;32443.65
2026-08-12T04:16:17.284573+02:00;standby;21.5;34.1;5.0;25.0;56.7;57.0;0;0;0;0;16503.97;11280.08;5223.89;32443.65
2026-08-12T04:17:18.284468+02:00;standby;21.5;34.0;5.0;25.0;56.7;57.0;0;0;0;0;16503.97;11280.08;5223.89;32443.65
2026-08-12T04:18:18.907884+02:00;standby;21.5;34.0;5.0;25.0;56.7;57.0;0;0;0;0;16503.97;11280.08;5223.89;32443.65
2026-08-12T04:19:19.431032+02:00;standby;21.5;34.0;5.0;25.0;56.7;57.0;0;0;0;0;16503.97;11280.08;5223.89;32443.65
2026-08-12T04:20:19.991583+02:00;standby;21.5;34.0;5.0;25.0;56.7;57.0;0;0;0;0;16503.97;11280.08;5223.89;32443.65
2026-08-12T04:21:20.465975+02:00;standby;21.5;34.0;5.0;25.0;56.7;57.0;0;0;0;0;16503.97;11280.08;5223.89;32443.65
2026-08-12T04:22:21.005640+02:00;standby;21.5;33.8;5.0;25.0;56.6;57.0;0;0;0;0;16503.97;11280.08;5223.89;32443.65
2026-08-12T04:23:21.601796+02:00;standby;21.5;33.8;5.0;25.0;56.6;57.0;0;0;0;0;16503.97;11280.08;5223.89;32443.65
2026-08-12T04:24:22.578245+02:00;standby;21.5;33.8;5.0;25.0;56.6;57.0;0;0;0;0;16503.97;11280.08;5223.89;32443.65
2026-08-12T04:25:23.087085+02:00;standby;21.5;33.8;5.0;25.0;56.6;57.0;0;0;0;0;16503.97;11280.08;5223.89;32443.65
2026-08-12T04:26:23.674253+02:00;standby;21.5;33.8;5.0;25.0;56.6;57.0;0;0;0;0;16503.97;11280.08;5223.89;32443.65
2026-08-12T04:27:24.189442+02:00;standby;21.5;33.8;5.0;25.0;56.6;57.0;0;0;0;0;16503.97;11280.08;5223.89;32443.65
2026-08-12T04:28:24.801835+02:00;standby;21.5;33.7;5.0;25.0;56.6;57.0;0;0;0;0;16503.97;11280.08;5223.89;32443.65
2026-08-12T04:29:25.276787+02:00;standby;21.5;33.7;5.0;25.0;56.6;57.0;0;0;0;0;16503.97;11280.08;5223.89;32443.65
2026-08-12T04:30:25.892732+02:00;standby;21.5;33.7;5.0;25.0;56.6;57.0;0;0;0;0;16503.97;11280.08;5223.89;32443.65
2026-08-12T04:31:26.879033+02:00;standby;21.5;33.7;5.0;25.0;56.6;57.0;0;0;0;0;16503.97;11280.08;5223.89;32443.65
2026-08-12T04:32:27.401295+02:00;standby;21.5;33.7;5.0;25.0;56.6;57.0;0;0;0;0;16503.97;11280.08;5223.89;32443.65
2026-08-12T04:33:27.916159+02:00;standby;21.5;33.6;5.0;25.0;56.6;57.0;0;0;0;0;16503.97;11280.08;5223.89;32443.65
2026-08-12T04:34:28.429596+02:00;standby;21.5;33.6;5.0;25.0;56.6;57.0;0;0;0;0;16503.97;11280.08;5223.89;32443.65
2026-08-12T04:35:28.859170+02:00;standby;21.5;33.6;5.0;25.0;56.6;57.0;0;0;0;0;16503.97;11280.08;5223.89;32443.65
2026-08-12T04:36:29.533107+02:00;standby;21.5;33.6;5.0;25.0;56.5;57.0;0;0;0;0;16503.97;11280.08;5223.89;32443.65
2026-08-12T04:37:30.740287+02:00;standby;21.5;33.6;5.0;25.0;56.5;57.0;0;0;0;0;16503.97;11280.08;5223.89;32443.65
2026-08-12T04:38:31.576283+02:00;standby;21.5;33.6;5.0;25.0;56.5;57.0;0;0;0;0;16503.97;11280.08;5223.89;32443.65
2026-08-12T04:39:32.162440+02:00;standby;21.5;33.6;5.0;25.0;56.5;57.0;0;0;0;0;16503.97;11280.08;5223.89;32443.65
2026-08-12T04:40:32.884605+02:00;standby;21.5;33.5;5.0;25.0;56.5;57.0;0;0;0;0;16503.97;11280.08;5223.89;32443.65
2026-08-12T04:41:33.814241+02:00;standby;21.5;33.5;5.0;25.0;56.5;57.0;0;0;0;0;16503.97;11280.08;5223.89;32443.65
2026-08-12T04:42:34.464595+02:00;standby;21.5;33.5;5.0;25.0;56.5;57.0;0;0;0;0;16503.97;11280.08;5223.89;32443.65
2026-08-12T04:43:35.243228+02:00;standby;21.5;33.5;5.0;25.0;56.5;57.0;0;0;0;0;16503.97;11280.08;5223.89;32443.65
2026-08-12T04:44:35.880658+02:00;standby;21.5;33.5;5.0;25.0;56.5;57.0;0;0;0;0;16503.97;11280.08;5223.89;32443.65
2026-08-12T04:45:36.535735+02:00;standby;21.5;33.3;5.0;25.0;56.5;57.0;0;0;0;0;16503.97;11280.08;5223.89;32443.65
2026-08-12T04:46:37.049427+02:00;standby;21.5;33.3;5.0;25.0;56.5;57.0;0;0;0;0;16503.97;11280.08;5223.89;32443.65
2026-08-12T04:47:37.643078+02:00;standby;21.5;33.3;5.0;25.0;56.5;57.0;0;0;0;0;16503.97;11280.08;5223.89;32443.65
2026-08-12T04:48:38.058716+02:00;standby;21.5;33.3;5.0;25.0;56.5;57.0;0;0;0;0;16503.97;11280.08;5223.89;32443.65
2026-08-12T04:49:38.523145+02:00;standby;21.5;33.3;5.0;25.0;56.5;57.0;0;0;0;0;16503.97;11280.08;5223.89;32443.65
2026-08-12T04:50:39.030506+02:00;standby;21.5;33.3;5.0;25.0;56.4;57.0;0;0;0;0;16503.97;11280.08;5223.89;32443.65
2026-08-12T04:51:39.554206+02:00;standby;21.5;33.2;5.0;25.0;56.4;57.0;0;0;0;0;16503.97;11280.08;5223.89;32443.65
2026-08-12T04:52:40.166943+02:00;standby;21.5;33.2;5.0;25.0;56.4;57.0;0;0;0;0;16503.97;11280.08;5223.89;32443.65
2026-08-12T04:53:40.964466+02:00;standby;21.5;33.2;5.0;25.0;56.4;57.0;0;0;0;0;16503.97;11280.08;5223.89;32443.65
2026-08-12T04:54:43.500840+02:00;standby;21.5;33.2;5.0;25.0;56.4;57.0;0;0;0;0;16503.97;11280.08;5223.89;32443.65
2026-08-12T04:55:44.115064+02:00;standby;21.5;33.2;5.0;25.0;56.4;57.0;0;0;0;0;16503.97;11280.08;5223.89;32443.65
2026-08-12T04:56:44.712224+02:00;standby;21.5;33.2;5.0;25.0;56.4;57.0;0;0;0;0;16503.97;11280.08;5223.89;32443.65
2026-08-12T04:57:45.330891+02:00;standby;21.5;33.2;5.0;25.0;56.4;57.0;0;0;0;0;16503.97;11280.08;5223.89;32443.65
2026-08-12T04:58:46.258504+02:00;standby;21.5;33.1;5.0;25.0;56.4;57.0;0;0;0;0;16503.97;11280.08;5223.89;32443.65
2026-08-12T04:59:47.182990+02:00;standby;21.5;33.1;5.0;25.0;56.4;57.0;0;0;0;0;16503.97;11280.08;5223.89;32443.65
2026-08-12T05:00:47.928922+02:00;standby;21.5;33.1;5.0;25.0;56.4;57.0;0;0;0;0;16503.97;11280.08;5223.89;32443.65
2026-08-12T05:01:48.663223+02:00;standby;21.5;33.1;5.0;25.0;56.4;57.0;0;0;0;0;16503.97;11280.08;5223.89;32443.65
2026-08-12T05:02:49.255190+02:00;standby;21.5;33.1;5.0;25.0;56.3;57.0;0;0;0;0;16503.97;11280.08;5223.89;32443.65
2026-08-12T05:03:49.990762+02:00;standby;21.5;33.1;5.0;25.0;56.4;57.0;0;0;0;0;16503.97;11280.08;5223.89;32443.65
2026-08-12T05:04:50.614298+02:00;standby;21.5;33.0;5.0;25.0;56.3;57.0;0;0;0;0;16503.97;11280.08;5223.89;32443.65
2026-08-12T05:05:51.540795+02:00;standby;21.5;33.0;5.0;25.0;56.3;57.0;0;0;0;0;16503.97;11280.08;5223.89;32443.65
2026-08-12T05:06:52.205509+02:00;standby;21.5;33.0;5.0;25.0;56.3;57.0;0;0;0;0;16503.97;11280.08;5223.89;32443.65
2026-08-12T05:07:54.309548+02:00;standby;21.5;33.0;5.0;25.0;56.3;57.0;0;0;0;0;16503.97;11280.08;5223.89;32443.65
2026-08-12T05:08:54.986481+02:00;standby;21.5;33.0;5.0;25.0;56.3;57.0;0;0;0;0;16503.97;11280.08;5223.89;32443.65
2026-08-12T05:09:55.649625+02:00;standby;21.5;33.0;5.0;25.0;56.3;57.0;0;0;0;0;16503.97;11280.08;5223.89;32443.65
2026-08-12T05:10:56.798782+02:00;standby;21.5;33.0;5.0;25.0;56.3;57.0;0;0;0;0;16503.97;11280.08;5223.89;32443.65
2026-08-12T05:11:57.402181+02:00;standby;21.5;32.8;5.0;25.0;56.3;57.0;0;0;0;0;16503.97;11280.08;5223.89;32443.65
2026-08-12T05:12:58.043684+02:00;standby;21.5;32.8;5.0;25.0;56.3;57.0;0;0;0;0;16503.97;11280.08;5223.89;32443.65
2026-08-12T05:13:58.907422+02:00;standby;21.5;32.8;5.0;25.0;56.3;57.0;0;0;0;0;16503.97;11280.08;5223.89;32443.65
2026-08-12T05:14:59.477048+02:00;standby;21.5;32.8;5.0;25.0;56.3;57.0;0;0;0;0;16503.97;11280.08;5223.89;32443.65
2026-08-12T05:16:00.525855+02:00;standby;21.5;32.8;5.0;25.0;56.2;57.0;0;0;0;0;16503.97;11280.08;5223.89;32443.65
2026-08-12T05:17:01.206153+02:00;standby;21.0;32.8;5.0;25.0;56.2;57.0;0;0;0;0;16503.97;11280.08;5223.89;32443.65
2026-08-12T05:18:01.856764+02:00;standby;21.0;32.8;5.0;25.0;56.2;57.0;0;0;0;0;16503.97;11280.08;5223.89;32443.65
2026-08-12T05:19:02.508540+02:00;standby;21.0;32.7;5.0;25.0;56.2;57.0;0;0;0;0;16503.97;11280.08;5223.89;32443.65
2026-08-12T05:20:03.229788+02:00;standby;21.0;32.7;5.0;25.0;56.2;57.0;0;0;0;0;16503.97;11280.08;5223.89;32443.65
2026-08-12T05:21:03.899135+02:00;standby;21.0;32.7;5.0;25.0;56.2;57.0;0;0;0;0;16503.97;11280.08;5223.89;32443.65
2026-08-12T05:22:04.667873+02:00;standby;21.0;32.7;5.0;25.0;56.2;57.0;0;0;0;0;16503.97;11280.08;5223.89;32443.65
2026-08-12T05:23:05.429607+02:00;standby;21.0;32.7;5.0;25.0;56.2;57.0;0;0;0;0;16503.97;11280.08;5223.89;32443.65
2026-08-12T05:24:06.110049+02:00;standby;21.0;32.7;5.0;25.0;56.2;57.0;0;0;0;0;16503.97;11280.08;5223.89;32443.65
2026-08-12T05:25:06.878815+02:00;standby;21.0;32.7;5.0;25.0;56.2;57.0;0;0;0;0;16503.97;11280.08;5223.89;32443.65
2026-08-12T05:26:07.347880+02:00;standby;21.0;32.6;5.0;25.0;56.2;57.0;0;0;0;0;16503.97;11280.08;5223.89;32443.65
2026-08-12T05:27:07.914847+02:00;standby;21.0;32.6;5.0;25.0;56.2;57.0;0;0;0;0;16503.97;11280.08;5223.89;32443.65
2026-08-12T05:28:08.506723+02:00;standby;21.0;32.6;5.0;25.0;56.2;57.0;0;0;0;0;16503.97;11280.08;5223.89;32443.65
2026-08-12T05:29:09.234496+02:00;standby;21.0;32.6;5.0;25.0;56.2;57.0;0;0;0;0;16503.97;11280.08;5223.89;32443.65
2026-08-12T05:30:09.745419+02:00;standby;21.0;32.6;5.0;25.0;56.1;57.0;0;0;0;0;16503.97;11280.08;5223.89;32443.65
2026-08-12T05:31:10.308047+02:00;standby;21.0;32.6;5.0;25.0;56.1;57.0;0;0;0;0;16503.97;11280.08;5223.89;32443.65
2026-08-12T05:32:11.153479+02:00;standby;21.0;32.6;5.0;29.0;56.1;57.0;0;0;0;0;16503.97;11280.08;5223.89;32443.65
2026-08-12T05:33:11.673123+02:00;standby;21.0;32.6;5.0;29.0;56.1;57.0;0;0;0;0;16503.97;11280.08;5223.89;32443.65
2026-08-12T05:34:12.418660+02:00;standby;21.0;32.5;5.0;29.0;56.1;57.0;0;0;0;0;16503.97;11280.08;5223.89;32443.65
2026-08-12T05:35:13.239393+02:00;standby;21.0;32.5;5.0;29.0;56.1;57.0;0;0;0;0;16503.97;11280.08;5223.89;32443.65
2026-08-12T05:36:13.760697+02:00;standby;21.0;32.5;5.0;29.0;56.1;57.0;0;0;0;0;16503.97;11280.08;5223.89;32443.65
2026-08-12T05:37:14.483239+02:00;standby;21.0;32.5;5.0;29.0;56.1;57.0;0;0;0;0;16503.97;11280.08;5223.89;32443.65
2026-08-12T05:38:15.700382+02:00;standby;21.0;32.5;5.0;29.0;56.1;57.0;0;0;0;0;16503.97;11280.08;5223.89;32443.65
2026-08-12T05:39:16.322148+02:00;standby;21.0;32.5;5.0;30.0;56.1;57.0;0;0;0;0;16503.97;11280.08;5223.89;32443.65
2026-08-12T05:40:16.914871+02:00;standby;21.0;32.5;5.0;30.0;56.1;57.0;0;0;0;0;16503.97;11280.08;5223.89;32443.65
2026-08-12T05:41:17.686812+02:00;standby;21.0;32.5;5.0;30.0;56.1;57.0;0;0;0;0;16503.97;11280.08;5223.89;32443.65
2026-08-12T05:42:18.538822+02:00;standby;21.0;32.3;5.0;30.0;56.1;57.0;0;0;0;0;16503.97;11280.08;5223.89;32443.65
2026-08-12T05:43:19.451405+02:00;standby;21.0;32.3;5.0;30.0;56.1;57.0;0;0;0;0;16503.97;11280.08;5223.89;32443.65
2026-08-12T05:44:19.969765+02:00;standby;21.0;32.3;5.0;30.0;56.1;57.0;0;0;0;0;16503.97;11280.08;5223.89;32443.65
2026-08-12T05:45:20.587941+02:00;standby;21.0;32.3;5.0;30.0;56.0;57.0;0;0;0;0;16503.97;11280.08;5223.89;32443.65
2026-08-12T05:46:21.513859+02:00;standby;21.0;32.3;5.0;30.0;56.0;57.0;0;0;0;0;16503.97;11280.08;5223.89;32443.65
2026-08-12T05:47:22.243209+02:00;standby;21.0;32.3;5.0;30.0;56.0;57.0;0;0;0;0;16503.97;11280.08;5223.89;32443.65
2026-08-12T05:48:22.919578+02:00;standby;21.0;32.3;5.0;30.0;56.0;57.0;0;0;0;0;16503.97;11280.08;5223.89;32443.65
2026-08-12T05:49:23.439625+02:00;standby;21.0;32.2;5.0;30.0;56.0;57.0;0;0;0;0;16503.97;11280.08;5223.89;32443.65
2026-08-12T05:50:24.624044+02:00;standby;21.0;32.2;5.0;30.0;56.0;57.0;0;0;0;0;16503.97;11280.08;5223.89;32443.65
2026-08-12T05:51:25.135400+02:00;standby;21.0;32.2;5.0;30.0;56.0;57.0;0;0;0;0;16503.97;11280.08;5223.89;32443.65
2026-08-12T05:52:25.810426+02:00;standby;21.0;32.2;5.0;30.0;56.0;57.0;0;0;0;0;16503.97;11280.08;5223.89;32443.65
2026-08-12T05:53:26.276161+02:00;standby;21.0;32.2;5.0;30.0;56.0;57.0;0;0;0;0;16503.97;11280.08;5223.89;32443.65
2026-08-12T05:54:27.417972+02:00;standby;21.0;32.2;5.0;30.0;56.0;57.0;0;0;0;0;16503.97;11280.08;5223.89;32443.65
2026-08-12T05:55:28.052613+02:00;standby;21.0;32.2;5.0;30.0;56.0;57.0;0;0;0;0;16503.97;11280.08;5223.89;32443.65
2026-08-12T05:56:28.686038+02:00;standby;21.0;32.2;5.0;30.0;56.0;57.0;0;0;0;0;16503.97;11280.08;5223.89;32443.65
2026-08-12T05:57:29.180518+02:00;standby;21.0;32.2;5.0;30.0;55.9;57.0;0;0;0;0;16503.97;11280.08;5223.89;32443.65
2026-08-12T05:58:30.988921+02:00;standby;21.0;32.1;5.0;30.0;55.9;57.0;0;0;0;0;16503.97;11280.08;5223.89;32443.65
2026-08-12T05:59:31.556251+02:00;standby;21.0;32.2;5.0;30.0;55.9;57.0;0;0;0;0;16503.97;11280.08;5223.89;32443.65
2026-08-12T06:00:32.056617+02:00;standby;21.0;32.1;5.0;30.0;55.9;57.0;0;0;0;0;16503.97;11280.08;5223.89;32443.65
2026-08-12T06:01:32.687618+02:00;standby;21.0;32.1;5.0;30.0;55.9;57.0;0;0;0;0;16503.97;11280.08;5223.89;32443.65
2026-08-12T06:02:33.323809+02:00;standby;21.0;32.1;5.0;30.0;55.9;57.0;0;0;0;0;16503.97;11280.08;5223.89;32443.65
2026-08-12T06:03:34.056131+02:00;standby;21.0;32.1;5.0;30.0;55.9;57.0;0;0;0;0;16503.97;11280.08;5223.89;32443.65
2026-08-12T06:04:34.617229+02:00;standby;21.0;32.1;5.0;30.0;55.9;57.0;0;0;0;0;16503.97;11280.08;5223.89;32443.65
2026-08-12T06:05:35.953145+02:00;standby;21.0;32.1;5.0;30.0;55.9;57.0;0;0;0;0;16503.97;11280.08;5223.89;32443.65
2026-08-12T06:06:36.407753+02:00;standby;21.0;32.1;5.0;30.0;55.9;57.0;0;0;0;0;16503.97;11280.08;5223.89;32443.65
2026-08-12T06:07:36.888998+02:00;standby;21.0;32.0;5.0;30.0;55.9;57.0;0;0;0;0;16503.97;11280.08;5223.89;32443.65
2026-08-12T06:08:37.439043+02:00;standby;21.0;32.0;5.0;30.0;55.9;57.0;0;0;0;0;16503.97;11280.08;5223.89;32443.65
2026-08-12T06:09:37.916456+02:00;standby;21.0;32.0;5.0;30.0;55.9;57.0;0;0;0;0;16503.97;11280.08;5223.89;32443.65
2026-08-12T06:10:38.345103+02:00;standby;21.0;32.0;5.0;30.0;55.9;57.0;0;0;0;0;16503.97;11280.08;5223.89;32443.65
2026-08-12T06:11:39.011071+02:00;standby;21.0;32.0;5.0;30.0;55.9;57.0;0;0;0;0;16503.97;11280.08;5223.89;32443.65
2026-08-12T06:12:39.945816+02:00;standby;21.0;32.0;5.0;30.0;55.8;57.0;0;0;0;0;16503.97;11280.08;5223.89;32443.65
2026-08-12T06:13:40.558388+02:00;standby;21.0;32.0;5.0;30.0;55.8;57.0;0;0;0;0;16503.97;11280.08;5223.89;32443.65
2026-08-12T06:14:41.285387+02:00;standby;21.0;32.0;5.0;30.0;55.8;57.0;0;0;0;0;16503.97;11280.08;5223.89;32443.65
2026-08-12T06:15:42.174591+02:00;standby;21.0;31.9;5.0;30.0;55.8;57.0;0;0;0;0;16503.97;11280.08;5223.89;32443.65
2026-08-12T06:16:42.784459+02:00;standby;21.0;31.9;5.0;30.0;55.8;57.0;0;0;0;0;16503.97;11280.08;5223.89;32443.65
2026-08-12T06:17:43.361383+02:00;standby;20.5;31.9;5.0;30.0;55.8;57.0;0;0;0;0;16503.97;11280.08;5223.89;32443.65
2026-08-12T06:18:43.933800+02:00;standby;20.5;31.9;5.0;30.0;55.8;57.0;0;0;0;0;16503.97;11280.08;5223.89;32443.65
2026-08-12T06:19:44.589507+02:00;standby;20.5;31.9;5.0;30.0;55.8;57.0;0;0;0;0;16503.97;11280.08;5223.89;32443.65
2026-08-12T06:20:45.108335+02:00;standby;20.5;31.9;5.0;30.0;55.8;57.0;0;0;0;0;16503.97;11280.08;5223.89;32443.65
2026-08-12T06:21:46.097449+02:00;standby;20.5;31.9;5.0;30.0;55.8;57.0;0;0;0;0;16503.97;11280.08;5223.89;32443.65
2026-08-12T06:22:46.683597+02:00;standby;20.5;31.9;5.0;30.0;55.8;57.0;0;0;0;0;16503.97;11280.08;5223.89;32443.65
2026-08-12T06:23:47.284756+02:00;standby;20.5;31.9;5.0;30.0;55.8;57.0;0;0;0;0;16503.97;11280.08;5223.89;32443.65
2026-08-12T06:24:47.802028+02:00;standby;20.5;31.9;5.0;30.0;55.8;57.0;0;0;0;0;16503.97;11280.08;5223.89;32443.65
2026-08-12T06:25:48.326636+02:00;standby;20.5;31.7;5.0;30.0;55.7;57.0;0;0;0;0;16503.97;11280.08;5223.89;32443.65
2026-08-12T06:26:49.380160+02:00;standby;20.5;31.7;5.0;30.0;55.7;57.0;0;0;0;0;16503.97;11280.08;5223.89;32443.65
2026-08-12T06:27:49.925618+02:00;standby;20.5;31.7;5.0;30.0;55.7;57.0;0;0;0;0;16503.97;11280.08;5223.89;32443.65
2026-08-12T06:28:50.506950+02:00;standby;20.5;31.7;5.0;30.0;55.7;57.0;0;0;0;0;16503.97;11280.08;5223.89;32443.65
2026-08-12T06:29:51.217436+02:00;standby;20.5;31.7;5.0;30.0;55.7;57.0;0;0;0;0;16503.97;11280.08;5223.89;32443.65
2026-08-12T06:30:52.060844+02:00;standby;20.5;31.7;5.0;30.0;55.7;57.0;0;0;0;0;16503.97;11280.08;5223.89;32443.65
2026-08-12T06:31:53.078993+02:00;standby;20.5;31.7;5.0;30.0;55.7;57.0;0;0;0;0;16503.97;11280.08;5223.89;32443.65
2026-08-12T06:32:53.825564+02:00;standby;20.5;31.7;5.0;29.0;55.7;57.0;0;0;0;0;16503.97;11280.08;5223.89;32443.65
2026-08-12T06:33:54.382321+02:00;standby;20.5;31.6;5.0;29.0;55.7;57.0;0;0;0;0;16503.97;11280.08;5223.89;32443.65
2026-08-12T06:34:54.908162+02:00;standby;20.5;31.6;5.0;29.0;55.7;57.0;0;0;0;0;16503.97;11280.08;5223.89;32443.65
2026-08-12T06:35:55.421702+02:00;standby;20.5;31.6;5.0;29.0;55.7;57.0;0;0;0;0;16503.97;11280.08;5223.89;32443.65
2026-08-12T06:36:56.048956+02:00;standby;20.5;31.6;5.0;29.0;55.7;57.0;0;0;0;0;16503.97;11280.08;5223.89;32443.65
2026-08-12T06:37:56.779155+02:00;standby;20.5;31.6;5.0;29.0;55.7;57.0;0;0;0;0;16503.97;11280.08;5223.89;32443.65
2026-08-12T06:38:57.557168+02:00;standby;20.5;31.6;5.0;29.0;55.6;57.0;0;0;0;0;16503.97;11280.08;5223.89;32443.65
2026-08-12T06:39:58.164519+02:00;standby;20.5;31.6;5.0;29.0;55.6;57.0;0;0;0;0;16503.97;11280.08;5223.89;32443.65
2026-08-12T06:40:59.622627+02:00;standby;20.5;31.6;5.0;29.0;55.6;57.0;0;0;0;0;16503.97;11280.08;5223.89;32443.65
2026-08-12T06:42:00.386227+02:00;standby;20.5;31.6;5.0;29.0;55.6;57.0;0;0;0;0;16503.97;11280.08;5223.89;32443.65
2026-08-12T06:43:01.074455+02:00;standby;20.5;31.6;5.0;29.0;55.6;57.0;0;0;0;0;16503.97;11280.08;5223.89;32443.65
2026-08-12T06:44:01.693088+02:00;standby;20.5;31.6;5.0;29.0;55.6;57.0;0;0;0;0;16503.97;11280.08;5223.89;32443.65
2026-08-12T06:45:02.188231+02:00;standby;20.5;31.5;5.0;29.0;55.6;57.0;0;0;0;0;16503.97;11280.08;5223.89;32443.65
2026-08-12T06:46:03.181755+02:00;standby;20.5;31.6;5.0;29.0;55.6;57.0;0;0;0;0;16503.97;11280.08;5223.89;32443.65
2026-08-12T06:47:03.699300+02:00;standby;20.5;31.5;5.0;29.0;55.6;57.0;0;0;0;0;16503.97;11280.08;5223.89;32443.65
2026-08-12T06:48:04.262365+02:00;standby;20.5;31.5;5.0;29.0;55.6;57.0;0;0;0;0;16503.97;11280.08;5223.89;32443.65
2026-08-12T06:49:04.745792+02:00;standby;20.5;31.5;5.0;29.0;55.6;57.0;0;0;0;0;16503.97;11280.08;5223.89;32443.65
2026-08-12T06:50:05.564306+02:00;standby;20.5;31.5;5.0;29.0;55.6;57.0;0;0;0;0;16503.97;11280.08;5223.89;32443.65
2026-08-12T06:51:07.089951+02:00;standby;20.5;31.5;5.0;29.0;55.6;57.0;0;0;0;0;16503.97;11280.08;5223.89;32443.65
2026-08-12T06:52:08.125383+02:00;standby;20.5;31.5;5.0;29.0;55.5;57.0;0;0;0;0;16503.97;11280.08;5223.89;32443.65
2026-08-12T06:53:08.596285+02:00;standby;20.5;31.5;5.0;29.0;55.5;57.0;0;0;0;0;16503.97;11280.08;5223.89;32443.65
2026-08-12T06:54:09.074001+02:00;standby;20.5;31.5;5.0;29.0;55.5;57.0;0;0;0;0;16503.97;11280.08;5223.89;32443.65
2026-08-12T06:55:09.530051+02:00;standby;20.5;31.5;5.0;29.0;55.5;57.0;0;0;0;0;16503.97;11280.08;5223.89;32443.65
2026-08-12T06:56:10.322377+02:00;standby;20.5;31.5;5.0;29.0;55.5;57.0;0;0;0;0;16503.97;11280.08;5223.89;32443.65
2026-08-12T06:57:10.871933+02:00;standby;20.5;31.5;5.0;29.0;55.5;57.0;0;0;0;0;16503.97;11280.08;5223.89;32443.65
2026-08-12T06:58:11.361578+02:00;standby;20.5;31.4;5.0;29.0;55.5;57.0;0;0;0;0;16503.97;11280.08;5223.89;32443.65
2026-08-12T06:59:11.926846+02:00;standby;20.5;31.4;5.0;29.0;55.5;57.0;0;0;0;0;16503.97;11280.08;5223.89;32443.65
2026-08-12T07:00:12.766983+02:00;standby;20.5;31.4;5.0;29.0;55.5;57.0;0;0;0;0;16503.97;11280.08;5223.89;32443.65
2026-08-12T07:01:13.230492+02:00;standby;20.5;31.4;5.0;29.0;55.5;57.0;0;0;0;0;16503.97;11280.08;5223.89;32443.65
2026-08-12T07:02:13.890934+02:00;standby;20.5;31.4;5.0;29.0;55.5;57.0;0;0;0;0;16503.97;11280.08;5223.89;32443.65
2026-08-12T07:03:14.409347+02:00;standby;20.5;31.4;5.0;29.0;55.5;57.0;0;0;0;0;16503.97;11280.08;5223.89;32443.65
2026-08-12T07:04:14.931819+02:00;standby;20.5;31.4;5.0;29.0;55.4;57.0;0;0;0;0;16503.97;11280.08;5223.89;32443.65
2026-08-12T07:05:15.343456+02:00;standby;20.5;31.4;5.0;29.0;55.4;57.0;0;0;0;0;16503.97;11280.08;5223.89;32443.65
2026-08-12T07:06:15.867263+02:00;standby;20.5;31.4;5.0;29.0;55.4;57.0;0;0;0;0;16503.97;11280.08;5223.89;32443.65
2026-08-12T07:07:16.486114+02:00;standby;20.5;31.4;5.0;29.0;55.4;57.0;0;0;0;0;16503.97;11280.08;5223.89;32443.65
2026-08-12T07:08:17.047976+02:00;standby;20.5;31.4;5.0;29.0;55.4;57.0;0;0;0;0;16503.97;11280.08;5223.89;32443.65
2026-08-12T07:09:17.478944+02:00;standby;20.5;31.2;5.0;29.0;55.4;57.0;0;0;0;0;16503.97;11280.08;5223.89;32443.65
2026-08-12T07:10:18.110163+02:00;standby;20.5;31.2;5.0;29.0;55.4;57.0;0;0;0;0;16503.97;11280.08;5223.89;32443.65
2026-08-12T07:11:18.663476+02:00;standby;20.5;31.2;5.0;29.0;55.4;57.0;0;0;0;0;16503.97;11280.08;5223.89;32443.65
2026-08-12T07:12:19.204047+02:00;standby;20.5;31.2;5.0;29.0;55.4;57.0;0;0;0;0;16503.97;11280.08;5223.89;32443.65
2026-08-12T07:13:20.054848+02:00;standby;20.5;31.2;5.0;29.0;55.4;57.0;0;0;0;0;16503.97;11280.08;5223.89;32443.65
2026-08-12T07:14:20.623156+02:00;standby;20.5;31.2;5.0;29.0;55.4;57.0;0;0;0;0;16503.97;11280.08;5223.89;32443.65
2026-08-12T07:15:21.916375+02:00;standby;20.5;31.2;5.0;29.0;55.4;57.0;0;0;0;0;16503.97;11280.08;5223.89;32443.65
2026-08-12T07:16:22.374857+02:00;standby;20.5;31.2;5.0;29.0;55.4;57.0;0;0;0;0;16503.97;11280.08;5223.89;32443.65
2026-08-12T07:17:23.069015+02:00;standby;20.5;31.2;5.0;29.0;55.4;57.0;0;0;0;0;16503.97;11280.08;5223.89;32443.65
2026-08-12T07:18:23.651070+02:00;standby;21.2;31.2;5.0;29.0;55.4;57.0;0;0;0;0;16503.97;11280.08;5223.89;32443.65
2026-08-12T07:19:24.192308+02:00;standby;21.2;31.1;5.0;29.0;55.3;57.0;0;0;0;0;16503.97;11280.08;5223.89;32443.65
2026-08-12T07:20:25.553548+02:00;standby;21.2;31.2;5.0;29.0;55.3;57.0;0;0;0;0;16503.97;11280.08;5223.89;32443.65
2026-08-12T07:21:26.065653+02:00;standby;21.2;31.1;5.0;29.0;55.3;57.0;0;0;0;0;16503.97;11280.08;5223.89;32443.65
2026-08-12T07:22:26.797300+02:00;standby;21.2;31.1;5.0;29.0;55.3;57.0;0;0;0;0;16503.97;11280.08;5223.89;32443.65
2026-08-12T07:23:27.308065+02:00;standby;21.2;31.1;5.0;29.0;55.3;57.0;0;0;0;0;16503.97;11280.08;5223.89;32443.65
2026-08-12T07:24:27.811937+02:00;standby;21.2;31.1;5.0;29.0;55.3;57.0;0;0;0;0;16503.97;11280.08;5223.89;32443.65
2026-08-12T07:25:28.277327+02:00;standby;21.2;31.1;5.0;29.0;55.3;57.0;0;0;0;0;16503.97;11280.08;5223.89;32443.65
2026-08-12T07:26:28.771785+02:00;standby;21.2;31.1;5.0;29.0;55.3;57.0;0;0;0;0;16503.97;11280.08;5223.89;32443.65
2026-08-12T07:27:29.339139+02:00;standby;21.2;31.1;5.0;29.0;55.3;57.0;0;0;0;0;16503.97;11280.08;5223.89;32443.65
2026-08-12T07:28:30.011642+02:00;standby;21.2;31.1;5.0;29.0;55.3;57.0;0;0;0;0;16503.97;11280.08;5223.89;32443.65
2026-08-12T07:29:30.684839+02:00;standby;21.2;31.1;5.0;29.0;55.3;57.0;0;0;0;0;16503.97;11280.08;5223.89;32443.65
2026-08-12T07:30:31.210424+02:00;standby;21.2;31.1;5.0;29.0;55.3;57.0;0;0;0;0;16503.97;11280.08;5223.89;32443.65
2026-08-12T07:31:31.831955+02:00;standby;21.2;31.1;5.0;29.0;55.3;57.0;0;0;0;0;16503.97;11280.08;5223.89;32443.65
2026-08-12T07:32:32.974418+02:00;standby;21.2;31.1;5.0;29.0;55.3;57.0;0;0;0;0;16503.97;11280.08;5223.89;32443.65
2026-08-12T07:33:33.522379+02:00;standby;21.2;31.1;5.0;29.0;55.2;57.0;0;0;0;0;16503.97;11280.08;5223.89;32443.65
2026-08-12T07:34:35.491542+02:00;standby;21.2;31.0;5.0;28.0;55.2;57.0;0;0;0;0;16503.97;11280.08;5223.89;32443.65
2026-08-12T07:35:38.697999+02:00;standby;21.2;31.0;5.0;28.0;55.2;57.0;0;0;0;0;16503.97;11280.08;5223.89;32443.65
2026-08-12T07:36:39.166201+02:00;standby;21.2;31.0;5.0;28.0;55.2;57.0;0;0;0;0;16503.97;11280.08;5223.89;32443.65
2026-08-12T07:37:40.228127+02:00;standby;21.2;31.0;5.0;28.0;55.2;57.0;0;0;0;0;16503.97;11280.08;5223.89;32443.65
2026-08-12T07:38:40.785580+02:00;standby;21.2;31.0;5.0;28.0;55.2;57.0;0;0;0;0;16503.97;11280.08;5223.89;32443.65
2026-08-12T07:39:41.352565+02:00;standby;21.2;31.0;5.0;28.0;55.2;57.0;0;0;0;0;16503.97;11280.08;5223.89;32443.65
2026-08-12T07:40:41.873192+02:00;standby;21.2;31.0;5.0;28.0;55.2;57.0;0;0;0;0;16503.97;11280.08;5223.89;32443.65
2026-08-12T07:41:42.801403+02:00;standby;21.2;31.0;5.0;28.0;55.2;57.0;0;0;0;0;16503.97;11280.08;5223.89;32443.65
2026-08-12T07:42:43.456121+02:00;standby;21.2;31.0;5.0;28.0;55.2;57.0;0;0;0;0;16503.97;11280.08;5223.89;32443.65
2026-08-12T07:43:43.986654+02:00;standby;21.2;31.0;5.0;28.0;55.2;57.0;0;0;0;0;16503.97;11280.08;5223.89;32443.65
2026-08-12T07:44:44.675351+02:00;standby;21.2;31.0;5.0;28.0;55.2;57.0;0;0;0;0;16503.97;11280.08;5223.89;32443.65
2026-08-12T07:45:45.433331+02:00;standby;21.2;31.0;5.0;28.0;55.2;57.0;0;0;0;0;16503.97;11280.08;5223.89;32443.65
2026-08-12T07:46:45.857596+02:00;standby;21.2;31.0;5.0;28.0;55.1;57.0;0;0;0;0;16503.97;11280.08;5223.89;32443.65
2026-08-12T07:47:46.373041+02:00;standby;21.2;30.9;5.0;28.0;55.1;57.0;0;0;0;0;16503.97;11280.08;5223.89;32443.65
2026-08-12T07:48:46.851785+02:00;standby;21.2;30.9;5.0;28.0;55.1;57.0;0;0;0;0;16503.97;11280.08;5223.89;32443.65
2026-08-12T07:49:47.321496+02:00;standby;21.2;30.9;5.0;28.0;55.1;57.0;0;0;0;0;16503.97;11280.08;5223.89;32443.65
2026-08-12T07:50:47.877242+02:00;standby;21.2;30.9;5.0;28.0;55.1;57.0;0;0;0;0;16503.97;11280.08;5223.89;32443.65
2026-08-12T07:51:48.401105+02:00;standby;21.2;30.9;5.0;28.0;55.1;57.0;0;0;0;0;16503.97;11280.08;5223.89;32443.65
2026-08-12T07:52:49.082650+02:00;standby;21.2;30.9;5.0;28.0;55.1;57.0;0;0;0;0;16503.97;11280.08;5223.89;32443.65
2026-08-12T07:53:49.591147+02:00;standby;21.2;30.9;5.0;28.0;55.1;57.0;0;0;0;0;16503.97;11280.08;5223.89;32443.65
2026-08-12T07:54:50.212803+02:00;standby;21.2;30.9;5.0;28.0;55.1;57.0;0;0;0;0;16503.97;11280.08;5223.89;32443.65
2026-08-12T07:55:50.736960+02:00;standby;21.2;30.9;5.0;28.0;55.1;57.0;0;0;0;0;16503.97;11280.08;5223.89;32443.65
2026-08-12T07:56:52.276474+02:00;standby;21.2;30.9;5.0;28.0;55.1;57.0;0;0;0;0;16503.97;11280.08;5223.89;32443.65
2026-08-12T07:57:52.954956+02:00;standby;21.2;30.9;5.0;28.0;55.1;57.0;0;0;0;0;16503.97;11280.08;5223.89;32443.65
2026-08-12T07:58:53.678259+02:00;standby;21.2;30.9;5.0;28.0;55.1;57.0;0;0;0;0;16503.97;11280.08;5223.89;32443.65
2026-08-12T07:59:54.414958+02:00;standby;21.2;30.9;5.0;28.0;55.1;57.0;0;0;0;0;16503.97;11280.08;5223.89;32443.65
2026-08-12T08:00:54.988074+02:00;standby;21.2;30.9;5.0;28.0;54.9;57.0;0;0;0;0;16503.97;11280.08;5223.89;32443.65
2026-08-12T08:01:55.594553+02:00;standby;21.2;30.9;5.0;28.0;54.9;57.0;0;0;0;0;16503.97;11280.08;5223.89;32443.65
2026-08-12T08:02:56.317015+02:00;standby;21.2;30.7;5.0;28.0;54.9;57.0;0;0;0;0;16503.97;11280.08;5223.89;32443.65
2026-08-12T08:03:56.870802+02:00;standby;21.2;30.7;5.0;28.0;54.9;57.0;0;0;0;0;16503.97;11280.08;5223.89;32443.65
2026-08-12T08:04:58.441853+02:00;standby;21.2;30.7;5.0;28.0;54.9;57.0;0;0;0;0;16503.97;11280.08;5223.89;32443.65
2026-08-12T08:05:59.108077+02:00;standby;21.2;30.7;5.0;28.0;54.9;57.0;0;0;0;0;16503.97;11280.08;5223.89;32443.65
2026-08-12T08:06:59.788962+02:00;standby;21.2;30.7;5.0;28.0;54.9;57.0;0;0;0;0;16503.97;11280.08;5223.89;32443.65
2026-08-12T08:08:00.409255+02:00;standby;21.2;30.7;5.0;28.0;54.9;57.0;0;0;0;0;16503.97;11280.08;5223.89;32443.65
2026-08-12T08:09:01.750680+02:00;standby;21.2;30.7;5.0;28.0;54.9;57.0;0;0;0;0;16503.97;11280.08;5223.89;32443.65
2026-08-12T08:10:02.516079+02:00;standby;21.2;30.7;5.0;28.0;54.9;57.0;0;0;0;0;16503.97;11280.08;5223.89;32443.65
2026-08-12T08:11:03.128579+02:00;standby;21.2;30.7;5.0;28.0;54.9;57.0;0;0;0;0;16503.97;11280.08;5223.89;32443.65
2026-08-12T08:12:03.926177+02:00;standby;21.2;30.7;5.0;28.0;54.9;57.0;0;0;0;0;16503.97;11280.08;5223.89;32443.65
2026-08-12T08:13:04.479313+02:00;standby;21.2;30.7;5.0;28.0;54.9;57.0;0;0;0;0;16503.97;11280.08;5223.89;32443.65
2026-08-12T08:14:05.061748+02:00;standby;21.2;30.7;5.0;28.0;54.8;57.0;0;0;0;0;16503.97;11280.08;5223.89;32443.65
2026-08-12T08:15:05.934661+02:00;standby;21.2;30.7;5.0;28.0;54.8;57.0;0;0;0;0;16503.97;11280.08;5223.89;32443.65
2026-08-12T08:16:06.441525+02:00;standby;21.2;30.6;5.0;28.0;54.8;57.0;0;0;0;0;16503.97;11280.08;5223.89;32443.65
2026-08-12T08:17:06.977596+02:00;standby;21.2;30.7;5.0;28.0;54.8;57.0;0;0;0;0;16503.97;11280.08;5223.89;32443.65
2026-08-12T08:18:07.541134+02:00;standby;21.2;30.6;5.0;28.0;54.8;57.0;0;0;0;0;16503.97;11280.08;5223.89;32443.65
2026-08-12T08:19:08.154602+02:00;standby;22.4;30.6;5.0;28.0;54.8;57.0;0;0;0;0;16503.97;11280.08;5223.89;32443.65
2026-08-12T08:20:08.719657+02:00;standby;22.4;30.6;5.0;28.0;54.8;57.0;0;0;0;0;16503.97;11280.08;5223.89;32443.65
2026-08-12T08:21:09.305522+02:00;standby;22.4;30.6;5.0;28.0;54.8;57.0;0;0;0;0;16503.97;11280.08;5223.89;32443.65
2026-08-12T08:22:10.327593+02:00;standby;22.4;30.6;5.0;28.0;54.8;57.0;0;0;0;0;16503.97;11280.08;5223.89;32443.65
2026-08-12T08:23:10.907861+02:00;standby;22.4;30.6;5.0;28.0;54.8;57.0;0;0;0;0;16503.97;11280.08;5223.89;32443.65
2026-08-12T08:24:12.140635+02:00;standby;22.4;30.6;5.0;28.0;54.8;57.0;0;0;0;0;16503.97;11280.08;5223.89;32443.65
2026-08-12T08:25:12.661890+02:00;standby;22.4;30.6;5.0;28.0;54.8;57.0;0;0;0;0;16503.97;11280.08;5223.89;32443.65
2026-08-12T08:26:13.276193+02:00;standby;22.4;30.6;5.0;28.0;54.8;57.0;0;0;0;0;16503.97;11280.08;5223.89;32443.65
2026-08-12T08:27:13.838129+02:00;standby;22.4;30.6;5.0;28.0;54.8;57.0;0;0;0;0;16503.97;11280.08;5223.89;32443.65
2026-08-12T08:28:14.368778+02:00;standby;22.4;30.6;5.0;28.0;54.7;57.0;0;0;0;0;16503.97;11280.08;5223.89;32443.65
2026-08-12T08:29:15.098814+02:00;standby;22.4;30.6;5.0;28.0;54.7;57.0;0;0;0;0;16503.97;11280.08;5223.89;32443.65
2026-08-12T08:30:15.609964+02:00;standby;22.4;30.6;5.0;28.0;54.7;57.0;0;0;0;0;16503.97;11280.08;5223.89;32443.65
2026-08-12T08:31:16.193965+02:00;standby;22.4;30.6;5.0;28.0;54.7;57.0;0;0;0;0;16503.97;11280.08;5223.89;32443.65
2026-08-12T08:32:17.920310+02:00;standby;22.4;30.6;5.0;28.0;54.7;57.0;0;0;0;0;16503.97;11280.08;5223.89;32443.65
2026-08-12T08:33:19.001723+02:00;standby;22.4;30.6;5.0;28.0;54.7;57.0;0;0;0;0;16503.97;11280.08;5223.89;32443.65
2026-08-12T08:34:22.283338+02:00;standby;22.4;30.5;5.0;28.0;54.7;57.0;0;0;0;0;16503.97;11280.08;5223.89;32443.65
2026-08-12T08:35:23.108579+02:00;standby;22.4;30.5;5.0;28.0;54.7;57.0;0;0;0;0;16503.97;11280.08;5223.89;32443.65
2026-08-12T08:36:24.413624+02:00;standby;22.4;30.5;5.0;28.0;54.7;57.0;0;0;0;0;16503.97;11280.08;5223.89;32443.65
2026-08-12T08:37:24.929815+02:00;standby;22.4;30.5;5.0;28.0;54.7;57.0;0;0;0;0;16503.97;11280.08;5223.89;32443.65
2026-08-12T08:38:25.805120+02:00;standby;22.4;30.5;5.0;28.0;54.7;57.0;0;0;0;0;16503.97;11280.08;5223.89;32443.65
2026-08-12T08:39:27.412041+02:00;standby;22.4;30.5;5.0;28.0;54.7;57.0;0;0;0;0;16503.97;11280.08;5223.89;32443.65
2026-08-12T08:40:28.171540+02:00;standby;22.4;30.5;5.0;28.0;54.7;57.0;0;0;0;0;16503.97;11280.08;5223.89;32443.65
2026-08-12T08:41:29.618164+02:00;standby;22.4;30.5;5.0;28.0;54.6;57.0;0;0;0;0;16503.97;11280.08;5223.89;32443.65
2026-08-12T08:42:30.197263+02:00;standby;22.4;30.5;5.0;28.0;54.6;57.0;0;0;0;0;16503.97;11280.08;5223.89;32443.65
2026-08-12T08:43:30.765115+02:00;standby;22.4;30.5;5.0;28.0;54.6;57.0;0;0;0;0;16503.97;11280.08;5223.89;32443.65
2026-08-12T08:44:31.838728+02:00;standby;22.4;30.5;5.0;28.0;54.6;57.0;0;0;0;0;16503.97;11280.08;5223.89;32443.65
2026-08-12T08:45:32.498032+02:00;standby;22.4;30.5;5.0;28.0;54.6;57.0;0;0;0;0;16503.97;11280.08;5223.89;32443.65
2026-08-12T08:46:33.600355+02:00;standby;22.4;30.5;5.0;28.0;54.6;57.0;0;0;0;0;16503.97;11280.08;5223.89;32443.65
2026-08-12T08:47:34.660563+02:00;standby;22.4;30.5;5.0;28.0;54.6;57.0;0;0;0;0;16503.97;11280.08;5223.89;32443.65
2026-08-12T08:48:35.252727+02:00;standby;22.4;30.5;5.0;28.0;54.6;57.0;0;0;0;0;16503.97;11280.08;5223.89;32443.65
2026-08-12T08:49:35.974213+02:00;standby;22.4;30.5;5.0;28.0;54.6;57.0;0;0;0;0;16503.97;11280.08;5223.89;32443.65
2026-08-12T08:50:36.468340+02:00;standby;22.4;30.5;5.0;28.0;54.6;57.0;0;0;0;0;16503.97;11280.08;5223.89;32443.65
2026-08-12T08:51:37.480195+02:00;standby;22.4;30.5;5.0;28.0;54.6;57.0;0;0;0;0;16503.97;11280.08;5223.89;32443.65
2026-08-12T08:52:38.037935+02:00;standby;22.4;30.4;5.0;28.0;54.6;57.0;0;0;0;0;16503.97;11280.08;5223.89;32443.65
2026-08-12T08:53:39.102586+02:00;standby;22.4;30.4;5.0;28.0;54.6;57.0;0;0;0;0;16503.97;11280.08;5223.89;32443.65
2026-08-12T08:54:39.692698+02:00;standby;22.4;30.4;5.0;28.0;54.6;57.0;0;0;0;0;16503.97;11280.08;5223.89;32443.65
2026-08-12T08:55:40.316794+02:00;standby;22.4;30.4;5.0;28.0;54.5;57.0;0;0;0;0;16503.97;11280.08;5223.89;32443.65
2026-08-12T08:56:41.015431+02:00;standby;22.4;30.4;5.0;28.0;54.5;57.0;0;0;0;0;16503.97;11280.08;5223.89;32443.65
2026-08-12T08:57:41.698896+02:00;standby;22.4;30.4;5.0;28.0;54.5;57.0;0;0;0;0;16503.97;11280.08;5223.89;32443.65
2026-08-12T08:58:42.363640+02:00;standby;22.4;30.4;5.0;28.0;54.5;57.0;0;0;0;0;16503.97;11280.08;5223.89;32443.65
2026-08-12T08:59:43.114146+02:00;standby;22.4;30.4;5.0;28.0;54.5;57.0;0;0;0;0;16503.97;11280.08;5223.89;32443.65
2026-08-12T09:00:43.971079+02:00;standby;22.4;30.4;5.0;28.0;54.5;57.0;0;0;0;0;16503.97;11280.08;5223.89;32443.65
2026-08-12T09:01:44.822494+02:00;standby;22.4;30.4;5.0;28.0;54.5;57.0;0;0;0;0;16503.97;11280.08;5223.89;32443.65
2026-08-12T09:02:45.489711+02:00;standby;22.4;30.4;5.0;28.0;54.5;57.0;0;0;0;0;16503.97;11280.08;5223.89;32443.65
2026-08-12T09:03:46.113240+02:00;standby;22.4;30.4;5.0;28.0;54.5;57.0;0;0;0;0;16503.97;11280.08;5223.89;32443.65
2026-08-12T09:04:46.569200+02:00;standby;22.4;30.4;5.0;28.0;54.5;57.0;0;0;0;0;16503.97;11280.08;5223.89;32443.65
2026-08-12T09:05:47.205934+02:00;standby;22.4;30.4;5.0;28.0;54.5;57.0;0;0;0;0;16503.97;11280.08;5223.89;32443.65
2026-08-12T09:06:48.120015+02:00;standby;22.4;30.4;5.0;28.0;54.5;57.0;0;0;0;0;16503.97;11280.08;5223.89;32443.65
2026-08-12T09:07:48.742823+02:00;standby;22.4;30.4;5.0;28.0;54.5;57.0;0;0;0;0;16503.97;11280.08;5223.89;32443.65
2026-08-12T09:08:50.451304+02:00;standby;22.4;30.4;5.0;28.0;54.5;57.0;0;0;0;0;16503.97;11280.08;5223.89;32443.65
2026-08-12T09:09:51.583636+02:00;standby;22.4;30.4;5.0;28.0;54.5;57.0;0;0;0;0;16503.97;11280.08;5223.89;32443.65
2026-08-12T09:10:53.272953+02:00;standby;22.4;30.4;5.0;28.0;54.4;57.0;0;0;0;0;16503.97;11280.08;5223.89;32443.65
2026-08-12T09:11:53.926410+02:00;standby;22.4;30.4;5.0;28.0;54.4;57.0;0;0;0;0;16503.97;11280.08;5223.89;32443.65
2026-08-12T09:12:56.168512+02:00;standby;22.4;30.2;5.0;28.0;54.4;57.0;0;0;0;0;16503.97;11280.08;5223.89;32443.65
2026-08-12T09:13:57.396776+02:00;standby;22.4;30.2;5.0;28.0;54.4;57.0;0;0;0;0;16503.97;11280.08;5223.89;32443.65
2026-08-12T09:14:57.989326+02:00;standby;22.4;30.2;5.0;28.0;54.4;57.0;0;0;0;0;16503.97;11280.08;5223.89;32443.65
2026-08-12T09:15:58.485282+02:00;standby;22.4;30.2;5.0;28.0;54.4;57.0;0;0;0;0;16503.97;11280.08;5223.89;32443.65
2026-08-12T09:16:59.202510+02:00;standby;22.4;30.2;5.0;28.0;54.4;57.0;0;0;0;0;16503.97;11280.08;5223.89;32443.65
2026-08-12T09:18:00.502531+02:00;standby;22.4;30.2;5.0;28.0;54.4;57.0;0;0;0;0;16503.97;11280.08;5223.89;32443.65
2026-08-12T09:19:01.713127+02:00;standby;22.4;30.2;5.0;28.0;54.4;57.0;0;0;0;0;16503.97;11280.08;5223.89;32443.65
2026-08-12T09:20:03.380861+02:00;standby;22.9;30.2;5.0;28.0;54.4;57.0;0;0;0;0;16503.97;11280.08;5223.89;32443.65
2026-08-12T09:21:04.359130+02:00;standby;22.9;30.2;5.0;28.0;54.4;57.0;0;0;0;0;16503.97;11280.08;5223.89;32443.65
2026-08-12T09:22:05.645550+02:00;standby;22.9;30.2;5.0;28.0;54.3;57.0;0;0;0;0;16503.97;11280.08;5223.89;32443.65
2026-08-12T09:23:06.467125+02:00;standby;22.9;30.2;5.0;28.0;54.3;57.0;0;0;0;0;16503.97;11280.08;5223.89;32443.65
2026-08-12T09:24:08.661780+02:00;standby;22.9;30.2;5.0;28.0;54.3;57.0;0;0;0;0;16503.97;11280.08;5223.89;32443.65
2026-08-12T09:25:09.285021+02:00;standby;22.9;30.2;5.0;28.0;54.3;57.0;0;0;0;0;16503.97;11280.08;5223.89;32443.65
2026-08-12T09:26:09.820905+02:00;standby;22.9;30.2;5.0;28.0;54.3;57.0;0;0;0;0;16503.97;11280.08;5223.89;32443.65
2026-08-12T09:27:11.162157+02:00;standby;22.9;30.2;5.0;28.0;54.3;57.0;0;0;0;0;16503.97;11280.08;5223.89;32443.65
2026-08-12T09:28:13.150076+02:00;standby;22.9;30.2;5.0;28.0;54.3;57.0;0;0;0;0;16503.97;11280.08;5223.89;32443.65
2026-08-12T09:29:13.939876+02:00;standby;22.9;30.2;5.0;28.0;54.3;57.0;0;0;0;0;16503.97;11280.08;5223.89;32443.65
2026-08-12T09:30:15.284714+02:00;standby;22.9;30.2;5.0;28.0;54.2;57.0;0;0;0;0;16503.97;11280.08;5223.89;32443.65
2026-08-12T09:31:16.704760+02:00;standby;22.9;30.2;5.0;28.0;54.2;57.0;0;0;0;0;16503.97;11280.08;5223.89;32443.65
2026-08-12T09:32:17.345762+02:00;standby;22.9;30.2;5.0;28.0;54.2;57.0;0;0;0;0;16503.97;11280.08;5223.89;32443.65
2026-08-12T09:33:18.198876+02:00;standby;22.9;30.1;5.0;28.0;54.2;57.0;0;0;0;0;16503.97;11280.08;5223.89;32443.65
2026-08-12T09:34:18.672034+02:00;standby;22.9;30.2;5.0;28.0;54.1;57.0;0;0;0;0;16503.97;11280.08;5223.89;32443.65
2026-08-12T09:35:19.359574+02:00;standby;22.9;30.1;5.0;28.0;54.1;57.0;0;0;0;0;16503.97;11280.08;5223.89;32443.65
2026-08-12T09:36:20.121641+02:00;standby;22.9;30.1;5.0;28.0;54.1;57.0;0;0;0;0;16503.97;11280.08;5223.89;32443.65
2026-08-12T09:37:20.964972+02:00;standby;22.9;30.1;5.0;28.0;54.1;57.0;0;0;0;0;16503.97;11280.08;5223.89;32443.65
2026-08-12T09:38:23.514231+02:00;standby;22.9;30.1;5.0;28.0;54.1;57.0;0;0;0;0;16503.97;11280.08;5223.89;32443.65
2026-08-12T09:39:24.107865+02:00;standby;22.9;30.1;5.0;28.0;54.1;57.0;0;0;0;0;16503.97;11280.08;5223.89;32443.65
2026-08-12T09:40:25.085721+02:00;standby;22.9;30.1;5.0;28.0;54.1;57.0;0;0;0;0;16503.97;11280.08;5223.89;32443.65
2026-08-12T09:41:25.762106+02:00;standby;22.9;30.1;5.0;28.0;54.1;57.0;0;0;0;0;16503.97;11280.08;5223.89;32443.65
2026-08-12T09:42:26.508216+02:00;standby;22.9;30.1;5.0;28.0;54.1;57.0;0;0;0;0;16503.97;11280.08;5223.89;32443.65
2026-08-12T09:43:27.076616+02:00;standby;22.9;30.1;5.0;28.0;54.1;57.0;0;0;0;0;16503.97;11280.08;5223.89;32443.65
2026-08-12T09:44:28.496213+02:00;standby;22.9;30.1;5.0;28.0;54.0;57.0;0;0;0;0;16503.97;11280.08;5223.89;32443.65
2026-08-12T09:45:29.815066+02:00;standby;22.9;30.1;5.0;28.0;54.0;57.0;0;0;0;0;16503.97;11280.08;5223.89;32443.65
2026-08-12T09:46:31.044799+02:00;standby;22.9;30.1;5.0;28.0;54.0;57.0;0;0;0;0;16503.97;11280.08;5223.89;32443.65
2026-08-12T09:47:31.877801+02:00;standby;22.9;30.1;5.0;28.0;53.9;57.0;0;0;0;0;16503.97;11280.08;5223.89;32443.65
2026-08-12T09:48:32.575036+02:00;standby;22.9;30.1;5.0;28.0;53.9;57.0;0;0;0;0;16503.97;11280.08;5223.89;32443.65
2026-08-12T09:49:33.422502+02:00;standby;22.9;30.1;5.0;28.0;53.9;57.0;0;0;0;0;16503.97;11280.08;5223.89;32443.65
2026-08-12T09:50:34.350276+02:00;standby;22.9;30.1;5.0;28.0;53.9;57.0;0;0;0;0;16503.97;11280.08;5223.89;32443.65
2026-08-12T09:51:34.793116+02:00;standby;22.9;30.1;5.0;28.0;53.9;57.0;0;0;0;0;16503.97;11280.08;5223.89;32443.65
2026-08-12T09:52:35.437386+02:00;standby;22.9;30.1;5.0;28.0;53.9;57.0;0;0;0;0;16503.97;11280.08;5223.89;32443.65
2026-08-12T09:53:36.376268+02:00;standby;22.9;30.1;5.0;28.0;53.9;57.0;0;0;0;0;16503.97;11280.08;5223.89;32443.65
2026-08-12T09:54:36.834062+02:00;standby;22.9;30.1;5.0;28.0;53.9;57.0;0;0;0;0;16503.97;11280.08;5223.89;32443.65
2026-08-12T09:55:37.302906+02:00;standby;22.9;30.1;5.0;28.0;53.8;57.0;0;0;0;0;16503.97;11280.08;5223.89;32443.65
2026-08-12T09:56:38.570549+02:00;standby;22.9;30.1;5.0;28.0;53.8;57.0;0;0;0;0;16503.97;11280.08;5223.89;32443.65
2026-08-12T09:57:39.494145+02:00;standby;22.9;30.1;5.0;28.0;53.8;57.0;0;0;0;0;16503.97;11280.08;5223.89;32443.65
2026-08-12T09:58:40.066752+02:00;standby;22.9;30.0;5.0;28.0;53.8;57.0;0;0;0;0;16503.97;11280.08;5223.89;32443.65
2026-08-12T09:59:41.039888+02:00;standby;22.9;30.1;5.0;28.0;53.8;57.0;0;0;0;0;16503.97;11280.08;5223.89;32443.65
2026-08-12T10:00:41.738663+02:00;standby;22.9;30.0;5.0;28.0;53.8;57.0;0;0;0;0;16503.97;11280.08;5223.89;32443.65
2026-08-12T10:01:42.427609+02:00;standby;22.9;30.0;5.0;28.0;53.8;57.0;0;0;0;0;16503.97;11280.08;5223.89;32443.65
2026-08-12T10:02:43.004108+02:00;standby;22.9;30.0;5.0;28.0;53.8;57.0;0;0;0;0;16503.97;11280.08;5223.89;32443.65
2026-08-12T10:03:44.118449+02:00;standby;22.9;30.1;5.0;28.0;53.8;57.0;0;0;0;0;16503.97;11280.08;5223.89;32443.65
2026-08-12T10:04:45.469553+02:00;standby;22.9;30.0;5.0;28.0;53.8;57.0;0;0;0;0;16503.97;11280.08;5223.89;32443.65
2026-08-12T10:05:46.008651+02:00;standby;22.9;30.0;5.0;28.0;53.7;57.0;0;0;0;0;16503.97;11280.08;5223.89;32443.65
2026-08-12T10:06:47.012595+02:00;standby;22.9;30.0;5.0;28.0;53.7;57.0;0;0;0;0;16503.97;11280.08;5223.89;32443.65
2026-08-12T10:07:47.540773+02:00;standby;22.9;30.0;5.0;28.0;53.7;57.0;0;0;0;0;16503.97;11280.08;5223.89;32443.65
2026-08-12T10:08:48.053910+02:00;standby;22.9;30.0;5.0;28.0;53.7;57.0;0;0;0;0;16503.97;11280.08;5223.89;32443.65
2026-08-12T10:09:48.572275+02:00;standby;22.9;30.0;5.0;28.0;53.6;57.0;0;0;0;0;16503.97;11280.08;5223.89;32443.65
2026-08-12T10:10:50.346800+02:00;standby;22.9;30.0;5.0;28.0;53.6;57.0;0;0;0;0;16503.97;11280.08;5223.89;32443.65
2026-08-12T10:11:51.370178+02:00;standby;22.9;30.0;5.0;28.0;53.6;57.0;0;0;0;0;16503.97;11280.08;5223.89;32443.65
2026-08-12T10:12:52.019035+02:00;standby;22.9;30.0;5.0;28.0;53.6;57.0;0;0;0;0;16503.97;11280.08;5223.89;32443.65
2026-08-12T10:13:52.749026+02:00;standby;22.9;30.0;5.0;28.0;53.6;57.0;0;0;0;0;16503.97;11280.08;5223.89;32443.65
2026-08-12T10:14:53.313480+02:00;standby;22.9;30.0;5.0;28.0;53.6;57.0;0;0;0;0;16503.97;11280.08;5223.89;32443.65
2026-08-12T10:15:53.954948+02:00;standby;22.9;30.0;5.0;28.0;53.6;57.0;0;0;0;0;16503.97;11280.08;5223.89;32443.65
2026-08-12T10:16:54.516815+02:00;standby;22.9;30.0;5.0;28.0;53.6;57.0;0;0;0;0;16503.97;11280.08;5223.89;32443.65
2026-08-12T10:17:55.181602+02:00;standby;22.9;30.0;5.0;28.0;53.5;57.0;0;0;0;0;16503.97;11280.08;5223.89;32443.65
2026-08-12T10:18:55.759242+02:00;standby;22.9;30.0;5.0;28.0;53.5;57.0;0;0;0;0;16503.97;11280.08;5223.89;32443.65
2026-08-12T10:19:56.472343+02:00;standby;22.9;30.0;5.0;28.0;53.5;57.0;0;0;0;0;16503.97;11280.08;5223.89;32443.65
2026-08-12T10:20:56.948055+02:00;standby;23.9;30.0;5.0;28.0;53.5;57.0;0;0;0;0;16503.97;11280.08;5223.89;32443.65
2026-08-12T10:21:57.556231+02:00;standby;23.9;30.0;5.0;28.0;53.5;57.0;0;0;0;0;16503.97;11280.08;5223.89;32443.65
2026-08-12T10:22:58.394896+02:00;standby;23.9;30.0;5.0;28.0;53.5;57.0;0;0;0;0;16503.97;11280.08;5223.89;32443.65
2026-08-12T10:24:00.851252+02:00;standby;23.9;30.0;5.0;28.0;53.5;57.0;0;0;0;0;16503.97;11280.08;5223.89;32443.65
2026-08-12T10:25:04.807903+02:00;standby;23.9;30.0;5.0;28.0;53.5;57.0;0;0;0;0;16503.97;11280.08;5223.89;32443.65
2026-08-12T10:26:05.375595+02:00;standby;23.9;29.9;5.0;28.0;53.5;57.0;0;0;0;0;16503.97;11280.08;5223.89;32443.65
2026-08-12T10:27:06.365751+02:00;standby;23.9;29.9;5.0;28.0;53.4;57.0;0;0;0;0;16503.97;11280.08;5223.89;32443.65
2026-08-12T10:28:06.948340+02:00;standby;23.9;29.9;5.0;28.0;53.4;57.0;0;0;0;0;16503.97;11280.08;5223.89;32443.65
2026-08-12T10:29:07.562089+02:00;standby;23.9;29.9;5.0;28.0;53.3;57.0;0;0;0;0;16503.97;11280.08;5223.89;32443.65
2026-08-12T10:30:08.021097+02:00;standby;23.9;29.9;5.0;28.0;53.3;57.0;0;0;0;0;16503.97;11280.08;5223.89;32443.65
2026-08-12T10:31:09.255600+02:00;standby;23.9;29.9;5.0;28.0;53.3;57.0;0;0;0;0;16503.97;11280.08;5223.89;32443.65
2026-08-12T10:32:10.134910+02:00;standby;23.9;29.9;5.0;28.0;53.3;57.0;0;0;0;0;16503.97;11280.08;5223.89;32443.65
2026-08-12T10:33:11.073077+02:00;standby;23.9;29.9;5.0;28.0;53.3;57.0;0;0;0;0;16503.97;11280.08;5223.89;32443.65
2026-08-12T10:34:11.900726+02:00;standby;23.9;29.9;5.0;28.0;53.3;57.0;0;0;0;0;16503.97;11280.08;5223.89;32443.65
2026-08-12T10:35:13.339991+02:00;standby;23.9;29.9;5.0;28.0;53.3;57.0;0;0;0;0;16503.97;11280.08;5223.89;32443.65
2026-08-12T10:36:13.840088+02:00;standby;23.9;29.9;5.0;28.0;53.3;57.0;0;0;0;0;16503.97;11280.08;5223.89;32443.65
2026-08-12T10:37:14.578012+02:00;standby;23.9;29.9;5.0;28.0;53.2;57.0;0;0;0;0;16503.97;11280.08;5223.89;32443.65
2026-08-12T10:38:15.409905+02:00;standby;23.9;29.9;5.0;28.0;53.3;57.0;0;0;0;0;16503.97;11280.08;5223.89;32443.65
2026-08-12T10:39:16.285173+02:00;standby;23.9;29.9;5.0;28.0;53.2;57.0;0;0;0;0;16503.97;11280.08;5223.89;32443.65
2026-08-12T10:40:16.784536+02:00;standby;23.9;29.9;5.0;28.0;53.2;57.0;0;0;0;0;16503.97;11280.08;5223.89;32443.65
2026-08-12T10:41:17.824786+02:00;standby;23.9;29.9;5.0;28.0;53.2;57.0;0;0;0;0;16503.97;11280.08;5223.89;32443.65
2026-08-12T10:42:18.556149+02:00;standby;23.9;29.9;5.0;28.0;53.2;57.0;0;0;0;0;16503.97;11280.08;5223.89;32443.65
2026-08-12T10:43:19.042539+02:00;standby;23.9;29.9;5.0;28.0;53.2;57.0;0;0;0;0;16503.97;11280.08;5223.89;32443.65
2026-08-12T10:44:19.699189+02:00;standby;23.9;29.9;5.0;28.0;53.2;57.0;0;0;0;0;16503.97;11280.08;5223.89;32443.65
2026-08-12T10:45:20.373875+02:00;standby;23.9;29.9;5.0;28.0;53.2;57.0;0;0;0;0;16503.97;11280.08;5223.89;32443.65
2026-08-12T10:46:20.907232+02:00;standby;23.9;29.9;5.0;28.0;53.2;57.0;0;0;0;0;16503.97;11280.08;5223.89;32443.65
2026-08-12T10:47:21.810571+02:00;standby;23.9;29.9;5.0;28.0;53.2;57.0;0;0;0;0;16503.97;11280.08;5223.89;32443.65
2026-08-12T10:48:22.451263+02:00;standby;23.9;29.9;5.0;28.0;53.2;57.0;0;0;0;0;16503.97;11280.08;5223.89;32443.65
2026-08-12T10:49:23.404009+02:00;standby;23.9;29.9;5.0;28.0;53.2;57.0;0;0;0;0;16503.97;11280.08;5223.89;32443.65
2026-08-12T10:50:24.246462+02:00;standby;23.9;29.9;5.0;28.0;53.2;57.0;0;0;0;0;16503.97;11280.08;5223.89;32443.65
2026-08-12T10:51:25.574691+02:00;standby;23.9;29.9;5.0;28.0;53.1;57.0;0;0;0;0;16503.97;11280.08;5223.89;32443.65
2026-08-12T10:52:26.613559+02:00;standby;23.9;29.9;5.0;28.0;53.1;57.0;0;0;0;0;16503.97;11280.08;5223.89;32443.65
2026-08-12T10:53:27.242349+02:00;standby;23.9;29.9;5.0;28.0;53.1;57.0;0;0;0;0;16503.97;11280.08;5223.89;32443.65
2026-08-12T10:54:27.707164+02:00;standby;23.9;29.9;5.0;28.0;53.1;57.0;0;0;0;0;16503.97;11280.08;5223.89;32443.65
2026-08-12T10:55:28.328305+02:00;standby;23.9;29.9;5.0;28.0;53.1;57.0;0;0;0;0;16503.97;11280.08;5223.89;32443.65
2026-08-12T10:56:28.866059+02:00;standby;23.9;29.9;5.0;28.0;53.1;57.0;0;0;0;0;16503.97;11280.08;5223.89;32443.65
2026-08-12T10:57:29.368736+02:00;standby;23.9;29.9;5.0;28.0;53.1;57.0;0;0;0;0;16503.97;11280.08;5223.89;32443.65
2026-08-12T10:58:30.030232+02:00;standby;23.9;29.7;5.0;28.0;53.1;57.0;0;0;0;0;16503.97;11280.08;5223.89;32443.65
2026-08-12T10:59:31.331574+02:00;standby;23.9;29.9;5.0;28.0;53.1;57.0;0;0;0;0;16503.97;11280.08;5223.89;32443.65
2026-08-12T11:00:31.899436+02:00;standby;23.9;29.9;5.0;28.0;53.1;57.0;0;0;0;0;16503.97;11280.08;5223.89;32443.65
2026-08-12T11:01:32.663891+02:00;standby;23.9;29.7;5.0;28.0;53.1;57.0;0;0;0;0;16503.97;11280.08;5223.89;32443.65
2026-08-12T11:02:33.499413+02:00;standby;23.9;29.7;5.0;28.0;53.1;57.0;0;0;0;0;16503.97;11280.08;5223.89;32443.65
2026-08-12T11:03:34.339582+02:00;standby;23.9;29.7;5.0;28.0;52.9;57.0;0;0;0;0;16503.97;11280.08;5223.89;32443.65
2026-08-12T11:04:34.889874+02:00;standby;23.9;29.7;5.0;28.0;52.9;57.0;0;0;0;0;16503.97;11280.08;5223.89;32443.65
2026-08-12T11:05:35.463735+02:00;standby;23.9;29.7;5.0;28.0;52.9;57.0;0;0;0;0;16503.97;11280.08;5223.89;32443.65
2026-08-12T11:06:36.298730+02:00;standby;23.9;29.9;5.0;28.0;52.9;57.0;0;0;0;0;16503.97;11280.08;5223.89;32443.65
2026-08-12T11:07:36.769227+02:00;standby;23.9;29.7;5.0;28.0;52.9;57.0;0;0;0;0;16503.97;11280.08;5223.89;32443.65
2026-08-12T11:08:37.437469+02:00;standby;23.9;29.7;5.0;28.0;52.9;57.0;0;0;0;0;16503.97;11280.08;5223.89;32443.65
2026-08-12T11:09:37.902696+02:00;standby;23.9;29.7;5.0;28.0;52.9;57.0;0;0;0;0;16503.97;11280.08;5223.89;32443.65
2026-08-12T11:10:38.663291+02:00;standby;23.9;29.7;5.0;28.0;52.9;57.0;0;0;0;0;16503.97;11280.08;5223.89;32443.65
2026-08-12T11:11:39.082000+02:00;standby;23.9;29.7;5.0;28.0;52.8;57.0;0;0;0;0;16503.97;11280.08;5223.89;32443.65
2026-08-12T11:12:39.863785+02:00;standby;23.9;29.7;5.0;28.0;52.8;57.0;0;0;0;0;16503.97;11280.08;5223.89;32443.65
2026-08-12T11:13:40.430937+02:00;standby;23.9;29.7;5.0;28.0;52.9;57.0;0;0;0;0;16503.97;11280.08;5223.89;32443.65
2026-08-12T11:14:40.998331+02:00;standby;23.9;29.7;5.0;28.0;52.8;57.0;0;0;0;0;16503.97;11280.08;5223.89;32443.65
2026-08-12T11:15:41.697159+02:00;standby;23.9;29.7;5.0;28.0;52.8;57.0;0;0;0;0;16503.97;11280.08;5223.89;32443.65
2026-08-12T11:16:42.442525+02:00;standby;23.9;29.7;5.0;28.0;52.8;57.0;0;0;0;0;16503.97;11280.08;5223.89;32443.65
2026-08-12T11:17:43.472787+02:00;standby;23.9;29.7;5.0;28.0;52.8;57.0;0;0;0;0;16503.97;11280.08;5223.89;32443.65
2026-08-12T11:18:44.325028+02:00;standby;23.9;29.7;5.0;28.0;52.8;57.0;0;0;0;0;16503.97;11280.08;5223.89;32443.65
2026-08-12T11:19:45.550822+02:00;standby;23.9;29.7;5.0;28.0;52.8;57.0;0;0;0;0;16503.97;11280.08;5223.89;32443.65
2026-08-12T11:20:46.341167+02:00;standby;23.9;29.7;5.0;28.0;52.8;57.0;0;0;0;0;16503.97;11280.08;5223.89;32443.65
2026-08-12T11:21:47.573858+02:00;standby;24.9;29.7;5.0;28.0;52.8;57.0;0;0;0;0;16503.97;11280.08;5223.89;32443.65
2026-08-12T11:22:48.226124+02:00;standby;24.9;29.7;5.0;28.0;52.8;57.0;0;0;0;0;16503.97;11280.08;5223.89;32443.65
2026-08-12T11:23:49.321633+02:00;standby;24.9;29.7;5.0;28.0;52.7;57.0;0;0;0;0;16503.97;11280.08;5223.89;32443.65
2026-08-12T11:24:50.084849+02:00;standby;24.9;29.7;5.0;28.0;52.7;57.0;0;0;0;0;16503.97;11280.08;5223.89;32443.65
2026-08-12T11:25:50.928845+02:00;standby;24.9;29.7;5.0;28.0;52.7;57.0;0;0;0;0;16503.97;11280.08;5223.89;32443.65
2026-08-12T11:26:51.448710+02:00;standby;24.9;29.7;5.0;28.0;52.7;57.0;0;0;0;0;16503.97;11280.08;5223.89;32443.65
2026-08-12T11:27:52.367308+02:00;standby;24.9;29.7;5.0;28.0;52.7;57.0;0;0;0;0;16503.97;11280.08;5223.89;32443.65
2026-08-12T11:28:53.764311+02:00;standby;24.9;29.7;5.0;28.0;52.7;57.0;0;0;0;0;16503.97;11280.08;5223.89;32443.65
2026-08-12T11:29:54.313380+02:00;standby;24.9;29.7;5.0;28.0;52.7;57.0;0;0;0;0;16503.97;11280.08;5223.89;32443.65
2026-08-12T11:30:54.744326+02:00;standby;24.9;29.7;5.0;28.0;52.7;57.0;0;0;0;0;16503.97;11280.08;5223.89;32443.65
2026-08-12T11:31:55.577452+02:00;standby;24.9;29.7;5.0;28.0;52.7;57.0;0;0;0;0;16503.97;11280.08;5223.89;32443.65
2026-08-12T11:32:56.100954+02:00;standby;24.9;29.6;5.0;28.0;52.7;57.0;0;0;0;0;16503.97;11280.08;5223.89;32443.65
2026-08-12T11:33:56.548430+02:00;standby;24.9;29.7;5.0;28.0;52.7;57.0;0;0;0;0;16503.97;11280.08;5223.89;32443.65
2026-08-12T11:34:57.197954+02:00;standby;24.9;29.6;5.0;28.0;52.7;57.0;0;0;0;0;16503.97;11280.08;5223.89;32443.65
2026-08-12T11:35:57.695374+02:00;standby;24.9;29.6;5.0;28.0;52.6;57.0;0;0;0;0;16503.97;11280.08;5223.89;32443.65
2026-08-12T11:36:58.214058+02:00;standby;24.9;29.6;5.0;28.0;52.6;57.0;0;0;0;0;16503.97;11280.08;5223.89;32443.65
2026-08-12T11:37:58.697757+02:00;standby;24.9;29.6;5.0;28.0;52.6;57.0;0;0;0;0;16503.97;11280.08;5223.89;32443.65
2026-08-12T11:38:59.194001+02:00;standby;24.9;29.6;5.0;28.0;52.5;57.0;0;0;0;0;16503.97;11280.08;5223.89;32443.65
2026-08-12T11:39:59.795982+02:00;standby;24.9;29.6;5.0;28.0;52.6;57.0;0;0;0;0;16503.97;11280.08;5223.89;32443.65
2026-08-12T11:41:00.496203+02:00;standby;24.9;29.6;5.0;28.0;52.5;57.0;0;0;0;0;16503.97;11280.08;5223.89;32443.65
2026-08-12T11:42:01.081851+02:00;standby;24.9;29.6;5.0;28.0;52.5;57.0;0;0;0;0;16503.97;11280.08;5223.89;32443.65
2026-08-12T11:43:02.118221+02:00;standby;24.9;29.6;5.0;28.0;52.5;57.0;0;0;0;0;16503.97;11280.08;5223.89;32443.65
2026-08-12T11:44:02.732528+02:00;standby;24.9;29.6;5.0;28.0;52.5;57.0;0;0;0;0;16503.97;11280.08;5223.89;32443.65
2026-08-12T11:45:03.302563+02:00;standby;24.9;29.6;5.0;28.0;52.5;57.0;0;0;0;0;16503.97;11280.08;5223.89;32443.65
2026-08-12T11:46:03.980041+02:00;standby;24.9;29.6;5.0;28.0;52.5;57.0;0;0;0;0;16503.97;11280.08;5223.89;32443.65
2026-08-12T11:47:04.952648+02:00;standby;24.9;29.6;5.0;28.0;52.5;57.0;0;0;0;0;16503.97;11280.08;5223.89;32443.65
2026-08-12T11:48:05.636614+02:00;standby;24.9;29.6;5.0;28.0;52.5;57.0;0;0;0;0;16503.97;11280.08;5223.89;32443.65
2026-08-12T11:49:06.607865+02:00;standby;24.9;29.6;5.0;28.0;52.4;57.0;0;0;0;0;16503.97;11280.08;5223.89;32443.65
2026-08-12T11:50:07.128735+02:00;standby;24.9;29.6;5.0;28.0;52.4;57.0;0;0;0;0;16503.97;11280.08;5223.89;32443.65
2026-08-12T11:51:09.601534+02:00;standby;24.9;29.6;5.0;28.0;52.4;57.0;0;0;0;0;16503.97;11280.08;5223.89;32443.65
2026-08-12T11:52:10.564376+02:00;standby;24.9;29.6;5.0;28.0;52.4;57.0;0;0;0;0;16503.97;11280.08;5223.89;32443.65
2026-08-12T11:53:11.033828+02:00;standby;24.9;29.6;5.0;28.0;52.4;57.0;0;0;0;0;16503.97;11280.08;5223.89;32443.65
2026-08-12T11:54:11.548120+02:00;standby;24.9;29.6;5.0;28.0;52.3;57.0;0;0;0;0;16503.97;11280.08;5223.89;32443.65
2026-08-12T11:55:12.193574+02:00;standby;24.9;29.6;5.0;28.0;52.3;57.0;0;0;0;0;16503.97;11280.08;5223.89;32443.65
2026-08-12T11:56:12.755619+02:00;standby;24.9;29.6;5.0;28.0;52.3;57.0;0;0;0;0;16503.97;11280.08;5223.89;32443.65
2026-08-12T11:57:13.478230+02:00;standby;24.9;29.6;5.0;28.0;52.3;57.0;0;0;0;0;16503.97;11280.08;5223.89;32443.65
2026-08-12T11:58:13.937901+02:00;standby;24.9;29.6;5.0;28.0;52.3;57.0;0;0;0;0;16503.97;11280.08;5223.89;32443.65
2026-08-12T11:59:14.459317+02:00;standby;24.9;29.6;5.0;28.0;52.3;57.0;0;0;0;0;16503.97;11280.08;5223.89;32443.65
2026-08-12T12:00:15.090732+02:00;standby;24.9;29.6;5.0;28.0;52.3;57.0;0;0;0;0;16503.97;11280.08;5223.89;32443.65
2026-08-12T12:01:15.587772+02:00;standby;24.9;29.6;5.0;28.0;52.3;57.0;0;0;0;0;16503.97;11280.08;5223.89;32443.65
2026-08-12T12:02:16.124885+02:00;standby;24.9;29.6;5.0;28.0;52.3;57.0;0;0;0;0;16503.97;11280.08;5223.89;32443.65
2026-08-12T12:03:16.690755+02:00;standby;24.9;29.6;5.0;28.0;52.3;57.0;0;0;0;0;16503.97;11280.08;5223.89;32443.65
2026-08-12T12:04:17.159999+02:00;standby;24.9;29.6;5.0;28.0;52.3;57.0;0;0;0;0;16503.97;11280.08;5223.89;32443.65
2026-08-12T12:05:17.636520+02:00;standby;24.9;29.6;5.0;28.0;52.3;57.0;0;0;0;0;16503.97;11280.08;5223.89;32443.65
2026-08-12T12:06:18.357385+02:00;standby;24.9;29.6;5.0;28.0;52.3;57.0;0;0;0;0;16503.97;11280.08;5223.89;32443.65
2026-08-12T12:07:19.433005+02:00;standby;24.9;29.6;5.0;28.0;52.2;57.0;0;0;0;0;16503.97;11280.08;5223.89;32443.65
2026-08-12T12:08:20.481483+02:00;standby;24.9;29.4;5.0;28.0;52.2;57.0;0;0;0;0;16503.97;11280.08;5223.89;32443.65
2026-08-12T12:09:21.001513+02:00;standby;24.9;29.6;5.0;28.0;52.2;57.0;0;0;0;0;16503.97;11280.08;5223.89;32443.65
2026-08-12T12:10:21.603725+02:00;standby;24.9;29.6;5.0;28.0;52.2;57.0;0;0;0;0;16503.97;11280.08;5223.89;32443.65
2026-08-12T12:11:22.066956+02:00;standby;24.9;29.4;5.0;28.0;52.2;57.0;0;0;0;0;16503.97;11280.08;5223.89;32443.65
2026-08-12T12:12:22.543592+02:00;standby;24.9;29.4;5.0;28.0;52.2;57.0;0;0;0;0;16503.97;11280.08;5223.89;32443.65
2026-08-12T12:13:23.358779+02:00;standby;24.9;29.6;5.0;28.0;52.2;57.0;0;0;0;0;16503.97;11280.08;5223.89;32443.65
2026-08-12T12:14:23.942172+02:00;standby;24.9;29.4;5.0;28.0;52.2;57.0;0;0;0;0;16503.97;11280.08;5223.89;32443.65
2026-08-12T12:15:24.420397+02:00;standby;24.9;29.4;5.0;28.0;52.2;57.0;0;0;0;0;16503.97;11280.08;5223.89;32443.65
2026-08-12T12:16:24.989385+02:00;standby;24.9;29.4;5.0;28.0;52.2;57.0;0;0;0;0;16503.97;11280.08;5223.89;32443.65
2026-08-12T12:17:25.496827+02:00;standby;24.9;29.4;5.0;28.0;52.2;57.0;0;0;0;0;16503.97;11280.08;5223.89;32443.65
2026-08-12T12:18:26.187965+02:00;standby;24.9;29.4;5.0;28.0;52.1;57.0;0;0;0;0;16503.97;11280.08;5223.89;32443.65
2026-08-12T12:19:26.738185+02:00;standby;24.9;29.4;5.0;28.0;52.1;57.0;0;0;0;0;16503.97;11280.08;5223.89;32443.65
2026-08-12T12:20:27.256257+02:00;standby;24.9;29.4;5.0;28.0;52.1;57.0;0;0;0;0;16503.97;11280.08;5223.89;32443.65
2026-08-12T12:21:27.947566+02:00;standby;24.9;29.4;5.0;28.0;52.1;57.0;0;0;0;0;16503.97;11280.08;5223.89;32443.65
2026-08-12T12:22:28.565614+02:00;standby;26.4;29.4;5.0;28.0;52.1;57.0;0;0;0;0;16503.97;11280.08;5223.89;32443.65
2026-08-12T12:23:29.086861+02:00;standby;26.4;29.4;5.0;28.0;52.1;57.0;0;0;0;0;16503.97;11280.08;5223.89;32443.65
2026-08-12T12:24:30.048357+02:00;standby;26.4;29.4;5.0;28.0;52.1;57.0;0;0;0;0;16503.97;11280.08;5223.89;32443.65
2026-08-12T12:25:30.577136+02:00;standby;26.4;29.4;5.0;28.0;52.1;57.0;0;0;0;0;16503.97;11280.08;5223.89;32443.65
2026-08-12T12:26:31.259040+02:00;standby;26.4;29.4;5.0;28.0;52.1;57.0;0;0;0;0;16503.97;11280.08;5223.89;32443.65
2026-08-12T12:27:32.400526+02:00;standby;26.4;29.4;5.0;28.0;52.1;57.0;0;0;0;0;16503.97;11280.08;5223.89;32443.65
2026-08-12T12:28:32.915353+02:00;standby;26.4;29.4;5.0;28.0;52.1;57.0;0;0;0;0;16503.97;11280.08;5223.89;32443.65
2026-08-12T12:29:33.476108+02:00;standby;26.4;29.4;5.0;28.0;52.0;57.0;0;0;0;0;16503.97;11280.08;5223.89;32443.65
2026-08-12T12:30:33.951995+02:00;standby;26.4;29.4;5.0;28.0;52.0;57.0;0;0;0;0;16503.97;11280.08;5223.89;32443.65
2026-08-12T12:31:34.461658+02:00;standby;26.4;29.4;5.0;28.0;52.0;57.0;0;0;0;0;16503.97;11280.08;5223.89;32443.65
2026-08-12T12:32:35.024179+02:00;standby;26.4;29.4;5.0;28.0;52.0;57.0;0;0;0;0;16503.97;11280.08;5223.89;32443.65
2026-08-12T12:33:35.508130+02:00;standby;26.4;29.4;5.0;28.0;51.9;57.0;0;0;0;0;16503.97;11280.08;5223.89;32443.65
2026-08-12T12:34:36.064252+02:00;standby;26.4;29.4;5.0;28.0;51.9;57.0;0;0;0;0;16503.97;11280.08;5223.89;32443.65
2026-08-12T12:35:36.637888+02:00;standby;26.4;29.4;5.0;28.0;51.9;57.0;0;0;0;0;16503.97;11280.08;5223.89;32443.65
2026-08-12T12:36:37.380640+02:00;standby;26.4;29.4;5.0;28.0;51.9;57.0;0;0;0;0;16503.97;11280.08;5223.89;32443.65
2026-08-12T12:37:37.886317+02:00;standby;26.4;29.4;5.0;28.0;51.9;57.0;0;0;0;0;16503.97;11280.08;5223.89;32443.65
2026-08-12T12:38:39.786130+02:00;standby;26.4;29.4;5.0;28.0;51.8;57.0;0;0;0;0;16503.97;11280.08;5223.89;32443.65
2026-08-12T12:39:40.492450+02:00;standby;26.4;29.4;5.0;28.0;51.8;57.0;0;0;0;0;16503.97;11280.08;5223.89;32443.65
2026-08-12T12:40:41.022415+02:00;standby;26.4;29.4;5.0;28.0;51.8;57.0;0;0;0;0;16503.97;11280.08;5223.89;32443.65
2026-08-12T12:41:42.536138+02:00;standby;26.4;29.4;5.0;28.0;51.7;57.0;0;0;0;0;16503.97;11280.08;5223.89;32443.65
2026-08-12T12:42:43.048836+02:00;standby;26.4;29.4;5.0;28.0;51.7;57.0;0;0;0;0;16503.97;11280.08;5223.89;32443.65
2026-08-12T12:43:43.508941+02:00;standby;26.4;29.4;5.0;28.0;51.6;57.0;0;0;0;0;16503.97;11280.08;5223.89;32443.65
2026-08-12T12:44:43.983275+02:00;standby;26.4;29.4;5.0;28.0;51.6;57.0;0;0;0;0;16503.97;11280.08;5223.89;32443.65
2026-08-12T12:45:44.482132+02:00;standby;26.4;29.4;5.0;28.0;51.6;57.0;0;0;0;0;16503.97;11280.08;5223.89;32443.65
2026-08-12T12:46:45.022392+02:00;standby;26.4;29.4;5.0;28.0;51.5;57.0;0;0;0;0;16503.97;11280.08;5223.89;32443.65
2026-08-12T12:47:45.638621+02:00;standby;26.4;29.4;5.0;28.0;51.5;57.0;0;0;0;0;16503.97;11280.08;5223.89;32443.65
2026-08-12T12:48:46.164519+02:00;standby;26.4;29.4;5.0;28.0;51.5;57.0;0;0;0;0;16503.97;11280.08;5223.89;32443.65
2026-08-12T12:49:46.665322+02:00;standby;26.4;29.4;5.0;28.0;51.5;57.0;0;0;0;0;16503.97;11280.08;5223.89;32443.65
2026-08-12T12:50:47.298466+02:00;standby;26.4;29.4;5.0;28.0;51.5;57.0;0;0;0;0;16503.97;11280.08;5223.89;32443.65
2026-08-12T12:51:47.810619+02:00;standby;26.4;29.3;5.0;28.0;51.5;57.0;0;0;0;0;16503.97;11280.08;5223.89;32443.65
2026-08-12T12:52:52.359639+02:00;standby;26.4;29.4;5.0;28.0;51.5;57.0;0;0;0;0;16503.97;11280.08;5223.89;32443.65
2026-08-12T12:53:52.835546+02:00;standby;26.4;29.3;5.0;28.0;51.5;57.0;0;0;0;0;16503.97;11280.08;5223.89;32443.65
2026-08-12T12:54:53.269353+02:00;standby;26.4;29.4;5.0;28.0;51.4;57.0;0;0;0;0;16503.97;11280.08;5223.89;32443.65
2026-08-12T12:55:53.882432+02:00;standby;26.4;29.4;5.0;28.0;51.4;57.0;0;0;0;0;16503.97;11280.08;5223.89;32443.65
2026-08-12T12:56:54.412268+02:00;standby;26.4;29.3;5.0;28.0;51.4;57.0;0;0;0;0;16503.97;11280.08;5223.89;32443.65
2026-08-12T12:57:54.976836+02:00;standby;26.4;29.3;5.0;28.0;51.4;57.0;0;0;0;0;16503.97;11280.08;5223.89;32443.65
2026-08-12T12:58:55.432374+02:00;standby;26.4;29.3;5.0;28.0;51.4;57.0;0;0;0;0;16503.97;11280.08;5223.89;32443.65
2026-08-12T12:59:55.892736+02:00;standby;26.4;29.3;5.0;28.0;51.4;57.0;0;0;0;0;16503.97;11280.08;5223.89;32443.65
2026-08-12T13:00:56.367335+02:00;standby;26.4;29.3;5.0;28.0;51.4;57.0;0;0;0;0;16503.97;11280.08;5223.89;32443.65
2026-08-12T13:01:56.910858+02:00;standby;26.4;29.3;5.0;28.0;51.4;57.0;0;0;0;0;16503.97;11280.08;5223.89;32443.65
2026-08-12T13:02:57.368793+02:00;standby;26.4;29.3;5.0;28.0;51.3;57.0;0;0;0;0;16503.97;11280.08;5223.89;32443.65
2026-08-12T13:03:57.828484+02:00;standby;26.4;29.3;5.0;28.0;51.3;57.0;0;0;0;0;16503.97;11280.08;5223.89;32443.65
2026-08-12T13:04:58.467629+02:00;standby;26.4;29.4;5.0;28.0;51.2;57.0;0;0;0;0;16503.97;11280.08;5223.89;32443.65
2026-08-12T13:05:58.947057+02:00;standby;26.4;29.3;5.0;28.0;51.2;57.0;0;0;0;0;16503.97;11280.08;5223.89;32443.65
2026-08-12T13:06:59.389871+02:00;standby;26.4;29.3;5.0;28.0;50.9;57.0;0;0;0;0;16503.97;11280.08;5223.89;32443.65
2026-08-12T13:08:00.010971+02:00;standby;26.4;29.3;5.0;28.0;50.8;57.0;0;0;0;0;16503.97;11280.08;5223.89;32443.65
2026-08-12T13:09:00.735651+02:00;standby;26.4;29.3;5.0;28.0;50.8;57.0;0;0;0;0;16503.97;11280.08;5223.89;32443.65
2026-08-12T13:10:01.206884+02:00;standby;26.4;29.3;5.0;28.0;50.6;57.0;0;0;0;0;16503.97;11280.08;5223.89;32443.65
2026-08-12T13:11:01.849891+02:00;standby;26.4;29.3;5.0;28.0;50.5;57.0;0;0;0;0;16503.97;11280.08;5223.89;32443.65
2026-08-12T13:12:02.536760+02:00;standby;26.4;29.3;5.0;28.0;50.4;57.0;0;0;0;0;16503.97;11280.08;5223.89;32443.65
2026-08-12T13:13:03.538536+02:00;standby;26.4;29.3;5.0;28.0;50.3;57.0;0;0;0;0;16503.97;11280.08;5223.89;32443.65
2026-08-12T13:14:04.001431+02:00;standby;26.4;29.3;5.0;28.0;50.3;57.0;0;0;0;0;16503.97;11280.08;5223.89;32443.65
2026-08-12T13:15:04.669389+02:00;standby;26.4;29.3;5.0;28.0;50.3;57.0;0;0;0;0;16503.97;11280.08;5223.89;32443.65
2026-08-12T13:16:05.231814+02:00;standby;26.4;29.3;5.0;28.0;50.3;57.0;0;0;0;0;16503.97;11280.08;5223.89;32443.65
2026-08-12T13:17:05.741850+02:00;standby;26.4;29.3;5.0;28.0;50.3;57.0;0;0;0;0;16503.97;11280.08;5223.89;32443.65
2026-08-12T13:18:06.951360+02:00;standby;26.4;29.3;5.0;28.0;50.3;57.0;0;0;0;0;16503.97;11280.08;5223.89;32443.65
2026-08-12T13:19:07.566187+02:00;standby;26.4;29.3;5.0;28.0;50.3;57.0;0;0;0;0;16503.97;11280.08;5223.89;32443.65
2026-08-12T13:20:08.035942+02:00;standby;26.4;29.3;5.0;28.0;50.3;57.0;0;0;0;0;16503.97;11280.08;5223.89;32443.65
2026-08-12T13:21:08.476891+02:00;standby;26.4;29.3;5.0;28.0;50.2;57.0;0;0;0;0;16503.97;11280.08;5223.89;32443.65
2026-08-12T13:22:08.925657+02:00;standby;26.4;29.3;5.0;28.0;50.1;57.0;0;0;0;0;16503.97;11280.08;5223.89;32443.65
2026-08-12T13:23:09.946282+02:00;standby;27.9;29.3;5.0;28.0;50.0;57.0;0;0;0;0;16503.97;11280.08;5223.89;32443.65
2026-08-12T13:24:10.425210+02:00;standby;27.9;29.3;5.0;28.0;49.9;57.0;0;0;0;0;16503.97;11280.08;5223.89;32443.65
2026-08-12T13:25:10.931492+02:00;standby;27.9;29.3;5.0;28.0;49.9;57.0;0;0;0;0;16503.97;11280.08;5223.89;32443.65
2026-08-12T13:26:11.685825+02:00;standby;27.9;29.3;5.0;28.0;49.8;57.0;0;0;0;0;16503.97;11280.08;5223.89;32443.65
2026-08-12T13:27:12.106716+02:00;standby;27.9;29.3;5.0;28.0;49.8;57.0;0;0;0;0;16503.97;11280.08;5223.89;32443.65
2026-08-12T13:28:12.648371+02:00;standby;27.9;29.3;5.0;28.0;49.7;57.0;0;0;0;0;16503.97;11280.08;5223.89;32443.65
2026-08-12T13:29:13.681076+02:00;standby;27.9;29.3;5.0;28.0;49.7;57.0;0;0;0;0;16503.97;11280.08;5223.89;32443.65
2026-08-12T13:30:14.606263+02:00;standby;27.9;29.3;5.0;28.0;49.7;57.0;0;0;0;0;16503.97;11280.08;5223.89;32443.65
2026-08-12T13:31:15.036624+02:00;standby;27.9;29.3;5.0;28.0;49.7;57.0;0;0;0;0;16503.97;11280.08;5223.89;32443.65
2026-08-12T13:32:15.658589+02:00;standby;27.9;29.3;5.0;28.0;49.7;57.0;0;0;0;0;16503.97;11280.08;5223.89;32443.65
2026-08-12T13:33:16.096716+02:00;standby;27.9;29.3;5.0;28.0;49.7;57.0;0;0;0;0;16503.97;11280.08;5223.89;32443.65
2026-08-12T13:34:16.636049+02:00;standby;27.9;29.3;5.0;28.0;49.7;57.0;0;0;0;0;16503.97;11280.08;5223.89;32443.65
2026-08-12T13:35:17.182249+02:00;standby;27.9;29.3;5.0;28.0;49.7;57.0;0;0;0;0;16503.97;11280.08;5223.89;32443.65
2026-08-12T13:36:17.810613+02:00;standby;27.9;29.3;5.0;28.0;49.6;57.0;0;0;0;0;16503.97;11280.08;5223.89;32443.65
2026-08-12T13:37:18.452711+02:00;standby;27.9;29.3;5.0;28.0;49.6;57.0;0;0;0;0;16503.97;11280.08;5223.89;32443.65
2026-08-12T13:38:19.286823+02:00;standby;27.9;29.3;5.0;28.0;49.6;57.0;0;0;0;0;16503.97;11280.08;5223.89;32443.65
2026-08-12T13:39:19.696346+02:00;standby;27.9;29.3;5.0;28.0;49.5;57.0;0;0;0;0;16503.97;11280.08;5223.89;32443.65
2026-08-12T13:40:20.391648+02:00;standby;27.9;29.3;5.0;28.0;49.5;57.0;0;0;0;0;16503.97;11280.08;5223.89;32443.65
2026-08-12T13:41:21.431834+02:00;standby;27.9;29.3;5.0;28.0;49.5;57.0;0;0;0;0;16503.97;11280.08;5223.89;32443.65
2026-08-12T13:42:21.975443+02:00;standby;27.9;29.3;5.0;28.0;49.5;57.0;0;0;0;0;16503.97;11280.08;5223.89;32443.65
2026-08-12T13:43:22.498642+02:00;standby;27.9;29.3;5.0;28.0;49.5;57.0;0;0;0;0;16503.97;11280.08;5223.89;32443.65
2026-08-12T13:44:23.674900+02:00;standby;27.9;29.2;5.0;28.0;49.5;57.0;0;0;0;0;16503.97;11280.08;5223.89;32443.65
2026-08-12T13:45:24.119287+02:00;standby;27.9;29.3;5.0;28.0;49.5;57.0;0;0;0;0;16503.97;11280.08;5223.89;32443.65
2026-08-12T13:46:24.534797+02:00;standby;27.9;29.2;5.0;28.0;49.5;57.0;0;0;0;0;16503.97;11280.08;5223.89;32443.65
2026-08-12T13:47:24.974151+02:00;standby;27.9;29.3;5.0;28.0;49.4;57.0;0;0;0;0;16503.97;11280.08;5223.89;32443.65
2026-08-12T13:48:25.542507+02:00;standby;27.9;29.2;5.0;28.0;49.4;57.0;0;0;0;0;16503.97;11280.08;5223.89;32443.65
2026-08-12T13:49:26.013843+02:00;standby;27.9;29.2;5.0;28.0;49.4;57.0;0;0;0;0;16503.97;11280.08;5223.89;32443.65
2026-08-12T13:50:26.533927+02:00;standby;27.9;29.2;5.0;28.0;49.4;57.0;0;0;0;0;16503.97;11280.08;5223.89;32443.65
2026-08-12T13:51:27.062639+02:00;standby;27.9;29.2;5.0;28.0;49.4;57.0;0;0;0;0;16503.97;11280.08;5223.89;32443.65
2026-08-12T13:52:27.573124+02:00;standby;27.9;29.2;5.0;28.0;49.4;57.0;0;0;0;0;16503.97;11280.08;5223.89;32443.65
2026-08-12T13:53:28.277266+02:00;standby;27.9;29.2;5.0;28.0;49.4;57.0;0;0;0;0;16503.97;11280.08;5223.89;32443.65
2026-08-12T13:54:29.174449+02:00;standby;27.9;29.2;5.0;28.0;49.4;57.0;0;0;0;0;16503.97;11280.08;5223.89;32443.65
2026-08-12T13:55:29.857103+02:00;standby;27.9;29.2;5.0;28.0;49.4;57.0;0;0;0;0;16503.97;11280.08;5223.89;32443.65
2026-08-12T13:56:30.705009+02:00;standby;27.9;29.2;5.0;28.0;49.4;57.0;0;0;0;0;16503.97;11280.08;5223.89;32443.65
2026-08-12T13:57:31.265439+02:00;standby;27.9;29.2;5.0;28.0;49.3;57.0;0;0;0;0;16503.97;11280.08;5223.89;32443.65
2026-08-12T13:58:31.991732+02:00;standby;27.9;29.2;5.0;28.0;49.3;57.0;0;0;0;0;16503.97;11280.08;5223.89;32443.65
2026-08-12T13:59:32.468409+02:00;standby;27.9;29.2;5.0;28.0;49.3;57.0;0;0;0;0;16503.97;11280.08;5223.89;32443.65
2026-08-12T14:00:33.028584+02:00;standby;27.9;29.2;5.0;28.0;49.3;57.0;0;0;0;0;16503.97;11280.08;5223.89;32443.65
2026-08-12T14:01:33.752241+02:00;standby;27.9;29.2;5.0;28.0;49.3;57.0;0;0;0;0;16503.97;11280.08;5223.89;32443.65
2026-08-12T14:02:34.339835+02:00;standby;27.9;29.2;5.0;28.0;49.3;57.0;0;0;0;0;16503.97;11280.08;5223.89;32443.65
2026-08-12T14:03:34.905617+02:00;standby;27.9;29.2;5.0;28.0;49.3;57.0;0;0;0;0;16503.97;11280.08;5223.89;32443.65
2026-08-12T14:04:35.571851+02:00;standby;27.9;29.2;5.0;28.0;49.3;57.0;0;0;0;0;16503.97;11280.08;5223.89;32443.65
2026-08-12T14:05:36.150877+02:00;standby;27.9;29.2;5.0;28.0;49.3;57.0;0;0;0;0;16503.97;11280.08;5223.89;32443.65
2026-08-12T14:06:36.894880+02:00;standby;27.9;29.2;5.0;28.0;49.3;57.0;0;0;0;0;16503.97;11280.08;5223.89;32443.65
2026-08-12T14:07:37.452215+02:00;standby;27.9;29.2;5.0;28.0;49.3;57.0;0;0;0;0;16503.97;11280.08;5223.89;32443.65
2026-08-12T14:08:38.077525+02:00;standby;27.9;29.2;5.0;28.0;49.2;57.0;0;0;0;0;16503.97;11280.08;5223.89;32443.65
2026-08-12T14:09:39.992920+02:00;standby;27.9;29.2;5.0;28.0;49.3;57.0;0;0;0;0;16503.97;11280.08;5223.89;32443.65
2026-08-12T14:10:43.144658+02:00;standby;27.9;29.2;5.0;28.0;49.3;57.0;0;0;0;0;16503.97;11280.08;5223.89;32443.65
2026-08-12T14:11:43.638971+02:00;standby;27.9;29.2;5.0;28.0;49.2;57.0;0;0;0;0;16503.97;11280.08;5223.89;32443.65
2026-08-12T14:12:44.439072+02:00;standby;27.9;29.2;5.0;28.0;49.2;57.0;0;0;0;0;16503.97;11280.08;5223.89;32443.65
2026-08-12T14:13:45.147230+02:00;standby;27.9;29.2;5.0;28.0;49.2;57.0;0;0;0;0;16503.97;11280.08;5223.89;32443.65
2026-08-12T14:14:45.726563+02:00;standby;27.9;29.2;5.0;28.0;49.2;57.0;0;0;0;0;16503.97;11280.08;5223.89;32443.65
2026-08-12T14:15:46.217476+02:00;standby;27.9;29.2;5.0;28.0;49.2;57.0;0;0;0;0;16503.97;11280.08;5223.89;32443.65
2026-08-12T14:16:46.736623+02:00;standby;27.9;29.2;5.0;28.0;49.2;57.0;0;0;0;0;16503.97;11280.08;5223.89;32443.65
2026-08-12T14:17:47.221198+02:00;standby;27.9;29.2;5.0;28.0;49.2;57.0;0;0;0;0;16503.97;11280.08;5223.89;32443.65
2026-08-12T14:18:48.428572+02:00;standby;27.9;29.2;5.0;28.0;49.2;57.0;0;0;0;0;16503.97;11280.08;5223.89;32443.65
2026-08-12T14:19:49.450789+02:00;standby;27.9;29.2;5.0;28.0;49.2;57.0;0;0;0;0;16503.97;11280.08;5223.89;32443.65
2026-08-12T14:20:50.513545+02:00;standby;27.9;29.2;5.0;28.0;49.2;57.0;0;0;0;0;16503.97;11280.08;5223.89;32443.65
2026-08-12T14:21:50.998990+02:00;standby;27.9;29.2;5.0;28.0;49.2;57.0;0;0;0;0;16503.97;11280.08;5223.89;32443.65
2026-08-12T14:22:51.427327+02:00;standby;27.9;29.2;5.0;28.0;49.2;57.0;0;0;0;0;16503.97;11280.08;5223.89;32443.65
2026-08-12T14:23:51.874339+02:00;standby;29.0;29.2;5.0;28.0;49.1;57.0;0;0;0;0;16503.97;11280.08;5223.89;32443.65
2026-08-12T14:24:52.318944+02:00;standby;29.0;29.2;5.0;28.0;49.1;57.0;0;0;0;0;16503.97;11280.08;5223.89;32443.65
2026-08-12T14:25:52.776337+02:00;standby;29.0;29.2;5.0;28.0;49.1;57.0;0;0;0;0;16503.97;11280.08;5223.89;32443.65
2026-08-12T14:26:53.257038+02:00;standby;29.0;29.2;5.0;28.0;49.1;57.0;0;0;0;0;16503.97;11280.08;5223.89;32443.65
2026-08-12T14:27:53.715413+02:00;standby;29.0;29.2;5.0;28.0;49.1;57.0;0;0;0;0;16503.97;11280.08;5223.89;32443.65
2026-08-12T14:28:54.166126+02:00;standby;29.0;29.2;5.0;28.0;49.1;57.0;0;0;0;0;16503.97;11280.08;5223.89;32443.65
2026-08-12T14:29:54.640512+02:00;standby;29.0;29.2;5.0;28.0;49.1;57.0;0;0;0;0;16503.97;11280.08;5223.89;32443.65
2026-08-12T14:30:55.524432+02:00;standby;29.0;29.2;5.0;28.0;49.1;57.0;0;0;0;0;16503.97;11280.08;5223.89;32443.65
2026-08-12T14:31:56.047072+02:00;standby;29.0;29.2;5.0;28.0;49.1;57.0;0;0;0;0;16503.97;11280.08;5223.89;32443.65
2026-08-12T14:32:56.624751+02:00;standby;29.0;29.2;5.0;28.0;49.0;57.0;0;0;0;0;16503.97;11280.08;5223.89;32443.65
2026-08-12T14:33:57.086356+02:00;standby;29.0;29.2;5.0;28.0;49.0;57.0;0;0;0;0;16503.97;11280.08;5223.89;32443.65
2026-08-12T14:34:57.919035+02:00;standby;29.0;29.2;5.0;28.0;49.0;57.0;0;0;0;0;16503.97;11280.08;5223.89;32443.65
2026-08-12T14:35:58.613125+02:00;standby;29.0;29.2;5.0;28.0;49.0;57.0;0;0;0;0;16503.97;11280.08;5223.89;32443.65
2026-08-12T14:36:59.049806+02:00;standby;29.0;29.2;5.0;28.0;49.0;57.0;0;0;0;0;16503.97;11280.08;5223.89;32443.65
2026-08-12T14:38:00.513232+02:00;standby;29.0;29.2;5.0;28.0;49.0;57.0;0;0;0;0;16503.97;11280.08;5223.89;32443.65
2026-08-12T14:39:00.990279+02:00;standby;29.0;29.2;5.0;28.0;49.0;57.0;0;0;0;0;16503.97;11280.08;5223.89;32443.65
2026-08-12T14:40:01.507552+02:00;standby;29.0;29.2;5.0;28.0;49.0;57.0;0;0;0;0;16503.97;11280.08;5223.89;32443.65
2026-08-12T14:41:01.948878+02:00;standby;29.0;29.0;5.0;28.0;49.0;57.0;0;0;0;0;16503.97;11280.08;5223.89;32443.65
2026-08-12T14:42:02.453014+02:00;standby;29.0;29.2;5.0;28.0;49.0;57.0;0;0;0;0;16503.97;11280.08;5223.89;32443.65
2026-08-12T14:43:04.781790+02:00;standby;29.0;29.2;5.0;28.0;49.0;57.0;0;0;0;0;16503.97;11280.08;5223.89;32443.65
2026-08-12T14:44:05.331947+02:00;standby;29.0;29.2;5.0;28.0;48.9;57.0;0;0;0;0;16503.97;11280.08;5223.89;32443.65
2026-08-12T14:45:05.768137+02:00;standby;29.0;29.2;5.0;28.0;49.0;57.0;0;0;0;0;16503.97;11280.08;5223.89;32443.65
2026-08-12T14:46:07.374328+02:00;standby;29.0;29.2;5.0;28.0;48.9;57.0;0;0;0;0;16503.97;11280.08;5223.89;32443.65
2026-08-12T14:47:07.945149+02:00;standby;29.0;29.2;5.0;28.0;48.9;57.0;0;0;0;0;16503.97;11280.08;5223.89;32443.65
2026-08-12T14:48:08.801548+02:00;standby;29.0;29.2;5.0;28.0;48.9;57.0;0;0;0;0;16503.97;11280.08;5223.89;32443.65
2026-08-12T14:49:09.793832+02:00;standby;29.0;29.0;5.0;28.0;48.9;57.0;0;0;0;0;16503.97;11280.08;5223.89;32443.65
2026-08-12T14:50:10.328327+02:00;standby;29.0;29.2;5.0;28.0;48.9;57.0;0;0;0;0;16503.97;11280.08;5223.89;32443.65
2026-08-12T14:51:11.115464+02:00;standby;29.0;29.0;5.0;28.0;48.9;57.0;0;0;0;0;16503.97;11280.08;5223.89;32443.65
2026-08-12T14:52:11.710173+02:00;standby;29.0;29.0;5.0;28.0;48.9;57.0;0;0;0;0;16503.97;11280.08;5223.89;32443.65
2026-08-12T14:53:12.175517+02:00;standby;29.0;29.0;5.0;28.0;48.9;57.0;0;0;0;0;16503.97;11280.08;5223.89;32443.65
2026-08-12T14:54:12.836285+02:00;standby;29.0;29.0;5.0;28.0;48.9;57.0;0;0;0;0;16503.97;11280.08;5223.89;32443.65
2026-08-12T14:55:13.316480+02:00;standby;29.0;29.0;5.0;28.0;48.9;57.0;0;0;0;0;16503.97;11280.08;5223.89;32443.65
2026-08-12T14:56:14.198709+02:00;standby;29.0;29.0;5.0;28.0;48.8;57.0;0;0;0;0;16503.97;11280.08;5223.89;32443.65
2026-08-12T14:57:14.803343+02:00;standby;29.0;29.0;5.0;28.0;48.8;57.0;0;0;0;0;16503.97;11280.08;5223.89;32443.65
2026-08-12T14:58:15.300237+02:00;standby;29.0;29.0;5.0;28.0;48.8;57.0;0;0;0;0;16503.97;11280.08;5223.89;32443.65
2026-08-12T14:59:16.006335+02:00;standby;29.0;29.0;5.0;28.0;48.8;57.0;0;0;0;0;16503.97;11280.08;5223.89;32443.65
2026-08-12T15:00:16.638826+02:00;standby;29.0;29.0;5.0;28.0;48.8;57.0;0;0;0;0;16503.97;11280.08;5223.89;32443.65
2026-08-12T15:01:17.845884+02:00;standby;29.0;29.0;5.0;28.0;48.8;57.0;0;0;0;0;16503.97;11280.08;5223.89;32443.65
2026-08-12T15:02:18.551481+02:00;standby;29.0;29.0;5.0;28.0;48.8;57.0;0;0;0;0;16503.97;11280.08;5223.89;32443.65
2026-08-12T15:03:19.294580+02:00;standby;29.0;29.0;5.0;28.0;48.8;57.0;0;0;0;0;16503.97;11280.08;5223.89;32443.65
2026-08-12T15:04:19.783976+02:00;standby;29.0;29.0;5.0;28.0;48.8;57.0;0;0;0;0;16503.97;11280.08;5223.89;32443.65
2026-08-12T15:05:20.212595+02:00;standby;29.0;29.0;5.0;28.0;48.8;57.0;0;0;0;0;16503.97;11280.08;5223.89;32443.65
2026-08-12T15:06:20.664376+02:00;standby;29.0;29.0;5.0;28.0;48.8;57.0;0;0;0;0;16503.97;11280.08;5223.89;32443.65
2026-08-12T15:07:21.337132+02:00;standby;29.0;29.0;5.0;28.0;48.8;57.0;0;0;0;0;16503.97;11280.08;5223.89;32443.65
2026-08-12T15:08:21.858591+02:00;standby;29.0;29.0;5.0;28.0;48.7;57.0;0;0;0;0;16503.97;11280.08;5223.89;32443.65
2026-08-12T15:09:22.819367+02:00;standby;29.0;29.0;5.0;28.0;48.7;57.0;0;0;0;0;16503.97;11280.08;5223.89;32443.65
2026-08-12T15:10:23.988682+02:00;standby;29.0;29.0;5.0;28.0;48.6;57.0;0;0;0;0;16503.97;11280.08;5223.89;32443.65
2026-08-12T15:11:24.557006+02:00;standby;29.0;29.0;5.0;28.0;48.6;57.0;0;0;0;0;16503.97;11280.08;5223.89;32443.65
2026-08-12T15:12:25.012224+02:00;standby;29.0;29.0;5.0;28.0;48.5;57.0;0;0;0;0;16503.97;11280.08;5223.89;32443.65
2026-08-12T15:13:25.511583+02:00;standby;29.0;29.0;5.0;28.0;48.4;57.0;0;0;0;0;16503.97;11280.08;5223.89;32443.65
2026-08-12T15:14:26.719002+02:00;standby;29.0;29.0;5.0;28.0;48.4;57.0;0;0;0;0;16503.97;11280.08;5223.89;32443.65
2026-08-12T15:15:27.161726+02:00;standby;29.0;29.0;5.0;28.0;48.2;57.0;0;0;0;0;16503.97;11280.08;5223.89;32443.65
2026-08-12T15:16:27.605354+02:00;standby;29.0;29.0;5.0;28.0;48.2;57.0;0;0;0;0;16503.97;11280.08;5223.89;32443.65
2026-08-12T15:17:28.392144+02:00;standby;29.0;29.0;5.0;28.0;48.2;57.0;0;0;0;0;16503.97;11280.08;5223.89;32443.65
2026-08-12T15:18:29.030914+02:00;standby;29.0;29.0;5.0;28.0;48.2;57.0;0;0;0;0;16503.97;11280.08;5223.89;32443.65
2026-08-12T15:19:29.471208+02:00;standby;29.0;29.0;5.0;28.0;48.2;57.0;0;0;0;0;16503.97;11280.08;5223.89;32443.65
2026-08-12T15:20:29.939099+02:00;standby;29.0;29.0;5.0;28.0;48.2;57.0;0;0;0;0;16503.97;11280.08;5223.89;32443.65
2026-08-12T15:21:32.979274+02:00;standby;29.0;29.0;5.0;28.0;48.2;57.0;0;0;0;0;16503.97;11280.08;5223.89;32443.65
2026-08-12T15:22:33.626490+02:00;standby;29.0;29.0;5.0;28.0;48.1;57.0;0;0;0;0;16503.97;11280.08;5223.89;32443.65
2026-08-12T15:23:34.167949+02:00;standby;29.0;29.0;5.0;28.0;48.1;57.0;0;0;0;0;16503.97;11280.08;5223.89;32443.65
2026-08-12T15:24:34.788132+02:00;standby;29.8;29.0;5.0;28.0;48.1;57.0;0;0;0;0;16503.97;11280.08;5223.89;32443.65
2026-08-12T15:25:35.655015+02:00;standby;29.8;29.0;5.0;28.0;48.1;57.0;0;0;0;0;16503.97;11280.08;5223.89;32443.65
2026-08-12T15:26:36.175903+02:00;standby;29.8;29.0;5.0;28.0;48.1;57.0;0;0;0;0;16503.97;11280.08;5223.89;32443.65
2026-08-12T15:27:36.744452+02:00;standby;29.8;29.0;5.0;28.0;48.1;57.0;0;0;0;0;16503.97;11280.08;5223.89;32443.65
2026-08-12T15:28:37.844168+02:00;standby;29.8;29.0;5.0;28.0;48.1;57.0;0;0;0;0;16503.97;11280.08;5223.89;32443.65
2026-08-12T15:29:38.345372+02:00;standby;29.8;29.0;5.0;28.0;48.1;57.0;0;0;0;0;16503.97;11280.08;5223.89;32443.65
2026-08-12T15:30:38.865257+02:00;standby;29.8;29.0;5.0;28.0;48.1;57.0;0;0;0;0;16503.97;11280.08;5223.89;32443.65
2026-08-12T15:31:39.693757+02:00;standby;29.8;29.0;5.0;28.0;48.1;57.0;0;0;0;0;16503.97;11280.08;5223.89;32443.65
2026-08-12T15:32:40.605872+02:00;standby;29.8;29.0;5.0;28.0;48.1;57.0;0;0;0;0;16503.97;11280.08;5223.89;32443.65
2026-08-12T15:33:41.076340+02:00;standby;29.8;29.0;5.0;28.0;48.1;57.0;0;0;0;0;16503.97;11280.08;5223.89;32443.65
2026-08-12T15:34:41.667301+02:00;standby;29.8;29.0;5.0;28.0;48.0;57.0;0;0;0;0;16503.97;11280.08;5223.89;32443.65
2026-08-12T15:35:42.698319+02:00;standby;29.8;29.0;5.0;28.0;48.0;57.0;0;0;0;0;16503.97;11280.08;5223.89;32443.65
2026-08-12T15:36:43.215555+02:00;standby;29.8;29.0;5.0;28.0;48.0;57.0;0;0;0;0;16503.97;11280.08;5223.89;32443.65
2026-08-12T15:37:43.743111+02:00;standby;29.8;29.0;5.0;28.0;48.0;57.0;0;0;0;0;16503.97;11280.08;5223.89;32443.65
2026-08-12T15:38:44.257287+02:00;standby;29.8;29.0;5.0;28.0;48.0;57.0;0;0;0;0;16503.97;11280.08;5223.89;32443.65
2026-08-12T15:39:45.481957+02:00;standby;29.8;29.0;5.0;28.0;48.0;57.0;0;0;0;0;16503.97;11280.08;5223.89;32443.65
2026-08-12T15:40:46.006013+02:00;standby;29.8;29.0;5.0;28.0;47.9;57.0;0;0;0;0;16503.97;11280.08;5223.89;32443.65
2026-08-12T15:41:46.726947+02:00;standby;29.8;28.9;5.0;28.0;47.8;57.0;0;0;0;0;16503.97;11280.08;5223.89;32443.65
2026-08-12T15:42:47.311803+02:00;standby;29.8;29.0;5.0;28.0;47.8;57.0;0;0;0;0;16503.97;11280.08;5223.89;32443.65
2026-08-12T15:43:48.381429+02:00;standby;29.8;28.9;5.0;28.0;47.6;57.0;0;0;0;0;16503.97;11280.08;5223.89;32443.65
2026-08-12T15:44:48.934313+02:00;standby;29.8;29.0;5.0;28.0;47.5;57.0;0;0;0;0;16503.97;11280.08;5223.89;32443.65
2026-08-12T15:45:49.634243+02:00;standby;29.8;28.9;5.0;28.0;47.5;57.0;0;0;0;0;16503.97;11280.08;5223.89;32443.65
2026-08-12T15:46:50.559039+02:00;standby;29.8;29.0;5.0;28.0;47.4;57.0;0;0;0;0;16503.97;11280.08;5223.89;32443.65
2026-08-12T15:47:51.074869+02:00;standby;29.8;28.9;5.0;28.0;47.4;57.0;0;0;0;0;16503.97;11280.08;5223.89;32443.65
2026-08-12T15:48:51.538626+02:00;standby;29.8;28.9;5.0;28.0;47.4;57.0;0;0;0;0;16503.97;11280.08;5223.89;32443.65
2026-08-12T15:49:52.171807+02:00;standby;29.8;28.9;5.0;28.0;47.4;57.0;0;0;0;0;16503.97;11280.08;5223.89;32443.65
2026-08-12T15:50:54.070151+02:00;standby;29.8;28.9;5.0;28.0;47.3;57.0;0;0;0;0;16503.97;11280.08;5223.89;32443.65
2026-08-12T15:51:54.797149+02:00;standby;29.8;29.0;5.0;28.0;47.3;57.0;0;0;0;0;16503.97;11280.08;5223.89;32443.65
2026-08-12T15:52:55.655880+02:00;standby;29.8;28.9;5.0;28.0;47.2;57.0;0;0;0;0;16503.97;11280.08;5223.89;32443.65
2026-08-12T15:53:56.356468+02:00;standby;29.8;28.9;5.0;28.0;47.2;57.0;0;0;0;0;16503.97;11280.08;5223.89;32443.65
2026-08-12T15:54:56.859377+02:00;standby;29.8;28.9;5.0;28.0;47.2;57.0;0;0;0;0;16503.97;11280.08;5223.89;32443.65
2026-08-12T15:55:57.378692+02:00;standby;29.8;28.9;5.0;28.0;47.2;57.0;0;0;0;0;16503.97;11280.08;5223.89;32443.65
2026-08-12T15:56:58.006249+02:00;standby;29.8;29.0;5.0;28.0;47.2;57.0;0;0;0;0;16503.97;11280.08;5223.89;32443.65
2026-08-12T15:57:58.946437+02:00;standby;29.8;28.9;5.0;28.0;47.2;57.0;0;0;0;0;16503.97;11280.08;5223.89;32443.65
2026-08-12T15:58:59.397450+02:00;standby;29.8;28.9;5.0;28.0;47.2;57.0;0;0;0;0;16503.97;11280.08;5223.89;32443.65
2026-08-12T15:59:59.821863+02:00;standby;29.8;28.9;5.0;28.0;47.1;57.0;0;0;0;0;16503.97;11280.08;5223.89;32443.65
2026-08-12T16:01:00.690326+02:00;standby;29.8;28.9;5.0;28.0;47.1;57.0;0;0;0;0;16503.97;11280.08;5223.89;32443.65
2026-08-12T16:02:01.305525+02:00;standby;29.8;28.9;5.0;28.0;47.1;57.0;0;0;0;0;16503.97;11280.08;5223.89;32443.65
2026-08-12T16:03:02.207739+02:00;standby;29.8;28.9;5.0;28.0;47.1;57.0;0;0;0;0;16503.97;11280.08;5223.89;32443.65
2026-08-12T16:04:02.764053+02:00;standby;29.8;28.9;5.0;28.0;47.1;57.0;0;0;0;0;16503.97;11280.08;5223.89;32443.65
2026-08-12T16:05:03.429980+02:00;standby;29.8;28.9;5.0;28.0;47.1;57.0;0;0;0;0;16503.97;11280.08;5223.89;32443.65
2026-08-12T16:06:04.218103+02:00;standby;29.8;28.9;5.0;28.0;47.1;57.0;0;0;0;0;16503.97;11280.08;5223.89;32443.65
2026-08-12T16:07:04.937261+02:00;standby;29.8;28.9;5.0;28.0;47.1;57.0;0;0;0;0;16503.97;11280.08;5223.89;32443.65
2026-08-12T16:08:05.666260+02:00;standby;29.8;28.9;5.0;28.0;47.1;57.0;0;0;0;0;16503.97;11280.08;5223.89;32443.65
2026-08-12T16:09:06.559552+02:00;standby;29.8;28.9;5.0;28.0;47.1;57.0;0;0;0;0;16503.97;11280.08;5223.89;32443.65
2026-08-12T16:10:07.012057+02:00;standby;29.8;28.9;5.0;28.0;47.1;57.0;0;0;0;0;16503.97;11280.08;5223.89;32443.65
2026-08-12T16:11:07.637611+02:00;standby;29.8;28.9;5.0;28.0;47.1;57.0;0;0;0;0;16503.97;11280.08;5223.89;32443.65
2026-08-12T16:12:08.658309+02:00;standby;29.8;28.9;5.0;28.0;47.0;57.0;0;0;0;0;16503.97;11280.08;5223.89;32443.65
2026-08-12T16:13:09.085253+02:00;standby;29.8;28.9;5.0;28.0;47.0;57.0;0;0;0;0;16503.97;11280.08;5223.89;32443.65
2026-08-12T16:14:10.592109+02:00;standby;29.8;28.9;5.0;28.0;47.0;57.0;0;0;0;0;16503.97;11280.08;5223.89;32443.65
2026-08-12T16:15:12.069841+02:00;standby;29.8;28.9;5.0;28.0;47.0;57.0;0;0;0;0;16503.97;11280.08;5223.89;32443.65
2026-08-12T16:16:12.947016+02:00;standby;29.8;28.9;5.0;28.0;47.0;57.0;0;0;0;0;16503.97;11280.08;5223.89;32443.65
2026-08-12T16:17:13.876977+02:00;standby;29.8;28.9;5.0;28.0;47.0;57.0;0;0;0;0;16503.97;11280.08;5223.89;32443.65
2026-08-12T16:18:15.012568+02:00;standby;29.8;28.9;5.0;28.0;47.0;57.0;0;0;0;0;16503.97;11280.08;5223.89;32443.65
2026-08-12T16:19:16.197335+02:00;standby;29.8;28.9;5.0;28.0;47.0;57.0;0;0;0;0;16503.97;11280.08;5223.89;32443.65
2026-08-12T16:20:17.121165+02:00;dhw;29.8;37.3;85.0;28.0;46.9;57.0;1;23;1;100;16504.01;11280.08;5223.93;32443.65
2026-08-12T16:20:28.216857+02:00;dhw;29.8;37.8;85.0;28.0;46.9;57.0;1;23;1;100;16504.02;11280.08;5223.94;32443.65
2026-08-12T16:20:44.057441+02:00;dhw;29.8;37.4;85.0;28.0;46.8;57.0;1;23;1;100;16504.03;11280.08;5223.95;
2026-08-12T16:20:57.102492+02:00;dhw;29.8;37.4;85.0;28.0;46.6;57.0;1;23;1;100;16504.04;11280.08;5223.97;32443.65
2026-08-12T16:21:10.070123+02:00;dhw;29.8;38.1;85.0;28.0;46.5;57.0;1;23;1;100;16504.05;11280.08;5223.98;32443.65
2026-08-12T16:21:25.068003+02:00;dhw;29.8;39.2;85.0;28.0;46.3;57.0;1;23;1;100;16504.07;11280.08;5223.99;32443.65
2026-08-12T16:21:38.437384+02:00;dhw;29.8;40.0;85.0;28.0;46.2;57.0;1;34;1;100;16504.08;11280.08;5224.0;32443.65
2026-08-12T16:21:53.887453+02:00;dhw;29.8;41.1;85.0;28.0;46.1;57.0;1;44;1;100;16504.09;11280.08;5224.02;32443.65
2026-08-12T16:22:06.696352+02:00;dhw;29.8;45.0;85.0;28.0;46.0;57.0;1;69;1;100;16504.14;11280.08;5224.07;32443.65
2026-08-12T16:22:25.693016+02:00;dhw;29.8;47.0;85.0;28.0;45.9;57.0;1;80;1;100;16504.17;11280.08;5224.1;
2026-08-12T16:22:36.902214+02:00;dhw;29.8;51.0;85.0;28.0;45.8;57.0;1;99;1;100;16504.23;11280.08;5224.16;32443.75
2026-08-12T16:22:48.573158+02:00;dhw;29.8;54.2;85.0;28.0;45.7;57.0;1;108;1;100;16504.29;11280.08;5224.21;32443.75
2026-08-12T16:23:04.079208+02:00;dhw;29.8;56.1;85.0;28.0;45.7;57.0;1;108;1;100;16504.33;11280.08;5224.25;32443.75
2026-08-12T16:23:17.649151+02:00;dhw;29.8;59.0;85.0;28.0;45.7;57.0;1;108;1;100;16504.39;11280.08;5224.31;32443.75
2026-08-12T16:23:30.186660+02:00;dhw;29.8;61.0;85.0;28.0;45.7;57.0;1;108;1;100;16504.44;11280.08;5224.36;32443.75
2026-08-12T16:23:43.917293+02:00;dhw;29.8;63.3;85.0;28.0;45.7;57.0;1;108;1;100;16504.51;11280.08;5224.44;32443.75
2026-08-12T16:23:56.831705+02:00;dhw;29.8;64.4;85.0;28.0;45.8;57.0;1;108;1;100;16504.55;11280.08;5224.48;32443.75
2026-08-12T16:24:08.549065+02:00;dhw;29.8;66.1;85.0;28.0;45.8;57.0;1;108;1;100;16504.63;11280.08;5224.55;32443.75
2026-08-12T16:24:19.559006+02:00;dhw;29.8;66.2;85.0;28.0;46.0;57.0;1;108;1;100;16504.64;11280.08;5224.56;32443.75
2026-08-12T16:24:32.137781+02:00;dhw;29.8;67.5;85.0;28.0;46.2;57.0;1;108;1;100;16504.72;11280.08;5224.64;32443.75
2026-08-12T16:24:45.762957+02:00;dhw;29.9;68.1;85.0;28.0;46.3;57.0;1;108;1;100;16504.76;11280.08;5224.69;32443.75
2026-08-12T16:24:57.698282+02:00;dhw;29.9;68.7;85.0;28.0;46.4;57.0;1;108;1;100;16504.81;11280.08;5224.73;32443.75
2026-08-12T16:25:09.509385+02:00;dhw;29.9;69.1;85.0;28.0;46.6;57.0;1;108;1;100;16504.85;11280.08;5224.77;32443.75
2026-08-12T16:25:21.197424+02:00;dhw;29.9;69.9;85.0;28.0;46.9;57.0;1;108;1;100;16504.93;11280.08;5224.86;32443.75
2026-08-12T16:25:35.071550+02:00;dhw;29.9;70.3;85.0;28.0;47.1;57.0;1;108;1;100;16504.97;11280.08;5224.9;32443.75
2026-08-12T16:25:45.734478+02:00;dhw;29.9;70.6;85.0;28.0;47.3;57.0;1;108;1;100;16505.02;11280.08;5224.94;32443.75
2026-08-12T16:25:56.890851+02:00;dhw;29.9;71.0;85.0;28.0;47.5;57.0;1;108;1;100;16505.06;11280.08;5224.98;32443.75
2026-08-12T16:26:09.177113+02:00;dhw;29.9;71.2;85.0;28.0;47.9;57.0;1;108;1;100;16505.1;11280.08;5225.02;32443.75
2026-08-12T16:26:24.939841+02:00;dhw;29.9;71.8;85.0;28.0;48.1;57.0;1;108;1;100;16505.18;11280.08;5225.11;
2026-08-12T16:26:37.774187+02:00;dhw;29.9;72.1;85.0;28.0;48.4;57.0;1;108;1;100;16505.22;11280.08;5225.15;32443.85
2026-08-12T16:26:48.693985+02:00;dhw;29.9;72.3;85.0;28.0;48.6;57.0;1;108;1;100;16505.27;11280.08;5225.19;32443.85
2026-08-12T16:27:00.489744+02:00;dhw;29.9;72.9;85.0;28.0;49.0;57.0;1;108;1;100;16505.35;11280.08;5225.27;32443.85
2026-08-12T16:27:14.914011+02:00;dhw;29.9;73.0;85.0;28.0;49.2;57.0;1;108;1;100;16505.39;11280.08;5225.31;32443.85
2026-08-12T16:27:29.197354+02:00;dhw;29.9;73.3;85.0;28.0;49.3;57.0;1;108;1;100;16505.43;11280.08;5225.36;32443.85
2026-08-12T16:27:42.126088+02:00;dhw;29.9;73.9;85.0;28.0;49.7;57.0;1;108;1;100;16505.52;11280.08;5225.44;32443.85
2026-08-12T16:27:56.896094+02:00;dhw;29.9;74.0;85.0;28.0;49.7;57.0;1;108;1;100;16505.56;11280.08;5225.48;32443.85
2026-08-12T16:28:08.414501+02:00;dhw;29.9;74.3;85.0;28.0;50.0;57.0;1;108;1;100;16505.6;11280.08;5225.52;32443.85
2026-08-12T16:28:19.336958+02:00;dhw;29.9;74.8;85.0;28.0;50.3;57.0;1;108;1;100;16505.68;11280.08;5225.61;32443.85
2026-08-12T16:28:30.345729+02:00;dhw;29.9;75.1;85.0;28.0;50.4;57.0;1;108;1;100;16505.73;11280.08;5225.65;32443.85
2026-08-12T16:28:42.156575+02:00;dhw;29.9;75.2;85.0;28.0;50.6;57.0;1;108;1;100;16505.77;11280.08;5225.69;32443.85
2026-08-12T16:28:53.935362+02:00;dhw;29.9;75.5;85.0;28.0;50.7;57.0;1;108;1;100;16505.81;11280.08;5225.73;32443.85
2026-08-12T16:29:09.757455+02:00;dhw;29.9;75.6;85.0;28.0;50.8;57.0;1;108;1;100;16505.85;11280.08;5225.77;32443.85
2026-08-12T16:29:21.591704+02:00;dhw;29.9;76.1;85.0;28.0;51.2;57.0;1;108;1;100;16505.93;11280.08;5225.86;32443.85
2026-08-12T16:29:32.685342+02:00;dhw;29.9;76.4;85.0;28.0;51.4;57.0;1;108;1;100;16505.98;11280.08;5225.9;32443.85
2026-08-12T16:29:44.629531+02:00;dhw;29.9;76.5;85.0;28.0;51.5;57.0;1;108;1;100;16506.02;11280.08;5225.95;32443.85
2026-08-12T16:29:55.889904+02:00;dhw;29.9;76.8;85.0;28.0;51.6;57.0;1;108;1;100;16506.06;11280.08;5225.98;32443.85
2026-08-12T16:30:07.502383+02:00;dhw;29.9;77.0;85.0;28.0;51.8;57.0;1;108;1;100;16506.1;11280.08;5226.03;32443.85
2026-08-12T16:30:18.159050+02:00;dhw;29.9;77.4;85.0;28.0;52.0;57.0;1;108;1;100;16506.19;11280.08;5226.11;32443.85
2026-08-12T16:30:31.685789+02:00;dhw;29.9;77.6;85.0;28.0;52.2;57.0;1;108;1;100;16506.23;11280.08;5226.15;32443.85
2026-08-12T16:30:45.044020+02:00;dhw;29.9;77.9;85.0;28.0;52.3;57.0;1;108;1;100;16506.27;11280.08;5226.2;32443.949
2026-08-12T16:30:56.562455+02:00;dhw;29.9;78.0;85.0;28.0;52.4;57.0;1;108;1;100;16506.31;11280.08;5226.24;32443.949
2026-08-12T16:31:07.272066+02:00;dhw;29.9;78.2;85.0;28.0;52.5;57.0;1;108;1;100;16506.35;11280.08;5226.28;32443.949
2026-08-12T16:31:18.018745+02:00;dhw;29.9;78.5;85.0;28.0;52.7;57.0;1;108;1;100;16506.44;11280.08;5226.36;32443.949
2026-08-12T16:31:29.119170+02:00;dhw;29.9;78.8;85.0;28.0;52.9;57.0;1;108;1;100;16506.48;11280.08;5226.4;32443.949
2026-08-12T16:31:41.165578+02:00;dhw;29.9;79.0;85.0;28.0;53.2;57.0;1;108;1;100;16506.52;11280.08;5226.44;32443.949
2026-08-12T16:31:56.682642+02:00;dhw;29.9;79.1;85.0;28.0;53.3;57.0;1;108;1;100;16506.56;11280.08;5226.49;32443.949
2026-08-12T16:32:07.538434+02:00;dhw;29.9;79.3;85.0;28.0;53.5;57.0;1;108;1;100;16506.61;11280.08;5226.53;32443.949
2026-08-12T16:32:18.905926+02:00;dhw;29.9;79.6;85.0;28.0;53.8;57.0;1;108;1;100;16506.69;11280.08;5226.61;32443.949
2026-08-12T16:32:30.922966+02:00;dhw;29.9;79.9;85.0;28.0;54.0;57.0;1;108;1;100;16506.73;11280.08;5226.65;32443.949
2026-08-12T16:32:43.559730+02:00;dhw;29.9;80.1;85.0;28.0;54.1;57.0;1;108;1;100;16506.77;11280.08;5226.7;32443.949
2026-08-12T16:32:55.821412+02:00;dhw;29.9;80.3;85.0;28.0;54.3;57.0;1;108;1;100;16506.81;11280.08;5226.74;32443.949
2026-08-12T16:33:06.829899+02:00;dhw;29.9;80.4;85.0;28.0;54.4;57.0;1;108;1;100;16506.86;11280.08;5226.78;32443.949
2026-08-12T16:33:18.687362+02:00;dhw;29.9;80.7;85.0;28.0;54.6;57.0;1;108;1;100;16506.94;11280.08;5226.86;32443.949
2026-08-12T16:33:31.862618+02:00;dhw;29.9;81.1;85.0;28.0;54.9;57.0;1;108;1;100;16506.99;11280.08;5226.91;32443.949
2026-08-12T16:33:44.450995+02:00;dhw;29.9;81.1;85.0;28.0;55.1;57.0;1;108;1;100;16507.02;11280.08;5226.95;32443.949
2026-08-12T16:33:56.385586+02:00;dhw;29.9;81.2;85.0;28.0;55.3;57.0;1;108;1;100;16507.06;11280.08;5226.99;32443.949
2026-08-12T16:34:07.741788+02:00;dhw;29.9;81.4;85.0;28.0;55.6;57.0;1;108;1;100;16507.11;11280.08;5227.03;32443.949
2026-08-12T16:34:19.122057+02:00;dhw;29.9;81.9;85.0;28.0;55.8;57.0;1;108;1;100;16507.19;11280.08;5227.11;32443.949
2026-08-12T16:34:30.065022+02:00;dhw;29.9;82.0;85.0;28.0;55.9;57.0;1;108;1;100;16507.24;11280.08;5227.16;32443.949
2026-08-12T16:34:43.162404+02:00;dhw;29.9;82.2;85.0;28.0;56.1;57.0;1;108;1;100;16507.27;11280.08;5227.2;32444.049
2026-08-12T16:34:56.134262+02:00;dhw;29.9;82.4;85.0;28.0;56.3;57.0;1;108;1;100;16507.32;11280.08;5227.24;32444.049
2026-08-12T16:35:08.012843+02:00;dhw;29.9;82.5;85.0;28.0;56.5;57.0;1;108;1;100;16507.36;11280.08;5227.28;32444.049
2026-08-12T16:35:19.691936+02:00;dhw;29.9;82.8;85.0;28.0;56.8;57.0;1;108;1;100;16507.44;11280.08;5227.36;32444.049
2026-08-12T16:35:30.596515+02:00;standby;29.9;82.8;85.0;28.0;57.1;57.0;0;0;1;100;16507.47;11280.08;5227.39;32444.049
2026-08-12T16:35:42.632544+02:00;standby;29.9;81.8;85.0;28.0;57.3;57.0;0;0;1;10;16507.47;11280.08;5227.39;32444.049
2026-08-12T16:35:53.100714+02:00;standby;29.9;79.9;85.0;28.0;57.5;57.0;0;0;1;10;16507.47;11280.08;5227.39;32444.049
2026-08-12T16:36:03.820506+02:00;standby;29.9;76.9;85.0;28.0;57.7;57.0;0;0;1;10;16507.47;11280.08;5227.39;32444.049
2026-08-12T16:36:14.722134+02:00;standby;29.9;74.8;85.0;28.0;57.8;57.0;0;0;1;10;16507.47;11280.08;5227.39;32444.049
2026-08-12T16:36:25.272299+02:00;standby;29.9;73.9;85.0;28.0;58.0;57.0;0;0;1;10;16507.47;11280.08;5227.39;32444.049
2026-08-12T16:37:26.490752+02:00;standby;29.9;66.1;5.0;28.0;58.8;57.0;0;0;1;10;16507.47;11280.08;5227.39;32444.049
2026-08-12T16:38:27.126836+02:00;standby;29.9;62.8;5.0;28.0;59.4;57.0;0;0;0;10;16507.47;11280.08;5227.39;32444.049
2026-08-12T16:39:28.977986+02:00;standby;29.9;63.6;5.0;28.0;59.6;57.0;0;0;0;0;16507.47;11280.08;5227.39;32444.049
2026-08-12T16:40:29.504384+02:00;standby;29.9;64.0;5.0;28.0;59.7;57.0;0;0;0;0;16507.47;11280.08;5227.39;32444.049
2026-08-12T16:41:30.010763+02:00;standby;29.9;64.2;5.0;28.0;59.8;57.0;0;0;0;0;16507.47;11280.08;5227.39;32444.049
2026-08-12T16:42:30.629907+02:00;standby;29.9;64.3;5.0;28.0;59.8;57.0;0;0;0;0;16507.47;11280.08;5227.39;32444.049
2026-08-12T16:43:31.245366+02:00;standby;29.9;64.3;5.0;28.0;59.8;57.0;0;0;0;0;16507.47;11280.08;5227.39;32444.049
2026-08-12T16:44:31.983343+02:00;standby;29.9;64.2;5.0;28.0;59.8;57.0;0;0;0;0;16507.47;11280.08;5227.39;32444.049
2026-08-12T16:45:32.468622+02:00;standby;29.9;64.2;5.0;28.0;59.8;57.0;0;0;0;0;16507.47;11280.08;5227.39;32444.049
2026-08-12T16:46:32.982642+02:00;standby;29.9;64.1;5.0;28.0;59.8;57.0;0;0;0;0;16507.47;11280.08;5227.39;32444.049
2026-08-12T16:47:33.746148+02:00;standby;29.9;64.0;5.0;28.0;59.8;57.0;0;0;0;0;16507.47;11280.08;5227.39;32444.049
2026-08-12T16:48:34.253188+02:00;standby;29.9;63.8;5.0;28.0;59.8;57.0;0;0;0;0;16507.47;11280.08;5227.39;32444.049
2026-08-12T16:49:34.845558+02:00;standby;29.9;63.7;5.0;28.0;59.8;57.0;0;0;0;0;16507.47;11280.08;5227.39;32444.049
2026-08-12T16:50:35.401546+02:00;standby;29.9;63.6;5.0;28.0;59.8;57.0;0;0;0;0;16507.47;11280.08;5227.39;32444.049
2026-08-12T16:51:36.079648+02:00;standby;29.9;63.5;5.0;28.0;59.8;57.0;0;0;0;0;16507.47;11280.08;5227.39;32444.049
2026-08-12T16:52:36.505718+02:00;standby;29.9;63.4;5.0;28.0;59.8;57.0;0;0;0;0;16507.47;11280.08;5227.39;32444.049
2026-08-12T16:53:37.015656+02:00;standby;29.9;63.3;5.0;28.0;59.8;57.0;0;0;0;0;16507.47;11280.08;5227.39;32444.049
2026-08-12T16:54:37.632897+02:00;standby;29.9;63.1;5.0;28.0;59.8;57.0;0;0;0;0;16507.47;11280.08;5227.39;32444.049
2026-08-12T16:55:38.056924+02:00;standby;29.9;63.0;5.0;28.0;59.8;57.0;0;0;0;0;16507.47;11280.08;5227.39;32444.049
2026-08-12T16:56:38.824208+02:00;standby;29.9;62.9;5.0;28.0;59.8;57.0;0;0;0;0;16507.47;11280.08;5227.39;32444.049
2026-08-12T16:57:39.348817+02:00;standby;29.9;62.8;5.0;28.0;59.8;57.0;0;0;0;0;16507.47;11280.08;5227.39;32444.049
2026-08-12T16:58:40.404146+02:00;standby;29.9;62.7;5.0;28.0;59.8;57.0;0;0;0;0;16507.47;11280.08;5227.39;32444.049
2026-08-12T16:59:41.093936+02:00;standby;29.9;62.6;5.0;28.0;59.8;57.0;0;0;0;0;16507.47;11280.08;5227.39;32444.049
2026-08-12T17:00:41.789636+02:00;standby;29.9;62.3;5.0;28.0;59.8;57.0;0;0;0;0;16507.47;11280.08;5227.39;32444.049
2026-08-12T17:01:42.307586+02:00;standby;29.9;62.2;5.0;28.0;59.7;57.0;0;0;0;0;16507.47;11280.08;5227.39;32444.049
2026-08-12T17:02:42.898816+02:00;standby;29.9;62.1;5.0;28.0;59.7;57.0;0;0;0;0;16507.47;11280.08;5227.39;32444.049
2026-08-12T17:03:43.446293+02:00;standby;29.9;62.0;5.0;28.0;59.7;57.0;0;0;0;0;16507.47;11280.08;5227.39;32444.049
2026-08-12T17:04:44.002705+02:00;standby;29.9;61.9;5.0;28.0;59.7;57.0;0;0;0;0;16507.47;11280.08;5227.39;32444.049
2026-08-12T17:05:44.518991+02:00;standby;29.9;61.7;5.0;28.0;59.7;57.0;0;0;0;0;16507.47;11280.08;5227.39;32444.049
2026-08-12T17:06:45.250176+02:00;standby;29.9;61.5;5.0;28.0;59.7;57.0;0;0;0;0;16507.47;11280.08;5227.39;32444.049
2026-08-12T17:07:45.961088+02:00;standby;29.9;61.4;5.0;28.0;59.7;57.0;0;0;0;0;16507.47;11280.08;5227.39;32444.049
2026-08-12T17:08:46.586053+02:00;standby;29.9;61.3;5.0;28.0;59.7;57.0;0;0;0;0;16507.47;11280.08;5227.39;32444.049
2026-08-12T17:09:47.449266+02:00;standby;29.9;61.2;5.0;28.0;59.7;57.0;0;0;0;0;16507.47;11280.08;5227.39;32444.049
2026-08-12T17:10:48.106754+02:00;standby;29.9;60.9;5.0;28.0;59.7;57.0;0;0;0;0;16507.47;11280.08;5227.39;32444.049
2026-08-12T17:11:48.525313+02:00;standby;29.9;60.8;5.0;28.0;59.7;57.0;0;0;0;0;16507.47;11280.08;5227.39;32444.049
2026-08-12T17:12:49.005265+02:00;standby;29.9;60.7;5.0;28.0;59.7;57.0;0;0;0;0;16507.47;11280.08;5227.39;32444.049
2026-08-12T17:13:50.173916+02:00;standby;29.9;60.6;5.0;28.0;59.6;57.0;0;0;0;0;16507.47;11280.08;5227.39;32444.049
2026-08-12T17:14:50.691497+02:00;standby;29.9;60.5;5.0;28.0;59.6;57.0;0;0;0;0;16507.47;11280.08;5227.39;32444.049
2026-08-12T17:15:51.554582+02:00;standby;29.9;60.2;5.0;28.0;59.6;57.0;0;0;0;0;16507.47;11280.08;5227.39;32444.049
2026-08-12T17:16:52.146099+02:00;standby;29.9;60.1;5.0;28.0;59.6;57.0;0;0;0;0;16507.47;11280.08;5227.39;32444.049
2026-08-12T17:17:52.766130+02:00;standby;29.9;60.0;5.0;28.0;59.6;57.0;0;0;0;0;16507.47;11280.08;5227.39;32444.049
2026-08-12T17:18:53.227782+02:00;standby;29.9;59.9;5.0;28.0;59.6;57.0;0;0;0;0;16507.47;11280.08;5227.39;32444.049
2026-08-12T17:19:53.639043+02:00;standby;29.9;59.8;5.0;28.0;59.6;57.0;0;0;0;0;16507.47;11280.08;5227.39;32444.049
2026-08-12T17:20:54.248271+02:00;standby;29.9;59.5;5.0;28.0;59.6;57.0;0;0;0;0;16507.47;11280.08;5227.39;32444.049
2026-08-12T17:21:54.777376+02:00;standby;29.9;59.4;5.0;28.0;59.6;57.0;0;0;0;0;16507.47;11280.08;5227.39;32444.049
2026-08-12T17:22:55.274888+02:00;standby;29.9;59.3;5.0;28.0;59.6;57.0;0;0;0;0;16507.47;11280.08;5227.39;32444.049
2026-08-12T17:23:55.833527+02:00;standby;29.9;59.1;5.0;28.0;59.6;57.0;0;0;0;0;16507.47;11280.08;5227.39;32444.049
2026-08-12T17:24:56.426127+02:00;standby;30.0;59.0;5.0;28.0;59.6;57.0;0;0;0;0;16507.47;11280.08;5227.39;32444.049
2026-08-12T17:25:56.982175+02:00;standby;30.0;58.9;5.0;28.0;59.6;57.0;0;0;0;0;16507.47;11280.08;5227.39;32444.049
2026-08-12T17:26:57.468749+02:00;standby;30.0;58.7;5.0;28.0;59.5;57.0;0;0;0;0;16507.47;11280.08;5227.39;32444.049
2026-08-12T17:27:57.996621+02:00;standby;30.0;58.5;5.0;28.0;59.5;57.0;0;0;0;0;16507.47;11280.08;5227.39;32444.049
2026-08-12T17:28:58.634926+02:00;standby;30.0;58.4;5.0;28.0;59.5;57.0;0;0;0;0;16507.47;11280.08;5227.39;32444.049
2026-08-12T17:29:59.093464+02:00;standby;30.0;58.3;5.0;28.0;59.5;57.0;0;0;0;0;16507.47;11280.08;5227.39;32444.049
2026-08-12T17:31:00.232473+02:00;standby;30.0;58.2;5.0;28.0;59.5;57.0;0;0;0;0;16507.47;11280.08;5227.39;32444.049
2026-08-12T17:32:00.777751+02:00;standby;30.0;58.0;5.0;28.0;59.5;57.0;0;0;0;0;16507.47;11280.08;5227.39;32444.049
2026-08-12T17:33:01.743192+02:00;standby;30.0;57.8;5.0;28.0;59.5;57.0;0;0;0;0;16507.47;11280.08;5227.39;32444.049
2026-08-12T17:34:02.226284+02:00;standby;30.0;57.7;5.0;28.0;59.5;57.0;0;0;0;0;16507.47;11280.08;5227.39;32444.049
2026-08-12T17:35:02.739607+02:00;standby;30.0;57.6;5.0;28.0;59.5;57.0;0;0;0;0;16507.47;11280.08;5227.39;32444.049
2026-08-12T17:36:03.256501+02:00;standby;30.0;57.4;5.0;28.0;59.5;57.0;0;0;0;0;16507.47;11280.08;5227.39;32444.049
2026-08-12T17:37:03.856150+02:00;standby;30.0;57.3;5.0;28.0;59.5;57.0;0;0;0;0;16507.47;11280.08;5227.39;32444.049
2026-08-12T17:38:04.807344+02:00;standby;30.0;57.2;5.0;28.0;59.5;57.0;0;0;0;0;16507.47;11280.08;5227.39;32444.049
2026-08-12T17:39:06.290405+02:00;standby;30.0;56.9;5.0;28.0;59.5;57.0;0;0;0;0;16507.47;11280.08;5227.39;32444.049
2026-08-12T17:40:07.223783+02:00;standby;30.0;56.8;5.0;28.0;59.5;57.0;0;0;0;0;16507.47;11280.08;5227.39;32444.049
2026-08-12T17:41:07.796713+02:00;standby;30.0;56.7;5.0;28.0;59.5;57.0;0;0;0;0;16507.47;11280.08;5227.39;32444.049
2026-08-12T17:42:08.313159+02:00;standby;30.0;56.6;5.0;28.0;59.5;57.0;0;0;0;0;16507.47;11280.08;5227.39;32444.049
2026-08-12T17:43:08.810445+02:00;standby;30.0;56.5;5.0;28.0;59.4;57.0;0;0;0;0;16507.47;11280.08;5227.39;32444.049
2026-08-12T17:44:09.228387+02:00;standby;30.0;56.2;5.0;28.0;59.4;57.0;0;0;0;0;16507.47;11280.08;5227.39;32444.049
2026-08-12T17:45:09.814551+02:00;standby;30.0;56.1;5.0;28.0;59.4;57.0;0;0;0;0;16507.47;11280.08;5227.39;32444.049
2026-08-12T17:46:10.432746+02:00;standby;30.0;56.0;5.0;28.0;59.4;57.0;0;0;0;0;16507.47;11280.08;5227.39;32444.049
2026-08-12T17:47:10.887244+02:00;standby;30.0;55.9;5.0;28.0;59.4;57.0;0;0;0;0;16507.47;11280.08;5227.39;32444.049
2026-08-12T17:48:11.508064+02:00;standby;30.0;55.8;5.0;28.0;59.4;57.0;0;0;0;0;16507.47;11280.08;5227.39;32444.049
2026-08-12T17:49:12.030476+02:00;standby;30.0;55.6;5.0;28.0;59.4;57.0;0;0;0;0;16507.47;11280.08;5227.39;32444.049
2026-08-12T17:50:12.853857+02:00;standby;30.0;55.5;5.0;28.0;59.4;57.0;0;0;0;0;16507.47;11280.08;5227.39;32444.049
2026-08-12T17:51:13.509067+02:00;standby;30.0;55.3;5.0;28.0;59.4;57.0;0;0;0;0;16507.47;11280.08;5227.39;32444.049
2026-08-12T17:52:14.029358+02:00;standby;30.0;55.2;5.0;28.0;59.4;57.0;0;0;0;0;16507.47;11280.08;5227.39;32444.049
2026-08-12T17:53:14.587267+02:00;standby;30.0;55.1;5.0;28.0;59.4;57.0;0;0;0;0;16507.47;11280.08;5227.39;32444.049
2026-08-12T17:54:15.004637+02:00;standby;30.0;54.9;5.0;28.0;59.4;57.0;0;0;0;0;16507.47;11280.08;5227.39;32444.049
2026-08-12T17:55:15.784361+02:00;standby;30.0;54.8;5.0;28.0;59.3;57.0;0;0;0;0;16507.47;11280.08;5227.39;32444.049
2026-08-12T17:56:16.608926+02:00;standby;30.0;54.7;5.0;28.0;59.3;57.0;0;0;0;0;16507.47;11280.08;5227.39;32444.049
2026-08-12T17:57:17.688505+02:00;standby;30.0;54.6;5.0;28.0;59.3;57.0;0;0;0;0;16507.47;11280.08;5227.39;32444.049
2026-08-12T17:58:18.470117+02:00;standby;30.0;54.4;5.0;28.0;59.3;57.0;0;0;0;0;16507.47;11280.08;5227.39;32444.049
2026-08-12T17:59:18.981877+02:00;standby;30.0;54.3;5.0;28.0;59.3;57.0;0;0;0;0;16507.47;11280.08;5227.39;32444.049
2026-08-12T18:00:19.922298+02:00;standby;30.0;54.1;5.0;28.0;59.3;57.0;0;0;0;0;16507.47;11280.08;5227.39;32444.049
2026-08-12T18:01:20.479837+02:00;standby;30.0;54.0;5.0;28.0;59.3;57.0;0;0;0;0;16507.47;11280.08;5227.39;32444.049
2026-08-12T18:02:21.158963+02:00;standby;30.0;53.9;5.0;28.0;59.3;57.0;0;0;0;0;16507.47;11280.08;5227.39;32444.049
2026-08-12T18:03:22.066336+02:00;standby;30.0;53.8;5.0;28.0;59.3;57.0;0;0;0;0;16507.47;11280.08;5227.39;32444.049
2026-08-12T18:04:23.062660+02:00;standby;30.0;53.7;5.0;28.0;59.3;57.0;0;0;0;0;16507.47;11280.08;5227.39;32444.049
2026-08-12T18:05:23.746362+02:00;standby;30.0;53.6;5.0;28.0;59.3;57.0;0;0;0;0;16507.47;11280.08;5227.39;32444.049
2026-08-12T18:06:24.375797+02:00;standby;30.0;53.4;5.0;28.0;59.3;57.0;0;0;0;0;16507.47;11280.08;5227.39;32444.049
2026-08-12T18:07:24.913298+02:00;standby;30.0;53.3;5.0;28.0;59.3;57.0;0;0;0;0;16507.47;11280.08;5227.39;32444.049
2026-08-12T18:08:25.426133+02:00;standby;30.0;53.1;5.0;28.0;59.3;57.0;0;0;0;0;16507.47;11280.08;5227.39;32444.049
2026-08-12T18:09:27.282118+02:00;standby;30.0;53.0;5.0;28.0;59.3;57.0;0;0;0;0;16507.47;11280.08;5227.39;32444.049
2026-08-12T18:10:28.004500+02:00;standby;30.0;52.9;5.0;28.0;59.3;57.0;0;0;0;0;16507.47;11280.08;5227.39;32444.049
2026-08-12T18:11:30.164321+02:00;standby;30.0;52.8;5.0;28.0;59.2;57.0;0;0;0;0;16507.47;11280.08;5227.39;32444.049
2026-08-12T18:12:30.760569+02:00;standby;30.0;52.7;5.0;28.0;59.2;57.0;0;0;0;0;16507.47;11280.08;5227.39;32444.049
2026-08-12T18:13:32.830047+02:00;standby;30.0;52.6;5.0;28.0;59.2;57.0;0;0;0;0;16507.47;11280.08;5227.39;32444.049
2026-08-12T18:14:34.150195+02:00;standby;30.0;52.4;5.0;28.0;59.2;57.0;0;0;0;0;16507.47;11280.08;5227.39;32444.049
2026-08-12T18:15:34.988712+02:00;standby;30.0;52.3;5.0;28.0;59.2;57.0;0;0;0;0;16507.47;11280.08;5227.39;32444.049
2026-08-12T18:16:35.802037+02:00;standby;30.0;52.2;5.0;28.0;59.2;57.0;0;0;0;0;16507.47;11280.08;5227.39;32444.049
2026-08-12T18:17:36.314290+02:00;standby;30.0;52.1;5.0;28.0;59.2;57.0;0;0;0;0;16507.47;11280.08;5227.39;32444.049
2026-08-12T18:18:36.844893+02:00;standby;30.0;52.0;5.0;28.0;59.2;57.0;0;0;0;0;16507.47;11280.08;5227.39;32444.049
2026-08-12T18:19:37.404759+02:00;standby;30.0;51.9;5.0;28.0;59.2;57.0;0;0;0;0;16507.47;11280.08;5227.39;32444.049
2026-08-12T18:20:37.987104+02:00;standby;30.0;51.8;5.0;28.0;59.2;57.0;0;0;0;0;16507.47;11280.08;5227.39;32444.049
2026-08-12T18:21:38.606288+02:00;standby;30.0;51.7;5.0;28.0;59.2;57.0;0;0;0;0;16507.47;11280.08;5227.39;32444.049
2026-08-12T18:22:39.119048+02:00;standby;30.0;51.6;5.0;28.0;59.2;57.0;0;0;0;0;16507.47;11280.08;5227.39;32444.049
2026-08-12T18:23:39.848052+02:00;standby;30.0;51.4;5.0;28.0;59.1;57.0;0;0;0;0;16507.47;11280.08;5227.39;32444.049
2026-08-12T18:24:40.369211+02:00;standby;30.0;51.3;5.0;28.0;59.1;57.0;0;0;0;0;16507.47;11280.08;5227.39;32444.049
2026-08-12T18:25:41.099245+02:00;standby;29.5;51.2;5.0;28.0;59.2;57.0;0;0;0;0;16507.47;11280.08;5227.39;32444.049
2026-08-12T18:26:41.816364+02:00;standby;29.5;51.1;5.0;28.0;59.1;57.0;0;0;0;0;16507.47;11280.08;5227.39;32444.049
2026-08-12T18:27:42.744027+02:00;standby;29.5;51.0;5.0;28.0;59.1;57.0;0;0;0;0;16507.47;11280.08;5227.39;32444.049
2026-08-12T18:28:43.466883+02:00;standby;29.5;50.9;5.0;28.0;59.1;57.0;0;0;0;0;16507.47;11280.08;5227.39;32444.049
2026-08-12T18:29:44.300984+02:00;standby;29.5;50.8;5.0;28.0;59.1;57.0;0;0;0;0;16507.47;11280.08;5227.39;32444.049
2026-08-12T18:30:44.917296+02:00;standby;29.5;50.7;5.0;28.0;59.1;57.0;0;0;0;0;16507.47;11280.08;5227.39;32444.049
2026-08-12T18:31:45.542718+02:00;standby;29.5;50.6;5.0;28.0;59.1;57.0;0;0;0;0;16507.47;11280.08;5227.39;32444.049
2026-08-12T18:32:46.193685+02:00;standby;29.5;50.4;5.0;28.0;59.1;57.0;0;0;0;0;16507.47;11280.08;5227.39;32444.049
2026-08-12T18:33:46.829850+02:00;standby;29.5;50.3;5.0;28.0;59.1;57.0;0;0;0;0;16507.47;11280.08;5227.39;32444.049
2026-08-12T18:34:47.449218+02:00;standby;29.5;50.2;5.0;28.0;59.1;57.0;0;0;0;0;16507.47;11280.08;5227.39;32444.049
2026-08-12T18:35:50.828317+02:00;standby;29.5;50.1;5.0;28.0;59.1;57.0;0;0;0;0;16507.47;11280.08;5227.39;32444.049
2026-08-12T18:36:51.860301+02:00;standby;29.5;50.0;5.0;28.0;59.1;57.0;0;0;0;0;16507.47;11280.08;5227.39;32444.049
2026-08-12T18:37:52.342204+02:00;standby;29.5;49.9;5.0;28.0;59.1;57.0;0;0;0;0;16507.47;11280.08;5227.39;32444.049
2026-08-12T18:38:52.869950+02:00;standby;29.5;49.8;5.0;28.0;59.1;57.0;0;0;0;0;16507.47;11280.08;5227.39;32444.049
2026-08-12T18:39:53.500073+02:00;standby;29.5;49.7;5.0;28.0;58.9;57.0;0;0;0;0;16507.47;11280.08;5227.39;32444.049
2026-08-12T18:40:54.106072+02:00;standby;29.5;49.5;5.0;28.0;58.9;57.0;0;0;0;0;16507.47;11280.08;5227.39;32444.049
2026-08-12T18:41:54.790122+02:00;standby;29.5;49.4;5.0;28.0;58.9;57.0;0;0;0;0;16507.47;11280.08;5227.39;32444.049
2026-08-12T18:42:55.286994+02:00;standby;29.5;49.4;5.0;28.0;58.9;57.0;0;0;0;0;16507.47;11280.08;5227.39;32444.049
2026-08-12T18:43:56.528928+02:00;standby;29.5;49.3;5.0;28.0;58.9;57.0;0;0;0;0;16507.47;11280.08;5227.39;32444.049
2026-08-12T18:44:57.014356+02:00;standby;29.5;49.2;5.0;28.0;58.9;57.0;0;0;0;0;16507.47;11280.08;5227.39;32444.049
2026-08-12T18:45:57.516206+02:00;standby;29.5;49.1;5.0;28.0;58.9;57.0;0;0;0;0;16507.47;11280.08;5227.39;32444.049
2026-08-12T18:46:58.001258+02:00;standby;29.5;49.0;5.0;28.0;58.9;57.0;0;0;0;0;16507.47;11280.08;5227.39;32444.049
2026-08-12T18:47:58.608204+02:00;standby;29.5;48.9;5.0;28.0;58.9;57.0;0;0;0;0;16507.47;11280.08;5227.39;32444.049
2026-08-12T18:48:59.079532+02:00;standby;29.5;48.7;5.0;28.0;58.9;57.0;0;0;0;0;16507.47;11280.08;5227.39;32444.049
2026-08-12T18:49:59.801065+02:00;standby;29.5;48.6;5.0;28.0;58.9;57.0;0;0;0;0;16507.47;11280.08;5227.39;32444.049
2026-08-12T18:51:00.457491+02:00;standby;29.5;48.5;5.0;28.0;58.9;57.0;0;0;0;0;16507.47;11280.08;5227.39;32444.049
2026-08-12T18:52:01.258461+02:00;standby;29.5;48.5;5.0;28.0;58.9;57.0;0;0;0;0;16507.47;11280.08;5227.39;32444.049
2026-08-12T18:53:02.815517+02:00;standby;29.5;48.4;5.0;28.0;58.9;57.0;0;0;0;0;16507.47;11280.08;5227.39;32444.049
2026-08-12T18:54:03.454752+02:00;standby;29.5;48.3;5.0;28.0;58.9;57.0;0;0;0;0;16507.47;11280.08;5227.39;32444.049
2026-08-12T18:55:03.953268+02:00;standby;29.5;48.2;5.0;28.0;58.8;57.0;0;0;0;0;16507.47;11280.08;5227.39;32444.049
2026-08-12T18:56:04.864737+02:00;standby;29.5;48.1;5.0;28.0;58.8;57.0;0;0;0;0;16507.47;11280.08;5227.39;32444.049
2026-08-12T18:57:05.494105+02:00;standby;29.5;48.0;5.0;28.0;58.8;57.0;0;0;0;0;16507.47;11280.08;5227.39;32444.049
2026-08-12T18:58:05.967993+02:00;standby;29.5;47.8;5.0;28.0;58.8;57.0;0;0;0;0;16507.47;11280.08;5227.39;32444.049
2026-08-12T18:59:06.981077+02:00;standby;29.5;47.8;5.0;28.0;58.8;57.0;0;0;0;0;16507.47;11280.08;5227.39;32444.049
2026-08-12T19:00:07.466459+02:00;standby;29.5;47.7;5.0;28.0;58.8;57.0;0;0;0;0;16507.47;11280.08;5227.39;32444.049
2026-08-12T19:01:07.983560+02:00;standby;29.5;47.6;5.0;28.0;58.8;57.0;0;0;0;0;16507.47;11280.08;5227.39;32444.049
2026-08-12T19:02:09.951360+02:00;standby;29.5;47.5;5.0;28.0;58.8;57.0;0;0;0;0;16507.47;11280.08;5227.39;32444.049
2026-08-12T19:03:10.578581+02:00;standby;29.5;47.4;5.0;28.0;58.8;57.0;0;0;0;0;16507.47;11280.08;5227.39;32444.049
2026-08-12T19:04:11.179370+02:00;standby;29.5;47.4;5.0;28.0;58.8;57.0;0;0;0;0;16507.47;11280.08;5227.39;32444.049
2026-08-12T19:05:12.272261+02:00;standby;29.5;47.3;5.0;28.0;58.8;57.0;0;0;0;0;16507.47;11280.08;5227.39;32444.049
2026-08-12T19:06:12.789507+02:00;standby;29.5;47.2;5.0;28.0;58.8;57.0;0;0;0;0;16507.47;11280.08;5227.39;32444.049
2026-08-12T19:07:13.242858+02:00;standby;29.5;47.0;5.0;28.0;58.8;57.0;0;0;0;0;16507.47;11280.08;5227.39;32444.049
2026-08-12T19:08:13.769035+02:00;standby;29.5;46.9;5.0;28.0;58.8;57.0;0;0;0;0;16507.47;11280.08;5227.39;32444.049
2026-08-12T19:09:14.389620+02:00;standby;29.5;46.9;5.0;28.0;58.7;57.0;0;0;0;0;16507.47;11280.08;5227.39;32444.049
2026-08-12T19:10:14.941086+02:00;standby;29.5;46.8;5.0;28.0;58.7;57.0;0;0;0;0;16507.47;11280.08;5227.39;32444.049
2026-08-12T19:11:15.446752+02:00;standby;29.5;46.7;5.0;28.0;58.7;57.0;0;0;0;0;16507.47;11280.08;5227.39;32444.049
2026-08-12T19:12:16.056222+02:00;standby;29.5;46.6;5.0;28.0;58.7;57.0;0;0;0;0;16507.47;11280.08;5227.39;32444.049
2026-08-12T19:13:16.667914+02:00;standby;29.5;46.6;5.0;28.0;58.7;57.0;0;0;0;0;16507.47;11280.08;5227.39;32444.049
2026-08-12T19:14:17.507529+02:00;standby;29.5;46.5;5.0;28.0;58.7;57.0;0;0;0;0;16507.47;11280.08;5227.39;32444.049
2026-08-12T19:15:18.024890+02:00;standby;29.5;46.4;5.0;28.0;58.7;57.0;0;0;0;0;16507.47;11280.08;5227.39;32444.049
2026-08-12T19:16:18.563270+02:00;standby;29.5;46.2;5.0;28.0;58.7;57.0;0;0;0;0;16507.47;11280.08;5227.39;32444.049
2026-08-12T19:17:19.016037+02:00;standby;29.5;46.2;5.0;28.0;58.7;57.0;0;0;0;0;16507.47;11280.08;5227.39;32444.049
2026-08-12T19:18:19.527135+02:00;standby;29.5;46.1;5.0;28.0;58.7;57.0;0;0;0;0;16507.47;11280.08;5227.39;32444.049
2026-08-12T19:19:20.659120+02:00;standby;29.5;46.0;5.0;28.0;58.7;57.0;0;0;0;0;16507.47;11280.08;5227.39;32444.049
2026-08-12T19:20:21.331602+02:00;standby;29.5;45.9;5.0;28.0;58.7;57.0;0;0;0;0;16507.47;11280.08;5227.39;32444.049
2026-08-12T19:21:21.905046+02:00;standby;29.5;45.9;5.0;28.0;58.7;57.0;0;0;0;0;16507.47;11280.08;5227.39;32444.049
2026-08-12T19:22:22.460874+02:00;standby;29.5;45.8;5.0;28.0;58.7;57.0;0;0;0;0;16507.47;11280.08;5227.39;32444.049
2026-08-12T19:23:23.710073+02:00;standby;29.5;45.7;5.0;28.0;58.7;57.0;0;0;0;0;16507.47;11280.08;5227.39;32444.049
2026-08-12T19:24:24.766173+02:00;standby;29.5;45.7;5.0;28.0;58.6;57.0;0;0;0;0;16507.47;11280.08;5227.39;32444.049
2026-08-12T19:25:25.462625+02:00;standby;29.5;45.6;5.0;28.0;58.6;57.0;0;0;0;0;16507.47;11280.08;5227.39;32444.049
2026-08-12T19:26:25.934786+02:00;standby;29.0;45.5;5.0;28.0;58.6;57.0;0;0;0;0;16507.47;11280.08;5227.39;32444.049
2026-08-12T19:27:27.011446+02:00;standby;29.0;45.5;5.0;28.0;58.6;57.0;0;0;0;0;16507.47;11280.08;5227.39;32444.049
2026-08-12T19:28:27.492872+02:00;standby;29.0;45.3;5.0;28.0;58.6;57.0;0;0;0;0;16507.47;11280.08;5227.39;32444.049
2026-08-12T19:29:27.949111+02:00;standby;29.0;45.2;5.0;28.0;58.6;57.0;0;0;0;0;16507.47;11280.08;5227.39;32444.049
2026-08-12T19:30:28.372160+02:00;standby;29.0;45.1;5.0;28.0;58.6;57.0;0;0;0;0;16507.47;11280.08;5227.39;32444.049
2026-08-12T19:31:28.847654+02:00;standby;29.0;45.1;5.0;28.0;58.6;57.0;0;0;0;0;16507.47;11280.08;5227.39;32444.049
2026-08-12T19:32:29.406523+02:00;standby;29.0;45.0;5.0;28.0;58.6;57.0;0;0;0;0;16507.47;11280.08;5227.39;32444.049
2026-08-12T19:33:29.929531+02:00;standby;29.0;44.9;5.0;28.0;58.6;57.0;0;0;0;0;16507.47;11280.08;5227.39;32444.049
2026-08-12T19:34:30.871120+02:00;standby;29.0;44.9;5.0;28.0;58.6;57.0;0;0;0;0;16507.47;11280.08;5227.39;32444.049
2026-08-12T19:35:31.369719+02:00;standby;29.0;44.8;5.0;28.0;58.6;57.0;0;0;0;0;16507.47;11280.08;5227.39;32444.049
2026-08-12T19:36:31.992790+02:00;standby;29.0;44.7;5.0;28.0;58.6;57.0;0;0;0;0;16507.47;11280.08;5227.39;32444.049
2026-08-12T19:37:32.944470+02:00;standby;29.0;44.7;5.0;28.0;58.5;57.0;0;0;0;0;16507.47;11280.08;5227.39;32444.049
2026-08-12T19:38:33.440995+02:00;standby;29.0;44.5;5.0;28.0;58.5;57.0;0;0;0;0;16507.47;11280.08;5227.39;32444.049
2026-08-12T19:39:34.092491+02:00;standby;29.0;44.4;5.0;28.0;58.5;57.0;0;0;0;0;16507.47;11280.08;5227.39;32444.049
2026-08-12T19:40:34.778966+02:00;standby;29.0;44.4;5.0;28.0;58.5;57.0;0;0;0;0;16507.47;11280.08;5227.39;32444.049
2026-08-12T19:41:35.442473+02:00;standby;29.0;44.3;5.0;28.0;58.5;57.0;0;0;0;0;16507.47;11280.08;5227.39;32444.049
2026-08-12T19:42:36.139765+02:00;standby;29.0;44.3;5.0;28.0;58.5;57.0;0;0;0;0;16507.47;11280.08;5227.39;32444.049
2026-08-12T19:43:36.852827+02:00;standby;29.0;44.2;5.0;28.0;58.5;57.0;0;0;0;0;16507.47;11280.08;5227.39;32444.049
2026-08-12T19:44:37.533483+02:00;standby;29.0;44.1;5.0;28.0;58.5;57.0;0;0;0;0;16507.47;11280.08;5227.39;32444.049
2026-08-12T19:45:37.959846+02:00;standby;29.0;44.1;5.0;28.0;58.5;57.0;0;0;0;0;16507.47;11280.08;5227.39;32444.049
2026-08-12T19:46:38.536520+02:00;standby;29.0;44.0;5.0;28.0;58.5;57.0;0;0;0;0;16507.47;11280.08;5227.39;32444.049
2026-08-12T19:47:39.043432+02:00;standby;29.0;44.0;5.0;28.0;58.5;57.0;0;0;0;0;16507.47;11280.08;5227.39;32444.049
2026-08-12T19:48:39.613016+02:00;standby;29.0;43.9;5.0;28.0;58.5;57.0;0;0;0;0;16507.47;11280.08;5227.39;32444.049
2026-08-12T19:49:40.299638+02:00;standby;29.0;43.7;5.0;28.0;58.5;57.0;0;0;0;0;16507.47;11280.08;5227.39;32444.049
2026-08-12T19:50:41.841895+02:00;standby;29.0;43.7;5.0;28.0;58.5;57.0;0;0;0;0;16507.47;11280.08;5227.39;32444.049
2026-08-12T19:51:42.873683+02:00;standby;29.0;43.6;5.0;28.0;58.5;57.0;0;0;0;0;16507.47;11280.08;5227.39;32444.049
2026-08-12T19:52:43.785008+02:00;standby;29.0;43.5;5.0;28.0;58.4;57.0;0;0;0;0;16507.47;11280.08;5227.39;32444.049
2026-08-12T19:53:44.413069+02:00;standby;29.0;43.5;5.0;28.0;58.4;57.0;0;0;0;0;16507.47;11280.08;5227.39;32444.049
2026-08-12T19:54:44.919002+02:00;standby;29.0;43.4;5.0;28.0;58.4;57.0;0;0;0;0;16507.47;11280.08;5227.39;32444.049
2026-08-12T19:55:45.504870+02:00;standby;29.0;43.4;5.0;28.0;58.4;57.0;0;0;0;0;16507.47;11280.08;5227.39;32444.049
2026-08-12T19:56:46.614798+02:00;standby;29.0;43.3;5.0;28.0;58.4;57.0;0;0;0;0;16507.47;11280.08;5227.39;32444.049
2026-08-12T19:57:47.098367+02:00;standby;29.0;43.2;5.0;28.0;58.4;57.0;0;0;0;0;16507.47;11280.08;5227.39;32444.049
2026-08-12T19:58:47.659488+02:00;standby;29.0;43.2;5.0;28.0;58.4;57.0;0;0;0;0;16507.47;11280.08;5227.39;32444.049
2026-08-12T19:59:48.145803+02:00;standby;29.0;43.1;5.0;28.0;58.4;57.0;0;0;0;0;16507.47;11280.08;5227.39;32444.049
2026-08-12T20:00:48.750186+02:00;standby;29.0;43.1;5.0;28.0;58.4;57.0;0;0;0;0;16507.47;11280.08;5227.39;32444.049
2026-08-12T20:01:49.342098+02:00;standby;29.0;43.0;5.0;28.0;58.4;57.0;0;0;0;0;16507.47;11280.08;5227.39;32444.049
2026-08-12T20:02:49.898507+02:00;standby;29.0;43.0;5.0;28.0;58.4;57.0;0;0;0;0;16507.47;11280.08;5227.39;32444.049
2026-08-12T20:03:50.419832+02:00;standby;29.0;42.8;5.0;28.0;58.4;57.0;0;0;0;0;16507.47;11280.08;5227.39;32444.049
2026-08-12T20:04:51.035211+02:00;standby;29.0;42.7;5.0;28.0;58.4;57.0;0;0;0;0;16507.47;11280.08;5227.39;32444.049
2026-08-12T20:05:51.820232+02:00;standby;29.0;42.7;5.0;28.0;58.3;57.0;0;0;0;0;16507.47;11280.08;5227.39;32444.049
2026-08-12T20:06:52.614972+02:00;standby;29.0;42.6;5.0;28.0;58.3;57.0;0;0;0;0;16507.47;11280.08;5227.39;32444.049
2026-08-12T20:07:53.111661+02:00;standby;29.0;42.6;5.0;28.0;58.3;57.0;0;0;0;0;16507.47;11280.08;5227.39;32444.049
2026-08-12T20:08:53.796616+02:00;standby;29.0;42.5;5.0;28.0;58.3;57.0;0;0;0;0;16507.47;11280.08;5227.39;32444.049
2026-08-12T20:09:54.587960+02:00;standby;29.0;42.5;5.0;28.0;58.3;57.0;0;0;0;0;16507.47;11280.08;5227.39;32444.049
2026-08-12T20:10:55.093658+02:00;standby;29.0;42.4;5.0;28.0;58.3;57.0;0;0;0;0;16507.47;11280.08;5227.39;32444.049
2026-08-12T20:11:55.740446+02:00;standby;29.0;42.4;5.0;28.0;58.3;57.0;0;0;0;0;16507.47;11280.08;5227.39;32444.049
2026-08-12T20:12:56.317043+02:00;standby;29.0;42.3;5.0;28.0;58.3;57.0;0;0;0;0;16507.47;11280.08;5227.39;32444.049
2026-08-12T20:13:57.579497+02:00;standby;29.0;42.3;5.0;28.0;58.3;57.0;0;0;0;0;16507.47;11280.08;5227.39;32444.049
2026-08-12T20:14:58.139978+02:00;standby;29.0;42.2;5.0;28.0;58.3;57.0;0;0;0;0;16507.47;11280.08;5227.39;32444.049
2026-08-12T20:15:58.595937+02:00;standby;29.0;42.2;5.0;28.0;58.3;57.0;0;0;0;0;16507.47;11280.08;5227.39;32444.049
2026-08-12T20:16:59.622342+02:00;standby;29.0;42.0;5.0;28.0;58.3;57.0;0;0;0;0;16507.47;11280.08;5227.39;32444.049
2026-08-12T20:18:00.257632+02:00;standby;29.0;42.0;5.0;28.0;58.3;57.0;0;0;0;0;16507.47;11280.08;5227.39;32444.049
2026-08-12T20:19:01.276125+02:00;standby;29.0;41.9;5.0;28.0;58.2;57.0;0;0;0;0;16507.47;11280.08;5227.39;32444.049
2026-08-12T20:20:02.062793+02:00;standby;29.0;41.9;5.0;28.0;58.2;57.0;0;0;0;0;16507.47;11280.08;5227.39;32444.049
2026-08-12T20:21:02.641478+02:00;standby;29.0;41.8;5.0;28.0;58.2;57.0;0;0;0;0;16507.47;11280.08;5227.39;32444.049
2026-08-12T20:22:03.816028+02:00;standby;29.0;41.8;5.0;28.0;58.2;57.0;0;0;0;0;16507.47;11280.08;5227.39;32444.049
2026-08-12T20:23:04.441647+02:00;standby;29.0;41.7;5.0;28.0;58.2;57.0;0;0;0;0;16507.47;11280.08;5227.39;32444.049
2026-08-12T20:24:05.239572+02:00;standby;29.0;41.6;5.0;28.0;58.2;57.0;0;0;0;0;16507.47;11280.08;5227.39;32444.049
2026-08-12T20:25:05.857574+02:00;standby;29.0;41.6;5.0;28.0;58.2;57.0;0;0;0;0;16507.47;11280.08;5227.39;32444.049
2026-08-12T20:26:06.853454+02:00;standby;29.0;41.6;5.0;28.0;58.2;57.0;0;0;0;0;16507.47;11280.08;5227.39;32444.049
2026-08-12T20:27:07.374574+02:00;standby;27.9;41.5;5.0;28.0;58.2;57.0;0;0;0;0;16507.47;11280.08;5227.39;32444.049
2026-08-12T20:28:08.260420+02:00;standby;27.9;41.4;5.0;28.0;58.2;57.0;0;0;0;0;16507.47;11280.08;5227.39;32444.049
2026-08-12T20:29:08.678773+02:00;standby;27.9;41.4;5.0;28.0;58.2;57.0;0;0;0;0;16507.47;11280.08;5227.39;32444.049
2026-08-12T20:30:09.349173+02:00;standby;27.9;41.4;5.0;28.0;58.2;57.0;0;0;0;0;16507.47;11280.08;5227.39;32444.049
2026-08-12T20:31:10.023793+02:00;standby;27.9;41.2;5.0;28.0;58.2;57.0;0;0;0;0;16507.47;11280.08;5227.39;32444.049
2026-08-12T20:32:10.912974+02:00;standby;27.9;41.2;5.0;28.0;58.2;57.0;0;0;0;0;16507.47;11280.08;5227.39;32444.049
2026-08-12T20:33:11.620276+02:00;standby;27.9;41.1;5.0;28.0;58.1;57.0;0;0;0;0;16507.47;11280.08;5227.39;32444.049
2026-08-12T20:34:12.245034+02:00;standby;27.9;41.1;5.0;28.0;58.1;57.0;0;0;0;0;16507.47;11280.08;5227.39;32444.049
2026-08-12T20:35:12.867931+02:00;standby;27.9;41.0;5.0;28.0;58.1;57.0;0;0;0;0;16507.47;11280.08;5227.39;32444.049
2026-08-12T20:36:13.829217+02:00;standby;27.9;41.0;5.0;28.0;58.1;57.0;0;0;0;0;16507.47;11280.08;5227.39;32444.049
2026-08-12T20:37:14.245878+02:00;standby;27.9;40.9;5.0;28.0;58.1;57.0;0;0;0;0;16507.47;11280.08;5227.39;32444.049
2026-08-12T20:38:14.991139+02:00;standby;27.9;40.9;5.0;28.0;58.1;57.0;0;0;0;0;16507.47;11280.08;5227.39;32444.049
2026-08-12T20:39:15.750642+02:00;standby;27.9;40.8;5.0;28.0;58.1;57.0;0;0;0;0;16507.47;11280.08;5227.39;32444.049
2026-08-12T20:40:16.458162+02:00;standby;27.9;40.8;5.0;28.0;58.1;57.0;0;0;0;0;16507.47;11280.08;5227.39;32444.049
2026-08-12T20:41:16.980490+02:00;standby;27.9;40.8;5.0;28.0;58.1;57.0;0;0;0;0;16507.47;11280.08;5227.39;32444.049
2026-08-12T20:42:17.392678+02:00;standby;27.9;40.7;5.0;28.0;58.1;57.0;0;0;0;0;16507.47;11280.08;5227.39;32444.049
2026-08-12T20:43:21.646345+02:00;standby;27.9;40.7;5.0;28.0;58.1;57.0;0;0;0;0;16507.47;11280.08;5227.39;32444.049
2026-08-12T20:44:22.484264+02:00;standby;27.9;40.6;5.0;28.0;58.1;57.0;0;0;0;0;16507.47;11280.08;5227.39;32444.049
2026-08-12T20:45:23.068146+02:00;standby;27.9;40.6;5.0;28.0;58.1;57.0;0;0;0;0;16507.47;11280.08;5227.39;32444.049
2026-08-12T20:46:23.792518+02:00;standby;27.9;40.5;5.0;28.0;58.0;57.0;0;0;0;0;16507.47;11280.08;5227.39;32444.049
2026-08-12T20:47:24.576228+02:00;standby;27.9;40.5;5.0;28.0;58.1;57.0;0;0;0;0;16507.47;11280.08;5227.39;32444.049
2026-08-12T20:48:25.479872+02:00;standby;27.9;40.3;5.0;28.0;58.0;57.0;0;0;0;0;16507.47;11280.08;5227.39;32444.049
2026-08-12T20:49:27.276931+02:00;standby;27.9;40.3;5.0;28.0;58.0;57.0;0;0;0;0;16507.47;11280.08;5227.39;32444.049
2026-08-12T20:50:27.999171+02:00;standby;27.9;40.2;5.0;28.0;58.0;57.0;0;0;0;0;16507.47;11280.08;5227.39;32444.049
2026-08-12T20:51:28.576221+02:00;standby;27.9;40.2;5.0;28.0;58.0;57.0;0;0;0;0;16507.47;11280.08;5227.39;32444.049
2026-08-12T20:52:29.091697+02:00;standby;27.9;40.1;5.0;28.0;58.0;57.0;0;0;0;0;16507.47;11280.08;5227.39;32444.049
2026-08-12T20:53:29.665468+02:00;standby;27.9;40.1;5.0;28.0;58.0;57.0;0;0;0;0;16507.47;11280.08;5227.39;32444.049
2026-08-12T20:54:30.224772+02:00;standby;27.9;40.1;5.0;28.0;58.0;57.0;0;0;0;0;16507.47;11280.08;5227.39;32444.049
2026-08-12T20:55:30.845752+02:00;standby;27.9;40.0;5.0;28.0;58.0;57.0;0;0;0;0;16507.47;11280.08;5227.39;32444.049
2026-08-12T20:56:31.627593+02:00;standby;27.9;40.0;5.0;28.0;58.0;57.0;0;0;0;0;16507.47;11280.08;5227.39;32444.049
2026-08-12T20:57:32.189552+02:00;standby;27.9;39.9;5.0;28.0;58.0;57.0;0;0;0;0;16507.47;11280.08;5227.39;32444.049
2026-08-12T20:58:32.830403+02:00;standby;27.9;39.9;5.0;28.0;58.0;57.0;0;0;0;0;16507.47;11280.08;5227.39;32444.049
2026-08-12T20:59:33.777442+02:00;standby;27.9;39.9;5.0;28.0;58.0;57.0;0;0;0;0;16507.47;11280.08;5227.39;32444.049
2026-08-12T21:00:34.624638+02:00;standby;27.9;39.8;5.0;28.0;57.9;57.0;0;0;0;0;16507.47;11280.08;5227.39;32444.049
2026-08-12T21:01:35.167564+02:00;standby;27.9;39.8;5.0;28.0;58.0;57.0;0;0;0;0;16507.47;11280.08;5227.39;32444.049
2026-08-12T21:02:35.690601+02:00;standby;27.9;39.6;5.0;28.0;57.9;57.0;0;0;0;0;16507.47;11280.08;5227.39;32444.049
2026-08-12T21:03:36.213548+02:00;standby;27.9;39.6;5.0;28.0;57.9;57.0;0;0;0;0;16507.47;11280.08;5227.39;32444.049
2026-08-12T21:04:37.245068+02:00;standby;27.9;39.5;5.0;28.0;57.9;57.0;0;0;0;0;16507.47;11280.08;5227.39;32444.049
2026-08-12T21:05:37.923512+02:00;standby;27.9;39.5;5.0;28.0;57.9;57.0;0;0;0;0;16507.47;11280.08;5227.39;32444.049
2026-08-12T21:06:38.360127+02:00;standby;27.9;39.5;5.0;28.0;57.9;57.0;0;0;0;0;16507.47;11280.08;5227.39;32444.049
2026-08-12T21:07:38.881200+02:00;standby;27.9;39.4;5.0;28.0;57.9;57.0;0;0;0;0;16507.47;11280.08;5227.39;32444.049
2026-08-12T21:08:39.423322+02:00;standby;27.9;39.4;5.0;28.0;57.9;57.0;0;0;0;0;16507.47;11280.08;5227.39;32444.049
2026-08-12T21:09:40.070439+02:00;standby;27.9;39.4;5.0;28.0;57.9;57.0;0;0;0;0;16507.47;11280.08;5227.39;32444.049
2026-08-12T21:10:40.887895+02:00;standby;27.9;39.3;5.0;28.0;57.9;57.0;0;0;0;0;16507.47;11280.08;5227.39;32444.049
2026-08-12T21:11:42.004371+02:00;standby;27.9;39.3;5.0;28.0;57.9;57.0;0;0;0;0;16507.47;11280.08;5227.39;32444.049
2026-08-12T21:12:42.826636+02:00;standby;27.9;39.1;5.0;28.0;57.9;57.0;0;0;0;0;16507.47;11280.08;5227.39;32444.049
2026-08-12T21:13:43.981945+02:00;standby;27.9;39.1;5.0;28.0;57.9;57.0;0;0;0;0;16507.47;11280.08;5227.39;32444.049
2026-08-12T21:14:44.455231+02:00;standby;27.9;39.1;5.0;28.0;57.9;57.0;0;0;0;0;16507.47;11280.08;5227.39;32444.049
2026-08-12T21:15:45.337190+02:00;standby;27.9;39.0;5.0;28.0;57.8;57.0;0;0;0;0;16507.47;11280.08;5227.39;32444.049
2026-08-12T21:16:46.345046+02:00;standby;27.9;39.0;5.0;28.0;57.8;57.0;0;0;0;0;16507.47;11280.08;5227.39;32444.049
2026-08-12T21:17:46.876957+02:00;standby;27.9;39.0;5.0;28.0;57.8;57.0;0;0;0;0;16507.47;11280.08;5227.39;32444.049
2026-08-12T21:18:47.403351+02:00;standby;27.9;38.9;5.0;28.0;57.8;57.0;0;0;0;0;16507.47;11280.08;5227.39;32444.049
2026-08-12T21:19:48.343874+02:00;standby;27.9;38.9;5.0;28.0;57.8;57.0;0;0;0;0;16507.47;11280.08;5227.39;32444.049
2026-08-12T21:20:48.823233+02:00;standby;27.9;38.9;5.0;28.0;57.8;57.0;0;0;0;0;16507.47;11280.08;5227.39;32444.049
2026-08-12T21:21:49.350337+02:00;standby;27.9;38.8;5.0;28.0;57.8;57.0;0;0;0;0;16507.47;11280.08;5227.39;32444.049
2026-08-12T21:22:50.181132+02:00;standby;27.9;38.8;5.0;28.0;57.8;57.0;0;0;0;0;16507.47;11280.08;5227.39;32444.049
2026-08-12T21:23:50.934463+02:00;standby;27.9;38.6;5.0;28.0;57.8;57.0;0;0;0;0;16507.47;11280.08;5227.39;32444.049
2026-08-12T21:24:52.581110+02:00;standby;27.9;38.6;5.0;28.0;57.8;57.0;0;0;0;0;16507.47;11280.08;5227.39;32444.049
2026-08-12T21:25:53.888880+02:00;standby;27.9;38.6;5.0;28.0;57.8;57.0;0;0;0;0;16507.47;11280.08;5227.39;32444.049
2026-08-12T21:26:55.662422+02:00;standby;27.9;38.5;5.0;28.0;57.8;57.0;0;0;0;0;16507.47;11280.08;5227.39;32444.049
2026-08-12T21:27:56.269554+02:00;standby;26.6;38.5;5.0;28.0;57.8;57.0;0;0;0;0;16507.47;11280.08;5227.39;32444.049
2026-08-12T21:28:56.743933+02:00;standby;26.6;38.5;5.0;28.0;57.8;57.0;0;0;0;0;16507.47;11280.08;5227.39;32444.049
2026-08-12T21:29:57.429236+02:00;standby;26.6;38.4;5.0;28.0;57.7;57.0;0;0;0;0;16507.47;11280.08;5227.39;32444.049
2026-08-12T21:30:58.237593+02:00;standby;26.6;38.4;5.0;28.0;57.7;57.0;0;0;0;0;16507.47;11280.08;5227.39;32444.049
2026-08-12T21:31:58.715219+02:00;standby;26.6;38.4;5.0;28.0;57.7;57.0;0;0;0;0;16507.47;11280.08;5227.39;32444.049
2026-08-12T21:32:59.462001+02:00;standby;26.6;38.3;5.0;28.0;57.7;57.0;0;0;0;0;16507.47;11280.08;5227.39;32444.049
2026-08-12T21:34:00.373761+02:00;standby;26.6;38.3;5.0;28.0;57.7;57.0;0;0;0;0;16507.47;11280.08;5227.39;32444.049
2026-08-12T21:35:01.146954+02:00;standby;26.6;38.1;5.0;28.0;57.7;57.0;0;0;0;0;16507.47;11280.08;5227.39;32444.049
2026-08-12T21:36:02.354701+02:00;standby;26.6;38.1;5.0;28.0;57.7;57.0;0;0;0;0;16507.47;11280.08;5227.39;32444.049
2026-08-12T21:37:03.159770+02:00;standby;26.6;38.1;5.0;28.0;57.7;57.0;0;0;0;0;16507.47;11280.08;5227.39;32444.049
2026-08-12T21:38:04.746897+02:00;standby;26.6;38.0;5.0;28.0;57.7;57.0;0;0;0;0;16507.47;11280.08;5227.39;32444.049
2026-08-12T21:39:05.927203+02:00;standby;26.6;38.0;5.0;28.0;57.7;57.0;0;0;0;0;16507.47;11280.08;5227.39;32444.049
2026-08-12T21:40:07.127627+02:00;standby;26.6;38.0;5.0;28.0;57.7;57.0;0;0;0;0;16507.47;11280.08;5227.39;32444.049
2026-08-12T21:41:08.023840+02:00;standby;26.6;38.0;5.0;28.0;57.7;57.0;0;0;0;0;16507.47;11280.08;5227.39;32444.049
2026-08-12T21:42:08.665443+02:00;standby;26.6;37.9;5.0;28.0;57.7;57.0;0;0;0;0;16507.47;11280.08;5227.39;32444.049
2026-08-12T21:43:09.598640+02:00;standby;26.6;37.9;5.0;28.0;57.6;57.0;0;0;0;0;16507.47;11280.08;5227.39;32444.049
2026-08-12T21:44:10.617698+02:00;standby;26.6;37.8;5.0;28.0;57.6;57.0;0;0;0;0;16507.47;11280.08;5227.39;32444.049
2026-08-12T21:45:13.192616+02:00;standby;26.6;37.8;5.0;28.0;57.6;57.0;0;0;0;0;16507.47;11280.08;5227.39;32444.049
2026-08-12T21:46:14.030272+02:00;standby;26.6;37.8;5.0;28.0;57.6;57.0;0;0;0;0;16507.47;11280.08;5227.39;32444.049
2026-08-12T21:47:14.602275+02:00;standby;26.6;37.7;5.0;28.0;57.6;57.0;0;0;0;0;16507.47;11280.08;5227.39;32444.049
2026-08-12T21:48:15.680811+02:00;standby;26.6;37.7;5.0;28.0;57.6;57.0;0;0;0;0;16507.47;11280.08;5227.39;32444.049
2026-08-12T21:49:16.702175+02:00;standby;26.6;37.7;5.0;28.0;57.6;57.0;0;0;0;0;16507.47;11280.08;5227.39;32444.049
2026-08-12T21:50:17.223054+02:00;standby;26.6;37.5;5.0;28.0;57.6;57.0;0;0;0;0;16507.47;11280.08;5227.39;32444.049
2026-08-12T21:51:17.943049+02:00;standby;26.6;37.5;5.0;28.0;57.6;57.0;0;0;0;0;16507.47;11280.08;5227.39;32444.049
2026-08-12T21:52:18.522165+02:00;standby;26.6;37.5;5.0;28.0;57.6;57.0;0;0;0;0;16507.47;11280.08;5227.39;32444.049
2026-08-12T21:53:19.292707+02:00;standby;26.6;37.5;5.0;28.0;57.6;57.0;0;0;0;0;16507.47;11280.08;5227.39;32444.049
2026-08-12T21:54:19.759944+02:00;standby;26.6;37.4;5.0;28.0;57.6;57.0;0;0;0;0;16507.47;11280.08;5227.39;32444.049
2026-08-12T21:55:20.358950+02:00;standby;26.6;37.4;5.0;28.0;57.5;57.0;0;0;0;0;16507.47;11280.08;5227.39;32444.049
2026-08-12T21:56:21.428295+02:00;standby;26.6;37.4;5.0;28.0;57.5;57.0;0;0;0;0;16507.47;11280.08;5227.39;32444.049
2026-08-12T21:57:22.755335+02:00;standby;26.6;37.3;5.0;28.0;57.5;57.0;0;0;0;0;16507.47;11280.08;5227.39;32444.049
2026-08-12T21:58:23.385643+02:00;standby;26.6;37.3;5.0;28.0;57.5;57.0;0;0;0;0;16507.47;11280.08;5227.39;32444.049
2026-08-12T21:59:24.245466+02:00;standby;26.6;37.3;5.0;28.0;57.5;57.0;0;0;0;0;16507.47;11280.08;5227.39;32444.049
2026-08-12T22:00:24.874947+02:00;standby;26.6;37.2;5.0;28.0;57.5;57.0;0;0;0;0;16507.47;11280.08;5227.39;32444.049
2026-08-12T22:01:26.274555+02:00;standby;26.6;37.2;5.0;28.0;57.5;57.0;0;0;0;0;16507.47;11280.08;5227.39;32444.049
2026-08-12T22:02:26.814872+02:00;standby;26.6;37.2;5.0;28.0;57.5;57.0;0;0;0;0;16507.47;11280.08;5227.39;32444.049
2026-08-12T22:03:27.441282+02:00;standby;26.6;37.0;5.0;28.0;57.5;57.0;0;0;0;0;16507.47;11280.08;5227.39;32444.049
2026-08-12T22:04:27.985408+02:00;standby;26.6;37.0;5.0;28.0;57.5;57.0;0;0;0;0;16507.47;11280.08;5227.39;32444.049
2026-08-12T22:05:28.603345+02:00;standby;26.6;37.0;5.0;28.0;57.5;57.0;0;0;0;0;16507.47;11280.08;5227.39;32444.049
2026-08-12T22:06:29.127769+02:00;standby;26.6;37.0;5.0;28.0;57.5;57.0;0;0;0;0;16507.47;11280.08;5227.39;32444.049
2026-08-12T22:07:29.871961+02:00;standby;26.6;36.9;5.0;28.0;57.5;57.0;0;0;0;0;16507.47;11280.08;5227.39;32444.049
2026-08-12T22:08:30.562047+02:00;standby;26.6;36.9;5.0;28.0;57.4;57.0;0;0;0;0;16507.47;11280.08;5227.39;32444.049
2026-08-12T22:09:32.072063+02:00;standby;26.6;36.9;5.0;28.0;57.4;57.0;0;0;0;0;16507.47;11280.08;5227.39;32444.049
2026-08-12T22:10:33.820933+02:00;standby;26.6;36.8;5.0;28.0;57.4;57.0;0;0;0;0;16507.47;11280.08;5227.39;32444.049
2026-08-12T22:11:34.695262+02:00;standby;26.6;36.8;5.0;28.0;57.4;57.0;0;0;0;0;16507.47;11280.08;5227.39;32444.049
2026-08-12T22:12:35.305906+02:00;standby;26.6;36.8;5.0;28.0;57.4;57.0;0;0;0;0;16507.47;11280.08;5227.39;32444.049
2026-08-12T22:13:39.416608+02:00;standby;26.6;36.8;5.0;28.0;57.4;57.0;0;0;0;0;16507.47;11280.08;5227.39;32444.049
2026-08-12T22:14:39.958288+02:00;standby;26.6;36.7;5.0;28.0;57.4;57.0;0;0;0;0;16507.47;11280.08;5227.39;32444.049
2026-08-12T22:15:40.910717+02:00;standby;26.6;36.7;5.0;28.0;57.4;57.0;0;0;0;0;16507.47;11280.08;5227.39;32444.049
2026-08-12T22:16:41.633548+02:00;standby;26.6;36.7;5.0;28.0;57.4;57.0;0;0;0;0;16507.47;11280.08;5227.39;32444.049
2026-08-12T22:17:42.627428+02:00;standby;26.6;36.5;5.0;28.0;57.4;57.0;0;0;0;0;16507.47;11280.08;5227.39;32444.049
2026-08-12T22:18:43.391703+02:00;standby;26.6;36.5;5.0;28.0;57.4;57.0;0;0;0;0;16507.47;11280.08;5227.39;32444.049
2026-08-12T22:19:44.260420+02:00;standby;26.6;36.5;5.0;28.0;57.4;57.0;0;0;0;0;16507.47;11280.08;5227.39;32444.049
2026-08-12T22:20:45.023714+02:00;standby;26.6;36.5;5.0;28.0;57.3;57.0;0;0;0;0;16507.47;11280.08;5227.39;32444.049
2026-08-12T22:21:45.559032+02:00;standby;26.6;36.4;5.0;28.0;57.3;57.0;0;0;0;0;16507.47;11280.08;5227.39;32444.049
2026-08-12T22:22:46.247957+02:00;standby;26.6;36.4;5.0;28.0;57.3;57.0;0;0;0;0;16507.47;11280.08;5227.39;32444.049
2026-08-12T22:23:46.969218+02:00;standby;26.6;36.4;5.0;28.0;57.3;57.0;0;0;0;0;16507.47;11280.08;5227.39;32444.049
2026-08-12T22:24:47.422037+02:00;standby;26.6;36.4;5.0;28.0;57.3;57.0;0;0;0;0;16507.47;11280.08;5227.39;32444.049
2026-08-12T22:25:47.900538+02:00;standby;26.6;36.3;5.0;28.0;57.3;57.0;0;0;0;0;16507.47;11280.08;5227.39;32444.049
2026-08-12T22:26:48.370422+02:00;standby;26.6;36.3;5.0;28.0;57.3;57.0;0;0;0;0;16507.47;11280.08;5227.39;32444.049
2026-08-12T22:27:48.841799+02:00;standby;26.6;36.3;5.0;28.0;57.3;57.0;0;0;0;0;16507.47;11280.08;5227.39;32444.049
2026-08-12T22:28:49.498194+02:00;standby;25.7;36.3;5.0;28.0;57.3;57.0;0;0;0;0;16507.47;11280.08;5227.39;32444.049
2026-08-12T22:29:50.379604+02:00;standby;25.7;36.2;5.0;28.0;57.3;57.0;0;0;0;0;16507.47;11280.08;5227.39;32444.049
2026-08-12T22:30:51.117217+02:00;standby;25.7;36.2;5.0;28.0;57.3;57.0;0;0;0;0;16507.47;11280.08;5227.39;32444.049
2026-08-12T22:31:51.981659+02:00;standby;25.7;36.0;5.0;28.0;57.3;57.0;0;0;0;0;16507.47;11280.08;5227.39;32444.049
2026-08-12T22:32:52.501652+02:00;standby;25.7;36.0;5.0;28.0;57.3;57.0;0;0;0;0;16507.47;11280.08;5227.39;32444.049
2026-08-12T22:33:53.184243+02:00;standby;25.7;36.0;5.0;28.0;57.3;57.0;0;0;0;0;16507.47;11280.08;5227.39;32444.049
2026-08-12T22:34:54.214989+02:00;standby;25.7;36.0;5.0;28.0;57.3;57.0;0;0;0;0;16507.47;11280.08;5227.39;32444.049
2026-08-12T22:35:55.717929+02:00;standby;25.7;36.0;5.0;28.0;57.2;57.0;0;0;0;0;16507.47;11280.08;5227.39;32444.049
2026-08-12T22:36:56.219078+02:00;standby;25.7;35.9;5.0;28.0;57.2;57.0;0;0;0;0;16507.47;11280.08;5227.39;32444.049
2026-08-12T22:37:56.814998+02:00;standby;25.7;35.9;5.0;28.0;57.2;57.0;0;0;0;0;16507.47;11280.08;5227.39;32444.049
2026-08-12T22:38:57.336808+02:00;standby;25.7;35.9;5.0;28.0;57.2;57.0;0;0;0;0;16507.47;11280.08;5227.39;32444.049
2026-08-12T22:39:57.888609+02:00;standby;25.7;35.9;5.0;28.0;57.2;57.0;0;0;0;0;16507.47;11280.08;5227.39;32444.049
2026-08-12T22:40:58.349815+02:00;standby;25.7;35.8;5.0;28.0;57.2;57.0;0;0;0;0;16507.47;11280.08;5227.39;32444.049
2026-08-12T22:41:58.971861+02:00;standby;25.7;35.8;5.0;28.0;57.2;57.0;0;0;0;0;16507.47;11280.08;5227.39;32444.049
2026-08-12T22:42:59.924253+02:00;standby;25.7;35.8;5.0;28.0;57.2;57.0;0;0;0;0;16507.47;11280.08;5227.39;32444.049
2026-08-12T22:44:00.849418+02:00;standby;25.7;35.8;5.0;28.0;57.1;57.0;0;0;0;0;16507.47;11280.08;5227.39;32444.049
2026-08-12T22:45:02.007616+02:00;standby;25.7;35.7;5.0;28.0;57.1;57.0;0;0;0;0;16507.47;11280.08;5227.39;32444.049
2026-08-12T22:46:02.685162+02:00;standby;25.7;35.7;5.0;28.0;57.1;57.0;0;0;0;0;16507.47;11280.08;5227.39;32444.049
2026-08-12T22:47:04.026838+02:00;standby;25.7;35.7;5.0;28.0;57.1;57.0;0;0;0;0;16507.47;11280.08;5227.39;32444.049
2026-08-12T22:48:05.166349+02:00;standby;25.7;35.7;5.0;28.0;57.1;57.0;0;0;0;0;16507.47;11280.08;5227.39;32444.049
2026-08-12T22:49:06.006718+02:00;standby;25.7;35.6;5.0;28.0;57.1;57.0;0;0;0;0;16507.47;11280.08;5227.39;32444.049
2026-08-12T22:50:07.017486+02:00;standby;25.7;35.6;5.0;28.0;57.1;57.0;0;0;0;0;16507.47;11280.08;5227.39;32444.049
2026-08-12T22:51:07.889128+02:00;standby;25.7;35.6;5.0;28.0;57.1;57.0;0;0;0;0;16507.47;11280.08;5227.39;32444.049
2026-08-12T22:52:08.567238+02:00;standby;25.7;35.6;5.0;28.0;57.1;57.0;0;0;0;0;16507.47;11280.08;5227.39;32444.049
2026-08-12T22:53:09.084868+02:00;standby;25.7;35.4;5.0;28.0;57.1;57.0;0;0;0;0;16507.47;11280.08;5227.39;32444.049
2026-08-12T22:54:10.122701+02:00;standby;25.7;35.4;5.0;28.0;56.9;57.0;0;0;0;0;16507.47;11280.08;5227.39;32444.049
2026-08-12T22:55:11.201532+02:00;standby;25.7;35.4;5.0;28.0;56.9;57.0;0;0;0;0;16507.47;11280.08;5227.39;32444.049
2026-08-12T22:56:12.142926+02:00;standby;25.7;35.4;5.0;28.0;56.9;57.0;0;0;0;0;16507.47;11280.08;5227.39;32444.049
2026-08-12T22:57:13.890944+02:00;standby;25.7;35.4;5.0;28.0;56.9;57.0;0;0;0;0;16507.47;11280.08;5227.39;32444.049
2026-08-12T22:58:14.909895+02:00;standby;25.7;35.3;5.0;28.0;56.9;57.0;0;0;0;0;16507.47;11280.08;5227.39;32444.049
2026-08-12T22:59:15.477480+02:00;standby;25.7;35.3;5.0;28.0;56.9;57.0;0;0;0;0;16507.47;11280.08;5227.39;32444.049
2026-08-12T23:00:16.000868+02:00;standby;25.7;35.3;5.0;28.0;56.9;57.0;0;0;0;0;16507.47;11280.08;5227.39;32444.049
2026-08-12T23:01:19.028004+02:00;standby;25.7;35.3;5.0;25.0;56.9;57.0;0;0;0;0;16507.47;11280.08;5227.39;32444.049
2026-08-12T23:02:19.698350+02:00;standby;25.7;35.2;5.0;25.0;56.9;57.0;0;0;0;0;16507.47;11280.08;5227.39;32444.049
2026-08-12T23:03:20.312527+02:00;standby;25.7;35.2;5.0;25.0;56.9;57.0;0;0;0;0;16507.47;11280.08;5227.39;32444.049
2026-08-12T23:04:20.966611+02:00;standby;25.7;35.2;5.0;25.0;56.9;57.0;0;0;0;0;16507.47;11280.08;5227.39;32444.049
2026-08-12T23:05:22.284440+02:00;standby;25.7;35.2;5.0;25.0;56.9;57.0;0;0;0;0;16507.47;11280.08;5227.39;32444.049
2026-08-12T23:06:23.360269+02:00;standby;25.7;35.1;5.0;25.0;56.9;57.0;0;0;0;0;16507.47;11280.08;5227.39;32444.049
2026-08-12T23:07:24.078446+02:00;standby;25.7;35.1;5.0;25.0;56.8;57.0;0;0;0;0;16507.47;11280.08;5227.39;32444.049
2026-08-12T23:08:25.091068+02:00;standby;25.7;35.1;5.0;25.0;56.8;57.0;0;0;0;0;16507.47;11280.08;5227.39;32444.049
2026-08-12T23:09:27.227972+02:00;standby;25.7;35.1;5.0;25.0;56.8;57.0;0;0;0;0;16507.47;11280.08;5227.39;32444.049
2026-08-12T23:10:27.664178+02:00;standby;25.7;35.1;5.0;25.0;56.8;57.0;0;0;0;0;16507.47;11280.08;5227.39;32444.049
2026-08-12T23:11:28.107535+02:00;standby;25.7;34.9;5.0;25.0;56.8;57.0;0;0;0;0;16507.47;11280.08;5227.39;32444.049
2026-08-12T23:12:28.857778+02:00;standby;25.7;34.9;5.0;25.0;56.8;57.0;0;0;0;0;16507.47;11280.08;5227.39;32444.049
2026-08-12T23:13:29.460252+02:00;standby;25.7;34.9;5.0;25.0;56.8;57.0;0;0;0;0;16507.47;11280.08;5227.39;32444.049
2026-08-12T23:14:30.135332+02:00;standby;25.7;34.9;5.0;25.0;56.8;57.0;0;0;0;0;16507.47;11280.08;5227.39;32444.049
2026-08-12T23:15:31.203990+02:00;standby;25.7;34.9;5.0;25.0;56.8;57.0;0;0;0;0;16507.47;11280.08;5227.39;32444.049
2026-08-12T23:16:32.340294+02:00;standby;25.7;34.8;5.0;25.0;56.8;57.0;0;0;0;0;16507.47;11280.08;5227.39;32444.049
2026-08-12T23:17:33.190127+02:00;standby;25.7;34.8;5.0;25.0;56.7;57.0;0;0;0;0;16507.47;11280.08;5227.39;32444.049
2026-08-12T23:18:33.665733+02:00;standby;25.7;34.8;5.0;25.0;56.7;57.0;0;0;0;0;16507.47;11280.08;5227.39;32444.049
2026-08-12T23:19:34.318865+02:00;standby;25.7;34.8;5.0;25.0;56.7;57.0;0;0;0;0;16507.47;11280.08;5227.39;32444.049
2026-08-12T23:20:35.237185+02:00;standby;25.7;34.8;5.0;25.0;56.7;57.0;0;0;0;0;16507.47;11280.08;5227.39;32444.049
2026-08-12T23:21:35.708655+02:00;standby;25.7;34.7;5.0;25.0;56.7;57.0;0;0;0;0;16507.47;11280.08;5227.39;32444.049
2026-08-12T23:22:36.148196+02:00;standby;25.7;34.7;5.0;25.0;56.7;57.0;0;0;0;0;16507.47;11280.08;5227.39;32444.049
2026-08-12T23:23:36.774702+02:00;standby;25.7;34.7;5.0;25.0;56.7;57.0;0;0;0;0;16507.47;11280.08;5227.39;32444.049
2026-08-12T23:24:37.478138+02:00;standby;25.7;34.7;5.0;25.0;56.7;57.0;0;0;0;0;16507.47;11280.08;5227.39;32444.049
2026-08-12T23:25:38.470791+02:00;standby;25.7;34.6;5.0;25.0;56.7;57.0;0;0;0;0;16507.47;11280.08;5227.39;32444.049
2026-08-12T23:26:38.985199+02:00;standby;25.7;34.6;5.0;25.0;56.7;57.0;0;0;0;0;16507.47;11280.08;5227.39;32444.049
2026-08-12T23:27:39.588399+02:00;standby;25.7;34.6;5.0;25.0;56.7;57.0;0;0;0;0;16507.47;11280.08;5227.39;32444.049
2026-08-12T23:28:40.215021+02:00;standby;25.7;34.6;5.0;25.0;56.7;57.0;0;0;0;0;16507.47;11280.08;5227.39;32444.049
2026-08-12T23:29:42.068560+02:00;standby;24.9;34.6;5.0;25.0;56.7;57.0;0;0;0;0;16507.47;11280.08;5227.39;32444.049
2026-08-12T23:30:43.117092+02:00;standby;24.9;34.4;5.0;25.0;56.6;57.0;0;0;0;0;16507.47;11280.08;5227.39;32444.049
2026-08-12T23:31:43.774323+02:00;standby;24.9;34.4;5.0;25.0;56.6;57.0;0;0;0;0;16507.47;11280.08;5227.39;32444.049
2026-08-12T23:32:44.848623+02:00;standby;24.9;34.4;5.0;25.0;56.6;57.0;0;0;0;0;16507.47;11280.08;5227.39;32444.049
2026-08-12T23:33:45.470314+02:00;standby;24.9;34.4;5.0;25.0;56.6;57.0;0;0;0;0;16507.47;11280.08;5227.39;32444.049
2026-08-12T23:34:46.635546+02:00;standby;24.9;34.4;5.0;25.0;56.6;57.0;0;0;0;0;16507.47;11280.08;5227.39;32444.049
2026-08-12T23:35:47.643194+02:00;standby;24.9;34.4;5.0;25.0;56.6;57.0;0;0;0;0;16507.47;11280.08;5227.39;32444.049
2026-08-12T23:36:48.375549+02:00;standby;24.9;34.3;5.0;25.0;56.6;57.0;0;0;0;0;16507.47;11280.08;5227.39;32444.049
2026-08-12T23:37:50.287587+02:00;standby;24.9;34.3;5.0;25.0;56.6;57.0;0;0;0;0;16507.47;11280.08;5227.39;32444.049
2026-08-12T23:38:51.053926+02:00;standby;24.9;34.3;5.0;25.0;56.6;57.0;0;0;0;0;16507.47;11280.08;5227.39;32444.049
2026-08-12T23:39:51.769435+02:00;standby;24.9;34.3;5.0;25.0;56.6;57.0;0;0;0;0;16507.47;11280.08;5227.39;32444.049
2026-08-12T23:40:52.379401+02:00;standby;24.9;34.2;5.0;25.0;56.6;57.0;0;0;0;0;16507.47;11280.08;5227.39;32444.049
2026-08-12T23:41:54.131071+02:00;standby;24.9;34.2;5.0;25.0;56.6;57.0;0;0;0;0;16507.47;11280.08;5227.39;32444.049
2026-08-12T23:43:00.057410+02:00;standby;24.9;34.2;5.0;25.0;56.6;57.0;0;0;0;0;16507.47;11280.08;5227.39;32444.049
2026-08-12T23:44:00.909834+02:00;standby;24.9;34.2;5.0;25.0;56.6;57.0;0;0;0;0;16507.47;11280.08;5227.39;32444.049
2026-08-12T23:45:01.831494+02:00;standby;24.9;34.2;5.0;25.0;56.5;57.0;0;0;0;0;16507.47;11280.08;5227.39;32444.049
2026-08-12T23:46:03.299764+02:00;standby;24.9;34.1;5.0;25.0;56.5;10.0;0;0;0;0;16507.47;11280.08;5227.39;32444.049
2026-08-12T23:47:04.110477+02:00;standby;24.9;34.1;5.0;25.0;56.5;10.0;0;0;0;0;16507.47;11280.08;5227.39;32444.049
2026-08-12T23:48:04.921143+02:00;standby;24.9;34.1;5.0;25.0;56.5;10.0;0;0;0;0;16507.47;11280.08;5227.39;32444.049
2026-08-12T23:49:05.500477+02:00;standby;24.9;34.1;5.0;25.0;56.5;10.0;0;0;0;0;16507.47;11280.08;5227.39;32444.049
2026-08-12T23:50:06.060216+02:00;standby;24.9;34.1;5.0;25.0;56.5;10.0;0;0;0;0;16507.47;11280.08;5227.39;32444.049
2026-08-12T23:51:07.198529+02:00;standby;24.9;34.1;5.0;25.0;56.5;10.0;0;0;0;0;16507.47;11280.08;5227.39;32444.049
2026-08-12T23:52:07.678064+02:00;standby;24.9;34.0;5.0;25.0;56.5;10.0;0;0;0;0;16507.47;11280.08;5227.39;32444.049
2026-08-12T23:53:08.654452+02:00;standby;24.9;34.0;5.0;25.0;56.5;10.0;0;0;0;0;16507.47;11280.08;5227.39;32444.049
2026-08-12T23:54:09.683721+02:00;standby;24.9;34.0;5.0;25.0;56.5;10.0;0;0;0;0;16507.47;11280.08;5227.39;32444.049
2026-08-12T23:55:10.207629+02:00;standby;24.9;34.0;5.0;25.0;56.5;10.0;0;0;0;0;16507.47;11280.08;5227.39;32444.049
2026-08-12T23:56:11.145499+02:00;standby;24.9;34.0;5.0;25.0;56.5;10.0;0;0;0;0;16507.47;11280.08;5227.39;32444.049
2026-08-12T23:57:12.013169+02:00;standby;24.9;34.0;5.0;25.0;56.4;10.0;0;0;0;0;16507.47;11280.08;5227.39;32444.049
2026-08-12T23:58:12.977389+02:00;standby;24.9;33.8;5.0;25.0;56.4;10.0;0;0;0;0;16507.47;11280.08;5227.39;32444.049
2026-08-12T23:59:13.827505+02:00;standby;24.9;33.8;5.0;25.0;56.4;10.0;0;0;0;0;16507.47;11280.08;5227.39;32444.049
2026-08-13T00:00:18.299274+02:00;standby;24.9;33.8;5.0;25.0;56.4;10.0;0;0;0;0;16507.47;11280.08;5227.39;32444.049
2026-08-13T00:01:19.256994+02:00;standby;24.9;33.8;5.0;25.0;56.4;10.0;0;0;0;0;16507.47;11280.08;5227.39;32444.049
2026-08-13T00:02:19.780046+02:00;standby;24.9;33.8;5.0;25.0;56.4;10.0;0;0;0;0;16507.47;11280.08;5227.39;32444.049
2026-08-13T00:03:20.558603+02:00;standby;24.9;33.7;5.0;25.0;56.4;10.0;0;0;0;0;16507.47;11280.08;5227.39;32444.049
2026-08-13T00:04:21.839246+02:00;standby;24.9;33.7;5.0;25.0;56.4;10.0;0;0;0;0;16507.47;11280.08;5227.39;32444.049
2026-08-13T00:05:22.416163+02:00;standby;24.9;33.7;5.0;25.0;56.4;10.0;0;0;0;0;16507.47;11280.08;5227.39;32444.049
2026-08-13T00:06:23.281340+02:00;standby;24.9;33.7;5.0;25.0;56.4;10.0;0;0;0;0;16507.47;11280.08;5227.39;32444.049
2026-08-13T00:07:25.027334+02:00;standby;24.9;33.7;5.0;25.0;56.4;10.0;0;0;0;0;16507.47;11280.08;5227.39;32444.049
2026-08-13T00:08:25.510146+02:00;standby;24.9;33.7;5.0;25.0;56.4;10.0;0;0;0;0;16507.47;11280.08;5227.39;32444.049
2026-08-13T00:09:27.724860+02:00;standby;24.9;33.6;5.0;25.0;56.3;10.0;0;0;0;0;16507.47;11280.08;5227.39;32444.049
2026-08-13T00:10:28.367574+02:00;standby;24.9;33.6;5.0;25.0;56.3;10.0;0;0;0;0;16507.47;11280.08;5227.39;32444.049
2026-08-13T00:11:28.917354+02:00;standby;24.9;33.6;5.0;25.0;56.3;10.0;0;0;0;0;16507.47;11280.08;5227.39;32444.049
2026-08-13T00:12:29.874761+02:00;standby;24.9;33.6;5.0;25.0;56.3;10.0;0;0;0;0;16507.47;11280.08;5227.39;32444.049
2026-08-13T00:13:30.427227+02:00;standby;24.9;33.6;5.0;25.0;56.3;10.0;0;0;0;0;16507.47;11280.08;5227.39;32444.049
2026-08-13T00:14:31.426300+02:00;standby;24.9;33.6;5.0;25.0;56.3;10.0;0;0;0;0;16507.47;11280.08;5227.39;32444.049
2026-08-13T00:15:32.673753+02:00;standby;24.9;33.5;5.0;25.0;56.3;10.0;0;0;0;0;16507.47;11280.08;5227.39;32444.049
2026-08-13T00:16:33.348448+02:00;standby;24.9;33.5;5.0;25.0;56.3;10.0;0;0;0;0;16507.47;11280.08;5227.39;32444.049
2026-08-13T00:17:33.883127+02:00;standby;24.9;33.5;5.0;25.0;56.3;10.0;0;0;0;0;16507.47;11280.08;5227.39;32444.049
2026-08-13T00:18:34.321300+02:00;standby;24.9;33.5;5.0;25.0;56.3;10.0;0;0;0;0;16507.47;11280.08;5227.39;32444.049
2026-08-13T00:19:34.864288+02:00;standby;24.9;33.5;5.0;25.0;56.3;10.0;0;0;0;0;16507.47;11280.08;5227.39;32444.049
2026-08-13T00:20:35.389989+02:00;standby;24.9;33.5;5.0;25.0;56.3;10.0;0;0;0;0;16507.47;11280.08;5227.39;32444.049
2026-08-13T00:21:35.943120+02:00;standby;24.9;33.5;5.0;25.0;56.3;10.0;0;0;0;0;16507.47;11280.08;5227.39;32444.049
2026-08-13T00:22:36.918231+02:00;standby;24.9;33.3;5.0;25.0;56.2;10.0;0;0;0;0;16507.47;11280.08;5227.39;32444.049
2026-08-13T00:23:37.427071+02:00;standby;24.9;33.3;5.0;25.0;56.2;10.0;0;0;0;0;16507.47;11280.08;5227.39;32444.049
2026-08-13T00:24:37.906918+02:00;standby;24.9;33.3;5.0;25.0;56.2;10.0;0;0;0;0;16507.47;11280.08;5227.39;32444.049
2026-08-13T00:25:38.482366+02:00;standby;24.9;33.3;5.0;25.0;56.2;10.0;0;0;0;0;16507.47;11280.08;5227.39;32444.049
2026-08-13T00:26:39.498688+02:00;standby;24.9;33.3;5.0;25.0;56.2;10.0;0;0;0;0;16507.47;11280.08;5227.39;32444.049
2026-08-13T00:27:40.084410+02:00;standby;24.9;33.3;5.0;25.0;56.2;10.0;0;0;0;0;16507.47;11280.08;5227.39;32444.049
2026-08-13T00:28:40.598074+02:00;standby;24.9;33.2;5.0;25.0;56.2;10.0;0;0;0;0;16507.47;11280.08;5227.39;32444.049
2026-08-13T00:29:41.272865+02:00;standby;24.9;33.2;5.0;25.0;56.2;10.0;0;0;0;0;16507.47;11280.08;5227.39;32444.049
2026-08-13T00:30:42.152379+02:00;standby;24.4;33.2;5.0;25.0;56.2;10.0;0;0;0;0;16507.47;11280.08;5227.39;32444.049
2026-08-13T00:31:42.712280+02:00;standby;24.4;33.2;5.0;25.0;56.2;10.0;0;0;0;0;16507.47;11280.08;5227.39;32444.049
2026-08-13T00:32:43.233138+02:00;standby;24.4;33.2;5.0;25.0;56.2;10.0;0;0;0;0;16507.47;11280.08;5227.39;32444.049
2026-08-13T00:33:44.277582+02:00;standby;24.4;33.1;5.0;25.0;56.1;10.0;0;0;0;0;16507.47;11280.08;5227.39;32444.049
2026-08-13T00:34:45.200058+02:00;standby;24.4;33.1;5.0;25.0;56.1;10.0;0;0;0;0;16507.47;11280.08;5227.39;32444.049
2026-08-13T00:35:45.750035+02:00;standby;24.4;33.1;5.0;25.0;56.1;10.0;0;0;0;0;16507.47;11280.08;5227.39;32444.049
2026-08-13T00:36:48.386962+02:00;standby;24.4;33.1;5.0;25.0;56.1;10.0;0;0;0;0;16507.47;11280.08;5227.39;32444.049
2026-08-13T00:37:48.995709+02:00;standby;24.4;33.1;5.0;25.0;56.1;10.0;0;0;0;0;16507.47;11280.08;5227.39;32444.049
2026-08-13T00:38:50.349053+02:00;standby;24.4;33.1;5.0;25.0;56.1;10.0;0;0;0;0;16507.47;11280.08;5227.39;32444.049
2026-08-13T00:39:50.963722+02:00;standby;24.4;33.1;5.0;25.0;56.1;10.0;0;0;0;0;16507.47;11280.08;5227.39;32444.049
2026-08-13T00:40:51.683349+02:00;standby;24.4;33.0;5.0;25.0;56.1;10.0;0;0;0;0;16507.47;11280.08;5227.39;32444.049
2026-08-13T00:41:52.525382+02:00;standby;24.4;33.0;5.0;25.0;56.1;10.0;0;0;0;0;16507.47;11280.08;5227.39;32444.049
2026-08-13T00:42:53.373325+02:00;standby;24.4;33.0;5.0;25.0;56.1;10.0;0;0;0;0;16507.47;11280.08;5227.39;32444.049
2026-08-13T00:43:54.687846+02:00;standby;24.4;33.0;5.0;25.0;56.1;10.0;0;0;0;0;16507.47;11280.08;5227.39;32444.049
2026-08-13T00:44:55.403100+02:00;standby;24.4;33.0;5.0;25.0;56.1;10.0;0;0;0;0;16507.47;11280.08;5227.39;32444.049
2026-08-13T00:45:56.084927+02:00;standby;24.4;33.0;5.0;25.0;56.1;10.0;0;0;0;0;16507.47;11280.08;5227.39;32444.049
2026-08-13T00:46:56.501632+02:00;standby;24.4;33.0;5.0;25.0;56.0;10.0;0;0;0;0;16507.47;11280.08;5227.39;32444.049
2026-08-13T00:47:58.047574+02:00;standby;24.4;33.0;5.0;25.0;56.0;10.0;0;0;0;0;16507.47;11280.08;5227.39;32444.049
2026-08-13T00:48:58.502287+02:00;standby;24.4;32.8;5.0;25.0;56.0;10.0;0;0;0;0;16507.47;11280.08;5227.39;32444.049
2026-08-13T00:49:59.546951+02:00;standby;24.4;32.8;5.0;25.0;56.0;10.0;0;0;0;0;16507.47;11280.08;5227.39;32444.049
2026-08-13T00:51:00.525858+02:00;standby;24.4;32.8;5.0;25.0;56.0;10.0;0;0;0;0;16507.47;11280.08;5227.39;32444.049
2026-08-13T00:52:01.048350+02:00;standby;24.4;32.8;5.0;25.0;56.0;10.0;0;0;0;0;16507.47;11280.08;5227.39;32444.049
2026-08-13T00:53:01.634866+02:00;standby;24.4;32.8;5.0;25.0;56.0;10.0;0;0;0;0;16507.47;11280.08;5227.39;32444.049
2026-08-13T00:54:02.322505+02:00;standby;24.4;32.8;5.0;25.0;56.0;10.0;0;0;0;0;16507.47;11280.08;5227.39;32444.049
2026-08-13T00:55:02.915777+02:00;standby;24.4;32.8;5.0;25.0;56.0;10.0;0;0;0;0;16507.47;11280.08;5227.39;32444.049
2026-08-13T00:56:03.447563+02:00;standby;24.4;32.7;5.0;25.0;56.0;10.0;0;0;0;0;16507.47;11280.08;5227.39;32444.049
2026-08-13T00:57:04.295422+02:00;standby;24.4;32.7;5.0;25.0;56.0;10.0;0;0;0;0;16507.47;11280.08;5227.39;32444.049
2026-08-13T00:58:05.014460+02:00;standby;24.4;32.7;5.0;25.0;56.0;10.0;0;0;0;0;16507.47;11280.08;5227.39;32444.049
2026-08-13T00:59:05.534947+02:00;standby;24.4;32.7;5.0;25.0;56.0;10.0;0;0;0;0;16507.47;11280.08;5227.39;32444.049
2026-08-13T01:00:06.081339+02:00;standby;24.4;32.7;5.0;25.0;56.0;10.0;0;0;0;0;16507.47;11280.08;5227.39;32444.049
2026-08-13T01:01:07.112371+02:00;standby;24.4;32.7;5.0;25.0;55.9;10.0;0;0;0;0;16507.47;11280.08;5227.39;32444.049
2026-08-13T01:02:07.616438+02:00;standby;24.4;32.7;5.0;25.0;55.9;10.0;0;0;0;0;16507.47;11280.08;5227.39;32444.049
2026-08-13T01:03:08.090197+02:00;standby;24.4;32.7;5.0;25.0;55.9;10.0;0;0;0;0;16507.47;11280.08;5227.39;32444.049
2026-08-13T01:04:08.645764+02:00;standby;24.4;32.6;5.0;25.0;55.9;10.0;0;0;0;0;16507.47;11280.08;5227.39;32444.049
2026-08-13T01:05:09.211581+02:00;standby;24.4;32.6;5.0;25.0;55.9;10.0;0;0;0;0;16507.47;11280.08;5227.39;32444.049
2026-08-13T01:06:09.917235+02:00;standby;24.4;32.6;5.0;25.0;55.9;10.0;0;0;0;0;16507.47;11280.08;5227.39;32444.049
2026-08-13T01:07:10.532905+02:00;standby;24.4;32.6;5.0;25.0;55.9;10.0;0;0;0;0;16507.47;11280.08;5227.39;32444.049
2026-08-13T01:08:12.372655+02:00;standby;24.4;32.6;5.0;25.0;55.9;10.0;0;0;0;0;16507.47;11280.08;5227.39;32444.049
2026-08-13T01:09:13.434585+02:00;standby;24.4;32.6;5.0;25.0;55.9;10.0;0;0;0;0;16507.47;11280.08;5227.39;32444.049
2026-08-13T01:10:14.014311+02:00;standby;24.4;32.6;5.0;25.0;55.9;10.0;0;0;0;0;16507.47;11280.08;5227.39;32444.049
2026-08-13T01:11:15.453695+02:00;standby;24.4;32.5;5.0;25.0;55.9;10.0;0;0;0;0;16507.47;11280.08;5227.39;32444.049
2026-08-13T01:12:16.497457+02:00;standby;24.4;32.5;5.0;25.0;55.8;10.0;0;0;0;0;16507.47;11280.08;5227.39;32444.049
2026-08-13T01:13:17.107121+02:00;standby;24.4;32.5;5.0;25.0;55.8;10.0;0;0;0;0;16507.47;11280.08;5227.39;32444.049
2026-08-13T01:14:17.624721+02:00;standby;24.4;32.5;5.0;25.0;55.8;10.0;0;0;0;0;16507.47;11280.08;5227.39;32444.049
2026-08-13T01:15:18.462959+02:00;standby;24.4;32.5;5.0;25.0;55.8;10.0;0;0;0;0;16507.47;11280.08;5227.39;32444.049
2026-08-13T01:16:19.428388+02:00;standby;24.4;32.5;5.0;25.0;55.8;10.0;0;0;0;0;16507.47;11280.08;5227.39;32444.049
2026-08-13T01:17:19.907550+02:00;standby;24.4;32.5;5.0;25.0;55.8;10.0;0;0;0;0;16507.47;11280.08;5227.39;32444.049
2026-08-13T01:18:20.525798+02:00;standby;24.4;32.5;5.0;25.0;55.8;10.0;0;0;0;0;16507.47;11280.08;5227.39;32444.049
2026-08-13T01:19:21.076706+02:00;standby;24.4;32.3;5.0;25.0;55.8;10.0;0;0;0;0;16507.47;11280.08;5227.39;32444.049
2026-08-13T01:20:21.975279+02:00;standby;24.4;32.3;5.0;25.0;55.8;10.0;0;0;0;0;16507.47;11280.08;5227.39;32444.049
2026-08-13T01:21:22.599619+02:00;standby;24.4;32.3;5.0;25.0;55.8;10.0;0;0;0;0;16507.47;11280.08;5227.39;32444.049
2026-08-13T01:22:23.216457+02:00;standby;24.4;32.3;5.0;25.0;55.8;10.0;0;0;0;0;16507.47;11280.08;5227.39;32444.049
2026-08-13T01:23:24.398081+02:00;standby;24.4;32.3;5.0;25.0;55.8;10.0;0;0;0;0;16507.47;11280.08;5227.39;32444.049
2026-08-13T01:24:24.900604+02:00;standby;24.4;32.3;5.0;25.0;55.7;10.0;0;0;0;0;16507.47;11280.08;5227.39;32444.049
2026-08-13T01:25:25.403890+02:00;standby;24.4;32.3;5.0;25.0;55.7;10.0;0;0;0;0;16507.47;11280.08;5227.39;32444.049
2026-08-13T01:26:25.936882+02:00;standby;24.4;32.3;5.0;25.0;55.7;10.0;0;0;0;0;16507.47;11280.08;5227.39;32444.049
2026-08-13T01:27:26.428915+02:00;standby;24.4;32.3;5.0;25.0;55.7;10.0;0;0;0;0;16507.47;11280.08;5227.39;32444.049
2026-08-13T01:28:27.097956+02:00;standby;24.4;32.2;5.0;25.0;55.7;10.0;0;0;0;0;16507.47;11280.08;5227.39;32444.049
2026-08-13T01:29:27.568514+02:00;standby;24.4;32.2;5.0;25.0;55.7;10.0;0;0;0;0;16507.47;11280.08;5227.39;32444.049
2026-08-13T01:30:28.092051+02:00;standby;24.4;32.2;5.0;25.0;55.7;10.0;0;0;0;0;16507.47;11280.08;5227.39;32444.049
2026-08-13T01:31:28.661250+02:00;standby;22.9;32.2;5.0;25.0;55.7;10.0;0;0;0;0;16507.47;11280.08;5227.39;32444.049
2026-08-13T01:32:29.124576+02:00;standby;22.9;32.2;5.0;25.0;55.7;10.0;0;0;0;0;16507.47;11280.08;5227.39;32444.049
2026-08-13T01:33:29.899655+02:00;standby;22.9;32.2;5.0;25.0;55.7;10.0;0;0;0;0;16507.47;11280.08;5227.39;32444.049
2026-08-13T01:34:31.390840+02:00;standby;22.9;32.2;5.0;25.0;55.7;10.0;0;0;0;0;16507.47;11280.08;5227.39;32444.049
2026-08-13T01:35:31.967411+02:00;standby;22.9;32.2;5.0;25.0;55.7;10.0;0;0;0;0;16507.47;11280.08;5227.39;32444.049
2026-08-13T01:36:32.455071+02:00;standby;22.9;32.1;5.0;25.0;55.7;10.0;0;0;0;0;16507.47;11280.08;5227.39;32444.049
2026-08-13T01:37:33.009868+02:00;standby;22.9;32.1;5.0;25.0;55.6;10.0;0;0;0;0;16507.47;11280.08;5227.39;32444.049
2026-08-13T01:38:33.572220+02:00;standby;22.9;32.1;5.0;25.0;55.6;10.0;0;0;0;0;16507.47;11280.08;5227.39;32444.049
2026-08-13T01:39:34.105018+02:00;standby;22.9;32.1;5.0;25.0;55.6;10.0;0;0;0;0;16507.47;11280.08;5227.39;32444.049
2026-08-13T01:40:34.621837+02:00;standby;22.9;32.1;5.0;25.0;55.6;10.0;0;0;0;0;16507.47;11280.08;5227.39;32444.049
2026-08-13T01:41:35.360422+02:00;standby;22.9;32.1;5.0;25.0;55.6;10.0;0;0;0;0;16507.47;11280.08;5227.39;32444.049
2026-08-13T01:42:36.057131+02:00;standby;22.9;32.1;5.0;25.0;55.6;10.0;0;0;0;0;16507.47;11280.08;5227.39;32444.049
2026-08-13T01:43:36.597002+02:00;standby;22.9;32.1;5.0;25.0;55.6;10.0;0;0;0;0;16507.47;11280.08;5227.39;32444.049
2026-08-13T01:44:37.125836+02:00;standby;22.9;32.1;5.0;25.0;55.6;10.0;0;0;0;0;16507.47;11280.08;5227.39;32444.049
2026-08-13T01:45:37.628422+02:00;standby;22.9;32.1;5.0;25.0;55.6;10.0;0;0;0;0;16507.47;11280.08;5227.39;32444.049
2026-08-13T01:46:38.137134+02:00;standby;22.9;32.0;5.0;25.0;55.6;10.0;0;0;0;0;16507.47;11280.08;5227.39;32444.049
2026-08-13T01:47:38.677866+02:00;standby;22.9;32.0;5.0;25.0;55.6;10.0;0;0;0;0;16507.47;11280.08;5227.39;32444.049
2026-08-13T01:48:39.737269+02:00;standby;22.9;32.0;5.0;25.0;55.6;10.0;0;0;0;0;16507.47;11280.08;5227.39;32444.049
2026-08-13T01:49:40.433049+02:00;standby;22.9;32.0;5.0;25.0;55.5;10.0;0;0;0;0;16507.47;11280.08;5227.39;32444.049
2026-08-13T01:50:40.947003+02:00;standby;22.9;32.0;5.0;25.0;55.5;10.0;0;0;0;0;16507.47;11280.08;5227.39;32444.049
2026-08-13T01:51:41.449616+02:00;standby;22.9;32.0;5.0;25.0;55.5;10.0;0;0;0;0;16507.47;11280.08;5227.39;32444.049
2026-08-13T01:52:42.185362+02:00;standby;22.9;32.0;5.0;25.0;55.5;10.0;0;0;0;0;16507.47;11280.08;5227.39;32444.049
2026-08-13T01:53:42.893534+02:00;standby;22.9;32.0;5.0;25.0;55.5;10.0;0;0;0;0;16507.47;11280.08;5227.39;32444.049
2026-08-13T01:54:43.785600+02:00;standby;22.9;32.0;5.0;25.0;55.5;10.0;0;0;0;0;16507.47;11280.08;5227.39;32444.049
2026-08-13T01:55:44.374842+02:00;standby;22.9;32.0;5.0;25.0;55.5;10.0;0;0;0;0;16507.47;11280.08;5227.39;32444.049
2026-08-13T01:56:44.824175+02:00;standby;22.9;31.9;5.0;25.0;55.5;10.0;0;0;0;0;16507.47;11280.08;5227.39;32444.049
2026-08-13T01:57:45.706073+02:00;standby;22.9;31.9;5.0;25.0;55.5;10.0;0;0;0;0;16507.47;11280.08;5227.39;32444.049
2026-08-13T01:58:46.163125+02:00;standby;22.9;31.9;5.0;25.0;55.5;10.0;0;0;0;0;16507.47;11280.08;5227.39;32444.049
2026-08-13T01:59:46.622742+02:00;standby;22.9;31.9;5.0;25.0;55.5;10.0;0;0;0;0;16507.47;11280.08;5227.39;32444.049
2026-08-13T02:00:47.255540+02:00;standby;22.9;31.9;5.0;25.0;55.4;10.0;0;0;0;0;16507.47;11280.08;5227.39;32444.049
2026-08-13T02:01:47.775352+02:00;standby;22.9;31.9;5.0;25.0;55.4;10.0;0;0;0;0;16507.47;11280.08;5227.39;32444.049
2026-08-13T02:02:48.298539+02:00;standby;22.9;31.9;5.0;25.0;55.4;10.0;0;0;0;0;16507.47;11280.08;5227.39;32444.049
2026-08-13T02:03:48.815890+02:00;standby;22.9;31.9;5.0;25.0;55.4;10.0;0;0;0;0;16507.47;11280.08;5227.39;32444.049
2026-08-13T02:04:49.466126+02:00;standby;22.9;31.9;5.0;25.0;55.4;10.0;0;0;0;0;16507.47;11280.08;5227.39;32444.049
2026-08-13T02:05:50.263506+02:00;standby;22.9;31.9;5.0;25.0;55.4;10.0;0;0;0;0;16507.47;11280.08;5227.39;32444.049
2026-08-13T02:06:51.515322+02:00;standby;22.9;31.7;5.0;25.0;55.4;10.0;0;0;0;0;16507.47;11280.08;5227.39;32444.049
2026-08-13T02:07:52.215229+02:00;standby;22.9;31.7;5.0;25.0;55.4;10.0;0;0;0;0;16507.47;11280.08;5227.39;32444.049
2026-08-13T02:08:52.839200+02:00;standby;22.9;31.7;5.0;25.0;55.4;10.0;0;0;0;0;16507.47;11280.08;5227.39;32444.049
2026-08-13T02:09:53.458708+02:00;standby;22.9;31.7;5.0;25.0;55.4;10.0;0;0;0;0;16507.47;11280.08;5227.39;32444.049
2026-08-13T02:10:53.988481+02:00;standby;22.9;31.7;5.0;25.0;55.4;10.0;0;0;0;0;16507.47;11280.08;5227.39;32444.049
2026-08-13T02:11:54.523093+02:00;standby;22.9;31.7;5.0;25.0;55.4;10.0;0;0;0;0;16507.47;11280.08;5227.39;32444.049
2026-08-13T02:12:55.015632+02:00;standby;22.9;31.7;5.0;25.0;55.4;10.0;0;0;0;0;16507.47;11280.08;5227.39;32444.049
2026-08-13T02:13:55.644619+02:00;standby;22.9;31.7;5.0;25.0;55.4;10.0;0;0;0;0;16507.47;11280.08;5227.39;32444.049
2026-08-13T02:14:58.655053+02:00;standby;22.9;31.7;5.0;25.0;55.3;10.0;0;0;0;0;16507.47;11280.08;5227.39;32444.049
2026-08-13T02:16:04.084529+02:00;standby;22.9;31.6;5.0;25.0;55.3;10.0;0;0;0;0;16507.47;11280.08;5227.39;32444.049
2026-08-13T02:17:17.299321+02:00;standby;22.9;31.6;5.0;25.0;55.3;10.0;0;0;0;0;16507.47;11280.08;5227.39;32444.049
2026-08-13T02:18:26.825200+02:00;standby;22.9;31.6;5.0;25.0;55.3;10.0;0;0;0;0;16507.47;11280.08;5227.39;32444.049
2026-08-13T02:19:28.349916+02:00;standby;22.9;31.6;5.0;25.0;55.3;10.0;0;0;0;0;16507.47;11280.08;5227.39;32444.049
2026-08-13T02:20:28.865171+02:00;standby;22.9;31.6;5.0;25.0;55.3;10.0;0;0;0;0;16507.47;11280.08;5227.39;32444.049
2026-08-13T02:21:29.484114+02:00;standby;22.9;31.6;5.0;25.0;55.3;10.0;0;0;0;0;16507.47;11280.08;5227.39;32444.049
2026-08-13T02:22:30.162826+02:00;standby;22.9;31.6;5.0;25.0;55.3;10.0;0;0;0;0;16507.47;11280.08;5227.39;32444.049
2026-08-13T02:23:30.782545+02:00;standby;22.9;31.6;5.0;25.0;55.3;10.0;0;0;0;0;16507.47;11280.08;5227.39;32444.049
2026-08-13T02:24:31.304609+02:00;standby;22.9;31.6;5.0;25.0;55.3;10.0;0;0;0;0;16507.47;11280.08;5227.39;32444.049
2026-08-13T02:25:31.768070+02:00;standby;22.9;31.6;5.0;25.0;55.3;10.0;0;0;0;0;16507.47;11280.08;5227.39;32444.049
2026-08-13T02:26:32.299019+02:00;standby;22.9;31.6;5.0;25.0;55.2;10.0;0;0;0;0;16507.47;11280.08;5227.39;32444.049
2026-08-13T02:27:32.753660+02:00;standby;22.9;31.6;5.0;25.0;55.2;10.0;0;0;0;0;16507.47;11280.08;5227.39;32444.049
2026-08-13T02:28:33.238478+02:00;standby;22.9;31.5;5.0;25.0;55.2;10.0;0;0;0;0;16507.47;11280.08;5227.39;32444.049
2026-08-13T02:29:34.141557+02:00;standby;22.9;31.5;5.0;25.0;55.2;10.0;0;0;0;0;16507.47;11280.08;5227.39;32444.049
2026-08-13T02:30:34.790420+02:00;standby;22.9;31.5;5.0;25.0;55.2;10.0;0;0;0;0;16507.47;11280.08;5227.39;32444.049
2026-08-13T02:31:35.285892+02:00;standby;21.9;31.5;5.0;25.0;55.2;10.0;0;0;0;0;16507.47;11280.08;5227.39;32444.049
2026-08-13T02:32:35.768476+02:00;standby;21.9;31.5;5.0;25.0;55.2;10.0;0;0;0;0;16507.47;11280.08;5227.39;32444.049
2026-08-13T02:33:36.284660+02:00;standby;21.9;31.5;5.0;25.0;55.2;10.0;0;0;0;0;16507.47;11280.08;5227.39;32444.049
2026-08-13T02:34:36.741907+02:00;standby;21.9;31.5;5.0;25.0;55.2;10.0;0;0;0;0;16507.47;11280.08;5227.39;32444.049
2026-08-13T02:35:37.461282+02:00;standby;21.9;31.5;5.0;25.0;55.2;10.0;0;0;0;0;16507.47;11280.08;5227.39;32444.049
2026-08-13T02:36:37.997585+02:00;standby;21.9;31.5;5.0;25.0;55.2;10.0;0;0;0;0;16507.47;11280.08;5227.39;32444.049
2026-08-13T02:37:38.468122+02:00;standby;21.9;31.5;5.0;25.0;55.2;10.0;0;0;0;0;16507.47;11280.08;5227.39;32444.049
2026-08-13T02:38:38.988559+02:00;standby;21.9;31.5;5.0;25.0;55.1;10.0;0;0;0;0;16507.47;11280.08;5227.39;32444.049
2026-08-13T02:39:39.462343+02:00;standby;21.9;31.5;5.0;25.0;55.1;10.0;0;0;0;0;16507.47;11280.08;5227.39;32444.049
2026-08-13T02:40:40.064250+02:00;standby;21.9;31.4;5.0;25.0;55.1;10.0;0;0;0;0;16507.47;11280.08;5227.39;32444.049
2026-08-13T02:41:40.681819+02:00;standby;21.9;31.4;5.0;25.0;55.1;10.0;0;0;0;0;16507.47;11280.08;5227.39;32444.049
2026-08-13T02:42:41.319304+02:00;standby;21.9;31.4;5.0;25.0;55.1;10.0;0;0;0;0;16507.47;11280.08;5227.39;32444.049
2026-08-13T02:43:41.820637+02:00;standby;21.9;31.4;5.0;25.0;55.1;10.0;0;0;0;0;16507.47;11280.08;5227.39;32444.049
2026-08-13T02:44:43.002021+02:00;standby;21.9;31.4;5.0;25.0;55.1;10.0;0;0;0;0;16507.47;11280.08;5227.39;32444.049
2026-08-13T02:45:43.475445+02:00;standby;21.9;31.4;5.0;25.0;55.1;10.0;0;0;0;0;16507.47;11280.08;5227.39;32444.049
2026-08-13T02:46:44.009755+02:00;standby;21.9;31.4;5.0;25.0;55.1;10.0;0;0;0;0;16507.47;11280.08;5227.39;32444.049
2026-08-13T02:47:44.616824+02:00;standby;21.9;31.4;5.0;25.0;55.1;10.0;0;0;0;0;16507.47;11280.08;5227.39;32444.049
2026-08-13T02:48:45.161401+02:00;standby;21.9;31.4;5.0;25.0;55.1;10.0;0;0;0;0;16507.47;11280.08;5227.39;32444.049
2026-08-13T02:49:45.684499+02:00;standby;21.9;31.4;5.0;25.0;55.1;10.0;0;0;0;0;16507.47;11280.08;5227.39;32444.049
2026-08-13T02:50:46.239621+02:00;standby;21.9;31.4;5.0;25.0;54.9;10.0;0;0;0;0;16507.47;11280.08;5227.39;32444.049
2026-08-13T02:51:46.910085+02:00;standby;21.9;31.2;5.0;25.0;54.9;10.0;0;0;0;0;16507.47;11280.08;5227.39;32444.049
2026-08-13T02:52:47.528749+02:00;standby;21.9;31.2;5.0;25.0;54.9;10.0;0;0;0;0;16507.47;11280.08;5227.39;32444.049
2026-08-13T02:53:48.161483+02:00;standby;21.9;31.2;5.0;25.0;54.9;10.0;0;0;0;0;16507.47;11280.08;5227.39;32444.049
2026-08-13T02:54:48.673587+02:00;standby;21.9;31.2;5.0;25.0;54.9;10.0;0;0;0;0;16507.47;11280.08;5227.39;32444.049
2026-08-13T02:55:49.281957+02:00;standby;21.9;31.2;5.0;25.0;54.9;10.0;0;0;0;0;16507.47;11280.08;5227.39;32444.049
2026-08-13T02:56:49.946431+02:00;standby;21.9;31.2;5.0;25.0;54.9;10.0;0;0;0;0;16507.47;11280.08;5227.39;32444.049
2026-08-13T02:57:50.430054+02:00;standby;21.9;31.2;5.0;25.0;54.9;10.0;0;0;0;0;16507.47;11280.08;5227.39;32444.049
2026-08-13T02:58:50.999963+02:00;standby;21.9;31.2;5.0;25.0;54.9;10.0;0;0;0;0;16507.47;11280.08;5227.39;32444.049
2026-08-13T02:59:51.581590+02:00;standby;21.9;31.2;5.0;25.0;54.9;10.0;0;0;0;0;16507.47;11280.08;5227.39;32444.049
2026-08-13T03:00:52.086971+02:00;standby;21.9;31.2;5.0;25.0;54.9;10.0;0;0;0;0;16507.47;11280.08;5227.39;32444.049
2026-08-13T03:01:52.632177+02:00;standby;21.9;31.2;5.0;25.0;54.9;10.0;0;0;0;0;16507.47;11280.08;5227.39;32444.049
2026-08-13T03:02:53.234128+02:00;standby;21.9;31.2;5.0;25.0;54.9;10.0;0;0;0;0;16507.47;11280.08;5227.39;32444.049
2026-08-13T03:03:53.749775+02:00;standby;21.9;31.1;5.0;25.0;54.8;10.0;0;0;0;0;16507.47;11280.08;5227.39;32444.049
2026-08-13T03:04:54.733873+02:00;standby;21.9;31.1;5.0;25.0;54.8;10.0;0;0;0;0;16507.47;11280.08;5227.39;32444.049
2026-08-13T03:05:56.327879+02:00;standby;21.9;31.1;5.0;25.0;54.8;10.0;0;0;0;0;16507.47;11280.08;5227.39;32444.049
2026-08-13T03:06:56.843228+02:00;standby;21.9;31.1;5.0;25.0;54.8;10.0;0;0;0;0;16507.47;11280.08;5227.39;32444.049
2026-08-13T03:07:57.416547+02:00;standby;21.9;31.1;5.0;25.0;54.8;10.0;0;0;0;0;16507.47;11280.08;5227.39;32444.049
2026-08-13T03:08:57.995492+02:00;standby;21.9;31.1;5.0;25.0;54.8;10.0;0;0;0;0;16507.47;11280.08;5227.39;32444.049
2026-08-13T03:09:58.507756+02:00;standby;21.9;31.1;5.0;25.0;54.8;10.0;0;0;0;0;16507.47;11280.08;5227.39;32444.049
2026-08-13T03:10:58.973495+02:00;standby;21.9;31.1;5.0;25.0;54.8;10.0;0;0;0;0;16507.47;11280.08;5227.39;32444.049
2026-08-13T03:11:59.496617+02:00;standby;21.9;31.1;5.0;25.0;54.8;10.0;0;0;0;0;16507.47;11280.08;5227.39;32444.049
2026-08-13T03:13:00.324296+02:00;standby;21.9;31.1;5.0;25.0;54.8;10.0;0;0;0;0;16507.47;11280.08;5227.39;32444.049
2026-08-13T03:14:00.743355+02:00;standby;21.9;31.1;5.0;25.0;54.8;10.0;0;0;0;0;16507.47;11280.08;5227.39;32444.049
2026-08-13T03:15:01.621892+02:00;standby;21.9;31.1;5.0;25.0;54.8;10.0;0;0;0;0;16507.47;11280.08;5227.39;32444.049
2026-08-13T03:16:02.253525+02:00;standby;21.9;31.1;5.0;25.0;54.8;10.0;0;0;0;0;16507.47;11280.08;5227.39;32444.049
2026-08-13T03:17:02.772891+02:00;standby;21.9;31.1;5.0;25.0;54.7;10.0;0;0;0;0;16507.47;11280.08;5227.39;32444.049
2026-08-13T03:18:03.485402+02:00;standby;21.9;31.0;5.0;25.0;54.7;10.0;0;0;0;0;16507.47;11280.08;5227.39;32444.049
2026-08-13T03:19:04.006029+02:00;standby;21.9;31.0;5.0;25.0;54.7;10.0;0;0;0;0;16507.47;11280.08;5227.39;32444.049
2026-08-13T03:20:04.709992+02:00;standby;21.9;31.1;5.0;25.0;54.7;10.0;0;0;0;0;16507.47;11280.08;5227.39;32444.049
2026-08-13T03:21:05.243711+02:00;standby;21.9;31.0;5.0;25.0;54.7;10.0;0;0;0;0;16507.47;11280.08;5227.39;32444.049
2026-08-13T03:22:05.850288+02:00;standby;21.9;31.0;5.0;25.0;54.7;10.0;0;0;0;0;16507.47;11280.08;5227.39;32444.049
2026-08-13T03:23:06.486853+02:00;standby;21.9;31.0;5.0;25.0;54.7;10.0;0;0;0;0;16507.47;11280.08;5227.39;32444.049
2026-08-13T03:24:07.433514+02:00;standby;21.9;31.0;5.0;25.0;54.7;10.0;0;0;0;0;16507.47;11280.08;5227.39;32444.049
2026-08-13T03:25:07.976091+02:00;standby;21.9;31.0;5.0;25.0;54.7;10.0;0;0;0;0;16507.47;11280.08;5227.39;32444.049
2026-08-13T03:26:08.450323+02:00;standby;21.9;31.0;5.0;25.0;54.7;10.0;0;0;0;0;16507.47;11280.08;5227.39;32444.049
2026-08-13T03:27:09.213958+02:00;standby;21.9;31.0;5.0;25.0;54.7;10.0;0;0;0;0;16507.47;11280.08;5227.39;32444.049
2026-08-13T03:28:09.690755+02:00;standby;21.9;30.9;5.0;25.0;54.7;10.0;0;0;0;0;16507.47;11280.08;5227.39;32444.049
2026-08-13T03:29:10.540986+02:00;standby;21.9;31.0;5.0;25.0;54.6;10.0;0;0;0;0;16507.47;11280.08;5227.39;32444.049
2026-08-13T03:30:11.362765+02:00;standby;21.9;31.0;5.0;25.0;54.6;10.0;0;0;0;0;16507.47;11280.08;5227.39;32444.049
2026-08-13T03:31:11.907329+02:00;standby;21.9;31.0;5.0;25.0;54.6;10.0;0;0;0;0;16507.47;11280.08;5227.39;32444.049
2026-08-13T03:32:12.542899+02:00;standby;21.1;31.0;5.0;25.0;54.6;10.0;0;0;0;0;16507.47;11280.08;5227.39;32444.049
2026-08-13T03:33:14.384736+02:00;standby;21.1;31.0;5.0;25.0;54.6;10.0;0;0;0;0;16507.47;11280.08;5227.39;32444.049
2026-08-13T03:34:14.857065+02:00;standby;21.1;30.9;5.0;25.0;54.6;10.0;0;0;0;0;16507.47;11280.08;5227.39;32444.049
2026-08-13T03:35:15.381049+02:00;standby;21.1;30.9;5.0;25.0;54.6;10.0;0;0;0;0;16507.47;11280.08;5227.39;32444.049
2026-08-13T03:36:15.900196+02:00;standby;21.1;30.9;5.0;25.0;54.6;10.0;0;0;0;0;16507.47;11280.08;5227.39;32444.049
2026-08-13T03:37:16.424304+02:00;standby;21.1;30.9;5.0;25.0;54.6;10.0;0;0;0;0;16507.47;11280.08;5227.39;32444.049
2026-08-13T03:38:16.951636+02:00;standby;21.1;30.9;5.0;25.0;54.6;10.0;0;0;0;0;16507.47;11280.08;5227.39;32444.049
2026-08-13T03:39:17.556537+02:00;standby;21.1;30.9;5.0;25.0;54.6;10.0;0;0;0;0;16507.47;11280.08;5227.39;32444.049
2026-08-13T03:40:18.030206+02:00;standby;21.1;30.9;5.0;25.0;54.6;10.0;0;0;0;0;16507.47;11280.08;5227.39;32444.049
2026-08-13T03:41:18.937990+02:00;standby;21.1;30.9;5.0;25.0;54.6;10.0;0;0;0;0;16507.47;11280.08;5227.39;32444.049
2026-08-13T03:42:19.433368+02:00;standby;21.1;30.9;5.0;25.0;54.6;10.0;0;0;0;0;16507.47;11280.08;5227.39;32444.049
2026-08-13T03:43:19.948971+02:00;standby;21.1;30.9;5.0;25.0;54.5;10.0;0;0;0;0;16507.47;11280.08;5227.39;32444.049
2026-08-13T03:44:20.580015+02:00;standby;21.1;30.9;5.0;25.0;54.5;10.0;0;0;0;0;16507.47;11280.08;5227.39;32444.049
2026-08-13T03:45:21.076898+02:00;standby;21.1;30.9;5.0;25.0;54.5;10.0;0;0;0;0;16507.47;11280.08;5227.39;32444.049
2026-08-13T03:46:21.600959+02:00;standby;21.1;30.9;5.0;25.0;54.5;10.0;0;0;0;0;16507.47;11280.08;5227.39;32444.049
2026-08-13T03:47:22.228363+02:00;standby;21.1;30.9;5.0;25.0;54.5;10.0;0;0;0;0;16507.47;11280.08;5227.39;32444.049
2026-08-13T03:48:22.846387+02:00;standby;21.1;30.9;5.0;25.0;54.5;10.0;0;0;0;0;16507.47;11280.08;5227.39;32444.049
2026-08-13T03:49:23.575935+02:00;standby;21.1;30.7;5.0;25.0;54.5;10.0;0;0;0;0;16507.47;11280.08;5227.39;32444.049
2026-08-13T03:50:24.094713+02:00;standby;21.1;30.7;5.0;25.0;54.5;10.0;0;0;0;0;16507.47;11280.08;5227.39;32444.049
2026-08-13T03:51:24.667282+02:00;standby;21.1;30.7;5.0;25.0;54.5;10.0;0;0;0;0;16507.47;11280.08;5227.39;32444.049
2026-08-13T03:52:25.759225+02:00;standby;21.1;30.7;5.0;25.0;54.5;10.0;0;0;0;0;16507.47;11280.08;5227.39;32444.049
2026-08-13T03:53:26.263618+02:00;standby;21.1;30.7;5.0;25.0;54.5;10.0;0;0;0;0;16507.47;11280.08;5227.39;32444.049
2026-08-13T03:54:26.784835+02:00;standby;21.1;30.7;5.0;25.0;54.4;10.0;0;0;0;0;16507.47;11280.08;5227.39;32444.049
2026-08-13T03:55:27.314802+02:00;standby;21.1;30.7;5.0;25.0;54.4;10.0;0;0;0;0;16507.47;11280.08;5227.39;32444.049
2026-08-13T03:56:27.815576+02:00;standby;21.1;30.7;5.0;25.0;54.4;10.0;0;0;0;0;16507.47;11280.08;5227.39;32444.049
2026-08-13T03:57:28.350819+02:00;standby;21.1;30.7;5.0;25.0;54.4;10.0;0;0;0;0;16507.47;11280.08;5227.39;32444.049
2026-08-13T03:58:28.992357+02:00;standby;21.1;30.7;5.0;25.0;54.4;10.0;0;0;0;0;16507.47;11280.08;5227.39;32444.049
2026-08-13T03:59:29.698158+02:00;standby;21.1;30.7;5.0;25.0;54.4;10.0;0;0;0;0;16507.47;11280.08;5227.39;32444.049
2026-08-13T04:00:30.318018+02:00;standby;21.1;30.7;5.0;25.0;54.4;10.0;0;0;0;0;16507.47;11280.08;5227.39;32444.049
2026-08-13T04:01:30.827189+02:00;standby;21.1;30.6;5.0;25.0;54.4;57.0;0;0;0;0;16507.47;11280.08;5227.39;32444.049
2026-08-13T04:02:31.351455+02:00;standby;21.1;30.6;5.0;25.0;54.4;57.0;0;0;0;0;16507.47;11280.08;5227.39;32444.049
2026-08-13T04:03:32.315175+02:00;standby;21.1;30.6;5.0;25.0;54.4;57.0;0;0;0;0;16507.47;11280.08;5227.39;32444.049
2026-08-13T04:04:32.803745+02:00;standby;21.1;30.7;5.0;25.0;54.4;57.0;0;0;0;0;16507.47;11280.08;5227.39;32444.049
2026-08-13T04:05:33.354202+02:00;standby;21.1;30.6;5.0;25.0;54.4;57.0;0;0;0;0;16507.47;11280.08;5227.39;32444.049
2026-08-13T04:06:36.748328+02:00;standby;21.1;30.6;5.0;25.0;54.3;57.0;0;0;0;0;16507.47;11280.08;5227.39;32444.049
2026-08-13T04:07:37.221564+02:00;standby;21.1;30.6;5.0;25.0;54.4;57.0;0;0;0;0;16507.47;11280.08;5227.39;32444.049
2026-08-13T04:08:37.766056+02:00;standby;21.1;30.6;5.0;25.0;54.3;57.0;0;0;0;0;16507.47;11280.08;5227.39;32444.049
2026-08-13T04:09:38.397287+02:00;standby;21.1;30.6;5.0;25.0;54.3;57.0;0;0;0;0;16507.47;11280.08;5227.39;32444.049
2026-08-13T04:10:38.893706+02:00;standby;21.1;30.6;5.0;25.0;54.3;57.0;0;0;0;0;16507.47;11280.08;5227.39;32444.049
2026-08-13T04:11:39.419610+02:00;standby;21.1;30.6;5.0;25.0;54.3;57.0;0;0;0;0;16507.47;11280.08;5227.39;32444.049
2026-08-13T04:12:39.922926+02:00;standby;21.1;30.6;5.0;25.0;54.3;57.0;0;0;0;0;16507.47;11280.08;5227.39;32444.049
2026-08-13T04:13:40.443404+02:00;standby;21.1;30.6;5.0;25.0;54.3;57.0;0;0;0;0;16507.47;11280.08;5227.39;32444.049
2026-08-13T04:14:41.283239+02:00;standby;21.1;30.6;5.0;25.0;54.3;57.0;0;0;0;0;16507.47;11280.08;5227.39;32444.049
2026-08-13T04:15:41.792951+02:00;standby;21.1;30.6;5.0;25.0;54.3;57.0;0;0;0;0;16507.47;11280.08;5227.39;32444.049
2026-08-13T04:16:42.349624+02:00;standby;21.1;30.6;5.0;25.0;54.3;57.0;0;0;0;0;16507.47;11280.08;5227.39;32444.049
2026-08-13T04:17:42.937158+02:00;standby;21.1;30.6;5.0;25.0;54.3;57.0;0;0;0;0;16507.47;11280.08;5227.39;32444.049
2026-08-13T04:18:43.553807+02:00;standby;21.1;30.6;5.0;25.0;54.3;57.0;0;0;0;0;16507.47;11280.08;5227.39;32444.049
2026-08-13T04:19:44.270541+02:00;standby;21.1;30.6;5.0;25.0;54.3;57.0;0;0;0;0;16507.47;11280.08;5227.39;32444.049
2026-08-13T04:20:44.802907+02:00;standby;21.1;30.5;5.0;25.0;54.2;57.0;0;0;0;0;16507.47;11280.08;5227.39;32444.049
2026-08-13T04:21:45.335886+02:00;standby;21.1;30.5;5.0;25.0;54.2;57.0;0;0;0;0;16507.47;11280.08;5227.39;32444.049
2026-08-13T04:22:45.833415+02:00;standby;21.1;30.5;5.0;25.0;54.2;57.0;0;0;0;0;16507.47;11280.08;5227.39;32444.049
2026-08-13T04:23:46.365232+02:00;standby;21.1;30.5;5.0;25.0;54.2;57.0;0;0;0;0;16507.47;11280.08;5227.39;32444.049
2026-08-13T04:24:47.306215+02:00;standby;21.1;30.5;5.0;25.0;54.2;57.0;0;0;0;0;16507.47;11280.08;5227.39;32444.049
2026-08-13T04:25:47.816132+02:00;standby;21.1;30.5;5.0;25.0;54.2;57.0;0;0;0;0;16507.47;11280.08;5227.39;32444.049
2026-08-13T04:26:48.334839+02:00;standby;21.1;30.5;5.0;25.0;54.2;57.0;0;0;0;0;16507.47;11280.08;5227.39;32444.049
2026-08-13T04:27:48.868449+02:00;standby;21.1;30.5;5.0;25.0;54.2;57.0;0;0;0;0;16507.47;11280.08;5227.39;32444.049
2026-08-13T04:28:49.561321+02:00;standby;21.1;30.5;5.0;25.0;54.2;57.0;0;0;0;0;16507.47;11280.08;5227.39;32444.049
2026-08-13T04:29:50.840475+02:00;standby;21.1;30.5;5.0;25.0;54.2;57.0;0;0;0;0;16507.47;11280.08;5227.39;32444.049
2026-08-13T04:30:51.369631+02:00;standby;21.1;30.5;5.0;25.0;54.2;57.0;0;0;0;0;16507.47;11280.08;5227.39;32444.049
2026-08-13T04:31:52.359745+02:00;standby;21.1;30.5;5.0;25.0;54.2;57.0;0;0;0;0;16507.47;11280.08;5227.39;32444.049
2026-08-13T04:32:52.867052+02:00;standby;20.5;30.5;5.0;25.0;54.1;57.0;0;0;0;0;16507.47;11280.08;5227.39;32444.049
2026-08-13T04:33:53.955304+02:00;standby;20.5;30.5;5.0;25.0;54.1;57.0;0;0;0;0;16507.47;11280.08;5227.39;32444.049
2026-08-13T04:34:54.580202+02:00;standby;20.5;30.5;5.0;25.0;54.1;57.0;0;0;0;0;16507.47;11280.08;5227.39;32444.049
2026-08-13T04:35:55.063731+02:00;standby;20.5;30.5;5.0;25.0;54.1;57.0;0;0;0;0;16507.47;11280.08;5227.39;32444.049
2026-08-13T04:36:55.563870+02:00;standby;20.5;30.4;5.0;25.0;54.1;57.0;0;0;0;0;16507.47;11280.08;5227.39;32444.049
2026-08-13T04:37:56.299473+02:00;standby;20.5;30.5;5.0;25.0;54.1;57.0;0;0;0;0;16507.47;11280.08;5227.39;32444.049
2026-08-13T04:38:56.798844+02:00;standby;20.5;30.4;5.0;25.0;54.1;57.0;0;0;0;0;16507.47;11280.08;5227.39;32444.049
2026-08-13T04:39:57.623868+02:00;standby;20.5;30.4;5.0;25.0;54.1;57.0;0;0;0;0;16507.47;11280.08;5227.39;32444.049
2026-08-13T04:40:58.155299+02:00;standby;20.5;30.4;5.0;25.0;54.1;57.0;0;0;0;0;16507.47;11280.08;5227.39;32444.049
2026-08-13T04:41:58.664757+02:00;standby;20.5;30.4;5.0;25.0;54.1;57.0;0;0;0;0;16507.47;11280.08;5227.39;32444.049
2026-08-13T04:42:59.415560+02:00;standby;20.5;30.4;5.0;25.0;54.1;57.0;0;0;0;0;16507.47;11280.08;5227.39;32444.049
2026-08-13T04:44:00.050867+02:00;standby;20.5;30.4;5.0;25.0;54.0;57.0;0;0;0;0;16507.47;11280.08;5227.39;32444.049
2026-08-13T04:45:00.587622+02:00;standby;20.5;30.4;5.0;25.0;54.1;57.0;0;0;0;0;16507.47;11280.08;5227.39;32444.049
2026-08-13T04:46:01.089882+02:00;standby;20.5;30.4;5.0;25.0;54.0;57.0;0;0;0;0;16507.47;11280.08;5227.39;32444.049
2026-08-13T04:47:01.683150+02:00;standby;20.5;30.4;5.0;25.0;54.0;57.0;0;0;0;0;16507.47;11280.08;5227.39;32444.049
2026-08-13T04:48:02.525180+02:00;standby;20.5;30.4;5.0;25.0;54.0;57.0;0;0;0;0;16507.47;11280.08;5227.39;32444.049
2026-08-13T04:49:03.031332+02:00;standby;20.5;30.4;5.0;25.0;54.0;57.0;0;0;0;0;16507.47;11280.08;5227.39;32444.049
2026-08-13T04:50:03.686627+02:00;standby;20.5;30.4;5.0;25.0;54.0;57.0;0;0;0;0;16507.47;11280.08;5227.39;32444.049
2026-08-13T04:51:04.176877+02:00;standby;20.5;30.4;5.0;25.0;54.0;57.0;0;0;0;0;16507.47;11280.08;5227.39;32444.049
2026-08-13T04:52:04.683130+02:00;standby;20.5;30.4;5.0;25.0;54.0;57.0;0;0;0;0;16507.47;11280.08;5227.39;32444.049
2026-08-13T04:53:05.386242+02:00;standby;20.5;30.4;5.0;25.0;54.0;57.0;0;0;0;0;16507.47;11280.08;5227.39;32444.049
2026-08-13T04:54:06.073282+02:00;standby;20.5;30.4;5.0;25.0;54.0;57.0;0;0;0;0;16507.47;11280.08;5227.39;32444.049
2026-08-13T04:55:06.546537+02:00;standby;20.5;30.4;5.0;25.0;54.0;57.0;0;0;0;0;16507.47;11280.08;5227.39;32444.049
2026-08-13T04:56:07.474217+02:00;standby;20.5;30.4;5.0;25.0;54.0;57.0;0;0;0;0;16507.47;11280.08;5227.39;32444.049
2026-08-13T04:57:08.223470+02:00;standby;20.5;30.4;5.0;25.0;53.9;57.0;0;0;0;0;16507.47;11280.08;5227.39;32444.049
2026-08-13T04:58:08.936183+02:00;standby;20.5;30.4;5.0;25.0;53.9;57.0;0;0;0;0;16507.47;11280.08;5227.39;32444.049
2026-08-13T04:59:14.076180+02:00;standby;20.5;30.2;5.0;25.0;53.9;57.0;0;0;0;0;16507.47;11280.08;5227.39;32444.049
2026-08-13T05:00:14.654781+02:00;standby;20.5;30.2;5.0;25.0;53.9;57.0;0;0;0;0;16507.47;11280.08;5227.39;32444.049
2026-08-13T05:01:15.501735+02:00;standby;20.5;30.2;5.0;25.0;53.9;57.0;0;0;0;0;16507.47;11280.08;5227.39;32444.049
2026-08-13T05:02:16.002327+02:00;standby;20.5;30.2;5.0;25.0;53.9;57.0;0;0;0;0;16507.47;11280.08;5227.39;32444.049
2026-08-13T05:03:16.480217+02:00;standby;20.5;30.2;5.0;25.0;53.9;57.0;0;0;0;0;16507.47;11280.08;5227.39;32444.049
2026-08-13T05:04:16.966236+02:00;standby;20.5;30.2;5.0;25.0;53.9;57.0;0;0;0;0;16507.47;11280.08;5227.39;32444.049
2026-08-13T05:05:17.686989+02:00;standby;20.5;30.2;5.0;25.0;53.9;57.0;0;0;0;0;16507.47;11280.08;5227.39;32444.049
2026-08-13T05:06:18.203738+02:00;standby;20.5;30.2;5.0;25.0;53.9;57.0;0;0;0;0;16507.47;11280.08;5227.39;32444.049
2026-08-13T05:07:18.765953+02:00;standby;20.5;30.2;5.0;25.0;53.9;57.0;0;0;0;0;16507.47;11280.08;5227.39;32444.049
2026-08-13T05:08:19.242385+02:00;standby;20.5;30.2;5.0;25.0;53.9;57.0;0;0;0;0;16507.47;11280.08;5227.39;32444.049
2026-08-13T05:09:19.864611+02:00;standby;20.5;30.2;5.0;25.0;53.8;57.0;0;0;0;0;16507.47;11280.08;5227.39;32444.049
2026-08-13T05:10:20.868350+02:00;standby;20.5;30.2;5.0;25.0;53.8;57.0;0;0;0;0;16507.47;11280.08;5227.39;32444.049
2026-08-13T05:11:21.337053+02:00;standby;20.5;30.2;5.0;25.0;53.8;57.0;0;0;0;0;16507.47;11280.08;5227.39;32444.049
2026-08-13T05:12:21.782365+02:00;standby;20.5;30.2;5.0;25.0;53.8;57.0;0;0;0;0;16507.47;11280.08;5227.39;32444.049
2026-08-13T05:13:22.227730+02:00;standby;20.5;30.2;5.0;25.0;53.8;57.0;0;0;0;0;16507.47;11280.08;5227.39;32444.049
2026-08-13T05:14:23.108894+02:00;standby;20.5;30.2;5.0;25.0;53.8;57.0;0;0;0;0;16507.47;11280.08;5227.39;32444.049
2026-08-13T05:15:24.308135+02:00;standby;20.5;30.2;5.0;25.0;53.8;57.0;0;0;0;0;16507.47;11280.08;5227.39;32444.049
2026-08-13T05:16:24.809622+02:00;standby;20.5;30.2;5.0;25.0;53.8;57.0;0;0;0;0;16507.47;11280.08;5227.39;32444.049
2026-08-13T05:17:25.557846+02:00;standby;20.5;30.2;5.0;25.0;53.8;57.0;0;0;0;0;16507.47;11280.08;5227.39;32444.049
2026-08-13T05:18:26.118050+02:00;standby;20.5;30.2;5.0;25.0;53.8;57.0;0;0;0;0;16507.47;11280.08;5227.39;32444.049
2026-08-13T05:19:27.145782+02:00;standby;20.5;30.1;5.0;25.0;53.8;57.0;0;0;0;0;16507.47;11280.08;5227.39;32444.049
2026-08-13T05:20:27.568823+02:00;standby;20.5;30.1;5.0;25.0;53.8;57.0;0;0;0;0;16507.47;11280.08;5227.39;32444.049
2026-08-13T05:21:28.039721+02:00;standby;20.5;30.1;5.0;25.0;53.8;57.0;0;0;0;0;16507.47;11280.08;5227.39;32444.049
2026-08-13T05:22:28.565820+02:00;standby;20.5;30.1;5.0;25.0;53.7;57.0;0;0;0;0;16507.47;11280.08;5227.39;32444.049
2026-08-13T05:23:29.060341+02:00;standby;20.5;30.1;5.0;25.0;53.7;57.0;0;0;0;0;16507.47;11280.08;5227.39;32444.049
2026-08-13T05:24:29.476888+02:00;standby;20.5;30.1;5.0;25.0;53.7;57.0;0;0;0;0;16507.47;11280.08;5227.39;32444.049
2026-08-13T05:25:30.133438+02:00;standby;20.5;30.1;5.0;25.0;53.7;57.0;0;0;0;0;16507.47;11280.08;5227.39;32444.049
2026-08-13T05:26:30.612084+02:00;standby;20.5;30.1;5.0;25.0;53.7;57.0;0;0;0;0;16507.47;11280.08;5227.39;32444.049
2026-08-13T05:27:31.059337+02:00;standby;20.5;30.1;5.0;25.0;53.7;57.0;0;0;0;0;16507.47;11280.08;5227.39;32444.049
2026-08-13T05:28:31.675033+02:00;standby;20.5;30.1;5.0;25.0;53.7;57.0;0;0;0;0;16507.47;11280.08;5227.39;32444.049
2026-08-13T05:29:32.273818+02:00;standby;20.5;30.1;5.0;25.0;53.7;57.0;0;0;0;0;16507.47;11280.08;5227.39;32444.049
2026-08-13T05:30:33.274394+02:00;standby;20.5;30.1;5.0;25.0;53.7;57.0;0;0;0;0;16507.47;11280.08;5227.39;32444.049
2026-08-13T05:31:33.726871+02:00;standby;20.5;30.1;5.0;30.0;53.7;57.0;0;0;0;0;16507.47;11280.08;5227.39;32444.049
2026-08-13T05:32:34.195564+02:00;standby;20.5;30.1;5.0;30.0;53.7;57.0;0;0;0;0;16507.47;11280.08;5227.39;32444.049
2026-08-13T05:33:34.682871+02:00;standby;20.1;30.1;5.0;30.0;53.7;57.0;0;0;0;0;16507.47;11280.08;5227.39;32444.049
2026-08-13T05:34:35.413632+02:00;standby;20.1;30.1;5.0;30.0;53.7;57.0;0;0;0;0;16507.47;11280.08;5227.39;32444.049
2026-08-13T05:35:36.079820+02:00;standby;20.1;30.1;5.0;30.0;53.6;57.0;0;0;0;0;16507.47;11280.08;5227.39;32444.049
2026-08-13T05:36:36.529232+02:00;standby;20.1;30.1;5.0;30.0;53.6;57.0;0;0;0;0;16507.47;11280.08;5227.39;32444.049
2026-08-13T05:37:37.011066+02:00;standby;20.1;30.1;5.0;30.0;53.6;57.0;0;0;0;0;16507.47;11280.08;5227.39;32444.049
2026-08-13T05:38:37.465959+02:00;standby;20.1;30.1;5.0;30.0;53.6;57.0;0;0;0;0;16507.47;11280.08;5227.39;32444.049
2026-08-13T05:39:37.977069+02:00;standby;20.1;30.1;5.0;30.0;53.6;57.0;0;0;0;0;16507.47;11280.08;5227.39;32444.049
2026-08-13T05:40:39.252134+02:00;standby;20.1;30.1;5.0;30.0;53.6;57.0;0;0;0;0;16507.47;11280.08;5227.39;32444.049
2026-08-13T05:41:39.765519+02:00;standby;20.1;30.1;5.0;30.0;53.6;57.0;0;0;0;0;16507.47;11280.08;5227.39;32444.049
2026-08-13T05:42:40.324571+02:00;standby;20.1;30.0;5.0;30.0;53.6;57.0;0;0;0;0;16507.47;11280.08;5227.39;32444.049
2026-08-13T05:43:41.147336+02:00;standby;20.1;30.0;5.0;30.0;53.6;57.0;0;0;0;0;16507.47;11280.08;5227.39;32444.049
2026-08-13T05:44:41.946984+02:00;standby;20.1;30.0;5.0;30.0;53.6;57.0;0;0;0;0;16507.47;11280.08;5227.39;32444.049
2026-08-13T05:45:42.525235+02:00;standby;20.1;30.0;5.0;30.0;53.6;57.0;0;0;0;0;16507.47;11280.08;5227.39;32444.049
2026-08-13T05:46:43.175488+02:00;standby;20.1;30.0;5.0;30.0;53.5;57.0;0;0;0;0;16507.47;11280.08;5227.39;32444.049
2026-08-13T05:47:43.875584+02:00;standby;20.1;30.0;5.0;30.0;53.6;57.0;0;0;0;0;16507.47;11280.08;5227.39;32444.049
2026-08-13T05:48:44.499240+02:00;standby;20.1;30.0;5.0;30.0;53.5;57.0;0;0;0;0;16507.47;11280.08;5227.39;32444.049
2026-08-13T05:49:44.922373+02:00;standby;20.1;30.0;5.0;30.0;53.5;57.0;0;0;0;0;16507.47;11280.08;5227.39;32444.049
2026-08-13T05:50:45.402971+02:00;standby;20.1;30.0;5.0;30.0;53.5;57.0;0;0;0;0;16507.47;11280.08;5227.39;32444.049
2026-08-13T05:51:46.205627+02:00;standby;20.1;30.0;5.0;30.0;53.5;57.0;0;0;0;0;16507.47;11280.08;5227.39;32444.049
2026-08-13T05:52:46.700650+02:00;standby;20.1;30.0;5.0;30.0;53.5;57.0;0;0;0;0;16507.47;11280.08;5227.39;32444.049
2026-08-13T05:53:47.247878+02:00;standby;20.1;30.0;5.0;30.0;53.5;57.0;0;0;0;0;16507.47;11280.08;5227.39;32444.049
2026-08-13T05:54:47.711356+02:00;standby;20.1;30.0;5.0;30.0;53.5;57.0;0;0;0;0;16507.47;11280.08;5227.39;32444.049
2026-08-13T05:55:48.346024+02:00;standby;20.1;30.0;5.0;30.0;53.5;57.0;0;0;0;0;16507.47;11280.08;5227.39;32444.049
2026-08-13T05:56:48.884439+02:00;standby;20.1;30.0;5.0;30.0;53.5;57.0;0;0;0;0;16507.47;11280.08;5227.39;32444.049
2026-08-13T05:57:49.509161+02:00;standby;20.1;30.0;5.0;30.0;53.5;57.0;0;0;0;0;16507.47;11280.08;5227.39;32444.049
2026-08-13T05:58:50.001880+02:00;standby;20.1;30.0;5.0;30.0;53.5;57.0;0;0;0;0;16507.47;11280.08;5227.39;32444.049
2026-08-13T05:59:50.512631+02:00;standby;20.1;30.0;5.0;30.0;53.5;57.0;0;0;0;0;16507.47;11280.08;5227.39;32444.049
2026-08-13T06:00:50.938092+02:00;standby;20.1;30.0;5.0;30.0;53.4;57.0;0;0;0;0;16507.47;11280.08;5227.39;32444.049
2026-08-13T06:01:51.563442+02:00;standby;20.1;30.0;5.0;30.0;53.4;57.0;0;0;0;0;16507.47;11280.08;5227.39;32444.049
2026-08-13T06:02:52.075981+02:00;standby;20.1;30.0;5.0;30.0;53.4;57.0;0;0;0;0;16507.47;11280.08;5227.39;32444.049
2026-08-13T06:03:52.953774+02:00;standby;20.1;30.0;5.0;30.0;53.4;57.0;0;0;0;0;16507.47;11280.08;5227.39;32444.049
2026-08-13T06:04:53.883582+02:00;standby;20.1;30.0;5.0;30.0;53.4;57.0;0;0;0;0;16507.47;11280.08;5227.39;32444.049
2026-08-13T06:05:54.452000+02:00;standby;20.1;30.0;5.0;30.0;53.4;57.0;0;0;0;0;16507.47;11280.08;5227.39;32444.049
2026-08-13T06:06:54.867843+02:00;standby;20.1;30.0;5.0;30.0;53.4;57.0;0;0;0;0;16507.47;11280.08;5227.39;32444.049
2026-08-13T06:07:55.391955+02:00;standby;20.1;30.0;5.0;30.0;53.4;57.0;0;0;0;0;16507.47;11280.08;5227.39;32444.049
2026-08-13T06:08:55.814549+02:00;standby;20.1;30.0;5.0;30.0;53.4;57.0;0;0;0;0;16507.47;11280.08;5227.39;32444.049
2026-08-13T06:09:57.258266+02:00;standby;20.1;30.0;5.0;30.0;53.4;57.0;0;0;0;0;16507.47;11280.08;5227.39;32444.049
2026-08-13T06:10:57.776517+02:00;standby;20.1;30.0;5.0;30.0;53.4;57.0;0;0;0;0;16507.47;11280.08;5227.39;32444.049
2026-08-13T06:11:58.222465+02:00;standby;20.1;30.0;5.0;30.0;53.3;57.0;0;0;0;0;16507.47;11280.08;5227.39;32444.049
2026-08-13T06:12:58.753247+02:00;standby;20.1;30.0;5.0;30.0;53.4;57.0;0;0;0;0;16507.47;11280.08;5227.39;32444.049
2026-08-13T06:13:59.260427+02:00;standby;20.1;29.9;5.0;30.0;53.3;57.0;0;0;0;0;16507.47;11280.08;5227.39;32444.049
2026-08-13T06:14:59.902142+02:00;standby;20.1;29.9;5.0;30.0;53.3;57.0;0;0;0;0;16507.47;11280.08;5227.39;32444.049
2026-08-13T06:16:00.575369+02:00;standby;20.1;29.9;5.0;30.0;53.3;57.0;0;0;0;0;16507.47;11280.08;5227.39;32444.049
2026-08-13T06:17:03.960853+02:00;standby;20.1;29.9;5.0;30.0;53.3;57.0;0;0;0;0;16507.47;11280.08;5227.39;32444.049
2026-08-13T06:18:04.527229+02:00;standby;20.1;29.9;5.0;30.0;53.3;57.0;0;0;0;0;16507.47;11280.08;5227.39;32444.049
2026-08-13T06:19:05.019891+02:00;standby;20.1;29.9;5.0;30.0;53.3;57.0;0;0;0;0;16507.47;11280.08;5227.39;32444.049
2026-08-13T06:20:05.518114+02:00;standby;20.1;29.9;5.0;30.0;53.3;57.0;0;0;0;0;16507.47;11280.08;5227.39;32444.049
2026-08-13T06:21:06.246594+02:00;standby;20.1;29.9;5.0;30.0;53.3;57.0;0;0;0;0;16507.47;11280.08;5227.39;32444.049
2026-08-13T06:22:07.123567+02:00;standby;20.1;29.9;5.0;30.0;53.3;57.0;0;0;0;0;16507.47;11280.08;5227.39;32444.049
2026-08-13T06:23:07.895125+02:00;standby;20.1;29.9;5.0;30.0;53.3;57.0;0;0;0;0;16507.47;11280.08;5227.39;32444.049
2026-08-13T06:24:08.557763+02:00;standby;20.1;29.9;5.0;30.0;53.3;57.0;0;0;0;0;16507.47;11280.08;5227.39;32444.049
2026-08-13T06:25:09.233824+02:00;standby;20.1;29.9;5.0;30.0;53.3;57.0;0;0;0;0;16507.47;11280.08;5227.39;32444.049
2026-08-13T06:26:09.759749+02:00;standby;20.1;29.9;5.0;30.0;53.2;57.0;0;0;0;0;16507.47;11280.08;5227.39;32444.049
2026-08-13T06:27:10.722885+02:00;standby;20.1;29.9;5.0;30.0;53.2;57.0;0;0;0;0;16507.47;11280.08;5227.39;32444.049
2026-08-13T06:28:11.211165+02:00;standby;20.1;29.9;5.0;30.0;53.2;57.0;0;0;0;0;16507.47;11280.08;5227.39;32444.049
2026-08-13T06:29:11.823293+02:00;standby;20.1;29.9;5.0;30.0;53.2;57.0;0;0;0;0;16507.47;11280.08;5227.39;32444.049
2026-08-13T06:30:12.785351+02:00;standby;20.1;29.9;5.0;30.0;53.2;57.0;0;0;0;0;16507.47;11280.08;5227.39;32444.049
2026-08-13T06:31:13.998603+02:00;standby;20.1;29.9;5.0;30.0;53.2;57.0;0;0;0;0;16507.47;11280.08;5227.39;32444.049
2026-08-13T06:32:14.663881+02:00;standby;20.1;29.9;5.0;30.0;53.2;57.0;0;0;0;0;16507.47;11280.08;5227.39;32444.049
2026-08-13T06:33:15.136853+02:00;standby;20.1;29.9;5.0;30.0;53.2;57.0;0;0;0;0;16507.47;11280.08;5227.39;32444.049
2026-08-13T06:34:15.597383+02:00;standby;19.6;29.9;5.0;30.0;53.2;57.0;0;0;0;0;16507.47;11280.08;5227.39;32444.049
2026-08-13T06:35:16.036956+02:00;standby;19.6;29.9;5.0;30.0;53.2;57.0;0;0;0;0;16507.47;11280.08;5227.39;32444.049
2026-08-13T06:36:16.478046+02:00;standby;19.6;29.9;5.0;30.0;53.2;57.0;0;0;0;0;16507.47;11280.08;5227.39;32444.049
2026-08-13T06:37:16.914007+02:00;standby;19.6;29.9;5.0;30.0;53.2;57.0;0;0;0;0;16507.47;11280.08;5227.39;32444.049
2026-08-13T06:38:17.475835+02:00;standby;19.6;29.9;5.0;30.0;53.2;57.0;0;0;0;0;16507.47;11280.08;5227.39;32444.049
2026-08-13T06:39:17.985107+02:00;standby;19.6;29.7;5.0;30.0;53.1;57.0;0;0;0;0;16507.47;11280.08;5227.39;32444.049
2026-08-13T06:40:18.493411+02:00;standby;19.6;29.9;5.0;30.0;53.1;57.0;0;0;0;0;16507.47;11280.08;5227.39;32444.049
2026-08-13T06:41:20.068956+02:00;standby;19.6;29.7;5.0;30.0;53.1;57.0;0;0;0;0;16507.47;11280.08;5227.39;32444.049
2026-08-13T06:42:20.738423+02:00;standby;19.6;29.7;5.0;30.0;53.1;57.0;0;0;0;0;16507.47;11280.08;5227.39;32444.049
2026-08-13T06:43:21.293269+02:00;standby;19.6;29.7;5.0;30.0;53.1;57.0;0;0;0;0;16507.47;11280.08;5227.39;32444.049
2026-08-13T06:44:21.757170+02:00;standby;19.6;29.7;5.0;30.0;53.1;57.0;0;0;0;0;16507.47;11280.08;5227.39;32444.049
2026-08-13T06:45:22.727565+02:00;standby;19.6;29.7;5.0;30.0;53.1;57.0;0;0;0;0;16507.47;11280.08;5227.39;32444.049
2026-08-13T06:46:23.213727+02:00;standby;19.6;29.7;5.0;30.0;53.1;57.0;0;0;0;0;16507.47;11280.08;5227.39;32444.049
2026-08-13T06:47:23.730839+02:00;standby;19.6;29.7;5.0;30.0;53.1;57.0;0;0;0;0;16507.47;11280.08;5227.39;32444.049
2026-08-13T06:48:24.212171+02:00;standby;19.6;29.7;5.0;30.0;53.1;57.0;0;0;0;0;16507.47;11280.08;5227.39;32444.049
2026-08-13T06:49:24.841938+02:00;standby;19.6;29.7;5.0;30.0;53.1;57.0;0;0;0;0;16507.47;11280.08;5227.39;32444.049
2026-08-13T06:50:25.301016+02:00;standby;19.6;29.7;5.0;30.0;53.1;57.0;0;0;0;0;16507.47;11280.08;5227.39;32444.049
2026-08-13T06:51:25.764540+02:00;standby;19.6;29.7;5.0;30.0;52.9;57.0;0;0;0;0;16507.47;11280.08;5227.39;32444.049
2026-08-13T06:52:26.634712+02:00;standby;19.6;29.7;5.0;30.0;52.9;57.0;0;0;0;0;16507.47;11280.08;5227.39;32444.049
2026-08-13T06:53:27.203511+02:00;standby;19.6;29.6;5.0;30.0;52.9;57.0;0;0;0;0;16507.47;11280.08;5227.39;32444.049
2026-08-13T06:54:27.684352+02:00;standby;19.6;29.6;5.0;30.0;52.9;57.0;0;0;0;0;16507.47;11280.08;5227.39;32444.049
2026-08-13T06:55:28.128811+02:00;standby;19.6;29.6;5.0;30.0;52.9;57.0;0;0;0;0;16507.47;11280.08;5227.39;32444.049
2026-08-13T06:56:28.854259+02:00;standby;19.6;29.6;5.0;30.0;52.9;57.0;0;0;0;0;16507.47;11280.08;5227.39;32444.049
2026-08-13T06:57:29.393576+02:00;standby;19.6;29.6;5.0;30.0;52.9;57.0;0;0;0;0;16507.47;11280.08;5227.39;32444.049
2026-08-13T06:58:29.964212+02:00;standby;19.6;29.6;5.0;30.0;52.9;57.0;0;0;0;0;16507.47;11280.08;5227.39;32444.049
2026-08-13T06:59:30.632643+02:00;standby;19.6;29.6;5.0;30.0;52.9;57.0;0;0;0;0;16507.47;11280.08;5227.39;32444.049
2026-08-13T07:00:31.100972+02:00;standby;19.6;29.6;5.0;30.0;52.9;57.0;0;0;0;0;16507.47;11280.08;5227.39;32444.049
2026-08-13T07:01:31.960534+02:00;standby;19.6;29.6;5.0;30.0;52.9;57.0;0;0;0;0;16507.47;11280.08;5227.39;32444.049
2026-08-13T07:02:32.917434+02:00;standby;19.6;29.6;5.0;30.0;52.9;57.0;0;0;0;0;16507.47;11280.08;5227.39;32444.049
2026-08-13T07:03:33.726520+02:00;standby;19.6;29.6;5.0;30.0;52.9;57.0;0;0;0;0;16507.47;11280.08;5227.39;32444.049
2026-08-13T07:04:34.210495+02:00;standby;19.6;29.6;5.0;30.0;52.9;57.0;0;0;0;0;16507.47;11280.08;5227.39;32444.049
2026-08-13T07:05:35.014086+02:00;standby;19.6;29.4;5.0;30.0;52.9;57.0;0;0;0;0;16507.47;11280.08;5227.39;32444.049
2026-08-13T07:06:35.950315+02:00;standby;19.6;29.6;5.0;30.0;52.8;57.0;0;0;0;0;16507.47;11280.08;5227.39;32444.049
2026-08-13T07:07:36.583136+02:00;standby;19.6;29.6;5.0;30.0;52.8;57.0;0;0;0;0;16507.47;11280.08;5227.39;32444.049
2026-08-13T07:08:37.034052+02:00;standby;19.6;29.4;5.0;30.0;52.8;57.0;0;0;0;0;16507.47;11280.08;5227.39;32444.049
2026-08-13T07:09:37.463651+02:00;standby;19.6;29.4;5.0;30.0;52.8;57.0;0;0;0;0;16507.47;11280.08;5227.39;32444.049
2026-08-13T07:10:38.193228+02:00;standby;19.6;29.4;5.0;30.0;52.8;57.0;0;0;0;0;16507.47;11280.08;5227.39;32444.049
2026-08-13T07:11:38.695748+02:00;standby;19.6;29.4;5.0;30.0;52.8;57.0;0;0;0;0;16507.47;11280.08;5227.39;32444.049
2026-08-13T07:12:39.409433+02:00;standby;19.6;29.4;5.0;30.0;52.8;57.0;0;0;0;0;16507.47;11280.08;5227.39;32444.049
2026-08-13T07:13:39.895280+02:00;standby;19.6;29.4;5.0;30.0;52.8;57.0;0;0;0;0;16507.47;11280.08;5227.39;32444.049
2026-08-13T07:14:41.355244+02:00;standby;19.6;29.4;5.0;30.0;52.8;57.0;0;0;0;0;16507.47;11280.08;5227.39;32444.049
2026-08-13T07:15:41.862927+02:00;standby;19.6;29.4;5.0;30.0;52.7;57.0;0;0;0;0;16507.47;11280.08;5227.39;32444.049
2026-08-13T07:16:42.534574+02:00;standby;19.6;29.4;5.0;30.0;52.7;57.0;0;0;0;0;16507.47;11280.08;5227.39;32444.049
2026-08-13T07:17:43.322876+02:00;standby;19.6;29.4;5.0;30.0;52.7;57.0;0;0;0;0;16507.47;11280.08;5227.39;32444.049
2026-08-13T07:18:43.824933+02:00;standby;19.6;29.4;5.0;30.0;52.7;57.0;0;0;0;0;16507.47;11280.08;5227.39;32444.049
2026-08-13T07:19:44.375134+02:00;standby;19.6;29.4;5.0;30.0;52.6;57.0;0;0;0;0;16507.47;11280.08;5227.39;32444.049
2026-08-13T07:20:45.023059+02:00;standby;19.6;29.4;5.0;30.0;52.5;57.0;0;0;0;0;16507.47;11280.08;5227.39;32444.049
2026-08-13T07:21:45.540245+02:00;standby;19.6;29.4;5.0;30.0;52.5;57.0;0;0;0;0;16507.47;11280.08;5227.39;32444.049
2026-08-13T07:22:46.202762+02:00;standby;19.6;29.4;5.0;30.0;52.4;57.0;0;0;0;0;16507.47;11280.08;5227.39;32444.049
2026-08-13T07:23:46.670128+02:00;standby;19.6;29.3;5.0;30.0;52.4;57.0;0;0;0;0;16507.47;11280.08;5227.39;32444.049
2026-08-13T07:24:47.306244+02:00;standby;19.6;29.4;5.0;30.0;52.4;57.0;0;0;0;0;16507.47;11280.08;5227.39;32444.049
2026-08-13T07:25:47.908907+02:00;standby;19.6;29.4;5.0;30.0;52.4;57.0;0;0;0;0;16507.47;11280.08;5227.39;32444.049
2026-08-13T07:26:48.403088+02:00;standby;19.6;29.3;5.0;30.0;52.4;57.0;0;0;0;0;16507.47;11280.08;5227.39;32444.049
2026-08-13T07:27:48.919835+02:00;standby;19.6;29.3;5.0;30.0;52.4;57.0;0;0;0;0;16507.47;11280.08;5227.39;32444.049
2026-08-13T07:28:49.882115+02:00;standby;19.6;29.4;5.0;30.0;52.4;57.0;0;0;0;0;16507.47;11280.08;5227.39;32444.049
2026-08-13T07:29:50.722239+02:00;standby;19.6;29.3;5.0;30.0;52.4;57.0;0;0;0;0;16507.47;11280.08;5227.39;32444.049
2026-08-13T07:30:51.186163+02:00;standby;19.6;29.3;5.0;30.0;52.3;57.0;0;0;0;0;16507.47;11280.08;5227.39;32444.049
2026-08-13T07:31:51.863780+02:00;standby;19.6;29.3;5.0;30.0;52.3;57.0;0;0;0;0;16507.47;11280.08;5227.39;32444.049
2026-08-13T07:32:52.574574+02:00;standby;19.6;29.3;5.0;30.0;52.3;57.0;0;0;0;0;16507.47;11280.08;5227.39;32444.049
2026-08-13T07:33:53.140542+02:00;standby;19.6;29.3;5.0;30.0;52.3;57.0;0;0;0;0;16507.47;11280.08;5227.39;32444.049
2026-08-13T07:34:53.677122+02:00;standby;20.5;29.3;5.0;30.0;52.3;57.0;0;0;0;0;16507.47;11280.08;5227.39;32444.049
2026-08-13T07:35:54.250876+02:00;standby;20.5;29.3;5.0;30.0;52.2;57.0;0;0;0;0;16507.47;11280.08;5227.39;32444.049
2026-08-13T07:36:54.865310+02:00;standby;20.5;29.3;5.0;30.0;52.2;57.0;0;0;0;0;16507.47;11280.08;5227.39;32444.049
2026-08-13T07:37:55.488315+02:00;standby;20.5;29.3;5.0;30.0;52.2;57.0;0;0;0;0;16507.47;11280.08;5227.39;32444.049
2026-08-13T07:38:55.940082+02:00;standby;20.5;29.3;5.0;30.0;52.2;57.0;0;0;0;0;16507.47;11280.08;5227.39;32444.049
2026-08-13T07:39:56.560662+02:00;standby;20.5;29.3;5.0;30.0;52.2;57.0;0;0;0;0;16507.47;11280.08;5227.39;32444.049
2026-08-13T07:40:56.979844+02:00;standby;20.5;29.3;5.0;30.0;52.2;57.0;0;0;0;0;16507.47;11280.08;5227.39;32444.049
2026-08-13T07:41:57.726222+02:00;standby;20.5;29.3;5.0;30.0;52.2;57.0;0;0;0;0;16507.47;11280.08;5227.39;32444.049
2026-08-13T07:42:58.241856+02:00;standby;20.5;29.3;5.0;30.0;52.2;57.0;0;0;0;0;16507.47;11280.08;5227.39;32444.049
2026-08-13T07:43:58.811712+02:00;standby;20.5;29.3;5.0;29.0;52.2;57.0;0;0;0;0;16507.47;11280.08;5227.39;32444.049
2026-08-13T07:44:59.536744+02:00;standby;20.5;29.3;5.0;29.0;52.2;57.0;0;0;0;0;16507.47;11280.08;5227.39;32444.049
2026-08-13T07:46:00.253502+02:00;standby;20.5;29.3;5.0;29.0;52.2;57.0;0;0;0;0;16507.47;11280.08;5227.39;32444.049
2026-08-13T07:47:00.730333+02:00;standby;20.5;29.2;5.0;29.0;52.1;57.0;0;0;0;0;16507.47;11280.08;5227.39;32444.049
2026-08-13T07:48:01.303306+02:00;standby;20.5;29.2;5.0;29.0;52.1;57.0;0;0;0;0;16507.47;11280.08;5227.39;32444.049
2026-08-13T07:49:01.868894+02:00;standby;20.5;29.2;5.0;29.0;52.1;57.0;0;0;0;0;16507.47;11280.08;5227.39;32444.049
2026-08-13T07:50:03.101892+02:00;standby;20.5;29.2;5.0;29.0;52.1;57.0;0;0;0;0;16507.47;11280.08;5227.39;32444.049
2026-08-13T07:51:03.554812+02:00;standby;20.5;29.2;5.0;29.0;52.1;57.0;0;0;0;0;16507.47;11280.08;5227.39;32444.049
2026-08-13T07:52:04.156955+02:00;standby;20.5;29.2;5.0;29.0;52.1;57.0;0;0;0;0;16507.47;11280.08;5227.39;32444.049
2026-08-13T07:53:04.706586+02:00;standby;20.5;29.2;5.0;29.0;52.1;57.0;0;0;0;0;16507.47;11280.08;5227.39;32444.049
2026-08-13T07:54:05.159535+02:00;standby;20.5;29.2;5.0;29.0;52.1;57.0;0;0;0;0;16507.47;11280.08;5227.39;32444.049
2026-08-13T07:55:05.592230+02:00;standby;20.5;29.2;5.0;29.0;52.1;57.0;0;0;0;0;16507.47;11280.08;5227.39;32444.049
2026-08-13T07:56:06.174352+02:00;standby;20.5;29.2;5.0;29.0;52.1;57.0;0;0;0;0;16507.47;11280.08;5227.39;32444.049
2026-08-13T07:57:07.705273+02:00;standby;20.5;29.2;5.0;29.0;52.1;57.0;0;0;0;0;16507.47;11280.08;5227.39;32444.049
2026-08-13T07:58:08.177322+02:00;standby;20.5;29.2;5.0;29.0;52.1;57.0;0;0;0;0;16507.47;11280.08;5227.39;32444.049
2026-08-13T07:59:08.807128+02:00;standby;20.5;29.2;5.0;29.0;52.0;57.0;0;0;0;0;16507.47;11280.08;5227.39;32444.049
2026-08-13T08:00:09.379799+02:00;standby;20.5;29.2;5.0;29.0;52.0;57.0;0;0;0;0;16507.47;11280.08;5227.39;32444.049
2026-08-13T08:01:10.038736+02:00;standby;20.5;29.2;5.0;29.0;52.0;57.0;0;0;0;0;16507.47;11280.08;5227.39;32444.049
2026-08-13T08:02:10.661238+02:00;standby;20.5;29.2;5.0;29.0;52.0;57.0;0;0;0;0;16507.47;11280.08;5227.39;32444.049
2026-08-13T08:03:11.185611+02:00;standby;20.5;29.2;5.0;29.0;52.0;57.0;0;0;0;0;16507.47;11280.08;5227.39;32444.049
2026-08-13T08:04:12.932709+02:00;standby;20.5;29.2;5.0;29.0;52.0;57.0;0;0;0;0;16507.47;11280.08;5227.39;32444.049
2026-08-13T08:05:13.448862+02:00;standby;20.5;29.2;5.0;29.0;52.0;57.0;0;0;0;0;16507.47;11280.08;5227.39;32444.049
2026-08-13T08:06:14.016562+02:00;standby;20.5;29.2;5.0;29.0;52.0;57.0;0;0;0;0;16507.47;11280.08;5227.39;32444.049
2026-08-13T08:07:14.524135+02:00;standby;20.5;29.2;5.0;29.0;52.0;57.0;0;0;0;0;16507.47;11280.08;5227.39;32444.049
2026-08-13T08:08:14.961830+02:00;standby;20.5;29.2;5.0;29.0;52.0;57.0;0;0;0;0;16507.47;11280.08;5227.39;32444.049
2026-08-13T08:09:15.520496+02:00;standby;20.5;29.2;5.0;29.0;52.0;57.0;0;0;0;0;16507.47;11280.08;5227.39;32444.049
2026-08-13T08:10:15.946971+02:00;standby;20.5;29.2;5.0;29.0;52.0;57.0;0;0;0;0;16507.47;11280.08;5227.39;32444.049
2026-08-13T08:11:16.412417+02:00;standby;20.5;29.2;5.0;29.0;51.9;57.0;0;0;0;0;16507.47;11280.08;5227.39;32444.049
2026-08-13T08:12:16.835750+02:00;standby;20.5;29.2;5.0;29.0;52.0;57.0;0;0;0;0;16507.47;11280.08;5227.39;32444.049
2026-08-13T08:13:17.389986+02:00;standby;20.5;29.0;5.0;29.0;51.9;57.0;0;0;0;0;16507.47;11280.08;5227.39;32444.049
2026-08-13T08:14:18.178632+02:00;standby;20.5;29.0;5.0;29.0;51.9;57.0;0;0;0;0;16507.47;11280.08;5227.39;32444.049
2026-08-13T08:15:18.689506+02:00;standby;20.5;29.2;5.0;29.0;51.9;57.0;0;0;0;0;16507.47;11280.08;5227.39;32444.049
2026-08-13T08:16:19.269020+02:00;standby;20.5;29.2;5.0;29.0;51.9;57.0;0;0;0;0;16507.47;11280.08;5227.39;32444.049
2026-08-13T08:17:19.878500+02:00;standby;20.5;29.0;5.0;29.0;51.9;57.0;0;0;0;0;16507.47;11280.08;5227.39;32444.049
2026-08-13T08:18:20.445755+02:00;standby;20.5;29.0;5.0;29.0;51.9;57.0;0;0;0;0;16507.47;11280.08;5227.39;32444.049
2026-08-13T08:19:20.973925+02:00;standby;20.5;29.0;5.0;29.0;51.9;57.0;0;0;0;0;16507.47;11280.08;5227.39;32444.049
2026-08-13T08:20:22.059321+02:00;standby;20.5;29.0;5.0;29.0;51.9;57.0;0;0;0;0;16507.47;11280.08;5227.39;32444.049
2026-08-13T08:21:22.640506+02:00;standby;20.5;29.0;5.0;29.0;51.9;57.0;0;0;0;0;16507.47;11280.08;5227.39;32444.049
2026-08-13T08:22:23.400288+02:00;standby;20.5;29.0;5.0;29.0;51.9;57.0;0;0;0;0;16507.47;11280.08;5227.39;32444.049
2026-08-13T08:23:24.248086+02:00;standby;20.5;29.0;5.0;29.0;51.8;57.0;0;0;0;0;16507.47;11280.08;5227.39;32444.049
2026-08-13T08:24:24.862311+02:00;standby;20.5;29.0;5.0;29.0;51.8;57.0;0;0;0;0;16507.47;11280.08;5227.39;32444.049
2026-08-13T08:25:25.324159+02:00;standby;20.5;29.0;5.0;29.0;51.8;57.0;0;0;0;0;16507.47;11280.08;5227.39;32444.049
2026-08-13T08:26:25.937110+02:00;standby;20.5;29.0;5.0;28.0;51.8;57.0;0;0;0;0;16507.47;11280.08;5227.39;32444.049
2026-08-13T08:27:28.417446+02:00;standby;20.5;29.0;5.0;28.0;51.8;57.0;0;0;0;0;16507.47;11280.08;5227.39;32444.049
2026-08-13T08:28:29.498591+02:00;standby;20.5;29.0;5.0;28.0;51.8;57.0;0;0;0;0;16507.47;11280.08;5227.39;32444.049
2026-08-13T08:29:30.458252+02:00;standby;20.5;29.0;5.0;28.0;51.8;57.0;0;0;0;0;16507.47;11280.08;5227.39;32444.049
2026-08-13T08:30:31.643592+02:00;standby;20.5;29.0;5.0;28.0;51.8;57.0;0;0;0;0;16507.47;11280.08;5227.39;32444.049
2026-08-13T08:31:32.263521+02:00;standby;20.5;29.0;5.0;28.0;51.8;57.0;0;0;0;0;16507.47;11280.08;5227.39;32444.049
2026-08-13T08:32:32.787991+02:00;standby;20.5;29.0;5.0;28.0;51.8;57.0;0;0;0;0;16507.47;11280.08;5227.39;32444.049
2026-08-13T08:33:33.412363+02:00;standby;20.5;29.0;5.0;28.0;51.8;57.0;0;0;0;0;16507.47;11280.08;5227.39;32444.049
2026-08-13T08:34:34.024813+02:00;standby;20.5;29.0;5.0;28.0;51.8;57.0;0;0;0;0;16507.47;11280.08;5227.39;32444.049
2026-08-13T08:35:34.515413+02:00;standby;21.7;29.0;5.0;28.0;51.8;57.0;0;0;0;0;16507.47;11280.08;5227.39;32444.049
2026-08-13T08:36:34.934825+02:00;standby;21.7;29.0;5.0;28.0;51.7;57.0;0;0;0;0;16507.47;11280.08;5227.39;32444.049
2026-08-13T08:37:35.390843+02:00;standby;21.7;29.0;5.0;28.0;51.7;57.0;0;0;0;0;16507.47;11280.08;5227.39;32444.049
2026-08-13T08:38:35.813906+02:00;standby;21.7;29.0;5.0;28.0;51.7;57.0;0;0;0;0;16507.47;11280.08;5227.39;32444.049
2026-08-13T08:39:36.276630+02:00;standby;21.7;29.0;5.0;28.0;51.7;57.0;0;0;0;0;16507.47;11280.08;5227.39;32444.049
2026-08-13T08:40:37.370195+02:00;standby;21.7;29.0;5.0;28.0;51.7;57.0;0;0;0;0;16507.47;11280.08;5227.39;32444.049
2026-08-13T08:41:37.836531+02:00;standby;21.7;29.0;5.0;28.0;51.7;57.0;0;0;0;0;16507.47;11280.08;5227.39;32444.049
2026-08-13T08:42:38.279306+02:00;standby;21.7;29.0;5.0;28.0;51.7;57.0;0;0;0;0;16507.47;11280.08;5227.39;32444.049
2026-08-13T08:43:38.969780+02:00;standby;21.7;29.0;5.0;28.0;51.7;57.0;0;0;0;0;16507.47;11280.08;5227.39;32444.049
2026-08-13T08:44:39.641232+02:00;standby;21.7;29.0;5.0;28.0;51.7;57.0;0;0;0;0;16507.47;11280.08;5227.39;32444.049
2026-08-13T08:45:40.143358+02:00;standby;21.7;29.0;5.0;28.0;51.7;57.0;0;0;0;0;16507.47;11280.08;5227.39;32444.049
2026-08-13T08:46:40.843134+02:00;standby;21.7;29.0;5.0;28.0;51.7;57.0;0;0;0;0;16507.47;11280.08;5227.39;32444.049
2026-08-13T08:47:42.241040+02:00;standby;21.7;28.9;5.0;28.0;51.7;57.0;0;0;0;0;16507.47;11280.08;5227.39;32444.049
2026-08-13T08:48:42.863103+02:00;standby;21.7;29.0;5.0;28.0;51.6;57.0;0;0;0;0;16507.47;11280.08;5227.39;32444.049
2026-08-13T08:49:43.323153+02:00;standby;21.7;28.9;5.0;28.0;51.6;57.0;0;0;0;0;16507.47;11280.08;5227.39;32444.049
2026-08-13T08:50:43.821306+02:00;standby;21.7;28.9;5.0;28.0;51.6;57.0;0;0;0;0;16507.47;11280.08;5227.39;32444.049
2026-08-13T08:51:44.549507+02:00;standby;21.7;29.0;5.0;28.0;51.6;57.0;0;0;0;0;16507.47;11280.08;5227.39;32444.049
2026-08-13T08:52:45.012063+02:00;standby;21.7;28.9;5.0;28.0;51.6;57.0;0;0;0;0;16507.47;11280.08;5227.39;32444.049
2026-08-13T08:53:45.495280+02:00;standby;21.7;28.9;5.0;28.0;51.6;57.0;0;0;0;0;16507.47;11280.08;5227.39;32444.049
2026-08-13T08:54:46.061505+02:00;standby;21.7;28.9;5.0;28.0;51.6;57.0;0;0;0;0;16507.47;11280.08;5227.39;32444.049
2026-08-13T08:55:46.732707+02:00;standby;21.7;28.9;5.0;28.0;51.6;57.0;0;0;0;0;16507.47;11280.08;5227.39;32444.049
2026-08-13T08:56:47.187725+02:00;standby;21.7;29.0;5.0;28.0;51.6;57.0;0;0;0;0;16507.47;11280.08;5227.39;32444.049
2026-08-13T08:57:47.784212+02:00;standby;21.7;28.9;5.0;28.0;51.6;57.0;0;0;0;0;16507.47;11280.08;5227.39;32444.049
2026-08-13T08:58:48.247438+02:00;standby;21.7;28.9;5.0;28.0;51.6;57.0;0;0;0;0;16507.47;11280.08;5227.39;32444.049
2026-08-13T08:59:49.115996+02:00;standby;21.7;28.9;5.0;28.0;51.6;57.0;0;0;0;0;16507.47;11280.08;5227.39;32444.049
2026-08-13T09:00:49.689997+02:00;standby;21.7;28.9;5.0;28.0;51.6;57.0;0;0;0;0;16507.47;11280.08;5227.39;32444.049
2026-08-13T09:01:51.147085+02:00;standby;21.7;28.9;5.0;28.0;51.5;57.0;0;0;0;0;16507.47;11280.08;5227.39;32444.049
2026-08-13T09:02:52.217986+02:00;standby;21.7;28.9;5.0;28.0;51.5;57.0;0;0;0;0;16507.47;11280.08;5227.39;32444.049
2026-08-13T09:03:52.682877+02:00;standby;21.7;28.9;5.0;28.0;51.5;57.0;0;0;0;0;16507.47;11280.08;5227.39;32444.049
2026-08-13T09:04:53.227509+02:00;standby;21.7;28.9;5.0;28.0;51.5;57.0;0;0;0;0;16507.47;11280.08;5227.39;32444.049
2026-08-13T09:05:53.725117+02:00;standby;21.7;28.9;5.0;28.0;51.5;57.0;0;0;0;0;16507.47;11280.08;5227.39;32444.049
2026-08-13T09:06:54.192379+02:00;standby;21.7;28.9;5.0;28.0;51.5;57.0;0;0;0;0;16507.47;11280.08;5227.39;32444.049
2026-08-13T09:07:54.654352+02:00;standby;21.7;28.9;5.0;28.0;51.5;57.0;0;0;0;0;16507.47;11280.08;5227.39;32444.049
2026-08-13T09:08:55.614081+02:00;standby;21.7;28.9;5.0;28.0;51.5;57.0;0;0;0;0;16507.47;11280.08;5227.39;32444.049
2026-08-13T09:09:56.159639+02:00;standby;21.7;28.9;5.0;28.0;51.5;57.0;0;0;0;0;16507.47;11280.08;5227.39;32444.049
2026-08-13T09:10:59.077228+02:00;standby;21.7;28.9;5.0;28.0;51.5;57.0;0;0;0;0;16507.47;11280.08;5227.39;32444.049
2026-08-13T09:11:59.931202+02:00;standby;21.7;28.9;5.0;28.0;51.5;57.0;0;0;0;0;16507.47;11280.08;5227.39;32444.049
2026-08-13T09:13:00.488842+02:00;standby;21.7;28.9;5.0;28.0;51.5;57.0;0;0;0;0;16507.47;11280.08;5227.39;32444.049
2026-08-13T09:14:01.307112+02:00;standby;21.7;28.9;5.0;28.0;51.5;57.0;0;0;0;0;16507.47;11280.08;5227.39;32444.049
2026-08-13T09:15:01.936997+02:00;standby;21.7;28.9;5.0;28.0;51.5;57.0;0;0;0;0;16507.47;11280.08;5227.39;32444.049
2026-08-13T09:16:02.440995+02:00;standby;21.7;28.9;5.0;28.0;51.4;57.0;0;0;0;0;16507.47;11280.08;5227.39;32444.049
2026-08-13T09:17:02.861336+02:00;standby;21.7;28.9;5.0;28.0;51.4;57.0;0;0;0;0;16507.47;11280.08;5227.39;32444.049
2026-08-13T09:18:03.479242+02:00;standby;21.7;28.9;5.0;28.0;51.4;57.0;0;0;0;0;16507.47;11280.08;5227.39;32444.049
2026-08-13T09:19:04.058651+02:00;standby;21.7;28.9;5.0;28.0;51.4;57.0;0;0;0;0;16507.47;11280.08;5227.39;32444.049
2026-08-13T09:20:04.782472+02:00;standby;21.7;28.9;5.0;28.0;51.4;57.0;0;0;0;0;16507.47;11280.08;5227.39;32444.049
2026-08-13T09:21:05.247495+02:00;standby;21.7;28.9;5.0;28.0;51.4;57.0;0;0;0;0;16507.47;11280.08;5227.39;32444.049
2026-08-13T09:22:06.039270+02:00;standby;21.7;28.9;5.0;28.0;51.4;57.0;0;0;0;0;16507.47;11280.08;5227.39;32444.049
2026-08-13T09:23:06.707112+02:00;standby;21.7;28.9;5.0;28.0;51.4;57.0;0;0;0;0;16507.47;11280.08;5227.39;32444.049
2026-08-13T09:24:07.728246+02:00;standby;21.7;28.9;5.0;28.0;51.4;57.0;0;0;0;0;16507.47;11280.08;5227.39;32444.049
2026-08-13T09:25:08.143316+02:00;standby;21.7;28.9;5.0;28.0;51.4;57.0;0;0;0;0;16507.47;11280.08;5227.39;32444.049
2026-08-13T09:26:08.764359+02:00;standby;21.7;28.9;5.0;28.0;51.4;57.0;0;0;0;0;16507.47;11280.08;5227.39;32444.049
2026-08-13T09:27:09.358376+02:00;standby;21.7;28.9;5.0;28.0;51.4;57.0;0;0;0;0;16507.47;11280.08;5227.39;32444.049
2026-08-13T09:28:09.850627+02:00;standby;21.7;28.9;5.0;28.0;51.4;57.0;0;0;0;0;16507.47;11280.08;5227.39;32444.049
2026-08-13T09:29:11.322535+02:00;standby;21.7;28.9;5.0;28.0;51.3;57.0;0;0;0;0;16507.47;11280.08;5227.39;32444.049
2026-08-13T09:30:12.078094+02:00;standby;21.7;28.9;5.0;28.0;51.3;57.0;0;0;0;0;16507.47;11280.08;5227.39;32444.049
2026-08-13T09:31:12.699167+02:00;standby;21.7;28.9;5.0;28.0;51.3;57.0;0;0;0;0;16507.47;11280.08;5227.39;32444.049
2026-08-13T09:32:13.371275+02:00;standby;21.7;28.9;5.0;28.0;51.3;57.0;0;0;0;0;16507.47;11280.08;5227.39;32444.049
2026-08-13T09:33:13.800753+02:00;standby;21.7;28.9;5.0;28.0;51.3;57.0;0;0;0;0;16507.47;11280.08;5227.39;32444.049
2026-08-13T09:34:14.501885+02:00;standby;21.7;28.9;5.0;28.0;51.3;57.0;0;0;0;0;16507.47;11280.08;5227.39;32444.049
2026-08-13T09:35:14.979009+02:00;standby;21.7;28.9;5.0;28.0;51.3;57.0;0;0;0;0;16507.47;11280.08;5227.39;32444.049
2026-08-13T09:36:15.447877+02:00;standby;23.0;28.9;5.0;28.0;51.3;57.0;0;0;0;0;16507.47;11280.08;5227.39;32444.049
2026-08-13T09:37:15.912520+02:00;standby;23.0;28.9;5.0;28.0;51.3;57.0;0;0;0;0;16507.47;11280.08;5227.39;32444.049
2026-08-13T09:38:16.850401+02:00;standby;23.0;28.9;5.0;28.0;51.3;57.0;0;0;0;0;16507.47;11280.08;5227.39;32444.049
2026-08-13T09:39:17.287057+02:00;standby;23.0;28.9;5.0;28.0;51.3;57.0;0;0;0;0;16507.47;11280.08;5227.39;32444.049
2026-08-13T09:40:17.776206+02:00;standby;23.0;28.7;5.0;28.0;51.3;57.0;0;0;0;0;16507.47;11280.08;5227.39;32444.049
2026-08-13T09:41:18.357523+02:00;standby;23.0;28.7;5.0;28.0;51.3;57.0;0;0;0;0;16507.47;11280.08;5227.39;32444.049
2026-08-13T09:42:18.846709+02:00;standby;23.0;28.9;5.0;28.0;51.3;57.0;0;0;0;0;16507.47;11280.08;5227.39;32444.049
2026-08-13T09:43:19.396418+02:00;standby;23.0;28.9;5.0;28.0;51.2;57.0;0;0;0;0;16507.47;11280.08;5227.39;32444.049
2026-08-13T09:44:19.858004+02:00;standby;23.0;28.9;5.0;28.0;51.2;57.0;0;0;0;0;16507.47;11280.08;5227.39;32444.049
2026-08-13T09:45:20.947884+02:00;standby;23.0;28.7;5.0;28.0;51.2;57.0;0;0;0;0;16507.47;11280.08;5227.39;32444.049
2026-08-13T09:46:21.456911+02:00;standby;23.0;28.7;5.0;28.0;51.2;57.0;0;0;0;0;16507.47;11280.08;5227.39;32444.049
2026-08-13T09:47:21.966301+02:00;standby;23.0;28.7;5.0;28.0;51.2;57.0;0;0;0;0;16507.47;11280.08;5227.39;32444.049
2026-08-13T09:48:22.578440+02:00;standby;23.0;28.7;5.0;28.0;51.2;57.0;0;0;0;0;16507.47;11280.08;5227.39;32444.049
2026-08-13T09:49:23.302129+02:00;standby;23.0;28.7;5.0;28.0;51.2;57.0;0;0;0;0;16507.47;11280.08;5227.39;32444.049
2026-08-13T09:50:23.816749+02:00;standby;23.0;28.7;5.0;28.0;51.2;57.0;0;0;0;0;16507.47;11280.08;5227.39;32444.049
2026-08-13T09:51:24.361976+02:00;standby;23.0;28.7;5.0;28.0;51.2;57.0;0;0;0;0;16507.47;11280.08;5227.39;32444.049
2026-08-13T09:52:25.162458+02:00;standby;23.0;28.7;5.0;28.0;51.2;57.0;0;0;0;0;16507.47;11280.08;5227.39;32444.049
2026-08-13T09:53:25.682239+02:00;standby;23.0;28.7;5.0;28.0;51.2;57.0;0;0;0;0;16507.47;11280.08;5227.39;32444.049
2026-08-13T09:54:26.424379+02:00;standby;23.0;28.7;5.0;28.0;51.2;57.0;0;0;0;0;16507.47;11280.08;5227.39;32444.049
2026-08-13T09:55:27.046599+02:00;standby;23.0;28.7;5.0;28.0;51.2;57.0;0;0;0;0;16507.47;11280.08;5227.39;32444.049
2026-08-13T09:56:27.559012+02:00;standby;23.0;28.7;5.0;28.0;51.1;57.0;0;0;0;0;16507.47;11280.08;5227.39;32444.049
2026-08-13T09:57:28.171158+02:00;standby;23.0;28.7;5.0;28.0;51.1;57.0;0;0;0;0;16507.47;11280.08;5227.39;32444.049
2026-08-13T09:58:28.951077+02:00;standby;23.0;28.7;5.0;28.0;51.1;57.0;0;0;0;0;16507.47;11280.08;5227.39;32444.049
2026-08-13T09:59:30.062764+02:00;standby;23.0;28.7;5.0;28.0;51.1;57.0;0;0;0;0;16507.47;11280.08;5227.39;32444.049
2026-08-13T10:00:30.544545+02:00;standby;23.0;28.7;5.0;28.0;51.1;57.0;0;0;0;0;16507.47;11280.08;5227.39;32444.049
2026-08-13T10:01:31.397952+02:00;standby;23.0;28.7;5.0;28.0;51.1;57.0;0;0;0;0;16507.47;11280.08;5227.39;32444.049
2026-08-13T10:02:32.095386+02:00;standby;23.0;28.7;5.0;28.0;51.1;57.0;0;0;0;0;16507.47;11280.08;5227.39;32444.049
2026-08-13T10:03:32.716530+02:00;standby;23.0;28.7;5.0;28.0;51.1;57.0;0;0;0;0;16507.47;11280.08;5227.39;32444.049
2026-08-13T10:04:33.247841+02:00;standby;23.0;28.7;5.0;28.0;51.1;57.0;0;0;0;0;16507.47;11280.08;5227.39;32444.049
2026-08-13T10:05:33.734040+02:00;standby;23.0;28.7;5.0;28.0;51.1;57.0;0;0;0;0;16507.47;11280.08;5227.39;32444.049
2026-08-13T10:06:34.275095+02:00;standby;23.0;28.7;5.0;28.0;51.1;57.0;0;0;0;0;16507.47;11280.08;5227.39;32444.049
2026-08-13T10:07:34.772387+02:00;standby;23.0;28.7;5.0;28.0;51.1;57.0;0;0;0;0;16507.47;11280.08;5227.39;32444.049
2026-08-13T10:08:35.324796+02:00;standby;23.0;28.7;5.0;28.0;51.1;57.0;0;0;0;0;16507.47;11280.08;5227.39;32444.049
2026-08-13T10:09:35.837372+02:00;standby;23.0;28.7;5.0;28.0;50.9;57.0;0;0;0;0;16507.47;11280.08;5227.39;32444.049
2026-08-13T10:10:36.500416+02:00;standby;23.0;28.7;5.0;28.0;50.9;57.0;0;0;0;0;16507.47;11280.08;5227.39;32444.049
2026-08-13T10:11:36.932300+02:00;standby;23.0;28.7;5.0;28.0;50.9;57.0;0;0;0;0;16507.47;11280.08;5227.39;32444.049
2026-08-13T10:12:37.496889+02:00;standby;23.0;28.7;5.0;28.0;50.9;57.0;0;0;0;0;16507.47;11280.08;5227.39;32444.049
2026-08-13T10:13:38.114812+02:00;standby;23.0;28.7;5.0;28.0;50.9;57.0;0;0;0;0;16507.47;11280.08;5227.39;32444.049
2026-08-13T10:14:39.042793+02:00;standby;23.0;28.7;5.0;28.0;50.9;57.0;0;0;0;0;16507.47;11280.08;5227.39;32444.049
2026-08-13T10:15:39.723911+02:00;standby;23.0;28.7;5.0;28.0;50.9;57.0;0;0;0;0;16507.47;11280.08;5227.39;32444.049
2026-08-13T10:16:40.414893+02:00;standby;23.0;28.7;5.0;28.0;50.9;57.0;0;0;0;0;16507.47;11280.08;5227.39;32444.049
2026-08-13T10:17:41.840981+02:00;standby;23.0;28.7;5.0;28.0;50.9;57.0;0;0;0;0;16507.47;11280.08;5227.39;32444.049
2026-08-13T10:18:42.485097+02:00;standby;23.0;28.7;5.0;28.0;50.9;57.0;0;0;0;0;16507.47;11280.08;5227.39;32444.049
2026-08-13T10:19:42.974494+02:00;standby;23.0;28.7;5.0;28.0;50.9;57.0;0;0;0;0;16507.47;11280.08;5227.39;32444.049
2026-08-13T10:20:43.498291+02:00;standby;23.0;28.7;5.0;28.0;50.9;57.0;0;0;0;0;16507.47;11280.08;5227.39;32444.049
2026-08-13T10:21:44.070105+02:00;standby;23.0;28.7;5.0;28.0;50.9;57.0;0;0;0;0;16507.47;11280.08;5227.39;32444.049
2026-08-13T10:22:44.527985+02:00;standby;23.0;28.7;5.0;28.0;50.8;57.0;0;0;0;0;16507.47;11280.08;5227.39;32444.049
2026-08-13T10:23:45.045118+02:00;standby;23.0;28.7;5.0;28.0;50.8;57.0;0;0;0;0;16507.47;11280.08;5227.39;32444.049
2026-08-13T10:24:45.671917+02:00;standby;23.0;28.7;5.0;28.0;50.8;57.0;0;0;0;0;16507.47;11280.08;5227.39;32444.049
2026-08-13T10:25:46.201295+02:00;standby;23.0;28.7;5.0;28.0;50.8;57.0;0;0;0;0;16507.47;11280.08;5227.39;32444.049
2026-08-13T10:26:47.334493+02:00;standby;23.0;28.7;5.0;28.0;50.8;57.0;0;0;0;0;16507.47;11280.08;5227.39;32444.049
2026-08-13T10:27:47.842538+02:00;standby;23.0;28.7;5.0;28.0;50.8;57.0;0;0;0;0;16507.47;11280.08;5227.39;32444.049
2026-08-13T10:28:48.373605+02:00;standby;23.0;28.7;5.0;28.0;50.8;57.0;0;0;0;0;16507.47;11280.08;5227.39;32444.049
2026-08-13T10:29:48.882166+02:00;standby;23.0;28.7;5.0;28.0;50.8;57.0;0;0;0;0;16507.47;11280.08;5227.39;32444.049
2026-08-13T10:30:49.866384+02:00;standby;23.0;28.7;5.0;28.0;50.8;57.0;0;0;0;0;16507.47;11280.08;5227.39;32444.049
2026-08-13T10:31:50.369253+02:00;standby;23.0;28.7;5.0;28.0;50.8;57.0;0;0;0;0;16507.47;11280.08;5227.39;32444.049
2026-08-13T10:32:51.103300+02:00;standby;23.0;28.7;5.0;28.0;50.8;57.0;0;0;0;0;16507.47;11280.08;5227.39;32444.049
2026-08-13T10:33:51.634170+02:00;standby;23.0;28.7;5.0;28.0;50.8;57.0;0;0;0;0;16507.47;11280.08;5227.39;32444.049
2026-08-13T10:34:52.347495+02:00;standby;23.0;28.7;5.0;28.0;50.7;57.0;0;0;0;0;16507.47;11280.08;5227.39;32444.049
2026-08-13T10:35:52.816461+02:00;standby;23.0;28.7;5.0;28.0;50.7;57.0;0;0;0;0;16507.47;11280.08;5227.39;32444.049
2026-08-13T10:36:53.287444+02:00;standby;24.1;28.7;5.0;28.0;50.7;57.0;0;0;0;0;16507.47;11280.08;5227.39;32444.049
2026-08-13T10:37:54.062944+02:00;standby;24.1;28.7;5.0;28.0;50.7;57.0;0;0;0;0;16507.47;11280.08;5227.39;32444.049
2026-08-13T10:38:54.680819+02:00;standby;24.1;28.7;5.0;28.0;50.7;57.0;0;0;0;0;16507.47;11280.08;5227.39;32444.049
2026-08-13T10:39:55.205381+02:00;standby;24.1;28.7;5.0;28.0;50.7;57.0;0;0;0;0;16507.47;11280.08;5227.39;32444.049
2026-08-13T10:40:55.883001+02:00;standby;24.1;28.7;5.0;28.0;50.7;57.0;0;0;0;0;16507.47;11280.08;5227.39;32444.049
2026-08-13T10:41:56.344633+02:00;standby;24.1;28.7;5.0;28.0;50.7;57.0;0;0;0;0;16507.47;11280.08;5227.39;32444.049
2026-08-13T10:42:56.793860+02:00;standby;24.1;28.7;5.0;28.0;50.7;57.0;0;0;0;0;16507.47;11280.08;5227.39;32444.049
2026-08-13T10:43:57.278630+02:00;standby;24.1;28.7;5.0;28.0;50.7;57.0;0;0;0;0;16507.47;11280.08;5227.39;32444.049
2026-08-13T10:44:57.903642+02:00;standby;24.1;28.7;5.0;28.0;50.7;57.0;0;0;0;0;16507.47;11280.08;5227.39;32444.049
2026-08-13T10:45:59.000943+02:00;standby;24.1;28.7;5.0;28.0;50.7;57.0;0;0;0;0;16507.47;11280.08;5227.39;32444.049
2026-08-13T10:46:59.558030+02:00;standby;24.1;28.7;5.0;28.0;50.7;57.0;0;0;0;0;16507.47;11280.08;5227.39;32444.049
2026-08-13T10:48:00.083141+02:00;standby;24.1;28.7;5.0;28.0;50.7;57.0;0;0;0;0;16507.47;11280.08;5227.39;32444.049
2026-08-13T10:49:01.275493+02:00;standby;24.1;28.7;5.0;28.0;50.6;57.0;0;0;0;0;16507.47;11280.08;5227.39;32444.049
2026-08-13T10:50:01.746526+02:00;standby;24.1;28.7;5.0;28.0;50.6;57.0;0;0;0;0;16507.47;11280.08;5227.39;32444.049
2026-08-13T10:51:02.212357+02:00;standby;24.1;28.7;5.0;28.0;50.6;57.0;0;0;0;0;16507.47;11280.08;5227.39;32444.049
2026-08-13T10:52:02.713079+02:00;standby;24.1;28.7;5.0;28.0;50.6;57.0;0;0;0;0;16507.47;11280.08;5227.39;32444.049
2026-08-13T10:53:03.216515+02:00;standby;24.1;28.7;5.0;28.0;50.6;57.0;0;0;0;0;16507.47;11280.08;5227.39;32444.049
2026-08-13T10:54:03.917581+02:00;standby;24.1;28.7;5.0;28.0;50.6;57.0;0;0;0;0;16507.47;11280.08;5227.39;32444.049
2026-08-13T10:55:04.446087+02:00;standby;24.1;28.7;5.0;28.0;50.6;57.0;0;0;0;0;16507.47;11280.08;5227.39;32444.049
2026-08-13T10:56:04.945487+02:00;standby;24.1;28.7;5.0;28.0;50.6;57.0;0;0;0;0;16507.47;11280.08;5227.39;32444.049
2026-08-13T10:57:05.770961+02:00;standby;24.1;28.7;5.0;28.0;50.6;57.0;0;0;0;0;16507.47;11280.08;5227.39;32444.049
2026-08-13T10:58:06.409496+02:00;standby;24.1;28.7;5.0;28.0;50.6;57.0;0;0;0;0;16507.47;11280.08;5227.39;32444.049
2026-08-13T10:59:06.980655+02:00;standby;24.1;28.6;5.0;28.0;50.6;57.0;0;0;0;0;16507.47;11280.08;5227.39;32444.049
2026-08-13T11:00:07.946401+02:00;standby;24.1;28.6;5.0;28.0;50.6;57.0;0;0;0;0;16507.47;11280.08;5227.39;32444.049
2026-08-13T11:01:08.496727+02:00;standby;24.1;28.6;5.0;28.0;50.6;57.0;0;0;0;0;16507.47;11280.08;5227.39;32444.049
2026-08-13T11:02:09.096389+02:00;standby;24.1;28.6;5.0;28.0;50.6;57.0;0;0;0;0;16507.47;11280.08;5227.39;32444.049
2026-08-13T11:03:09.702972+02:00;standby;24.1;28.6;5.0;28.0;50.5;57.0;0;0;0;0;16507.47;11280.08;5227.39;32444.049
2026-08-13T11:04:10.383528+02:00;standby;24.1;28.6;5.0;28.0;50.5;57.0;0;0;0;0;16507.47;11280.08;5227.39;32444.049
2026-08-13T11:05:11.061206+02:00;standby;24.1;28.7;5.0;28.0;50.5;57.0;0;0;0;0;16507.47;11280.08;5227.39;32444.049
2026-08-13T11:06:11.586483+02:00;standby;24.1;28.7;5.0;28.0;50.5;57.0;0;0;0;0;16507.47;11280.08;5227.39;32444.049
2026-08-13T11:07:12.203724+02:00;standby;24.1;28.6;5.0;28.0;50.5;57.0;0;0;0;0;16507.47;11280.08;5227.39;32444.049
2026-08-13T11:08:12.930921+02:00;standby;24.1;28.6;5.0;28.0;50.5;57.0;0;0;0;0;16507.47;11280.08;5227.39;32444.049
2026-08-13T11:09:13.567919+02:00;standby;24.1;28.7;5.0;28.0;50.5;57.0;0;0;0;0;16507.47;11280.08;5227.39;32444.049
2026-08-13T11:10:14.602764+02:00;standby;24.1;28.6;5.0;28.0;50.5;57.0;0;0;0;0;16507.47;11280.08;5227.39;32444.049
2026-08-13T11:11:15.233374+02:00;standby;24.1;28.6;5.0;28.0;50.5;57.0;0;0;0;0;16507.47;11280.08;5227.39;32444.049
2026-08-13T11:12:15.937904+02:00;standby;24.1;28.6;5.0;28.0;50.5;57.0;0;0;0;0;16507.47;11280.08;5227.39;32444.049
2026-08-13T11:13:16.457052+02:00;standby;24.1;28.6;5.0;28.0;50.4;57.0;0;0;0;0;16507.47;11280.08;5227.39;32444.049
2026-08-13T11:14:16.962701+02:00;standby;24.1;28.6;5.0;28.0;50.4;57.0;0;0;0;0;16507.47;11280.08;5227.39;32444.049
2026-08-13T11:15:17.528326+02:00;standby;24.1;28.6;5.0;28.0;50.4;57.0;0;0;0;0;16507.47;11280.08;5227.39;32444.049
2026-08-13T11:16:18.577647+02:00;standby;24.1;28.6;5.0;28.0;50.4;57.0;0;0;0;0;16507.47;11280.08;5227.39;32444.049
2026-08-13T11:17:19.031659+02:00;standby;24.1;28.6;5.0;28.0;50.4;57.0;0;0;0;0;16507.47;11280.08;5227.39;32444.049
2026-08-13T11:18:19.565260+02:00;standby;24.1;28.6;5.0;28.0;50.4;57.0;0;0;0;0;16507.47;11280.08;5227.39;32444.049
2026-08-13T11:19:20.181394+02:00;standby;24.1;28.6;5.0;28.0;50.4;57.0;0;0;0;0;16507.47;11280.08;5227.39;32444.049
2026-08-13T11:20:20.896109+02:00;standby;24.1;28.6;5.0;28.0;50.4;57.0;0;0;0;0;16507.47;11280.08;5227.39;32444.049
2026-08-13T11:21:21.423909+02:00;standby;24.1;28.6;5.0;28.0;50.4;57.0;0;0;0;0;16507.47;11280.08;5227.39;32444.049
2026-08-13T11:22:22.152107+02:00;standby;24.1;28.6;5.0;28.0;50.4;57.0;0;0;0;0;16507.47;11280.08;5227.39;32444.049
2026-08-13T11:23:22.823053+02:00;standby;24.1;28.6;5.0;28.0;50.4;57.0;0;0;0;0;16507.47;11280.08;5227.39;32444.049
2026-08-13T11:24:23.514505+02:00;standby;24.1;28.6;5.0;28.0;50.4;57.0;0;0;0;0;16507.47;11280.08;5227.39;32444.049
2026-08-13T11:25:24.007911+02:00;standby;24.1;28.6;5.0;28.0;50.4;57.0;0;0;0;0;16507.47;11280.08;5227.39;32444.049
2026-08-13T11:26:24.659048+02:00;standby;24.1;28.6;5.0;28.0;50.3;57.0;0;0;0;0;16507.47;11280.08;5227.39;32444.049
2026-08-13T11:27:25.283990+02:00;standby;24.1;28.6;5.0;28.0;50.3;57.0;0;0;0;0;16507.47;11280.08;5227.39;32444.049
2026-08-13T11:28:25.828498+02:00;standby;24.1;28.6;5.0;28.0;50.3;57.0;0;0;0;0;16507.47;11280.08;5227.39;32444.049
2026-08-13T11:29:26.615301+02:00;standby;24.1;28.6;5.0;28.0;50.3;57.0;0;0;0;0;16507.47;11280.08;5227.39;32444.049
2026-08-13T11:30:27.126300+02:00;standby;24.1;28.6;5.0;28.0;50.3;57.0;0;0;0;0;16507.47;11280.08;5227.39;32444.049
2026-08-13T11:31:27.760366+02:00;standby;24.1;28.6;5.0;28.0;50.2;57.0;0;0;0;0;16507.47;11280.08;5227.39;32444.049
2026-08-13T11:32:28.777299+02:00;standby;24.1;28.6;5.0;28.0;50.2;57.0;0;0;0;0;16507.47;11280.08;5227.39;32444.049
2026-08-13T11:33:29.624839+02:00;standby;24.1;28.6;5.0;28.0;50.1;57.0;0;0;0;0;16507.47;11280.08;5227.39;32444.049
2026-08-13T11:34:30.443934+02:00;standby;24.1;28.6;5.0;28.0;50.1;57.0;0;0;0;0;16507.47;11280.08;5227.39;32444.049
2026-08-13T11:35:30.965403+02:00;standby;24.1;28.6;5.0;28.0;50.1;57.0;0;0;0;0;16507.47;11280.08;5227.39;32444.049
2026-08-13T11:36:31.696241+02:00;standby;24.1;28.6;5.0;28.0;50.1;57.0;0;0;0;0;16507.47;11280.08;5227.39;32444.049
2026-08-13T11:37:32.187519+02:00;standby;25.3;28.6;5.0;28.0;50.1;57.0;0;0;0;0;16507.47;11280.08;5227.39;32444.049
2026-08-13T11:38:32.797242+02:00;standby;25.3;28.6;5.0;28.0;50.0;57.0;0;0;0;0;16507.47;11280.08;5227.39;32444.049
2026-08-13T11:39:33.543308+02:00;standby;25.3;28.6;5.0;28.0;50.0;57.0;0;0;0;0;16507.47;11280.08;5227.39;32444.049
2026-08-13T11:40:34.139171+02:00;standby;25.3;28.6;5.0;28.0;50.0;57.0;0;0;0;0;16507.47;11280.08;5227.39;32444.049
2026-08-13T11:41:34.529975+02:00;standby;25.3;28.6;5.0;28.0;50.0;57.0;0;0;0;0;16507.47;11280.08;5227.39;32444.049
2026-08-13T11:42:34.975235+02:00;standby;25.3;28.6;5.0;28.0;50.0;57.0;0;0;0;0;16507.47;11280.08;5227.39;32444.049
2026-08-13T11:43:35.512611+02:00;standby;25.3;28.6;5.0;28.0;50.0;57.0;0;0;0;0;16507.47;11280.08;5227.39;32444.049
2026-08-13T11:44:36.235105+02:00;standby;25.3;28.6;5.0;28.0;50.0;57.0;0;0;0;0;16507.47;11280.08;5227.39;32444.049
2026-08-13T11:45:36.757038+02:00;standby;25.3;28.6;5.0;28.0;50.0;57.0;0;0;0;0;16507.47;11280.08;5227.39;32444.049
2026-08-13T11:46:37.725034+02:00;standby;25.3;28.6;5.0;28.0;50.0;57.0;0;0;0;0;16507.47;11280.08;5227.39;32444.049
2026-08-13T11:47:38.186204+02:00;standby;25.3;28.6;5.0;28.0;50.0;57.0;0;0;0;0;16507.47;11280.08;5227.39;32444.049
2026-08-13T11:48:38.725158+02:00;standby;25.3;28.6;5.0;28.0;50.0;57.0;0;0;0;0;16507.47;11280.08;5227.39;32444.049
2026-08-13T11:49:39.237738+02:00;standby;25.3;28.6;5.0;28.0;50.0;57.0;0;0;0;0;16507.47;11280.08;5227.39;32444.049
2026-08-13T11:50:39.752295+02:00;standby;25.3;28.6;5.0;28.0;50.0;57.0;0;0;0;0;16507.47;11280.08;5227.39;32444.049
2026-08-13T11:51:40.788792+02:00;standby;25.3;28.6;5.0;28.0;49.9;57.0;0;0;0;0;16507.47;11280.08;5227.39;32444.049
2026-08-13T11:52:41.414963+02:00;standby;25.3;28.6;5.0;28.0;49.9;57.0;0;0;0;0;16507.47;11280.08;5227.39;32444.049
2026-08-13T11:53:41.929263+02:00;standby;25.3;28.6;5.0;28.0;49.9;57.0;0;0;0;0;16507.47;11280.08;5227.39;32444.049
2026-08-13T11:54:42.576985+02:00;standby;25.3;28.6;5.0;28.0;49.9;57.0;0;0;0;0;16507.47;11280.08;5227.39;32444.049
2026-08-13T11:55:43.073070+02:00;standby;25.3;28.6;5.0;28.0;49.8;57.0;0;0;0;0;16507.47;11280.08;5227.39;32444.049
2026-08-13T11:56:43.643858+02:00;standby;25.3;28.6;5.0;28.0;49.8;57.0;0;0;0;0;16507.47;11280.08;5227.39;32444.049
2026-08-13T11:57:44.110997+02:00;standby;25.3;28.6;5.0;28.0;49.8;57.0;0;0;0;0;16507.47;11280.08;5227.39;32444.049
2026-08-13T11:58:44.622831+02:00;standby;25.3;28.6;5.0;28.0;49.8;57.0;0;0;0;0;16507.47;11280.08;5227.39;32444.049
2026-08-13T11:59:45.275789+02:00;standby;25.3;28.6;5.0;28.0;49.8;57.0;0;0;0;0;16507.47;11280.08;5227.39;32444.049
2026-08-13T12:00:45.869663+02:00;standby;25.3;28.6;5.0;28.0;49.8;57.0;0;0;0;0;16507.47;11280.08;5227.39;32444.049
2026-08-13T12:01:46.478113+02:00;standby;25.3;28.6;5.0;28.0;49.8;57.0;0;0;0;0;16507.47;11280.08;5227.39;32444.049
2026-08-13T12:02:47.098807+02:00;standby;25.3;28.6;5.0;28.0;49.7;57.0;0;0;0;0;16507.47;11280.08;5227.39;32444.049
2026-08-13T12:03:47.642385+02:00;standby;25.3;28.6;5.0;28.0;49.6;57.0;0;0;0;0;16507.47;11280.08;5227.39;32444.049
2026-08-13T12:04:48.478457+02:00;standby;25.3;28.6;5.0;28.0;49.6;57.0;0;0;0;0;16507.47;11280.08;5227.39;32444.049
2026-08-13T12:05:49.323818+02:00;standby;25.3;28.6;5.0;28.0;49.6;57.0;0;0;0;0;16507.47;11280.08;5227.39;32444.049
2026-08-13T12:06:50.215056+02:00;standby;25.3;28.6;5.0;28.0;49.6;57.0;0;0;0;0;16507.47;11280.08;5227.39;32444.049
2026-08-13T12:07:50.997442+02:00;standby;25.3;28.6;5.0;28.0;49.6;57.0;0;0;0;0;16507.47;11280.08;5227.39;32444.049
2026-08-13T12:08:51.515781+02:00;standby;25.3;28.6;5.0;28.0;49.6;57.0;0;0;0;0;16507.47;11280.08;5227.39;32444.049
2026-08-13T12:09:52.128319+02:00;standby;25.3;28.6;5.0;28.0;49.6;57.0;0;0;0;0;16507.47;11280.08;5227.39;32444.049
2026-08-13T12:10:52.638038+02:00;standby;25.3;28.6;5.0;28.0;49.6;57.0;0;0;0;0;16507.47;11280.08;5227.39;32444.049
2026-08-13T12:11:53.108027+02:00;standby;25.3;28.6;5.0;28.0;49.5;57.0;0;0;0;0;16507.47;11280.08;5227.39;32444.049
2026-08-13T12:12:56.256189+02:00;standby;25.3;28.6;5.0;28.0;49.5;57.0;0;0;0;0;16507.47;11280.08;5227.39;32444.049
2026-08-13T12:13:57.126871+02:00;standby;25.3;28.6;5.0;28.0;49.5;57.0;0;0;0;0;16507.47;11280.08;5227.39;32444.049
2026-08-13T12:14:57.784785+02:00;standby;25.3;28.6;5.0;28.0;49.5;57.0;0;0;0;0;16507.47;11280.08;5227.39;32444.049
2026-08-13T12:15:58.480398+02:00;standby;25.3;28.6;5.0;28.0;49.5;57.0;0;0;0;0;16507.47;11280.08;5227.39;32444.049
2026-08-13T12:16:59.197224+02:00;standby;25.3;28.6;5.0;28.0;49.5;57.0;0;0;0;0;16507.47;11280.08;5227.39;32444.049
2026-08-13T12:17:59.876558+02:00;standby;25.3;28.6;5.0;28.0;49.5;57.0;0;0;0;0;16507.47;11280.08;5227.39;32444.049
2026-08-13T12:19:00.401866+02:00;standby;25.3;28.6;5.0;28.0;49.5;57.0;0;0;0;0;16507.47;11280.08;5227.39;32444.049
2026-08-13T12:20:00.956693+02:00;standby;25.3;28.6;5.0;28.0;49.5;57.0;0;0;0;0;16507.47;11280.08;5227.39;32444.049
2026-08-13T12:21:01.514535+02:00;standby;25.3;28.6;5.0;28.0;49.5;57.0;0;0;0;0;16507.47;11280.08;5227.39;32444.049
2026-08-13T12:22:02.092454+02:00;standby;25.3;28.6;5.0;28.0;49.5;57.0;0;0;0;0;16507.47;11280.08;5227.39;32444.049
2026-08-13T12:23:02.824942+02:00;standby;25.3;28.6;5.0;28.0;49.5;57.0;0;0;0;0;16507.47;11280.08;5227.39;32444.049
2026-08-13T12:24:03.790495+02:00;standby;25.3;28.6;5.0;28.0;49.5;57.0;0;0;0;0;16507.47;11280.08;5227.39;32444.049
2026-08-13T12:25:04.319379+02:00;standby;25.3;28.5;5.0;28.0;49.5;57.0;0;0;0;0;16507.47;11280.08;5227.39;32444.049
2026-08-13T12:26:04.901098+02:00;standby;25.3;28.6;5.0;28.0;49.5;57.0;0;0;0;0;16507.47;11280.08;5227.39;32444.049
2026-08-13T12:27:05.471897+02:00;standby;25.3;28.5;5.0;28.0;49.4;57.0;0;0;0;0;16507.47;11280.08;5227.39;32444.049
2026-08-13T12:28:05.978487+02:00;standby;25.3;28.6;5.0;28.0;49.4;57.0;0;0;0;0;16507.47;11280.08;5227.39;32444.049
2026-08-13T12:29:06.685716+02:00;standby;25.3;28.6;5.0;28.0;49.4;57.0;0;0;0;0;16507.47;11280.08;5227.39;32444.049
2026-08-13T12:30:07.312173+02:00;standby;25.3;28.6;5.0;28.0;49.4;57.0;0;0;0;0;16507.47;11280.08;5227.39;32444.049
2026-08-13T12:31:13.566932+02:00;standby;25.3;28.6;5.0;28.0;49.4;57.0;0;0;0;0;16507.47;11280.08;5227.39;32444.049
2026-08-13T12:32:14.202510+02:00;standby;25.3;28.6;5.0;28.0;49.4;57.0;0;0;0;0;16507.47;11280.08;5227.39;32444.049
2026-08-13T12:33:15.441576+02:00;standby;25.3;28.6;5.0;28.0;49.4;57.0;0;0;0;0;16507.47;11280.08;5227.39;32444.049
2026-08-13T12:34:16.351129+02:00;standby;25.3;28.6;5.0;28.0;49.4;57.0;0;0;0;0;16507.47;11280.08;5227.39;32444.049
2026-08-13T12:35:17.061072+02:00;standby;25.3;28.6;5.0;28.0;49.4;57.0;0;0;0;0;16507.47;11280.08;5227.39;32444.049
2026-08-13T12:36:17.871887+02:00;standby;25.3;28.5;5.0;28.0;49.4;57.0;0;0;0;0;16507.47;11280.08;5227.39;32444.049
2026-08-13T12:37:18.435528+02:00;standby;25.3;28.6;5.0;28.0;49.4;57.0;0;0;0;0;16507.47;11280.08;5227.39;32444.049
2026-08-13T12:38:18.915135+02:00;standby;26.7;28.5;5.0;28.0;49.4;57.0;0;0;0;0;16507.47;11280.08;5227.39;32444.049
2026-08-13T12:39:19.550894+02:00;standby;26.7;28.5;5.0;28.0;49.4;57.0;0;0;0;0;16507.47;11280.08;5227.39;32444.049
2026-08-13T12:40:20.294679+02:00;standby;26.7;28.5;5.0;28.0;49.4;57.0;0;0;0;0;16507.47;11280.08;5227.39;32444.049
2026-08-13T12:41:20.994033+02:00;standby;26.7;28.6;5.0;28.0;49.3;57.0;0;0;0;0;16507.47;11280.08;5227.39;32444.049
2026-08-13T12:42:22.430588+02:00;standby;26.7;28.5;5.0;28.0;49.4;57.0;0;0;0;0;16507.47;11280.08;5227.39;32444.049
2026-08-13T12:43:23.071407+02:00;standby;26.7;28.6;5.0;28.0;49.3;57.0;0;0;0;0;16507.47;11280.08;5227.39;32444.049
2026-08-13T12:44:23.693143+02:00;standby;26.7;28.6;5.0;28.0;49.3;57.0;0;0;0;0;16507.47;11280.08;5227.39;32444.049
2026-08-13T12:45:24.184720+02:00;standby;26.7;28.5;5.0;28.0;49.3;57.0;0;0;0;0;16507.47;11280.08;5227.39;32444.049
2026-08-13T12:46:25.037948+02:00;standby;26.7;28.5;5.0;28.0;49.3;57.0;0;0;0;0;16507.47;11280.08;5227.39;32444.049
2026-08-13T12:47:25.550738+02:00;standby;26.7;28.5;5.0;28.0;49.3;57.0;0;0;0;0;16507.47;11280.08;5227.39;32444.049
2026-08-13T12:48:26.251206+02:00;standby;26.7;28.5;5.0;28.0;49.1;57.0;0;0;0;0;16507.47;11280.08;5227.39;32444.049
2026-08-13T12:49:26.677981+02:00;standby;26.7;28.6;5.0;28.0;49.0;57.0;0;0;0;0;16507.47;11280.08;5227.39;32444.049
2026-08-13T12:50:27.186710+02:00;standby;26.7;28.6;5.0;28.0;48.9;57.0;0;0;0;0;16507.47;11280.08;5227.39;32444.049
2026-08-13T12:51:27.915294+02:00;standby;26.7;28.6;5.0;28.0;48.9;57.0;0;0;0;0;16507.47;11280.08;5227.39;32444.049
2026-08-13T12:52:28.488096+02:00;standby;26.7;28.5;5.0;28.0;48.8;57.0;0;0;0;0;16507.47;11280.08;5227.39;32444.049
2026-08-13T12:53:29.183720+02:00;standby;26.7;28.6;5.0;28.0;48.8;57.0;0;0;0;0;16507.47;11280.08;5227.39;32444.049
2026-08-13T12:54:30.347001+02:00;standby;26.7;28.6;5.0;28.0;48.8;57.0;0;0;0;0;16507.47;11280.08;5227.39;32444.049
2026-08-13T12:55:30.946614+02:00;standby;26.7;28.5;5.0;28.0;48.8;57.0;0;0;0;0;16507.47;11280.08;5227.39;32444.049
2026-08-13T12:56:31.973353+02:00;standby;26.7;28.5;5.0;28.0;48.7;57.0;0;0;0;0;16507.47;11280.08;5227.39;32444.049
2026-08-13T12:57:32.560169+02:00;standby;26.7;28.5;5.0;28.0;48.7;57.0;0;0;0;0;16507.47;11280.08;5227.39;32444.049
2026-08-13T12:58:33.128616+02:00;standby;26.7;28.5;5.0;28.0;48.6;57.0;0;0;0;0;16507.47;11280.08;5227.39;32444.049
2026-08-13T12:59:33.596498+02:00;standby;26.7;28.5;5.0;28.0;48.6;57.0;0;0;0;0;16507.47;11280.08;5227.39;32444.049
2026-08-13T13:00:34.434592+02:00;standby;26.7;28.5;5.0;28.0;48.6;57.0;0;0;0;0;16507.47;11280.08;5227.39;32444.049
2026-08-13T13:01:34.952392+02:00;standby;26.7;28.5;5.0;28.0;48.6;57.0;0;0;0;0;16507.47;11280.08;5227.39;32444.049
2026-08-13T13:02:35.728129+02:00;standby;26.7;28.5;5.0;28.0;48.5;57.0;0;0;0;0;16507.47;11280.08;5227.39;32444.049
2026-08-13T13:03:36.218045+02:00;standby;26.7;28.5;5.0;28.0;48.5;57.0;0;0;0;0;16507.47;11280.08;5227.39;32444.049
2026-08-13T13:04:36.809077+02:00;standby;26.7;28.5;5.0;28.0;48.4;57.0;0;0;0;0;16507.47;11280.08;5227.39;32444.049
2026-08-13T13:05:37.334438+02:00;standby;26.7;28.5;5.0;28.0;48.4;57.0;0;0;0;0;16507.47;11280.08;5227.39;32444.049
2026-08-13T13:06:37.862752+02:00;standby;26.7;28.5;5.0;28.0;48.2;57.0;0;0;0;0;16507.47;11280.08;5227.39;32444.049
2026-08-13T13:07:38.473364+02:00;standby;26.7;28.5;5.0;28.0;48.1;57.0;0;0;0;0;16507.47;11280.08;5227.39;32444.049
2026-08-13T13:08:39.092817+02:00;standby;26.7;28.5;5.0;28.0;48.0;57.0;0;0;0;0;16507.47;11280.08;5227.39;32444.049
2026-08-13T13:09:39.637166+02:00;standby;26.7;28.5;5.0;28.0;47.8;57.0;0;0;0;0;16507.47;11280.08;5227.39;32444.049
2026-08-13T13:10:40.259003+02:00;standby;26.7;28.5;5.0;28.0;47.6;57.0;0;0;0;0;16507.47;11280.08;5227.39;32444.049
2026-08-13T13:11:41.319896+02:00;standby;26.7;28.5;5.0;28.0;47.5;57.0;0;0;0;0;16507.47;11280.08;5227.39;32444.049
2026-08-13T13:12:42.118559+02:00;standby;26.7;28.5;5.0;28.0;47.5;57.0;0;0;0;0;16507.47;11280.08;5227.39;32444.049
2026-08-13T13:13:42.818509+02:00;standby;26.7;28.5;5.0;28.0;47.5;57.0;0;0;0;0;16507.47;11280.08;5227.39;32444.049
2026-08-13T13:14:43.434325+02:00;standby;26.7;28.5;5.0;28.0;47.4;57.0;0;0;0;0;16507.47;11280.08;5227.39;32444.049
2026-08-13T13:15:44.054958+02:00;standby;26.7;28.5;5.0;28.0;47.4;57.0;0;0;0;0;16507.47;11280.08;5227.39;32444.049
2026-08-13T13:16:44.594385+02:00;standby;26.7;28.5;5.0;28.0;47.4;57.0;0;0;0;0;16507.47;11280.08;5227.39;32444.049
2026-08-13T13:17:45.341333+02:00;standby;26.7;28.5;5.0;28.0;47.4;57.0;0;0;0;0;16507.47;11280.08;5227.39;32444.049
2026-08-13T13:18:46.026555+02:00;standby;26.7;28.5;5.0;28.0;47.4;57.0;0;0;0;0;16507.47;11280.08;5227.39;32444.049
2026-08-13T13:19:46.661707+02:00;standby;26.7;28.5;5.0;28.0;47.4;57.0;0;0;0;0;16507.47;11280.08;5227.39;32444.049
2026-08-13T13:20:47.240576+02:00;standby;26.7;28.5;5.0;28.0;47.4;57.0;0;0;0;0;16507.47;11280.08;5227.39;32444.049
2026-08-13T13:21:47.891305+02:00;standby;26.7;28.5;5.0;28.0;47.4;57.0;0;0;0;0;16507.47;11280.08;5227.39;32444.049
2026-08-13T13:22:48.722688+02:00;standby;26.7;28.5;5.0;28.0;47.3;57.0;0;0;0;0;16507.47;11280.08;5227.39;32444.049
2026-08-13T13:23:49.768936+02:00;standby;26.7;28.5;5.0;28.0;47.2;57.0;0;0;0;0;16507.47;11280.08;5227.39;32444.049
2026-08-13T13:24:50.530225+02:00;standby;26.7;28.5;5.0;28.0;47.2;57.0;0;0;0;0;16507.47;11280.08;5227.39;32444.049
2026-08-13T13:25:51.449029+02:00;standby;26.7;28.5;5.0;28.0;47.2;57.0;0;0;0;0;16507.47;11280.08;5227.39;32444.049
2026-08-13T13:26:52.080876+02:00;standby;26.7;28.5;5.0;28.0;47.2;57.0;0;0;0;0;16507.47;11280.08;5227.39;32444.049
2026-08-13T13:27:52.720224+02:00;standby;26.7;28.5;5.0;28.0;47.2;57.0;0;0;0;0;16507.47;11280.08;5227.39;32444.049
2026-08-13T13:28:53.498037+02:00;standby;26.7;28.5;5.0;28.0;47.2;57.0;0;0;0;0;16507.47;11280.08;5227.39;32444.049
2026-08-13T13:29:54.130350+02:00;standby;26.7;28.5;5.0;28.0;47.2;57.0;0;0;0;0;16507.47;11280.08;5227.39;32444.049
2026-08-13T13:30:54.752421+02:00;standby;26.7;28.5;5.0;28.0;47.2;57.0;0;0;0;0;16507.47;11280.08;5227.39;32444.049
2026-08-13T13:31:55.366549+02:00;standby;26.7;28.5;5.0;28.0;47.1;57.0;0;0;0;0;16507.47;11280.08;5227.39;32444.049
2026-08-13T13:32:55.913598+02:00;standby;26.7;28.5;5.0;28.0;47.1;57.0;0;0;0;0;16507.47;11280.08;5227.39;32444.049
2026-08-13T13:33:56.577876+02:00;standby;26.7;28.5;5.0;28.0;47.1;57.0;0;0;0;0;16507.47;11280.08;5227.39;32444.049
2026-08-13T13:34:57.204633+02:00;standby;26.7;28.5;5.0;28.0;47.1;57.0;0;0;0;0;16507.47;11280.08;5227.39;32444.049
2026-08-13T13:35:57.726177+02:00;standby;26.7;28.5;5.0;28.0;47.1;57.0;0;0;0;0;16507.47;11280.08;5227.39;32444.049
2026-08-13T13:36:58.415306+02:00;standby;26.7;28.5;5.0;28.0;47.1;57.0;0;0;0;0;16507.47;11280.08;5227.39;32444.049
2026-08-13T13:37:59.005739+02:00;standby;26.7;28.5;5.0;28.0;47.1;57.0;0;0;0;0;16507.47;11280.08;5227.39;32444.049
2026-08-13T13:39:00.023966+02:00;standby;28.1;28.5;5.0;28.0;47.1;57.0;0;0;0;0;16507.47;11280.08;5227.39;32444.049
2026-08-13T13:40:00.832452+02:00;standby;28.1;28.5;5.0;28.0;47.1;57.0;0;0;0;0;16507.47;11280.08;5227.39;32444.049
2026-08-13T13:41:01.706829+02:00;standby;28.1;28.5;5.0;28.0;47.1;57.0;0;0;0;0;16507.47;11280.08;5227.39;32444.049
2026-08-13T13:42:02.213131+02:00;standby;28.1;28.5;5.0;28.0;47.1;57.0;0;0;0;0;16507.47;11280.08;5227.39;32444.049
2026-08-13T13:43:02.703419+02:00;standby;28.1;28.5;5.0;28.0;47.1;57.0;0;0;0;0;16507.47;11280.08;5227.39;32444.049
2026-08-13T13:44:03.217387+02:00;standby;28.1;28.5;5.0;28.0;47.1;57.0;0;0;0;0;16507.47;11280.08;5227.39;32444.049
2026-08-13T13:45:03.950141+02:00;standby;28.1;28.5;5.0;28.0;47.1;57.0;0;0;0;0;16507.47;11280.08;5227.39;32444.049
2026-08-13T13:46:04.557997+02:00;standby;28.1;28.5;5.0;28.0;47.1;57.0;0;0;0;0;16507.47;11280.08;5227.39;32444.049
2026-08-13T13:47:05.179451+02:00;standby;28.1;28.5;5.0;28.0;47.0;57.0;0;0;0;0;16507.47;11280.08;5227.39;32444.049
2026-08-13T13:48:06.009137+02:00;standby;28.1;28.5;5.0;28.0;47.0;57.0;0;0;0;0;16507.47;11280.08;5227.39;32444.049
2026-08-13T13:49:06.504479+02:00;standby;28.1;28.5;5.0;28.0;47.0;57.0;0;0;0;0;16507.47;11280.08;5227.39;32444.049
2026-08-13T13:50:07.055485+02:00;standby;28.1;28.5;5.0;28.0;47.0;57.0;0;0;0;0;16507.47;11280.08;5227.39;32444.049
2026-08-13T13:51:07.999647+02:00;standby;28.1;28.5;5.0;28.0;47.0;57.0;0;0;0;0;16507.47;11280.08;5227.39;32444.049
2026-08-13T13:52:08.731078+02:00;standby;28.1;28.5;5.0;28.0;47.0;57.0;0;0;0;0;16507.47;11280.08;5227.39;32444.049
2026-08-13T13:53:09.605890+02:00;standby;28.1;28.5;5.0;28.0;47.0;57.0;0;0;0;0;16507.47;11280.08;5227.39;32444.049
2026-08-13T13:54:10.111770+02:00;standby;28.1;28.5;5.0;28.0;47.0;57.0;0;0;0;0;16507.47;11280.08;5227.39;32444.049
2026-08-13T13:55:10.852494+02:00;standby;28.1;28.5;5.0;28.0;47.0;57.0;0;0;0;0;16507.47;11280.08;5227.39;32444.049
2026-08-13T13:56:11.544126+02:00;standby;28.1;28.5;5.0;28.0;47.0;57.0;0;0;0;0;16507.47;11280.08;5227.39;32444.049
2026-08-13T13:57:16.313151+02:00;dhw;28.1;36.2;85.0;28.0;47.0;57.0;1;26;1;0;16507.49;11280.08;5227.42;32444.049
2026-08-13T13:57:27.297853+02:00;dhw;28.1;37.4;85.0;28.0;47.0;57.0;1;23;1;0;16507.51;11280.08;5227.43;32444.049
2026-08-13T13:57:38.170965+02:00;dhw;28.1;38.6;85.0;28.0;46.9;57.0;1;23;1;0;16507.52;11280.08;5227.44;32444.049
2026-08-13T13:57:50.054012+02:00;dhw;28.1;38.4;85.0;28.0;46.9;57.0;1;23;1;100;16507.53;11280.08;5227.45;32444.049
2026-08-13T13:58:02.013028+02:00;dhw;28.1;38.3;85.0;28.0;46.8;57.0;1;23;1;100;16507.53;11280.08;5227.46;32444.049
2026-08-13T13:58:15.820504+02:00;dhw;28.1;38.3;85.0;28.0;46.8;57.0;1;23;1;100;16507.54;11280.08;5227.47;32444.049
2026-08-13T13:58:31.147517+02:00;dhw;28.1;39.5;85.0;28.0;46.6;57.0;1;23;1;100;16507.56;11280.08;5227.48;32444.049
2026-08-13T13:58:43.054007+02:00;dhw;28.1;40.0;85.0;28.0;46.5;57.0;1;23;1;100;16507.57;11280.08;5227.49;32444.049
2026-08-13T13:58:54.207583+02:00;dhw;28.1;41.0;85.0;28.0;46.4;57.0;1;32;1;100;16507.58;11280.08;5227.51;32444.049
2026-08-13T13:59:05.380913+02:00;dhw;28.1;42.0;85.0;28.0;46.4;57.0;1;42;1;100;16507.6;11280.08;5227.52;32444.049
2026-08-13T13:59:16.121488+02:00;dhw;28.1;44.6;85.0;28.0;46.3;57.0;1;58;1;100;16507.63;11280.08;5227.55;32444.049
2026-08-13T13:59:32.113143+02:00;dhw;28.1;46.3;85.0;28.0;46.2;57.0;1;69;1;100;16507.65;11280.08;5227.57;32444.049
2026-08-13T13:59:46.130464+02:00;dhw;28.1;49.1;85.0;28.0;46.1;57.0;1;84;1;100;16507.69;11280.08;5227.61;32444.049
2026-08-13T13:59:59.777203+02:00;dhw;28.1;52.8;85.0;28.0;46.1;57.0;1;101;1;100;16507.75;11280.08;5227.67;32444.049
2026-08-13T14:00:11.742030+02:00;dhw;28.1;56.0;85.0;28.0;46.0;57.0;1;108;1;100;16507.8;11280.08;5227.73;32444.049
2026-08-13T14:00:26.336025+02:00;dhw;28.1;58.1;85.0;28.0;46.0;57.0;1;108;1;100;16507.84;11280.08;5227.77;32444.049
2026-08-13T14:00:37.479488+02:00;dhw;28.1;61.1;85.0;28.0;46.0;57.0;1;108;1;100;16507.91;11280.08;5227.83;32444.049
2026-08-13T14:00:48.294600+02:00;dhw;28.1;63.0;85.0;28.0;46.1;57.0;1;108;1;100;16507.96;11280.08;5227.88;32444.049
2026-08-13T14:01:05.498142+02:00;dhw;28.1;64.2;85.0;28.0;46.1;57.0;1;108;1;100;16507.99;11280.08;5227.92;
2026-08-13T14:01:17.065548+02:00;dhw;28.1;66.3;85.0;28.0;46.2;57.0;1;108;1;100;16508.08;11280.08;5228.0;32444.049
2026-08-13T14:01:27.997735+02:00;dhw;28.1;67.2;85.0;28.0;46.3;57.0;1;108;1;100;16508.12;11280.08;5228.04;32444.049
2026-08-13T14:01:39.731069+02:00;dhw;28.1;68.1;85.0;28.0;46.4;57.0;1;108;1;100;16508.17;11280.08;5228.09;32444.049
2026-08-13T14:01:57.223638+02:00;dhw;28.1;69.1;85.0;28.0;46.6;57.0;1;108;1;100;16508.23;11280.08;5228.15;32444.049
2026-08-13T14:02:15.742379+02:00;dhw;28.1;70.0;85.0;28.0;46.8;57.0;1;108;1;100;16508.3;11280.08;5228.22;32444.148
2026-08-13T14:02:32.290461+02:00;dhw;28.1;70.8;85.0;28.0;47.2;57.0;1;108;1;100;16508.37;11280.08;5228.3;32444.148
2026-08-13T14:02:47.868598+02:00;dhw;28.1;71.2;85.0;28.0;47.4;57.0;1;108;1;100;16508.41;11280.08;5228.34;
2026-08-13T14:02:59.872876+02:00;dhw;28.1;71.9;85.0;28.0;47.7;57.0;1;108;1;100;16508.5;11280.08;5228.42;32444.148
2026-08-13T14:03:10.606540+02:00;dhw;28.1;72.2;85.0;28.0;47.9;57.0;1;108;1;100;16508.54;11280.08;5228.46;32444.148
2026-08-13T14:03:25.087640+02:00;dhw;28.1;72.5;85.0;28.0;48.1;57.0;1;108;1;100;16508.58;11280.08;5228.5;32444.148
2026-08-13T14:03:36.143587+02:00;dhw;28.1;73.0;85.0;28.0;48.6;57.0;1;108;1;100;16508.66;11280.08;5228.59;32444.148
2026-08-13T14:03:47.938396+02:00;dhw;28.1;73.3;85.0;28.0;48.7;57.0;1;108;1;100;16508.71;11280.08;5228.63;32444.148
2026-08-13T14:04:02.212044+02:00;dhw;28.1;73.6;85.0;28.0;48.9;57.0;1;108;1;100;16508.75;11280.08;5228.67;32444.148
2026-08-13T14:04:15.320751+02:00;dhw;28.1;74.0;85.0;28.0;49.0;57.0;1;108;1;100;16508.82;11280.08;5228.74;32444.148
2026-08-13T14:04:27.737057+02:00;dhw;28.1;74.3;85.0;28.0;49.3;57.0;1;108;1;100;16508.87;11280.08;5228.8;32444.148
2026-08-13T14:04:40.122619+02:00;dhw;28.1;74.6;85.0;28.0;49.5;57.0;1;108;1;100;16508.92;11280.08;5228.84;32444.148
2026-08-13T14:04:53.762451+02:00;dhw;28.1;74.8;85.0;28.0;49.7;57.0;1;108;1;100;16508.96;11280.08;5228.88;32444.148
2026-08-13T14:05:04.785585+02:00;dhw;28.1;75.2;85.0;28.0;49.9;57.0;1;108;1;100;16509.04;11280.08;5228.97;32444.148
2026-08-13T14:05:15.840712+02:00;dhw;28.1;75.5;85.0;28.0;50.1;57.0;1;108;1;100;16509.09;11280.08;5229.01;32444.148
2026-08-13T14:05:26.743006+02:00;dhw;28.1;75.6;85.0;28.0;50.2;57.0;1;108;1;100;16509.12;11280.08;5229.05;32444.148
2026-08-13T14:05:37.471770+02:00;dhw;28.1;75.8;85.0;28.0;50.3;57.0;1;108;1;100;16509.17;11280.08;5229.09;32444.148
2026-08-13T14:05:48.306353+02:00;dhw;28.1;76.1;85.0;28.0;50.5;57.0;1;108;1;100;16509.21;11280.08;5229.13;32444.148
2026-08-13T14:06:07.409340+02:00;dhw;28.1;76.1;85.0;28.0;50.6;57.0;1;108;1;100;16509.21;11280.08;5229.13;32444.248
2026-08-13T14:06:19.272386+02:00;dhw;28.1;76.7;85.0;28.0;50.9;57.0;1;108;1;100;16509.34;11280.08;5229.26;32444.248
2026-08-13T14:06:30.118649+02:00;dhw;28.1;76.8;85.0;28.0;51.1;57.0;1;108;1;100;16509.38;11280.08;5229.3;32444.248
2026-08-13T14:06:43.012853+02:00;dhw;28.1;77.0;85.0;28.0;51.3;57.0;1;108;1;100;16509.42;11280.08;5229.34;32444.248
2026-08-13T14:06:53.964524+02:00;dhw;28.1;77.1;85.0;28.0;51.6;57.0;1;108;1;100;16509.46;11280.08;5229.38;32444.248
2026-08-13T14:07:04.921992+02:00;dhw;28.1;77.6;85.0;28.0;51.7;57.0;1;108;1;100;16509.54;11280.08;5229.47;32444.248
2026-08-13T14:07:15.754607+02:00;dhw;28.1;77.7;85.0;28.0;51.9;57.0;1;108;1;100;16509.59;11280.08;5229.51;32444.248
2026-08-13T14:07:27.141661+02:00;dhw;28.1;78.0;85.0;28.0;52.0;57.0;1;108;1;100;16509.64;11280.08;5229.56;32444.248
2026-08-13T14:07:37.898488+02:00;dhw;28.1;78.0;85.0;28.0;52.1;57.0;1;108;1;100;16509.67;11280.08;5229.59;32444.248
2026-08-13T14:07:51.289287+02:00;dhw;28.1;78.3;85.0;28.0;52.3;57.0;1;108;1;100;16509.71;11280.08;5229.64;32444.248
2026-08-13T14:08:08.420730+02:00;dhw;28.1;78.5;85.0;28.0;52.4;57.0;1;108;1;100;16509.75;11280.08;5229.68;32444.248
2026-08-13T14:08:21.532717+02:00;dhw;28.1;78.8;85.0;28.0;52.8;57.0;1;108;1;100;16509.85;11280.08;5229.78;32444.248
2026-08-13T14:08:33.832704+02:00;dhw;28.1;79.0;85.0;28.0;53.1;57.0;1;108;1;100;16509.88;11280.08;5229.8;32444.248
2026-08-13T14:08:44.788475+02:00;dhw;28.1;79.5;85.0;28.0;53.3;57.0;1;108;1;100;16509.96;11280.08;5229.89;32444.248
2026-08-13T14:08:55.785165+02:00;dhw;28.1;79.5;85.0;28.0;53.5;57.0;1;108;1;100;16510.01;11280.08;5229.93;32444.248
2026-08-13T14:09:06.998113+02:00;dhw;28.1;79.6;85.0;28.0;53.6;57.0;1;108;1;100;16510.05;11280.08;5229.97;32444.248
2026-08-13T14:09:17.649875+02:00;dhw;28.1;79.8;85.0;28.0;53.8;57.0;1;108;1;100;16510.09;11280.08;5230.01;32444.248
2026-08-13T14:09:28.385242+02:00;dhw;28.1;80.1;85.0;28.0;53.9;57.0;1;108;1;100;16510.13;11280.08;5230.06;32444.248
2026-08-13T14:09:40.686628+02:00;dhw;28.1;80.3;85.0;28.0;54.1;57.0;1;108;1;100;16510.17;11280.08;5230.09;32444.248
2026-08-13T14:09:52.087291+02:00;dhw;28.1;80.3;85.0;28.0;54.3;57.0;1;108;1;100;16510.21;11280.08;5230.14;32444.248
2026-08-13T14:10:09.375999+02:00;dhw;28.1;80.7;85.0;28.0;54.5;57.0;1;108;1;100;16510.3;11280.08;5230.22;32444.348
2026-08-13T14:10:20.813425+02:00;dhw;28.1;80.9;85.0;28.0;54.8;57.0;1;108;1;100;16510.34;11280.08;5230.26;32444.348
2026-08-13T14:10:31.870918+02:00;dhw;28.1;81.1;85.0;28.0;55.1;57.0;1;108;1;100;16510.38;11280.08;5230.3;32444.348
2026-08-13T14:10:42.607238+02:00;dhw;28.1;81.2;85.0;28.0;55.3;57.0;1;108;1;100;16510.42;11280.08;5230.35;32444.348
2026-08-13T14:10:55.547798+02:00;dhw;28.1;81.5;85.0;28.0;55.7;57.0;1;108;1;100;16510.51;11280.08;5230.43;32444.348
2026-08-13T14:11:07.041505+02:00;dhw;28.1;81.7;85.0;28.0;55.9;57.0;1;108;1;100;16510.55;11280.08;5230.47;32444.348
2026-08-13T14:11:18.163764+02:00;dhw;28.1;81.9;85.0;28.0;56.0;57.0;1;108;1;100;16510.59;11280.08;5230.51;32444.348
2026-08-13T14:11:29.849571+02:00;dhw;28.1;82.0;85.0;28.0;56.2;57.0;1;108;1;100;16510.63;11280.08;5230.55;32444.348
2026-08-13T14:11:45.241586+02:00;dhw;28.1;82.2;85.0;28.0;56.5;57.0;1;108;1;100;16510.67;11280.08;5230.6;32444.348
2026-08-13T14:11:57.313913+02:00;dhw;28.1;82.5;85.0;28.0;56.7;57.0;1;108;1;100;16510.76;11280.08;5230.68;32444.348
2026-08-13T14:12:10.182317+02:00;standby;28.1;83.0;85.0;28.0;56.9;57.0;0;0;1;100;16510.82;11280.08;5230.74;32444.348
2026-08-13T14:12:22.480757+02:00;standby;28.1;82.7;85.0;28.0;57.2;57.0;0;0;1;100;16510.82;11280.08;5230.74;32444.348
2026-08-13T14:12:32.915595+02:00;standby;28.1;80.2;85.0;28.0;57.6;57.0;0;0;1;100;16510.82;11280.08;5230.74;32444.348
2026-08-13T14:12:43.465644+02:00;standby;28.1;77.5;85.0;28.0;57.8;57.0;0;0;1;10;16510.82;11280.08;5230.74;32444.348
2026-08-13T14:12:54.108151+02:00;standby;28.1;74.8;85.0;28.0;58.0;57.0;0;0;1;10;16510.82;11280.08;5230.74;32444.348
2026-08-13T14:13:04.479310+02:00;standby;28.1;73.7;85.0;28.0;58.1;57.0;0;0;1;10;16510.82;11280.08;5230.74;32444.348
2026-08-13T14:14:04.972189+02:00;standby;28.1;66.7;5.0;28.0;58.8;57.0;0;0;1;10;16510.82;11280.08;5230.74;32444.348
2026-08-13T14:15:05.490591+02:00;standby;28.1;62.9;5.0;28.0;59.4;57.0;0;0;1;10;16510.82;11280.08;5230.74;32444.348
2026-08-13T14:16:05.989866+02:00;standby;28.1;63.6;5.0;28.0;59.6;57.0;0;0;0;0;16510.82;11280.08;5230.74;32444.348
2026-08-13T14:17:06.427692+02:00;standby;28.1;64.0;5.0;28.0;59.7;57.0;0;0;0;0;16510.82;11280.08;5230.74;32444.348
2026-08-13T14:18:06.987146+02:00;standby;28.1;64.2;5.0;28.0;59.8;57.0;0;0;0;0;16510.82;11280.08;5230.74;32444.348
2026-08-13T14:19:07.532764+02:00;standby;28.1;64.3;5.0;28.0;59.8;57.0;0;0;0;0;16510.82;11280.08;5230.74;32444.348
2026-08-13T14:20:08.436054+02:00;standby;28.1;64.3;5.0;28.0;59.9;57.0;0;0;0;0;16510.82;11280.08;5230.74;32444.348
2026-08-13T14:21:09.347971+02:00;standby;28.1;64.2;5.0;28.0;59.9;57.0;0;0;0;0;16510.82;11280.08;5230.74;32444.348
2026-08-13T14:22:10.294024+02:00;standby;28.1;64.2;5.0;28.0;59.9;57.0;0;0;0;0;16510.82;11280.08;5230.74;32444.348
2026-08-13T14:23:10.780314+02:00;standby;28.1;64.1;5.0;28.0;59.9;57.0;0;0;0;0;16510.82;11280.08;5230.74;32444.348
2026-08-13T14:24:11.292769+02:00;standby;28.1;64.0;5.0;28.0;59.9;57.0;0;0;0;0;16510.82;11280.08;5230.74;32444.348
2026-08-13T14:25:11.788254+02:00;standby;28.1;63.8;5.0;28.0;59.8;57.0;0;0;0;0;16510.82;11280.08;5230.74;32444.348
2026-08-13T14:26:12.561927+02:00;standby;28.1;63.7;5.0;28.0;59.8;57.0;0;0;0;0;16510.82;11280.08;5230.74;32444.348
2026-08-13T14:27:13.364464+02:00;standby;28.1;63.6;5.0;28.0;59.8;57.0;0;0;0;0;16510.82;11280.08;5230.74;32444.348
2026-08-13T14:28:13.857483+02:00;standby;28.1;63.5;5.0;28.0;59.8;57.0;0;0;0;0;16510.82;11280.08;5230.74;32444.348
2026-08-13T14:29:14.529720+02:00;standby;28.1;63.4;5.0;28.0;59.8;57.0;0;0;0;0;16510.82;11280.08;5230.74;32444.348
2026-08-13T14:30:15.019421+02:00;standby;28.1;63.3;5.0;28.0;59.8;57.0;0;0;0;0;16510.82;11280.08;5230.74;32444.348
2026-08-13T14:31:15.498882+02:00;standby;28.1;63.1;5.0;28.0;59.8;57.0;0;0;0;0;16510.82;11280.08;5230.74;32444.348
2026-08-13T14:32:16.913985+02:00;standby;28.1;63.0;5.0;28.0;59.8;57.0;0;0;0;0;16510.82;11280.08;5230.74;32444.348
2026-08-13T14:33:17.372794+02:00;standby;28.1;62.9;5.0;28.0;59.8;57.0;0;0;0;0;16510.82;11280.08;5230.74;32444.348
2026-08-13T14:34:18.023949+02:00;standby;28.1;62.8;5.0;28.0;59.8;57.0;0;0;0;0;16510.82;11280.08;5230.74;32444.348
2026-08-13T14:35:18.666111+02:00;standby;28.1;62.7;5.0;28.0;59.8;57.0;0;0;0;0;16510.82;11280.08;5230.74;32444.348
2026-08-13T14:36:19.309403+02:00;standby;28.1;62.4;5.0;28.0;59.8;57.0;0;0;0;0;16510.82;11280.08;5230.74;32444.348
2026-08-13T14:37:19.969878+02:00;standby;28.1;62.3;5.0;28.0;59.8;57.0;0;0;0;0;16510.82;11280.08;5230.74;32444.348
2026-08-13T14:38:20.674790+02:00;standby;28.1;62.2;5.0;28.0;59.8;57.0;0;0;0;0;16510.82;11280.08;5230.74;32444.348
2026-08-13T14:39:22.369658+02:00;standby;29.0;62.1;5.0;28.0;59.7;57.0;0;0;0;0;16510.82;11280.08;5230.74;32444.348
2026-08-13T14:40:23.201396+02:00;standby;29.0;62.0;5.0;28.0;59.7;57.0;0;0;0;0;16510.82;11280.08;5230.74;32444.348
2026-08-13T14:41:23.812705+02:00;standby;29.0;61.9;5.0;28.0;59.7;57.0;0;0;0;0;16510.82;11280.08;5230.74;32444.348
2026-08-13T14:42:24.642089+02:00;standby;29.0;61.7;5.0;28.0;59.7;57.0;0;0;0;0;16510.82;11280.08;5230.74;32444.348
2026-08-13T14:43:25.237997+02:00;standby;29.0;61.5;5.0;28.0;59.7;57.0;0;0;0;0;16510.82;11280.08;5230.74;32444.348
2026-08-13T14:44:25.776737+02:00;standby;29.0;61.4;5.0;28.0;59.7;57.0;0;0;0;0;16510.82;11280.08;5230.74;32444.348
2026-08-13T14:45:26.405527+02:00;standby;29.0;61.3;5.0;28.0;59.7;57.0;0;0;0;0;16510.82;11280.08;5230.74;32444.348
2026-08-13T14:46:27.847573+02:00;standby;29.0;61.2;5.0;28.0;59.7;57.0;0;0;0;0;16510.82;11280.08;5230.74;32444.348
2026-08-13T14:47:28.436750+02:00;standby;29.0;60.9;5.0;28.0;59.7;57.0;0;0;0;0;16510.82;11280.08;5230.74;32444.348
2026-08-13T14:48:29.059842+02:00;standby;29.0;60.8;5.0;28.0;59.7;57.0;0;0;0;0;16510.82;11280.08;5230.74;32444.348
2026-08-13T14:49:31.574418+02:00;standby;29.0;60.7;5.0;28.0;59.7;57.0;0;0;0;0;16510.82;11280.08;5230.74;32444.348
2026-08-13T14:50:32.227559+02:00;standby;29.0;60.6;5.0;28.0;59.7;57.0;0;0;0;0;16510.82;11280.08;5230.74;32444.348
2026-08-13T14:51:32.709307+02:00;standby;29.0;60.5;5.0;28.0;59.7;57.0;0;0;0;0;16510.82;11280.08;5230.74;32444.348
2026-08-13T14:52:33.418791+02:00;standby;29.0;60.2;5.0;28.0;59.7;57.0;0;0;0;0;16510.82;11280.08;5230.74;32444.348
2026-08-13T14:53:33.963616+02:00;standby;29.0;60.1;5.0;28.0;59.6;57.0;0;0;0;0;16510.82;11280.08;5230.74;32444.348
2026-08-13T14:54:34.433952+02:00;standby;29.0;60.0;5.0;28.0;59.6;57.0;0;0;0;0;16510.82;11280.08;5230.74;32444.348
2026-08-13T14:55:34.948840+02:00;standby;29.0;59.9;5.0;28.0;59.6;57.0;0;0;0;0;16510.82;11280.08;5230.74;32444.348
2026-08-13T14:56:35.407260+02:00;standby;29.0;59.7;5.0;28.0;59.6;57.0;0;0;0;0;16510.82;11280.08;5230.74;32444.348
2026-08-13T14:57:35.892315+02:00;standby;29.0;59.5;5.0;28.0;59.6;57.0;0;0;0;0;16510.82;11280.08;5230.74;32444.348
2026-08-13T14:58:36.380564+02:00;standby;29.0;59.4;5.0;28.0;59.6;57.0;0;0;0;0;16510.82;11280.08;5230.74;32444.348
2026-08-13T14:59:36.827028+02:00;standby;29.0;59.2;5.0;28.0;59.6;57.0;0;0;0;0;16510.82;11280.08;5230.74;32444.348
2026-08-13T15:00:37.364839+02:00;standby;29.0;59.1;5.0;28.0;59.6;57.0;0;0;0;0;16510.82;11280.08;5230.74;32444.348
2026-08-13T15:01:37.836654+02:00;standby;29.0;59.0;5.0;28.0;59.6;57.0;0;0;0;0;16510.82;11280.08;5230.74;32444.348
2026-08-13T15:02:38.277616+02:00;standby;29.0;58.9;5.0;28.0;59.6;57.0;0;0;0;0;16510.82;11280.08;5230.74;32444.348
2026-08-13T15:03:38.999294+02:00;standby;29.0;58.7;5.0;28.0;59.6;57.0;0;0;0;0;16510.82;11280.08;5230.74;32444.348
2026-08-13T15:04:39.522209+02:00;standby;29.0;58.5;5.0;28.0;59.6;57.0;0;0;0;0;16510.82;11280.08;5230.74;32444.348
2026-08-13T15:05:40.037830+02:00;standby;29.0;58.4;5.0;28.0;59.6;57.0;0;0;0;0;16510.82;11280.08;5230.74;32444.348
2026-08-13T15:06:40.558466+02:00;standby;29.0;58.3;5.0;28.0;59.6;57.0;0;0;0;0;16510.82;11280.08;5230.74;32444.348
2026-08-13T15:07:41.206620+02:00;standby;29.0;58.1;5.0;28.0;59.5;57.0;0;0;0;0;16510.82;11280.08;5230.74;32444.348
2026-08-13T15:08:42.058902+02:00;standby;29.0;58.0;5.0;28.0;59.5;57.0;0;0;0;0;16510.82;11280.08;5230.74;32444.348
2026-08-13T15:09:42.520781+02:00;standby;29.0;57.8;5.0;28.0;59.5;57.0;0;0;0;0;16510.82;11280.08;5230.74;32444.348
2026-08-13T15:10:43.248238+02:00;standby;29.0;57.7;5.0;28.0;59.5;57.0;0;0;0;0;16510.82;11280.08;5230.74;32444.348
2026-08-13T15:11:43.830052+02:00;standby;29.0;57.6;5.0;28.0;59.5;57.0;0;0;0;0;16510.82;11280.08;5230.74;32444.348
2026-08-13T15:12:44.548380+02:00;standby;29.0;57.4;5.0;28.0;59.5;57.0;0;0;0;0;16510.82;11280.08;5230.74;32444.348
2026-08-13T15:13:45.106841+02:00;standby;29.0;57.3;5.0;28.0;59.5;57.0;0;0;0;0;16510.82;11280.08;5230.74;32444.348
2026-08-13T15:14:45.696496+02:00;standby;29.0;57.2;5.0;28.0;59.5;57.0;0;0;0;0;16510.82;11280.08;5230.74;32444.348
2026-08-13T15:15:46.249336+02:00;standby;29.0;56.9;5.0;28.0;59.5;57.0;0;0;0;0;16510.82;11280.08;5230.74;32444.348
2026-08-13T15:16:46.752582+02:00;standby;29.0;56.8;5.0;28.0;59.5;57.0;0;0;0;0;16510.82;11280.08;5230.74;32444.348
2026-08-13T15:17:47.594135+02:00;standby;29.0;56.7;5.0;28.0;59.5;57.0;0;0;0;0;16510.82;11280.08;5230.74;32444.348
2026-08-13T15:18:48.069105+02:00;standby;29.0;56.6;5.0;28.0;59.5;57.0;0;0;0;0;16510.82;11280.08;5230.74;32444.348
2026-08-13T15:19:49.155114+02:00;standby;29.0;56.5;5.0;28.0;59.5;57.0;0;0;0;0;16510.82;11280.08;5230.74;32444.348
2026-08-13T15:20:49.806902+02:00;standby;29.0;56.2;5.0;28.0;59.5;57.0;0;0;0;0;16510.82;11280.08;5230.74;32444.348
2026-08-13T15:21:52.231596+02:00;standby;29.0;56.1;5.0;28.0;59.5;57.0;0;0;0;0;16510.82;11280.08;5230.74;32444.348
2026-08-13T15:22:53.574807+02:00;standby;29.0;56.0;5.0;28.0;59.4;57.0;0;0;0;0;16510.82;11280.08;5230.74;32444.348
2026-08-13T15:23:54.223545+02:00;standby;29.0;55.9;5.0;28.0;59.4;57.0;0;0;0;0;16510.82;11280.08;5230.74;32444.348
2026-08-13T15:24:54.817748+02:00;standby;29.0;55.8;5.0;28.0;59.4;57.0;0;0;0;0;16510.82;11280.08;5230.74;32444.348
2026-08-13T15:25:55.595419+02:00;standby;29.0;55.6;5.0;28.0;59.4;57.0;0;0;0;0;16510.82;11280.08;5230.74;32444.348
2026-08-13T15:26:56.220327+02:00;standby;29.0;55.5;5.0;28.0;59.4;57.0;0;0;0;0;16510.82;11280.08;5230.74;32444.348
2026-08-13T15:27:56.659262+02:00;standby;29.0;55.3;5.0;28.0;59.4;57.0;0;0;0;0;16510.82;11280.08;5230.74;32444.348
2026-08-13T15:28:57.104290+02:00;standby;29.0;55.2;5.0;28.0;59.4;57.0;0;0;0;0;16510.82;11280.08;5230.74;32444.348
2026-08-13T15:29:57.698049+02:00;standby;29.0;55.0;5.0;28.0;59.4;57.0;0;0;0;0;16510.82;11280.08;5230.74;32444.348
2026-08-13T15:30:58.139246+02:00;standby;29.0;54.9;5.0;28.0;59.4;57.0;0;0;0;0;16510.82;11280.08;5230.74;32444.348
2026-08-13T15:31:58.657109+02:00;standby;29.0;54.8;5.0;28.0;59.4;57.0;0;0;0;0;16510.82;11280.08;5230.74;32444.348
2026-08-13T15:32:59.485826+02:00;standby;29.0;54.7;5.0;28.0;59.4;57.0;0;0;0;0;16510.82;11280.08;5230.74;32444.348
2026-08-13T15:34:00.867056+02:00;standby;29.0;54.6;5.0;28.0;59.4;57.0;0;0;0;0;16510.82;11280.08;5230.74;32444.348
2026-08-13T15:35:01.552484+02:00;standby;29.0;54.4;5.0;28.0;59.4;57.0;0;0;0;0;16510.82;11280.08;5230.74;32444.348
2026-08-13T15:36:02.220032+02:00;standby;29.0;54.2;5.0;28.0;59.4;57.0;0;0;0;0;16510.82;11280.08;5230.74;32444.348
2026-08-13T15:37:02.896868+02:00;standby;29.0;54.1;5.0;28.0;59.4;57.0;0;0;0;0;16510.82;11280.08;5230.74;32444.348
2026-08-13T15:38:03.372989+02:00;standby;29.0;54.0;5.0;28.0;59.4;57.0;0;0;0;0;16510.82;11280.08;5230.74;32444.348
2026-08-13T15:39:04.190443+02:00;standby;29.0;53.9;5.0;28.0;59.3;57.0;0;0;0;0;16510.82;11280.08;5230.74;32444.348
2026-08-13T15:40:04.659254+02:00;standby;29.9;53.8;5.0;28.0;59.3;57.0;0;0;0;0;16510.82;11280.08;5230.74;32444.348
2026-08-13T15:41:05.123723+02:00;standby;29.9;53.7;5.0;28.0;59.3;57.0;0;0;0;0;16510.82;11280.08;5230.74;32444.348
2026-08-13T15:42:05.596724+02:00;standby;29.9;53.6;5.0;28.0;59.3;57.0;0;0;0;0;16510.82;11280.08;5230.74;32444.348
2026-08-13T15:43:06.321049+02:00;standby;29.9;53.4;5.0;28.0;59.3;57.0;0;0;0;0;16510.82;11280.08;5230.74;32444.348
2026-08-13T15:44:06.839004+02:00;standby;29.9;53.2;5.0;28.0;59.3;57.0;0;0;0;0;16510.82;11280.08;5230.74;32444.348
2026-08-13T15:45:07.357179+02:00;standby;29.9;53.1;5.0;28.0;59.3;57.0;0;0;0;0;16510.82;11280.08;5230.74;32444.348
2026-08-13T15:46:08.596558+02:00;standby;29.9;53.0;5.0;28.0;59.3;57.0;0;0;0;0;16510.82;11280.08;5230.74;32444.348
2026-08-13T15:47:09.224821+02:00;standby;29.9;52.9;5.0;28.0;59.3;57.0;0;0;0;0;16510.82;11280.08;5230.74;32444.348
2026-08-13T15:48:10.041119+02:00;standby;29.9;52.8;5.0;28.0;59.3;57.0;0;0;0;0;16510.82;11280.08;5230.74;32444.348
2026-08-13T15:49:10.713485+02:00;standby;29.9;52.7;5.0;28.0;59.3;57.0;0;0;0;0;16510.82;11280.08;5230.74;32444.348
2026-08-13T15:50:11.325802+02:00;standby;29.9;52.6;5.0;28.0;59.3;57.0;0;0;0;0;16510.82;11280.08;5230.74;32444.348
2026-08-13T15:51:12.053866+02:00;standby;29.9;52.4;5.0;28.0;59.3;57.0;0;0;0;0;16510.82;11280.08;5230.74;32444.348
2026-08-13T15:52:12.522115+02:00;standby;29.9;52.3;5.0;28.0;59.2;57.0;0;0;0;0;16510.82;11280.08;5230.74;32444.348
2026-08-13T15:53:14.425314+02:00;standby;29.9;52.2;5.0;28.0;59.2;57.0;0;0;0;0;16510.82;11280.08;5230.74;32444.348
2026-08-13T15:54:14.847806+02:00;standby;29.9;52.1;5.0;28.0;59.2;57.0;0;0;0;0;16510.82;11280.08;5230.74;32444.348
2026-08-13T15:55:15.309742+02:00;standby;29.9;52.0;5.0;28.0;59.2;57.0;0;0;0;0;16510.82;11280.08;5230.74;32444.348
2026-08-13T15:56:15.895682+02:00;standby;29.9;51.9;5.0;28.0;59.2;57.0;0;0;0;0;16510.82;11280.08;5230.74;32444.348
2026-08-13T15:57:16.308376+02:00;standby;29.9;51.8;5.0;28.0;59.2;57.0;0;0;0;0;16510.82;11280.08;5230.74;32444.348
2026-08-13T15:58:16.923512+02:00;standby;29.9;51.7;5.0;28.0;59.2;57.0;0;0;0;0;16510.82;11280.08;5230.74;32444.348
2026-08-13T15:59:17.388060+02:00;standby;29.9;51.6;5.0;28.0;59.2;57.0;0;0;0;0;16510.82;11280.08;5230.74;32444.348
2026-08-13T16:00:17.887049+02:00;standby;29.9;51.4;5.0;28.0;59.2;57.0;0;0;0;0;16510.82;11280.08;5230.74;32444.348
2026-08-13T16:01:18.589402+02:00;standby;29.9;51.2;5.0;28.0;59.2;57.0;0;0;0;0;16510.82;11280.08;5230.74;32444.348
2026-08-13T16:02:19.166927+02:00;standby;29.9;51.1;5.0;28.0;59.2;57.0;0;0;0;0;16510.82;11280.08;5230.74;32444.348
2026-08-13T16:03:19.677441+02:00;standby;29.9;51.0;5.0;28.0;59.2;57.0;0;0;0;0;16510.82;11280.08;5230.74;32444.348
2026-08-13T16:04:20.233735+02:00;standby;29.9;50.9;5.0;28.0;59.2;57.0;0;0;0;0;16510.82;11280.08;5230.74;32444.348
2026-08-13T16:05:20.706410+02:00;standby;29.9;50.8;5.0;28.0;59.2;57.0;0;0;0;0;16510.82;11280.08;5230.74;32444.348
2026-08-13T16:06:21.437937+02:00;standby;29.9;50.7;5.0;28.0;59.1;57.0;0;0;0;0;16510.82;11280.08;5230.74;32444.348
2026-08-13T16:07:22.030120+02:00;standby;29.9;50.6;5.0;28.0;59.2;57.0;0;0;0;0;16510.82;11280.08;5230.74;32444.348
2026-08-13T16:08:22.988770+02:00;standby;29.9;50.6;5.0;28.0;59.1;57.0;0;0;0;0;16510.82;11280.08;5230.74;32444.348
2026-08-13T16:09:23.602309+02:00;standby;29.9;50.4;5.0;28.0;59.1;57.0;0;0;0;0;16510.82;11280.08;5230.74;32444.348
2026-08-13T16:10:24.075408+02:00;standby;29.9;50.3;5.0;28.0;59.1;57.0;0;0;0;0;16510.82;11280.08;5230.74;32444.348
2026-08-13T16:11:24.647514+02:00;standby;29.9;50.2;5.0;28.0;59.1;57.0;0;0;0;0;16510.82;11280.08;5230.74;32444.348
2026-08-13T16:12:25.111593+02:00;standby;29.9;50.1;5.0;28.0;59.1;57.0;0;0;0;0;16510.82;11280.08;5230.74;32444.348
2026-08-13T16:13:25.687398+02:00;standby;29.9;50.0;5.0;28.0;59.1;57.0;0;0;0;0;16510.82;11280.08;5230.74;32444.348
2026-08-13T16:14:26.284447+02:00;standby;29.9;49.9;5.0;28.0;59.1;57.0;0;0;0;0;16510.82;11280.08;5230.74;32444.348
2026-08-13T16:15:26.713885+02:00;standby;29.9;49.8;5.0;28.0;59.1;57.0;0;0;0;0;16510.82;11280.08;5230.74;32444.348
2026-08-13T16:16:28.181939+02:00;standby;29.9;49.7;5.0;28.0;59.1;57.0;0;0;0;0;16510.82;11280.08;5230.74;32444.348
2026-08-13T16:17:28.657789+02:00;standby;29.9;49.5;5.0;28.0;59.1;57.0;0;0;0;0;16510.82;11280.08;5230.74;32444.348
2026-08-13T16:18:29.254289+02:00;standby;29.9;49.4;5.0;28.0;59.1;57.0;0;0;0;0;16510.82;11280.08;5230.74;32444.348
2026-08-13T16:19:29.776762+02:00;standby;29.9;49.3;5.0;28.0;59.1;57.0;0;0;0;0;16510.82;11280.08;5230.74;32444.348
2026-08-13T16:20:30.256429+02:00;standby;29.9;49.2;5.0;28.0;59.1;57.0;0;0;0;0;16510.82;11280.08;5230.74;32444.348
2026-08-13T16:21:31.318614+02:00;standby;29.9;49.2;5.0;28.0;58.9;57.0;0;0;0;0;16510.82;11280.08;5230.74;32444.348
2026-08-13T16:22:31.995072+02:00;standby;29.9;49.1;5.0;28.0;58.9;57.0;0;0;0;0;16510.82;11280.08;5230.74;32444.348
2026-08-13T16:23:32.445799+02:00;standby;29.9;49.0;5.0;28.0;58.9;57.0;0;0;0;0;16510.82;11280.08;5230.74;32444.348
2026-08-13T16:24:32.939722+02:00;standby;29.9;48.9;5.0;28.0;58.9;57.0;0;0;0;0;16510.82;11280.08;5230.74;32444.348
2026-08-13T16:25:33.400761+02:00;standby;29.9;48.7;5.0;28.0;58.9;57.0;0;0;0;0;16510.82;11280.08;5230.74;32444.348
2026-08-13T16:26:33.971293+02:00;standby;29.9;48.6;5.0;28.0;58.9;57.0;0;0;0;0;16510.82;11280.08;5230.74;32444.348
2026-08-13T16:27:34.479559+02:00;standby;29.9;48.5;5.0;28.0;58.9;57.0;0;0;0;0;16510.82;11280.08;5230.74;32444.348
2026-08-13T16:28:35.079619+02:00;standby;29.9;48.4;5.0;28.0;58.9;57.0;0;0;0;0;16510.82;11280.08;5230.74;32444.348
2026-08-13T16:29:35.600143+02:00;standby;29.9;48.4;5.0;28.0;58.9;57.0;0;0;0;0;16510.82;11280.08;5230.74;32444.348
2026-08-13T16:30:38.661859+02:00;standby;29.9;48.3;5.0;28.0;58.9;57.0;0;0;0;0;16510.82;11280.08;5230.74;32444.348
2026-08-13T16:31:39.336800+02:00;standby;29.9;48.2;5.0;28.0;58.9;57.0;0;0;0;0;16510.82;11280.08;5230.74;32444.348
2026-08-13T16:32:40.336179+02:00;standby;29.9;48.1;5.0;28.0;58.9;57.0;0;0;0;0;16510.82;11280.08;5230.74;32444.348
2026-08-13T16:33:40.889859+02:00;standby;29.9;48.0;5.0;28.0;58.9;57.0;0;0;0;0;16510.82;11280.08;5230.74;32444.348
2026-08-13T16:34:43.417729+02:00;standby;29.9;47.8;5.0;28.0;58.9;57.0;0;0;0;0;16510.82;11280.08;5230.74;32444.348
2026-08-13T16:35:44.839603+02:00;standby;29.9;47.7;5.0;28.0;58.8;57.0;0;0;0;0;16510.82;11280.08;5230.74;32444.348
2026-08-13T16:36:45.585025+02:00;standby;29.9;47.6;5.0;28.0;58.8;57.0;0;0;0;0;16510.82;11280.08;5230.74;32444.348
2026-08-13T16:37:46.131108+02:00;standby;29.9;47.6;5.0;28.0;58.8;57.0;0;0;0;0;16510.82;11280.08;5230.74;32444.348
2026-08-13T16:38:46.653152+02:00;standby;29.9;47.5;5.0;28.0;58.8;57.0;0;0;0;0;16510.82;11280.08;5230.74;32444.348
2026-08-13T16:39:47.309947+02:00;standby;29.9;47.4;5.0;28.0;58.8;57.0;0;0;0;0;16510.82;11280.08;5230.74;32444.348
2026-08-13T16:40:48.201014+02:00;standby;29.9;47.3;5.0;28.0;58.8;57.0;0;0;0;0;16510.82;11280.08;5230.74;32444.348
2026-08-13T16:41:48.671909+02:00;standby;29.9;47.2;5.0;28.0;58.8;57.0;0;0;0;0;16510.82;11280.08;5230.74;32444.348
2026-08-13T16:42:49.544813+02:00;standby;29.9;47.2;5.0;28.0;58.8;57.0;0;0;0;0;16510.82;11280.08;5230.74;32444.348
2026-08-13T16:43:50.216958+02:00;standby;29.9;47.0;5.0;28.0;58.8;57.0;0;0;0;0;16510.82;11280.08;5230.74;32444.348
2026-08-13T16:44:50.907229+02:00;standby;29.9;46.9;5.0;28.0;58.8;57.0;0;0;0;0;16510.82;11280.08;5230.74;32444.348
2026-08-13T16:45:52.533050+02:00;standby;29.9;46.8;5.0;28.0;58.8;57.0;0;0;0;0;16510.82;11280.08;5230.74;32444.348
2026-08-13T16:46:53.104790+02:00;standby;29.9;46.8;5.0;28.0;58.8;57.0;0;0;0;0;16510.82;11280.08;5230.74;32444.348
2026-08-13T16:47:53.720936+02:00;standby;29.9;46.7;5.0;28.0;58.8;57.0;0;0;0;0;16510.82;11280.08;5230.74;32444.348
2026-08-13T16:48:54.808140+02:00;standby;29.9;46.6;5.0;28.0;58.7;57.0;0;0;0;0;16510.82;11280.08;5230.74;32444.348
2026-08-13T16:49:55.306851+02:00;standby;29.9;46.5;5.0;28.0;58.8;57.0;0;0;0;0;16510.82;11280.08;5230.74;32444.348
2026-08-13T16:50:55.803508+02:00;standby;29.9;46.5;5.0;28.0;58.7;57.0;0;0;0;0;16510.82;11280.08;5230.74;32444.348
2026-08-13T16:51:56.268215+02:00;standby;29.9;46.4;5.0;28.0;58.7;57.0;0;0;0;0;16510.82;11280.08;5230.74;32444.348
2026-08-13T16:52:56.737786+02:00;standby;29.9;46.2;5.0;28.0;58.7;57.0;0;0;0;0;16510.82;11280.08;5230.74;32444.348
2026-08-13T16:53:57.283379+02:00;standby;29.9;46.1;5.0;28.0;58.7;57.0;0;0;0;0;16510.82;11280.08;5230.74;32444.348
2026-08-13T16:54:57.876723+02:00;standby;29.9;46.1;5.0;28.0;58.7;57.0;0;0;0;0;16510.82;11280.08;5230.74;32444.348
2026-08-13T16:55:59.086739+02:00;standby;29.9;46.0;5.0;28.0;58.7;57.0;0;0;0;0;16510.82;11280.08;5230.74;32444.348
2026-08-13T16:56:59.584348+02:00;standby;29.9;45.9;5.0;28.0;58.7;57.0;0;0;0;0;16510.82;11280.08;5230.74;32444.348
2026-08-13T16:58:00.310493+02:00;standby;29.9;45.8;5.0;28.0;58.7;57.0;0;0;0;0;16510.82;11280.08;5230.74;32444.348
2026-08-13T16:59:01.110425+02:00;standby;29.9;45.8;5.0;28.0;58.7;57.0;0;0;0;0;16510.82;11280.08;5230.74;32444.348
2026-08-13T17:00:01.749440+02:00;standby;29.9;45.7;5.0;28.0;58.7;57.0;0;0;0;0;16510.82;11280.08;5230.74;32444.348
2026-08-13T17:01:02.255467+02:00;standby;29.9;45.6;5.0;28.0;58.7;57.0;0;0;0;0;16510.82;11280.08;5230.74;32444.348
2026-08-13T17:02:02.737410+02:00;standby;29.9;45.6;5.0;28.0;58.7;57.0;0;0;0;0;16510.82;11280.08;5230.74;32444.348
2026-08-13T17:03:03.210407+02:00;standby;29.9;45.5;5.0;28.0;58.7;57.0;0;0;0;0;16510.82;11280.08;5230.74;32444.348
2026-08-13T17:04:03.811043+02:00;standby;29.9;45.3;5.0;28.0;58.6;57.0;0;0;0;0;16510.82;11280.08;5230.74;32444.348
2026-08-13T17:05:04.373328+02:00;standby;29.9;45.2;5.0;28.0;58.6;57.0;0;0;0;0;16510.82;11280.08;5230.74;32444.348
2026-08-13T17:06:05.075401+02:00;standby;29.9;45.2;5.0;28.0;58.6;57.0;0;0;0;0;16510.82;11280.08;5230.74;32444.348
2026-08-13T17:07:05.571619+02:00;standby;29.9;45.1;5.0;28.0;58.6;57.0;0;0;0;0;16510.82;11280.08;5230.74;32444.348
2026-08-13T17:08:06.265041+02:00;standby;29.9;45.0;5.0;28.0;58.6;57.0;0;0;0;0;16510.82;11280.08;5230.74;32444.348
2026-08-13T17:09:06.686094+02:00;standby;29.9;45.0;5.0;28.0;58.6;57.0;0;0;0;0;16510.82;11280.08;5230.74;32444.348
2026-08-13T17:10:07.588092+02:00;standby;29.9;44.9;5.0;28.0;58.6;57.0;0;0;0;0;16510.82;11280.08;5230.74;32444.348
2026-08-13T17:11:08.464094+02:00;standby;29.9;44.8;5.0;28.0;58.6;57.0;0;0;0;0;16510.82;11280.08;5230.74;32444.348
2026-08-13T17:12:08.986911+02:00;standby;29.9;44.8;5.0;28.0;58.6;57.0;0;0;0;0;16510.82;11280.08;5230.74;32444.348
2026-08-13T17:13:09.552333+02:00;standby;29.9;44.7;5.0;28.0;58.6;57.0;0;0;0;0;16510.82;11280.08;5230.74;32444.348
2026-08-13T17:14:10.578741+02:00;standby;29.9;44.5;5.0;28.0;58.6;57.0;0;0;0;0;16510.82;11280.08;5230.74;32444.348
2026-08-13T17:15:11.135062+02:00;standby;29.9;44.5;5.0;28.0;58.6;57.0;0;0;0;0;16510.82;11280.08;5230.74;32444.348
2026-08-13T17:16:11.676861+02:00;standby;29.9;44.4;5.0;28.0;58.6;57.0;0;0;0;0;16510.82;11280.08;5230.74;32444.348
2026-08-13T17:17:12.252751+02:00;standby;29.9;44.3;5.0;28.0;58.6;57.0;0;0;0;0;16510.82;11280.08;5230.74;32444.348
2026-08-13T17:18:12.861043+02:00;standby;29.9;44.3;5.0;28.0;58.5;57.0;0;0;0;0;16510.82;11280.08;5230.74;32444.348
2026-08-13T17:19:13.438576+02:00;standby;29.9;44.2;5.0;28.0;58.5;57.0;0;0;0;0;16510.82;11280.08;5230.74;32444.348
2026-08-13T17:20:14.029254+02:00;standby;29.9;44.1;5.0;28.0;58.5;57.0;0;0;0;0;16510.82;11280.08;5230.74;32444.348
2026-08-13T17:21:14.987041+02:00;standby;29.9;44.1;5.0;28.0;58.5;57.0;0;0;0;0;16510.82;11280.08;5230.74;32444.348
2026-08-13T17:22:15.482473+02:00;standby;29.9;44.0;5.0;28.0;58.5;57.0;0;0;0;0;16510.82;11280.08;5230.74;32444.348
2026-08-13T17:23:15.901639+02:00;standby;29.9;44.0;5.0;28.0;58.5;57.0;0;0;0;0;16510.82;11280.08;5230.74;32444.348
2026-08-13T17:24:16.319874+02:00;standby;29.9;43.9;5.0;28.0;58.5;57.0;0;0;0;0;16510.82;11280.08;5230.74;32444.348
2026-08-13T17:25:16.737064+02:00;standby;29.9;43.9;5.0;28.0;58.5;57.0;0;0;0;0;16510.82;11280.08;5230.74;32444.348
2026-08-13T17:26:17.159464+02:00;standby;29.9;43.7;5.0;28.0;58.5;57.0;0;0;0;0;16510.82;11280.08;5230.74;32444.348
2026-08-13T17:27:17.720748+02:00;standby;29.9;43.6;5.0;28.0;58.5;57.0;0;0;0;0;16510.82;11280.08;5230.74;32444.348
2026-08-13T17:28:18.446421+02:00;standby;29.9;43.6;5.0;28.0;58.5;57.0;0;0;0;0;16510.82;11280.08;5230.74;32444.348
2026-08-13T17:29:18.915109+02:00;standby;29.9;43.5;5.0;28.0;58.5;57.0;0;0;0;0;16510.82;11280.08;5230.74;32444.348
2026-08-13T17:30:19.482380+02:00;standby;29.9;43.4;5.0;28.0;58.5;57.0;0;0;0;0;16510.82;11280.08;5230.74;32444.348
2026-08-13T17:31:20.107980+02:00;standby;29.9;43.4;5.0;28.0;58.4;57.0;0;0;0;0;16510.82;11280.08;5230.74;32444.348
2026-08-13T17:32:20.597492+02:00;standby;29.9;43.3;5.0;28.0;58.4;57.0;0;0;0;0;16510.82;11280.08;5230.74;32444.348
2026-08-13T17:33:21.158637+02:00;standby;29.9;43.3;5.0;28.0;58.4;57.0;0;0;0;0;16510.82;11280.08;5230.74;32444.348
2026-08-13T17:34:21.677344+02:00;standby;29.9;43.2;5.0;28.0;58.4;57.0;0;0;0;0;16510.82;11280.08;5230.74;32444.348
2026-08-13T17:35:22.689914+02:00;standby;29.9;43.1;5.0;28.0;58.4;57.0;0;0;0;0;16510.82;11280.08;5230.74;32444.348
2026-08-13T17:36:23.316463+02:00;standby;29.9;43.1;5.0;28.0;58.4;57.0;0;0;0;0;16510.82;11280.08;5230.74;32444.348
2026-08-13T17:37:23.808613+02:00;standby;29.9;43.0;5.0;28.0;58.4;57.0;0;0;0;0;16510.82;11280.08;5230.74;32444.348
2026-08-13T17:38:24.228187+02:00;standby;29.9;43.0;5.0;28.0;58.4;57.0;0;0;0;0;16510.82;11280.08;5230.74;32444.348
2026-08-13T17:39:24.780123+02:00;standby;29.9;42.8;5.0;28.0;58.4;57.0;0;0;0;0;16510.82;11280.08;5230.74;32444.348
2026-08-13T17:40:25.344662+02:00;standby;29.9;42.7;5.0;28.0;58.4;57.0;0;0;0;0;16510.82;11280.08;5230.74;32444.348
2026-08-13T17:41:25.988266+02:00;standby;29.9;42.7;5.0;28.0;58.4;57.0;0;0;0;0;16510.82;11280.08;5230.74;32444.348
2026-08-13T17:42:26.786116+02:00;standby;29.9;42.6;5.0;28.0;58.4;57.0;0;0;0;0;16510.82;11280.08;5230.74;32444.348
2026-08-13T17:43:27.985715+02:00;standby;29.9;42.6;5.0;28.0;58.4;57.0;0;0;0;0;16510.82;11280.08;5230.74;32444.348
2026-08-13T17:44:28.709200+02:00;standby;29.9;42.5;5.0;28.0;58.4;57.0;0;0;0;0;16510.82;11280.08;5230.74;32444.348
2026-08-13T17:45:29.194420+02:00;standby;29.9;42.5;5.0;28.0;58.3;57.0;0;0;0;0;16510.82;11280.08;5230.74;32444.348
2026-08-13T17:46:29.957103+02:00;standby;29.9;42.4;5.0;28.0;58.3;57.0;0;0;0;0;16510.82;11280.08;5230.74;32444.348
2026-08-13T17:47:30.458618+02:00;standby;29.9;42.4;5.0;28.0;58.3;57.0;0;0;0;0;16510.82;11280.08;5230.74;32444.348
2026-08-13T17:48:31.391750+02:00;standby;29.9;42.3;5.0;28.0;58.3;57.0;0;0;0;0;16510.82;11280.08;5230.74;32444.348
2026-08-13T17:49:31.911093+02:00;standby;29.9;42.3;5.0;28.0;58.3;57.0;0;0;0;0;16510.82;11280.08;5230.74;32444.348
2026-08-13T17:50:32.401516+02:00;standby;29.9;42.2;5.0;28.0;58.3;57.0;0;0;0;0;16510.82;11280.08;5230.74;32444.348
2026-08-13T17:51:32.958625+02:00;standby;29.9;42.2;5.0;28.0;58.3;57.0;0;0;0;0;16510.82;11280.08;5230.74;32444.348
2026-08-13T17:52:33.548028+02:00;standby;29.9;42.0;5.0;28.0;58.3;57.0;0;0;0;0;16510.82;11280.08;5230.74;32444.348
2026-08-13T17:53:34.102848+02:00;standby;29.9;42.0;5.0;28.0;58.3;57.0;0;0;0;0;16510.82;11280.08;5230.74;32444.348
2026-08-13T17:54:35.199401+02:00;standby;29.9;41.9;5.0;28.0;58.3;57.0;0;0;0;0;16510.82;11280.08;5230.74;32444.348
2026-08-13T17:55:35.980160+02:00;standby;29.9;41.8;5.0;28.0;58.3;57.0;0;0;0;0;16510.82;11280.08;5230.74;32444.348
2026-08-13T17:56:36.479716+02:00;standby;29.9;41.8;5.0;28.0;58.3;57.0;0;0;0;0;16510.82;11280.08;5230.74;32444.348
2026-08-13T17:57:36.956491+02:00;standby;29.9;41.7;5.0;28.0;58.3;57.0;0;0;0;0;16510.82;11280.08;5230.74;32444.348
2026-08-13T17:58:37.503650+02:00;standby;29.9;41.7;5.0;28.0;58.3;57.0;0;0;0;0;16510.82;11280.08;5230.74;32444.348
2026-08-13T17:59:37.941371+02:00;standby;29.9;41.6;5.0;28.0;58.2;57.0;0;0;0;0;16510.82;11280.08;5230.74;32444.348
2026-08-13T18:00:38.495898+02:00;standby;29.9;41.6;5.0;28.0;58.2;57.0;0;0;0;0;16510.82;11280.08;5230.74;32444.348
2026-08-13T18:01:39.119760+02:00;standby;29.9;41.5;5.0;28.0;58.2;57.0;0;0;0;0;16510.82;11280.08;5230.74;32444.348
2026-08-13T18:02:39.638178+02:00;standby;29.9;41.5;5.0;28.0;58.2;57.0;0;0;0;0;16510.82;11280.08;5230.74;32444.348
2026-08-13T18:03:40.054505+02:00;standby;29.9;41.4;5.0;28.0;58.2;57.0;0;0;0;0;16510.82;11280.08;5230.74;32444.348
2026-08-13T18:04:40.570173+02:00;standby;29.9;41.4;5.0;28.0;58.2;57.0;0;0;0;0;16510.82;11280.08;5230.74;32444.348
2026-08-13T18:05:41.727100+02:00;standby;29.9;41.2;5.0;28.0;58.2;57.0;0;0;0;0;16510.82;11280.08;5230.74;32444.348
2026-08-13T18:06:42.346108+02:00;standby;29.9;41.2;5.0;28.0;58.2;57.0;0;0;0;0;16510.82;11280.08;5230.74;32444.348
2026-08-13T18:07:42.896049+02:00;standby;29.9;41.2;5.0;28.0;58.2;57.0;0;0;0;0;16510.82;11280.08;5230.74;32444.348
2026-08-13T18:08:43.423602+02:00;standby;29.9;41.1;5.0;28.0;58.2;57.0;0;0;0;0;16510.82;11280.08;5230.74;32444.348
2026-08-13T18:09:44.248365+02:00;standby;29.9;41.1;5.0;28.0;58.2;57.0;0;0;0;0;16510.82;11280.08;5230.74;32444.348
2026-08-13T18:10:44.762582+02:00;standby;29.9;41.0;5.0;28.0;58.2;57.0;0;0;0;0;16510.82;11280.08;5230.74;32444.348
2026-08-13T18:11:45.379549+02:00;standby;29.9;41.0;5.0;28.0;58.2;57.0;0;0;0;0;16510.82;11280.08;5230.74;32444.348
2026-08-13T18:12:46.279053+02:00;standby;29.9;40.9;5.0;28.0;58.2;57.0;0;0;0;0;16510.82;11280.08;5230.74;32444.348
2026-08-13T18:13:46.948447+02:00;standby;29.9;40.9;5.0;28.0;58.1;57.0;0;0;0;0;16510.82;11280.08;5230.74;32444.348
2026-08-13T18:14:47.656173+02:00;standby;29.9;40.8;5.0;28.0;58.1;57.0;0;0;0;0;16510.82;11280.08;5230.74;32444.348
2026-08-13T18:15:48.256552+02:00;standby;29.9;40.7;5.0;28.0;58.1;57.0;0;0;0;0;16510.82;11280.08;5230.74;32444.348
2026-08-13T18:16:50.643430+02:00;standby;29.9;40.7;5.0;28.0;58.1;57.0;0;0;0;0;16510.82;11280.08;5230.74;32444.348
2026-08-13T18:17:51.131763+02:00;standby;29.9;40.7;5.0;28.0;58.1;57.0;0;0;0;0;16510.82;11280.08;5230.74;32444.348
2026-08-13T18:18:51.599250+02:00;standby;29.9;40.6;5.0;28.0;58.1;57.0;0;0;0;0;16510.82;11280.08;5230.74;32444.348
2026-08-13T18:19:52.137295+02:00;standby;29.9;40.6;5.0;28.0;58.1;57.0;0;0;0;0;16510.82;11280.08;5230.74;32444.348
2026-08-13T18:20:52.595628+02:00;standby;29.9;40.5;5.0;28.0;58.1;57.0;0;0;0;0;16510.82;11280.08;5230.74;32444.348
2026-08-13T18:21:53.102902+02:00;standby;29.9;40.5;5.0;28.0;58.1;57.0;0;0;0;0;16510.82;11280.08;5230.74;32444.348
2026-08-13T18:22:53.622996+02:00;standby;29.9;40.5;5.0;28.0;58.1;57.0;0;0;0;0;16510.82;11280.08;5230.74;32444.348
2026-08-13T18:23:54.125647+02:00;standby;29.9;40.3;5.0;28.0;58.1;57.0;0;0;0;0;16510.82;11280.08;5230.74;32444.348
2026-08-13T18:24:54.587387+02:00;standby;29.9;40.3;5.0;28.0;58.1;57.0;0;0;0;0;16510.82;11280.08;5230.74;32444.348
2026-08-13T18:25:55.228170+02:00;standby;29.9;40.2;5.0;28.0;58.1;57.0;0;0;0;0;16510.82;11280.08;5230.74;32444.348
2026-08-13T18:26:56.017613+02:00;standby;29.9;40.2;5.0;28.0;58.0;57.0;0;0;0;0;16510.82;11280.08;5230.74;32444.348
2026-08-13T18:27:56.767894+02:00;standby;29.9;40.1;5.0;28.0;58.0;57.0;0;0;0;0;16510.82;11280.08;5230.74;32444.348
2026-08-13T18:28:57.251656+02:00;standby;29.9;40.1;5.0;28.0;58.0;57.0;0;0;0;0;16510.82;11280.08;5230.74;32444.348
2026-08-13T18:29:57.904508+02:00;standby;29.9;40.0;5.0;28.0;58.0;57.0;0;0;0;0;16510.82;11280.08;5230.74;32444.348
2026-08-13T18:30:58.425343+02:00;standby;29.9;40.0;5.0;28.0;58.0;57.0;0;0;0;0;16510.82;11280.08;5230.74;32444.348
2026-08-13T18:31:58.963766+02:00;standby;29.9;39.9;5.0;28.0;58.0;57.0;0;0;0;0;16510.82;11280.08;5230.74;32444.348
2026-08-13T18:32:59.461865+02:00;standby;29.9;39.9;5.0;28.0;58.0;57.0;0;0;0;0;16510.82;11280.08;5230.74;32444.348
2026-08-13T18:33:59.961709+02:00;standby;29.9;39.9;5.0;28.0;58.0;57.0;0;0;0;0;16510.82;11280.08;5230.74;32444.348
2026-08-13T18:35:00.832051+02:00;standby;29.9;39.8;5.0;28.0;58.0;57.0;0;0;0;0;16510.82;11280.08;5230.74;32444.348
2026-08-13T18:36:01.304350+02:00;standby;29.9;39.8;5.0;28.0;58.0;57.0;0;0;0;0;16510.82;11280.08;5230.74;32444.348
2026-08-13T18:37:01.718074+02:00;standby;29.9;39.8;5.0;28.0;58.0;57.0;0;0;0;0;16510.82;11280.08;5230.74;32444.348
2026-08-13T18:38:02.298584+02:00;standby;29.9;39.6;5.0;28.0;58.0;57.0;0;0;0;0;16510.82;11280.08;5230.74;32444.348
2026-08-13T18:39:02.753350+02:00;standby;29.9;39.6;5.0;28.0;58.0;57.0;0;0;0;0;16510.82;11280.08;5230.74;32444.348
2026-08-13T18:40:03.176334+02:00;standby;29.9;39.5;5.0;28.0;58.0;57.0;0;0;0;0;16510.82;11280.08;5230.74;32444.348
2026-08-13T18:41:03.594240+02:00;standby;29.9;39.5;5.0;28.0;57.9;57.0;0;0;0;0;16510.82;11280.08;5230.74;32444.348
2026-08-13T18:42:04.340875+02:00;standby;29.5;39.5;5.0;28.0;57.9;57.0;0;0;0;0;16510.82;11280.08;5230.74;32444.348
2026-08-13T18:43:04.835037+02:00;standby;29.5;39.4;5.0;28.0;57.9;57.0;0;0;0;0;16510.82;11280.08;5230.74;32444.348
2026-08-13T18:44:05.321380+02:00;standby;29.5;39.4;5.0;28.0;57.9;57.0;0;0;0;0;16510.82;11280.08;5230.74;32444.348
2026-08-13T18:45:05.791758+02:00;standby;29.5;39.3;5.0;28.0;57.9;57.0;0;0;0;0;16510.82;11280.08;5230.74;32444.348
2026-08-13T18:46:06.439507+02:00;standby;29.5;39.3;5.0;28.0;57.9;57.0;0;0;0;0;16510.82;11280.08;5230.74;32444.348
2026-08-13T18:47:07.628014+02:00;standby;29.5;39.3;5.0;28.0;57.9;57.0;0;0;0;0;16510.82;11280.08;5230.74;32444.348
2026-08-13T18:48:08.454646+02:00;standby;29.5;39.1;5.0;28.0;57.9;57.0;0;0;0;0;16510.82;11280.08;5230.74;32444.348
2026-08-13T18:49:09.075549+02:00;standby;29.5;39.1;5.0;28.0;57.9;57.0;0;0;0;0;16510.82;11280.08;5230.74;32444.348
2026-08-13T18:50:11.581991+02:00;standby;29.5;39.0;5.0;28.0;57.9;57.0;0;0;0;0;16510.82;11280.08;5230.74;32444.348
2026-08-13T18:51:12.083698+02:00;standby;29.5;39.0;5.0;28.0;57.9;57.0;0;0;0;0;16510.82;11280.08;5230.74;32444.348
2026-08-13T18:52:12.612733+02:00;standby;29.5;39.0;5.0;28.0;57.9;57.0;0;0;0;0;16510.82;11280.08;5230.74;32444.348
2026-08-13T18:53:13.134100+02:00;standby;29.5;38.9;5.0;28.0;57.8;57.0;0;0;0;0;16510.82;11280.08;5230.74;32444.348
2026-08-13T18:54:13.724890+02:00;standby;29.5;38.9;5.0;28.0;57.8;57.0;0;0;0;0;16510.82;11280.08;5230.74;32444.348
2026-08-13T18:55:14.162420+02:00;standby;29.5;38.9;5.0;28.0;57.8;57.0;0;0;0;0;16510.82;11280.08;5230.74;32444.348
2026-08-13T18:56:14.653187+02:00;standby;29.5;38.8;5.0;28.0;57.8;57.0;0;0;0;0;16510.82;11280.08;5230.74;32444.348
2026-08-13T18:57:15.177491+02:00;standby;29.5;38.8;5.0;28.0;57.8;57.0;0;0;0;0;16510.82;11280.08;5230.74;32444.348
2026-08-13T18:58:15.588036+02:00;standby;29.5;38.8;5.0;28.0;57.8;57.0;0;0;0;0;16510.82;11280.08;5230.74;32444.348
2026-08-13T18:59:16.041515+02:00;standby;29.5;38.6;5.0;28.0;57.8;57.0;0;0;0;0;16510.82;11280.08;5230.74;32444.348
2026-08-13T19:00:16.492290+02:00;standby;29.5;38.6;5.0;28.0;57.8;57.0;0;0;0;0;16510.82;11280.08;5230.74;32444.348
2026-08-13T19:01:17.192410+02:00;standby;29.5;38.5;5.0;28.0;57.8;57.0;0;0;0;0;16510.82;11280.08;5230.74;32444.348
2026-08-13T19:02:17.708183+02:00;standby;29.5;38.5;5.0;28.0;57.8;57.0;0;0;0;0;16510.82;11280.08;5230.74;32444.348
2026-08-13T19:03:18.296050+02:00;standby;29.5;38.5;5.0;28.0;57.8;57.0;0;0;0;0;16510.82;11280.08;5230.74;32444.348
2026-08-13T19:04:18.834212+02:00;standby;29.5;38.4;5.0;28.0;57.8;57.0;0;0;0;0;16510.82;11280.08;5230.74;32444.348
2026-08-13T19:05:19.334545+02:00;standby;29.5;38.4;5.0;28.0;57.8;57.0;0;0;0;0;16510.82;11280.08;5230.74;32444.348
2026-08-13T19:06:19.742227+02:00;standby;29.5;38.4;5.0;28.0;57.8;57.0;0;0;0;0;16510.82;11280.08;5230.74;32444.348
2026-08-13T19:07:20.518880+02:00;standby;29.5;38.3;5.0;28.0;57.7;57.0;0;0;0;0;16510.82;11280.08;5230.74;32444.348
2026-08-13T19:08:21.149758+02:00;standby;29.5;38.3;5.0;28.0;57.8;57.0;0;0;0;0;16510.82;11280.08;5230.74;32444.348
2026-08-13T19:09:22.358248+02:00;standby;29.5;38.3;5.0;28.0;57.7;57.0;0;0;0;0;16510.82;11280.08;5230.74;32444.348
2026-08-13T19:10:22.899099+02:00;standby;29.5;38.1;5.0;28.0;57.7;57.0;0;0;0;0;16510.82;11280.08;5230.74;32444.348
2026-08-13T19:11:23.442447+02:00;standby;29.5;38.1;5.0;28.0;57.7;57.0;0;0;0;0;16510.82;11280.08;5230.74;32444.348
2026-08-13T19:12:23.920942+02:00;standby;29.5;38.0;5.0;28.0;57.7;57.0;0;0;0;0;16510.82;11280.08;5230.74;32444.348
2026-08-13T19:13:24.380443+02:00;standby;29.5;38.0;5.0;28.0;57.7;57.0;0;0;0;0;16510.82;11280.08;5230.74;32444.348
2026-08-13T19:14:24.928147+02:00;standby;29.5;38.0;5.0;28.0;57.7;57.0;0;0;0;0;16510.82;11280.08;5230.74;32444.348
2026-08-13T19:15:25.347737+02:00;standby;29.5;38.0;5.0;28.0;57.7;57.0;0;0;0;0;16510.82;11280.08;5230.74;32444.348
2026-08-13T19:16:25.792499+02:00;standby;29.5;37.9;5.0;28.0;57.7;57.0;0;0;0;0;16510.82;11280.08;5230.74;32444.348
2026-08-13T19:17:26.828243+02:00;standby;29.5;37.9;5.0;28.0;57.7;57.0;0;0;0;0;16510.82;11280.08;5230.74;32444.348
2026-08-13T19:18:27.341774+02:00;standby;29.5;37.9;5.0;28.0;57.7;57.0;0;0;0;0;16510.82;11280.08;5230.74;32444.348
2026-08-13T19:19:27.852345+02:00;standby;29.5;37.8;5.0;28.0;57.7;57.0;0;0;0;0;16510.82;11280.08;5230.74;32444.348
2026-08-13T19:20:28.350995+02:00;standby;29.5;37.8;5.0;28.0;57.7;57.0;0;0;0;0;16510.82;11280.08;5230.74;32444.348
2026-08-13T19:21:29.046777+02:00;standby;29.5;37.7;5.0;28.0;57.6;57.0;0;0;0;0;16510.82;11280.08;5230.74;32444.348
2026-08-13T19:22:29.590525+02:00;standby;29.5;37.7;5.0;28.0;57.6;57.0;0;0;0;0;16510.82;11280.08;5230.74;32444.348
2026-08-13T19:23:30.134949+02:00;standby;29.5;37.7;5.0;28.0;57.6;57.0;0;0;0;0;16510.82;11280.08;5230.74;32444.348
2026-08-13T19:24:30.839246+02:00;standby;29.5;37.7;5.0;28.0;57.6;57.0;0;0;0;0;16510.82;11280.08;5230.74;32444.348
2026-08-13T19:25:31.376531+02:00;standby;29.5;37.5;5.0;28.0;57.6;57.0;0;0;0;0;16510.82;11280.08;5230.74;32444.348
2026-08-13T19:26:31.848153+02:00;standby;29.5;37.5;5.0;28.0;57.6;57.0;0;0;0;0;16510.82;11280.08;5230.74;32444.348
2026-08-13T19:27:32.320368+02:00;standby;29.5;37.5;5.0;28.0;57.6;57.0;0;0;0;0;16510.82;11280.08;5230.74;32444.348
2026-08-13T19:28:33.273492+02:00;standby;29.5;37.4;5.0;28.0;57.6;57.0;0;0;0;0;16510.82;11280.08;5230.74;32444.348
2026-08-13T19:29:33.988269+02:00;standby;29.5;37.4;5.0;28.0;57.6;57.0;0;0;0;0;16510.82;11280.08;5230.74;32444.348
2026-08-13T19:30:34.484658+02:00;standby;29.5;37.4;5.0;28.0;57.6;57.0;0;0;0;0;16510.82;11280.08;5230.74;32444.348
2026-08-13T19:31:35.032823+02:00;standby;29.5;37.3;5.0;28.0;57.6;57.0;0;0;0;0;16510.82;11280.08;5230.74;32444.348
2026-08-13T19:32:35.754463+02:00;standby;29.5;37.3;5.0;28.0;57.6;57.0;0;0;0;0;16510.82;11280.08;5230.74;32444.348
2026-08-13T19:33:36.273326+02:00;standby;29.5;37.3;5.0;28.0;57.6;57.0;0;0;0;0;16510.82;11280.08;5230.74;32444.348
2026-08-13T19:34:37.087499+02:00;standby;29.5;37.2;5.0;28.0;57.5;57.0;0;0;0;0;16510.82;11280.08;5230.74;32444.348
2026-08-13T19:35:37.591516+02:00;standby;29.5;37.2;5.0;28.0;57.5;57.0;0;0;0;0;16510.82;11280.08;5230.74;32444.348
2026-08-13T19:36:38.219651+02:00;standby;29.5;37.2;5.0;28.0;57.5;57.0;0;0;0;0;16510.82;11280.08;5230.74;32444.348
2026-08-13T19:37:39.637469+02:00;standby;29.5;37.0;5.0;28.0;57.5;57.0;0;0;0;0;16510.82;11280.08;5230.74;32444.348
2026-08-13T19:38:40.258939+02:00;standby;29.5;37.0;5.0;28.0;57.5;57.0;0;0;0;0;16510.82;11280.08;5230.74;32444.348
2026-08-13T19:39:41.338195+02:00;standby;29.5;37.0;5.0;28.0;57.5;57.0;0;0;0;0;16510.82;11280.08;5230.74;32444.348
2026-08-13T19:40:42.243975+02:00;standby;29.5;37.0;5.0;28.0;57.5;57.0;0;0;0;0;16510.82;11280.08;5230.74;32444.348
2026-08-13T19:41:42.760825+02:00;standby;29.5;36.9;5.0;28.0;57.5;57.0;0;0;0;0;16510.82;11280.08;5230.74;32444.348
2026-08-13T19:42:43.275278+02:00;standby;28.6;36.9;5.0;28.0;57.5;57.0;0;0;0;0;16510.82;11280.08;5230.74;32444.348
2026-08-13T19:43:43.802842+02:00;standby;28.6;36.9;5.0;28.0;57.5;57.0;0;0;0;0;16510.82;11280.08;5230.74;32444.348
2026-08-13T19:44:44.313743+02:00;standby;28.6;36.8;5.0;28.0;57.5;57.0;0;0;0;0;16510.82;11280.08;5230.74;32444.348
2026-08-13T19:45:44.977918+02:00;standby;28.6;36.8;5.0;28.0;57.5;57.0;0;0;0;0;16510.82;11280.08;5230.74;32444.348
2026-08-13T19:46:45.453305+02:00;standby;28.6;36.8;5.0;28.0;57.4;57.0;0;0;0;0;16510.82;11280.08;5230.74;32444.348
2026-08-13T19:47:46.010467+02:00;standby;28.6;36.8;5.0;28.0;57.4;57.0;0;0;0;0;16510.82;11280.08;5230.74;32444.348
2026-08-13T19:48:46.800717+02:00;standby;28.6;36.7;5.0;28.0;57.4;57.0;0;0;0;0;16510.82;11280.08;5230.74;32444.348
2026-08-13T19:49:47.317870+02:00;standby;28.6;36.7;5.0;28.0;57.4;57.0;0;0;0;0;16510.82;11280.08;5230.74;32444.348
2026-08-13T19:50:47.838740+02:00;standby;28.6;36.7;5.0;28.0;57.4;57.0;0;0;0;0;16510.82;11280.08;5230.74;32444.348
2026-08-13T19:51:48.359196+02:00;standby;28.6;36.5;5.0;28.0;57.4;57.0;0;0;0;0;16510.82;11280.08;5230.74;32444.348
2026-08-13T19:52:49.085692+02:00;standby;28.6;36.5;5.0;28.0;57.4;57.0;0;0;0;0;16510.82;11280.08;5230.74;32444.348
2026-08-13T19:53:49.616906+02:00;standby;28.6;36.5;5.0;28.0;57.4;57.0;0;0;0;0;16510.82;11280.08;5230.74;32444.348
2026-08-13T19:54:50.134338+02:00;standby;28.6;36.5;5.0;28.0;57.4;57.0;0;0;0;0;16510.82;11280.08;5230.74;32444.348
2026-08-13T19:55:50.644882+02:00;standby;28.6;36.4;5.0;28.0;57.4;57.0;0;0;0;0;16510.82;11280.08;5230.74;32444.348
2026-08-13T19:56:51.477315+02:00;standby;28.6;36.4;5.0;28.0;57.4;57.0;0;0;0;0;16510.82;11280.08;5230.74;32444.348
2026-08-13T19:57:52.401439+02:00;standby;28.6;36.4;5.0;28.0;57.4;57.0;0;0;0;0;16510.82;11280.08;5230.74;32444.348
2026-08-13T19:58:52.916066+02:00;standby;28.6;36.4;5.0;28.0;57.3;57.0;0;0;0;0;16510.82;11280.08;5230.74;32444.348
2026-08-13T19:59:53.436365+02:00;standby;28.6;36.3;5.0;28.0;57.3;57.0;0;0;0;0;16510.82;11280.08;5230.74;32444.348
2026-08-13T20:00:53.955200+02:00;standby;28.6;36.3;5.0;28.0;57.3;57.0;0;0;0;0;16510.82;11280.08;5230.74;32444.348
2026-08-13T20:01:54.469457+02:00;standby;28.6;36.3;5.0;28.0;57.3;57.0;0;0;0;0;16510.82;11280.08;5230.74;32444.348
2026-08-13T20:02:55.318226+02:00;standby;28.6;36.2;5.0;28.0;57.3;57.0;0;0;0;0;16510.82;11280.08;5230.74;32444.348
2026-08-13T20:03:55.838447+02:00;standby;28.6;36.2;5.0;28.0;57.3;57.0;0;0;0;0;16510.82;11280.08;5230.74;32444.348
2026-08-13T20:04:56.341212+02:00;standby;28.6;36.2;5.0;28.0;57.3;57.0;0;0;0;0;16510.82;11280.08;5230.74;32444.348
2026-08-13T20:05:57.165747+02:00;standby;28.6;36.2;5.0;28.0;57.3;57.0;0;0;0;0;16510.82;11280.08;5230.74;32444.348
2026-08-13T20:06:57.684163+02:00;standby;28.6;36.0;5.0;28.0;57.3;57.0;0;0;0;0;16510.82;11280.08;5230.74;32444.348
2026-08-13T20:07:58.345461+02:00;standby;28.6;36.0;5.0;28.0;57.3;57.0;0;0;0;0;16510.82;11280.08;5230.74;32444.348
2026-08-13T20:08:58.822102+02:00;standby;28.6;36.0;5.0;28.0;57.3;57.0;0;0;0;0;16510.82;11280.08;5230.74;32444.348
2026-08-13T20:09:59.667463+02:00;standby;28.6;36.0;5.0;28.0;57.3;57.0;0;0;0;0;16510.82;11280.08;5230.74;32444.348
2026-08-13T20:11:00.405149+02:00;standby;28.6;35.9;5.0;28.0;57.3;57.0;0;0;0;0;16510.82;11280.08;5230.74;32444.348
2026-08-13T20:12:00.903784+02:00;standby;28.6;35.9;5.0;28.0;57.2;57.0;0;0;0;0;16510.82;11280.08;5230.74;32444.348
2026-08-13T20:13:01.435395+02:00;standby;28.6;35.9;5.0;28.0;57.2;57.0;0;0;0;0;16510.82;11280.08;5230.74;32444.348
2026-08-13T20:14:01.930144+02:00;standby;28.6;35.9;5.0;28.0;57.2;57.0;0;0;0;0;16510.82;11280.08;5230.74;32444.348
2026-08-13T20:15:02.466834+02:00;standby;28.6;35.8;5.0;28.0;57.2;57.0;0;0;0;0;16510.82;11280.08;5230.74;32444.348
2026-08-13T20:16:03.304006+02:00;standby;28.6;35.8;5.0;28.0;57.2;57.0;0;0;0;0;16510.82;11280.08;5230.74;32444.348
2026-08-13T20:17:04.011380+02:00;standby;28.6;35.8;5.0;28.0;57.2;57.0;0;0;0;0;16510.82;11280.08;5230.74;32444.348
2026-08-13T20:18:04.452611+02:00;standby;28.6;35.8;5.0;28.0;57.2;57.0;0;0;0;0;16510.82;11280.08;5230.74;32444.348
2026-08-13T20:19:04.946370+02:00;standby;28.6;35.8;5.0;28.0;57.2;57.0;0;0;0;0;16510.82;11280.08;5230.74;32444.348
2026-08-13T20:20:05.513223+02:00;standby;28.6;35.7;5.0;28.0;57.2;57.0;0;0;0;0;16510.82;11280.08;5230.74;32444.348
2026-08-13T20:21:06.266031+02:00;standby;28.6;35.7;5.0;28.0;57.2;57.0;0;0;0;0;16510.82;11280.08;5230.74;32444.348
2026-08-13T20:22:06.756384+02:00;standby;28.6;35.7;5.0;28.0;57.2;57.0;0;0;0;0;16510.82;11280.08;5230.74;32444.348
2026-08-13T20:23:07.273930+02:00;standby;28.6;35.6;5.0;28.0;57.2;57.0;0;0;0;0;16510.82;11280.08;5230.74;32444.348
2026-08-13T20:24:08.581949+02:00;standby;28.6;35.6;5.0;28.0;57.2;57.0;0;0;0;0;16510.82;11280.08;5230.74;32444.348
2026-08-13T20:25:09.082773+02:00;standby;28.6;35.6;5.0;28.0;57.1;57.0;0;0;0;0;16510.82;11280.08;5230.74;32444.348
2026-08-13T20:26:09.623595+02:00;standby;28.6;35.6;5.0;28.0;57.1;57.0;0;0;0;0;16510.82;11280.08;5230.74;32444.348
2026-08-13T20:27:10.119937+02:00;standby;28.6;35.6;5.0;28.0;57.1;57.0;0;0;0;0;16510.82;11280.08;5230.74;32444.348
2026-08-13T20:28:11.331967+02:00;standby;28.6;35.4;5.0;28.0;57.1;57.0;0;0;0;0;16510.82;11280.08;5230.74;32444.348
2026-08-13T20:29:11.768835+02:00;standby;28.6;35.4;5.0;28.0;57.1;57.0;0;0;0;0;16510.82;11280.08;5230.74;32444.348
2026-08-13T20:30:12.293450+02:00;standby;28.6;35.4;5.0;28.0;57.1;57.0;0;0;0;0;16510.82;11280.08;5230.74;32444.348
2026-08-13T20:31:12.826440+02:00;standby;28.6;35.4;5.0;28.0;57.1;57.0;0;0;0;0;16510.82;11280.08;5230.74;32444.348
2026-08-13T20:32:14.272827+02:00;standby;28.6;35.3;5.0;28.0;57.1;57.0;0;0;0;0;16510.82;11280.08;5230.74;32444.348
2026-08-13T20:33:14.773739+02:00;standby;28.6;35.3;5.0;28.0;57.1;57.0;0;0;0;0;16510.82;11280.08;5230.74;32444.348
2026-08-13T20:34:15.288287+02:00;standby;28.6;35.3;5.0;28.0;57.1;57.0;0;0;0;0;16510.82;11280.08;5230.74;32444.348
2026-08-13T20:35:15.813395+02:00;standby;28.6;35.3;5.0;28.0;57.1;57.0;0;0;0;0;16510.82;11280.08;5230.74;32444.348
2026-08-13T20:36:16.310548+02:00;standby;28.6;35.2;5.0;28.0;57.1;57.0;0;0;0;0;16510.82;11280.08;5230.74;32444.348
2026-08-13T20:37:17.092034+02:00;standby;28.6;35.2;5.0;28.0;57.1;57.0;0;0;0;0;16510.82;11280.08;5230.74;32444.348
2026-08-13T20:38:17.553247+02:00;standby;28.6;35.2;5.0;28.0;56.9;57.0;0;0;0;0;16510.82;11280.08;5230.74;32444.348
2026-08-13T20:39:18.103186+02:00;standby;28.6;35.2;5.0;28.0;56.9;57.0;0;0;0;0;16510.82;11280.08;5230.74;32444.348
2026-08-13T20:40:18.610459+02:00;standby;28.6;35.1;5.0;28.0;56.9;57.0;0;0;0;0;16510.82;11280.08;5230.74;32444.348
2026-08-13T20:41:19.172502+02:00;standby;28.6;35.1;5.0;28.0;56.9;57.0;0;0;0;0;16510.82;11280.08;5230.74;32444.348
2026-08-13T20:42:19.862751+02:00;standby;28.6;35.1;5.0;28.0;56.9;57.0;0;0;0;0;16510.82;11280.08;5230.74;32444.348
2026-08-13T20:43:20.932409+02:00;standby;27.2;35.1;5.0;28.0;56.9;57.0;0;0;0;0;16510.82;11280.08;5230.74;32444.348
2026-08-13T20:44:21.627720+02:00;standby;27.2;35.1;5.0;28.0;56.9;57.0;0;0;0;0;16510.82;11280.08;5230.74;32444.348
2026-08-13T20:45:22.344932+02:00;standby;27.2;35.1;5.0;28.0;56.9;57.0;0;0;0;0;16510.82;11280.08;5230.74;32444.348
2026-08-13T20:46:22.865087+02:00;standby;27.2;34.9;5.0;28.0;56.9;57.0;0;0;0;0;16510.82;11280.08;5230.74;32444.348
2026-08-13T20:47:23.558040+02:00;standby;27.2;34.9;5.0;28.0;56.9;57.0;0;0;0;0;16510.82;11280.08;5230.74;32444.348
2026-08-13T20:48:24.047227+02:00;standby;27.2;34.9;5.0;28.0;56.9;57.0;0;0;0;0;16510.82;11280.08;5230.74;32444.348
2026-08-13T20:49:24.510231+02:00;standby;27.2;34.9;5.0;28.0;56.9;57.0;0;0;0;0;16510.82;11280.08;5230.74;32444.348
2026-08-13T20:50:25.047381+02:00;standby;27.2;34.8;5.0;28.0;56.9;57.0;0;0;0;0;16510.82;11280.08;5230.74;32444.348
2026-08-13T20:51:25.577835+02:00;standby;27.2;34.8;5.0;28.0;56.9;57.0;0;0;0;0;16510.82;11280.08;5230.74;32444.348
2026-08-13T20:52:26.608275+02:00;standby;27.2;34.8;5.0;28.0;56.8;57.0;0;0;0;0;16510.82;11280.08;5230.74;32444.348
2026-08-13T20:53:27.069268+02:00;standby;27.2;34.8;5.0;28.0;56.8;57.0;0;0;0;0;16510.82;11280.08;5230.74;32444.348
2026-08-13T20:54:27.618249+02:00;standby;27.2;34.8;5.0;28.0;56.8;57.0;0;0;0;0;16510.82;11280.08;5230.74;32444.348
2026-08-13T20:55:28.105779+02:00;standby;27.2;34.7;5.0;28.0;56.8;57.0;0;0;0;0;16510.82;11280.08;5230.74;32444.348
2026-08-13T20:56:28.628240+02:00;standby;27.2;34.7;5.0;28.0;56.8;57.0;0;0;0;0;16510.82;11280.08;5230.74;32444.348
2026-08-13T20:57:29.290396+02:00;standby;27.2;34.7;5.0;28.0;56.8;57.0;0;0;0;0;16510.82;11280.08;5230.74;32444.348
2026-08-13T20:58:29.867415+02:00;standby;27.2;34.7;5.0;28.0;56.8;57.0;0;0;0;0;16510.82;11280.08;5230.74;32444.348
2026-08-13T20:59:30.649285+02:00;standby;27.2;34.6;5.0;28.0;56.8;57.0;0;0;0;0;16510.82;11280.08;5230.74;32444.348
2026-08-13T21:00:31.110489+02:00;standby;27.2;34.6;5.0;28.0;56.8;57.0;0;0;0;0;16510.82;11280.08;5230.74;32444.348
2026-08-13T21:01:31.528478+02:00;standby;27.2;34.6;5.0;28.0;56.8;57.0;0;0;0;0;16510.82;11280.08;5230.74;32444.348
2026-08-13T21:02:31.948280+02:00;standby;27.2;34.6;5.0;28.0;56.8;57.0;0;0;0;0;16510.82;11280.08;5230.74;32444.348
2026-08-13T21:03:32.414289+02:00;standby;27.2;34.6;5.0;28.0;56.8;57.0;0;0;0;0;16510.82;11280.08;5230.74;32444.348
2026-08-13T21:04:32.882028+02:00;standby;27.2;34.6;5.0;28.0;56.8;57.0;0;0;0;0;16510.82;11280.08;5230.74;32444.348
2026-08-13T21:05:33.537028+02:00;standby;27.2;34.4;5.0;28.0;56.8;57.0;0;0;0;0;16510.82;11280.08;5230.74;32444.348
2026-08-13T21:06:34.585696+02:00;standby;27.2;34.4;5.0;28.0;56.8;57.0;0;0;0;0;16510.82;11280.08;5230.74;32444.348
2026-08-13T21:07:35.087089+02:00;standby;27.2;34.4;5.0;28.0;56.7;57.0;0;0;0;0;16510.82;11280.08;5230.74;32444.348
2026-08-13T21:08:35.571758+02:00;standby;27.2;34.4;5.0;28.0;56.7;57.0;0;0;0;0;16510.82;11280.08;5230.74;32444.348
2026-08-13T21:09:36.468352+02:00;standby;27.2;34.4;5.0;28.0;56.7;57.0;0;0;0;0;16510.82;11280.08;5230.74;32444.348
2026-08-13T21:10:37.085248+02:00;standby;27.2;34.3;5.0;28.0;56.7;57.0;0;0;0;0;16510.82;11280.08;5230.74;32444.348
2026-08-13T21:11:37.545267+02:00;standby;27.2;34.3;5.0;28.0;56.7;57.0;0;0;0;0;16510.82;11280.08;5230.74;32444.348
2026-08-13T21:12:37.959443+02:00;standby;27.2;34.3;5.0;28.0;56.7;57.0;0;0;0;0;16510.82;11280.08;5230.74;32444.348
2026-08-13T21:13:38.892513+02:00;standby;27.2;34.3;5.0;28.0;56.7;57.0;0;0;0;0;16510.82;11280.08;5230.74;32444.348
2026-08-13T21:14:39.308098+02:00;standby;27.2;34.3;5.0;28.0;56.7;57.0;0;0;0;0;16510.82;11280.08;5230.74;32444.348
2026-08-13T21:15:39.722391+02:00;standby;27.2;34.2;5.0;28.0;56.7;57.0;0;0;0;0;16510.82;11280.08;5230.74;32444.348
2026-08-13T21:16:40.171397+02:00;standby;27.2;34.2;5.0;28.0;56.7;57.0;0;0;0;0;16510.82;11280.08;5230.74;32444.348
2026-08-13T21:17:40.920262+02:00;standby;27.2;34.2;5.0;28.0;56.7;57.0;0;0;0;0;16510.82;11280.08;5230.74;32444.348
2026-08-13T21:18:41.382902+02:00;standby;27.2;34.2;5.0;28.0;56.7;57.0;0;0;0;0;16510.82;11280.08;5230.74;32444.348
2026-08-13T21:19:41.948204+02:00;standby;27.2;34.2;5.0;28.0;56.6;57.0;0;0;0;0;16510.82;11280.08;5230.74;32444.348
2026-08-13T21:20:42.663739+02:00;standby;27.2;34.1;5.0;28.0;56.6;57.0;0;0;0;0;16510.82;11280.08;5230.74;32444.348
2026-08-13T21:21:43.143388+02:00;standby;27.2;34.1;5.0;28.0;56.6;57.0;0;0;0;0;16510.82;11280.08;5230.74;32444.348
2026-08-13T21:22:43.799904+02:00;standby;27.2;34.1;5.0;28.0;56.6;57.0;0;0;0;0;16510.82;11280.08;5230.74;32444.348
2026-08-13T21:23:44.524302+02:00;standby;27.2;34.1;5.0;28.0;56.6;57.0;0;0;0;0;16510.82;11280.08;5230.74;32444.348
2026-08-13T21:24:44.991922+02:00;standby;27.2;34.1;5.0;28.0;56.6;57.0;0;0;0;0;16510.82;11280.08;5230.74;32444.348
2026-08-13T21:25:45.733597+02:00;standby;27.2;34.1;5.0;28.0;56.6;57.0;0;0;0;0;16510.82;11280.08;5230.74;32444.348
2026-08-13T21:26:46.297963+02:00;standby;27.2;34.0;5.0;28.0;56.6;57.0;0;0;0;0;16510.82;11280.08;5230.74;32444.348
2026-08-13T21:27:47.186858+02:00;standby;27.2;34.0;5.0;28.0;56.6;57.0;0;0;0;0;16510.82;11280.08;5230.74;32444.348
2026-08-13T21:28:47.603078+02:00;standby;27.2;34.0;5.0;28.0;56.6;57.0;0;0;0;0;16510.82;11280.08;5230.74;32444.348
2026-08-13T21:29:48.065772+02:00;standby;27.2;34.0;5.0;28.0;56.6;57.0;0;0;0;0;16510.82;11280.08;5230.74;32444.348
2026-08-13T21:30:48.682477+02:00;standby;27.2;34.0;5.0;28.0;56.6;57.0;0;0;0;0;16510.82;11280.08;5230.74;32444.348
2026-08-13T21:31:49.363004+02:00;standby;27.2;34.0;5.0;28.0;56.6;57.0;0;0;0;0;16510.82;11280.08;5230.74;32444.348
2026-08-13T21:32:50.152886+02:00;standby;27.2;33.8;5.0;28.0;56.6;57.0;0;0;0;0;16510.82;11280.08;5230.74;32444.348
2026-08-13T21:33:50.712275+02:00;standby;27.2;33.8;5.0;28.0;56.6;57.0;0;0;0;0;16510.82;11280.08;5230.74;32444.348
2026-08-13T21:34:51.264555+02:00;standby;27.2;33.8;5.0;28.0;56.5;57.0;0;0;0;0;16510.82;11280.08;5230.74;32444.348
2026-08-13T21:35:51.745096+02:00;standby;27.2;33.8;5.0;28.0;56.5;57.0;0;0;0;0;16510.82;11280.08;5230.74;32444.348
2026-08-13T21:36:52.477229+02:00;standby;27.2;33.8;5.0;28.0;56.5;57.0;0;0;0;0;16510.82;11280.08;5230.74;32444.348
2026-08-13T21:37:53.027913+02:00;standby;27.2;33.7;5.0;28.0;56.5;57.0;0;0;0;0;16510.82;11280.08;5230.74;32444.348
2026-08-13T21:38:53.605785+02:00;standby;27.2;33.7;5.0;28.0;56.5;57.0;0;0;0;0;16510.82;11280.08;5230.74;32444.348
2026-08-13T21:39:54.333268+02:00;standby;27.2;33.7;5.0;28.0;56.5;57.0;0;0;0;0;16510.82;11280.08;5230.74;32444.348
2026-08-13T21:40:54.805764+02:00;standby;27.2;33.7;5.0;28.0;56.5;57.0;0;0;0;0;16510.82;11280.08;5230.74;32444.348
2026-08-13T21:41:55.512105+02:00;standby;27.2;33.7;5.0;28.0;56.5;57.0;0;0;0;0;16510.82;11280.08;5230.74;32444.348
2026-08-13T21:42:55.993565+02:00;standby;27.2;33.7;5.0;28.0;56.5;57.0;0;0;0;0;16510.82;11280.08;5230.74;32444.348
2026-08-13T21:43:56.453865+02:00;standby;25.5;33.6;5.0;28.0;56.5;57.0;0;0;0;0;16510.82;11280.08;5230.74;32444.348
2026-08-13T21:44:57.217942+02:00;standby;25.5;33.6;5.0;28.0;56.5;57.0;0;0;0;0;16510.82;11280.08;5230.74;32444.348
2026-08-13T21:45:57.658028+02:00;standby;25.5;33.6;5.0;28.0;56.5;57.0;0;0;0;0;16510.82;11280.08;5230.74;32444.348
2026-08-13T21:46:58.420355+02:00;standby;25.5;33.6;5.0;28.0;56.5;57.0;0;0;0;0;16510.82;11280.08;5230.74;32444.348
2026-08-13T21:47:59.356224+02:00;standby;25.5;33.6;5.0;28.0;56.4;57.0;0;0;0;0;16510.82;11280.08;5230.74;32444.348
2026-08-13T21:48:59.927249+02:00;standby;25.5;33.6;5.0;28.0;56.4;57.0;0;0;0;0;16510.82;11280.08;5230.74;32444.348
2026-08-13T21:50:00.380067+02:00;standby;25.5;33.6;5.0;28.0;56.4;57.0;0;0;0;0;16510.82;11280.08;5230.74;32444.348
2026-08-13T21:51:00.867094+02:00;standby;25.5;33.5;5.0;28.0;56.4;57.0;0;0;0;0;16510.82;11280.08;5230.74;32444.348
2026-08-13T21:52:01.562723+02:00;standby;25.5;33.5;5.0;28.0;56.4;57.0;0;0;0;0;16510.82;11280.08;5230.74;32444.348
2026-08-13T21:53:02.881463+02:00;standby;25.5;33.5;5.0;28.0;56.4;57.0;0;0;0;0;16510.82;11280.08;5230.74;32444.348
2026-08-13T21:54:03.358122+02:00;standby;25.5;33.5;5.0;28.0;56.4;57.0;0;0;0;0;16510.82;11280.08;5230.74;32444.348
2026-08-13T21:55:03.814559+02:00;standby;25.5;33.5;5.0;28.0;56.4;57.0;0;0;0;0;16510.82;11280.08;5230.74;32444.348
2026-08-13T21:56:04.441163+02:00;standby;25.5;33.5;5.0;28.0;56.4;57.0;0;0;0;0;16510.82;11280.08;5230.74;32444.348
2026-08-13T21:57:05.871509+02:00;standby;25.5;33.3;5.0;28.0;56.4;57.0;0;0;0;0;16510.82;11280.08;5230.74;32444.348
2026-08-13T21:58:06.383067+02:00;standby;25.5;33.3;5.0;28.0;56.4;57.0;0;0;0;0;16510.82;11280.08;5230.74;32444.348
2026-08-13T21:59:06.880360+02:00;standby;25.5;33.3;5.0;28.0;56.4;57.0;0;0;0;0;16510.82;11280.08;5230.74;32444.348
2026-08-13T22:00:07.639178+02:00;standby;25.5;33.3;5.0;28.0;56.4;57.0;0;0;0;0;16510.82;11280.08;5230.74;32444.348
2026-08-13T22:01:08.719279+02:00;standby;25.5;33.3;5.0;28.0;56.3;57.0;0;0;0;0;16510.82;11280.08;5230.74;32444.348
2026-08-13T22:02:09.190611+02:00;standby;25.5;33.3;5.0;28.0;56.3;57.0;0;0;0;0;16510.82;11280.08;5230.74;32444.348
2026-08-13T22:03:09.899767+02:00;standby;25.5;33.3;5.0;28.0;56.3;57.0;0;0;0;0;16510.82;11280.08;5230.74;32444.348
2026-08-13T22:04:10.361965+02:00;standby;25.5;33.2;5.0;28.0;56.3;57.0;0;0;0;0;16510.82;11280.08;5230.74;32444.348
2026-08-13T22:05:11.078568+02:00;standby;25.5;33.2;5.0;28.0;56.3;57.0;0;0;0;0;16510.82;11280.08;5230.74;32444.348
2026-08-13T22:06:11.673634+02:00;standby;25.5;33.2;5.0;28.0;56.3;57.0;0;0;0;0;16510.82;11280.08;5230.74;32444.348
2026-08-13T22:07:14.655308+02:00;standby;25.5;33.2;5.0;28.0;56.3;57.0;0;0;0;0;16510.82;11280.08;5230.74;32444.348
2026-08-13T22:08:15.292452+02:00;standby;25.5;33.2;5.0;28.0;56.3;57.0;0;0;0;0;16510.82;11280.08;5230.74;32444.348
2026-08-13T22:09:15.785336+02:00;standby;25.5;33.2;5.0;28.0;56.3;57.0;0;0;0;0;16510.82;11280.08;5230.74;32444.348
2026-08-13T22:10:16.279574+02:00;standby;25.5;33.1;5.0;28.0;56.3;57.0;0;0;0;0;16510.82;11280.08;5230.74;32444.348
2026-08-13T22:11:16.942462+02:00;standby;25.5;33.1;5.0;28.0;56.3;57.0;0;0;0;0;16510.82;11280.08;5230.74;32444.348
2026-08-13T22:12:17.647387+02:00;standby;25.5;33.1;5.0;28.0;56.3;57.0;0;0;0;0;16510.82;11280.08;5230.74;32444.348
2026-08-13T22:13:18.091890+02:00;standby;25.5;33.1;5.0;28.0;56.3;57.0;0;0;0;0;16510.82;11280.08;5230.74;32444.348
2026-08-13T22:14:19.076065+02:00;standby;25.5;33.1;5.0;28.0;56.2;57.0;0;0;0;0;16510.82;11280.08;5230.74;32444.348
2026-08-13T22:15:19.593402+02:00;standby;25.5;33.1;5.0;28.0;56.2;57.0;0;0;0;0;16510.82;11280.08;5230.74;32444.348
2026-08-13T22:16:20.547773+02:00;standby;25.5;33.1;5.0;28.0;56.2;57.0;0;0;0;0;16510.82;11280.08;5230.74;32444.348
2026-08-13T22:17:21.100653+02:00;standby;25.5;33.1;5.0;28.0;56.2;57.0;0;0;0;0;16510.82;11280.08;5230.74;32444.348
2026-08-13T22:18:21.600050+02:00;standby;25.5;33.0;5.0;28.0;56.2;57.0;0;0;0;0;16510.82;11280.08;5230.74;32444.348
2026-08-13T22:19:22.326586+02:00;standby;25.5;33.0;5.0;28.0;56.2;57.0;0;0;0;0;16510.82;11280.08;5230.74;32444.348
2026-08-13T22:20:22.785960+02:00;standby;25.5;33.0;5.0;28.0;56.2;57.0;0;0;0;0;16510.82;11280.08;5230.74;32444.348
2026-08-13T22:21:23.310456+02:00;standby;25.5;33.0;5.0;28.0;56.2;57.0;0;0;0;0;16510.82;11280.08;5230.74;32444.348
2026-08-13T22:22:23.803055+02:00;standby;25.5;33.0;5.0;28.0;56.2;57.0;0;0;0;0;16510.82;11280.08;5230.74;32444.348
2026-08-13T22:23:24.258146+02:00;standby;25.5;33.0;5.0;28.0;56.2;57.0;0;0;0;0;16510.82;11280.08;5230.74;32444.348
2026-08-13T22:24:25.660207+02:00;standby;25.5;32.8;5.0;28.0;56.2;57.0;0;0;0;0;16510.82;11280.08;5230.74;32444.348
2026-08-13T22:25:27.573338+02:00;standby;25.5;32.8;5.0;28.0;56.2;57.0;0;0;0;0;16510.82;11280.08;5230.74;32444.348
2026-08-13T22:26:28.070779+02:00;standby;25.5;32.8;5.0;28.0;56.1;57.0;0;0;0;0;16510.82;11280.08;5230.74;32444.348
2026-08-13T22:27:29.911812+02:00;standby;25.5;32.8;5.0;28.0;56.2;57.0;0;0;0;0;16510.82;11280.08;5230.74;32444.348
2026-08-13T22:28:30.481115+02:00;standby;25.5;32.8;5.0;28.0;56.1;57.0;0;0;0;0;16510.82;11280.08;5230.74;32444.348
2026-08-13T22:29:31.416786+02:00;standby;25.5;32.8;5.0;28.0;56.1;57.0;0;0;0;0;16510.82;11280.08;5230.74;32444.348
2026-08-13T22:30:32.532836+02:00;standby;25.5;32.8;5.0;28.0;56.1;57.0;0;0;0;0;16510.82;11280.08;5230.74;32444.348
2026-08-13T22:31:33.532320+02:00;standby;25.5;32.8;5.0;28.0;56.1;57.0;0;0;0;0;16510.82;11280.08;5230.74;32444.348
2026-08-13T22:32:33.950037+02:00;standby;25.5;32.7;5.0;28.0;56.1;57.0;0;0;0;0;16510.82;11280.08;5230.74;32444.348
2026-08-13T22:33:34.468924+02:00;standby;25.5;32.7;5.0;28.0;56.1;57.0;0;0;0;0;16510.82;11280.08;5230.74;32444.348
2026-08-13T22:34:34.973261+02:00;standby;25.5;32.7;5.0;28.0;56.1;57.0;0;0;0;0;16510.82;11280.08;5230.74;32444.348
2026-08-13T22:35:35.448325+02:00;standby;25.5;32.7;5.0;28.0;56.1;57.0;0;0;0;0;16510.82;11280.08;5230.74;32444.348
2026-08-13T22:36:37.729048+02:00;standby;25.5;32.7;5.0;28.0;56.1;57.0;0;0;0;0;16510.82;11280.08;5230.74;32444.348
2026-08-13T22:37:38.594236+02:00;standby;25.5;32.7;5.0;28.0;56.1;57.0;0;0;0;0;16510.82;11280.08;5230.74;32444.348
2026-08-13T22:38:39.047243+02:00;standby;25.5;32.7;5.0;28.0;56.0;57.0;0;0;0;0;16510.82;11280.08;5230.74;32444.348
2026-08-13T22:39:39.531772+02:00;standby;25.5;32.6;5.0;28.0;56.1;57.0;0;0;0;0;16510.82;11280.08;5230.74;32444.348
2026-08-13T22:40:39.978026+02:00;standby;25.5;32.6;5.0;28.0;56.1;57.0;0;0;0;0;16510.82;11280.08;5230.74;32444.348
2026-08-13T22:41:40.416214+02:00;standby;25.5;32.6;5.0;28.0;56.0;57.0;0;0;0;0;16510.82;11280.08;5230.74;32444.348
2026-08-13T22:42:41.634960+02:00;standby;25.5;32.6;5.0;28.0;56.0;57.0;0;0;0;0;16510.82;11280.08;5230.74;32444.348
2026-08-13T22:43:42.266505+02:00;standby;25.5;32.6;5.0;28.0;56.0;57.0;0;0;0;0;16510.82;11280.08;5230.74;32444.348
2026-08-13T22:44:42.764564+02:00;standby;24.0;32.6;5.0;28.0;56.0;57.0;0;0;0;0;16510.82;11280.08;5230.74;32444.348
2026-08-13T22:45:43.199949+02:00;standby;24.0;32.6;5.0;28.0;56.0;57.0;0;0;0;0;16510.82;11280.08;5230.74;32444.348
2026-08-13T22:46:46.504539+02:00;standby;24.0;32.5;5.0;28.0;56.0;57.0;0;0;0;0;16510.82;11280.08;5230.74;32444.348
2026-08-13T22:47:47.165456+02:00;standby;24.0;32.5;5.0;28.0;56.0;57.0;0;0;0;0;16510.82;11280.08;5230.74;32444.348
2026-08-13T22:48:47.668488+02:00;standby;24.0;32.5;5.0;28.0;56.0;57.0;0;0;0;0;16510.82;11280.08;5230.74;32444.348
2026-08-13T22:49:48.085012+02:00;standby;24.0;32.5;5.0;28.0;56.0;57.0;0;0;0;0;16510.82;11280.08;5230.74;32444.348
2026-08-13T22:50:48.544811+02:00;standby;24.0;32.5;5.0;28.0;56.0;57.0;0;0;0;0;16510.82;11280.08;5230.74;32444.348
2026-08-13T22:51:48.978590+02:00;standby;24.0;32.5;5.0;28.0;56.0;57.0;0;0;0;0;16510.82;11280.08;5230.74;32444.348
2026-08-13T22:52:49.481897+02:00;standby;24.0;32.5;5.0;28.0;56.0;57.0;0;0;0;0;16510.82;11280.08;5230.74;32444.348
2026-08-13T22:53:49.918930+02:00;standby;24.0;32.5;5.0;28.0;55.9;57.0;0;0;0;0;16510.82;11280.08;5230.74;32444.348
2026-08-13T22:54:50.451181+02:00;standby;24.0;32.5;5.0;28.0;55.9;57.0;0;0;0;0;16510.82;11280.08;5230.74;32444.348
2026-08-13T22:55:50.910469+02:00;standby;24.0;32.5;5.0;28.0;55.9;57.0;0;0;0;0;16510.82;11280.08;5230.74;32444.348
2026-08-13T22:56:51.477405+02:00;standby;24.0;32.3;5.0;28.0;55.9;57.0;0;0;0;0;16510.82;11280.08;5230.74;32444.348
2026-08-13T22:57:51.949617+02:00;standby;24.0;32.3;5.0;28.0;55.9;57.0;0;0;0;0;16510.82;11280.08;5230.74;32444.348
2026-08-13T22:58:52.405605+02:00;standby;24.0;32.3;5.0;28.0;55.9;57.0;0;0;0;0;16510.82;11280.08;5230.74;32444.348
2026-08-13T22:59:52.875772+02:00;standby;24.0;32.3;5.0;28.0;55.9;57.0;0;0;0;0;16510.82;11280.08;5230.74;32444.348
2026-08-13T23:00:53.499757+02:00;standby;24.0;32.3;5.0;28.0;55.9;57.0;0;0;0;0;16510.82;11280.08;5230.74;32444.348
2026-08-13T23:01:54.628367+02:00;standby;24.0;32.3;5.0;25.0;55.9;57.0;0;0;0;0;16510.82;11280.08;5230.74;32444.348
2026-08-13T23:02:55.046917+02:00;standby;24.0;32.3;5.0;25.0;55.9;57.0;0;0;0;0;16510.82;11280.08;5230.74;32444.348
2026-08-13T23:03:55.738421+02:00;standby;24.0;32.3;5.0;25.0;55.9;57.0;0;0;0;0;16510.82;11280.08;5230.74;32444.348
2026-08-13T23:04:56.241705+02:00;standby;24.0;32.2;5.0;25.0;55.9;57.0;0;0;0;0;16510.82;11280.08;5230.74;32444.348
2026-08-13T23:05:56.851069+02:00;standby;24.0;32.2;5.0;25.0;55.9;57.0;0;0;0;0;16510.82;11280.08;5230.74;32444.348
2026-08-13T23:06:57.275408+02:00;standby;24.0;32.2;5.0;25.0;55.8;57.0;0;0;0;0;16510.82;11280.08;5230.74;32444.348
2026-08-13T23:07:57.738463+02:00;standby;24.0;32.2;5.0;25.0;55.8;57.0;0;0;0;0;16510.82;11280.08;5230.74;32444.348
2026-08-13T23:08:58.206160+02:00;standby;24.0;32.2;5.0;25.0;55.8;57.0;0;0;0;0;16510.82;11280.08;5230.74;32444.348
2026-08-13T23:09:58.888191+02:00;standby;24.0;32.2;5.0;25.0;55.8;57.0;0;0;0;0;16510.82;11280.08;5230.74;32444.348
2026-08-13T23:10:59.354157+02:00;standby;24.0;32.2;5.0;25.0;55.8;57.0;0;0;0;0;16510.82;11280.08;5230.74;32444.348
2026-08-13T23:11:59.922066+02:00;standby;24.0;32.1;5.0;25.0;55.8;57.0;0;0;0;0;16510.82;11280.08;5230.74;32444.348
2026-08-13T23:13:00.437721+02:00;standby;24.0;32.2;5.0;25.0;55.8;57.0;0;0;0;0;16510.82;11280.08;5230.74;32444.348
2026-08-13T23:14:00.971907+02:00;standby;24.0;32.1;5.0;25.0;55.8;57.0;0;0;0;0;16510.82;11280.08;5230.74;32444.348
2026-08-13T23:15:01.480563+02:00;standby;24.0;32.1;5.0;25.0;55.8;57.0;0;0;0;0;16510.82;11280.08;5230.74;32444.348
2026-08-13T23:16:01.936902+02:00;standby;24.0;32.1;5.0;25.0;55.8;57.0;0;0;0;0;16510.82;11280.08;5230.74;32444.348
2026-08-13T23:17:02.458453+02:00;standby;24.0;32.1;5.0;25.0;55.8;57.0;0;0;0;0;16510.82;11280.08;5230.74;32444.348
2026-08-13T23:18:03.237343+02:00;standby;24.0;32.1;5.0;25.0;55.8;57.0;0;0;0;0;16510.82;11280.08;5230.74;32444.348
2026-08-13T23:19:03.806182+02:00;standby;24.0;32.1;5.0;25.0;55.8;57.0;0;0;0;0;16510.82;11280.08;5230.74;32444.348
2026-08-13T23:20:04.800515+02:00;standby;24.0;32.1;5.0;25.0;55.7;57.0;0;0;0;0;16510.82;11280.08;5230.74;32444.348
2026-08-13T23:21:05.269448+02:00;standby;24.0;32.1;5.0;25.0;55.8;57.0;0;0;0;0;16510.82;11280.08;5230.74;32444.348
2026-08-13T23:22:05.820229+02:00;standby;24.0;32.0;5.0;25.0;55.7;57.0;0;0;0;0;16510.82;11280.08;5230.74;32444.348
2026-08-13T23:23:06.366479+02:00;standby;24.0;32.0;5.0;25.0;55.7;57.0;0;0;0;0;16510.82;11280.08;5230.74;32444.348
2026-08-13T23:24:06.873923+02:00;standby;24.0;32.0;5.0;25.0;55.7;57.0;0;0;0;0;16510.82;11280.08;5230.74;32444.348
2026-08-13T23:25:07.438786+02:00;standby;24.0;32.0;5.0;25.0;55.7;57.0;0;0;0;0;16510.82;11280.08;5230.74;32444.348
2026-08-13T23:26:07.957385+02:00;standby;24.0;32.0;5.0;25.0;55.7;57.0;0;0;0;0;16510.82;11280.08;5230.74;32444.348
2026-08-13T23:27:09.155579+02:00;standby;24.0;32.0;5.0;25.0;55.7;57.0;0;0;0;0;16510.82;11280.08;5230.74;32444.348
2026-08-13T23:28:09.608553+02:00;standby;24.0;32.0;5.0;25.0;55.7;57.0;0;0;0;0;16510.82;11280.08;5230.74;32444.348
2026-08-13T23:29:10.191774+02:00;standby;24.0;32.0;5.0;25.0;55.7;57.0;0;0;0;0;16510.82;11280.08;5230.74;32444.348
2026-08-13T23:30:10.701499+02:00;standby;24.0;32.0;5.0;25.0;55.7;57.0;0;0;0;0;16510.82;11280.08;5230.74;32444.348
2026-08-13T23:31:11.429613+02:00;standby;24.0;32.0;5.0;25.0;55.7;57.0;0;0;0;0;16510.82;11280.08;5230.74;32444.348
2026-08-13T23:32:11.885562+02:00;standby;24.0;31.9;5.0;25.0;55.7;57.0;0;0;0;0;16510.82;11280.08;5230.74;32444.348
2026-08-13T23:33:12.461614+02:00;standby;24.0;31.9;5.0;25.0;55.6;57.0;0;0;0;0;16510.82;11280.08;5230.74;32444.348
2026-08-13T23:34:13.255931+02:00;standby;24.0;31.9;5.0;25.0;55.6;57.0;0;0;0;0;16510.82;11280.08;5230.74;32444.348
2026-08-13T23:35:13.752255+02:00;standby;24.0;31.9;5.0;25.0;55.5;57.0;0;0;0;0;16510.82;11280.08;5230.74;32444.348
2026-08-13T23:36:14.268383+02:00;standby;24.0;31.9;5.0;25.0;55.5;57.0;0;0;0;0;16510.82;11280.08;5230.74;32444.348
2026-08-13T23:37:15.001292+02:00;standby;24.0;31.9;5.0;25.0;55.4;57.0;0;0;0;0;16510.82;11280.08;5230.74;32444.348
2026-08-13T23:38:15.643689+02:00;standby;24.0;31.9;5.0;25.0;55.4;57.0;0;0;0;0;16510.82;11280.08;5230.74;32444.348
2026-08-13T23:39:16.140825+02:00;standby;24.0;31.9;5.0;25.0;55.4;57.0;0;0;0;0;16510.82;11280.08;5230.74;32444.348
2026-08-13T23:40:16.554040+02:00;standby;24.0;31.9;5.0;25.0;55.4;57.0;0;0;0;0;16510.82;11280.08;5230.74;32444.348
2026-08-13T23:41:17.078937+02:00;standby;24.0;31.7;5.0;25.0;55.4;57.0;0;0;0;0;16510.82;11280.08;5230.74;32444.348
2026-08-13T23:42:17.702283+02:00;standby;24.0;31.7;5.0;25.0;55.4;57.0;0;0;0;0;16510.82;11280.08;5230.74;32444.348
2026-08-13T23:43:18.283212+02:00;standby;24.0;31.7;5.0;25.0;55.4;57.0;0;0;0;0;16510.82;11280.08;5230.74;32444.348
2026-08-13T23:44:19.008423+02:00;standby;24.0;31.7;5.0;25.0;55.4;57.0;0;0;0;0;16510.82;11280.08;5230.74;32444.348
2026-08-13T23:45:19.968508+02:00;standby;23.0;31.7;5.0;25.0;55.4;57.0;0;0;0;0;16510.82;11280.08;5230.74;32444.348
2026-08-13T23:46:20.439981+02:00;standby;23.0;31.7;5.0;25.0;55.3;10.0;0;0;0;0;16510.82;11280.08;5230.74;32444.348
2026-08-13T23:47:21.116062+02:00;standby;23.0;31.7;5.0;25.0;55.4;10.0;0;0;0;0;16510.82;11280.08;5230.74;32444.348
2026-08-13T23:48:21.697332+02:00;standby;23.0;31.7;5.0;25.0;55.3;10.0;0;0;0;0;16510.82;11280.08;5230.74;32444.348
2026-08-13T23:49:22.162265+02:00;standby;23.0;31.7;5.0;25.0;55.3;10.0;0;0;0;0;16510.82;11280.08;5230.74;32444.348
2026-08-13T23:50:22.834464+02:00;standby;23.0;31.7;5.0;25.0;55.3;10.0;0;0;0;0;16510.82;11280.08;5230.74;32444.348
2026-08-13T23:51:23.347789+02:00;standby;23.0;31.6;5.0;25.0;55.3;10.0;0;0;0;0;16510.82;11280.08;5230.74;32444.348
2026-08-13T23:52:23.811797+02:00;standby;23.0;31.7;5.0;25.0;55.3;10.0;0;0;0;0;16510.82;11280.08;5230.74;32444.348
2026-08-13T23:53:25.097457+02:00;standby;23.0;31.6;5.0;25.0;55.3;10.0;0;0;0;0;16510.82;11280.08;5230.74;32444.348
2026-08-13T23:54:25.893958+02:00;standby;23.0;31.6;5.0;25.0;55.3;10.0;0;0;0;0;16510.82;11280.08;5230.74;32444.348
2026-08-13T23:55:26.394299+02:00;standby;23.0;31.6;5.0;25.0;55.3;10.0;0;0;0;0;16510.82;11280.08;5230.74;32444.348
2026-08-13T23:56:27.325990+02:00;standby;23.0;31.6;5.0;25.0;55.3;10.0;0;0;0;0;16510.82;11280.08;5230.74;32444.348
2026-08-13T23:57:28.315865+02:00;standby;23.0;31.6;5.0;25.0;55.3;10.0;0;0;0;0;16510.82;11280.08;5230.74;32444.348
2026-08-13T23:58:28.777431+02:00;standby;23.0;31.6;5.0;25.0;55.2;10.0;0;0;0;0;16510.82;11280.08;5230.74;32444.348
2026-08-13T23:59:29.298283+02:00;standby;23.0;31.6;5.0;25.0;55.2;10.0;0;0;0;0;16510.82;11280.08;5230.74;32444.348
2026-08-14T00:00:29.821806+02:00;standby;23.0;31.6;5.0;25.0;55.2;10.0;0;0;0;0;16510.82;11280.08;5230.74;32444.348
2026-08-14T00:01:31.412410+02:00;standby;23.0;31.6;5.0;25.0;55.2;10.0;0;0;0;0;16510.82;11280.08;5230.74;32444.348
2026-08-14T00:02:31.833342+02:00;standby;23.0;31.6;5.0;25.0;55.2;10.0;0;0;0;0;16510.82;11280.08;5230.74;32444.348
2026-08-14T00:03:32.298876+02:00;standby;23.0;31.6;5.0;25.0;55.2;10.0;0;0;0;0;16510.82;11280.08;5230.74;32444.348
2026-08-14T00:04:32.956397+02:00;standby;23.0;31.5;5.0;25.0;55.2;10.0;0;0;0;0;16510.82;11280.08;5230.74;32444.348
2026-08-14T00:05:33.887409+02:00;standby;23.0;31.5;5.0;25.0;55.2;10.0;0;0;0;0;16510.82;11280.08;5230.74;32444.348
2026-08-14T00:06:34.569338+02:00;standby;23.0;31.5;5.0;25.0;55.2;10.0;0;0;0;0;16510.82;11280.08;5230.74;32444.348
2026-08-14T00:07:35.049929+02:00;standby;23.0;31.5;5.0;25.0;55.2;10.0;0;0;0;0;16510.82;11280.08;5230.74;32444.348
2026-08-14T00:08:35.525167+02:00;standby;23.0;31.5;5.0;25.0;55.2;10.0;0;0;0;0;16510.82;11280.08;5230.74;32444.348
2026-08-14T00:09:36.137326+02:00;standby;23.0;31.5;5.0;25.0;55.2;10.0;0;0;0;0;16510.82;11280.08;5230.74;32444.348
2026-08-14T00:10:36.670428+02:00;standby;23.0;31.5;5.0;25.0;55.1;10.0;0;0;0;0;16510.82;11280.08;5230.74;32444.348
2026-08-14T00:11:37.422738+02:00;standby;23.0;31.5;5.0;25.0;55.1;10.0;0;0;0;0;16510.82;11280.08;5230.74;32444.348
2026-08-14T00:12:38.013037+02:00;standby;23.0;31.5;5.0;25.0;55.1;10.0;0;0;0;0;16510.82;11280.08;5230.74;32444.348
2026-08-14T00:13:38.737297+02:00;standby;23.0;31.5;5.0;25.0;55.1;10.0;0;0;0;0;16510.82;11280.08;5230.74;32444.348
2026-08-14T00:14:39.255496+02:00;standby;23.0;31.5;5.0;25.0;55.1;10.0;0;0;0;0;16510.82;11280.08;5230.74;32444.348
2026-08-14T00:15:39.859423+02:00;standby;23.0;31.5;5.0;25.0;55.1;10.0;0;0;0;0;16510.82;11280.08;5230.74;32444.348
2026-08-14T00:16:40.500880+02:00;standby;23.0;31.5;5.0;25.0;55.1;10.0;0;0;0;0;16510.82;11280.08;5230.74;32444.348
2026-08-14T00:17:40.999547+02:00;standby;23.0;31.4;5.0;25.0;55.1;10.0;0;0;0;0;16510.82;11280.08;5230.74;32444.348
2026-08-14T00:18:41.618324+02:00;standby;23.0;31.4;5.0;25.0;55.1;10.0;0;0;0;0;16510.82;11280.08;5230.74;32444.348
2026-08-14T00:19:42.141326+02:00;standby;23.0;31.4;5.0;25.0;55.1;10.0;0;0;0;0;16510.82;11280.08;5230.74;32444.348
2026-08-14T00:20:42.962469+02:00;standby;23.0;31.4;5.0;25.0;55.1;10.0;0;0;0;0;16510.82;11280.08;5230.74;32444.348
2026-08-14T00:21:43.485745+02:00;standby;23.0;31.4;5.0;25.0;55.1;10.0;0;0;0;0;16510.82;11280.08;5230.74;32444.348
2026-08-14T00:22:44.847321+02:00;standby;23.0;31.4;5.0;25.0;55.1;10.0;0;0;0;0;16510.82;11280.08;5230.74;32444.348
2026-08-14T00:23:45.323098+02:00;standby;23.0;31.4;5.0;25.0;54.9;10.0;0;0;0;0;16510.82;11280.08;5230.74;32444.348
2026-08-14T00:24:46.082642+02:00;standby;23.0;31.4;5.0;25.0;54.9;10.0;0;0;0;0;16510.82;11280.08;5230.74;32444.348
2026-08-14T00:25:46.538268+02:00;standby;23.0;31.4;5.0;25.0;54.9;10.0;0;0;0;0;16510.82;11280.08;5230.74;32444.348
2026-08-14T00:26:47.359049+02:00;standby;23.0;31.4;5.0;25.0;54.9;10.0;0;0;0;0;16510.82;11280.08;5230.74;32444.348
2026-08-14T00:27:47.829000+02:00;standby;23.0;31.4;5.0;25.0;54.9;10.0;0;0;0;0;16510.82;11280.08;5230.74;32444.348
2026-08-14T00:28:48.513792+02:00;standby;23.0;31.2;5.0;25.0;54.9;10.0;0;0;0;0;16510.82;11280.08;5230.74;32444.348
2026-08-14T00:29:49.327953+02:00;standby;23.0;31.4;5.0;25.0;54.9;10.0;0;0;0;0;16510.82;11280.08;5230.74;32444.348
2026-08-14T00:30:50.942581+02:00;standby;23.0;31.2;5.0;25.0;54.9;10.0;0;0;0;0;16510.82;11280.08;5230.74;32444.348
2026-08-14T00:31:51.487320+02:00;standby;23.0;31.2;5.0;25.0;54.9;10.0;0;0;0;0;16510.82;11280.08;5230.74;32444.348
2026-08-14T00:32:51.964090+02:00;standby;23.0;31.2;5.0;25.0;54.9;10.0;0;0;0;0;16510.82;11280.08;5230.74;32444.348
2026-08-14T00:33:52.500080+02:00;standby;23.0;31.2;5.0;25.0;54.9;10.0;0;0;0;0;16510.82;11280.08;5230.74;32444.348
2026-08-14T00:34:52.987164+02:00;standby;23.0;31.2;5.0;25.0;54.8;10.0;0;0;0;0;16510.82;11280.08;5230.74;32444.348
2026-08-14T00:35:53.464977+02:00;standby;23.0;31.2;5.0;25.0;54.8;10.0;0;0;0;0;16510.82;11280.08;5230.74;32444.348
2026-08-14T00:36:53.958955+02:00;standby;23.0;31.2;5.0;25.0;54.8;10.0;0;0;0;0;16510.82;11280.08;5230.74;32444.348
2026-08-14T00:37:55.808645+02:00;standby;23.0;31.2;5.0;25.0;54.8;10.0;0;0;0;0;16510.82;11280.08;5230.74;32444.348
2026-08-14T00:38:56.314369+02:00;standby;23.0;31.2;5.0;25.0;54.8;10.0;0;0;0;0;16510.82;11280.08;5230.74;32444.348
2026-08-14T00:39:56.785318+02:00;standby;23.0;31.2;5.0;25.0;54.8;10.0;0;0;0;0;16510.82;11280.08;5230.74;32444.348
2026-08-14T00:40:57.258202+02:00;standby;23.0;31.2;5.0;25.0;54.8;10.0;0;0;0;0;16510.82;11280.08;5230.74;32444.348
2026-08-14T00:41:57.877488+02:00;standby;23.0;31.2;5.0;25.0;54.8;10.0;0;0;0;0;16510.82;11280.08;5230.74;32444.348
2026-08-14T00:42:58.392577+02:00;standby;23.0;31.1;5.0;25.0;54.8;10.0;0;0;0;0;16510.82;11280.08;5230.74;32444.348
2026-08-14T00:43:58.819768+02:00;standby;23.0;31.1;5.0;25.0;54.8;10.0;0;0;0;0;16510.82;11280.08;5230.74;32444.348
2026-08-14T00:44:59.540230+02:00;standby;23.0;31.2;5.0;25.0;54.8;10.0;0;0;0;0;16510.82;11280.08;5230.74;32444.348
2026-08-14T00:46:00.085776+02:00;standby;22.1;31.2;5.0;25.0;54.8;10.0;0;0;0;0;16510.82;11280.08;5230.74;32444.348
2026-08-14T00:47:00.567088+02:00;standby;22.1;31.1;5.0;25.0;54.8;10.0;0;0;0;0;16510.82;11280.08;5230.74;32444.348
2026-08-14T00:48:01.054759+02:00;standby;22.1;31.1;5.0;25.0;54.7;10.0;0;0;0;0;16510.82;11280.08;5230.74;32444.348
2026-08-14T00:49:01.655893+02:00;standby;22.1;31.1;5.0;25.0;54.7;10.0;0;0;0;0;16510.82;11280.08;5230.74;32444.348
2026-08-14T00:50:02.097214+02:00;standby;22.1;31.1;5.0;25.0;54.7;10.0;0;0;0;0;16510.82;11280.08;5230.74;32444.348
2026-08-14T00:51:02.556135+02:00;standby;22.1;31.1;5.0;25.0;54.7;10.0;0;0;0;0;16510.82;11280.08;5230.74;32444.348
2026-08-14T00:52:03.111043+02:00;standby;22.1;31.1;5.0;25.0;54.7;10.0;0;0;0;0;16510.82;11280.08;5230.74;32444.348
2026-08-14T00:53:03.941392+02:00;standby;22.1;31.1;5.0;25.0;54.7;10.0;0;0;0;0;16510.82;11280.08;5230.74;32444.348
2026-08-14T00:54:04.459046+02:00;standby;22.1;31.1;5.0;25.0;54.7;10.0;0;0;0;0;16510.82;11280.08;5230.74;32444.348
2026-08-14T00:55:04.876026+02:00;standby;22.1;31.1;5.0;25.0;54.7;10.0;0;0;0;0;16510.82;11280.08;5230.74;32444.348
2026-08-14T00:56:06.093169+02:00;standby;22.1;31.1;5.0;25.0;54.7;10.0;0;0;0;0;16510.82;11280.08;5230.74;32444.348
2026-08-14T00:57:06.691789+02:00;standby;22.1;31.1;5.0;25.0;54.7;10.0;0;0;0;0;16510.82;11280.08;5230.74;32444.348
2026-08-14T00:58:07.200197+02:00;standby;22.1;31.1;5.0;25.0;54.7;10.0;0;0;0;0;16510.82;11280.08;5230.74;32444.348
2026-08-14T00:59:07.776645+02:00;standby;22.1;31.1;5.0;25.0;54.7;10.0;0;0;0;0;16510.82;11280.08;5230.74;32444.348
2026-08-14T01:00:08.685465+02:00;standby;22.1;31.1;5.0;25.0;54.6;10.0;0;0;0;0;16510.82;11280.08;5230.74;32444.348
2026-08-14T01:01:09.173033+02:00;standby;22.1;31.0;5.0;25.0;54.6;10.0;0;0;0;0;16510.82;11280.08;5230.74;32444.348
2026-08-14T01:02:09.699585+02:00;standby;22.1;31.0;5.0;25.0;54.6;10.0;0;0;0;0;16510.82;11280.08;5230.74;32444.348
2026-08-14T01:03:10.349079+02:00;standby;22.1;31.0;5.0;25.0;54.6;10.0;0;0;0;0;16510.82;11280.08;5230.74;32444.348
2026-08-14T01:04:10.782330+02:00;standby;22.1;31.0;5.0;25.0;54.6;10.0;0;0;0;0;16510.82;11280.08;5230.74;32444.348
2026-08-14T01:05:11.194486+02:00;standby;22.1;31.0;5.0;25.0;54.6;10.0;0;0;0;0;16510.82;11280.08;5230.74;32444.348
2026-08-14T01:06:11.668996+02:00;standby;22.1;31.0;5.0;25.0;54.6;10.0;0;0;0;0;16510.82;11280.08;5230.74;32444.348
2026-08-14T01:07:12.088410+02:00;standby;22.1;31.0;5.0;25.0;54.6;10.0;0;0;0;0;16510.82;11280.08;5230.74;32444.348
2026-08-14T01:08:12.578423+02:00;standby;22.1;31.0;5.0;25.0;54.6;10.0;0;0;0;0;16510.82;11280.08;5230.74;32444.348
2026-08-14T01:09:13.064067+02:00;standby;22.1;31.0;5.0;25.0;54.6;10.0;0;0;0;0;16510.82;11280.08;5230.74;32444.348
2026-08-14T01:10:13.716257+02:00;standby;22.1;31.0;5.0;25.0;54.6;10.0;0;0;0;0;16510.82;11280.08;5230.74;32444.348
2026-08-14T01:11:14.156612+02:00;standby;22.1;31.0;5.0;25.0;54.6;10.0;0;0;0;0;16510.82;11280.08;5230.74;32444.348
2026-08-14T01:12:14.672763+02:00;standby;22.1;31.0;5.0;25.0;54.5;10.0;0;0;0;0;16510.82;11280.08;5230.74;32444.348
2026-08-14T01:13:15.237489+02:00;standby;22.1;31.0;5.0;25.0;54.5;10.0;0;0;0;0;16510.82;11280.08;5230.74;32444.348
2026-08-14T01:14:15.661247+02:00;standby;22.1;31.0;5.0;25.0;54.5;10.0;0;0;0;0;16510.82;11280.08;5230.74;32444.348
2026-08-14T01:15:16.161756+02:00;standby;22.1;31.0;5.0;25.0;54.5;10.0;0;0;0;0;16510.82;11280.08;5230.74;32444.348
2026-08-14T01:16:16.706972+02:00;standby;22.1;30.9;5.0;25.0;54.5;10.0;0;0;0;0;16510.82;11280.08;5230.74;32444.348
2026-08-14T01:17:17.321454+02:00;standby;22.1;30.9;5.0;25.0;54.5;10.0;0;0;0;0;16510.82;11280.08;5230.74;32444.348
2026-08-14T01:18:17.794540+02:00;standby;22.1;30.9;5.0;25.0;54.5;10.0;0;0;0;0;16510.82;11280.08;5230.74;32444.348
2026-08-14T01:19:18.242306+02:00;standby;22.1;30.9;5.0;25.0;54.5;10.0;0;0;0;0;16510.82;11280.08;5230.74;32444.348
2026-08-14T01:20:18.763541+02:00;standby;22.1;30.9;5.0;25.0;54.5;10.0;0;0;0;0;16510.82;11280.08;5230.74;32444.348
2026-08-14T01:21:20.172112+02:00;standby;22.1;30.9;5.0;25.0;54.5;10.0;0;0;0;0;16510.82;11280.08;5230.74;32444.348
2026-08-14T01:22:20.761653+02:00;standby;22.1;30.9;5.0;25.0;54.4;10.0;0;0;0;0;16510.82;11280.08;5230.74;32444.348
2026-08-14T01:23:21.242133+02:00;standby;22.1;30.9;5.0;25.0;54.4;10.0;0;0;0;0;16510.82;11280.08;5230.74;32444.348
2026-08-14T01:24:21.702161+02:00;standby;22.1;30.9;5.0;25.0;54.4;10.0;0;0;0;0;16510.82;11280.08;5230.74;32444.348
2026-08-14T01:25:22.259165+02:00;standby;22.1;30.9;5.0;25.0;54.4;10.0;0;0;0;0;16510.82;11280.08;5230.74;32444.348
2026-08-14T01:26:22.903657+02:00;standby;22.1;30.9;5.0;25.0;54.4;10.0;0;0;0;0;16510.82;11280.08;5230.74;32444.348
2026-08-14T01:27:23.460901+02:00;standby;22.1;30.9;5.0;25.0;54.4;10.0;0;0;0;0;16510.82;11280.08;5230.74;32444.348
2026-08-14T01:28:25.653501+02:00;standby;22.1;30.9;5.0;25.0;54.4;10.0;0;0;0;0;16510.82;11280.08;5230.74;32444.348
2026-08-14T01:29:26.073928+02:00;standby;22.1;30.9;5.0;25.0;54.4;10.0;0;0;0;0;16510.82;11280.08;5230.74;32444.348
2026-08-14T01:30:26.584491+02:00;standby;22.1;30.7;5.0;25.0;54.4;10.0;0;0;0;0;16510.82;11280.08;5230.74;32444.348
2026-08-14T01:31:27.088135+02:00;standby;22.1;30.9;5.0;25.0;54.4;10.0;0;0;0;0;16510.82;11280.08;5230.74;32444.348
2026-08-14T01:32:27.599546+02:00;standby;22.1;30.7;5.0;25.0;54.4;10.0;0;0;0;0;16510.82;11280.08;5230.74;32444.348
2026-08-14T01:33:28.213713+02:00;standby;22.1;30.7;5.0;25.0;54.4;10.0;0;0;0;0;16510.82;11280.08;5230.74;32444.348
2026-08-14T01:34:28.693358+02:00;standby;22.1;30.7;5.0;25.0;54.4;10.0;0;0;0;0;16510.82;11280.08;5230.74;32444.348
2026-08-14T01:35:29.971991+02:00;standby;22.1;30.7;5.0;25.0;54.4;10.0;0;0;0;0;16510.82;11280.08;5230.74;32444.348
2026-08-14T01:36:30.423768+02:00;standby;22.1;30.7;5.0;25.0;54.3;10.0;0;0;0;0;16510.82;11280.08;5230.74;32444.348
2026-08-14T01:37:31.123775+02:00;standby;22.1;30.7;5.0;25.0;54.3;10.0;0;0;0;0;16510.82;11280.08;5230.74;32444.348
2026-08-14T01:38:31.594027+02:00;standby;22.1;30.7;5.0;25.0;54.3;10.0;0;0;0;0;16510.82;11280.08;5230.74;32444.348
2026-08-14T01:39:32.107279+02:00;standby;22.1;30.7;5.0;25.0;54.3;10.0;0;0;0;0;16510.82;11280.08;5230.74;32444.348
2026-08-14T01:40:32.669420+02:00;standby;22.1;30.7;5.0;25.0;54.3;10.0;0;0;0;0;16510.82;11280.08;5230.74;32444.348
2026-08-14T01:41:33.116299+02:00;standby;22.1;30.7;5.0;25.0;54.3;10.0;0;0;0;0;16510.82;11280.08;5230.74;32444.348
2026-08-14T01:42:33.783561+02:00;standby;22.1;30.7;5.0;25.0;54.3;10.0;0;0;0;0;16510.82;11280.08;5230.74;32444.348
2026-08-14T01:43:34.598856+02:00;standby;22.1;30.7;5.0;25.0;54.3;10.0;0;0;0;0;16510.82;11280.08;5230.74;32444.348
2026-08-14T01:44:35.170784+02:00;standby;22.1;30.7;5.0;25.0;54.3;10.0;0;0;0;0;16510.82;11280.08;5230.74;32444.348
2026-08-14T01:45:37.351146+02:00;standby;22.1;30.7;5.0;25.0;54.3;10.0;0;0;0;0;16510.82;11280.08;5230.74;32444.348
2026-08-14T01:46:37.844126+02:00;standby;21.4;30.6;5.0;25.0;54.3;10.0;0;0;0;0;16510.82;11280.08;5230.74;32444.348
2026-08-14T01:47:38.331655+02:00;standby;21.4;30.6;5.0;25.0;54.3;10.0;0;0;0;0;16510.82;11280.08;5230.74;32444.348
2026-08-14T01:48:39.809975+02:00;standby;21.4;30.6;5.0;25.0;54.2;10.0;0;0;0;0;16510.82;11280.08;5230.74;32444.348
2026-08-14T01:49:41.301257+02:00;standby;21.4;30.6;5.0;25.0;54.2;10.0;0;0;0;0;16510.82;11280.08;5230.74;32444.348
2026-08-14T01:50:41.815236+02:00;standby;21.4;30.6;5.0;25.0;54.2;10.0;0;0;0;0;16510.82;11280.08;5230.74;32444.348
2026-08-14T01:51:42.370341+02:00;standby;21.4;30.6;5.0;25.0;54.2;10.0;0;0;0;0;16510.82;11280.08;5230.74;32444.348
2026-08-14T01:52:42.852017+02:00;standby;21.4;30.6;5.0;25.0;54.2;10.0;0;0;0;0;16510.82;11280.08;5230.74;32444.348
2026-08-14T01:53:43.862548+02:00;standby;21.4;30.6;5.0;25.0;54.2;10.0;0;0;0;0;16510.82;11280.08;5230.74;32444.348
2026-08-14T01:54:44.309032+02:00;standby;21.4;30.6;5.0;25.0;54.2;10.0;0;0;0;0;16510.82;11280.08;5230.74;32444.348
2026-08-14T01:55:44.837112+02:00;standby;21.4;30.6;5.0;25.0;54.2;10.0;0;0;0;0;16510.82;11280.08;5230.74;32444.348
2026-08-14T01:56:45.970206+02:00;standby;21.4;30.6;5.0;25.0;54.2;10.0;0;0;0;0;16510.82;11280.08;5230.74;32444.348
2026-08-14T01:57:46.591101+02:00;standby;21.4;30.6;5.0;25.0;54.2;10.0;0;0;0;0;16510.82;11280.08;5230.74;32444.348
2026-08-14T01:58:47.103398+02:00;standby;21.4;30.6;5.0;25.0;54.2;10.0;0;0;0;0;16510.82;11280.08;5230.74;32444.348
2026-08-14T01:59:47.871298+02:00;standby;21.4;30.6;5.0;25.0;54.2;10.0;0;0;0;0;16510.82;11280.08;5230.74;32444.348
2026-08-14T02:00:48.747699+02:00;standby;21.4;30.6;5.0;25.0;54.1;10.0;0;0;0;0;16510.82;11280.08;5230.74;32444.348
2026-08-14T02:01:49.377700+02:00;standby;21.4;30.6;5.0;25.0;54.1;10.0;0;0;0;0;16510.82;11280.08;5230.74;32444.348
2026-08-14T02:02:49.937627+02:00;standby;21.4;30.6;5.0;25.0;54.1;10.0;0;0;0;0;16510.82;11280.08;5230.74;32444.348
2026-08-14T02:03:50.723276+02:00;standby;21.4;30.6;5.0;25.0;54.1;10.0;0;0;0;0;16510.82;11280.08;5230.74;32444.348
2026-08-14T02:04:51.191467+02:00;standby;21.4;30.5;5.0;25.0;54.1;10.0;0;0;0;0;16510.82;11280.08;5230.74;32444.348
2026-08-14T02:05:51.699560+02:00;standby;21.4;30.6;5.0;25.0;54.1;10.0;0;0;0;0;16510.82;11280.08;5230.74;32444.348
2026-08-14T02:06:52.112393+02:00;standby;21.4;30.5;5.0;25.0;54.1;10.0;0;0;0;0;16510.82;11280.08;5230.74;32444.348
2026-08-14T02:07:52.634519+02:00;standby;21.4;30.5;5.0;25.0;54.1;10.0;0;0;0;0;16510.82;11280.08;5230.74;32444.348
2026-08-14T02:08:53.053265+02:00;standby;21.4;30.5;5.0;25.0;54.1;10.0;0;0;0;0;16510.82;11280.08;5230.74;32444.348
2026-08-14T02:09:53.497840+02:00;standby;21.4;30.5;5.0;25.0;54.1;10.0;0;0;0;0;16510.82;11280.08;5230.74;32444.348
2026-08-14T02:10:53.985257+02:00;standby;21.4;30.5;5.0;25.0;54.1;10.0;0;0;0;0;16510.82;11280.08;5230.74;32444.348
2026-08-14T02:11:54.614725+02:00;standby;21.4;30.5;5.0;25.0;54.1;10.0;0;0;0;0;16510.82;11280.08;5230.74;32444.348
2026-08-14T02:12:55.033016+02:00;standby;21.4;30.5;5.0;25.0;54.0;10.0;0;0;0;0;16510.82;11280.08;5230.74;32444.348
2026-08-14T02:13:55.812507+02:00;standby;21.4;30.5;5.0;25.0;54.0;10.0;0;0;0;0;16510.82;11280.08;5230.74;32444.348
2026-08-14T02:14:56.346001+02:00;standby;21.4;30.5;5.0;25.0;54.0;10.0;0;0;0;0;16510.82;11280.08;5230.74;32444.348
2026-08-14T02:15:56.744040+02:00;standby;21.4;30.5;5.0;25.0;54.0;10.0;0;0;0;0;16510.82;11280.08;5230.74;32444.348
2026-08-14T02:16:57.219018+02:00;standby;21.4;30.5;5.0;25.0;54.0;10.0;0;0;0;0;16510.82;11280.08;5230.74;32444.348
2026-08-14T02:17:57.841867+02:00;standby;21.4;30.5;5.0;25.0;54.0;10.0;0;0;0;0;16510.82;11280.08;5230.74;32444.348
2026-08-14T02:18:58.313975+02:00;standby;21.4;30.5;5.0;25.0;54.0;10.0;0;0;0;0;16510.82;11280.08;5230.74;32444.348
2026-08-14T02:19:59.017599+02:00;standby;21.4;30.5;5.0;25.0;54.0;10.0;0;0;0;0;16510.82;11280.08;5230.74;32444.348
2026-08-14T02:20:59.451542+02:00;standby;21.4;30.5;5.0;25.0;54.0;10.0;0;0;0;0;16510.82;11280.08;5230.74;32444.348
2026-08-14T02:21:59.958526+02:00;standby;21.4;30.5;5.0;25.0;54.0;10.0;0;0;0;0;16510.82;11280.08;5230.74;32444.348
2026-08-14T02:23:00.485926+02:00;standby;21.4;30.4;5.0;25.0;54.0;10.0;0;0;0;0;16510.82;11280.08;5230.74;32444.348
2026-08-14T02:24:02.391453+02:00;standby;21.4;30.5;5.0;25.0;54.0;10.0;0;0;0;0;16510.82;11280.08;5230.74;32444.348
2026-08-14T02:25:03.412663+02:00;standby;21.4;30.4;5.0;25.0;53.9;10.0;0;0;0;0;16510.82;11280.08;5230.74;32444.348
2026-08-14T02:26:03.879754+02:00;standby;21.4;30.4;5.0;25.0;53.9;10.0;0;0;0;0;16510.82;11280.08;5230.74;32444.348
2026-08-14T02:27:04.401791+02:00;standby;21.4;30.4;5.0;25.0;53.9;10.0;0;0;0;0;16510.82;11280.08;5230.74;32444.348
2026-08-14T02:28:05.020045+02:00;standby;21.4;30.4;5.0;25.0;53.9;10.0;0;0;0;0;16510.82;11280.08;5230.74;32444.348
2026-08-14T02:29:05.660123+02:00;standby;21.4;30.4;5.0;25.0;53.9;10.0;0;0;0;0;16510.82;11280.08;5230.74;32444.348
2026-08-14T02:30:06.122556+02:00;standby;21.4;30.4;5.0;25.0;53.9;10.0;0;0;0;0;16510.82;11280.08;5230.74;32444.348
2026-08-14T02:31:06.573162+02:00;standby;21.4;30.4;5.0;25.0;53.9;10.0;0;0;0;0;16510.82;11280.08;5230.74;32444.348
2026-08-14T02:32:07.195349+02:00;standby;21.4;30.4;5.0;25.0;53.9;10.0;0;0;0;0;16510.82;11280.08;5230.74;32444.348
2026-08-14T02:33:07.828596+02:00;standby;21.4;30.4;5.0;25.0;53.9;10.0;0;0;0;0;16510.82;11280.08;5230.74;32444.348
2026-08-14T02:34:08.858798+02:00;standby;21.4;30.4;5.0;25.0;53.9;10.0;0;0;0;0;16510.82;11280.08;5230.74;32444.348
2026-08-14T02:35:09.437126+02:00;standby;21.4;30.4;5.0;25.0;53.9;10.0;0;0;0;0;16510.82;11280.08;5230.74;32444.348
2026-08-14T02:36:09.891742+02:00;standby;21.4;30.4;5.0;25.0;53.9;10.0;0;0;0;0;16510.82;11280.08;5230.74;32444.348
2026-08-14T02:37:10.376104+02:00;standby;21.4;30.4;5.0;25.0;53.8;10.0;0;0;0;0;16510.82;11280.08;5230.74;32444.348
2026-08-14T02:38:10.929736+02:00;standby;21.4;30.4;5.0;25.0;53.8;10.0;0;0;0;0;16510.82;11280.08;5230.74;32444.348
2026-08-14T02:39:11.399437+02:00;standby;21.4;30.4;5.0;25.0;53.8;10.0;0;0;0;0;16510.82;11280.08;5230.74;32444.348
2026-08-14T02:40:11.874183+02:00;standby;21.4;30.4;5.0;25.0;53.8;10.0;0;0;0;0;16510.82;11280.08;5230.74;32444.348
2026-08-14T02:41:12.500146+02:00;standby;21.4;30.4;5.0;25.0;53.8;10.0;0;0;0;0;16510.82;11280.08;5230.74;32444.348
2026-08-14T02:42:12.967082+02:00;standby;21.4;30.4;5.0;25.0;53.8;10.0;0;0;0;0;16510.82;11280.08;5230.74;32444.348
2026-08-14T02:43:13.572070+02:00;standby;21.4;30.4;5.0;25.0;53.8;10.0;0;0;0;0;16510.82;11280.08;5230.74;32444.348
2026-08-14T02:44:14.260079+02:00;standby;21.4;30.4;5.0;25.0;53.8;10.0;0;0;0;0;16510.82;11280.08;5230.74;32444.348
2026-08-14T02:45:14.840440+02:00;standby;21.4;30.2;5.0;25.0;53.8;10.0;0;0;0;0;16510.82;11280.08;5230.74;32444.348
2026-08-14T02:46:15.327503+02:00;standby;21.4;30.2;5.0;25.0;53.8;10.0;0;0;0;0;16510.82;11280.08;5230.74;32444.348
2026-08-14T02:47:15.918639+02:00;standby;20.7;30.2;5.0;25.0;53.8;10.0;0;0;0;0;16510.82;11280.08;5230.74;32444.348
2026-08-14T02:48:16.449873+02:00;standby;20.7;30.2;5.0;25.0;53.8;10.0;0;0;0;0;16510.82;11280.08;5230.74;32444.348
2026-08-14T02:49:17.060151+02:00;standby;20.7;30.2;5.0;25.0;53.8;10.0;0;0;0;0;16510.82;11280.08;5230.74;32444.348
2026-08-14T02:50:17.791117+02:00;standby;20.7;30.2;5.0;25.0;53.8;10.0;0;0;0;0;16510.82;11280.08;5230.74;32444.348
2026-08-14T02:51:18.611294+02:00;standby;20.7;30.2;5.0;25.0;53.8;10.0;0;0;0;0;16510.82;11280.08;5230.74;32444.348
2026-08-14T02:52:19.078341+02:00;standby;20.7;30.2;5.0;25.0;53.7;10.0;0;0;0;0;16510.82;11280.08;5230.74;32444.348
2026-08-14T02:53:22.511554+02:00;standby;20.7;30.2;5.0;25.0;53.7;10.0;0;0;0;0;16510.82;11280.08;5230.74;32444.348
2026-08-14T02:54:23.703604+02:00;standby;20.7;30.2;5.0;25.0;53.7;10.0;0;0;0;0;16510.82;11280.08;5230.74;32444.348
2026-08-14T02:55:24.177074+02:00;standby;20.7;30.2;5.0;25.0;53.7;10.0;0;0;0;0;16510.82;11280.08;5230.74;32444.348
2026-08-14T02:56:24.890240+02:00;standby;20.7;30.2;5.0;25.0;53.7;10.0;0;0;0;0;16510.82;11280.08;5230.74;32444.348
2026-08-14T02:57:25.409531+02:00;standby;20.7;30.2;5.0;25.0;53.7;10.0;0;0;0;0;16510.82;11280.08;5230.74;32444.348
2026-08-14T02:58:26.344022+02:00;standby;20.7;30.2;5.0;25.0;53.7;10.0;0;0;0;0;16510.82;11280.08;5230.74;32444.348
2026-08-14T02:59:26.855060+02:00;standby;20.7;30.2;5.0;25.0;53.7;10.0;0;0;0;0;16510.82;11280.08;5230.74;32444.348
2026-08-14T03:00:27.487830+02:00;standby;20.7;30.2;5.0;25.0;53.7;10.0;0;0;0;0;16510.82;11280.08;5230.74;32444.348
2026-08-14T03:01:28.112775+02:00;standby;20.7;30.2;5.0;25.0;53.7;10.0;0;0;0;0;16510.82;11280.08;5230.74;32444.348
2026-08-14T03:02:28.720370+02:00;standby;20.7;30.2;5.0;25.0;53.6;10.0;0;0;0;0;16510.82;11280.08;5230.74;32444.348
2026-08-14T03:03:29.187036+02:00;standby;20.7;30.2;5.0;25.0;53.6;10.0;0;0;0;0;16510.82;11280.08;5230.74;32444.348
2026-08-14T03:04:29.875305+02:00;standby;20.7;30.2;5.0;25.0;53.6;10.0;0;0;0;0;16510.82;11280.08;5230.74;32444.348
2026-08-14T03:05:30.445654+02:00;standby;20.7;30.2;5.0;25.0;53.6;10.0;0;0;0;0;16510.82;11280.08;5230.74;32444.348
2026-08-14T03:06:30.964146+02:00;standby;20.7;30.1;5.0;25.0;53.6;10.0;0;0;0;0;16510.82;11280.08;5230.74;32444.348
2026-08-14T03:07:31.479953+02:00;standby;20.7;30.1;5.0;25.0;53.6;10.0;0;0;0;0;16510.82;11280.08;5230.74;32444.348
2026-08-14T03:08:32.049235+02:00;standby;20.7;30.1;5.0;25.0;53.6;10.0;0;0;0;0;16510.82;11280.08;5230.74;32444.348
2026-08-14T03:09:32.679518+02:00;standby;20.7;30.1;5.0;25.0;53.6;10.0;0;0;0;0;16510.82;11280.08;5230.74;32444.348
2026-08-14T03:10:33.352395+02:00;standby;20.7;30.1;5.0;25.0;53.6;10.0;0;0;0;0;16510.82;11280.08;5230.74;32444.348
2026-08-14T03:11:33.810118+02:00;standby;20.7;30.1;5.0;25.0;53.6;10.0;0;0;0;0;16510.82;11280.08;5230.74;32444.348
2026-08-14T03:12:34.631084+02:00;standby;20.7;30.1;5.0;25.0;53.6;10.0;0;0;0;0;16510.82;11280.08;5230.74;32444.348
2026-08-14T03:13:35.359911+02:00;standby;20.7;30.1;5.0;25.0;53.6;10.0;0;0;0;0;16510.82;11280.08;5230.74;32444.348
2026-08-14T03:14:35.876852+02:00;standby;20.7;30.1;5.0;25.0;53.5;10.0;0;0;0;0;16510.82;11280.08;5230.74;32444.348
2026-08-14T03:15:36.860752+02:00;standby;20.7;30.1;5.0;25.0;53.5;10.0;0;0;0;0;16510.82;11280.08;5230.74;32444.348
2026-08-14T03:16:37.326515+02:00;standby;20.7;30.1;5.0;25.0;53.5;10.0;0;0;0;0;16510.82;11280.08;5230.74;32444.348
2026-08-14T03:17:37.753859+02:00;standby;20.7;30.1;5.0;25.0;53.5;10.0;0;0;0;0;16510.82;11280.08;5230.74;32444.348
2026-08-14T03:18:38.419630+02:00;standby;20.7;30.1;5.0;25.0;53.5;10.0;0;0;0;0;16510.82;11280.08;5230.74;32444.348
2026-08-14T03:19:38.985028+02:00;standby;20.7;30.1;5.0;25.0;53.5;10.0;0;0;0;0;16510.82;11280.08;5230.74;32444.348
2026-08-14T03:20:39.515751+02:00;standby;20.7;30.1;5.0;25.0;53.5;10.0;0;0;0;0;16510.82;11280.08;5230.74;32444.348
2026-08-14T03:21:41.617954+02:00;standby;20.7;30.1;5.0;25.0;53.5;10.0;0;0;0;0;16510.82;11280.08;5230.74;32444.348
2026-08-14T03:22:42.294012+02:00;standby;20.7;30.1;5.0;25.0;53.5;10.0;0;0;0;0;16510.82;11280.08;5230.74;32444.348
2026-08-14T03:23:42.805651+02:00;standby;20.7;30.1;5.0;25.0;53.5;10.0;0;0;0;0;16510.82;11280.08;5230.74;32444.348
2026-08-14T03:24:43.268791+02:00;standby;20.7;30.1;5.0;25.0;53.5;10.0;0;0;0;0;16510.82;11280.08;5230.74;32444.348
2026-08-14T03:25:43.744314+02:00;standby;20.7;30.1;5.0;25.0;53.5;10.0;0;0;0;0;16510.82;11280.08;5230.74;32444.348
2026-08-14T03:26:44.191900+02:00;standby;20.7;30.1;5.0;25.0;53.5;10.0;0;0;0;0;16510.82;11280.08;5230.74;32444.348
2026-08-14T03:27:44.679638+02:00;standby;20.7;30.1;5.0;25.0;53.4;10.0;0;0;0;0;16510.82;11280.08;5230.74;32444.348
2026-08-14T03:28:45.262329+02:00;standby;20.7;30.1;5.0;25.0;53.4;10.0;0;0;0;0;16510.82;11280.08;5230.74;32444.348
2026-08-14T03:29:45.748316+02:00;standby;20.7;30.0;5.0;25.0;53.4;10.0;0;0;0;0;16510.82;11280.08;5230.74;32444.348
2026-08-14T03:30:46.234626+02:00;standby;20.7;30.1;5.0;25.0;53.4;10.0;0;0;0;0;16510.82;11280.08;5230.74;32444.348
2026-08-14T03:31:47.817767+02:00;standby;20.7;30.0;5.0;25.0;53.4;10.0;0;0;0;0;16510.82;11280.08;5230.74;32444.348
2026-08-14T03:32:48.547781+02:00;standby;20.7;30.0;5.0;25.0;53.4;10.0;0;0;0;0;16510.82;11280.08;5230.74;32444.348
2026-08-14T03:33:49.077558+02:00;standby;20.7;30.0;5.0;25.0;53.4;10.0;0;0;0;0;16510.82;11280.08;5230.74;32444.348
2026-08-14T03:34:49.574049+02:00;standby;20.7;30.0;5.0;25.0;53.4;10.0;0;0;0;0;16510.82;11280.08;5230.74;32444.348
2026-08-14T03:35:50.005340+02:00;standby;20.7;30.0;5.0;25.0;53.4;10.0;0;0;0;0;16510.82;11280.08;5230.74;32444.348
2026-08-14T03:36:50.598283+02:00;standby;20.7;30.0;5.0;25.0;53.4;10.0;0;0;0;0;16510.82;11280.08;5230.74;32444.348
2026-08-14T03:37:51.113998+02:00;standby;20.7;30.0;5.0;25.0;53.4;10.0;0;0;0;0;16510.82;11280.08;5230.74;32444.348
2026-08-14T03:38:51.618548+02:00;standby;20.7;30.0;5.0;25.0;53.4;10.0;0;0;0;0;16510.82;11280.08;5230.74;32444.348
2026-08-14T03:39:52.138383+02:00;standby;20.7;30.0;5.0;25.0;53.3;10.0;0;0;0;0;16510.82;11280.08;5230.74;32444.348
2026-08-14T03:40:52.700660+02:00;standby;20.7;30.0;5.0;25.0;53.4;10.0;0;0;0;0;16510.82;11280.08;5230.74;32444.348
2026-08-14T03:41:53.137107+02:00;standby;20.7;30.0;5.0;25.0;53.3;10.0;0;0;0;0;16510.82;11280.08;5230.74;32444.348
2026-08-14T03:42:53.626708+02:00;standby;20.7;30.0;5.0;25.0;53.3;10.0;0;0;0;0;16510.82;11280.08;5230.74;32444.348
2026-08-14T03:43:54.553176+02:00;standby;20.7;30.0;5.0;25.0;53.3;10.0;0;0;0;0;16510.82;11280.08;5230.74;32444.348
2026-08-14T03:44:55.345029+02:00;standby;20.7;30.0;5.0;25.0;53.3;10.0;0;0;0;0;16510.82;11280.08;5230.74;32444.348
2026-08-14T03:45:55.968049+02:00;standby;20.7;30.0;5.0;25.0;53.3;10.0;0;0;0;0;16510.82;11280.08;5230.74;32444.348
2026-08-14T03:46:56.590540+02:00;standby;20.7;30.0;5.0;25.0;53.3;10.0;0;0;0;0;16510.82;11280.08;5230.74;32444.348
2026-08-14T03:47:57.122454+02:00;standby;20.2;30.0;5.0;25.0;53.3;10.0;0;0;0;0;16510.82;11280.08;5230.74;32444.348
2026-08-14T03:48:58.031971+02:00;standby;20.2;30.0;5.0;25.0;53.3;10.0;0;0;0;0;16510.82;11280.08;5230.74;32444.348
2026-08-14T03:49:58.495549+02:00;standby;20.2;30.0;5.0;25.0;53.3;10.0;0;0;0;0;16510.82;11280.08;5230.74;32444.348
2026-08-14T03:50:59.076999+02:00;standby;20.2;30.0;5.0;25.0;53.3;10.0;0;0;0;0;16510.82;11280.08;5230.74;32444.348
2026-08-14T03:51:59.607226+02:00;standby;20.2;30.0;5.0;25.0;53.3;10.0;0;0;0;0;16510.82;11280.08;5230.74;32444.348
2026-08-14T03:53:00.154339+02:00;standby;20.2;30.0;5.0;25.0;53.2;10.0;0;0;0;0;16510.82;11280.08;5230.74;32444.348
2026-08-14T03:54:00.643820+02:00;standby;20.2;30.0;5.0;25.0;53.3;10.0;0;0;0;0;16510.82;11280.08;5230.74;32444.348
2026-08-14T03:55:01.394589+02:00;standby;20.2;30.0;5.0;25.0;53.2;10.0;0;0;0;0;16510.82;11280.08;5230.74;32444.348
2026-08-14T03:56:01.888336+02:00;standby;20.2;30.0;5.0;25.0;53.2;10.0;0;0;0;0;16510.82;11280.08;5230.74;32444.348
2026-08-14T03:57:02.557865+02:00;standby;20.2;30.0;5.0;25.0;53.2;10.0;0;0;0;0;16510.82;11280.08;5230.74;32444.348
2026-08-14T03:58:03.130649+02:00;standby;20.2;29.9;5.0;25.0;53.2;10.0;0;0;0;0;16510.82;11280.08;5230.74;32444.348
2026-08-14T03:59:03.682880+02:00;standby;20.2;29.9;5.0;25.0;53.2;10.0;0;0;0;0;16510.82;11280.08;5230.74;32444.348
2026-08-14T04:00:04.166409+02:00;standby;20.2;29.9;5.0;25.0;53.2;10.0;0;0;0;0;16510.82;11280.08;5230.74;32444.348
2026-08-14T04:01:04.715063+02:00;standby;20.2;29.9;5.0;25.0;53.2;57.0;0;0;0;0;16510.82;11280.08;5230.74;32444.348
2026-08-14T04:02:05.237414+02:00;standby;20.2;29.9;5.0;25.0;53.2;57.0;0;0;0;0;16510.82;11280.08;5230.74;32444.348
2026-08-14T04:03:05.929380+02:00;standby;20.2;29.9;5.0;25.0;53.2;57.0;0;0;0;0;16510.82;11280.08;5230.74;32444.348
2026-08-14T04:04:06.346515+02:00;standby;20.2;29.9;5.0;25.0;53.2;57.0;0;0;0;0;16510.82;11280.08;5230.74;32444.348
2026-08-14T04:05:06.816465+02:00;standby;20.2;29.9;5.0;25.0;53.2;57.0;0;0;0;0;16510.82;11280.08;5230.74;32444.348
2026-08-14T04:06:07.285368+02:00;standby;20.2;29.9;5.0;25.0;53.2;57.0;0;0;0;0;16510.82;11280.08;5230.74;32444.348
2026-08-14T04:07:09.363611+02:00;standby;20.2;29.9;5.0;25.0;53.1;57.0;0;0;0;0;16510.82;11280.08;5230.74;32444.348
2026-08-14T04:08:09.900572+02:00;standby;20.2;29.9;5.0;25.0;53.1;57.0;0;0;0;0;16510.82;11280.08;5230.74;32444.348
2026-08-14T04:09:12.046957+02:00;standby;20.2;29.9;5.0;25.0;53.1;57.0;0;0;0;0;16510.82;11280.08;5230.74;32444.348
2026-08-14T04:10:12.477130+02:00;standby;20.2;29.9;5.0;25.0;53.1;57.0;0;0;0;0;16510.82;11280.08;5230.74;32444.348
2026-08-14T04:11:12.946629+02:00;standby;20.2;29.9;5.0;25.0;53.1;57.0;0;0;0;0;16510.82;11280.08;5230.74;32444.348
2026-08-14T04:12:13.743409+02:00;standby;20.2;29.9;5.0;25.0;53.1;57.0;0;0;0;0;16510.82;11280.08;5230.74;32444.348
2026-08-14T04:13:14.192304+02:00;standby;20.2;29.9;5.0;25.0;53.1;57.0;0;0;0;0;16510.82;11280.08;5230.74;32444.348
2026-08-14T04:14:14.741326+02:00;standby;20.2;29.7;5.0;25.0;53.1;57.0;0;0;0;0;16510.82;11280.08;5230.74;32444.348
2026-08-14T04:15:15.272798+02:00;standby;20.2;29.9;5.0;25.0;53.1;57.0;0;0;0;0;16510.82;11280.08;5230.74;32444.348
2026-08-14T04:16:15.757437+02:00;standby;20.2;29.9;5.0;25.0;53.1;57.0;0;0;0;0;16510.82;11280.08;5230.74;32444.348
2026-08-14T04:17:16.323597+02:00;standby;20.2;29.9;5.0;25.0;53.1;57.0;0;0;0;0;16510.82;11280.08;5230.74;32444.348
2026-08-14T04:18:16.839536+02:00;standby;20.2;29.9;5.0;25.0;53.1;57.0;0;0;0;0;16510.82;11280.08;5230.74;32444.348
2026-08-14T04:19:17.420416+02:00;standby;20.2;29.9;5.0;25.0;52.9;57.0;0;0;0;0;16510.82;11280.08;5230.74;32444.348
2026-08-14T04:20:17.935654+02:00;standby;20.2;29.9;5.0;25.0;52.9;57.0;0;0;0;0;16510.82;11280.08;5230.74;32444.348
2026-08-14T04:21:18.601938+02:00;standby;20.2;29.9;5.0;25.0;52.9;57.0;0;0;0;0;16510.82;11280.08;5230.74;32444.348
2026-08-14T04:22:19.068343+02:00;standby;20.2;29.9;5.0;25.0;52.9;57.0;0;0;0;0;16510.82;11280.08;5230.74;32444.348
2026-08-14T04:23:19.597316+02:00;standby;20.2;29.9;5.0;25.0;52.9;57.0;0;0;0;0;16510.82;11280.08;5230.74;32444.348
2026-08-14T04:24:20.113614+02:00;standby;20.2;29.9;5.0;25.0;52.9;57.0;0;0;0;0;16510.82;11280.08;5230.74;32444.348
2026-08-14T04:25:20.635082+02:00;standby;20.2;29.7;5.0;25.0;52.9;57.0;0;0;0;0;16510.82;11280.08;5230.74;32444.348
2026-08-14T04:26:21.259837+02:00;standby;20.2;29.9;5.0;25.0;52.9;57.0;0;0;0;0;16510.82;11280.08;5230.74;32444.348
2026-08-14T04:27:21.774338+02:00;standby;20.2;29.9;5.0;25.0;52.9;57.0;0;0;0;0;16510.82;11280.08;5230.74;32444.348
2026-08-14T04:28:22.300864+02:00;standby;20.2;29.7;5.0;25.0;52.9;57.0;0;0;0;0;16510.82;11280.08;5230.74;32444.348
2026-08-14T04:29:22.855098+02:00;standby;20.2;29.9;5.0;25.0;52.9;57.0;0;0;0;0;16510.82;11280.08;5230.74;32444.348
2026-08-14T04:30:23.281525+02:00;standby;20.2;29.9;5.0;25.0;52.9;57.0;0;0;0;0;16510.82;11280.08;5230.74;32444.348
2026-08-14T04:31:23.945866+02:00;standby;20.2;29.9;5.0;25.0;52.9;57.0;0;0;0;0;16510.82;11280.08;5230.74;32444.348
2026-08-14T04:32:24.365466+02:00;standby;20.2;29.7;5.0;25.0;52.8;57.0;0;0;0;0;16510.82;11280.08;5230.74;32444.348
2026-08-14T04:33:24.786572+02:00;standby;20.2;29.7;5.0;25.0;52.8;57.0;0;0;0;0;16510.82;11280.08;5230.74;32444.348
2026-08-14T04:34:25.552436+02:00;standby;20.2;29.7;5.0;25.0;52.8;57.0;0;0;0;0;16510.82;11280.08;5230.74;32444.348
2026-08-14T04:35:28.942785+02:00;standby;20.2;29.7;5.0;25.0;52.8;57.0;0;0;0;0;16510.82;11280.08;5230.74;32444.348
2026-08-14T04:36:29.411054+02:00;standby;20.2;29.7;5.0;25.0;52.8;57.0;0;0;0;0;16510.82;11280.08;5230.74;32444.348
2026-08-14T04:37:30.174463+02:00;standby;20.2;29.7;5.0;25.0;52.8;57.0;0;0;0;0;16510.82;11280.08;5230.74;32444.348
2026-08-14T04:38:30.659822+02:00;standby;20.2;29.7;5.0;25.0;52.8;57.0;0;0;0;0;16510.82;11280.08;5230.74;32444.348
2026-08-14T04:39:31.178487+02:00;standby;20.2;29.7;5.0;25.0;52.8;57.0;0;0;0;0;16510.82;11280.08;5230.74;32444.348
2026-08-14T04:40:31.692081+02:00;standby;20.2;29.7;5.0;25.0;52.8;57.0;0;0;0;0;16510.82;11280.08;5230.74;32444.348
2026-08-14T04:41:32.384616+02:00;standby;20.2;29.7;5.0;25.0;52.8;57.0;0;0;0;0;16510.82;11280.08;5230.74;32444.348
2026-08-14T04:42:32.832193+02:00;standby;20.2;29.7;5.0;25.0;52.8;57.0;0;0;0;0;16510.82;11280.08;5230.74;32444.348
2026-08-14T04:43:33.818809+02:00;standby;20.2;29.7;5.0;25.0;52.8;57.0;0;0;0;0;16510.82;11280.08;5230.74;32444.348
2026-08-14T04:44:34.383302+02:00;standby;20.2;29.7;5.0;25.0;52.7;57.0;0;0;0;0;16510.82;11280.08;5230.74;32444.348
2026-08-14T04:45:35.050037+02:00;standby;20.2;29.7;5.0;25.0;52.7;57.0;0;0;0;0;16510.82;11280.08;5230.74;32444.348
2026-08-14T04:46:35.479585+02:00;standby;20.2;29.7;5.0;25.0;52.7;57.0;0;0;0;0;16510.82;11280.08;5230.74;32444.348
2026-08-14T04:47:36.095392+02:00;standby;20.2;29.7;5.0;25.0;52.7;57.0;0;0;0;0;16510.82;11280.08;5230.74;32444.348
2026-08-14T04:48:36.870012+02:00;standby;19.6;29.7;5.0;25.0;52.7;57.0;0;0;0;0;16510.82;11280.08;5230.74;32444.348
2026-08-14T04:49:37.285422+02:00;standby;19.6;29.7;5.0;25.0;52.7;57.0;0;0;0;0;16510.82;11280.08;5230.74;32444.348
2026-08-14T04:50:37.804935+02:00;standby;19.6;29.7;5.0;25.0;52.7;57.0;0;0;0;0;16510.82;11280.08;5230.74;32444.348
2026-08-14T04:51:38.328710+02:00;standby;19.6;29.7;5.0;25.0;52.7;57.0;0;0;0;0;16510.82;11280.08;5230.74;32444.348
2026-08-14T04:52:38.790560+02:00;standby;19.6;29.7;5.0;25.0;52.7;57.0;0;0;0;0;16510.82;11280.08;5230.74;32444.348
2026-08-14T04:53:39.375398+02:00;standby;19.6;29.7;5.0;25.0;52.7;57.0;0;0;0;0;16510.82;11280.08;5230.74;32444.348
2026-08-14T04:54:39.916233+02:00;standby;19.6;29.7;5.0;25.0;52.7;57.0;0;0;0;0;16510.82;11280.08;5230.74;32444.348
2026-08-14T04:55:40.606596+02:00;standby;19.6;29.7;5.0;25.0;52.7;57.0;0;0;0;0;16510.82;11280.08;5230.74;32444.348
2026-08-14T04:56:41.068188+02:00;standby;19.6;29.7;5.0;25.0;52.7;57.0;0;0;0;0;16510.82;11280.08;5230.74;32444.348
2026-08-14T04:57:41.678847+02:00;standby;19.6;29.6;5.0;25.0;52.6;57.0;0;0;0;0;16510.82;11280.08;5230.74;32444.348
2026-08-14T04:58:42.172753+02:00;standby;19.6;29.6;5.0;25.0;52.6;57.0;0;0;0;0;16510.82;11280.08;5230.74;32444.348
2026-08-14T04:59:42.785436+02:00;standby;19.6;29.6;5.0;25.0;52.6;57.0;0;0;0;0;16510.82;11280.08;5230.74;32444.348
2026-08-14T05:00:43.271784+02:00;standby;19.6;29.6;5.0;25.0;52.6;57.0;0;0;0;0;16510.82;11280.08;5230.74;32444.348
2026-08-14T05:01:43.730537+02:00;standby;19.6;29.6;5.0;25.0;52.6;57.0;0;0;0;0;16510.82;11280.08;5230.74;32444.348
2026-08-14T05:02:44.186743+02:00;standby;19.6;29.6;5.0;25.0;52.6;57.0;0;0;0;0;16510.82;11280.08;5230.74;32444.348
2026-08-14T05:03:44.798092+02:00;standby;19.6;29.6;5.0;25.0;52.6;57.0;0;0;0;0;16510.82;11280.08;5230.74;32444.348
2026-08-14T05:04:45.222857+02:00;standby;19.6;29.6;5.0;25.0;52.6;57.0;0;0;0;0;16510.82;11280.08;5230.74;32444.348
2026-08-14T05:05:45.937378+02:00;standby;19.6;29.7;5.0;25.0;52.6;57.0;0;0;0;0;16510.82;11280.08;5230.74;32444.348
2026-08-14T05:06:46.471175+02:00;standby;19.6;29.6;5.0;25.0;52.6;57.0;0;0;0;0;16510.82;11280.08;5230.74;32444.348
2026-08-14T05:07:46.949408+02:00;standby;19.6;29.6;5.0;25.0;52.6;57.0;0;0;0;0;16510.82;11280.08;5230.74;32444.348
2026-08-14T05:08:47.507638+02:00;standby;19.6;29.6;5.0;25.0;52.6;57.0;0;0;0;0;16510.82;11280.08;5230.74;32444.348
2026-08-14T05:09:48.048781+02:00;standby;19.6;29.6;5.0;25.0;52.6;57.0;0;0;0;0;16510.82;11280.08;5230.74;32444.348
2026-08-14T05:10:48.651616+02:00;standby;19.6;29.6;5.0;25.0;52.6;57.0;0;0;0;0;16510.82;11280.08;5230.74;32444.348
2026-08-14T05:11:49.123304+02:00;standby;19.6;29.6;5.0;25.0;52.5;57.0;0;0;0;0;16510.82;11280.08;5230.74;32444.348
2026-08-14T05:12:50.055641+02:00;standby;19.6;29.6;5.0;25.0;52.5;57.0;0;0;0;0;16510.82;11280.08;5230.74;32444.348
2026-08-14T05:13:52.348126+02:00;standby;19.6;29.6;5.0;25.0;52.5;57.0;0;0;0;0;16510.82;11280.08;5230.74;32444.348
2026-08-14T05:14:52.834316+02:00;standby;19.6;29.6;5.0;25.0;52.5;57.0;0;0;0;0;16510.82;11280.08;5230.74;32444.348
2026-08-14T05:15:53.597324+02:00;standby;19.6;29.6;5.0;25.0;52.5;57.0;0;0;0;0;16510.82;11280.08;5230.74;32444.348
2026-08-14T05:16:54.053764+02:00;standby;19.6;29.6;5.0;25.0;52.5;57.0;0;0;0;0;16510.82;11280.08;5230.74;32444.348
2026-08-14T05:17:54.739776+02:00;standby;19.6;29.4;5.0;25.0;52.5;57.0;0;0;0;0;16510.82;11280.08;5230.74;32444.348
2026-08-14T05:18:55.200309+02:00;standby;19.6;29.6;5.0;25.0;52.5;57.0;0;0;0;0;16510.82;11280.08;5230.74;32444.348
2026-08-14T05:19:55.659429+02:00;standby;19.6;29.6;5.0;25.0;52.5;57.0;0;0;0;0;16510.82;11280.08;5230.74;32444.348
2026-08-14T05:20:56.412451+02:00;standby;19.6;29.6;5.0;25.0;52.5;57.0;0;0;0;0;16510.82;11280.08;5230.74;32444.348
2026-08-14T05:21:56.876034+02:00;standby;19.6;29.6;5.0;25.0;52.5;57.0;0;0;0;0;16510.82;11280.08;5230.74;32444.348
2026-08-14T05:22:57.829037+02:00;standby;19.6;29.6;5.0;25.0;52.5;57.0;0;0;0;0;16510.82;11280.08;5230.74;32444.348
2026-08-14T05:23:58.268534+02:00;standby;19.6;29.6;5.0;25.0;52.4;57.0;0;0;0;0;16510.82;11280.08;5230.74;32444.348
2026-08-14T05:24:58.739374+02:00;standby;19.6;29.6;5.0;25.0;52.4;57.0;0;0;0;0;16510.82;11280.08;5230.74;32444.348
2026-08-14T05:25:59.261924+02:00;standby;19.6;29.6;5.0;25.0;52.4;57.0;0;0;0;0;16510.82;11280.08;5230.74;32444.348
2026-08-14T05:26:59.783429+02:00;standby;19.6;29.6;5.0;25.0;52.4;57.0;0;0;0;0;16510.82;11280.08;5230.74;32444.348
2026-08-14T05:28:01.158826+02:00;standby;19.6;29.6;5.0;25.0;52.4;57.0;0;0;0;0;16510.82;11280.08;5230.74;32444.348
2026-08-14T05:29:01.588723+02:00;standby;19.6;29.6;5.0;25.0;52.4;57.0;0;0;0;0;16510.82;11280.08;5230.74;32444.348
2026-08-14T05:30:02.099336+02:00;standby;19.6;29.6;5.0;25.0;52.4;57.0;0;0;0;0;16510.82;11280.08;5230.74;32444.348
2026-08-14T05:31:02.765106+02:00;standby;19.6;29.4;5.0;31.0;52.4;57.0;0;0;0;0;16510.82;11280.08;5230.74;32444.348
2026-08-14T05:32:03.173118+02:00;standby;19.6;29.4;5.0;31.0;52.4;57.0;0;0;0;0;16510.82;11280.08;5230.74;32444.348
2026-08-14T05:33:03.865586+02:00;standby;19.6;29.4;5.0;31.0;52.4;57.0;0;0;0;0;16510.82;11280.08;5230.74;32444.348
2026-08-14T05:34:04.340004+02:00;standby;19.6;29.4;5.0;31.0;52.4;57.0;0;0;0;0;16510.82;11280.08;5230.74;32444.348
2026-08-14T05:35:04.836756+02:00;standby;19.6;29.6;5.0;31.0;52.4;57.0;0;0;0;0;16510.82;11280.08;5230.74;32444.348
2026-08-14T05:36:05.273497+02:00;standby;19.6;29.4;5.0;31.0;52.4;57.0;0;0;0;0;16510.82;11280.08;5230.74;32444.348
2026-08-14T05:37:06.348635+02:00;standby;19.6;29.4;5.0;31.0;52.3;57.0;0;0;0;0;16510.82;11280.08;5230.74;32444.348
2026-08-14T05:38:07.156650+02:00;standby;19.6;29.4;5.0;31.0;52.3;57.0;0;0;0;0;16510.82;11280.08;5230.74;32444.348
2026-08-14T05:39:07.674802+02:00;standby;19.6;29.4;5.0;31.0;52.3;57.0;0;0;0;0;16510.82;11280.08;5230.74;32444.348
2026-08-14T05:40:08.173389+02:00;standby;19.6;29.4;5.0;31.0;52.3;57.0;0;0;0;0;16510.82;11280.08;5230.74;32444.348
2026-08-14T05:41:09.107598+02:00;standby;19.6;29.4;5.0;31.0;52.3;57.0;0;0;0;0;16510.82;11280.08;5230.74;32444.348
2026-08-14T05:42:09.661037+02:00;standby;19.6;29.4;5.0;31.0;52.3;57.0;0;0;0;0;16510.82;11280.08;5230.74;32444.348
2026-08-14T05:43:10.167236+02:00;standby;19.6;29.4;5.0;31.0;52.3;57.0;0;0;0;0;16510.82;11280.08;5230.74;32444.348
2026-08-14T05:44:10.642246+02:00;standby;19.6;29.4;5.0;31.0;52.3;57.0;0;0;0;0;16510.82;11280.08;5230.74;32444.348
2026-08-14T05:45:11.102144+02:00;standby;19.6;29.4;5.0;31.0;52.3;57.0;0;0;0;0;16510.82;11280.08;5230.74;32444.348
2026-08-14T05:46:11.646979+02:00;standby;19.6;29.4;5.0;31.0;52.3;57.0;0;0;0;0;16510.82;11280.08;5230.74;32444.348
2026-08-14T05:47:12.152060+02:00;standby;19.6;29.4;5.0;31.0;52.3;57.0;0;0;0;0;16510.82;11280.08;5230.74;32444.348
2026-08-14T05:48:14.528175+02:00;standby;19.6;29.4;5.0;31.0;52.2;57.0;0;0;0;0;16510.82;11280.08;5230.74;32444.348
2026-08-14T05:49:14.998790+02:00;standby;19.2;29.4;5.0;31.0;52.3;57.0;0;0;0;0;16510.82;11280.08;5230.74;32444.348
2026-08-14T05:50:15.805445+02:00;standby;19.2;29.4;5.0;31.0;52.2;57.0;0;0;0;0;16510.82;11280.08;5230.74;32444.348
2026-08-14T05:51:16.693478+02:00;standby;19.2;29.4;5.0;31.0;52.2;57.0;0;0;0;0;16510.82;11280.08;5230.74;32444.348
2026-08-14T05:52:17.189938+02:00;standby;19.2;29.4;5.0;31.0;52.2;57.0;0;0;0;0;16510.82;11280.08;5230.74;32444.348
2026-08-14T05:53:18.198648+02:00;standby;19.2;29.4;5.0;31.0;52.2;57.0;0;0;0;0;16510.82;11280.08;5230.74;32444.348
2026-08-14T05:54:18.692754+02:00;standby;19.2;29.4;5.0;31.0;52.2;57.0;0;0;0;0;16510.82;11280.08;5230.74;32444.348
2026-08-14T05:55:19.166088+02:00;standby;19.2;29.4;5.0;31.0;52.2;57.0;0;0;0;0;16510.82;11280.08;5230.74;32444.348
2026-08-14T05:56:19.699592+02:00;standby;19.2;29.4;5.0;31.0;52.2;57.0;0;0;0;0;16510.82;11280.08;5230.74;32444.348
2026-08-14T05:57:20.226817+02:00;standby;19.2;29.4;5.0;31.0;52.2;57.0;0;0;0;0;16510.82;11280.08;5230.74;32444.348
2026-08-14T05:58:20.795019+02:00;standby;19.2;29.4;5.0;31.0;52.2;57.0;0;0;0;0;16510.82;11280.08;5230.74;32444.348
2026-08-14T05:59:21.240569+02:00;standby;19.2;29.4;5.0;31.0;52.2;57.0;0;0;0;0;16510.82;11280.08;5230.74;32444.348
2026-08-14T06:00:21.922524+02:00;standby;19.2;29.4;5.0;31.0;52.2;57.0;0;0;0;0;16510.82;11280.08;5230.74;32444.348
2026-08-14T06:01:22.360499+02:00;standby;19.2;29.4;5.0;31.0;52.2;57.0;0;0;0;0;16510.82;11280.08;5230.74;32444.348
2026-08-14T06:02:22.858113+02:00;standby;19.2;29.4;5.0;31.0;52.1;57.0;0;0;0;0;16510.82;11280.08;5230.74;32444.348
2026-08-14T06:03:23.337729+02:00;standby;19.2;29.4;5.0;31.0;52.1;57.0;0;0;0;0;16510.82;11280.08;5230.74;32444.348
2026-08-14T06:04:24.119610+02:00;standby;19.2;29.4;5.0;31.0;52.1;57.0;0;0;0;0;16510.82;11280.08;5230.74;32444.348
2026-08-14T06:05:24.559044+02:00;standby;19.2;29.4;5.0;31.0;52.1;57.0;0;0;0;0;16510.82;11280.08;5230.74;32444.348
2026-08-14T06:06:25.034939+02:00;standby;19.2;29.4;5.0;31.0;52.1;57.0;0;0;0;0;16510.82;11280.08;5230.74;32444.348
2026-08-14T06:07:25.609637+02:00;standby;19.2;29.4;5.0;31.0;52.1;57.0;0;0;0;0;16510.82;11280.08;5230.74;32444.348
2026-08-14T06:08:26.132889+02:00;standby;19.2;29.4;5.0;31.0;52.1;57.0;0;0;0;0;16510.82;11280.08;5230.74;32444.348
2026-08-14T06:09:26.919026+02:00;standby;19.2;29.4;5.0;31.0;52.1;57.0;0;0;0;0;16510.82;11280.08;5230.74;32444.348
2026-08-14T06:10:27.358138+02:00;standby;19.2;29.4;5.0;31.0;52.1;57.0;0;0;0;0;16510.82;11280.08;5230.74;32444.348
2026-08-14T06:11:28.236346+02:00;standby;19.2;29.4;5.0;31.0;52.1;57.0;0;0;0;0;16510.82;11280.08;5230.74;32444.348
2026-08-14T06:12:28.766047+02:00;standby;19.2;29.4;5.0;31.0;52.1;57.0;0;0;0;0;16510.82;11280.08;5230.74;32444.348
2026-08-14T06:13:29.274018+02:00;standby;19.2;29.4;5.0;31.0;52.1;57.0;0;0;0;0;16510.82;11280.08;5230.74;32444.348
2026-08-14T06:14:29.704152+02:00;standby;19.2;29.4;5.0;31.0;52.1;57.0;0;0;0;0;16510.82;11280.08;5230.74;32444.348
2026-08-14T06:15:30.171241+02:00;standby;19.2;29.3;5.0;31.0;52.1;57.0;0;0;0;0;16510.82;11280.08;5230.74;32444.348
2026-08-14T06:16:30.700961+02:00;standby;19.2;29.3;5.0;31.0;52.0;57.0;0;0;0;0;16510.82;11280.08;5230.74;32444.348
2026-08-14T06:17:31.158961+02:00;standby;19.2;29.3;5.0;31.0;52.0;57.0;0;0;0;0;16510.82;11280.08;5230.74;32444.348
2026-08-14T06:18:31.593478+02:00;standby;19.2;29.3;5.0;31.0;52.0;57.0;0;0;0;0;16510.82;11280.08;5230.74;32444.348
2026-08-14T06:19:32.087867+02:00;standby;19.2;29.3;5.0;31.0;52.0;57.0;0;0;0;0;16510.82;11280.08;5230.74;32444.348
2026-08-14T06:20:32.960125+02:00;standby;19.2;29.3;5.0;31.0;52.0;57.0;0;0;0;0;16510.82;11280.08;5230.74;32444.348
2026-08-14T06:21:33.543857+02:00;standby;19.2;29.3;5.0;31.0;52.0;57.0;0;0;0;0;16510.82;11280.08;5230.74;32444.348
2026-08-14T06:22:34.102755+02:00;standby;19.2;29.3;5.0;31.0;52.0;57.0;0;0;0;0;16510.82;11280.08;5230.74;32444.348
2026-08-14T06:23:34.571073+02:00;standby;19.2;29.3;5.0;31.0;52.0;57.0;0;0;0;0;16510.82;11280.08;5230.74;32444.348
2026-08-14T06:24:35.209247+02:00;standby;19.2;29.3;5.0;31.0;52.0;57.0;0;0;0;0;16510.82;11280.08;5230.74;32444.348
2026-08-14T06:25:35.674481+02:00;standby;19.2;29.3;5.0;31.0;52.0;57.0;0;0;0;0;16510.82;11280.08;5230.74;32444.348
2026-08-14T06:26:36.141634+02:00;standby;19.2;29.3;5.0;31.0;52.0;57.0;0;0;0;0;16510.82;11280.08;5230.74;32444.348
2026-08-14T06:27:36.612886+02:00;standby;19.2;29.3;5.0;31.0;52.0;57.0;0;0;0;0;16510.82;11280.08;5230.74;32444.348
2026-08-14T06:28:37.479774+02:00;standby;19.2;29.3;5.0;31.0;52.0;57.0;0;0;0;0;16510.82;11280.08;5230.74;32444.348
2026-08-14T06:29:38.213702+02:00;standby;19.2;29.3;5.0;31.0;51.9;57.0;0;0;0;0;16510.82;11280.08;5230.74;32444.348
2026-08-14T06:30:38.731250+02:00;standby;19.2;29.3;5.0;31.0;51.9;57.0;0;0;0;0;16510.82;11280.08;5230.74;32444.348
2026-08-14T06:31:39.171098+02:00;standby;19.2;29.3;5.0;31.0;51.9;57.0;0;0;0;0;16510.82;11280.08;5230.74;32444.348
2026-08-14T06:32:39.871599+02:00;standby;19.2;29.3;5.0;31.0;51.9;57.0;0;0;0;0;16510.82;11280.08;5230.74;32444.348
2026-08-14T06:33:40.857884+02:00;standby;19.2;29.3;5.0;31.0;51.9;57.0;0;0;0;0;16510.82;11280.08;5230.74;32444.348
2026-08-14T06:34:41.462592+02:00;standby;19.2;29.3;5.0;31.0;51.9;57.0;0;0;0;0;16510.82;11280.08;5230.74;32444.348
2026-08-14T06:35:42.007075+02:00;standby;19.2;29.3;5.0;31.0;51.9;57.0;0;0;0;0;16510.82;11280.08;5230.74;32444.348
2026-08-14T06:36:42.824333+02:00;standby;19.2;29.3;5.0;31.0;51.9;57.0;0;0;0;0;16510.82;11280.08;5230.74;32444.348
2026-08-14T06:37:43.495092+02:00;standby;19.2;29.3;5.0;31.0;51.9;57.0;0;0;0;0;16510.82;11280.08;5230.74;32444.348
2026-08-14T06:38:44.012587+02:00;standby;19.2;29.3;5.0;31.0;51.9;57.0;0;0;0;0;16510.82;11280.08;5230.74;32444.348
2026-08-14T06:39:44.911804+02:00;standby;19.2;29.3;5.0;31.0;51.9;57.0;0;0;0;0;16510.82;11280.08;5230.74;32444.348
2026-08-14T06:40:45.511010+02:00;standby;19.2;29.3;5.0;31.0;51.9;57.0;0;0;0;0;16510.82;11280.08;5230.74;32444.348
2026-08-14T06:41:46.051201+02:00;standby;19.2;29.3;5.0;31.0;51.8;57.0;0;0;0;0;16510.82;11280.08;5230.74;32444.348
2026-08-14T06:42:46.543870+02:00;standby;19.2;29.3;5.0;31.0;51.8;57.0;0;0;0;0;16510.82;11280.08;5230.74;32444.348
2026-08-14T06:43:47.317739+02:00;standby;19.2;29.3;5.0;31.0;51.8;57.0;0;0;0;0;16510.82;11280.08;5230.74;32444.348
2026-08-14T06:44:48.094003+02:00;standby;19.2;29.3;5.0;31.0;51.8;57.0;0;0;0;0;16510.82;11280.08;5230.74;32444.348
2026-08-14T06:45:48.610151+02:00;standby;19.2;29.3;5.0;31.0;51.8;57.0;0;0;0;0;16510.82;11280.08;5230.74;32444.348
2026-08-14T06:46:49.138017+02:00;standby;19.2;29.3;5.0;31.0;51.8;57.0;0;0;0;0;16510.82;11280.08;5230.74;32444.348
2026-08-14T06:47:49.612254+02:00;standby;19.2;29.3;5.0;31.0;51.8;57.0;0;0;0;0;16510.82;11280.08;5230.74;32444.348
2026-08-14T06:48:50.165490+02:00;standby;19.2;29.3;5.0;31.0;51.8;57.0;0;0;0;0;16510.82;11280.08;5230.74;32444.348
2026-08-14T06:49:51.061086+02:00;standby;18.7;29.3;5.0;31.0;51.8;57.0;0;0;0;0;16510.82;11280.08;5230.74;32444.348
2026-08-14T06:50:51.648132+02:00;standby;18.7;29.3;5.0;31.0;51.8;57.0;0;0;0;0;16510.82;11280.08;5230.74;32444.348
2026-08-14T06:51:52.137292+02:00;standby;18.7;29.3;5.0;31.0;51.8;57.0;0;0;0;0;16510.82;11280.08;5230.74;32444.348
2026-08-14T06:52:53.382919+02:00;standby;18.7;29.3;5.0;31.0;51.8;57.0;0;0;0;0;16510.82;11280.08;5230.74;32444.348
2026-08-14T06:53:54.150895+02:00;standby;18.7;29.3;5.0;31.0;51.8;57.0;0;0;0;0;16510.82;11280.08;5230.74;32444.348
2026-08-14T06:54:54.725485+02:00;standby;18.7;29.3;5.0;31.0;51.8;57.0;0;0;0;0;16510.82;11280.08;5230.74;32444.348
2026-08-14T06:55:55.186861+02:00;standby;18.7;29.3;5.0;31.0;51.7;57.0;0;0;0;0;16510.82;11280.08;5230.74;32444.348
2026-08-14T06:56:55.678466+02:00;standby;18.7;29.3;5.0;31.0;51.7;57.0;0;0;0;0;16510.82;11280.08;5230.74;32444.348
2026-08-14T06:57:56.280046+02:00;standby;18.7;29.2;5.0;31.0;51.7;57.0;0;0;0;0;16510.82;11280.08;5230.74;32444.348
2026-08-14T06:58:56.798153+02:00;standby;18.7;29.2;5.0;31.0;51.7;57.0;0;0;0;0;16510.82;11280.08;5230.74;32444.348
2026-08-14T06:59:57.567004+02:00;standby;18.7;29.2;5.0;31.0;51.7;57.0;0;0;0;0;16510.82;11280.08;5230.74;32444.348
2026-08-14T07:00:58.000715+02:00;standby;18.7;29.2;5.0;31.0;51.7;57.0;0;0;0;0;16510.82;11280.08;5230.74;32444.348
2026-08-14T07:01:58.689340+02:00;standby;18.7;29.2;5.0;31.0;51.7;57.0;0;0;0;0;16510.82;11280.08;5230.74;32444.348
2026-08-14T07:02:59.333988+02:00;standby;18.7;29.2;5.0;31.0;51.7;57.0;0;0;0;0;16510.82;11280.08;5230.74;32444.348
2026-08-14T07:03:59.965929+02:00;standby;18.7;29.2;5.0;31.0;51.7;57.0;0;0;0;0;16510.82;11280.08;5230.74;32444.348
2026-08-14T07:05:00.475338+02:00;standby;18.7;29.2;5.0;31.0;51.7;57.0;0;0;0;0;16510.82;11280.08;5230.74;32444.348
2026-08-14T07:06:00.945379+02:00;standby;18.7;29.3;5.0;31.0;51.7;57.0;0;0;0;0;16510.82;11280.08;5230.74;32444.348
2026-08-14T07:07:01.995623+02:00;standby;18.7;29.2;5.0;31.0;51.7;57.0;0;0;0;0;16510.82;11280.08;5230.74;32444.348
2026-08-14T07:08:02.448917+02:00;standby;18.7;29.2;5.0;31.0;51.7;57.0;0;0;0;0;16510.82;11280.08;5230.74;32444.348
2026-08-14T07:09:02.924081+02:00;standby;18.7;29.2;5.0;31.0;51.6;57.0;0;0;0;0;16510.82;11280.08;5230.74;32444.348
2026-08-14T07:10:03.630552+02:00;standby;18.7;29.2;5.0;31.0;51.6;57.0;0;0;0;0;16510.82;11280.08;5230.74;32444.348
2026-08-14T07:11:04.253186+02:00;standby;18.7;29.2;5.0;31.0;51.6;57.0;0;0;0;0;16510.82;11280.08;5230.74;32444.348
2026-08-14T07:12:05.255950+02:00;standby;18.7;29.2;5.0;31.0;51.6;57.0;0;0;0;0;16510.82;11280.08;5230.74;32444.348
2026-08-14T07:13:05.719374+02:00;standby;18.7;29.2;5.0;31.0;51.6;57.0;0;0;0;0;16510.82;11280.08;5230.74;32444.348
2026-08-14T07:14:06.287399+02:00;standby;18.7;29.2;5.0;31.0;51.6;57.0;0;0;0;0;16510.82;11280.08;5230.74;32444.348
2026-08-14T07:15:06.860298+02:00;standby;18.7;29.2;5.0;31.0;51.6;57.0;0;0;0;0;16510.82;11280.08;5230.74;32444.348
2026-08-14T07:16:07.323693+02:00;standby;18.7;29.2;5.0;31.0;51.6;57.0;0;0;0;0;16510.82;11280.08;5230.74;32444.348
2026-08-14T07:17:07.801647+02:00;standby;18.7;29.2;5.0;31.0;51.6;57.0;0;0;0;0;16510.82;11280.08;5230.74;32444.348
2026-08-14T07:18:08.626231+02:00;standby;18.7;29.2;5.0;31.0;51.6;57.0;0;0;0;0;16510.82;11280.08;5230.74;32444.348
2026-08-14T07:19:09.449662+02:00;standby;18.7;29.2;5.0;31.0;51.6;57.0;0;0;0;0;16510.82;11280.08;5230.74;32444.348
2026-08-14T07:20:09.946405+02:00;standby;18.7;29.2;5.0;31.0;51.6;57.0;0;0;0;0;16510.82;11280.08;5230.74;32444.348
2026-08-14T07:21:10.485529+02:00;standby;18.7;29.2;5.0;31.0;51.6;57.0;0;0;0;0;16510.82;11280.08;5230.74;32444.348
2026-08-14T07:22:11.533325+02:00;standby;18.7;29.2;5.0;31.0;51.5;57.0;0;0;0;0;16510.82;11280.08;5230.74;32444.348
2026-08-14T07:23:12.147499+02:00;standby;18.7;29.2;5.0;31.0;51.5;57.0;0;0;0;0;16510.82;11280.08;5230.74;32444.348
2026-08-14T07:24:12.769419+02:00;standby;18.7;29.2;5.0;31.0;51.5;57.0;0;0;0;0;16510.82;11280.08;5230.74;32444.348
2026-08-14T07:25:13.285360+02:00;standby;18.7;29.2;5.0;31.0;51.5;57.0;0;0;0;0;16510.82;11280.08;5230.74;32444.348
2026-08-14T07:26:13.856086+02:00;standby;18.7;29.2;5.0;31.0;51.5;57.0;0;0;0;0;16510.82;11280.08;5230.74;32444.348
2026-08-14T07:27:14.521451+02:00;standby;18.7;29.2;5.0;31.0;51.5;57.0;0;0;0;0;16510.82;11280.08;5230.74;32444.348
2026-08-14T07:28:15.348001+02:00;standby;18.7;29.2;5.0;31.0;51.5;57.0;0;0;0;0;16510.82;11280.08;5230.74;32444.348
2026-08-14T07:29:15.814035+02:00;standby;18.7;29.2;5.0;31.0;51.5;57.0;0;0;0;0;16510.82;11280.08;5230.74;32444.348
2026-08-14T07:30:16.487430+02:00;standby;18.7;29.2;5.0;31.0;51.5;57.0;0;0;0;0;16510.82;11280.08;5230.74;32444.348
2026-08-14T07:31:17.108713+02:00;standby;18.7;29.2;5.0;30.0;51.5;57.0;0;0;0;0;16510.82;11280.08;5230.74;32444.348
2026-08-14T07:32:17.782329+02:00;standby;18.7;29.2;5.0;30.0;51.5;57.0;0;0;0;0;16510.82;11280.08;5230.74;32444.348
2026-08-14T07:33:18.560661+02:00;standby;18.7;29.2;5.0;30.0;51.5;57.0;0;0;0;0;16510.82;11280.08;5230.74;32444.348
2026-08-14T07:34:19.023262+02:00;standby;18.7;29.2;5.0;30.0;51.5;57.0;0;0;0;0;16510.82;11280.08;5230.74;32444.348
2026-08-14T07:35:19.597465+02:00;standby;18.7;29.2;5.0;30.0;51.5;57.0;0;0;0;0;16510.82;11280.08;5230.74;32444.348
2026-08-14T07:36:20.019496+02:00;standby;18.7;29.2;5.0;30.0;51.4;57.0;0;0;0;0;16510.82;11280.08;5230.74;32444.348
2026-08-14T07:37:21.042198+02:00;standby;18.7;29.2;5.0;30.0;51.4;57.0;0;0;0;0;16510.82;11280.08;5230.74;32444.348
2026-08-14T07:38:21.509490+02:00;standby;18.7;29.2;5.0;30.0;51.4;57.0;0;0;0;0;16510.82;11280.08;5230.74;32444.348
2026-08-14T07:39:22.034048+02:00;standby;18.7;29.2;5.0;30.0;51.4;57.0;0;0;0;0;16510.82;11280.08;5230.74;32444.348
2026-08-14T07:40:22.962638+02:00;standby;18.7;29.2;5.0;30.0;51.4;57.0;0;0;0;0;16510.82;11280.08;5230.74;32444.348
2026-08-14T07:41:23.746716+02:00;standby;18.7;29.2;5.0;30.0;51.4;57.0;0;0;0;0;16510.82;11280.08;5230.74;32444.348
2026-08-14T07:42:24.251948+02:00;standby;18.7;29.2;5.0;30.0;51.4;57.0;0;0;0;0;16510.82;11280.08;5230.74;32444.348
2026-08-14T07:43:24.669425+02:00;standby;18.7;29.2;5.0;30.0;51.4;57.0;0;0;0;0;16510.82;11280.08;5230.74;32444.348
2026-08-14T07:44:25.354479+02:00;standby;18.7;29.2;5.0;30.0;51.4;57.0;0;0;0;0;16510.82;11280.08;5230.74;32444.348
2026-08-14T07:45:25.921801+02:00;standby;18.7;29.2;5.0;30.0;51.4;57.0;0;0;0;0;16510.82;11280.08;5230.74;32444.348
2026-08-14T07:46:26.532006+02:00;standby;18.7;29.2;5.0;30.0;51.4;57.0;0;0;0;0;16510.82;11280.08;5230.74;32444.348
2026-08-14T07:47:27.007055+02:00;standby;18.7;29.2;5.0;30.0;51.4;57.0;0;0;0;0;16510.82;11280.08;5230.74;32444.348
2026-08-14T07:48:27.637359+02:00;standby;18.7;29.2;5.0;30.0;51.4;57.0;0;0;0;0;16510.82;11280.08;5230.74;32444.348
2026-08-14T07:49:28.139525+02:00;standby;18.7;29.2;5.0;30.0;51.3;57.0;0;0;0;0;16510.82;11280.08;5230.74;32444.348
2026-08-14T07:50:28.864205+02:00;standby;20.0;29.2;5.0;30.0;51.3;57.0;0;0;0;0;16510.82;11280.08;5230.74;32444.348
2026-08-14T07:51:29.537375+02:00;standby;20.0;29.2;5.0;30.0;51.3;57.0;0;0;0;0;16510.82;11280.08;5230.74;32444.348
2026-08-14T07:52:31.016766+02:00;standby;20.0;29.0;5.0;30.0;51.3;57.0;0;0;0;0;16510.82;11280.08;5230.74;32444.348
2026-08-14T07:53:31.459003+02:00;standby;20.0;29.0;5.0;30.0;51.3;57.0;0;0;0;0;16510.82;11280.08;5230.74;32444.348
2026-08-14T07:54:32.581890+02:00;standby;20.0;29.0;5.0;30.0;51.3;57.0;0;0;0;0;16510.82;11280.08;5230.74;32444.348
2026-08-14T07:55:33.156868+02:00;standby;20.0;29.0;5.0;30.0;51.3;57.0;0;0;0;0;16510.82;11280.08;5230.74;32444.348
2026-08-14T07:56:33.664243+02:00;standby;20.0;29.0;5.0;30.0;51.3;57.0;0;0;0;0;16510.82;11280.08;5230.74;32444.348
2026-08-14T07:57:34.139822+02:00;standby;20.0;29.0;5.0;30.0;51.3;57.0;0;0;0;0;16510.82;11280.08;5230.74;32444.348
2026-08-14T07:58:34.707702+02:00;standby;20.0;29.0;5.0;30.0;51.3;57.0;0;0;0;0;16510.82;11280.08;5230.74;32444.348
2026-08-14T07:59:35.142548+02:00;standby;20.0;29.0;5.0;30.0;51.3;57.0;0;0;0;0;16510.82;11280.08;5230.74;32444.348
2026-08-14T08:00:35.587226+02:00;standby;20.0;29.0;5.0;30.0;51.3;57.0;0;0;0;0;16510.82;11280.08;5230.74;32444.348
2026-08-14T08:01:36.019708+02:00;standby;20.0;29.0;5.0;30.0;51.2;57.0;0;0;0;0;16510.82;11280.08;5230.74;32444.348
2026-08-14T08:02:36.699084+02:00;standby;20.0;29.0;5.0;30.0;51.3;57.0;0;0;0;0;16510.82;11280.08;5230.74;32444.348
2026-08-14T08:03:37.369237+02:00;standby;20.0;29.0;5.0;30.0;51.2;57.0;0;0;0;0;16510.82;11280.08;5230.74;32444.348
2026-08-14T08:04:37.927339+02:00;standby;20.0;29.0;5.0;30.0;51.2;57.0;0;0;0;0;16510.82;11280.08;5230.74;32444.348
2026-08-14T08:05:38.805929+02:00;standby;20.0;29.0;5.0;30.0;51.2;57.0;0;0;0;0;16510.82;11280.08;5230.74;32444.348
2026-08-14T08:06:39.287042+02:00;standby;20.0;29.0;5.0;30.0;51.2;57.0;0;0;0;0;16510.82;11280.08;5230.74;32444.348
2026-08-14T08:07:39.995701+02:00;standby;20.0;29.0;5.0;30.0;51.2;57.0;0;0;0;0;16510.82;11280.08;5230.74;32444.348
2026-08-14T08:08:40.428294+02:00;standby;20.0;29.0;5.0;30.0;51.2;57.0;0;0;0;0;16510.82;11280.08;5230.74;32444.348
2026-08-14T08:09:40.984399+02:00;standby;20.0;29.0;5.0;30.0;51.2;57.0;0;0;0;0;16510.82;11280.08;5230.74;32444.348
2026-08-14T08:10:41.673447+02:00;standby;20.0;29.0;5.0;30.0;51.2;57.0;0;0;0;0;16510.82;11280.08;5230.74;32444.348
2026-08-14T08:11:43.013020+02:00;standby;20.0;29.0;5.0;30.0;51.2;57.0;0;0;0;0;16510.82;11280.08;5230.74;32444.348
2026-08-14T08:12:43.524802+02:00;standby;20.0;29.0;5.0;30.0;51.2;57.0;0;0;0;0;16510.82;11280.08;5230.74;32444.348
2026-08-14T08:13:44.035555+02:00;standby;20.0;29.0;5.0;30.0;51.2;57.0;0;0;0;0;16510.82;11280.08;5230.74;32444.348
2026-08-14T08:14:44.460309+02:00;standby;20.0;29.0;5.0;30.0;51.2;57.0;0;0;0;0;16510.82;11280.08;5230.74;32444.348
2026-08-14T08:15:44.930189+02:00;standby;20.0;29.0;5.0;29.0;51.1;57.0;0;0;0;0;16510.82;11280.08;5230.74;32444.348
2026-08-14T08:16:45.490819+02:00;standby;20.0;29.0;5.0;29.0;51.1;57.0;0;0;0;0;16510.82;11280.08;5230.74;32444.348
2026-08-14T08:17:46.026080+02:00;standby;20.0;29.0;5.0;29.0;51.1;57.0;0;0;0;0;16510.82;11280.08;5230.74;32444.348
2026-08-14T08:18:46.700252+02:00;standby;20.0;29.0;5.0;29.0;51.1;57.0;0;0;0;0;16510.82;11280.08;5230.74;32444.348
2026-08-14T08:19:47.367634+02:00;standby;20.0;29.0;5.0;29.0;51.1;57.0;0;0;0;0;16510.82;11280.08;5230.74;32444.348
2026-08-14T08:20:47.995855+02:00;standby;20.0;29.0;5.0;29.0;51.1;57.0;0;0;0;0;16510.82;11280.08;5230.74;32444.348
2026-08-14T08:21:49.018269+02:00;standby;20.0;29.0;5.0;29.0;51.1;57.0;0;0;0;0;16510.82;11280.08;5230.74;32444.348
2026-08-14T08:22:49.542321+02:00;standby;20.0;29.0;5.0;29.0;51.1;57.0;0;0;0;0;16510.82;11280.08;5230.74;32444.348
2026-08-14T08:23:50.155797+02:00;standby;20.0;29.0;5.0;29.0;51.1;57.0;0;0;0;0;16510.82;11280.08;5230.74;32444.348
2026-08-14T08:24:50.912557+02:00;standby;20.0;29.0;5.0;29.0;51.1;57.0;0;0;0;0;16510.82;11280.08;5230.74;32444.348
2026-08-14T08:25:51.658059+02:00;standby;20.0;29.0;5.0;29.0;51.1;57.0;0;0;0;0;16510.82;11280.08;5230.74;32444.348
2026-08-14T08:26:52.672662+02:00;standby;20.0;29.0;5.0;29.0;51.1;57.0;0;0;0;0;16510.82;11280.08;5230.74;32444.348
2026-08-14T08:27:53.154935+02:00;standby;20.0;29.0;5.0;29.0;51.1;57.0;0;0;0;0;16510.82;11280.08;5230.74;32444.348
2026-08-14T08:28:53.671082+02:00;standby;20.0;29.0;5.0;29.0;50.9;57.0;0;0;0;0;16510.82;11280.08;5230.74;32444.348
2026-08-14T08:29:54.246038+02:00;standby;20.0;29.0;5.0;29.0;50.9;57.0;0;0;0;0;16510.82;11280.08;5230.74;32444.348
2026-08-14T08:30:54.817805+02:00;standby;20.0;29.0;5.0;29.0;50.9;57.0;0;0;0;0;16510.82;11280.08;5230.74;32444.348
2026-08-14T08:31:55.344042+02:00;standby;20.0;29.0;5.0;29.0;50.9;57.0;0;0;0;0;16510.82;11280.08;5230.74;32444.348
2026-08-14T08:32:55.860410+02:00;standby;20.0;29.0;5.0;29.0;50.9;57.0;0;0;0;0;16510.82;11280.08;5230.74;32444.348
2026-08-14T08:33:56.934289+02:00;standby;20.0;29.0;5.0;29.0;50.9;57.0;0;0;0;0;16510.82;11280.08;5230.74;32444.348
2026-08-14T08:34:57.468223+02:00;standby;20.0;29.0;5.0;29.0;50.9;57.0;0;0;0;0;16510.82;11280.08;5230.74;32444.348
2026-08-14T08:35:57.915510+02:00;standby;20.0;29.0;5.0;29.0;50.9;57.0;0;0;0;0;16510.82;11280.08;5230.74;32444.348
2026-08-14T08:36:58.330488+02:00;standby;20.0;28.9;5.0;29.0;50.9;57.0;0;0;0;0;16510.82;11280.08;5230.74;32444.348
2026-08-14T08:37:58.859599+02:00;standby;20.0;29.0;5.0;29.0;50.9;57.0;0;0;0;0;16510.82;11280.08;5230.74;32444.348
2026-08-14T08:38:59.586494+02:00;standby;20.0;28.9;5.0;29.0;50.9;57.0;0;0;0;0;16510.82;11280.08;5230.74;32444.348
2026-08-14T08:40:00.205020+02:00;standby;20.0;29.0;5.0;29.0;50.9;57.0;0;0;0;0;16510.82;11280.08;5230.74;32444.348
2026-08-14T08:41:00.721585+02:00;standby;20.0;28.9;5.0;29.0;50.9;57.0;0;0;0;0;16510.82;11280.08;5230.74;32444.348
2026-08-14T08:42:01.338414+02:00;standby;20.0;28.9;5.0;29.0;50.9;57.0;0;0;0;0;16510.82;11280.08;5230.74;32444.348
2026-08-14T08:43:01.804119+02:00;standby;20.0;28.9;5.0;29.0;50.8;57.0;0;0;0;0;16510.82;11280.08;5230.74;32444.348
2026-08-14T08:44:02.686536+02:00;standby;20.0;28.9;5.0;29.0;50.8;57.0;0;0;0;0;16510.82;11280.08;5230.74;32444.348
2026-08-14T08:45:03.458459+02:00;standby;20.0;29.0;5.0;29.0;50.8;57.0;0;0;0;0;16510.82;11280.08;5230.74;32444.348
2026-08-14T08:46:04.037062+02:00;standby;20.0;28.9;5.0;28.0;50.8;57.0;0;0;0;0;16510.82;11280.08;5230.74;32444.348
2026-08-14T08:47:04.564361+02:00;standby;20.0;28.9;5.0;28.0;50.8;57.0;0;0;0;0;16510.82;11280.08;5230.74;32444.348
2026-08-14T08:48:05.387616+02:00;standby;20.0;28.9;5.0;28.0;50.8;57.0;0;0;0;0;16510.82;11280.08;5230.74;32444.348
2026-08-14T08:49:05.900600+02:00;standby;20.0;28.9;5.0;28.0;50.8;57.0;0;0;0;0;16510.82;11280.08;5230.74;32444.348
2026-08-14T08:50:06.945936+02:00;standby;20.0;28.9;5.0;28.0;50.8;57.0;0;0;0;0;16510.82;11280.08;5230.74;32444.348
2026-08-14T08:51:07.504467+02:00;standby;21.6;28.9;5.0;28.0;50.8;57.0;0;0;0;0;16510.82;11280.08;5230.74;32444.348
2026-08-14T08:52:07.961023+02:00;standby;21.6;28.9;5.0;28.0;50.8;57.0;0;0;0;0;16510.82;11280.08;5230.74;32444.348
2026-08-14T08:53:08.504507+02:00;standby;21.6;28.9;5.0;28.0;50.7;57.0;0;0;0;0;16510.82;11280.08;5230.74;32444.348
2026-08-14T08:54:09.580622+02:00;standby;21.6;28.9;5.0;28.0;50.8;57.0;0;0;0;0;16510.82;11280.08;5230.74;32444.348
2026-08-14T08:55:10.035059+02:00;standby;21.6;28.9;5.0;28.0;50.7;57.0;0;0;0;0;16510.82;11280.08;5230.74;32444.348
2026-08-14T08:56:10.598338+02:00;standby;21.6;28.9;5.0;28.0;50.7;57.0;0;0;0;0;16510.82;11280.08;5230.74;32444.348
2026-08-14T08:57:11.115919+02:00;standby;21.6;28.9;5.0;28.0;50.7;57.0;0;0;0;0;16510.82;11280.08;5230.74;32444.348
2026-08-14T08:58:14.507454+02:00;standby;21.6;28.9;5.0;28.0;50.7;57.0;0;0;0;0;16510.82;11280.08;5230.74;32444.348
2026-08-14T08:59:15.148262+02:00;standby;21.6;28.9;5.0;28.0;50.7;57.0;0;0;0;0;16510.82;11280.08;5230.74;32444.348
2026-08-14T09:00:15.768804+02:00;standby;21.6;28.9;5.0;28.0;50.7;57.0;0;0;0;0;16510.82;11280.08;5230.74;32444.348
2026-08-14T09:01:16.490815+02:00;standby;21.6;28.9;5.0;28.0;50.7;57.0;0;0;0;0;16510.82;11280.08;5230.74;32444.348
2026-08-14T09:02:17.365793+02:00;standby;21.6;28.9;5.0;28.0;50.7;57.0;0;0;0;0;16510.82;11280.08;5230.74;32444.348
2026-08-14T09:03:17.892446+02:00;standby;21.6;28.9;5.0;28.0;50.6;57.0;0;0;0;0;16510.82;11280.08;5230.74;32444.348
2026-08-14T09:04:18.604075+02:00;standby;21.6;28.9;5.0;28.0;50.6;57.0;0;0;0;0;16510.82;11280.08;5230.74;32444.348
2026-08-14T09:05:19.137267+02:00;standby;21.6;28.9;5.0;28.0;50.6;57.0;0;0;0;0;16510.82;11280.08;5230.74;32444.348
2026-08-14T09:06:19.948910+02:00;standby;21.6;28.9;5.0;28.0;50.6;57.0;0;0;0;0;16510.82;11280.08;5230.74;32444.348
2026-08-14T09:07:20.943465+02:00;standby;21.6;28.9;5.0;28.0;50.6;57.0;0;0;0;0;16510.82;11280.08;5230.74;32444.348
2026-08-14T09:08:21.394501+02:00;standby;21.6;28.9;5.0;28.0;50.6;57.0;0;0;0;0;16510.82;11280.08;5230.74;32444.348
2026-08-14T09:09:22.134115+02:00;standby;21.6;28.9;5.0;28.0;50.6;57.0;0;0;0;0;16510.82;11280.08;5230.74;32444.348
2026-08-14T09:10:22.743438+02:00;standby;21.6;28.9;5.0;28.0;50.6;57.0;0;0;0;0;16510.82;11280.08;5230.74;32444.348
2026-08-14T09:11:23.263182+02:00;standby;21.6;28.9;5.0;28.0;50.6;57.0;0;0;0;0;16510.82;11280.08;5230.74;32444.348
2026-08-14T09:12:23.845094+02:00;standby;21.6;28.9;5.0;28.0;50.6;57.0;0;0;0;0;16510.82;11280.08;5230.74;32444.348
2026-08-14T09:13:24.306438+02:00;standby;21.6;28.9;5.0;28.0;50.6;57.0;0;0;0;0;16510.82;11280.08;5230.74;32444.348
2026-08-14T09:14:24.776456+02:00;standby;21.6;28.9;5.0;28.0;50.6;57.0;0;0;0;0;16510.82;11280.08;5230.74;32444.348
2026-08-14T09:15:25.478112+02:00;standby;21.6;28.9;5.0;28.0;50.6;57.0;0;0;0;0;16510.82;11280.08;5230.74;32444.348
2026-08-14T09:16:26.172823+02:00;standby;21.6;28.9;5.0;28.0;50.6;57.0;0;0;0;0;16510.82;11280.08;5230.74;32444.348
2026-08-14T09:17:26.903892+02:00;standby;21.6;28.9;5.0;28.0;50.5;57.0;0;0;0;0;16510.82;11280.08;5230.74;32444.348
2026-08-14T09:18:27.408024+02:00;standby;21.6;28.9;5.0;28.0;50.5;57.0;0;0;0;0;16510.82;11280.08;5230.74;32444.348
2026-08-14T09:19:28.042925+02:00;standby;21.6;28.9;5.0;28.0;50.5;57.0;0;0;0;0;16510.82;11280.08;5230.74;32444.348
2026-08-14T09:20:28.557464+02:00;standby;21.6;28.9;5.0;28.0;50.5;57.0;0;0;0;0;16510.82;11280.08;5230.74;32444.348
2026-08-14T09:21:29.335850+02:00;standby;21.6;28.9;5.0;28.0;50.5;57.0;0;0;0;0;16510.82;11280.08;5230.74;32444.348
2026-08-14T09:22:29.939204+02:00;standby;21.6;28.9;5.0;28.0;50.5;57.0;0;0;0;0;16510.82;11280.08;5230.74;32444.348
2026-08-14T09:23:31.648767+02:00;standby;21.6;28.9;5.0;28.0;50.5;57.0;0;0;0;0;16510.82;11280.08;5230.74;32444.348
2026-08-14T09:24:32.269578+02:00;standby;21.6;28.9;5.0;28.0;50.5;57.0;0;0;0;0;16510.82;11280.08;5230.74;32444.348
2026-08-14T09:25:33.047025+02:00;standby;21.6;28.9;5.0;28.0;50.5;57.0;0;0;0;0;16510.82;11280.08;5230.74;32444.348
2026-08-14T09:26:33.515146+02:00;standby;21.6;28.9;5.0;28.0;50.4;57.0;0;0;0;0;16510.82;11280.08;5230.74;32444.348
2026-08-14T09:27:34.088196+02:00;standby;21.6;28.9;5.0;28.0;50.4;57.0;0;0;0;0;16510.82;11280.08;5230.74;32444.348
2026-08-14T09:28:35.148190+02:00;standby;21.6;28.9;5.0;28.0;50.4;57.0;0;0;0;0;16510.82;11280.08;5230.74;32444.348
2026-08-14T09:29:35.667320+02:00;standby;21.6;28.9;5.0;28.0;50.4;57.0;0;0;0;0;16510.82;11280.08;5230.74;32444.348
2026-08-14T09:30:36.406891+02:00;standby;21.6;28.9;5.0;28.0;50.3;57.0;0;0;0;0;16510.82;11280.08;5230.74;32444.348
2026-08-14T09:31:36.830748+02:00;standby;21.6;28.9;5.0;28.0;50.3;57.0;0;0;0;0;16510.82;11280.08;5230.74;32444.348
2026-08-14T09:32:37.354637+02:00;standby;21.6;28.9;5.0;28.0;50.2;57.0;0;0;0;0;16510.82;11280.08;5230.74;32444.348
2026-08-14T09:33:37.913247+02:00;standby;21.6;28.9;5.0;28.0;50.2;57.0;0;0;0;0;16510.82;11280.08;5230.74;32444.348
2026-08-14T09:34:38.673301+02:00;standby;21.6;28.9;5.0;28.0;50.2;57.0;0;0;0;0;16510.82;11280.08;5230.74;32444.348
2026-08-14T09:35:39.110894+02:00;standby;21.6;28.9;5.0;28.0;50.1;57.0;0;0;0;0;16510.82;11280.08;5230.74;32444.348
2026-08-14T09:36:39.625988+02:00;standby;21.6;28.9;5.0;28.0;50.2;57.0;0;0;0;0;16510.82;11280.08;5230.74;32444.348
2026-08-14T09:37:40.144366+02:00;standby;21.6;28.9;5.0;28.0;50.1;57.0;0;0;0;0;16510.82;11280.08;5230.74;32444.348
2026-08-14T09:38:40.568075+02:00;standby;21.6;28.9;5.0;28.0;50.1;57.0;0;0;0;0;16510.82;11280.08;5230.74;32444.348
2026-08-14T09:39:41.167942+02:00;standby;21.6;28.9;5.0;28.0;50.1;57.0;0;0;0;0;16510.82;11280.08;5230.74;32444.348
2026-08-14T09:40:41.860508+02:00;standby;21.6;28.9;5.0;28.0;50.1;57.0;0;0;0;0;16510.82;11280.08;5230.74;32444.348
2026-08-14T09:41:43.151055+02:00;standby;21.6;28.9;5.0;28.0;50.1;57.0;0;0;0;0;16510.82;11280.08;5230.74;32444.348
2026-08-14T09:42:43.615056+02:00;standby;21.6;28.9;5.0;28.0;50.1;57.0;0;0;0;0;16510.82;11280.08;5230.74;32444.348
2026-08-14T09:43:44.084807+02:00;standby;21.6;28.9;5.0;28.0;50.1;57.0;0;0;0;0;16510.82;11280.08;5230.74;32444.348
2026-08-14T09:44:44.907482+02:00;standby;21.6;28.9;5.0;28.0;50.1;57.0;0;0;0;0;16510.82;11280.08;5230.74;32444.348
2026-08-14T09:45:45.437420+02:00;standby;21.6;28.9;5.0;28.0;50.1;57.0;0;0;0;0;16510.82;11280.08;5230.74;32444.348
2026-08-14T09:46:45.899052+02:00;standby;21.6;28.9;5.0;28.0;50.1;57.0;0;0;0;0;16510.82;11280.08;5230.74;32444.348
2026-08-14T09:47:46.365414+02:00;standby;21.6;28.9;5.0;28.0;50.1;57.0;0;0;0;0;16510.82;11280.08;5230.74;32444.348
2026-08-14T09:48:46.923152+02:00;standby;21.6;28.9;5.0;28.0;50.1;57.0;0;0;0;0;16510.82;11280.08;5230.74;32444.348
2026-08-14T09:49:47.440616+02:00;standby;21.6;28.9;5.0;28.0;50.0;57.0;0;0;0;0;16510.82;11280.08;5230.74;32444.348
2026-08-14T09:50:47.961403+02:00;standby;21.6;28.9;5.0;28.0;50.0;57.0;0;0;0;0;16510.82;11280.08;5230.74;32444.348
2026-08-14T09:51:48.548463+02:00;standby;23.0;28.9;5.0;28.0;50.0;57.0;0;0;0;0;16510.82;11280.08;5230.74;32444.348
2026-08-14T09:52:49.076390+02:00;standby;23.0;28.9;5.0;28.0;50.0;57.0;0;0;0;0;16510.82;11280.08;5230.74;32444.348
2026-08-14T09:53:49.874659+02:00;standby;23.0;28.7;5.0;28.0;50.0;57.0;0;0;0;0;16510.82;11280.08;5230.74;32444.348
2026-08-14T09:54:50.392833+02:00;standby;23.0;28.9;5.0;28.0;50.0;57.0;0;0;0;0;16510.82;11280.08;5230.74;32444.348
2026-08-14T09:55:51.894600+02:00;standby;23.0;28.9;5.0;28.0;50.0;57.0;0;0;0;0;16510.82;11280.08;5230.74;32444.348
2026-08-14T09:56:52.347560+02:00;standby;23.0;28.9;5.0;28.0;50.0;57.0;0;0;0;0;16510.82;11280.08;5230.74;32444.348
2026-08-14T09:57:52.790447+02:00;standby;23.0;28.9;5.0;28.0;50.0;57.0;0;0;0;0;16510.82;11280.08;5230.74;32444.348
2026-08-14T09:58:53.409710+02:00;standby;23.0;28.9;5.0;28.0;50.0;57.0;0;0;0;0;16510.82;11280.08;5230.74;32444.348
2026-08-14T09:59:53.910284+02:00;standby;23.0;28.7;5.0;28.0;50.0;57.0;0;0;0;0;16510.82;11280.08;5230.74;32444.348
2026-08-14T10:00:54.349932+02:00;standby;23.0;28.9;5.0;28.0;50.0;57.0;0;0;0;0;16510.82;11280.08;5230.74;32444.348
2026-08-14T10:01:57.900949+02:00;standby;23.0;28.7;5.0;28.0;50.0;57.0;0;0;0;0;16510.82;11280.08;5230.74;32444.348
2026-08-14T10:02:58.667909+02:00;standby;23.0;28.9;5.0;28.0;50.0;57.0;0;0;0;0;16510.82;11280.08;5230.74;32444.348
2026-08-14T10:03:59.387170+02:00;standby;23.0;28.7;5.0;28.0;49.9;57.0;0;0;0;0;16510.82;11280.08;5230.74;32444.348
2026-08-14T10:04:59.811355+02:00;standby;23.0;28.9;5.0;28.0;49.9;57.0;0;0;0;0;16510.82;11280.08;5230.74;32444.348
2026-08-14T10:06:00.609635+02:00;standby;23.0;28.9;5.0;28.0;49.9;57.0;0;0;0;0;16510.82;11280.08;5230.74;32444.348
2026-08-14T10:07:01.462896+02:00;standby;23.0;28.9;5.0;28.0;49.9;57.0;0;0;0;0;16510.82;11280.08;5230.74;32444.348
2026-08-14T10:08:02.111733+02:00;standby;23.0;28.9;5.0;28.0;49.9;57.0;0;0;0;0;16510.82;11280.08;5230.74;32444.348
2026-08-14T10:09:03.379022+02:00;standby;23.0;28.9;5.0;28.0;49.9;57.0;0;0;0;0;16510.82;11280.08;5230.74;32444.348
2026-08-14T10:10:03.894241+02:00;standby;23.0;28.7;5.0;28.0;49.9;57.0;0;0;0;0;16510.82;11280.08;5230.74;32444.348
2026-08-14T10:11:04.331224+02:00;standby;23.0;28.7;5.0;28.0;49.9;57.0;0;0;0;0;16510.82;11280.08;5230.74;32444.348
2026-08-14T10:12:04.938103+02:00;standby;23.0;28.7;5.0;28.0;49.9;57.0;0;0;0;0;16510.82;11280.08;5230.74;32444.348
2026-08-14T10:13:05.497092+02:00;standby;23.0;28.7;5.0;28.0;49.9;57.0;0;0;0;0;16510.82;11280.08;5230.74;32444.348
2026-08-14T10:14:05.964345+02:00;standby;23.0;28.7;5.0;28.0;49.9;57.0;0;0;0;0;16510.82;11280.08;5230.74;32444.348
2026-08-14T10:15:06.611500+02:00;standby;23.0;28.7;5.0;28.0;49.8;57.0;0;0;0;0;16510.82;11280.08;5230.74;32444.348
2026-08-14T10:16:07.054349+02:00;standby;23.0;28.7;5.0;28.0;49.8;57.0;0;0;0;0;16510.82;11280.08;5230.74;32444.348
2026-08-14T10:17:07.926420+02:00;standby;23.0;28.7;5.0;28.0;49.8;57.0;0;0;0;0;16510.82;11280.08;5230.74;32444.348
2026-08-14T10:18:08.754960+02:00;standby;23.0;28.7;5.0;28.0;49.8;57.0;0;0;0;0;16510.82;11280.08;5230.74;32444.348
2026-08-14T10:19:09.457596+02:00;standby;23.0;28.7;5.0;28.0;49.7;57.0;0;0;0;0;16510.82;11280.08;5230.74;32444.348
2026-08-14T10:20:10.029078+02:00;standby;23.0;28.7;5.0;28.0;49.7;57.0;0;0;0;0;16510.82;11280.08;5230.74;32444.348
2026-08-14T10:21:11.012368+02:00;standby;23.0;28.7;5.0;28.0;49.6;57.0;0;0;0;0;16510.82;11280.08;5230.74;32444.348
2026-08-14T10:22:11.530132+02:00;standby;23.0;28.7;5.0;28.0;49.5;57.0;0;0;0;0;16510.82;11280.08;5230.74;32444.348
2026-08-14T10:23:12.490013+02:00;standby;23.0;28.7;5.0;28.0;49.4;57.0;0;0;0;0;16510.82;11280.08;5230.74;32444.348
2026-08-14T10:24:13.538595+02:00;standby;23.0;28.7;5.0;28.0;49.4;57.0;0;0;0;0;16510.82;11280.08;5230.74;32444.348
2026-08-14T10:25:14.466229+02:00;standby;23.0;28.7;5.0;28.0;49.4;57.0;0;0;0;0;16510.82;11280.08;5230.74;32444.348
2026-08-14T10:26:14.908466+02:00;standby;23.0;28.7;5.0;28.0;49.4;57.0;0;0;0;0;16510.82;11280.08;5230.74;32444.348
2026-08-14T10:27:15.448291+02:00;standby;23.0;28.7;5.0;28.0;49.4;57.0;0;0;0;0;16510.82;11280.08;5230.74;32444.348
2026-08-14T10:28:16.075025+02:00;standby;23.0;28.7;5.0;28.0;49.3;57.0;0;0;0;0;16510.82;11280.08;5230.74;32444.348
2026-08-14T10:29:16.619311+02:00;standby;23.0;28.7;5.0;28.0;49.3;57.0;0;0;0;0;16510.82;11280.08;5230.74;32444.348
2026-08-14T10:30:17.193047+02:00;standby;23.0;28.7;5.0;28.0;49.2;57.0;0;0;0;0;16510.82;11280.08;5230.74;32444.348
2026-08-14T10:31:18.146211+02:00;standby;23.0;28.7;5.0;28.0;49.2;57.0;0;0;0;0;16510.82;11280.08;5230.74;32444.348
2026-08-14T10:32:18.825987+02:00;standby;23.0;28.7;5.0;28.0;49.2;57.0;0;0;0;0;16510.82;11280.08;5230.74;32444.348
2026-08-14T10:33:22.331397+02:00;standby;23.0;28.7;5.0;28.0;49.2;57.0;0;0;0;0;16510.82;11280.08;5230.74;32444.348
2026-08-14T10:34:23.308484+02:00;standby;23.0;28.7;5.0;28.0;49.1;57.0;0;0;0;0;16510.82;11280.08;5230.74;32444.348
2026-08-14T10:35:24.585615+02:00;standby;23.0;28.7;5.0;28.0;49.1;57.0;0;0;0;0;16510.82;11280.08;5230.74;32444.348
2026-08-14T10:36:25.120513+02:00;standby;23.0;28.7;5.0;28.0;49.1;57.0;0;0;0;0;16510.82;11280.08;5230.74;32444.348
2026-08-14T10:37:25.872197+02:00;standby;23.0;28.7;5.0;28.0;49.1;57.0;0;0;0;0;16510.82;11280.08;5230.74;32444.348
2026-08-14T10:38:26.570094+02:00;standby;23.0;28.7;5.0;28.0;49.1;57.0;0;0;0;0;16510.82;11280.08;5230.74;32444.348
2026-08-14T10:39:27.702427+02:00;standby;23.0;28.7;5.0;28.0;49.1;57.0;0;0;0;0;16510.82;11280.08;5230.74;32444.348
2026-08-14T10:40:28.303281+02:00;standby;23.0;28.7;5.0;28.0;49.1;57.0;0;0;0;0;16510.82;11280.08;5230.74;32444.348
2026-08-14T10:41:28.768130+02:00;standby;23.0;28.7;5.0;28.0;49.1;57.0;0;0;0;0;16510.82;11280.08;5230.74;32444.348
2026-08-14T10:42:30.126446+02:00;standby;23.0;28.7;5.0;28.0;49.1;57.0;0;0;0;0;16510.82;11280.08;5230.74;32444.348
2026-08-14T10:43:31.362992+02:00;standby;23.0;28.7;5.0;28.0;48.9;57.0;0;0;0;0;16510.82;11280.08;5230.74;32444.348
2026-08-14T10:44:31.993171+02:00;standby;23.0;28.7;5.0;28.0;48.9;57.0;0;0;0;0;16510.82;11280.08;5230.74;32444.348
2026-08-14T10:45:32.577435+02:00;standby;23.0;28.7;5.0;28.0;48.8;57.0;0;0;0;0;16510.82;11280.08;5230.74;32444.348
2026-08-14T10:46:33.522772+02:00;standby;23.0;28.7;5.0;28.0;48.8;57.0;0;0;0;0;16510.82;11280.08;5230.74;32444.348
2026-08-14T10:47:34.057258+02:00;standby;23.0;28.7;5.0;28.0;48.8;57.0;0;0;0;0;16510.82;11280.08;5230.74;32444.348
2026-08-14T10:48:34.528864+02:00;standby;23.0;28.7;5.0;28.0;48.8;57.0;0;0;0;0;16510.82;11280.08;5230.74;32444.348
2026-08-14T10:49:35.192540+02:00;standby;23.0;28.7;5.0;28.0;48.8;57.0;0;0;0;0;16510.82;11280.08;5230.74;32444.348
2026-08-14T10:50:35.669287+02:00;standby;23.0;28.7;5.0;28.0;48.8;57.0;0;0;0;0;16510.82;11280.08;5230.74;32444.348
2026-08-14T10:51:36.218975+02:00;standby;23.0;28.7;5.0;28.0;48.8;57.0;0;0;0;0;16510.82;11280.08;5230.74;32444.348
2026-08-14T10:52:36.988405+02:00;standby;24.5;28.7;5.0;28.0;48.8;57.0;0;0;0;0;16510.82;11280.08;5230.74;32444.348
2026-08-14T10:53:38.228491+02:00;standby;24.5;28.7;5.0;28.0;48.7;57.0;0;0;0;0;16510.82;11280.08;5230.74;32444.348
2026-08-14T10:54:39.010959+02:00;standby;24.5;28.7;5.0;28.0;48.6;57.0;0;0;0;0;16510.82;11280.08;5230.74;32444.348
2026-08-14T10:55:39.738332+02:00;standby;24.5;28.7;5.0;28.0;48.6;57.0;0;0;0;0;16510.82;11280.08;5230.74;32444.348
2026-08-14T10:56:40.250412+02:00;standby;24.5;28.7;5.0;28.0;48.5;57.0;0;0;0;0;16510.82;11280.08;5230.74;32444.348
2026-08-14T10:57:40.780364+02:00;standby;24.5;28.7;5.0;28.0;48.4;57.0;0;0;0;0;16510.82;11280.08;5230.74;32444.348
2026-08-14T10:58:41.493070+02:00;standby;24.5;28.7;5.0;28.0;48.4;57.0;0;0;0;0;16510.82;11280.08;5230.74;32444.348
2026-08-14T10:59:42.063531+02:00;standby;24.5;28.7;5.0;28.0;48.4;57.0;0;0;0;0;16510.82;11280.08;5230.74;32444.348
2026-08-14T11:00:42.822076+02:00;standby;24.5;28.7;5.0;28.0;48.4;57.0;0;0;0;0;16510.82;11280.08;5230.74;32444.348
2026-08-14T11:01:43.557625+02:00;standby;24.5;28.7;5.0;28.0;48.4;57.0;0;0;0;0;16510.82;11280.08;5230.74;32444.348
2026-08-14T11:02:44.092770+02:00;standby;24.5;28.7;5.0;28.0;48.4;57.0;0;0;0;0;16510.82;11280.08;5230.74;32444.348
2026-08-14T11:03:44.788482+02:00;standby;24.5;28.7;5.0;28.0;48.4;57.0;0;0;0;0;16510.82;11280.08;5230.74;32444.348
2026-08-14T11:04:46.087912+02:00;standby;24.5;28.7;5.0;28.0;48.4;57.0;0;0;0;0;16510.82;11280.08;5230.74;32444.348
2026-08-14T11:05:47.331449+02:00;standby;24.5;28.7;5.0;28.0;48.4;57.0;0;0;0;0;16510.82;11280.08;5230.74;32444.348
2026-08-14T11:06:48.011500+02:00;standby;24.5;28.7;5.0;28.0;48.4;57.0;0;0;0;0;16510.82;11280.08;5230.74;32444.348
2026-08-14T11:07:48.828140+02:00;standby;24.5;28.7;5.0;28.0;48.2;57.0;0;0;0;0;16510.82;11280.08;5230.74;32444.348
2026-08-14T11:08:49.697070+02:00;standby;24.5;28.7;5.0;28.0;48.2;57.0;0;0;0;0;16510.82;11280.08;5230.74;32444.348
2026-08-14T11:09:50.710169+02:00;standby;24.5;28.7;5.0;28.0;48.2;57.0;0;0;0;0;16510.82;11280.08;5230.74;32444.348
2026-08-14T11:10:51.517467+02:00;standby;24.5;28.7;5.0;28.0;48.2;57.0;0;0;0;0;16510.82;11280.08;5230.74;32444.348
2026-08-14T11:11:52.689745+02:00;standby;24.5;28.7;5.0;28.0;48.2;57.0;0;0;0;0;16510.82;11280.08;5230.74;32444.348
2026-08-14T11:12:53.472574+02:00;standby;24.5;28.7;5.0;28.0;48.2;57.0;0;0;0;0;16510.82;11280.08;5230.74;32444.348
2026-08-14T11:13:54.185402+02:00;standby;24.5;28.7;5.0;28.0;48.2;57.0;0;0;0;0;16510.82;11280.08;5230.74;32444.348
2026-08-14T11:14:54.919737+02:00;standby;24.5;28.7;5.0;28.0;48.2;57.0;0;0;0;0;16510.82;11280.08;5230.74;32444.348
2026-08-14T11:15:55.392613+02:00;standby;24.5;28.7;5.0;28.0;48.2;57.0;0;0;0;0;16510.82;11280.08;5230.74;32444.348
2026-08-14T11:16:55.806537+02:00;standby;24.5;28.7;5.0;28.0;48.2;57.0;0;0;0;0;16510.82;11280.08;5230.74;32444.348
2026-08-14T11:17:56.324957+02:00;standby;24.5;28.7;5.0;28.0;48.2;57.0;0;0;0;0;16510.82;11280.08;5230.74;32444.348
2026-08-14T11:18:56.786915+02:00;standby;24.5;28.7;5.0;28.0;48.2;57.0;0;0;0;0;16510.82;11280.08;5230.74;32444.348
2026-08-14T11:19:57.303696+02:00;standby;24.5;28.7;5.0;28.0;48.1;57.0;0;0;0;0;16510.82;11280.08;5230.74;32444.348
2026-08-14T11:20:57.776483+02:00;standby;24.5;28.7;5.0;28.0;48.1;57.0;0;0;0;0;16510.82;11280.08;5230.74;32444.348
2026-08-14T11:21:58.708075+02:00;standby;24.5;28.7;5.0;28.0;48.1;57.0;0;0;0;0;16510.82;11280.08;5230.74;32444.348
2026-08-14T11:22:59.177803+02:00;standby;24.5;28.7;5.0;28.0;48.1;57.0;0;0;0;0;16510.82;11280.08;5230.74;32444.348
2026-08-14T11:23:59.919058+02:00;standby;24.5;28.7;5.0;28.0;48.1;57.0;0;0;0;0;16510.82;11280.08;5230.74;32444.348
2026-08-14T11:25:00.509866+02:00;standby;24.5;28.7;5.0;28.0;48.1;57.0;0;0;0;0;16510.82;11280.08;5230.74;32444.348
2026-08-14T11:26:01.099735+02:00;standby;24.5;28.7;5.0;28.0;48.1;57.0;0;0;0;0;16510.82;11280.08;5230.74;32444.348
2026-08-14T11:27:01.576363+02:00;standby;24.5;28.7;5.0;28.0;48.1;57.0;0;0;0;0;16510.82;11280.08;5230.74;32444.348
2026-08-14T11:28:02.069262+02:00;standby;24.5;28.7;5.0;28.0;48.1;57.0;0;0;0;0;16510.82;11280.08;5230.74;32444.348
2026-08-14T11:29:02.965492+02:00;standby;24.5;28.7;5.0;28.0;48.0;57.0;0;0;0;0;16510.82;11280.08;5230.74;32444.348
2026-08-14T11:30:03.385203+02:00;standby;24.5;28.7;5.0;28.0;48.0;57.0;0;0;0;0;16510.82;11280.08;5230.74;32444.348
2026-08-14T11:31:03.793367+02:00;standby;24.5;28.7;5.0;28.0;48.0;57.0;0;0;0;0;16510.82;11280.08;5230.74;32444.348
2026-08-14T11:32:04.252398+02:00;standby;24.5;28.7;5.0;28.0;48.0;57.0;0;0;0;0;16510.82;11280.08;5230.74;32444.348
2026-08-14T11:33:05.138137+02:00;standby;24.5;28.7;5.0;28.0;48.0;57.0;0;0;0;0;16510.82;11280.08;5230.74;32444.348
2026-08-14T11:34:05.611634+02:00;standby;24.5;28.7;5.0;28.0;48.0;57.0;0;0;0;0;16510.82;11280.08;5230.74;32444.348
2026-08-14T11:35:06.071143+02:00;standby;24.5;28.7;5.0;28.0;48.0;57.0;0;0;0;0;16510.82;11280.08;5230.74;32444.348
2026-08-14T11:36:06.536578+02:00;standby;24.5;28.7;5.0;28.0;48.0;57.0;0;0;0;0;16510.82;11280.08;5230.74;32444.348
2026-08-14T11:37:07.622424+02:00;standby;24.5;28.7;5.0;28.0;48.0;57.0;0;0;0;0;16510.82;11280.08;5230.74;32444.348
2026-08-14T11:38:08.096659+02:00;standby;24.5;28.7;5.0;28.0;47.9;57.0;0;0;0;0;16510.82;11280.08;5230.74;32444.348
2026-08-14T11:39:08.600777+02:00;standby;24.5;28.6;5.0;28.0;47.8;57.0;0;0;0;0;16510.82;11280.08;5230.74;32444.348
2026-08-14T11:40:09.438438+02:00;standby;24.5;28.7;5.0;28.0;47.8;57.0;0;0;0;0;16510.82;11280.08;5230.74;32444.348
2026-08-14T11:41:10.420716+02:00;standby;24.5;28.6;5.0;28.0;47.8;57.0;0;0;0;0;16510.82;11280.08;5230.74;32444.348
2026-08-14T11:42:10.942962+02:00;standby;24.5;28.6;5.0;28.0;47.8;57.0;0;0;0;0;16510.82;11280.08;5230.74;32444.348
2026-08-14T11:43:11.502642+02:00;standby;24.5;28.7;5.0;28.0;47.7;57.0;0;0;0;0;16510.82;11280.08;5230.74;32444.348
2026-08-14T11:44:11.932564+02:00;standby;24.5;28.7;5.0;28.0;47.7;57.0;0;0;0;0;16510.82;11280.08;5230.74;32444.348
2026-08-14T11:45:12.397527+02:00;standby;24.5;28.6;5.0;28.0;47.7;57.0;0;0;0;0;16510.82;11280.08;5230.74;32444.348
2026-08-14T11:46:12.871563+02:00;standby;24.5;28.7;5.0;28.0;47.7;57.0;0;0;0;0;16510.82;11280.08;5230.74;32444.348
2026-08-14T11:47:13.439334+02:00;standby;24.5;28.6;5.0;28.0;47.7;57.0;0;0;0;0;16510.82;11280.08;5230.74;32444.348
2026-08-14T11:48:13.861260+02:00;standby;24.5;28.6;5.0;28.0;47.7;57.0;0;0;0;0;16510.82;11280.08;5230.74;32444.348
2026-08-14T11:49:14.411227+02:00;standby;24.5;28.6;5.0;28.0;47.7;57.0;0;0;0;0;16510.82;11280.08;5230.74;32444.348
2026-08-14T11:50:14.886456+02:00;standby;24.5;28.6;5.0;28.0;47.7;57.0;0;0;0;0;16510.82;11280.08;5230.74;32444.348
2026-08-14T11:51:15.448471+02:00;standby;24.5;28.6;5.0;28.0;47.7;57.0;0;0;0;0;16510.82;11280.08;5230.74;32444.348
2026-08-14T11:52:16.001845+02:00;standby;24.5;28.6;5.0;28.0;47.6;57.0;0;0;0;0;16510.82;11280.08;5230.74;32444.348
2026-08-14T11:53:16.601528+02:00;standby;25.9;28.6;5.0;28.0;47.6;57.0;0;0;0;0;16510.82;11280.08;5230.74;32444.348
2026-08-14T11:54:17.279961+02:00;standby;25.9;28.6;5.0;28.0;47.6;57.0;0;0;0;0;16510.82;11280.08;5230.74;32444.348
2026-08-14T11:55:17.830033+02:00;standby;25.9;28.6;5.0;28.0;47.6;57.0;0;0;0;0;16510.82;11280.08;5230.74;32444.348
2026-08-14T11:56:18.623065+02:00;standby;25.9;28.6;5.0;28.0;47.6;57.0;0;0;0;0;16510.82;11280.08;5230.74;32444.348
2026-08-14T11:57:19.356100+02:00;standby;25.9;28.6;5.0;28.0;47.6;57.0;0;0;0;0;16510.82;11280.08;5230.74;32444.348
2026-08-14T11:58:19.862840+02:00;standby;25.9;28.6;5.0;28.0;47.6;57.0;0;0;0;0;16510.82;11280.08;5230.74;32444.348
2026-08-14T11:59:20.698782+02:00;standby;25.9;28.6;5.0;28.0;47.6;57.0;0;0;0;0;16510.82;11280.08;5230.74;32444.348
2026-08-14T12:00:21.265237+02:00;standby;25.9;28.6;5.0;28.0;47.6;57.0;0;0;0;0;16510.82;11280.08;5230.74;32444.348
2026-08-14T12:01:21.777446+02:00;standby;25.9;28.6;5.0;28.0;47.6;57.0;0;0;0;0;16510.82;11280.08;5230.74;32444.348
2026-08-14T12:02:22.512448+02:00;standby;25.9;28.6;5.0;28.0;47.6;57.0;0;0;0;0;16510.82;11280.08;5230.74;32444.348
2026-08-14T12:03:23.119415+02:00;standby;25.9;28.6;5.0;28.0;47.6;57.0;0;0;0;0;16510.82;11280.08;5230.74;32444.348
2026-08-14T12:04:23.858150+02:00;standby;25.9;28.6;5.0;28.0;47.6;57.0;0;0;0;0;16510.82;11280.08;5230.74;32444.348
2026-08-14T12:05:24.520399+02:00;standby;25.9;28.6;5.0;28.0;47.6;57.0;0;0;0;0;16510.82;11280.08;5230.74;32444.348
2026-08-14T12:06:24.981499+02:00;standby;25.9;28.6;5.0;28.0;47.6;57.0;0;0;0;0;16510.82;11280.08;5230.74;32444.348
2026-08-14T12:07:25.716594+02:00;standby;25.9;28.6;5.0;28.0;47.6;57.0;0;0;0;0;16510.82;11280.08;5230.74;32444.348
2026-08-14T12:08:26.399786+02:00;standby;25.9;28.6;5.0;28.0;47.4;57.0;0;0;0;0;16510.82;11280.08;5230.74;32444.348
2026-08-14T12:09:27.157205+02:00;standby;25.9;28.6;5.0;28.0;47.4;57.0;0;0;0;0;16510.82;11280.08;5230.74;32444.348
2026-08-14T12:10:27.643008+02:00;standby;25.9;28.6;5.0;28.0;47.3;57.0;0;0;0;0;16510.82;11280.08;5230.74;32444.348
2026-08-14T12:11:28.206780+02:00;standby;25.9;28.6;5.0;28.0;47.3;57.0;0;0;0;0;16510.82;11280.08;5230.74;32444.348
2026-08-14T12:12:28.886237+02:00;standby;25.9;28.6;5.0;28.0;47.3;57.0;0;0;0;0;16510.82;11280.08;5230.74;32444.348
2026-08-14T12:13:29.454769+02:00;standby;25.9;28.6;5.0;28.0;47.3;57.0;0;0;0;0;16510.82;11280.08;5230.74;32444.348
2026-08-14T12:14:30.685273+02:00;standby;25.9;28.6;5.0;28.0;47.3;57.0;0;0;0;0;16510.82;11280.08;5230.74;32444.348
2026-08-14T12:15:31.467083+02:00;standby;25.9;28.6;5.0;28.0;47.3;57.0;0;0;0;0;16510.82;11280.08;5230.74;32444.348
2026-08-14T12:16:31.873319+02:00;standby;25.9;28.6;5.0;28.0;47.3;57.0;0;0;0;0;16510.82;11280.08;5230.74;32444.348
2026-08-14T12:17:32.337298+02:00;standby;25.9;28.6;5.0;28.0;47.3;57.0;0;0;0;0;16510.82;11280.08;5230.74;32444.348
2026-08-14T12:18:32.802445+02:00;standby;25.9;28.6;5.0;28.0;47.3;57.0;0;0;0;0;16510.82;11280.08;5230.74;32444.348
2026-08-14T12:19:34.836951+02:00;standby;25.9;28.6;5.0;28.0;47.3;57.0;0;0;0;0;16510.82;11280.08;5230.74;32444.348
2026-08-14T12:20:35.375734+02:00;standby;25.9;28.6;5.0;28.0;47.3;57.0;0;0;0;0;16510.82;11280.08;5230.74;32444.348
2026-08-14T12:21:35.850326+02:00;standby;25.9;28.6;5.0;28.0;47.2;57.0;0;0;0;0;16510.82;11280.08;5230.74;32444.348
2026-08-14T12:22:36.783427+02:00;standby;25.9;28.6;5.0;28.0;47.2;57.0;0;0;0;0;16510.82;11280.08;5230.74;32444.348
2026-08-14T12:23:37.299838+02:00;standby;25.9;28.6;5.0;28.0;47.2;57.0;0;0;0;0;16510.82;11280.08;5230.74;32444.348
2026-08-14T12:24:37.821948+02:00;standby;25.9;28.6;5.0;28.0;47.2;57.0;0;0;0;0;16510.82;11280.08;5230.74;32444.348
2026-08-14T12:25:38.337910+02:00;standby;25.9;28.6;5.0;28.0;47.2;57.0;0;0;0;0;16510.82;11280.08;5230.74;32444.348
2026-08-14T12:26:38.866228+02:00;standby;25.9;28.6;5.0;28.0;47.2;57.0;0;0;0;0;16510.82;11280.08;5230.74;32444.348
2026-08-14T12:27:39.336984+02:00;standby;25.9;28.6;5.0;28.0;47.1;57.0;0;0;0;0;16510.82;11280.08;5230.74;32444.348
2026-08-14T12:28:39.850549+02:00;standby;25.9;28.6;5.0;28.0;47.1;57.0;0;0;0;0;16510.82;11280.08;5230.74;32444.348
2026-08-14T12:29:40.424301+02:00;standby;25.9;28.6;5.0;28.0;47.1;57.0;0;0;0;0;16510.82;11280.08;5230.74;32444.348
2026-08-14T12:30:40.953770+02:00;standby;25.9;28.6;5.0;28.0;47.1;57.0;0;0;0;0;16510.82;11280.08;5230.74;32444.348
2026-08-14T12:31:41.560232+02:00;standby;25.9;28.6;5.0;28.0;47.0;57.0;0;0;0;0;16510.82;11280.08;5230.74;32444.348
2026-08-14T12:32:42.035643+02:00;standby;25.9;28.6;5.0;28.0;47.0;57.0;0;0;0;0;16510.82;11280.08;5230.74;32444.348
2026-08-14T12:33:42.548448+02:00;dhw;25.9;32.8;85.0;28.0;47.0;57.0;1;38;1;100;16510.84;11280.08;5230.76;32444.348
2026-08-14T12:33:53.056561+02:00;dhw;25.9;38.2;85.0;28.0;47.0;57.0;1;23;1;100;16510.85;11280.08;5230.77;32444.348
2026-08-14T12:34:03.920441+02:00;dhw;25.9;37.7;85.0;28.0;46.9;57.0;1;23;1;100;16510.85;11280.08;5230.78;32444.348
2026-08-14T12:34:14.502729+02:00;dhw;25.9;38.3;85.0;28.0;46.9;57.0;1;23;1;100;16510.86;11280.08;5230.79;32444.348
2026-08-14T12:34:25.033741+02:00;dhw;25.9;38.8;85.0;28.0;46.9;57.0;1;23;1;100;16510.87;11280.08;5230.79;32444.348
2026-08-14T12:34:35.737904+02:00;dhw;25.9;38.2;85.0;28.0;46.8;57.0;1;23;1;100;16510.88;11280.08;5230.8;32444.348
2026-08-14T12:34:46.518088+02:00;dhw;25.9;38.5;85.0;28.0;46.8;57.0;1;23;1;100;16510.89;11280.08;5230.81;32444.348
2026-08-14T12:34:57.154394+02:00;dhw;25.9;39.0;85.0;28.0;46.7;57.0;1;23;1;100;16510.9;11280.08;5230.83;32444.348
2026-08-14T12:35:07.694186+02:00;dhw;25.9;39.8;85.0;28.0;46.5;57.0;1;23;1;100;16510.92;11280.08;5230.84;32444.348
2026-08-14T12:35:18.190434+02:00;dhw;25.9;40.4;85.0;28.0;46.5;57.0;1;23;1;100;16510.92;11280.08;5230.85;32444.348
2026-08-14T12:35:28.836300+02:00;dhw;25.9;41.1;85.0;28.0;46.4;57.0;1;33;1;100;16510.93;11280.08;5230.86;32444.348
2026-08-14T12:35:39.450601+02:00;dhw;25.9;42.3;85.0;28.0;46.3;57.0;1;44;1;100;16510.95;11280.08;5230.87;32444.348
2026-08-14T12:35:50.922880+02:00;dhw;25.9;44.0;85.0;28.0;46.3;57.0;1;55;1;100;16510.97;11280.08;5230.89;32444.348
2026-08-14T12:36:01.783557+02:00;dhw;25.9;46.1;85.0;28.0;46.2;57.0;1;68;1;100;16510.99;11280.08;5230.92;32444.348
2026-08-14T12:36:12.357000+02:00;dhw;25.9;48.0;85.0;28.0;46.2;57.0;1;78;1;100;16511.02;11280.08;5230.94;32444.348
2026-08-14T12:36:22.959022+02:00;dhw;25.9;50.2;85.0;28.0;46.1;57.0;1;89;1;100;16511.05;11280.08;5230.98;32444.348
2026-08-14T12:36:33.510126+02:00;dhw;25.9;53.0;85.0;28.0;46.1;57.0;1;103;1;100;16511.1;11280.08;5231.02;32444.348
2026-08-14T12:36:44.361796+02:00;dhw;25.9;55.1;85.0;28.0;46.0;57.0;1;108;1;100;16511.14;11280.08;5231.06;32444.348
2026-08-14T12:36:55.318345+02:00;dhw;25.9;57.0;85.0;28.0;46.0;57.0;1;108;1;100;16511.17;11280.08;5231.09;32444.348
2026-08-14T12:37:05.971629+02:00;dhw;25.9;60.0;85.0;28.0;46.0;57.0;1;108;1;100;16511.24;11280.08;5231.16;32444.348
2026-08-14T12:37:16.604572+02:00;dhw;25.9;61.0;85.0;28.0;46.0;57.0;1;108;1;100;16511.26;11280.08;5231.19;32444.348
2026-08-14T12:37:27.169006+02:00;dhw;25.9;63.3;85.0;28.0;46.0;57.0;1;108;1;100;16511.33;11280.08;5231.25;32444.447
2026-08-14T12:37:37.710928+02:00;dhw;25.9;64.5;85.0;28.0;46.0;57.0;1;108;1;100;16511.37;11280.08;5231.29;32444.447
2026-08-14T12:37:48.258257+02:00;dhw;25.9;65.6;85.0;28.0;46.1;57.0;1;108;1;100;16511.41;11280.08;5231.33;32444.447
2026-08-14T12:37:58.900698+02:00;dhw;25.9;66.5;85.0;28.0;46.2;57.0;1;108;1;100;16511.45;11280.08;5231.37;32444.447
2026-08-14T12:38:10.159778+02:00;dhw;25.9;67.2;85.0;28.0;46.3;57.0;1;108;1;100;16511.49;11280.08;5231.42;32444.447
2026-08-14T12:38:22.061185+02:00;dhw;25.9;68.0;85.0;28.0;46.4;57.0;1;108;1;100;16511.54;11280.08;5231.46;32444.447
2026-08-14T12:38:32.896141+02:00;dhw;25.9;68.7;85.0;28.0;46.5;57.0;1;108;1;100;16511.58;11280.08;5231.5;32444.447
2026-08-14T12:38:43.543233+02:00;dhw;25.9;69.2;85.0;28.0;46.6;57.0;1;108;1;100;16511.62;11280.08;5231.54;32444.447
2026-08-14T12:38:54.149728+02:00;dhw;25.9;69.8;85.0;28.0;46.8;57.0;1;108;1;100;16511.66;11280.08;5231.58;32444.447
2026-08-14T12:39:04.700406+02:00;dhw;25.9;70.0;85.0;28.0;46.9;57.0;1;108;1;100;16511.7;11280.08;5231.63;32444.447
2026-08-14T12:39:15.547155+02:00;dhw;25.9;70.4;85.0;28.0;47.0;57.0;1;108;1;100;16511.75;11280.08;5231.67;32444.447
2026-08-14T12:39:26.162501+02:00;dhw;25.9;71.1;85.0;28.0;47.2;57.0;1;108;1;100;16511.83;11280.08;5231.75;32444.447
2026-08-14T12:39:37.157223+02:00;dhw;25.9;71.5;85.0;28.0;47.6;57.0;1;108;1;100;16511.87;11280.08;5231.8;32444.447
2026-08-14T12:39:47.702571+02:00;dhw;25.9;71.8;85.0;28.0;47.8;57.0;1;108;1;100;16511.91;11280.08;5231.84;32444.447
2026-08-14T12:39:58.262101+02:00;dhw;25.9;72.1;85.0;28.0;47.9;57.0;1;108;1;100;16511.95;11280.08;5231.88;32444.447
2026-08-14T12:40:08.801474+02:00;dhw;25.9;72.3;85.0;28.0;48.1;57.0;1;108;1;100;16512.0;11280.08;5231.92;32444.447
2026-08-14T12:40:19.612178+02:00;dhw;25.9;72.6;85.0;28.0;48.4;57.0;1;108;1;100;16512.04;11280.08;5231.96;32444.447
2026-08-14T12:40:30.405413+02:00;dhw;25.9;73.0;85.0;28.0;48.5;57.0;1;108;1;100;16512.09;11280.08;5232.01;32444.447
2026-08-14T12:40:41.168488+02:00;dhw;25.9;73.1;85.0;28.0;48.7;57.0;1;108;1;100;16512.12;11280.08;5232.04;32444.447
2026-08-14T12:40:54.849392+02:00;dhw;25.9;73.4;85.0;28.0;48.8;57.0;1;108;1;100;16512.16;11280.08;5232.09;32444.447
2026-08-14T12:41:05.636794+02:00;dhw;25.9;73.6;85.0;28.0;49.0;57.0;1;108;1;100;16512.21;11280.08;5232.13;32444.447
2026-08-14T12:41:16.181042+02:00;dhw;25.9;74.0;85.0;28.0;49.3;57.0;1;108;1;100;16512.29;11280.08;5232.21;32444.447
2026-08-14T12:41:26.926782+02:00;dhw;25.9;74.3;85.0;28.0;49.4;57.0;1;108;1;100;16512.33;11280.08;5232.25;32444.547
2026-08-14T12:41:37.660727+02:00;dhw;25.9;74.6;85.0;28.0;49.6;57.0;1;108;1;100;16512.38;11280.08;5232.3;32444.547
2026-08-14T12:41:48.301576+02:00;dhw;25.9;74.8;85.0;28.0;49.7;57.0;1;108;1;100;16512.42;11280.08;5232.34;32444.547
2026-08-14T12:41:58.834178+02:00;dhw;25.9;75.1;85.0;28.0;49.9;57.0;1;108;1;100;16512.46;11280.08;5232.38;32444.547
2026-08-14T12:42:10.200471+02:00;dhw;25.9;75.2;85.0;28.0;50.0;57.0;1;108;1;100;16512.5;11280.08;5232.42;32444.547
2026-08-14T12:42:20.793440+02:00;dhw;25.9;75.4;85.0;28.0;50.1;57.0;1;108;1;100;16512.54;11280.08;5232.46;32444.547
2026-08-14T12:42:32.578568+02:00;dhw;25.9;75.6;85.0;28.0;50.3;57.0;1;108;1;100;16512.58;11280.08;5232.51;32444.547
2026-08-14T12:42:43.120546+02:00;dhw;25.9;75.8;85.0;28.0;50.4;57.0;1;108;1;100;16512.62;11280.08;5232.55;32444.547
2026-08-14T12:42:54.037481+02:00;dhw;25.9;76.1;85.0;28.0;50.5;57.0;1;108;1;100;16512.68;11280.08;5232.6;32444.547
2026-08-14T12:43:04.686523+02:00;dhw;25.9;76.1;85.0;28.0;50.7;57.0;1;108;1;100;16512.71;11280.08;5232.63;32444.547
2026-08-14T12:43:15.380426+02:00;dhw;25.9;76.4;85.0;28.0;50.8;57.0;1;108;1;100;16512.75;11280.08;5232.67;32444.547
2026-08-14T12:43:26.122400+02:00;dhw;25.9;76.7;85.0;28.0;51.2;57.0;1;108;1;100;16512.83;11280.08;5232.76;32444.547
2026-08-14T12:43:36.667064+02:00;dhw;25.9;77.0;85.0;28.0;51.3;57.0;1;108;1;100;16512.88;11280.08;5232.8;32444.547
2026-08-14T12:43:47.591906+02:00;dhw;25.9;77.1;85.0;28.0;51.4;57.0;1;108;1;100;16512.92;11280.08;5232.84;32444.547
2026-08-14T12:43:58.493786+02:00;dhw;25.9;77.3;85.0;28.0;51.6;57.0;1;108;1;100;16512.96;11280.08;5232.88;32444.547
2026-08-14T12:44:09.924762+02:00;dhw;25.9;77.4;85.0;28.0;51.7;57.0;1;108;1;100;16513.0;11280.08;5232.92;32444.547
2026-08-14T12:44:20.661967+02:00;dhw;25.9;77.6;85.0;28.0;51.9;57.0;1;108;1;100;16513.04;11280.08;5232.96;32444.547
2026-08-14T12:44:31.200018+02:00;dhw;25.9;77.9;85.0;28.0;52.0;57.0;1;108;1;100;16513.08;11280.08;5233.01;32444.547
2026-08-14T12:44:41.874582+02:00;dhw;25.9;78.0;85.0;28.0;52.2;57.0;1;108;1;100;16513.13;11280.08;5233.05;32444.547
2026-08-14T12:44:52.511788+02:00;dhw;25.9;78.2;85.0;28.0;52.3;57.0;1;108;1;100;16513.17;11280.08;5233.09;32444.547
2026-08-14T12:45:03.663796+02:00;dhw;25.9;78.3;85.0;28.0;52.5;57.0;1;108;1;100;16513.21;11280.08;5233.13;32444.547
2026-08-14T12:45:14.868897+02:00;dhw;25.9;78.5;85.0;28.0;52.7;57.0;1;108;1;100;16513.25;11280.08;5233.18;32444.547
2026-08-14T12:45:25.627962+02:00;dhw;25.9;78.8;85.0;28.0;53.1;57.0;1;108;1;100;16513.33;11280.08;5233.26;32444.547
2026-08-14T12:45:36.335325+02:00;dhw;25.9;79.0;85.0;28.0;53.1;57.0;1;108;1;100;16513.38;11280.08;5233.3;32444.646
2026-08-14T12:45:47.438407+02:00;dhw;25.9;79.1;85.0;28.0;53.4;57.0;1;108;1;100;16513.42;11280.08;5233.34;32444.646
2026-08-14T12:45:58.387499+02:00;dhw;25.9;79.1;85.0;28.0;53.5;57.0;1;108;1;100;16513.46;11280.08;5233.38;32444.646
2026-08-14T12:46:09.859290+02:00;dhw;25.9;79.3;85.0;28.0;53.7;57.0;1;108;1;100;16513.5;11280.08;5233.43;32444.646
2026-08-14T12:46:20.470662+02:00;dhw;25.9;79.5;85.0;28.0;53.8;57.0;1;108;1;100;16513.54;11280.08;5233.47;32444.646
2026-08-14T12:46:31.143345+02:00;dhw;25.9;79.6;85.0;28.0;54.0;57.0;1;108;1;100;16513.59;11280.08;5233.51;32444.646
2026-08-14T12:46:41.831368+02:00;dhw;25.9;79.8;85.0;28.0;54.1;57.0;1;108;1;100;16513.63;11280.08;5233.55;32444.646
2026-08-14T12:46:52.613814+02:00;dhw;25.9;79.8;85.0;28.0;54.3;57.0;1;108;1;100;16513.67;11280.08;5233.59;32444.646
2026-08-14T12:47:03.115565+02:00;dhw;25.9;80.1;85.0;28.0;54.5;57.0;1;108;1;100;16513.73;11280.08;5233.65;32444.646
2026-08-14T12:47:13.914046+02:00;dhw;25.9;80.1;85.0;28.0;54.7;57.0;1;108;1;100;16513.75;11280.08;5233.68;32444.646
2026-08-14T12:47:25.636343+02:00;dhw;25.9;80.3;85.0;28.0;55.1;57.0;1;108;1;100;16513.8;11280.08;5233.72;32444.646
2026-08-14T12:47:37.317370+02:00;dhw;25.9;80.6;85.0;28.0;55.3;57.0;1;108;1;100;16513.88;11280.08;5233.8;32444.646
2026-08-14T12:47:48.624727+02:00;dhw;25.9;80.7;85.0;28.0;55.5;57.0;1;108;1;100;16513.92;11280.08;5233.84;32444.646
2026-08-14T12:47:59.348805+02:00;dhw;25.9;80.9;85.0;28.0;55.5;57.0;1;108;1;100;16513.96;11280.08;5233.89;32444.646
2026-08-14T12:48:11.017996+02:00;dhw;25.9;81.1;85.0;28.0;55.8;57.0;1;108;1;100;16514.0;11280.08;5233.93;32444.646
2026-08-14T12:48:24.315079+02:00;dhw;25.9;81.2;85.0;28.0;55.9;57.0;1;108;1;100;16514.05;11280.08;5233.97;32444.646
2026-08-14T12:48:34.862533+02:00;dhw;25.9;81.5;85.0;28.0;56.1;57.0;1;108;1;100;16514.13;11280.08;5234.05;32444.646
2026-08-14T12:48:45.562994+02:00;dhw;25.9;81.7;85.0;28.0;56.4;57.0;1;108;1;100;16514.17;11280.08;5234.09;32444.646
2026-08-14T12:48:56.062613+02:00;dhw;25.9;81.9;85.0;28.0;56.6;57.0;1;108;1;100;16514.21;11280.08;5234.14;32444.646
