ts;mode;outdoor_temp;flow_temp;flow_set_temp;target_flow_temp;dhw_temp;dhw_set_temp;burner_active;burner_power;pump_active;pump_modulation;energy_total_kwh;energy_heat_kwh;energy_dhw_kwh;gas_display_m3
2026-06-29T00:00:30.942525+02:00;standby;26.3;28.7;5.0;25.0;47.0;10.0;0;0;0;0;16322.83;11280.08;5042.75;32425.721
2026-06-29T00:01:31.515653+02:00;standby;26.3;28.6;5.0;25.0;47.0;10.0;0;0;0;0;16322.83;11280.08;5042.75;32425.721
2026-06-29T00:02:32.094278+02:00;standby;26.3;28.6;5.0;25.0;47.0;10.0;0;0;0;0;16322.83;11280.08;5042.75;32425.721
2026-06-29T00:03:32.838875+02:00;standby;26.3;28.6;5.0;25.0;47.0;10.0;0;0;0;0;16322.83;11280.08;5042.75;32425.721
2026-06-29T00:04:33.368028+02:00;standby;26.3;28.6;5.0;25.0;47.0;10.0;0;0;0;0;16322.83;11280.08;5042.75;32425.721
2026-06-29T00:05:35.315383+02:00;standby;26.3;28.6;5.0;25.0;47.0;10.0;0;0;0;0;16322.83;11280.08;5042.75;32425.721
2026-06-29T00:06:35.989219+02:00;standby;26.3;28.6;5.0;25.0;47.0;10.0;0;0;0;0;16322.83;11280.08;5042.75;32425.721
2026-06-29T00:07:36.563787+02:00;standby;26.3;28.6;5.0;25.0;47.0;10.0;0;0;0;0;16322.83;11280.08;5042.75;32425.721
2026-06-29T00:08:37.081276+02:00;standby;26.3;28.6;5.0;25.0;46.9;10.0;0;0;0;0;16322.83;11280.08;5042.75;32425.721
2026-06-29T00:09:37.681145+02:00;standby;26.3;28.6;5.0;25.0;46.9;10.0;0;0;0;0;16322.83;11280.08;5042.75;32425.721
2026-06-29T00:10:38.325247+02:00;standby;26.3;28.6;5.0;25.0;46.9;10.0;0;0;0;0;16322.83;11280.08;5042.75;32425.721
2026-06-29T00:11:39.222985+02:00;standby;26.3;28.6;5.0;25.0;46.9;10.0;0;0;0;0;16322.83;11280.08;5042.75;32425.721
2026-06-29T00:12:39.836091+02:00;standby;26.3;28.6;5.0;25.0;46.9;10.0;0;0;0;0;16322.83;11280.08;5042.75;32425.721
2026-06-29T00:13:40.468294+02:00;standby;26.3;28.6;5.0;25.0;46.9;10.0;0;0;0;0;16322.83;11280.08;5042.75;32425.721
2026-06-29T00:14:41.012089+02:00;standby;26.3;28.6;5.0;25.0;46.9;10.0;0;0;0;0;16322.83;11280.08;5042.75;32425.721
2026-06-29T00:15:41.808771+02:00;standby;26.3;28.6;5.0;25.0;46.9;10.0;0;0;0;0;16322.83;11280.08;5042.75;32425.721
2026-06-29T00:16:42.685817+02:00;standby;26.3;28.6;5.0;25.0;46.9;10.0;0;0;0;0;16322.83;11280.08;5042.75;32425.721
2026-06-29T00:17:43.184335+02:00;standby;26.3;28.6;5.0;25.0;46.9;10.0;0;0;0;0;16322.83;11280.08;5042.75;32425.721
2026-06-29T00:18:44.118453+02:00;standby;26.3;28.6;5.0;25.0;46.9;10.0;0;0;0;0;16322.83;11280.08;5042.75;32425.721
2026-06-29T00:19:46.167514+02:00;standby;26.3;28.6;5.0;25.0;46.8;10.0;0;0;0;0;16322.83;11280.08;5042.75;32425.721
2026-06-29T00:20:46.687551+02:00;standby;26.3;28.6;5.0;25.0;46.9;10.0;0;0;0;0;16322.83;11280.08;5042.75;32425.721
2026-06-29T00:21:47.206626+02:00;standby;25.6;28.6;5.0;25.0;46.9;10.0;0;0;0;0;16322.83;11280.08;5042.75;32425.721
2026-06-29T00:22:48.144061+02:00;standby;25.6;28.6;5.0;25.0;46.8;10.0;0;0;0;0;16322.83;11280.08;5042.75;32425.721
2026-06-29T00:23:48.924137+02:00;standby;25.6;28.5;5.0;25.0;46.8;10.0;0;0;0;0;16322.83;11280.08;5042.75;32425.721
2026-06-29T00:24:49.481325+02:00;standby;25.6;28.5;5.0;25.0;46.8;10.0;0;0;0;0;16322.83;11280.08;5042.75;32425.721
2026-06-29T00:25:50.182200+02:00;standby;25.6;28.5;5.0;25.0;46.8;10.0;0;0;0;0;16322.83;11280.08;5042.75;32425.721
2026-06-29T00:26:50.792856+02:00;standby;25.6;28.5;5.0;25.0;46.8;10.0;0;0;0;0;16322.83;11280.08;5042.75;32425.721
2026-06-29T00:27:51.358395+02:00;standby;25.6;28.5;5.0;25.0;46.8;10.0;0;0;0;0;16322.83;11280.08;5042.75;32425.721
2026-06-29T00:28:51.918979+02:00;standby;25.6;28.5;5.0;25.0;46.8;10.0;0;0;0;0;16322.83;11280.08;5042.75;32425.721
2026-06-29T00:29:52.498058+02:00;standby;25.6;28.5;5.0;25.0;46.8;10.0;0;0;0;0;16322.83;11280.08;5042.75;32425.721
2026-06-29T00:30:53.375916+02:00;standby;25.6;28.5;5.0;25.0;46.8;10.0;0;0;0;0;16322.83;11280.08;5042.75;32425.721
2026-06-29T00:31:54.110640+02:00;standby;25.6;28.5;5.0;25.0;46.8;10.0;0;0;0;0;16322.83;11280.08;5042.75;32425.721
2026-06-29T00:32:54.675109+02:00;standby;25.6;28.5;5.0;25.0;46.8;10.0;0;0;0;0;16322.83;11280.08;5042.75;32425.721
2026-06-29T00:33:55.242345+02:00;standby;25.6;28.5;5.0;25.0;46.7;10.0;0;0;0;0;16322.83;11280.08;5042.75;32425.721
2026-06-29T00:34:55.855634+02:00;standby;25.6;28.5;5.0;25.0;46.7;10.0;0;0;0;0;16322.83;11280.08;5042.75;32425.721
2026-06-29T00:35:56.489939+02:00;standby;25.6;28.5;5.0;25.0;46.7;10.0;0;0;0;0;16322.83;11280.08;5042.75;32425.721
2026-06-29T00:36:57.321784+02:00;standby;25.6;28.5;5.0;25.0;46.7;10.0;0;0;0;0;16322.83;11280.08;5042.75;32425.721
2026-06-29T00:37:58.179793+02:00;standby;25.6;28.5;5.0;25.0;46.7;10.0;0;0;0;0;16322.83;11280.08;5042.75;32425.721
2026-06-29T00:38:58.698910+02:00;standby;25.6;28.5;5.0;25.0;46.7;10.0;0;0;0;0;16322.83;11280.08;5042.75;32425.721
2026-06-29T00:39:59.235291+02:00;standby;25.6;28.5;5.0;25.0;46.7;10.0;0;0;0;0;16322.83;11280.08;5042.75;32425.721
2026-06-29T00:40:59.794696+02:00;standby;25.6;28.5;5.0;25.0;46.7;10.0;0;0;0;0;16322.83;11280.08;5042.75;32425.721
2026-06-29T00:42:00.623019+02:00;standby;25.6;28.5;5.0;25.0;46.7;10.0;0;0;0;0;16322.83;11280.08;5042.75;32425.721
2026-06-29T00:43:01.146168+02:00;standby;25.6;28.5;5.0;25.0;46.7;10.0;0;0;0;0;16322.83;11280.08;5042.75;32425.721
2026-06-29T00:44:01.706330+02:00;standby;25.6;28.5;5.0;25.0;46.7;10.0;0;0;0;0;16322.83;11280.08;5042.75;32425.721
2026-06-29T00:45:02.297535+02:00;standby;25.6;28.5;5.0;25.0;46.6;10.0;0;0;0;0;16322.83;11280.08;5042.75;32425.721
2026-06-29T00:46:03.112977+02:00;standby;25.6;28.5;5.0;25.0;46.7;10.0;0;0;0;0;16322.83;11280.08;5042.75;32425.721
2026-06-29T00:47:03.957962+02:00;standby;25.6;28.5;5.0;25.0;46.6;10.0;0;0;0;0;16322.83;11280.08;5042.75;32425.721
2026-06-29T00:48:04.462249+02:00;standby;25.6;28.5;5.0;25.0;46.6;10.0;0;0;0;0;16322.83;11280.08;5042.75;32425.721
2026-06-29T00:49:05.078940+02:00;standby;25.6;28.5;5.0;25.0;46.6;10.0;0;0;0;0;16322.83;11280.08;5042.75;32425.721
2026-06-29T00:50:05.691537+02:00;standby;25.6;28.5;5.0;25.0;46.6;10.0;0;0;0;0;16322.83;11280.08;5042.75;32425.721
2026-06-29T00:51:06.442566+02:00;standby;25.6;28.5;5.0;25.0;46.6;10.0;0;0;0;0;16322.83;11280.08;5042.75;32425.721
2026-06-29T00:52:07.044031+02:00;standby;25.6;28.5;5.0;25.0;46.6;10.0;0;0;0;0;16322.83;11280.08;5042.75;32425.721
2026-06-29T00:53:07.618240+02:00;standby;25.6;28.3;5.0;25.0;46.6;10.0;0;0;0;0;16322.83;11280.08;5042.75;32425.721
2026-06-29T00:54:08.204810+02:00;standby;25.6;28.3;5.0;25.0;46.6;10.0;0;0;0;0;16322.83;11280.08;5042.75;32425.721
2026-06-29T00:55:08.748780+02:00;standby;25.6;28.5;5.0;25.0;46.6;10.0;0;0;0;0;16322.83;11280.08;5042.75;32425.721
2026-06-29T00:56:09.843985+02:00;standby;25.6;28.5;5.0;25.0;46.6;10.0;0;0;0;0;16322.83;11280.08;5042.75;32425.721
2026-06-29T00:57:10.486215+02:00;standby;25.6;28.5;5.0;25.0;46.6;10.0;0;0;0;0;16322.83;11280.08;5042.75;32425.721
2026-06-29T00:58:11.025207+02:00;standby;25.6;28.3;5.0;25.0;46.6;10.0;0;0;0;0;16322.83;11280.08;5042.75;32425.721
2026-06-29T00:59:11.604408+02:00;standby;25.6;28.3;5.0;25.0;46.6;10.0;0;0;0;0;16322.83;11280.08;5042.75;32425.721
2026-06-29T01:00:12.224520+02:00;standby;25.6;28.3;5.0;25.0;46.5;10.0;0;0;0;0;16322.83;11280.08;5042.75;32425.721
2026-06-29T01:01:12.742646+02:00;standby;25.6;28.3;5.0;25.0;46.5;10.0;0;0;0;0;16322.83;11280.08;5042.75;32425.721
2026-06-29T01:02:13.616658+02:00;standby;25.6;28.3;5.0;25.0;46.5;10.0;0;0;0;0;16322.83;11280.08;5042.75;32425.721
2026-06-29T01:03:14.419783+02:00;standby;25.6;28.3;5.0;25.0;46.5;10.0;0;0;0;0;16322.83;11280.08;5042.75;32425.721
2026-06-29T01:04:15.031763+02:00;standby;25.6;28.3;5.0;25.0;46.5;10.0;0;0;0;0;16322.83;11280.08;5042.75;32425.721
2026-06-29T01:05:15.950946+02:00;standby;25.6;28.3;5.0;25.0;46.5;10.0;0;0;0;0;16322.83;11280.08;5042.75;32425.721
2026-06-29T01:06:16.470909+02:00;standby;25.6;28.3;5.0;25.0;46.5;10.0;0;0;0;0;16322.83;11280.08;5042.75;32425.721
2026-06-29T01:07:17.037617+02:00;standby;25.6;28.3;5.0;25.0;46.5;10.0;0;0;0;0;16322.83;11280.08;5042.75;32425.721
2026-06-29T01:08:17.658260+02:00;standby;25.6;28.3;5.0;25.0;46.5;10.0;0;0;0;0;16322.83;11280.08;5042.75;32425.721
2026-06-29T01:09:18.353973+02:00;standby;25.6;28.3;5.0;25.0;46.5;10.0;0;0;0;0;16322.83;11280.08;5042.75;32425.721
2026-06-29T01:10:18.946832+02:00;standby;25.6;28.3;5.0;25.0;46.5;10.0;0;0;0;0;16322.83;11280.08;5042.75;32425.721
2026-06-29T01:11:19.594454+02:00;standby;25.6;28.3;5.0;25.0;46.4;10.0;0;0;0;0;16322.83;11280.08;5042.75;32425.721
2026-06-29T01:12:20.462527+02:00;standby;25.6;28.3;5.0;25.0;46.5;10.0;0;0;0;0;16322.83;11280.08;5042.75;32425.721
2026-06-29T01:13:21.030245+02:00;standby;25.6;28.3;5.0;25.0;46.4;10.0;0;0;0;0;16322.83;11280.08;5042.75;32425.721
2026-06-29T01:14:22.010872+02:00;standby;25.6;28.3;5.0;25.0;46.4;10.0;0;0;0;0;16322.83;11280.08;5042.75;32425.721
2026-06-29T01:15:22.625807+02:00;standby;25.6;28.3;5.0;25.0;46.4;10.0;0;0;0;0;16322.83;11280.08;5042.75;32425.721
2026-06-29T01:16:23.184736+02:00;standby;25.6;28.3;5.0;25.0;46.4;10.0;0;0;0;0;16322.83;11280.08;5042.75;32425.721
2026-06-29T01:17:23.972328+02:00;standby;25.6;28.3;5.0;25.0;46.4;10.0;0;0;0;0;16322.83;11280.08;5042.75;32425.721
2026-06-29T01:18:24.736033+02:00;standby;25.6;28.3;5.0;25.0;46.4;10.0;0;0;0;0;16322.83;11280.08;5042.75;32425.721
2026-06-29T01:19:25.319261+02:00;standby;25.6;28.3;5.0;25.0;46.4;10.0;0;0;0;0;16322.83;11280.08;5042.75;32425.721
2026-06-29T01:20:25.885638+02:00;standby;25.6;28.3;5.0;25.0;46.4;10.0;0;0;0;0;16322.83;11280.08;5042.75;32425.721
2026-06-29T01:21:26.458292+02:00;standby;25.6;28.3;5.0;25.0;46.4;10.0;0;0;0;0;16322.83;11280.08;5042.75;32425.721
2026-06-29T01:22:26.934388+02:00;standby;25.1;28.3;5.0;25.0;46.4;10.0;0;0;0;0;16322.83;11280.08;5042.75;32425.721
2026-06-29T01:23:27.748992+02:00;standby;25.1;28.3;5.0;25.0;46.4;10.0;0;0;0;0;16322.83;11280.08;5042.75;32425.721
2026-06-29T01:24:28.405651+02:00;standby;25.1;28.3;5.0;25.0;46.4;10.0;0;0;0;0;16322.83;11280.08;5042.75;32425.721
2026-06-29T01:25:29.089852+02:00;standby;25.1;28.3;5.0;25.0;46.3;10.0;0;0;0;0;16322.83;11280.08;5042.75;32425.721
2026-06-29T01:26:29.722425+02:00;standby;25.1;28.3;5.0;25.0;46.3;10.0;0;0;0;0;16322.83;11280.08;5042.75;32425.721
2026-06-29T01:27:30.260791+02:00;standby;25.1;28.3;5.0;25.0;46.3;10.0;0;0;0;0;16322.83;11280.08;5042.75;32425.721
2026-06-29T01:28:31.328506+02:00;standby;25.1;28.3;5.0;25.0;46.3;10.0;0;0;0;0;16322.83;11280.08;5042.75;32425.721
2026-06-29T01:29:31.889019+02:00;standby;25.1;28.3;5.0;25.0;46.3;10.0;0;0;0;0;16322.83;11280.08;5042.75;32425.721
2026-06-29T01:30:32.513205+02:00;standby;25.1;28.3;5.0;25.0;46.3;10.0;0;0;0;0;16322.83;11280.08;5042.75;32425.721
2026-06-29T01:31:33.046271+02:00;standby;25.1;28.3;5.0;25.0;46.3;10.0;0;0;0;0;16322.83;11280.08;5042.75;32425.721
2026-06-29T01:32:33.567618+02:00;standby;25.1;28.3;5.0;25.0;46.3;10.0;0;0;0;0;16322.83;11280.08;5042.75;32425.721
2026-06-29T01:33:34.289462+02:00;standby;25.1;28.2;5.0;25.0;46.3;10.0;0;0;0;0;16322.83;11280.08;5042.75;32425.721
2026-06-29T01:34:35.008125+02:00;standby;25.1;28.2;5.0;25.0;46.3;10.0;0;0;0;0;16322.83;11280.08;5042.75;32425.721
2026-06-29T01:35:35.840891+02:00;standby;25.1;28.2;5.0;25.0;46.3;10.0;0;0;0;0;16322.83;11280.08;5042.75;32425.721
2026-06-29T01:36:36.343302+02:00;standby;25.1;28.2;5.0;25.0;46.3;10.0;0;0;0;0;16322.83;11280.08;5042.75;32425.721
2026-06-29T01:37:37.194449+02:00;standby;25.1;28.2;5.0;25.0;46.3;10.0;0;0;0;0;16322.83;11280.08;5042.75;32425.721
2026-06-29T01:38:37.810601+02:00;standby;25.1;28.2;5.0;25.0;46.3;10.0;0;0;0;0;16322.83;11280.08;5042.75;32425.721
2026-06-29T01:39:38.449780+02:00;standby;25.1;28.2;5.0;25.0;46.2;10.0;0;0;0;0;16322.83;11280.08;5042.75;32425.721
2026-06-29T01:40:38.925853+02:00;standby;25.1;28.2;5.0;25.0;46.2;10.0;0;0;0;0;16322.83;11280.08;5042.75;32425.721
2026-06-29T01:41:39.469902+02:00;standby;25.1;28.2;5.0;25.0;46.2;10.0;0;0;0;0;16322.83;11280.08;5042.75;32425.721
2026-06-29T01:42:40.398628+02:00;standby;25.1;28.2;5.0;25.0;46.2;10.0;0;0;0;0;16322.83;11280.08;5042.75;32425.721
2026-06-29T01:43:40.927393+02:00;standby;25.1;28.2;5.0;25.0;46.2;10.0;0;0;0;0;16322.83;11280.08;5042.75;32425.721
2026-06-29T01:44:41.526279+02:00;standby;25.1;28.2;5.0;25.0;46.2;10.0;0;0;0;0;16322.83;11280.08;5042.75;32425.721
2026-06-29T01:45:42.041014+02:00;standby;25.1;28.2;5.0;25.0;46.2;10.0;0;0;0;0;16322.83;11280.08;5042.75;32425.721
2026-06-29T01:46:42.690263+02:00;standby;25.1;28.2;5.0;25.0;46.2;10.0;0;0;0;0;16322.83;11280.08;5042.75;32425.721
2026-06-29T01:47:43.510158+02:00;standby;25.1;28.2;5.0;25.0;46.2;10.0;0;0;0;0;16322.83;11280.08;5042.75;32425.721
2026-06-29T01:48:44.018472+02:00;standby;25.1;28.2;5.0;25.0;46.2;10.0;0;0;0;0;16322.83;11280.08;5042.75;32425.721
2026-06-29T01:49:44.621392+02:00;standby;25.1;28.2;5.0;25.0;46.2;10.0;0;0;0;0;16322.83;11280.08;5042.75;32425.721
2026-06-29T01:50:45.169141+02:00;standby;25.1;28.2;5.0;25.0;46.2;10.0;0;0;0;0;16322.83;11280.08;5042.75;32425.721
2026-06-29T01:51:45.769834+02:00;standby;25.1;28.2;5.0;25.0;46.2;10.0;0;0;0;0;16322.83;11280.08;5042.75;32425.721
2026-06-29T01:52:46.392180+02:00;standby;25.1;28.2;5.0;25.0;46.1;10.0;0;0;0;0;16322.83;11280.08;5042.75;32425.721
2026-06-29T01:53:47.036895+02:00;standby;25.1;28.2;5.0;25.0;46.1;10.0;0;0;0;0;16322.83;11280.08;5042.75;32425.721
2026-06-29T01:54:47.635987+02:00;standby;25.1;28.2;5.0;25.0;46.1;10.0;0;0;0;0;16322.83;11280.08;5042.75;32425.721
2026-06-29T01:55:48.276347+02:00;standby;25.1;28.2;5.0;25.0;46.1;10.0;0;0;0;0;16322.83;11280.08;5042.75;32425.721
2026-06-29T01:56:49.190833+02:00;standby;25.1;28.2;5.0;25.0;46.1;10.0;0;0;0;0;16322.83;11280.08;5042.75;32425.721
2026-06-29T01:57:49.943588+02:00;standby;25.1;28.2;5.0;25.0;46.1;10.0;0;0;0;0;16322.83;11280.08;5042.75;32425.721
2026-06-29T01:58:50.536120+02:00;standby;25.1;28.2;5.0;25.0;46.1;10.0;0;0;0;0;16322.83;11280.08;5042.75;32425.721
2026-06-29T01:59:51.071922+02:00;standby;25.1;28.2;5.0;25.0;46.1;10.0;0;0;0;0;16322.83;11280.08;5042.75;32425.721
2026-06-29T02:00:51.815215+02:00;standby;25.1;28.2;5.0;25.0;46.1;10.0;0;0;0;0;16322.83;11280.08;5042.75;32425.721
2026-06-29T02:01:52.514117+02:00;standby;25.1;28.2;5.0;25.0;46.1;10.0;0;0;0;0;16322.83;11280.08;5042.75;32425.721
2026-06-29T02:02:53.076280+02:00;standby;25.1;28.2;5.0;25.0;46.1;10.0;0;0;0;0;16322.83;11280.08;5042.75;32425.721
2026-06-29T02:03:53.666122+02:00;standby;25.1;28.2;5.0;25.0;46.1;10.0;0;0;0;0;16322.83;11280.08;5042.75;32425.721
2026-06-29T02:04:54.259550+02:00;standby;25.1;28.2;5.0;25.0;46.1;10.0;0;0;0;0;16322.83;11280.08;5042.75;32425.721
2026-06-29T02:05:54.981892+02:00;standby;25.1;28.2;5.0;25.0;46.1;10.0;0;0;0;0;16322.83;11280.08;5042.75;32425.721
2026-06-29T02:06:55.565943+02:00;standby;25.1;28.2;5.0;25.0;46.1;10.0;0;0;0;0;16322.83;11280.08;5042.75;32425.721
2026-06-29T02:07:56.359577+02:00;standby;25.1;28.2;5.0;25.0;46.0;10.0;0;0;0;0;16322.83;11280.08;5042.75;32425.721
2026-06-29T02:08:56.961647+02:00;standby;25.1;28.2;5.0;25.0;46.0;10.0;0;0;0;0;16322.83;11280.08;5042.75;32425.721
2026-06-29T02:09:57.592277+02:00;standby;25.1;28.2;5.0;25.0;46.0;10.0;0;0;0;0;16322.83;11280.08;5042.75;32425.721
2026-06-29T02:10:58.506847+02:00;standby;25.1;28.2;5.0;25.0;46.0;10.0;0;0;0;0;16322.83;11280.08;5042.75;32425.721
2026-06-29T02:11:59.057127+02:00;standby;25.1;28.2;5.0;25.0;46.0;10.0;0;0;0;0;16322.83;11280.08;5042.75;32425.721
2026-06-29T02:12:59.762412+02:00;standby;25.1;28.2;5.0;25.0;46.0;10.0;0;0;0;0;16322.83;11280.08;5042.75;32425.721
2026-06-29T02:14:00.371085+02:00;standby;25.1;28.2;5.0;25.0;46.0;10.0;0;0;0;0;16322.83;11280.08;5042.75;32425.721
2026-06-29T02:15:01.021538+02:00;standby;25.1;28.2;5.0;25.0;46.0;10.0;0;0;0;0;16322.83;11280.08;5042.75;32425.721
2026-06-29T02:16:01.537992+02:00;standby;25.1;28.0;5.0;25.0;46.0;10.0;0;0;0;0;16322.83;11280.08;5042.75;32425.721
2026-06-29T02:17:02.138569+02:00;standby;25.1;28.2;5.0;25.0;46.0;10.0;0;0;0;0;16322.83;11280.08;5042.75;32425.721
2026-06-29T02:18:02.757203+02:00;standby;25.1;28.2;5.0;25.0;46.0;10.0;0;0;0;0;16322.83;11280.08;5042.75;32425.721
2026-06-29T02:19:03.390326+02:00;standby;25.1;28.0;5.0;25.0;46.0;10.0;0;0;0;0;16322.83;11280.08;5042.75;32425.721
2026-06-29T02:20:04.015391+02:00;standby;25.1;28.2;5.0;25.0;46.0;10.0;0;0;0;0;16322.83;11280.08;5042.75;32425.721
2026-06-29T02:21:04.945566+02:00;standby;25.1;28.2;5.0;25.0;46.0;10.0;0;0;0;0;16322.83;11280.08;5042.75;32425.721
2026-06-29T02:22:05.594286+02:00;standby;25.1;28.2;5.0;25.0;45.9;10.0;0;0;0;0;16322.83;11280.08;5042.75;32425.721
2026-06-29T02:23:06.193505+02:00;standby;24.0;28.2;5.0;25.0;45.9;10.0;0;0;0;0;16322.83;11280.08;5042.75;32425.721
2026-06-29T02:24:06.791373+02:00;standby;24.0;28.2;5.0;25.0;45.9;10.0;0;0;0;0;16322.83;11280.08;5042.75;32425.721
2026-06-29T02:25:07.735182+02:00;standby;24.0;28.2;5.0;25.0;45.9;10.0;0;0;0;0;16322.83;11280.08;5042.75;32425.721
2026-06-29T02:26:08.476048+02:00;standby;24.0;28.0;5.0;25.0;45.9;10.0;0;0;0;0;16322.83;11280.08;5042.75;32425.721
2026-06-29T02:27:09.491510+02:00;standby;24.0;28.0;5.0;25.0;45.9;10.0;0;0;0;0;16322.83;11280.08;5042.75;32425.721
2026-06-29T02:28:10.192134+02:00;standby;24.0;28.2;5.0;25.0;45.9;10.0;0;0;0;0;16322.83;11280.08;5042.75;32425.721
2026-06-29T02:29:10.836118+02:00;standby;24.0;28.0;5.0;25.0;45.9;10.0;0;0;0;0;16322.83;11280.08;5042.75;32425.721
2026-06-29T02:30:11.559703+02:00;standby;24.0;28.0;5.0;25.0;45.9;10.0;0;0;0;0;16322.83;11280.08;5042.75;32425.721
2026-06-29T02:31:12.186480+02:00;standby;24.0;28.0;5.0;25.0;45.9;10.0;0;0;0;0;16322.83;11280.08;5042.75;32425.721
2026-06-29T02:32:12.793165+02:00;standby;24.0;28.2;5.0;25.0;45.9;10.0;0;0;0;0;16322.83;11280.08;5042.75;32425.721
2026-06-29T02:33:13.335694+02:00;standby;24.0;28.0;5.0;25.0;45.9;10.0;0;0;0;0;16322.83;11280.08;5042.75;32425.721
2026-06-29T02:34:14.050653+02:00;standby;24.0;28.2;5.0;25.0;45.9;10.0;0;0;0;0;16322.83;11280.08;5042.75;32425.721
2026-06-29T02:35:14.563569+02:00;standby;24.0;28.0;5.0;25.0;45.8;10.0;0;0;0;0;16322.83;11280.08;5042.75;32425.721
2026-06-29T02:36:15.095346+02:00;standby;24.0;28.0;5.0;25.0;45.9;10.0;0;0;0;0;16322.83;11280.08;5042.75;32425.721
2026-06-29T02:37:15.917004+02:00;standby;24.0;28.0;5.0;25.0;45.9;10.0;0;0;0;0;16322.83;11280.08;5042.75;32425.721
2026-06-29T02:38:16.526449+02:00;standby;24.0;28.0;5.0;25.0;45.8;10.0;0;0;0;0;16322.83;11280.08;5042.75;32425.721
2026-06-29T02:39:17.133796+02:00;standby;24.0;28.0;5.0;25.0;45.8;10.0;0;0;0;0;16322.83;11280.08;5042.75;32425.721
2026-06-29T02:40:17.864429+02:00;standby;24.0;28.0;5.0;25.0;45.8;10.0;0;0;0;0;16322.83;11280.08;5042.75;32425.721
2026-06-29T02:41:18.835947+02:00;standby;24.0;28.0;5.0;25.0;45.8;10.0;0;0;0;0;16322.83;11280.08;5042.75;32425.721
2026-06-29T02:42:19.558478+02:00;standby;24.0;28.0;5.0;25.0;45.8;10.0;0;0;0;0;16322.83;11280.08;5042.75;32425.721
2026-06-29T02:43:20.144189+02:00;standby;24.0;28.0;5.0;25.0;45.8;10.0;0;0;0;0;16322.83;11280.08;5042.75;32425.721
2026-06-29T02:44:20.773085+02:00;standby;24.0;28.0;5.0;25.0;45.8;10.0;0;0;0;0;16322.83;11280.08;5042.75;32425.721
2026-06-29T02:45:21.295072+02:00;standby;24.0;28.0;5.0;25.0;45.8;10.0;0;0;0;0;16322.83;11280.08;5042.75;32425.721
2026-06-29T02:46:21.830078+02:00;standby;24.0;28.0;5.0;25.0;45.8;10.0;0;0;0;0;16322.83;11280.08;5042.75;32425.721
2026-06-29T02:47:22.523523+02:00;standby;24.0;28.0;5.0;25.0;45.8;10.0;0;0;0;0;16322.83;11280.08;5042.75;32425.721
2026-06-29T02:48:23.259256+02:00;standby;24.0;28.0;5.0;25.0;45.8;10.0;0;0;0;0;16322.83;11280.08;5042.75;32425.721
2026-06-29T02:49:23.800139+02:00;standby;24.0;28.0;5.0;25.0;45.8;10.0;0;0;0;0;16322.83;11280.08;5042.75;32425.721
2026-06-29T02:50:24.329486+02:00;standby;24.0;28.0;5.0;25.0;45.8;10.0;0;0;0;0;16322.83;11280.08;5042.75;32425.721
2026-06-29T02:51:25.007712+02:00;standby;24.0;28.0;5.0;25.0;45.7;10.0;0;0;0;0;16322.83;11280.08;5042.75;32425.721
2026-06-29T02:52:26.364871+02:00;standby;24.0;28.0;5.0;25.0;45.7;10.0;0;0;0;0;16322.83;11280.08;5042.75;32425.721
2026-06-29T02:53:26.894558+02:00;standby;24.0;28.0;5.0;25.0;45.7;10.0;0;0;0;0;16322.83;11280.08;5042.75;32425.721
2026-06-29T02:54:27.420447+02:00;standby;24.0;28.0;5.0;25.0;45.7;10.0;0;0;0;0;16322.83;11280.08;5042.75;32425.721
2026-06-29T02:55:27.919714+02:00;standby;24.0;28.0;5.0;25.0;45.7;10.0;0;0;0;0;16322.83;11280.08;5042.75;32425.721
2026-06-29T02:56:28.826795+02:00;standby;24.0;28.0;5.0;25.0;45.7;10.0;0;0;0;0;16322.83;11280.08;5042.75;32425.721
2026-06-29T02:57:29.366395+02:00;standby;24.0;28.0;5.0;25.0;45.7;10.0;0;0;0;0;16322.83;11280.08;5042.75;32425.721
2026-06-29T02:58:29.982277+02:00;standby;24.0;28.0;5.0;25.0;45.7;10.0;0;0;0;0;16322.83;11280.08;5042.75;32425.721
2026-06-29T02:59:30.933405+02:00;standby;24.0;28.0;5.0;25.0;45.7;10.0;0;0;0;0;16322.83;11280.08;5042.75;32425.721
2026-06-29T03:00:31.939094+02:00;standby;24.0;28.0;5.0;25.0;45.7;10.0;0;0;0;0;16322.83;11280.08;5042.75;32425.721
2026-06-29T03:01:32.493791+02:00;standby;24.0;28.0;5.0;25.0;45.7;10.0;0;0;0;0;16322.83;11280.08;5042.75;32425.721
2026-06-29T03:02:33.298870+02:00;standby;24.0;28.0;5.0;25.0;45.7;10.0;0;0;0;0;16322.83;11280.08;5042.75;32425.721
2026-06-29T03:03:33.945756+02:00;standby;24.0;28.0;5.0;25.0;45.7;10.0;0;0;0;0;16322.83;11280.08;5042.75;32425.721
2026-06-29T03:04:34.832952+02:00;standby;24.0;28.0;5.0;25.0;45.7;10.0;0;0;0;0;16322.83;11280.08;5042.75;32425.721
2026-06-29T03:05:35.394311+02:00;standby;24.0;28.0;5.0;25.0;45.6;10.0;0;0;0;0;16322.83;11280.08;5042.75;32425.721
2026-06-29T03:06:35.978216+02:00;standby;24.0;28.0;5.0;25.0;45.7;10.0;0;0;0;0;16322.83;11280.08;5042.75;32425.721
2026-06-29T03:07:36.595447+02:00;standby;24.0;28.0;5.0;25.0;45.6;10.0;0;0;0;0;16322.83;11280.08;5042.75;32425.721
2026-06-29T03:08:37.140772+02:00;standby;24.0;28.0;5.0;25.0;45.6;10.0;0;0;0;0;16322.83;11280.08;5042.75;32425.721
2026-06-29T03:09:37.878716+02:00;standby;24.0;28.0;5.0;25.0;45.6;10.0;0;0;0;0;16322.83;11280.08;5042.75;32425.721
2026-06-29T03:10:38.773565+02:00;standby;24.0;28.0;5.0;25.0;45.6;10.0;0;0;0;0;16322.83;11280.08;5042.75;32425.721
2026-06-29T03:11:39.403459+02:00;standby;24.0;28.0;5.0;25.0;45.6;10.0;0;0;0;0;16322.83;11280.08;5042.75;32425.721
2026-06-29T03:12:39.949160+02:00;standby;24.0;28.0;5.0;25.0;45.6;10.0;0;0;0;0;16322.83;11280.08;5042.75;32425.721
2026-06-29T03:13:40.635465+02:00;standby;24.0;28.0;5.0;25.0;45.6;10.0;0;0;0;0;16322.83;11280.08;5042.75;32425.721
2026-06-29T03:14:41.183903+02:00;standby;24.0;28.0;5.0;25.0;45.6;10.0;0;0;0;0;16322.83;11280.08;5042.75;32425.721
2026-06-29T03:15:41.909222+02:00;standby;24.0;28.0;5.0;25.0;45.6;10.0;0;0;0;0;16322.83;11280.08;5042.75;32425.721
2026-06-29T03:16:42.506222+02:00;standby;24.0;28.0;5.0;25.0;45.6;10.0;0;0;0;0;16322.83;11280.08;5042.75;32425.721
2026-06-29T03:17:43.357924+02:00;standby;24.0;28.0;5.0;25.0;45.6;10.0;0;0;0;0;16322.83;11280.08;5042.75;32425.721
2026-06-29T03:18:43.883388+02:00;standby;24.0;28.0;5.0;25.0;45.6;10.0;0;0;0;0;16322.83;11280.08;5042.75;32425.721
2026-06-29T03:19:44.504903+02:00;standby;24.0;28.0;5.0;25.0;45.6;10.0;0;0;0;0;16322.83;11280.08;5042.75;32425.721
2026-06-29T03:20:45.105012+02:00;standby;24.0;28.0;5.0;25.0;45.5;10.0;0;0;0;0;16322.83;11280.08;5042.75;32425.721
2026-06-29T03:21:45.723484+02:00;standby;24.0;28.0;5.0;25.0;45.5;10.0;0;0;0;0;16322.83;11280.08;5042.75;32425.721
2026-06-29T03:22:46.255165+02:00;standby;24.0;28.0;5.0;25.0;45.5;10.0;0;0;0;0;16322.83;11280.08;5042.75;32425.721
2026-06-29T03:23:46.960121+02:00;standby;23.5;28.0;5.0;25.0;45.5;10.0;0;0;0;0;16322.83;11280.08;5042.75;32425.721
2026-06-29T03:24:47.492571+02:00;standby;23.5;28.0;5.0;25.0;45.5;10.0;0;0;0;0;16322.83;11280.08;5042.75;32425.721
2026-06-29T03:25:48.037270+02:00;standby;23.5;28.0;5.0;25.0;45.5;10.0;0;0;0;0;16322.83;11280.08;5042.75;32425.721
2026-06-29T03:26:48.742194+02:00;standby;23.5;28.0;5.0;25.0;45.5;10.0;0;0;0;0;16322.83;11280.08;5042.75;32425.721
2026-06-29T03:27:49.342118+02:00;standby;23.5;28.0;5.0;25.0;45.5;10.0;0;0;0;0;16322.83;11280.08;5042.75;32425.721
2026-06-29T03:28:49.900385+02:00;standby;23.5;28.0;5.0;25.0;45.5;10.0;0;0;0;0;16322.83;11280.08;5042.75;32425.721
2026-06-29T03:29:50.414432+02:00;standby;23.5;27.9;5.0;25.0;45.5;10.0;0;0;0;0;16322.83;11280.08;5042.75;32425.721
2026-06-29T03:30:51.010941+02:00;standby;23.5;27.9;5.0;25.0;45.5;10.0;0;0;0;0;16322.83;11280.08;5042.75;32425.721
2026-06-29T03:31:51.777489+02:00;standby;23.5;28.0;5.0;25.0;45.5;10.0;0;0;0;0;16322.83;11280.08;5042.75;32425.721
2026-06-29T03:32:52.345655+02:00;standby;23.5;28.0;5.0;25.0;45.5;10.0;0;0;0;0;16322.83;11280.08;5042.75;32425.721
2026-06-29T03:33:53.178329+02:00;standby;23.5;28.0;5.0;25.0;45.5;10.0;0;0;0;0;16322.83;11280.08;5042.75;32425.721
2026-06-29T03:34:53.854949+02:00;standby;23.5;27.9;5.0;25.0;45.5;10.0;0;0;0;0;16322.83;11280.08;5042.75;32425.721
2026-06-29T03:35:54.536265+02:00;standby;23.5;28.0;5.0;25.0;45.4;10.0;0;0;0;0;16322.83;11280.08;5042.75;32425.721
2026-06-29T03:36:55.149362+02:00;standby;23.5;27.9;5.0;25.0;45.4;10.0;0;0;0;0;16322.83;11280.08;5042.75;32425.721
2026-06-29T03:37:55.776998+02:00;standby;23.5;28.0;5.0;25.0;45.4;10.0;0;0;0;0;16322.83;11280.08;5042.75;32425.721
2026-06-29T03:38:56.315407+02:00;standby;23.5;27.9;5.0;25.0;45.4;10.0;0;0;0;0;16322.83;11280.08;5042.75;32425.721
2026-06-29T03:39:56.900440+02:00;standby;23.5;27.9;5.0;25.0;45.4;10.0;0;0;0;0;16322.83;11280.08;5042.75;32425.721
2026-06-29T03:40:57.458485+02:00;standby;23.5;27.9;5.0;25.0;45.4;10.0;0;0;0;0;16322.83;11280.08;5042.75;32425.721
2026-06-29T03:41:57.982811+02:00;standby;23.5;27.9;5.0;25.0;45.4;10.0;0;0;0;0;16322.83;11280.08;5042.75;32425.721
2026-06-29T03:42:58.595091+02:00;standby;23.5;27.9;5.0;25.0;45.4;10.0;0;0;0;0;16322.83;11280.08;5042.75;32425.721
2026-06-29T03:43:59.214434+02:00;standby;23.5;27.9;5.0;25.0;45.4;10.0;0;0;0;0;16322.83;11280.08;5042.75;32425.721
2026-06-29T03:44:59.744824+02:00;standby;23.5;27.9;5.0;25.0;45.4;10.0;0;0;0;0;16322.83;11280.08;5042.75;32425.721
2026-06-29T03:46:00.438211+02:00;standby;23.5;27.9;5.0;25.0;45.4;10.0;0;0;0;0;16322.83;11280.08;5042.75;32425.721
2026-06-29T03:47:01.049283+02:00;standby;23.5;27.9;5.0;25.0;45.4;10.0;0;0;0;0;16322.83;11280.08;5042.75;32425.721
2026-06-29T03:48:01.673916+02:00;standby;23.5;27.9;5.0;25.0;45.4;10.0;0;0;0;0;16322.83;11280.08;5042.75;32425.721
2026-06-29T03:49:02.200175+02:00;standby;23.5;27.9;5.0;25.0;45.4;10.0;0;0;0;0;16322.83;11280.08;5042.75;32425.721
2026-06-29T03:50:02.819546+02:00;standby;23.5;27.9;5.0;25.0;45.4;10.0;0;0;0;0;16322.83;11280.08;5042.75;32425.721
2026-06-29T03:51:03.365972+02:00;standby;23.5;27.9;5.0;25.0;45.3;10.0;0;0;0;0;16322.83;11280.08;5042.75;32425.721
2026-06-29T03:52:03.871317+02:00;standby;23.5;27.9;5.0;25.0;45.3;10.0;0;0;0;0;16322.83;11280.08;5042.75;32425.721
2026-06-29T03:53:04.407574+02:00;standby;23.5;27.9;5.0;25.0;45.3;10.0;0;0;0;0;16322.83;11280.08;5042.75;32425.721
2026-06-29T03:54:05.137233+02:00;standby;23.5;27.9;5.0;25.0;45.3;10.0;0;0;0;0;16322.83;11280.08;5042.75;32425.721
2026-06-29T03:55:05.722358+02:00;standby;23.5;27.9;5.0;25.0;45.3;10.0;0;0;0;0;16322.83;11280.08;5042.75;32425.721
2026-06-29T03:56:06.266941+02:00;standby;23.5;27.9;5.0;25.0;45.3;10.0;0;0;0;0;16322.83;11280.08;5042.75;32425.721
2026-06-29T03:57:07.208922+02:00;standby;23.5;27.9;5.0;25.0;45.3;10.0;0;0;0;0;16322.83;11280.08;5042.75;32425.721
2026-06-29T03:58:07.799920+02:00;standby;23.5;27.9;5.0;25.0;45.3;10.0;0;0;0;0;16322.83;11280.08;5042.75;32425.721
2026-06-29T03:59:08.440748+02:00;standby;23.5;27.9;5.0;25.0;45.3;10.0;0;0;0;0;16322.83;11280.08;5042.75;32425.721
2026-06-29T04:00:09.589272+02:00;standby;23.5;27.9;85.0;25.0;45.3;10.0;0;0;0;0;16322.83;11280.08;5042.75;32425.721
2026-06-29T04:01:10.405968+02:00;dhw;23.5;37.0;85.0;25.0;45.1;57.0;1;23;1;100;16322.88;11280.08;5042.81;32425.721
2026-06-29T04:01:21.943553+02:00;dhw;23.5;37.1;85.0;25.0;45.1;57.0;1;23;1;100;16322.89;11280.08;5042.81;32425.721
2026-06-29T04:01:33.564924+02:00;dhw;23.5;37.1;85.0;25.0;44.9;57.0;1;23;1;100;16322.9;11280.08;5042.82;32425.82
2026-06-29T04:01:44.692797+02:00;dhw;23.5;38.0;85.0;25.0;44.8;57.0;1;23;1;100;16322.91;11280.08;5042.83;32425.82
2026-06-29T04:01:55.366071+02:00;dhw;23.5;38.5;85.0;25.0;44.7;57.0;1;23;1;100;16322.92;11280.08;5042.84;32425.82
2026-06-29T04:02:06.025096+02:00;dhw;23.5;39.0;85.0;25.0;44.7;57.0;1;23;1;100;16322.93;11280.08;5042.85;32425.82
2026-06-29T04:02:17.652110+02:00;dhw;23.5;40.2;85.0;25.0;44.6;57.0;1;37;1;100;16322.94;11280.08;5042.86;32425.82
2026-06-29T04:02:28.530052+02:00;dhw;23.5;42.1;85.0;25.0;44.5;57.0;1;52;1;100;16322.96;11280.08;5042.89;32425.82
2026-06-29T04:02:39.187617+02:00;dhw;23.5;44.1;85.0;25.0;44.5;57.0;1;64;1;100;16322.99;11280.08;5042.91;32425.82
2026-06-29T04:02:49.850190+02:00;dhw;23.5;46.0;85.0;25.0;44.3;57.0;1;75;1;100;16323.01;11280.08;5042.94;32425.82
2026-06-29T04:03:00.961971+02:00;dhw;23.5;48.2;85.0;25.0;44.3;57.0;1;86;1;100;16323.05;11280.08;5042.97;32425.82
2026-06-29T04:03:11.746269+02:00;dhw;23.5;50.4;85.0;25.0;44.2;57.0;1;97;1;100;16323.08;11280.08;5043.01;32425.82
2026-06-29T04:03:22.906717+02:00;dhw;23.5;53.1;85.0;25.0;44.2;57.0;1;108;1;100;16323.13;11280.08;5043.05;32425.82
2026-06-29T04:03:34.357404+02:00;dhw;23.5;55.2;85.0;25.0;44.2;57.0;1;108;1;100;16323.16;11280.08;5043.09;32425.82
2026-06-29T04:03:45.220047+02:00;dhw;23.5;58.0;85.0;25.0;44.2;57.0;1;108;1;100;16323.22;11280.08;5043.14;32425.82
2026-06-29T04:03:56.052879+02:00;dhw;23.5;60.1;85.0;25.0;44.2;57.0;1;108;1;100;16323.26;11280.08;5043.19;32425.82
2026-06-29T04:04:07.127547+02:00;dhw;23.5;62.0;85.0;25.0;44.2;57.0;1;108;1;100;16323.31;11280.08;5043.24;32425.82
2026-06-29T04:04:17.694311+02:00;dhw;23.5;63.0;85.0;25.0;44.2;57.0;1;108;1;100;16323.34;11280.08;5043.27;32425.82
2026-06-29T04:04:28.410024+02:00;dhw;23.5;64.0;85.0;25.0;44.3;57.0;1;108;1;100;16323.38;11280.08;5043.3;32425.82
2026-06-29T04:04:38.998577+02:00;dhw;23.5;65.9;85.0;25.0;44.4;57.0;1;108;1;100;16323.45;11280.08;5043.38;32425.82
2026-06-29T04:04:49.820953+02:00;dhw;23.5;66.7;85.0;25.0;44.5;57.0;1;108;1;100;16323.49;11280.08;5043.42;32425.82
2026-06-29T04:05:00.776853+02:00;dhw;23.5;67.5;85.0;25.0;44.7;57.0;1;108;1;100;16323.54;11280.08;5043.46;32425.82
2026-06-29T04:05:11.527136+02:00;dhw;23.5;68.1;85.0;25.0;44.8;57.0;1;108;1;100;16323.58;11280.08;5043.5;32425.82
2026-06-29T04:05:22.102759+02:00;dhw;23.5;68.8;85.0;25.0;45.1;57.0;1;108;1;100;16323.62;11280.08;5043.55;32425.82
2026-06-29T04:05:33.228794+02:00;dhw;23.5;69.4;85.0;25.0;45.2;57.0;1;108;1;100;16323.66;11280.08;5043.58;32425.82
2026-06-29T04:05:44.139607+02:00;dhw;23.5;69.8;85.0;25.0;45.4;57.0;1;108;1;100;16323.7;11280.08;5043.63;32425.82
2026-06-29T04:05:54.861965+02:00;dhw;23.5;70.2;85.0;25.0;45.6;57.0;1;108;1;100;16323.74;11280.08;5043.67;32425.82
2026-06-29T04:06:06.548023+02:00;dhw;23.5;70.6;85.0;25.0;45.8;57.0;1;108;1;100;16323.79;11280.08;5043.71;32425.82
2026-06-29T04:06:17.994652+02:00;dhw;23.5;71.0;85.0;25.0;46.0;57.0;1;108;1;100;16323.83;11280.08;5043.76;32425.82
2026-06-29T04:06:30.078537+02:00;dhw;23.5;71.5;85.0;25.0;46.4;57.0;1;108;1;100;16323.91;11280.08;5043.84;32425.92
2026-06-29T04:06:41.240212+02:00;dhw;23.5;71.9;85.0;25.0;46.6;57.0;1;108;1;100;16323.96;11280.08;5043.88;32425.92
2026-06-29T04:06:52.438164+02:00;dhw;23.5;72.2;85.0;25.0;46.9;57.0;1;108;1;100;16324.0;11280.08;5043.92;32425.92
2026-06-29T04:07:03.247286+02:00;dhw;23.5;72.5;85.0;25.0;47.1;57.0;1;108;1;100;16324.04;11280.08;5043.96;32425.92
2026-06-29T04:07:14.809598+02:00;dhw;23.5;72.7;85.0;25.0;47.3;57.0;1;108;1;100;16324.08;11280.08;5044.0;32425.92
2026-06-29T04:07:25.503194+02:00;dhw;23.5;73.0;85.0;25.0;47.6;57.0;1;108;1;100;16324.13;11280.08;5044.05;32425.92
2026-06-29T04:07:36.223514+02:00;dhw;23.5;73.3;85.0;25.0;47.7;57.0;1;108;1;100;16324.16;11280.08;5044.09;32425.92
2026-06-29T04:07:46.975925+02:00;dhw;23.5;73.4;85.0;25.0;47.9;57.0;1;108;1;100;16324.21;11280.08;5044.13;32425.92
2026-06-29T04:07:58.229310+02:00;dhw;23.5;74.0;85.0;25.0;48.1;57.0;1;108;1;100;16324.29;11280.08;5044.21;32425.92
2026-06-29T04:08:09.513834+02:00;dhw;23.5;74.3;85.0;25.0;48.6;57.0;1;108;1;100;16324.33;11280.08;5044.26;32425.92
2026-06-29T04:08:20.180575+02:00;dhw;23.5;74.5;85.0;25.0;48.8;57.0;1;108;1;100;16324.37;11280.08;5044.3;32425.92
2026-06-29T04:08:32.338454+02:00;dhw;23.5;74.8;85.0;25.0;48.9;57.0;1;108;1;100;16324.42;11280.08;5044.34;32425.92
2026-06-29T04:08:43.334096+02:00;dhw;23.5;75.1;85.0;25.0;49.1;57.0;1;108;1;100;16324.46;11280.08;5044.38;32425.92
2026-06-29T04:08:54.354663+02:00;dhw;23.5;75.2;85.0;25.0;49.3;57.0;1;108;1;100;16324.5;11280.08;5044.42;32425.92
2026-06-29T04:09:05.116375+02:00;dhw;23.5;75.4;85.0;25.0;49.4;57.0;1;108;1;100;16324.54;11280.08;5044.46;32425.92
2026-06-29T04:09:15.891856+02:00;dhw;23.5;75.6;85.0;25.0;49.6;57.0;1;108;1;100;16324.58;11280.08;5044.51;32425.92
2026-06-29T04:09:26.840006+02:00;dhw;23.5;76.1;85.0;25.0;49.7;57.0;1;108;1;100;16324.66;11280.08;5044.58;32425.92
2026-06-29T04:09:37.785581+02:00;dhw;23.5;76.1;85.0;25.0;50.0;57.0;1;108;1;100;16324.67;11280.08;5044.59;32425.92
2026-06-29T04:09:48.448831+02:00;dhw;23.5;76.5;85.0;25.0;50.2;57.0;1;108;1;100;16324.75;11280.08;5044.67;32425.92
2026-06-29T04:09:59.565396+02:00;dhw;23.5;76.7;85.0;25.0;50.3;57.0;1;108;1;100;16324.79;11280.08;5044.71;32425.92
2026-06-29T04:10:10.846808+02:00;dhw;23.5;77.0;85.0;25.0;50.4;57.0;1;108;1;100;16324.84;11280.08;5044.76;32425.92
2026-06-29T04:10:21.909618+02:00;dhw;23.5;77.1;85.0;25.0;50.6;57.0;1;108;1;100;16324.88;11280.08;5044.8;32425.92
2026-06-29T04:10:32.790069+02:00;dhw;23.5;77.3;85.0;25.0;50.8;57.0;1;108;1;100;16324.92;11280.08;5044.84;32426.02
2026-06-29T04:10:43.638557+02:00;dhw;23.5;77.4;85.0;25.0;50.9;57.0;1;108;1;100;16324.96;11280.08;5044.88;32426.02
2026-06-29T04:10:54.470493+02:00;dhw;23.5;77.7;85.0;25.0;51.1;57.0;1;108;1;100;16325.0;11280.08;5044.93;32426.02
2026-06-29T04:11:05.229931+02:00;dhw;23.5;78.0;85.0;25.0;51.3;57.0;1;108;1;100;16325.06;11280.08;5044.99;32426.02
2026-06-29T04:11:16.207874+02:00;dhw;23.5;78.0;85.0;25.0;51.5;57.0;1;108;1;100;16325.08;11280.08;5045.01;32426.02
2026-06-29T04:11:27.132737+02:00;dhw;23.5;78.3;85.0;25.0;51.6;57.0;1;108;1;100;16325.13;11280.08;5045.05;32426.02
2026-06-29T04:11:37.795972+02:00;dhw;23.5;78.6;85.0;25.0;51.9;57.0;1;108;1;100;16325.21;11280.08;5045.13;32426.02
2026-06-29T04:11:48.455273+02:00;dhw;23.5;78.8;85.0;25.0;52.0;57.0;1;108;1;100;16325.25;11280.08;5045.18;32426.02
2026-06-29T04:11:59.183341+02:00;dhw;23.5;79.1;85.0;25.0;52.2;57.0;1;108;1;100;16325.29;11280.08;5045.22;32426.02
2026-06-29T04:12:09.951863+02:00;dhw;23.5;79.3;85.0;25.0;52.3;57.0;1;108;1;100;16325.34;11280.08;5045.26;32426.02
2026-06-29T04:12:20.888700+02:00;dhw;23.5;79.5;85.0;25.0;52.5;57.0;1;108;1;100;16325.38;11280.08;5045.3;32426.02
2026-06-29T04:12:31.587486+02:00;dhw;23.5;79.6;85.0;25.0;52.7;57.0;1;108;1;100;16325.42;11280.08;5045.34;32426.02
2026-06-29T04:12:42.232463+02:00;dhw;23.5;79.8;85.0;25.0;52.9;57.0;1;108;1;100;16325.46;11280.08;5045.38;32426.02
2026-06-29T04:12:53.496478+02:00;dhw;23.5;80.1;85.0;25.0;53.1;57.0;1;108;1;100;16325.52;11280.08;5045.44;32426.02
2026-06-29T04:13:04.240361+02:00;dhw;23.5;80.1;85.0;25.0;53.3;57.0;1;108;1;100;16325.54;11280.08;5045.47;32426.02
2026-06-29T04:13:15.281776+02:00;dhw;23.5;80.4;85.0;25.0;53.3;57.0;1;108;1;100;16325.59;11280.08;5045.51;32426.02
2026-06-29T04:13:25.950111+02:00;dhw;23.5;80.6;85.0;25.0;53.6;57.0;1;108;1;100;16325.63;11280.08;5045.55;32426.02
2026-06-29T04:13:37.910862+02:00;dhw;23.5;80.9;85.0;25.0;53.7;57.0;1;108;1;100;16325.71;11280.08;5045.63;32426.02
2026-06-29T04:13:48.757860+02:00;dhw;23.5;81.1;85.0;25.0;54.0;57.0;1;108;1;100;16325.76;11280.08;5045.68;32426.02
2026-06-29T04:13:59.558763+02:00;dhw;23.5;81.2;85.0;25.0;54.2;57.0;1;108;1;100;16325.8;11280.08;5045.72;32426.02
2026-06-29T04:14:10.150522+02:00;dhw;23.5;81.4;85.0;25.0;54.4;57.0;1;108;1;100;16325.84;11280.08;5045.76;32426.02
2026-06-29T04:14:21.109298+02:00;dhw;23.5;81.5;85.0;25.0;54.5;57.0;1;108;1;100;16325.88;11280.08;5045.81;32426.02
2026-06-29T04:14:31.979363+02:00;dhw;23.5;81.7;85.0;25.0;54.7;57.0;1;108;1;100;16325.92;11280.08;5045.84;32426.02
2026-06-29T04:14:43.372830+02:00;dhw;23.5;81.9;85.0;25.0;54.9;57.0;1;108;1;100;16325.99;11280.08;5045.91;32426.119
2026-06-29T04:14:54.492626+02:00;dhw;23.5;82.0;85.0;25.0;55.2;57.0;1;108;1;100;16326.0;11280.08;5045.93;32426.119
2026-06-29T04:15:06.180575+02:00;dhw;23.5;82.2;85.0;25.0;55.4;57.0;1;108;1;100;16326.05;11280.08;5045.97;32426.119
2026-06-29T04:15:17.221966+02:00;dhw;23.5;82.5;85.0;25.0;55.6;57.0;1;108;1;100;16326.13;11280.08;5046.05;32426.119
2026-06-29T04:15:28.109955+02:00;dhw;23.5;82.7;85.0;25.0;56.0;57.0;1;108;1;100;16326.17;11280.08;5046.09;32426.119
2026-06-29T04:15:39.276974+02:00;dhw;23.5;82.8;85.0;25.0;56.1;57.0;1;108;1;100;16326.22;11280.08;5046.14;32426.119
2026-06-29T04:15:50.211775+02:00;dhw;23.5;83.0;85.0;25.0;56.3;57.0;1;108;1;100;16326.26;11280.08;5046.18;32426.119
2026-06-29T04:16:00.867806+02:00;dhw;23.5;83.2;85.0;25.0;56.5;57.0;1;108;1;100;16326.3;11280.08;5046.22;32426.119
2026-06-29T04:16:11.816474+02:00;dhw;23.5;83.4;85.0;25.0;56.7;57.0;1;108;1;100;16326.34;11280.08;5046.26;32426.119
2026-06-29T04:16:22.492024+02:00;dhw;23.5;83.5;85.0;25.0;56.9;57.0;1;108;1;100;16326.38;11280.08;5046.3;32426.119
2026-06-29T04:16:34.773519+02:00;standby;23.5;83.9;85.0;25.0;57.1;57.0;0;0;1;100;16326.41;11280.08;5046.33;32426.119
2026-06-29T04:16:45.633190+02:00;standby;23.5;81.9;85.0;25.0;57.3;57.0;0;0;1;100;16326.41;11280.08;5046.33;32426.119
2026-06-29T04:16:56.398978+02:00;standby;23.5;78.8;85.0;25.0;57.7;57.0;0;0;1;100;16326.41;11280.08;5046.33;32426.119
2026-06-29T04:17:07.000923+02:00;standby;23.5;76.2;85.0;25.0;57.9;57.0;0;0;1;100;16326.41;11280.08;5046.33;32426.119
2026-06-29T04:17:17.559112+02:00;standby;23.5;74.5;85.0;25.0;58.1;57.0;0;0;1;10;16326.41;11280.08;5046.33;32426.119
2026-06-29T04:17:28.150896+02:00;standby;23.5;73.5;5.0;25.0;58.3;57.0;0;0;1;10;16326.41;11280.08;5046.33;32426.119
2026-06-29T04:18:28.848500+02:00;standby;23.5;66.4;5.0;25.0;59.1;57.0;0;0;1;10;16326.41;11280.08;5046.33;32426.119
2026-06-29T04:19:29.477452+02:00;standby;23.5;62.9;5.0;25.0;59.5;57.0;0;0;0;10;16326.41;11280.08;5046.33;32426.119
2026-06-29T04:20:30.006544+02:00;standby;23.5;63.8;5.0;25.0;59.7;57.0;0;0;0;0;16326.41;11280.08;5046.33;32426.119
2026-06-29T04:21:30.526247+02:00;standby;23.5;64.2;5.0;25.0;59.8;57.0;0;0;0;0;16326.41;11280.08;5046.33;32426.119
2026-06-29T04:22:31.242621+02:00;standby;23.5;64.4;5.0;25.0;59.9;57.0;0;0;0;0;16326.41;11280.08;5046.33;32426.119
2026-06-29T04:23:31.838732+02:00;standby;23.5;64.4;5.0;25.0;59.9;57.0;0;0;0;0;16326.41;11280.08;5046.33;32426.119
2026-06-29T04:24:32.487978+02:00;standby;24.2;64.4;5.0;25.0;59.9;57.0;0;0;0;0;16326.41;11280.08;5046.33;32426.119
2026-06-29T04:25:33.066403+02:00;standby;24.2;64.4;5.0;25.0;59.9;57.0;0;0;0;0;16326.41;11280.08;5046.33;32426.119
2026-06-29T04:26:33.925822+02:00;standby;24.2;64.3;5.0;25.0;59.9;57.0;0;0;0;0;16326.41;11280.08;5046.33;32426.119
2026-06-29T04:27:34.440894+02:00;standby;24.2;64.2;5.0;25.0;59.9;57.0;0;0;0;0;16326.41;11280.08;5046.33;32426.119
2026-06-29T04:28:34.963179+02:00;standby;24.2;64.1;5.0;25.0;59.9;57.0;0;0;0;0;16326.41;11280.08;5046.33;32426.119
2026-06-29T04:29:36.015991+02:00;standby;24.2;64.0;5.0;25.0;59.9;57.0;0;0;0;0;16326.41;11280.08;5046.33;32426.119
2026-06-29T04:30:36.528069+02:00;standby;24.2;63.8;5.0;25.0;59.9;57.0;0;0;0;0;16326.41;11280.08;5046.33;32426.119
2026-06-29T04:31:37.097169+02:00;standby;24.2;63.7;5.0;25.0;59.9;57.0;0;0;0;0;16326.41;11280.08;5046.33;32426.119
2026-06-29T04:32:37.654984+02:00;standby;24.2;63.6;5.0;25.0;59.9;57.0;0;0;0;0;16326.41;11280.08;5046.33;32426.119
2026-06-29T04:33:38.248526+02:00;standby;24.2;63.5;5.0;25.0;59.9;57.0;0;0;0;0;16326.41;11280.08;5046.33;32426.119
2026-06-29T04:34:38.869372+02:00;standby;24.2;63.4;5.0;25.0;59.9;57.0;0;0;0;0;16326.41;11280.08;5046.33;32426.119
2026-06-29T04:35:39.436223+02:00;standby;24.2;63.3;5.0;25.0;59.9;57.0;0;0;0;0;16326.41;11280.08;5046.33;32426.119
2026-06-29T04:36:40.047449+02:00;standby;24.2;63.1;5.0;25.0;59.9;57.0;0;0;0;0;16326.41;11280.08;5046.33;32426.119
2026-06-29T04:37:40.555229+02:00;standby;24.2;63.0;5.0;25.0;59.9;57.0;0;0;0;0;16326.41;11280.08;5046.33;32426.119
2026-06-29T04:38:41.169361+02:00;standby;24.2;62.8;5.0;25.0;59.9;57.0;0;0;0;0;16326.41;11280.08;5046.33;32426.119
2026-06-29T04:39:41.708247+02:00;standby;24.2;62.7;5.0;25.0;59.8;57.0;0;0;0;0;16326.41;11280.08;5046.33;32426.119
2026-06-29T04:40:42.292464+02:00;standby;24.2;62.6;5.0;25.0;59.8;57.0;0;0;0;0;16326.41;11280.08;5046.33;32426.119
2026-06-29T04:41:42.854445+02:00;standby;24.2;62.4;5.0;25.0;59.8;57.0;0;0;0;0;16326.41;11280.08;5046.33;32426.119
2026-06-29T04:42:43.368809+02:00;standby;24.2;62.3;5.0;25.0;59.8;57.0;0;0;0;0;16326.41;11280.08;5046.33;32426.119
2026-06-29T04:43:43.963516+02:00;standby;24.2;62.2;5.0;25.0;59.8;57.0;0;0;0;0;16326.41;11280.08;5046.33;32426.119
2026-06-29T04:44:44.582329+02:00;standby;24.2;62.0;5.0;25.0;59.8;57.0;0;0;0;0;16326.41;11280.08;5046.33;32426.119
2026-06-29T04:45:45.219428+02:00;standby;24.2;61.9;5.0;25.0;59.8;57.0;0;0;0;0;16326.41;11280.08;5046.33;32426.119
2026-06-29T04:46:45.760052+02:00;standby;24.2;61.7;5.0;25.0;59.8;57.0;0;0;0;0;16326.41;11280.08;5046.33;32426.119
2026-06-29T04:47:46.368756+02:00;standby;24.2;61.6;5.0;25.0;59.8;57.0;0;0;0;0;16326.41;11280.08;5046.33;32426.119
2026-06-29T04:48:46.905132+02:00;standby;24.2;61.5;5.0;25.0;59.8;57.0;0;0;0;0;16326.41;11280.08;5046.33;32426.119
2026-06-29T04:49:47.413981+02:00;standby;24.2;61.4;5.0;25.0;59.8;57.0;0;0;0;0;16326.41;11280.08;5046.33;32426.119
2026-06-29T04:50:48.297491+02:00;standby;24.2;61.2;5.0;25.0;59.8;57.0;0;0;0;0;16326.41;11280.08;5046.33;32426.119
2026-06-29T04:51:48.848897+02:00;standby;24.2;61.0;5.0;25.0;59.8;57.0;0;0;0;0;16326.41;11280.08;5046.33;32426.119
2026-06-29T04:52:49.444381+02:00;standby;24.2;60.9;5.0;25.0;59.7;57.0;0;0;0;0;16326.41;11280.08;5046.33;32426.119
2026-06-29T04:53:50.090321+02:00;standby;24.2;60.7;5.0;25.0;59.7;57.0;0;0;0;0;16326.41;11280.08;5046.33;32426.119
2026-06-29T04:54:51.107441+02:00;standby;24.2;60.6;5.0;25.0;59.7;57.0;0;0;0;0;16326.41;11280.08;5046.33;32426.119
2026-06-29T04:55:51.643781+02:00;standby;24.2;60.5;5.0;25.0;59.7;57.0;0;0;0;0;16326.41;11280.08;5046.33;32426.119
2026-06-29T04:56:52.174362+02:00;standby;24.2;60.3;5.0;25.0;59.7;57.0;0;0;0;0;16326.41;11280.08;5046.33;32426.119
2026-06-29T04:57:52.792493+02:00;standby;24.2;60.1;5.0;25.0;59.7;57.0;0;0;0;0;16326.41;11280.08;5046.33;32426.119
2026-06-29T04:58:53.410545+02:00;standby;24.2;60.0;5.0;25.0;59.7;57.0;0;0;0;0;16326.41;11280.08;5046.33;32426.119
2026-06-29T04:59:53.932079+02:00;standby;24.2;59.9;5.0;25.0;59.7;57.0;0;0;0;0;16326.41;11280.08;5046.33;32426.119
2026-06-29T05:00:54.731053+02:00;standby;24.2;59.8;5.0;25.0;59.7;57.0;0;0;0;0;16326.41;11280.08;5046.33;32426.119
2026-06-29T05:01:55.274559+02:00;standby;24.2;59.5;5.0;25.0;59.7;57.0;0;0;0;0;16326.41;11280.08;5046.33;32426.119
2026-06-29T05:02:55.851032+02:00;standby;24.2;59.4;5.0;25.0;59.7;57.0;0;0;0;0;16326.41;11280.08;5046.33;32426.119
2026-06-29T05:03:56.385210+02:00;standby;24.2;59.2;5.0;25.0;59.7;57.0;0;0;0;0;16326.41;11280.08;5046.33;32426.119
2026-06-29T05:04:57.039522+02:00;standby;24.2;59.1;5.0;25.0;59.7;57.0;0;0;0;0;16326.41;11280.08;5046.33;32426.119
2026-06-29T05:05:57.631632+02:00;standby;24.2;59.0;5.0;25.0;59.7;57.0;0;0;0;0;16326.41;11280.08;5046.33;32426.119
2026-06-29T05:06:58.436772+02:00;standby;24.2;58.9;5.0;25.0;59.6;57.0;0;0;0;0;16326.41;11280.08;5046.33;32426.119
2026-06-29T05:07:59.073139+02:00;standby;24.2;58.6;5.0;25.0;59.6;57.0;0;0;0;0;16326.41;11280.08;5046.33;32426.119
2026-06-29T05:09:00.056026+02:00;standby;24.2;58.5;5.0;25.0;59.6;57.0;0;0;0;0;16326.41;11280.08;5046.33;32426.119
2026-06-29T05:10:00.639791+02:00;standby;24.2;58.4;5.0;25.0;59.6;57.0;0;0;0;0;16326.41;11280.08;5046.33;32426.119
2026-06-29T05:11:01.245722+02:00;standby;24.2;58.2;5.0;25.0;59.6;57.0;0;0;0;0;16326.41;11280.08;5046.33;32426.119
2026-06-29T05:12:01.984900+02:00;standby;24.2;58.1;5.0;25.0;59.6;57.0;0;0;0;0;16326.41;11280.08;5046.33;32426.119
2026-06-29T05:13:02.527102+02:00;standby;24.2;58.0;5.0;25.0;59.6;57.0;0;0;0;0;16326.41;11280.08;5046.33;32426.119
2026-06-29T05:14:03.236628+02:00;standby;24.2;57.8;5.0;25.0;59.6;57.0;0;0;0;0;16326.41;11280.08;5046.33;32426.119
2026-06-29T05:15:03.860963+02:00;standby;24.2;57.6;5.0;25.0;59.6;57.0;0;0;0;0;16326.41;11280.08;5046.33;32426.119
2026-06-29T05:16:04.410554+02:00;standby;24.2;57.5;5.0;25.0;59.6;57.0;0;0;0;0;16326.41;11280.08;5046.33;32426.119
2026-06-29T05:17:04.997200+02:00;standby;24.2;57.4;5.0;25.0;59.6;57.0;0;0;0;0;16326.41;11280.08;5046.33;32426.119
2026-06-29T05:18:05.516020+02:00;standby;24.2;57.2;5.0;25.0;59.6;57.0;0;0;0;0;16326.41;11280.08;5046.33;32426.119
2026-06-29T05:19:06.164888+02:00;standby;24.2;57.0;5.0;25.0;59.6;57.0;0;0;0;0;16326.41;11280.08;5046.33;32426.119
2026-06-29T05:20:06.763491+02:00;standby;24.2;56.9;5.0;25.0;59.5;57.0;0;0;0;0;16326.41;11280.08;5046.33;32426.119
2026-06-29T05:21:07.314951+02:00;standby;24.2;56.7;5.0;25.0;59.5;57.0;0;0;0;0;16326.41;11280.08;5046.33;32426.119
2026-06-29T05:22:07.914080+02:00;standby;24.2;56.6;5.0;25.0;59.5;57.0;0;0;0;0;16326.41;11280.08;5046.33;32426.119
2026-06-29T05:23:08.836432+02:00;standby;24.2;56.5;5.0;25.0;59.5;57.0;0;0;0;0;16326.41;11280.08;5046.33;32426.119
2026-06-29T05:24:09.892270+02:00;standby;24.2;56.4;5.0;25.0;59.5;57.0;0;0;0;0;16326.41;11280.08;5046.33;32426.119
2026-06-29T05:25:10.700954+02:00;standby;24.2;56.1;5.0;25.0;59.5;57.0;0;0;0;0;16326.41;11280.08;5046.33;32426.119
2026-06-29T05:26:11.348480+02:00;standby;24.2;56.0;5.0;25.0;59.5;57.0;0;0;0;0;16326.41;11280.08;5046.33;32426.119
2026-06-29T05:27:12.433236+02:00;standby;24.2;55.9;5.0;25.0;59.5;57.0;0;0;0;0;16326.41;11280.08;5046.33;32426.119
2026-06-29T05:28:13.076503+02:00;standby;24.2;55.8;5.0;25.0;59.5;57.0;0;0;0;0;16326.41;11280.08;5046.33;32426.119
2026-06-29T05:29:13.592178+02:00;standby;24.2;55.6;5.0;25.0;59.5;57.0;0;0;0;0;16326.41;11280.08;5046.33;32426.119
2026-06-29T05:30:14.506093+02:00;standby;24.2;55.5;5.0;25.0;59.5;57.0;0;0;0;0;16326.41;11280.08;5046.33;32426.119
2026-06-29T05:31:15.238978+02:00;standby;24.2;55.3;5.0;28.0;59.5;57.0;0;0;0;0;16326.41;11280.08;5046.33;32426.119
2026-06-29T05:32:15.864209+02:00;standby;24.2;55.2;5.0;28.0;59.5;57.0;0;0;0;0;16326.41;11280.08;5046.33;32426.119
2026-06-29T05:33:16.379178+02:00;standby;24.2;55.1;5.0;28.0;59.5;57.0;0;0;0;0;16326.41;11280.08;5046.33;32426.119
2026-06-29T05:34:16.998001+02:00;standby;24.2;54.9;5.0;28.0;59.4;57.0;0;0;0;0;16326.41;11280.08;5046.33;32426.119
2026-06-29T05:35:17.720902+02:00;standby;24.2;54.8;5.0;28.0;59.4;57.0;0;0;0;0;16326.41;11280.08;5046.33;32426.119
2026-06-29T05:36:18.235740+02:00;standby;24.2;54.7;5.0;28.0;59.4;57.0;0;0;0;0;16326.41;11280.08;5046.33;32426.119
2026-06-29T05:37:19.086239+02:00;standby;24.2;54.6;5.0;28.0;59.4;57.0;0;0;0;0;16326.41;11280.08;5046.33;32426.119
2026-06-29T05:38:19.795609+02:00;standby;24.2;54.3;5.0;28.0;59.4;57.0;0;0;0;0;16326.41;11280.08;5046.33;32426.119
2026-06-29T05:39:20.317296+02:00;standby;24.2;54.2;5.0;28.0;59.4;57.0;0;0;0;0;16326.41;11280.08;5046.33;32426.119
2026-06-29T05:40:21.012819+02:00;standby;24.2;54.1;5.0;28.0;59.4;57.0;0;0;0;0;16326.41;11280.08;5046.33;32426.119
2026-06-29T05:41:21.759945+02:00;standby;24.2;54.0;5.0;28.0;59.4;57.0;0;0;0;0;16326.41;11280.08;5046.33;32426.119
2026-06-29T05:42:22.263052+02:00;standby;24.2;53.9;5.0;28.0;59.4;57.0;0;0;0;0;16326.41;11280.08;5046.33;32426.119
2026-06-29T05:43:22.899451+02:00;standby;24.2;53.7;5.0;28.0;59.4;57.0;0;0;0;0;16326.41;11280.08;5046.33;32426.119
2026-06-29T05:44:23.454533+02:00;standby;24.2;53.6;5.0;28.0;59.4;57.0;0;0;0;0;16326.41;11280.08;5046.33;32426.119
2026-06-29T05:45:23.937300+02:00;standby;24.2;53.4;5.0;28.0;59.4;57.0;0;0;0;0;16326.41;11280.08;5046.33;32426.119
2026-06-29T05:46:24.468815+02:00;standby;24.2;53.3;5.0;28.0;59.3;57.0;0;0;0;0;16326.41;11280.08;5046.33;32426.119
2026-06-29T05:47:24.994344+02:00;standby;24.2;53.2;5.0;28.0;59.3;57.0;0;0;0;0;16326.41;11280.08;5046.33;32426.119
2026-06-29T05:48:25.714168+02:00;standby;24.2;53.1;5.0;28.0;59.3;57.0;0;0;0;0;16326.41;11280.08;5046.33;32426.119
2026-06-29T05:49:26.414441+02:00;standby;24.2;53.0;5.0;28.0;59.3;57.0;0;0;0;0;16326.41;11280.08;5046.33;32426.119
2026-06-29T05:50:26.946723+02:00;standby;24.2;52.9;5.0;28.0;59.3;57.0;0;0;0;0;16326.41;11280.08;5046.33;32426.119
2026-06-29T05:51:27.965196+02:00;standby;24.2;52.7;5.0;28.0;59.3;57.0;0;0;0;0;16326.41;11280.08;5046.33;32426.119
2026-06-29T05:52:28.504146+02:00;standby;24.2;52.6;5.0;28.0;59.3;57.0;0;0;0;0;16326.41;11280.08;5046.33;32426.119
2026-06-29T05:53:29.138163+02:00;standby;24.2;52.4;5.0;28.0;59.3;57.0;0;0;0;0;16326.41;11280.08;5046.33;32426.119
2026-06-29T05:54:29.757599+02:00;standby;24.2;52.3;5.0;28.0;59.3;57.0;0;0;0;0;16326.41;11280.08;5046.33;32426.119
2026-06-29T05:55:30.357743+02:00;standby;24.2;52.2;5.0;28.0;59.3;57.0;0;0;0;0;16326.41;11280.08;5046.33;32426.119
2026-06-29T05:56:30.910410+02:00;standby;24.2;52.1;5.0;28.0;59.3;57.0;0;0;0;0;16326.41;11280.08;5046.33;32426.119
2026-06-29T05:57:31.495487+02:00;standby;24.2;52.0;5.0;28.0;59.3;57.0;0;0;0;0;16326.41;11280.08;5046.33;32426.119
2026-06-29T05:58:32.127952+02:00;standby;24.2;51.9;5.0;28.0;59.3;57.0;0;0;0;0;16326.41;11280.08;5046.33;32426.119
2026-06-29T05:59:32.844155+02:00;standby;24.2;51.8;5.0;28.0;59.3;57.0;0;0;0;0;16326.41;11280.08;5046.33;32426.119
2026-06-29T06:00:33.466416+02:00;standby;24.2;51.7;5.0;28.0;59.2;57.0;0;0;0;0;16326.41;11280.08;5046.33;32426.119
2026-06-29T06:01:34.631657+02:00;standby;24.2;51.4;5.0;28.0;59.2;57.0;0;0;0;0;16326.41;11280.08;5046.33;32426.119
2026-06-29T06:02:35.245780+02:00;standby;24.2;51.3;5.0;28.0;59.2;57.0;0;0;0;0;16326.41;11280.08;5046.33;32426.119
2026-06-29T06:03:35.846443+02:00;standby;24.2;51.2;5.0;28.0;59.2;57.0;0;0;0;0;16326.41;11280.08;5046.33;32426.119
2026-06-29T06:04:36.379370+02:00;standby;24.2;51.1;5.0;28.0;59.2;57.0;0;0;0;0;16326.41;11280.08;5046.33;32426.119
2026-06-29T06:05:37.916225+02:00;standby;24.2;51.0;5.0;28.0;59.2;57.0;0;0;0;0;16326.41;11280.08;5046.33;32426.119
2026-06-29T06:06:39.874940+02:00;standby;24.2;50.9;5.0;28.0;59.2;57.0;0;0;0;0;16326.41;11280.08;5046.33;32426.119
2026-06-29T06:07:40.484799+02:00;standby;24.2;50.8;5.0;28.0;59.2;57.0;0;0;0;0;16326.41;11280.08;5046.33;32426.119
2026-06-29T06:08:41.330625+02:00;standby;24.2;50.7;5.0;28.0;59.2;57.0;0;0;0;0;16326.41;11280.08;5046.33;32426.119
2026-06-29T06:09:41.920285+02:00;standby;24.2;50.6;5.0;28.0;59.2;57.0;0;0;0;0;16326.41;11280.08;5046.33;32426.119
2026-06-29T06:10:42.558956+02:00;standby;24.2;50.4;5.0;28.0;59.2;57.0;0;0;0;0;16326.41;11280.08;5046.33;32426.119
2026-06-29T06:11:43.214386+02:00;standby;24.2;50.3;5.0;28.0;59.2;57.0;0;0;0;0;16326.41;11280.08;5046.33;32426.119
2026-06-29T06:12:43.801012+02:00;standby;24.2;50.2;5.0;28.0;59.2;57.0;0;0;0;0;16326.41;11280.08;5046.33;32426.119
2026-06-29T06:13:44.435801+02:00;standby;24.2;50.1;5.0;28.0;59.2;57.0;0;0;0;0;16326.41;11280.08;5046.33;32426.119
2026-06-29T06:14:45.072625+02:00;standby;24.2;50.0;5.0;28.0;59.1;57.0;0;0;0;0;16326.41;11280.08;5046.33;32426.119
2026-06-29T06:15:45.669944+02:00;standby;24.2;49.9;5.0;28.0;59.1;57.0;0;0;0;0;16326.41;11280.08;5046.33;32426.119
2026-06-29T06:16:46.409994+02:00;standby;24.2;49.8;5.0;28.0;59.1;57.0;0;0;0;0;16326.41;11280.08;5046.33;32426.119
2026-06-29T06:17:46.909053+02:00;standby;24.2;49.7;5.0;28.0;59.1;57.0;0;0;0;0;16326.41;11280.08;5046.33;32426.119
2026-06-29T06:18:47.527319+02:00;standby;24.2;49.5;5.0;28.0;59.1;57.0;0;0;0;0;16326.41;11280.08;5046.33;32426.119
2026-06-29T06:19:48.138811+02:00;standby;24.2;49.4;5.0;28.0;59.1;57.0;0;0;0;0;16326.41;11280.08;5046.33;32426.119
2026-06-29T06:20:48.692983+02:00;standby;24.2;49.3;5.0;28.0;59.1;57.0;0;0;0;0;16326.41;11280.08;5046.33;32426.119
2026-06-29T06:21:49.719561+02:00;standby;24.2;49.2;5.0;28.0;59.1;57.0;0;0;0;0;16326.41;11280.08;5046.33;32426.119
2026-06-29T06:22:50.431045+02:00;standby;24.2;49.1;5.0;28.0;59.1;57.0;0;0;0;0;16326.41;11280.08;5046.33;32426.119
2026-06-29T06:23:51.042649+02:00;standby;24.2;49.1;5.0;28.0;59.1;57.0;0;0;0;0;16326.41;11280.08;5046.33;32426.119
2026-06-29T06:24:51.576230+02:00;standby;24.2;49.0;5.0;28.0;59.1;57.0;0;0;0;0;16326.41;11280.08;5046.33;32426.119
2026-06-29T06:25:52.155786+02:00;standby;23.9;48.9;5.0;28.0;59.1;57.0;0;0;0;0;16326.41;11280.08;5046.33;32426.119
2026-06-29T06:26:52.830868+02:00;standby;23.9;48.7;5.0;28.0;59.1;57.0;0;0;0;0;16326.41;11280.08;5046.33;32426.119
2026-06-29T06:27:53.621830+02:00;standby;23.9;48.6;5.0;28.0;58.9;57.0;0;0;0;0;16326.41;11280.08;5046.33;32426.119
2026-06-29T06:28:54.186343+02:00;standby;23.9;48.5;5.0;28.0;58.9;57.0;0;0;0;0;16326.41;11280.08;5046.33;32426.119
2026-06-29T06:29:54.684125+02:00;standby;23.9;48.4;5.0;28.0;58.9;57.0;0;0;0;0;16326.41;11280.08;5046.33;32426.119
2026-06-29T06:30:55.429703+02:00;standby;23.9;48.3;5.0;28.0;58.9;57.0;0;0;0;0;16326.41;11280.08;5046.33;32426.119
2026-06-29T06:31:56.006338+02:00;standby;23.9;48.2;5.0;28.0;58.9;57.0;0;0;0;0;16326.41;11280.08;5046.33;32426.119
2026-06-29T06:32:56.674611+02:00;standby;23.9;48.1;5.0;28.0;58.9;57.0;0;0;0;0;16326.41;11280.08;5046.33;32426.119
2026-06-29T06:33:57.285759+02:00;standby;23.9;48.1;5.0;28.0;58.9;57.0;0;0;0;0;16326.41;11280.08;5046.33;32426.119
2026-06-29T06:34:58.003511+02:00;standby;23.9;48.0;5.0;28.0;58.9;57.0;0;0;0;0;16326.41;11280.08;5046.33;32426.119
2026-06-29T06:35:58.725199+02:00;standby;23.9;47.8;5.0;28.0;58.9;57.0;0;0;0;0;16326.41;11280.08;5046.33;32426.119
2026-06-29T06:36:59.338850+02:00;standby;23.9;47.7;5.0;28.0;58.9;57.0;0;0;0;0;16326.41;11280.08;5046.33;32426.119
2026-06-29T06:37:59.962702+02:00;standby;23.9;47.6;5.0;28.0;58.9;57.0;0;0;0;0;16326.41;11280.08;5046.33;32426.119
2026-06-29T06:39:00.698096+02:00;standby;23.9;47.5;5.0;28.0;58.9;57.0;0;0;0;0;16326.41;11280.08;5046.33;32426.119
2026-06-29T06:40:01.303886+02:00;standby;23.9;47.4;5.0;28.0;58.9;57.0;0;0;0;0;16326.41;11280.08;5046.33;32426.119
2026-06-29T06:41:01.926171+02:00;standby;23.9;47.4;5.0;28.0;58.8;57.0;0;0;0;0;16326.41;11280.08;5046.33;32426.119
2026-06-29T06:42:02.536539+02:00;standby;23.9;47.3;5.0;28.0;58.8;57.0;0;0;0;0;16326.41;11280.08;5046.33;32426.119
2026-06-29T06:43:03.267542+02:00;standby;23.9;47.2;5.0;28.0;58.8;57.0;0;0;0;0;16326.41;11280.08;5046.33;32426.119
2026-06-29T06:44:03.814580+02:00;standby;23.9;47.0;5.0;28.0;58.8;57.0;0;0;0;0;16326.41;11280.08;5046.33;32426.119
2026-06-29T06:45:04.613120+02:00;standby;23.9;46.9;5.0;28.0;58.8;57.0;0;0;0;0;16326.41;11280.08;5046.33;32426.119
2026-06-29T06:46:05.253505+02:00;standby;23.9;46.8;5.0;28.0;58.8;57.0;0;0;0;0;16326.41;11280.08;5046.33;32426.119
2026-06-29T06:47:05.752307+02:00;standby;23.9;46.8;5.0;28.0;58.8;57.0;0;0;0;0;16326.41;11280.08;5046.33;32426.119
2026-06-29T06:48:06.371934+02:00;standby;23.9;46.7;5.0;28.0;58.8;57.0;0;0;0;0;16326.41;11280.08;5046.33;32426.119
2026-06-29T06:49:06.917138+02:00;standby;23.9;46.6;5.0;28.0;58.8;57.0;0;0;0;0;16326.41;11280.08;5046.33;32426.119
2026-06-29T06:50:07.627061+02:00;standby;23.9;46.5;5.0;28.0;58.8;57.0;0;0;0;0;16326.41;11280.08;5046.33;32426.119
2026-06-29T06:51:08.234600+02:00;standby;23.9;46.4;5.0;28.0;58.8;57.0;0;0;0;0;16326.41;11280.08;5046.33;32426.119
2026-06-29T06:52:09.082748+02:00;standby;23.9;46.4;5.0;28.0;58.8;57.0;0;0;0;0;16326.41;11280.08;5046.33;32426.119
2026-06-29T06:53:10.000209+02:00;standby;23.9;46.2;5.0;28.0;58.8;57.0;0;0;0;0;16326.41;11280.08;5046.33;32426.119
2026-06-29T06:54:10.646650+02:00;standby;23.9;46.1;5.0;28.0;58.7;57.0;0;0;0;0;16326.41;11280.08;5046.33;32426.119
2026-06-29T06:55:11.245702+02:00;standby;23.9;46.0;5.0;28.0;58.7;57.0;0;0;0;0;16326.41;11280.08;5046.33;32426.119
2026-06-29T06:56:11.867126+02:00;standby;23.9;45.9;5.0;28.0;58.7;57.0;0;0;0;0;16326.41;11280.08;5046.33;32426.119
2026-06-29T06:57:12.913955+02:00;standby;23.9;45.9;5.0;28.0;58.7;57.0;0;0;0;0;16326.41;11280.08;5046.33;32426.119
2026-06-29T06:58:13.511199+02:00;standby;23.9;45.8;5.0;28.0;58.7;57.0;0;0;0;0;16326.41;11280.08;5046.33;32426.119
2026-06-29T06:59:14.149334+02:00;standby;23.9;45.7;5.0;28.0;58.7;57.0;0;0;0;0;16326.41;11280.08;5046.33;32426.119
2026-06-29T07:00:14.761771+02:00;standby;23.9;45.6;5.0;28.0;58.7;57.0;0;0;0;0;16326.41;11280.08;5046.33;32426.119
2026-06-29T07:01:15.374902+02:00;standby;23.9;45.6;5.0;28.0;58.7;57.0;0;0;0;0;16326.41;11280.08;5046.33;32426.119
2026-06-29T07:02:16.143011+02:00;standby;23.9;45.5;5.0;28.0;58.7;57.0;0;0;0;0;16326.41;11280.08;5046.33;32426.119
2026-06-29T07:03:16.720559+02:00;standby;23.9;45.3;5.0;28.0;58.7;57.0;0;0;0;0;16326.41;11280.08;5046.33;32426.119
2026-06-29T07:04:17.252896+02:00;standby;23.9;45.3;5.0;28.0;58.7;57.0;0;0;0;0;16326.41;11280.08;5046.33;32426.119
2026-06-29T07:05:18.495205+02:00;standby;23.9;45.2;5.0;28.0;58.7;57.0;0;0;0;0;16326.41;11280.08;5046.33;32426.119
2026-06-29T07:06:19.065779+02:00;standby;23.9;45.1;5.0;28.0;58.7;57.0;0;0;0;0;16326.41;11280.08;5046.33;32426.119
2026-06-29T07:07:19.851622+02:00;standby;23.9;45.0;5.0;28.0;58.7;57.0;0;0;0;0;16326.41;11280.08;5046.33;32426.119
2026-06-29T07:08:20.461144+02:00;standby;23.9;45.0;5.0;28.0;58.6;57.0;0;0;0;0;16326.41;11280.08;5046.33;32426.119
2026-06-29T07:09:21.085140+02:00;standby;23.9;44.9;5.0;28.0;58.6;57.0;0;0;0;0;16326.41;11280.08;5046.33;32426.119
2026-06-29T07:10:21.697592+02:00;standby;23.9;44.8;5.0;28.0;58.6;57.0;0;0;0;0;16326.41;11280.08;5046.33;32426.119
2026-06-29T07:11:22.404048+02:00;standby;23.9;44.8;5.0;28.0;58.6;57.0;0;0;0;0;16326.41;11280.08;5046.33;32426.119
2026-06-29T07:12:22.950480+02:00;standby;23.9;44.7;5.0;28.0;58.6;57.0;0;0;0;0;16326.41;11280.08;5046.33;32426.119
2026-06-29T07:13:23.669915+02:00;standby;23.9;44.5;5.0;28.0;58.6;57.0;0;0;0;0;16326.41;11280.08;5046.33;32426.119
2026-06-29T07:14:24.480982+02:00;standby;23.9;44.4;5.0;28.0;58.6;57.0;0;0;0;0;16326.41;11280.08;5046.33;32426.119
2026-06-29T07:15:25.171396+02:00;standby;23.9;44.4;5.0;28.0;58.6;57.0;0;0;0;0;16326.41;11280.08;5046.33;32426.119
2026-06-29T07:16:25.846259+02:00;standby;23.9;44.3;5.0;28.0;58.6;57.0;0;0;0;0;16326.41;11280.08;5046.33;32426.119
2026-06-29T07:17:26.469844+02:00;standby;23.9;44.2;5.0;28.0;58.6;57.0;0;0;0;0;16326.41;11280.08;5046.33;32426.119
2026-06-29T07:18:27.368605+02:00;standby;23.9;44.2;5.0;28.0;58.6;57.0;0;0;0;0;16326.41;11280.08;5046.33;32426.119
2026-06-29T07:19:28.314316+02:00;standby;23.9;44.1;5.0;28.0;58.6;57.0;0;0;0;0;16326.41;11280.08;5046.33;32426.119
2026-06-29T07:20:29.347401+02:00;standby;23.9;44.0;5.0;28.0;58.6;57.0;0;0;0;0;16326.41;11280.08;5046.33;32426.119
2026-06-29T07:21:30.092262+02:00;standby;23.9;44.0;5.0;28.0;58.6;57.0;0;0;0;0;16326.41;11280.08;5046.33;32426.119
2026-06-29T07:22:30.661131+02:00;standby;23.9;43.9;5.0;28.0;58.5;57.0;0;0;0;0;16326.41;11280.08;5046.33;32426.119
2026-06-29T07:23:31.311292+02:00;standby;23.9;43.7;5.0;28.0;58.5;57.0;0;0;0;0;16326.41;11280.08;5046.33;32426.119
2026-06-29T07:24:32.535575+02:00;standby;23.9;43.7;5.0;28.0;58.5;57.0;0;0;0;0;16326.41;11280.08;5046.33;32426.119
2026-06-29T07:25:33.072236+02:00;standby;23.9;43.6;5.0;28.0;58.5;57.0;0;0;0;0;16326.41;11280.08;5046.33;32426.119
2026-06-29T07:26:33.694130+02:00;standby;24.4;43.5;5.0;28.0;58.5;57.0;0;0;0;0;16326.41;11280.08;5046.33;32426.119
2026-06-29T07:27:34.274810+02:00;standby;24.4;43.5;5.0;28.0;58.5;57.0;0;0;0;0;16326.41;11280.08;5046.33;32426.119
2026-06-29T07:28:34.823139+02:00;standby;24.4;43.4;5.0;28.0;58.5;57.0;0;0;0;0;16326.41;11280.08;5046.33;32426.119
2026-06-29T07:29:35.457536+02:00;standby;24.4;43.4;5.0;28.0;58.5;57.0;0;0;0;0;16326.41;11280.08;5046.33;32426.119
2026-06-29T07:30:36.082029+02:00;standby;24.4;43.3;5.0;28.0;58.5;57.0;0;0;0;0;16326.41;11280.08;5046.33;32426.119
2026-06-29T07:31:36.604107+02:00;standby;24.4;43.2;5.0;28.0;58.5;57.0;0;0;0;0;16326.41;11280.08;5046.33;32426.119
2026-06-29T07:32:37.323019+02:00;standby;24.4;43.2;5.0;28.0;58.5;57.0;0;0;0;0;16326.41;11280.08;5046.33;32426.119
2026-06-29T07:33:37.935287+02:00;standby;24.4;43.1;5.0;28.0;58.5;57.0;0;0;0;0;16326.41;11280.08;5046.33;32426.119
2026-06-29T07:34:38.770312+02:00;standby;24.4;43.0;5.0;28.0;58.5;57.0;0;0;0;0;16326.41;11280.08;5046.33;32426.119
2026-06-29T07:35:39.488421+02:00;standby;24.4;43.0;5.0;28.0;58.4;57.0;0;0;0;0;16326.41;11280.08;5046.33;32426.119
2026-06-29T07:36:40.019661+02:00;standby;24.4;42.8;5.0;28.0;58.4;57.0;0;0;0;0;16326.41;11280.08;5046.33;32426.119
2026-06-29T07:37:40.494568+02:00;standby;24.4;42.8;5.0;28.0;58.4;57.0;0;0;0;0;16326.41;11280.08;5046.33;32426.119
2026-06-29T07:38:41.163813+02:00;standby;24.4;42.7;5.0;28.0;58.4;57.0;0;0;0;0;16326.41;11280.08;5046.33;32426.119
2026-06-29T07:39:41.678796+02:00;standby;24.4;42.6;5.0;28.0;58.4;57.0;0;0;0;0;16326.41;11280.08;5046.33;32426.119
2026-06-29T07:40:42.281658+02:00;standby;24.4;42.6;5.0;28.0;58.4;57.0;0;0;0;0;16326.41;11280.08;5046.33;32426.119
2026-06-29T07:41:42.812375+02:00;standby;24.4;42.5;5.0;28.0;58.4;57.0;0;0;0;0;16326.41;11280.08;5046.33;32426.119
2026-06-29T07:42:43.422467+02:00;standby;24.4;42.5;5.0;28.0;58.4;57.0;0;0;0;0;16326.41;11280.08;5046.33;32426.119
2026-06-29T07:43:43.957535+02:00;standby;24.4;42.4;5.0;28.0;58.4;57.0;0;0;0;0;16326.41;11280.08;5046.33;32426.119
2026-06-29T07:44:44.489111+02:00;standby;24.4;42.3;5.0;28.0;58.4;57.0;0;0;0;0;16326.41;11280.08;5046.33;32426.119
2026-06-29T07:45:45.530539+02:00;standby;24.4;42.3;5.0;28.0;58.4;57.0;0;0;0;0;16326.41;11280.08;5046.33;32426.119
2026-06-29T07:46:46.233805+02:00;standby;24.4;42.2;5.0;28.0;58.4;57.0;0;0;0;0;16326.41;11280.08;5046.33;32426.119
2026-06-29T07:47:46.740288+02:00;standby;24.4;42.2;5.0;28.0;58.4;57.0;0;0;0;0;16326.41;11280.08;5046.33;32426.119
2026-06-29T07:48:47.484741+02:00;standby;24.4;42.0;5.0;28.0;58.3;57.0;0;0;0;0;16326.41;11280.08;5046.33;32426.119
2026-06-29T07:49:48.308470+02:00;standby;24.4;42.0;5.0;28.0;58.3;57.0;0;0;0;0;16326.41;11280.08;5046.33;32426.119
2026-06-29T07:50:48.843380+02:00;standby;24.4;41.9;5.0;28.0;58.3;57.0;0;0;0;0;16326.41;11280.08;5046.33;32426.119
2026-06-29T07:51:49.353309+02:00;standby;24.4;41.8;5.0;28.0;58.3;57.0;0;0;0;0;16326.41;11280.08;5046.33;32426.119
2026-06-29T07:52:50.065040+02:00;standby;24.4;41.8;5.0;28.0;58.3;57.0;0;0;0;0;16326.41;11280.08;5046.33;32426.119
2026-06-29T07:53:50.600511+02:00;standby;24.4;41.7;5.0;28.0;58.3;57.0;0;0;0;0;16326.41;11280.08;5046.33;32426.119
2026-06-29T07:54:51.101313+02:00;standby;24.4;41.7;5.0;28.0;58.3;57.0;0;0;0;0;16326.41;11280.08;5046.33;32426.119
2026-06-29T07:55:51.609403+02:00;standby;24.4;41.6;5.0;28.0;58.3;57.0;0;0;0;0;16326.41;11280.08;5046.33;32426.119
2026-06-29T07:56:52.726641+02:00;standby;24.4;41.6;5.0;28.0;58.3;57.0;0;0;0;0;16326.41;11280.08;5046.33;32426.119
2026-06-29T07:57:53.372385+02:00;standby;24.4;41.5;5.0;28.0;58.3;57.0;0;0;0;0;16326.41;11280.08;5046.33;32426.119
2026-06-29T07:58:53.889452+02:00;standby;24.4;41.5;5.0;28.0;58.3;57.0;0;0;0;0;16326.41;11280.08;5046.33;32426.119
2026-06-29T07:59:54.427281+02:00;standby;24.4;41.4;5.0;28.0;58.3;57.0;0;0;0;0;16326.41;11280.08;5046.33;32426.119
2026-06-29T08:00:54.928363+02:00;standby;24.4;41.4;5.0;28.0;58.3;57.0;0;0;0;0;16326.41;11280.08;5046.33;32426.119
2026-06-29T08:01:55.409430+02:00;standby;24.4;41.2;5.0;28.0;58.3;57.0;0;0;0;0;16326.41;11280.08;5046.33;32426.119
2026-06-29T08:02:55.859121+02:00;standby;24.4;41.2;5.0;28.0;58.3;57.0;0;0;0;0;16326.41;11280.08;5046.33;32426.119
2026-06-29T08:03:56.918389+02:00;standby;24.4;41.1;5.0;28.0;58.2;57.0;0;0;0;0;16326.41;11280.08;5046.33;32426.119
2026-06-29T08:04:57.488640+02:00;standby;24.4;41.1;5.0;28.0;58.2;57.0;0;0;0;0;16326.41;11280.08;5046.33;32426.119
2026-06-29T08:05:58.250035+02:00;standby;24.4;41.0;5.0;28.0;58.2;57.0;0;0;0;0;16326.41;11280.08;5046.33;32426.119
2026-06-29T08:06:58.885195+02:00;standby;24.4;40.9;5.0;28.0;58.2;57.0;0;0;0;0;16326.41;11280.08;5046.33;32426.119
2026-06-29T08:07:59.905778+02:00;standby;24.4;40.9;5.0;28.0;58.2;57.0;0;0;0;0;16326.41;11280.08;5046.33;32426.119
2026-06-29T08:09:00.477919+02:00;standby;24.4;40.9;5.0;28.0;58.2;57.0;0;0;0;0;16326.41;11280.08;5046.33;32426.119
2026-06-29T08:10:01.249745+02:00;standby;24.4;40.8;5.0;28.0;58.2;57.0;0;0;0;0;16326.41;11280.08;5046.33;32426.119
2026-06-29T08:11:01.968320+02:00;standby;24.4;40.8;5.0;28.0;58.2;57.0;0;0;0;0;16326.41;11280.08;5046.33;32426.119
2026-06-29T08:12:02.974052+02:00;standby;24.4;40.7;5.0;28.0;58.2;57.0;0;0;0;0;16326.41;11280.08;5046.33;32426.119
2026-06-29T08:13:03.512638+02:00;standby;24.4;40.6;5.0;28.0;58.2;57.0;0;0;0;0;16326.41;11280.08;5046.33;32426.119
2026-06-29T08:14:04.052088+02:00;standby;24.4;40.6;5.0;28.0;58.2;57.0;0;0;0;0;16326.41;11280.08;5046.33;32426.119
2026-06-29T08:15:04.618246+02:00;standby;24.4;40.5;5.0;28.0;58.2;57.0;0;0;0;0;16326.41;11280.08;5046.33;32426.119
2026-06-29T08:16:05.191964+02:00;standby;24.4;40.5;5.0;28.0;58.1;57.0;0;0;0;0;16326.41;11280.08;5046.33;32426.119
2026-06-29T08:17:05.817359+02:00;standby;24.4;40.3;5.0;28.0;58.2;57.0;0;0;0;0;16326.41;11280.08;5046.33;32426.119
2026-06-29T08:18:06.381988+02:00;standby;24.4;40.3;5.0;28.0;58.1;57.0;0;0;0;0;16326.41;11280.08;5046.33;32426.119
2026-06-29T08:19:07.008497+02:00;standby;24.4;40.3;5.0;28.0;58.1;57.0;0;0;0;0;16326.41;11280.08;5046.33;32426.119
2026-06-29T08:20:07.584508+02:00;standby;24.4;40.2;5.0;28.0;58.1;57.0;0;0;0;0;16326.41;11280.08;5046.33;32426.119
2026-06-29T08:21:08.182903+02:00;standby;24.4;40.2;5.0;28.0;58.1;57.0;0;0;0;0;16326.41;11280.08;5046.33;32426.119
2026-06-29T08:22:08.719927+02:00;standby;24.4;40.1;5.0;28.0;58.1;57.0;0;0;0;0;16326.41;11280.08;5046.33;32426.119
2026-06-29T08:23:09.332223+02:00;standby;24.4;40.1;5.0;28.0;58.1;57.0;0;0;0;0;16326.41;11280.08;5046.33;32426.119
2026-06-29T08:24:10.886908+02:00;standby;24.4;40.0;5.0;28.0;58.1;57.0;0;0;0;0;16326.41;11280.08;5046.33;32426.119
2026-06-29T08:25:11.715635+02:00;standby;24.4;40.0;5.0;28.0;58.1;57.0;0;0;0;0;16326.41;11280.08;5046.33;32426.119
2026-06-29T08:26:12.415334+02:00;standby;24.4;39.9;5.0;28.0;58.1;57.0;0;0;0;0;16326.41;11280.08;5046.33;32426.119
2026-06-29T08:27:13.118743+02:00;standby;24.7;39.9;5.0;28.0;58.1;57.0;0;0;0;0;16326.41;11280.08;5046.33;32426.119
2026-06-29T08:28:13.719877+02:00;standby;24.7;39.8;5.0;28.0;58.1;57.0;0;0;0;0;16326.41;11280.08;5046.33;32426.119
2026-06-29T08:29:14.485642+02:00;standby;24.7;39.8;5.0;28.0;58.0;57.0;0;0;0;0;16326.41;11280.08;5046.33;32426.119
2026-06-29T08:30:15.005663+02:00;standby;24.7;39.6;5.0;28.0;58.0;57.0;0;0;0;0;16326.41;11280.08;5046.33;32426.119
2026-06-29T08:31:15.632184+02:00;standby;24.7;39.6;5.0;28.0;58.0;57.0;0;0;0;0;16326.41;11280.08;5046.33;32426.119
2026-06-29T08:32:16.207580+02:00;standby;24.7;39.6;5.0;28.0;58.0;57.0;0;0;0;0;16326.41;11280.08;5046.33;32426.119
2026-06-29T08:33:16.748764+02:00;standby;24.7;39.5;5.0;28.0;58.0;57.0;0;0;0;0;16326.41;11280.08;5046.33;32426.119
2026-06-29T08:34:17.287701+02:00;standby;24.7;39.5;5.0;28.0;58.0;57.0;0;0;0;0;16326.41;11280.08;5046.33;32426.119
2026-06-29T08:35:17.811595+02:00;standby;24.7;39.4;5.0;28.0;58.0;57.0;0;0;0;0;16326.41;11280.08;5046.33;32426.119
2026-06-29T08:36:18.327042+02:00;standby;24.7;39.4;5.0;28.0;58.0;57.0;0;0;0;0;16326.41;11280.08;5046.33;32426.119
2026-06-29T08:37:18.968974+02:00;standby;24.7;39.4;5.0;28.0;58.0;57.0;0;0;0;0;16326.41;11280.08;5046.33;32426.119
2026-06-29T08:38:19.553532+02:00;standby;24.7;39.3;5.0;28.0;58.0;57.0;0;0;0;0;16326.41;11280.08;5046.33;32426.119
2026-06-29T08:39:20.163909+02:00;standby;24.7;39.3;5.0;28.0;58.0;57.0;0;0;0;0;16326.41;11280.08;5046.33;32426.119
2026-06-29T08:40:20.716391+02:00;standby;24.7;39.1;5.0;28.0;58.0;57.0;0;0;0;0;16326.41;11280.08;5046.33;32426.119
2026-06-29T08:41:21.344726+02:00;standby;24.7;39.1;5.0;28.0;58.0;57.0;0;0;0;0;16326.41;11280.08;5046.33;32426.119
2026-06-29T08:42:22.117345+02:00;standby;24.7;39.0;5.0;28.0;58.0;57.0;0;0;0;0;16326.41;11280.08;5046.33;32426.119
2026-06-29T08:43:24.528554+02:00;standby;24.7;39.0;5.0;28.0;57.9;57.0;0;0;0;0;16326.41;11280.08;5046.33;32426.119
2026-06-29T08:44:25.046527+02:00;standby;24.7;39.0;5.0;28.0;57.9;57.0;0;0;0;0;16326.41;11280.08;5046.33;32426.119
2026-06-29T08:45:25.730363+02:00;standby;24.7;38.9;5.0;28.0;57.9;57.0;0;0;0;0;16326.41;11280.08;5046.33;32426.119
2026-06-29T08:46:26.298006+02:00;standby;24.7;38.9;5.0;28.0;57.9;57.0;0;0;0;0;16326.41;11280.08;5046.33;32426.119
2026-06-29T08:47:26.892580+02:00;standby;24.7;38.8;5.0;28.0;57.9;57.0;0;0;0;0;16326.41;11280.08;5046.33;32426.119
2026-06-29T08:48:27.536723+02:00;standby;24.7;38.8;5.0;28.0;57.9;57.0;0;0;0;0;16326.41;11280.08;5046.33;32426.119
2026-06-29T08:49:28.420190+02:00;standby;24.7;38.8;5.0;28.0;57.9;57.0;0;0;0;0;16326.41;11280.08;5046.33;32426.119
2026-06-29T08:50:29.087468+02:00;standby;24.7;38.6;5.0;28.0;57.9;57.0;0;0;0;0;16326.41;11280.08;5046.33;32426.119
2026-06-29T08:51:29.608736+02:00;standby;24.7;38.6;5.0;28.0;57.9;57.0;0;0;0;0;16326.41;11280.08;5046.33;32426.119
2026-06-29T08:52:30.231064+02:00;standby;24.7;38.5;5.0;28.0;57.9;57.0;0;0;0;0;16326.41;11280.08;5046.33;32426.119
2026-06-29T08:53:30.761545+02:00;standby;24.7;38.5;5.0;28.0;57.9;57.0;0;0;0;0;16326.41;11280.08;5046.33;32426.119
2026-06-29T08:54:31.377851+02:00;standby;24.7;38.5;5.0;28.0;57.9;57.0;0;0;0;0;16326.41;11280.08;5046.33;32426.119
2026-06-29T08:55:32.210508+02:00;standby;24.7;38.4;5.0;28.0;57.9;57.0;0;0;0;0;16326.41;11280.08;5046.33;32426.119
2026-06-29T08:56:33.204189+02:00;standby;24.7;38.4;5.0;28.0;57.8;57.0;0;0;0;0;16326.41;11280.08;5046.33;32426.119
2026-06-29T08:57:33.752020+02:00;standby;24.7;38.3;5.0;28.0;57.8;57.0;0;0;0;0;16326.41;11280.08;5046.33;32426.119
2026-06-29T08:58:34.479703+02:00;standby;24.7;38.3;5.0;28.0;57.8;57.0;0;0;0;0;16326.41;11280.08;5046.33;32426.119
2026-06-29T08:59:35.003221+02:00;standby;24.7;38.3;5.0;28.0;57.8;57.0;0;0;0;0;16326.41;11280.08;5046.33;32426.119
2026-06-29T09:00:35.531153+02:00;standby;24.7;38.1;5.0;28.0;57.8;57.0;0;0;0;0;16326.41;11280.08;5046.33;32426.119
2026-06-29T09:01:36.100207+02:00;standby;24.7;38.1;5.0;28.0;57.8;57.0;0;0;0;0;16326.41;11280.08;5046.33;32426.119
2026-06-29T09:02:36.613245+02:00;standby;24.7;38.0;5.0;28.0;57.8;57.0;0;0;0;0;16326.41;11280.08;5046.33;32426.119
2026-06-29T09:03:37.188094+02:00;standby;24.7;38.0;5.0;28.0;57.8;57.0;0;0;0;0;16326.41;11280.08;5046.33;32426.119
2026-06-29T09:04:37.796533+02:00;standby;24.7;38.0;5.0;28.0;57.8;57.0;0;0;0;0;16326.41;11280.08;5046.33;32426.119
2026-06-29T09:05:38.601102+02:00;standby;24.7;37.9;5.0;28.0;57.8;57.0;0;0;0;0;16326.41;11280.08;5046.33;32426.119
2026-06-29T09:06:39.248884+02:00;standby;24.7;37.9;5.0;28.0;57.8;57.0;0;0;0;0;16326.41;11280.08;5046.33;32426.119
2026-06-29T09:07:39.888301+02:00;standby;24.7;37.9;5.0;28.0;57.8;57.0;0;0;0;0;16326.41;11280.08;5046.33;32426.119
2026-06-29T09:08:40.458987+02:00;standby;24.7;37.8;5.0;28.0;57.8;57.0;0;0;0;0;16326.41;11280.08;5046.33;32426.119
2026-06-29T09:09:41.332353+02:00;standby;24.7;37.8;5.0;28.0;57.8;57.0;0;0;0;0;16326.41;11280.08;5046.33;32426.119
2026-06-29T09:10:41.812772+02:00;standby;24.7;37.8;5.0;28.0;57.7;57.0;0;0;0;0;16326.41;11280.08;5046.33;32426.119
2026-06-29T09:11:42.406460+02:00;standby;24.7;37.7;5.0;28.0;57.8;57.0;0;0;0;0;16326.41;11280.08;5046.33;32426.119
2026-06-29T09:12:43.042528+02:00;standby;24.7;37.7;5.0;28.0;57.7;57.0;0;0;0;0;16326.41;11280.08;5046.33;32426.119
2026-06-29T09:13:43.503805+02:00;standby;24.7;37.5;5.0;28.0;57.7;57.0;0;0;0;0;16326.41;11280.08;5046.33;32426.119
2026-06-29T09:14:44.237221+02:00;standby;24.7;37.5;5.0;28.0;57.7;57.0;0;0;0;0;16326.41;11280.08;5046.33;32426.119
2026-06-29T09:15:44.722649+02:00;standby;24.7;37.5;5.0;28.0;57.7;57.0;0;0;0;0;16326.41;11280.08;5046.33;32426.119
2026-06-29T09:16:45.314249+02:00;standby;24.7;37.4;5.0;28.0;57.7;57.0;0;0;0;0;16326.41;11280.08;5046.33;32426.119
2026-06-29T09:17:46.037912+02:00;standby;24.7;37.4;5.0;28.0;57.7;57.0;0;0;0;0;16326.41;11280.08;5046.33;32426.119
2026-06-29T09:18:47.221868+02:00;standby;24.7;37.3;5.0;28.0;57.7;57.0;0;0;0;0;16326.41;11280.08;5046.33;32426.119
2026-06-29T09:19:47.782124+02:00;standby;24.7;37.3;5.0;28.0;57.7;57.0;0;0;0;0;16326.41;11280.08;5046.33;32426.119
2026-06-29T09:20:48.313989+02:00;standby;24.7;37.3;5.0;28.0;57.7;57.0;0;0;0;0;16326.41;11280.08;5046.33;32426.119
2026-06-29T09:21:48.959019+02:00;standby;24.7;37.3;5.0;28.0;57.7;57.0;0;0;0;0;16326.41;11280.08;5046.33;32426.119
2026-06-29T09:22:49.514812+02:00;standby;24.7;37.2;5.0;28.0;57.7;57.0;0;0;0;0;16326.41;11280.08;5046.33;32426.119
2026-06-29T09:23:50.086218+02:00;standby;24.7;37.2;5.0;28.0;57.7;57.0;0;0;0;0;16326.41;11280.08;5046.33;32426.119
2026-06-29T09:24:50.713704+02:00;standby;24.7;37.2;5.0;28.0;57.7;57.0;0;0;0;0;16326.41;11280.08;5046.33;32426.119
2026-06-29T09:25:51.416197+02:00;standby;24.7;37.0;5.0;28.0;57.6;57.0;0;0;0;0;16326.41;11280.08;5046.33;32426.119
2026-06-29T09:26:51.968037+02:00;standby;24.7;37.0;5.0;28.0;57.6;57.0;0;0;0;0;16326.41;11280.08;5046.33;32426.119
2026-06-29T09:27:52.479890+02:00;standby;25.1;37.0;5.0;28.0;57.6;57.0;0;0;0;0;16326.41;11280.08;5046.33;32426.119
2026-06-29T09:28:53.196902+02:00;standby;25.1;36.9;5.0;28.0;57.6;57.0;0;0;0;0;16326.41;11280.08;5046.33;32426.119
2026-06-29T09:29:53.708440+02:00;standby;25.1;36.9;5.0;28.0;57.6;57.0;0;0;0;0;16326.41;11280.08;5046.33;32426.119
2026-06-29T09:30:54.344239+02:00;standby;25.1;36.8;5.0;28.0;57.6;57.0;0;0;0;0;16326.41;11280.08;5046.33;32426.119
2026-06-29T09:31:55.107837+02:00;standby;25.1;36.8;5.0;28.0;57.6;57.0;0;0;0;0;16326.41;11280.08;5046.33;32426.119
2026-06-29T09:32:55.887358+02:00;standby;25.1;36.8;5.0;28.0;57.6;57.0;0;0;0;0;16326.41;11280.08;5046.33;32426.119
2026-06-29T09:33:56.403016+02:00;standby;25.1;36.8;5.0;28.0;57.6;57.0;0;0;0;0;16326.41;11280.08;5046.33;32426.119
2026-06-29T09:34:56.944714+02:00;standby;25.1;36.7;5.0;28.0;57.5;57.0;0;0;0;0;16326.41;11280.08;5046.33;32426.119
2026-06-29T09:35:58.874929+02:00;standby;25.1;36.7;5.0;28.0;57.5;57.0;0;0;0;0;16326.41;11280.08;5046.33;32426.119
2026-06-29T09:36:59.400762+02:00;standby;25.1;36.7;5.0;28.0;57.5;57.0;0;0;0;0;16326.41;11280.08;5046.33;32426.119
2026-06-29T09:38:00.438144+02:00;standby;25.1;36.7;5.0;28.0;57.5;57.0;0;0;0;0;16326.41;11280.08;5046.33;32426.119
2026-06-29T09:39:00.994817+02:00;standby;25.1;36.5;5.0;28.0;57.5;57.0;0;0;0;0;16326.41;11280.08;5046.33;32426.119
2026-06-29T09:40:01.470510+02:00;standby;25.1;36.5;5.0;28.0;57.5;57.0;0;0;0;0;16326.41;11280.08;5046.33;32426.119
2026-06-29T09:41:01.992433+02:00;standby;25.1;36.4;5.0;28.0;57.5;57.0;0;0;0;0;16326.41;11280.08;5046.33;32426.119
2026-06-29T09:42:02.512693+02:00;standby;25.1;36.4;5.0;28.0;57.4;57.0;0;0;0;0;16326.41;11280.08;5046.33;32426.119
2026-06-29T09:43:03.048316+02:00;standby;25.1;36.4;5.0;28.0;57.4;57.0;0;0;0;0;16326.41;11280.08;5046.33;32426.119
2026-06-29T09:44:03.539273+02:00;standby;25.1;36.3;5.0;28.0;57.4;57.0;0;0;0;0;16326.41;11280.08;5046.33;32426.119
2026-06-29T09:45:04.260378+02:00;standby;25.1;36.3;5.0;28.0;57.4;57.0;0;0;0;0;16326.41;11280.08;5046.33;32426.119
2026-06-29T09:46:04.916208+02:00;standby;25.1;36.3;5.0;28.0;57.4;57.0;0;0;0;0;16326.41;11280.08;5046.33;32426.119
2026-06-29T09:47:05.365920+02:00;standby;25.1;36.3;5.0;28.0;57.4;57.0;0;0;0;0;16326.41;11280.08;5046.33;32426.119
2026-06-29T09:48:05.826771+02:00;standby;25.1;36.2;5.0;28.0;57.4;57.0;0;0;0;0;16326.41;11280.08;5046.33;32426.119
2026-06-29T09:49:06.435650+02:00;standby;25.1;36.2;5.0;28.0;57.4;57.0;0;0;0;0;16326.41;11280.08;5046.33;32426.119
2026-06-29T09:50:07.120735+02:00;standby;25.1;36.2;5.0;28.0;57.4;57.0;0;0;0;0;16326.41;11280.08;5046.33;32426.119
2026-06-29T09:51:07.693170+02:00;standby;25.1;36.0;5.0;28.0;57.4;57.0;0;0;0;0;16326.41;11280.08;5046.33;32426.119
2026-06-29T09:52:08.297134+02:00;standby;25.1;36.0;5.0;28.0;57.4;57.0;0;0;0;0;16326.41;11280.08;5046.33;32426.119
2026-06-29T09:53:09.254912+02:00;standby;25.1;36.0;5.0;28.0;57.4;57.0;0;0;0;0;16326.41;11280.08;5046.33;32426.119
2026-06-29T09:54:09.864001+02:00;standby;25.1;35.9;5.0;28.0;57.3;57.0;0;0;0;0;16326.41;11280.08;5046.33;32426.119
2026-06-29T09:55:10.611412+02:00;standby;25.1;35.9;5.0;28.0;57.3;57.0;0;0;0;0;16326.41;11280.08;5046.33;32426.119
2026-06-29T09:56:11.312607+02:00;standby;25.1;35.9;5.0;28.0;57.3;57.0;0;0;0;0;16326.41;11280.08;5046.33;32426.119
2026-06-29T09:57:12.145860+02:00;standby;25.1;35.8;5.0;28.0;57.3;57.0;0;0;0;0;16326.41;11280.08;5046.33;32426.119
2026-06-29T09:58:12.767808+02:00;standby;25.1;35.8;5.0;28.0;57.3;57.0;0;0;0;0;16326.41;11280.08;5046.33;32426.119
2026-06-29T09:59:13.420283+02:00;standby;25.1;35.8;5.0;28.0;57.3;57.0;0;0;0;0;16326.41;11280.08;5046.33;32426.119
2026-06-29T10:00:14.202443+02:00;standby;25.1;35.8;5.0;28.0;57.3;57.0;0;0;0;0;16326.41;11280.08;5046.33;32426.119
2026-06-29T10:01:14.730242+02:00;standby;25.1;35.7;5.0;28.0;57.3;57.0;0;0;0;0;16326.41;11280.08;5046.33;32426.119
2026-06-29T10:02:15.258922+02:00;standby;25.1;35.7;5.0;28.0;57.3;57.0;0;0;0;0;16326.41;11280.08;5046.33;32426.119
2026-06-29T10:03:15.753064+02:00;standby;25.1;35.7;5.0;28.0;57.3;57.0;0;0;0;0;16326.41;11280.08;5046.33;32426.119
2026-06-29T10:04:16.268055+02:00;standby;25.1;35.6;5.0;28.0;57.3;57.0;0;0;0;0;16326.41;11280.08;5046.33;32426.119
2026-06-29T10:05:16.808815+02:00;standby;25.1;35.6;5.0;28.0;57.2;57.0;0;0;0;0;16326.41;11280.08;5046.33;32426.119
2026-06-29T10:06:17.362583+02:00;standby;25.1;35.6;5.0;28.0;57.2;57.0;0;0;0;0;16326.41;11280.08;5046.33;32426.119
2026-06-29T10:07:18.049521+02:00;standby;25.1;35.6;5.0;28.0;57.2;57.0;0;0;0;0;16326.41;11280.08;5046.33;32426.119
2026-06-29T10:08:18.548805+02:00;standby;25.1;35.4;5.0;28.0;57.2;57.0;0;0;0;0;16326.41;11280.08;5046.33;32426.119
2026-06-29T10:09:19.184041+02:00;standby;25.1;35.4;5.0;28.0;57.2;57.0;0;0;0;0;16326.41;11280.08;5046.33;32426.119
2026-06-29T10:10:19.718619+02:00;standby;25.1;35.4;5.0;28.0;57.2;57.0;0;0;0;0;16326.41;11280.08;5046.33;32426.119
2026-06-29T10:11:20.326450+02:00;standby;25.1;35.4;5.0;28.0;57.2;57.0;0;0;0;0;16326.41;11280.08;5046.33;32426.119
2026-06-29T10:12:20.961088+02:00;standby;25.1;35.3;5.0;28.0;57.2;57.0;0;0;0;0;16326.41;11280.08;5046.33;32426.119
2026-06-29T10:13:21.551583+02:00;standby;25.1;35.3;5.0;28.0;57.2;57.0;0;0;0;0;16326.41;11280.08;5046.33;32426.119
2026-06-29T10:14:22.237436+02:00;standby;25.1;35.3;5.0;28.0;57.2;57.0;0;0;0;0;16326.41;11280.08;5046.33;32426.119
2026-06-29T10:15:22.718012+02:00;standby;25.1;35.3;5.0;28.0;57.2;57.0;0;0;0;0;16326.41;11280.08;5046.33;32426.119
2026-06-29T10:16:23.235108+02:00;standby;25.1;35.2;5.0;28.0;57.2;57.0;0;0;0;0;16326.41;11280.08;5046.33;32426.119
2026-06-29T10:17:23.791341+02:00;standby;25.1;35.2;5.0;28.0;57.1;57.0;0;0;0;0;16326.41;11280.08;5046.33;32426.119
2026-06-29T10:18:24.252211+02:00;standby;25.1;35.2;5.0;28.0;57.1;57.0;0;0;0;0;16326.41;11280.08;5046.33;32426.119
2026-06-29T10:19:24.780284+02:00;standby;25.1;35.1;5.0;28.0;57.1;57.0;0;0;0;0;16326.41;11280.08;5046.33;32426.119
2026-06-29T10:20:25.637530+02:00;standby;25.1;35.1;5.0;28.0;57.1;57.0;0;0;0;0;16326.41;11280.08;5046.33;32426.119
2026-06-29T10:21:26.212652+02:00;standby;25.1;35.1;5.0;28.0;57.1;57.0;0;0;0;0;16326.41;11280.08;5046.33;32426.119
2026-06-29T10:22:26.735154+02:00;standby;25.1;35.1;5.0;28.0;57.1;57.0;0;0;0;0;16326.41;11280.08;5046.33;32426.119
2026-06-29T10:23:27.359640+02:00;standby;25.1;34.9;5.0;28.0;57.1;57.0;0;0;0;0;16326.41;11280.08;5046.33;32426.119
2026-06-29T10:24:27.878233+02:00;standby;25.1;34.9;5.0;28.0;57.1;57.0;0;0;0;0;16326.41;11280.08;5046.33;32426.119
2026-06-29T10:25:28.799938+02:00;standby;25.1;34.9;5.0;28.0;57.1;57.0;0;0;0;0;16326.41;11280.08;5046.33;32426.119
2026-06-29T10:26:29.428884+02:00;standby;25.1;34.9;5.0;28.0;57.1;57.0;0;0;0;0;16326.41;11280.08;5046.33;32426.119
2026-06-29T10:27:30.314093+02:00;standby;25.1;34.9;5.0;28.0;57.1;57.0;0;0;0;0;16326.41;11280.08;5046.33;32426.119
2026-06-29T10:28:31.005074+02:00;standby;25.7;34.8;5.0;28.0;57.1;57.0;0;0;0;0;16326.41;11280.08;5046.33;32426.119
2026-06-29T10:29:31.507398+02:00;standby;25.7;34.8;5.0;28.0;57.1;57.0;0;0;0;0;16326.41;11280.08;5046.33;32426.119
2026-06-29T10:30:32.233612+02:00;standby;25.7;34.8;5.0;28.0;56.9;57.0;0;0;0;0;16326.41;11280.08;5046.33;32426.119
2026-06-29T10:31:32.861872+02:00;standby;25.7;34.7;5.0;28.0;56.9;57.0;0;0;0;0;16326.41;11280.08;5046.33;32426.119
2026-06-29T10:32:33.566559+02:00;standby;25.7;34.7;5.0;28.0;56.9;57.0;0;0;0;0;16326.41;11280.08;5046.33;32426.119
2026-06-29T10:33:34.042888+02:00;standby;25.7;34.7;5.0;28.0;56.9;57.0;0;0;0;0;16326.41;11280.08;5046.33;32426.119
2026-06-29T10:34:34.609937+02:00;standby;25.7;34.7;5.0;28.0;56.9;57.0;0;0;0;0;16326.41;11280.08;5046.33;32426.119
2026-06-29T10:35:35.140260+02:00;standby;25.7;34.6;5.0;28.0;56.9;57.0;0;0;0;0;16326.41;11280.08;5046.33;32426.119
2026-06-29T10:36:35.773916+02:00;standby;25.7;34.6;5.0;28.0;56.9;57.0;0;0;0;0;16326.41;11280.08;5046.33;32426.119
2026-06-29T10:37:36.472128+02:00;standby;25.7;34.6;5.0;28.0;56.9;57.0;0;0;0;0;16326.41;11280.08;5046.33;32426.119
2026-06-29T10:38:37.117723+02:00;standby;25.7;34.6;5.0;28.0;56.9;57.0;0;0;0;0;16326.41;11280.08;5046.33;32426.119
2026-06-29T10:39:37.711439+02:00;standby;25.7;34.6;5.0;28.0;56.9;57.0;0;0;0;0;16326.41;11280.08;5046.33;32426.119
2026-06-29T10:40:38.452803+02:00;standby;25.7;34.4;5.0;28.0;56.9;57.0;0;0;0;0;16326.41;11280.08;5046.33;32426.119
2026-06-29T10:41:38.961857+02:00;standby;25.7;34.4;5.0;28.0;56.9;57.0;0;0;0;0;16326.41;11280.08;5046.33;32426.119
2026-06-29T10:42:39.570998+02:00;standby;25.7;34.4;5.0;28.0;56.9;57.0;0;0;0;0;16326.41;11280.08;5046.33;32426.119
2026-06-29T10:43:40.245246+02:00;standby;25.7;34.4;5.0;28.0;56.8;57.0;0;0;0;0;16326.41;11280.08;5046.33;32426.119
2026-06-29T10:44:40.865167+02:00;standby;25.7;34.3;5.0;28.0;56.8;57.0;0;0;0;0;16326.41;11280.08;5046.33;32426.119
2026-06-29T10:45:41.458395+02:00;standby;25.7;34.3;5.0;28.0;56.8;57.0;0;0;0;0;16326.41;11280.08;5046.33;32426.119
2026-06-29T10:46:42.010613+02:00;standby;25.7;34.3;5.0;28.0;56.8;57.0;0;0;0;0;16326.41;11280.08;5046.33;32426.119
2026-06-29T10:47:42.609874+02:00;standby;25.7;34.3;5.0;28.0;56.8;57.0;0;0;0;0;16326.41;11280.08;5046.33;32426.119
2026-06-29T10:48:43.222235+02:00;standby;25.7;34.2;5.0;28.0;56.8;57.0;0;0;0;0;16326.41;11280.08;5046.33;32426.119
2026-06-29T10:49:43.823354+02:00;standby;25.7;34.2;5.0;28.0;56.8;57.0;0;0;0;0;16326.41;11280.08;5046.33;32426.119
2026-06-29T10:50:44.686559+02:00;standby;25.7;34.2;5.0;28.0;56.8;57.0;0;0;0;0;16326.41;11280.08;5046.33;32426.119
2026-06-29T10:51:45.286921+02:00;standby;25.7;34.2;5.0;28.0;56.8;57.0;0;0;0;0;16326.41;11280.08;5046.33;32426.119
2026-06-29T10:52:45.791226+02:00;standby;25.7;34.1;5.0;28.0;56.8;57.0;0;0;0;0;16326.41;11280.08;5046.33;32426.119
2026-06-29T10:53:46.720737+02:00;standby;25.7;34.1;5.0;28.0;56.8;57.0;0;0;0;0;16326.41;11280.08;5046.33;32426.119
2026-06-29T10:54:47.357065+02:00;standby;25.7;34.1;5.0;28.0;56.7;57.0;0;0;0;0;16326.41;11280.08;5046.33;32426.119
2026-06-29T10:55:47.900084+02:00;standby;25.7;34.1;5.0;28.0;56.7;57.0;0;0;0;0;16326.41;11280.08;5046.33;32426.119
2026-06-29T10:56:48.482139+02:00;standby;25.7;34.1;5.0;28.0;56.7;57.0;0;0;0;0;16326.41;11280.08;5046.33;32426.119
2026-06-29T10:57:49.109505+02:00;standby;25.7;34.0;5.0;28.0;56.7;57.0;0;0;0;0;16326.41;11280.08;5046.33;32426.119
2026-06-29T10:58:49.742130+02:00;standby;25.7;34.0;5.0;28.0;56.7;57.0;0;0;0;0;16326.41;11280.08;5046.33;32426.119
2026-06-29T10:59:50.596047+02:00;standby;25.7;34.0;5.0;28.0;56.7;57.0;0;0;0;0;16326.41;11280.08;5046.33;32426.119
2026-06-29T11:00:51.432638+02:00;standby;25.7;34.0;5.0;28.0;56.7;57.0;0;0;0;0;16326.41;11280.08;5046.33;32426.119
2026-06-29T11:01:51.914077+02:00;standby;25.7;34.0;5.0;28.0;56.7;57.0;0;0;0;0;16326.41;11280.08;5046.33;32426.119
2026-06-29T11:02:52.518607+02:00;standby;25.7;34.0;5.0;28.0;56.7;57.0;0;0;0;0;16326.41;11280.08;5046.33;32426.119
2026-06-29T11:03:52.988024+02:00;standby;25.7;33.8;5.0;28.0;56.7;57.0;0;0;0;0;16326.41;11280.08;5046.33;32426.119
2026-06-29T11:04:53.421719+02:00;standby;25.7;33.8;5.0;28.0;56.7;57.0;0;0;0;0;16326.41;11280.08;5046.33;32426.119
2026-06-29T11:05:54.008560+02:00;standby;25.7;33.8;5.0;28.0;56.7;57.0;0;0;0;0;16326.41;11280.08;5046.33;32426.119
2026-06-29T11:06:54.735858+02:00;standby;25.7;33.7;5.0;28.0;56.7;57.0;0;0;0;0;16326.41;11280.08;5046.33;32426.119
2026-06-29T11:07:55.360929+02:00;standby;25.7;33.7;5.0;28.0;56.7;57.0;0;0;0;0;16326.41;11280.08;5046.33;32426.119
2026-06-29T11:08:55.890163+02:00;standby;25.7;33.7;5.0;28.0;56.6;57.0;0;0;0;0;16326.41;11280.08;5046.33;32426.119
2026-06-29T11:09:56.777348+02:00;standby;25.7;33.7;5.0;28.0;56.6;57.0;0;0;0;0;16326.41;11280.08;5046.33;32426.119
2026-06-29T11:10:57.416830+02:00;standby;25.7;33.7;5.0;28.0;56.6;57.0;0;0;0;0;16326.41;11280.08;5046.33;32426.119
2026-06-29T11:11:57.947712+02:00;standby;25.7;33.7;5.0;28.0;56.6;57.0;0;0;0;0;16326.41;11280.08;5046.33;32426.119
2026-06-29T11:12:58.462459+02:00;standby;25.7;33.6;5.0;28.0;56.6;57.0;0;0;0;0;16326.41;11280.08;5046.33;32426.119
2026-06-29T11:13:59.172296+02:00;standby;25.7;33.6;5.0;28.0;56.6;57.0;0;0;0;0;16326.41;11280.08;5046.33;32426.119
2026-06-29T11:15:00.612792+02:00;standby;25.7;33.6;5.0;28.0;56.6;57.0;0;0;0;0;16326.41;11280.08;5046.33;32426.119
2026-06-29T11:16:01.464796+02:00;standby;25.7;33.6;5.0;28.0;56.6;57.0;0;0;0;0;16326.41;11280.08;5046.33;32426.119
2026-06-29T11:17:02.250178+02:00;standby;25.7;33.5;5.0;28.0;56.5;57.0;0;0;0;0;16326.41;11280.08;5046.33;32426.119
2026-06-29T11:18:02.717465+02:00;standby;25.7;33.5;5.0;28.0;56.5;57.0;0;0;0;0;16326.41;11280.08;5046.33;32426.119
2026-06-29T11:19:03.702966+02:00;standby;25.7;33.5;5.0;28.0;56.5;57.0;0;0;0;0;16326.41;11280.08;5046.33;32426.119
2026-06-29T11:20:04.630384+02:00;standby;25.7;33.5;5.0;28.0;56.5;57.0;0;0;0;0;16326.41;11280.08;5046.33;32426.119
2026-06-29T11:21:05.152978+02:00;standby;25.7;33.5;5.0;28.0;56.5;57.0;0;0;0;0;16326.41;11280.08;5046.33;32426.119
2026-06-29T11:22:05.765979+02:00;standby;25.7;33.3;5.0;28.0;56.5;57.0;0;0;0;0;16326.41;11280.08;5046.33;32426.119
2026-06-29T11:23:06.291036+02:00;standby;25.7;33.3;5.0;28.0;56.5;57.0;0;0;0;0;16326.41;11280.08;5046.33;32426.119
2026-06-29T11:24:06.907368+02:00;standby;25.7;33.3;5.0;28.0;56.5;57.0;0;0;0;0;16326.41;11280.08;5046.33;32426.119
2026-06-29T11:25:07.383765+02:00;standby;25.7;33.3;5.0;28.0;56.5;57.0;0;0;0;0;16326.41;11280.08;5046.33;32426.119
2026-06-29T11:26:07.948934+02:00;standby;25.7;33.3;5.0;28.0;56.5;57.0;0;0;0;0;16326.41;11280.08;5046.33;32426.119
2026-06-29T11:27:08.469222+02:00;standby;25.7;33.2;5.0;28.0;56.5;57.0;0;0;0;0;16326.41;11280.08;5046.33;32426.119
2026-06-29T11:28:09.017479+02:00;standby;25.7;33.2;5.0;28.0;56.5;57.0;0;0;0;0;16326.41;11280.08;5046.33;32426.119
2026-06-29T11:29:09.518821+02:00;standby;27.6;33.2;5.0;28.0;56.4;57.0;0;0;0;0;16326.41;11280.08;5046.33;32426.119
2026-06-29T11:30:10.270757+02:00;standby;27.6;33.2;5.0;28.0;56.4;57.0;0;0;0;0;16326.41;11280.08;5046.33;32426.119
2026-06-29T11:31:11.411270+02:00;standby;27.6;33.2;5.0;28.0;56.4;57.0;0;0;0;0;16326.41;11280.08;5046.33;32426.119
2026-06-29T11:32:11.914704+02:00;standby;27.6;33.1;5.0;28.0;56.4;57.0;0;0;0;0;16326.41;11280.08;5046.33;32426.119
2026-06-29T11:33:12.516557+02:00;standby;27.6;33.1;5.0;28.0;56.4;57.0;0;0;0;0;16326.41;11280.08;5046.33;32426.119
2026-06-29T11:34:12.969838+02:00;standby;27.6;33.1;5.0;28.0;56.4;57.0;0;0;0;0;16326.41;11280.08;5046.33;32426.119
2026-06-29T11:35:13.434984+02:00;standby;27.6;33.1;5.0;28.0;56.4;57.0;0;0;0;0;16326.41;11280.08;5046.33;32426.119
2026-06-29T11:36:14.088965+02:00;standby;27.6;33.1;5.0;28.0;56.4;57.0;0;0;0;0;16326.41;11280.08;5046.33;32426.119
2026-06-29T11:37:14.611508+02:00;standby;27.6;33.1;5.0;28.0;56.4;57.0;0;0;0;0;16326.41;11280.08;5046.33;32426.119
2026-06-29T11:38:15.239145+02:00;standby;27.6;33.1;5.0;28.0;56.4;57.0;0;0;0;0;16326.41;11280.08;5046.33;32426.119
2026-06-29T11:39:15.740407+02:00;standby;27.6;33.0;5.0;28.0;56.3;57.0;0;0;0;0;16326.41;11280.08;5046.33;32426.119
2026-06-29T11:40:17.832920+02:00;standby;27.6;33.0;5.0;28.0;56.3;57.0;0;0;0;0;16326.41;11280.08;5046.33;32426.119
2026-06-29T11:41:18.294188+02:00;standby;27.6;33.0;5.0;28.0;56.3;57.0;0;0;0;0;16326.41;11280.08;5046.33;32426.119
2026-06-29T11:42:18.907634+02:00;standby;27.6;33.0;5.0;28.0;56.3;57.0;0;0;0;0;16326.41;11280.08;5046.33;32426.119
2026-06-29T11:43:19.435577+02:00;standby;27.6;33.0;5.0;28.0;56.3;57.0;0;0;0;0;16326.41;11280.08;5046.33;32426.119
2026-06-29T11:44:19.860587+02:00;standby;27.6;32.8;5.0;28.0;56.3;57.0;0;0;0;0;16326.41;11280.08;5046.33;32426.119
2026-06-29T11:45:20.525876+02:00;standby;27.6;32.8;5.0;28.0;56.3;57.0;0;0;0;0;16326.41;11280.08;5046.33;32426.119
2026-06-29T11:46:20.953770+02:00;standby;27.6;32.8;5.0;28.0;56.3;57.0;0;0;0;0;16326.41;11280.08;5046.33;32426.119
2026-06-29T11:47:21.440073+02:00;standby;27.6;32.8;5.0;28.0;56.2;57.0;0;0;0;0;16326.41;11280.08;5046.33;32426.119
2026-06-29T11:48:21.887462+02:00;standby;27.6;32.8;5.0;28.0;56.3;57.0;0;0;0;0;16326.41;11280.08;5046.33;32426.119
2026-06-29T11:49:22.398630+02:00;standby;27.6;32.8;5.0;28.0;56.2;57.0;0;0;0;0;16326.41;11280.08;5046.33;32426.119
2026-06-29T11:50:22.818364+02:00;standby;27.6;32.8;5.0;28.0;56.2;57.0;0;0;0;0;16326.41;11280.08;5046.33;32426.119
2026-06-29T11:51:23.281052+02:00;standby;27.6;32.7;5.0;28.0;56.2;57.0;0;0;0;0;16326.41;11280.08;5046.33;32426.119
2026-06-29T11:52:23.694505+02:00;standby;27.6;32.7;5.0;28.0;56.2;57.0;0;0;0;0;16326.41;11280.08;5046.33;32426.119
2026-06-29T11:53:24.217325+02:00;standby;27.6;32.7;5.0;28.0;56.2;57.0;0;0;0;0;16326.41;11280.08;5046.33;32426.119
2026-06-29T11:54:24.643321+02:00;standby;27.6;32.7;5.0;28.0;56.2;57.0;0;0;0;0;16326.41;11280.08;5046.33;32426.119
2026-06-29T11:55:25.184631+02:00;standby;27.6;32.7;5.0;28.0;56.2;57.0;0;0;0;0;16326.41;11280.08;5046.33;32426.119
2026-06-29T11:56:25.707558+02:00;standby;27.6;32.6;5.0;28.0;56.2;57.0;0;0;0;0;16326.41;11280.08;5046.33;32426.119
2026-06-29T11:57:26.244433+02:00;standby;27.6;32.6;5.0;28.0;56.2;57.0;0;0;0;0;16326.41;11280.08;5046.33;32426.119
2026-06-29T11:58:27.886265+02:00;standby;27.6;32.6;5.0;28.0;56.1;57.0;0;0;0;0;16326.41;11280.08;5046.33;32426.119
2026-06-29T11:59:28.618875+02:00;standby;27.6;32.6;5.0;28.0;56.1;57.0;0;0;0;0;16326.41;11280.08;5046.33;32426.119
2026-06-29T12:00:29.103441+02:00;standby;27.6;32.6;5.0;28.0;56.1;57.0;0;0;0;0;16326.41;11280.08;5046.33;32426.119
2026-06-29T12:01:29.706697+02:00;standby;27.6;32.6;5.0;28.0;56.1;57.0;0;0;0;0;16326.41;11280.08;5046.33;32426.119
2026-06-29T12:02:30.480968+02:00;standby;27.6;32.6;5.0;28.0;56.1;57.0;0;0;0;0;16326.41;11280.08;5046.33;32426.119
2026-06-29T12:03:30.906155+02:00;standby;27.6;32.5;5.0;28.0;56.1;57.0;0;0;0;0;16326.41;11280.08;5046.33;32426.119
2026-06-29T12:04:31.843026+02:00;standby;27.6;32.5;5.0;28.0;56.1;57.0;0;0;0;0;16326.41;11280.08;5046.33;32426.119
2026-06-29T12:05:32.307628+02:00;standby;27.6;32.5;5.0;28.0;56.0;57.0;0;0;0;0;16326.41;11280.08;5046.33;32426.119
2026-06-29T12:06:32.762851+02:00;standby;27.6;32.5;5.0;28.0;56.0;57.0;0;0;0;0;16326.41;11280.08;5046.33;32426.119
2026-06-29T12:07:33.262118+02:00;standby;27.6;32.5;5.0;28.0;56.0;57.0;0;0;0;0;16326.41;11280.08;5046.33;32426.119
2026-06-29T12:08:33.698819+02:00;standby;27.6;32.5;5.0;28.0;56.0;57.0;0;0;0;0;16326.41;11280.08;5046.33;32426.119
2026-06-29T12:09:34.332890+02:00;standby;27.6;32.3;5.0;28.0;56.0;57.0;0;0;0;0;16326.41;11280.08;5046.33;32426.119
2026-06-29T12:10:35.124443+02:00;standby;27.6;32.3;5.0;28.0;56.0;57.0;0;0;0;0;16326.41;11280.08;5046.33;32426.119
2026-06-29T12:11:35.612400+02:00;standby;27.6;32.3;5.0;28.0;56.0;57.0;0;0;0;0;16326.41;11280.08;5046.33;32426.119
2026-06-29T12:12:36.487710+02:00;standby;27.6;32.3;5.0;28.0;56.0;57.0;0;0;0;0;16326.41;11280.08;5046.33;32426.119
2026-06-29T12:13:36.966431+02:00;standby;27.6;32.3;5.0;28.0;56.0;57.0;0;0;0;0;16326.41;11280.08;5046.33;32426.119
2026-06-29T12:14:37.392236+02:00;standby;27.6;32.3;5.0;28.0;56.0;57.0;0;0;0;0;16326.41;11280.08;5046.33;32426.119
2026-06-29T12:15:38.002197+02:00;standby;27.6;32.3;5.0;28.0;56.0;57.0;0;0;0;0;16326.41;11280.08;5046.33;32426.119
2026-06-29T12:16:38.518780+02:00;standby;27.6;32.2;5.0;28.0;55.9;57.0;0;0;0;0;16326.41;11280.08;5046.33;32426.119
2026-06-29T12:17:39.070499+02:00;standby;27.6;32.2;5.0;28.0;55.9;57.0;0;0;0;0;16326.41;11280.08;5046.33;32426.119
2026-06-29T12:18:40.204213+02:00;standby;27.6;32.2;5.0;28.0;55.9;57.0;0;0;0;0;16326.41;11280.08;5046.33;32426.119
2026-06-29T12:19:42.126421+02:00;standby;27.6;32.2;5.0;28.0;55.9;57.0;0;0;0;0;16326.41;11280.08;5046.33;32426.119
2026-06-29T12:20:42.741547+02:00;standby;27.6;32.2;5.0;28.0;55.9;57.0;0;0;0;0;16326.41;11280.08;5046.33;32426.119
2026-06-29T12:21:43.369842+02:00;standby;27.6;32.2;5.0;28.0;55.9;57.0;0;0;0;0;16326.41;11280.08;5046.33;32426.119
2026-06-29T12:22:44.151868+02:00;standby;27.6;32.1;5.0;28.0;55.9;57.0;0;0;0;0;16326.41;11280.08;5046.33;32426.119
2026-06-29T12:23:44.609655+02:00;standby;27.6;32.1;5.0;28.0;55.9;57.0;0;0;0;0;16326.41;11280.08;5046.33;32426.119
2026-06-29T12:24:45.144226+02:00;standby;27.6;32.1;5.0;28.0;55.9;57.0;0;0;0;0;16326.41;11280.08;5046.33;32426.119
2026-06-29T12:25:45.644861+02:00;standby;27.6;32.1;5.0;28.0;55.9;57.0;0;0;0;0;16326.41;11280.08;5046.33;32426.119
2026-06-29T12:26:46.372286+02:00;standby;27.6;32.1;5.0;28.0;55.9;57.0;0;0;0;0;16326.41;11280.08;5046.33;32426.119
2026-06-29T12:27:47.016332+02:00;standby;27.6;32.1;5.0;28.0;55.8;57.0;0;0;0;0;16326.41;11280.08;5046.33;32426.119
2026-06-29T12:28:47.459029+02:00;standby;27.6;32.1;5.0;28.0;55.8;57.0;0;0;0;0;16326.41;11280.08;5046.33;32426.119
2026-06-29T12:29:47.982034+02:00;standby;28.8;32.0;5.0;28.0;55.8;57.0;0;0;0;0;16326.41;11280.08;5046.33;32426.119
2026-06-29T12:30:48.584683+02:00;standby;28.8;32.0;5.0;28.0;55.8;57.0;0;0;0;0;16326.41;11280.08;5046.33;32426.119
2026-06-29T12:31:49.019205+02:00;standby;28.8;32.0;5.0;28.0;55.8;57.0;0;0;0;0;16326.41;11280.08;5046.33;32426.119
2026-06-29T12:32:49.639413+02:00;standby;28.8;32.0;5.0;28.0;55.8;57.0;0;0;0;0;16326.41;11280.08;5046.33;32426.119
2026-06-29T12:33:50.545636+02:00;standby;28.8;32.0;5.0;28.0;55.8;57.0;0;0;0;0;16326.41;11280.08;5046.33;32426.119
2026-06-29T12:34:51.031175+02:00;standby;28.8;32.0;5.0;28.0;55.8;57.0;0;0;0;0;16326.41;11280.08;5046.33;32426.119
2026-06-29T12:35:51.458752+02:00;standby;28.8;32.0;5.0;28.0;55.7;57.0;0;0;0;0;16326.41;11280.08;5046.33;32426.119
2026-06-29T12:36:52.114055+02:00;standby;28.8;32.0;5.0;28.0;55.7;57.0;0;0;0;0;16326.41;11280.08;5046.33;32426.119
2026-06-29T12:37:52.561288+02:00;standby;28.8;31.9;5.0;28.0;55.7;57.0;0;0;0;0;16326.41;11280.08;5046.33;32426.119
2026-06-29T12:38:52.967896+02:00;standby;28.8;31.9;5.0;28.0;55.7;57.0;0;0;0;0;16326.41;11280.08;5046.33;32426.119
2026-06-29T12:39:53.837168+02:00;standby;28.8;31.9;5.0;28.0;55.6;57.0;0;0;0;0;16326.41;11280.08;5046.33;32426.119
2026-06-29T12:40:54.283763+02:00;standby;28.8;31.9;5.0;28.0;55.6;57.0;0;0;0;0;16326.41;11280.08;5046.33;32426.119
2026-06-29T12:41:54.813419+02:00;standby;28.8;31.9;5.0;28.0;55.6;57.0;0;0;0;0;16326.41;11280.08;5046.33;32426.119
2026-06-29T12:42:55.238652+02:00;standby;28.8;31.9;5.0;28.0;55.6;57.0;0;0;0;0;16326.41;11280.08;5046.33;32426.119
2026-06-29T12:43:55.648855+02:00;standby;28.8;31.9;5.0;28.0;55.6;57.0;0;0;0;0;16326.41;11280.08;5046.33;32426.119
2026-06-29T12:44:56.257627+02:00;standby;28.8;31.7;5.0;28.0;55.6;57.0;0;0;0;0;16326.41;11280.08;5046.33;32426.119
2026-06-29T12:45:56.716182+02:00;standby;28.8;31.7;5.0;28.0;55.6;57.0;0;0;0;0;16326.41;11280.08;5046.33;32426.119
2026-06-29T12:46:57.193935+02:00;standby;28.8;31.7;5.0;28.0;55.6;57.0;0;0;0;0;16326.41;11280.08;5046.33;32426.119
2026-06-29T12:47:57.988227+02:00;standby;28.8;31.7;5.0;28.0;55.6;57.0;0;0;0;0;16326.41;11280.08;5046.33;32426.119
2026-06-29T12:48:58.517357+02:00;standby;28.8;31.7;5.0;28.0;55.6;57.0;0;0;0;0;16326.41;11280.08;5046.33;32426.119
2026-06-29T12:49:59.072987+02:00;standby;28.8;31.7;5.0;28.0;55.5;57.0;0;0;0;0;16326.41;11280.08;5046.33;32426.119
2026-06-29T12:50:59.669390+02:00;standby;28.8;31.6;5.0;28.0;55.5;57.0;0;0;0;0;16326.41;11280.08;5046.33;32426.119
2026-06-29T12:52:00.384158+02:00;standby;28.8;31.6;5.0;28.0;55.5;57.0;0;0;0;0;16326.41;11280.08;5046.33;32426.119
2026-06-29T12:53:01.005658+02:00;standby;28.8;31.6;5.0;28.0;55.5;57.0;0;0;0;0;16326.41;11280.08;5046.33;32426.119
2026-06-29T12:54:01.651280+02:00;standby;28.8;31.6;5.0;28.0;55.5;57.0;0;0;0;0;16326.41;11280.08;5046.33;32426.119
2026-06-29T12:55:02.340217+02:00;standby;28.8;31.6;5.0;28.0;55.5;57.0;0;0;0;0;16326.41;11280.08;5046.33;32426.119
2026-06-29T12:56:02.808659+02:00;standby;28.8;31.6;5.0;28.0;55.5;57.0;0;0;0;0;16326.41;11280.08;5046.33;32426.119
2026-06-29T12:57:04.236871+02:00;standby;28.8;31.6;5.0;28.0;55.5;57.0;0;0;0;0;16326.41;11280.08;5046.33;32426.119
2026-06-29T12:58:04.862039+02:00;standby;28.8;31.6;5.0;28.0;55.5;57.0;0;0;0;0;16326.41;11280.08;5046.33;32426.119
2026-06-29T12:59:05.349124+02:00;standby;28.8;31.6;5.0;28.0;55.5;57.0;0;0;0;0;16326.41;11280.08;5046.33;32426.119
2026-06-29T13:00:05.968895+02:00;standby;28.8;31.6;5.0;28.0;55.4;57.0;0;0;0;0;16326.41;11280.08;5046.33;32426.119
2026-06-29T13:01:06.504474+02:00;standby;28.8;31.5;5.0;28.0;55.4;57.0;0;0;0;0;16326.41;11280.08;5046.33;32426.119
2026-06-29T13:02:07.444514+02:00;standby;28.8;31.5;5.0;28.0;55.4;57.0;0;0;0;0;16326.41;11280.08;5046.33;32426.119
2026-06-29T13:03:07.938280+02:00;standby;28.8;31.5;5.0;28.0;55.4;57.0;0;0;0;0;16326.41;11280.08;5046.33;32426.119
2026-06-29T13:04:08.361419+02:00;standby;28.8;31.5;5.0;28.0;55.4;57.0;0;0;0;0;16326.41;11280.08;5046.33;32426.119
2026-06-29T13:05:09.119093+02:00;standby;28.8;31.5;5.0;28.0;55.4;57.0;0;0;0;0;16326.41;11280.08;5046.33;32426.119
2026-06-29T13:06:09.920583+02:00;standby;28.8;31.5;5.0;28.0;55.4;57.0;0;0;0;0;16326.41;11280.08;5046.33;32426.119
2026-06-29T13:07:10.454577+02:00;standby;28.8;31.5;5.0;28.0;55.4;57.0;0;0;0;0;16326.41;11280.08;5046.33;32426.119
2026-06-29T13:08:11.485146+02:00;standby;28.8;31.5;5.0;28.0;55.4;57.0;0;0;0;0;16326.41;11280.08;5046.33;32426.119
2026-06-29T13:09:12.006159+02:00;standby;28.8;31.4;5.0;28.0;55.3;57.0;0;0;0;0;16326.41;11280.08;5046.33;32426.119
2026-06-29T13:10:12.521483+02:00;standby;28.8;31.4;5.0;28.0;55.3;57.0;0;0;0;0;16326.41;11280.08;5046.33;32426.119
2026-06-29T13:11:13.276797+02:00;standby;28.8;31.4;5.0;28.0;55.2;57.0;0;0;0;0;16326.41;11280.08;5046.33;32426.119
2026-06-29T13:12:13.744822+02:00;standby;28.8;31.4;5.0;28.0;55.1;57.0;0;0;0;0;16326.41;11280.08;5046.33;32426.119
2026-06-29T13:13:14.477116+02:00;standby;28.8;31.4;5.0;28.0;55.1;57.0;0;0;0;0;16326.41;11280.08;5046.33;32426.119
2026-06-29T13:14:14.890935+02:00;standby;28.8;31.4;5.0;28.0;54.9;57.0;0;0;0;0;16326.41;11280.08;5046.33;32426.119
2026-06-29T13:15:15.403345+02:00;standby;28.8;31.2;5.0;28.0;54.9;57.0;0;0;0;0;16326.41;11280.08;5046.33;32426.119
2026-06-29T13:16:16.881886+02:00;standby;28.8;31.2;5.0;28.0;54.9;57.0;0;0;0;0;16326.41;11280.08;5046.33;32426.119
2026-06-29T13:17:17.791394+02:00;standby;28.8;31.2;5.0;28.0;54.9;57.0;0;0;0;0;16326.41;11280.08;5046.33;32426.119
2026-06-29T13:18:18.313221+02:00;standby;28.8;31.2;5.0;28.0;54.9;57.0;0;0;0;0;16326.41;11280.08;5046.33;32426.119
2026-06-29T13:19:18.863048+02:00;standby;28.8;31.2;5.0;28.0;54.8;57.0;0;0;0;0;16326.41;11280.08;5046.33;32426.119
2026-06-29T13:20:19.373614+02:00;standby;28.8;31.2;5.0;28.0;54.8;57.0;0;0;0;0;16326.41;11280.08;5046.33;32426.119
2026-06-29T13:21:20.111533+02:00;standby;28.8;31.1;5.0;28.0;54.8;57.0;0;0;0;0;16326.41;11280.08;5046.33;32426.119
2026-06-29T13:22:20.566874+02:00;standby;28.8;31.1;5.0;28.0;54.8;57.0;0;0;0;0;16326.41;11280.08;5046.33;32426.119
2026-06-29T13:23:21.021451+02:00;standby;28.8;31.1;5.0;28.0;54.8;57.0;0;0;0;0;16326.41;11280.08;5046.33;32426.119
2026-06-29T13:24:21.598702+02:00;standby;28.8;31.1;5.0;28.0;54.8;57.0;0;0;0;0;16326.41;11280.08;5046.33;32426.119
2026-06-29T13:25:22.457178+02:00;standby;28.8;31.1;5.0;28.0;54.8;57.0;0;0;0;0;16326.41;11280.08;5046.33;32426.119
2026-06-29T13:26:23.274110+02:00;standby;28.8;31.1;5.0;28.0;54.8;57.0;0;0;0;0;16326.41;11280.08;5046.33;32426.119
2026-06-29T13:26:44.085453+02:00;standby;28.5;31.1;5.0;28.0;54.8;57.0;0;0;0;0;16326.41;11280.08;5046.33;32426.119
2026-06-29T13:27:44.593288+02:00;standby;28.5;31.1;5.0;28.0;54.8;57.0;0;0;0;0;16326.41;11280.08;5046.33;32426.119
2026-06-29T13:28:45.045640+02:00;standby;28.5;31.1;5.0;28.0;54.7;57.0;0;0;0;0;16326.41;11280.08;5046.33;32426.119
2026-06-29T13:29:45.516638+02:00;standby;28.5;31.1;5.0;28.0;54.7;57.0;0;0;0;0;16326.41;11280.08;5046.33;32426.119
2026-06-29T13:30:46.424242+02:00;standby;28.5;31.0;5.0;28.0;54.7;57.0;0;0;0;0;16326.41;11280.08;5046.33;32426.119
2026-06-29T13:31:47.056786+02:00;standby;28.5;31.0;5.0;28.0;54.7;57.0;0;0;0;0;16326.41;11280.08;5046.33;32426.119
2026-06-29T13:32:47.468434+02:00;standby;28.5;31.0;5.0;28.0;54.7;57.0;0;0;0;0;16326.41;11280.08;5046.33;32426.119
2026-06-29T13:33:47.990842+02:00;standby;28.5;31.0;5.0;28.0;54.6;57.0;0;0;0;0;16326.41;11280.08;5046.33;32426.119
2026-06-29T13:34:49.359448+02:00;standby;28.5;31.0;5.0;28.0;54.6;57.0;0;0;0;0;16326.41;11280.08;5046.33;32426.119
2026-06-29T13:35:49.852986+02:00;standby;28.5;31.0;5.0;28.0;54.6;57.0;0;0;0;0;16326.41;11280.08;5046.33;32426.119
2026-06-29T13:36:50.475618+02:00;standby;28.5;31.0;5.0;28.0;54.6;57.0;0;0;0;0;16326.41;11280.08;5046.33;32426.119
2026-06-29T13:37:51.004850+02:00;standby;28.5;30.9;5.0;28.0;54.5;57.0;0;0;0;0;16326.41;11280.08;5046.33;32426.119
2026-06-29T13:38:51.421415+02:00;standby;28.5;30.9;5.0;28.0;54.5;57.0;0;0;0;0;16326.41;11280.08;5046.33;32426.119
2026-06-29T13:39:51.883577+02:00;standby;28.5;30.9;5.0;28.0;54.5;57.0;0;0;0;0;16326.41;11280.08;5046.33;32426.119
2026-06-29T13:40:52.505723+02:00;standby;28.5;30.9;5.0;28.0;54.5;57.0;0;0;0;0;16326.41;11280.08;5046.33;32426.119
2026-06-29T13:41:53.071056+02:00;standby;28.5;30.9;5.0;28.0;54.5;57.0;0;0;0;0;16326.41;11280.08;5046.33;32426.119
2026-06-29T13:42:53.643157+02:00;standby;28.5;30.9;5.0;28.0;54.5;57.0;0;0;0;0;16326.41;11280.08;5046.33;32426.119
2026-06-29T13:43:54.609524+02:00;standby;28.5;30.9;5.0;28.0;54.5;57.0;0;0;0;0;16326.41;11280.08;5046.33;32426.119
2026-06-29T13:44:55.067280+02:00;standby;28.5;30.7;5.0;28.0;54.5;57.0;0;0;0;0;16326.41;11280.08;5046.33;32426.119
2026-06-29T13:45:55.503206+02:00;standby;28.5;30.7;5.0;28.0;54.5;57.0;0;0;0;0;16326.41;11280.08;5046.33;32426.119
2026-06-29T13:46:56.293349+02:00;standby;28.5;30.7;5.0;28.0;54.5;57.0;0;0;0;0;16326.41;11280.08;5046.33;32426.119
2026-06-29T13:47:57.118587+02:00;standby;28.5;30.7;5.0;28.0;54.4;57.0;0;0;0;0;16326.41;11280.08;5046.33;32426.119
2026-06-29T13:48:58.030634+02:00;standby;28.5;30.7;5.0;28.0;54.4;57.0;0;0;0;0;16326.41;11280.08;5046.33;32426.119
2026-06-29T13:49:58.975975+02:00;standby;28.5;30.6;5.0;28.0;54.4;57.0;0;0;0;0;16326.41;11280.08;5046.33;32426.119
2026-06-29T13:50:59.921768+02:00;standby;28.5;30.6;5.0;28.0;54.4;57.0;0;0;0;0;16326.41;11280.08;5046.33;32426.119
2026-06-29T13:52:00.674114+02:00;standby;28.5;30.6;5.0;28.0;54.4;57.0;0;0;0;0;16326.41;11280.08;5046.33;32426.119
2026-06-29T13:53:01.466500+02:00;standby;28.5;30.6;5.0;28.0;54.3;57.0;0;0;0;0;16326.41;11280.08;5046.33;32426.119
2026-06-29T13:54:01.917158+02:00;standby;28.5;30.6;5.0;28.0;54.3;57.0;0;0;0;0;16326.41;11280.08;5046.33;32426.119
2026-06-29T13:55:02.400062+02:00;standby;28.5;30.6;5.0;28.0;54.3;57.0;0;0;0;0;16326.41;11280.08;5046.33;32426.119
2026-06-29T13:56:03.022249+02:00;standby;28.5;30.6;5.0;28.0;54.3;57.0;0;0;0;0;16326.41;11280.08;5046.33;32426.119
2026-06-29T13:57:03.571684+02:00;standby;28.5;30.5;5.0;28.0;54.3;57.0;0;0;0;0;16326.41;11280.08;5046.33;32426.119
2026-06-29T13:58:04.039614+02:00;standby;28.5;30.5;5.0;28.0;54.3;57.0;0;0;0;0;16326.41;11280.08;5046.33;32426.119
2026-06-29T13:59:04.512786+02:00;standby;28.5;30.5;5.0;28.0;54.3;57.0;0;0;0;0;16326.41;11280.08;5046.33;32426.119
2026-06-29T14:00:04.992074+02:00;standby;28.5;30.5;5.0;28.0;54.3;57.0;0;0;0;0;16326.41;11280.08;5046.33;32426.119
2026-06-29T14:01:07.545250+02:00;standby;28.5;30.5;5.0;28.0;54.3;57.0;0;0;0;0;16326.41;11280.08;5046.33;32426.119
2026-06-29T14:02:08.109525+02:00;standby;28.5;30.5;5.0;28.0;54.2;57.0;0;0;0;0;16326.41;11280.08;5046.33;32426.119
2026-06-29T14:03:09.346260+02:00;standby;28.5;30.5;5.0;28.0;54.2;57.0;0;0;0;0;16326.41;11280.08;5046.33;32426.119
2026-06-29T14:04:10.268038+02:00;standby;28.5;30.5;5.0;28.0;54.2;57.0;0;0;0;0;16326.41;11280.08;5046.33;32426.119
2026-06-29T14:05:11.289595+02:00;standby;28.5;30.4;5.0;28.0;54.2;57.0;0;0;0;0;16326.41;11280.08;5046.33;32426.119
2026-06-29T14:06:11.797643+02:00;standby;28.5;30.4;5.0;28.0;54.2;57.0;0;0;0;0;16326.41;11280.08;5046.33;32426.119
2026-06-29T14:07:12.407506+02:00;standby;28.5;30.4;5.0;28.0;54.2;57.0;0;0;0;0;16326.41;11280.08;5046.33;32426.119
2026-06-29T14:08:12.866286+02:00;standby;28.5;30.4;5.0;28.0;54.2;57.0;0;0;0;0;16326.41;11280.08;5046.33;32426.119
2026-06-29T14:09:13.341206+02:00;standby;28.5;30.4;5.0;28.0;54.2;57.0;0;0;0;0;16326.41;11280.08;5046.33;32426.119
2026-06-29T14:10:14.108876+02:00;standby;28.5;30.2;5.0;28.0;54.1;57.0;0;0;0;0;16326.41;11280.08;5046.33;32426.119
2026-06-29T14:11:14.803301+02:00;standby;28.5;30.2;5.0;28.0;54.1;57.0;0;0;0;0;16326.41;11280.08;5046.33;32426.119
2026-06-29T14:12:15.328578+02:00;standby;28.5;30.2;5.0;28.0;54.0;57.0;0;0;0;0;16326.41;11280.08;5046.33;32426.119
2026-06-29T14:13:15.819698+02:00;standby;28.5;30.2;5.0;28.0;53.9;57.0;0;0;0;0;16326.41;11280.08;5046.33;32426.119
2026-06-29T14:14:17.292489+02:00;standby;28.5;30.2;5.0;28.0;53.9;57.0;0;0;0;0;16326.41;11280.08;5046.33;32426.119
2026-06-29T14:15:17.884545+02:00;standby;28.5;30.2;5.0;28.0;53.9;57.0;0;0;0;0;16326.41;11280.08;5046.33;32426.119
2026-06-29T14:16:18.758385+02:00;standby;28.5;30.1;5.0;28.0;53.9;57.0;0;0;0;0;16326.41;11280.08;5046.33;32426.119
2026-06-29T14:17:19.661957+02:00;standby;28.5;30.2;5.0;28.0;53.9;57.0;0;0;0;0;16326.41;11280.08;5046.33;32426.119
2026-06-29T14:18:20.156870+02:00;standby;28.5;30.1;5.0;28.0;53.8;57.0;0;0;0;0;16326.41;11280.08;5046.33;32426.119
2026-06-29T14:19:20.798967+02:00;standby;28.5;30.1;5.0;28.0;53.8;57.0;0;0;0;0;16326.41;11280.08;5046.33;32426.119
2026-06-29T14:20:21.314280+02:00;standby;28.5;30.1;5.0;28.0;53.8;57.0;0;0;0;0;16326.41;11280.08;5046.33;32426.119
2026-06-29T14:21:21.917522+02:00;standby;28.5;30.1;5.0;28.0;53.7;57.0;0;0;0;0;16326.41;11280.08;5046.33;32426.119
2026-06-29T14:22:22.334191+02:00;standby;28.5;30.1;5.0;28.0;53.6;57.0;0;0;0;0;16326.41;11280.08;5046.33;32426.119
2026-06-29T14:23:22.760483+02:00;standby;28.5;30.0;5.0;28.0;53.4;57.0;0;0;0;0;16326.41;11280.08;5046.33;32426.119
2026-06-29T14:24:23.395815+02:00;standby;28.5;30.0;5.0;28.0;53.2;57.0;0;0;0;0;16326.41;11280.08;5046.33;32426.119
2026-06-29T14:25:23.930655+02:00;standby;28.5;30.0;5.0;28.0;53.1;57.0;0;0;0;0;16326.41;11280.08;5046.33;32426.119
2026-06-29T14:26:24.441040+02:00;standby;28.5;30.0;5.0;28.0;52.9;57.0;0;0;0;0;16326.41;11280.08;5046.33;32426.119
2026-06-29T14:27:24.931541+02:00;standby;28.8;30.0;5.0;28.0;52.9;57.0;0;0;0;0;16326.41;11280.08;5046.33;32426.119
2026-06-29T14:28:25.357054+02:00;standby;28.8;30.0;5.0;28.0;52.9;57.0;0;0;0;0;16326.41;11280.08;5046.33;32426.119
2026-06-29T14:29:25.877931+02:00;standby;28.8;29.9;5.0;28.0;52.9;57.0;0;0;0;0;16326.41;11280.08;5046.33;32426.119
2026-06-29T14:30:26.744703+02:00;standby;28.8;29.9;5.0;28.0;52.9;57.0;0;0;0;0;16326.41;11280.08;5046.33;32426.119
2026-06-29T14:31:27.777402+02:00;standby;28.8;29.9;5.0;28.0;52.8;57.0;0;0;0;0;16326.41;11280.08;5046.33;32426.119
2026-06-29T14:32:28.592508+02:00;standby;28.8;29.9;5.0;28.0;52.8;57.0;0;0;0;0;16326.41;11280.08;5046.33;32426.119
2026-06-29T14:33:29.828301+02:00;standby;28.8;29.9;5.0;28.0;52.8;57.0;0;0;0;0;16326.41;11280.08;5046.33;32426.119
2026-06-29T14:34:30.337352+02:00;standby;28.8;29.9;5.0;28.0;52.8;57.0;0;0;0;0;16326.41;11280.08;5046.33;32426.119
2026-06-29T14:35:30.848926+02:00;standby;28.8;29.9;5.0;28.0;52.8;57.0;0;0;0;0;16326.41;11280.08;5046.33;32426.119
2026-06-29T14:36:31.652229+02:00;standby;28.8;29.7;5.0;28.0;52.8;57.0;0;0;0;0;16326.41;11280.08;5046.33;32426.119
2026-06-29T14:37:32.332512+02:00;standby;28.8;29.7;5.0;28.0;52.8;57.0;0;0;0;0;16326.41;11280.08;5046.33;32426.119
2026-06-29T14:38:32.797327+02:00;standby;28.8;29.7;5.0;28.0;52.8;57.0;0;0;0;0;16326.41;11280.08;5046.33;32426.119
2026-06-29T14:39:33.258571+02:00;standby;28.8;29.7;5.0;28.0;52.7;57.0;0;0;0;0;16326.41;11280.08;5046.33;32426.119
2026-06-29T14:40:33.685742+02:00;standby;28.8;29.7;5.0;28.0;52.7;57.0;0;0;0;0;16326.41;11280.08;5046.33;32426.119
2026-06-29T14:41:34.201731+02:00;standby;28.8;29.7;5.0;28.0;52.7;57.0;0;0;0;0;16326.41;11280.08;5046.33;32426.119
2026-06-29T14:42:34.926777+02:00;standby;28.8;29.6;5.0;28.0;52.7;57.0;0;0;0;0;16326.41;11280.08;5046.33;32426.119
2026-06-29T14:43:35.411050+02:00;standby;28.8;29.6;5.0;28.0;52.7;57.0;0;0;0;0;16326.41;11280.08;5046.33;32426.119
2026-06-29T14:44:35.963238+02:00;standby;28.8;29.6;5.0;28.0;52.7;57.0;0;0;0;0;16326.41;11280.08;5046.33;32426.119
2026-06-29T14:45:36.780944+02:00;standby;28.8;29.6;5.0;28.0;52.7;57.0;0;0;0;0;16326.41;11280.08;5046.33;32426.119
2026-06-29T14:46:37.488257+02:00;standby;28.8;29.6;5.0;28.0;52.7;57.0;0;0;0;0;16326.41;11280.08;5046.33;32426.119
2026-06-29T14:47:38.026501+02:00;standby;28.8;29.6;5.0;28.0;52.7;57.0;0;0;0;0;16326.41;11280.08;5046.33;32426.119
2026-06-29T14:48:38.518771+02:00;standby;28.8;29.6;5.0;28.0;52.6;57.0;0;0;0;0;16326.41;11280.08;5046.33;32426.119
2026-06-29T14:49:39.972800+02:00;standby;28.8;29.4;5.0;28.0;52.6;57.0;0;0;0;0;16326.41;11280.08;5046.33;32426.119
2026-06-29T14:50:40.603799+02:00;standby;28.8;29.4;5.0;28.0;52.6;57.0;0;0;0;0;16326.41;11280.08;5046.33;32426.119
2026-06-29T14:51:41.089122+02:00;standby;28.8;29.4;5.0;28.0;52.6;57.0;0;0;0;0;16326.41;11280.08;5046.33;32426.119
2026-06-29T14:52:41.622692+02:00;standby;28.8;29.4;5.0;28.0;52.6;57.0;0;0;0;0;16326.41;11280.08;5046.33;32426.119
2026-06-29T14:53:42.147476+02:00;standby;28.8;29.4;5.0;28.0;52.6;57.0;0;0;0;0;16326.41;11280.08;5046.33;32426.119
2026-06-29T14:54:42.780942+02:00;standby;28.8;29.4;5.0;28.0;52.6;57.0;0;0;0;0;16326.41;11280.08;5046.33;32426.119
2026-06-29T14:55:43.297176+02:00;standby;28.8;29.3;5.0;28.0;52.6;57.0;0;0;0;0;16326.41;11280.08;5046.33;32426.119
2026-06-29T14:56:43.833410+02:00;standby;28.8;29.3;5.0;28.0;52.5;57.0;0;0;0;0;16326.41;11280.08;5046.33;32426.119
2026-06-29T14:57:44.283812+02:00;standby;28.8;29.3;5.0;28.0;52.5;57.0;0;0;0;0;16326.41;11280.08;5046.33;32426.119
2026-06-29T14:58:44.767234+02:00;standby;28.8;29.3;5.0;28.0;52.5;57.0;0;0;0;0;16326.41;11280.08;5046.33;32426.119
2026-06-29T14:59:45.254981+02:00;standby;28.8;29.3;5.0;28.0;52.5;57.0;0;0;0;0;16326.41;11280.08;5046.33;32426.119
2026-06-29T15:00:45.765575+02:00;standby;28.8;29.3;5.0;28.0;52.5;57.0;0;0;0;0;16326.41;11280.08;5046.33;32426.119
2026-06-29T15:01:46.224750+02:00;standby;28.8;29.3;5.0;28.0;52.4;57.0;0;0;0;0;16326.41;11280.08;5046.33;32426.119
2026-06-29T15:02:46.885448+02:00;standby;28.8;29.3;5.0;28.0;52.3;57.0;0;0;0;0;16326.41;11280.08;5046.33;32426.119
2026-06-29T15:03:47.462924+02:00;standby;28.8;29.3;5.0;28.0;52.1;57.0;0;0;0;0;16326.41;11280.08;5046.33;32426.119
2026-06-29T15:04:48.475849+02:00;standby;28.8;29.3;5.0;28.0;52.0;57.0;0;0;0;0;16326.41;11280.08;5046.33;32426.119
2026-06-29T15:05:49.425201+02:00;standby;28.8;29.2;5.0;28.0;52.0;57.0;0;0;0;0;16326.41;11280.08;5046.33;32426.119
2026-06-29T15:06:50.131142+02:00;standby;28.8;29.2;5.0;28.0;52.0;57.0;0;0;0;0;16326.41;11280.08;5046.33;32426.119
2026-06-29T15:07:50.709887+02:00;standby;28.8;29.2;5.0;28.0;52.0;57.0;0;0;0;0;16326.41;11280.08;5046.33;32426.119
2026-06-29T15:08:51.262982+02:00;standby;28.8;29.2;5.0;28.0;51.9;57.0;0;0;0;0;16326.41;11280.08;5046.33;32426.119
2026-06-29T15:09:51.747124+02:00;standby;28.8;29.2;5.0;28.0;51.9;57.0;0;0;0;0;16326.41;11280.08;5046.33;32426.119
2026-06-29T15:10:52.185482+02:00;standby;28.8;29.2;5.0;28.0;51.9;57.0;0;0;0;0;16326.41;11280.08;5046.33;32426.119
2026-06-29T15:11:52.933495+02:00;standby;28.8;29.2;5.0;28.0;51.9;57.0;0;0;0;0;16326.41;11280.08;5046.33;32426.119
2026-06-29T15:12:53.609781+02:00;standby;28.8;29.2;5.0;28.0;51.9;57.0;0;0;0;0;16326.41;11280.08;5046.33;32426.119
2026-06-29T15:13:54.164835+02:00;standby;28.8;29.0;5.0;28.0;51.9;57.0;0;0;0;0;16326.41;11280.08;5046.33;32426.119
2026-06-29T15:14:54.691846+02:00;standby;28.8;29.0;5.0;28.0;51.9;57.0;0;0;0;0;16326.41;11280.08;5046.33;32426.119
2026-06-29T15:15:55.850286+02:00;standby;28.8;29.0;5.0;28.0;51.9;57.0;0;0;0;0;16326.41;11280.08;5046.33;32426.119
2026-06-29T15:16:56.331886+02:00;standby;28.8;29.0;5.0;28.0;51.8;57.0;0;0;0;0;16326.41;11280.08;5046.33;32426.119
2026-06-29T15:17:57.094344+02:00;standby;28.8;29.0;5.0;28.0;51.8;57.0;0;0;0;0;16326.41;11280.08;5046.33;32426.119
2026-06-29T15:18:57.596047+02:00;standby;28.8;29.0;5.0;28.0;51.8;57.0;0;0;0;0;16326.41;11280.08;5046.33;32426.119
2026-06-29T15:19:58.277067+02:00;standby;28.8;29.0;5.0;28.0;51.8;57.0;0;0;0;0;16326.41;11280.08;5046.33;32426.119
2026-06-29T15:20:58.787596+02:00;standby;28.8;29.0;5.0;28.0;51.8;57.0;0;0;0;0;16326.41;11280.08;5046.33;32426.119
2026-06-29T15:21:59.438032+02:00;standby;28.8;29.0;5.0;28.0;51.8;57.0;0;0;0;0;16326.41;11280.08;5046.33;32426.119
2026-06-29T15:23:00.395933+02:00;standby;28.8;28.9;5.0;28.0;51.8;57.0;0;0;0;0;16326.41;11280.08;5046.33;32426.119
2026-06-29T15:24:01.111791+02:00;standby;28.8;28.9;5.0;28.0;51.8;57.0;0;0;0;0;16326.41;11280.08;5046.33;32426.119
2026-06-29T15:25:01.552592+02:00;standby;28.8;28.9;5.0;28.0;51.7;57.0;0;0;0;0;16326.41;11280.08;5046.33;32426.119
2026-06-29T15:26:02.251822+02:00;standby;28.8;28.9;5.0;28.0;51.7;57.0;0;0;0;0;16326.41;11280.08;5046.33;32426.119
2026-06-29T15:27:02.728727+02:00;standby;28.8;28.9;5.0;28.0;51.7;57.0;0;0;0;0;16326.41;11280.08;5046.33;32426.119
2026-06-29T15:28:03.307006+02:00;standby;29.1;28.9;5.0;28.0;51.7;57.0;0;0;0;0;16326.41;11280.08;5046.33;32426.119
2026-06-29T15:29:03.772227+02:00;standby;29.1;28.9;5.0;28.0;51.7;57.0;0;0;0;0;16326.41;11280.08;5046.33;32426.119
2026-06-29T15:30:04.939426+02:00;standby;29.1;28.9;5.0;28.0;51.7;57.0;0;0;0;0;16326.41;11280.08;5046.33;32426.119
2026-06-29T15:31:05.726652+02:00;standby;29.1;28.9;5.0;28.0;51.7;57.0;0;0;0;0;16326.41;11280.08;5046.33;32426.119
2026-06-29T15:32:06.180372+02:00;standby;29.1;28.9;5.0;28.0;51.7;57.0;0;0;0;0;16326.41;11280.08;5046.33;32426.119
2026-06-29T15:33:06.758503+02:00;standby;29.1;28.9;5.0;28.0;51.6;57.0;0;0;0;0;16326.41;11280.08;5046.33;32426.119
2026-06-29T15:34:07.319310+02:00;standby;29.1;28.9;5.0;28.0;51.6;57.0;0;0;0;0;16326.41;11280.08;5046.33;32426.119
2026-06-29T15:35:07.850250+02:00;standby;29.1;28.9;5.0;28.0;51.6;57.0;0;0;0;0;16326.41;11280.08;5046.33;32426.119
2026-06-29T15:36:08.631433+02:00;standby;29.1;28.9;5.0;28.0;51.6;57.0;0;0;0;0;16326.41;11280.08;5046.33;32426.119
2026-06-29T15:37:09.144941+02:00;standby;29.1;28.9;5.0;28.0;51.6;57.0;0;0;0;0;16326.41;11280.08;5046.33;32426.119
2026-06-29T15:38:09.911514+02:00;standby;29.1;28.7;5.0;28.0;51.6;57.0;0;0;0;0;16326.41;11280.08;5046.33;32426.119
2026-06-29T15:39:10.449245+02:00;standby;29.1;28.7;5.0;28.0;51.6;57.0;0;0;0;0;16326.41;11280.08;5046.33;32426.119
2026-06-29T15:40:11.626883+02:00;standby;29.1;28.7;5.0;28.0;51.6;57.0;0;0;0;0;16326.41;11280.08;5046.33;32426.119
2026-06-29T15:41:12.284396+02:00;standby;29.1;28.7;5.0;28.0;51.6;57.0;0;0;0;0;16326.41;11280.08;5046.33;32426.119
2026-06-29T15:42:12.773849+02:00;standby;29.1;28.7;5.0;28.0;51.6;57.0;0;0;0;0;16326.41;11280.08;5046.33;32426.119
2026-06-29T15:43:13.284193+02:00;standby;29.1;28.7;5.0;28.0;51.5;57.0;0;0;0;0;16326.41;11280.08;5046.33;32426.119
2026-06-29T15:44:13.759823+02:00;standby;29.1;28.7;5.0;28.0;51.5;57.0;0;0;0;0;16326.41;11280.08;5046.33;32426.119
2026-06-29T15:45:14.163126+02:00;standby;29.1;28.7;5.0;28.0;51.5;57.0;0;0;0;0;16326.41;11280.08;5046.33;32426.119
2026-06-29T15:46:14.637925+02:00;standby;29.1;28.7;5.0;28.0;51.5;57.0;0;0;0;0;16326.41;11280.08;5046.33;32426.119
2026-06-29T15:47:15.055532+02:00;standby;29.1;28.7;5.0;28.0;51.5;57.0;0;0;0;0;16326.41;11280.08;5046.33;32426.119
2026-06-29T15:48:15.639614+02:00;standby;29.1;28.7;5.0;28.0;51.5;57.0;0;0;0;0;16326.41;11280.08;5046.33;32426.119
2026-06-29T15:49:16.105775+02:00;standby;29.1;28.7;5.0;28.0;51.5;57.0;0;0;0;0;16326.41;11280.08;5046.33;32426.119
2026-06-29T15:50:16.717752+02:00;standby;29.1;28.7;5.0;28.0;51.4;57.0;0;0;0;0;16326.41;11280.08;5046.33;32426.119
2026-06-29T15:51:17.451730+02:00;standby;29.1;28.7;5.0;28.0;51.4;57.0;0;0;0;0;16326.41;11280.08;5046.33;32426.119
2026-06-29T15:52:17.961177+02:00;standby;29.1;28.6;5.0;28.0;51.4;57.0;0;0;0;0;16326.41;11280.08;5046.33;32426.119
2026-06-29T15:53:18.620761+02:00;standby;29.1;28.7;5.0;28.0;51.4;57.0;0;0;0;0;16326.41;11280.08;5046.33;32426.119
2026-06-29T15:54:19.100808+02:00;standby;29.1;28.6;5.0;28.0;51.4;57.0;0;0;0;0;16326.41;11280.08;5046.33;32426.119
2026-06-29T15:55:20.231097+02:00;standby;29.1;28.6;5.0;28.0;51.4;57.0;0;0;0;0;16326.41;11280.08;5046.33;32426.119
2026-06-29T15:56:20.648732+02:00;standby;29.1;28.6;5.0;28.0;51.4;57.0;0;0;0;0;16326.41;11280.08;5046.33;32426.119
2026-06-29T15:57:21.289642+02:00;standby;29.1;28.6;5.0;28.0;51.4;57.0;0;0;0;0;16326.41;11280.08;5046.33;32426.119
2026-06-29T15:58:21.862578+02:00;standby;29.1;28.6;5.0;28.0;51.4;57.0;0;0;0;0;16326.41;11280.08;5046.33;32426.119
2026-06-29T15:59:22.522268+02:00;standby;29.1;28.6;5.0;28.0;51.3;57.0;0;0;0;0;16326.41;11280.08;5046.33;32426.119
2026-06-29T16:00:23.179713+02:00;standby;29.1;28.6;5.0;28.0;51.3;57.0;0;0;0;0;16326.41;11280.08;5046.33;32426.119
2026-06-29T16:01:23.663357+02:00;standby;29.1;28.6;5.0;28.0;51.3;57.0;0;0;0;0;16326.41;11280.08;5046.33;32426.119
2026-06-29T16:02:24.497176+02:00;standby;29.1;28.6;5.0;28.0;51.3;57.0;0;0;0;0;16326.41;11280.08;5046.33;32426.119
2026-06-29T16:03:24.901171+02:00;standby;29.1;28.6;5.0;28.0;51.3;57.0;0;0;0;0;16326.41;11280.08;5046.33;32426.119
2026-06-29T16:04:25.537129+02:00;standby;29.1;28.6;5.0;28.0;51.3;57.0;0;0;0;0;16326.41;11280.08;5046.33;32426.119
2026-06-29T16:05:26.005063+02:00;standby;29.1;28.6;5.0;28.0;51.3;57.0;0;0;0;0;16326.41;11280.08;5046.33;32426.119
2026-06-29T16:06:26.774184+02:00;standby;29.1;28.6;5.0;28.0;51.3;57.0;0;0;0;0;16326.41;11280.08;5046.33;32426.119
2026-06-29T16:07:27.488801+02:00;standby;29.1;28.6;5.0;28.0;51.3;57.0;0;0;0;0;16326.41;11280.08;5046.33;32426.119
2026-06-29T16:08:28.435925+02:00;standby;29.1;28.6;5.0;28.0;51.3;57.0;0;0;0;0;16326.41;11280.08;5046.33;32426.119
2026-06-29T16:09:29.362782+02:00;standby;29.1;28.6;5.0;28.0;51.2;57.0;0;0;0;0;16326.41;11280.08;5046.33;32426.119
2026-06-29T16:10:30.542134+02:00;standby;29.1;28.5;5.0;28.0;51.2;57.0;0;0;0;0;16326.41;11280.08;5046.33;32426.119
2026-06-29T16:11:30.960240+02:00;standby;29.1;28.5;5.0;28.0;51.2;57.0;0;0;0;0;16326.41;11280.08;5046.33;32426.119
2026-06-29T16:12:31.465343+02:00;standby;29.1;28.6;5.0;28.0;51.2;57.0;0;0;0;0;16326.41;11280.08;5046.33;32426.119
2026-06-29T16:13:32.308601+02:00;standby;29.1;28.5;5.0;28.0;51.2;57.0;0;0;0;0;16326.41;11280.08;5046.33;32426.119
2026-06-29T16:14:32.729648+02:00;standby;29.1;28.5;5.0;28.0;51.2;57.0;0;0;0;0;16326.41;11280.08;5046.33;32426.119
2026-06-29T16:15:33.179350+02:00;standby;29.1;28.6;5.0;28.0;51.2;57.0;0;0;0;0;16326.41;11280.08;5046.33;32426.119
2026-06-29T16:16:33.715875+02:00;standby;29.1;28.5;5.0;28.0;51.2;57.0;0;0;0;0;16326.41;11280.08;5046.33;32426.119
2026-06-29T16:17:34.157829+02:00;standby;29.1;28.5;5.0;28.0;51.1;57.0;0;0;0;0;16326.41;11280.08;5046.33;32426.119
2026-06-29T16:18:34.637475+02:00;standby;29.1;28.5;5.0;28.0;51.1;57.0;0;0;0;0;16326.41;11280.08;5046.33;32426.119
2026-06-29T16:19:35.032005+02:00;standby;29.1;28.5;5.0;28.0;51.1;57.0;0;0;0;0;16326.41;11280.08;5046.33;32426.119
2026-06-29T16:20:35.831847+02:00;standby;29.1;28.5;5.0;28.0;51.1;57.0;0;0;0;0;16326.41;11280.08;5046.33;32426.119
2026-06-29T16:21:36.603326+02:00;standby;29.1;28.5;5.0;28.0;51.1;57.0;0;0;0;0;16326.41;11280.08;5046.33;32426.119
2026-06-29T16:22:37.082821+02:00;standby;29.1;28.5;5.0;28.0;51.1;57.0;0;0;0;0;16326.41;11280.08;5046.33;32426.119
2026-06-29T16:23:37.848018+02:00;standby;29.1;28.5;5.0;28.0;51.1;57.0;0;0;0;0;16326.41;11280.08;5046.33;32426.119
2026-06-29T16:24:38.572320+02:00;standby;29.1;28.5;5.0;28.0;51.1;57.0;0;0;0;0;16326.41;11280.08;5046.33;32426.119
2026-06-29T16:25:39.070888+02:00;standby;29.1;28.5;5.0;28.0;51.1;57.0;0;0;0;0;16326.41;11280.08;5046.33;32426.119
2026-06-29T16:26:39.547593+02:00;standby;29.1;28.5;5.0;28.0;50.9;57.0;0;0;0;0;16326.41;11280.08;5046.33;32426.119
2026-06-29T16:27:40.745267+02:00;standby;29.1;28.5;5.0;28.0;50.9;57.0;0;0;0;0;16326.41;11280.08;5046.33;32426.119
2026-06-29T16:28:41.313006+02:00;standby;29.5;28.5;5.0;28.0;50.9;57.0;0;0;0;0;16326.41;11280.08;5046.33;32426.119
2026-06-29T16:29:42.143013+02:00;standby;29.5;28.5;5.0;28.0;50.9;57.0;0;0;0;0;16326.41;11280.08;5046.33;32426.119
2026-06-29T16:30:43.099992+02:00;standby;29.5;28.5;5.0;28.0;50.9;57.0;0;0;0;0;16326.41;11280.08;5046.33;32426.119
2026-06-29T16:31:44.252245+02:00;standby;29.5;28.5;5.0;28.0;50.9;57.0;0;0;0;0;16326.41;11280.08;5046.33;32426.119
2026-06-29T16:32:44.783050+02:00;standby;29.5;28.5;5.0;28.0;50.9;57.0;0;0;0;0;16326.41;11280.08;5046.33;32426.119
2026-06-29T16:33:45.290985+02:00;standby;29.5;28.5;5.0;28.0;50.9;57.0;0;0;0;0;16326.41;11280.08;5046.33;32426.119
2026-06-29T16:34:45.976901+02:00;standby;29.5;28.5;5.0;28.0;50.9;57.0;0;0;0;0;16326.41;11280.08;5046.33;32426.119
2026-06-29T16:35:46.479526+02:00;standby;29.5;28.5;5.0;28.0;50.8;57.0;0;0;0;0;16326.41;11280.08;5046.33;32426.119
2026-06-29T16:36:46.954566+02:00;standby;29.5;28.5;5.0;28.0;50.8;57.0;0;0;0;0;16326.41;11280.08;5046.33;32426.119
2026-06-29T16:37:47.474747+02:00;standby;29.5;28.5;5.0;28.0;50.8;57.0;0;0;0;0;16326.41;11280.08;5046.33;32426.119
2026-06-29T16:38:48.130921+02:00;standby;29.5;28.5;5.0;28.0;50.8;57.0;0;0;0;0;16326.41;11280.08;5046.33;32426.119
2026-06-29T16:39:48.721433+02:00;standby;29.5;28.5;5.0;28.0;50.8;57.0;0;0;0;0;16326.41;11280.08;5046.33;32426.119
2026-06-29T16:40:49.181610+02:00;standby;29.5;28.3;5.0;28.0;50.8;57.0;0;0;0;0;16326.41;11280.08;5046.33;32426.119
2026-06-29T16:41:50.163551+02:00;standby;29.5;28.3;5.0;28.0;50.8;57.0;0;0;0;0;16326.41;11280.08;5046.33;32426.119
2026-06-29T16:42:50.680481+02:00;standby;29.5;28.3;5.0;28.0;50.8;57.0;0;0;0;0;16326.41;11280.08;5046.33;32426.119
2026-06-29T16:43:51.197642+02:00;standby;29.5;28.3;5.0;28.0;50.8;57.0;0;0;0;0;16326.41;11280.08;5046.33;32426.119
2026-06-29T16:44:51.665627+02:00;standby;29.5;28.3;5.0;28.0;50.8;57.0;0;0;0;0;16326.41;11280.08;5046.33;32426.119
2026-06-29T16:45:52.188104+02:00;standby;29.5;28.3;5.0;28.0;50.7;57.0;0;0;0;0;16326.41;11280.08;5046.33;32426.119
2026-06-29T16:46:52.706029+02:00;standby;29.5;28.3;5.0;28.0;50.7;57.0;0;0;0;0;16326.41;11280.08;5046.33;32426.119
2026-06-29T16:47:53.126125+02:00;standby;29.5;28.3;5.0;28.0;50.7;57.0;0;0;0;0;16326.41;11280.08;5046.33;32426.119
2026-06-29T16:48:53.643902+02:00;standby;29.5;28.3;5.0;28.0;50.7;57.0;0;0;0;0;16326.41;11280.08;5046.33;32426.119
2026-06-29T16:49:54.264917+02:00;standby;29.5;28.3;5.0;28.0;50.7;57.0;0;0;0;0;16326.41;11280.08;5046.33;32426.119
2026-06-29T16:50:54.889235+02:00;standby;29.5;28.3;5.0;28.0;50.7;57.0;0;0;0;0;16326.41;11280.08;5046.33;32426.119
2026-06-29T16:51:55.917748+02:00;standby;29.5;28.3;5.0;28.0;50.7;57.0;0;0;0;0;16326.41;11280.08;5046.33;32426.119
2026-06-29T16:52:56.336206+02:00;standby;29.5;28.3;5.0;28.0;50.7;57.0;0;0;0;0;16326.41;11280.08;5046.33;32426.119
2026-06-29T16:53:56.990397+02:00;standby;29.5;28.3;5.0;28.0;50.6;57.0;0;0;0;0;16326.41;11280.08;5046.33;32426.119
2026-06-29T16:54:57.473163+02:00;standby;29.5;28.3;5.0;28.0;50.6;57.0;0;0;0;0;16326.41;11280.08;5046.33;32426.119
2026-06-29T16:55:58.304434+02:00;standby;29.5;28.3;5.0;28.0;50.6;57.0;0;0;0;0;16326.41;11280.08;5046.33;32426.119
2026-06-29T16:56:58.816278+02:00;standby;29.5;28.3;5.0;28.0;50.6;57.0;0;0;0;0;16326.41;11280.08;5046.33;32426.119
2026-06-29T16:57:59.762964+02:00;standby;29.5;28.3;5.0;28.0;50.6;57.0;0;0;0;0;16326.41;11280.08;5046.33;32426.119
2026-06-29T16:59:00.525031+02:00;standby;29.5;28.3;5.0;28.0;50.6;57.0;0;0;0;0;16326.41;11280.08;5046.33;32426.119
2026-06-29T17:00:02.170604+02:00;standby;29.5;28.3;5.0;28.0;50.6;57.0;0;0;0;0;16326.41;11280.08;5046.33;32426.119
2026-06-29T17:01:02.640327+02:00;standby;29.5;28.3;5.0;28.0;50.6;57.0;0;0;0;0;16326.41;11280.08;5046.33;32426.119
2026-06-29T17:02:03.908387+02:00;standby;29.5;28.3;5.0;28.0;50.6;57.0;0;0;0;0;16326.41;11280.08;5046.33;32426.119
2026-06-29T17:03:04.411251+02:00;standby;29.5;28.3;5.0;28.0;50.6;57.0;0;0;0;0;16326.41;11280.08;5046.33;32426.119
2026-06-29T17:04:05.022427+02:00;standby;29.5;28.3;5.0;28.0;50.5;57.0;0;0;0;0;16326.41;11280.08;5046.33;32426.119
2026-06-29T17:05:05.591229+02:00;standby;29.5;28.3;5.0;28.0;50.5;57.0;0;0;0;0;16326.41;11280.08;5046.33;32426.119
2026-06-29T17:06:06.061927+02:00;standby;29.5;28.3;5.0;28.0;50.5;57.0;0;0;0;0;16326.41;11280.08;5046.33;32426.119
2026-06-29T17:07:06.735378+02:00;standby;29.5;28.3;5.0;28.0;50.5;57.0;0;0;0;0;16326.41;11280.08;5046.33;32426.119
2026-06-29T17:08:07.200216+02:00;standby;29.5;28.3;5.0;28.0;50.5;57.0;0;0;0;0;16326.41;11280.08;5046.33;32426.119
2026-06-29T17:09:08.120435+02:00;standby;29.5;28.3;5.0;28.0;50.5;57.0;0;0;0;0;16326.41;11280.08;5046.33;32426.119
2026-06-29T17:10:08.695640+02:00;standby;29.5;28.3;5.0;28.0;50.5;57.0;0;0;0;0;16326.41;11280.08;5046.33;32426.119
2026-06-29T17:11:09.523328+02:00;standby;29.5;28.3;5.0;28.0;50.5;57.0;0;0;0;0;16326.41;11280.08;5046.33;32426.119
2026-06-29T17:12:10.057759+02:00;standby;29.5;28.3;5.0;28.0;50.5;57.0;0;0;0;0;16326.41;11280.08;5046.33;32426.119
2026-06-29T17:13:10.666315+02:00;standby;29.5;28.3;5.0;28.0;50.4;57.0;0;0;0;0;16326.41;11280.08;5046.33;32426.119
2026-06-29T17:14:11.601043+02:00;standby;29.5;28.3;5.0;28.0;50.4;57.0;0;0;0;0;16326.41;11280.08;5046.33;32426.119
2026-06-29T17:15:12.070035+02:00;standby;29.5;28.3;5.0;28.0;50.4;57.0;0;0;0;0;16326.41;11280.08;5046.33;32426.119
2026-06-29T17:16:12.581792+02:00;standby;29.5;28.3;5.0;28.0;50.4;57.0;0;0;0;0;16326.41;11280.08;5046.33;32426.119
2026-06-29T17:17:13.253228+02:00;standby;29.5;28.2;5.0;28.0;50.4;57.0;0;0;0;0;16326.41;11280.08;5046.33;32426.119
2026-06-29T17:18:13.994576+02:00;standby;29.5;28.3;5.0;28.0;50.4;57.0;0;0;0;0;16326.41;11280.08;5046.33;32426.119
2026-06-29T17:19:14.714905+02:00;standby;29.5;28.3;5.0;28.0;50.4;57.0;0;0;0;0;16326.41;11280.08;5046.33;32426.119
2026-06-29T17:20:15.179352+02:00;standby;29.5;28.3;5.0;28.0;50.4;57.0;0;0;0;0;16326.41;11280.08;5046.33;32426.119
2026-06-29T17:21:15.741528+02:00;standby;29.5;28.3;5.0;28.0;50.4;57.0;0;0;0;0;16326.41;11280.08;5046.33;32426.119
2026-06-29T17:22:16.240476+02:00;standby;29.5;28.2;5.0;28.0;50.3;57.0;0;0;0;0;16326.41;11280.08;5046.33;32426.119
2026-06-29T17:23:16.757916+02:00;standby;29.5;28.3;5.0;28.0;50.3;57.0;0;0;0;0;16326.41;11280.08;5046.33;32426.119
2026-06-29T17:24:17.243565+02:00;standby;29.5;28.2;5.0;28.0;50.3;57.0;0;0;0;0;16326.41;11280.08;5046.33;32426.119
2026-06-29T17:25:17.879100+02:00;standby;29.5;28.2;5.0;28.0;50.3;57.0;0;0;0;0;16326.41;11280.08;5046.33;32426.119
2026-06-29T17:26:18.457844+02:00;standby;29.5;28.2;5.0;28.0;50.3;57.0;0;0;0;0;16326.41;11280.08;5046.33;32426.119
2026-06-29T17:27:19.039950+02:00;standby;29.5;28.2;5.0;28.0;50.3;57.0;0;0;0;0;16326.41;11280.08;5046.33;32426.119
2026-06-29T17:28:19.598386+02:00;standby;29.5;28.2;5.0;28.0;50.3;57.0;0;0;0;0;16326.41;11280.08;5046.33;32426.119
2026-06-29T17:29:20.098086+02:00;standby;29.7;28.2;5.0;28.0;50.3;57.0;0;0;0;0;16326.41;11280.08;5046.33;32426.119
2026-06-29T17:30:20.627846+02:00;standby;29.7;28.2;5.0;28.0;50.3;57.0;0;0;0;0;16326.41;11280.08;5046.33;32426.119
2026-06-29T17:31:21.152467+02:00;standby;29.7;28.2;5.0;28.0;50.2;57.0;0;0;0;0;16326.41;11280.08;5046.33;32426.119
2026-06-29T17:32:21.963392+02:00;standby;29.7;28.2;5.0;28.0;50.2;57.0;0;0;0;0;16326.41;11280.08;5046.33;32426.119
2026-06-29T17:33:22.437551+02:00;standby;29.7;28.2;5.0;28.0;50.2;57.0;0;0;0;0;16326.41;11280.08;5046.33;32426.119
2026-06-29T17:34:22.900278+02:00;standby;29.7;28.2;5.0;28.0;50.2;57.0;0;0;0;0;16326.41;11280.08;5046.33;32426.119
2026-06-29T17:35:23.427032+02:00;standby;29.7;28.2;5.0;28.0;50.2;57.0;0;0;0;0;16326.41;11280.08;5046.33;32426.119
2026-06-29T17:36:24.090838+02:00;standby;29.7;28.2;5.0;28.0;50.2;57.0;0;0;0;0;16326.41;11280.08;5046.33;32426.119
2026-06-29T17:37:24.664343+02:00;standby;29.7;28.2;5.0;28.0;50.2;57.0;0;0;0;0;16326.41;11280.08;5046.33;32426.119
2026-06-29T17:38:25.134784+02:00;standby;29.7;28.2;5.0;28.0;50.2;57.0;0;0;0;0;16326.41;11280.08;5046.33;32426.119
2026-06-29T17:39:26.214992+02:00;standby;29.7;28.2;5.0;28.0;50.2;57.0;0;0;0;0;16326.41;11280.08;5046.33;32426.119
2026-06-29T17:40:26.750064+02:00;standby;29.7;28.2;5.0;28.0;50.2;57.0;0;0;0;0;16326.41;11280.08;5046.33;32426.119
2026-06-29T17:41:27.564550+02:00;standby;29.7;28.2;5.0;28.0;50.1;57.0;0;0;0;0;16326.41;11280.08;5046.33;32426.119
2026-06-29T17:42:28.083182+02:00;standby;29.7;28.2;5.0;28.0;50.1;57.0;0;0;0;0;16326.41;11280.08;5046.33;32426.119
2026-06-29T17:43:28.547410+02:00;standby;29.7;28.2;5.0;28.0;50.1;57.0;0;0;0;0;16326.41;11280.08;5046.33;32426.119
2026-06-29T17:44:29.011515+02:00;standby;29.7;28.2;5.0;28.0;50.1;57.0;0;0;0;0;16326.41;11280.08;5046.33;32426.119
2026-06-29T17:45:29.553062+02:00;standby;29.7;28.2;5.0;28.0;50.1;57.0;0;0;0;0;16326.41;11280.08;5046.33;32426.119
2026-06-29T17:46:30.389646+02:00;standby;29.7;28.2;5.0;28.0;50.1;57.0;0;0;0;0;16326.41;11280.08;5046.33;32426.119
2026-06-29T17:47:30.941303+02:00;standby;29.7;28.2;5.0;28.0;50.1;57.0;0;0;0;0;16326.41;11280.08;5046.33;32426.119
2026-06-29T17:48:31.435231+02:00;standby;29.7;28.2;5.0;28.0;50.1;57.0;0;0;0;0;16326.41;11280.08;5046.33;32426.119
2026-06-29T17:49:31.932251+02:00;standby;29.7;28.2;5.0;28.0;50.1;57.0;0;0;0;0;16326.41;11280.08;5046.33;32426.119
2026-06-29T17:50:32.416823+02:00;standby;29.7;28.2;5.0;28.0;50.1;57.0;0;0;0;0;16326.41;11280.08;5046.33;32426.119
2026-06-29T17:51:33.159275+02:00;standby;29.7;28.2;5.0;28.0;50.0;57.0;0;0;0;0;16326.41;11280.08;5046.33;32426.119
2026-06-29T17:52:33.741071+02:00;standby;29.7;28.2;5.0;28.0;50.0;57.0;0;0;0;0;16326.41;11280.08;5046.33;32426.119
2026-06-29T17:53:34.178846+02:00;standby;29.7;28.2;5.0;28.0;50.0;57.0;0;0;0;0;16326.41;11280.08;5046.33;32426.119
2026-06-29T17:54:34.979205+02:00;standby;29.7;28.2;5.0;28.0;50.0;57.0;0;0;0;0;16326.41;11280.08;5046.33;32426.119
2026-06-29T17:55:35.556969+02:00;standby;29.7;28.2;5.0;28.0;50.0;57.0;0;0;0;0;16326.41;11280.08;5046.33;32426.119
2026-06-29T17:56:36.062573+02:00;standby;29.7;28.2;5.0;28.0;50.0;57.0;0;0;0;0;16326.41;11280.08;5046.33;32426.119
2026-06-29T17:57:36.560707+02:00;standby;29.7;28.2;5.0;28.0;50.0;57.0;0;0;0;0;16326.41;11280.08;5046.33;32426.119
2026-06-29T17:58:37.495504+02:00;standby;29.7;28.2;5.0;28.0;50.0;57.0;0;0;0;0;16326.41;11280.08;5046.33;32426.119
2026-06-29T17:59:37.982869+02:00;standby;29.7;28.2;5.0;28.0;50.0;57.0;0;0;0;0;16326.41;11280.08;5046.33;32426.119
2026-06-29T18:00:38.628847+02:00;standby;29.7;28.2;5.0;28.0;50.0;57.0;0;0;0;0;16326.41;11280.08;5046.33;32426.119
2026-06-29T18:01:39.411754+02:00;standby;29.7;28.2;5.0;28.0;50.0;57.0;0;0;0;0;16326.41;11280.08;5046.33;32426.119
2026-06-29T18:02:40.011518+02:00;standby;29.7;28.2;5.0;28.0;49.9;57.0;0;0;0;0;16326.41;11280.08;5046.33;32426.119
2026-06-29T18:03:41.011425+02:00;standby;29.7;28.2;5.0;28.0;49.9;57.0;0;0;0;0;16326.41;11280.08;5046.33;32426.119
2026-06-29T18:04:41.501820+02:00;standby;29.7;28.2;5.0;28.0;49.9;57.0;0;0;0;0;16326.41;11280.08;5046.33;32426.119
2026-06-29T18:05:42.744501+02:00;standby;29.7;28.2;5.0;28.0;49.9;57.0;0;0;0;0;16326.41;11280.08;5046.33;32426.119
2026-06-29T18:06:43.261243+02:00;standby;29.7;28.2;5.0;28.0;49.9;57.0;0;0;0;0;16326.41;11280.08;5046.33;32426.119
2026-06-29T18:07:43.730483+02:00;standby;29.7;28.2;5.0;28.0;49.9;57.0;0;0;0;0;16326.41;11280.08;5046.33;32426.119
2026-06-29T18:08:44.208730+02:00;standby;29.7;28.2;5.0;28.0;49.9;57.0;0;0;0;0;16326.41;11280.08;5046.33;32426.119
2026-06-29T18:09:44.732610+02:00;standby;29.7;28.2;5.0;28.0;49.9;57.0;0;0;0;0;16326.41;11280.08;5046.33;32426.119
2026-06-29T18:10:45.259571+02:00;standby;29.7;28.2;5.0;28.0;49.9;57.0;0;0;0;0;16326.41;11280.08;5046.33;32426.119
2026-06-29T18:11:45.930324+02:00;standby;29.7;28.2;5.0;28.0;49.8;57.0;0;0;0;0;16326.41;11280.08;5046.33;32426.119
2026-06-29T18:12:46.502977+02:00;standby;29.7;28.2;5.0;28.0;49.8;57.0;0;0;0;0;16326.41;11280.08;5046.33;32426.119
2026-06-29T18:13:47.384436+02:00;standby;29.7;28.2;5.0;28.0;49.8;57.0;0;0;0;0;16326.41;11280.08;5046.33;32426.119
2026-06-29T18:14:48.442407+02:00;standby;29.7;28.2;5.0;28.0;49.8;57.0;0;0;0;0;16326.41;11280.08;5046.33;32426.119
2026-06-29T18:15:48.935293+02:00;standby;29.7;28.0;5.0;28.0;49.8;57.0;0;0;0;0;16326.41;11280.08;5046.33;32426.119
2026-06-29T18:16:49.601440+02:00;standby;29.7;28.0;5.0;28.0;49.8;57.0;0;0;0;0;16326.41;11280.08;5046.33;32426.119
2026-06-29T18:17:50.126518+02:00;standby;29.7;28.0;5.0;28.0;49.8;57.0;0;0;0;0;16326.41;11280.08;5046.33;32426.119
2026-06-29T18:18:50.667368+02:00;standby;29.7;28.0;5.0;28.0;49.8;57.0;0;0;0;0;16326.41;11280.08;5046.33;32426.119
2026-06-29T18:19:51.549583+02:00;standby;29.7;28.0;5.0;28.0;49.8;57.0;0;0;0;0;16326.41;11280.08;5046.33;32426.119
2026-06-29T18:20:51.985008+02:00;standby;29.7;28.0;5.0;28.0;49.8;57.0;0;0;0;0;16326.41;11280.08;5046.33;32426.119
2026-06-29T18:21:52.811457+02:00;standby;29.7;28.0;5.0;28.0;49.7;57.0;0;0;0;0;16326.41;11280.08;5046.33;32426.119
2026-06-29T18:22:53.266207+02:00;standby;29.7;28.0;5.0;28.0;49.7;57.0;0;0;0;0;16326.41;11280.08;5046.33;32426.119
2026-06-29T18:23:53.744042+02:00;standby;29.7;28.0;5.0;28.0;49.7;57.0;0;0;0;0;16326.41;11280.08;5046.33;32426.119
2026-06-29T18:24:54.220644+02:00;standby;29.7;28.0;5.0;28.0;49.7;57.0;0;0;0;0;16326.41;11280.08;5046.33;32426.119
2026-06-29T18:25:54.721810+02:00;standby;29.7;28.0;5.0;28.0;49.7;57.0;0;0;0;0;16326.41;11280.08;5046.33;32426.119
2026-06-29T18:26:55.262938+02:00;standby;29.7;28.0;5.0;28.0;49.7;57.0;0;0;0;0;16326.41;11280.08;5046.33;32426.119
2026-06-29T18:27:55.768497+02:00;standby;29.7;28.0;5.0;28.0;49.7;57.0;0;0;0;0;16326.41;11280.08;5046.33;32426.119
2026-06-29T18:28:56.506971+02:00;standby;29.7;28.0;5.0;28.0;49.7;57.0;0;0;0;0;16326.41;11280.08;5046.33;32426.119
2026-06-29T18:29:57.220277+02:00;standby;29.9;28.0;5.0;28.0;49.7;57.0;0;0;0;0;16326.41;11280.08;5046.33;32426.119
2026-06-29T18:30:58.282934+02:00;standby;29.9;28.0;5.0;28.0;49.7;57.0;0;0;0;0;16326.41;11280.08;5046.33;32426.119
2026-06-29T18:31:58.786486+02:00;standby;29.9;28.0;5.0;28.0;49.7;57.0;0;0;0;0;16326.41;11280.08;5046.33;32426.119
2026-06-29T18:32:59.298161+02:00;standby;29.9;28.0;5.0;28.0;49.6;57.0;0;0;0;0;16326.41;11280.08;5046.33;32426.119
2026-06-29T18:33:59.858370+02:00;standby;29.9;28.0;5.0;28.0;49.6;57.0;0;0;0;0;16326.41;11280.08;5046.33;32426.119
2026-06-29T18:35:00.331112+02:00;standby;29.9;28.0;5.0;28.0;49.6;57.0;0;0;0;0;16326.41;11280.08;5046.33;32426.119
2026-06-29T18:36:00.896729+02:00;standby;29.9;28.0;5.0;28.0;49.6;57.0;0;0;0;0;16326.41;11280.08;5046.33;32426.119
2026-06-29T18:37:01.619069+02:00;standby;29.9;28.0;5.0;28.0;49.6;57.0;0;0;0;0;16326.41;11280.08;5046.33;32426.119
2026-06-29T18:38:02.105121+02:00;standby;29.9;28.0;5.0;28.0;49.6;57.0;0;0;0;0;16326.41;11280.08;5046.33;32426.119
2026-06-29T18:39:02.758863+02:00;standby;29.9;28.0;5.0;28.0;49.6;57.0;0;0;0;0;16326.41;11280.08;5046.33;32426.119
2026-06-29T18:40:03.347367+02:00;standby;29.9;28.0;5.0;28.0;49.5;57.0;0;0;0;0;16326.41;11280.08;5046.33;32426.119
2026-06-29T18:41:04.040879+02:00;standby;29.9;28.0;5.0;28.0;49.5;57.0;0;0;0;0;16326.41;11280.08;5046.33;32426.119
2026-06-29T18:42:04.774425+02:00;standby;29.9;28.0;5.0;28.0;49.5;57.0;0;0;0;0;16326.41;11280.08;5046.33;32426.119
2026-06-29T18:43:05.418041+02:00;standby;29.9;28.0;5.0;28.0;49.5;57.0;0;0;0;0;16326.41;11280.08;5046.33;32426.119
2026-06-29T18:44:05.976276+02:00;standby;29.9;28.0;5.0;28.0;49.5;57.0;0;0;0;0;16326.41;11280.08;5046.33;32426.119
2026-06-29T18:45:07.241856+02:00;standby;29.9;28.0;5.0;28.0;49.5;57.0;0;0;0;0;16326.41;11280.08;5046.33;32426.119
2026-06-29T18:46:07.777888+02:00;standby;29.9;28.0;5.0;28.0;49.4;57.0;0;0;0;0;16326.41;11280.08;5046.33;32426.119
2026-06-29T18:47:08.311503+02:00;standby;29.9;28.0;5.0;28.0;49.4;57.0;0;0;0;0;16326.41;11280.08;5046.33;32426.119
2026-06-29T18:48:09.010138+02:00;standby;29.9;28.0;5.0;28.0;49.4;57.0;0;0;0;0;16326.41;11280.08;5046.33;32426.119
2026-06-29T18:49:09.855766+02:00;standby;29.9;28.0;5.0;28.0;49.4;57.0;0;0;0;0;16326.41;11280.08;5046.33;32426.119
2026-06-29T18:50:10.322663+02:00;standby;29.9;28.0;5.0;28.0;49.4;57.0;0;0;0;0;16326.41;11280.08;5046.33;32426.119
2026-06-29T18:51:10.864203+02:00;standby;29.9;28.0;5.0;28.0;49.4;57.0;0;0;0;0;16326.41;11280.08;5046.33;32426.119
2026-06-29T18:52:11.803157+02:00;standby;29.9;28.0;5.0;28.0;49.4;57.0;0;0;0;0;16326.41;11280.08;5046.33;32426.119
2026-06-29T18:53:12.287378+02:00;standby;29.9;28.0;5.0;28.0;49.4;57.0;0;0;0;0;16326.41;11280.08;5046.33;32426.119
2026-06-29T18:54:12.805217+02:00;standby;29.9;28.0;5.0;28.0;49.4;57.0;0;0;0;0;16326.41;11280.08;5046.33;32426.119
2026-06-29T18:55:13.259725+02:00;standby;29.9;28.0;5.0;28.0;49.4;57.0;0;0;0;0;16326.41;11280.08;5046.33;32426.119
2026-06-29T18:56:13.847391+02:00;standby;29.9;28.0;5.0;28.0;49.3;57.0;0;0;0;0;16326.41;11280.08;5046.33;32426.119
2026-06-29T18:57:14.404910+02:00;standby;29.9;28.0;5.0;28.0;49.3;57.0;0;0;0;0;16326.41;11280.08;5046.33;32426.119
2026-06-29T18:58:15.093381+02:00;standby;29.9;28.0;5.0;28.0;49.3;57.0;0;0;0;0;16326.41;11280.08;5046.33;32426.119
2026-06-29T18:59:15.746444+02:00;standby;29.9;28.0;5.0;28.0;49.3;57.0;0;0;0;0;16326.41;11280.08;5046.33;32426.119
2026-06-29T19:00:16.483437+02:00;standby;29.9;28.0;5.0;28.0;49.3;57.0;0;0;0;0;16326.41;11280.08;5046.33;32426.119
2026-06-29T19:01:17.082407+02:00;standby;29.9;28.0;5.0;28.0;49.3;57.0;0;0;0;0;16326.41;11280.08;5046.33;32426.119
2026-06-29T19:02:17.741470+02:00;standby;29.9;28.0;5.0;28.0;49.3;57.0;0;0;0;0;16326.41;11280.08;5046.33;32426.119
2026-06-29T19:03:18.440086+02:00;standby;29.9;28.0;5.0;28.0;49.3;57.0;0;0;0;0;16326.41;11280.08;5046.33;32426.119
2026-06-29T19:04:19.028488+02:00;standby;29.9;28.0;5.0;28.0;49.3;57.0;0;0;0;0;16326.41;11280.08;5046.33;32426.119
2026-06-29T19:05:19.584544+02:00;standby;29.9;28.0;5.0;28.0;49.3;57.0;0;0;0;0;16326.41;11280.08;5046.33;32426.119
2026-06-29T19:06:20.169203+02:00;standby;29.9;28.0;5.0;28.0;49.3;57.0;0;0;0;0;16326.41;11280.08;5046.33;32426.119
2026-06-29T19:07:20.791309+02:00;standby;29.9;28.0;5.0;28.0;49.2;57.0;0;0;0;0;16326.41;11280.08;5046.33;32426.119
2026-06-29T19:08:21.348085+02:00;standby;29.9;28.0;5.0;28.0;49.2;57.0;0;0;0;0;16326.41;11280.08;5046.33;32426.119
2026-06-29T19:09:21.928109+02:00;standby;29.9;28.0;5.0;28.0;49.2;57.0;0;0;0;0;16326.41;11280.08;5046.33;32426.119
2026-06-29T19:10:22.671101+02:00;standby;29.9;28.0;5.0;28.0;49.2;57.0;0;0;0;0;16326.41;11280.08;5046.33;32426.119
2026-06-29T19:11:23.301901+02:00;standby;29.9;28.0;5.0;28.0;49.2;57.0;0;0;0;0;16326.41;11280.08;5046.33;32426.119
2026-06-29T19:12:23.945091+02:00;standby;29.9;28.0;5.0;28.0;49.2;57.0;0;0;0;0;16326.41;11280.08;5046.33;32426.119
2026-06-29T19:13:24.753085+02:00;standby;29.9;28.0;5.0;28.0;49.2;57.0;0;0;0;0;16326.41;11280.08;5046.33;32426.119
2026-06-29T19:14:25.285720+02:00;standby;29.9;28.0;5.0;28.0;49.2;57.0;0;0;0;0;16326.41;11280.08;5046.33;32426.119
2026-06-29T19:15:25.788096+02:00;standby;29.9;28.0;5.0;28.0;49.2;57.0;0;0;0;0;16326.41;11280.08;5046.33;32426.119
2026-06-29T19:16:27.765325+02:00;standby;29.9;28.0;5.0;28.0;49.1;57.0;0;0;0;0;16326.41;11280.08;5046.33;32426.119
2026-06-29T19:17:28.364273+02:00;standby;29.9;28.0;5.0;28.0;49.1;57.0;0;0;0;0;16326.41;11280.08;5046.33;32426.119
2026-06-29T19:18:28.978578+02:00;standby;29.9;28.0;5.0;28.0;49.1;57.0;0;0;0;0;16326.41;11280.08;5046.33;32426.119
2026-06-29T19:19:29.522485+02:00;standby;29.9;28.0;5.0;28.0;49.1;57.0;0;0;0;0;16326.41;11280.08;5046.33;32426.119
2026-06-29T19:20:30.022591+02:00;standby;29.9;28.0;5.0;28.0;49.1;57.0;0;0;0;0;16326.41;11280.08;5046.33;32426.119
2026-06-29T19:21:30.653118+02:00;standby;29.9;28.0;5.0;28.0;49.1;57.0;0;0;0;0;16326.41;11280.08;5046.33;32426.119
2026-06-29T19:22:31.158059+02:00;standby;29.9;28.0;5.0;28.0;49.1;57.0;0;0;0;0;16326.41;11280.08;5046.33;32426.119
2026-06-29T19:23:31.658863+02:00;standby;29.9;28.0;5.0;28.0;49.1;57.0;0;0;0;0;16326.41;11280.08;5046.33;32426.119
2026-06-29T19:24:32.407706+02:00;standby;29.9;28.0;5.0;28.0;49.1;57.0;0;0;0;0;16326.41;11280.08;5046.33;32426.119
2026-06-29T19:25:32.903089+02:00;standby;29.9;28.0;5.0;28.0;49.1;57.0;0;0;0;0;16326.41;11280.08;5046.33;32426.119
2026-06-29T19:26:33.482960+02:00;standby;29.9;28.0;5.0;28.0;49.1;57.0;0;0;0;0;16326.41;11280.08;5046.33;32426.119
2026-06-29T19:27:33.938915+02:00;standby;29.9;28.0;5.0;28.0;49.0;57.0;0;0;0;0;16326.41;11280.08;5046.33;32426.119
2026-06-29T19:28:34.325655+02:00;standby;29.9;27.9;5.0;28.0;49.0;57.0;0;0;0;0;16326.41;11280.08;5046.33;32426.119
2026-06-29T19:29:34.801905+02:00;standby;29.9;28.0;5.0;28.0;49.0;57.0;0;0;0;0;16326.41;11280.08;5046.33;32426.119
2026-06-29T19:30:35.540978+02:00;standby;29.8;28.0;5.0;28.0;48.8;57.0;0;0;0;0;16326.41;11280.08;5046.33;32426.119
2026-06-29T19:31:36.064357+02:00;standby;29.8;28.0;5.0;28.0;48.6;57.0;0;0;0;0;16326.41;11280.08;5046.33;32426.119
2026-06-29T19:32:36.779754+02:00;standby;29.8;28.0;5.0;28.0;48.6;57.0;0;0;0;0;16326.41;11280.08;5046.33;32426.119
2026-06-29T19:33:37.290932+02:00;standby;29.8;28.0;5.0;28.0;48.5;57.0;0;0;0;0;16326.41;11280.08;5046.33;32426.119
2026-06-29T19:34:37.915915+02:00;standby;29.8;28.0;5.0;28.0;48.5;57.0;0;0;0;0;16326.41;11280.08;5046.33;32426.119
2026-06-29T19:35:38.472487+02:00;standby;29.8;28.0;5.0;28.0;48.4;57.0;0;0;0;0;16326.41;11280.08;5046.33;32426.119
2026-06-29T19:36:39.022019+02:00;standby;29.8;28.0;5.0;28.0;48.4;57.0;0;0;0;0;16326.41;11280.08;5046.33;32426.119
2026-06-29T19:37:39.802792+02:00;standby;29.8;28.0;5.0;28.0;48.4;57.0;0;0;0;0;16326.41;11280.08;5046.33;32426.119
2026-06-29T19:38:40.906782+02:00;standby;29.8;28.0;5.0;28.0;48.4;57.0;0;0;0;0;16326.41;11280.08;5046.33;32426.119
2026-06-29T19:39:41.457257+02:00;standby;29.8;28.0;5.0;28.0;48.4;57.0;0;0;0;0;16326.41;11280.08;5046.33;32426.119
2026-06-29T19:40:42.037411+02:00;standby;29.8;27.9;5.0;28.0;48.2;57.0;0;0;0;0;16326.41;11280.08;5046.33;32426.119
2026-06-29T19:41:42.679309+02:00;standby;29.8;27.9;5.0;28.0;48.2;57.0;0;0;0;0;16326.41;11280.08;5046.33;32426.119
2026-06-29T19:42:43.290444+02:00;standby;29.8;27.9;5.0;28.0;48.2;57.0;0;0;0;0;16326.41;11280.08;5046.33;32426.119
2026-06-29T19:43:43.802175+02:00;standby;29.8;27.9;5.0;28.0;48.2;57.0;0;0;0;0;16326.41;11280.08;5046.33;32426.119
2026-06-29T19:44:44.437247+02:00;standby;29.8;28.0;5.0;28.0;48.2;57.0;0;0;0;0;16326.41;11280.08;5046.33;32426.119
2026-06-29T19:45:44.974210+02:00;standby;29.8;27.9;5.0;28.0;48.2;57.0;0;0;0;0;16326.41;11280.08;5046.33;32426.119
2026-06-29T19:46:45.500230+02:00;standby;29.8;28.0;5.0;28.0;48.2;57.0;0;0;0;0;16326.41;11280.08;5046.33;32426.119
2026-06-29T19:47:46.021811+02:00;standby;29.8;28.0;5.0;28.0;48.2;57.0;0;0;0;0;16326.41;11280.08;5046.33;32426.119
2026-06-29T19:48:46.935363+02:00;standby;29.8;27.9;5.0;28.0;48.2;57.0;0;0;0;0;16326.41;11280.08;5046.33;32426.119
2026-06-29T19:49:47.664831+02:00;standby;29.8;27.9;5.0;28.0;48.1;57.0;0;0;0;0;16326.41;11280.08;5046.33;32426.119
2026-06-29T19:50:48.252275+02:00;standby;29.8;27.9;5.0;28.0;47.9;57.0;0;0;0;0;16326.41;11280.08;5046.33;32426.119
2026-06-29T19:51:48.800471+02:00;standby;29.8;27.9;5.0;28.0;47.8;57.0;0;0;0;0;16326.41;11280.08;5046.33;32426.119
2026-06-29T19:52:49.300269+02:00;standby;29.8;27.9;5.0;28.0;47.7;57.0;0;0;0;0;16326.41;11280.08;5046.33;32426.119
2026-06-29T19:53:50.119581+02:00;standby;29.8;27.9;5.0;28.0;47.6;57.0;0;0;0;0;16326.41;11280.08;5046.33;32426.119
2026-06-29T19:54:50.646202+02:00;standby;29.8;27.9;5.0;28.0;47.4;57.0;0;0;0;0;16326.41;11280.08;5046.33;32426.119
2026-06-29T19:55:51.196063+02:00;standby;29.8;27.9;5.0;28.0;47.3;57.0;0;0;0;0;16326.41;11280.08;5046.33;32426.119
2026-06-29T19:56:52.395291+02:00;standby;29.8;27.9;5.0;28.0;47.1;57.0;0;0;0;0;16326.41;11280.08;5046.33;32426.119
2026-06-29T19:57:53.021706+02:00;dhw;29.8;28.0;85.0;28.0;46.9;57.0;1;0;1;0;16326.41;11280.08;5046.33;32426.119
2026-06-29T19:58:03.662755+02:00;dhw;29.8;34.3;85.0;28.0;46.9;57.0;1;34;1;0;16326.43;11280.08;5046.35;32426.119
2026-06-29T19:58:15.496620+02:00;dhw;29.8;36.8;85.0;28.0;46.9;57.0;1;23;1;0;16326.44;11280.08;5046.36;32426.119
2026-06-29T19:58:26.324869+02:00;dhw;29.8;37.1;85.0;28.0;46.9;57.0;1;23;1;0;16326.45;11280.08;5046.37;32426.119
2026-06-29T19:58:37.264439+02:00;dhw;29.8;37.7;85.0;28.0;46.8;57.0;1;23;1;0;16326.46;11280.08;5046.38;32426.119
2026-06-29T19:58:48.908711+02:00;dhw;29.8;37.2;85.0;28.0;46.7;57.0;1;23;1;100;16326.47;11280.08;5046.39;32426.119
2026-06-29T19:58:59.606341+02:00;dhw;29.8;37.3;85.0;28.0;46.6;57.0;1;23;1;100;16326.47;11280.08;5046.4;32426.119
2026-06-29T19:59:10.272495+02:00;dhw;29.8;37.1;85.0;28.0;46.5;57.0;1;23;1;100;16326.48;11280.08;5046.41;32426.119
2026-06-29T19:59:20.979435+02:00;dhw;29.8;38.0;85.0;28.0;46.5;57.0;1;23;1;100;16326.5;11280.08;5046.42;32426.119
2026-06-29T19:59:31.964033+02:00;dhw;29.8;38.3;85.0;28.0;46.3;57.0;1;23;1;100;16326.5;11280.08;5046.42;32426.119
2026-06-29T19:59:42.909093+02:00;dhw;29.8;39.4;85.0;28.0;46.2;57.0;1;29;1;100;16326.52;11280.08;5046.44;32426.119
2026-06-29T19:59:53.483917+02:00;dhw;29.8;40.4;85.0;28.0;46.0;57.0;1;40;1;100;16326.53;11280.08;5046.45;32426.119
2026-06-29T20:00:04.305795+02:00;dhw;29.8;42.1;85.0;28.0;45.9;57.0;1;51;1;100;16326.55;11280.08;5046.47;32426.119
2026-06-29T20:00:15.389350+02:00;dhw;29.8;44.0;85.0;28.0;45.9;57.0;1;63;1;100;16326.57;11280.08;5046.5;32426.119
2026-06-29T20:00:28.278698+02:00;dhw;29.8;46.0;85.0;28.0;45.8;57.0;1;75;1;100;16326.6;11280.08;5046.52;32426.119
2026-06-29T20:00:39.152796+02:00;dhw;29.8;48.0;85.0;28.0;45.7;57.0;1;85;1;100;16326.63;11280.08;5046.55;32426.119
2026-06-29T20:00:50.288916+02:00;dhw;29.8;51.2;85.0;28.0;45.6;57.0;1;100;1;100;16326.68;11280.08;5046.6;32426.119
2026-06-29T20:01:05.576284+02:00;dhw;29.8;54.0;85.0;28.0;45.6;57.0;1;108;1;100;16326.73;11280.08;5046.65;32426.119
2026-06-29T20:01:16.626175+02:00;dhw;29.8;57.0;85.0;28.0;45.5;57.0;1;108;1;100;16326.78;11280.08;5046.71;32426.119
2026-06-29T20:01:28.917562+02:00;dhw;29.8;59.1;85.0;28.0;45.5;57.0;1;108;1;100;16326.83;11280.08;5046.75;32426.119
2026-06-29T20:01:40.781028+02:00;dhw;29.8;61.0;85.0;28.0;45.5;57.0;1;108;1;100;16326.88;11280.08;5046.8;32426.119
2026-06-29T20:01:53.284450+02:00;dhw;29.8;63.4;85.0;28.0;45.5;57.0;1;108;1;100;16326.94;11280.08;5046.87;32426.119
2026-06-29T20:02:04.458339+02:00;dhw;29.8;64.5;85.0;28.0;45.6;57.0;1;108;1;100;16326.98;11280.08;5046.91;32426.219
2026-06-29T20:02:16.812045+02:00;dhw;29.8;65.6;85.0;28.0;45.6;57.0;1;108;1;100;16327.03;11280.08;5046.95;32426.219
2026-06-29T20:02:27.576776+02:00;dhw;29.8;67.0;85.0;28.0;45.7;57.0;1;108;1;100;16327.09;11280.08;5047.02;32426.219
2026-06-29T20:02:38.247519+02:00;dhw;29.8;67.2;85.0;28.0;45.8;57.0;1;108;1;100;16327.11;11280.08;5047.03;32426.219
2026-06-29T20:02:49.186236+02:00;dhw;29.8;68.0;85.0;28.0;45.9;57.0;1;108;1;100;16327.16;11280.08;5047.08;32426.219
2026-06-29T20:03:00.128859+02:00;dhw;29.8;68.5;85.0;28.0;46.1;57.0;1;108;1;100;16327.2;11280.08;5047.12;32426.219
2026-06-29T20:03:10.866233+02:00;dhw;29.8;69.1;85.0;28.0;46.4;57.0;1;108;1;100;16327.24;11280.08;5047.16;32426.219
2026-06-29T20:03:22.132760+02:00;dhw;29.8;70.0;85.0;28.0;46.6;57.0;1;108;1;100;16327.32;11280.08;5047.24;32426.219
2026-06-29T20:03:32.821129+02:00;dhw;29.8;70.4;85.0;28.0;46.7;57.0;1;108;1;100;16327.36;11280.08;5047.28;32426.219
2026-06-29T20:03:46.843412+02:00;dhw;29.8;70.7;85.0;28.0;46.9;57.0;1;108;1;100;16327.41;11280.08;5047.33;32426.219
2026-06-29T20:03:58.108503+02:00;dhw;29.8;71.1;85.0;28.0;47.1;57.0;1;108;1;100;16327.44;11280.08;5047.37;32426.219
2026-06-29T20:04:08.855344+02:00;dhw;29.8;71.4;85.0;28.0;47.3;57.0;1;108;1;100;16327.49;11280.08;5047.41;32426.219
2026-06-29T20:04:19.530651+02:00;dhw;29.8;71.8;85.0;28.0;47.5;57.0;1;108;1;100;16327.53;11280.08;5047.45;32426.219
2026-06-29T20:04:30.254459+02:00;dhw;29.8;72.1;85.0;28.0;47.7;57.0;1;108;1;100;16327.57;11280.08;5047.5;32426.219
2026-06-29T20:04:41.341372+02:00;dhw;29.8;72.3;85.0;28.0;48.2;57.0;1;108;1;100;16327.61;11280.08;5047.53;32426.219
2026-06-29T20:04:52.077224+02:00;dhw;29.8;72.9;85.0;28.0;48.5;57.0;1;108;1;100;16327.7;11280.08;5047.62;32426.219
2026-06-29T20:05:03.118446+02:00;dhw;29.8;73.1;85.0;28.0;48.7;57.0;1;108;1;100;16327.74;11280.08;5047.66;32426.219
2026-06-29T20:05:15.006288+02:00;dhw;29.8;73.4;85.0;28.0;48.7;57.0;1;108;1;100;16327.78;11280.08;5047.7;32426.219
2026-06-29T20:05:25.777782+02:00;dhw;29.8;73.6;85.0;28.0;49.1;57.0;1;108;1;100;16327.82;11280.08;5047.75;32426.219
2026-06-29T20:05:37.028247+02:00;dhw;29.8;74.0;85.0;28.0;49.4;57.0;1;108;1;100;16327.87;11280.08;5047.79;32426.219
2026-06-29T20:05:47.682267+02:00;dhw;29.8;74.2;85.0;28.0;49.6;57.0;1;108;1;100;16327.91;11280.08;5047.83;32426.219
2026-06-29T20:05:58.293397+02:00;dhw;29.8;74.5;85.0;28.0;49.8;57.0;1;108;1;100;16327.95;11280.08;5047.87;32426.318
2026-06-29T20:06:08.970459+02:00;dhw;29.8;74.6;85.0;28.0;50.0;57.0;1;108;1;100;16327.99;11280.08;5047.91;32426.318
2026-06-29T20:06:19.622935+02:00;dhw;29.8;75.1;85.0;28.0;50.2;57.0;1;108;1;100;16328.05;11280.08;5047.98;32426.318
2026-06-29T20:06:30.943459+02:00;dhw;29.8;75.4;85.0;28.0;50.5;57.0;1;108;1;100;16328.12;11280.08;5048.04;32426.318
2026-06-29T20:06:41.625773+02:00;dhw;29.8;75.6;85.0;28.0;50.7;57.0;1;108;1;100;16328.16;11280.08;5048.08;32426.318
2026-06-29T20:06:52.168551+02:00;dhw;29.8;75.8;85.0;28.0;50.8;57.0;1;108;1;100;16328.2;11280.08;5048.12;32426.318
2026-06-29T20:07:02.923302+02:00;dhw;29.8;76.1;85.0;28.0;51.1;57.0;1;108;1;100;16328.24;11280.08;5048.16;32426.318
2026-06-29T20:07:13.776734+02:00;dhw;29.8;76.2;85.0;28.0;51.2;57.0;1;108;1;100;16328.28;11280.08;5048.21;32426.318
2026-06-29T20:07:24.959944+02:00;dhw;29.8;76.5;85.0;28.0;51.4;57.0;1;108;1;100;16328.33;11280.08;5048.25;32426.318
2026-06-29T20:07:36.211031+02:00;dhw;29.8;76.7;85.0;28.0;51.5;57.0;1;108;1;100;16328.36;11280.08;5048.29;32426.318
2026-06-29T20:07:46.925750+02:00;dhw;29.8;77.0;85.0;28.0;51.7;57.0;1;108;1;100;16328.41;11280.08;5048.33;32426.318
2026-06-29T20:07:57.903198+02:00;dhw;29.8;77.1;85.0;28.0;51.8;57.0;1;108;1;100;16328.45;11280.08;5048.37;32426.318
2026-06-29T20:08:08.964902+02:00;dhw;29.8;77.3;85.0;28.0;52.0;57.0;1;108;1;100;16328.49;11280.08;5048.41;32426.318
2026-06-29T20:08:21.162277+02:00;dhw;29.8;77.6;85.0;28.0;52.1;57.0;1;108;1;100;16328.53;11280.08;5048.46;32426.318
2026-06-29T20:08:32.414938+02:00;dhw;29.8;78.0;85.0;28.0;52.4;57.0;1;108;1;100;16328.62;11280.08;5048.54;32426.318
2026-06-29T20:08:43.166498+02:00;dhw;29.8;78.2;85.0;28.0;52.6;57.0;1;108;1;100;16328.66;11280.08;5048.58;32426.318
2026-06-29T20:08:55.195791+02:00;dhw;29.8;78.3;85.0;28.0;52.7;57.0;1;108;1;100;16328.7;11280.08;5048.62;32426.318
2026-06-29T20:09:06.028717+02:00;dhw;29.8;78.5;85.0;28.0;52.8;57.0;1;108;1;100;16328.74;11280.08;5048.67;32426.318
2026-06-29T20:09:16.880443+02:00;dhw;29.8;79.0;85.0;28.0;53.1;57.0;1;108;1;100;16328.81;11280.08;5048.74;32426.318
2026-06-29T20:09:28.950023+02:00;dhw;29.8;79.0;85.0;28.0;53.2;57.0;1;108;1;100;16328.83;11280.08;5048.75;32426.318
2026-06-29T20:09:39.843748+02:00;dhw;29.8;79.1;85.0;28.0;53.3;57.0;1;108;1;100;16328.87;11280.08;5048.79;32426.318
2026-06-29T20:09:50.866249+02:00;dhw;29.8;79.6;85.0;28.0;53.6;57.0;1;108;1;100;16328.95;11280.08;5048.88;32426.318
2026-06-29T20:10:01.639207+02:00;dhw;29.8;79.8;85.0;28.0;53.7;57.0;1;108;1;100;16328.99;11280.08;5048.92;32426.418
2026-06-29T20:10:12.390890+02:00;dhw;29.8;80.1;85.0;28.0;53.8;57.0;1;108;1;100;16329.05;11280.08;5048.97;32426.418
2026-06-29T20:10:23.635004+02:00;dhw;29.8;80.1;85.0;28.0;54.0;57.0;1;108;1;100;16329.05;11280.08;5048.97;32426.418
2026-06-29T20:10:37.479415+02:00;dhw;29.8;80.4;85.0;28.0;54.1;57.0;1;108;1;100;16329.12;11280.08;5049.04;32426.418
2026-06-29T20:10:49.529825+02:00;dhw;29.8;80.6;85.0;28.0;54.3;57.0;1;108;1;100;16329.16;11280.08;5049.09;32426.418
2026-06-29T20:11:05.137408+02:00;dhw;29.8;80.9;85.0;28.0;54.6;57.0;1;108;1;100;16329.24;11280.08;5049.17;
2026-06-29T20:11:16.165170+02:00;dhw;29.8;81.1;85.0;28.0;54.7;57.0;1;108;1;100;16329.29;11280.08;5049.21;32426.418
2026-06-29T20:11:27.113186+02:00;dhw;29.8;81.2;85.0;28.0;54.9;57.0;1;108;1;100;16329.33;11280.08;5049.25;32426.418
2026-06-29T20:11:38.884236+02:00;dhw;29.8;81.4;85.0;28.0;55.2;57.0;1;108;1;100;16329.37;11280.08;5049.29;32426.418
2026-06-29T20:11:49.941722+02:00;dhw;29.8;81.9;85.0;28.0;55.5;57.0;1;108;1;100;16329.45;11280.08;5049.38;32426.418
2026-06-29T20:12:05.103192+02:00;dhw;29.8;82.0;85.0;28.0;55.6;57.0;1;108;1;100;16329.49;11280.08;5049.42;32426.418
2026-06-29T20:12:15.899323+02:00;dhw;29.8;82.2;85.0;28.0;55.8;57.0;1;108;1;100;16329.54;11280.08;5049.46;32426.418
2026-06-29T20:12:27.346477+02:00;dhw;29.8;82.4;85.0;28.0;56.0;57.0;1;108;1;100;16329.58;11280.08;5049.5;32426.418
2026-06-29T20:12:39.120611+02:00;dhw;29.8;82.5;85.0;28.0;56.1;57.0;1;108;1;100;16329.62;11280.08;5049.54;32426.418
2026-06-29T20:12:50.913867+02:00;dhw;29.8;82.8;85.0;28.0;56.4;57.0;1;108;1;100;16329.71;11280.08;5049.63;32426.418
2026-06-29T20:13:01.982226+02:00;dhw;29.8;83.0;85.0;28.0;56.6;57.0;1;108;1;100;16329.75;11280.08;5049.67;32426.418
2026-06-29T20:13:12.829056+02:00;dhw;29.8;83.2;85.0;28.0;56.6;57.0;1;108;1;100;16329.79;11280.08;5049.71;32426.418
2026-06-29T20:13:23.585325+02:00;standby;29.8;83.7;85.0;28.0;56.9;57.0;0;0;1;100;16329.84;11280.08;5049.76;32426.418
2026-06-29T20:13:34.530296+02:00;standby;29.8;82.9;85.0;28.0;57.2;57.0;0;0;1;100;16329.84;11280.08;5049.76;32426.418
2026-06-29T20:13:45.260767+02:00;standby;29.8;80.8;85.0;28.0;57.5;57.0;0;0;1;10;16329.84;11280.08;5049.76;32426.418
2026-06-29T20:13:55.813171+02:00;standby;29.8;78.8;85.0;28.0;57.7;57.0;0;0;1;10;16329.84;11280.08;5049.76;32426.418
2026-06-29T20:14:06.442031+02:00;standby;29.8;75.9;85.0;28.0;57.8;57.0;0;0;1;10;16329.84;11280.08;5049.76;32426.418
2026-06-29T20:14:16.997387+02:00;standby;29.8;74.8;85.0;28.0;58.0;57.0;0;0;1;10;16329.84;11280.08;5049.76;32426.418
2026-06-29T20:15:17.552544+02:00;standby;29.8;66.9;5.0;28.0;58.7;57.0;0;0;1;10;16329.84;11280.08;5049.76;32426.418
2026-06-29T20:16:18.146369+02:00;standby;29.8;63.4;5.0;28.0;59.3;57.0;0;0;1;10;16329.84;11280.08;5049.76;32426.418
2026-06-29T20:17:18.687302+02:00;standby;29.8;63.5;5.0;28.0;59.6;57.0;0;0;0;0;16329.84;11280.08;5049.76;32426.418
2026-06-29T20:18:19.395711+02:00;standby;29.8;64.0;5.0;28.0;59.7;57.0;0;0;0;0;16329.84;11280.08;5049.76;32426.418
2026-06-29T20:19:20.011358+02:00;standby;29.8;64.2;5.0;28.0;59.8;57.0;0;0;0;0;16329.84;11280.08;5049.76;32426.418
2026-06-29T20:20:20.530475+02:00;standby;29.8;64.3;5.0;28.0;59.8;57.0;0;0;0;0;16329.84;11280.08;5049.76;32426.418
2026-06-29T20:21:21.085224+02:00;standby;29.8;64.3;5.0;28.0;59.8;57.0;0;0;0;0;16329.84;11280.08;5049.76;32426.418
2026-06-29T20:22:21.575270+02:00;standby;29.8;64.2;5.0;28.0;59.8;57.0;0;0;0;0;16329.84;11280.08;5049.76;32426.418
2026-06-29T20:23:22.082731+02:00;standby;29.8;64.2;5.0;28.0;59.8;57.0;0;0;0;0;16329.84;11280.08;5049.76;32426.418
2026-06-29T20:24:22.591198+02:00;standby;29.8;64.1;5.0;28.0;59.8;57.0;0;0;0;0;16329.84;11280.08;5049.76;32426.418
2026-06-29T20:25:32.774328+02:00;standby;29.8;;;28.0;;;0;;0;;;;;32426.418
2026-06-29T20:26:33.591333+02:00;standby;29.8;63.8;5.0;28.0;59.8;57.0;0;0;0;0;16329.84;11280.08;5049.76;32426.418
2026-06-29T20:27:34.167576+02:00;standby;29.8;63.7;5.0;28.0;59.8;57.0;0;0;0;0;16329.84;11280.08;5049.76;32426.418
2026-06-29T20:28:44.240451+02:00;standby;29.8;;;;;;0;;0;;;;;32426.418
2026-06-29T20:29:45.975278+02:00;standby;29.8;63.5;5.0;28.0;59.8;57.0;0;0;0;0;16329.84;11280.08;5049.76;32426.418
2026-06-29T20:30:56.080241+02:00;standby;;;;;;;0;;0;;;;;32426.418
2026-06-29T20:32:09.168232+02:00;standby;;;;;;;0;;0;;;;;32426.418
2026-06-29T20:33:19.249608+02:00;standby;;;;;;;0;;0;;;;;32426.418
2026-06-29T20:34:19.699890+02:00;standby;;62.9;5.0;28.0;59.8;57.0;0;0;0;0;16329.84;11280.08;5049.76;32426.418
2026-06-29T20:35:20.161269+02:00;standby;;62.8;5.0;28.0;59.8;57.0;0;0;0;0;16329.84;11280.08;5049.76;32426.418
2026-06-29T20:36:20.644558+02:00;standby;;62.7;5.0;28.0;59.8;57.0;0;0;0;0;16329.84;11280.08;5049.76;32426.418
2026-06-29T20:37:21.052227+02:00;standby;;62.6;5.0;28.0;59.8;57.0;0;0;0;0;16329.84;11280.08;5049.76;32426.418
2026-06-29T20:38:21.518138+02:00;standby;;62.3;5.0;28.0;59.7;57.0;0;0;0;0;16329.84;11280.08;5049.76;32426.418
2026-06-29T20:39:22.098113+02:00;standby;;62.2;5.0;28.0;59.7;57.0;0;0;0;0;16329.84;11280.08;5049.76;32426.418
2026-06-29T20:40:22.517104+02:00;standby;;62.1;5.0;28.0;59.7;57.0;0;0;0;0;16329.84;11280.08;5049.76;32426.418
2026-06-29T20:41:22.969186+02:00;standby;;62.0;5.0;28.0;59.7;57.0;0;0;0;0;16329.84;11280.08;5049.76;32426.418
2026-06-29T20:42:23.388564+02:00;standby;;61.9;5.0;28.0;59.7;57.0;0;0;0;0;16329.84;11280.08;5049.76;32426.418
2026-06-29T20:43:23.860599+02:00;standby;;61.7;5.0;28.0;59.7;57.0;0;0;0;0;16329.84;11280.08;5049.76;32426.418
2026-06-29T20:44:24.335467+02:00;standby;;61.5;5.0;28.0;59.7;57.0;0;0;0;0;16329.84;11280.08;5049.76;32426.418
2026-06-29T20:45:24.996471+02:00;standby;;61.4;5.0;28.0;59.7;57.0;0;0;0;0;16329.84;11280.08;5049.76;32426.418
2026-06-29T20:46:25.398754+02:00;standby;;61.3;5.0;28.0;59.7;57.0;0;0;0;0;16329.84;11280.08;5049.76;32426.418
2026-06-29T20:47:26.037150+02:00;standby;;61.2;5.0;28.0;59.7;57.0;0;0;0;0;16329.84;11280.08;5049.76;32426.418
2026-06-29T20:48:26.454109+02:00;standby;;60.9;5.0;28.0;59.7;57.0;0;0;0;0;16329.84;11280.08;5049.76;32426.418
2026-06-29T20:49:26.870607+02:00;standby;;60.8;5.0;28.0;59.7;57.0;0;0;0;0;16329.84;11280.08;5049.76;32426.418
2026-06-29T20:50:27.271757+02:00;standby;;60.7;5.0;28.0;59.7;57.0;0;0;0;0;16329.84;11280.08;5049.76;32426.418
2026-06-29T20:51:27.716577+02:00;standby;;60.6;5.0;28.0;59.6;57.0;0;0;0;0;16329.84;11280.08;5049.76;32426.418
2026-06-29T20:52:28.225609+02:00;standby;;60.5;5.0;28.0;59.6;57.0;0;0;0;0;16329.84;11280.08;5049.76;32426.418
2026-06-29T20:53:28.829842+02:00;standby;;60.2;5.0;28.0;59.6;57.0;0;0;0;0;16329.84;11280.08;5049.76;32426.418
2026-06-29T20:54:29.274449+02:00;standby;;60.1;5.0;28.0;59.6;57.0;0;0;0;0;16329.84;11280.08;5049.76;32426.418
2026-06-29T20:55:29.726655+02:00;standby;;60.0;5.0;28.0;59.6;57.0;0;0;0;0;16329.84;11280.08;5049.76;32426.418
2026-06-29T20:56:30.158232+02:00;standby;;59.8;5.0;28.0;59.6;57.0;0;0;0;0;16329.84;11280.08;5049.76;32426.418
2026-06-29T20:57:30.674639+02:00;standby;;59.7;5.0;28.0;59.6;57.0;0;0;0;0;16329.84;11280.08;5049.76;32426.418
2026-06-29T20:58:31.093216+02:00;standby;;59.5;5.0;28.0;59.6;57.0;0;0;0;0;16329.84;11280.08;5049.76;32426.418
2026-06-29T20:59:31.556921+02:00;standby;;59.4;5.0;28.0;59.6;57.0;0;0;0;0;16329.84;11280.08;5049.76;32426.418
2026-06-29T21:00:32.276751+02:00;standby;;59.2;5.0;28.0;59.6;57.0;0;0;0;0;16329.84;11280.08;5049.76;32426.418
2026-06-29T21:01:32.805023+02:00;standby;;59.1;5.0;28.0;59.6;57.0;0;0;0;0;16329.84;11280.08;5049.76;32426.418
2026-06-29T21:02:33.326514+02:00;standby;;59.0;5.0;28.0;59.6;57.0;0;0;0;0;16329.84;11280.08;5049.76;32426.418
2026-06-29T21:03:33.935253+02:00;standby;;58.9;5.0;28.0;59.5;57.0;0;0;0;0;16329.84;11280.08;5049.76;32426.418
2026-06-29T21:04:34.403718+02:00;standby;;58.6;5.0;28.0;59.5;57.0;0;0;0;0;16329.84;11280.08;5049.76;32426.418
2026-06-29T21:05:34.830250+02:00;standby;;58.5;5.0;28.0;59.5;57.0;0;0;0;0;16329.84;11280.08;5049.76;32426.418
2026-06-29T21:06:35.287863+02:00;standby;;58.4;5.0;28.0;59.5;57.0;0;0;0;0;16329.84;11280.08;5049.76;32426.418
2026-06-29T21:07:35.811444+02:00;standby;;58.3;5.0;28.0;59.5;57.0;0;0;0;0;16329.84;11280.08;5049.76;32426.418
2026-06-29T21:08:36.239658+02:00;standby;;58.1;5.0;28.0;59.5;57.0;0;0;0;0;16329.84;11280.08;5049.76;32426.418
2026-06-29T21:09:36.796704+02:00;standby;;58.0;5.0;28.0;59.5;57.0;0;0;0;0;16329.84;11280.08;5049.76;32426.418
2026-06-29T21:10:37.898531+02:00;standby;;57.7;5.0;28.0;59.5;57.0;0;0;0;0;16329.84;11280.08;5049.76;32426.418
2026-06-29T21:11:38.464576+02:00;standby;;57.6;5.0;28.0;59.5;57.0;0;0;0;0;16329.84;11280.08;5049.76;32426.418
2026-06-29T21:12:39.183297+02:00;standby;;57.5;5.0;28.0;59.5;57.0;0;0;0;0;16329.84;11280.08;5049.76;32426.418
2026-06-29T21:13:40.102656+02:00;standby;;57.4;5.0;28.0;59.5;57.0;0;0;0;0;16329.84;11280.08;5049.76;32426.418
2026-06-29T21:14:40.786956+02:00;standby;;57.2;5.0;28.0;59.5;57.0;0;0;0;0;16329.84;11280.08;5049.76;32426.418
2026-06-29T21:15:41.217792+02:00;standby;;57.0;5.0;28.0;59.5;57.0;0;0;0;0;16329.84;11280.08;5049.76;32426.418
2026-06-29T21:16:41.771012+02:00;standby;;56.9;5.0;28.0;59.4;57.0;0;0;0;0;16329.84;11280.08;5049.76;32426.418
2026-06-29T21:17:42.489396+02:00;standby;;56.8;5.0;28.0;59.4;57.0;0;0;0;0;16329.84;11280.08;5049.76;32426.418
2026-06-29T21:18:42.962039+02:00;standby;;56.6;5.0;28.0;59.4;57.0;0;0;0;0;16329.84;11280.08;5049.76;32426.418
2026-06-29T21:19:43.445236+02:00;standby;;56.5;5.0;28.0;59.4;57.0;0;0;0;0;16329.84;11280.08;5049.76;32426.418
2026-06-29T21:20:44.207356+02:00;standby;;56.4;5.0;28.0;59.4;57.0;0;0;0;0;16329.84;11280.08;5049.76;32426.418
2026-06-29T21:21:44.926559+02:00;standby;;56.1;5.0;28.0;59.4;57.0;0;0;0;0;16329.84;11280.08;5049.76;32426.418
2026-06-29T21:22:45.849332+02:00;standby;;56.0;5.0;28.0;59.4;57.0;0;0;0;0;16329.84;11280.08;5049.76;32426.418
2026-06-29T21:23:47.449376+02:00;standby;;55.9;5.0;28.0;59.4;57.0;0;0;0;0;16329.84;11280.08;5049.76;32426.418
2026-06-29T21:24:48.178759+02:00;standby;;55.8;5.0;28.0;59.4;57.0;0;0;0;0;16329.84;11280.08;5049.76;32426.418
2026-06-29T21:25:48.643932+02:00;standby;;55.7;5.0;28.0;59.4;57.0;0;0;0;0;16329.84;11280.08;5049.76;32426.418
2026-06-29T21:26:49.115848+02:00;standby;;55.6;5.0;28.0;59.4;57.0;0;0;0;0;16329.84;11280.08;5049.76;32426.418
2026-06-29T21:27:49.544877+02:00;standby;;55.3;5.0;28.0;59.4;57.0;0;0;0;0;16329.84;11280.08;5049.76;32426.418
2026-06-29T21:28:50.249919+02:00;standby;;55.2;5.0;28.0;59.4;57.0;0;0;0;0;16329.84;11280.08;5049.76;32426.418
2026-06-29T21:29:50.670954+02:00;standby;;55.1;5.0;28.0;59.4;57.0;0;0;0;0;16329.84;11280.08;5049.76;32426.418
2026-06-29T21:30:51.089314+02:00;standby;;54.9;5.0;28.0;59.4;57.0;0;0;0;0;16329.84;11280.08;5049.76;32426.418
2026-06-29T21:31:51.548059+02:00;standby;26.4;54.8;5.0;28.0;59.4;57.0;0;0;0;0;16329.84;11280.08;5049.76;32426.418
2026-06-29T21:32:52.043467+02:00;standby;26.4;54.7;5.0;28.0;59.3;57.0;0;0;0;0;16329.84;11280.08;5049.76;32426.418
2026-06-29T21:33:52.694158+02:00;standby;26.4;54.6;5.0;28.0;59.3;57.0;0;0;0;0;16329.84;11280.08;5049.76;32426.418
2026-06-29T21:34:53.315843+02:00;standby;26.4;54.4;5.0;28.0;59.3;57.0;0;0;0;0;16329.84;11280.08;5049.76;32426.418
2026-06-29T21:35:53.984225+02:00;standby;26.4;54.3;5.0;28.0;59.3;57.0;0;0;0;0;16329.84;11280.08;5049.76;32426.418
2026-06-29T21:36:54.602076+02:00;standby;26.4;54.2;5.0;28.0;59.3;57.0;0;0;0;0;16329.84;11280.08;5049.76;32426.418
2026-06-29T21:37:55.180391+02:00;standby;26.4;54.0;5.0;28.0;59.3;57.0;0;0;0;0;16329.84;11280.08;5049.76;32426.418
2026-06-29T21:38:55.646099+02:00;standby;26.4;53.9;5.0;28.0;59.3;57.0;0;0;0;0;16329.84;11280.08;5049.76;32426.418
2026-06-29T21:39:56.165374+02:00;standby;26.4;53.8;5.0;28.0;59.3;57.0;0;0;0;0;16329.84;11280.08;5049.76;32426.418
2026-06-29T21:40:56.776897+02:00;standby;26.4;53.7;5.0;28.0;59.3;57.0;0;0;0;0;16329.84;11280.08;5049.76;32426.418
2026-06-29T21:41:57.322356+02:00;standby;26.4;53.6;5.0;28.0;59.3;57.0;0;0;0;0;16329.84;11280.08;5049.76;32426.418
2026-06-29T21:42:57.782949+02:00;standby;26.4;53.4;5.0;28.0;59.3;57.0;0;0;0;0;16329.84;11280.08;5049.76;32426.418
2026-06-29T21:43:58.195927+02:00;standby;26.4;53.3;5.0;28.0;59.3;57.0;0;0;0;0;16329.84;11280.08;5049.76;32426.418
2026-06-29T21:44:59.281031+02:00;standby;26.4;53.1;5.0;28.0;59.3;57.0;0;0;0;0;16329.84;11280.08;5049.76;32426.418
2026-06-29T21:45:59.997099+02:00;standby;26.4;53.0;5.0;28.0;59.2;57.0;0;0;0;0;16329.84;11280.08;5049.76;32426.418
2026-06-29T21:47:00.890743+02:00;standby;26.4;52.9;5.0;28.0;59.2;57.0;0;0;0;0;16329.84;11280.08;5049.76;32426.418
2026-06-29T21:48:01.336719+02:00;standby;26.4;52.8;5.0;28.0;59.2;57.0;0;0;0;0;16329.84;11280.08;5049.76;32426.418
2026-06-29T21:49:01.924355+02:00;standby;26.4;52.7;5.0;28.0;59.2;57.0;0;0;0;0;16329.84;11280.08;5049.76;32426.418
2026-06-29T21:50:02.379714+02:00;standby;26.4;52.6;5.0;28.0;59.2;57.0;0;0;0;0;16329.84;11280.08;5049.76;32426.418
2026-06-29T21:51:02.795161+02:00;standby;26.4;52.4;5.0;28.0;59.2;57.0;0;0;0;0;16329.84;11280.08;5049.76;32426.418
2026-06-29T21:52:03.283046+02:00;standby;26.4;52.2;5.0;28.0;59.2;57.0;0;0;0;0;16329.84;11280.08;5049.76;32426.418
2026-06-29T21:53:03.696232+02:00;standby;26.4;52.2;5.0;28.0;59.2;57.0;0;0;0;0;16329.84;11280.08;5049.76;32426.418
2026-06-29T21:54:04.406856+02:00;standby;26.4;52.0;5.0;28.0;59.2;57.0;0;0;0;0;16329.84;11280.08;5049.76;32426.418
2026-06-29T21:55:04.833444+02:00;standby;26.4;51.9;5.0;28.0;59.2;57.0;0;0;0;0;16329.84;11280.08;5049.76;32426.418
2026-06-29T21:56:05.702593+02:00;standby;26.4;51.8;5.0;28.0;59.2;57.0;0;0;0;0;16329.84;11280.08;5049.76;32426.418
2026-06-29T21:57:09.041648+02:00;standby;26.4;51.7;5.0;28.0;59.2;57.0;0;0;0;0;16329.84;11280.08;5049.76;32426.418
2026-06-29T21:58:09.463985+02:00;standby;26.4;51.6;5.0;28.0;59.2;57.0;0;0;0;0;16329.84;11280.08;5049.76;32426.418
2026-06-29T21:59:09.971972+02:00;standby;26.4;51.4;5.0;28.0;59.2;57.0;0;0;0;0;16329.84;11280.08;5049.76;32426.418
2026-06-29T22:00:10.404041+02:00;standby;26.4;51.3;5.0;28.0;59.2;57.0;0;0;0;0;16329.84;11280.08;5049.76;32426.418
2026-06-29T22:01:10.973388+02:00;standby;26.4;51.2;5.0;28.0;59.1;57.0;0;0;0;0;16329.84;11280.08;5049.76;32426.418
2026-06-29T22:02:11.841566+02:00;standby;26.4;51.1;5.0;28.0;59.1;57.0;0;0;0;0;16329.84;11280.08;5049.76;32426.418
2026-06-29T22:03:12.256380+02:00;standby;26.4;51.0;5.0;28.0;59.1;57.0;0;0;0;0;16329.84;11280.08;5049.76;32426.418
2026-06-29T22:04:12.681464+02:00;standby;26.4;50.9;5.0;28.0;59.1;57.0;0;0;0;0;16329.84;11280.08;5049.76;32426.418
2026-06-29T22:05:13.062389+02:00;standby;26.4;50.8;5.0;28.0;59.1;57.0;0;0;0;0;16329.84;11280.08;5049.76;32426.418
2026-06-29T22:06:13.509815+02:00;standby;26.4;50.7;5.0;28.0;59.1;57.0;0;0;0;0;16329.84;11280.08;5049.76;32426.418
2026-06-29T22:07:14.039861+02:00;standby;26.4;50.6;5.0;28.0;59.1;57.0;0;0;0;0;16329.84;11280.08;5049.76;32426.418
2026-06-29T22:08:14.456728+02:00;standby;26.4;50.4;5.0;28.0;59.1;57.0;0;0;0;0;16329.84;11280.08;5049.76;32426.418
2026-06-29T22:09:14.861906+02:00;standby;26.4;50.3;5.0;28.0;59.1;57.0;0;0;0;0;16329.84;11280.08;5049.76;32426.418
2026-06-29T22:10:15.282387+02:00;standby;26.4;50.2;5.0;28.0;59.1;57.0;0;0;0;0;16329.84;11280.08;5049.76;32426.418
2026-06-29T22:11:15.757566+02:00;standby;26.4;50.1;5.0;28.0;59.1;57.0;0;0;0;0;16329.84;11280.08;5049.76;32426.418
2026-06-29T22:12:16.225357+02:00;standby;26.4;50.0;5.0;28.0;59.1;57.0;0;0;0;0;16329.84;11280.08;5049.76;32426.418
2026-06-29T22:13:16.687981+02:00;standby;26.4;49.9;5.0;28.0;59.1;57.0;0;0;0;0;16329.84;11280.08;5049.76;32426.418
2026-06-29T22:14:17.223127+02:00;standby;26.4;49.8;5.0;28.0;59.1;57.0;0;0;0;0;16329.84;11280.08;5049.76;32426.418
2026-06-29T22:15:17.672465+02:00;standby;26.4;49.7;5.0;28.0;58.9;57.0;0;0;0;0;16329.84;11280.08;5049.76;32426.418
2026-06-29T22:16:18.129395+02:00;standby;26.4;49.5;5.0;28.0;58.9;57.0;0;0;0;0;16329.84;11280.08;5049.76;32426.418
2026-06-29T22:17:18.579152+02:00;standby;26.4;49.4;5.0;28.0;58.9;57.0;0;0;0;0;16329.84;11280.08;5049.76;32426.418
2026-06-29T22:18:19.077352+02:00;standby;26.4;49.3;5.0;28.0;58.9;57.0;0;0;0;0;16329.84;11280.08;5049.76;32426.418
2026-06-29T22:19:19.659909+02:00;standby;26.4;49.2;5.0;28.0;58.9;57.0;0;0;0;0;16329.84;11280.08;5049.76;32426.418
2026-06-29T22:20:20.321333+02:00;standby;26.4;49.1;5.0;28.0;58.9;57.0;0;0;0;0;16329.84;11280.08;5049.76;32426.418
2026-06-29T22:21:20.746457+02:00;standby;26.4;49.0;5.0;28.0;58.9;57.0;0;0;0;0;16329.84;11280.08;5049.76;32426.418
2026-06-29T22:22:21.175431+02:00;standby;26.4;49.0;5.0;28.0;58.9;57.0;0;0;0;0;16329.84;11280.08;5049.76;32426.418
2026-06-29T22:23:21.589337+02:00;standby;26.4;48.9;5.0;28.0;58.9;57.0;0;0;0;0;16329.84;11280.08;5049.76;32426.418
2026-06-29T22:24:22.116684+02:00;standby;26.4;48.7;5.0;28.0;58.9;57.0;0;0;0;0;16329.84;11280.08;5049.76;32426.418
2026-06-29T22:25:22.526942+02:00;standby;26.4;48.6;5.0;28.0;58.9;57.0;0;0;0;0;16329.84;11280.08;5049.76;32426.418
2026-06-29T22:26:22.974386+02:00;standby;26.4;48.5;5.0;28.0;58.9;57.0;0;0;0;0;16329.84;11280.08;5049.76;32426.418
2026-06-29T22:27:23.545629+02:00;standby;26.4;48.4;5.0;28.0;58.9;57.0;0;0;0;0;16329.84;11280.08;5049.76;32426.418
2026-06-29T22:28:24.019856+02:00;standby;26.4;48.3;5.0;28.0;58.8;57.0;0;0;0;0;16329.84;11280.08;5049.76;32426.418
2026-06-29T22:29:24.450692+02:00;standby;26.4;48.2;5.0;28.0;58.8;57.0;0;0;0;0;16329.84;11280.08;5049.76;32426.418
2026-06-29T22:30:25.203226+02:00;standby;26.4;48.1;5.0;28.0;58.8;57.0;0;0;0;0;16329.84;11280.08;5049.76;32426.418
2026-06-29T22:31:25.632595+02:00;standby;26.4;48.1;5.0;28.0;58.8;57.0;0;0;0;0;16329.84;11280.08;5049.76;32426.418
2026-06-29T22:32:26.131548+02:00;standby;25.3;48.0;5.0;28.0;58.8;57.0;0;0;0;0;16329.84;11280.08;5049.76;32426.418
2026-06-29T22:33:26.625720+02:00;standby;25.3;47.8;5.0;28.0;58.8;57.0;0;0;0;0;16329.84;11280.08;5049.76;32426.418
2026-06-29T22:34:27.132140+02:00;standby;25.3;47.7;5.0;28.0;58.8;57.0;0;0;0;0;16329.84;11280.08;5049.76;32426.418
2026-06-29T22:35:27.703926+02:00;standby;25.3;47.6;5.0;28.0;58.8;57.0;0;0;0;0;16329.84;11280.08;5049.76;32426.418
2026-06-29T22:36:28.182788+02:00;standby;25.3;47.5;5.0;28.0;58.8;57.0;0;0;0;0;16329.84;11280.08;5049.76;32426.418
2026-06-29T22:37:28.596268+02:00;standby;25.3;47.4;5.0;28.0;58.8;57.0;0;0;0;0;16329.84;11280.08;5049.76;32426.418
2026-06-29T22:38:29.185915+02:00;standby;25.3;47.4;5.0;28.0;58.8;57.0;0;0;0;0;16329.84;11280.08;5049.76;32426.418
2026-06-29T22:39:30.080333+02:00;standby;25.3;47.3;5.0;28.0;58.8;57.0;0;0;0;0;16329.84;11280.08;5049.76;32426.418
2026-06-29T22:40:30.506115+02:00;standby;25.3;47.2;5.0;28.0;58.8;57.0;0;0;0;0;16329.84;11280.08;5049.76;32426.418
2026-06-29T22:41:31.013940+02:00;standby;25.3;47.0;5.0;28.0;58.8;57.0;0;0;0;0;16329.84;11280.08;5049.76;32426.418
2026-06-29T22:42:31.552082+02:00;standby;25.3;46.9;5.0;28.0;58.7;57.0;0;0;0;0;16329.84;11280.08;5049.76;32426.418
2026-06-29T22:43:32.116875+02:00;standby;25.3;46.9;5.0;28.0;58.7;57.0;0;0;0;0;16329.84;11280.08;5049.76;32426.418
2026-06-29T22:44:32.879514+02:00;standby;25.3;46.8;5.0;28.0;58.7;57.0;0;0;0;0;16329.84;11280.08;5049.76;32426.418
2026-06-29T22:45:33.503130+02:00;standby;25.3;46.7;5.0;28.0;58.7;57.0;0;0;0;0;16329.84;11280.08;5049.76;32426.418
2026-06-29T22:46:34.017662+02:00;standby;25.3;46.6;5.0;28.0;58.7;57.0;0;0;0;0;16329.84;11280.08;5049.76;32426.418
2026-06-29T22:47:34.769251+02:00;standby;25.3;46.5;5.0;28.0;58.7;57.0;0;0;0;0;16329.84;11280.08;5049.76;32426.418
2026-06-29T22:48:35.331935+02:00;standby;25.3;46.5;5.0;28.0;58.7;57.0;0;0;0;0;16329.84;11280.08;5049.76;32426.418
2026-06-29T22:49:36.199697+02:00;standby;25.3;46.4;5.0;28.0;58.7;57.0;0;0;0;0;16329.84;11280.08;5049.76;32426.418
2026-06-29T22:50:36.825513+02:00;standby;25.3;46.2;5.0;28.0;58.7;57.0;0;0;0;0;16329.84;11280.08;5049.76;32426.418
2026-06-29T22:51:37.351792+02:00;standby;25.3;46.1;5.0;28.0;58.7;57.0;0;0;0;0;16329.84;11280.08;5049.76;32426.418
2026-06-29T22:52:37.887959+02:00;standby;25.3;46.0;5.0;28.0;58.7;57.0;0;0;0;0;16329.84;11280.08;5049.76;32426.418
2026-06-29T22:53:38.702971+02:00;standby;25.3;46.0;5.0;28.0;58.7;57.0;0;0;0;0;16329.84;11280.08;5049.76;32426.418
2026-06-29T22:54:39.193201+02:00;standby;25.3;45.9;5.0;28.0;58.7;57.0;0;0;0;0;16329.84;11280.08;5049.76;32426.418
2026-06-29T22:55:39.728258+02:00;standby;25.3;45.8;5.0;28.0;58.7;57.0;0;0;0;0;16329.84;11280.08;5049.76;32426.418
2026-06-29T22:56:40.338529+02:00;standby;25.3;45.7;5.0;28.0;58.6;57.0;0;0;0;0;16329.84;11280.08;5049.76;32426.418
2026-06-29T22:57:40.868416+02:00;standby;25.3;45.7;5.0;28.0;58.6;57.0;0;0;0;0;16329.84;11280.08;5049.76;32426.418
2026-06-29T22:58:41.339516+02:00;standby;25.3;45.6;5.0;28.0;58.6;57.0;0;0;0;0;16329.84;11280.08;5049.76;32426.418
2026-06-29T22:59:42.217023+02:00;standby;25.3;45.5;5.0;28.0;58.6;57.0;0;0;0;0;16329.84;11280.08;5049.76;32426.418
2026-06-29T23:00:42.733510+02:00;standby;25.3;45.3;5.0;28.0;58.6;57.0;0;0;0;0;16329.84;11280.08;5049.76;32426.418
2026-06-29T23:01:43.207280+02:00;standby;25.3;45.3;5.0;25.0;58.6;57.0;0;0;0;0;16329.84;11280.08;5049.76;32426.418
2026-06-29T23:02:43.658144+02:00;standby;25.3;45.2;5.0;25.0;58.6;57.0;0;0;0;0;16329.84;11280.08;5049.76;32426.418
2026-06-29T23:03:44.091036+02:00;standby;25.3;45.1;5.0;25.0;58.6;57.0;0;0;0;0;16329.84;11280.08;5049.76;32426.418
2026-06-29T23:04:45.004267+02:00;standby;25.3;45.1;5.0;25.0;58.6;57.0;0;0;0;0;16329.84;11280.08;5049.76;32426.418
2026-06-29T23:05:45.551958+02:00;standby;25.3;45.0;5.0;25.0;58.6;57.0;0;0;0;0;16329.84;11280.08;5049.76;32426.418
2026-06-29T23:06:46.008111+02:00;standby;25.3;44.9;5.0;25.0;58.6;57.0;0;0;0;0;16329.84;11280.08;5049.76;32426.418
2026-06-29T23:07:46.425481+02:00;standby;25.3;44.8;5.0;25.0;58.6;57.0;0;0;0;0;16329.84;11280.08;5049.76;32426.418
2026-06-29T23:08:46.947367+02:00;standby;25.3;44.8;5.0;25.0;58.6;57.0;0;0;0;0;16329.84;11280.08;5049.76;32426.418
2026-06-29T23:09:47.397731+02:00;standby;25.3;44.7;5.0;25.0;58.5;57.0;0;0;0;0;16329.84;11280.08;5049.76;32426.418
2026-06-29T23:10:48.288458+02:00;standby;25.3;44.5;5.0;25.0;58.6;57.0;0;0;0;0;16329.84;11280.08;5049.76;32426.418
2026-06-29T23:11:48.709296+02:00;standby;25.3;44.5;5.0;25.0;58.5;57.0;0;0;0;0;16329.84;11280.08;5049.76;32426.418
2026-06-29T23:12:49.337458+02:00;standby;25.3;44.4;5.0;25.0;58.5;57.0;0;0;0;0;16329.84;11280.08;5049.76;32426.418
2026-06-29T23:13:49.947485+02:00;standby;25.3;44.3;5.0;25.0;58.5;57.0;0;0;0;0;16329.84;11280.08;5049.76;32426.418
2026-06-29T23:14:50.720631+02:00;standby;25.3;44.3;5.0;25.0;58.5;57.0;0;0;0;0;16329.84;11280.08;5049.76;32426.418
2026-06-29T23:15:51.503117+02:00;standby;25.3;44.2;5.0;25.0;58.5;57.0;0;0;0;0;16329.84;11280.08;5049.76;32426.418
2026-06-29T23:16:52.020451+02:00;standby;25.3;44.1;5.0;25.0;58.5;57.0;0;0;0;0;16329.84;11280.08;5049.76;32426.418
2026-06-29T23:17:52.438174+02:00;standby;25.3;44.1;5.0;25.0;58.5;57.0;0;0;0;0;16329.84;11280.08;5049.76;32426.418
2026-06-29T23:18:53.190606+02:00;standby;25.3;44.0;5.0;25.0;58.5;57.0;0;0;0;0;16329.84;11280.08;5049.76;32426.418
2026-06-29T23:19:53.676545+02:00;standby;25.3;44.0;5.0;25.0;58.5;57.0;0;0;0;0;16329.84;11280.08;5049.76;32426.418
2026-06-29T23:20:54.269398+02:00;standby;25.3;43.9;5.0;25.0;58.5;57.0;0;0;0;0;16329.84;11280.08;5049.76;32426.418
2026-06-29T23:21:54.974728+02:00;standby;25.3;43.7;5.0;25.0;58.5;57.0;0;0;0;0;16329.84;11280.08;5049.76;32426.418
2026-06-29T23:22:55.646096+02:00;standby;25.3;43.7;5.0;25.0;58.5;57.0;0;0;0;0;16329.84;11280.08;5049.76;32426.418
2026-06-29T23:23:56.202710+02:00;standby;25.3;43.6;5.0;25.0;58.4;57.0;0;0;0;0;16329.84;11280.08;5049.76;32426.418
2026-06-29T23:24:56.694258+02:00;standby;25.3;43.5;5.0;25.0;58.4;57.0;0;0;0;0;16329.84;11280.08;5049.76;32426.418
2026-06-29T23:25:57.855848+02:00;standby;25.3;43.5;5.0;25.0;58.4;57.0;0;0;0;0;16329.84;11280.08;5049.76;32426.418
2026-06-29T23:26:58.320127+02:00;standby;25.3;43.4;5.0;25.0;58.4;57.0;0;0;0;0;16329.84;11280.08;5049.76;32426.418
2026-06-29T23:27:58.813851+02:00;standby;25.3;43.3;5.0;25.0;58.4;57.0;0;0;0;0;16329.84;11280.08;5049.76;32426.418
2026-06-29T23:28:59.251229+02:00;standby;25.3;43.3;5.0;25.0;58.4;57.0;0;0;0;0;16329.84;11280.08;5049.76;32426.418
2026-06-29T23:29:59.715528+02:00;standby;25.3;43.2;5.0;25.0;58.4;57.0;0;0;0;0;16329.84;11280.08;5049.76;32426.418
2026-06-29T23:31:00.561640+02:00;standby;25.3;43.2;5.0;25.0;58.4;57.0;0;0;0;0;16329.84;11280.08;5049.76;32426.418
2026-06-29T23:32:01.312079+02:00;standby;25.3;43.1;5.0;25.0;58.4;57.0;0;0;0;0;16329.84;11280.08;5049.76;32426.418
2026-06-29T23:33:01.822207+02:00;standby;25.0;43.0;5.0;25.0;58.4;57.0;0;0;0;0;16329.84;11280.08;5049.76;32426.418
2026-06-29T23:34:02.366551+02:00;standby;25.0;43.0;5.0;25.0;58.4;57.0;0;0;0;0;16329.84;11280.08;5049.76;32426.418
2026-06-29T23:35:03.148053+02:00;standby;25.0;42.8;5.0;25.0;58.4;57.0;0;0;0;0;16329.84;11280.08;5049.76;32426.418
2026-06-29T23:36:05.121620+02:00;standby;25.0;42.7;5.0;25.0;58.3;57.0;0;0;0;0;16329.84;11280.08;5049.76;32426.418
2026-06-29T23:37:05.582149+02:00;standby;25.0;42.7;5.0;25.0;58.3;57.0;0;0;0;0;16329.84;11280.08;5049.76;32426.418
2026-06-29T23:38:06.243820+02:00;standby;25.0;42.6;5.0;25.0;58.3;57.0;0;0;0;0;16329.84;11280.08;5049.76;32426.418
2026-06-29T23:39:06.684849+02:00;standby;25.0;42.6;5.0;25.0;58.3;57.0;0;0;0;0;16329.84;11280.08;5049.76;32426.418
2026-06-29T23:40:07.121883+02:00;standby;25.0;42.5;5.0;25.0;58.3;57.0;0;0;0;0;16329.84;11280.08;5049.76;32426.418
2026-06-29T23:41:07.520394+02:00;standby;25.0;42.5;5.0;25.0;58.3;57.0;0;0;0;0;16329.84;11280.08;5049.76;32426.418
2026-06-29T23:42:07.975032+02:00;standby;25.0;42.4;5.0;25.0;58.3;57.0;0;0;0;0;16329.84;11280.08;5049.76;32426.418
2026-06-29T23:43:08.388458+02:00;standby;25.0;42.4;5.0;25.0;58.3;57.0;0;0;0;0;16329.84;11280.08;5049.76;32426.418
2026-06-29T23:44:08.805093+02:00;standby;25.0;42.3;5.0;25.0;58.3;57.0;0;0;0;0;16329.84;11280.08;5049.76;32426.418
2026-06-29T23:45:09.389227+02:00;standby;25.0;42.3;5.0;25.0;58.3;57.0;0;0;0;0;16329.84;11280.08;5049.76;32426.418
2026-06-29T23:46:10.153622+02:00;standby;25.0;42.2;5.0;25.0;58.3;10.0;0;0;0;0;16329.84;11280.08;5049.76;32426.418
2026-06-29T23:47:10.718758+02:00;standby;25.0;42.0;5.0;25.0;58.3;10.0;0;0;0;0;16329.84;11280.08;5049.76;32426.418
2026-06-29T23:48:11.272123+02:00;standby;25.0;42.0;5.0;25.0;58.3;10.0;0;0;0;0;16329.84;11280.08;5049.76;32426.418
2026-06-29T23:49:11.750891+02:00;standby;25.0;41.9;5.0;25.0;58.3;10.0;0;0;0;0;16329.84;11280.08;5049.76;32426.418
2026-06-29T23:50:12.762237+02:00;standby;25.0;41.9;5.0;25.0;58.2;10.0;0;0;0;0;16329.84;11280.08;5049.76;32426.418
2026-06-29T23:51:13.292045+02:00;standby;25.0;41.8;5.0;25.0;58.2;10.0;0;0;0;0;16329.84;11280.08;5049.76;32426.418
2026-06-29T23:52:13.840315+02:00;standby;25.0;41.8;5.0;25.0;58.2;10.0;0;0;0;0;16329.84;11280.08;5049.76;32426.418
2026-06-29T23:53:14.525347+02:00;standby;25.0;41.7;5.0;25.0;58.2;10.0;0;0;0;0;16329.84;11280.08;5049.76;32426.418
2026-06-29T23:54:15.499642+02:00;standby;25.0;41.6;5.0;25.0;58.2;10.0;0;0;0;0;16329.84;11280.08;5049.76;32426.418
2026-06-29T23:55:16.392350+02:00;standby;25.0;41.6;5.0;25.0;58.2;10.0;0;0;0;0;16329.84;11280.08;5049.76;32426.418
2026-06-29T23:56:16.967987+02:00;standby;25.0;41.5;5.0;25.0;58.2;10.0;0;0;0;0;16329.84;11280.08;5049.76;32426.418
2026-06-29T23:57:17.400080+02:00;standby;25.0;41.5;5.0;25.0;58.2;10.0;0;0;0;0;16329.84;11280.08;5049.76;32426.418
2026-06-29T23:58:17.983381+02:00;standby;25.0;41.4;5.0;25.0;58.2;10.0;0;0;0;0;16329.84;11280.08;5049.76;32426.418
2026-06-29T23:59:18.475080+02:00;standby;25.0;41.4;5.0;25.0;58.2;10.0;0;0;0;0;16329.84;11280.08;5049.76;32426.418
2026-06-30T00:00:19.086033+02:00;standby;25.0;41.2;5.0;25.0;58.2;10.0;0;0;0;0;16329.84;11280.08;5049.76;32426.418
2026-06-30T00:01:19.606596+02:00;standby;25.0;41.2;5.0;25.0;58.1;10.0;0;0;0;0;16329.84;11280.08;5049.76;32426.418
2026-06-30T00:02:20.127032+02:00;standby;25.0;41.1;5.0;25.0;58.1;10.0;0;0;0;0;16329.84;11280.08;5049.76;32426.418
2026-06-30T00:03:20.656779+02:00;standby;25.0;41.1;5.0;25.0;58.1;10.0;0;0;0;0;16329.84;11280.08;5049.76;32426.418
2026-06-30T00:04:21.221623+02:00;standby;25.0;41.0;5.0;25.0;58.1;10.0;0;0;0;0;16329.84;11280.08;5049.76;32426.418
2026-06-30T00:05:21.790472+02:00;standby;25.0;41.0;5.0;25.0;58.1;10.0;0;0;0;0;16329.84;11280.08;5049.76;32426.418
2026-06-30T00:06:22.339280+02:00;standby;25.0;40.9;5.0;25.0;58.1;10.0;0;0;0;0;16329.84;11280.08;5049.76;32426.418
2026-06-30T00:07:23.232329+02:00;standby;25.0;40.9;5.0;25.0;58.1;10.0;0;0;0;0;16329.84;11280.08;5049.76;32426.418
2026-06-30T00:08:24.183192+02:00;standby;25.0;40.8;5.0;25.0;58.1;10.0;0;0;0;0;16329.84;11280.08;5049.76;32426.418
2026-06-30T00:09:24.791475+02:00;standby;25.0;40.8;5.0;25.0;58.1;10.0;0;0;0;0;16329.84;11280.08;5049.76;32426.418
2026-06-30T00:10:26.036065+02:00;standby;25.0;40.7;5.0;25.0;58.1;10.0;0;0;0;0;16329.84;11280.08;5049.76;32426.418
2026-06-30T00:11:26.556432+02:00;standby;25.0;40.7;5.0;25.0;58.1;10.0;0;0;0;0;16329.84;11280.08;5049.76;32426.418
2026-06-30T00:12:27.682647+02:00;standby;25.0;40.6;5.0;25.0;58.1;10.0;0;0;0;0;16329.84;11280.08;5049.76;32426.418
2026-06-30T00:13:29.276345+02:00;standby;25.0;40.6;5.0;25.0;58.0;10.0;0;0;0;0;16329.84;11280.08;5049.76;32426.418
2026-06-30T00:14:29.796862+02:00;standby;25.0;40.5;5.0;25.0;58.0;10.0;0;0;0;0;16329.84;11280.08;5049.76;32426.418
2026-06-30T00:15:30.485458+02:00;standby;25.0;40.5;5.0;25.0;58.0;10.0;0;0;0;0;16329.84;11280.08;5049.76;32426.418
2026-06-30T00:16:31.014696+02:00;standby;25.0;40.3;5.0;25.0;58.0;10.0;0;0;0;0;16329.84;11280.08;5049.76;32426.418
2026-06-30T00:17:31.601041+02:00;standby;25.0;40.3;5.0;25.0;58.0;10.0;0;0;0;0;16329.84;11280.08;5049.76;32426.418
2026-06-30T00:18:32.116028+02:00;standby;25.0;40.3;5.0;25.0;58.0;10.0;0;0;0;0;16329.84;11280.08;5049.76;32426.418
2026-06-30T00:19:32.911560+02:00;standby;25.0;40.2;5.0;25.0;58.0;10.0;0;0;0;0;16329.84;11280.08;5049.76;32426.418
2026-06-30T00:20:33.317087+02:00;standby;25.0;40.2;5.0;25.0;58.0;10.0;0;0;0;0;16329.84;11280.08;5049.76;32426.418
2026-06-30T00:21:34.126729+02:00;standby;25.0;40.1;5.0;25.0;58.0;10.0;0;0;0;0;16329.84;11280.08;5049.76;32426.418
2026-06-30T00:22:34.750515+02:00;standby;25.0;40.0;5.0;25.0;58.0;10.0;0;0;0;0;16329.84;11280.08;5049.76;32426.418
2026-06-30T00:23:35.332981+02:00;standby;25.0;40.0;5.0;25.0;58.0;10.0;0;0;0;0;16329.84;11280.08;5049.76;32426.418
2026-06-30T00:24:35.878392+02:00;standby;25.0;40.0;5.0;25.0;58.0;10.0;0;0;0;0;16329.84;11280.08;5049.76;32426.418
2026-06-30T00:25:36.701934+02:00;standby;25.0;39.9;5.0;25.0;58.0;10.0;0;0;0;0;16329.84;11280.08;5049.76;32426.418
2026-06-30T00:26:37.813389+02:00;standby;25.0;39.9;5.0;25.0;57.9;10.0;0;0;0;0;16329.84;11280.08;5049.76;32426.418
2026-06-30T00:27:38.432873+02:00;standby;25.0;39.8;5.0;25.0;57.9;10.0;0;0;0;0;16329.84;11280.08;5049.76;32426.418
2026-06-30T00:28:39.185454+02:00;standby;25.0;39.8;5.0;25.0;57.9;10.0;0;0;0;0;16329.84;11280.08;5049.76;32426.418
2026-06-30T00:29:40.150477+02:00;standby;25.0;39.6;5.0;25.0;57.9;10.0;0;0;0;0;16329.84;11280.08;5049.76;32426.418
2026-06-30T00:30:40.739385+02:00;standby;25.0;39.6;5.0;25.0;57.9;10.0;0;0;0;0;16329.84;11280.08;5049.76;32426.418
2026-06-30T00:31:41.451131+02:00;standby;25.0;39.6;5.0;25.0;57.9;10.0;0;0;0;0;16329.84;11280.08;5049.76;32426.418
2026-06-30T00:32:41.951797+02:00;standby;25.0;39.5;5.0;25.0;57.9;10.0;0;0;0;0;16329.84;11280.08;5049.76;32426.418
2026-06-30T00:33:42.986633+02:00;standby;23.9;39.5;5.0;25.0;57.9;10.0;0;0;0;0;16329.84;11280.08;5049.76;32426.418
2026-06-30T00:34:43.493655+02:00;standby;23.9;39.4;5.0;25.0;57.9;10.0;0;0;0;0;16329.84;11280.08;5049.76;32426.418
2026-06-30T00:35:44.393273+02:00;standby;23.9;39.4;5.0;25.0;57.9;10.0;0;0;0;0;16329.84;11280.08;5049.76;32426.418
2026-06-30T00:36:45.005250+02:00;standby;23.9;39.4;5.0;25.0;57.9;10.0;0;0;0;0;16329.84;11280.08;5049.76;32426.418
2026-06-30T00:37:45.590203+02:00;standby;23.9;39.3;5.0;25.0;57.9;10.0;0;0;0;0;16329.84;11280.08;5049.76;32426.418
2026-06-30T00:38:46.318799+02:00;standby;23.9;39.3;5.0;25.0;57.9;10.0;0;0;0;0;16329.84;11280.08;5049.76;32426.418
2026-06-30T00:39:46.923584+02:00;standby;23.9;39.1;5.0;25.0;57.8;10.0;0;0;0;0;16329.84;11280.08;5049.76;32426.418
2026-06-30T00:40:47.389780+02:00;standby;23.9;39.1;5.0;25.0;57.8;10.0;0;0;0;0;16329.84;11280.08;5049.76;32426.418
2026-06-30T00:41:47.876156+02:00;standby;23.9;39.0;5.0;25.0;57.8;10.0;0;0;0;0;16329.84;11280.08;5049.76;32426.418
2026-06-30T00:42:48.539941+02:00;standby;23.9;39.0;5.0;25.0;57.8;10.0;0;0;0;0;16329.84;11280.08;5049.76;32426.418
2026-06-30T00:43:49.253776+02:00;standby;23.9;39.0;5.0;25.0;57.8;10.0;0;0;0;0;16329.84;11280.08;5049.76;32426.418
2026-06-30T00:44:49.737927+02:00;standby;23.9;38.9;5.0;25.0;57.8;10.0;0;0;0;0;16329.84;11280.08;5049.76;32426.418
2026-06-30T00:45:50.340367+02:00;standby;23.9;38.9;5.0;25.0;57.8;10.0;0;0;0;0;16329.84;11280.08;5049.76;32426.418
2026-06-30T00:46:51.193437+02:00;standby;23.9;38.8;5.0;25.0;57.8;10.0;0;0;0;0;16329.84;11280.08;5049.76;32426.418
2026-06-30T00:47:51.895818+02:00;standby;23.9;38.8;5.0;25.0;57.8;10.0;0;0;0;0;16329.84;11280.08;5049.76;32426.418
2026-06-30T00:48:52.457657+02:00;standby;23.9;38.8;5.0;25.0;57.8;10.0;0;0;0;0;16329.84;11280.08;5049.76;32426.418
2026-06-30T00:49:52.991576+02:00;standby;23.9;38.6;5.0;25.0;57.8;10.0;0;0;0;0;16329.84;11280.08;5049.76;32426.418
2026-06-30T00:50:54.107188+02:00;standby;23.9;38.6;5.0;25.0;57.8;10.0;0;0;0;0;16329.84;11280.08;5049.76;32426.418
2026-06-30T00:51:54.821901+02:00;standby;23.9;38.5;5.0;25.0;57.8;10.0;0;0;0;0;16329.84;11280.08;5049.76;32426.418
2026-06-30T00:52:55.517712+02:00;standby;23.9;38.5;5.0;25.0;57.8;10.0;0;0;0;0;16329.84;11280.08;5049.76;32426.418
2026-06-30T00:53:56.132854+02:00;standby;23.9;38.5;5.0;25.0;57.7;10.0;0;0;0;0;16329.84;11280.08;5049.76;32426.418
2026-06-30T00:54:56.816050+02:00;standby;23.9;38.4;5.0;25.0;57.7;10.0;0;0;0;0;16329.84;11280.08;5049.76;32426.418
2026-06-30T00:55:57.499876+02:00;standby;23.9;38.4;5.0;25.0;57.7;10.0;0;0;0;0;16329.84;11280.08;5049.76;32426.418
2026-06-30T00:56:58.675175+02:00;standby;23.9;38.4;5.0;25.0;57.7;10.0;0;0;0;0;16329.84;11280.08;5049.76;32426.418
2026-06-30T00:57:59.506058+02:00;standby;23.9;38.3;5.0;25.0;57.7;10.0;0;0;0;0;16329.84;11280.08;5049.76;32426.418
2026-06-30T00:58:59.983070+02:00;standby;23.9;38.3;5.0;25.0;57.7;10.0;0;0;0;0;16329.84;11280.08;5049.76;32426.418
2026-06-30T01:00:00.482113+02:00;standby;23.9;38.1;5.0;25.0;57.7;10.0;0;0;0;0;16329.84;11280.08;5049.76;32426.418
2026-06-30T01:01:01.103920+02:00;standby;23.9;38.1;5.0;25.0;57.7;10.0;0;0;0;0;16329.84;11280.08;5049.76;32426.418
2026-06-30T01:02:01.780508+02:00;standby;23.9;38.1;5.0;25.0;57.7;10.0;0;0;0;0;16329.84;11280.08;5049.76;32426.418
2026-06-30T01:03:02.401426+02:00;standby;23.9;38.0;5.0;25.0;57.7;10.0;0;0;0;0;16329.84;11280.08;5049.76;32426.418
2026-06-30T01:04:02.896611+02:00;standby;23.9;38.0;5.0;25.0;57.7;10.0;0;0;0;0;16329.84;11280.08;5049.76;32426.418
2026-06-30T01:05:04.678150+02:00;standby;23.9;37.9;5.0;25.0;57.7;10.0;0;0;0;0;16329.84;11280.08;5049.76;32426.418
2026-06-30T01:06:05.139705+02:00;standby;23.9;37.9;5.0;25.0;57.6;10.0;0;0;0;0;16329.84;11280.08;5049.76;32426.418
2026-06-30T01:07:05.620850+02:00;standby;23.9;37.9;5.0;25.0;57.6;10.0;0;0;0;0;16329.84;11280.08;5049.76;32426.418
2026-06-30T01:08:06.133270+02:00;standby;23.9;37.8;5.0;25.0;57.7;10.0;0;0;0;0;16329.84;11280.08;5049.76;32426.418
2026-06-30T01:09:07.060538+02:00;standby;23.9;37.8;5.0;25.0;57.6;10.0;0;0;0;0;16329.84;11280.08;5049.76;32426.418
2026-06-30T01:10:07.578418+02:00;standby;23.9;37.8;5.0;25.0;57.6;10.0;0;0;0;0;16329.84;11280.08;5049.76;32426.418
2026-06-30T01:11:08.207138+02:00;standby;23.9;37.7;5.0;25.0;57.6;10.0;0;0;0;0;16329.84;11280.08;5049.76;32426.418
2026-06-30T01:12:09.336513+02:00;standby;23.9;37.7;5.0;25.0;57.6;10.0;0;0;0;0;16329.84;11280.08;5049.76;32426.418
2026-06-30T01:13:10.219274+02:00;standby;23.9;37.7;5.0;25.0;57.6;10.0;0;0;0;0;16329.84;11280.08;5049.76;32426.418
2026-06-30T01:14:10.719851+02:00;standby;23.9;37.5;5.0;25.0;57.6;10.0;0;0;0;0;16329.84;11280.08;5049.76;32426.418
2026-06-30T01:15:11.211253+02:00;standby;23.9;37.5;5.0;25.0;57.6;10.0;0;0;0;0;16329.84;11280.08;5049.76;32426.418
2026-06-30T01:16:11.678343+02:00;standby;23.9;37.5;5.0;25.0;57.6;10.0;0;0;0;0;16329.84;11280.08;5049.76;32426.418
2026-06-30T01:17:12.597508+02:00;standby;23.9;37.4;5.0;25.0;57.6;10.0;0;0;0;0;16329.84;11280.08;5049.76;32426.418
2026-06-30T01:18:13.131119+02:00;standby;23.9;37.4;5.0;25.0;57.6;10.0;0;0;0;0;16329.84;11280.08;5049.76;32426.418
2026-06-30T01:19:13.633784+02:00;standby;23.9;37.3;5.0;25.0;57.6;10.0;0;0;0;0;16329.84;11280.08;5049.76;32426.418
2026-06-30T01:20:14.265190+02:00;standby;23.9;37.3;5.0;25.0;57.6;10.0;0;0;0;0;16329.84;11280.08;5049.76;32426.418
2026-06-30T01:21:14.886971+02:00;standby;23.9;37.3;5.0;25.0;57.5;10.0;0;0;0;0;16329.84;11280.08;5049.76;32426.418
2026-06-30T01:22:15.403818+02:00;standby;23.9;37.3;5.0;25.0;57.5;10.0;0;0;0;0;16329.84;11280.08;5049.76;32426.418
2026-06-30T01:23:18.890910+02:00;standby;23.9;37.2;5.0;25.0;57.5;10.0;0;0;0;0;16329.84;11280.08;5049.76;32426.418
2026-06-30T01:24:19.630089+02:00;standby;23.9;37.2;5.0;25.0;57.5;10.0;0;0;0;0;16329.84;11280.08;5049.76;32426.418
2026-06-30T01:25:20.136138+02:00;standby;23.9;37.0;5.0;25.0;57.5;10.0;0;0;0;0;16329.84;11280.08;5049.76;32426.418
2026-06-30T01:26:20.667370+02:00;standby;23.9;37.0;5.0;25.0;57.5;10.0;0;0;0;0;16329.84;11280.08;5049.76;32426.418
2026-06-30T01:27:21.227284+02:00;standby;23.9;37.0;5.0;25.0;57.5;10.0;0;0;0;0;16329.84;11280.08;5049.76;32426.418
2026-06-30T01:28:21.704111+02:00;standby;23.9;37.0;5.0;25.0;57.5;10.0;0;0;0;0;16329.84;11280.08;5049.76;32426.418
2026-06-30T01:29:22.307376+02:00;standby;23.9;36.9;5.0;25.0;57.5;10.0;0;0;0;0;16329.84;11280.08;5049.76;32426.418
2026-06-30T01:30:22.854008+02:00;standby;23.9;36.9;5.0;25.0;57.5;10.0;0;0;0;0;16329.84;11280.08;5049.76;32426.418
2026-06-30T01:31:23.717148+02:00;standby;23.9;36.9;5.0;25.0;57.5;10.0;0;0;0;0;16329.84;11280.08;5049.76;32426.418
2026-06-30T01:32:24.223451+02:00;standby;23.9;36.8;5.0;25.0;57.5;10.0;0;0;0;0;16329.84;11280.08;5049.76;32426.418
2026-06-30T01:33:24.692350+02:00;standby;23.9;36.8;5.0;25.0;57.4;10.0;0;0;0;0;16329.84;11280.08;5049.76;32426.418
2026-06-30T01:34:25.567078+02:00;standby;22.9;36.8;5.0;25.0;57.4;10.0;0;0;0;0;16329.84;11280.08;5049.76;32426.418
2026-06-30T01:35:26.096265+02:00;standby;22.9;36.7;5.0;25.0;57.4;10.0;0;0;0;0;16329.84;11280.08;5049.76;32426.418
2026-06-30T01:36:26.590492+02:00;standby;22.9;36.7;5.0;25.0;57.4;10.0;0;0;0;0;16329.84;11280.08;5049.76;32426.418
2026-06-30T01:37:27.170372+02:00;standby;22.9;36.7;5.0;25.0;57.4;10.0;0;0;0;0;16329.84;11280.08;5049.76;32426.418
2026-06-30T01:38:27.798367+02:00;standby;22.9;36.5;5.0;25.0;57.4;10.0;0;0;0;0;16329.84;11280.08;5049.76;32426.418
2026-06-30T01:39:28.945417+02:00;standby;22.9;36.5;5.0;25.0;57.4;10.0;0;0;0;0;16329.84;11280.08;5049.76;32426.418
2026-06-30T01:40:29.394991+02:00;standby;22.9;36.5;5.0;25.0;57.4;10.0;0;0;0;0;16329.84;11280.08;5049.76;32426.418
2026-06-30T01:41:30.226007+02:00;standby;22.9;36.4;5.0;25.0;57.4;10.0;0;0;0;0;16329.84;11280.08;5049.76;32426.418
2026-06-30T01:42:30.749615+02:00;standby;22.9;36.4;5.0;25.0;57.4;10.0;0;0;0;0;16329.84;11280.08;5049.76;32426.418
2026-06-30T01:43:31.317363+02:00;standby;22.9;36.4;5.0;25.0;57.4;10.0;0;0;0;0;16329.84;11280.08;5049.76;32426.418
2026-06-30T01:44:31.792830+02:00;standby;22.9;36.4;5.0;25.0;57.4;10.0;0;0;0;0;16329.84;11280.08;5049.76;32426.418
2026-06-30T01:45:32.517377+02:00;standby;22.9;36.3;5.0;25.0;57.3;10.0;0;0;0;0;16329.84;11280.08;5049.76;32426.418
2026-06-30T01:46:33.247847+02:00;standby;22.9;36.3;5.0;25.0;57.3;10.0;0;0;0;0;16329.84;11280.08;5049.76;32426.418
2026-06-30T01:47:33.971735+02:00;standby;22.9;36.3;5.0;25.0;57.3;10.0;0;0;0;0;16329.84;11280.08;5049.76;32426.418
2026-06-30T01:48:35.851834+02:00;standby;22.9;36.2;5.0;25.0;57.3;10.0;0;0;0;0;16329.84;11280.08;5049.76;32426.418
2026-06-30T01:49:36.544781+02:00;standby;22.9;36.2;5.0;25.0;57.3;10.0;0;0;0;0;16329.84;11280.08;5049.76;32426.418
2026-06-30T01:50:37.044247+02:00;standby;22.9;36.2;5.0;25.0;57.3;10.0;0;0;0;0;16329.84;11280.08;5049.76;32426.418
2026-06-30T01:51:38.239557+02:00;standby;22.9;36.0;5.0;25.0;57.3;10.0;0;0;0;0;16329.84;11280.08;5049.76;32426.418
2026-06-30T01:52:38.746230+02:00;standby;22.9;36.0;5.0;25.0;57.3;10.0;0;0;0;0;16329.84;11280.08;5049.76;32426.418
2026-06-30T01:53:39.274853+02:00;standby;22.9;36.0;5.0;25.0;57.3;10.0;0;0;0;0;16329.84;11280.08;5049.76;32426.418
2026-06-30T01:54:39.790475+02:00;standby;22.9;35.9;5.0;25.0;57.3;10.0;0;0;0;0;16329.84;11280.08;5049.76;32426.418
2026-06-30T01:55:40.469834+02:00;standby;22.9;35.9;5.0;25.0;57.3;10.0;0;0;0;0;16329.84;11280.08;5049.76;32426.418
2026-06-30T01:56:41.097718+02:00;standby;22.9;35.9;5.0;25.0;57.3;10.0;0;0;0;0;16329.84;11280.08;5049.76;32426.418
2026-06-30T01:57:41.648076+02:00;standby;22.9;35.9;5.0;25.0;57.2;10.0;0;0;0;0;16329.84;11280.08;5049.76;32426.418
2026-06-30T01:58:42.204039+02:00;standby;22.9;35.8;5.0;25.0;57.2;10.0;0;0;0;0;16329.84;11280.08;5049.76;32426.418
2026-06-30T01:59:42.796328+02:00;standby;22.9;35.8;5.0;25.0;57.2;10.0;0;0;0;0;16329.84;11280.08;5049.76;32426.418
2026-06-30T02:00:43.717786+02:00;standby;22.9;35.8;5.0;25.0;57.2;10.0;0;0;0;0;16329.84;11280.08;5049.76;32426.418
2026-06-30T02:01:44.342578+02:00;standby;22.9;35.8;5.0;25.0;57.2;10.0;0;0;0;0;16329.84;11280.08;5049.76;32426.418
2026-06-30T02:02:44.767145+02:00;standby;22.9;35.7;5.0;25.0;57.2;10.0;0;0;0;0;16329.84;11280.08;5049.76;32426.418
2026-06-30T02:03:45.341933+02:00;standby;22.9;35.7;5.0;25.0;57.2;10.0;0;0;0;0;16329.84;11280.08;5049.76;32426.418
2026-06-30T02:04:45.851559+02:00;standby;22.9;35.7;5.0;25.0;57.2;10.0;0;0;0;0;16329.84;11280.08;5049.76;32426.418
2026-06-30T02:05:46.280971+02:00;standby;22.9;35.6;5.0;25.0;57.2;10.0;0;0;0;0;16329.84;11280.08;5049.76;32426.418
2026-06-30T02:06:46.801933+02:00;standby;22.9;35.6;5.0;25.0;57.2;10.0;0;0;0;0;16329.84;11280.08;5049.76;32426.418
2026-06-30T02:07:47.265830+02:00;standby;22.9;35.6;5.0;25.0;57.2;10.0;0;0;0;0;16329.84;11280.08;5049.76;32426.418
2026-06-30T02:08:47.717860+02:00;standby;22.9;35.6;5.0;25.0;57.2;10.0;0;0;0;0;16329.84;11280.08;5049.76;32426.418
2026-06-30T02:09:48.219024+02:00;standby;22.9;35.4;5.0;25.0;57.2;10.0;0;0;0;0;16329.84;11280.08;5049.76;32426.418
2026-06-30T02:10:48.656358+02:00;standby;22.9;35.4;5.0;25.0;57.1;10.0;0;0;0;0;16329.84;11280.08;5049.76;32426.418
2026-06-30T02:11:49.125424+02:00;standby;22.9;35.4;5.0;25.0;57.1;10.0;0;0;0;0;16329.84;11280.08;5049.76;32426.418
2026-06-30T02:12:49.672636+02:00;standby;22.9;35.4;5.0;25.0;57.1;10.0;0;0;0;0;16329.84;11280.08;5049.76;32426.418
2026-06-30T02:13:50.737217+02:00;standby;22.9;35.3;5.0;25.0;57.1;10.0;0;0;0;0;16329.84;11280.08;5049.76;32426.418
2026-06-30T02:14:51.604726+02:00;standby;22.9;35.3;5.0;25.0;57.1;10.0;0;0;0;0;16329.84;11280.08;5049.76;32426.418
2026-06-30T02:15:52.226025+02:00;standby;22.9;35.3;5.0;25.0;57.1;10.0;0;0;0;0;16329.84;11280.08;5049.76;32426.418
2026-06-30T02:16:52.855162+02:00;standby;22.9;35.3;5.0;25.0;57.1;10.0;0;0;0;0;16329.84;11280.08;5049.76;32426.418
2026-06-30T02:17:53.420613+02:00;standby;22.9;35.2;5.0;25.0;57.1;10.0;0;0;0;0;16329.84;11280.08;5049.76;32426.418
2026-06-30T02:18:53.939559+02:00;standby;22.9;35.2;5.0;25.0;57.1;10.0;0;0;0;0;16329.84;11280.08;5049.76;32426.418
2026-06-30T02:19:54.404779+02:00;standby;22.9;35.2;5.0;25.0;57.1;10.0;0;0;0;0;16329.84;11280.08;5049.76;32426.418
2026-06-30T02:20:55.099168+02:00;standby;22.9;35.1;5.0;25.0;57.1;10.0;0;0;0;0;16329.84;11280.08;5049.76;32426.418
2026-06-30T02:21:55.689361+02:00;standby;22.9;35.1;5.0;25.0;57.1;10.0;0;0;0;0;16329.84;11280.08;5049.76;32426.418
2026-06-30T02:22:56.233042+02:00;standby;22.9;35.1;5.0;25.0;56.9;10.0;0;0;0;0;16329.84;11280.08;5049.76;32426.418
2026-06-30T02:23:56.847231+02:00;standby;22.9;35.1;5.0;25.0;56.9;10.0;0;0;0;0;16329.84;11280.08;5049.76;32426.418
2026-06-30T02:24:57.375531+02:00;standby;22.9;35.1;5.0;25.0;56.9;10.0;0;0;0;0;16329.84;11280.08;5049.76;32426.418
2026-06-30T02:25:57.833153+02:00;standby;22.9;34.9;5.0;25.0;56.9;10.0;0;0;0;0;16329.84;11280.08;5049.76;32426.418
2026-06-30T02:26:58.505551+02:00;standby;22.9;34.9;5.0;25.0;56.9;10.0;0;0;0;0;16329.84;11280.08;5049.76;32426.418
2026-06-30T02:27:59.290933+02:00;standby;22.9;34.9;5.0;25.0;56.9;10.0;0;0;0;0;16329.84;11280.08;5049.76;32426.418
2026-06-30T02:28:59.917270+02:00;standby;22.9;34.8;5.0;25.0;56.9;10.0;0;0;0;0;16329.84;11280.08;5049.76;32426.418
2026-06-30T02:30:00.587290+02:00;standby;22.9;34.8;5.0;25.0;56.9;10.0;0;0;0;0;16329.84;11280.08;5049.76;32426.418
2026-06-30T02:31:01.102839+02:00;standby;22.9;34.8;5.0;25.0;56.9;10.0;0;0;0;0;16329.84;11280.08;5049.76;32426.418
2026-06-30T02:32:02.028562+02:00;standby;22.9;34.8;5.0;25.0;56.9;10.0;0;0;0;0;16329.84;11280.08;5049.76;32426.418
2026-06-30T02:33:02.504235+02:00;standby;22.9;34.8;5.0;25.0;56.9;10.0;0;0;0;0;16329.84;11280.08;5049.76;32426.418
2026-06-30T02:34:03.424979+02:00;standby;22.9;34.7;5.0;25.0;56.9;10.0;0;0;0;0;16329.84;11280.08;5049.76;32426.418
2026-06-30T02:35:03.968258+02:00;standby;22.9;34.7;5.0;25.0;56.9;10.0;0;0;0;0;16329.84;11280.08;5049.76;32426.418
2026-06-30T02:36:04.584448+02:00;standby;22.9;34.7;5.0;25.0;56.8;10.0;0;0;0;0;16329.84;11280.08;5049.76;32426.418
2026-06-30T02:37:05.802662+02:00;standby;22.9;34.6;5.0;25.0;56.8;10.0;0;0;0;0;16329.84;11280.08;5049.76;32426.418
2026-06-30T02:38:06.641780+02:00;standby;22.9;34.6;5.0;25.0;56.8;10.0;0;0;0;0;16329.84;11280.08;5049.76;32426.418
2026-06-30T02:39:07.361751+02:00;standby;22.9;34.6;5.0;25.0;56.8;10.0;0;0;0;0;16329.84;11280.08;5049.76;32426.418
2026-06-30T02:40:08.223444+02:00;standby;22.9;34.6;5.0;25.0;56.8;10.0;0;0;0;0;16329.84;11280.08;5049.76;32426.418
2026-06-30T02:41:08.757441+02:00;standby;22.9;34.6;5.0;25.0;56.8;10.0;0;0;0;0;16329.84;11280.08;5049.76;32426.418
2026-06-30T02:42:09.263069+02:00;standby;22.9;34.4;5.0;25.0;56.8;10.0;0;0;0;0;16329.84;11280.08;5049.76;32426.418
2026-06-30T02:43:09.741739+02:00;standby;22.9;34.4;5.0;25.0;56.8;10.0;0;0;0;0;16329.84;11280.08;5049.76;32426.418
2026-06-30T02:44:11.391187+02:00;standby;22.9;34.4;5.0;25.0;56.8;10.0;0;0;0;0;16329.84;11280.08;5049.76;32426.418
2026-06-30T02:45:11.845860+02:00;standby;22.9;34.4;5.0;25.0;56.8;10.0;0;0;0;0;16329.84;11280.08;5049.76;32426.418
2026-06-30T02:46:12.848549+02:00;standby;22.9;34.4;5.0;25.0;56.8;10.0;0;0;0;0;16329.84;11280.08;5049.76;32426.418
2026-06-30T02:47:13.363882+02:00;standby;22.9;34.3;5.0;25.0;56.8;10.0;0;0;0;0;16329.84;11280.08;5049.76;32426.418
2026-06-30T02:48:13.810883+02:00;standby;22.9;34.3;5.0;25.0;56.8;10.0;0;0;0;0;16329.84;11280.08;5049.76;32426.418
2026-06-30T02:49:14.647796+02:00;standby;22.9;34.3;5.0;25.0;56.7;10.0;0;0;0;0;16329.84;11280.08;5049.76;32426.418
2026-06-30T02:50:15.168228+02:00;standby;22.9;34.3;5.0;25.0;56.7;10.0;0;0;0;0;16329.84;11280.08;5049.76;32426.418
2026-06-30T02:51:15.646341+02:00;standby;22.9;34.2;5.0;25.0;56.7;10.0;0;0;0;0;16329.84;11280.08;5049.76;32426.418
2026-06-30T02:52:16.257958+02:00;standby;22.9;34.2;5.0;25.0;56.7;10.0;0;0;0;0;16329.84;11280.08;5049.76;32426.418
2026-06-30T02:53:16.833041+02:00;standby;22.9;34.2;5.0;25.0;56.7;10.0;0;0;0;0;16329.84;11280.08;5049.76;32426.418
2026-06-30T02:54:17.392359+02:00;standby;22.9;34.2;5.0;25.0;56.7;10.0;0;0;0;0;16329.84;11280.08;5049.76;32426.418
2026-06-30T02:55:18.179107+02:00;standby;22.9;34.1;5.0;25.0;56.7;10.0;0;0;0;0;16329.84;11280.08;5049.76;32426.418
2026-06-30T02:56:18.787291+02:00;standby;22.9;34.1;5.0;25.0;56.7;10.0;0;0;0;0;16329.84;11280.08;5049.76;32426.418
2026-06-30T02:57:19.523457+02:00;standby;22.9;34.1;5.0;25.0;56.7;10.0;0;0;0;0;16329.84;11280.08;5049.76;32426.418
2026-06-30T02:58:20.246613+02:00;standby;22.9;34.1;5.0;25.0;56.7;10.0;0;0;0;0;16329.84;11280.08;5049.76;32426.418
2026-06-30T02:59:21.176090+02:00;standby;22.9;34.1;5.0;25.0;56.7;10.0;0;0;0;0;16329.84;11280.08;5049.76;32426.418
2026-06-30T03:00:22.147242+02:00;standby;22.9;34.0;5.0;25.0;56.7;10.0;0;0;0;0;16329.84;11280.08;5049.76;32426.418
2026-06-30T03:01:22.580477+02:00;standby;22.9;34.0;5.0;25.0;56.7;10.0;0;0;0;0;16329.84;11280.08;5049.76;32426.418
2026-06-30T03:02:23.490216+02:00;standby;22.9;34.0;5.0;25.0;56.7;10.0;0;0;0;0;16329.84;11280.08;5049.76;32426.418
2026-06-30T03:03:24.160170+02:00;standby;22.9;34.0;5.0;25.0;56.6;10.0;0;0;0;0;16329.84;11280.08;5049.76;32426.418
2026-06-30T03:04:25.123767+02:00;standby;22.9;33.8;5.0;25.0;56.6;10.0;0;0;0;0;16329.84;11280.08;5049.76;32426.418
2026-06-30T03:05:25.641707+02:00;standby;22.9;33.8;5.0;25.0;56.6;10.0;0;0;0;0;16329.84;11280.08;5049.76;32426.418
2026-06-30T03:06:26.702308+02:00;standby;22.9;33.8;5.0;25.0;56.6;10.0;0;0;0;0;16329.84;11280.08;5049.76;32426.418
2026-06-30T03:07:27.365658+02:00;standby;22.9;33.8;5.0;25.0;56.6;10.0;0;0;0;0;16329.84;11280.08;5049.76;32426.418
2026-06-30T03:08:28.188411+02:00;standby;22.9;33.8;5.0;25.0;56.6;10.0;0;0;0;0;16329.84;11280.08;5049.76;32426.418
2026-06-30T03:09:28.791102+02:00;standby;22.9;33.7;5.0;25.0;56.6;10.0;0;0;0;0;16329.84;11280.08;5049.76;32426.418
2026-06-30T03:10:29.905437+02:00;standby;22.9;33.7;5.0;25.0;56.6;10.0;0;0;0;0;16329.84;11280.08;5049.76;32426.418
2026-06-30T03:11:30.477199+02:00;standby;22.9;33.7;5.0;25.0;56.6;10.0;0;0;0;0;16329.84;11280.08;5049.76;32426.418
2026-06-30T03:12:30.914127+02:00;standby;22.9;33.7;5.0;25.0;56.6;10.0;0;0;0;0;16329.84;11280.08;5049.76;32426.418
2026-06-30T03:13:32.424375+02:00;standby;22.9;33.7;5.0;25.0;56.6;10.0;0;0;0;0;16329.84;11280.08;5049.76;32426.418
2026-06-30T03:14:33.308555+02:00;standby;22.9;33.6;5.0;25.0;56.6;10.0;0;0;0;0;16329.84;11280.08;5049.76;32426.418
2026-06-30T03:15:33.831981+02:00;standby;22.9;33.6;5.0;25.0;56.5;10.0;0;0;0;0;16329.84;11280.08;5049.76;32426.418
2026-06-30T03:16:34.678280+02:00;standby;22.9;33.6;5.0;25.0;56.5;10.0;0;0;0;0;16329.84;11280.08;5049.76;32426.418
2026-06-30T03:17:35.320914+02:00;standby;22.9;33.6;5.0;25.0;56.5;10.0;0;0;0;0;16329.84;11280.08;5049.76;32426.418
2026-06-30T03:18:36.215647+02:00;standby;22.9;33.6;5.0;25.0;56.5;10.0;0;0;0;0;16329.84;11280.08;5049.76;32426.418
2026-06-30T03:19:36.844258+02:00;standby;22.9;33.5;5.0;25.0;56.5;10.0;0;0;0;0;16329.84;11280.08;5049.76;32426.418
2026-06-30T03:20:37.566903+02:00;standby;22.9;33.5;5.0;25.0;56.5;10.0;0;0;0;0;16329.84;11280.08;5049.76;32426.418
2026-06-30T03:21:38.123317+02:00;standby;22.9;33.5;5.0;25.0;56.5;10.0;0;0;0;0;16329.84;11280.08;5049.76;32426.418
2026-06-30T03:22:38.690299+02:00;standby;22.9;33.5;5.0;25.0;56.5;10.0;0;0;0;0;16329.84;11280.08;5049.76;32426.418
2026-06-30T03:23:39.226389+02:00;standby;22.9;33.5;5.0;25.0;56.5;10.0;0;0;0;0;16329.84;11280.08;5049.76;32426.418
2026-06-30T03:24:39.741323+02:00;standby;22.9;33.5;5.0;25.0;56.5;10.0;0;0;0;0;16329.84;11280.08;5049.76;32426.418
2026-06-30T03:25:40.365714+02:00;standby;22.9;33.3;5.0;25.0;56.5;10.0;0;0;0;0;16329.84;11280.08;5049.76;32426.418
2026-06-30T03:26:40.996012+02:00;standby;22.9;33.3;5.0;25.0;56.4;10.0;0;0;0;0;16329.84;11280.08;5049.76;32426.418
2026-06-30T03:27:41.745535+02:00;standby;22.9;33.2;5.0;25.0;56.4;10.0;0;0;0;0;16329.84;11280.08;5049.76;32426.418
2026-06-30T03:28:42.202532+02:00;standby;22.9;33.3;5.0;25.0;56.4;10.0;0;0;0;0;16329.84;11280.08;5049.76;32426.418
2026-06-30T03:29:43.271235+02:00;standby;22.9;33.2;5.0;25.0;56.4;10.0;0;0;0;0;16329.84;11280.08;5049.76;32426.418
2026-06-30T03:30:43.713552+02:00;standby;22.9;33.2;5.0;25.0;56.4;10.0;0;0;0;0;16329.84;11280.08;5049.76;32426.418
2026-06-30T03:31:44.201696+02:00;standby;22.9;33.2;5.0;25.0;56.4;10.0;0;0;0;0;16329.84;11280.08;5049.76;32426.418
2026-06-30T03:32:44.675778+02:00;standby;22.9;33.2;5.0;25.0;56.4;10.0;0;0;0;0;16329.84;11280.08;5049.76;32426.418
2026-06-30T03:33:45.591914+02:00;standby;22.9;33.2;5.0;25.0;56.4;10.0;0;0;0;0;16329.84;11280.08;5049.76;32426.418
2026-06-30T03:34:46.271964+02:00;standby;22.9;33.2;5.0;25.0;56.4;10.0;0;0;0;0;16329.84;11280.08;5049.76;32426.418
2026-06-30T03:35:46.901728+02:00;standby;22.0;33.1;5.0;25.0;56.4;10.0;0;0;0;0;16329.84;11280.08;5049.76;32426.418
2026-06-30T03:36:47.522054+02:00;standby;22.0;33.1;5.0;25.0;56.4;10.0;0;0;0;0;16329.84;11280.08;5049.76;32426.418
2026-06-30T03:37:48.134576+02:00;standby;22.0;33.1;5.0;25.0;56.4;10.0;0;0;0;0;16329.84;11280.08;5049.76;32426.418
2026-06-30T03:38:48.582898+02:00;standby;22.0;33.1;5.0;25.0;56.4;10.0;0;0;0;0;16329.84;11280.08;5049.76;32426.418
2026-06-30T03:39:48.995647+02:00;standby;22.0;33.1;5.0;25.0;56.4;10.0;0;0;0;0;16329.84;11280.08;5049.76;32426.418
2026-06-30T03:40:49.621032+02:00;standby;22.0;33.1;5.0;25.0;56.3;10.0;0;0;0;0;16329.84;11280.08;5049.76;32426.418
2026-06-30T03:41:50.153851+02:00;standby;22.0;33.0;5.0;25.0;56.3;10.0;0;0;0;0;16329.84;11280.08;5049.76;32426.418
2026-06-30T03:42:50.798370+02:00;standby;22.0;33.0;5.0;25.0;56.3;10.0;0;0;0;0;16329.84;11280.08;5049.76;32426.418
2026-06-30T03:43:51.427252+02:00;standby;22.0;33.0;5.0;25.0;56.3;10.0;0;0;0;0;16329.84;11280.08;5049.76;32426.418
2026-06-30T03:44:51.872317+02:00;standby;22.0;33.0;5.0;25.0;56.3;10.0;0;0;0;0;16329.84;11280.08;5049.76;32426.418
2026-06-30T03:45:52.436151+02:00;standby;22.0;33.0;5.0;25.0;56.3;10.0;0;0;0;0;16329.84;11280.08;5049.76;32426.418
2026-06-30T03:46:53.021598+02:00;standby;22.0;33.0;5.0;25.0;56.3;10.0;0;0;0;0;16329.84;11280.08;5049.76;32426.418
2026-06-30T03:47:54.284601+02:00;standby;22.0;32.8;5.0;25.0;56.3;10.0;0;0;0;0;16329.84;11280.08;5049.76;32426.418
2026-06-30T03:48:54.913347+02:00;standby;22.0;32.8;5.0;25.0;56.3;10.0;0;0;0;0;16329.84;11280.08;5049.76;32426.418
2026-06-30T03:49:55.552786+02:00;standby;22.0;32.8;5.0;25.0;56.3;10.0;0;0;0;0;16329.84;11280.08;5049.76;32426.418
2026-06-30T03:50:56.159409+02:00;standby;22.0;32.8;5.0;25.0;56.3;10.0;0;0;0;0;16329.84;11280.08;5049.76;32426.418
2026-06-30T03:51:56.948492+02:00;standby;22.0;32.8;5.0;25.0;56.3;10.0;0;0;0;0;16329.84;11280.08;5049.76;32426.418
2026-06-30T03:52:57.734060+02:00;standby;22.0;32.8;5.0;25.0;56.3;10.0;0;0;0;0;16329.84;11280.08;5049.76;32426.418
2026-06-30T03:53:58.215949+02:00;standby;22.0;32.7;5.0;25.0;56.2;10.0;0;0;0;0;16329.84;11280.08;5049.76;32426.418
2026-06-30T03:54:58.868941+02:00;standby;22.0;32.7;5.0;25.0;56.2;10.0;0;0;0;0;16329.84;11280.08;5049.76;32426.418
2026-06-30T03:55:59.402342+02:00;standby;22.0;32.7;5.0;25.0;56.2;10.0;0;0;0;0;16329.84;11280.08;5049.76;32426.418
2026-06-30T03:57:00.018058+02:00;standby;22.0;32.7;5.0;25.0;56.2;10.0;0;0;0;0;16329.84;11280.08;5049.76;32426.418
2026-06-30T03:58:00.641786+02:00;standby;22.0;32.7;5.0;25.0;56.2;10.0;0;0;0;0;16329.84;11280.08;5049.76;32426.418
2026-06-30T03:59:01.362903+02:00;standby;22.0;32.7;5.0;25.0;56.2;10.0;0;0;0;0;16329.84;11280.08;5049.76;32426.418
2026-06-30T04:00:02.075347+02:00;standby;22.0;32.6;5.0;25.0;56.2;10.0;0;0;0;0;16329.84;11280.08;5049.76;32426.418
2026-06-30T04:01:02.573266+02:00;standby;22.0;32.6;5.0;25.0;56.2;57.0;0;0;0;0;16329.84;11280.08;5049.76;32426.418
2026-06-30T04:02:03.129350+02:00;standby;22.0;32.6;5.0;25.0;56.2;57.0;0;0;0;0;16329.84;11280.08;5049.76;32426.418
2026-06-30T04:03:03.579050+02:00;standby;22.0;32.6;5.0;25.0;56.2;57.0;0;0;0;0;16329.84;11280.08;5049.76;32426.418
2026-06-30T04:04:04.443573+02:00;standby;22.0;32.6;5.0;25.0;56.2;57.0;0;0;0;0;16329.84;11280.08;5049.76;32426.418
2026-06-30T04:05:05.126090+02:00;standby;22.0;32.6;5.0;25.0;56.2;57.0;0;0;0;0;16329.84;11280.08;5049.76;32426.418
2026-06-30T04:06:05.641362+02:00;standby;22.0;32.6;5.0;25.0;56.2;57.0;0;0;0;0;16329.84;11280.08;5049.76;32426.418
2026-06-30T04:07:06.158990+02:00;standby;22.0;32.5;5.0;25.0;56.1;57.0;0;0;0;0;16329.84;11280.08;5049.76;32426.418
2026-06-30T04:08:06.640008+02:00;standby;22.0;32.5;5.0;25.0;56.1;57.0;0;0;0;0;16329.84;11280.08;5049.76;32426.418
2026-06-30T04:09:07.479898+02:00;standby;22.0;32.5;5.0;25.0;56.1;57.0;0;0;0;0;16329.84;11280.08;5049.76;32426.418
2026-06-30T04:10:07.997574+02:00;standby;22.0;32.5;5.0;25.0;56.1;57.0;0;0;0;0;16329.84;11280.08;5049.76;32426.418
2026-06-30T04:11:09.069020+02:00;standby;22.0;32.5;5.0;25.0;56.1;57.0;0;0;0;0;16329.84;11280.08;5049.76;32426.418
2026-06-30T04:12:09.518305+02:00;standby;22.0;32.3;5.0;25.0;56.1;57.0;0;0;0;0;16329.84;11280.08;5049.76;32426.418
2026-06-30T04:13:10.092327+02:00;standby;22.0;32.3;5.0;25.0;56.1;57.0;0;0;0;0;16329.84;11280.08;5049.76;32426.418
2026-06-30T04:14:10.557279+02:00;standby;22.0;32.3;5.0;25.0;56.1;57.0;0;0;0;0;16329.84;11280.08;5049.76;32426.418
2026-06-30T04:15:11.171062+02:00;standby;22.0;32.3;5.0;25.0;56.1;57.0;0;0;0;0;16329.84;11280.08;5049.76;32426.418
2026-06-30T04:16:11.661794+02:00;standby;22.0;32.3;5.0;25.0;56.1;57.0;0;0;0;0;16329.84;11280.08;5049.76;32426.418
2026-06-30T04:17:12.195175+02:00;standby;22.0;32.3;5.0;25.0;56.1;57.0;0;0;0;0;16329.84;11280.08;5049.76;32426.418
2026-06-30T04:18:13.040482+02:00;standby;22.0;32.3;5.0;25.0;56.1;57.0;0;0;0;0;16329.84;11280.08;5049.76;32426.418
2026-06-30T04:19:13.726734+02:00;standby;22.0;32.2;5.0;25.0;56.0;57.0;0;0;0;0;16329.84;11280.08;5049.76;32426.418
2026-06-30T04:20:14.206047+02:00;standby;22.0;32.3;5.0;25.0;56.1;57.0;0;0;0;0;16329.84;11280.08;5049.76;32426.418
2026-06-30T04:21:14.735313+02:00;standby;22.0;32.2;5.0;25.0;56.0;57.0;0;0;0;0;16329.84;11280.08;5049.76;32426.418
2026-06-30T04:22:15.310018+02:00;standby;22.0;32.2;5.0;25.0;56.0;57.0;0;0;0;0;16329.84;11280.08;5049.76;32426.418
2026-06-30T04:23:16.007343+02:00;standby;22.0;32.2;5.0;25.0;56.0;57.0;0;0;0;0;16329.84;11280.08;5049.76;32426.418
2026-06-30T04:24:16.672836+02:00;standby;22.0;32.2;5.0;25.0;56.0;57.0;0;0;0;0;16329.84;11280.08;5049.76;32426.418
2026-06-30T04:25:17.433060+02:00;standby;22.0;32.2;5.0;25.0;56.0;57.0;0;0;0;0;16329.84;11280.08;5049.76;32426.418
2026-06-30T04:26:18.045442+02:00;standby;22.0;32.1;5.0;25.0;56.0;57.0;0;0;0;0;16329.84;11280.08;5049.76;32426.418
2026-06-30T04:27:18.526425+02:00;standby;22.0;32.2;5.0;25.0;56.0;57.0;0;0;0;0;16329.84;11280.08;5049.76;32426.418
2026-06-30T04:28:18.981933+02:00;standby;22.0;32.1;5.0;25.0;56.0;57.0;0;0;0;0;16329.84;11280.08;5049.76;32426.418
2026-06-30T04:29:19.410046+02:00;standby;22.0;32.1;5.0;25.0;56.0;57.0;0;0;0;0;16329.84;11280.08;5049.76;32426.418
2026-06-30T04:30:19.854101+02:00;standby;22.0;32.1;5.0;25.0;56.0;57.0;0;0;0;0;16329.84;11280.08;5049.76;32426.418
2026-06-30T04:31:20.300276+02:00;standby;22.0;32.1;5.0;25.0;56.0;57.0;0;0;0;0;16329.84;11280.08;5049.76;32426.418
2026-06-30T04:32:21.370378+02:00;standby;22.0;32.1;5.0;25.0;55.9;57.0;0;0;0;0;16329.84;11280.08;5049.76;32426.418
2026-06-30T04:33:21.846222+02:00;standby;22.0;32.1;5.0;25.0;55.9;57.0;0;0;0;0;16329.84;11280.08;5049.76;32426.418
2026-06-30T04:34:22.405571+02:00;standby;22.0;32.0;5.0;25.0;55.9;57.0;0;0;0;0;16329.84;11280.08;5049.76;32426.418
2026-06-30T04:35:22.991034+02:00;standby;22.0;32.0;5.0;25.0;55.9;57.0;0;0;0;0;16329.84;11280.08;5049.76;32426.418
2026-06-30T04:36:24.949981+02:00;standby;21.7;32.0;5.0;25.0;55.9;57.0;0;0;0;0;16329.84;11280.08;5049.76;32426.418
2026-06-30T04:37:25.661112+02:00;standby;21.7;32.0;5.0;25.0;55.9;57.0;0;0;0;0;16329.84;11280.08;5049.76;32426.418
2026-06-30T04:38:26.195305+02:00;standby;21.7;32.0;5.0;25.0;55.9;57.0;0;0;0;0;16329.84;11280.08;5049.76;32426.418
2026-06-30T04:39:26.811038+02:00;standby;21.7;32.0;5.0;25.0;55.9;57.0;0;0;0;0;16329.84;11280.08;5049.76;32426.418
2026-06-30T04:40:27.781928+02:00;standby;21.7;32.0;5.0;25.0;55.9;57.0;0;0;0;0;16329.84;11280.08;5049.76;32426.418
2026-06-30T04:41:28.429881+02:00;standby;21.7;31.9;5.0;25.0;55.9;57.0;0;0;0;0;16329.84;11280.08;5049.76;32426.418
2026-06-30T04:42:28.916245+02:00;standby;21.7;31.9;5.0;25.0;55.9;57.0;0;0;0;0;16329.84;11280.08;5049.76;32426.418
2026-06-30T04:43:29.395118+02:00;standby;21.7;31.9;5.0;25.0;55.9;57.0;0;0;0;0;16329.84;11280.08;5049.76;32426.418
2026-06-30T04:44:29.927315+02:00;standby;21.7;31.9;5.0;25.0;55.9;57.0;0;0;0;0;16329.84;11280.08;5049.76;32426.418
2026-06-30T04:45:30.712502+02:00;standby;21.7;31.9;5.0;25.0;55.8;57.0;0;0;0;0;16329.84;11280.08;5049.76;32426.418
2026-06-30T04:46:31.312099+02:00;standby;21.7;31.9;5.0;25.0;55.9;57.0;0;0;0;0;16329.84;11280.08;5049.76;32426.418
2026-06-30T04:47:31.779907+02:00;standby;21.7;31.9;5.0;25.0;55.8;57.0;0;0;0;0;16329.84;11280.08;5049.76;32426.418
2026-06-30T04:48:32.763433+02:00;standby;21.7;31.7;5.0;25.0;55.8;57.0;0;0;0;0;16329.84;11280.08;5049.76;32426.418
2026-06-30T04:49:33.514755+02:00;standby;21.7;31.7;5.0;25.0;55.8;57.0;0;0;0;0;16329.84;11280.08;5049.76;32426.418
2026-06-30T04:50:34.162122+02:00;standby;21.7;31.7;5.0;25.0;55.8;57.0;0;0;0;0;16329.84;11280.08;5049.76;32426.418
2026-06-30T04:51:34.675197+02:00;standby;21.7;31.7;5.0;25.0;55.8;57.0;0;0;0;0;16329.84;11280.08;5049.76;32426.418
2026-06-30T04:52:35.241633+02:00;standby;21.7;31.7;5.0;25.0;55.8;57.0;0;0;0;0;16329.84;11280.08;5049.76;32426.418
2026-06-30T04:53:35.773988+02:00;standby;21.7;31.7;5.0;25.0;55.8;57.0;0;0;0;0;16329.84;11280.08;5049.76;32426.418
2026-06-30T04:54:36.546027+02:00;standby;21.7;31.7;5.0;25.0;55.8;57.0;0;0;0;0;16329.84;11280.08;5049.76;32426.418
2026-06-30T04:55:36.972802+02:00;standby;21.7;31.6;5.0;25.0;55.8;57.0;0;0;0;0;16329.84;11280.08;5049.76;32426.418
2026-06-30T04:56:37.477340+02:00;standby;21.7;31.6;5.0;25.0;55.8;57.0;0;0;0;0;16329.84;11280.08;5049.76;32426.418
2026-06-30T04:57:38.153720+02:00;standby;21.7;31.6;5.0;25.0;55.8;57.0;0;0;0;0;16329.84;11280.08;5049.76;32426.418
2026-06-30T04:58:38.650124+02:00;standby;21.7;31.6;5.0;25.0;55.7;57.0;0;0;0;0;16329.84;11280.08;5049.76;32426.418
2026-06-30T04:59:39.119326+02:00;standby;21.7;31.6;5.0;25.0;55.7;57.0;0;0;0;0;16329.84;11280.08;5049.76;32426.418
2026-06-30T05:00:39.702853+02:00;standby;21.7;31.6;5.0;25.0;55.7;57.0;0;0;0;0;16329.84;11280.08;5049.76;32426.418
2026-06-30T05:01:40.364571+02:00;standby;21.7;31.6;5.0;25.0;55.7;57.0;0;0;0;0;16329.84;11280.08;5049.76;32426.418
2026-06-30T05:02:40.909429+02:00;standby;21.7;31.6;5.0;25.0;55.7;57.0;0;0;0;0;16329.84;11280.08;5049.76;32426.418
2026-06-30T05:03:41.402494+02:00;standby;21.7;31.6;5.0;25.0;55.7;57.0;0;0;0;0;16329.84;11280.08;5049.76;32426.418
2026-06-30T05:04:42.002063+02:00;standby;21.7;31.5;5.0;25.0;55.7;57.0;0;0;0;0;16329.84;11280.08;5049.76;32426.418
2026-06-30T05:05:42.747968+02:00;standby;21.7;31.5;5.0;25.0;55.7;57.0;0;0;0;0;16329.84;11280.08;5049.76;32426.418
2026-06-30T05:06:43.244736+02:00;standby;21.7;31.5;5.0;25.0;55.7;57.0;0;0;0;0;16329.84;11280.08;5049.76;32426.418
2026-06-30T05:07:43.836215+02:00;standby;21.7;31.5;5.0;25.0;55.7;57.0;0;0;0;0;16329.84;11280.08;5049.76;32426.418
2026-06-30T05:08:44.377312+02:00;standby;21.7;31.5;5.0;25.0;55.7;57.0;0;0;0;0;16329.84;11280.08;5049.76;32426.418
2026-06-30T05:09:44.855462+02:00;standby;21.7;31.5;5.0;25.0;55.7;57.0;0;0;0;0;16329.84;11280.08;5049.76;32426.418
2026-06-30T05:10:45.433019+02:00;standby;21.7;31.5;5.0;25.0;55.7;57.0;0;0;0;0;16329.84;11280.08;5049.76;32426.418
2026-06-30T05:11:45.910720+02:00;standby;21.7;31.5;5.0;25.0;55.6;57.0;0;0;0;0;16329.84;11280.08;5049.76;32426.418
2026-06-30T05:12:46.428083+02:00;standby;21.7;31.5;5.0;25.0;55.6;57.0;0;0;0;0;16329.84;11280.08;5049.76;32426.418
2026-06-30T05:13:47.105939+02:00;standby;21.7;31.4;5.0;25.0;55.6;57.0;0;0;0;0;16329.84;11280.08;5049.76;32426.418
2026-06-30T05:14:47.746136+02:00;standby;21.7;31.4;5.0;25.0;55.6;57.0;0;0;0;0;16329.84;11280.08;5049.76;32426.418
2026-06-30T05:15:48.573848+02:00;standby;21.7;31.4;5.0;25.0;55.6;57.0;0;0;0;0;16329.84;11280.08;5049.76;32426.418
2026-06-30T05:16:49.048514+02:00;standby;21.7;31.4;5.0;25.0;55.6;57.0;0;0;0;0;16329.84;11280.08;5049.76;32426.418
2026-06-30T05:17:49.484842+02:00;standby;21.7;31.4;5.0;25.0;55.6;57.0;0;0;0;0;16329.84;11280.08;5049.76;32426.418
2026-06-30T05:18:50.175020+02:00;standby;21.7;31.4;5.0;25.0;55.6;57.0;0;0;0;0;16329.84;11280.08;5049.76;32426.418
2026-06-30T05:19:50.898239+02:00;standby;21.7;31.4;5.0;25.0;55.6;57.0;0;0;0;0;16329.84;11280.08;5049.76;32426.418
2026-06-30T05:20:51.519370+02:00;standby;21.7;31.4;5.0;25.0;55.6;57.0;0;0;0;0;16329.84;11280.08;5049.76;32426.418
2026-06-30T05:21:52.136154+02:00;standby;21.7;31.2;5.0;25.0;55.6;57.0;0;0;0;0;16329.84;11280.08;5049.76;32426.418
2026-06-30T05:22:52.724027+02:00;standby;21.7;31.2;5.0;25.0;55.6;57.0;0;0;0;0;16329.84;11280.08;5049.76;32426.418
2026-06-30T05:23:53.792256+02:00;standby;21.7;31.2;5.0;25.0;55.5;57.0;0;0;0;0;16329.84;11280.08;5049.76;32426.418
2026-06-30T05:24:54.263460+02:00;standby;21.7;31.2;5.0;25.0;55.5;57.0;0;0;0;0;16329.84;11280.08;5049.76;32426.418
2026-06-30T05:25:55.148043+02:00;standby;21.7;31.2;5.0;25.0;55.5;57.0;0;0;0;0;16329.84;11280.08;5049.76;32426.418
2026-06-30T05:26:55.590587+02:00;standby;21.7;31.2;5.0;25.0;55.5;57.0;0;0;0;0;16329.84;11280.08;5049.76;32426.418
2026-06-30T05:27:55.989846+02:00;standby;21.7;31.2;5.0;25.0;55.5;57.0;0;0;0;0;16329.84;11280.08;5049.76;32426.418
2026-06-30T05:28:56.954940+02:00;standby;21.7;31.2;5.0;25.0;55.5;57.0;0;0;0;0;16329.84;11280.08;5049.76;32426.418
2026-06-30T05:29:57.458616+02:00;standby;21.7;31.2;5.0;25.0;55.5;57.0;0;0;0;0;16329.84;11280.08;5049.76;32426.418
2026-06-30T05:30:57.874340+02:00;standby;21.7;31.1;5.0;25.0;55.5;57.0;0;0;0;0;16329.84;11280.08;5049.76;32426.418
2026-06-30T05:31:58.392565+02:00;standby;21.7;31.1;5.0;29.0;55.5;57.0;0;0;0;0;16329.84;11280.08;5049.76;32426.418
2026-06-30T05:32:58.930342+02:00;standby;21.7;31.1;5.0;29.0;55.5;57.0;0;0;0;0;16329.84;11280.08;5049.76;32426.418
2026-06-30T05:33:59.535461+02:00;standby;21.7;31.1;5.0;29.0;55.5;57.0;0;0;0;0;16329.84;11280.08;5049.76;32426.418
2026-06-30T05:35:00.280945+02:00;standby;21.7;31.1;5.0;29.0;55.5;57.0;0;0;0;0;16329.84;11280.08;5049.76;32426.418
2026-06-30T05:36:01.260033+02:00;standby;21.7;31.1;5.0;29.0;55.4;57.0;0;0;0;0;16329.84;11280.08;5049.76;32426.418
2026-06-30T05:37:01.688476+02:00;standby;21.0;31.1;5.0;29.0;55.4;57.0;0;0;0;0;16329.84;11280.08;5049.76;32426.418
2026-06-30T05:38:02.186859+02:00;standby;21.0;31.1;5.0;29.0;55.4;57.0;0;0;0;0;16329.84;11280.08;5049.76;32426.418
2026-06-30T05:39:02.714736+02:00;standby;21.0;31.1;5.0;29.0;55.4;57.0;0;0;0;0;16329.84;11280.08;5049.76;32426.418
2026-06-30T05:40:03.487771+02:00;standby;21.0;31.1;5.0;29.0;55.4;57.0;0;0;0;0;16329.84;11280.08;5049.76;32426.418
2026-06-30T05:41:03.967412+02:00;standby;21.0;31.0;5.0;29.0;55.4;57.0;0;0;0;0;16329.84;11280.08;5049.76;32426.418
2026-06-30T05:42:04.573491+02:00;standby;21.0;31.0;5.0;29.0;55.4;57.0;0;0;0;0;16329.84;11280.08;5049.76;32426.418
2026-06-30T05:43:05.453017+02:00;standby;21.0;31.0;5.0;29.0;55.4;57.0;0;0;0;0;16329.84;11280.08;5049.76;32426.418
2026-06-30T05:44:05.870771+02:00;standby;21.0;31.0;5.0;29.0;55.4;57.0;0;0;0;0;16329.84;11280.08;5049.76;32426.418
2026-06-30T05:45:06.393457+02:00;standby;21.0;31.0;5.0;29.0;55.4;57.0;0;0;0;0;16329.84;11280.08;5049.76;32426.418
2026-06-30T05:46:06.924726+02:00;standby;21.0;31.0;5.0;29.0;55.4;57.0;0;0;0;0;16329.84;11280.08;5049.76;32426.418
2026-06-30T05:47:07.327463+02:00;standby;21.0;31.0;5.0;29.0;55.4;57.0;0;0;0;0;16329.84;11280.08;5049.76;32426.418
2026-06-30T05:48:07.744499+02:00;standby;21.0;31.0;5.0;29.0;55.4;57.0;0;0;0;0;16329.84;11280.08;5049.76;32426.418
2026-06-30T05:49:08.309898+02:00;standby;21.0;31.0;5.0;29.0;55.3;57.0;0;0;0;0;16329.84;11280.08;5049.76;32426.418
2026-06-30T05:50:10.582044+02:00;standby;21.0;31.0;5.0;29.0;55.3;57.0;0;0;0;0;16329.84;11280.08;5049.76;32426.418
2026-06-30T05:51:11.204455+02:00;standby;21.0;30.9;5.0;29.0;55.3;57.0;0;0;0;0;16329.84;11280.08;5049.76;32426.418
2026-06-30T05:52:11.769119+02:00;standby;21.0;30.9;5.0;29.0;55.3;57.0;0;0;0;0;16329.84;11280.08;5049.76;32426.418
2026-06-30T05:53:12.187285+02:00;standby;21.0;30.9;5.0;29.0;55.3;57.0;0;0;0;0;16329.84;11280.08;5049.76;32426.418
2026-06-30T05:54:13.290129+02:00;standby;21.0;30.9;5.0;29.0;55.3;57.0;0;0;0;0;16329.84;11280.08;5049.76;32426.418
2026-06-30T05:55:13.736068+02:00;standby;21.0;30.9;5.0;29.0;55.3;57.0;0;0;0;0;16329.84;11280.08;5049.76;32426.418
2026-06-30T05:56:14.209987+02:00;standby;21.0;30.9;5.0;29.0;55.3;57.0;0;0;0;0;16329.84;11280.08;5049.76;32426.418
2026-06-30T05:57:14.636973+02:00;standby;21.0;30.9;5.0;29.0;55.3;57.0;0;0;0;0;16329.84;11280.08;5049.76;32426.418
2026-06-30T05:58:15.198133+02:00;standby;21.0;30.9;5.0;29.0;55.3;57.0;0;0;0;0;16329.84;11280.08;5049.76;32426.418
2026-06-30T05:59:15.672173+02:00;standby;21.0;30.7;5.0;29.0;55.3;57.0;0;0;0;0;16329.84;11280.08;5049.76;32426.418
2026-06-30T06:00:16.227814+02:00;standby;21.0;30.7;5.0;29.0;55.3;57.0;0;0;0;0;16329.84;11280.08;5049.76;32426.418
2026-06-30T06:01:16.747800+02:00;standby;21.0;30.7;5.0;29.0;55.2;57.0;0;0;0;0;16329.84;11280.08;5049.76;32426.418
2026-06-30T06:02:17.377760+02:00;standby;21.0;30.7;5.0;29.0;55.2;57.0;0;0;0;0;16329.84;11280.08;5049.76;32426.418
2026-06-30T06:03:17.792019+02:00;standby;21.0;30.7;5.0;29.0;55.2;57.0;0;0;0;0;16329.84;11280.08;5049.76;32426.418
2026-06-30T06:04:18.271200+02:00;standby;21.0;30.7;5.0;29.0;55.2;57.0;0;0;0;0;16329.84;11280.08;5049.76;32426.418
2026-06-30T06:05:18.883866+02:00;standby;21.0;30.7;5.0;29.0;55.2;57.0;0;0;0;0;16329.84;11280.08;5049.76;32426.418
2026-06-30T06:06:19.310235+02:00;standby;21.0;30.7;5.0;29.0;55.2;57.0;0;0;0;0;16329.84;11280.08;5049.76;32426.418
2026-06-30T06:07:19.808006+02:00;standby;21.0;30.7;5.0;29.0;55.2;57.0;0;0;0;0;16329.84;11280.08;5049.76;32426.418
2026-06-30T06:08:20.395888+02:00;standby;21.0;30.6;5.0;29.0;55.2;57.0;0;0;0;0;16329.84;11280.08;5049.76;32426.418
2026-06-30T06:09:20.843098+02:00;standby;21.0;30.6;5.0;29.0;55.2;57.0;0;0;0;0;16329.84;11280.08;5049.76;32426.418
2026-06-30T06:10:21.281327+02:00;standby;21.0;30.6;5.0;29.0;55.2;57.0;0;0;0;0;16329.84;11280.08;5049.76;32426.418
2026-06-30T06:11:21.949474+02:00;standby;21.0;30.6;5.0;29.0;55.2;57.0;0;0;0;0;16329.84;11280.08;5049.76;32426.418
2026-06-30T06:12:22.503278+02:00;standby;21.0;30.6;5.0;29.0;55.2;57.0;0;0;0;0;16329.84;11280.08;5049.76;32426.418
2026-06-30T06:13:22.979572+02:00;standby;21.0;30.6;5.0;29.0;55.2;57.0;0;0;0;0;16329.84;11280.08;5049.76;32426.418
2026-06-30T06:14:23.504438+02:00;standby;21.0;30.6;5.0;29.0;55.2;57.0;0;0;0;0;16329.84;11280.08;5049.76;32426.418
2026-06-30T06:15:23.925704+02:00;standby;21.0;30.6;5.0;29.0;55.1;57.0;0;0;0;0;16329.84;11280.08;5049.76;32426.418
2026-06-30T06:16:24.519969+02:00;standby;21.0;30.6;5.0;29.0;55.1;57.0;0;0;0;0;16329.84;11280.08;5049.76;32426.418
2026-06-30T06:17:24.959203+02:00;standby;21.0;30.6;5.0;29.0;55.1;57.0;0;0;0;0;16329.84;11280.08;5049.76;32426.418
2026-06-30T06:18:25.378402+02:00;standby;21.0;30.6;5.0;29.0;55.1;57.0;0;0;0;0;16329.84;11280.08;5049.76;32426.418
2026-06-30T06:19:25.893162+02:00;standby;21.0;30.5;5.0;29.0;55.1;57.0;0;0;0;0;16329.84;11280.08;5049.76;32426.418
2026-06-30T06:20:26.420859+02:00;standby;21.0;30.5;5.0;29.0;55.1;57.0;0;0;0;0;16329.84;11280.08;5049.76;32426.418
2026-06-30T06:21:26.904834+02:00;standby;21.0;30.5;5.0;29.0;55.1;57.0;0;0;0;0;16329.84;11280.08;5049.76;32426.418
2026-06-30T06:22:27.760369+02:00;standby;21.0;30.5;5.0;29.0;55.1;57.0;0;0;0;0;16329.84;11280.08;5049.76;32426.418
2026-06-30T06:23:28.173168+02:00;standby;21.0;30.5;5.0;29.0;55.1;57.0;0;0;0;0;16329.84;11280.08;5049.76;32426.418
2026-06-30T06:24:28.655404+02:00;standby;21.0;30.5;5.0;29.0;55.1;57.0;0;0;0;0;16329.84;11280.08;5049.76;32426.418
2026-06-30T06:25:29.154757+02:00;standby;21.0;30.5;5.0;29.0;55.1;57.0;0;0;0;0;16329.84;11280.08;5049.76;32426.418
2026-06-30T06:26:29.892852+02:00;standby;21.0;30.5;5.0;29.0;55.1;57.0;0;0;0;0;16329.84;11280.08;5049.76;32426.418
2026-06-30T06:27:30.454608+02:00;standby;21.0;30.5;5.0;29.0;55.1;57.0;0;0;0;0;16329.84;11280.08;5049.76;32426.418
2026-06-30T06:28:30.871408+02:00;standby;21.0;30.5;5.0;29.0;54.9;57.0;0;0;0;0;16329.84;11280.08;5049.76;32426.418
2026-06-30T06:29:31.398194+02:00;standby;21.0;30.5;5.0;29.0;54.9;57.0;0;0;0;0;16329.84;11280.08;5049.76;32426.418
2026-06-30T06:30:31.976023+02:00;standby;21.0;30.5;5.0;29.0;54.9;57.0;0;0;0;0;16329.84;11280.08;5049.76;32426.418
2026-06-30T06:31:32.886077+02:00;standby;21.0;30.4;5.0;29.0;54.9;57.0;0;0;0;0;16329.84;11280.08;5049.76;32426.418
2026-06-30T06:32:33.463956+02:00;standby;21.0;30.4;5.0;29.0;54.9;57.0;0;0;0;0;16329.84;11280.08;5049.76;32426.418
2026-06-30T06:33:34.224444+02:00;standby;21.0;30.4;5.0;29.0;54.9;57.0;0;0;0;0;16329.84;11280.08;5049.76;32426.418
2026-06-30T06:34:34.851336+02:00;standby;21.0;30.4;5.0;29.0;54.9;57.0;0;0;0;0;16329.84;11280.08;5049.76;32426.418
2026-06-30T06:35:35.595417+02:00;standby;21.0;30.4;5.0;29.0;54.9;57.0;0;0;0;0;16329.84;11280.08;5049.76;32426.418
2026-06-30T06:36:36.083501+02:00;standby;21.0;30.4;5.0;29.0;54.9;57.0;0;0;0;0;16329.84;11280.08;5049.76;32426.418
2026-06-30T06:37:36.884403+02:00;standby;20.9;30.4;5.0;29.0;54.9;57.0;0;0;0;0;16329.84;11280.08;5049.76;32426.418
2026-06-30T06:38:37.497969+02:00;standby;20.9;30.4;5.0;29.0;54.9;57.0;0;0;0;0;16329.84;11280.08;5049.76;32426.418
2026-06-30T06:39:37.954860+02:00;standby;20.9;30.4;5.0;29.0;54.9;57.0;0;0;0;0;16329.84;11280.08;5049.76;32426.418
2026-06-30T06:40:38.780857+02:00;standby;20.9;30.4;5.0;29.0;54.8;57.0;0;0;0;0;16329.84;11280.08;5049.76;32426.418
2026-06-30T06:41:39.312400+02:00;standby;20.9;30.4;5.0;29.0;54.8;57.0;0;0;0;0;16329.84;11280.08;5049.76;32426.418
2026-06-30T06:42:39.886386+02:00;standby;20.9;30.4;5.0;29.0;54.8;57.0;0;0;0;0;16329.84;11280.08;5049.76;32426.418
2026-06-30T06:43:40.411147+02:00;standby;20.9;30.4;5.0;29.0;54.8;57.0;0;0;0;0;16329.84;11280.08;5049.76;32426.418
2026-06-30T06:44:40.971347+02:00;standby;20.9;30.2;5.0;29.0;54.8;57.0;0;0;0;0;16329.84;11280.08;5049.76;32426.418
2026-06-30T06:45:41.544939+02:00;standby;20.9;30.4;5.0;29.0;54.8;57.0;0;0;0;0;16329.84;11280.08;5049.76;32426.418
2026-06-30T06:46:42.304733+02:00;standby;20.9;30.4;5.0;29.0;54.8;57.0;0;0;0;0;16329.84;11280.08;5049.76;32426.418
2026-06-30T06:47:42.920774+02:00;standby;20.9;30.4;5.0;29.0;54.8;57.0;0;0;0;0;16329.84;11280.08;5049.76;32426.418
2026-06-30T06:48:43.623827+02:00;standby;20.9;30.2;5.0;29.0;54.8;57.0;0;0;0;0;16329.84;11280.08;5049.76;32426.418
2026-06-30T06:49:44.279362+02:00;standby;20.9;30.2;5.0;29.0;54.8;57.0;0;0;0;0;16329.84;11280.08;5049.76;32426.418
2026-06-30T06:50:44.928896+02:00;standby;20.9;30.2;5.0;29.0;54.8;57.0;0;0;0;0;16329.84;11280.08;5049.76;32426.418
2026-06-30T06:51:45.854050+02:00;standby;20.9;30.2;5.0;28.0;54.8;57.0;0;0;0;0;16329.84;11280.08;5049.76;32426.418
2026-06-30T06:52:46.278939+02:00;standby;20.9;30.2;5.0;28.0;54.8;57.0;0;0;0;0;16329.84;11280.08;5049.76;32426.418
2026-06-30T06:53:46.771661+02:00;standby;20.9;30.2;5.0;28.0;54.8;57.0;0;0;0;0;16329.84;11280.08;5049.76;32426.418
2026-06-30T06:54:47.248505+02:00;standby;20.9;30.2;5.0;28.0;54.8;57.0;0;0;0;0;16329.84;11280.08;5049.76;32426.418
2026-06-30T06:55:47.817636+02:00;standby;20.9;30.2;5.0;28.0;54.7;57.0;0;0;0;0;16329.84;11280.08;5049.76;32426.418
2026-06-30T06:56:48.446491+02:00;standby;20.9;30.2;5.0;28.0;54.7;57.0;0;0;0;0;16329.84;11280.08;5049.76;32426.418
2026-06-30T06:57:48.865080+02:00;standby;20.9;30.2;5.0;28.0;54.7;57.0;0;0;0;0;16329.84;11280.08;5049.76;32426.418
2026-06-30T06:58:49.347712+02:00;standby;20.9;30.2;5.0;28.0;54.7;57.0;0;0;0;0;16329.84;11280.08;5049.76;32426.418
2026-06-30T06:59:49.761304+02:00;standby;20.9;30.2;5.0;28.0;54.7;57.0;0;0;0;0;16329.84;11280.08;5049.76;32426.418
2026-06-30T07:00:50.310163+02:00;standby;20.9;30.2;5.0;28.0;54.7;57.0;0;0;0;0;16329.84;11280.08;5049.76;32426.418
2026-06-30T07:01:50.837044+02:00;standby;20.9;30.2;5.0;28.0;54.7;57.0;0;0;0;0;16329.84;11280.08;5049.76;32426.418
2026-06-30T07:02:51.271989+02:00;standby;20.9;30.1;5.0;28.0;54.7;57.0;0;0;0;0;16329.84;11280.08;5049.76;32426.418
2026-06-30T07:03:51.747290+02:00;standby;20.9;30.1;5.0;28.0;54.7;57.0;0;0;0;0;16329.84;11280.08;5049.76;32426.418
2026-06-30T07:04:52.748031+02:00;standby;20.9;30.1;5.0;28.0;54.7;57.0;0;0;0;0;16329.84;11280.08;5049.76;32426.418
2026-06-30T07:05:53.183951+02:00;standby;20.9;30.1;5.0;28.0;54.7;57.0;0;0;0;0;16329.84;11280.08;5049.76;32426.418
2026-06-30T07:06:53.656239+02:00;standby;20.9;30.1;5.0;28.0;54.6;57.0;0;0;0;0;16329.84;11280.08;5049.76;32426.418
2026-06-30T07:07:54.103265+02:00;standby;20.9;30.1;5.0;28.0;54.6;57.0;0;0;0;0;16329.84;11280.08;5049.76;32426.418
2026-06-30T07:08:54.513458+02:00;standby;20.9;30.1;5.0;28.0;54.6;57.0;0;0;0;0;16329.84;11280.08;5049.76;32426.418
2026-06-30T07:09:55.000384+02:00;standby;20.9;30.1;5.0;28.0;54.6;57.0;0;0;0;0;16329.84;11280.08;5049.76;32426.418
2026-06-30T07:10:55.527812+02:00;standby;20.9;30.1;5.0;28.0;54.6;57.0;0;0;0;0;16329.84;11280.08;5049.76;32426.418
2026-06-30T07:11:55.991643+02:00;standby;20.9;30.1;5.0;28.0;54.6;57.0;0;0;0;0;16329.84;11280.08;5049.76;32426.418
2026-06-30T07:12:56.615100+02:00;standby;20.9;30.1;5.0;28.0;54.6;57.0;0;0;0;0;16329.84;11280.08;5049.76;32426.418
2026-06-30T07:13:57.150522+02:00;standby;20.9;30.1;5.0;28.0;54.6;57.0;0;0;0;0;16329.84;11280.08;5049.76;32426.418
2026-06-30T07:14:57.652216+02:00;standby;20.9;30.1;5.0;28.0;54.6;57.0;0;0;0;0;16329.84;11280.08;5049.76;32426.418
2026-06-30T07:15:58.154250+02:00;standby;20.9;30.1;5.0;28.0;54.6;57.0;0;0;0;0;16329.84;11280.08;5049.76;32426.418
2026-06-30T07:16:58.595487+02:00;standby;20.9;30.1;5.0;28.0;54.6;57.0;0;0;0;0;16329.84;11280.08;5049.76;32426.418
2026-06-30T07:17:59.157452+02:00;standby;20.9;30.1;5.0;28.0;54.6;57.0;0;0;0;0;16329.84;11280.08;5049.76;32426.418
2026-06-30T07:18:59.632858+02:00;standby;20.9;30.1;5.0;28.0;54.5;57.0;0;0;0;0;16329.84;11280.08;5049.76;32426.418
2026-06-30T07:20:00.267881+02:00;standby;20.9;30.0;5.0;28.0;54.6;57.0;0;0;0;0;16329.84;11280.08;5049.76;32426.418
2026-06-30T07:21:00.766637+02:00;standby;20.9;30.0;5.0;28.0;54.5;57.0;0;0;0;0;16329.84;11280.08;5049.76;32426.418
2026-06-30T07:22:03.656214+02:00;standby;20.9;30.0;5.0;28.0;54.5;57.0;0;0;0;0;16329.84;11280.08;5049.76;32426.418
2026-06-30T07:23:04.114612+02:00;standby;20.9;30.0;5.0;28.0;54.5;57.0;0;0;0;0;16329.84;11280.08;5049.76;32426.418
2026-06-30T07:24:04.581412+02:00;standby;20.9;30.0;5.0;28.0;54.5;57.0;0;0;0;0;16329.84;11280.08;5049.76;32426.418
2026-06-30T07:25:05.050801+02:00;standby;20.9;30.0;5.0;28.0;54.5;57.0;0;0;0;0;16329.84;11280.08;5049.76;32426.418
2026-06-30T07:26:05.460976+02:00;standby;20.9;30.0;5.0;28.0;54.5;57.0;0;0;0;0;16329.84;11280.08;5049.76;32426.418
2026-06-30T07:27:06.273170+02:00;standby;20.9;30.0;5.0;28.0;54.5;57.0;0;0;0;0;16329.84;11280.08;5049.76;32426.418
2026-06-30T07:28:06.758515+02:00;standby;20.9;30.0;5.0;28.0;54.5;57.0;0;0;0;0;16329.84;11280.08;5049.76;32426.418
2026-06-30T07:29:07.221001+02:00;standby;20.9;30.0;5.0;28.0;54.5;57.0;0;0;0;0;16329.84;11280.08;5049.76;32426.418
2026-06-30T07:30:07.671700+02:00;standby;20.9;30.0;5.0;28.0;54.5;57.0;0;0;0;0;16329.84;11280.08;5049.76;32426.418
2026-06-30T07:31:08.190595+02:00;standby;20.9;30.0;5.0;28.0;54.5;57.0;0;0;0;0;16329.84;11280.08;5049.76;32426.418
2026-06-30T07:32:08.886822+02:00;standby;20.9;30.0;5.0;28.0;54.5;57.0;0;0;0;0;16329.84;11280.08;5049.76;32426.418
2026-06-30T07:33:09.360452+02:00;standby;20.9;30.0;5.0;28.0;54.4;57.0;0;0;0;0;16329.84;11280.08;5049.76;32426.418
2026-06-30T07:34:09.877026+02:00;standby;20.9;30.0;5.0;28.0;54.4;57.0;0;0;0;0;16329.84;11280.08;5049.76;32426.418
2026-06-30T07:35:10.367370+02:00;standby;20.9;30.0;5.0;28.0;54.4;57.0;0;0;0;0;16329.84;11280.08;5049.76;32426.418
2026-06-30T07:36:11.040869+02:00;standby;20.9;29.9;5.0;28.0;54.4;57.0;0;0;0;0;16329.84;11280.08;5049.76;32426.418
2026-06-30T07:37:11.546394+02:00;standby;20.9;29.9;5.0;28.0;54.4;57.0;0;0;0;0;16329.84;11280.08;5049.76;32426.418
2026-06-30T07:38:12.480213+02:00;standby;23.1;29.9;5.0;28.0;54.4;57.0;0;0;0;0;16329.84;11280.08;5049.76;32426.418
2026-06-30T07:39:13.818857+02:00;standby;23.1;29.9;5.0;28.0;54.4;57.0;0;0;0;0;16329.84;11280.08;5049.76;32426.418
2026-06-30T07:40:14.375193+02:00;standby;23.1;29.9;5.0;28.0;54.4;57.0;0;0;0;0;16329.84;11280.08;5049.76;32426.418
2026-06-30T07:41:14.889810+02:00;standby;23.1;29.9;5.0;28.0;54.4;57.0;0;0;0;0;16329.84;11280.08;5049.76;32426.418
2026-06-30T07:42:15.385002+02:00;standby;23.1;29.9;5.0;28.0;54.4;57.0;0;0;0;0;16329.84;11280.08;5049.76;32426.418
2026-06-30T07:43:15.889836+02:00;standby;23.1;29.9;5.0;28.0;54.4;57.0;0;0;0;0;16329.84;11280.08;5049.76;32426.418
2026-06-30T07:44:16.350766+02:00;standby;23.1;29.9;5.0;28.0;54.4;57.0;0;0;0;0;16329.84;11280.08;5049.76;32426.418
2026-06-30T07:45:16.894006+02:00;standby;23.1;29.9;5.0;28.0;54.3;57.0;0;0;0;0;16329.84;11280.08;5049.76;32426.418
2026-06-30T07:46:17.344207+02:00;standby;23.1;29.9;5.0;28.0;54.3;57.0;0;0;0;0;16329.84;11280.08;5049.76;32426.418
2026-06-30T07:47:17.931925+02:00;standby;23.1;29.9;5.0;28.0;54.3;57.0;0;0;0;0;16329.84;11280.08;5049.76;32426.418
2026-06-30T07:48:18.478437+02:00;standby;23.1;29.9;5.0;28.0;54.3;57.0;0;0;0;0;16329.84;11280.08;5049.76;32426.418
2026-06-30T07:49:18.974213+02:00;standby;23.1;29.9;5.0;28.0;54.3;57.0;0;0;0;0;16329.84;11280.08;5049.76;32426.418
2026-06-30T07:50:21.164947+02:00;standby;23.1;29.9;5.0;28.0;54.3;57.0;0;0;0;0;16329.84;11280.08;5049.76;32426.418
2026-06-30T07:51:21.617232+02:00;standby;23.1;29.9;5.0;28.0;54.3;57.0;0;0;0;0;16329.84;11280.08;5049.76;32426.418
2026-06-30T07:52:22.091711+02:00;standby;23.1;29.9;5.0;28.0;54.3;57.0;0;0;0;0;16329.84;11280.08;5049.76;32426.418
2026-06-30T07:53:22.585713+02:00;standby;23.1;29.9;5.0;28.0;54.3;57.0;0;0;0;0;16329.84;11280.08;5049.76;32426.418
2026-06-30T07:54:23.037114+02:00;standby;23.1;29.9;5.0;28.0;54.3;57.0;0;0;0;0;16329.84;11280.08;5049.76;32426.418
2026-06-30T07:55:23.487529+02:00;standby;23.1;29.9;5.0;28.0;54.3;57.0;0;0;0;0;16329.84;11280.08;5049.76;32426.418
2026-06-30T07:56:23.939543+02:00;standby;23.1;29.7;5.0;28.0;54.3;57.0;0;0;0;0;16329.84;11280.08;5049.76;32426.418
2026-06-30T07:57:24.636690+02:00;standby;23.1;29.9;5.0;28.0;54.3;57.0;0;0;0;0;16329.84;11280.08;5049.76;32426.418
2026-06-30T07:58:25.117861+02:00;standby;23.1;29.7;5.0;28.0;54.3;57.0;0;0;0;0;16329.84;11280.08;5049.76;32426.418
2026-06-30T07:59:25.643379+02:00;standby;23.1;29.7;5.0;28.0;54.3;57.0;0;0;0;0;16329.84;11280.08;5049.76;32426.418
2026-06-30T08:00:26.087856+02:00;standby;23.1;29.7;5.0;28.0;54.2;57.0;0;0;0;0;16329.84;11280.08;5049.76;32426.418
2026-06-30T08:01:26.548175+02:00;standby;23.1;29.7;5.0;28.0;54.2;57.0;0;0;0;0;16329.84;11280.08;5049.76;32426.418
2026-06-30T08:02:27.029059+02:00;standby;23.1;29.7;5.0;28.0;54.2;57.0;0;0;0;0;16329.84;11280.08;5049.76;32426.418
2026-06-30T08:03:27.597390+02:00;standby;23.1;29.7;5.0;28.0;54.2;57.0;0;0;0;0;16329.84;11280.08;5049.76;32426.418
2026-06-30T08:04:28.886322+02:00;standby;23.1;29.7;5.0;28.0;54.2;57.0;0;0;0;0;16329.84;11280.08;5049.76;32426.418
2026-06-30T08:05:29.380427+02:00;standby;23.1;29.7;5.0;28.0;54.2;57.0;0;0;0;0;16329.84;11280.08;5049.76;32426.418
2026-06-30T08:06:29.820295+02:00;standby;23.1;29.7;5.0;28.0;54.2;57.0;0;0;0;0;16329.84;11280.08;5049.76;32426.418
2026-06-30T08:07:30.317631+02:00;standby;23.1;29.7;5.0;28.0;54.2;57.0;0;0;0;0;16329.84;11280.08;5049.76;32426.418
2026-06-30T08:08:30.838455+02:00;standby;23.1;29.7;5.0;28.0;54.2;57.0;0;0;0;0;16329.84;11280.08;5049.76;32426.418
2026-06-30T08:09:31.326540+02:00;standby;23.1;29.7;5.0;28.0;54.2;57.0;0;0;0;0;16329.84;11280.08;5049.76;32426.418
2026-06-30T08:10:32.387259+02:00;standby;23.1;29.7;5.0;28.0;54.2;57.0;0;0;0;0;16329.84;11280.08;5049.76;32426.418
2026-06-30T08:11:32.988508+02:00;standby;23.1;29.7;5.0;28.0;54.2;57.0;0;0;0;0;16329.84;11280.08;5049.76;32426.418
2026-06-30T08:12:33.501018+02:00;standby;23.1;29.7;5.0;28.0;54.2;57.0;0;0;0;0;16329.84;11280.08;5049.76;32426.418
2026-06-30T08:13:34.150498+02:00;standby;23.1;29.7;5.0;28.0;54.1;57.0;0;0;0;0;16329.84;11280.08;5049.76;32426.418
2026-06-30T08:14:34.840997+02:00;standby;23.1;29.6;5.0;28.0;54.1;57.0;0;0;0;0;16329.84;11280.08;5049.76;32426.418
2026-06-30T08:15:35.385778+02:00;standby;23.1;29.6;5.0;28.0;54.1;57.0;0;0;0;0;16329.84;11280.08;5049.76;32426.418
2026-06-30T08:16:35.967581+02:00;standby;23.1;29.6;5.0;28.0;54.1;57.0;0;0;0;0;16329.84;11280.08;5049.76;32426.418
2026-06-30T08:17:36.764006+02:00;standby;23.1;29.6;5.0;28.0;54.1;57.0;0;0;0;0;16329.84;11280.08;5049.76;32426.418
2026-06-30T08:18:37.343726+02:00;standby;23.1;29.6;5.0;28.0;54.1;57.0;0;0;0;0;16329.84;11280.08;5049.76;32426.418
2026-06-30T08:19:37.865367+02:00;standby;23.1;29.6;5.0;28.0;54.1;57.0;0;0;0;0;16329.84;11280.08;5049.76;32426.418
2026-06-30T08:20:38.474701+02:00;standby;23.1;29.6;5.0;28.0;54.1;57.0;0;0;0;0;16329.84;11280.08;5049.76;32426.418
2026-06-30T08:21:39.058244+02:00;standby;23.1;29.6;5.0;28.0;54.1;57.0;0;0;0;0;16329.84;11280.08;5049.76;32426.418
2026-06-30T08:22:39.637329+02:00;standby;23.1;29.6;5.0;28.0;54.1;57.0;0;0;0;0;16329.84;11280.08;5049.76;32426.418
2026-06-30T08:23:40.132729+02:00;standby;23.1;29.6;5.0;28.0;54.1;57.0;0;0;0;0;16329.84;11280.08;5049.76;32426.418
2026-06-30T08:24:40.754543+02:00;standby;23.1;29.6;5.0;28.0;54.1;57.0;0;0;0;0;16329.84;11280.08;5049.76;32426.418
2026-06-30T08:25:41.751175+02:00;standby;23.1;29.6;5.0;28.0;54.0;57.0;0;0;0;0;16329.84;11280.08;5049.76;32426.418
2026-06-30T08:26:42.508611+02:00;standby;23.1;29.6;5.0;28.0;54.0;57.0;0;0;0;0;16329.84;11280.08;5049.76;32426.418
2026-06-30T08:27:43.096518+02:00;standby;23.1;29.6;5.0;28.0;54.0;57.0;0;0;0;0;16329.84;11280.08;5049.76;32426.418
2026-06-30T08:28:43.759718+02:00;standby;23.1;29.6;5.0;28.0;54.0;57.0;0;0;0;0;16329.84;11280.08;5049.76;32426.418
2026-06-30T08:29:44.223311+02:00;standby;23.1;29.6;5.0;28.0;54.0;57.0;0;0;0;0;16329.84;11280.08;5049.76;32426.418
2026-06-30T08:30:45.064777+02:00;standby;23.1;29.6;5.0;28.0;54.0;57.0;0;0;0;0;16329.84;11280.08;5049.76;32426.418
2026-06-30T08:31:45.685259+02:00;standby;23.1;29.6;5.0;28.0;54.0;57.0;0;0;0;0;16329.84;11280.08;5049.76;32426.418
2026-06-30T08:32:46.254837+02:00;standby;23.1;29.6;5.0;28.0;54.0;57.0;0;0;0;0;16329.84;11280.08;5049.76;32426.418
2026-06-30T08:33:46.728008+02:00;standby;23.1;29.6;5.0;28.0;54.0;57.0;0;0;0;0;16329.84;11280.08;5049.76;32426.418
2026-06-30T08:34:47.244616+02:00;standby;23.1;29.4;5.0;28.0;54.0;57.0;0;0;0;0;16329.84;11280.08;5049.76;32426.418
2026-06-30T08:35:47.840591+02:00;standby;23.1;29.4;5.0;28.0;54.0;57.0;0;0;0;0;16329.84;11280.08;5049.76;32426.418
2026-06-30T08:36:48.623874+02:00;standby;23.1;29.4;5.0;28.0;54.0;57.0;0;0;0;0;16329.84;11280.08;5049.76;32426.418
2026-06-30T08:37:49.181579+02:00;standby;23.1;29.4;5.0;28.0;53.9;57.0;0;0;0;0;16329.84;11280.08;5049.76;32426.418
2026-06-30T08:38:49.689420+02:00;standby;24.7;29.4;5.0;28.0;53.9;57.0;0;0;0;0;16329.84;11280.08;5049.76;32426.418
2026-06-30T08:39:50.250576+02:00;standby;24.7;29.4;5.0;28.0;53.9;57.0;0;0;0;0;16329.84;11280.08;5049.76;32426.418
2026-06-30T08:40:50.947462+02:00;standby;24.7;29.4;5.0;28.0;53.9;57.0;0;0;0;0;16329.84;11280.08;5049.76;32426.418
2026-06-30T08:41:52.046732+02:00;standby;24.7;29.4;5.0;28.0;53.9;57.0;0;0;0;0;16329.84;11280.08;5049.76;32426.418
2026-06-30T08:42:52.563827+02:00;standby;24.7;29.4;5.0;28.0;53.9;57.0;0;0;0;0;16329.84;11280.08;5049.76;32426.418
2026-06-30T08:43:53.045451+02:00;standby;24.7;29.4;5.0;28.0;53.9;57.0;0;0;0;0;16329.84;11280.08;5049.76;32426.418
2026-06-30T08:44:53.734175+02:00;standby;24.7;29.4;5.0;28.0;53.9;57.0;0;0;0;0;16329.84;11280.08;5049.76;32426.418
2026-06-30T08:45:54.220821+02:00;standby;24.7;29.4;5.0;28.0;53.9;57.0;0;0;0;0;16329.84;11280.08;5049.76;32426.418
2026-06-30T08:46:54.709387+02:00;standby;24.7;29.4;5.0;28.0;53.9;57.0;0;0;0;0;16329.84;11280.08;5049.76;32426.418
2026-06-30T08:47:55.179315+02:00;standby;24.7;29.4;5.0;28.0;53.9;57.0;0;0;0;0;16329.84;11280.08;5049.76;32426.418
2026-06-30T08:48:55.643931+02:00;standby;24.7;29.4;5.0;28.0;53.9;57.0;0;0;0;0;16329.84;11280.08;5049.76;32426.418
2026-06-30T08:49:56.659333+02:00;standby;24.7;29.4;5.0;28.0;53.8;57.0;0;0;0;0;16329.84;11280.08;5049.76;32426.418
2026-06-30T08:50:57.781767+02:00;standby;24.7;29.4;5.0;28.0;53.8;57.0;0;0;0;0;16329.84;11280.08;5049.76;32426.418
2026-06-30T08:51:58.227359+02:00;standby;24.7;29.4;5.0;28.0;53.8;57.0;0;0;0;0;16329.84;11280.08;5049.76;32426.418
2026-06-30T08:52:58.748746+02:00;standby;24.7;29.4;5.0;28.0;53.8;57.0;0;0;0;0;16329.84;11280.08;5049.76;32426.418
2026-06-30T08:53:59.430624+02:00;standby;24.7;29.4;5.0;28.0;53.8;57.0;0;0;0;0;16329.84;11280.08;5049.76;32426.418
2026-06-30T08:54:59.967032+02:00;standby;24.7;29.4;5.0;28.0;53.8;57.0;0;0;0;0;16329.84;11280.08;5049.76;32426.418
2026-06-30T08:56:00.713770+02:00;standby;24.7;29.4;5.0;28.0;53.8;57.0;0;0;0;0;16329.84;11280.08;5049.76;32426.418
2026-06-30T08:57:01.614265+02:00;standby;24.7;29.4;5.0;28.0;53.8;57.0;0;0;0;0;16329.84;11280.08;5049.76;32426.418
2026-06-30T08:58:02.917107+02:00;standby;24.7;29.4;5.0;28.0;53.8;57.0;0;0;0;0;16329.84;11280.08;5049.76;32426.418
2026-06-30T08:59:03.344292+02:00;standby;24.7;29.3;5.0;28.0;53.8;57.0;0;0;0;0;16329.84;11280.08;5049.76;32426.418
2026-06-30T09:00:03.878066+02:00;standby;24.7;29.3;5.0;28.0;53.8;57.0;0;0;0;0;16329.84;11280.08;5049.76;32426.418
2026-06-30T09:01:04.332131+02:00;standby;24.7;29.3;5.0;28.0;53.8;57.0;0;0;0;0;16329.84;11280.08;5049.76;32426.418
2026-06-30T09:02:05.302704+02:00;standby;24.7;29.3;5.0;28.0;53.7;57.0;0;0;0;0;16329.84;11280.08;5049.76;32426.418
2026-06-30T09:03:05.884689+02:00;standby;24.7;29.3;5.0;28.0;53.8;57.0;0;0;0;0;16329.84;11280.08;5049.76;32426.418
2026-06-30T09:04:06.463221+02:00;standby;24.7;29.3;5.0;28.0;53.7;57.0;0;0;0;0;16329.84;11280.08;5049.76;32426.418
2026-06-30T09:05:06.970245+02:00;standby;24.7;29.3;5.0;28.0;53.7;57.0;0;0;0;0;16329.84;11280.08;5049.76;32426.418
2026-06-30T09:06:07.647318+02:00;standby;24.7;29.3;5.0;28.0;53.7;57.0;0;0;0;0;16329.84;11280.08;5049.76;32426.418
2026-06-30T09:07:08.069030+02:00;standby;24.7;29.3;5.0;28.0;53.7;57.0;0;0;0;0;16329.84;11280.08;5049.76;32426.418
2026-06-30T09:08:08.581437+02:00;standby;24.7;29.3;5.0;28.0;53.7;57.0;0;0;0;0;16329.84;11280.08;5049.76;32426.418
2026-06-30T09:09:09.515750+02:00;standby;24.7;29.3;5.0;28.0;53.7;57.0;0;0;0;0;16329.84;11280.08;5049.76;32426.418
2026-06-30T09:10:09.980297+02:00;standby;24.7;29.3;5.0;28.0;53.7;57.0;0;0;0;0;16329.84;11280.08;5049.76;32426.418
2026-06-30T09:11:10.532716+02:00;standby;24.7;29.3;5.0;28.0;53.7;57.0;0;0;0;0;16329.84;11280.08;5049.76;32426.418
2026-06-30T09:12:11.153242+02:00;standby;24.7;29.3;5.0;28.0;53.7;57.0;0;0;0;0;16329.84;11280.08;5049.76;32426.418
2026-06-30T09:13:12.083530+02:00;standby;24.7;29.3;5.0;28.0;53.7;57.0;0;0;0;0;16329.84;11280.08;5049.76;32426.418
2026-06-30T09:14:12.571136+02:00;standby;24.7;29.3;5.0;28.0;53.7;57.0;0;0;0;0;16329.84;11280.08;5049.76;32426.418
2026-06-30T09:15:13.139772+02:00;standby;24.7;29.3;5.0;28.0;53.7;57.0;0;0;0;0;16329.84;11280.08;5049.76;32426.418
2026-06-30T09:16:13.556788+02:00;standby;24.7;29.3;5.0;28.0;53.6;57.0;0;0;0;0;16329.84;11280.08;5049.76;32426.418
2026-06-30T09:17:14.116355+02:00;standby;24.7;29.3;5.0;28.0;53.6;57.0;0;0;0;0;16329.84;11280.08;5049.76;32426.418
2026-06-30T09:18:15.115118+02:00;standby;24.7;29.3;5.0;28.0;53.6;57.0;0;0;0;0;16329.84;11280.08;5049.76;32426.418
2026-06-30T09:19:15.564543+02:00;standby;24.7;29.3;5.0;28.0;53.6;57.0;0;0;0;0;16329.84;11280.08;5049.76;32426.418
2026-06-30T09:20:16.430371+02:00;standby;24.7;29.3;5.0;28.0;53.6;57.0;0;0;0;0;16329.84;11280.08;5049.76;32426.418
2026-06-30T09:21:16.977344+02:00;standby;24.7;29.3;5.0;28.0;53.6;57.0;0;0;0;0;16329.84;11280.08;5049.76;32426.418
2026-06-30T09:22:17.445862+02:00;standby;24.7;29.3;5.0;28.0;53.6;57.0;0;0;0;0;16329.84;11280.08;5049.76;32426.418
2026-06-30T09:23:18.006901+02:00;standby;24.7;29.3;5.0;28.0;53.5;57.0;0;0;0;0;16329.84;11280.08;5049.76;32426.418
2026-06-30T09:24:18.673762+02:00;standby;24.7;29.3;5.0;28.0;53.5;57.0;0;0;0;0;16329.84;11280.08;5049.76;32426.418
2026-06-30T09:25:19.195096+02:00;standby;24.7;29.3;5.0;28.0;53.5;57.0;0;0;0;0;16329.84;11280.08;5049.76;32426.418
2026-06-30T09:26:19.667442+02:00;standby;24.7;29.2;5.0;28.0;53.5;57.0;0;0;0;0;16329.84;11280.08;5049.76;32426.418
2026-06-30T09:27:20.531484+02:00;standby;24.7;29.3;5.0;28.0;53.4;57.0;0;0;0;0;16329.84;11280.08;5049.76;32426.418
2026-06-30T09:28:20.910973+02:00;standby;24.7;29.2;5.0;28.0;53.4;57.0;0;0;0;0;16329.84;11280.08;5049.76;32426.418
2026-06-30T09:29:21.535475+02:00;standby;24.7;29.2;5.0;28.0;53.4;57.0;0;0;0;0;16329.84;11280.08;5049.76;32426.418
2026-06-30T09:30:22.021241+02:00;standby;24.7;29.2;5.0;28.0;53.4;57.0;0;0;0;0;16329.84;11280.08;5049.76;32426.418
2026-06-30T09:31:22.853584+02:00;standby;24.7;29.2;5.0;28.0;53.4;57.0;0;0;0;0;16329.84;11280.08;5049.76;32426.418
2026-06-30T09:32:23.270484+02:00;standby;24.7;29.2;5.0;28.0;53.4;57.0;0;0;0;0;16329.84;11280.08;5049.76;32426.418
2026-06-30T09:33:23.966718+02:00;standby;24.7;29.2;5.0;28.0;53.4;57.0;0;0;0;0;16329.84;11280.08;5049.76;32426.418
2026-06-30T09:34:24.740443+02:00;standby;24.7;29.2;5.0;28.0;53.4;57.0;0;0;0;0;16329.84;11280.08;5049.76;32426.418
2026-06-30T09:35:25.245566+02:00;standby;24.7;29.2;5.0;28.0;53.4;57.0;0;0;0;0;16329.84;11280.08;5049.76;32426.418
2026-06-30T09:36:25.826086+02:00;standby;24.7;29.2;5.0;28.0;53.4;57.0;0;0;0;0;16329.84;11280.08;5049.76;32426.418
2026-06-30T09:37:26.411990+02:00;standby;24.7;29.2;5.0;28.0;53.4;57.0;0;0;0;0;16329.84;11280.08;5049.76;32426.418
2026-06-30T09:38:27.309881+02:00;standby;24.7;29.2;5.0;28.0;53.3;57.0;0;0;0;0;16329.84;11280.08;5049.76;32426.418
2026-06-30T09:39:27.990421+02:00;standby;26.0;29.2;5.0;28.0;53.3;57.0;0;0;0;0;16329.84;11280.08;5049.76;32426.418
2026-06-30T09:40:28.658283+02:00;standby;26.0;29.2;5.0;28.0;53.3;57.0;0;0;0;0;16329.84;11280.08;5049.76;32426.418
2026-06-30T09:41:29.257013+02:00;standby;26.0;29.2;5.0;28.0;53.3;57.0;0;0;0;0;16329.84;11280.08;5049.76;32426.418
2026-06-30T09:42:29.854811+02:00;standby;26.0;29.2;5.0;28.0;53.3;57.0;0;0;0;0;16329.84;11280.08;5049.76;32426.418
2026-06-30T09:43:31.167224+02:00;standby;26.0;29.2;5.0;28.0;53.3;57.0;0;0;0;0;16329.84;11280.08;5049.76;32426.418
2026-06-30T09:44:31.827188+02:00;standby;26.0;29.2;5.0;28.0;53.3;57.0;0;0;0;0;16329.84;11280.08;5049.76;32426.418
2026-06-30T09:45:32.581787+02:00;standby;26.0;29.2;5.0;28.0;53.3;57.0;0;0;0;0;16329.84;11280.08;5049.76;32426.418
2026-06-30T09:46:33.059535+02:00;standby;26.0;29.2;5.0;28.0;53.3;57.0;0;0;0;0;16329.84;11280.08;5049.76;32426.418
2026-06-30T09:47:33.548195+02:00;standby;26.0;29.2;5.0;28.0;53.3;57.0;0;0;0;0;16329.84;11280.08;5049.76;32426.418
2026-06-30T09:48:34.195953+02:00;standby;26.0;29.2;5.0;28.0;53.3;57.0;0;0;0;0;16329.84;11280.08;5049.76;32426.418
2026-06-30T09:49:34.942550+02:00;standby;26.0;29.2;5.0;28.0;53.2;57.0;0;0;0;0;16329.84;11280.08;5049.76;32426.418
2026-06-30T09:50:35.443955+02:00;standby;26.0;29.2;5.0;28.0;53.2;57.0;0;0;0;0;16329.84;11280.08;5049.76;32426.418
2026-06-30T09:51:35.963638+02:00;standby;26.0;29.2;5.0;28.0;53.2;57.0;0;0;0;0;16329.84;11280.08;5049.76;32426.418
2026-06-30T09:52:36.516516+02:00;standby;26.0;29.2;5.0;28.0;53.2;57.0;0;0;0;0;16329.84;11280.08;5049.76;32426.418
2026-06-30T09:53:37.169320+02:00;standby;26.0;29.0;5.0;28.0;53.1;57.0;0;0;0;0;16329.84;11280.08;5049.76;32426.418
2026-06-30T09:54:37.742737+02:00;standby;26.0;29.0;5.0;28.0;53.1;57.0;0;0;0;0;16329.84;11280.08;5049.76;32426.418
2026-06-30T09:55:38.347418+02:00;standby;26.0;29.0;5.0;28.0;52.9;57.0;0;0;0;0;16329.84;11280.08;5049.76;32426.418
2026-06-30T09:56:39.033881+02:00;standby;26.0;29.2;5.0;28.0;52.9;57.0;0;0;0;0;16329.84;11280.08;5049.76;32426.418
2026-06-30T09:57:39.555608+02:00;standby;26.0;29.2;5.0;28.0;52.9;57.0;0;0;0;0;16329.84;11280.08;5049.76;32426.418
2026-06-30T09:58:40.227154+02:00;standby;26.0;29.0;5.0;28.0;52.9;57.0;0;0;0;0;16329.84;11280.08;5049.76;32426.418
2026-06-30T09:59:36.781307+02:00;standby;26.5;29.0;5.0;28.0;52.9;57.0;0;0;0;0;16329.84;11280.08;5049.76;32426.418
2026-06-30T10:00:37.275474+02:00;standby;26.5;29.0;5.0;28.0;52.9;57.0;0;0;0;0;16329.84;11280.08;5049.76;32426.418
2026-06-30T10:01:37.792499+02:00;standby;26.5;29.0;5.0;28.0;52.8;57.0;0;0;0;0;16329.84;11280.08;5049.76;32426.418
2026-06-30T10:02:38.437416+02:00;standby;26.5;29.0;5.0;28.0;52.8;57.0;0;0;0;0;16329.84;11280.08;5049.76;32426.418
2026-06-30T10:03:39.091241+02:00;standby;26.5;29.0;5.0;28.0;52.8;57.0;0;0;0;0;16329.84;11280.08;5049.76;32426.418
2026-06-30T10:04:40.088353+02:00;standby;26.5;29.0;5.0;28.0;52.8;57.0;0;0;0;0;16329.84;11280.08;5049.76;32426.418
2026-06-30T10:05:40.533467+02:00;standby;26.5;29.0;5.0;28.0;52.8;57.0;0;0;0;0;16329.84;11280.08;5049.76;32426.418
2026-06-30T10:06:41.102846+02:00;standby;26.5;29.0;5.0;28.0;52.8;57.0;0;0;0;0;16329.84;11280.08;5049.76;32426.418
2026-06-30T10:07:41.620058+02:00;standby;26.5;29.0;5.0;28.0;52.8;57.0;0;0;0;0;16329.84;11280.08;5049.76;32426.418
2026-06-30T10:08:42.161050+02:00;standby;26.5;29.0;5.0;28.0;52.7;57.0;0;0;0;0;16329.84;11280.08;5049.76;32426.418
2026-06-30T10:09:42.654167+02:00;standby;26.5;29.0;5.0;28.0;52.7;57.0;0;0;0;0;16329.84;11280.08;5049.76;32426.418
2026-06-30T10:10:43.275066+02:00;standby;26.5;29.0;5.0;28.0;52.7;57.0;0;0;0;0;16329.84;11280.08;5049.76;32426.418
2026-06-30T10:11:44.061575+02:00;standby;26.5;29.0;5.0;28.0;52.7;57.0;0;0;0;0;16329.84;11280.08;5049.76;32426.418
2026-06-30T10:12:44.638837+02:00;standby;26.5;29.0;5.0;28.0;52.6;57.0;0;0;0;0;16329.84;11280.08;5049.76;32426.418
2026-06-30T10:13:45.144760+02:00;standby;26.5;29.0;5.0;28.0;52.6;57.0;0;0;0;0;16329.84;11280.08;5049.76;32426.418
2026-06-30T10:14:45.856795+02:00;standby;26.5;29.0;5.0;28.0;52.6;57.0;0;0;0;0;16329.84;11280.08;5049.76;32426.418
2026-06-30T10:15:46.810230+02:00;standby;26.5;29.0;5.0;28.0;52.6;57.0;0;0;0;0;16329.84;11280.08;5049.76;32426.418
2026-06-30T10:16:47.304919+02:00;standby;26.5;29.0;5.0;28.0;52.6;57.0;0;0;0;0;16329.84;11280.08;5049.76;32426.418
2026-06-30T10:17:48.656660+02:00;standby;26.5;29.0;5.0;28.0;52.6;57.0;0;0;0;0;16329.84;11280.08;5049.76;32426.418
2026-06-30T10:18:49.128784+02:00;standby;26.5;29.0;5.0;28.0;52.6;57.0;0;0;0;0;16329.84;11280.08;5049.76;32426.418
2026-06-30T10:19:49.727766+02:00;standby;26.5;29.0;5.0;28.0;52.6;57.0;0;0;0;0;16329.84;11280.08;5049.76;32426.418
2026-06-30T10:20:50.339303+02:00;standby;26.5;29.0;5.0;28.0;52.6;57.0;0;0;0;0;16329.84;11280.08;5049.76;32426.418
2026-06-30T10:21:51.304810+02:00;standby;26.5;29.0;5.0;28.0;52.6;57.0;0;0;0;0;16329.84;11280.08;5049.76;32426.418
2026-06-30T10:22:51.753494+02:00;standby;26.5;29.0;5.0;28.0;52.5;57.0;0;0;0;0;16329.84;11280.08;5049.76;32426.418
2026-06-30T10:23:52.233026+02:00;standby;26.5;29.0;5.0;28.0;52.6;57.0;0;0;0;0;16329.84;11280.08;5049.76;32426.418
2026-06-30T10:24:52.936537+02:00;standby;26.5;29.0;5.0;28.0;52.6;57.0;0;0;0;0;16329.84;11280.08;5049.76;32426.418
2026-06-30T10:25:53.557425+02:00;standby;26.5;29.0;5.0;28.0;52.5;57.0;0;0;0;0;16329.84;11280.08;5049.76;32426.418
2026-06-30T10:26:54.104300+02:00;standby;26.5;29.0;5.0;28.0;52.5;57.0;0;0;0;0;16329.84;11280.08;5049.76;32426.418
2026-06-30T10:27:54.562175+02:00;standby;26.5;29.0;5.0;28.0;52.5;57.0;0;0;0;0;16329.84;11280.08;5049.76;32426.418
2026-06-30T10:28:54.990980+02:00;standby;26.5;29.0;5.0;28.0;52.5;57.0;0;0;0;0;16329.84;11280.08;5049.76;32426.418
2026-06-30T10:29:55.394653+02:00;standby;26.5;28.9;5.0;28.0;52.5;57.0;0;0;0;0;16329.84;11280.08;5049.76;32426.418
2026-06-30T10:30:55.912466+02:00;standby;26.5;28.9;5.0;28.0;52.5;57.0;0;0;0;0;16329.84;11280.08;5049.76;32426.418
2026-06-30T10:31:56.595989+02:00;standby;26.5;28.9;5.0;28.0;52.5;57.0;0;0;0;0;16329.84;11280.08;5049.76;32426.418
2026-06-30T10:32:57.065418+02:00;standby;26.5;29.0;5.0;28.0;52.5;57.0;0;0;0;0;16329.84;11280.08;5049.76;32426.418
2026-06-30T10:33:57.963237+02:00;standby;26.5;28.9;5.0;28.0;52.5;57.0;0;0;0;0;16329.84;11280.08;5049.76;32426.418
2026-06-30T10:34:58.707444+02:00;standby;26.5;28.9;5.0;28.0;52.5;57.0;0;0;0;0;16329.84;11280.08;5049.76;32426.418
2026-06-30T10:36:02.850145+02:00;standby;26.5;28.9;5.0;28.0;52.5;57.0;0;0;0;0;16329.84;11280.08;5049.76;32426.418
2026-06-30T10:37:03.266045+02:00;standby;26.5;28.9;5.0;28.0;52.4;57.0;0;0;0;0;16329.84;11280.08;5049.76;32426.418
2026-06-30T10:38:03.723658+02:00;standby;26.5;28.9;5.0;28.0;52.4;57.0;0;0;0;0;16329.84;11280.08;5049.76;32426.418
2026-06-30T10:39:04.144388+02:00;standby;26.5;28.9;5.0;28.0;52.4;57.0;0;0;0;0;16329.84;11280.08;5049.76;32426.418
2026-06-30T10:40:04.696130+02:00;standby;26.5;28.9;5.0;28.0;52.4;57.0;0;0;0;0;16329.84;11280.08;5049.76;32426.418
2026-06-30T10:41:05.157967+02:00;standby;26.5;28.9;5.0;28.0;52.4;57.0;0;0;0;0;16329.84;11280.08;5049.76;32426.418
2026-06-30T10:42:05.732543+02:00;standby;26.5;28.9;5.0;28.0;52.4;57.0;0;0;0;0;16329.84;11280.08;5049.76;32426.418
2026-06-30T10:43:06.300287+02:00;standby;26.5;28.9;5.0;28.0;52.4;57.0;0;0;0;0;16329.84;11280.08;5049.76;32426.418
2026-06-30T10:44:07.026952+02:00;standby;26.5;28.9;5.0;28.0;52.4;57.0;0;0;0;0;16329.84;11280.08;5049.76;32426.418
2026-06-30T10:45:07.502117+02:00;standby;26.5;28.9;5.0;28.0;52.4;57.0;0;0;0;0;16329.84;11280.08;5049.76;32426.418
2026-06-30T10:46:08.041897+02:00;standby;26.5;28.9;5.0;28.0;52.4;57.0;0;0;0;0;16329.84;11280.08;5049.76;32426.418
2026-06-30T10:47:08.669915+02:00;standby;26.5;28.9;5.0;28.0;52.4;57.0;0;0;0;0;16329.84;11280.08;5049.76;32426.418
2026-06-30T10:48:09.122151+02:00;standby;26.5;28.9;5.0;28.0;52.4;57.0;0;0;0;0;16329.84;11280.08;5049.76;32426.418
2026-06-30T10:49:09.721355+02:00;standby;26.5;28.9;5.0;28.0;52.3;57.0;0;0;0;0;16329.84;11280.08;5049.76;32426.418
2026-06-30T10:50:10.195897+02:00;standby;26.5;28.9;5.0;28.0;52.3;57.0;0;0;0;0;16329.84;11280.08;5049.76;32426.418
2026-06-30T10:51:11.374250+02:00;standby;26.5;28.9;5.0;28.0;52.3;57.0;0;0;0;0;16329.84;11280.08;5049.76;32426.418
2026-06-30T10:52:11.772783+02:00;standby;26.5;28.9;5.0;28.0;52.3;57.0;0;0;0;0;16329.84;11280.08;5049.76;32426.418
2026-06-30T10:53:12.331363+02:00;standby;26.5;28.9;5.0;28.0;52.3;57.0;0;0;0;0;16329.84;11280.08;5049.76;32426.418
2026-06-30T10:54:13.422823+02:00;standby;26.5;28.9;5.0;28.0;52.3;57.0;0;0;0;0;16329.84;11280.08;5049.76;32426.418
2026-06-30T10:55:13.962738+02:00;standby;26.5;28.9;5.0;28.0;52.3;57.0;0;0;0;0;16329.84;11280.08;5049.76;32426.418
2026-06-30T10:56:14.379635+02:00;standby;26.5;28.9;5.0;28.0;52.3;57.0;0;0;0;0;16329.84;11280.08;5049.76;32426.418
2026-06-30T10:57:14.851558+02:00;standby;26.5;28.9;5.0;28.0;52.3;57.0;0;0;0;0;16329.84;11280.08;5049.76;32426.418
2026-06-30T10:58:15.495374+02:00;standby;26.5;28.9;5.0;28.0;52.3;57.0;0;0;0;0;16329.84;11280.08;5049.76;32426.418
2026-06-30T10:59:15.941609+02:00;standby;26.5;28.9;5.0;28.0;52.3;57.0;0;0;0;0;16329.84;11280.08;5049.76;32426.418
2026-06-30T11:00:16.461410+02:00;standby;27.2;28.9;5.0;28.0;52.3;57.0;0;0;0;0;16329.84;11280.08;5049.76;32426.418
2026-06-30T11:01:17.385993+02:00;standby;27.2;28.9;5.0;28.0;52.2;57.0;0;0;0;0;16329.84;11280.08;5049.76;32426.418
2026-06-30T11:02:17.875425+02:00;standby;27.2;28.9;5.0;28.0;52.2;57.0;0;0;0;0;16329.84;11280.08;5049.76;32426.418
2026-06-30T11:03:18.477256+02:00;standby;27.2;28.9;5.0;28.0;52.2;57.0;0;0;0;0;16329.84;11280.08;5049.76;32426.418
2026-06-30T11:04:18.947909+02:00;standby;27.2;28.9;5.0;28.0;52.2;57.0;0;0;0;0;16329.84;11280.08;5049.76;32426.418
2026-06-30T11:05:19.794365+02:00;standby;27.2;28.9;5.0;28.0;52.2;57.0;0;0;0;0;16329.84;11280.08;5049.76;32426.418
2026-06-30T11:06:20.367645+02:00;standby;27.2;28.9;5.0;28.0;52.2;57.0;0;0;0;0;16329.84;11280.08;5049.76;32426.418
2026-06-30T11:07:20.829295+02:00;standby;27.2;28.9;5.0;28.0;52.2;57.0;0;0;0;0;16329.84;11280.08;5049.76;32426.418
2026-06-30T11:08:21.227876+02:00;standby;27.2;28.9;5.0;28.0;52.2;57.0;0;0;0;0;16329.84;11280.08;5049.76;32426.418
2026-06-30T11:09:21.744692+02:00;standby;27.2;28.9;5.0;28.0;52.2;57.0;0;0;0;0;16329.84;11280.08;5049.76;32426.418
2026-06-30T11:10:22.266934+02:00;standby;27.2;28.9;5.0;28.0;52.2;57.0;0;0;0;0;16329.84;11280.08;5049.76;32426.418
2026-06-30T11:11:22.745099+02:00;standby;27.2;28.7;5.0;28.0;52.2;57.0;0;0;0;0;16329.84;11280.08;5049.76;32426.418
2026-06-30T11:12:23.205128+02:00;standby;27.2;28.7;5.0;28.0;52.2;57.0;0;0;0;0;16329.84;11280.08;5049.76;32426.418
2026-06-30T11:13:23.747376+02:00;standby;27.2;28.9;5.0;28.0;52.2;57.0;0;0;0;0;16329.84;11280.08;5049.76;32426.418
2026-06-30T11:14:24.114942+02:00;standby;27.2;28.7;5.0;28.0;52.1;57.0;0;0;0;0;16329.84;11280.08;5049.76;32426.418
2026-06-30T11:15:24.540069+02:00;standby;27.2;28.7;5.0;28.0;52.1;57.0;0;0;0;0;16329.84;11280.08;5049.76;32426.418
2026-06-30T11:16:25.127467+02:00;standby;27.2;28.9;5.0;28.0;52.1;57.0;0;0;0;0;16329.84;11280.08;5049.76;32426.418
2026-06-30T11:17:25.565254+02:00;standby;27.2;28.7;5.0;28.0;52.1;57.0;0;0;0;0;16329.84;11280.08;5049.76;32426.418
2026-06-30T11:18:25.966334+02:00;standby;27.2;28.7;5.0;28.0;52.1;57.0;0;0;0;0;16329.84;11280.08;5049.76;32426.418
2026-06-30T11:19:26.609212+02:00;standby;27.2;28.7;5.0;28.0;52.1;57.0;0;0;0;0;16329.84;11280.08;5049.76;32426.418
2026-06-30T11:20:27.013016+02:00;standby;27.2;28.7;5.0;28.0;52.1;57.0;0;0;0;0;16329.84;11280.08;5049.76;32426.418
2026-06-30T11:21:27.413547+02:00;standby;27.2;28.7;5.0;28.0;52.1;57.0;0;0;0;0;16329.84;11280.08;5049.76;32426.418
2026-06-30T11:22:27.909623+02:00;standby;27.2;28.7;5.0;28.0;52.1;57.0;0;0;0;0;16329.84;11280.08;5049.76;32426.418
2026-06-30T11:23:29.021842+02:00;standby;27.2;28.7;5.0;28.0;52.1;57.0;0;0;0;0;16329.84;11280.08;5049.76;32426.418
2026-06-30T11:24:29.432411+02:00;standby;27.2;28.7;5.0;28.0;52.1;57.0;0;0;0;0;16329.84;11280.08;5049.76;32426.418
2026-06-30T11:25:30.467229+02:00;standby;27.2;28.7;5.0;28.0;52.1;57.0;0;0;0;0;16329.84;11280.08;5049.76;32426.418
2026-06-30T11:26:30.881095+02:00;standby;27.2;28.7;5.0;28.0;52.0;57.0;0;0;0;0;16329.84;11280.08;5049.76;32426.418
2026-06-30T11:27:31.299808+02:00;standby;27.2;28.7;5.0;28.0;52.0;57.0;0;0;0;0;16329.84;11280.08;5049.76;32426.418
2026-06-30T11:28:31.686407+02:00;standby;27.2;28.7;5.0;28.0;52.0;57.0;0;0;0;0;16329.84;11280.08;5049.76;32426.418
2026-06-30T11:29:32.259169+02:00;standby;27.2;28.7;5.0;28.0;52.0;57.0;0;0;0;0;16329.84;11280.08;5049.76;32426.418
2026-06-30T11:30:32.738233+02:00;standby;27.2;28.7;5.0;28.0;52.0;57.0;0;0;0;0;16329.84;11280.08;5049.76;32426.418
2026-06-30T11:31:33.214161+02:00;standby;27.2;28.7;5.0;28.0;52.0;57.0;0;0;0;0;16329.84;11280.08;5049.76;32426.418
2026-06-30T11:32:33.714220+02:00;standby;27.2;28.7;5.0;28.0;52.0;57.0;0;0;0;0;16329.84;11280.08;5049.76;32426.418
2026-06-30T11:33:34.127481+02:00;standby;27.2;28.7;5.0;28.0;52.0;57.0;0;0;0;0;16329.84;11280.08;5049.76;32426.418
2026-06-30T11:34:34.583946+02:00;standby;27.2;28.7;5.0;28.0;52.0;57.0;0;0;0;0;16329.84;11280.08;5049.76;32426.418
2026-06-30T11:35:35.091940+02:00;standby;27.2;28.7;5.0;28.0;52.0;57.0;0;0;0;0;16329.84;11280.08;5049.76;32426.418
2026-06-30T11:36:35.621583+02:00;standby;27.2;28.7;5.0;28.0;52.0;57.0;0;0;0;0;16329.84;11280.08;5049.76;32426.418
2026-06-30T11:37:36.304566+02:00;standby;27.2;28.7;5.0;28.0;52.0;57.0;0;0;0;0;16329.84;11280.08;5049.76;32426.418
2026-06-30T11:38:36.856804+02:00;standby;27.2;28.7;5.0;28.0;52.0;57.0;0;0;0;0;16329.84;11280.08;5049.76;32426.418
2026-06-30T11:39:37.342760+02:00;standby;27.2;28.7;5.0;28.0;51.9;57.0;0;0;0;0;16329.84;11280.08;5049.76;32426.418
2026-06-30T11:40:37.863535+02:00;standby;27.2;28.7;5.0;28.0;51.9;57.0;0;0;0;0;16329.84;11280.08;5049.76;32426.418
2026-06-30T11:41:38.436344+02:00;standby;27.2;28.7;5.0;28.0;51.9;57.0;0;0;0;0;16329.84;11280.08;5049.76;32426.418
2026-06-30T11:42:39.143693+02:00;standby;27.2;28.7;5.0;28.0;51.9;57.0;0;0;0;0;16329.84;11280.08;5049.76;32426.418
2026-06-30T11:43:39.670502+02:00;standby;27.2;28.7;5.0;28.0;51.9;57.0;0;0;0;0;16329.84;11280.08;5049.76;32426.418
2026-06-30T11:44:40.803329+02:00;standby;27.2;28.7;5.0;28.0;51.9;57.0;0;0;0;0;16329.84;11280.08;5049.76;32426.418
2026-06-30T11:45:41.463507+02:00;standby;27.2;28.7;5.0;28.0;51.8;57.0;0;0;0;0;16329.84;11280.08;5049.76;32426.418
2026-06-30T11:46:41.983835+02:00;standby;27.2;28.7;5.0;28.0;51.8;57.0;0;0;0;0;16329.84;11280.08;5049.76;32426.418
2026-06-30T11:47:42.706386+02:00;standby;27.2;28.7;5.0;28.0;51.8;57.0;0;0;0;0;16329.84;11280.08;5049.76;32426.418
2026-06-30T11:48:43.124063+02:00;standby;27.2;28.7;5.0;28.0;51.7;57.0;0;0;0;0;16329.84;11280.08;5049.76;32426.418
2026-06-30T11:49:43.949450+02:00;standby;27.2;28.7;5.0;28.0;51.7;57.0;0;0;0;0;16329.84;11280.08;5049.76;32426.418
2026-06-30T11:50:44.607411+02:00;standby;27.2;28.7;5.0;28.0;51.6;57.0;0;0;0;0;16329.84;11280.08;5049.76;32426.418
2026-06-30T11:51:45.709261+02:00;standby;27.2;28.6;5.0;28.0;51.6;57.0;0;0;0;0;16329.84;11280.08;5049.76;32426.418
2026-06-30T11:52:46.123162+02:00;standby;27.2;28.7;5.0;28.0;51.6;57.0;0;0;0;0;16329.84;11280.08;5049.76;32426.418
2026-06-30T11:53:46.661481+02:00;standby;27.2;28.7;5.0;28.0;51.6;57.0;0;0;0;0;16329.84;11280.08;5049.76;32426.418
2026-06-30T11:54:47.695892+02:00;standby;27.2;28.7;5.0;28.0;51.6;57.0;0;0;0;0;16329.84;11280.08;5049.76;32426.418
2026-06-30T11:55:48.154456+02:00;standby;27.2;28.6;5.0;28.0;51.6;57.0;0;0;0;0;16329.84;11280.08;5049.76;32426.418
2026-06-30T11:56:48.581895+02:00;standby;27.2;28.6;5.0;28.0;51.6;57.0;0;0;0;0;16329.84;11280.08;5049.76;32426.418
2026-06-30T11:57:49.027500+02:00;standby;27.2;28.6;5.0;28.0;51.5;57.0;0;0;0;0;16329.84;11280.08;5049.76;32426.418
2026-06-30T11:58:49.666638+02:00;standby;27.2;28.7;5.0;28.0;51.5;57.0;0;0;0;0;16329.84;11280.08;5049.76;32426.418
2026-06-30T11:59:50.433102+02:00;standby;27.2;28.6;5.0;28.0;51.5;57.0;0;0;0;0;16329.84;11280.08;5049.76;32426.418
2026-06-30T12:00:50.889927+02:00;standby;28.8;28.6;5.0;28.0;51.4;57.0;0;0;0;0;16329.84;11280.08;5049.76;32426.418
2026-06-30T12:01:51.392480+02:00;standby;28.8;28.6;5.0;28.0;51.4;57.0;0;0;0;0;16329.84;11280.08;5049.76;32426.418
2026-06-30T12:02:52.050770+02:00;standby;28.8;28.6;5.0;28.0;51.4;57.0;0;0;0;0;16329.84;11280.08;5049.76;32426.418
2026-06-30T12:03:52.861736+02:00;standby;28.8;28.6;5.0;28.0;51.4;57.0;0;0;0;0;16329.84;11280.08;5049.76;32426.418
2026-06-30T12:04:53.379552+02:00;standby;28.8;28.6;5.0;28.0;51.4;57.0;0;0;0;0;16329.84;11280.08;5049.76;32426.418
2026-06-30T12:05:54.447135+02:00;standby;28.8;28.6;5.0;28.0;51.4;57.0;0;0;0;0;16329.84;11280.08;5049.76;32426.418
2026-06-30T12:06:54.994965+02:00;standby;28.8;28.6;5.0;28.0;51.3;57.0;0;0;0;0;16329.84;11280.08;5049.76;32426.418
2026-06-30T12:07:55.468315+02:00;standby;28.8;28.6;5.0;28.0;51.3;57.0;0;0;0;0;16329.84;11280.08;5049.76;32426.418
2026-06-30T12:08:55.934553+02:00;standby;28.8;28.6;5.0;28.0;51.3;57.0;0;0;0;0;16329.84;11280.08;5049.76;32426.418
2026-06-30T12:09:56.550449+02:00;standby;28.8;28.6;5.0;28.0;51.2;57.0;0;0;0;0;16329.84;11280.08;5049.76;32426.418
2026-06-30T12:10:57.025990+02:00;standby;28.8;28.6;5.0;28.0;51.2;57.0;0;0;0;0;16329.84;11280.08;5049.76;32426.418
2026-06-30T12:11:57.699656+02:00;standby;28.8;28.6;5.0;28.0;51.2;57.0;0;0;0;0;16329.84;11280.08;5049.76;32426.418
2026-06-30T12:12:58.269181+02:00;standby;28.8;28.6;5.0;28.0;51.2;57.0;0;0;0;0;16329.84;11280.08;5049.76;32426.418
2026-06-30T12:13:58.941575+02:00;standby;28.8;28.6;5.0;28.0;51.1;57.0;0;0;0;0;16329.84;11280.08;5049.76;32426.418
2026-06-30T12:14:59.567080+02:00;standby;28.8;28.6;5.0;28.0;51.1;57.0;0;0;0;0;16329.84;11280.08;5049.76;32426.418
2026-06-30T12:16:00.284930+02:00;standby;28.8;28.6;5.0;28.0;51.1;57.0;0;0;0;0;16329.84;11280.08;5049.76;32426.418
2026-06-30T12:17:01.211066+02:00;standby;28.8;28.6;5.0;28.0;51.1;57.0;0;0;0;0;16329.84;11280.08;5049.76;32426.418
2026-06-30T12:18:01.695567+02:00;standby;28.8;28.6;5.0;28.0;51.1;57.0;0;0;0;0;16329.84;11280.08;5049.76;32426.418
2026-06-30T12:19:02.323210+02:00;standby;28.8;28.6;5.0;28.0;51.1;57.0;0;0;0;0;16329.84;11280.08;5049.76;32426.418
2026-06-30T12:20:02.835599+02:00;standby;28.8;28.6;5.0;28.0;51.1;57.0;0;0;0;0;16329.84;11280.08;5049.76;32426.418
2026-06-30T12:21:03.776894+02:00;standby;28.8;28.6;5.0;28.0;51.1;57.0;0;0;0;0;16329.84;11280.08;5049.76;32426.418
2026-06-30T12:22:04.228719+02:00;standby;28.8;28.6;5.0;28.0;50.9;57.0;0;0;0;0;16329.84;11280.08;5049.76;32426.418
2026-06-30T12:23:04.808919+02:00;standby;28.8;28.6;5.0;28.0;50.9;57.0;0;0;0;0;16329.84;11280.08;5049.76;32426.418
2026-06-30T12:24:05.573378+02:00;standby;28.8;28.6;5.0;28.0;50.8;57.0;0;0;0;0;16329.84;11280.08;5049.76;32426.418
2026-06-30T12:25:06.185845+02:00;standby;28.8;28.6;5.0;28.0;50.8;57.0;0;0;0;0;16329.84;11280.08;5049.76;32426.418
2026-06-30T12:26:06.623951+02:00;standby;28.8;28.6;5.0;28.0;50.8;57.0;0;0;0;0;16329.84;11280.08;5049.76;32426.418
2026-06-30T12:27:07.197135+02:00;standby;28.8;28.6;5.0;28.0;50.8;57.0;0;0;0;0;16329.84;11280.08;5049.76;32426.418
2026-06-30T12:28:08.050751+02:00;standby;28.8;28.6;5.0;28.0;50.8;57.0;0;0;0;0;16329.84;11280.08;5049.76;32426.418
2026-06-30T12:29:08.633125+02:00;standby;28.8;28.6;5.0;28.0;50.8;57.0;0;0;0;0;16329.84;11280.08;5049.76;32426.418
2026-06-30T12:30:09.164652+02:00;standby;28.8;28.6;5.0;28.0;50.8;57.0;0;0;0;0;16329.84;11280.08;5049.76;32426.418
2026-06-30T12:31:10.404213+02:00;standby;28.8;28.6;5.0;28.0;50.8;57.0;0;0;0;0;16329.84;11280.08;5049.76;32426.418
2026-06-30T12:32:11.192745+02:00;standby;28.8;28.6;5.0;28.0;50.8;57.0;0;0;0;0;16329.84;11280.08;5049.76;32426.418
2026-06-30T12:33:11.984891+02:00;standby;28.8;28.6;5.0;28.0;50.7;57.0;0;0;0;0;16329.84;11280.08;5049.76;32426.418
2026-06-30T12:34:15.813584+02:00;standby;28.8;28.6;5.0;28.0;50.8;57.0;0;0;0;0;16329.84;11280.08;5049.76;32426.418
2026-06-30T12:35:16.460224+02:00;standby;28.8;28.6;5.0;28.0;50.7;57.0;0;0;0;0;16329.84;11280.08;5049.76;32426.418
2026-06-30T12:36:17.022925+02:00;standby;28.8;28.6;5.0;28.0;50.7;57.0;0;0;0;0;16329.84;11280.08;5049.76;32426.418
2026-06-30T12:37:17.763234+02:00;standby;28.8;28.6;5.0;28.0;50.7;57.0;0;0;0;0;16329.84;11280.08;5049.76;32426.418
2026-06-30T12:38:18.242815+02:00;standby;28.8;28.6;5.0;28.0;50.7;57.0;0;0;0;0;16329.84;11280.08;5049.76;32426.418
2026-06-30T12:39:18.959323+02:00;standby;28.8;28.6;5.0;28.0;50.7;57.0;0;0;0;0;16329.84;11280.08;5049.76;32426.418
2026-06-30T12:40:19.621640+02:00;standby;28.8;28.6;5.0;28.0;50.7;57.0;0;0;0;0;16329.84;11280.08;5049.76;32426.418
2026-06-30T12:41:20.200153+02:00;standby;28.8;28.6;5.0;28.0;50.6;57.0;0;0;0;0;16329.84;11280.08;5049.76;32426.418
2026-06-30T12:42:20.722570+02:00;standby;28.8;28.6;5.0;28.0;50.6;57.0;0;0;0;0;16329.84;11280.08;5049.76;32426.418
2026-06-30T12:43:21.222231+02:00;standby;28.8;28.5;5.0;28.0;50.6;57.0;0;0;0;0;16329.84;11280.08;5049.76;32426.418
2026-06-30T12:44:21.654700+02:00;standby;28.8;28.5;5.0;28.0;50.6;57.0;0;0;0;0;16329.84;11280.08;5049.76;32426.418
2026-06-30T12:45:22.264082+02:00;standby;28.8;28.5;5.0;28.0;50.6;57.0;0;0;0;0;16329.84;11280.08;5049.76;32426.418
2026-06-30T12:46:22.938344+02:00;standby;28.8;28.6;5.0;28.0;50.6;57.0;0;0;0;0;16329.84;11280.08;5049.76;32426.418
2026-06-30T12:47:23.355109+02:00;standby;28.8;28.6;5.0;28.0;50.6;57.0;0;0;0;0;16329.84;11280.08;5049.76;32426.418
2026-06-30T12:48:23.761501+02:00;standby;28.8;28.5;5.0;28.0;50.5;57.0;0;0;0;0;16329.84;11280.08;5049.76;32426.418
2026-06-30T12:49:24.725901+02:00;standby;28.8;28.5;5.0;28.0;50.4;57.0;0;0;0;0;16329.84;11280.08;5049.76;32426.418
2026-06-30T12:50:25.282880+02:00;standby;28.8;28.5;5.0;28.0;50.3;57.0;0;0;0;0;16329.84;11280.08;5049.76;32426.418
2026-06-30T12:51:25.797535+02:00;standby;28.8;28.5;5.0;28.0;50.3;57.0;0;0;0;0;16329.84;11280.08;5049.76;32426.418
2026-06-30T12:52:26.450485+02:00;standby;28.8;28.5;5.0;28.0;50.1;57.0;0;0;0;0;16329.84;11280.08;5049.76;32426.418
2026-06-30T12:53:27.111545+02:00;standby;28.8;28.5;5.0;28.0;49.9;57.0;0;0;0;0;16329.84;11280.08;5049.76;32426.418
2026-06-30T12:54:27.865367+02:00;standby;28.8;28.5;5.0;28.0;49.9;57.0;0;0;0;0;16329.84;11280.08;5049.76;32426.418
2026-06-30T12:55:28.559012+02:00;standby;28.8;28.5;5.0;28.0;49.8;57.0;0;0;0;0;16329.84;11280.08;5049.76;32426.418
2026-06-30T12:56:31.269104+02:00;standby;28.8;28.5;5.0;28.0;49.8;57.0;0;0;0;0;16329.84;11280.08;5049.76;32426.418
2026-06-30T12:57:31.781266+02:00;standby;28.8;28.5;5.0;28.0;49.8;57.0;0;0;0;0;16329.84;11280.08;5049.76;32426.418
2026-06-30T12:58:32.352336+02:00;standby;28.8;28.5;5.0;28.0;49.8;57.0;0;0;0;0;16329.84;11280.08;5049.76;32426.418
2026-06-30T12:59:32.859589+02:00;standby;28.8;28.5;5.0;28.0;49.8;57.0;0;0;0;0;16329.84;11280.08;5049.76;32426.418
2026-06-30T13:00:33.478099+02:00;standby;28.8;28.5;5.0;28.0;49.7;57.0;0;0;0;0;16329.84;11280.08;5049.76;32426.418
2026-06-30T13:01:34.100259+02:00;standby;28.8;28.5;5.0;28.0;49.7;57.0;0;0;0;0;16329.84;11280.08;5049.76;32426.418
2026-06-30T13:02:39.979282+02:00;standby;28.8;28.5;5.0;28.0;49.7;57.0;0;0;0;0;16329.84;11280.08;5049.76;32426.418
2026-06-30T13:03:40.395144+02:00;standby;28.8;28.5;5.0;28.0;49.6;57.0;0;0;0;0;16329.84;11280.08;5049.76;32426.418
2026-06-30T13:04:40.900340+02:00;standby;28.8;28.5;5.0;28.0;49.6;57.0;0;0;0;0;16329.84;11280.08;5049.76;32426.418
2026-06-30T13:05:43.605834+02:00;standby;28.8;28.5;5.0;28.0;49.6;57.0;0;0;0;0;16329.84;11280.08;5049.76;32426.418
2026-06-30T13:06:44.309976+02:00;standby;28.8;28.5;5.0;28.0;49.6;57.0;0;0;0;0;16329.84;11280.08;5049.76;32426.418
2026-06-30T13:07:44.843727+02:00;standby;28.8;28.5;5.0;28.0;49.6;57.0;0;0;0;0;16329.84;11280.08;5049.76;32426.418
2026-06-30T13:08:45.384603+02:00;standby;28.8;28.5;5.0;28.0;49.6;57.0;0;0;0;0;16329.84;11280.08;5049.76;32426.418
2026-06-30T13:09:46.292802+02:00;standby;28.8;28.5;5.0;28.0;49.6;57.0;0;0;0;0;16329.84;11280.08;5049.76;32426.418
2026-06-30T13:10:47.054068+02:00;standby;28.8;28.5;5.0;28.0;49.5;57.0;0;0;0;0;16329.84;11280.08;5049.76;32426.418
2026-06-30T13:11:47.639796+02:00;standby;28.8;28.5;5.0;28.0;49.5;57.0;0;0;0;0;16329.84;11280.08;5049.76;32426.418
2026-06-30T13:12:48.600018+02:00;standby;28.8;28.5;5.0;28.0;49.5;57.0;0;0;0;0;16329.84;11280.08;5049.76;32426.418
2026-06-30T13:13:49.105618+02:00;standby;28.8;28.5;5.0;28.0;49.5;57.0;0;0;0;0;16329.84;11280.08;5049.76;32426.418
2026-06-30T13:14:50.637163+02:00;standby;28.8;28.5;5.0;28.0;49.5;57.0;0;0;0;0;16329.84;11280.08;5049.76;32426.418
2026-06-30T13:15:51.213778+02:00;standby;28.8;28.5;5.0;28.0;49.4;57.0;0;0;0;0;16329.84;11280.08;5049.76;32426.418
2026-06-30T13:16:51.697357+02:00;standby;28.8;28.5;5.0;28.0;49.3;57.0;0;0;0;0;16329.84;11280.08;5049.76;32426.418
2026-06-30T13:17:52.343482+02:00;standby;28.8;28.5;5.0;28.0;49.3;57.0;0;0;0;0;16329.84;11280.08;5049.76;32426.418
2026-06-30T13:18:52.961623+02:00;standby;28.8;28.5;5.0;28.0;49.3;57.0;0;0;0;0;16329.84;11280.08;5049.76;32426.418
2026-06-30T13:19:53.584131+02:00;standby;28.8;28.5;5.0;28.0;49.3;57.0;0;0;0;0;16329.84;11280.08;5049.76;32426.418
2026-06-30T13:20:54.339488+02:00;standby;28.8;28.5;5.0;28.0;49.3;57.0;0;0;0;0;16329.84;11280.08;5049.76;32426.418
2026-06-30T13:21:54.838011+02:00;standby;28.8;28.5;5.0;28.0;49.3;57.0;0;0;0;0;16329.84;11280.08;5049.76;32426.418
2026-06-30T13:22:55.509167+02:00;standby;28.8;28.5;5.0;28.0;49.2;57.0;0;0;0;0;16329.84;11280.08;5049.76;32426.418
2026-06-30T13:23:55.998757+02:00;standby;28.8;28.5;5.0;28.0;49.2;57.0;0;0;0;0;16329.84;11280.08;5049.76;32426.418
2026-06-30T13:24:56.500491+02:00;standby;28.8;28.5;5.0;28.0;49.2;57.0;0;0;0;0;16329.84;11280.08;5049.76;32426.418
2026-06-30T13:25:57.092101+02:00;standby;28.8;28.5;5.0;28.0;49.2;57.0;0;0;0;0;16329.84;11280.08;5049.76;32426.418
2026-06-30T13:26:57.638376+02:00;standby;28.8;28.5;5.0;28.0;49.1;57.0;0;0;0;0;16329.84;11280.08;5049.76;32426.418
2026-06-30T13:27:58.434910+02:00;standby;28.8;28.5;5.0;28.0;49.1;57.0;0;0;0;0;16329.84;11280.08;5049.76;32426.418
2026-06-30T13:28:59.142791+02:00;standby;28.8;28.5;5.0;28.0;49.0;57.0;0;0;0;0;16329.84;11280.08;5049.76;32426.418
2026-06-30T13:29:59.675173+02:00;standby;28.8;28.5;5.0;28.0;48.9;57.0;0;0;0;0;16329.84;11280.08;5049.76;32426.418
2026-06-30T13:31:00.289733+02:00;standby;28.8;28.5;5.0;28.0;48.8;57.0;0;0;0;0;16329.84;11280.08;5049.76;32426.418
2026-06-30T13:32:00.987768+02:00;standby;28.8;28.5;5.0;28.0;48.8;57.0;0;0;0;0;16329.84;11280.08;5049.76;32426.418
2026-06-30T13:33:01.566454+02:00;standby;28.8;28.5;5.0;28.0;48.8;57.0;0;0;0;0;16329.84;11280.08;5049.76;32426.418
2026-06-30T13:34:02.090074+02:00;standby;28.8;28.5;5.0;28.0;48.8;57.0;0;0;0;0;16329.84;11280.08;5049.76;32426.418
2026-06-30T13:35:02.506315+02:00;standby;28.8;28.5;5.0;28.0;48.8;57.0;0;0;0;0;16329.84;11280.08;5049.76;32426.418
2026-06-30T13:36:03.224955+02:00;standby;28.8;28.5;5.0;28.0;48.8;57.0;0;0;0;0;16329.84;11280.08;5049.76;32426.418
2026-06-30T13:37:03.789508+02:00;standby;28.8;28.3;5.0;28.0;48.8;57.0;0;0;0;0;16329.84;11280.08;5049.76;32426.418
2026-06-30T13:38:04.173216+02:00;standby;28.8;28.5;5.0;28.0;48.7;57.0;0;0;0;0;16329.84;11280.08;5049.76;32426.418
2026-06-30T13:39:04.693832+02:00;standby;28.8;28.5;5.0;28.0;48.5;57.0;0;0;0;0;16329.84;11280.08;5049.76;32426.418
2026-06-30T13:40:05.460554+02:00;standby;28.8;28.3;5.0;28.0;48.4;57.0;0;0;0;0;16329.84;11280.08;5049.76;32426.418
2026-06-30T13:41:05.926954+02:00;standby;28.8;28.5;5.0;28.0;48.1;57.0;0;0;0;0;16329.84;11280.08;5049.76;32426.418
2026-06-30T13:42:06.520050+02:00;standby;28.8;28.3;5.0;28.0;48.0;57.0;0;0;0;0;16329.84;11280.08;5049.76;32426.418
2026-06-30T13:43:07.146850+02:00;standby;28.8;28.5;5.0;28.0;48.0;57.0;0;0;0;0;16329.84;11280.08;5049.76;32426.418
2026-06-30T13:44:07.797844+02:00;standby;28.8;28.3;5.0;28.0;48.0;57.0;0;0;0;0;16329.84;11280.08;5049.76;32426.418
2026-06-30T13:45:08.271863+02:00;standby;28.8;28.3;5.0;28.0;48.0;57.0;0;0;0;0;16329.84;11280.08;5049.76;32426.418
2026-06-30T13:46:08.838964+02:00;standby;28.8;28.3;5.0;28.0;47.9;57.0;0;0;0;0;16329.84;11280.08;5049.76;32426.418
2026-06-30T13:47:09.595851+02:00;standby;28.8;28.3;5.0;28.0;47.9;57.0;0;0;0;0;16329.84;11280.08;5049.76;32426.418
2026-06-30T13:48:10.084765+02:00;standby;28.8;28.3;5.0;28.0;47.9;57.0;0;0;0;0;16329.84;11280.08;5049.76;32426.418
2026-06-30T13:49:10.941281+02:00;standby;28.8;28.3;5.0;28.0;47.9;57.0;0;0;0;0;16329.84;11280.08;5049.76;32426.418
2026-06-30T13:50:11.522873+02:00;standby;28.8;28.3;5.0;28.0;47.8;57.0;0;0;0;0;16329.84;11280.08;5049.76;32426.418
2026-06-30T13:51:12.152836+02:00;standby;28.8;28.3;5.0;28.0;47.6;57.0;0;0;0;0;16329.84;11280.08;5049.76;32426.418
2026-06-30T13:52:13.016286+02:00;standby;28.8;28.3;5.0;28.0;47.4;57.0;0;0;0;0;16329.84;11280.08;5049.76;32426.418
2026-06-30T13:53:13.903364+02:00;standby;28.8;28.3;5.0;28.0;47.2;57.0;0;0;0;0;16329.84;11280.08;5049.76;32426.418
2026-06-30T13:54:14.422037+02:00;standby;28.8;28.3;5.0;28.0;47.2;57.0;0;0;0;0;16329.84;11280.08;5049.76;32426.418
2026-06-30T13:55:15.145501+02:00;standby;28.8;28.3;5.0;28.0;47.1;57.0;0;0;0;0;16329.84;11280.08;5049.76;32426.418
2026-06-30T13:56:15.643070+02:00;standby;28.8;28.3;5.0;28.0;47.1;57.0;0;0;0;0;16329.84;11280.08;5049.76;32426.418
2026-06-30T13:57:16.552886+02:00;standby;28.8;28.5;5.0;28.0;47.1;57.0;0;0;0;0;16329.84;11280.08;5049.76;32426.418
2026-06-30T13:58:17.049351+02:00;standby;28.8;28.3;5.0;28.0;47.0;57.0;0;0;0;0;16329.84;11280.08;5049.76;32426.418
2026-06-30T13:59:17.587109+02:00;standby;28.8;28.3;5.0;28.0;47.0;57.0;0;0;0;0;16329.84;11280.08;5049.76;32426.418
2026-06-30T14:00:18.071468+02:00;standby;28.8;28.3;5.0;28.0;47.0;57.0;0;0;0;0;16329.84;11280.08;5049.76;32426.418
2026-06-30T14:01:19.076324+02:00;dhw;28.8;35.6;85.0;28.0;47.0;57.0;1;29;1;0;16329.86;11280.08;5049.78;32426.418
2026-06-30T14:01:29.670281+02:00;dhw;28.8;36.9;85.0;28.0;47.0;57.0;1;23;1;0;16329.87;11280.08;5049.79;32426.418
2026-06-30T14:01:40.541591+02:00;dhw;29.7;36.3;85.0;28.0;46.9;57.0;1;23;1;100;16329.88;11280.08;5049.8;32426.418
2026-06-30T14:01:51.051650+02:00;dhw;29.7;37.6;85.0;28.0;46.9;57.0;1;23;1;100;16329.88;11280.08;5049.81;32426.418
2026-06-30T14:02:01.699035+02:00;dhw;29.7;37.0;85.0;28.0;46.8;57.0;1;23;1;100;16329.9;11280.08;5049.82;32426.418
2026-06-30T14:02:12.398418+02:00;dhw;29.7;37.2;85.0;28.0;46.7;57.0;1;23;1;100;16329.9;11280.08;5049.83;32426.418
2026-06-30T14:02:22.976455+02:00;dhw;29.7;37.0;85.0;28.0;46.6;57.0;1;23;1;100;16329.91;11280.08;5049.84;32426.418
2026-06-30T14:02:33.582780+02:00;dhw;29.7;38.0;85.0;28.0;46.5;57.0;1;23;1;100;16329.93;11280.08;5049.85;32426.418
2026-06-30T14:02:44.246481+02:00;dhw;29.7;38.1;85.0;28.0;46.4;57.0;1;23;1;100;16329.93;11280.08;5049.85;32426.418
2026-06-30T14:02:54.935038+02:00;dhw;29.7;39.0;85.0;28.0;46.3;57.0;1;25;1;100;16329.94;11280.08;5049.87;32426.418
2026-06-30T14:03:05.687886+02:00;dhw;29.7;40.0;85.0;28.0;46.2;57.0;1;37;1;100;16329.96;11280.08;5049.88;32426.418
2026-06-30T14:03:16.277740+02:00;dhw;29.7;41.6;85.0;28.0;46.1;57.0;1;49;1;100;16329.97;11280.08;5049.9;32426.418
2026-06-30T14:03:27.088413+02:00;dhw;29.7;43.3;85.0;28.0;46.0;57.0;1;59;1;100;16329.99;11280.08;5049.92;32426.418
2026-06-30T14:03:38.036535+02:00;dhw;29.7;45.4;85.0;28.0;45.9;57.0;1;72;1;100;16330.02;11280.08;5049.95;32426.518
2026-06-30T14:03:49.103830+02:00;dhw;29.7;47.0;85.0;28.0;45.8;57.0;1;82;1;100;16330.05;11280.08;5049.97;32426.518
2026-06-30T14:03:59.823601+02:00;dhw;29.7;49.2;85.0;28.0;45.8;57.0;1;92;1;100;16330.08;11280.08;5050.01;32426.518
2026-06-30T14:04:10.544796+02:00;dhw;29.7;52.1;85.0;28.0;45.7;57.0;1;105;1;100;16330.13;11280.08;5050.05;32426.518
2026-06-30T14:04:21.401203+02:00;dhw;29.7;55.0;85.0;28.0;45.6;57.0;1;108;1;100;16330.18;11280.08;5050.1;32426.518
2026-06-30T14:04:35.952373+02:00;dhw;29.7;57.1;85.0;28.0;45.6;57.0;1;108;1;100;16330.22;11280.08;5050.14;32426.518
2026-06-30T14:04:48.189998+02:00;dhw;29.7;60.1;85.0;28.0;45.6;57.0;1;108;1;100;16330.29;11280.08;5050.21;32426.518
2026-06-30T14:04:59.037591+02:00;dhw;29.7;62.0;85.0;28.0;45.6;57.0;1;108;1;100;16330.34;11280.08;5050.26;32426.518
2026-06-30T14:05:09.726091+02:00;dhw;29.7;63.1;85.0;28.0;45.6;57.0;1;108;1;100;16330.37;11280.08;5050.29;32426.518
2026-06-30T14:05:20.278068+02:00;dhw;29.7;64.3;85.0;28.0;45.6;57.0;1;108;1;100;16330.41;11280.08;5050.33;32426.518
2026-06-30T14:05:30.986130+02:00;dhw;29.7;65.3;85.0;28.0;45.7;57.0;1;108;1;100;16330.45;11280.08;5050.37;32426.518
2026-06-30T14:05:41.576682+02:00;dhw;29.7;65.3;85.0;28.0;45.8;57.0;1;108;1;100;16330.45;11280.08;5050.37;32426.518
2026-06-30T14:05:52.572286+02:00;dhw;29.7;67.1;85.0;28.0;45.9;57.0;1;108;1;100;16330.54;11280.08;5050.46;32426.518
2026-06-30T14:06:05.130657+02:00;dhw;29.7;68.0;85.0;28.0;46.0;57.0;1;108;1;100;16330.6;11280.08;5050.52;32426.518
2026-06-30T14:06:16.019628+02:00;dhw;29.7;68.8;85.0;28.0;46.3;57.0;1;108;1;100;16330.66;11280.08;5050.58;32426.518
2026-06-30T14:06:26.548195+02:00;dhw;29.7;69.4;85.0;28.0;46.4;57.0;1;108;1;100;16330.7;11280.08;5050.62;32426.518
2026-06-30T14:06:37.392123+02:00;dhw;29.7;69.8;85.0;28.0;46.6;57.0;1;108;1;100;16330.74;11280.08;5050.67;32426.518
2026-06-30T14:06:48.167144+02:00;dhw;29.7;70.2;85.0;28.0;46.8;57.0;1;108;1;100;16330.78;11280.08;5050.71;32426.518
2026-06-30T14:06:58.998439+02:00;dhw;29.7;70.6;85.0;28.0;47.0;57.0;1;108;1;100;16330.83;11280.08;5050.75;32426.518
2026-06-30T14:07:10.113597+02:00;dhw;29.7;71.0;85.0;28.0;47.1;57.0;1;108;1;100;16330.88;11280.08;5050.8;32426.518
2026-06-30T14:07:21.125522+02:00;dhw;29.7;71.2;85.0;28.0;47.3;57.0;1;108;1;100;16330.91;11280.08;5050.83;32426.518
2026-06-30T14:07:31.694553+02:00;dhw;29.7;71.5;85.0;28.0;47.5;57.0;1;108;1;100;16330.95;11280.08;5050.88;32426.518
2026-06-30T14:07:42.335941+02:00;dhw;29.7;71.8;85.0;28.0;47.7;57.0;1;108;1;100;16331.0;11280.08;5050.92;32426.617
2026-06-30T14:07:53.024247+02:00;dhw;29.7;72.1;85.0;28.0;47.9;57.0;1;108;1;100;16331.04;11280.08;5050.96;32426.617
2026-06-30T14:08:03.603291+02:00;dhw;29.7;72.3;85.0;28.0;48.2;57.0;1;108;1;100;16331.08;11280.08;5051.0;32426.617
2026-06-30T14:08:14.256271+02:00;dhw;29.7;72.6;85.0;28.0;48.5;57.0;1;108;1;100;16331.12;11280.08;5051.04;32426.617
2026-06-30T14:08:25.194607+02:00;dhw;29.7;73.1;85.0;28.0;48.9;57.0;1;108;1;100;16331.2;11280.08;5051.13;32426.617
2026-06-30T14:08:36.278285+02:00;dhw;29.7;73.4;85.0;28.0;49.1;57.0;1;108;1;100;16331.25;11280.08;5051.17;32426.617
2026-06-30T14:08:46.827026+02:00;dhw;29.7;73.6;85.0;28.0;49.3;57.0;1;108;1;100;16331.29;11280.08;5051.21;32426.617
2026-06-30T14:08:57.384826+02:00;dhw;29.7;73.9;85.0;28.0;49.5;57.0;1;108;1;100;16331.33;11280.08;5051.25;32426.617
2026-06-30T14:09:08.228481+02:00;dhw;29.7;74.2;85.0;28.0;49.6;57.0;1;108;1;100;16331.37;11280.08;5051.29;32426.617
2026-06-30T14:09:18.852209+02:00;dhw;29.7;74.3;85.0;28.0;49.8;57.0;1;108;1;100;16331.41;11280.08;5051.34;32426.617
2026-06-30T14:09:29.725402+02:00;dhw;29.7;74.6;85.0;28.0;50.0;57.0;1;108;1;100;16331.46;11280.08;5051.38;32426.617
2026-06-30T14:09:40.339861+02:00;dhw;29.7;74.8;85.0;28.0;50.1;57.0;1;108;1;100;16331.5;11280.08;5051.42;32426.617
2026-06-30T14:09:51.436549+02:00;dhw;29.7;75.1;85.0;28.0;50.3;57.0;1;108;1;100;16331.54;11280.08;5051.46;32426.617
2026-06-30T14:10:03.353286+02:00;dhw;29.7;75.2;85.0;28.0;50.4;57.0;1;108;1;100;16331.58;11280.08;5051.5;32426.617
2026-06-30T14:10:13.978476+02:00;dhw;29.7;75.5;85.0;28.0;50.6;57.0;1;108;1;100;16331.62;11280.08;5051.54;32426.617
2026-06-30T14:10:24.680777+02:00;dhw;29.7;75.9;85.0;28.0;50.9;57.0;1;108;1;100;16331.7;11280.08;5051.63;32426.617
2026-06-30T14:10:36.114390+02:00;dhw;29.7;76.1;85.0;28.0;51.1;57.0;1;108;1;100;16331.75;11280.08;5051.67;32426.617
2026-06-30T14:10:46.749322+02:00;dhw;29.7;76.2;85.0;28.0;51.3;57.0;1;108;1;100;16331.79;11280.08;5051.71;32426.617
2026-06-30T14:10:57.531054+02:00;dhw;29.7;76.5;85.0;28.0;51.4;57.0;1;108;1;100;16331.83;11280.08;5051.75;32426.617
2026-06-30T14:11:08.283502+02:00;dhw;29.7;76.7;85.0;28.0;51.6;57.0;1;108;1;100;16331.87;11280.08;5051.8;32426.617
2026-06-30T14:11:19.335003+02:00;dhw;29.7;77.0;85.0;28.0;51.7;57.0;1;108;1;100;16331.92;11280.08;5051.84;32426.617
2026-06-30T14:11:31.218917+02:00;dhw;29.7;77.1;85.0;28.0;51.9;57.0;1;108;1;100;16331.96;11280.08;5051.88;32426.617
2026-06-30T14:11:41.915190+02:00;dhw;29.7;77.3;85.0;28.0;52.0;57.0;1;108;1;100;16332.0;11280.08;5051.92;32426.617
2026-06-30T14:11:52.643066+02:00;dhw;29.7;77.4;85.0;28.0;52.1;57.0;1;108;1;100;16332.04;11280.08;5051.96;32426.717
2026-06-30T14:12:03.268275+02:00;dhw;29.7;77.7;85.0;28.0;52.2;57.0;1;108;1;100;16332.08;11280.08;5052.0;32426.717
2026-06-30T14:12:13.996112+02:00;dhw;29.7;78.0;85.0;28.0;52.4;57.0;1;108;1;100;16332.17;11280.08;5052.09;32426.717
2026-06-30T14:12:25.488536+02:00;dhw;29.7;78.2;85.0;28.0;52.6;57.0;1;108;1;100;16332.21;11280.08;5052.13;32426.717
2026-06-30T14:12:36.104022+02:00;dhw;29.7;78.5;85.0;28.0;52.8;57.0;1;108;1;100;16332.25;11280.08;5052.18;32426.717
2026-06-30T14:12:46.642841+02:00;dhw;29.7;78.6;85.0;28.0;52.9;57.0;1;108;1;100;16332.29;11280.08;5052.22;32426.717
2026-06-30T14:12:57.207696+02:00;dhw;29.7;78.8;85.0;28.0;53.1;57.0;1;108;1;100;16332.33;11280.08;5052.26;32426.717
2026-06-30T14:13:07.778545+02:00;dhw;29.7;79.0;85.0;28.0;53.3;57.0;1;108;1;100;16332.37;11280.08;5052.3;32426.717
2026-06-30T14:13:18.369271+02:00;dhw;29.7;79.3;85.0;28.0;53.4;57.0;1;108;1;100;16332.42;11280.08;5052.34;32426.717
2026-06-30T14:13:32.548920+02:00;dhw;29.7;79.5;85.0;28.0;53.5;57.0;1;108;1;100;16332.46;11280.08;5052.38;32426.717
2026-06-30T14:13:43.252783+02:00;dhw;29.7;79.8;85.0;28.0;53.7;57.0;1;108;1;100;16332.54;11280.08;5052.46;32426.717
2026-06-30T14:13:54.095614+02:00;dhw;29.7;79.9;85.0;28.0;54.0;57.0;1;108;1;100;16332.58;11280.08;5052.51;32426.717
2026-06-30T14:14:04.998978+02:00;dhw;29.7;80.1;85.0;28.0;54.1;57.0;1;108;1;100;16332.63;11280.08;5052.55;32426.717
2026-06-30T14:14:16.050711+02:00;dhw;29.7;80.3;85.0;28.0;54.3;57.0;1;108;1;100;16332.67;11280.08;5052.59;32426.717
2026-06-30T14:14:27.041523+02:00;dhw;29.7;80.6;85.0;28.0;54.5;57.0;1;108;1;100;16332.71;11280.08;5052.63;32426.717
2026-06-30T14:14:37.779481+02:00;dhw;29.7;80.7;85.0;28.0;54.6;57.0;1;108;1;100;16332.75;11280.08;5052.67;32426.717
2026-06-30T14:14:49.358215+02:00;dhw;29.7;80.9;85.0;28.0;54.8;57.0;1;108;1;100;16332.79;11280.08;5052.72;32426.717
2026-06-30T14:15:00.138381+02:00;dhw;29.7;81.1;85.0;28.0;54.9;57.0;1;108;1;100;16332.83;11280.08;5052.76;32426.717
2026-06-30T14:15:10.760454+02:00;dhw;29.7;81.2;85.0;28.0;55.2;57.0;1;108;1;100;16332.88;11280.08;5052.8;32426.717
2026-06-30T14:15:21.518863+02:00;dhw;29.7;81.4;85.0;28.0;55.3;57.0;1;108;1;100;16332.92;11280.08;5052.84;32426.717
2026-06-30T14:15:32.146156+02:00;dhw;29.7;81.5;85.0;28.0;55.4;57.0;1;108;1;100;16332.96;11280.08;5052.88;32426.717
2026-06-30T14:15:43.226241+02:00;dhw;29.7;81.7;85.0;28.0;55.6;57.0;1;108;1;100;16333.0;11280.08;5052.93;32426.717
2026-06-30T14:15:53.958224+02:00;dhw;29.7;82.0;85.0;28.0;55.9;57.0;1;108;1;100;16333.09;11280.08;5053.01;32426.816
2026-06-30T14:16:04.649039+02:00;dhw;29.7;82.2;85.0;28.0;56.1;57.0;1;108;1;100;16333.13;11280.08;5053.05;32426.816
2026-06-30T14:16:15.235117+02:00;dhw;29.7;82.4;85.0;28.0;56.3;57.0;1;108;1;100;16333.17;11280.08;5053.09;32426.816
2026-06-30T14:16:25.786579+02:00;dhw;29.7;82.5;85.0;28.0;56.4;57.0;1;108;1;100;16333.21;11280.08;5053.13;32426.816
2026-06-30T14:16:36.496604+02:00;dhw;29.7;82.7;85.0;28.0;56.6;57.0;1;108;1;100;16333.26;11280.08;5053.18;32426.816
2026-06-30T14:16:47.132378+02:00;dhw;29.7;83.0;85.0;28.0;56.8;57.0;1;108;1;100;16333.31;11280.08;5053.23;32426.816
2026-06-30T14:16:57.760697+02:00;standby;29.7;82.8;85.0;28.0;57.1;57.0;0;0;1;100;16333.33;11280.08;5053.25;32426.816
2026-06-30T14:17:09.934708+02:00;standby;29.7;81.9;85.0;28.0;57.3;57.0;0;0;1;100;16333.33;11280.08;5053.25;32426.816
2026-06-30T14:17:20.384892+02:00;standby;29.7;78.9;85.0;28.0;57.5;57.0;0;0;1;100;16333.33;11280.08;5053.25;32426.816
2026-06-30T14:17:31.131231+02:00;standby;29.7;76.9;85.0;28.0;57.6;57.0;0;0;1;100;16333.33;11280.08;5053.25;32426.816
2026-06-30T14:17:41.672550+02:00;standby;29.7;74.8;85.0;28.0;57.8;57.0;0;0;1;10;16333.33;11280.08;5053.25;32426.816
2026-06-30T14:17:52.145513+02:00;standby;29.7;73.1;5.0;28.0;57.9;57.0;0;0;1;10;16333.33;11280.08;5053.25;32426.816
2026-06-30T14:18:52.632838+02:00;standby;29.7;66.1;5.0;28.0;58.7;57.0;0;0;1;10;16333.33;11280.08;5053.25;32426.816
2026-06-30T14:19:53.253449+02:00;standby;29.7;62.7;5.0;28.0;59.3;57.0;0;0;0;10;16333.33;11280.08;5053.25;32426.816
2026-06-30T14:20:53.728450+02:00;standby;29.7;63.5;5.0;28.0;59.5;57.0;0;0;0;0;16333.33;11280.08;5053.25;32426.816
2026-06-30T14:21:54.183661+02:00;standby;29.7;64.0;5.0;28.0;59.7;57.0;0;0;0;0;16333.33;11280.08;5053.25;32426.816
2026-06-30T14:22:54.733711+02:00;standby;29.7;64.1;5.0;28.0;59.7;57.0;0;0;0;0;16333.33;11280.08;5053.25;32426.816
2026-06-30T14:23:55.225306+02:00;standby;29.7;64.2;5.0;28.0;59.8;57.0;0;0;0;0;16333.33;11280.08;5053.25;32426.816
2026-06-30T14:24:55.706711+02:00;standby;29.7;64.2;5.0;28.0;59.8;57.0;0;0;0;0;16333.33;11280.08;5053.25;32426.816
2026-06-30T14:25:56.191147+02:00;standby;29.7;64.1;5.0;28.0;59.8;57.0;0;0;0;0;16333.33;11280.08;5053.25;32426.816
2026-06-30T14:26:56.660345+02:00;standby;29.7;64.1;5.0;28.0;59.8;57.0;0;0;0;0;16333.33;11280.08;5053.25;32426.816
2026-06-30T14:27:57.161028+02:00;standby;29.7;64.0;5.0;28.0;59.8;57.0;0;0;0;0;16333.33;11280.08;5053.25;32426.816
2026-06-30T14:28:57.597414+02:00;standby;29.7;63.8;5.0;28.0;59.8;57.0;0;0;0;0;16333.33;11280.08;5053.25;32426.816
2026-06-30T14:29:58.202981+02:00;standby;29.7;63.7;5.0;28.0;59.8;57.0;0;0;0;0;16333.33;11280.08;5053.25;32426.816
2026-06-30T14:30:58.684985+02:00;standby;29.7;63.6;5.0;28.0;59.8;57.0;0;0;0;0;16333.33;11280.08;5053.25;32426.816
2026-06-30T14:31:59.137108+02:00;standby;29.7;63.5;5.0;28.0;59.7;57.0;0;0;0;0;16333.33;11280.08;5053.25;32426.816
2026-06-30T14:32:59.552005+02:00;standby;29.7;63.4;5.0;28.0;59.7;57.0;0;0;0;0;16333.33;11280.08;5053.25;32426.816
2026-06-30T14:34:00.423005+02:00;standby;29.7;63.3;5.0;28.0;59.7;57.0;0;0;0;0;16333.33;11280.08;5053.25;32426.816
2026-06-30T14:35:00.951650+02:00;standby;29.7;63.1;5.0;28.0;59.7;57.0;0;0;0;0;16333.33;11280.08;5053.25;32426.816
2026-06-30T14:36:01.404367+02:00;standby;29.7;63.0;5.0;28.0;59.7;57.0;0;0;0;0;16333.33;11280.08;5053.25;32426.816
2026-06-30T14:37:02.127916+02:00;standby;29.7;62.9;5.0;28.0;59.7;57.0;0;0;0;0;16333.33;11280.08;5053.25;32426.816
2026-06-30T14:38:02.838893+02:00;standby;29.7;62.8;5.0;28.0;59.7;57.0;0;0;0;0;16333.33;11280.08;5053.25;32426.816
2026-06-30T14:39:03.301844+02:00;standby;29.7;62.7;5.0;28.0;59.7;57.0;0;0;0;0;16333.33;11280.08;5053.25;32426.816
2026-06-30T14:40:04.152165+02:00;standby;29.7;62.6;5.0;28.0;59.7;57.0;0;0;0;0;16333.33;11280.08;5053.25;32426.816
2026-06-30T14:41:04.648154+02:00;standby;29.7;62.3;5.0;28.0;59.7;57.0;0;0;0;0;16333.33;11280.08;5053.25;32426.816
2026-06-30T14:42:05.292720+02:00;standby;29.7;62.2;5.0;28.0;59.7;57.0;0;0;0;0;16333.33;11280.08;5053.25;32426.816
2026-06-30T14:43:06.016929+02:00;standby;29.7;62.1;5.0;28.0;59.7;57.0;0;0;0;0;16333.33;11280.08;5053.25;32426.816
2026-06-30T14:44:06.876203+02:00;standby;29.7;62.0;5.0;28.0;59.7;57.0;0;0;0;0;16333.33;11280.08;5053.25;32426.816
2026-06-30T14:45:07.476155+02:00;standby;29.7;61.9;5.0;28.0;59.7;57.0;0;0;0;0;16333.33;11280.08;5053.25;32426.816
2026-06-30T14:46:08.087079+02:00;standby;29.7;61.7;5.0;28.0;59.6;57.0;0;0;0;0;16333.33;11280.08;5053.25;32426.816
2026-06-30T14:47:09.318064+02:00;standby;29.7;61.6;5.0;28.0;59.6;57.0;0;0;0;0;16333.33;11280.08;5053.25;32426.816
2026-06-30T14:48:09.879570+02:00;standby;29.7;61.4;5.0;28.0;59.6;57.0;0;0;0;0;16333.33;11280.08;5053.25;32426.816
2026-06-30T14:49:10.302378+02:00;standby;29.7;61.3;5.0;28.0;59.6;57.0;0;0;0;0;16333.33;11280.08;5053.25;32426.816
2026-06-30T14:50:10.807854+02:00;standby;29.7;61.2;5.0;28.0;59.6;57.0;0;0;0;0;16333.33;11280.08;5053.25;32426.816
2026-06-30T14:51:11.242627+02:00;standby;29.7;61.0;5.0;28.0;59.6;57.0;0;0;0;0;16333.33;11280.08;5053.25;32426.816
2026-06-30T14:52:11.949716+02:00;standby;29.7;60.9;5.0;28.0;59.6;57.0;0;0;0;0;16333.33;11280.08;5053.25;32426.816
2026-06-30T14:53:12.382135+02:00;standby;29.7;60.7;5.0;28.0;59.6;57.0;0;0;0;0;16333.33;11280.08;5053.25;32426.816
2026-06-30T14:54:13.576720+02:00;standby;29.7;60.6;5.0;28.0;59.6;57.0;0;0;0;0;16333.33;11280.08;5053.25;32426.816
2026-06-30T14:55:14.636113+02:00;standby;29.7;60.5;5.0;28.0;59.6;57.0;0;0;0;0;16333.33;11280.08;5053.25;32426.816
2026-06-30T14:56:15.066349+02:00;standby;29.7;60.3;5.0;28.0;59.6;57.0;0;0;0;0;16333.33;11280.08;5053.25;32426.816
2026-06-30T14:57:15.518469+02:00;standby;29.7;60.1;5.0;28.0;59.6;57.0;0;0;0;0;16333.33;11280.08;5053.25;32426.816
2026-06-30T14:58:15.997614+02:00;standby;29.7;60.0;5.0;28.0;59.6;57.0;0;0;0;0;16333.33;11280.08;5053.25;32426.816
2026-06-30T14:59:16.575184+02:00;standby;29.7;59.9;5.0;28.0;59.6;57.0;0;0;0;0;16333.33;11280.08;5053.25;32426.816
2026-06-30T15:00:17.094872+02:00;standby;29.7;59.8;5.0;28.0;59.5;57.0;0;0;0;0;16333.33;11280.08;5053.25;32426.816
2026-06-30T15:01:17.666059+02:00;standby;29.7;59.5;5.0;28.0;59.5;57.0;0;0;0;0;16333.33;11280.08;5053.25;32426.816
2026-06-30T15:02:18.627762+02:00;standby;30.0;59.4;5.0;28.0;59.5;57.0;0;0;0;0;16333.33;11280.08;5053.25;32426.816
2026-06-30T15:03:19.062266+02:00;standby;30.0;59.3;5.0;28.0;59.5;57.0;0;0;0;0;16333.33;11280.08;5053.25;32426.816
2026-06-30T15:04:19.580744+02:00;standby;30.0;59.1;5.0;28.0;59.5;57.0;0;0;0;0;16333.33;11280.08;5053.25;32426.816
2026-06-30T15:05:20.137776+02:00;standby;30.0;59.0;5.0;28.0;59.5;57.0;0;0;0;0;16333.33;11280.08;5053.25;32426.816
2026-06-30T15:06:20.777417+02:00;standby;30.0;58.9;5.0;28.0;59.5;57.0;0;0;0;0;16333.33;11280.08;5053.25;32426.816
2026-06-30T15:07:21.340841+02:00;standby;30.0;58.7;5.0;28.0;59.5;57.0;0;0;0;0;16333.33;11280.08;5053.25;32426.816
2026-06-30T15:08:21.846492+02:00;standby;30.0;58.5;5.0;28.0;59.5;57.0;0;0;0;0;16333.33;11280.08;5053.25;32426.816
2026-06-30T15:09:22.388012+02:00;standby;30.0;58.4;5.0;28.0;59.5;57.0;0;0;0;0;16333.33;11280.08;5053.25;32426.816
2026-06-30T15:10:23.057841+02:00;standby;30.0;58.3;5.0;28.0;59.5;57.0;0;0;0;0;16333.33;11280.08;5053.25;32426.816
2026-06-30T15:11:23.559741+02:00;standby;30.0;58.1;5.0;28.0;59.5;57.0;0;0;0;0;16333.33;11280.08;5053.25;32426.816
2026-06-30T15:12:24.354299+02:00;standby;30.0;58.0;5.0;28.0;59.5;57.0;0;0;0;0;16333.33;11280.08;5053.25;32426.816
2026-06-30T15:13:24.995317+02:00;standby;30.0;57.8;5.0;28.0;59.5;57.0;0;0;0;0;16333.33;11280.08;5053.25;32426.816
2026-06-30T15:14:25.843139+02:00;standby;30.0;57.7;5.0;28.0;59.4;57.0;0;0;0;0;16333.33;11280.08;5053.25;32426.816
2026-06-30T15:15:26.376838+02:00;standby;30.0;57.5;5.0;28.0;59.4;57.0;0;0;0;0;16333.33;11280.08;5053.25;32426.816
2026-06-30T15:16:27.909381+02:00;standby;30.0;57.4;5.0;28.0;59.4;57.0;0;0;0;0;16333.33;11280.08;5053.25;32426.816
2026-06-30T15:17:28.845950+02:00;standby;30.0;57.3;5.0;28.0;59.4;57.0;0;0;0;0;16333.33;11280.08;5053.25;32426.816
2026-06-30T15:18:29.318379+02:00;standby;30.0;57.0;5.0;28.0;59.4;57.0;0;0;0;0;16333.33;11280.08;5053.25;32426.816
2026-06-30T15:19:29.861363+02:00;standby;30.0;56.9;5.0;28.0;59.4;57.0;0;0;0;0;16333.33;11280.08;5053.25;32426.816
2026-06-30T15:20:30.347818+02:00;standby;30.0;56.8;5.0;28.0;59.4;57.0;0;0;0;0;16333.33;11280.08;5053.25;32426.816
2026-06-30T15:21:30.893231+02:00;standby;30.0;56.7;5.0;28.0;59.4;57.0;0;0;0;0;16333.33;11280.08;5053.25;32426.816
2026-06-30T15:22:31.346971+02:00;standby;30.0;56.6;5.0;28.0;59.4;57.0;0;0;0;0;16333.33;11280.08;5053.25;32426.816
2026-06-30T15:23:31.821817+02:00;standby;30.0;56.4;5.0;28.0;59.4;57.0;0;0;0;0;16333.33;11280.08;5053.25;32426.816
2026-06-30T15:24:32.280902+02:00;standby;30.0;56.2;5.0;28.0;59.4;57.0;0;0;0;0;16333.33;11280.08;5053.25;32426.816
2026-06-30T15:25:33.252864+02:00;standby;30.0;56.1;5.0;28.0;59.4;57.0;0;0;0;0;16333.33;11280.08;5053.25;32426.816
2026-06-30T15:26:33.885707+02:00;standby;30.0;56.0;5.0;28.0;59.3;57.0;0;0;0;0;16333.33;11280.08;5053.25;32426.816
2026-06-30T15:27:34.512254+02:00;standby;30.0;55.8;5.0;28.0;59.3;57.0;0;0;0;0;16333.33;11280.08;5053.25;32426.816
2026-06-30T15:28:35.129663+02:00;standby;30.0;55.7;5.0;28.0;59.3;57.0;0;0;0;0;16333.33;11280.08;5053.25;32426.816
2026-06-30T15:29:35.763222+02:00;standby;30.0;55.6;5.0;28.0;59.3;57.0;0;0;0;0;16333.33;11280.08;5053.25;32426.816
2026-06-30T15:30:36.302139+02:00;standby;30.0;55.5;5.0;28.0;59.3;57.0;0;0;0;0;16333.33;11280.08;5053.25;32426.816
2026-06-30T15:31:36.790468+02:00;standby;30.0;55.2;5.0;28.0;59.3;57.0;0;0;0;0;16333.33;11280.08;5053.25;32426.816
2026-06-30T15:32:37.419462+02:00;standby;30.0;55.1;5.0;28.0;59.3;57.0;0;0;0;0;16333.33;11280.08;5053.25;32426.816
2026-06-30T15:33:38.129437+02:00;standby;30.0;55.0;5.0;28.0;59.3;57.0;0;0;0;0;16333.33;11280.08;5053.25;32426.816
2026-06-30T15:34:38.644528+02:00;standby;30.0;54.9;5.0;28.0;59.3;57.0;0;0;0;0;16333.33;11280.08;5053.25;32426.816
2026-06-30T15:35:39.164115+02:00;standby;30.0;54.8;5.0;28.0;59.3;57.0;0;0;0;0;16333.33;11280.08;5053.25;32426.816
2026-06-30T15:36:39.684001+02:00;standby;30.0;54.7;5.0;28.0;59.3;57.0;0;0;0;0;16333.33;11280.08;5053.25;32426.816
2026-06-30T15:37:40.260760+02:00;standby;30.0;54.4;5.0;28.0;59.3;57.0;0;0;0;0;16333.33;11280.08;5053.25;32426.816
2026-06-30T15:38:40.958455+02:00;standby;30.0;54.3;5.0;28.0;59.3;57.0;0;0;0;0;16333.33;11280.08;5053.25;32426.816
2026-06-30T15:39:41.404366+02:00;standby;30.0;54.2;5.0;28.0;59.3;57.0;0;0;0;0;16333.33;11280.08;5053.25;32426.816
2026-06-30T15:40:41.914299+02:00;standby;30.0;54.1;5.0;28.0;59.2;57.0;0;0;0;0;16333.33;11280.08;5053.25;32426.816
2026-06-30T15:41:42.402215+02:00;standby;30.0;54.0;5.0;28.0;59.2;57.0;0;0;0;0;16333.33;11280.08;5053.25;32426.816
2026-06-30T15:42:42.860137+02:00;standby;30.0;53.9;5.0;28.0;59.2;57.0;0;0;0;0;16333.33;11280.08;5053.25;32426.816
2026-06-30T15:43:43.311884+02:00;standby;30.0;53.7;5.0;28.0;59.2;57.0;0;0;0;0;16333.33;11280.08;5053.25;32426.816
2026-06-30T15:44:44.064000+02:00;standby;30.0;53.6;5.0;28.0;59.2;57.0;0;0;0;0;16333.33;11280.08;5053.25;32426.816
2026-06-30T15:45:44.516568+02:00;standby;30.0;53.4;5.0;28.0;59.2;57.0;0;0;0;0;16333.33;11280.08;5053.25;32426.816
2026-06-30T15:46:44.993249+02:00;standby;30.0;53.3;5.0;28.0;59.2;57.0;0;0;0;0;16333.33;11280.08;5053.25;32426.816
2026-06-30T15:47:45.517554+02:00;standby;30.0;53.2;5.0;28.0;59.2;57.0;0;0;0;0;16333.33;11280.08;5053.25;32426.816
2026-06-30T15:48:46.150833+02:00;standby;30.0;53.1;5.0;28.0;59.2;57.0;0;0;0;0;16333.33;11280.08;5053.25;32426.816
2026-06-30T15:49:46.644394+02:00;standby;30.0;53.0;5.0;28.0;59.2;57.0;0;0;0;0;16333.33;11280.08;5053.25;32426.816
2026-06-30T15:50:47.164038+02:00;standby;30.0;52.9;5.0;28.0;59.2;57.0;0;0;0;0;16333.33;11280.08;5053.25;32426.816
2026-06-30T15:51:47.640134+02:00;standby;30.0;52.8;5.0;28.0;59.2;57.0;0;0;0;0;16333.33;11280.08;5053.25;32426.816
2026-06-30T15:52:48.523555+02:00;standby;30.0;52.6;5.0;28.0;59.2;57.0;0;0;0;0;16333.33;11280.08;5053.25;32426.816
2026-06-30T15:53:49.030276+02:00;standby;30.0;52.4;5.0;28.0;59.2;57.0;0;0;0;0;16333.33;11280.08;5053.25;32426.816
2026-06-30T15:54:49.544098+02:00;standby;30.0;52.3;5.0;28.0;59.1;57.0;0;0;0;0;16333.33;11280.08;5053.25;32426.816
2026-06-30T15:55:50.314590+02:00;standby;30.0;52.2;5.0;28.0;59.1;57.0;0;0;0;0;16333.33;11280.08;5053.25;32426.816
2026-06-30T15:56:50.805150+02:00;standby;30.0;52.1;5.0;28.0;59.1;57.0;0;0;0;0;16333.33;11280.08;5053.25;32426.816
2026-06-30T15:57:51.344855+02:00;standby;30.0;52.0;5.0;28.0;59.1;57.0;0;0;0;0;16333.33;11280.08;5053.25;32426.816
2026-06-30T15:58:51.776595+02:00;standby;30.0;51.9;5.0;28.0;59.1;57.0;0;0;0;0;16333.33;11280.08;5053.25;32426.816
2026-06-30T15:59:52.251934+02:00;standby;30.0;51.8;5.0;28.0;59.1;57.0;0;0;0;0;16333.33;11280.08;5053.25;32426.816
2026-06-30T16:00:52.901629+02:00;standby;30.0;51.7;5.0;28.0;59.1;57.0;0;0;0;0;16333.33;11280.08;5053.25;32426.816
2026-06-30T16:01:53.385170+02:00;standby;30.0;51.6;5.0;28.0;59.1;57.0;0;0;0;0;16333.33;11280.08;5053.25;32426.816
2026-06-30T16:02:53.963124+02:00;standby;30.1;51.4;5.0;28.0;59.1;57.0;0;0;0;0;16333.33;11280.08;5053.25;32426.816
2026-06-30T16:03:54.415423+02:00;standby;30.1;51.3;5.0;28.0;59.1;57.0;0;0;0;0;16333.33;11280.08;5053.25;32426.816
2026-06-30T16:04:54.853083+02:00;standby;30.1;51.2;5.0;28.0;59.1;57.0;0;0;0;0;16333.33;11280.08;5053.25;32426.816
2026-06-30T16:05:55.306518+02:00;standby;30.1;51.1;5.0;28.0;59.1;57.0;0;0;0;0;16333.33;11280.08;5053.25;32426.816
2026-06-30T16:06:55.716223+02:00;standby;30.1;51.0;5.0;28.0;59.1;57.0;0;0;0;0;16333.33;11280.08;5053.25;32426.816
2026-06-30T16:07:56.347461+02:00;standby;30.1;50.9;5.0;28.0;58.9;57.0;0;0;0;0;16333.33;11280.08;5053.25;32426.816
2026-06-30T16:08:56.851079+02:00;standby;30.1;50.8;5.0;28.0;59.1;57.0;0;0;0;0;16333.33;11280.08;5053.25;32426.816
2026-06-30T16:09:57.575739+02:00;standby;30.1;50.7;5.0;28.0;59.1;57.0;0;0;0;0;16333.33;11280.08;5053.25;32426.816
2026-06-30T16:10:58.171375+02:00;standby;30.1;50.6;5.0;28.0;58.9;57.0;0;0;0;0;16333.33;11280.08;5053.25;32426.816
2026-06-30T16:11:59.026192+02:00;standby;30.1;50.4;5.0;28.0;58.9;57.0;0;0;0;0;16333.33;11280.08;5053.25;32426.816
2026-06-30T16:12:59.543620+02:00;standby;30.1;50.3;5.0;28.0;58.9;57.0;0;0;0;0;16333.33;11280.08;5053.25;32426.816
2026-06-30T16:14:00.325361+02:00;standby;30.1;50.2;5.0;28.0;58.9;57.0;0;0;0;0;16333.33;11280.08;5053.25;32426.816
2026-06-30T16:15:00.744572+02:00;standby;30.1;50.1;5.0;28.0;58.9;57.0;0;0;0;0;16333.33;11280.08;5053.25;32426.816
2026-06-30T16:16:01.261465+02:00;standby;30.1;50.0;5.0;28.0;58.9;57.0;0;0;0;0;16333.33;11280.08;5053.25;32426.816
2026-06-30T16:17:02.443948+02:00;standby;30.1;49.9;5.0;28.0;58.9;57.0;0;0;0;0;16333.33;11280.08;5053.25;32426.816
2026-06-30T16:18:03.137305+02:00;standby;30.1;49.8;5.0;28.0;58.9;57.0;0;0;0;0;16333.33;11280.08;5053.25;32426.816
2026-06-30T16:19:03.584295+02:00;standby;30.1;49.7;5.0;28.0;58.9;57.0;0;0;0;0;16333.33;11280.08;5053.25;32426.816
2026-06-30T16:20:04.119242+02:00;standby;30.1;49.5;5.0;28.0;58.9;57.0;0;0;0;0;16333.33;11280.08;5053.25;32426.816
2026-06-30T16:21:04.576958+02:00;standby;30.1;49.4;5.0;28.0;58.9;57.0;0;0;0;0;16333.33;11280.08;5053.25;32426.816
2026-06-30T16:22:05.267719+02:00;standby;30.1;49.3;5.0;28.0;58.8;57.0;0;0;0;0;16333.33;11280.08;5053.25;32426.816
2026-06-30T16:23:05.937268+02:00;standby;30.1;49.2;5.0;28.0;58.8;57.0;0;0;0;0;16333.33;11280.08;5053.25;32426.816
2026-06-30T16:24:06.749434+02:00;standby;30.1;49.1;5.0;28.0;58.8;57.0;0;0;0;0;16333.33;11280.08;5053.25;32426.816
2026-06-30T16:25:07.318989+02:00;standby;30.1;49.1;5.0;28.0;58.8;57.0;0;0;0;0;16333.33;11280.08;5053.25;32426.816
2026-06-30T16:26:08.033917+02:00;standby;30.1;48.9;5.0;28.0;58.8;57.0;0;0;0;0;16333.33;11280.08;5053.25;32426.816
2026-06-30T16:27:08.510693+02:00;standby;30.1;48.9;5.0;28.0;58.8;57.0;0;0;0;0;16333.33;11280.08;5053.25;32426.816
2026-06-30T16:28:09.189701+02:00;standby;30.1;48.7;5.0;28.0;58.8;57.0;0;0;0;0;16333.33;11280.08;5053.25;32426.816
2026-06-30T16:29:09.658214+02:00;standby;30.1;48.6;5.0;28.0;58.8;57.0;0;0;0;0;16333.33;11280.08;5053.25;32426.816
2026-06-30T16:30:10.173900+02:00;standby;30.1;48.5;5.0;28.0;58.8;57.0;0;0;0;0;16333.33;11280.08;5053.25;32426.816
2026-06-30T16:31:10.646429+02:00;standby;30.1;48.4;5.0;28.0;58.8;57.0;0;0;0;0;16333.33;11280.08;5053.25;32426.816
2026-06-30T16:32:11.416569+02:00;standby;30.1;48.3;5.0;28.0;58.8;57.0;0;0;0;0;16333.33;11280.08;5053.25;32426.816
2026-06-30T16:33:12.030144+02:00;standby;30.1;48.2;5.0;28.0;58.8;57.0;0;0;0;0;16333.33;11280.08;5053.25;32426.816
2026-06-30T16:34:12.557626+02:00;standby;30.1;48.1;5.0;28.0;58.8;57.0;0;0;0;0;16333.33;11280.08;5053.25;32426.816
2026-06-30T16:35:13.621519+02:00;standby;30.1;48.1;5.0;28.0;58.8;57.0;0;0;0;0;16333.33;11280.08;5053.25;32426.816
2026-06-30T16:36:14.238391+02:00;standby;30.1;48.0;5.0;28.0;58.8;57.0;0;0;0;0;16333.33;11280.08;5053.25;32426.816
2026-06-30T16:37:14.742604+02:00;standby;30.1;47.8;5.0;28.0;58.7;57.0;0;0;0;0;16333.33;11280.08;5053.25;32426.816
2026-06-30T16:38:15.454253+02:00;standby;30.1;47.7;5.0;28.0;58.7;57.0;0;0;0;0;16333.33;11280.08;5053.25;32426.816
2026-06-30T16:39:15.984723+02:00;standby;30.1;47.6;5.0;28.0;58.7;57.0;0;0;0;0;16333.33;11280.08;5053.25;32426.816
2026-06-30T16:40:16.592411+02:00;standby;30.1;47.5;5.0;28.0;58.7;57.0;0;0;0;0;16333.33;11280.08;5053.25;32426.816
2026-06-30T16:41:17.116920+02:00;standby;30.1;47.5;5.0;28.0;58.7;57.0;0;0;0;0;16333.33;11280.08;5053.25;32426.816
2026-06-30T16:42:17.693051+02:00;standby;30.1;47.4;5.0;28.0;58.7;57.0;0;0;0;0;16333.33;11280.08;5053.25;32426.816
2026-06-30T16:43:18.157490+02:00;standby;30.1;47.3;5.0;28.0;58.7;57.0;0;0;0;0;16333.33;11280.08;5053.25;32426.816
2026-06-30T16:44:18.738637+02:00;standby;30.1;47.2;5.0;28.0;58.7;57.0;0;0;0;0;16333.33;11280.08;5053.25;32426.816
2026-06-30T16:45:20.584523+02:00;standby;30.1;47.0;5.0;28.0;58.7;57.0;0;0;0;0;16333.33;11280.08;5053.25;32426.816
2026-06-30T16:46:21.004812+02:00;standby;30.1;47.0;5.0;28.0;58.7;57.0;0;0;0;0;16333.33;11280.08;5053.25;32426.816
2026-06-30T16:47:21.408707+02:00;standby;30.1;46.9;5.0;28.0;58.7;57.0;0;0;0;0;16333.33;11280.08;5053.25;32426.816
2026-06-30T16:48:21.902136+02:00;standby;30.1;46.8;5.0;28.0;58.7;57.0;0;0;0;0;16333.33;11280.08;5053.25;32426.816
2026-06-30T16:49:22.428728+02:00;standby;30.1;46.7;5.0;28.0;58.7;57.0;0;0;0;0;16333.33;11280.08;5053.25;32426.816
2026-06-30T16:50:22.946720+02:00;standby;30.1;46.6;5.0;28.0;58.6;57.0;0;0;0;0;16333.33;11280.08;5053.25;32426.816
2026-06-30T16:51:23.484002+02:00;standby;30.1;46.6;5.0;28.0;58.6;57.0;0;0;0;0;16333.33;11280.08;5053.25;32426.816
2026-06-30T16:52:24.306662+02:00;standby;30.1;46.5;5.0;28.0;58.7;57.0;0;0;0;0;16333.33;11280.08;5053.25;32426.816
2026-06-30T16:53:24.797756+02:00;standby;30.1;46.4;5.0;28.0;58.6;57.0;0;0;0;0;16333.33;11280.08;5053.25;32426.816
2026-06-30T16:54:25.303800+02:00;standby;30.1;46.2;5.0;28.0;58.6;57.0;0;0;0;0;16333.33;11280.08;5053.25;32426.816
2026-06-30T16:55:25.857713+02:00;standby;30.1;46.1;5.0;28.0;58.6;57.0;0;0;0;0;16333.33;11280.08;5053.25;32426.816
2026-06-30T16:56:26.371545+02:00;standby;30.1;46.1;5.0;28.0;58.6;57.0;0;0;0;0;16333.33;11280.08;5053.25;32426.816
2026-06-30T16:57:26.897472+02:00;standby;30.1;46.0;5.0;28.0;58.6;57.0;0;0;0;0;16333.33;11280.08;5053.25;32426.816
2026-06-30T16:58:27.728795+02:00;standby;30.1;45.9;5.0;28.0;58.6;57.0;0;0;0;0;16333.33;11280.08;5053.25;32426.816
2026-06-30T16:59:28.218947+02:00;standby;30.1;45.8;5.0;28.0;58.6;57.0;0;0;0;0;16333.33;11280.08;5053.25;32426.816
2026-06-30T17:00:28.686280+02:00;standby;30.1;45.8;5.0;28.0;58.6;57.0;0;0;0;0;16333.33;11280.08;5053.25;32426.816
2026-06-30T17:01:29.155321+02:00;standby;30.1;45.7;5.0;28.0;58.6;57.0;0;0;0;0;16333.33;11280.08;5053.25;32426.816
2026-06-30T17:02:29.615895+02:00;standby;30.1;45.6;5.0;28.0;58.6;57.0;0;0;0;0;16333.33;11280.08;5053.25;32426.816
2026-06-30T17:03:30.094714+02:00;standby;28.7;45.5;5.0;28.0;58.6;57.0;0;0;0;0;16333.33;11280.08;5053.25;32426.816
2026-06-30T17:04:30.595801+02:00;standby;28.7;45.5;5.0;28.0;58.6;57.0;0;0;0;0;16333.33;11280.08;5053.25;32426.816
2026-06-30T17:05:31.235815+02:00;standby;28.7;45.3;5.0;28.0;58.5;57.0;0;0;0;0;16333.33;11280.08;5053.25;32426.816
2026-06-30T17:06:31.794747+02:00;standby;28.7;45.2;5.0;28.0;58.5;57.0;0;0;0;0;16333.33;11280.08;5053.25;32426.816
2026-06-30T17:07:32.275778+02:00;standby;28.7;45.2;5.0;28.0;58.5;57.0;0;0;0;0;16333.33;11280.08;5053.25;32426.816
2026-06-30T17:08:32.778008+02:00;standby;28.7;45.1;5.0;28.0;58.5;57.0;0;0;0;0;16333.33;11280.08;5053.25;32426.816
2026-06-30T17:09:33.300166+02:00;standby;28.7;45.0;5.0;28.0;58.5;57.0;0;0;0;0;16333.33;11280.08;5053.25;32426.816
2026-06-30T17:10:34.156771+02:00;standby;28.7;45.0;5.0;28.0;58.5;57.0;0;0;0;0;16333.33;11280.08;5053.25;32426.816
2026-06-30T17:11:34.644621+02:00;standby;28.7;44.9;5.0;28.0;58.5;57.0;0;0;0;0;16333.33;11280.08;5053.25;32426.816
2026-06-30T17:12:35.292593+02:00;standby;28.7;44.8;5.0;28.0;58.5;57.0;0;0;0;0;16333.33;11280.08;5053.25;32426.816
2026-06-30T17:13:35.908775+02:00;standby;28.7;44.8;5.0;28.0;58.5;57.0;0;0;0;0;16333.33;11280.08;5053.25;32426.816
2026-06-30T17:14:36.718711+02:00;standby;28.7;44.7;5.0;28.0;58.5;57.0;0;0;0;0;16333.33;11280.08;5053.25;32426.816
2026-06-30T17:15:37.333230+02:00;standby;28.7;44.5;5.0;28.0;58.5;57.0;0;0;0;0;16333.33;11280.08;5053.25;32426.816
2026-06-30T17:16:37.886435+02:00;standby;28.7;44.5;5.0;28.0;58.5;57.0;0;0;0;0;16333.33;11280.08;5053.25;32426.816
2026-06-30T17:17:38.473531+02:00;standby;28.7;44.4;5.0;28.0;58.5;57.0;0;0;0;0;16333.33;11280.08;5053.25;32426.816
2026-06-30T17:18:39.027648+02:00;standby;28.7;44.3;5.0;28.0;58.5;57.0;0;0;0;0;16333.33;11280.08;5053.25;32426.816
2026-06-30T17:19:39.528086+02:00;standby;28.7;44.3;5.0;28.0;58.5;57.0;0;0;0;0;16333.33;11280.08;5053.25;32426.816
2026-06-30T17:20:40.042854+02:00;standby;28.7;44.2;5.0;28.0;58.4;57.0;0;0;0;0;16333.33;11280.08;5053.25;32426.816
2026-06-30T17:21:41.010173+02:00;standby;28.7;44.1;5.0;28.0;58.4;57.0;0;0;0;0;16333.33;11280.08;5053.25;32426.816
2026-06-30T17:22:41.493496+02:00;standby;28.7;44.1;5.0;28.0;58.4;57.0;0;0;0;0;16333.33;11280.08;5053.25;32426.816
2026-06-30T17:23:42.030907+02:00;standby;28.7;44.0;5.0;28.0;58.4;57.0;0;0;0;0;16333.33;11280.08;5053.25;32426.816
2026-06-30T17:24:42.636659+02:00;standby;28.7;43.9;5.0;28.0;58.4;57.0;0;0;0;0;16333.33;11280.08;5053.25;32426.816
2026-06-30T17:25:43.140781+02:00;standby;28.7;43.9;5.0;28.0;58.4;57.0;0;0;0;0;16333.33;11280.08;5053.25;32426.816
2026-06-30T17:26:43.609515+02:00;standby;28.7;43.7;5.0;28.0;58.4;57.0;0;0;0;0;16333.33;11280.08;5053.25;32426.816
2026-06-30T17:27:44.105405+02:00;standby;28.7;43.6;5.0;28.0;58.4;57.0;0;0;0;0;16333.33;11280.08;5053.25;32426.816
2026-06-30T17:28:44.752800+02:00;standby;28.7;43.6;5.0;28.0;58.4;57.0;0;0;0;0;16333.33;11280.08;5053.25;32426.816
2026-06-30T17:29:45.225743+02:00;standby;28.7;43.5;5.0;28.0;58.4;57.0;0;0;0;0;16333.33;11280.08;5053.25;32426.816
2026-06-30T17:30:45.731151+02:00;standby;28.7;43.5;5.0;28.0;58.4;57.0;0;0;0;0;16333.33;11280.08;5053.25;32426.816
2026-06-30T17:31:46.265029+02:00;standby;28.7;43.4;5.0;28.0;58.4;57.0;0;0;0;0;16333.33;11280.08;5053.25;32426.816
2026-06-30T17:32:46.772925+02:00;standby;28.7;43.3;5.0;28.0;58.3;57.0;0;0;0;0;16333.33;11280.08;5053.25;32426.816
2026-06-30T17:33:47.805510+02:00;standby;28.7;43.3;5.0;28.0;58.3;57.0;0;0;0;0;16333.33;11280.08;5053.25;32426.816
2026-06-30T17:34:48.343110+02:00;standby;28.7;43.2;5.0;28.0;58.3;57.0;0;0;0;0;16333.33;11280.08;5053.25;32426.816
2026-06-30T17:35:48.902724+02:00;standby;28.7;43.1;5.0;28.0;58.3;57.0;0;0;0;0;16333.33;11280.08;5053.25;32426.816
2026-06-30T17:36:49.386191+02:00;standby;28.7;43.1;5.0;28.0;58.3;57.0;0;0;0;0;16333.33;11280.08;5053.25;32426.816
2026-06-30T17:37:49.935707+02:00;standby;28.7;43.0;5.0;28.0;58.3;57.0;0;0;0;0;16333.33;11280.08;5053.25;32426.816
2026-06-30T17:38:50.557608+02:00;standby;28.7;43.0;5.0;28.0;58.3;57.0;0;0;0;0;16333.33;11280.08;5053.25;32426.816
2026-06-30T17:39:51.044738+02:00;standby;28.7;42.8;5.0;28.0;58.3;57.0;0;0;0;0;16333.33;11280.08;5053.25;32426.816
2026-06-30T17:40:51.567159+02:00;standby;28.7;42.7;5.0;28.0;58.3;57.0;0;0;0;0;16333.33;11280.08;5053.25;32426.816
2026-06-30T17:41:52.118338+02:00;standby;28.7;42.7;5.0;28.0;58.3;57.0;0;0;0;0;16333.33;11280.08;5053.25;32426.816
2026-06-30T17:42:52.639452+02:00;standby;28.7;42.6;5.0;28.0;58.3;57.0;0;0;0;0;16333.33;11280.08;5053.25;32426.816
2026-06-30T17:43:53.119140+02:00;standby;28.7;42.6;5.0;28.0;58.3;57.0;0;0;0;0;16333.33;11280.08;5053.25;32426.816
2026-06-30T17:44:53.627058+02:00;standby;28.7;42.5;5.0;28.0;58.3;57.0;0;0;0;0;16333.33;11280.08;5053.25;32426.816
2026-06-30T17:45:54.151786+02:00;standby;28.7;42.5;5.0;28.0;58.2;57.0;0;0;0;0;16333.33;11280.08;5053.25;32426.816
2026-06-30T17:46:54.681453+02:00;standby;28.7;42.4;5.0;28.0;58.2;57.0;0;0;0;0;16333.33;11280.08;5053.25;32426.816
2026-06-30T17:47:55.214314+02:00;standby;28.7;42.3;5.0;28.0;58.2;57.0;0;0;0;0;16333.33;11280.08;5053.25;32426.816
2026-06-30T17:48:55.708961+02:00;standby;28.7;42.3;5.0;28.0;58.2;57.0;0;0;0;0;16333.33;11280.08;5053.25;32426.816
2026-06-30T17:49:56.345298+02:00;standby;28.7;42.2;5.0;28.0;58.2;57.0;0;0;0;0;16333.33;11280.08;5053.25;32426.816
2026-06-30T17:50:56.852092+02:00;standby;28.7;42.2;5.0;28.0;58.2;57.0;0;0;0;0;16333.33;11280.08;5053.25;32426.816
2026-06-30T17:51:57.409982+02:00;standby;28.7;42.0;5.0;28.0;58.2;57.0;0;0;0;0;16333.33;11280.08;5053.25;32426.816
2026-06-30T17:52:58.030442+02:00;standby;28.7;42.0;5.0;28.0;58.2;57.0;0;0;0;0;16333.33;11280.08;5053.25;32426.816
2026-06-30T17:53:58.603925+02:00;standby;28.7;41.9;5.0;28.0;58.2;57.0;0;0;0;0;16333.33;11280.08;5053.25;32426.816
2026-06-30T17:54:59.226657+02:00;standby;28.7;41.8;5.0;28.0;58.2;57.0;0;0;0;0;16333.33;11280.08;5053.25;32426.816
2026-06-30T17:55:59.761511+02:00;standby;28.7;41.8;5.0;28.0;58.2;57.0;0;0;0;0;16333.33;11280.08;5053.25;32426.816
2026-06-30T17:57:00.336532+02:00;standby;28.7;41.7;5.0;28.0;58.2;57.0;0;0;0;0;16333.33;11280.08;5053.25;32426.816
2026-06-30T17:58:00.810079+02:00;standby;28.7;41.7;5.0;28.0;58.2;57.0;0;0;0;0;16333.33;11280.08;5053.25;32426.816
2026-06-30T17:59:01.559358+02:00;standby;28.7;41.6;5.0;28.0;58.2;57.0;0;0;0;0;16333.33;11280.08;5053.25;32426.816
2026-06-30T18:00:02.076165+02:00;standby;28.7;41.6;5.0;28.0;58.2;57.0;0;0;0;0;16333.33;11280.08;5053.25;32426.816
2026-06-30T18:01:02.677994+02:00;standby;28.7;41.5;5.0;28.0;58.1;57.0;0;0;0;0;16333.33;11280.08;5053.25;32426.816
2026-06-30T18:02:03.170508+02:00;standby;28.7;41.5;5.0;28.0;58.1;57.0;0;0;0;0;16333.33;11280.08;5053.25;32426.816
2026-06-30T18:03:03.703744+02:00;standby;28.7;41.4;5.0;28.0;58.1;57.0;0;0;0;0;16333.33;11280.08;5053.25;32426.816
2026-06-30T18:04:04.213076+02:00;standby;28.4;41.4;5.0;28.0;58.1;57.0;0;0;0;0;16333.33;11280.08;5053.25;32426.816
2026-06-30T18:05:04.685993+02:00;standby;28.4;41.2;5.0;28.0;58.1;57.0;0;0;0;0;16333.33;11280.08;5053.25;32426.816
2026-06-30T18:06:05.155199+02:00;standby;28.4;41.2;5.0;28.0;58.1;57.0;0;0;0;0;16333.33;11280.08;5053.25;32426.816
2026-06-30T18:07:05.672624+02:00;standby;28.4;41.1;5.0;28.0;58.1;57.0;0;0;0;0;16333.33;11280.08;5053.25;32426.816
2026-06-30T18:08:06.395534+02:00;standby;28.4;41.1;5.0;28.0;58.1;57.0;0;0;0;0;16333.33;11280.08;5053.25;32426.816
2026-06-30T18:09:07.060822+02:00;standby;28.4;41.0;5.0;28.0;58.1;57.0;0;0;0;0;16333.33;11280.08;5053.25;32426.816
2026-06-30T18:10:07.735491+02:00;standby;28.4;41.0;5.0;28.0;58.1;57.0;0;0;0;0;16333.33;11280.08;5053.25;32426.816
2026-06-30T18:11:08.275002+02:00;standby;28.4;40.9;5.0;28.0;58.1;57.0;0;0;0;0;16333.33;11280.08;5053.25;32426.816
2026-06-30T18:12:08.883798+02:00;standby;28.4;40.9;5.0;28.0;58.1;57.0;0;0;0;0;16333.33;11280.08;5053.25;32426.816
2026-06-30T18:13:09.403505+02:00;standby;28.4;40.8;5.0;28.0;58.1;57.0;0;0;0;0;16333.33;11280.08;5053.25;32426.816
2026-06-30T18:14:09.950893+02:00;standby;28.4;40.8;5.0;28.0;58.1;57.0;0;0;0;0;16333.33;11280.08;5053.25;32426.816
2026-06-30T18:15:10.440131+02:00;standby;28.4;40.7;5.0;28.0;58.0;57.0;0;0;0;0;16333.33;11280.08;5053.25;32426.816
2026-06-30T18:16:10.982272+02:00;standby;28.4;40.7;5.0;28.0;58.0;57.0;0;0;0;0;16333.33;11280.08;5053.25;32426.816
2026-06-30T18:17:11.482780+02:00;standby;28.4;40.6;5.0;28.0;58.0;57.0;0;0;0;0;16333.33;11280.08;5053.25;32426.816
2026-06-30T18:18:12.307539+02:00;standby;28.4;40.6;5.0;28.0;58.0;57.0;0;0;0;0;16333.33;11280.08;5053.25;32426.816
2026-06-30T18:19:14.176431+02:00;standby;28.4;40.5;5.0;28.0;58.0;57.0;0;0;0;0;16333.33;11280.08;5053.25;32426.816
2026-06-30T18:20:14.673844+02:00;standby;28.4;40.5;5.0;28.0;58.0;57.0;0;0;0;0;16333.33;11280.08;5053.25;32426.816
2026-06-30T18:21:15.137640+02:00;standby;28.4;40.3;5.0;28.0;58.0;57.0;0;0;0;0;16333.33;11280.08;5053.25;32426.816
2026-06-30T18:22:15.601415+02:00;standby;28.4;40.3;5.0;28.0;58.0;57.0;0;0;0;0;16333.33;11280.08;5053.25;32426.816
2026-06-30T18:23:16.143743+02:00;standby;28.4;40.2;5.0;28.0;58.0;57.0;0;0;0;0;16333.33;11280.08;5053.25;32426.816
2026-06-30T18:24:16.663807+02:00;standby;28.4;40.2;5.0;28.0;58.0;57.0;0;0;0;0;16333.33;11280.08;5053.25;32426.816
2026-06-30T18:25:17.175464+02:00;standby;28.4;40.1;5.0;28.0;58.0;57.0;0;0;0;0;16333.33;11280.08;5053.25;32426.816
2026-06-30T18:26:18.317347+02:00;standby;28.4;40.1;5.0;28.0;58.0;57.0;0;0;0;0;16333.33;11280.08;5053.25;32426.816
2026-06-30T18:27:18.830663+02:00;standby;28.4;40.1;5.0;28.0;58.0;57.0;0;0;0;0;16333.33;11280.08;5053.25;32426.816
2026-06-30T18:28:19.289254+02:00;standby;28.4;40.0;5.0;28.0;57.9;57.0;0;0;0;0;16333.33;11280.08;5053.25;32426.816
2026-06-30T18:29:19.758552+02:00;standby;28.4;40.0;5.0;28.0;57.9;57.0;0;0;0;0;16333.33;11280.08;5053.25;32426.816
2026-06-30T18:30:20.282233+02:00;standby;28.4;39.9;5.0;28.0;57.9;57.0;0;0;0;0;16333.33;11280.08;5053.25;32426.816
2026-06-30T18:31:20.793770+02:00;standby;28.4;39.9;5.0;28.0;57.9;57.0;0;0;0;0;16333.33;11280.08;5053.25;32426.816
2026-06-30T18:32:21.315843+02:00;standby;28.4;39.8;5.0;28.0;57.9;57.0;0;0;0;0;16333.33;11280.08;5053.25;32426.816
2026-06-30T18:33:21.783582+02:00;standby;28.4;39.8;5.0;28.0;57.9;57.0;0;0;0;0;16333.33;11280.08;5053.25;32426.816
2026-06-30T18:34:22.455951+02:00;standby;28.4;39.8;5.0;28.0;57.9;57.0;0;0;0;0;16333.33;11280.08;5053.25;32426.816
2026-06-30T18:35:23.090831+02:00;standby;28.4;39.6;5.0;28.0;57.9;57.0;0;0;0;0;16333.33;11280.08;5053.25;32426.816
2026-06-30T18:36:24.183808+02:00;standby;28.4;39.5;5.0;28.0;57.9;57.0;0;0;0;0;16333.33;11280.08;5053.25;32426.816
2026-06-30T18:37:24.653112+02:00;standby;28.4;39.5;5.0;28.0;57.9;57.0;0;0;0;0;16333.33;11280.08;5053.25;32426.816
2026-06-30T18:38:25.137947+02:00;standby;28.4;39.5;5.0;28.0;57.9;57.0;0;0;0;0;16333.33;11280.08;5053.25;32426.816
2026-06-30T18:39:25.770946+02:00;standby;28.4;39.4;5.0;28.0;57.9;57.0;0;0;0;0;16333.33;11280.08;5053.25;32426.816
2026-06-30T18:40:26.484766+02:00;standby;28.4;39.4;5.0;28.0;57.9;57.0;0;0;0;0;16333.33;11280.08;5053.25;32426.816
2026-06-30T18:41:27.151355+02:00;standby;28.4;39.3;5.0;28.0;57.9;57.0;0;0;0;0;16333.33;11280.08;5053.25;32426.816
2026-06-30T18:42:27.632308+02:00;standby;28.4;39.3;5.0;28.0;57.8;57.0;0;0;0;0;16333.33;11280.08;5053.25;32426.816
2026-06-30T18:43:28.166012+02:00;standby;28.4;39.3;5.0;28.0;57.8;57.0;0;0;0;0;16333.33;11280.08;5053.25;32426.816
2026-06-30T18:44:28.880184+02:00;standby;28.4;39.1;5.0;28.0;57.8;57.0;0;0;0;0;16333.33;11280.08;5053.25;32426.816
2026-06-30T18:45:29.445375+02:00;standby;28.4;39.1;5.0;28.0;57.8;57.0;0;0;0;0;16333.33;11280.08;5053.25;32426.816
2026-06-30T18:46:29.861943+02:00;standby;28.4;39.0;5.0;28.0;57.8;57.0;0;0;0;0;16333.33;11280.08;5053.25;32426.816
2026-06-30T18:47:30.448573+02:00;standby;28.4;39.0;5.0;28.0;57.8;57.0;0;0;0;0;16333.33;11280.08;5053.25;32426.816
2026-06-30T18:48:31.174871+02:00;standby;28.4;39.0;5.0;28.0;57.8;57.0;0;0;0;0;16333.33;11280.08;5053.25;32426.816
2026-06-30T18:49:31.727625+02:00;standby;28.4;38.9;5.0;28.0;57.8;57.0;0;0;0;0;16333.33;11280.08;5053.25;32426.816
2026-06-30T18:50:32.334892+02:00;standby;28.4;38.9;5.0;28.0;57.8;57.0;0;0;0;0;16333.33;11280.08;5053.25;32426.816
2026-06-30T18:51:33.228347+02:00;standby;28.4;38.8;5.0;28.0;57.8;57.0;0;0;0;0;16333.33;11280.08;5053.25;32426.816
2026-06-30T18:52:33.762290+02:00;standby;28.4;38.8;5.0;28.0;57.8;57.0;0;0;0;0;16333.33;11280.08;5053.25;32426.816
2026-06-30T18:53:34.577861+02:00;standby;28.4;38.8;5.0;28.0;57.8;57.0;0;0;0;0;16333.33;11280.08;5053.25;32426.816
2026-06-30T18:54:35.328245+02:00;standby;28.4;38.6;5.0;28.0;57.8;57.0;0;0;0;0;16333.33;11280.08;5053.25;32426.816
2026-06-30T18:55:35.829586+02:00;standby;28.4;38.6;5.0;28.0;57.8;57.0;0;0;0;0;16333.33;11280.08;5053.25;32426.816
2026-06-30T18:56:36.438444+02:00;standby;28.4;38.6;5.0;28.0;57.7;57.0;0;0;0;0;16333.33;11280.08;5053.25;32426.816
2026-06-30T18:57:37.098813+02:00;standby;28.4;38.5;5.0;28.0;57.7;57.0;0;0;0;0;16333.33;11280.08;5053.25;32426.816
2026-06-30T18:58:37.700363+02:00;standby;28.4;38.5;5.0;28.0;57.7;57.0;0;0;0;0;16333.33;11280.08;5053.25;32426.816
2026-06-30T18:59:38.285101+02:00;standby;28.4;38.4;5.0;28.0;57.7;57.0;0;0;0;0;16333.33;11280.08;5053.25;32426.816
2026-06-30T19:00:38.871566+02:00;standby;28.4;38.4;5.0;28.0;57.7;57.0;0;0;0;0;16333.33;11280.08;5053.25;32426.816
2026-06-30T19:01:40.350277+02:00;standby;28.4;38.4;5.0;28.0;57.7;57.0;0;0;0;0;16333.33;11280.08;5053.25;32426.816
2026-06-30T19:02:40.890055+02:00;standby;28.4;38.3;5.0;28.0;57.7;57.0;0;0;0;0;16333.33;11280.08;5053.25;32426.816
2026-06-30T19:03:41.401300+02:00;standby;28.4;38.3;5.0;28.0;57.7;57.0;0;0;0;0;16333.33;11280.08;5053.25;32426.816
2026-06-30T19:04:41.906635+02:00;standby;28.0;38.1;5.0;28.0;57.7;57.0;0;0;0;0;16333.33;11280.08;5053.25;32426.816
2026-06-30T19:05:42.563622+02:00;standby;28.0;38.1;5.0;28.0;57.7;57.0;0;0;0;0;16333.33;11280.08;5053.25;32426.816
2026-06-30T19:06:43.067198+02:00;standby;28.0;38.1;5.0;28.0;57.7;57.0;0;0;0;0;16333.33;11280.08;5053.25;32426.816
2026-06-30T19:07:43.536997+02:00;standby;28.0;38.0;5.0;28.0;57.7;57.0;0;0;0;0;16333.33;11280.08;5053.25;32426.816
2026-06-30T19:08:44.133942+02:00;standby;28.0;38.0;5.0;28.0;57.7;57.0;0;0;0;0;16333.33;11280.08;5053.25;32426.816
2026-06-30T19:09:44.844303+02:00;standby;28.0;38.0;5.0;28.0;57.7;57.0;0;0;0;0;16333.33;11280.08;5053.25;32426.816
2026-06-30T19:10:45.349475+02:00;standby;28.0;37.9;5.0;28.0;57.6;57.0;0;0;0;0;16333.33;11280.08;5053.25;32426.816
2026-06-30T19:11:45.868999+02:00;standby;28.0;37.9;5.0;28.0;57.6;57.0;0;0;0;0;16333.33;11280.08;5053.25;32426.816
2026-06-30T19:12:47.239712+02:00;standby;28.0;37.9;5.0;28.0;57.6;57.0;0;0;0;0;16333.33;11280.08;5053.25;32426.816
