ts;mode;outdoor_temp;flow_temp;flow_set_temp;target_flow_temp;dhw_temp;dhw_set_temp;burner_active;burner_power;pump_active;pump_modulation;energy_total_kwh;energy_heat_kwh;energy_dhw_kwh;gas_display_m3
2026-06-15T00:00:48.820042+02:00;standby;19.3;27.9;5.0;25.0;52.2;10.0;0;0;0;0;16259.54;11280.08;4979.47;32419.545
2026-06-15T00:01:49.408603+02:00;standby;19.3;28.0;5.0;25.0;52.2;10.0;0;0;0;0;16259.54;11280.08;4979.47;32419.545
2026-06-15T00:02:50.020466+02:00;standby;19.3;28.0;5.0;25.0;52.2;10.0;0;0;0;0;16259.54;11280.08;4979.47;32419.545
2026-06-15T00:03:50.744201+02:00;standby;19.3;27.9;5.0;25.0;52.2;10.0;0;0;0;0;16259.54;11280.08;4979.47;32419.545
2026-06-15T00:04:51.578294+02:00;standby;19.3;27.9;5.0;25.0;52.2;10.0;0;0;0;0;16259.54;11280.08;4979.47;32419.545
2026-06-15T00:05:52.130266+02:00;standby;19.3;27.9;5.0;25.0;52.1;10.0;0;0;0;0;16259.54;11280.08;4979.47;32419.545
2026-06-15T00:06:52.632314+02:00;standby;19.3;27.9;5.0;25.0;52.2;10.0;0;0;0;0;16259.54;11280.08;4979.47;32419.545
2026-06-15T00:07:53.219547+02:00;standby;19.3;27.9;5.0;25.0;52.1;10.0;0;0;0;0;16259.54;11280.08;4979.47;32419.545
2026-06-15T00:08:54.720385+02:00;standby;19.3;27.9;5.0;25.0;52.1;10.0;0;0;0;0;16259.54;11280.08;4979.47;32419.545
2026-06-15T00:09:55.299311+02:00;standby;19.3;27.9;5.0;25.0;52.1;10.0;0;0;0;0;16259.54;11280.08;4979.47;32419.545
2026-06-15T00:10:55.807073+02:00;standby;19.3;27.9;5.0;25.0;52.1;10.0;0;0;0;0;16259.54;11280.08;4979.47;32419.545
2026-06-15T00:11:56.373416+02:00;standby;19.3;27.9;5.0;25.0;52.1;10.0;0;0;0;0;16259.54;11280.08;4979.47;32419.545
2026-06-15T00:12:57.058936+02:00;standby;19.3;27.9;5.0;25.0;52.1;10.0;0;0;0;0;16259.54;11280.08;4979.47;32419.545
2026-06-15T00:13:58.023276+02:00;standby;19.3;27.9;5.0;25.0;52.1;10.0;0;0;0;0;16259.54;11280.08;4979.47;32419.545
2026-06-15T00:14:58.517936+02:00;standby;19.3;27.9;5.0;25.0;52.1;10.0;0;0;0;0;16259.54;11280.08;4979.47;32419.545
2026-06-15T00:15:59.155723+02:00;standby;19.3;27.9;5.0;25.0;52.0;10.0;0;0;0;0;16259.54;11280.08;4979.47;32419.545
2026-06-15T00:16:59.675295+02:00;standby;19.3;27.9;5.0;25.0;52.0;10.0;0;0;0;0;16259.54;11280.08;4979.47;32419.545
2026-06-15T00:18:00.190006+02:00;standby;19.3;27.7;5.0;25.0;52.0;10.0;0;0;0;0;16259.54;11280.08;4979.47;32419.545
2026-06-15T00:19:01.308803+02:00;standby;19.3;27.7;5.0;25.0;52.0;10.0;0;0;0;0;16259.54;11280.08;4979.47;32419.545
2026-06-15T00:20:01.826026+02:00;standby;19.3;27.7;5.0;25.0;52.0;10.0;0;0;0;0;16259.54;11280.08;4979.47;32419.545
2026-06-15T00:21:02.358883+02:00;standby;19.3;27.7;5.0;25.0;52.0;10.0;0;0;0;0;16259.54;11280.08;4979.47;32419.545
2026-06-15T00:22:02.892574+02:00;standby;19.3;27.7;5.0;25.0;52.0;10.0;0;0;0;0;16259.54;11280.08;4979.47;32419.545
2026-06-15T00:23:03.611488+02:00;standby;19.3;27.7;5.0;25.0;52.0;10.0;0;0;0;0;16259.54;11280.08;4979.47;32419.545
2026-06-15T00:24:04.237130+02:00;standby;19.3;27.7;5.0;25.0;52.0;10.0;0;0;0;0;16259.54;11280.08;4979.47;32419.545
2026-06-15T00:25:04.714087+02:00;standby;19.3;27.7;5.0;25.0;51.9;10.0;0;0;0;0;16259.54;11280.08;4979.47;32419.545
2026-06-15T00:26:05.439307+02:00;standby;19.3;27.7;5.0;25.0;51.9;10.0;0;0;0;0;16259.54;11280.08;4979.47;32419.545
2026-06-15T00:27:06.212509+02:00;standby;19.3;27.7;5.0;25.0;51.9;10.0;0;0;0;0;16259.54;11280.08;4979.47;32419.545
2026-06-15T00:28:06.703039+02:00;standby;19.3;27.7;5.0;25.0;51.9;10.0;0;0;0;0;16259.54;11280.08;4979.47;32419.545
2026-06-15T00:29:07.232583+02:00;standby;19.3;27.7;5.0;25.0;51.9;10.0;0;0;0;0;16259.54;11280.08;4979.47;32419.545
2026-06-15T00:30:07.876515+02:00;standby;19.3;27.7;5.0;25.0;51.9;10.0;0;0;0;0;16259.54;11280.08;4979.47;32419.545
2026-06-15T00:31:08.342509+02:00;standby;19.3;27.7;5.0;25.0;51.9;10.0;0;0;0;0;16259.54;11280.08;4979.47;32419.545
2026-06-15T00:32:08.870601+02:00;standby;19.3;27.7;5.0;25.0;51.9;10.0;0;0;0;0;16259.54;11280.08;4979.47;32419.545
2026-06-15T00:33:09.485528+02:00;standby;19.3;27.7;5.0;25.0;51.8;10.0;0;0;0;0;16259.54;11280.08;4979.47;32419.545
2026-06-15T00:34:10.121505+02:00;standby;19.3;27.7;5.0;25.0;51.8;10.0;0;0;0;0;16259.54;11280.08;4979.47;32419.545
2026-06-15T00:35:11.584166+02:00;standby;19.3;27.6;5.0;25.0;51.8;10.0;0;0;0;0;16259.54;11280.08;4979.47;32419.545
2026-06-15T00:36:12.213377+02:00;standby;19.3;27.6;5.0;25.0;51.8;10.0;0;0;0;0;16259.54;11280.08;4979.47;32419.545
2026-06-15T00:37:12.716762+02:00;standby;19.3;27.6;5.0;25.0;51.8;10.0;0;0;0;0;16259.54;11280.08;4979.47;32419.545
2026-06-15T00:38:13.243994+02:00;standby;19.3;27.6;5.0;25.0;51.8;10.0;0;0;0;0;16259.54;11280.08;4979.47;32419.545
2026-06-15T00:39:13.842512+02:00;standby;19.3;27.6;5.0;25.0;51.8;10.0;0;0;0;0;16259.54;11280.08;4979.47;32419.545
2026-06-15T00:40:14.392901+02:00;standby;19.3;27.6;5.0;25.0;51.8;10.0;0;0;0;0;16259.54;11280.08;4979.47;32419.545
2026-06-15T00:41:14.912099+02:00;standby;19.3;27.6;5.0;25.0;51.8;10.0;0;0;0;0;16259.54;11280.08;4979.47;32419.545
2026-06-15T00:42:15.418842+02:00;standby;19.3;27.6;5.0;25.0;51.7;10.0;0;0;0;0;16259.54;11280.08;4979.47;32419.545
2026-06-15T00:43:16.020013+02:00;standby;19.3;27.6;5.0;25.0;51.7;10.0;0;0;0;0;16259.54;11280.08;4979.47;32419.545
2026-06-15T00:44:16.874435+02:00;standby;19.3;27.6;5.0;25.0;51.7;10.0;0;0;0;0;16259.54;11280.08;4979.47;32419.545
2026-06-15T00:45:17.422839+02:00;standby;19.3;27.6;5.0;25.0;51.7;10.0;0;0;0;0;16259.54;11280.08;4979.47;32419.545
2026-06-15T00:46:17.916815+02:00;standby;19.3;27.6;5.0;25.0;51.7;10.0;0;0;0;0;16259.54;11280.08;4979.47;32419.545
2026-06-15T00:47:18.703563+02:00;standby;19.3;27.6;5.0;25.0;51.7;10.0;0;0;0;0;16259.54;11280.08;4979.47;32419.545
2026-06-15T00:48:19.529840+02:00;standby;19.3;27.6;5.0;25.0;51.7;10.0;0;0;0;0;16259.54;11280.08;4979.47;32419.545
2026-06-15T00:49:20.080118+02:00;standby;19.3;27.6;5.0;25.0;51.7;10.0;0;0;0;0;16259.54;11280.08;4979.47;32419.545
2026-06-15T00:50:20.828392+02:00;standby;19.3;27.6;5.0;25.0;51.7;10.0;0;0;0;0;16259.54;11280.08;4979.47;32419.545
2026-06-15T00:51:21.408617+02:00;standby;19.3;27.5;5.0;25.0;51.6;10.0;0;0;0;0;16259.54;11280.08;4979.47;32419.545
2026-06-15T00:52:21.923211+02:00;standby;19.3;27.5;5.0;25.0;51.6;10.0;0;0;0;0;16259.54;11280.08;4979.47;32419.545
2026-06-15T00:53:22.522092+02:00;standby;19.3;27.5;5.0;25.0;51.6;10.0;0;0;0;0;16259.54;11280.08;4979.47;32419.545
2026-06-15T00:54:23.050971+02:00;standby;18.5;27.5;5.0;25.0;51.6;10.0;0;0;0;0;16259.54;11280.08;4979.47;32419.545
2026-06-15T00:55:23.626857+02:00;standby;18.5;27.5;5.0;25.0;51.6;10.0;0;0;0;0;16259.54;11280.08;4979.47;32419.545
2026-06-15T00:56:24.201984+02:00;standby;18.5;27.5;5.0;25.0;51.6;10.0;0;0;0;0;16259.54;11280.08;4979.47;32419.545
2026-06-15T00:57:24.735253+02:00;standby;18.5;27.5;5.0;25.0;51.6;10.0;0;0;0;0;16259.54;11280.08;4979.47;32419.545
2026-06-15T00:58:25.261474+02:00;standby;18.5;27.5;5.0;25.0;51.6;10.0;0;0;0;0;16259.54;11280.08;4979.47;32419.545
2026-06-15T00:59:25.858261+02:00;standby;18.5;27.5;5.0;25.0;51.6;10.0;0;0;0;0;16259.54;11280.08;4979.47;32419.545
2026-06-15T01:00:26.408779+02:00;standby;18.5;27.5;5.0;25.0;51.5;10.0;0;0;0;0;16259.54;11280.08;4979.47;32419.545
2026-06-15T01:01:26.936621+02:00;standby;18.5;27.5;5.0;25.0;51.5;10.0;0;0;0;0;16259.54;11280.08;4979.47;32419.545
2026-06-15T01:02:27.738580+02:00;standby;18.5;27.5;5.0;25.0;51.5;10.0;0;0;0;0;16259.54;11280.08;4979.47;32419.545
2026-06-15T01:03:28.277136+02:00;standby;18.5;27.5;5.0;25.0;51.5;10.0;0;0;0;0;16259.54;11280.08;4979.47;32419.545
2026-06-15T01:04:28.906458+02:00;standby;18.5;27.3;5.0;25.0;51.5;10.0;0;0;0;0;16259.54;11280.08;4979.47;32419.545
2026-06-15T01:05:29.486585+02:00;standby;18.5;27.5;5.0;25.0;51.5;10.0;0;0;0;0;16259.54;11280.08;4979.47;32419.545
2026-06-15T01:06:30.041747+02:00;standby;18.5;27.5;5.0;25.0;51.5;10.0;0;0;0;0;16259.54;11280.08;4979.47;32419.545
2026-06-15T01:07:30.563256+02:00;standby;18.5;27.3;5.0;25.0;51.5;10.0;0;0;0;0;16259.54;11280.08;4979.47;32419.545
2026-06-15T01:08:31.270448+02:00;standby;18.5;27.5;5.0;25.0;51.5;10.0;0;0;0;0;16259.54;11280.08;4979.47;32419.545
2026-06-15T01:09:32.019033+02:00;standby;18.5;27.5;5.0;25.0;51.4;10.0;0;0;0;0;16259.54;11280.08;4979.47;32419.545
2026-06-15T01:10:32.590305+02:00;standby;18.5;27.3;5.0;25.0;51.5;10.0;0;0;0;0;16259.54;11280.08;4979.47;32419.545
2026-06-15T01:11:33.136402+02:00;standby;18.5;27.3;5.0;25.0;51.4;10.0;0;0;0;0;16259.54;11280.08;4979.47;32419.545
2026-06-15T01:12:33.872018+02:00;standby;18.5;27.3;5.0;25.0;51.4;10.0;0;0;0;0;16259.54;11280.08;4979.47;32419.545
2026-06-15T01:13:34.400354+02:00;standby;18.5;27.3;5.0;25.0;51.4;10.0;0;0;0;0;16259.54;11280.08;4979.47;32419.545
2026-06-15T01:14:34.912066+02:00;standby;18.5;27.3;5.0;25.0;51.4;10.0;0;0;0;0;16259.54;11280.08;4979.47;32419.545
2026-06-15T01:15:35.431945+02:00;standby;18.5;27.3;5.0;25.0;51.4;10.0;0;0;0;0;16259.54;11280.08;4979.47;32419.545
2026-06-15T01:16:36.353028+02:00;standby;18.5;27.3;5.0;25.0;51.4;10.0;0;0;0;0;16259.54;11280.08;4979.47;32419.545
2026-06-15T01:17:36.878121+02:00;standby;18.5;27.3;5.0;25.0;51.4;10.0;0;0;0;0;16259.54;11280.08;4979.47;32419.545
2026-06-15T01:18:37.562530+02:00;standby;18.5;27.3;5.0;25.0;51.3;10.0;0;0;0;0;16259.54;11280.08;4979.47;32419.545
2026-06-15T01:19:38.121744+02:00;standby;18.5;27.3;5.0;25.0;51.3;10.0;0;0;0;0;16259.54;11280.08;4979.47;32419.545
2026-06-15T01:20:38.663090+02:00;standby;18.5;27.3;5.0;25.0;51.3;10.0;0;0;0;0;16259.54;11280.08;4979.47;32419.545
2026-06-15T01:21:39.244923+02:00;standby;18.5;27.3;5.0;25.0;51.3;10.0;0;0;0;0;16259.54;11280.08;4979.47;32419.545
2026-06-15T01:22:39.785047+02:00;standby;18.5;27.3;5.0;25.0;51.3;10.0;0;0;0;0;16259.54;11280.08;4979.47;32419.545
2026-06-15T01:23:40.402861+02:00;standby;18.5;27.3;5.0;25.0;51.3;10.0;0;0;0;0;16259.54;11280.08;4979.47;32419.545
2026-06-15T01:24:40.991339+02:00;standby;18.5;27.3;5.0;25.0;51.3;10.0;0;0;0;0;16259.54;11280.08;4979.47;32419.545
2026-06-15T01:25:41.521342+02:00;standby;18.5;27.3;5.0;25.0;51.3;10.0;0;0;0;0;16259.54;11280.08;4979.47;32419.545
2026-06-15T01:26:42.063242+02:00;standby;18.5;27.3;5.0;25.0;51.3;10.0;0;0;0;0;16259.54;11280.08;4979.47;32419.545
2026-06-15T01:27:42.735327+02:00;standby;18.5;27.3;5.0;25.0;51.3;10.0;0;0;0;0;16259.54;11280.08;4979.47;32419.545
2026-06-15T01:28:43.398834+02:00;standby;18.5;27.3;5.0;25.0;51.3;10.0;0;0;0;0;16259.54;11280.08;4979.47;32419.545
2026-06-15T01:29:44.011926+02:00;standby;18.5;27.2;5.0;25.0;51.2;10.0;0;0;0;0;16259.54;11280.08;4979.47;32419.545
2026-06-15T01:30:44.631608+02:00;standby;18.5;27.2;5.0;25.0;51.2;10.0;0;0;0;0;16259.54;11280.08;4979.47;32419.545
2026-06-15T01:31:45.594601+02:00;standby;18.5;27.2;5.0;25.0;51.2;10.0;0;0;0;0;16259.54;11280.08;4979.47;32419.545
2026-06-15T01:32:46.123182+02:00;standby;18.5;27.2;5.0;25.0;51.2;10.0;0;0;0;0;16259.54;11280.08;4979.47;32419.545
2026-06-15T01:33:46.689213+02:00;standby;18.5;27.2;5.0;25.0;51.2;10.0;0;0;0;0;16259.54;11280.08;4979.47;32419.545
2026-06-15T01:34:47.233030+02:00;standby;18.5;27.2;5.0;25.0;51.2;10.0;0;0;0;0;16259.54;11280.08;4979.47;32419.545
2026-06-15T01:35:47.782952+02:00;standby;18.5;27.2;5.0;25.0;51.2;10.0;0;0;0;0;16259.54;11280.08;4979.47;32419.545
2026-06-15T01:36:48.280373+02:00;standby;18.5;27.2;5.0;25.0;51.2;10.0;0;0;0;0;16259.54;11280.08;4979.47;32419.545
2026-06-15T01:37:49.537098+02:00;standby;18.5;27.2;5.0;25.0;51.1;10.0;0;0;0;0;16259.54;11280.08;4979.47;32419.545
2026-06-15T01:38:50.112592+02:00;standby;18.5;27.2;5.0;25.0;51.1;10.0;0;0;0;0;16259.54;11280.08;4979.47;32419.545
2026-06-15T01:39:50.660112+02:00;standby;18.5;27.2;5.0;25.0;51.1;10.0;0;0;0;0;16259.54;11280.08;4979.47;32419.545
2026-06-15T01:40:51.185774+02:00;standby;18.5;27.2;5.0;25.0;51.1;10.0;0;0;0;0;16259.54;11280.08;4979.47;32419.545
2026-06-15T01:41:52.186212+02:00;standby;18.5;27.2;5.0;25.0;51.1;10.0;0;0;0;0;16259.54;11280.08;4979.47;32419.545
2026-06-15T01:42:52.729432+02:00;standby;18.5;27.2;5.0;25.0;51.1;10.0;0;0;0;0;16259.54;11280.08;4979.47;32419.545
2026-06-15T01:43:53.318778+02:00;standby;18.5;27.0;5.0;25.0;51.1;10.0;0;0;0;0;16259.54;11280.08;4979.47;32419.545
2026-06-15T01:44:53.972123+02:00;standby;18.5;27.2;5.0;25.0;51.1;10.0;0;0;0;0;16259.54;11280.08;4979.47;32419.545
2026-06-15T01:45:54.491660+02:00;standby;18.5;27.2;5.0;25.0;51.1;10.0;0;0;0;0;16259.54;11280.08;4979.47;32419.545
2026-06-15T01:46:55.094807+02:00;standby;18.5;27.2;5.0;25.0;51.1;10.0;0;0;0;0;16259.54;11280.08;4979.47;32419.545
2026-06-15T01:47:55.646091+02:00;standby;18.5;27.2;5.0;25.0;50.9;10.0;0;0;0;0;16259.54;11280.08;4979.47;32419.545
2026-06-15T01:48:56.174438+02:00;standby;18.5;27.2;5.0;25.0;50.9;10.0;0;0;0;0;16259.54;11280.08;4979.47;32419.545
2026-06-15T01:49:57.396185+02:00;standby;18.5;27.0;5.0;25.0;50.9;10.0;0;0;0;0;16259.54;11280.08;4979.47;32419.545
2026-06-15T01:50:57.979989+02:00;standby;18.5;27.0;5.0;25.0;50.9;10.0;0;0;0;0;16259.54;11280.08;4979.47;32419.545
2026-06-15T01:51:58.621714+02:00;standby;18.5;27.0;5.0;25.0;50.9;10.0;0;0;0;0;16259.54;11280.08;4979.47;32419.545
2026-06-15T01:52:59.550599+02:00;standby;18.5;27.0;5.0;25.0;50.9;10.0;0;0;0;0;16259.54;11280.08;4979.47;32419.545
2026-06-15T01:54:00.166640+02:00;standby;18.5;27.0;5.0;25.0;50.9;10.0;0;0;0;0;16259.54;11280.08;4979.47;32419.545
2026-06-15T01:55:00.698773+02:00;standby;17.9;27.0;5.0;25.0;50.9;10.0;0;0;0;0;16259.54;11280.08;4979.47;32419.545
2026-06-15T01:56:01.424907+02:00;standby;17.9;27.0;5.0;25.0;50.8;10.0;0;0;0;0;16259.54;11280.08;4979.47;32419.545
2026-06-15T01:57:01.930655+02:00;standby;17.9;27.0;5.0;25.0;50.8;10.0;0;0;0;0;16259.54;11280.08;4979.47;32419.545
2026-06-15T01:58:02.462163+02:00;standby;17.9;27.0;5.0;25.0;50.8;10.0;0;0;0;0;16259.54;11280.08;4979.47;32419.545
2026-06-15T01:59:02.954401+02:00;standby;17.9;27.0;5.0;25.0;50.8;10.0;0;0;0;0;16259.54;11280.08;4979.47;32419.545
2026-06-15T02:00:03.669387+02:00;standby;17.9;27.0;5.0;25.0;50.8;10.0;0;0;0;0;16259.54;11280.08;4979.47;32419.545
2026-06-15T02:01:04.220871+02:00;standby;17.9;27.0;5.0;25.0;50.8;10.0;0;0;0;0;16259.54;11280.08;4979.47;32419.545
2026-06-15T02:02:04.825533+02:00;standby;17.9;27.0;5.0;25.0;50.8;10.0;0;0;0;0;16259.54;11280.08;4979.47;32419.545
2026-06-15T02:03:05.560065+02:00;standby;17.9;27.0;5.0;25.0;50.8;10.0;0;0;0;0;16259.54;11280.08;4979.47;32419.545
2026-06-15T02:04:06.376003+02:00;standby;17.9;27.0;5.0;25.0;50.8;10.0;0;0;0;0;16259.54;11280.08;4979.47;32419.545
2026-06-15T02:05:06.988575+02:00;standby;17.9;27.0;5.0;25.0;50.8;10.0;0;0;0;0;16259.54;11280.08;4979.47;32419.545
2026-06-15T02:06:07.836468+02:00;standby;17.9;27.0;5.0;25.0;50.8;10.0;0;0;0;0;16259.54;11280.08;4979.47;32419.545
2026-06-15T02:07:08.481844+02:00;standby;17.9;27.0;5.0;25.0;50.7;10.0;0;0;0;0;16259.54;11280.08;4979.47;32419.545
2026-06-15T02:08:09.073089+02:00;standby;17.9;27.0;5.0;25.0;50.7;10.0;0;0;0;0;16259.54;11280.08;4979.47;32419.545
2026-06-15T02:09:10.136578+02:00;standby;17.9;27.0;5.0;25.0;50.7;10.0;0;0;0;0;16259.54;11280.08;4979.47;32419.545
2026-06-15T02:10:10.719800+02:00;standby;17.9;27.0;5.0;25.0;50.7;10.0;0;0;0;0;16259.54;11280.08;4979.47;32419.545
2026-06-15T02:11:11.266511+02:00;standby;17.9;26.9;5.0;25.0;50.7;10.0;0;0;0;0;16259.54;11280.08;4979.47;32419.545
2026-06-15T02:12:11.780000+02:00;standby;17.9;27.0;5.0;25.0;50.7;10.0;0;0;0;0;16259.54;11280.08;4979.47;32419.545
2026-06-15T02:13:12.496782+02:00;standby;17.9;26.9;5.0;25.0;50.7;10.0;0;0;0;0;16259.54;11280.08;4979.47;32419.545
2026-06-15T02:14:13.236476+02:00;standby;17.9;26.9;5.0;25.0;50.7;10.0;0;0;0;0;16259.54;11280.08;4979.47;32419.545
2026-06-15T02:15:13.756906+02:00;standby;17.9;27.0;5.0;25.0;50.6;10.0;0;0;0;0;16259.54;11280.08;4979.47;32419.545
2026-06-15T02:16:14.265879+02:00;standby;17.9;26.9;5.0;25.0;50.6;10.0;0;0;0;0;16259.54;11280.08;4979.47;32419.545
2026-06-15T02:17:14.904353+02:00;standby;17.9;26.9;5.0;25.0;50.6;10.0;0;0;0;0;16259.54;11280.08;4979.47;32419.545
2026-06-15T02:18:15.413153+02:00;standby;17.9;26.9;5.0;25.0;50.6;10.0;0;0;0;0;16259.54;11280.08;4979.47;32419.545
2026-06-15T02:19:16.033577+02:00;standby;17.9;26.9;5.0;25.0;50.6;10.0;0;0;0;0;16259.54;11280.08;4979.47;32419.545
2026-06-15T02:20:16.759333+02:00;standby;17.9;26.9;5.0;25.0;50.6;10.0;0;0;0;0;16259.54;11280.08;4979.47;32419.545
2026-06-15T02:21:18.214497+02:00;standby;17.9;26.9;5.0;25.0;50.6;10.0;0;0;0;0;16259.54;11280.08;4979.47;32419.545
2026-06-15T02:22:18.689863+02:00;standby;17.9;26.9;5.0;25.0;50.6;10.0;0;0;0;0;16259.54;11280.08;4979.47;32419.545
2026-06-15T02:23:19.244654+02:00;standby;17.9;26.9;5.0;25.0;50.6;10.0;0;0;0;0;16259.54;11280.08;4979.47;32419.545
2026-06-15T02:24:19.963240+02:00;standby;17.9;26.9;5.0;25.0;50.6;10.0;0;0;0;0;16259.54;11280.08;4979.47;32419.545
2026-06-15T02:25:20.588484+02:00;standby;17.9;26.9;5.0;25.0;50.6;10.0;0;0;0;0;16259.54;11280.08;4979.47;32419.545
2026-06-15T02:26:21.114878+02:00;standby;17.9;26.9;5.0;25.0;50.5;10.0;0;0;0;0;16259.54;11280.08;4979.47;32419.545
2026-06-15T02:27:21.684697+02:00;standby;17.9;26.9;5.0;25.0;50.5;10.0;0;0;0;0;16259.54;11280.08;4979.47;32419.545
2026-06-15T02:28:22.314000+02:00;standby;17.9;26.9;5.0;25.0;50.5;10.0;0;0;0;0;16259.54;11280.08;4979.47;32419.545
2026-06-15T02:29:22.975025+02:00;standby;17.9;26.9;5.0;25.0;50.5;10.0;0;0;0;0;16259.54;11280.08;4979.47;32419.545
2026-06-15T02:30:23.759818+02:00;standby;17.9;26.9;5.0;25.0;50.5;10.0;0;0;0;0;16259.54;11280.08;4979.47;32419.545
2026-06-15T02:31:25.039055+02:00;standby;17.9;26.9;5.0;25.0;50.5;10.0;0;0;0;0;16259.54;11280.08;4979.47;32419.545
2026-06-15T02:32:25.713190+02:00;standby;17.9;26.9;5.0;25.0;50.5;10.0;0;0;0;0;16259.54;11280.08;4979.47;32419.545
2026-06-15T02:33:26.277745+02:00;standby;17.9;26.9;5.0;25.0;50.5;10.0;0;0;0;0;16259.54;11280.08;4979.47;32419.545
2026-06-15T02:34:26.791746+02:00;standby;17.9;26.8;5.0;25.0;50.5;10.0;0;0;0;0;16259.54;11280.08;4979.47;32419.545
2026-06-15T02:35:28.644477+02:00;standby;17.9;26.8;5.0;25.0;50.4;10.0;0;0;0;0;16259.54;11280.08;4979.47;32419.545
2026-06-15T02:36:29.163888+02:00;standby;17.9;26.9;5.0;25.0;50.4;10.0;0;0;0;0;16259.54;11280.08;4979.47;32419.545
2026-06-15T02:37:29.757353+02:00;standby;17.9;26.8;5.0;25.0;50.4;10.0;0;0;0;0;16259.54;11280.08;4979.47;32419.545
2026-06-15T02:38:30.677258+02:00;standby;17.9;26.8;5.0;25.0;50.4;10.0;0;0;0;0;16259.54;11280.08;4979.47;32419.545
2026-06-15T02:39:31.214690+02:00;standby;17.9;26.8;5.0;25.0;50.4;10.0;0;0;0;0;16259.54;11280.08;4979.47;32419.545
2026-06-15T02:40:31.730310+02:00;standby;17.9;26.8;5.0;25.0;50.4;10.0;0;0;0;0;16259.54;11280.08;4979.47;32419.545
2026-06-15T02:41:32.280974+02:00;standby;17.9;26.8;5.0;25.0;50.4;10.0;0;0;0;0;16259.54;11280.08;4979.47;32419.545
2026-06-15T02:42:32.850302+02:00;standby;17.9;26.8;5.0;25.0;50.4;10.0;0;0;0;0;16259.54;11280.08;4979.47;32419.545
2026-06-15T02:43:33.406415+02:00;standby;17.9;26.8;5.0;25.0;50.4;10.0;0;0;0;0;16259.54;11280.08;4979.47;32419.545
2026-06-15T02:44:34.006942+02:00;standby;17.9;26.8;5.0;25.0;50.3;10.0;0;0;0;0;16259.54;11280.08;4979.47;32419.545
2026-06-15T02:45:34.537210+02:00;standby;17.9;26.8;5.0;25.0;50.3;10.0;0;0;0;0;16259.54;11280.08;4979.47;32419.545
2026-06-15T02:46:35.148101+02:00;standby;17.9;26.8;5.0;25.0;50.3;10.0;0;0;0;0;16259.54;11280.08;4979.47;32419.545
2026-06-15T02:47:35.694953+02:00;standby;17.9;26.8;5.0;25.0;50.3;10.0;0;0;0;0;16259.54;11280.08;4979.47;32419.545
2026-06-15T02:48:36.197645+02:00;standby;17.9;26.8;5.0;25.0;50.3;10.0;0;0;0;0;16259.54;11280.08;4979.47;32419.545
2026-06-15T02:49:36.833213+02:00;standby;17.9;26.8;5.0;25.0;50.3;10.0;0;0;0;0;16259.54;11280.08;4979.47;32419.545
2026-06-15T02:50:37.357102+02:00;standby;17.9;26.8;5.0;25.0;50.3;10.0;0;0;0;0;16259.54;11280.08;4979.47;32419.545
2026-06-15T02:51:37.885813+02:00;standby;17.9;26.8;5.0;25.0;50.3;10.0;0;0;0;0;16259.54;11280.08;4979.47;32419.545
2026-06-15T02:52:38.466715+02:00;standby;17.9;26.8;5.0;25.0;50.3;10.0;0;0;0;0;16259.54;11280.08;4979.47;32419.545
2026-06-15T02:53:38.986246+02:00;standby;17.9;26.8;5.0;25.0;50.3;10.0;0;0;0;0;16259.54;11280.08;4979.47;32419.545
2026-06-15T02:54:39.592858+02:00;standby;17.9;26.8;5.0;25.0;50.2;10.0;0;0;0;0;16259.54;11280.08;4979.47;32419.545
2026-06-15T02:55:40.133307+02:00;standby;17.1;26.8;5.0;25.0;50.2;10.0;0;0;0;0;16259.54;11280.08;4979.47;32419.545
2026-06-15T02:56:40.869709+02:00;standby;17.1;26.8;5.0;25.0;50.2;10.0;0;0;0;0;16259.54;11280.08;4979.47;32419.545
2026-06-15T02:57:41.488294+02:00;standby;17.1;26.8;5.0;25.0;50.2;10.0;0;0;0;0;16259.54;11280.08;4979.47;32419.545
2026-06-15T02:58:42.017922+02:00;standby;17.1;26.8;5.0;25.0;50.2;10.0;0;0;0;0;16259.54;11280.08;4979.47;32419.545
2026-06-15T02:59:42.509802+02:00;standby;17.1;26.8;5.0;25.0;50.2;10.0;0;0;0;0;16259.54;11280.08;4979.47;32419.545
2026-06-15T03:00:43.060966+02:00;standby;17.1;26.8;5.0;25.0;50.2;10.0;0;0;0;0;16259.54;11280.08;4979.47;32419.545
2026-06-15T03:01:43.786147+02:00;standby;17.1;26.8;5.0;25.0;50.2;10.0;0;0;0;0;16259.54;11280.08;4979.47;32419.545
2026-06-15T03:02:44.408944+02:00;standby;17.1;26.8;5.0;25.0;50.2;10.0;0;0;0;0;16259.54;11280.08;4979.47;32419.545
2026-06-15T03:03:44.928101+02:00;standby;17.1;26.8;5.0;25.0;50.2;10.0;0;0;0;0;16259.54;11280.08;4979.47;32419.545
2026-06-15T03:04:45.916242+02:00;standby;17.1;26.6;5.0;25.0;50.2;10.0;0;0;0;0;16259.54;11280.08;4979.47;32419.545
2026-06-15T03:05:46.438356+02:00;standby;17.1;26.6;5.0;25.0;50.1;10.0;0;0;0;0;16259.54;11280.08;4979.47;32419.545
2026-06-15T03:06:46.984945+02:00;standby;17.1;26.6;5.0;25.0;50.1;10.0;0;0;0;0;16259.54;11280.08;4979.47;32419.545
2026-06-15T03:07:47.623635+02:00;standby;17.1;26.8;5.0;25.0;50.1;10.0;0;0;0;0;16259.54;11280.08;4979.47;32419.545
2026-06-15T03:08:48.138315+02:00;standby;17.1;26.6;5.0;25.0;50.1;10.0;0;0;0;0;16259.54;11280.08;4979.47;32419.545
2026-06-15T03:09:48.647438+02:00;standby;17.1;26.6;5.0;25.0;50.1;10.0;0;0;0;0;16259.54;11280.08;4979.47;32419.545
2026-06-15T03:10:49.182085+02:00;standby;17.1;26.6;5.0;25.0;50.1;10.0;0;0;0;0;16259.54;11280.08;4979.47;32419.545
2026-06-15T03:11:49.971146+02:00;standby;17.1;26.6;5.0;25.0;50.1;10.0;0;0;0;0;16259.54;11280.08;4979.47;32419.545
2026-06-15T03:12:50.626167+02:00;standby;17.1;26.6;5.0;25.0;50.1;10.0;0;0;0;0;16259.54;11280.08;4979.47;32419.545
2026-06-15T03:13:51.454619+02:00;standby;17.1;26.6;5.0;25.0;50.1;10.0;0;0;0;0;16259.54;11280.08;4979.47;32419.545
2026-06-15T03:14:52.483336+02:00;standby;17.1;26.6;5.0;25.0;50.1;10.0;0;0;0;0;16259.54;11280.08;4979.47;32419.545
2026-06-15T03:15:53.189791+02:00;standby;17.1;26.6;5.0;25.0;50.0;10.0;0;0;0;0;16259.54;11280.08;4979.47;32419.545
2026-06-15T03:16:53.799786+02:00;standby;17.1;26.6;5.0;26.0;50.0;10.0;0;0;0;0;16259.54;11280.08;4979.47;32419.545
2026-06-15T03:17:55.072873+02:00;standby;17.1;26.6;5.0;26.0;50.0;10.0;0;0;0;0;16259.54;11280.08;4979.47;32419.545
2026-06-15T03:18:55.700980+02:00;standby;17.1;26.6;5.0;26.0;50.0;10.0;0;0;0;0;16259.54;11280.08;4979.47;32419.545
2026-06-15T03:19:56.360125+02:00;standby;17.1;26.6;5.0;26.0;50.0;10.0;0;0;0;0;16259.54;11280.08;4979.47;32419.545
2026-06-15T03:20:56.927931+02:00;standby;17.1;26.6;5.0;26.0;50.0;10.0;0;0;0;0;16259.54;11280.08;4979.47;32419.545
2026-06-15T03:21:57.455832+02:00;standby;17.1;26.6;5.0;26.0;50.0;10.0;0;0;0;0;16259.54;11280.08;4979.47;32419.545
2026-06-15T03:22:57.979441+02:00;standby;17.1;26.6;5.0;26.0;50.0;10.0;0;0;0;0;16259.54;11280.08;4979.47;32419.545
2026-06-15T03:23:58.468811+02:00;standby;17.1;26.6;5.0;26.0;50.0;10.0;0;0;0;0;16259.54;11280.08;4979.47;32419.545
2026-06-15T03:24:59.192616+02:00;standby;17.1;26.6;5.0;26.0;50.0;10.0;0;0;0;0;16259.54;11280.08;4979.47;32419.545
2026-06-15T03:25:59.892360+02:00;standby;17.1;26.6;5.0;26.0;50.0;10.0;0;0;0;0;16259.54;11280.08;4979.47;32419.545
2026-06-15T03:27:00.544979+02:00;standby;17.1;26.6;5.0;26.0;49.9;10.0;0;0;0;0;16259.54;11280.08;4979.47;32419.545
2026-06-15T03:28:01.160240+02:00;standby;17.1;26.6;5.0;26.0;49.9;10.0;0;0;0;0;16259.54;11280.08;4979.47;32419.545
2026-06-15T03:29:01.790704+02:00;standby;17.1;26.6;5.0;26.0;49.9;10.0;0;0;0;0;16259.54;11280.08;4979.47;32419.545
2026-06-15T03:30:02.406492+02:00;standby;17.1;26.6;5.0;26.0;49.9;10.0;0;0;0;0;16259.54;11280.08;4979.47;32419.545
2026-06-15T03:31:02.943134+02:00;standby;17.1;26.6;5.0;26.0;49.9;10.0;0;0;0;0;16259.54;11280.08;4979.47;32419.545
2026-06-15T03:32:03.456538+02:00;standby;17.1;26.6;5.0;26.0;49.9;10.0;0;0;0;0;16259.54;11280.08;4979.47;32419.545
2026-06-15T03:33:03.976120+02:00;standby;17.1;26.5;5.0;26.0;49.9;10.0;0;0;0;0;16259.54;11280.08;4979.47;32419.545
2026-06-15T03:34:04.579825+02:00;standby;17.1;26.5;5.0;26.0;49.9;10.0;0;0;0;0;16259.54;11280.08;4979.47;32419.545
2026-06-15T03:35:05.173577+02:00;standby;17.1;26.6;5.0;26.0;49.9;10.0;0;0;0;0;16259.54;11280.08;4979.47;32419.545
2026-06-15T03:36:05.838734+02:00;standby;17.1;26.5;5.0;26.0;49.8;10.0;0;0;0;0;16259.54;11280.08;4979.47;32419.545
2026-06-15T03:37:06.445447+02:00;standby;17.1;26.5;5.0;26.0;49.8;10.0;0;0;0;0;16259.54;11280.08;4979.47;32419.545
2026-06-15T03:38:07.068243+02:00;standby;17.1;26.5;5.0;26.0;49.8;10.0;0;0;0;0;16259.54;11280.08;4979.47;32419.545
2026-06-15T03:39:08.623244+02:00;standby;17.1;26.5;5.0;26.0;49.8;10.0;0;0;0;0;16259.54;11280.08;4979.47;32419.545
2026-06-15T03:40:09.970019+02:00;standby;17.1;26.5;5.0;26.0;49.8;10.0;0;0;0;0;16259.54;11280.08;4979.47;32419.545
2026-06-15T03:41:10.497841+02:00;standby;17.1;26.5;5.0;26.0;49.8;10.0;0;0;0;0;16259.54;11280.08;4979.47;32419.545
2026-06-15T03:42:11.292034+02:00;standby;17.1;26.5;5.0;26.0;49.8;10.0;0;0;0;0;16259.54;11280.08;4979.47;32419.545
2026-06-15T03:43:11.829725+02:00;standby;17.1;26.5;5.0;26.0;49.8;10.0;0;0;0;0;16259.54;11280.08;4979.47;32419.545
2026-06-15T03:44:12.433549+02:00;standby;17.1;26.5;5.0;26.0;49.8;10.0;0;0;0;0;16259.54;11280.08;4979.47;32419.545
2026-06-15T03:45:13.360614+02:00;standby;17.1;26.5;5.0;26.0;49.8;10.0;0;0;0;0;16259.54;11280.08;4979.47;32419.545
2026-06-15T03:46:14.291022+02:00;standby;17.1;26.5;5.0;26.0;49.7;10.0;0;0;0;0;16259.54;11280.08;4979.47;32419.545
2026-06-15T03:47:15.203417+02:00;standby;17.1;26.5;5.0;26.0;49.7;10.0;0;0;0;0;16259.54;11280.08;4979.47;32419.545
2026-06-15T03:48:15.854558+02:00;standby;17.1;26.5;5.0;26.0;49.7;10.0;0;0;0;0;16259.54;11280.08;4979.47;32419.545
2026-06-15T03:49:16.483516+02:00;standby;17.1;26.5;5.0;26.0;49.7;10.0;0;0;0;0;16259.54;11280.08;4979.47;32419.545
2026-06-15T03:50:17.720959+02:00;standby;17.1;26.5;5.0;26.0;49.7;10.0;0;0;0;0;16259.54;11280.08;4979.47;32419.545
2026-06-15T03:51:18.228826+02:00;standby;17.1;26.5;5.0;26.0;49.7;10.0;0;0;0;0;16259.54;11280.08;4979.47;32419.545
2026-06-15T03:52:18.956141+02:00;standby;17.1;26.5;5.0;26.0;49.7;10.0;0;0;0;0;16259.54;11280.08;4979.47;32419.545
2026-06-15T03:53:19.477200+02:00;standby;17.1;26.5;5.0;26.0;49.7;10.0;0;0;0;0;16259.54;11280.08;4979.47;32419.545
2026-06-15T03:54:19.992863+02:00;standby;17.1;26.5;5.0;26.0;49.7;10.0;0;0;0;0;16259.54;11280.08;4979.47;32419.545
2026-06-15T03:55:20.787443+02:00;standby;17.1;26.5;5.0;26.0;49.7;10.0;0;0;0;0;16259.54;11280.08;4979.47;32419.545
2026-06-15T03:56:21.526648+02:00;standby;16.2;26.5;5.0;26.0;49.7;10.0;0;0;0;0;16259.54;11280.08;4979.47;32419.545
2026-06-15T03:57:22.179575+02:00;standby;16.2;26.5;5.0;26.0;49.7;10.0;0;0;0;0;16259.54;11280.08;4979.47;32419.545
2026-06-15T03:58:22.692634+02:00;standby;16.2;26.5;5.0;26.0;49.6;10.0;0;0;0;0;16259.54;11280.08;4979.47;32419.545
2026-06-15T03:59:23.321598+02:00;standby;16.2;26.5;5.0;26.0;49.6;10.0;0;0;0;0;16259.54;11280.08;4979.47;32419.545
2026-06-15T04:00:23.918227+02:00;standby;16.2;26.5;5.0;26.0;49.6;57.0;0;0;0;0;16259.54;11280.08;4979.47;32419.545
2026-06-15T04:01:24.625560+02:00;standby;16.2;26.5;5.0;26.0;49.6;57.0;0;0;0;0;16259.54;11280.08;4979.47;32419.545
2026-06-15T04:02:25.170454+02:00;standby;16.2;26.5;5.0;26.0;49.6;57.0;0;0;0;0;16259.54;11280.08;4979.47;32419.545
2026-06-15T04:03:25.783214+02:00;standby;16.2;26.5;5.0;26.0;49.6;57.0;0;0;0;0;16259.54;11280.08;4979.47;32419.545
2026-06-15T04:04:26.329325+02:00;standby;16.2;26.3;5.0;26.0;49.6;57.0;0;0;0;0;16259.54;11280.08;4979.47;32419.545
2026-06-15T04:05:27.147300+02:00;standby;16.2;26.3;5.0;26.0;49.6;57.0;0;0;0;0;16259.54;11280.08;4979.47;32419.545
2026-06-15T04:06:27.726779+02:00;standby;16.2;26.3;5.0;26.0;49.6;57.0;0;0;0;0;16259.54;11280.08;4979.47;32419.545
2026-06-15T04:07:28.287230+02:00;standby;16.2;26.3;5.0;26.0;49.5;57.0;0;0;0;0;16259.54;11280.08;4979.47;32419.545
2026-06-15T04:08:28.775441+02:00;standby;16.2;26.3;5.0;26.0;49.5;57.0;0;0;0;0;16259.54;11280.08;4979.47;32419.545
2026-06-15T04:09:29.320601+02:00;standby;16.2;26.3;5.0;26.0;49.5;57.0;0;0;0;0;16259.54;11280.08;4979.47;32419.545
2026-06-15T04:10:29.931162+02:00;standby;16.2;26.3;5.0;26.0;49.5;57.0;0;0;0;0;16259.54;11280.08;4979.47;32419.545
2026-06-15T04:11:30.461848+02:00;standby;16.2;26.3;5.0;26.0;49.5;57.0;0;0;0;0;16259.54;11280.08;4979.47;32419.545
2026-06-15T04:12:31.760009+02:00;standby;16.2;26.3;5.0;26.0;49.5;57.0;0;0;0;0;16259.54;11280.08;4979.47;32419.545
2026-06-15T04:13:32.299221+02:00;standby;16.2;26.3;5.0;26.0;49.5;57.0;0;0;0;0;16259.54;11280.08;4979.47;32419.545
2026-06-15T04:14:33.145836+02:00;standby;16.2;26.3;5.0;26.0;49.5;57.0;0;0;0;0;16259.54;11280.08;4979.47;32419.545
2026-06-15T04:15:34.074661+02:00;standby;16.2;26.3;5.0;26.0;49.5;57.0;0;0;0;0;16259.54;11280.08;4979.47;32419.545
2026-06-15T04:16:34.697131+02:00;standby;16.2;26.3;5.0;26.0;49.5;57.0;0;0;0;0;16259.54;11280.08;4979.47;32419.545
2026-06-15T04:17:35.290658+02:00;standby;16.2;26.3;5.0;26.0;49.5;57.0;0;0;0;0;16259.54;11280.08;4979.47;32419.545
2026-06-15T04:18:35.946576+02:00;standby;16.2;26.3;5.0;26.0;49.4;57.0;0;0;0;0;16259.54;11280.08;4979.47;32419.545
2026-06-15T04:19:36.551529+02:00;standby;16.2;26.3;5.0;26.0;49.4;57.0;0;0;0;0;16259.54;11280.08;4979.47;32419.545
2026-06-15T04:20:37.083007+02:00;standby;16.2;26.3;5.0;26.0;49.4;57.0;0;0;0;0;16259.54;11280.08;4979.47;32419.545
2026-06-15T04:21:37.681965+02:00;standby;16.2;26.3;5.0;26.0;49.4;57.0;0;0;0;0;16259.54;11280.08;4979.47;32419.545
2026-06-15T04:22:38.320530+02:00;standby;16.2;26.3;5.0;26.0;49.4;57.0;0;0;0;0;16259.54;11280.08;4979.47;32419.545
2026-06-15T04:23:38.846208+02:00;standby;16.2;26.3;5.0;26.0;49.4;57.0;0;0;0;0;16259.54;11280.08;4979.47;32419.545
2026-06-15T04:24:39.445305+02:00;standby;16.2;26.3;5.0;26.0;49.4;57.0;0;0;0;0;16259.54;11280.08;4979.47;32419.545
2026-06-15T04:25:41.593360+02:00;standby;16.2;26.3;5.0;26.0;49.4;57.0;0;0;0;0;16259.54;11280.08;4979.47;32419.545
2026-06-15T04:26:42.447553+02:00;standby;16.2;26.3;5.0;26.0;49.4;57.0;0;0;0;0;16259.54;11280.08;4979.47;32419.545
2026-06-15T04:27:42.962426+02:00;standby;16.2;26.3;5.0;26.0;49.4;57.0;0;0;0;0;16259.54;11280.08;4979.47;32419.545
2026-06-15T04:28:43.490608+02:00;standby;16.2;26.3;5.0;26.0;49.3;57.0;0;0;0;0;16259.54;11280.08;4979.47;32419.545
2026-06-15T04:29:44.009106+02:00;standby;16.2;26.3;5.0;26.0;49.3;57.0;0;0;0;0;16259.54;11280.08;4979.47;32419.545
2026-06-15T04:30:44.531065+02:00;standby;16.2;26.3;5.0;26.0;49.3;57.0;0;0;0;0;16259.54;11280.08;4979.47;32419.545
2026-06-15T04:31:45.046473+02:00;standby;16.2;26.3;5.0;26.0;49.3;57.0;0;0;0;0;16259.54;11280.08;4979.47;32419.545
2026-06-15T04:32:45.950444+02:00;standby;16.2;26.3;5.0;26.0;49.3;57.0;0;0;0;0;16259.54;11280.08;4979.47;32419.545
2026-06-15T04:33:46.502548+02:00;standby;16.2;26.3;5.0;26.0;49.3;57.0;0;0;0;0;16259.54;11280.08;4979.47;32419.545
2026-06-15T04:34:47.216736+02:00;standby;16.2;26.2;5.0;26.0;49.3;57.0;0;0;0;0;16259.54;11280.08;4979.47;32419.545
2026-06-15T04:35:47.936873+02:00;standby;16.2;26.3;5.0;26.0;49.3;57.0;0;0;0;0;16259.54;11280.08;4979.47;32419.545
2026-06-15T04:36:48.479708+02:00;standby;16.2;26.3;5.0;26.0;49.3;57.0;0;0;0;0;16259.54;11280.08;4979.47;32419.545
2026-06-15T04:37:49.075834+02:00;standby;16.2;26.2;5.0;26.0;49.3;57.0;0;0;0;0;16259.54;11280.08;4979.47;32419.545
2026-06-15T04:38:49.772525+02:00;standby;16.2;26.3;5.0;26.0;49.3;57.0;0;0;0;0;16259.54;11280.08;4979.47;32419.545
2026-06-15T04:39:50.197913+02:00;standby;16.2;26.2;5.0;26.0;49.2;57.0;0;0;0;0;16259.54;11280.08;4979.47;32419.545
2026-06-15T04:40:50.708878+02:00;standby;16.2;26.2;5.0;26.0;49.2;57.0;0;0;0;0;16259.54;11280.08;4979.47;32419.545
2026-06-15T04:41:51.263362+02:00;standby;16.2;26.2;5.0;26.0;49.2;57.0;0;0;0;0;16259.54;11280.08;4979.47;32419.545
2026-06-15T04:42:51.851277+02:00;standby;16.2;26.2;5.0;26.0;49.2;57.0;0;0;0;0;16259.54;11280.08;4979.47;32419.545
2026-06-15T04:43:52.411935+02:00;standby;16.2;26.2;5.0;26.0;49.2;57.0;0;0;0;0;16259.54;11280.08;4979.47;32419.545
2026-06-15T04:44:53.345272+02:00;standby;16.2;26.2;5.0;26.0;49.2;57.0;0;0;0;0;16259.54;11280.08;4979.47;32419.545
2026-06-15T04:45:54.149807+02:00;standby;16.2;26.2;5.0;26.0;49.2;57.0;0;0;0;0;16259.54;11280.08;4979.47;32419.545
2026-06-15T04:46:54.687421+02:00;standby;16.2;26.2;5.0;26.0;49.2;57.0;0;0;0;0;16259.54;11280.08;4979.47;32419.545
2026-06-15T04:47:55.303381+02:00;standby;16.2;26.2;5.0;26.0;49.2;57.0;0;0;0;0;16259.54;11280.08;4979.47;32419.545
2026-06-15T04:48:55.929222+02:00;standby;16.2;26.2;5.0;26.0;49.2;57.0;0;0;0;0;16259.54;11280.08;4979.47;32419.545
2026-06-15T04:49:56.651938+02:00;standby;16.2;26.2;5.0;26.0;49.2;57.0;0;0;0;0;16259.54;11280.08;4979.47;32419.545
2026-06-15T04:50:57.369252+02:00;standby;16.2;26.2;5.0;26.0;49.1;57.0;0;0;0;0;16259.54;11280.08;4979.47;32419.545
2026-06-15T04:51:57.891758+02:00;standby;16.2;26.2;5.0;26.0;49.1;57.0;0;0;0;0;16259.54;11280.08;4979.47;32419.545
2026-06-15T04:52:58.413484+02:00;standby;16.2;26.2;5.0;26.0;49.1;57.0;0;0;0;0;16259.54;11280.08;4979.47;32419.545
2026-06-15T04:53:59.003255+02:00;standby;16.2;26.2;5.0;27.0;49.1;57.0;0;0;0;0;16259.54;11280.08;4979.47;32419.545
2026-06-15T04:54:59.654021+02:00;standby;16.2;26.2;5.0;27.0;49.1;57.0;0;0;0;0;16259.54;11280.08;4979.47;32419.545
2026-06-15T04:56:00.271867+02:00;standby;16.2;26.2;5.0;27.0;49.1;57.0;0;0;0;0;16259.54;11280.08;4979.47;32419.545
2026-06-15T04:57:00.784842+02:00;standby;15.3;26.2;5.0;27.0;49.1;57.0;0;0;0;0;16259.54;11280.08;4979.47;32419.545
2026-06-15T04:58:01.316025+02:00;standby;15.3;26.2;5.0;27.0;49.1;57.0;0;0;0;0;16259.54;11280.08;4979.47;32419.545
2026-06-15T04:59:01.908002+02:00;standby;15.3;26.2;5.0;27.0;49.1;57.0;0;0;0;0;16259.54;11280.08;4979.47;32419.545
2026-06-15T05:00:02.452416+02:00;standby;15.3;26.2;5.0;27.0;49.0;57.0;0;0;0;0;16259.54;11280.08;4979.47;32419.545
2026-06-15T05:01:03.080382+02:00;standby;15.3;26.2;5.0;27.0;49.0;57.0;0;0;0;0;16259.54;11280.08;4979.47;32419.545
2026-06-15T05:02:03.598814+02:00;standby;15.3;26.2;5.0;27.0;49.0;57.0;0;0;0;0;16259.54;11280.08;4979.47;32419.545
2026-06-15T05:03:04.119856+02:00;standby;15.3;26.2;5.0;27.0;49.0;57.0;0;0;0;0;16259.54;11280.08;4979.47;32419.545
2026-06-15T05:04:04.682087+02:00;standby;15.3;26.2;5.0;27.0;49.0;57.0;0;0;0;0;16259.54;11280.08;4979.47;32419.545
2026-06-15T05:05:05.349465+02:00;standby;15.3;26.2;5.0;27.0;49.0;57.0;0;0;0;0;16259.54;11280.08;4979.47;32419.545
2026-06-15T05:06:06.462149+02:00;standby;15.3;26.2;5.0;27.0;49.0;57.0;0;0;0;0;16259.54;11280.08;4979.47;32419.545
2026-06-15T05:07:06.986032+02:00;standby;15.3;26.2;5.0;27.0;49.0;57.0;0;0;0;0;16259.54;11280.08;4979.47;32419.545
2026-06-15T05:08:07.619176+02:00;standby;15.3;26.2;5.0;27.0;49.0;57.0;0;0;0;0;16259.54;11280.08;4979.47;32419.545
2026-06-15T05:09:08.232539+02:00;standby;15.3;26.2;5.0;27.0;49.0;57.0;0;0;0;0;16259.54;11280.08;4979.47;32419.545
2026-06-15T05:10:08.774825+02:00;standby;15.3;26.2;5.0;27.0;49.0;57.0;0;0;0;0;16259.54;11280.08;4979.47;32419.545
2026-06-15T05:11:09.296188+02:00;standby;15.3;26.2;5.0;27.0;48.9;57.0;0;0;0;0;16259.54;11280.08;4979.47;32419.545
2026-06-15T05:12:09.885388+02:00;standby;15.3;26.2;5.0;27.0;49.0;57.0;0;0;0;0;16259.54;11280.08;4979.47;32419.545
2026-06-15T05:13:11.270286+02:00;standby;15.3;26.2;5.0;27.0;48.9;57.0;0;0;0;0;16259.54;11280.08;4979.47;32419.545
2026-06-15T05:14:11.974319+02:00;standby;15.3;26.2;5.0;27.0;48.9;57.0;0;0;0;0;16259.54;11280.08;4979.47;32419.545
2026-06-15T05:15:12.669608+02:00;standby;15.3;26.2;5.0;27.0;48.9;57.0;0;0;0;0;16259.54;11280.08;4979.47;32419.545
2026-06-15T05:16:13.831339+02:00;standby;15.3;26.2;5.0;27.0;48.9;57.0;0;0;0;0;16259.54;11280.08;4979.47;32419.545
2026-06-15T05:17:14.869004+02:00;standby;15.3;26.1;5.0;27.0;48.9;57.0;0;0;0;0;16259.54;11280.08;4979.47;32419.545
2026-06-15T05:18:15.385655+02:00;standby;15.3;26.1;5.0;27.0;48.9;57.0;0;0;0;0;16259.54;11280.08;4979.47;32419.545
2026-06-15T05:19:15.908955+02:00;standby;15.3;26.2;5.0;27.0;48.9;57.0;0;0;0;0;16259.54;11280.08;4979.47;32419.545
2026-06-15T05:20:16.526206+02:00;standby;15.3;26.1;5.0;27.0;48.9;57.0;0;0;0;0;16259.54;11280.08;4979.47;32419.545
2026-06-15T05:21:17.543155+02:00;standby;15.3;26.1;5.0;27.0;48.9;57.0;0;0;0;0;16259.54;11280.08;4979.47;32419.545
2026-06-15T05:22:18.067329+02:00;standby;15.3;26.1;5.0;27.0;48.9;57.0;0;0;0;0;16259.54;11280.08;4979.47;32419.545
2026-06-15T05:23:18.689890+02:00;standby;15.3;26.1;5.0;27.0;48.8;57.0;0;0;0;0;16259.54;11280.08;4979.47;32419.545
2026-06-15T05:24:19.626253+02:00;standby;15.3;26.1;5.0;27.0;48.8;57.0;0;0;0;0;16259.54;11280.08;4979.47;32419.545
2026-06-15T05:25:20.145355+02:00;standby;15.3;26.1;5.0;27.0;48.8;57.0;0;0;0;0;16259.54;11280.08;4979.47;32419.545
2026-06-15T05:26:20.660500+02:00;standby;15.3;26.1;5.0;27.0;48.8;57.0;0;0;0;0;16259.54;11280.08;4979.47;32419.545
2026-06-15T05:27:21.176629+02:00;standby;15.3;26.1;5.0;27.0;48.8;57.0;0;0;0;0;16259.54;11280.08;4979.47;32419.545
2026-06-15T05:28:21.779161+02:00;standby;15.3;26.1;5.0;27.0;48.8;57.0;0;0;0;0;16259.54;11280.08;4979.47;32419.545
2026-06-15T05:29:22.325491+02:00;standby;15.3;26.1;5.0;27.0;48.8;57.0;0;0;0;0;16259.54;11280.08;4979.47;32419.545
2026-06-15T05:30:22.894128+02:00;standby;15.3;26.1;5.0;27.0;48.8;57.0;0;0;0;0;16259.54;11280.08;4979.47;32419.545
2026-06-15T05:31:23.442982+02:00;standby;15.3;26.1;5.0;34.0;48.8;57.0;0;0;0;0;16259.54;11280.08;4979.47;32419.545
2026-06-15T05:32:23.977187+02:00;standby;15.3;26.1;5.0;34.0;48.8;57.0;0;0;0;0;16259.54;11280.08;4979.47;32419.545
2026-06-15T05:33:24.664818+02:00;standby;15.3;26.1;5.0;34.0;48.7;57.0;0;0;0;0;16259.54;11280.08;4979.47;32419.545
2026-06-15T05:34:26.050475+02:00;standby;15.3;26.1;5.0;34.0;48.7;57.0;0;0;0;0;16259.54;11280.08;4979.47;32419.545
2026-06-15T05:35:26.568031+02:00;standby;15.3;26.1;5.0;34.0;48.7;57.0;0;0;0;0;16259.54;11280.08;4979.47;32419.545
2026-06-15T05:36:27.134826+02:00;standby;15.3;26.1;5.0;34.0;48.7;57.0;0;0;0;0;16259.54;11280.08;4979.47;32419.545
2026-06-15T05:37:27.701250+02:00;standby;15.3;26.1;5.0;34.0;48.7;57.0;0;0;0;0;16259.54;11280.08;4979.47;32419.545
2026-06-15T05:38:28.328905+02:00;standby;15.3;26.1;5.0;34.0;48.7;57.0;0;0;0;0;16259.54;11280.08;4979.47;32419.545
2026-06-15T05:39:28.931453+02:00;standby;15.3;26.1;5.0;34.0;48.7;57.0;0;0;0;0;16259.54;11280.08;4979.47;32419.545
2026-06-15T05:40:29.546741+02:00;standby;15.3;26.1;5.0;34.0;48.7;57.0;0;0;0;0;16259.54;11280.08;4979.47;32419.545
2026-06-15T05:41:30.081443+02:00;standby;15.3;26.1;5.0;34.0;48.7;57.0;0;0;0;0;16259.54;11280.08;4979.47;32419.545
2026-06-15T05:42:30.592743+02:00;standby;15.3;26.1;5.0;34.0;48.7;57.0;0;0;0;0;16259.54;11280.08;4979.47;32419.545
2026-06-15T05:43:31.212946+02:00;standby;15.3;26.1;5.0;34.0;48.7;57.0;0;0;0;0;16259.54;11280.08;4979.47;32419.545
2026-06-15T05:44:31.742972+02:00;standby;15.3;26.1;5.0;34.0;48.6;57.0;0;0;0;0;16259.54;11280.08;4979.47;32419.545
2026-06-15T05:45:32.687985+02:00;standby;15.3;26.1;5.0;34.0;48.6;57.0;0;0;0;0;16259.54;11280.08;4979.47;32419.545
2026-06-15T05:46:33.406837+02:00;standby;15.3;26.1;5.0;34.0;48.6;57.0;0;0;0;0;16259.54;11280.08;4979.47;32419.545
2026-06-15T05:47:35.466388+02:00;standby;15.3;26.1;5.0;34.0;48.6;57.0;0;0;0;0;16259.54;11280.08;4979.47;32419.545
2026-06-15T05:48:36.034380+02:00;standby;15.3;26.1;5.0;34.0;48.6;57.0;0;0;0;0;16259.54;11280.08;4979.47;32419.545
2026-06-15T05:49:36.800323+02:00;standby;15.3;26.1;5.0;34.0;48.6;57.0;0;0;0;0;16259.54;11280.08;4979.47;32419.545
2026-06-15T05:50:37.385748+02:00;standby;15.3;26.1;5.0;34.0;48.6;57.0;0;0;0;0;16259.54;11280.08;4979.47;32419.545
2026-06-15T05:51:37.998305+02:00;standby;15.3;26.1;5.0;34.0;48.6;57.0;0;0;0;0;16259.54;11280.08;4979.47;32419.545
2026-06-15T05:52:38.519034+02:00;standby;15.3;26.1;5.0;34.0;48.6;57.0;0;0;0;0;16259.54;11280.08;4979.47;32419.545
2026-06-15T05:53:39.136903+02:00;standby;15.3;26.1;5.0;34.0;48.6;57.0;0;0;0;0;16259.54;11280.08;4979.47;32419.545
2026-06-15T05:54:39.687789+02:00;standby;15.3;26.1;5.0;34.0;48.6;57.0;0;0;0;0;16259.54;11280.08;4979.47;32419.545
2026-06-15T05:55:40.219857+02:00;standby;15.3;26.1;5.0;34.0;48.5;57.0;0;0;0;0;16259.54;11280.08;4979.47;32419.545
2026-06-15T05:56:40.812249+02:00;standby;15.3;25.9;5.0;34.0;48.5;57.0;0;0;0;0;16259.54;11280.08;4979.47;32419.545
2026-06-15T05:57:41.273024+02:00;standby;15.3;26.1;5.0;34.0;48.5;57.0;0;0;0;0;16259.54;11280.08;4979.47;32419.545
2026-06-15T05:58:41.839738+02:00;standby;15.3;26.1;5.0;34.0;48.5;57.0;0;0;0;0;16259.54;11280.08;4979.47;32419.545
2026-06-15T05:59:45.871492+02:00;standby;15.3;25.9;5.0;34.0;48.5;57.0;0;0;0;0;16259.54;11280.08;4979.47;32419.545
2026-06-15T06:00:46.414873+02:00;standby;15.3;26.1;5.0;34.0;48.5;57.0;0;0;0;0;16259.54;11280.08;4979.47;32419.545
2026-06-15T06:01:46.933458+02:00;standby;15.3;25.9;5.0;34.0;48.5;57.0;0;0;0;0;16259.54;11280.08;4979.47;32419.545
2026-06-15T06:02:47.602571+02:00;standby;15.3;25.9;5.0;34.0;48.5;57.0;0;0;0;0;16259.54;11280.08;4979.47;32419.545
2026-06-15T06:03:48.152825+02:00;standby;15.3;25.9;5.0;34.0;48.5;57.0;0;0;0;0;16259.54;11280.08;4979.47;32419.545
2026-06-15T06:04:48.789900+02:00;standby;15.3;25.9;5.0;34.0;48.5;57.0;0;0;0;0;16259.54;11280.08;4979.47;32419.545
2026-06-15T06:05:49.294559+02:00;standby;15.3;25.9;5.0;34.0;48.5;57.0;0;0;0;0;16259.54;11280.08;4979.47;32419.545
2026-06-15T06:06:50.194908+02:00;standby;15.3;25.9;5.0;34.0;48.5;57.0;0;0;0;0;16259.54;11280.08;4979.47;32419.545
2026-06-15T06:07:50.757366+02:00;standby;15.3;25.9;5.0;34.0;48.4;57.0;0;0;0;0;16259.54;11280.08;4979.47;32419.545
2026-06-15T06:08:51.276456+02:00;standby;15.3;25.9;5.0;34.0;48.4;57.0;0;0;0;0;16259.54;11280.08;4979.47;32419.545
2026-06-15T06:09:51.896411+02:00;standby;15.3;25.9;5.0;34.0;48.4;57.0;0;0;0;0;16259.54;11280.08;4979.47;32419.545
2026-06-15T06:10:52.635830+02:00;standby;15.3;25.9;5.0;34.0;48.4;57.0;0;0;0;0;16259.54;11280.08;4979.47;32419.545
2026-06-15T06:11:53.339046+02:00;standby;15.3;25.9;5.0;34.0;48.4;57.0;0;0;0;0;16259.54;11280.08;4979.47;32419.545
2026-06-15T06:12:53.858121+02:00;standby;15.3;25.9;5.0;34.0;48.4;57.0;0;0;0;0;16259.54;11280.08;4979.47;32419.545
2026-06-15T06:13:54.436237+02:00;standby;15.3;25.9;5.0;34.0;48.4;57.0;0;0;0;0;16259.54;11280.08;4979.47;32419.545
2026-06-15T06:14:55.000806+02:00;standby;15.3;25.9;5.0;34.0;48.4;57.0;0;0;0;0;16259.54;11280.08;4979.47;32419.545
2026-06-15T06:15:55.509801+02:00;standby;15.3;25.9;5.0;34.0;48.4;57.0;0;0;0;0;16259.54;11280.08;4979.47;32419.545
2026-06-15T06:16:56.613523+02:00;standby;15.3;25.9;5.0;34.0;48.4;57.0;0;0;0;0;16259.54;11280.08;4979.47;32419.545
2026-06-15T06:17:57.541306+02:00;standby;15.3;25.9;5.0;34.0;48.4;57.0;0;0;0;0;16259.54;11280.08;4979.47;32419.545
2026-06-15T06:18:58.094572+02:00;standby;15.3;25.9;5.0;34.0;48.4;57.0;0;0;0;0;16259.54;11280.08;4979.47;32419.545
2026-06-15T06:19:58.675090+02:00;standby;15.3;25.9;5.0;34.0;48.2;57.0;0;0;0;0;16259.54;11280.08;4979.47;32419.545
2026-06-15T06:20:59.251222+02:00;standby;15.3;25.9;5.0;34.0;48.2;57.0;0;0;0;0;16259.54;11280.08;4979.47;32419.545
2026-06-15T06:21:59.855840+02:00;standby;15.3;25.9;5.0;34.0;48.2;57.0;0;0;0;0;16259.54;11280.08;4979.47;32419.545
2026-06-15T06:23:00.407941+02:00;standby;15.3;25.9;5.0;34.0;48.2;57.0;0;0;0;0;16259.54;11280.08;4979.47;32419.545
2026-06-15T06:24:00.972443+02:00;standby;15.3;25.9;5.0;34.0;48.2;57.0;0;0;0;0;16259.54;11280.08;4979.47;32419.545
2026-06-15T06:25:01.647867+02:00;standby;15.3;25.9;5.0;34.0;48.2;57.0;0;0;0;0;16259.54;11280.08;4979.47;32419.545
2026-06-15T06:26:02.453735+02:00;standby;15.3;25.9;5.0;34.0;48.2;57.0;0;0;0;0;16259.54;11280.08;4979.47;32419.545
2026-06-15T06:27:03.071118+02:00;standby;15.3;25.9;5.0;34.0;48.2;57.0;0;0;0;0;16259.54;11280.08;4979.47;32419.545
2026-06-15T06:28:03.607926+02:00;standby;15.3;25.9;5.0;34.0;48.2;57.0;0;0;0;0;16259.54;11280.08;4979.47;32419.545
2026-06-15T06:29:04.340928+02:00;standby;15.3;25.9;5.0;34.0;48.2;57.0;0;0;0;0;16259.54;11280.08;4979.47;32419.545
2026-06-15T06:30:04.897280+02:00;standby;15.3;25.9;5.0;34.0;48.1;57.0;0;0;0;0;16259.54;11280.08;4979.47;32419.545
2026-06-15T06:31:05.620739+02:00;standby;15.3;25.9;5.0;34.0;48.1;57.0;0;0;0;0;16259.54;11280.08;4979.47;32419.545
2026-06-15T06:32:06.181390+02:00;standby;15.3;25.9;5.0;34.0;48.1;57.0;0;0;0;0;16259.54;11280.08;4979.47;32419.545
2026-06-15T06:33:07.011910+02:00;standby;15.3;25.9;5.0;34.0;48.1;57.0;0;0;0;0;16259.54;11280.08;4979.47;32419.545
2026-06-15T06:34:07.592569+02:00;standby;15.3;25.9;5.0;34.0;48.1;57.0;0;0;0;0;16259.54;11280.08;4979.47;32419.545
2026-06-15T06:35:08.115043+02:00;standby;15.3;25.9;5.0;34.0;48.1;57.0;0;0;0;0;16259.54;11280.08;4979.47;32419.545
2026-06-15T06:36:08.780750+02:00;standby;15.3;25.9;5.0;34.0;48.1;57.0;0;0;0;0;16259.54;11280.08;4979.47;32419.545
2026-06-15T06:37:09.299579+02:00;standby;15.3;25.9;5.0;34.0;48.1;57.0;0;0;0;0;16259.54;11280.08;4979.47;32419.545
2026-06-15T06:38:10.083977+02:00;standby;15.3;25.9;5.0;34.0;48.1;57.0;0;0;0;0;16259.54;11280.08;4979.47;32419.545
2026-06-15T06:39:10.749423+02:00;standby;15.3;25.9;5.0;34.0;48.1;57.0;0;0;0;0;16259.54;11280.08;4979.47;32419.545
2026-06-15T06:40:11.360555+02:00;standby;15.3;25.8;5.0;33.0;48.1;57.0;0;0;0;0;16259.54;11280.08;4979.47;32419.545
2026-06-15T06:41:13.179356+02:00;standby;15.3;25.9;5.0;33.0;48.1;57.0;0;0;0;0;16259.54;11280.08;4979.47;32419.545
2026-06-15T06:42:13.824724+02:00;standby;15.3;25.9;5.0;33.0;48.0;57.0;0;0;0;0;16259.54;11280.08;4979.47;32419.545
2026-06-15T06:43:14.577136+02:00;standby;15.3;25.8;5.0;33.0;48.0;57.0;0;0;0;0;16259.54;11280.08;4979.47;32419.545
2026-06-15T06:44:15.300030+02:00;standby;15.3;25.8;5.0;33.0;48.0;57.0;0;0;0;0;16259.54;11280.08;4979.47;32419.545
2026-06-15T06:45:15.896502+02:00;standby;15.3;25.8;5.0;33.0;48.0;57.0;0;0;0;0;16259.54;11280.08;4979.47;32419.545
2026-06-15T06:46:16.728785+02:00;standby;15.3;25.8;5.0;33.0;48.0;57.0;0;0;0;0;16259.54;11280.08;4979.47;32419.545
2026-06-15T06:47:17.519308+02:00;standby;15.3;25.8;5.0;33.0;48.0;57.0;0;0;0;0;16259.54;11280.08;4979.47;32419.545
2026-06-15T06:48:18.230404+02:00;standby;15.3;25.8;5.0;33.0;48.0;57.0;0;0;0;0;16259.54;11280.08;4979.47;32419.545
2026-06-15T06:49:18.753316+02:00;standby;15.3;25.8;5.0;33.0;48.0;57.0;0;0;0;0;16259.54;11280.08;4979.47;32419.545
2026-06-15T06:50:19.286166+02:00;standby;15.3;25.8;5.0;33.0;48.0;57.0;0;0;0;0;16259.54;11280.08;4979.47;32419.545
2026-06-15T06:51:19.837130+02:00;standby;15.3;25.8;5.0;33.0;48.0;57.0;0;0;0;0;16259.54;11280.08;4979.47;32419.545
2026-06-15T06:52:24.680558+02:00;standby;15.3;25.8;5.0;33.0;48.0;57.0;0;0;0;0;16259.54;11280.08;4979.47;32419.545
2026-06-15T06:53:25.244808+02:00;standby;15.3;25.8;5.0;33.0;47.9;57.0;0;0;0;0;16259.54;11280.08;4979.47;32419.545
2026-06-15T06:54:25.815563+02:00;standby;15.3;25.8;5.0;33.0;47.9;57.0;0;0;0;0;16259.54;11280.08;4979.47;32419.545
2026-06-15T06:55:26.416950+02:00;standby;15.3;25.8;5.0;32.0;47.9;57.0;0;0;0;0;16259.54;11280.08;4979.47;32419.545
2026-06-15T06:56:26.951783+02:00;standby;15.3;25.8;5.0;32.0;47.9;57.0;0;0;0;0;16259.54;11280.08;4979.47;32419.545
2026-06-15T06:57:27.475975+02:00;standby;15.3;25.8;5.0;32.0;47.9;57.0;0;0;0;0;16259.54;11280.08;4979.47;32419.545
2026-06-15T06:58:28.134711+02:00;standby;17.4;25.8;5.0;32.0;47.9;57.0;0;0;0;0;16259.54;11280.08;4979.47;32419.545
2026-06-15T06:59:28.661650+02:00;standby;17.4;25.8;5.0;32.0;47.9;57.0;0;0;0;0;16259.54;11280.08;4979.47;32419.545
2026-06-15T07:00:29.223821+02:00;standby;17.4;25.8;5.0;32.0;47.9;57.0;0;0;0;0;16259.54;11280.08;4979.47;32419.545
2026-06-15T07:01:29.753215+02:00;standby;17.4;25.8;5.0;32.0;47.9;57.0;0;0;0;0;16259.54;11280.08;4979.47;32419.545
2026-06-15T07:02:30.325821+02:00;standby;17.4;25.8;5.0;32.0;47.9;57.0;0;0;0;0;16259.54;11280.08;4979.47;32419.545
2026-06-15T07:03:30.893544+02:00;standby;17.4;25.8;5.0;32.0;47.9;57.0;0;0;0;0;16259.54;11280.08;4979.47;32419.545
2026-06-15T07:04:31.557951+02:00;standby;17.4;25.8;5.0;32.0;47.9;57.0;0;0;0;0;16259.54;11280.08;4979.47;32419.545
2026-06-15T07:05:32.273987+02:00;standby;17.4;25.8;5.0;32.0;47.8;57.0;0;0;0;0;16259.54;11280.08;4979.47;32419.545
2026-06-15T07:06:33.158644+02:00;standby;17.4;25.8;5.0;32.0;47.8;57.0;0;0;0;0;16259.54;11280.08;4979.47;32419.545
2026-06-15T07:07:33.728839+02:00;standby;17.4;25.8;5.0;32.0;47.8;57.0;0;0;0;0;16259.54;11280.08;4979.47;32419.545
2026-06-15T07:08:34.265180+02:00;standby;17.4;25.8;5.0;32.0;47.8;57.0;0;0;0;0;16259.54;11280.08;4979.47;32419.545
2026-06-15T07:09:34.817033+02:00;standby;17.4;25.8;5.0;32.0;47.8;57.0;0;0;0;0;16259.54;11280.08;4979.47;32419.545
2026-06-15T07:10:35.343884+02:00;standby;17.4;25.8;5.0;32.0;47.8;57.0;0;0;0;0;16259.54;11280.08;4979.47;32419.545
2026-06-15T07:11:35.874305+02:00;standby;17.4;25.8;5.0;32.0;47.8;57.0;0;0;0;0;16259.54;11280.08;4979.47;32419.545
2026-06-15T07:12:36.387587+02:00;standby;17.4;25.8;5.0;32.0;47.8;57.0;0;0;0;0;16259.54;11280.08;4979.47;32419.545
2026-06-15T07:13:36.901595+02:00;standby;17.4;25.8;5.0;32.0;47.8;57.0;0;0;0;0;16259.54;11280.08;4979.47;32419.545
2026-06-15T07:14:37.493821+02:00;standby;17.4;25.8;5.0;31.0;47.8;57.0;0;0;0;0;16259.54;11280.08;4979.47;32419.545
2026-06-15T07:15:38.202100+02:00;standby;17.4;25.8;5.0;31.0;47.8;57.0;0;0;0;0;16259.54;11280.08;4979.47;32419.545
2026-06-15T07:16:38.713446+02:00;standby;17.4;25.8;5.0;31.0;47.8;57.0;0;0;0;0;16259.54;11280.08;4979.47;32419.545
2026-06-15T07:17:39.333335+02:00;standby;17.4;25.8;5.0;31.0;47.7;57.0;0;0;0;0;16259.54;11280.08;4979.47;32419.545
2026-06-15T07:18:41.150532+02:00;standby;17.4;25.8;5.0;31.0;47.7;57.0;0;0;0;0;16259.54;11280.08;4979.47;32419.545
2026-06-15T07:19:41.761856+02:00;standby;17.4;25.8;5.0;31.0;47.7;57.0;0;0;0;0;16259.54;11280.08;4979.47;32419.545
2026-06-15T07:20:42.337461+02:00;standby;17.4;25.8;5.0;31.0;47.7;57.0;0;0;0;0;16259.54;11280.08;4979.47;32419.545
2026-06-15T07:21:42.892209+02:00;standby;17.4;25.8;5.0;31.0;47.7;57.0;0;0;0;0;16259.54;11280.08;4979.47;32419.545
2026-06-15T07:22:43.488584+02:00;standby;17.4;25.8;5.0;31.0;47.7;57.0;0;0;0;0;16259.54;11280.08;4979.47;32419.545
2026-06-15T07:23:44.033235+02:00;standby;17.4;25.8;5.0;31.0;47.7;57.0;0;0;0;0;16259.54;11280.08;4979.47;32419.545
2026-06-15T07:24:44.617134+02:00;standby;17.4;25.8;5.0;31.0;47.7;57.0;0;0;0;0;16259.54;11280.08;4979.47;32419.545
2026-06-15T07:25:45.182956+02:00;standby;17.4;25.8;5.0;31.0;47.7;57.0;0;0;0;0;16259.54;11280.08;4979.47;32419.545
2026-06-15T07:26:46.169791+02:00;standby;17.4;25.8;5.0;31.0;47.7;57.0;0;0;0;0;16259.54;11280.08;4979.47;32419.545
2026-06-15T07:27:46.722811+02:00;standby;17.4;25.8;5.0;31.0;47.7;57.0;0;0;0;0;16259.54;11280.08;4979.47;32419.545
2026-06-15T07:28:47.253134+02:00;standby;17.4;25.8;5.0;31.0;47.6;57.0;0;0;0;0;16259.54;11280.08;4979.47;32419.545
2026-06-15T07:29:47.932585+02:00;standby;17.4;25.8;5.0;31.0;47.6;57.0;0;0;0;0;16259.54;11280.08;4979.47;32419.545
2026-06-15T07:30:48.552513+02:00;standby;17.4;25.6;5.0;31.0;47.6;57.0;0;0;0;0;16259.54;11280.08;4979.47;32419.545
2026-06-15T07:31:49.020033+02:00;standby;17.4;25.6;5.0;31.0;47.6;57.0;0;0;0;0;16259.54;11280.08;4979.47;32419.545
2026-06-15T07:32:49.538788+02:00;standby;17.4;25.6;5.0;31.0;47.6;57.0;0;0;0;0;16259.54;11280.08;4979.47;32419.545
2026-06-15T07:33:50.046977+02:00;standby;17.4;25.6;5.0;31.0;47.6;57.0;0;0;0;0;16259.54;11280.08;4979.47;32419.545
2026-06-15T07:34:50.636072+02:00;standby;17.4;25.6;5.0;31.0;47.6;57.0;0;0;0;0;16259.54;11280.08;4979.47;32419.545
2026-06-15T07:35:51.364761+02:00;standby;17.4;25.6;5.0;31.0;47.6;57.0;0;0;0;0;16259.54;11280.08;4979.47;32419.545
2026-06-15T07:36:52.906401+02:00;standby;17.4;25.6;5.0;31.0;47.6;57.0;0;0;0;0;16259.54;11280.08;4979.47;32419.545
2026-06-15T07:37:53.516540+02:00;standby;17.4;25.6;5.0;31.0;47.6;57.0;0;0;0;0;16259.54;11280.08;4979.47;32419.545
2026-06-15T07:38:54.049463+02:00;standby;17.4;25.6;5.0;31.0;47.5;57.0;0;0;0;0;16259.54;11280.08;4979.47;32419.545
2026-06-15T07:39:54.674729+02:00;standby;17.4;25.6;5.0;31.0;47.5;57.0;0;0;0;0;16259.54;11280.08;4979.47;32419.545
2026-06-15T07:40:55.194553+02:00;standby;17.4;25.6;5.0;31.0;47.6;57.0;0;0;0;0;16259.54;11280.08;4979.47;32419.545
2026-06-15T07:41:55.747455+02:00;standby;17.4;25.6;5.0;30.0;47.5;57.0;0;0;0;0;16259.54;11280.08;4979.47;32419.545
2026-06-15T07:42:56.277078+02:00;standby;17.4;25.6;5.0;30.0;47.5;57.0;0;0;0;0;16259.54;11280.08;4979.47;32419.545
2026-06-15T07:43:57.164079+02:00;standby;17.4;25.6;5.0;30.0;47.5;57.0;0;0;0;0;16259.54;11280.08;4979.47;32419.545
2026-06-15T07:44:57.810178+02:00;standby;17.4;25.6;5.0;30.0;47.5;57.0;0;0;0;0;16259.54;11280.08;4979.47;32419.545
2026-06-15T07:45:58.411299+02:00;standby;17.4;25.6;5.0;30.0;47.5;57.0;0;0;0;0;16259.54;11280.08;4979.47;32419.545
2026-06-15T07:46:58.952136+02:00;standby;17.4;25.6;5.0;30.0;47.5;57.0;0;0;0;0;16259.54;11280.08;4979.47;32419.545
2026-06-15T07:47:59.742624+02:00;standby;17.4;25.6;5.0;30.0;47.5;57.0;0;0;0;0;16259.54;11280.08;4979.47;32419.545
2026-06-15T07:49:00.276760+02:00;standby;17.4;25.6;5.0;30.0;47.5;57.0;0;0;0;0;16259.54;11280.08;4979.47;32419.545
2026-06-15T07:50:00.831612+02:00;standby;17.4;25.6;5.0;30.0;47.5;57.0;0;0;0;0;16259.54;11280.08;4979.47;32419.545
2026-06-15T07:51:01.512449+02:00;standby;17.4;25.6;5.0;30.0;47.5;57.0;0;0;0;0;16259.54;11280.08;4979.47;32419.545
2026-06-15T07:52:02.066848+02:00;standby;17.4;25.6;5.0;30.0;47.4;57.0;0;0;0;0;16259.54;11280.08;4979.47;32419.545
2026-06-15T07:53:02.579092+02:00;standby;17.4;25.6;5.0;30.0;47.5;57.0;0;0;0;0;16259.54;11280.08;4979.47;32419.545
2026-06-15T07:54:03.113280+02:00;standby;17.4;25.6;5.0;30.0;47.4;57.0;0;0;0;0;16259.54;11280.08;4979.47;32419.545
2026-06-15T07:55:03.668823+02:00;standby;17.4;25.6;5.0;30.0;47.4;57.0;0;0;0;0;16259.54;11280.08;4979.47;32419.545
2026-06-15T07:56:04.195513+02:00;standby;17.4;25.6;5.0;30.0;47.4;57.0;0;0;0;0;16259.54;11280.08;4979.47;32419.545
2026-06-15T07:57:04.757763+02:00;standby;17.4;25.6;5.0;30.0;47.4;57.0;0;0;0;0;16259.54;11280.08;4979.47;32419.545
2026-06-15T07:58:05.360801+02:00;standby;17.4;25.6;5.0;30.0;47.4;57.0;0;0;0;0;16259.54;11280.08;4979.47;32419.545
2026-06-15T07:59:05.900087+02:00;standby;19.7;25.6;5.0;30.0;47.4;57.0;0;0;0;0;16259.54;11280.08;4979.47;32419.545
2026-06-15T08:00:06.490530+02:00;standby;19.7;25.6;5.0;30.0;47.4;57.0;0;0;0;0;16259.54;11280.08;4979.47;32419.545
2026-06-15T08:01:07.015490+02:00;standby;19.7;25.6;5.0;30.0;47.4;57.0;0;0;0;0;16259.54;11280.08;4979.47;32419.545
2026-06-15T08:02:07.580762+02:00;standby;19.7;25.6;5.0;30.0;47.4;57.0;0;0;0;0;16259.54;11280.08;4979.47;32419.545
2026-06-15T08:03:08.130187+02:00;standby;19.7;25.6;5.0;30.0;47.3;57.0;0;0;0;0;16259.54;11280.08;4979.47;32419.545
2026-06-15T08:04:08.657365+02:00;standby;19.7;25.6;5.0;30.0;47.3;57.0;0;0;0;0;16259.54;11280.08;4979.47;32419.545
2026-06-15T08:05:10.003697+02:00;standby;19.7;25.6;5.0;30.0;47.3;57.0;0;0;0;0;16259.54;11280.08;4979.47;32419.545
2026-06-15T08:06:10.566589+02:00;standby;19.7;25.6;5.0;30.0;47.3;57.0;0;0;0;0;16259.54;11280.08;4979.47;32419.545
2026-06-15T08:07:11.145389+02:00;standby;19.7;25.6;5.0;30.0;47.3;57.0;0;0;0;0;16259.54;11280.08;4979.47;32419.545
2026-06-15T08:08:11.824398+02:00;standby;19.7;25.6;5.0;30.0;47.3;57.0;0;0;0;0;16259.54;11280.08;4979.47;32419.545
2026-06-15T08:09:12.438342+02:00;standby;19.7;25.6;5.0;30.0;47.3;57.0;0;0;0;0;16259.54;11280.08;4979.47;32419.545
2026-06-15T08:10:13.019923+02:00;standby;19.7;25.6;5.0;30.0;47.1;57.0;0;0;0;0;16259.54;11280.08;4979.47;32419.545
2026-06-15T08:11:13.564489+02:00;standby;19.7;25.6;5.0;30.0;47.0;57.0;0;0;0;0;16259.54;11280.08;4979.47;32419.545
2026-06-15T08:12:15.428783+02:00;dhw;19.7;26.1;85.0;30.0;46.9;57.0;1;58;1;0;16259.54;11280.08;4979.47;32419.545
2026-06-15T08:12:26.035956+02:00;dhw;19.7;35.3;85.0;30.0;47.0;57.0;1;23;1;0;16259.56;11280.08;4979.49;32419.545
2026-06-15T08:12:36.936902+02:00;dhw;19.7;36.1;85.0;30.0;46.9;57.0;1;23;1;0;16259.57;11280.08;4979.5;32419.545
2026-06-15T08:12:47.957213+02:00;dhw;19.7;37.2;85.0;30.0;46.9;57.0;1;23;1;100;16259.58;11280.08;4979.51;32419.545
2026-06-15T08:12:58.796537+02:00;dhw;19.7;37.6;85.0;30.0;46.8;57.0;1;23;1;100;16259.59;11280.08;4979.52;32419.545
2026-06-15T08:13:09.698817+02:00;dhw;19.7;37.5;85.0;30.0;46.8;57.0;1;23;1;100;16259.6;11280.08;4979.52;32419.545
2026-06-15T08:13:20.518787+02:00;dhw;19.7;37.6;85.0;30.0;46.7;57.0;1;23;1;100;16259.61;11280.08;4979.53;32419.545
2026-06-15T08:13:31.245808+02:00;dhw;19.7;38.0;85.0;30.0;46.6;57.0;1;23;1;100;16259.62;11280.08;4979.54;32419.545
2026-06-15T08:13:42.017575+02:00;dhw;19.7;38.7;85.0;30.0;46.4;57.0;1;23;1;100;16259.63;11280.08;4979.55;32419.545
2026-06-15T08:13:52.753020+02:00;dhw;19.7;39.2;85.0;30.0;46.3;57.0;1;23;1;100;16259.64;11280.08;4979.56;32419.545
2026-06-15T08:14:03.360885+02:00;dhw;19.7;40.0;85.0;30.0;46.2;57.0;1;29;1;100;16259.65;11280.08;4979.57;32419.545
2026-06-15T08:14:14.006238+02:00;dhw;19.7;41.0;85.0;30.0;46.1;57.0;1;39;1;100;16259.66;11280.08;4979.58;32419.545
2026-06-15T08:14:24.620478+02:00;dhw;19.7;43.0;85.0;30.0;46.0;57.0;1;53;1;100;16259.68;11280.08;4979.61;32419.545
2026-06-15T08:14:35.412498+02:00;dhw;19.7;45.0;85.0;30.0;45.9;57.0;1;64;1;100;16259.71;11280.08;4979.63;32419.545
2026-06-15T08:14:46.415558+02:00;dhw;19.7;47.6;85.0;30.0;45.8;57.0;1;78;1;100;16259.74;11280.08;4979.66;32419.545
2026-06-15T08:14:57.281501+02:00;dhw;19.7;49.1;85.0;30.0;45.7;57.0;1;86;1;100;16259.77;11280.08;4979.69;32419.545
2026-06-15T08:15:08.271399+02:00;dhw;19.7;52.2;85.0;30.0;45.7;57.0;1;100;1;100;16259.81;11280.08;4979.74;32419.545
2026-06-15T08:15:18.932293+02:00;dhw;19.7;55.2;85.0;30.0;45.6;57.0;1;108;1;100;16259.86;11280.08;4979.78;32419.545
2026-06-15T08:15:29.580249+02:00;dhw;19.7;57.1;85.0;30.0;45.6;57.0;1;108;1;100;16259.89;11280.08;4979.82;32419.545
2026-06-15T08:15:40.273068+02:00;dhw;19.7;59.1;85.0;30.0;45.6;57.0;1;108;1;100;16259.93;11280.08;4979.86;32419.545
2026-06-15T08:15:50.972880+02:00;dhw;19.7;61.2;85.0;30.0;45.6;57.0;1;108;1;100;16259.98;11280.08;4979.9;32419.545
2026-06-15T08:16:01.624534+02:00;dhw;19.7;63.0;85.0;30.0;45.6;57.0;1;108;1;100;16260.03;11280.08;4979.95;32419.545
2026-06-15T08:16:12.688378+02:00;dhw;19.7;64.2;85.0;30.0;45.6;57.0;1;108;1;100;16260.06;11280.08;4979.98;32419.545
2026-06-15T08:16:23.819846+02:00;dhw;19.7;66.1;85.0;30.0;45.7;57.0;1;108;1;100;16260.13;11280.08;4980.05;32419.545
2026-06-15T08:16:35.886277+02:00;dhw;19.7;67.0;85.0;30.0;45.7;57.0;1;108;1;100;16260.17;11280.08;4980.09;32419.645
2026-06-15T08:16:46.745399+02:00;dhw;19.7;68.1;85.0;30.0;45.8;57.0;1;108;1;100;16260.23;11280.08;4980.15;32419.645
2026-06-15T08:16:57.507996+02:00;dhw;19.7;68.9;85.0;30.0;46.0;57.0;1;108;1;100;16260.27;11280.08;4980.19;32419.645
2026-06-15T08:17:08.375259+02:00;dhw;19.7;69.5;85.0;30.0;46.2;57.0;1;108;1;100;16260.31;11280.08;4980.23;32419.645
2026-06-15T08:17:19.566596+02:00;dhw;19.7;70.0;85.0;30.0;46.3;57.0;1;108;1;100;16260.35;11280.08;4980.27;32419.645
2026-06-15T08:17:30.424083+02:00;dhw;19.7;70.6;85.0;30.0;46.5;57.0;1;108;1;100;16260.39;11280.08;4980.32;32419.645
2026-06-15T08:17:41.573296+02:00;dhw;19.7;71.0;85.0;30.0;46.6;57.0;1;108;1;100;16260.43;11280.08;4980.36;32419.645
2026-06-15T08:17:53.327477+02:00;dhw;19.7;71.5;85.0;30.0;46.8;57.0;1;108;1;100;16260.48;11280.08;4980.4;32419.645
2026-06-15T08:18:04.882297+02:00;dhw;19.7;72.1;85.0;30.0;47.0;57.0;1;108;1;100;16260.54;11280.08;4980.46;32419.645
2026-06-15T08:18:15.940037+02:00;dhw;19.7;72.6;85.0;30.0;47.4;57.0;1;108;1;100;16260.6;11280.08;4980.52;32419.645
2026-06-15T08:18:28.430761+02:00;dhw;19.7;72.9;85.0;30.0;47.6;57.0;1;108;1;100;16260.64;11280.08;4980.57;32419.645
2026-06-15T08:18:39.431310+02:00;dhw;19.7;73.1;85.0;30.0;47.8;57.0;1;108;1;100;16260.68;11280.08;4980.61;32419.645
2026-06-15T08:18:50.740947+02:00;dhw;19.7;73.4;85.0;30.0;48.0;57.0;1;108;1;100;16260.73;11280.08;4980.65;32419.645
2026-06-15T08:19:03.694067+02:00;dhw;19.7;73.9;85.0;30.0;48.1;57.0;1;108;1;100;16260.77;11280.08;4980.69;32419.645
2026-06-15T08:19:14.869319+02:00;dhw;19.7;74.0;85.0;30.0;48.4;57.0;1;108;1;100;16260.81;11280.08;4980.73;32419.645
2026-06-15T08:19:26.170377+02:00;dhw;19.7;74.6;85.0;30.0;48.7;57.0;1;108;1;100;16260.9;11280.08;4980.82;32419.645
2026-06-15T08:19:39.196998+02:00;dhw;19.7;74.8;85.0;30.0;48.8;57.0;1;108;1;100;16260.94;11280.08;4980.86;32419.645
2026-06-15T08:19:50.356728+02:00;dhw;19.7;75.1;85.0;30.0;49.0;57.0;1;108;1;100;16260.98;11280.08;4980.9;32419.645
2026-06-15T08:20:01.223587+02:00;dhw;19.7;75.4;85.0;31.0;49.1;57.0;1;108;1;100;16261.02;11280.08;4980.94;32419.645
2026-06-15T08:20:12.523026+02:00;dhw;19.7;75.5;85.0;31.0;49.3;57.0;1;108;1;100;16261.06;11280.08;4980.98;32419.645
2026-06-15T08:20:23.326701+02:00;dhw;19.7;75.8;85.0;31.0;49.4;57.0;1;108;1;100;16261.11;11280.08;4981.03;32419.645
2026-06-15T08:20:35.761292+02:00;dhw;19.7;76.1;85.0;31.0;49.6;57.0;1;108;1;100;16261.16;11280.08;4981.08;32419.645
2026-06-15T08:20:46.561436+02:00;dhw;19.7;76.4;85.0;31.0;49.8;57.0;1;108;1;100;16261.23;11280.08;4981.15;32419.744
2026-06-15T08:20:57.680567+02:00;dhw;19.7;76.4;85.0;31.0;49.8;57.0;1;108;1;100;16261.23;11280.08;4981.15;32419.744
2026-06-15T08:21:08.321431+02:00;dhw;19.7;76.8;85.0;31.0;50.1;57.0;1;108;1;100;16261.31;11280.08;4981.24;32419.744
2026-06-15T08:21:19.020066+02:00;dhw;19.7;77.0;85.0;31.0;50.2;57.0;1;108;1;100;16261.35;11280.08;4981.28;32419.744
2026-06-15T08:21:29.625066+02:00;dhw;19.7;77.3;85.0;31.0;50.4;57.0;1;108;1;100;16261.4;11280.08;4981.32;32419.744
2026-06-15T08:21:40.317841+02:00;dhw;19.7;77.4;85.0;31.0;50.5;57.0;1;108;1;100;16261.44;11280.08;4981.36;32419.744
2026-06-15T08:21:51.001124+02:00;dhw;19.7;77.6;85.0;31.0;50.6;57.0;1;108;1;100;16261.48;11280.08;4981.4;32419.744
2026-06-15T08:22:01.886481+02:00;dhw;19.7;77.9;85.0;31.0;50.8;57.0;1;108;1;100;16261.52;11280.08;4981.44;32419.744
2026-06-15T08:22:12.586851+02:00;dhw;19.7;78.0;85.0;31.0;50.9;57.0;1;108;1;100;16261.56;11280.08;4981.49;32419.744
2026-06-15T08:22:23.179512+02:00;dhw;19.7;78.2;85.0;31.0;51.2;57.0;1;108;1;100;16261.61;11280.08;4981.53;32419.744
2026-06-15T08:22:33.832615+02:00;dhw;19.7;78.3;85.0;31.0;51.3;57.0;1;108;1;100;16261.65;11280.08;4981.57;32419.744
2026-06-15T08:22:44.523807+02:00;dhw;19.7;78.6;85.0;31.0;51.6;57.0;1;108;1;100;16261.69;11280.08;4981.61;32419.744
2026-06-15T08:22:55.127191+02:00;dhw;19.7;79.0;85.0;31.0;51.8;57.0;1;108;1;100;16261.77;11280.08;4981.7;32419.744
2026-06-15T08:23:05.751267+02:00;dhw;19.7;79.1;85.0;31.0;51.9;57.0;1;108;1;100;16261.81;11280.08;4981.74;32419.744
2026-06-15T08:23:16.584919+02:00;dhw;19.7;79.5;85.0;31.0;52.1;57.0;1;108;1;100;16261.86;11280.08;4981.78;32419.744
2026-06-15T08:23:27.275091+02:00;dhw;19.7;79.6;85.0;31.0;52.2;57.0;1;108;1;100;16261.9;11280.08;4981.82;32419.744
2026-06-15T08:23:37.972793+02:00;dhw;19.7;79.8;85.0;31.0;52.4;57.0;1;108;1;100;16261.94;11280.08;4981.86;32419.744
2026-06-15T08:23:48.782663+02:00;dhw;19.7;79.9;85.0;31.0;52.6;57.0;1;108;1;100;16261.98;11280.08;4981.91;32419.744
2026-06-15T08:23:59.640274+02:00;dhw;19.7;80.1;85.0;31.0;52.8;57.0;1;108;1;100;16262.02;11280.08;4981.95;32419.744
2026-06-15T08:24:10.702460+02:00;dhw;19.7;80.3;85.0;31.0;52.9;57.0;1;108;1;100;16262.07;11280.08;4981.99;32419.744
2026-06-15T08:24:21.517447+02:00;dhw;19.7;80.4;85.0;31.0;53.2;57.0;1;108;1;100;16262.11;11280.08;4982.03;32419.744
2026-06-15T08:24:32.417822+02:00;dhw;19.7;80.7;85.0;31.0;53.4;57.0;1;108;1;100;16262.15;11280.08;4982.07;32419.744
2026-06-15T08:24:43.363780+02:00;dhw;19.7;80.7;85.0;31.0;53.5;57.0;1;108;1;100;16262.19;11280.08;4982.11;32419.744
2026-06-15T08:24:54.998824+02:00;dhw;19.7;81.1;85.0;31.0;53.8;57.0;1;108;1;100;16262.24;11280.08;4982.16;32419.844
2026-06-15T08:25:05.849530+02:00;dhw;19.7;81.4;85.0;31.0;54.0;57.0;1;108;1;100;16262.32;11280.08;4982.24;32419.844
2026-06-15T08:25:16.610057+02:00;dhw;19.7;81.5;85.0;31.0;54.2;57.0;1;108;1;100;16262.36;11280.08;4982.28;32419.844
2026-06-15T08:25:27.553696+02:00;dhw;19.7;81.7;85.0;31.0;54.3;57.0;1;108;1;100;16262.4;11280.08;4982.32;32419.844
2026-06-15T08:25:38.616451+02:00;dhw;19.7;81.9;85.0;31.0;54.5;57.0;1;108;1;100;16262.44;11280.08;4982.36;32419.844
2026-06-15T08:25:49.454502+02:00;dhw;19.7;82.0;85.0;31.0;54.7;57.0;1;108;1;100;16262.48;11280.08;4982.41;32419.844
2026-06-15T08:26:00.055660+02:00;dhw;19.7;82.0;85.0;31.0;54.9;57.0;1;108;1;100;16262.48;11280.08;4982.41;32419.844
2026-06-15T08:26:13.042160+02:00;dhw;19.7;82.4;85.0;31.0;55.2;57.0;1;108;1;100;16262.57;11280.08;4982.49;32419.844
2026-06-15T08:26:23.673849+02:00;dhw;19.7;82.7;85.0;31.0;55.6;57.0;1;108;1;100;16262.65;11280.08;4982.58;32419.844
2026-06-15T08:26:35.252402+02:00;dhw;19.7;82.8;85.0;31.0;55.7;57.0;1;108;1;100;16262.69;11280.08;4982.62;32419.844
2026-06-15T08:26:46.197946+02:00;dhw;19.7;83.0;85.0;31.0;55.9;57.0;1;108;1;100;16262.73;11280.08;4982.66;32419.844
2026-06-15T08:26:56.869019+02:00;dhw;19.7;83.2;85.0;31.0;56.1;57.0;1;108;1;100;16262.78;11280.08;4982.7;32419.844
2026-06-15T08:27:07.555602+02:00;dhw;19.7;83.4;85.0;31.0;56.3;57.0;1;108;1;100;16262.82;11280.08;4982.74;32419.844
2026-06-15T08:27:18.191033+02:00;dhw;19.7;83.5;85.0;31.0;56.5;57.0;1;108;1;100;16262.86;11280.08;4982.79;32419.844
2026-06-15T08:27:29.003703+02:00;dhw;19.7;83.7;85.0;31.0;56.7;57.0;1;108;1;100;16262.9;11280.08;4982.82;32419.844
2026-06-15T08:27:39.858263+02:00;standby;19.7;84.2;85.0;31.0;56.9;57.0;0;108;1;100;16262.96;11280.08;4982.89;32419.844
2026-06-15T08:27:50.858348+02:00;standby;19.7;83.6;85.0;31.0;57.2;57.0;0;0;1;10;16262.96;11280.08;4982.89;32419.844
2026-06-15T08:28:01.469948+02:00;standby;19.7;81.8;85.0;31.0;57.4;57.0;0;0;1;10;16262.96;11280.08;4982.89;32419.844
2026-06-15T08:28:12.325492+02:00;standby;19.7;78.8;85.0;31.0;57.6;57.0;0;0;1;10;16262.96;11280.08;4982.89;32419.844
2026-06-15T08:28:22.858367+02:00;standby;19.7;75.8;85.0;31.0;57.8;57.0;0;0;1;10;16262.96;11280.08;4982.89;32419.844
2026-06-15T08:28:33.397827+02:00;standby;19.7;74.3;85.0;31.0;58.1;57.0;0;0;1;10;16262.96;11280.08;4982.89;32419.844
2026-06-15T08:29:34.030380+02:00;standby;19.7;67.1;5.0;31.0;58.8;57.0;0;0;1;10;16262.96;11280.08;4982.89;32419.844
2026-06-15T08:30:34.757188+02:00;standby;19.7;63.3;5.0;31.0;59.4;57.0;0;0;1;10;16262.96;11280.08;4982.89;32419.844
2026-06-15T08:31:35.293603+02:00;standby;19.7;63.7;5.0;31.0;59.7;57.0;0;0;0;0;16262.96;11280.08;4982.89;32419.844
2026-06-15T08:32:35.914611+02:00;standby;19.7;64.2;5.0;31.0;59.8;57.0;0;0;0;0;16262.96;11280.08;4982.89;32419.844
2026-06-15T08:33:36.457464+02:00;standby;19.7;64.3;5.0;31.0;59.9;57.0;0;0;0;0;16262.96;11280.08;4982.89;32419.844
2026-06-15T08:34:37.046636+02:00;standby;19.7;64.4;5.0;31.0;59.9;57.0;0;0;0;0;16262.96;11280.08;4982.89;32419.844
2026-06-15T08:35:37.662436+02:00;standby;19.7;64.3;5.0;31.0;60.0;57.0;0;0;0;0;16262.96;11280.08;4982.89;32419.844
2026-06-15T08:36:38.221358+02:00;standby;19.7;64.3;5.0;31.0;60.0;57.0;0;0;0;0;16262.96;11280.08;4982.89;32419.844
2026-06-15T08:37:38.778873+02:00;standby;19.7;64.2;5.0;31.0;60.0;57.0;0;0;0;0;16262.96;11280.08;4982.89;32419.844
2026-06-15T08:38:39.319813+02:00;standby;19.7;64.1;5.0;31.0;60.0;57.0;0;0;0;0;16262.96;11280.08;4982.89;32419.844
2026-06-15T08:39:40.091362+02:00;standby;19.7;64.0;5.0;31.0;60.0;57.0;0;0;0;0;16262.96;11280.08;4982.89;32419.844
2026-06-15T08:40:40.661014+02:00;standby;19.7;63.8;5.0;31.0;59.9;57.0;0;0;0;0;16262.96;11280.08;4982.89;32419.844
2026-06-15T08:41:42.532060+02:00;standby;19.7;63.7;5.0;31.0;59.9;57.0;0;0;0;0;16262.96;11280.08;4982.89;32419.844
2026-06-15T08:42:43.080963+02:00;standby;19.7;63.6;5.0;31.0;59.9;57.0;0;0;0;0;16262.96;11280.08;4982.89;32419.844
2026-06-15T08:43:43.653635+02:00;standby;19.7;63.4;5.0;31.0;59.9;57.0;0;0;0;0;16262.96;11280.08;4982.89;32419.844
2026-06-15T08:44:44.269964+02:00;standby;19.7;63.3;5.0;31.0;59.9;57.0;0;0;0;0;16262.96;11280.08;4982.89;32419.844
2026-06-15T08:45:44.808954+02:00;standby;19.7;63.1;5.0;31.0;59.9;57.0;0;0;0;0;16262.96;11280.08;4982.89;32419.844
2026-06-15T08:46:45.364028+02:00;standby;19.7;63.0;5.0;31.0;59.9;57.0;0;0;0;0;16262.96;11280.08;4982.89;32419.844
2026-06-15T08:47:46.227230+02:00;standby;19.7;62.9;5.0;31.0;59.9;57.0;0;0;0;0;16262.96;11280.08;4982.89;32419.844
2026-06-15T08:48:46.762574+02:00;standby;19.7;62.7;5.0;31.0;59.9;57.0;0;0;0;0;16262.96;11280.08;4982.89;32419.844
2026-06-15T08:49:47.475475+02:00;standby;19.7;62.6;5.0;31.0;59.9;57.0;0;0;0;0;16262.96;11280.08;4982.89;32419.844
2026-06-15T08:50:48.096646+02:00;standby;19.7;62.4;5.0;31.0;59.9;57.0;0;0;0;0;16262.96;11280.08;4982.89;32419.844
2026-06-15T08:51:48.629509+02:00;standby;19.7;62.2;5.0;31.0;59.9;57.0;0;0;0;0;16262.96;11280.08;4982.89;32419.844
2026-06-15T08:52:49.170415+02:00;standby;19.7;62.1;5.0;31.0;59.9;57.0;0;0;0;0;16262.96;11280.08;4982.89;32419.844
2026-06-15T08:53:49.675724+02:00;standby;19.7;62.0;5.0;31.0;59.9;57.0;0;0;0;0;16262.96;11280.08;4982.89;32419.844
2026-06-15T08:54:50.177145+02:00;standby;19.7;61.9;5.0;31.0;59.8;57.0;0;0;0;0;16262.96;11280.08;4982.89;32419.844
2026-06-15T08:55:50.694257+02:00;standby;19.7;61.6;5.0;31.0;59.9;57.0;0;0;0;0;16262.96;11280.08;4982.89;32419.844
2026-06-15T08:56:51.352181+02:00;standby;19.7;61.5;5.0;31.0;59.8;57.0;0;0;0;0;16262.96;11280.08;4982.89;32419.844
2026-06-15T08:57:52.054779+02:00;standby;19.7;61.4;5.0;31.0;59.8;57.0;0;0;0;0;16262.96;11280.08;4982.89;32419.844
2026-06-15T08:58:52.583168+02:00;standby;19.7;61.3;5.0;31.0;59.8;57.0;0;0;0;0;16262.96;11280.08;4982.89;32419.844
2026-06-15T08:59:53.194745+02:00;standby;19.3;61.0;5.0;31.0;59.8;57.0;0;0;0;0;16262.96;11280.08;4982.89;32419.844
2026-06-15T09:00:53.936335+02:00;standby;19.3;60.9;5.0;31.0;59.8;57.0;0;0;0;0;16262.96;11280.08;4982.89;32419.844
2026-06-15T09:01:54.459309+02:00;standby;19.3;60.8;5.0;31.0;59.8;57.0;0;0;0;0;16262.96;11280.08;4982.89;32419.844
2026-06-15T09:02:55.004911+02:00;standby;19.3;60.6;5.0;31.0;59.8;57.0;0;0;0;0;16262.96;11280.08;4982.89;32419.844
2026-06-15T09:03:55.600507+02:00;standby;19.3;60.5;5.0;31.0;59.8;57.0;0;0;0;0;16262.96;11280.08;4982.89;32419.844
2026-06-15T09:04:56.190542+02:00;standby;19.3;60.2;5.0;31.0;59.8;57.0;0;0;0;0;16262.96;11280.08;4982.89;32419.844
2026-06-15T09:05:56.810786+02:00;standby;19.3;60.1;5.0;31.0;59.8;57.0;0;0;0;0;16262.96;11280.08;4982.89;32419.844
2026-06-15T09:06:57.413001+02:00;standby;19.3;60.0;5.0;31.0;59.8;57.0;0;0;0;0;16262.96;11280.08;4982.89;32419.844
2026-06-15T09:07:58.284835+02:00;standby;19.3;59.8;5.0;31.0;59.8;57.0;0;0;0;0;16262.96;11280.08;4982.89;32419.844
2026-06-15T09:08:58.889117+02:00;standby;19.3;59.7;5.0;31.0;59.7;57.0;0;0;0;0;16262.96;11280.08;4982.89;32419.844
2026-06-15T09:09:59.534143+02:00;standby;19.3;59.5;5.0;31.0;59.7;57.0;0;0;0;0;16262.96;11280.08;4982.89;32419.844
2026-06-15T09:11:00.141491+02:00;standby;19.3;59.3;5.0;31.0;59.7;57.0;0;0;0;0;16262.96;11280.08;4982.89;32419.844
2026-06-15T09:12:00.762467+02:00;standby;19.3;59.2;5.0;31.0;59.7;57.0;0;0;0;0;16262.96;11280.08;4982.89;32419.844
2026-06-15T09:13:01.286541+02:00;standby;19.3;59.0;5.0;31.0;59.7;57.0;0;0;0;0;16262.96;11280.08;4982.89;32419.844
2026-06-15T09:14:01.914092+02:00;standby;19.3;58.9;5.0;31.0;59.7;57.0;0;0;0;0;16262.96;11280.08;4982.89;32419.844
2026-06-15T09:15:02.737453+02:00;standby;19.3;58.6;5.0;31.0;59.7;57.0;0;0;0;0;16262.96;11280.08;4982.89;32419.844
2026-06-15T09:16:03.349751+02:00;standby;19.3;58.5;5.0;31.0;59.7;57.0;0;0;0;0;16262.96;11280.08;4982.89;32419.844
2026-06-15T09:17:04.157508+02:00;standby;19.3;58.4;5.0;31.0;59.7;57.0;0;0;0;0;16262.96;11280.08;4982.89;32419.844
2026-06-15T09:18:04.689087+02:00;standby;19.3;58.2;5.0;31.0;59.7;57.0;0;0;0;0;16262.96;11280.08;4982.89;32419.844
2026-06-15T09:19:05.228565+02:00;standby;19.3;58.1;5.0;31.0;59.7;57.0;0;0;0;0;16262.96;11280.08;4982.89;32419.844
2026-06-15T09:20:05.738298+02:00;standby;19.3;58.0;5.0;31.0;59.7;57.0;0;0;0;0;16262.96;11280.08;4982.89;32419.844
2026-06-15T09:21:06.450132+02:00;standby;19.3;57.7;5.0;31.0;59.6;57.0;0;0;0;0;16262.96;11280.08;4982.89;32419.844
2026-06-15T09:22:06.989533+02:00;standby;19.3;57.6;5.0;31.0;59.6;57.0;0;0;0;0;16262.96;11280.08;4982.89;32419.844
2026-06-15T09:23:07.483612+02:00;standby;19.3;57.5;5.0;31.0;59.6;57.0;0;0;0;0;16262.96;11280.08;4982.89;32419.844
2026-06-15T09:24:08.101209+02:00;standby;19.3;57.3;5.0;31.0;59.6;57.0;0;0;0;0;16262.96;11280.08;4982.89;32419.844
2026-06-15T09:25:08.747535+02:00;standby;19.3;57.2;5.0;31.0;59.6;57.0;0;0;0;0;16262.96;11280.08;4982.89;32419.844
2026-06-15T09:26:09.368566+02:00;standby;19.3;56.9;5.0;31.0;59.6;57.0;0;0;0;0;16262.96;11280.08;4982.89;32419.844
2026-06-15T09:27:09.928467+02:00;standby;19.3;56.8;5.0;31.0;59.6;57.0;0;0;0;0;16262.96;11280.08;4982.89;32419.844
2026-06-15T09:28:10.485351+02:00;standby;19.3;56.6;5.0;31.0;59.6;57.0;0;0;0;0;16262.96;11280.08;4982.89;32419.844
2026-06-15T09:29:11.235059+02:00;standby;19.3;56.5;5.0;31.0;59.6;57.0;0;0;0;0;16262.96;11280.08;4982.89;32419.844
2026-06-15T09:30:11.795073+02:00;standby;19.3;56.4;5.0;31.0;59.6;57.0;0;0;0;0;16262.96;11280.08;4982.89;32419.844
2026-06-15T09:31:12.312327+02:00;standby;19.3;56.2;5.0;31.0;59.6;57.0;0;0;0;0;16262.96;11280.08;4982.89;32419.844
2026-06-15T09:32:13.175916+02:00;standby;19.3;56.0;5.0;31.0;59.6;57.0;0;0;0;0;16262.96;11280.08;4982.89;32419.844
2026-06-15T09:33:13.808320+02:00;standby;19.3;55.9;5.0;31.0;59.6;57.0;0;0;0;0;16262.96;11280.08;4982.89;32419.844
2026-06-15T09:34:14.341000+02:00;standby;19.3;55.8;5.0;31.0;59.5;57.0;0;0;0;0;16262.96;11280.08;4982.89;32419.844
2026-06-15T09:35:14.857772+02:00;standby;19.3;55.6;5.0;31.0;59.5;57.0;0;0;0;0;16262.96;11280.08;4982.89;32419.844
2026-06-15T09:36:15.568568+02:00;standby;19.3;55.5;5.0;31.0;59.5;57.0;0;0;0;0;16262.96;11280.08;4982.89;32419.844
2026-06-15T09:37:16.289950+02:00;standby;19.3;55.2;5.0;31.0;59.5;57.0;0;0;0;0;16262.96;11280.08;4982.89;32419.844
2026-06-15T09:38:17.147583+02:00;standby;19.3;55.1;5.0;31.0;59.5;57.0;0;0;0;0;16262.96;11280.08;4982.89;32419.844
2026-06-15T09:39:17.766619+02:00;standby;19.3;55.0;5.0;31.0;59.5;57.0;0;0;0;0;16262.96;11280.08;4982.89;32419.844
2026-06-15T09:40:18.353266+02:00;standby;19.3;54.8;5.0;31.0;59.5;57.0;0;0;0;0;16262.96;11280.08;4982.89;32419.844
2026-06-15T09:41:18.971540+02:00;standby;19.3;54.7;5.0;31.0;59.5;57.0;0;0;0;0;16262.96;11280.08;4982.89;32419.844
2026-06-15T09:42:19.514403+02:00;standby;19.3;54.6;5.0;31.0;59.5;57.0;0;0;0;0;16262.96;11280.08;4982.89;32419.844
2026-06-15T09:43:20.112862+02:00;standby;19.3;54.4;5.0;31.0;59.5;57.0;0;0;0;0;16262.96;11280.08;4982.89;32419.844
2026-06-15T09:44:20.760288+02:00;standby;19.3;54.2;5.0;31.0;59.5;57.0;0;0;0;0;16262.96;11280.08;4982.89;32419.844
2026-06-15T09:45:21.480981+02:00;standby;19.3;54.1;5.0;31.0;59.5;57.0;0;0;0;0;16262.96;11280.08;4982.89;32419.844
2026-06-15T09:46:22.420154+02:00;standby;19.3;54.0;5.0;31.0;59.5;57.0;0;0;0;0;16262.96;11280.08;4982.89;32419.844
2026-06-15T09:47:22.962996+02:00;standby;19.3;53.9;5.0;31.0;59.5;57.0;0;0;0;0;16262.96;11280.08;4982.89;32419.844
2026-06-15T09:48:23.554894+02:00;standby;19.3;53.7;5.0;31.0;59.4;57.0;0;0;0;0;16262.96;11280.08;4982.89;32419.844
2026-06-15T09:49:24.377128+02:00;standby;19.3;53.6;5.0;31.0;59.4;57.0;0;0;0;0;16262.96;11280.08;4982.89;32419.844
2026-06-15T09:50:25.516743+02:00;standby;19.3;53.3;5.0;31.0;59.4;57.0;0;0;0;0;16262.96;11280.08;4982.89;32419.844
2026-06-15T09:51:26.055460+02:00;standby;19.3;53.2;5.0;31.0;59.4;57.0;0;0;0;0;16262.96;11280.08;4982.89;32419.844
2026-06-15T09:52:26.578621+02:00;standby;19.3;53.1;5.0;31.0;59.4;57.0;0;0;0;0;16262.96;11280.08;4982.89;32419.844
2026-06-15T09:53:27.148904+02:00;standby;19.3;53.0;5.0;31.0;59.4;57.0;0;0;0;0;16262.96;11280.08;4982.89;32419.844
2026-06-15T09:54:27.740453+02:00;standby;19.3;52.9;5.0;31.0;59.4;57.0;0;0;0;0;16262.96;11280.08;4982.89;32419.844
2026-06-15T09:55:28.292879+02:00;standby;19.3;52.7;5.0;31.0;59.4;57.0;0;0;0;0;16262.96;11280.08;4982.89;32419.844
2026-06-15T09:56:28.839642+02:00;standby;19.3;52.6;5.0;31.0;59.4;57.0;0;0;0;0;16262.96;11280.08;4982.89;32419.844
2026-06-15T09:57:29.354217+02:00;standby;19.3;52.4;5.0;31.0;59.4;57.0;0;0;0;0;16262.96;11280.08;4982.89;32419.844
2026-06-15T09:58:31.595417+02:00;standby;19.3;52.3;5.0;31.0;59.3;57.0;0;0;0;0;16262.96;11280.08;4982.89;32419.844
2026-06-15T09:59:32.137434+02:00;standby;19.3;52.2;5.0;31.0;59.3;57.0;0;0;0;0;16262.96;11280.08;4982.89;32419.844
2026-06-15T10:00:32.666510+02:00;standby;19.4;52.0;5.0;31.0;59.3;57.0;0;0;0;0;16262.96;11280.08;4982.89;32419.844
2026-06-15T10:01:33.370459+02:00;standby;19.4;51.9;5.0;31.0;59.3;57.0;0;0;0;0;16262.96;11280.08;4982.89;32419.844
2026-06-15T10:02:33.901351+02:00;standby;19.4;51.8;5.0;31.0;59.3;57.0;0;0;0;0;16262.96;11280.08;4982.89;32419.844
2026-06-15T10:03:34.414763+02:00;standby;19.4;51.7;5.0;31.0;59.3;57.0;0;0;0;0;16262.96;11280.08;4982.89;32419.844
2026-06-15T10:04:34.914151+02:00;standby;19.4;51.4;5.0;31.0;59.3;57.0;0;0;0;0;16262.96;11280.08;4982.89;32419.844
2026-06-15T10:05:35.473361+02:00;standby;19.4;51.3;5.0;31.0;59.3;57.0;0;0;0;0;16262.96;11280.08;4982.89;32419.844
2026-06-15T10:06:36.053844+02:00;standby;19.4;51.2;5.0;31.0;59.2;57.0;0;0;0;0;16262.96;11280.08;4982.89;32419.844
2026-06-15T10:07:36.678311+02:00;standby;19.4;51.1;5.0;31.0;59.2;57.0;0;0;0;0;16262.96;11280.08;4982.89;32419.844
2026-06-15T10:08:37.231462+02:00;standby;19.4;51.0;5.0;31.0;59.2;57.0;0;0;0;0;16262.96;11280.08;4982.89;32419.844
2026-06-15T10:09:37.751283+02:00;standby;19.4;50.9;5.0;31.0;59.2;57.0;0;0;0;0;16262.96;11280.08;4982.89;32419.844
2026-06-15T10:10:38.350056+02:00;standby;19.4;50.8;5.0;31.0;59.2;57.0;0;0;0;0;16262.96;11280.08;4982.89;32419.844
2026-06-15T10:11:38.887196+02:00;standby;19.4;50.6;5.0;31.0;59.2;57.0;0;0;0;0;16262.96;11280.08;4982.89;32419.844
2026-06-15T10:12:39.401652+02:00;standby;19.4;50.4;5.0;31.0;59.2;57.0;0;0;0;0;16262.96;11280.08;4982.89;32419.844
2026-06-15T10:13:40.213749+02:00;standby;19.4;50.3;5.0;31.0;59.2;57.0;0;0;0;0;16262.96;11280.08;4982.89;32419.844
2026-06-15T10:14:40.742602+02:00;standby;19.4;50.2;5.0;31.0;59.2;57.0;0;0;0;0;16262.96;11280.08;4982.89;32419.844
2026-06-15T10:15:41.276341+02:00;standby;19.4;50.1;5.0;31.0;59.2;57.0;0;0;0;0;16262.96;11280.08;4982.89;32419.844
2026-06-15T10:16:41.862578+02:00;standby;19.4;50.0;5.0;31.0;59.2;57.0;0;0;0;0;16262.96;11280.08;4982.89;32419.844
2026-06-15T10:17:42.590385+02:00;standby;19.4;49.9;5.0;31.0;59.2;57.0;0;0;0;0;16262.96;11280.08;4982.89;32419.844
2026-06-15T10:18:43.140632+02:00;standby;19.4;49.8;5.0;31.0;59.2;57.0;0;0;0;0;16262.96;11280.08;4982.89;32419.844
2026-06-15T10:19:43.935830+02:00;standby;19.4;49.7;5.0;31.0;59.1;57.0;0;0;0;0;16262.96;11280.08;4982.89;32419.844
2026-06-15T10:20:44.554774+02:00;standby;19.4;49.4;5.0;31.0;59.1;57.0;0;0;0;0;16262.96;11280.08;4982.89;32419.844
2026-06-15T10:21:45.111959+02:00;standby;19.4;49.3;5.0;31.0;59.1;57.0;0;0;0;0;16262.96;11280.08;4982.89;32419.844
2026-06-15T10:22:46.325771+02:00;standby;19.4;49.2;5.0;31.0;59.1;57.0;0;0;0;0;16262.96;11280.08;4982.89;32419.844
2026-06-15T10:23:46.863871+02:00;standby;19.4;49.1;5.0;31.0;59.1;57.0;0;0;0;0;16262.96;11280.08;4982.89;32419.844
2026-06-15T10:24:47.450558+02:00;standby;19.4;49.0;5.0;31.0;59.1;57.0;0;0;0;0;16262.96;11280.08;4982.89;32419.844
2026-06-15T10:25:48.382634+02:00;standby;19.4;48.9;5.0;31.0;59.1;57.0;0;0;0;0;16262.96;11280.08;4982.89;32419.844
2026-06-15T10:26:48.947295+02:00;standby;19.4;48.7;5.0;31.0;59.1;57.0;0;0;0;0;16262.96;11280.08;4982.89;32419.844
2026-06-15T10:27:49.750658+02:00;standby;19.4;48.6;5.0;31.0;59.1;57.0;0;0;0;0;16262.96;11280.08;4982.89;32419.844
2026-06-15T10:28:50.270586+02:00;standby;19.4;48.5;5.0;31.0;59.1;57.0;0;0;0;0;16262.96;11280.08;4982.89;32419.844
2026-06-15T10:29:51.280272+02:00;standby;19.4;48.4;5.0;31.0;59.1;57.0;0;0;0;0;16262.96;11280.08;4982.89;32419.844
2026-06-15T10:30:51.934523+02:00;standby;19.4;48.3;5.0;31.0;58.9;57.0;0;0;0;0;16262.96;11280.08;4982.89;32419.844
2026-06-15T10:31:52.446618+02:00;standby;19.4;48.2;5.0;31.0;58.9;57.0;0;0;0;0;16262.96;11280.08;4982.89;32419.844
2026-06-15T10:32:53.044797+02:00;standby;19.4;48.1;5.0;31.0;58.9;57.0;0;0;0;0;16262.96;11280.08;4982.89;32419.844
2026-06-15T10:33:53.584385+02:00;standby;19.4;48.0;5.0;30.0;58.9;57.0;0;0;0;0;16262.96;11280.08;4982.89;32419.844
2026-06-15T10:34:54.213278+02:00;standby;19.4;47.8;5.0;30.0;58.9;57.0;0;0;0;0;16262.96;11280.08;4982.89;32419.844
2026-06-15T10:35:54.902686+02:00;standby;19.4;47.7;5.0;30.0;58.9;57.0;0;0;0;0;16262.96;11280.08;4982.89;32419.844
2026-06-15T10:36:55.423108+02:00;standby;19.4;47.6;5.0;30.0;58.9;57.0;0;0;0;0;16262.96;11280.08;4982.89;32419.844
2026-06-15T10:37:55.988299+02:00;standby;19.4;47.5;5.0;30.0;58.9;57.0;0;0;0;0;16262.96;11280.08;4982.89;32419.844
2026-06-15T10:38:56.491807+02:00;standby;19.4;47.4;5.0;30.0;58.9;57.0;0;0;0;0;16262.96;11280.08;4982.89;32419.844
2026-06-15T10:39:57.521340+02:00;standby;19.4;47.3;5.0;30.0;58.9;57.0;0;0;0;0;16262.96;11280.08;4982.89;32419.844
2026-06-15T10:40:58.335490+02:00;standby;19.4;47.2;5.0;30.0;58.9;57.0;0;0;0;0;16262.96;11280.08;4982.89;32419.844
2026-06-15T10:41:58.935406+02:00;standby;19.4;47.0;5.0;30.0;58.8;57.0;0;0;0;0;16262.96;11280.08;4982.89;32419.844
2026-06-15T10:43:00.019764+02:00;standby;19.4;46.9;5.0;30.0;58.8;57.0;0;0;0;0;16262.96;11280.08;4982.89;32419.844
2026-06-15T10:44:00.538618+02:00;standby;19.4;46.8;5.0;30.0;58.8;57.0;0;0;0;0;16262.96;11280.08;4982.89;32419.844
2026-06-15T10:45:01.126935+02:00;standby;19.4;46.8;5.0;30.0;58.8;57.0;0;0;0;0;16262.96;11280.08;4982.89;32419.844
2026-06-15T10:46:01.744553+02:00;standby;19.4;46.7;5.0;30.0;58.8;57.0;0;0;0;0;16262.96;11280.08;4982.89;32419.844
2026-06-15T10:47:02.273315+02:00;standby;19.4;46.6;5.0;30.0;58.8;57.0;0;0;0;0;16262.96;11280.08;4982.89;32419.844
2026-06-15T10:48:02.911539+02:00;standby;19.4;46.5;5.0;30.0;58.8;57.0;0;0;0;0;16262.96;11280.08;4982.89;32419.844
2026-06-15T10:49:03.414159+02:00;standby;19.4;46.4;5.0;30.0;58.8;57.0;0;0;0;0;16262.96;11280.08;4982.89;32419.844
2026-06-15T10:50:03.943494+02:00;standby;19.4;46.2;5.0;30.0;58.8;57.0;0;0;0;0;16262.96;11280.08;4982.89;32419.844
2026-06-15T10:51:04.589419+02:00;standby;19.4;46.1;5.0;30.0;58.8;57.0;0;0;0;0;16262.96;11280.08;4982.89;32419.844
2026-06-15T10:52:05.912774+02:00;standby;19.4;46.0;5.0;30.0;58.8;57.0;0;0;0;0;16262.96;11280.08;4982.89;32419.844
2026-06-15T10:53:06.441157+02:00;standby;19.4;45.9;5.0;30.0;58.7;57.0;0;0;0;0;16262.96;11280.08;4982.89;32419.844
2026-06-15T10:54:06.943852+02:00;standby;19.4;45.8;5.0;30.0;58.7;57.0;0;0;0;0;16262.96;11280.08;4982.89;32419.844
2026-06-15T10:55:07.546342+02:00;standby;19.4;45.8;5.0;30.0;58.7;57.0;0;0;0;0;16262.96;11280.08;4982.89;32419.844
2026-06-15T10:56:08.701175+02:00;standby;19.4;45.7;5.0;30.0;58.7;57.0;0;0;0;0;16262.96;11280.08;4982.89;32419.844
2026-06-15T10:57:09.335428+02:00;standby;19.4;45.6;5.0;30.0;58.7;57.0;0;0;0;0;16262.96;11280.08;4982.89;32419.844
2026-06-15T10:58:09.845569+02:00;standby;19.4;45.5;5.0;30.0;58.7;57.0;0;0;0;0;16262.96;11280.08;4982.89;32419.844
2026-06-15T10:59:10.586099+02:00;standby;19.4;45.3;5.0;30.0;58.7;57.0;0;0;0;0;16262.96;11280.08;4982.89;32419.844
2026-06-15T11:00:11.246118+02:00;standby;19.4;45.2;5.0;30.0;58.7;57.0;0;0;0;0;16262.96;11280.08;4982.89;32419.844
2026-06-15T11:01:11.795958+02:00;standby;19.7;45.1;5.0;30.0;58.7;57.0;0;0;0;0;16262.96;11280.08;4982.89;32419.844
2026-06-15T11:02:12.521408+02:00;standby;19.7;45.1;5.0;30.0;58.7;57.0;0;0;0;0;16262.96;11280.08;4982.89;32419.844
2026-06-15T11:03:13.138188+02:00;standby;19.7;45.0;5.0;30.0;58.7;57.0;0;0;0;0;16262.96;11280.08;4982.89;32419.844
2026-06-15T11:04:13.752463+02:00;standby;19.7;44.9;5.0;30.0;58.7;57.0;0;0;0;0;16262.96;11280.08;4982.89;32419.844
2026-06-15T11:05:14.378614+02:00;standby;19.7;44.8;5.0;30.0;58.6;57.0;0;0;0;0;16262.96;11280.08;4982.89;32419.844
2026-06-15T11:06:15.025606+02:00;standby;19.7;44.7;5.0;30.0;58.6;57.0;0;0;0;0;16262.96;11280.08;4982.89;32419.844
2026-06-15T11:07:15.648072+02:00;standby;19.7;44.7;5.0;30.0;58.6;57.0;0;0;0;0;16262.96;11280.08;4982.89;32419.844
2026-06-15T11:08:16.335448+02:00;standby;19.7;44.5;5.0;30.0;58.6;57.0;0;0;0;0;16262.96;11280.08;4982.89;32419.844
2026-06-15T11:09:16.877830+02:00;standby;19.7;44.4;5.0;30.0;58.6;57.0;0;0;0;0;16262.96;11280.08;4982.89;32419.844
2026-06-15T11:10:17.701825+02:00;standby;19.7;44.3;5.0;30.0;58.6;57.0;0;0;0;0;16262.96;11280.08;4982.89;32419.844
2026-06-15T11:11:18.227573+02:00;standby;19.7;44.2;5.0;30.0;58.6;57.0;0;0;0;0;16262.96;11280.08;4982.89;32419.844
2026-06-15T11:12:18.824339+02:00;standby;19.7;44.1;5.0;30.0;58.6;57.0;0;0;0;0;16262.96;11280.08;4982.89;32419.844
2026-06-15T11:13:19.488522+02:00;standby;19.7;44.1;5.0;30.0;58.6;57.0;0;0;0;0;16262.96;11280.08;4982.89;32419.844
2026-06-15T11:14:20.065404+02:00;standby;19.7;44.0;5.0;30.0;58.6;57.0;0;0;0;0;16262.96;11280.08;4982.89;32419.844
2026-06-15T11:15:20.910934+02:00;standby;19.7;43.9;5.0;30.0;58.6;57.0;0;0;0;0;16262.96;11280.08;4982.89;32419.844
2026-06-15T11:16:21.440415+02:00;standby;19.7;43.9;5.0;30.0;58.6;57.0;0;0;0;0;16262.96;11280.08;4982.89;32419.844
2026-06-15T11:17:22.042239+02:00;standby;19.7;43.7;5.0;30.0;58.5;57.0;0;0;0;0;16262.96;11280.08;4982.89;32419.844
2026-06-15T11:18:22.590058+02:00;standby;19.7;43.6;5.0;30.0;58.5;57.0;0;0;0;0;16262.96;11280.08;4982.89;32419.844
2026-06-15T11:19:23.083579+02:00;standby;19.7;43.5;5.0;30.0;58.5;57.0;0;0;0;0;16262.96;11280.08;4982.89;32419.844
2026-06-15T11:20:23.706443+02:00;standby;19.7;43.5;5.0;30.0;58.5;57.0;0;0;0;0;16262.96;11280.08;4982.89;32419.844
2026-06-15T11:21:24.425380+02:00;standby;19.7;43.4;5.0;30.0;58.5;57.0;0;0;0;0;16262.96;11280.08;4982.89;32419.844
2026-06-15T11:22:24.967971+02:00;standby;19.7;43.3;5.0;30.0;58.5;57.0;0;0;0;0;16262.96;11280.08;4982.89;32419.844
2026-06-15T11:23:25.777048+02:00;standby;19.7;43.2;5.0;30.0;58.5;57.0;0;0;0;0;16262.96;11280.08;4982.89;32419.844
2026-06-15T11:24:26.380853+02:00;standby;19.7;43.2;5.0;30.0;58.5;57.0;0;0;0;0;16262.96;11280.08;4982.89;32419.844
2026-06-15T11:25:26.929724+02:00;standby;19.7;43.1;5.0;30.0;58.5;57.0;0;0;0;0;16262.96;11280.08;4982.89;32419.844
2026-06-15T11:26:27.536797+02:00;standby;19.7;43.0;5.0;30.0;58.4;57.0;0;0;0;0;16262.96;11280.08;4982.89;32419.844
2026-06-15T11:27:28.077332+02:00;standby;19.7;43.0;5.0;30.0;58.4;57.0;0;0;0;0;16262.96;11280.08;4982.89;32419.844
2026-06-15T11:28:28.884173+02:00;standby;19.7;42.8;5.0;30.0;58.4;57.0;0;0;0;0;16262.96;11280.08;4982.89;32419.844
2026-06-15T11:29:29.422758+02:00;standby;19.7;42.7;5.0;30.0;58.4;57.0;0;0;0;0;16262.96;11280.08;4982.89;32419.844
2026-06-15T11:30:30.066239+02:00;standby;19.7;42.7;5.0;30.0;58.4;57.0;0;0;0;0;16262.96;11280.08;4982.89;32419.844
2026-06-15T11:31:30.773588+02:00;standby;19.7;42.6;5.0;30.0;58.4;57.0;0;0;0;0;16262.96;11280.08;4982.89;32419.844
2026-06-15T11:32:31.284229+02:00;standby;19.7;42.5;5.0;30.0;58.4;57.0;0;0;0;0;16262.96;11280.08;4982.89;32419.844
2026-06-15T11:33:31.895288+02:00;standby;19.7;42.4;5.0;30.0;58.4;57.0;0;0;0;0;16262.96;11280.08;4982.89;32419.844
2026-06-15T11:34:32.726651+02:00;standby;19.7;42.3;5.0;30.0;58.3;57.0;0;0;0;0;16262.96;11280.08;4982.89;32419.844
2026-06-15T11:35:33.349309+02:00;standby;19.7;42.3;5.0;30.0;58.3;57.0;0;0;0;0;16262.96;11280.08;4982.89;32419.844
2026-06-15T11:36:33.982063+02:00;standby;19.7;42.2;5.0;30.0;58.3;57.0;0;0;0;0;16262.96;11280.08;4982.89;32419.844
2026-06-15T11:37:34.511690+02:00;standby;19.7;42.2;5.0;30.0;58.3;57.0;0;0;0;0;16262.96;11280.08;4982.89;32419.844
2026-06-15T11:38:35.400794+02:00;standby;19.7;42.0;5.0;30.0;58.3;57.0;0;0;0;0;16262.96;11280.08;4982.89;32419.844
2026-06-15T11:39:36.016479+02:00;standby;19.7;41.9;5.0;30.0;58.3;57.0;0;0;0;0;16262.96;11280.08;4982.89;32419.844
2026-06-15T11:40:36.637209+02:00;standby;19.7;41.9;5.0;30.0;58.3;57.0;0;0;0;0;16262.96;11280.08;4982.89;32419.844
2026-06-15T11:41:37.248515+02:00;standby;19.7;41.8;5.0;30.0;58.3;57.0;0;0;0;0;16262.96;11280.08;4982.89;32419.844
2026-06-15T11:42:37.906776+02:00;standby;19.7;41.7;5.0;30.0;58.3;57.0;0;0;0;0;16262.96;11280.08;4982.89;32419.844
2026-06-15T11:43:38.948555+02:00;standby;19.7;41.7;5.0;30.0;58.3;57.0;0;0;0;0;16262.96;11280.08;4982.89;32419.844
2026-06-15T11:44:39.462152+02:00;standby;19.7;41.6;5.0;30.0;58.3;57.0;0;0;0;0;16262.96;11280.08;4982.89;32419.844
2026-06-15T11:45:39.994872+02:00;standby;19.7;41.5;5.0;30.0;58.2;57.0;0;0;0;0;16262.96;11280.08;4982.89;32419.844
2026-06-15T11:46:40.582108+02:00;standby;19.7;41.5;5.0;30.0;58.2;57.0;0;0;0;0;16262.96;11280.08;4982.89;32419.844
2026-06-15T11:47:41.301837+02:00;standby;19.7;41.4;5.0;30.0;58.2;57.0;0;0;0;0;16262.96;11280.08;4982.89;32419.844
2026-06-15T11:48:41.943106+02:00;standby;19.7;41.4;5.0;30.0;58.2;57.0;0;0;0;0;16262.96;11280.08;4982.89;32419.844
2026-06-15T11:49:42.647788+02:00;standby;19.7;41.2;5.0;30.0;58.2;57.0;0;0;0;0;16262.96;11280.08;4982.89;32419.844
2026-06-15T11:50:43.209377+02:00;standby;19.7;41.1;5.0;30.0;58.2;57.0;0;0;0;0;16262.96;11280.08;4982.89;32419.844
2026-06-15T11:51:43.806924+02:00;standby;19.7;41.1;5.0;30.0;58.2;57.0;0;0;0;0;16262.96;11280.08;4982.89;32419.844
2026-06-15T11:52:44.413391+02:00;standby;19.7;41.0;5.0;30.0;58.2;57.0;0;0;0;0;16262.96;11280.08;4982.89;32419.844
2026-06-15T11:53:45.567793+02:00;standby;19.7;40.9;5.0;30.0;58.2;57.0;0;0;0;0;16262.96;11280.08;4982.89;32419.844
2026-06-15T11:54:46.353450+02:00;standby;19.7;40.9;5.0;30.0;58.2;57.0;0;0;0;0;16262.96;11280.08;4982.89;32419.844
2026-06-15T11:55:46.911558+02:00;standby;19.7;40.8;5.0;30.0;58.1;57.0;0;0;0;0;16262.96;11280.08;4982.89;32419.844
2026-06-15T11:56:47.636452+02:00;standby;19.7;40.8;5.0;30.0;58.1;57.0;0;0;0;0;16262.96;11280.08;4982.89;32419.844
2026-06-15T11:57:48.227072+02:00;standby;19.7;40.7;5.0;30.0;58.1;57.0;0;0;0;0;16262.96;11280.08;4982.89;32419.844
2026-06-15T11:58:48.747538+02:00;standby;19.7;40.6;5.0;30.0;58.1;57.0;0;0;0;0;16262.96;11280.08;4982.89;32419.844
2026-06-15T11:59:49.278644+02:00;standby;19.7;40.6;5.0;30.0;58.1;57.0;0;0;0;0;16262.96;11280.08;4982.89;32419.844
2026-06-15T12:00:50.041172+02:00;standby;19.7;40.5;5.0;30.0;58.1;57.0;0;0;0;0;16262.96;11280.08;4982.89;32419.844
2026-06-15T12:01:50.616369+02:00;standby;20.6;40.5;5.0;30.0;58.1;57.0;0;0;0;0;16262.96;11280.08;4982.89;32419.844
2026-06-15T12:02:51.181864+02:00;standby;20.6;40.3;5.0;30.0;58.1;57.0;0;0;0;0;16262.96;11280.08;4982.89;32419.844
2026-06-15T12:03:51.765032+02:00;standby;20.6;40.3;5.0;29.0;58.1;57.0;0;0;0;0;16262.96;11280.08;4982.89;32419.844
2026-06-15T12:04:52.285169+02:00;standby;20.6;40.2;5.0;29.0;58.1;57.0;0;0;0;0;16262.96;11280.08;4982.89;32419.844
2026-06-15T12:05:52.927953+02:00;standby;20.6;40.1;5.0;29.0;58.1;57.0;0;0;0;0;16262.96;11280.08;4982.89;32419.844
2026-06-15T12:06:53.453663+02:00;standby;20.6;40.1;5.0;29.0;58.1;57.0;0;0;0;0;16262.96;11280.08;4982.89;32419.844
2026-06-15T12:07:54.036621+02:00;standby;20.6;40.1;5.0;29.0;58.0;57.0;0;0;0;0;16262.96;11280.08;4982.89;32419.844
2026-06-15T12:08:54.552306+02:00;standby;20.6;40.0;5.0;29.0;58.0;57.0;0;0;0;0;16262.96;11280.08;4982.89;32419.844
2026-06-15T12:09:55.281384+02:00;standby;20.6;39.9;5.0;29.0;58.0;57.0;0;0;0;0;16262.96;11280.08;4982.89;32419.844
2026-06-15T12:10:56.216427+02:00;standby;20.6;39.9;5.0;29.0;58.0;57.0;0;0;0;0;16262.96;11280.08;4982.89;32419.844
2026-06-15T12:11:56.759322+02:00;standby;20.6;39.8;5.0;29.0;58.0;57.0;0;0;0;0;16262.96;11280.08;4982.89;32419.844
2026-06-15T12:12:57.294138+02:00;standby;20.6;39.6;5.0;29.0;58.0;57.0;0;0;0;0;16262.96;11280.08;4982.89;32419.844
2026-06-15T12:13:57.815555+02:00;standby;20.6;39.6;5.0;29.0;58.0;57.0;0;0;0;0;16262.96;11280.08;4982.89;32419.844
2026-06-15T12:14:58.320447+02:00;standby;20.6;39.5;5.0;29.0;58.0;57.0;0;0;0;0;16262.96;11280.08;4982.89;32419.844
2026-06-15T12:15:59.015310+02:00;standby;20.6;39.5;5.0;29.0;58.0;57.0;0;0;0;0;16262.96;11280.08;4982.89;32419.844
2026-06-15T12:16:59.746031+02:00;standby;20.6;39.4;5.0;29.0;57.9;57.0;0;0;0;0;16262.96;11280.08;4982.89;32419.844
2026-06-15T12:18:00.372827+02:00;standby;20.6;39.4;5.0;29.0;58.0;57.0;0;0;0;0;16262.96;11280.08;4982.89;32419.844
2026-06-15T12:19:00.892246+02:00;standby;20.6;39.3;5.0;29.0;57.9;57.0;0;0;0;0;16262.96;11280.08;4982.89;32419.844
2026-06-15T12:20:01.713526+02:00;standby;20.6;39.3;5.0;29.0;57.9;57.0;0;0;0;0;16262.96;11280.08;4982.89;32419.844
2026-06-15T12:21:02.271349+02:00;standby;20.6;39.1;5.0;29.0;57.9;57.0;0;0;0;0;16262.96;11280.08;4982.89;32419.844
2026-06-15T12:22:02.900143+02:00;standby;20.6;39.1;5.0;29.0;57.9;57.0;0;0;0;0;16262.96;11280.08;4982.89;32419.844
2026-06-15T12:23:03.495156+02:00;standby;20.6;39.0;5.0;29.0;57.8;57.0;0;0;0;0;16262.96;11280.08;4982.89;32419.844
2026-06-15T12:24:04.213836+02:00;standby;20.6;39.0;5.0;29.0;57.8;57.0;0;0;0;0;16262.96;11280.08;4982.89;32419.844
2026-06-15T12:25:04.731284+02:00;standby;20.6;38.9;5.0;29.0;57.7;57.0;0;0;0;0;16262.96;11280.08;4982.89;32419.844
2026-06-15T12:26:05.338019+02:00;standby;20.6;38.9;5.0;29.0;57.7;57.0;0;0;0;0;16262.96;11280.08;4982.89;32419.844
2026-06-15T12:27:06.054283+02:00;standby;20.6;38.8;5.0;29.0;57.7;57.0;0;0;0;0;16262.96;11280.08;4982.89;32419.844
2026-06-15T12:28:06.777197+02:00;standby;20.6;38.8;5.0;29.0;57.7;57.0;0;0;0;0;16262.96;11280.08;4982.89;32419.844
2026-06-15T12:29:07.346444+02:00;standby;20.6;38.6;5.0;29.0;57.7;57.0;0;0;0;0;16262.96;11280.08;4982.89;32419.844
2026-06-15T12:30:07.846241+02:00;standby;20.6;38.6;5.0;29.0;57.7;57.0;0;0;0;0;16262.96;11280.08;4982.89;32419.844
2026-06-15T12:31:08.374745+02:00;standby;20.6;38.5;5.0;29.0;57.6;57.0;0;0;0;0;16262.96;11280.08;4982.89;32419.844
2026-06-15T12:32:08.988771+02:00;standby;20.6;38.5;5.0;29.0;57.6;57.0;0;0;0;0;16262.96;11280.08;4982.89;32419.844
2026-06-15T12:33:09.829559+02:00;standby;20.6;38.4;5.0;29.0;57.5;57.0;0;0;0;0;16262.96;11280.08;4982.89;32419.844
2026-06-15T12:34:10.416588+02:00;standby;20.6;38.4;5.0;29.0;57.5;57.0;0;0;0;0;16262.96;11280.08;4982.89;32419.844
2026-06-15T12:35:10.940324+02:00;standby;20.6;38.3;5.0;29.0;57.5;57.0;0;0;0;0;16262.96;11280.08;4982.89;32419.844
2026-06-15T12:36:11.682399+02:00;standby;20.6;38.3;5.0;29.0;57.4;57.0;0;0;0;0;16262.96;11280.08;4982.89;32419.844
2026-06-15T12:37:12.281713+02:00;standby;20.6;38.1;5.0;29.0;57.4;57.0;0;0;0;0;16262.96;11280.08;4982.89;32419.844
2026-06-15T12:38:12.996321+02:00;standby;20.6;38.1;5.0;29.0;57.4;57.0;0;0;0;0;16262.96;11280.08;4982.89;32419.844
2026-06-15T12:39:13.616760+02:00;standby;20.6;38.0;5.0;29.0;57.4;57.0;0;0;0;0;16262.96;11280.08;4982.89;32419.844
2026-06-15T12:40:14.154458+02:00;standby;20.6;38.0;5.0;29.0;57.3;57.0;0;0;0;0;16262.96;11280.08;4982.89;32419.844
2026-06-15T12:41:14.884815+02:00;standby;20.6;37.9;5.0;29.0;57.3;57.0;0;0;0;0;16262.96;11280.08;4982.89;32419.844
2026-06-15T12:42:16.461525+02:00;standby;20.6;37.9;5.0;29.0;57.1;57.0;0;0;0;0;16262.96;11280.08;4982.89;32419.844
2026-06-15T12:43:16.970387+02:00;standby;20.6;37.8;5.0;29.0;57.1;57.0;0;0;0;0;16262.96;11280.08;4982.89;32419.844
2026-06-15T12:44:17.767192+02:00;standby;20.6;37.8;5.0;29.0;57.1;57.0;0;0;0;0;16262.96;11280.08;4982.89;32419.844
2026-06-15T12:45:18.304082+02:00;standby;20.6;37.8;5.0;29.0;56.9;57.0;0;0;0;0;16262.96;11280.08;4982.89;32419.844
2026-06-15T12:46:18.797225+02:00;standby;20.6;37.7;5.0;29.0;56.9;57.0;0;0;0;0;16262.96;11280.08;4982.89;32419.844
2026-06-15T12:47:19.416420+02:00;standby;20.6;37.7;5.0;29.0;56.9;57.0;0;0;0;0;16262.96;11280.08;4982.89;32419.844
2026-06-15T12:48:19.963382+02:00;standby;20.6;37.5;5.0;29.0;56.9;57.0;0;0;0;0;16262.96;11280.08;4982.89;32419.844
2026-06-15T12:49:20.560989+02:00;standby;20.6;37.5;5.0;29.0;56.9;57.0;0;0;0;0;16262.96;11280.08;4982.89;32419.844
2026-06-15T12:50:21.094059+02:00;standby;20.6;37.4;5.0;29.0;56.9;57.0;0;0;0;0;16262.96;11280.08;4982.89;32419.844
2026-06-15T12:51:22.038288+02:00;standby;20.6;37.4;5.0;29.0;56.8;57.0;0;0;0;0;16262.96;11280.08;4982.89;32419.844
2026-06-15T12:52:22.625082+02:00;standby;20.6;37.3;5.0;29.0;56.8;57.0;0;0;0;0;16262.96;11280.08;4982.89;32419.844
2026-06-15T12:53:23.256980+02:00;standby;20.6;37.3;5.0;28.0;56.8;57.0;0;0;0;0;16262.96;11280.08;4982.89;32419.844
2026-06-15T12:54:23.900658+02:00;standby;20.6;37.3;5.0;28.0;56.8;57.0;0;0;0;0;16262.96;11280.08;4982.89;32419.844
2026-06-15T12:55:24.497871+02:00;standby;20.6;37.2;5.0;28.0;56.8;57.0;0;0;0;0;16262.96;11280.08;4982.89;32419.844
2026-06-15T12:56:25.027137+02:00;standby;20.6;37.2;5.0;28.0;56.8;57.0;0;0;0;0;16262.96;11280.08;4982.89;32419.844
2026-06-15T12:57:25.672061+02:00;standby;20.6;37.0;5.0;28.0;56.7;57.0;0;0;0;0;16262.96;11280.08;4982.89;32419.844
2026-06-15T12:58:26.245261+02:00;standby;20.6;37.0;5.0;28.0;56.7;57.0;0;0;0;0;16262.96;11280.08;4982.89;32419.844
2026-06-15T12:59:26.884287+02:00;standby;20.6;36.9;5.0;28.0;56.7;57.0;0;0;0;0;16262.96;11280.08;4982.89;32419.844
2026-06-15T13:00:27.488446+02:00;standby;20.6;36.9;5.0;28.0;56.7;57.0;0;0;0;0;16262.96;11280.08;4982.89;32419.844
2026-06-15T13:01:28.049476+02:00;standby;20.6;36.9;5.0;28.0;56.7;57.0;0;0;0;0;16262.96;11280.08;4982.89;32419.844
2026-06-15T13:02:28.639660+02:00;standby;21.7;36.8;5.0;28.0;56.7;57.0;0;0;0;0;16262.96;11280.08;4982.89;32419.844
2026-06-15T13:03:29.180262+02:00;standby;21.7;36.8;5.0;28.0;56.7;57.0;0;0;0;0;16262.96;11280.08;4982.89;32419.844
2026-06-15T13:04:29.894965+02:00;standby;21.7;36.7;5.0;28.0;56.7;57.0;0;0;0;0;16262.96;11280.08;4982.89;32419.844
2026-06-15T13:05:30.626173+02:00;standby;21.7;36.7;5.0;28.0;56.6;57.0;0;0;0;0;16262.96;11280.08;4982.89;32419.844
2026-06-15T13:06:31.157773+02:00;standby;21.7;36.5;5.0;28.0;56.6;57.0;0;0;0;0;16262.96;11280.08;4982.89;32419.844
2026-06-15T13:07:31.683428+02:00;standby;21.7;36.5;5.0;28.0;56.6;57.0;0;0;0;0;16262.96;11280.08;4982.89;32419.844
2026-06-15T13:08:32.269397+02:00;standby;21.7;36.5;5.0;28.0;56.6;57.0;0;0;0;0;16262.96;11280.08;4982.89;32419.844
2026-06-15T13:09:32.902992+02:00;standby;21.7;36.4;5.0;28.0;56.6;57.0;0;0;0;0;16262.96;11280.08;4982.89;32419.844
2026-06-15T13:10:33.503651+02:00;standby;21.7;36.4;5.0;28.0;56.6;57.0;0;0;0;0;16262.96;11280.08;4982.89;32419.844
2026-06-15T13:11:34.060807+02:00;standby;21.7;36.4;5.0;28.0;56.6;57.0;0;0;0;0;16262.96;11280.08;4982.89;32419.844
2026-06-15T13:12:34.645881+02:00;standby;21.7;36.3;5.0;28.0;56.5;57.0;0;0;0;0;16262.96;11280.08;4982.89;32419.844
2026-06-15T13:13:35.288267+02:00;standby;21.7;36.3;5.0;28.0;56.5;57.0;0;0;0;0;16262.96;11280.08;4982.89;32419.844
2026-06-15T13:14:35.911874+02:00;standby;21.7;36.2;5.0;28.0;56.5;57.0;0;0;0;0;16262.96;11280.08;4982.89;32419.844
2026-06-15T13:15:36.629504+02:00;standby;21.7;36.2;5.0;28.0;56.5;57.0;0;0;0;0;16262.96;11280.08;4982.89;32419.844
2026-06-15T13:16:37.456392+02:00;standby;21.7;36.0;5.0;28.0;56.5;57.0;0;0;0;0;16262.96;11280.08;4982.89;32419.844
2026-06-15T13:17:38.069297+02:00;standby;21.7;36.0;5.0;28.0;56.5;57.0;0;0;0;0;16262.96;11280.08;4982.89;32419.844
2026-06-15T13:18:38.606593+02:00;standby;21.7;36.0;5.0;28.0;56.5;57.0;0;0;0;0;16262.96;11280.08;4982.89;32419.844
2026-06-15T13:19:39.201658+02:00;standby;21.7;35.9;5.0;28.0;56.4;57.0;0;0;0;0;16262.96;11280.08;4982.89;32419.844
2026-06-15T13:20:39.834640+02:00;standby;21.7;35.9;5.0;28.0;56.4;57.0;0;0;0;0;16262.96;11280.08;4982.89;32419.844
2026-06-15T13:21:40.363359+02:00;standby;21.7;35.9;5.0;28.0;56.4;57.0;0;0;0;0;16262.96;11280.08;4982.89;32419.844
2026-06-15T13:22:40.883194+02:00;standby;21.7;35.8;5.0;28.0;56.4;57.0;0;0;0;0;16262.96;11280.08;4982.89;32419.844
2026-06-15T13:23:41.836531+02:00;standby;21.7;35.8;5.0;28.0;56.4;57.0;0;0;0;0;16262.96;11280.08;4982.89;32419.844
2026-06-15T13:24:42.354761+02:00;standby;21.7;35.8;5.0;28.0;56.4;57.0;0;0;0;0;16262.96;11280.08;4982.89;32419.844
2026-06-15T13:25:42.872985+02:00;standby;21.7;35.7;5.0;28.0;56.4;57.0;0;0;0;0;16262.96;11280.08;4982.89;32419.844
2026-06-15T13:26:43.454181+02:00;standby;21.7;35.7;5.0;28.0;56.3;57.0;0;0;0;0;16262.96;11280.08;4982.89;32419.844
2026-06-15T13:27:44.285598+02:00;standby;21.7;35.6;5.0;28.0;56.3;57.0;0;0;0;0;16262.96;11280.08;4982.89;32419.844
2026-06-15T13:28:44.926580+02:00;standby;21.7;35.6;5.0;28.0;56.3;57.0;0;0;0;0;16262.96;11280.08;4982.89;32419.844
2026-06-15T13:29:45.516769+02:00;standby;21.7;35.6;5.0;28.0;56.3;57.0;0;0;0;0;16262.96;11280.08;4982.89;32419.844
2026-06-15T13:30:46.597366+02:00;standby;21.7;35.4;5.0;28.0;56.3;57.0;0;0;0;0;16262.96;11280.08;4982.89;32419.844
2026-06-15T13:31:47.115216+02:00;standby;21.7;35.4;5.0;28.0;56.3;57.0;0;0;0;0;16262.96;11280.08;4982.89;32419.844
2026-06-15T13:32:47.698106+02:00;standby;21.7;35.4;5.0;28.0;56.3;57.0;0;0;0;0;16262.96;11280.08;4982.89;32419.844
2026-06-15T13:33:48.310924+02:00;standby;21.7;35.3;5.0;28.0;56.2;57.0;0;0;0;0;16262.96;11280.08;4982.89;32419.844
2026-06-15T13:34:48.846336+02:00;standby;21.7;35.3;5.0;28.0;56.2;57.0;0;0;0;0;16262.96;11280.08;4982.89;32419.844
2026-06-15T13:35:49.474415+02:00;standby;21.7;35.3;5.0;28.0;56.2;57.0;0;0;0;0;16262.96;11280.08;4982.89;32419.844
2026-06-15T13:36:50.175621+02:00;standby;21.7;35.2;5.0;28.0;56.2;57.0;0;0;0;0;16262.96;11280.08;4982.89;32419.844
2026-06-15T13:37:50.952964+02:00;standby;21.7;35.2;5.0;28.0;56.2;57.0;0;0;0;0;16262.96;11280.08;4982.89;32419.844
2026-06-15T13:38:51.417056+02:00;standby;21.7;35.1;5.0;28.0;56.2;57.0;0;0;0;0;16262.96;11280.08;4982.89;32419.844
2026-06-15T13:39:51.947638+02:00;standby;21.7;35.1;5.0;28.0;56.2;57.0;0;0;0;0;16262.96;11280.08;4982.89;32419.844
2026-06-15T13:40:52.886024+02:00;standby;21.7;35.1;5.0;28.0;56.1;57.0;0;0;0;0;16262.96;11280.08;4982.89;32419.844
2026-06-15T13:41:53.605012+02:00;standby;21.7;35.1;5.0;28.0;56.1;57.0;0;0;0;0;16262.96;11280.08;4982.89;32419.844
2026-06-15T13:42:54.223578+02:00;standby;21.7;34.9;5.0;28.0;56.1;57.0;0;0;0;0;16262.96;11280.08;4982.89;32419.844
2026-06-15T13:43:54.741648+02:00;standby;21.7;34.9;5.0;28.0;56.1;57.0;0;0;0;0;16262.96;11280.08;4982.89;32419.844
2026-06-15T13:44:55.606272+02:00;standby;21.7;34.9;5.0;28.0;56.1;57.0;0;0;0;0;16262.96;11280.08;4982.89;32419.844
2026-06-15T13:45:56.305730+02:00;standby;21.7;34.8;5.0;28.0;56.1;57.0;0;0;0;0;16262.96;11280.08;4982.89;32419.844
2026-06-15T13:46:56.915242+02:00;standby;21.7;34.8;5.0;28.0;56.0;57.0;0;0;0;0;16262.96;11280.08;4982.89;32419.844
2026-06-15T13:47:57.524273+02:00;standby;21.7;34.7;5.0;28.0;56.0;57.0;0;0;0;0;16262.96;11280.08;4982.89;32419.844
2026-06-15T13:48:58.162789+02:00;standby;21.7;34.7;5.0;28.0;56.0;57.0;0;0;0;0;16262.96;11280.08;4982.89;32419.844
2026-06-15T13:49:58.699088+02:00;standby;21.7;34.7;5.0;28.0;56.0;57.0;0;0;0;0;16262.96;11280.08;4982.89;32419.844
2026-06-15T13:50:59.204470+02:00;standby;21.7;34.7;5.0;28.0;56.0;57.0;0;0;0;0;16262.96;11280.08;4982.89;32419.844
2026-06-15T13:51:59.725950+02:00;standby;21.7;34.6;5.0;28.0;56.0;57.0;0;0;0;0;16262.96;11280.08;4982.89;32419.844
2026-06-15T13:53:00.449935+02:00;standby;21.7;34.6;5.0;28.0;55.9;57.0;0;0;0;0;16262.96;11280.08;4982.89;32419.844
2026-06-15T13:54:00.988263+02:00;standby;21.7;34.6;5.0;28.0;55.9;57.0;0;0;0;0;16262.96;11280.08;4982.89;32419.844
2026-06-15T13:55:01.596498+02:00;standby;21.7;34.4;5.0;28.0;55.9;57.0;0;0;0;0;16262.96;11280.08;4982.89;32419.844
2026-06-15T13:56:02.215633+02:00;standby;21.7;34.4;5.0;28.0;55.9;57.0;0;0;0;0;16262.96;11280.08;4982.89;32419.844
2026-06-15T13:57:02.842550+02:00;standby;21.7;34.4;5.0;28.0;55.9;57.0;0;0;0;0;16262.96;11280.08;4982.89;32419.844
2026-06-15T13:58:03.458059+02:00;standby;21.7;34.3;5.0;28.0;55.9;57.0;0;0;0;0;16262.96;11280.08;4982.89;32419.844
2026-06-15T13:59:04.306560+02:00;standby;21.7;34.3;5.0;28.0;55.9;57.0;0;0;0;0;16262.96;11280.08;4982.89;32419.844
2026-06-15T14:00:04.810180+02:00;standby;21.7;34.3;5.0;28.0;55.9;57.0;0;0;0;0;16262.96;11280.08;4982.89;32419.844
2026-06-15T14:01:05.424038+02:00;standby;21.7;34.3;5.0;28.0;55.9;57.0;0;0;0;0;16262.96;11280.08;4982.89;32419.844
2026-06-15T14:02:06.326321+02:00;standby;21.7;34.2;5.0;28.0;55.8;57.0;0;0;0;0;16262.96;11280.08;4982.89;32419.844
2026-06-15T14:03:07.478170+02:00;standby;22.5;34.2;5.0;28.0;55.8;57.0;0;0;0;0;16262.96;11280.08;4982.89;32419.844
2026-06-15T14:04:08.206715+02:00;standby;22.5;34.1;5.0;28.0;55.8;57.0;0;0;0;0;16262.96;11280.08;4982.89;32419.844
2026-06-15T14:05:08.759108+02:00;standby;22.5;34.1;5.0;28.0;55.8;57.0;0;0;0;0;16262.96;11280.08;4982.89;32419.844
2026-06-15T14:06:09.653321+02:00;standby;22.5;34.1;5.0;28.0;55.8;57.0;0;0;0;0;16262.96;11280.08;4982.89;32419.844
2026-06-15T14:07:10.198412+02:00;standby;22.5;34.1;5.0;28.0;55.8;57.0;0;0;0;0;16262.96;11280.08;4982.89;32419.844
2026-06-15T14:08:10.701242+02:00;standby;22.5;34.0;5.0;28.0;55.8;57.0;0;0;0;0;16262.96;11280.08;4982.89;32419.844
2026-06-15T14:09:11.301107+02:00;standby;22.5;34.0;5.0;28.0;55.7;57.0;0;0;0;0;16262.96;11280.08;4982.89;32419.844
2026-06-15T14:10:11.957094+02:00;standby;22.5;34.0;5.0;28.0;55.7;57.0;0;0;0;0;16262.96;11280.08;4982.89;32419.844
2026-06-15T14:11:12.578897+02:00;standby;22.5;33.8;5.0;28.0;55.7;57.0;0;0;0;0;16262.96;11280.08;4982.89;32419.844
2026-06-15T14:12:13.296459+02:00;standby;22.5;33.8;5.0;28.0;55.7;57.0;0;0;0;0;16262.96;11280.08;4982.89;32419.844
2026-06-15T14:13:14.002039+02:00;standby;22.5;33.8;5.0;28.0;55.7;57.0;0;0;0;0;16262.96;11280.08;4982.89;32419.844
2026-06-15T14:14:14.557322+02:00;standby;22.5;33.8;5.0;28.0;55.7;57.0;0;0;0;0;16262.96;11280.08;4982.89;32419.844
2026-06-15T14:15:15.145002+02:00;standby;22.5;33.7;5.0;28.0;55.6;57.0;0;0;0;0;16262.96;11280.08;4982.89;32419.844
2026-06-15T14:16:15.783093+02:00;standby;22.5;33.7;5.0;28.0;55.6;57.0;0;0;0;0;16262.96;11280.08;4982.89;32419.844
2026-06-15T14:17:16.614069+02:00;standby;22.5;33.7;5.0;28.0;55.6;57.0;0;0;0;0;16262.96;11280.08;4982.89;32419.844
2026-06-15T14:18:17.233733+02:00;standby;22.5;33.6;5.0;28.0;55.6;57.0;0;0;0;0;16262.96;11280.08;4982.89;32419.844
2026-06-15T14:19:17.743089+02:00;standby;22.5;33.6;5.0;28.0;55.6;57.0;0;0;0;0;16262.96;11280.08;4982.89;32419.844
2026-06-15T14:20:18.269211+02:00;standby;22.5;33.6;5.0;28.0;55.6;57.0;0;0;0;0;16262.96;11280.08;4982.89;32419.844
2026-06-15T14:21:18.781950+02:00;standby;22.5;33.6;5.0;28.0;55.6;57.0;0;0;0;0;16262.96;11280.08;4982.89;32419.844
2026-06-15T14:22:19.383123+02:00;standby;22.5;33.5;5.0;28.0;55.6;57.0;0;0;0;0;16262.96;11280.08;4982.89;32419.844
2026-06-15T14:23:20.448420+02:00;standby;22.5;33.5;5.0;28.0;55.5;57.0;0;0;0;0;16262.96;11280.08;4982.89;32419.844
2026-06-15T14:24:21.282106+02:00;standby;22.5;33.5;5.0;28.0;55.5;57.0;0;0;0;0;16262.96;11280.08;4982.89;32419.844
2026-06-15T14:25:21.789393+02:00;standby;22.5;33.5;5.0;28.0;55.5;57.0;0;0;0;0;16262.96;11280.08;4982.89;32419.844
2026-06-15T14:26:22.304431+02:00;standby;22.5;33.3;5.0;28.0;55.5;57.0;0;0;0;0;16262.96;11280.08;4982.89;32419.844
2026-06-15T14:27:22.836028+02:00;standby;22.5;33.3;5.0;28.0;55.5;57.0;0;0;0;0;16262.96;11280.08;4982.89;32419.844
2026-06-15T14:28:25.489768+02:00;standby;22.5;33.3;5.0;28.0;55.5;57.0;0;0;0;0;16262.96;11280.08;4982.89;32419.844
2026-06-15T14:29:26.088585+02:00;standby;22.5;33.2;5.0;28.0;55.4;57.0;0;0;0;0;16262.96;11280.08;4982.89;32419.844
2026-06-15T14:30:26.631754+02:00;standby;22.5;33.2;5.0;28.0;55.4;57.0;0;0;0;0;16262.96;11280.08;4982.89;32419.844
2026-06-15T14:31:27.755306+02:00;standby;22.5;33.2;5.0;28.0;55.4;57.0;0;0;0;0;16262.96;11280.08;4982.89;32419.844
2026-06-15T14:32:28.285098+02:00;standby;22.5;33.2;5.0;28.0;55.4;57.0;0;0;0;0;16262.96;11280.08;4982.89;32419.844
2026-06-15T14:33:29.102972+02:00;standby;22.5;33.1;5.0;28.0;55.4;57.0;0;0;0;0;16262.96;11280.08;4982.89;32419.844
2026-06-15T14:34:29.641807+02:00;standby;22.5;33.1;5.0;28.0;55.4;57.0;0;0;0;0;16262.96;11280.08;4982.89;32419.844
2026-06-15T14:35:30.174883+02:00;standby;22.5;33.1;5.0;28.0;55.4;57.0;0;0;0;0;16262.96;11280.08;4982.89;32419.844
2026-06-15T14:36:30.698174+02:00;standby;22.5;33.1;5.0;28.0;55.4;57.0;0;0;0;0;16262.96;11280.08;4982.89;32419.844
2026-06-15T14:37:31.249485+02:00;standby;22.5;33.0;5.0;28.0;55.4;57.0;0;0;0;0;16262.96;11280.08;4982.89;32419.844
2026-06-15T14:38:31.817780+02:00;standby;22.5;33.0;5.0;28.0;55.3;57.0;0;0;0;0;16262.96;11280.08;4982.89;32419.844
2026-06-15T14:39:32.442969+02:00;standby;22.5;33.0;5.0;28.0;55.3;57.0;0;0;0;0;16262.96;11280.08;4982.89;32419.844
2026-06-15T14:40:33.054653+02:00;standby;22.5;33.0;5.0;28.0;55.3;57.0;0;0;0;0;16262.96;11280.08;4982.89;32419.844
2026-06-15T14:41:33.575304+02:00;standby;22.5;32.8;5.0;28.0;55.3;57.0;0;0;0;0;16262.96;11280.08;4982.89;32419.844
2026-06-15T14:42:34.395364+02:00;standby;22.5;32.8;5.0;28.0;55.3;57.0;0;0;0;0;16262.96;11280.08;4982.89;32419.844
2026-06-15T14:43:34.940359+02:00;standby;22.5;32.8;5.0;28.0;55.3;57.0;0;0;0;0;16262.96;11280.08;4982.89;32419.844
2026-06-15T14:44:35.657889+02:00;standby;22.5;32.7;5.0;28.0;55.2;57.0;0;0;0;0;16262.96;11280.08;4982.89;32419.844
2026-06-15T14:45:36.251786+02:00;standby;22.5;32.7;5.0;28.0;55.2;57.0;0;0;0;0;16262.96;11280.08;4982.89;32419.844
2026-06-15T14:46:36.814835+02:00;standby;22.5;32.7;5.0;28.0;55.2;57.0;0;0;0;0;16262.96;11280.08;4982.89;32419.844
2026-06-15T14:47:37.422387+02:00;standby;22.5;32.7;5.0;28.0;55.2;57.0;0;0;0;0;16262.96;11280.08;4982.89;32419.844
2026-06-15T14:48:38.026516+02:00;standby;22.5;32.6;5.0;28.0;55.2;57.0;0;0;0;0;16262.96;11280.08;4982.89;32419.844
2026-06-15T14:49:38.775135+02:00;standby;22.5;32.6;5.0;28.0;55.2;57.0;0;0;0;0;16262.96;11280.08;4982.89;32419.844
2026-06-15T14:50:39.286197+02:00;standby;22.5;32.6;5.0;28.0;55.2;57.0;0;0;0;0;16262.96;11280.08;4982.89;32419.844
2026-06-15T14:51:39.793032+02:00;standby;22.5;32.6;5.0;28.0;55.1;57.0;0;0;0;0;16262.96;11280.08;4982.89;32419.844
2026-06-15T14:52:40.620878+02:00;standby;22.5;32.6;5.0;28.0;55.1;57.0;0;0;0;0;16262.96;11280.08;4982.89;32419.844
2026-06-15T14:53:41.738194+02:00;standby;22.5;32.5;5.0;28.0;55.1;57.0;0;0;0;0;16262.96;11280.08;4982.89;32419.844
2026-06-15T14:54:42.271435+02:00;standby;22.5;32.5;5.0;28.0;55.1;57.0;0;0;0;0;16262.96;11280.08;4982.89;32419.844
2026-06-15T14:55:42.897617+02:00;standby;22.5;32.5;5.0;28.0;55.1;57.0;0;0;0;0;16262.96;11280.08;4982.89;32419.844
2026-06-15T14:56:43.601313+02:00;standby;22.5;32.5;5.0;28.0;55.1;57.0;0;0;0;0;16262.96;11280.08;4982.89;32419.844
2026-06-15T14:57:44.223253+02:00;standby;22.5;32.3;5.0;28.0;55.1;57.0;0;0;0;0;16262.96;11280.08;4982.89;32419.844
2026-06-15T14:58:47.632498+02:00;standby;22.5;32.3;5.0;28.0;54.9;57.0;0;0;0;0;16262.96;11280.08;4982.89;32419.844
2026-06-15T14:59:48.249011+02:00;standby;22.5;32.3;5.0;28.0;54.9;57.0;0;0;0;0;16262.96;11280.08;4982.89;32419.844
2026-06-15T15:00:49.463271+02:00;standby;22.5;32.3;5.0;28.0;54.9;57.0;0;0;0;0;16262.96;11280.08;4982.89;32419.844
2026-06-15T15:01:50.062947+02:00;standby;22.5;32.2;5.0;28.0;54.9;57.0;0;0;0;0;16262.96;11280.08;4982.89;32419.844
2026-06-15T15:02:50.605925+02:00;standby;22.5;32.2;5.0;28.0;54.9;57.0;0;0;0;0;16262.96;11280.08;4982.89;32419.844
2026-06-15T15:03:51.250944+02:00;standby;23.1;32.2;5.0;28.0;54.9;57.0;0;0;0;0;16262.96;11280.08;4982.89;32419.844
2026-06-15T15:04:52.054308+02:00;standby;23.1;32.2;5.0;28.0;54.9;57.0;0;0;0;0;16262.96;11280.08;4982.89;32419.844
2026-06-15T15:05:52.645105+02:00;standby;23.1;32.2;5.0;28.0;54.9;57.0;0;0;0;0;16262.96;11280.08;4982.89;32419.844
2026-06-15T15:06:53.220907+02:00;standby;23.1;32.1;5.0;28.0;54.8;57.0;0;0;0;0;16262.96;11280.08;4982.89;32419.844
2026-06-15T15:07:53.830054+02:00;standby;23.1;32.1;5.0;28.0;54.8;57.0;0;0;0;0;16262.96;11280.08;4982.89;32419.844
2026-06-15T15:08:54.441767+02:00;standby;23.1;32.1;5.0;28.0;54.8;57.0;0;0;0;0;16262.96;11280.08;4982.89;32419.844
2026-06-15T15:09:54.997852+02:00;standby;23.1;32.1;5.0;28.0;54.8;57.0;0;0;0;0;16262.96;11280.08;4982.89;32419.844
2026-06-15T15:10:55.788604+02:00;standby;23.1;32.0;5.0;28.0;54.8;57.0;0;0;0;0;16262.96;11280.08;4982.89;32419.844
2026-06-15T15:11:56.616481+02:00;standby;23.1;32.0;5.0;28.0;54.8;57.0;0;0;0;0;16262.96;11280.08;4982.89;32419.844
2026-06-15T15:12:57.150612+02:00;standby;23.1;32.0;5.0;28.0;54.8;57.0;0;0;0;0;16262.96;11280.08;4982.89;32419.844
2026-06-15T15:13:57.662574+02:00;standby;23.1;32.0;5.0;28.0;54.7;57.0;0;0;0;0;16262.96;11280.08;4982.89;32419.844
2026-06-15T15:14:58.301616+02:00;standby;23.1;32.0;5.0;28.0;54.7;57.0;0;0;0;0;16262.96;11280.08;4982.89;32419.844
2026-06-15T15:15:58.892126+02:00;standby;23.1;31.9;5.0;28.0;54.7;57.0;0;0;0;0;16262.96;11280.08;4982.89;32419.844
2026-06-15T15:16:59.494646+02:00;standby;23.1;31.9;5.0;28.0;54.7;57.0;0;0;0;0;16262.96;11280.08;4982.89;32419.844
2026-06-15T15:18:00.053191+02:00;standby;23.1;31.9;5.0;28.0;54.7;57.0;0;0;0;0;16262.96;11280.08;4982.89;32419.844
2026-06-15T15:19:03.960562+02:00;standby;23.1;31.9;5.0;28.0;54.7;57.0;0;0;0;0;16262.96;11280.08;4982.89;32419.844
2026-06-15T15:20:04.551712+02:00;standby;23.1;31.9;5.0;28.0;54.7;57.0;0;0;0;0;16262.96;11280.08;4982.89;32419.844
2026-06-15T15:21:05.193371+02:00;standby;23.1;31.7;5.0;28.0;54.7;57.0;0;0;0;0;16262.96;11280.08;4982.89;32419.844
2026-06-15T15:22:05.724949+02:00;standby;23.1;31.7;5.0;28.0;54.6;57.0;0;0;0;0;16262.96;11280.08;4982.89;32419.844
2026-06-15T15:23:06.286627+02:00;standby;23.1;31.7;5.0;28.0;54.6;57.0;0;0;0;0;16262.96;11280.08;4982.89;32419.844
2026-06-15T15:24:06.834704+02:00;standby;23.1;31.7;5.0;28.0;54.6;57.0;0;0;0;0;16262.96;11280.08;4982.89;32419.844
2026-06-15T15:25:07.456032+02:00;standby;23.1;31.6;5.0;28.0;54.6;57.0;0;0;0;0;16262.96;11280.08;4982.89;32419.844
2026-06-15T15:26:08.733337+02:00;standby;23.1;31.6;5.0;28.0;54.6;57.0;0;0;0;0;16262.96;11280.08;4982.89;32419.844
2026-06-15T15:27:09.319271+02:00;standby;23.1;31.6;5.0;28.0;54.6;57.0;0;0;0;0;16262.96;11280.08;4982.89;32419.844
2026-06-15T15:28:09.851146+02:00;standby;23.1;31.6;5.0;28.0;54.5;57.0;0;0;0;0;16262.96;11280.08;4982.89;32419.844
2026-06-15T15:29:10.364966+02:00;standby;23.1;31.6;5.0;28.0;54.5;57.0;0;0;0;0;16262.96;11280.08;4982.89;32419.844
2026-06-15T15:30:10.885441+02:00;standby;23.1;31.5;5.0;28.0;54.5;57.0;0;0;0;0;16262.96;11280.08;4982.89;32419.844
2026-06-15T15:31:11.500117+02:00;standby;23.1;31.5;5.0;28.0;54.5;57.0;0;0;0;0;16262.96;11280.08;4982.89;32419.844
2026-06-15T15:32:12.042355+02:00;standby;23.1;31.5;5.0;28.0;54.5;57.0;0;0;0;0;16262.96;11280.08;4982.89;32419.844
2026-06-15T15:33:14.932111+02:00;standby;23.1;31.5;5.0;28.0;54.5;57.0;0;0;0;0;16262.96;11280.08;4982.89;32419.844
2026-06-15T15:34:15.995930+02:00;standby;23.1;31.5;5.0;28.0;54.5;57.0;0;0;0;0;16262.96;11280.08;4982.89;32419.844
2026-06-15T15:35:16.644550+02:00;standby;23.1;31.5;5.0;28.0;54.5;57.0;0;0;0;0;16262.96;11280.08;4982.89;32419.844
2026-06-15T15:36:17.170581+02:00;standby;23.1;31.4;5.0;28.0;54.4;57.0;0;0;0;0;16262.96;11280.08;4982.89;32419.844
2026-06-15T15:37:17.797725+02:00;standby;23.1;31.4;5.0;28.0;54.4;57.0;0;0;0;0;16262.96;11280.08;4982.89;32419.844
2026-06-15T15:38:18.380239+02:00;standby;23.1;31.4;5.0;28.0;54.4;57.0;0;0;0;0;16262.96;11280.08;4982.89;32419.844
2026-06-15T15:39:19.056778+02:00;standby;23.1;31.4;5.0;28.0;54.4;57.0;0;0;0;0;16262.96;11280.08;4982.89;32419.844
2026-06-15T15:40:19.886623+02:00;standby;23.1;31.2;5.0;28.0;54.4;57.0;0;0;0;0;16262.96;11280.08;4982.89;32419.844
2026-06-15T15:41:20.451308+02:00;standby;23.1;31.2;5.0;28.0;54.4;57.0;0;0;0;0;16262.96;11280.08;4982.89;32419.844
2026-06-15T15:42:21.005629+02:00;standby;23.1;31.2;5.0;28.0;54.4;57.0;0;0;0;0;16262.96;11280.08;4982.89;32419.844
2026-06-15T15:43:21.634207+02:00;standby;23.1;31.2;5.0;28.0;54.3;57.0;0;0;0;0;16262.96;11280.08;4982.89;32419.844
2026-06-15T15:44:23.178897+02:00;standby;23.1;31.2;5.0;28.0;54.3;57.0;0;0;0;0;16262.96;11280.08;4982.89;32419.844
2026-06-15T15:45:23.693882+02:00;standby;23.1;31.1;5.0;28.0;54.3;57.0;0;0;0;0;16262.96;11280.08;4982.89;32419.844
2026-06-15T15:46:24.215493+02:00;standby;23.1;31.1;5.0;28.0;54.3;57.0;0;0;0;0;16262.96;11280.08;4982.89;32419.844
2026-06-15T15:47:24.745174+02:00;standby;23.1;31.1;5.0;28.0;54.3;57.0;0;0;0;0;16262.96;11280.08;4982.89;32419.844
2026-06-15T15:48:25.352086+02:00;standby;23.1;31.1;5.0;28.0;54.3;57.0;0;0;0;0;16262.96;11280.08;4982.89;32419.844
2026-06-15T15:49:25.885452+02:00;standby;23.1;31.1;5.0;28.0;54.3;57.0;0;0;0;0;16262.96;11280.08;4982.89;32419.844
2026-06-15T15:50:26.499753+02:00;standby;23.1;31.1;5.0;28.0;54.2;57.0;0;0;0;0;16262.96;11280.08;4982.89;32419.844
2026-06-15T15:51:27.071196+02:00;standby;23.1;31.0;5.0;28.0;54.2;57.0;0;0;0;0;16262.96;11280.08;4982.89;32419.844
2026-06-15T15:52:27.597607+02:00;standby;23.1;31.0;5.0;28.0;54.2;57.0;0;0;0;0;16262.96;11280.08;4982.89;32419.844
2026-06-15T15:53:28.552494+02:00;standby;23.1;31.0;5.0;28.0;54.2;57.0;0;0;0;0;16262.96;11280.08;4982.89;32419.844
2026-06-15T15:54:29.093814+02:00;standby;23.1;31.0;5.0;28.0;54.2;57.0;0;0;0;0;16262.96;11280.08;4982.89;32419.844
2026-06-15T15:55:29.706648+02:00;standby;23.1;31.0;5.0;28.0;54.1;57.0;0;0;0;0;16262.96;11280.08;4982.89;32419.844
2026-06-15T15:56:30.427041+02:00;standby;23.1;31.0;5.0;28.0;54.1;57.0;0;0;0;0;16262.96;11280.08;4982.89;32419.844
2026-06-15T15:57:31.014274+02:00;standby;23.1;30.9;5.0;28.0;54.0;57.0;0;0;0;0;16262.96;11280.08;4982.89;32419.844
2026-06-15T15:58:31.560085+02:00;standby;23.1;30.9;5.0;28.0;53.9;57.0;0;0;0;0;16262.96;11280.08;4982.89;32419.844
2026-06-15T15:59:32.410598+02:00;standby;23.1;30.9;5.0;28.0;53.9;57.0;0;0;0;0;16262.96;11280.08;4982.89;32419.844
2026-06-15T16:00:33.295942+02:00;standby;23.1;30.9;5.0;28.0;53.9;57.0;0;0;0;0;16262.96;11280.08;4982.89;32419.844
2026-06-15T16:01:33.835487+02:00;standby;23.1;30.9;5.0;28.0;53.9;57.0;0;0;0;0;16262.96;11280.08;4982.89;32419.844
2026-06-15T16:02:34.792073+02:00;standby;23.1;30.9;5.0;28.0;53.9;57.0;0;0;0;0;16262.96;11280.08;4982.89;32419.844
2026-06-15T16:03:35.358975+02:00;standby;23.1;30.7;5.0;28.0;53.8;57.0;0;0;0;0;16262.96;11280.08;4982.89;32419.844
2026-06-15T16:04:35.912346+02:00;standby;23.6;30.7;5.0;28.0;53.8;57.0;0;0;0;0;16262.96;11280.08;4982.89;32419.844
2026-06-15T16:05:36.540829+02:00;standby;23.6;30.7;5.0;28.0;53.8;57.0;0;0;0;0;16262.96;11280.08;4982.89;32419.844
2026-06-15T16:06:37.083824+02:00;standby;23.6;30.7;5.0;28.0;53.8;57.0;0;0;0;0;16262.96;11280.08;4982.89;32419.844
2026-06-15T16:07:37.677471+02:00;standby;23.6;30.7;5.0;28.0;53.8;57.0;0;0;0;0;16262.96;11280.08;4982.89;32419.844
2026-06-15T16:08:38.391482+02:00;standby;23.6;30.6;5.0;28.0;53.8;57.0;0;0;0;0;16262.96;11280.08;4982.89;32419.844
2026-06-15T16:09:38.926722+02:00;standby;23.6;30.6;5.0;28.0;53.8;57.0;0;0;0;0;16262.96;11280.08;4982.89;32419.844
2026-06-15T16:10:39.444134+02:00;standby;23.6;30.6;5.0;28.0;53.7;57.0;0;0;0;0;16262.96;11280.08;4982.89;32419.844
2026-06-15T16:11:40.019200+02:00;standby;23.6;30.6;5.0;28.0;53.7;57.0;0;0;0;0;16262.96;11280.08;4982.89;32419.844
2026-06-15T16:12:40.884277+02:00;standby;23.6;30.6;5.0;28.0;53.7;57.0;0;0;0;0;16262.96;11280.08;4982.89;32419.844
2026-06-15T16:13:41.414276+02:00;standby;23.6;30.6;5.0;28.0;53.7;57.0;0;0;0;0;16262.96;11280.08;4982.89;32419.844
2026-06-15T16:14:41.924611+02:00;standby;23.6;30.6;5.0;28.0;53.7;57.0;0;0;0;0;16262.96;11280.08;4982.89;32419.844
2026-06-15T16:15:42.553261+02:00;standby;23.6;30.5;5.0;28.0;53.7;57.0;0;0;0;0;16262.96;11280.08;4982.89;32419.844
2026-06-15T16:16:43.141757+02:00;standby;23.6;30.5;5.0;28.0;53.7;57.0;0;0;0;0;16262.96;11280.08;4982.89;32419.844
2026-06-15T16:17:43.688113+02:00;standby;23.6;30.5;5.0;28.0;53.7;57.0;0;0;0;0;16262.96;11280.08;4982.89;32419.844
2026-06-15T16:18:44.304464+02:00;standby;23.6;30.5;5.0;28.0;53.6;57.0;0;0;0;0;16262.96;11280.08;4982.89;32419.844
2026-06-15T16:19:44.832845+02:00;standby;23.6;30.5;5.0;28.0;53.6;57.0;0;0;0;0;16262.96;11280.08;4982.89;32419.844
2026-06-15T16:20:46.067346+02:00;standby;23.6;30.5;5.0;28.0;53.6;57.0;0;0;0;0;16262.96;11280.08;4982.89;32419.844
2026-06-15T16:21:46.680864+02:00;standby;23.6;30.4;5.0;28.0;53.6;57.0;0;0;0;0;16262.96;11280.08;4982.89;32419.844
2026-06-15T16:22:47.211955+02:00;standby;23.6;30.4;5.0;28.0;53.6;57.0;0;0;0;0;16262.96;11280.08;4982.89;32419.844
2026-06-15T16:23:47.824398+02:00;standby;23.6;30.4;5.0;28.0;53.5;57.0;0;0;0;0;16262.96;11280.08;4982.89;32419.844
2026-06-15T16:24:48.617404+02:00;standby;23.6;30.4;5.0;28.0;53.3;57.0;0;0;0;0;16262.96;11280.08;4982.89;32419.844
2026-06-15T16:25:49.489727+02:00;standby;23.6;30.4;5.0;28.0;53.1;57.0;0;0;0;0;16262.96;11280.08;4982.89;32419.844
2026-06-15T16:26:50.202323+02:00;standby;23.6;30.4;5.0;28.0;52.9;57.0;0;0;0;0;16262.96;11280.08;4982.89;32419.844
2026-06-15T16:27:50.891751+02:00;standby;23.6;30.4;5.0;28.0;52.8;57.0;0;0;0;0;16262.96;11280.08;4982.89;32419.844
2026-06-15T16:28:51.446105+02:00;standby;23.6;30.2;5.0;28.0;52.6;57.0;0;0;0;0;16262.96;11280.08;4982.89;32419.844
2026-06-15T16:29:51.974733+02:00;standby;23.6;30.2;5.0;28.0;52.4;57.0;0;0;0;0;16262.96;11280.08;4982.89;32419.844
2026-06-15T16:30:52.653691+02:00;standby;23.6;30.2;5.0;28.0;52.2;57.0;0;0;0;0;16262.96;11280.08;4982.89;32419.844
2026-06-15T16:31:53.374143+02:00;standby;23.6;30.2;5.0;28.0;52.0;57.0;0;0;0;0;16262.96;11280.08;4982.89;32419.844
2026-06-15T16:32:54.036907+02:00;standby;23.6;30.2;5.0;28.0;51.9;57.0;0;0;0;0;16262.96;11280.08;4982.89;32419.844
2026-06-15T16:33:54.663525+02:00;standby;23.6;30.2;5.0;28.0;51.9;57.0;0;0;0;0;16262.96;11280.08;4982.89;32419.844
2026-06-15T16:34:55.544367+02:00;standby;23.6;30.1;5.0;28.0;51.8;57.0;0;0;0;0;16262.96;11280.08;4982.89;32419.844
2026-06-15T16:35:56.314160+02:00;standby;23.6;30.1;5.0;28.0;51.8;57.0;0;0;0;0;16262.96;11280.08;4982.89;32419.844
2026-06-15T16:36:56.828109+02:00;standby;23.6;30.1;5.0;28.0;51.8;57.0;0;0;0;0;16262.96;11280.08;4982.89;32419.844
2026-06-15T16:37:57.424185+02:00;standby;23.6;30.1;5.0;28.0;51.8;57.0;0;0;0;0;16262.96;11280.08;4982.89;32419.844
2026-06-15T16:38:57.970220+02:00;standby;23.6;30.1;5.0;28.0;51.8;57.0;0;0;0;0;16262.96;11280.08;4982.89;32419.844
2026-06-15T16:39:58.496729+02:00;standby;23.6;30.1;5.0;28.0;51.8;57.0;0;0;0;0;16262.96;11280.08;4982.89;32419.844
2026-06-15T16:40:59.029382+02:00;standby;23.6;30.1;5.0;28.0;51.7;57.0;0;0;0;0;16262.96;11280.08;4982.89;32419.844
2026-06-15T16:42:00.144183+02:00;standby;23.6;30.0;5.0;28.0;51.6;57.0;0;0;0;0;16262.96;11280.08;4982.89;32419.844
2026-06-15T16:43:00.768535+02:00;standby;23.6;30.0;5.0;28.0;51.3;57.0;0;0;0;0;16262.96;11280.08;4982.89;32419.844
2026-06-15T16:44:01.256656+02:00;standby;23.6;30.0;5.0;28.0;51.3;57.0;0;0;0;0;16262.96;11280.08;4982.89;32419.844
2026-06-15T16:45:01.808391+02:00;standby;23.6;30.0;5.0;28.0;51.2;57.0;0;0;0;0;16262.96;11280.08;4982.89;32419.844
2026-06-15T16:46:02.349713+02:00;standby;23.6;30.0;5.0;28.0;51.2;57.0;0;0;0;0;16262.96;11280.08;4982.89;32419.844
2026-06-15T16:47:02.914156+02:00;standby;23.6;30.0;5.0;28.0;51.2;57.0;0;0;0;0;16262.96;11280.08;4982.89;32419.844
2026-06-15T16:48:03.574050+02:00;standby;23.6;30.0;5.0;28.0;51.2;57.0;0;0;0;0;16262.96;11280.08;4982.89;32419.844
2026-06-15T16:49:04.456083+02:00;standby;23.6;29.9;5.0;28.0;51.2;57.0;0;0;0;0;16262.96;11280.08;4982.89;32419.844
2026-06-15T16:50:05.010004+02:00;standby;23.6;29.9;5.0;28.0;51.1;57.0;0;0;0;0;16262.96;11280.08;4982.89;32419.844
2026-06-15T16:51:05.692881+02:00;standby;23.6;29.9;5.0;28.0;51.1;57.0;0;0;0;0;16262.96;11280.08;4982.89;32419.844
2026-06-15T16:52:06.270125+02:00;standby;23.6;29.9;5.0;28.0;51.1;57.0;0;0;0;0;16262.96;11280.08;4982.89;32419.844
2026-06-15T16:53:06.953444+02:00;standby;23.6;29.9;5.0;28.0;50.9;57.0;0;0;0;0;16262.96;11280.08;4982.89;32419.844
2026-06-15T16:54:07.871503+02:00;standby;23.6;29.9;5.0;28.0;50.8;57.0;0;0;0;0;16262.96;11280.08;4982.89;32419.844
2026-06-15T16:55:08.486790+02:00;standby;23.6;29.9;5.0;28.0;50.7;57.0;0;0;0;0;16262.96;11280.08;4982.89;32419.844
2026-06-15T16:56:09.321351+02:00;standby;23.6;29.9;5.0;28.0;50.5;57.0;0;0;0;0;16262.96;11280.08;4982.89;32419.844
2026-06-15T16:57:10.565365+02:00;standby;23.6;29.7;5.0;28.0;50.4;57.0;0;0;0;0;16262.96;11280.08;4982.89;32419.844
2026-06-15T16:58:11.281333+02:00;standby;23.6;29.7;5.0;28.0;50.4;57.0;0;0;0;0;16262.96;11280.08;4982.89;32419.844
2026-06-15T16:59:12.046865+02:00;standby;23.6;29.7;5.0;28.0;50.4;57.0;0;0;0;0;16262.96;11280.08;4982.89;32419.844
2026-06-15T17:00:12.886964+02:00;standby;23.6;29.7;5.0;28.0;50.3;57.0;0;0;0;0;16262.96;11280.08;4982.89;32419.844
2026-06-15T17:01:13.493265+02:00;standby;23.6;29.7;5.0;28.0;50.3;57.0;0;0;0;0;16262.96;11280.08;4982.89;32419.844
2026-06-15T17:02:14.017427+02:00;standby;23.6;29.7;5.0;28.0;50.3;57.0;0;0;0;0;16262.96;11280.08;4982.89;32419.844
2026-06-15T17:03:15.016641+02:00;standby;23.6;29.7;5.0;28.0;50.3;57.0;0;0;0;0;16262.96;11280.08;4982.89;32419.844
2026-06-15T17:04:15.574151+02:00;standby;23.6;29.7;5.0;28.0;50.3;57.0;0;0;0;0;16262.96;11280.08;4982.89;32419.844
2026-06-15T17:05:16.263214+02:00;standby;24.0;29.6;5.0;28.0;50.3;57.0;0;0;0;0;16262.96;11280.08;4982.89;32419.844
2026-06-15T17:06:16.816942+02:00;standby;24.0;29.6;5.0;28.0;50.2;57.0;0;0;0;0;16262.96;11280.08;4982.89;32419.844
2026-06-15T17:07:17.709157+02:00;standby;24.0;29.6;5.0;28.0;50.2;57.0;0;0;0;0;16262.96;11280.08;4982.89;32419.844
2026-06-15T17:08:18.273281+02:00;standby;24.0;29.6;5.0;28.0;50.2;57.0;0;0;0;0;16262.96;11280.08;4982.89;32419.844
2026-06-15T17:09:18.781553+02:00;standby;24.0;29.6;5.0;28.0;50.2;57.0;0;0;0;0;16262.96;11280.08;4982.89;32419.844
2026-06-15T17:10:19.306858+02:00;standby;24.0;29.6;5.0;28.0;50.2;57.0;0;0;0;0;16262.96;11280.08;4982.89;32419.844
2026-06-15T17:11:19.869934+02:00;standby;24.0;29.6;5.0;28.0;50.2;57.0;0;0;0;0;16262.96;11280.08;4982.89;32419.844
2026-06-15T17:12:20.444988+02:00;standby;24.0;29.4;5.0;28.0;50.2;57.0;0;0;0;0;16262.96;11280.08;4982.89;32419.844
2026-06-15T17:13:20.960342+02:00;standby;24.0;29.4;5.0;28.0;50.2;57.0;0;0;0;0;16262.96;11280.08;4982.89;32419.844
2026-06-15T17:14:21.736226+02:00;standby;24.0;29.4;5.0;28.0;50.1;57.0;0;0;0;0;16262.96;11280.08;4982.89;32419.844
2026-06-15T17:15:22.259013+02:00;standby;24.0;29.4;5.0;28.0;50.1;57.0;0;0;0;0;16262.96;11280.08;4982.89;32419.844
2026-06-15T17:16:22.817449+02:00;standby;24.0;29.4;5.0;28.0;50.1;57.0;0;0;0;0;16262.96;11280.08;4982.89;32419.844
2026-06-15T17:17:23.610173+02:00;standby;24.0;29.4;5.0;28.0;50.1;57.0;0;0;0;0;16262.96;11280.08;4982.89;32419.844
2026-06-15T17:18:24.172441+02:00;standby;24.0;29.4;5.0;28.0;50.1;57.0;0;0;0;0;16262.96;11280.08;4982.89;32419.844
2026-06-15T17:19:24.755836+02:00;standby;24.0;29.4;5.0;28.0;50.1;57.0;0;0;0;0;16262.96;11280.08;4982.89;32419.844
2026-06-15T17:20:25.677248+02:00;standby;24.0;29.3;5.0;28.0;50.1;57.0;0;0;0;0;16262.96;11280.08;4982.89;32419.844
2026-06-15T17:21:26.199729+02:00;standby;24.0;29.3;5.0;28.0;50.1;57.0;0;0;0;0;16262.96;11280.08;4982.89;32419.844
2026-06-15T17:22:26.860512+02:00;standby;24.0;29.3;5.0;28.0;50.0;57.0;0;0;0;0;16262.96;11280.08;4982.89;32419.844
2026-06-15T17:23:27.745305+02:00;standby;24.0;29.3;5.0;28.0;50.0;57.0;0;0;0;0;16262.96;11280.08;4982.89;32419.844
2026-06-15T17:24:28.357243+02:00;standby;24.0;29.3;5.0;28.0;50.0;57.0;0;0;0;0;16262.96;11280.08;4982.89;32419.844
2026-06-15T17:25:28.893947+02:00;standby;24.0;29.3;5.0;28.0;50.0;57.0;0;0;0;0;16262.96;11280.08;4982.89;32419.844
2026-06-15T17:26:29.409546+02:00;standby;24.0;29.3;5.0;28.0;50.0;57.0;0;0;0;0;16262.96;11280.08;4982.89;32419.844
2026-06-15T17:27:29.966281+02:00;standby;24.0;29.3;5.0;28.0;50.0;57.0;0;0;0;0;16262.96;11280.08;4982.89;32419.844
2026-06-15T17:28:31.019953+02:00;standby;24.0;29.3;5.0;28.0;50.0;57.0;0;0;0;0;16262.96;11280.08;4982.89;32419.844
2026-06-15T17:29:31.578651+02:00;standby;24.0;29.2;5.0;28.0;49.9;57.0;0;0;0;0;16262.96;11280.08;4982.89;32419.844
2026-06-15T17:30:32.119409+02:00;standby;24.0;29.2;5.0;28.0;49.9;57.0;0;0;0;0;16262.96;11280.08;4982.89;32419.844
2026-06-15T17:31:32.666117+02:00;standby;24.0;29.2;5.0;28.0;49.9;57.0;0;0;0;0;16262.96;11280.08;4982.89;32419.844
2026-06-15T17:32:33.500096+02:00;standby;24.0;29.2;5.0;28.0;49.9;57.0;0;0;0;0;16262.96;11280.08;4982.89;32419.844
2026-06-15T17:33:34.060004+02:00;standby;24.0;29.2;5.0;28.0;49.9;57.0;0;0;0;0;16262.96;11280.08;4982.89;32419.844
2026-06-15T17:34:34.626074+02:00;standby;24.0;29.2;5.0;28.0;49.9;57.0;0;0;0;0;16262.96;11280.08;4982.89;32419.844
2026-06-15T17:35:35.204473+02:00;standby;24.0;29.2;5.0;28.0;49.9;57.0;0;0;0;0;16262.96;11280.08;4982.89;32419.844
2026-06-15T17:36:35.766427+02:00;standby;24.0;29.2;5.0;28.0;49.9;57.0;0;0;0;0;16262.96;11280.08;4982.89;32419.844
2026-06-15T17:37:36.301641+02:00;standby;24.0;29.2;5.0;28.0;49.8;57.0;0;0;0;0;16262.96;11280.08;4982.89;32419.844
2026-06-15T17:38:36.912661+02:00;standby;24.0;29.0;5.0;28.0;49.8;57.0;0;0;0;0;16262.96;11280.08;4982.89;32419.844
2026-06-15T17:39:37.503178+02:00;standby;24.0;29.0;5.0;28.0;49.8;57.0;0;0;0;0;16262.96;11280.08;4982.89;32419.844
2026-06-15T17:40:38.054246+02:00;standby;24.0;29.0;5.0;28.0;49.8;57.0;0;0;0;0;16262.96;11280.08;4982.89;32419.844
2026-06-15T17:41:38.827881+02:00;standby;24.0;29.0;5.0;28.0;49.8;57.0;0;0;0;0;16262.96;11280.08;4982.89;32419.844
2026-06-15T17:42:39.499365+02:00;standby;24.0;29.0;5.0;28.0;49.8;57.0;0;0;0;0;16262.96;11280.08;4982.89;32419.844
2026-06-15T17:43:40.021838+02:00;standby;24.0;29.0;5.0;28.0;49.8;57.0;0;0;0;0;16262.96;11280.08;4982.89;32419.844
2026-06-15T17:44:40.539290+02:00;standby;24.0;29.0;5.0;28.0;49.8;57.0;0;0;0;0;16262.96;11280.08;4982.89;32419.844
2026-06-15T17:45:41.105930+02:00;standby;24.0;29.0;5.0;28.0;49.7;57.0;0;0;0;0;16262.96;11280.08;4982.89;32419.844
2026-06-15T17:46:41.729425+02:00;standby;24.0;29.0;5.0;28.0;49.7;57.0;0;0;0;0;16262.96;11280.08;4982.89;32419.844
2026-06-15T17:47:42.260100+02:00;standby;24.0;29.0;5.0;28.0;49.7;57.0;0;0;0;0;16262.96;11280.08;4982.89;32419.844
2026-06-15T17:48:42.995237+02:00;standby;24.0;28.9;5.0;28.0;49.7;57.0;0;0;0;0;16262.96;11280.08;4982.89;32419.844
2026-06-15T17:49:43.851089+02:00;standby;24.0;28.9;5.0;28.0;49.7;57.0;0;0;0;0;16262.96;11280.08;4982.89;32419.844
2026-06-15T17:50:53.918745+02:00;standby;24.0;;;;;;0;;0;;;;;32419.844
2026-06-15T17:51:54.473078+02:00;standby;24.0;28.9;5.0;28.0;49.7;57.0;0;0;0;0;16262.96;11280.08;4982.89;32419.844
2026-06-15T17:52:55.122189+02:00;standby;24.0;28.9;5.0;28.0;49.6;57.0;0;0;0;0;16262.96;11280.08;4982.89;32419.844
2026-06-15T17:53:55.658427+02:00;standby;24.0;28.9;5.0;28.0;49.6;57.0;0;0;0;0;16262.96;11280.08;4982.89;32419.844
2026-06-15T17:54:56.279353+02:00;standby;24.0;28.9;5.0;28.0;49.6;57.0;0;0;0;0;16262.96;11280.08;4982.89;32419.844
2026-06-15T17:55:56.754762+02:00;standby;24.0;28.9;5.0;28.0;49.6;57.0;0;0;0;0;16262.96;11280.08;4982.89;32419.844
2026-06-15T17:56:57.426939+02:00;standby;24.0;28.9;5.0;28.0;49.6;57.0;0;0;0;0;16262.96;11280.08;4982.89;32419.844
2026-06-15T17:57:58.453396+02:00;standby;24.0;28.9;5.0;28.0;49.6;57.0;0;0;0;0;16262.96;11280.08;4982.89;32419.844
2026-06-15T17:58:59.016806+02:00;standby;24.0;28.7;5.0;28.0;49.6;57.0;0;0;0;0;16262.96;11280.08;4982.89;32419.844
2026-06-15T17:59:59.599750+02:00;standby;24.0;28.7;5.0;28.0;49.6;57.0;0;0;0;0;16262.96;11280.08;4982.89;32419.844
2026-06-15T18:01:00.118383+02:00;standby;24.0;28.7;5.0;28.0;49.5;57.0;0;0;0;0;16262.96;11280.08;4982.89;32419.844
2026-06-15T18:02:00.788037+02:00;standby;24.0;28.7;5.0;28.0;49.5;57.0;0;0;0;0;16262.96;11280.08;4982.89;32419.844
2026-06-15T18:03:01.508193+02:00;standby;24.0;28.7;5.0;28.0;49.5;57.0;0;0;0;0;16262.96;11280.08;4982.89;32419.844
2026-06-15T18:04:02.037691+02:00;standby;24.0;28.7;5.0;28.0;49.5;57.0;0;0;0;0;16262.96;11280.08;4982.89;32419.844
2026-06-15T18:05:02.608661+02:00;standby;24.0;28.7;5.0;28.0;49.5;57.0;0;0;0;0;16262.96;11280.08;4982.89;32419.844
2026-06-15T18:06:03.200704+02:00;standby;24.0;28.7;5.0;28.0;49.5;57.0;0;0;0;0;16262.96;11280.08;4982.89;32419.844
2026-06-15T18:07:03.741219+02:00;standby;24.0;28.7;5.0;28.0;49.5;57.0;0;0;0;0;16262.96;11280.08;4982.89;32419.844
2026-06-15T18:08:04.331142+02:00;standby;24.0;28.6;5.0;28.0;49.5;57.0;0;0;0;0;16262.96;11280.08;4982.89;32419.844
2026-06-15T18:09:04.935312+02:00;standby;24.0;28.6;5.0;28.0;49.5;57.0;0;0;0;0;16262.96;11280.08;4982.89;32419.844
2026-06-15T18:10:05.509039+02:00;standby;24.0;28.6;5.0;28.0;49.4;57.0;0;0;0;0;16262.96;11280.08;4982.89;32419.844
2026-06-15T18:11:06.490344+02:00;standby;24.0;28.6;5.0;28.0;49.4;57.0;0;0;0;0;16262.96;11280.08;4982.89;32419.844
2026-06-15T18:12:07.933263+02:00;standby;24.0;28.6;5.0;28.0;49.4;57.0;0;0;0;0;16262.96;11280.08;4982.89;32419.844
2026-06-15T18:13:08.459262+02:00;standby;24.0;28.6;5.0;28.0;49.4;57.0;0;0;0;0;16262.96;11280.08;4982.89;32419.844
2026-06-15T18:14:08.982426+02:00;standby;24.0;28.6;5.0;28.0;49.4;57.0;0;0;0;0;16262.96;11280.08;4982.89;32419.844
2026-06-15T18:15:09.507034+02:00;standby;24.0;28.6;5.0;28.0;49.4;57.0;0;0;0;0;16262.96;11280.08;4982.89;32419.844
2026-06-15T18:16:10.027137+02:00;standby;24.0;28.6;5.0;28.0;49.4;57.0;0;0;0;0;16262.96;11280.08;4982.89;32419.844
2026-06-15T18:17:10.572893+02:00;standby;24.0;28.6;5.0;28.0;49.4;57.0;0;0;0;0;16262.96;11280.08;4982.89;32419.844
2026-06-15T18:18:11.603076+02:00;standby;24.0;28.5;5.0;28.0;49.3;57.0;0;0;0;0;16262.96;11280.08;4982.89;32419.844
2026-06-15T18:19:12.169757+02:00;standby;24.0;28.5;5.0;28.0;49.3;57.0;0;0;0;0;16262.96;11280.08;4982.89;32419.844
2026-06-15T18:20:12.789226+02:00;standby;24.0;28.5;5.0;28.0;49.3;57.0;0;0;0;0;16262.96;11280.08;4982.89;32419.844
2026-06-15T18:21:13.412781+02:00;standby;24.0;28.5;5.0;28.0;49.3;57.0;0;0;0;0;16262.96;11280.08;4982.89;32419.844
2026-06-15T18:22:13.957158+02:00;standby;24.0;28.5;5.0;28.0;49.3;57.0;0;0;0;0;16262.96;11280.08;4982.89;32419.844
2026-06-15T18:23:14.590334+02:00;standby;24.0;28.5;5.0;28.0;49.3;57.0;0;0;0;0;16262.96;11280.08;4982.89;32419.844
2026-06-15T18:24:15.192319+02:00;standby;24.0;28.5;5.0;28.0;49.3;57.0;0;0;0;0;16262.96;11280.08;4982.89;32419.844
2026-06-15T18:25:15.760906+02:00;standby;24.0;28.5;5.0;28.0;49.2;57.0;0;0;0;0;16262.96;11280.08;4982.89;32419.844
2026-06-15T18:26:16.662146+02:00;standby;24.0;28.5;5.0;28.0;49.2;57.0;0;0;0;0;16262.96;11280.08;4982.89;32419.844
2026-06-15T18:27:17.259092+02:00;standby;24.0;28.5;5.0;28.0;49.2;57.0;0;0;0;0;16262.96;11280.08;4982.89;32419.844
2026-06-15T18:28:17.868807+02:00;standby;24.0;28.5;5.0;28.0;49.2;57.0;0;0;0;0;16262.96;11280.08;4982.89;32419.844
2026-06-15T18:29:18.506792+02:00;standby;24.0;28.3;5.0;28.0;49.2;57.0;0;0;0;0;16262.96;11280.08;4982.89;32419.844
2026-06-15T18:30:19.026952+02:00;standby;24.0;28.5;5.0;28.0;49.2;57.0;0;0;0;0;16262.96;11280.08;4982.89;32419.844
2026-06-15T18:31:19.587126+02:00;standby;24.0;28.3;5.0;28.0;49.2;57.0;0;0;0;0;16262.96;11280.08;4982.89;32419.844
2026-06-15T18:32:20.148606+02:00;standby;24.0;28.3;5.0;28.0;49.2;57.0;0;0;0;0;16262.96;11280.08;4982.89;32419.844
2026-06-15T18:33:20.783592+02:00;standby;24.0;28.3;5.0;28.0;49.1;57.0;0;0;0;0;16262.96;11280.08;4982.89;32419.844
2026-06-15T18:34:21.307810+02:00;standby;24.0;28.3;5.0;28.0;49.1;57.0;0;0;0;0;16262.96;11280.08;4982.89;32419.844
2026-06-15T18:35:21.934576+02:00;standby;24.0;28.3;5.0;28.0;49.1;57.0;0;0;0;0;16262.96;11280.08;4982.89;32419.844
2026-06-15T18:36:22.758700+02:00;standby;24.0;28.3;5.0;28.0;49.1;57.0;0;0;0;0;16262.96;11280.08;4982.89;32419.844
2026-06-15T18:37:23.319330+02:00;standby;24.0;28.3;5.0;28.0;49.1;57.0;0;0;0;0;16262.96;11280.08;4982.89;32419.844
2026-06-15T18:38:23.995051+02:00;standby;24.0;28.3;5.0;28.0;49.1;57.0;0;0;0;0;16262.96;11280.08;4982.89;32419.844
2026-06-15T18:39:24.517018+02:00;standby;24.0;28.3;5.0;28.0;49.1;57.0;0;0;0;0;16262.96;11280.08;4982.89;32419.844
2026-06-15T18:40:25.262876+02:00;standby;24.0;28.2;5.0;28.0;49.1;57.0;0;0;0;0;16262.96;11280.08;4982.89;32419.844
2026-06-15T18:41:25.955056+02:00;standby;24.0;28.3;5.0;28.0;49.1;57.0;0;0;0;0;16262.96;11280.08;4982.89;32419.844
2026-06-15T18:42:27.015281+02:00;standby;24.0;28.2;5.0;28.0;49.0;57.0;0;0;0;0;16262.96;11280.08;4982.89;32419.844
2026-06-15T18:43:27.735057+02:00;standby;24.0;28.2;5.0;28.0;49.0;57.0;0;0;0;0;16262.96;11280.08;4982.89;32419.844
2026-06-15T18:44:28.548975+02:00;standby;24.0;28.2;5.0;28.0;49.0;57.0;0;0;0;0;16262.96;11280.08;4982.89;32419.844
2026-06-15T18:45:29.078166+02:00;standby;24.0;28.2;5.0;28.0;49.0;57.0;0;0;0;0;16262.96;11280.08;4982.89;32419.844
2026-06-15T18:46:29.596064+02:00;standby;24.0;28.2;5.0;28.0;49.0;57.0;0;0;0;0;16262.96;11280.08;4982.89;32419.844
2026-06-15T18:47:30.912792+02:00;standby;24.0;28.2;5.0;28.0;49.0;57.0;0;0;0;0;16262.96;11280.08;4982.89;32419.844
2026-06-15T18:48:31.446939+02:00;standby;24.0;28.2;5.0;28.0;49.0;57.0;0;0;0;0;16262.96;11280.08;4982.89;32419.844
2026-06-15T18:49:32.589699+02:00;standby;24.0;28.2;5.0;28.0;49.0;57.0;0;0;0;0;16262.96;11280.08;4982.89;32419.844
2026-06-15T18:50:33.142613+02:00;standby;24.0;28.2;5.0;28.0;49.0;57.0;0;0;0;0;16262.96;11280.08;4982.89;32419.844
2026-06-15T18:51:33.718151+02:00;standby;24.0;28.2;5.0;28.0;48.9;57.0;0;0;0;0;16262.96;11280.08;4982.89;32419.844
2026-06-15T18:52:34.735940+02:00;standby;24.0;28.2;5.0;28.0;48.9;57.0;0;0;0;0;16262.96;11280.08;4982.89;32419.844
2026-06-15T18:53:35.286729+02:00;standby;24.0;28.0;5.0;28.0;48.9;57.0;0;0;0;0;16262.96;11280.08;4982.89;32419.844
2026-06-15T18:54:36.417347+02:00;standby;24.0;28.0;5.0;28.0;48.9;57.0;0;0;0;0;16262.96;11280.08;4982.89;32419.844
2026-06-15T18:55:36.931090+02:00;standby;24.0;28.0;5.0;28.0;48.9;57.0;0;0;0;0;16262.96;11280.08;4982.89;32419.844
2026-06-15T18:56:38.044048+02:00;standby;24.0;28.0;5.0;28.0;48.9;57.0;0;0;0;0;16262.96;11280.08;4982.89;32419.844
2026-06-15T18:57:38.676477+02:00;standby;24.0;28.0;5.0;28.0;48.9;57.0;0;0;0;0;16262.96;11280.08;4982.89;32419.844
2026-06-15T18:58:39.420210+02:00;standby;24.0;28.0;5.0;28.0;48.9;57.0;0;0;0;0;16262.96;11280.08;4982.89;32419.844
2026-06-15T18:59:39.933240+02:00;standby;24.0;28.0;5.0;28.0;48.8;57.0;0;0;0;0;16262.96;11280.08;4982.89;32419.844
2026-06-15T19:00:40.527584+02:00;standby;24.0;28.0;5.0;28.0;48.8;57.0;0;0;0;0;16262.96;11280.08;4982.89;32419.844
2026-06-15T19:01:41.487833+02:00;standby;24.0;28.0;5.0;28.0;48.8;57.0;0;0;0;0;16262.96;11280.08;4982.89;32419.844
2026-06-15T19:02:42.118822+02:00;standby;24.0;28.0;5.0;28.0;48.8;57.0;0;0;0;0;16262.96;11280.08;4982.89;32419.844
2026-06-15T19:03:42.707101+02:00;standby;24.0;28.0;5.0;28.0;48.8;57.0;0;0;0;0;16262.96;11280.08;4982.89;32419.844
2026-06-15T19:04:43.243829+02:00;standby;24.0;28.0;5.0;28.0;48.8;57.0;0;0;0;0;16262.96;11280.08;4982.89;32419.844
2026-06-15T19:05:43.875480+02:00;standby;24.0;28.0;5.0;28.0;48.8;57.0;0;0;0;0;16262.96;11280.08;4982.89;32419.844
2026-06-15T19:06:44.389340+02:00;standby;24.0;28.0;5.0;28.0;48.8;57.0;0;0;0;0;16262.96;11280.08;4982.89;32419.844
2026-06-15T19:07:44.905025+02:00;standby;24.0;27.9;5.0;28.0;48.8;57.0;0;0;0;0;16262.96;11280.08;4982.89;32419.844
2026-06-15T19:08:45.394933+02:00;standby;24.0;27.9;5.0;28.0;48.8;57.0;0;0;0;0;16262.96;11280.08;4982.89;32419.844
2026-06-15T19:09:46.130271+02:00;standby;24.0;27.9;5.0;28.0;48.7;57.0;0;0;0;0;16262.96;11280.08;4982.89;32419.844
2026-06-15T19:10:46.872130+02:00;standby;24.0;27.9;5.0;28.0;48.7;57.0;0;0;0;0;16262.96;11280.08;4982.89;32419.844
2026-06-15T19:11:47.781240+02:00;standby;24.0;27.9;5.0;28.0;48.7;57.0;0;0;0;0;16262.96;11280.08;4982.89;32419.844
2026-06-15T19:12:48.809951+02:00;standby;24.0;27.9;5.0;28.0;48.7;57.0;0;0;0;0;16262.96;11280.08;4982.89;32419.844
2026-06-15T19:13:49.344092+02:00;standby;24.0;27.9;5.0;28.0;48.7;57.0;0;0;0;0;16262.96;11280.08;4982.89;32419.844
2026-06-15T19:14:49.872120+02:00;standby;24.0;27.9;5.0;28.0;48.7;57.0;0;0;0;0;16262.96;11280.08;4982.89;32419.844
2026-06-15T19:15:50.530265+02:00;standby;24.0;27.9;5.0;28.0;48.7;57.0;0;0;0;0;16262.96;11280.08;4982.89;32419.844
2026-06-15T19:16:51.079986+02:00;standby;24.0;27.9;5.0;28.0;48.7;57.0;0;0;0;0;16262.96;11280.08;4982.89;32419.844
2026-06-15T19:17:51.704173+02:00;standby;24.0;27.9;5.0;28.0;48.7;57.0;0;0;0;0;16262.96;11280.08;4982.89;32419.844
2026-06-15T19:18:52.356047+02:00;standby;24.0;27.9;5.0;28.0;48.6;57.0;0;0;0;0;16262.96;11280.08;4982.89;32419.844
2026-06-15T19:19:53.056051+02:00;standby;24.0;27.9;5.0;28.0;48.6;57.0;0;0;0;0;16262.96;11280.08;4982.89;32419.844
2026-06-15T19:20:53.892131+02:00;standby;24.0;27.9;5.0;28.0;48.6;57.0;0;0;0;0;16262.96;11280.08;4982.89;32419.844
2026-06-15T19:21:54.634745+02:00;standby;24.0;27.7;5.0;28.0;48.6;57.0;0;0;0;0;16262.96;11280.08;4982.89;32419.844
2026-06-15T19:22:55.245026+02:00;standby;24.0;27.7;5.0;28.0;48.6;57.0;0;0;0;0;16262.96;11280.08;4982.89;32419.844
2026-06-15T19:23:55.854130+02:00;standby;24.0;27.7;5.0;28.0;48.6;57.0;0;0;0;0;16262.96;11280.08;4982.89;32419.844
2026-06-15T19:24:56.508025+02:00;standby;24.0;27.7;5.0;28.0;48.6;57.0;0;0;0;0;16262.96;11280.08;4982.89;32419.844
2026-06-15T19:25:57.122340+02:00;standby;24.0;27.7;5.0;28.0;48.5;57.0;0;0;0;0;16262.96;11280.08;4982.89;32419.844
2026-06-15T19:26:57.636378+02:00;standby;24.0;27.7;5.0;28.0;48.4;57.0;0;0;0;0;16262.96;11280.08;4982.89;32419.844
2026-06-15T19:27:58.262757+02:00;standby;24.0;27.7;5.0;28.0;48.2;57.0;0;0;0;0;16262.96;11280.08;4982.89;32419.844
2026-06-15T19:28:58.780150+02:00;standby;24.0;27.7;5.0;28.0;48.2;57.0;0;0;0;0;16262.96;11280.08;4982.89;32419.844
2026-06-15T19:29:59.304658+02:00;standby;24.0;27.7;5.0;28.0;48.1;57.0;0;0;0;0;16262.96;11280.08;4982.89;32419.844
2026-06-15T19:31:00.009768+02:00;standby;24.0;27.7;5.0;28.0;48.1;57.0;0;0;0;0;16262.96;11280.08;4982.89;32419.844
2026-06-15T19:32:00.580577+02:00;standby;24.0;27.7;5.0;28.0;48.1;57.0;0;0;0;0;16262.96;11280.08;4982.89;32419.844
2026-06-15T19:33:01.098294+02:00;standby;24.0;27.7;5.0;28.0;48.1;57.0;0;0;0;0;16262.96;11280.08;4982.89;32419.844
2026-06-15T19:34:01.960319+02:00;standby;24.0;27.7;5.0;28.0;48.1;57.0;0;0;0;0;16262.96;11280.08;4982.89;32419.844
2026-06-15T19:35:02.592313+02:00;standby;24.0;27.6;5.0;28.0;48.0;57.0;0;0;0;0;16262.96;11280.08;4982.89;32419.844
2026-06-15T19:36:03.204215+02:00;standby;24.0;27.7;5.0;28.0;48.0;57.0;0;0;0;0;16262.96;11280.08;4982.89;32419.844
2026-06-15T19:37:03.755516+02:00;standby;24.0;27.6;5.0;28.0;48.0;57.0;0;0;0;0;16262.96;11280.08;4982.89;32419.844
2026-06-15T19:38:04.396580+02:00;standby;24.0;27.6;5.0;28.0;47.9;57.0;0;0;0;0;16262.96;11280.08;4982.89;32419.844
2026-06-15T19:39:05.407820+02:00;standby;24.0;27.6;5.0;28.0;47.9;57.0;0;0;0;0;16262.96;11280.08;4982.89;32419.844
2026-06-15T19:40:05.934746+02:00;standby;24.0;27.6;5.0;28.0;47.8;57.0;0;0;0;0;16262.96;11280.08;4982.89;32419.844
2026-06-15T19:41:07.138743+02:00;standby;24.0;27.6;5.0;28.0;47.7;57.0;0;0;0;0;16262.96;11280.08;4982.89;32419.844
2026-06-15T19:42:07.750165+02:00;standby;24.0;27.6;5.0;28.0;47.7;57.0;0;0;0;0;16262.96;11280.08;4982.89;32419.844
2026-06-15T19:43:08.309467+02:00;standby;24.0;27.6;5.0;28.0;47.7;57.0;0;0;0;0;16262.96;11280.08;4982.89;32419.844
2026-06-15T19:44:09.150198+02:00;standby;24.0;27.6;5.0;28.0;47.7;57.0;0;0;0;0;16262.96;11280.08;4982.89;32419.844
2026-06-15T19:45:09.736225+02:00;standby;24.0;27.6;5.0;28.0;47.7;57.0;0;0;0;0;16262.96;11280.08;4982.89;32419.844
2026-06-15T19:46:10.360122+02:00;standby;24.0;27.6;5.0;28.0;47.7;57.0;0;0;0;0;16262.96;11280.08;4982.89;32419.844
2026-06-15T19:47:10.884511+02:00;standby;24.0;27.6;5.0;28.0;47.6;57.0;0;0;0;0;16262.96;11280.08;4982.89;32419.844
2026-06-15T19:48:11.410989+02:00;standby;24.0;27.6;5.0;28.0;47.6;57.0;0;0;0;0;16262.96;11280.08;4982.89;32419.844
2026-06-15T19:49:11.927656+02:00;standby;24.0;27.5;5.0;28.0;47.6;57.0;0;0;0;0;16262.96;11280.08;4982.89;32419.844
2026-06-15T19:50:12.446931+02:00;standby;24.0;27.6;5.0;28.0;47.6;57.0;0;0;0;0;16262.96;11280.08;4982.89;32419.844
2026-06-15T19:51:12.973928+02:00;standby;24.0;27.6;5.0;28.0;47.6;57.0;0;0;0;0;16262.96;11280.08;4982.89;32419.844
2026-06-15T19:52:13.496422+02:00;standby;24.0;27.6;5.0;28.0;47.6;57.0;0;0;0;0;16262.96;11280.08;4982.89;32419.844
2026-06-15T19:53:14.012405+02:00;standby;24.0;27.6;5.0;28.0;47.6;57.0;0;0;0;0;16262.96;11280.08;4982.89;32419.844
2026-06-15T19:54:14.537181+02:00;standby;24.0;27.5;5.0;28.0;47.6;57.0;0;0;0;0;16262.96;11280.08;4982.89;32419.844
2026-06-15T19:55:15.043351+02:00;standby;24.0;27.5;5.0;28.0;47.6;57.0;0;0;0;0;16262.96;11280.08;4982.89;32419.844
2026-06-15T19:56:15.645882+02:00;standby;24.0;27.5;5.0;28.0;47.6;57.0;0;0;0;0;16262.96;11280.08;4982.89;32419.844
2026-06-15T19:57:16.494260+02:00;standby;24.0;27.5;5.0;28.0;47.6;57.0;0;0;0;0;16262.96;11280.08;4982.89;32419.844
2026-06-15T19:58:17.113605+02:00;standby;24.0;27.5;5.0;28.0;47.5;57.0;0;0;0;0;16262.96;11280.08;4982.89;32419.844
2026-06-15T19:59:17.631854+02:00;standby;24.0;27.5;5.0;28.0;47.4;57.0;0;0;0;0;16262.96;11280.08;4982.89;32419.844
2026-06-15T20:00:18.156897+02:00;standby;24.0;27.5;5.0;28.0;47.3;57.0;0;0;0;0;16262.96;11280.08;4982.89;32419.844
2026-06-15T20:01:18.780126+02:00;standby;24.0;27.5;5.0;28.0;47.3;57.0;0;0;0;0;16262.96;11280.08;4982.89;32419.844
2026-06-15T20:02:19.417985+02:00;standby;24.0;27.5;5.0;28.0;47.3;57.0;0;0;0;0;16262.96;11280.08;4982.89;32419.844
2026-06-15T20:03:19.918106+02:00;standby;24.0;27.5;5.0;28.0;47.2;57.0;0;0;0;0;16262.96;11280.08;4982.89;32419.844
2026-06-15T20:04:20.437780+02:00;standby;24.0;27.5;5.0;28.0;47.2;57.0;0;0;0;0;16262.96;11280.08;4982.89;32419.844
2026-06-15T20:05:21.065456+02:00;standby;24.0;27.5;5.0;28.0;47.2;57.0;0;0;0;0;16262.96;11280.08;4982.89;32419.844
2026-06-15T20:06:21.585405+02:00;standby;24.0;27.5;5.0;28.0;47.2;57.0;0;0;0;0;16262.96;11280.08;4982.89;32419.844
2026-06-15T20:07:22.175563+02:00;standby;24.5;27.5;5.0;28.0;47.2;57.0;0;0;0;0;16262.96;11280.08;4982.89;32419.844
2026-06-15T20:08:22.794407+02:00;standby;24.5;27.3;5.0;28.0;47.1;57.0;0;0;0;0;16262.96;11280.08;4982.89;32419.844
2026-06-15T20:09:23.739640+02:00;standby;24.5;27.5;5.0;28.0;47.1;57.0;0;0;0;0;16262.96;11280.08;4982.89;32419.844
2026-06-15T20:10:24.447845+02:00;dhw;24.5;35.4;85.0;28.0;46.5;57.0;1;23;1;100;16263.0;11280.08;4982.93;32419.844
2026-06-15T20:10:35.116208+02:00;dhw;24.5;36.5;85.0;28.0;46.4;57.0;1;23;1;100;16263.01;11280.08;4982.94;32419.844
2026-06-15T20:10:45.769916+02:00;dhw;24.5;35.8;85.0;28.0;46.2;57.0;1;23;1;100;16263.02;11280.08;4982.95;32419.844
2026-06-15T20:10:56.491136+02:00;dhw;24.5;35.9;85.0;28.0;46.0;57.0;1;23;1;100;16263.03;11280.08;4982.96;32419.844
2026-06-15T20:11:07.145478+02:00;dhw;24.5;36.0;85.0;28.0;45.9;57.0;1;23;1;100;16263.04;11280.08;4982.97;32419.844
2026-06-15T20:11:17.724559+02:00;dhw;24.5;36.4;85.0;28.0;45.7;57.0;1;23;1;100;16263.05;11280.08;4982.97;32419.844
2026-06-15T20:11:28.365046+02:00;dhw;24.5;37.0;85.0;28.0;45.6;57.0;1;23;1;100;16263.06;11280.08;4982.98;32419.844
2026-06-15T20:11:39.029453+02:00;dhw;24.5;37.4;85.0;28.0;45.4;57.0;1;23;1;100;16263.07;11280.08;4982.99;32419.844
2026-06-15T20:11:49.659921+02:00;dhw;24.5;38.0;85.0;28.0;45.2;57.0;1;31;1;100;16263.08;11280.08;4983.0;32419.844
2026-06-15T20:12:01.540515+02:00;dhw;24.5;38.9;85.0;28.0;44.9;57.0;1;41;1;100;16263.09;11280.08;4983.01;32419.844
2026-06-15T20:12:12.384165+02:00;dhw;24.5;41.1;85.0;28.0;44.7;57.0;1;55;1;100;16263.11;11280.08;4983.04;32419.844
2026-06-15T20:12:22.939793+02:00;dhw;24.5;43.9;85.0;28.0;44.6;57.0;1;72;1;100;16263.15;11280.08;4983.07;32419.844
2026-06-15T20:12:33.774158+02:00;dhw;24.5;46.0;85.0;28.0;44.3;57.0;1;84;1;100;16263.18;11280.08;4983.11;32419.844
2026-06-15T20:12:44.639280+02:00;dhw;24.5;48.1;85.0;28.0;44.2;57.0;1;94;1;100;16263.22;11280.08;4983.14;32419.844
2026-06-15T20:12:55.215712+02:00;dhw;24.5;50.4;85.0;28.0;44.1;57.0;1;105;1;100;16263.25;11280.08;4983.18;32419.943
2026-06-15T20:13:05.856839+02:00;dhw;24.5;53.1;85.0;28.0;44.0;57.0;1;108;1;100;16263.3;11280.08;4983.22;32419.943
2026-06-15T20:13:16.578548+02:00;dhw;24.5;55.1;85.0;28.0;43.9;57.0;1;108;1;100;16263.34;11280.08;4983.26;32419.943
2026-06-15T20:13:27.277105+02:00;dhw;24.5;57.0;85.0;28.0;43.9;57.0;1;108;1;100;16263.38;11280.08;4983.3;32419.943
2026-06-15T20:13:38.436411+02:00;dhw;24.5;59.0;85.0;28.0;43.8;57.0;1;108;1;100;16263.43;11280.08;4983.35;32419.943
2026-06-15T20:13:49.070091+02:00;dhw;24.5;61.1;85.0;28.0;43.8;57.0;1;108;1;100;16263.48;11280.08;4983.41;32419.943
2026-06-15T20:13:59.802040+02:00;dhw;24.5;62.0;85.0;28.0;43.9;57.0;1;108;1;100;16263.51;11280.08;4983.44;32419.943
2026-06-15T20:14:10.377538+02:00;dhw;24.5;63.0;85.0;28.0;43.9;57.0;1;108;1;100;16263.55;11280.08;4983.47;32419.943
2026-06-15T20:14:21.113456+02:00;dhw;24.5;64.0;85.0;28.0;43.9;57.0;1;108;1;100;16263.59;11280.08;4983.52;32419.943
2026-06-15T20:14:31.956342+02:00;dhw;24.5;65.1;85.0;28.0;44.0;57.0;1;108;1;100;16263.64;11280.08;4983.56;32419.943
2026-06-15T20:14:42.596512+02:00;dhw;24.5;66.3;85.0;28.0;44.2;57.0;1;108;1;100;16263.71;11280.08;4983.63;32419.943
2026-06-15T20:14:53.252235+02:00;dhw;24.5;67.0;85.0;28.0;44.3;57.0;1;108;1;100;16263.76;11280.08;4983.68;32419.943
2026-06-15T20:15:03.943109+02:00;dhw;24.5;67.5;85.0;28.0;44.5;57.0;1;108;1;100;16263.79;11280.08;4983.72;32419.943
2026-06-15T20:15:14.667601+02:00;dhw;24.5;68.0;85.0;28.0;44.6;57.0;1;108;1;100;16263.84;11280.08;4983.76;32419.943
2026-06-15T20:15:25.243896+02:00;dhw;24.5;68.4;85.0;28.0;44.8;57.0;1;108;1;100;16263.88;11280.08;4983.8;32419.943
2026-06-15T20:15:35.893618+02:00;dhw;24.5;68.8;85.0;28.0;45.1;57.0;1;108;1;100;16263.92;11280.08;4983.84;32419.943
2026-06-15T20:15:46.924251+02:00;dhw;24.5;69.2;85.0;28.0;45.3;57.0;1;108;1;100;16263.96;11280.08;4983.88;32419.943
2026-06-15T20:15:57.760013+02:00;dhw;24.5;69.6;85.0;28.0;45.5;57.0;1;108;1;100;16264.0;11280.08;4983.93;32419.943
2026-06-15T20:16:08.345740+02:00;dhw;24.5;70.0;85.0;28.0;45.7;57.0;1;108;1;100;16264.05;11280.08;4983.97;32419.943
2026-06-15T20:16:19.001787+02:00;dhw;24.5;70.3;85.0;28.0;45.9;57.0;1;108;1;100;16264.09;11280.08;4984.01;32419.943
2026-06-15T20:16:29.738744+02:00;dhw;24.5;70.6;85.0;28.0;46.1;57.0;1;108;1;100;16264.13;11280.08;4984.05;32419.943
2026-06-15T20:16:40.398277+02:00;dhw;24.5;71.0;85.0;28.0;46.3;57.0;1;108;1;100;16264.18;11280.08;4984.11;32419.943
2026-06-15T20:16:51.042332+02:00;dhw;24.5;71.1;85.0;28.0;46.5;57.0;1;108;1;100;16264.21;11280.08;4984.14;32419.943
2026-06-15T20:17:02.187919+02:00;dhw;24.5;71.4;85.0;28.0;46.5;57.0;1;108;1;100;16264.26;11280.08;4984.18;32420.043
2026-06-15T20:17:13.236186+02:00;dhw;24.5;71.9;85.0;28.0;47.2;57.0;1;108;1;100;16264.34;11280.08;4984.26;32420.043
2026-06-15T20:17:23.809532+02:00;dhw;24.5;72.2;85.0;28.0;47.5;57.0;1;108;1;100;16264.38;11280.08;4984.3;32420.043
2026-06-15T20:17:34.647865+02:00;dhw;24.5;72.5;85.0;28.0;47.7;57.0;1;108;1;100;16264.42;11280.08;4984.35;32420.043
2026-06-15T20:17:45.311465+02:00;dhw;24.5;72.7;85.0;28.0;47.9;57.0;1;108;1;100;16264.46;11280.08;4984.39;32420.043
2026-06-15T20:17:56.184751+02:00;dhw;24.5;73.0;85.0;28.0;48.2;57.0;1;108;1;100;16264.5;11280.08;4984.43;32420.043
2026-06-15T20:18:06.909289+02:00;dhw;24.5;73.3;85.0;28.0;48.5;57.0;1;108;1;100;16264.55;11280.08;4984.47;32420.043
2026-06-15T20:18:17.464507+02:00;dhw;24.5;73.4;85.0;28.0;48.7;57.0;1;108;1;100;16264.59;11280.08;4984.51;32420.043
2026-06-15T20:18:28.103303+02:00;dhw;24.5;73.7;85.0;28.0;49.0;57.0;1;108;1;100;16264.63;11280.08;4984.55;32420.043
2026-06-15T20:18:39.041147+02:00;dhw;24.5;74.0;85.0;28.0;49.2;57.0;1;108;1;100;16264.67;11280.08;4984.59;32420.043
2026-06-15T20:18:49.796441+02:00;dhw;24.5;74.2;85.0;28.0;49.4;57.0;1;108;1;100;16264.72;11280.08;4984.64;32420.043
2026-06-15T20:19:00.385762+02:00;dhw;24.5;74.5;85.0;28.0;49.6;57.0;1;108;1;100;16264.76;11280.08;4984.68;32420.043
2026-06-15T20:19:11.936335+02:00;dhw;24.5;75.1;85.0;28.0;49.9;57.0;1;108;1;100;16264.84;11280.08;4984.76;32420.043
2026-06-15T20:19:22.662998+02:00;dhw;24.5;75.2;85.0;28.0;50.3;57.0;1;108;1;100;16264.88;11280.08;4984.8;32420.043
2026-06-15T20:19:33.343244+02:00;dhw;24.5;75.5;85.0;28.0;50.5;57.0;1;108;1;100;16264.92;11280.08;4984.85;32420.043
2026-06-15T20:19:44.098490+02:00;dhw;24.5;75.6;85.0;28.0;50.7;57.0;1;108;1;100;16264.97;11280.08;4984.89;32420.043
2026-06-15T20:19:54.922363+02:00;dhw;24.5;75.9;85.0;28.0;50.9;57.0;1;108;1;100;16265.01;11280.08;4984.93;32420.043
2026-06-15T20:20:05.926553+02:00;dhw;24.5;76.1;85.0;28.0;51.2;57.0;1;108;1;100;16265.05;11280.08;4984.97;32420.043
2026-06-15T20:20:16.651828+02:00;dhw;24.5;76.4;85.0;28.0;51.4;57.0;1;108;1;100;16265.09;11280.08;4985.01;32420.043
2026-06-15T20:20:27.691765+02:00;dhw;24.5;76.5;85.0;28.0;51.5;57.0;1;108;1;100;16265.13;11280.08;4985.06;32420.043
2026-06-15T20:20:38.379759+02:00;dhw;24.5;77.0;85.0;28.0;51.7;57.0;1;108;1;100;16265.19;11280.08;4985.12;32420.043
2026-06-15T20:20:49.329995+02:00;dhw;24.5;77.0;85.0;28.0;51.9;57.0;1;108;1;100;16265.22;11280.08;4985.14;32420.043
2026-06-15T20:21:00.078110+02:00;dhw;24.5;77.3;85.0;28.0;52.0;57.0;1;108;1;100;16265.26;11280.08;4985.18;32420.143
2026-06-15T20:21:10.736532+02:00;dhw;24.5;77.4;85.0;28.0;52.2;57.0;1;108;1;100;16265.3;11280.08;4985.23;32420.143
2026-06-15T20:21:21.383189+02:00;dhw;24.5;77.9;85.0;28.0;52.5;57.0;1;108;1;100;16265.38;11280.08;4985.31;32420.143
2026-06-15T20:21:32.009339+02:00;dhw;24.5;78.2;85.0;28.0;52.6;57.0;1;108;1;100;16265.42;11280.08;4985.35;32420.143
2026-06-15T20:21:43.085121+02:00;dhw;24.5;78.3;85.0;28.0;52.8;57.0;1;108;1;100;16265.47;11280.08;4985.39;32420.143
2026-06-15T20:21:53.713555+02:00;dhw;24.5;78.5;85.0;28.0;52.9;57.0;1;108;1;100;16265.51;11280.08;4985.43;32420.143
2026-06-15T20:22:05.515736+02:00;dhw;24.5;78.8;85.0;28.0;53.2;57.0;1;108;1;100;16265.55;11280.08;4985.47;32420.143
2026-06-15T20:22:16.388845+02:00;dhw;24.5;79.0;85.0;28.0;53.3;57.0;1;108;1;100;16265.59;11280.08;4985.52;32420.143
2026-06-15T20:22:27.021792+02:00;dhw;24.5;79.1;85.0;28.0;53.5;57.0;1;108;1;100;16265.64;11280.08;4985.56;32420.143
2026-06-15T20:22:37.686551+02:00;dhw;24.5;79.5;85.0;28.0;53.6;57.0;1;108;1;100;16265.68;11280.08;4985.6;32420.143
2026-06-15T20:22:48.316712+02:00;dhw;24.5;79.6;85.0;28.0;53.8;57.0;1;108;1;100;16265.72;11280.08;4985.64;32420.143
2026-06-15T20:22:58.991416+02:00;dhw;24.5;79.8;85.0;28.0;53.9;57.0;1;108;1;100;16265.76;11280.08;4985.68;32420.143
2026-06-15T20:23:09.730386+02:00;dhw;24.5;80.1;85.0;28.0;54.1;57.0;1;108;1;100;16265.81;11280.08;4985.73;32420.143
2026-06-15T20:23:20.358362+02:00;dhw;24.5;80.3;85.0;28.0;54.3;57.0;1;108;1;100;16265.84;11280.08;4985.77;32420.143
2026-06-15T20:23:31.325242+02:00;dhw;24.5;80.6;85.0;28.0;54.5;57.0;1;108;1;100;16265.93;11280.08;4985.85;32420.143
2026-06-15T20:23:41.979458+02:00;dhw;24.5;80.7;85.0;28.0;54.6;57.0;1;108;1;100;16265.97;11280.08;4985.89;32420.143
2026-06-15T20:23:52.643366+02:00;dhw;24.5;81.1;85.0;28.0;54.8;57.0;1;108;1;100;16266.01;11280.08;4985.94;32420.143
2026-06-15T20:24:03.275901+02:00;dhw;24.5;81.2;85.0;28.0;54.8;57.0;1;108;1;100;16266.05;11280.08;4985.98;32420.143
2026-06-15T20:24:13.937878+02:00;dhw;24.5;81.4;85.0;28.0;55.2;57.0;1;108;1;100;16266.09;11280.08;4986.02;32420.143
2026-06-15T20:24:24.646552+02:00;dhw;24.5;81.5;85.0;28.0;55.3;57.0;1;108;1;100;16266.14;11280.08;4986.06;32420.143
2026-06-15T20:24:35.241950+02:00;dhw;24.5;81.7;85.0;28.0;55.4;57.0;1;108;1;100;16266.18;11280.08;4986.1;32420.143
2026-06-15T20:24:45.989302+02:00;dhw;24.5;82.0;85.0;28.0;55.6;57.0;1;108;1;100;16266.22;11280.08;4986.15;32420.143
2026-06-15T20:24:57.136848+02:00;dhw;24.5;82.2;85.0;28.0;55.8;57.0;1;108;1;100;16266.26;11280.08;4986.19;32420.143
2026-06-15T20:25:08.297498+02:00;dhw;24.5;82.2;85.0;28.0;55.9;57.0;1;108;1;100;16266.26;11280.08;4986.19;32420.242
2026-06-15T20:25:18.940371+02:00;dhw;24.5;82.5;85.0;28.0;56.1;57.0;1;108;1;100;16266.35;11280.08;4986.27;32420.242
2026-06-15T20:25:29.588589+02:00;dhw;24.5;82.7;85.0;28.0;56.4;57.0;1;108;1;100;16266.39;11280.08;4986.31;32420.242
2026-06-15T20:25:40.360365+02:00;dhw;24.5;83.0;85.0;28.0;56.5;57.0;1;108;1;100;16266.47;11280.08;4986.39;32420.242
2026-06-15T20:25:51.419250+02:00;dhw;24.5;83.2;85.0;28.0;56.6;57.0;1;108;1;100;16266.51;11280.08;4986.44;32420.242
2026-06-15T20:26:02.067175+02:00;dhw;24.5;83.4;85.0;28.0;56.8;57.0;1;108;1;100;16266.56;11280.08;4986.48;32420.242
2026-06-15T20:26:12.832432+02:00;standby;24.5;83.8;85.0;28.0;56.9;57.0;0;0;1;100;16266.6;11280.08;4986.52;32420.242
2026-06-15T20:26:23.636825+02:00;standby;24.5;82.9;85.0;28.0;57.2;57.0;0;0;1;100;16266.6;11280.08;4986.52;32420.242
2026-06-15T20:26:34.319919+02:00;standby;24.5;81.9;85.0;28.0;57.4;57.0;0;0;1;100;16266.6;11280.08;4986.52;32420.242
2026-06-15T20:26:44.860286+02:00;standby;24.5;78.8;85.0;28.0;57.5;57.0;0;0;1;100;16266.6;11280.08;4986.52;32420.242
2026-06-15T20:26:55.730940+02:00;standby;24.5;76.7;85.0;28.0;57.7;57.0;0;0;1;100;16266.6;11280.08;4986.52;32420.242
2026-06-15T20:27:06.345860+02:00;standby;24.5;73.8;85.0;28.0;57.8;57.0;0;0;1;10;16266.6;11280.08;4986.52;32420.242
2026-06-15T20:28:06.886588+02:00;standby;24.5;66.9;5.0;28.0;58.6;57.0;0;0;1;10;16266.6;11280.08;4986.52;32420.242
2026-06-15T20:29:07.416753+02:00;standby;24.5;62.9;5.0;28.0;59.2;57.0;0;0;1;10;16266.6;11280.08;4986.52;32420.242
2026-06-15T20:30:07.912961+02:00;standby;24.5;63.3;5.0;28.0;59.4;57.0;0;0;0;0;16266.6;11280.08;4986.52;32420.242
2026-06-15T20:31:08.446539+02:00;standby;24.5;63.8;5.0;28.0;59.6;57.0;0;0;0;0;16266.6;11280.08;4986.52;32420.242
2026-06-15T20:32:08.974145+02:00;standby;24.5;64.1;5.0;28.0;59.7;57.0;0;0;0;0;16266.6;11280.08;4986.52;32420.242
2026-06-15T20:33:09.583309+02:00;standby;24.5;64.1;5.0;28.0;59.7;57.0;0;0;0;0;16266.6;11280.08;4986.52;32420.242
2026-06-15T20:34:10.113915+02:00;standby;24.5;64.1;5.0;28.0;59.8;57.0;0;0;0;0;16266.6;11280.08;4986.52;32420.242
2026-06-15T20:35:10.641434+02:00;standby;24.5;64.1;5.0;28.0;59.8;57.0;0;0;0;0;16266.6;11280.08;4986.52;32420.242
2026-06-15T20:36:11.138125+02:00;standby;24.5;64.0;5.0;28.0;59.8;57.0;0;0;0;0;16266.6;11280.08;4986.52;32420.242
2026-06-15T20:37:11.960117+02:00;standby;24.5;63.8;5.0;28.0;59.8;57.0;0;0;0;0;16266.6;11280.08;4986.52;32420.242
2026-06-15T20:38:12.489569+02:00;standby;24.5;63.7;5.0;28.0;59.8;57.0;0;0;0;0;16266.6;11280.08;4986.52;32420.242
2026-06-15T20:39:13.021692+02:00;standby;24.5;63.6;5.0;28.0;59.7;57.0;0;0;0;0;16266.6;11280.08;4986.52;32420.242
2026-06-15T20:40:13.508464+02:00;standby;24.5;63.5;5.0;28.0;59.7;57.0;0;0;0;0;16266.6;11280.08;4986.52;32420.242
2026-06-15T20:41:14.138325+02:00;standby;24.5;63.4;5.0;28.0;59.7;57.0;0;0;0;0;16266.6;11280.08;4986.52;32420.242
2026-06-15T20:42:14.788823+02:00;standby;24.5;63.3;5.0;28.0;59.7;57.0;0;0;0;0;16266.6;11280.08;4986.52;32420.242
2026-06-15T20:43:15.302714+02:00;standby;24.5;63.0;5.0;28.0;59.7;57.0;0;0;0;0;16266.6;11280.08;4986.52;32420.242
2026-06-15T20:44:15.811525+02:00;standby;24.5;63.0;5.0;28.0;59.7;57.0;0;0;0;0;16266.6;11280.08;4986.52;32420.242
2026-06-15T20:45:16.608843+02:00;standby;24.5;62.8;5.0;28.0;59.7;57.0;0;0;0;0;16266.6;11280.08;4986.52;32420.242
2026-06-15T20:46:17.264368+02:00;standby;24.5;62.7;5.0;28.0;59.7;57.0;0;0;0;0;16266.6;11280.08;4986.52;32420.242
2026-06-15T20:47:17.886495+02:00;standby;24.5;62.6;5.0;28.0;59.7;57.0;0;0;0;0;16266.6;11280.08;4986.52;32420.242
2026-06-15T20:48:18.411478+02:00;standby;24.5;62.4;5.0;28.0;59.7;57.0;0;0;0;0;16266.6;11280.08;4986.52;32420.242
2026-06-15T20:49:19.010156+02:00;standby;24.5;62.2;5.0;28.0;59.7;57.0;0;0;0;0;16266.6;11280.08;4986.52;32420.242
2026-06-15T20:50:19.630713+02:00;standby;24.5;62.1;5.0;28.0;59.7;57.0;0;0;0;0;16266.6;11280.08;4986.52;32420.242
2026-06-15T20:51:20.373745+02:00;standby;24.5;62.0;5.0;28.0;59.7;57.0;0;0;0;0;16266.6;11280.08;4986.52;32420.242
2026-06-15T20:52:20.977915+02:00;standby;24.5;61.9;5.0;28.0;59.6;57.0;0;0;0;0;16266.6;11280.08;4986.52;32420.242
2026-06-15T20:53:21.521796+02:00;standby;24.5;61.7;5.0;28.0;59.6;57.0;0;0;0;0;16266.6;11280.08;4986.52;32420.242
2026-06-15T20:54:22.028339+02:00;standby;24.5;61.6;5.0;28.0;59.6;57.0;0;0;0;0;16266.6;11280.08;4986.52;32420.242
2026-06-15T20:55:22.639884+02:00;standby;24.5;61.4;5.0;28.0;59.6;57.0;0;0;0;0;16266.6;11280.08;4986.52;32420.242
2026-06-15T20:56:23.254959+02:00;standby;24.5;61.3;5.0;28.0;59.6;57.0;0;0;0;0;16266.6;11280.08;4986.52;32420.242
2026-06-15T20:57:23.880810+02:00;standby;24.5;61.2;5.0;28.0;59.6;57.0;0;0;0;0;16266.6;11280.08;4986.52;32420.242
2026-06-15T20:58:24.514513+02:00;standby;24.5;60.9;5.0;28.0;59.6;57.0;0;0;0;0;16266.6;11280.08;4986.52;32420.242
2026-06-15T20:59:25.258002+02:00;standby;24.5;60.8;5.0;28.0;59.6;57.0;0;0;0;0;16266.6;11280.08;4986.52;32420.242
2026-06-15T21:00:25.943847+02:00;standby;24.5;60.7;5.0;28.0;59.6;57.0;0;0;0;0;16266.6;11280.08;4986.52;32420.242
2026-06-15T21:01:26.562847+02:00;standby;24.5;60.5;5.0;28.0;59.6;57.0;0;0;0;0;16266.6;11280.08;4986.52;32420.242
2026-06-15T21:02:27.091969+02:00;standby;24.5;60.3;5.0;28.0;59.6;57.0;0;0;0;0;16266.6;11280.08;4986.52;32420.242
2026-06-15T21:03:27.831131+02:00;standby;24.5;60.2;5.0;28.0;59.6;57.0;0;0;0;0;16266.6;11280.08;4986.52;32420.242
2026-06-15T21:04:28.347090+02:00;standby;24.5;60.0;5.0;28.0;59.6;57.0;0;0;0;0;16266.6;11280.08;4986.52;32420.242
2026-06-15T21:05:28.958761+02:00;standby;24.5;59.9;5.0;28.0;59.5;57.0;0;0;0;0;16266.6;11280.08;4986.52;32420.242
2026-06-15T21:06:29.563873+02:00;standby;24.5;59.8;5.0;28.0;59.5;57.0;0;0;0;0;16266.6;11280.08;4986.52;32420.242
2026-06-15T21:07:30.230606+02:00;standby;22.2;59.7;5.0;28.0;59.5;57.0;0;0;0;0;16266.6;11280.08;4986.52;32420.242
2026-06-15T21:08:30.737701+02:00;standby;22.2;59.4;5.0;28.0;59.5;57.0;0;0;0;0;16266.6;11280.08;4986.52;32420.242
2026-06-15T21:09:31.475607+02:00;standby;22.2;59.3;5.0;28.0;59.5;57.0;0;0;0;0;16266.6;11280.08;4986.52;32420.242
2026-06-15T21:10:32.169884+02:00;standby;22.2;59.1;5.0;28.0;59.5;57.0;0;0;0;0;16266.6;11280.08;4986.52;32420.242
2026-06-15T21:11:32.702526+02:00;standby;22.2;59.0;5.0;28.0;59.5;57.0;0;0;0;0;16266.6;11280.08;4986.52;32420.242
2026-06-15T21:12:33.292154+02:00;standby;22.2;58.9;5.0;28.0;59.5;57.0;0;0;0;0;16266.6;11280.08;4986.52;32420.242
2026-06-15T21:13:33.946611+02:00;standby;22.2;58.6;5.0;28.0;59.5;57.0;0;0;0;0;16266.6;11280.08;4986.52;32420.242
2026-06-15T21:14:34.565765+02:00;standby;22.2;58.5;5.0;28.0;59.5;57.0;0;0;0;0;16266.6;11280.08;4986.52;32420.242
2026-06-15T21:15:35.113982+02:00;standby;22.2;58.4;5.0;28.0;59.5;57.0;0;0;0;0;16266.6;11280.08;4986.52;32420.242
2026-06-15T21:16:35.701916+02:00;standby;22.2;58.2;5.0;28.0;59.5;57.0;0;0;0;0;16266.6;11280.08;4986.52;32420.242
2026-06-15T21:17:36.344529+02:00;standby;22.2;58.1;5.0;28.0;59.5;57.0;0;0;0;0;16266.6;11280.08;4986.52;32420.242
2026-06-15T21:18:36.918320+02:00;standby;22.2;57.8;5.0;28.0;59.4;57.0;0;0;0;0;16266.6;11280.08;4986.52;32420.242
2026-06-15T21:19:37.464836+02:00;standby;22.2;57.7;5.0;28.0;59.4;57.0;0;0;0;0;16266.6;11280.08;4986.52;32420.242
2026-06-15T21:20:38.098741+02:00;standby;22.2;57.6;5.0;28.0;59.4;57.0;0;0;0;0;16266.6;11280.08;4986.52;32420.242
2026-06-15T21:21:38.696726+02:00;standby;22.2;57.5;5.0;28.0;59.4;57.0;0;0;0;0;16266.6;11280.08;4986.52;32420.242
2026-06-15T21:22:39.308561+02:00;standby;22.2;57.3;5.0;28.0;59.4;57.0;0;0;0;0;16266.6;11280.08;4986.52;32420.242
2026-06-15T21:23:39.880899+02:00;standby;22.2;57.2;5.0;29.0;59.4;57.0;0;0;0;0;16266.6;11280.08;4986.52;32420.242
2026-06-15T21:24:40.385439+02:00;standby;22.2;56.9;5.0;29.0;59.4;57.0;0;0;0;0;16266.6;11280.08;4986.52;32420.242
2026-06-15T21:25:40.907593+02:00;standby;22.2;56.8;5.0;29.0;59.4;57.0;0;0;0;0;16266.6;11280.08;4986.52;32420.242
2026-06-15T21:26:41.422948+02:00;standby;22.2;56.7;5.0;29.0;59.4;57.0;0;0;0;0;16266.6;11280.08;4986.52;32420.242
2026-06-15T21:27:42.057464+02:00;standby;22.2;56.5;5.0;29.0;59.4;57.0;0;0;0;0;16266.6;11280.08;4986.52;32420.242
2026-06-15T21:28:47.444569+02:00;standby;22.2;56.4;5.0;29.0;59.4;57.0;0;0;0;0;16266.6;11280.08;4986.52;32420.242
2026-06-15T21:29:47.964939+02:00;standby;22.2;56.2;5.0;29.0;59.4;57.0;0;0;0;0;16266.6;11280.08;4986.52;32420.242
2026-06-15T21:30:48.503001+02:00;standby;22.2;56.0;5.0;29.0;59.3;57.0;0;0;0;0;16266.6;11280.08;4986.52;32420.242
2026-06-15T21:31:49.033016+02:00;standby;22.2;55.9;5.0;29.0;59.3;57.0;0;0;0;0;16266.6;11280.08;4986.52;32420.242
2026-06-15T21:32:49.550449+02:00;standby;22.2;55.8;5.0;29.0;59.3;57.0;0;0;0;0;16266.6;11280.08;4986.52;32420.242
2026-06-15T21:33:50.071906+02:00;standby;22.2;55.6;5.0;29.0;59.3;57.0;0;0;0;0;16266.6;11280.08;4986.52;32420.242
2026-06-15T21:34:50.979345+02:00;standby;22.2;55.5;5.0;29.0;59.3;57.0;0;0;0;0;16266.6;11280.08;4986.52;32420.242
2026-06-15T21:35:51.498239+02:00;standby;22.2;55.3;5.0;29.0;59.3;57.0;0;0;0;0;16266.6;11280.08;4986.52;32420.242
2026-06-15T21:36:52.130829+02:00;standby;22.2;55.2;5.0;29.0;59.3;57.0;0;0;0;0;16266.6;11280.08;4986.52;32420.242
2026-06-15T21:37:52.763396+02:00;standby;22.2;55.0;5.0;29.0;59.3;57.0;0;0;0;0;16266.6;11280.08;4986.52;32420.242
2026-06-15T21:38:53.390448+02:00;standby;22.2;54.9;5.0;29.0;59.3;57.0;0;0;0;0;16266.6;11280.08;4986.52;32420.242
2026-06-15T21:39:53.970781+02:00;standby;22.2;54.8;5.0;29.0;59.3;57.0;0;0;0;0;16266.6;11280.08;4986.52;32420.242
2026-06-15T21:40:54.628136+02:00;standby;22.2;54.6;5.0;29.0;59.3;57.0;0;0;0;0;16266.6;11280.08;4986.52;32420.242
2026-06-15T21:41:55.236862+02:00;standby;22.2;54.4;5.0;29.0;59.2;57.0;0;0;0;0;16266.6;11280.08;4986.52;32420.242
2026-06-15T21:42:55.885842+02:00;standby;22.2;54.3;5.0;29.0;59.2;57.0;0;0;0;0;16266.6;11280.08;4986.52;32420.242
2026-06-15T21:43:56.473753+02:00;standby;22.2;54.1;5.0;29.0;59.2;57.0;0;0;0;0;16266.6;11280.08;4986.52;32420.242
2026-06-15T21:44:56.979811+02:00;standby;22.2;54.0;5.0;29.0;59.2;57.0;0;0;0;0;16266.6;11280.08;4986.52;32420.242
2026-06-15T21:45:57.535387+02:00;standby;22.2;53.9;5.0;29.0;59.2;57.0;0;0;0;0;16266.6;11280.08;4986.52;32420.242
2026-06-15T21:46:58.022448+02:00;standby;22.2;53.8;5.0;30.0;59.2;57.0;0;0;0;0;16266.6;11280.08;4986.52;32420.242
2026-06-15T21:47:58.642910+02:00;standby;22.2;53.7;5.0;30.0;59.2;57.0;0;0;0;0;16266.6;11280.08;4986.52;32420.242
2026-06-15T21:48:59.209745+02:00;standby;22.2;53.4;5.0;30.0;59.2;57.0;0;0;0;0;16266.6;11280.08;4986.52;32420.242
2026-06-15T21:49:59.731211+02:00;standby;22.2;53.3;5.0;30.0;59.2;57.0;0;0;0;0;16266.6;11280.08;4986.52;32420.242
2026-06-15T21:51:00.295854+02:00;standby;22.2;53.2;5.0;30.0;59.2;57.0;0;0;0;0;16266.6;11280.08;4986.52;32420.242
2026-06-15T21:52:00.914089+02:00;standby;22.2;53.0;5.0;30.0;59.2;57.0;0;0;0;0;16266.6;11280.08;4986.52;32420.242
2026-06-15T21:53:01.804102+02:00;standby;22.2;52.9;5.0;30.0;59.2;57.0;0;0;0;0;16266.6;11280.08;4986.52;32420.242
2026-06-15T21:54:02.378581+02:00;standby;22.2;52.8;5.0;30.0;59.2;57.0;0;0;0;0;16266.6;11280.08;4986.52;32420.242
2026-06-15T21:55:02.994467+02:00;standby;22.2;52.7;5.0;30.0;59.2;57.0;0;0;0;0;16266.6;11280.08;4986.52;32420.242
2026-06-15T21:56:03.552043+02:00;standby;22.2;52.6;5.0;30.0;59.2;57.0;0;0;0;0;16266.6;11280.08;4986.52;32420.242
2026-06-15T21:57:04.121905+02:00;standby;22.2;52.4;5.0;30.0;59.1;57.0;0;0;0;0;16266.6;11280.08;4986.52;32420.242
2026-06-15T21:58:04.742197+02:00;standby;22.2;52.2;5.0;30.0;59.1;57.0;0;0;0;0;16266.6;11280.08;4986.52;32420.242
2026-06-15T21:59:05.696847+02:00;standby;22.2;52.1;5.0;30.0;59.1;57.0;0;0;0;0;16266.6;11280.08;4986.52;32420.242
2026-06-15T22:00:06.299780+02:00;standby;22.2;52.0;5.0;30.0;59.1;57.0;0;0;0;0;16266.6;11280.08;4986.52;32420.242
2026-06-15T22:01:06.870889+02:00;standby;22.2;51.9;5.0;30.0;59.1;57.0;0;0;0;0;16266.6;11280.08;4986.52;32420.242
2026-06-15T22:02:07.375163+02:00;standby;22.2;51.8;5.0;30.0;59.1;57.0;0;0;0;0;16266.6;11280.08;4986.52;32420.242
2026-06-15T22:03:07.896102+02:00;standby;22.2;51.6;5.0;30.0;59.1;57.0;0;0;0;0;16266.6;11280.08;4986.52;32420.242
2026-06-15T22:04:08.425210+02:00;standby;22.2;51.4;5.0;30.0;59.1;57.0;0;0;0;0;16266.6;11280.08;4986.52;32420.242
2026-06-15T22:05:08.950763+02:00;standby;22.2;51.3;5.0;30.0;59.1;57.0;0;0;0;0;16266.6;11280.08;4986.52;32420.242
2026-06-15T22:06:09.550214+02:00;standby;22.2;51.2;5.0;30.0;59.1;57.0;0;0;0;0;16266.6;11280.08;4986.52;32420.242
2026-06-15T22:07:10.057320+02:00;standby;22.2;51.1;5.0;30.0;59.1;57.0;0;0;0;0;16266.6;11280.08;4986.52;32420.242
2026-06-15T22:08:10.594362+02:00;standby;20.0;51.0;5.0;30.0;58.9;57.0;0;0;0;0;16266.6;11280.08;4986.52;32420.242
2026-06-15T22:09:11.179496+02:00;standby;20.0;50.9;5.0;30.0;58.9;57.0;0;0;0;0;16266.6;11280.08;4986.52;32420.242
2026-06-15T22:10:11.727808+02:00;standby;20.0;50.7;5.0;30.0;58.9;57.0;0;0;0;0;16266.6;11280.08;4986.52;32420.242
2026-06-15T22:11:12.250651+02:00;standby;20.0;50.6;5.0;30.0;58.9;57.0;0;0;0;0;16266.6;11280.08;4986.52;32420.242
2026-06-15T22:12:12.773158+02:00;standby;20.0;50.4;5.0;30.0;58.9;57.0;0;0;0;0;16266.6;11280.08;4986.52;32420.242
2026-06-15T22:13:13.701977+02:00;standby;20.0;50.4;5.0;30.0;58.9;57.0;0;0;0;0;16266.6;11280.08;4986.52;32420.242
2026-06-15T22:14:14.215982+02:00;standby;20.0;50.2;5.0;30.0;58.9;57.0;0;0;0;0;16266.6;11280.08;4986.52;32420.242
2026-06-15T22:15:14.747550+02:00;standby;20.0;50.1;5.0;30.0;58.9;57.0;0;0;0;0;16266.6;11280.08;4986.52;32420.242
2026-06-15T22:16:15.353613+02:00;standby;20.0;50.0;5.0;30.0;58.9;57.0;0;0;0;0;16266.6;11280.08;4986.52;32420.242
2026-06-15T22:17:15.949898+02:00;standby;20.0;49.9;5.0;30.0;58.9;57.0;0;0;0;0;16266.6;11280.08;4986.52;32420.242
2026-06-15T22:18:16.687972+02:00;standby;20.0;49.8;5.0;30.0;58.9;57.0;0;0;0;0;16266.6;11280.08;4986.52;32420.242
2026-06-15T22:19:17.233353+02:00;standby;20.0;49.7;5.0;30.0;58.9;57.0;0;0;0;0;16266.6;11280.08;4986.52;32420.242
2026-06-15T22:20:17.829370+02:00;standby;20.0;49.5;5.0;30.0;58.9;57.0;0;0;0;0;16266.6;11280.08;4986.52;32420.242
2026-06-15T22:21:18.445427+02:00;standby;20.0;49.4;5.0;30.0;58.8;57.0;0;0;0;0;16266.6;11280.08;4986.52;32420.242
2026-06-15T22:22:19.056487+02:00;standby;20.0;49.3;5.0;30.0;58.8;57.0;0;0;0;0;16266.6;11280.08;4986.52;32420.242
2026-06-15T22:23:19.721587+02:00;standby;20.0;49.2;5.0;30.0;58.8;57.0;0;0;0;0;16266.6;11280.08;4986.52;32420.242
2026-06-15T22:24:20.432143+02:00;standby;20.0;49.1;5.0;30.0;58.8;57.0;0;0;0;0;16266.6;11280.08;4986.52;32420.242
2026-06-15T22:25:20.936842+02:00;standby;20.0;48.9;5.0;30.0;58.8;57.0;0;0;0;0;16266.6;11280.08;4986.52;32420.242
2026-06-15T22:26:21.467387+02:00;standby;20.0;48.9;5.0;30.0;58.8;57.0;0;0;0;0;16266.6;11280.08;4986.52;32420.242
2026-06-15T22:27:21.973824+02:00;standby;20.0;48.6;5.0;30.0;58.8;57.0;0;0;0;0;16266.6;11280.08;4986.52;32420.242
2026-06-15T22:28:22.522450+02:00;standby;20.0;48.5;5.0;30.0;58.8;57.0;0;0;0;0;16266.6;11280.08;4986.52;32420.242
2026-06-15T22:29:23.123901+02:00;standby;20.0;48.5;5.0;30.0;58.8;57.0;0;0;0;0;16266.6;11280.08;4986.52;32420.242
2026-06-15T22:30:23.658091+02:00;standby;20.0;48.3;5.0;30.0;58.8;57.0;0;0;0;0;16266.6;11280.08;4986.52;32420.242
2026-06-15T22:31:24.168463+02:00;standby;20.0;48.3;5.0;30.0;58.8;57.0;0;0;0;0;16266.6;11280.08;4986.52;32420.242
2026-06-15T22:32:24.919638+02:00;standby;20.0;48.1;5.0;30.0;58.8;57.0;0;0;0;0;16266.6;11280.08;4986.52;32420.242
2026-06-15T22:33:25.510405+02:00;standby;20.0;48.0;5.0;30.0;58.8;57.0;0;0;0;0;16266.6;11280.08;4986.52;32420.242
2026-06-15T22:34:26.206263+02:00;standby;20.0;48.0;5.0;30.0;58.7;57.0;0;0;0;0;16266.6;11280.08;4986.52;32420.242
2026-06-15T22:35:27.161133+02:00;standby;20.0;47.8;5.0;30.0;58.7;57.0;0;0;0;0;16266.6;11280.08;4986.52;32420.242
2026-06-15T22:36:27.764622+02:00;standby;20.0;47.7;5.0;30.0;58.7;57.0;0;0;0;0;16266.6;11280.08;4986.52;32420.242
2026-06-15T22:37:28.381244+02:00;standby;20.0;47.6;5.0;30.0;58.7;57.0;0;0;0;0;16266.6;11280.08;4986.52;32420.242
2026-06-15T22:38:29.048900+02:00;standby;20.0;47.5;5.0;30.0;58.7;57.0;0;0;0;0;16266.6;11280.08;4986.52;32420.242
2026-06-15T22:39:29.758530+02:00;standby;20.0;47.4;5.0;30.0;58.7;57.0;0;0;0;0;16266.6;11280.08;4986.52;32420.242
2026-06-15T22:40:30.366057+02:00;standby;20.0;47.3;5.0;30.0;58.7;57.0;0;0;0;0;16266.6;11280.08;4986.52;32420.242
2026-06-15T22:41:30.896516+02:00;standby;20.0;47.2;5.0;30.0;58.7;57.0;0;0;0;0;16266.6;11280.08;4986.52;32420.242
2026-06-15T22:42:31.431276+02:00;standby;20.0;47.0;5.0;30.0;58.7;57.0;0;0;0;0;16266.6;11280.08;4986.52;32420.242
2026-06-15T22:43:32.355744+02:00;standby;20.0;46.9;5.0;30.0;58.7;57.0;0;0;0;0;16266.6;11280.08;4986.52;32420.242
2026-06-15T22:44:33.073557+02:00;standby;20.0;46.8;5.0;30.0;58.7;57.0;0;0;0;0;16266.6;11280.08;4986.52;32420.242
2026-06-15T22:45:33.675868+02:00;standby;20.0;46.7;5.0;30.0;58.7;57.0;0;0;0;0;16266.6;11280.08;4986.52;32420.242
2026-06-15T22:46:34.274868+02:00;standby;20.0;46.7;5.0;30.0;58.7;57.0;0;0;0;0;16266.6;11280.08;4986.52;32420.242
2026-06-15T22:47:34.913455+02:00;standby;20.0;46.6;5.0;30.0;58.6;57.0;0;0;0;0;16266.6;11280.08;4986.52;32420.242
2026-06-15T22:48:35.540349+02:00;standby;20.0;46.5;5.0;30.0;58.6;57.0;0;0;0;0;16266.6;11280.08;4986.52;32420.242
2026-06-15T22:49:36.094188+02:00;standby;20.0;46.4;5.0;30.0;58.6;57.0;0;0;0;0;16266.6;11280.08;4986.52;32420.242
2026-06-15T22:50:36.594279+02:00;standby;20.0;46.2;5.0;30.0;58.6;57.0;0;0;0;0;16266.6;11280.08;4986.52;32420.242
2026-06-15T22:51:37.123105+02:00;standby;20.0;46.1;5.0;30.0;58.6;57.0;0;0;0;0;16266.6;11280.08;4986.52;32420.242
2026-06-15T22:52:37.730776+02:00;standby;20.0;46.0;5.0;30.0;58.6;57.0;0;0;0;0;16266.6;11280.08;4986.52;32420.242
2026-06-15T22:53:38.271423+02:00;standby;20.0;45.9;5.0;30.0;58.6;57.0;0;0;0;0;16266.6;11280.08;4986.52;32420.242
2026-06-15T22:54:38.776648+02:00;standby;20.0;45.8;5.0;30.0;58.6;57.0;0;0;0;0;16266.6;11280.08;4986.52;32420.242
2026-06-15T22:55:39.380549+02:00;standby;20.0;45.8;5.0;30.0;58.6;57.0;0;0;0;0;16266.6;11280.08;4986.52;32420.242
2026-06-15T22:56:40.000232+02:00;standby;20.0;45.7;5.0;30.0;58.6;57.0;0;0;0;0;16266.6;11280.08;4986.52;32420.242
2026-06-15T22:57:41.018282+02:00;standby;20.0;45.6;5.0;30.0;58.6;57.0;0;0;0;0;16266.6;11280.08;4986.52;32420.242
2026-06-15T22:58:41.580440+02:00;standby;20.0;45.5;5.0;30.0;58.5;57.0;0;0;0;0;16266.6;11280.08;4986.52;32420.242
2026-06-15T22:59:42.121155+02:00;standby;20.0;45.3;5.0;30.0;58.5;57.0;0;0;0;0;16266.6;11280.08;4986.52;32420.242
2026-06-15T23:00:42.704902+02:00;standby;20.0;45.2;5.0;25.0;58.5;57.0;0;0;0;0;16266.6;11280.08;4986.52;32420.242
2026-06-15T23:01:43.338770+02:00;standby;20.0;45.2;5.0;25.0;58.5;57.0;0;0;0;0;16266.6;11280.08;4986.52;32420.242
2026-06-15T23:02:43.926592+02:00;standby;20.0;45.1;5.0;25.0;58.5;57.0;0;0;0;0;16266.6;11280.08;4986.52;32420.242
2026-06-15T23:03:44.590366+02:00;standby;20.0;45.0;5.0;25.0;58.5;57.0;0;0;0;0;16266.6;11280.08;4986.52;32420.242
2026-06-15T23:04:45.373246+02:00;standby;20.0;44.9;5.0;25.0;58.5;57.0;0;0;0;0;16266.6;11280.08;4986.52;32420.242
2026-06-15T23:05:45.888640+02:00;standby;20.0;44.8;5.0;25.0;58.5;57.0;0;0;0;0;16266.6;11280.08;4986.52;32420.242
2026-06-15T23:06:46.933541+02:00;standby;20.0;44.8;5.0;25.0;58.5;57.0;0;0;0;0;16266.6;11280.08;4986.52;32420.242
2026-06-15T23:07:47.552816+02:00;standby;20.0;44.7;5.0;25.0;58.5;57.0;0;0;0;0;16266.6;11280.08;4986.52;32420.242
2026-06-15T23:08:48.079775+02:00;standby;19.9;44.5;5.0;25.0;58.5;57.0;0;0;0;0;16266.6;11280.08;4986.52;32420.242
2026-06-15T23:09:48.612651+02:00;standby;19.9;44.4;5.0;25.0;58.5;57.0;0;0;0;0;16266.6;11280.08;4986.52;32420.242
2026-06-15T23:10:49.146808+02:00;standby;19.9;44.4;5.0;25.0;58.5;57.0;0;0;0;0;16266.6;11280.08;4986.52;32420.242
2026-06-15T23:11:49.655273+02:00;standby;19.9;44.3;5.0;25.0;58.5;57.0;0;0;0;0;16266.6;11280.08;4986.52;32420.242
2026-06-15T23:12:50.348354+02:00;standby;19.9;44.2;5.0;25.0;58.4;57.0;0;0;0;0;16266.6;11280.08;4986.52;32420.242
2026-06-15T23:13:50.885901+02:00;standby;19.9;44.1;5.0;25.0;58.4;57.0;0;0;0;0;16266.6;11280.08;4986.52;32420.242
2026-06-15T23:14:51.406894+02:00;standby;19.9;44.0;5.0;25.0;58.4;57.0;0;0;0;0;16266.6;11280.08;4986.52;32420.242
2026-06-15T23:15:51.928759+02:00;standby;19.9;44.0;5.0;25.0;58.4;57.0;0;0;0;0;16266.6;11280.08;4986.52;32420.242
2026-06-15T23:16:52.453162+02:00;standby;19.9;43.9;5.0;25.0;58.4;57.0;0;0;0;0;16266.6;11280.08;4986.52;32420.242
2026-06-15T23:17:53.063591+02:00;standby;19.9;43.7;5.0;25.0;58.4;57.0;0;0;0;0;16266.6;11280.08;4986.52;32420.242
2026-06-15T23:18:53.987482+02:00;standby;19.9;43.6;5.0;25.0;58.4;57.0;0;0;0;0;16266.6;11280.08;4986.52;32420.242
2026-06-15T23:19:54.524635+02:00;standby;19.9;43.6;5.0;25.0;58.4;57.0;0;0;0;0;16266.6;11280.08;4986.52;32420.242
2026-06-15T23:20:55.127363+02:00;standby;19.9;43.5;5.0;25.0;58.4;57.0;0;0;0;0;16266.6;11280.08;4986.52;32420.242
2026-06-15T23:21:55.653133+02:00;standby;19.9;43.4;5.0;25.0;58.3;57.0;0;0;0;0;16266.6;11280.08;4986.52;32420.242
2026-06-15T23:22:56.253500+02:00;standby;19.9;43.4;5.0;25.0;58.3;57.0;0;0;0;0;16266.6;11280.08;4986.52;32420.242
2026-06-15T23:23:56.798754+02:00;standby;19.9;43.3;5.0;25.0;58.3;57.0;0;0;0;0;16266.6;11280.08;4986.52;32420.242
2026-06-15T23:24:57.288454+02:00;standby;19.9;43.2;5.0;25.0;58.3;57.0;0;0;0;0;16266.6;11280.08;4986.52;32420.242
2026-06-15T23:25:57.852828+02:00;standby;19.9;43.1;5.0;25.0;58.3;57.0;0;0;0;0;16266.6;11280.08;4986.52;32420.242
2026-06-15T23:26:58.359224+02:00;standby;19.9;43.1;5.0;25.0;58.3;57.0;0;0;0;0;16266.6;11280.08;4986.52;32420.242
2026-06-15T23:27:58.951400+02:00;standby;19.9;43.0;5.0;25.0;58.3;57.0;0;0;0;0;16266.6;11280.08;4986.52;32420.242
2026-06-15T23:28:59.586261+02:00;standby;19.9;42.8;5.0;25.0;58.3;57.0;0;0;0;0;16266.6;11280.08;4986.52;32420.242
2026-06-15T23:30:00.197469+02:00;standby;19.9;42.7;5.0;25.0;58.3;57.0;0;0;0;0;16266.6;11280.08;4986.52;32420.242
2026-06-15T23:31:00.830592+02:00;standby;19.9;42.7;5.0;25.0;58.3;57.0;0;0;0;0;16266.6;11280.08;4986.52;32420.242
2026-06-15T23:32:01.480861+02:00;standby;19.9;42.6;5.0;25.0;58.3;57.0;0;0;0;0;16266.6;11280.08;4986.52;32420.242
2026-06-15T23:33:02.001256+02:00;standby;19.9;42.6;5.0;25.0;58.2;57.0;0;0;0;0;16266.6;11280.08;4986.52;32420.242
2026-06-15T23:34:02.605963+02:00;standby;19.9;42.5;5.0;25.0;58.2;57.0;0;0;0;0;16266.6;11280.08;4986.52;32420.242
2026-06-15T23:35:03.121560+02:00;standby;19.9;42.4;5.0;25.0;58.2;57.0;0;0;0;0;16266.6;11280.08;4986.52;32420.242
2026-06-15T23:36:03.743424+02:00;standby;19.9;42.4;5.0;25.0;58.2;57.0;0;0;0;0;16266.6;11280.08;4986.52;32420.242
2026-06-15T23:37:04.284524+02:00;standby;19.9;42.3;5.0;25.0;58.2;57.0;0;0;0;0;16266.6;11280.08;4986.52;32420.242
2026-06-15T23:38:04.996223+02:00;standby;19.9;42.2;5.0;25.0;58.2;57.0;0;0;0;0;16266.6;11280.08;4986.52;32420.242
2026-06-15T23:39:05.802370+02:00;standby;19.9;42.2;5.0;25.0;58.2;57.0;0;0;0;0;16266.6;11280.08;4986.52;32420.242
2026-06-15T23:40:06.435119+02:00;standby;19.9;42.0;5.0;25.0;58.2;57.0;0;0;0;0;16266.6;11280.08;4986.52;32420.242
2026-06-15T23:41:07.037756+02:00;standby;19.9;41.9;5.0;25.0;58.2;57.0;0;0;0;0;16266.6;11280.08;4986.52;32420.242
2026-06-15T23:42:07.580163+02:00;standby;19.9;41.8;5.0;25.0;58.2;57.0;0;0;0;0;16266.6;11280.08;4986.52;32420.242
2026-06-15T23:43:08.179235+02:00;standby;19.9;41.8;5.0;25.0;58.2;57.0;0;0;0;0;16266.6;11280.08;4986.52;32420.242
2026-06-15T23:44:09.026289+02:00;standby;19.9;41.7;5.0;25.0;58.2;57.0;0;0;0;0;16266.6;11280.08;4986.52;32420.242
2026-06-15T23:45:09.618762+02:00;standby;19.9;41.7;5.0;25.0;58.1;57.0;0;0;0;0;16266.6;11280.08;4986.52;32420.242
2026-06-15T23:46:10.164893+02:00;standby;19.9;41.6;5.0;25.0;58.1;10.0;0;0;0;0;16266.6;11280.08;4986.52;32420.242
2026-06-15T23:47:10.808518+02:00;standby;19.9;41.5;5.0;25.0;58.1;10.0;0;0;0;0;16266.6;11280.08;4986.52;32420.242
2026-06-15T23:48:11.313498+02:00;standby;19.9;41.5;5.0;25.0;58.1;10.0;0;0;0;0;16266.6;11280.08;4986.52;32420.242
2026-06-15T23:49:11.844537+02:00;standby;19.9;41.4;5.0;25.0;58.1;10.0;0;0;0;0;16266.6;11280.08;4986.52;32420.242
2026-06-15T23:50:12.350155+02:00;standby;19.9;41.4;5.0;25.0;58.1;10.0;0;0;0;0;16266.6;11280.08;4986.52;32420.242
2026-06-15T23:51:12.869729+02:00;standby;19.9;41.2;5.0;25.0;58.1;10.0;0;0;0;0;16266.6;11280.08;4986.52;32420.242
2026-06-15T23:52:13.385416+02:00;standby;19.9;41.1;5.0;25.0;58.1;10.0;0;0;0;0;16266.6;11280.08;4986.52;32420.242
2026-06-15T23:53:13.982040+02:00;standby;19.9;41.1;5.0;25.0;58.1;10.0;0;0;0;0;16266.6;11280.08;4986.52;32420.242
2026-06-15T23:54:14.733068+02:00;standby;19.9;41.0;5.0;25.0;58.1;10.0;0;0;0;0;16266.6;11280.08;4986.52;32420.242
2026-06-15T23:55:15.447903+02:00;standby;19.9;40.9;5.0;25.0;58.1;10.0;0;0;0;0;16266.6;11280.08;4986.52;32420.242
2026-06-15T23:56:16.052693+02:00;standby;19.9;40.9;5.0;25.0;58.1;10.0;0;0;0;0;16266.6;11280.08;4986.52;32420.242
2026-06-15T23:57:16.690229+02:00;standby;19.9;40.8;5.0;25.0;58.1;10.0;0;0;0;0;16266.6;11280.08;4986.52;32420.242
2026-06-15T23:58:17.311263+02:00;standby;19.9;40.8;5.0;25.0;58.0;10.0;0;0;0;0;16266.6;11280.08;4986.52;32420.242
2026-06-15T23:59:18.016438+02:00;standby;19.9;40.7;5.0;25.0;58.0;10.0;0;0;0;0;16266.6;11280.08;4986.52;32420.242
2026-06-16T00:00:18.583501+02:00;standby;19.9;40.7;5.0;25.0;58.0;10.0;0;0;0;0;16266.6;11280.08;4986.52;32420.242
2026-06-16T00:01:19.084116+02:00;standby;19.9;40.6;5.0;25.0;58.0;10.0;0;0;0;0;16266.6;11280.08;4986.52;32420.242
2026-06-16T00:02:19.593489+02:00;standby;19.9;40.5;5.0;25.0;58.0;10.0;0;0;0;0;16266.6;11280.08;4986.52;32420.242
2026-06-16T00:03:20.111571+02:00;standby;19.9;40.5;5.0;25.0;58.0;10.0;0;0;0;0;16266.6;11280.08;4986.52;32420.242
2026-06-16T00:04:20.699034+02:00;standby;19.9;40.3;5.0;25.0;58.0;10.0;0;0;0;0;16266.6;11280.08;4986.52;32420.242
2026-06-16T00:05:21.236984+02:00;standby;19.9;40.3;5.0;25.0;58.0;10.0;0;0;0;0;16266.6;11280.08;4986.52;32420.242
2026-06-16T00:06:21.782729+02:00;standby;19.9;40.2;5.0;25.0;58.0;10.0;0;0;0;0;16266.6;11280.08;4986.52;32420.242
2026-06-16T00:07:22.299608+02:00;standby;19.9;40.2;5.0;25.0;58.0;10.0;0;0;0;0;16266.6;11280.08;4986.52;32420.242
2026-06-16T00:08:22.879297+02:00;standby;19.9;40.1;5.0;25.0;58.0;10.0;0;0;0;0;16266.6;11280.08;4986.52;32420.242
2026-06-16T00:09:23.432808+02:00;standby;20.0;40.0;5.0;25.0;58.0;10.0;0;0;0;0;16266.6;11280.08;4986.52;32420.242
2026-06-16T00:10:24.092082+02:00;standby;20.0;40.0;5.0;25.0;57.9;10.0;0;0;0;0;16266.6;11280.08;4986.52;32420.242
2026-06-16T00:11:24.886834+02:00;standby;20.0;39.9;5.0;25.0;57.9;10.0;0;0;0;0;16266.6;11280.08;4986.52;32420.242
2026-06-16T00:12:25.695646+02:00;standby;20.0;39.9;5.0;25.0;57.9;10.0;0;0;0;0;16266.6;11280.08;4986.52;32420.242
2026-06-16T00:13:26.224641+02:00;standby;20.0;39.8;5.0;25.0;57.9;10.0;0;0;0;0;16266.6;11280.08;4986.52;32420.242
2026-06-16T00:14:26.859898+02:00;standby;20.0;39.8;5.0;25.0;57.9;10.0;0;0;0;0;16266.6;11280.08;4986.52;32420.242
2026-06-16T00:15:27.378516+02:00;standby;20.0;39.6;5.0;25.0;57.9;10.0;0;0;0;0;16266.6;11280.08;4986.52;32420.242
2026-06-16T00:16:27.977507+02:00;standby;20.0;39.6;5.0;25.0;57.9;10.0;0;0;0;0;16266.6;11280.08;4986.52;32420.242
2026-06-16T00:17:28.546775+02:00;standby;20.0;39.5;5.0;25.0;57.9;10.0;0;0;0;0;16266.6;11280.08;4986.52;32420.242
2026-06-16T00:18:29.059565+02:00;standby;20.0;39.5;5.0;25.0;57.9;10.0;0;0;0;0;16266.6;11280.08;4986.52;32420.242
2026-06-16T00:19:29.567322+02:00;standby;20.0;39.4;5.0;25.0;57.9;10.0;0;0;0;0;16266.6;11280.08;4986.52;32420.242
2026-06-16T00:20:30.095642+02:00;standby;20.0;39.4;5.0;25.0;57.9;10.0;0;0;0;0;16266.6;11280.08;4986.52;32420.242
2026-06-16T00:21:30.606938+02:00;standby;20.0;39.3;5.0;25.0;57.9;10.0;0;0;0;0;16266.6;11280.08;4986.52;32420.242
2026-06-16T00:22:31.138455+02:00;standby;20.0;39.3;5.0;25.0;57.8;10.0;0;0;0;0;16266.6;11280.08;4986.52;32420.242
2026-06-16T00:23:31.648029+02:00;standby;20.0;39.1;5.0;25.0;57.8;10.0;0;0;0;0;16266.6;11280.08;4986.52;32420.242
2026-06-16T00:24:32.163515+02:00;standby;20.0;39.1;5.0;25.0;57.8;10.0;0;0;0;0;16266.6;11280.08;4986.52;32420.242
2026-06-16T00:25:32.966421+02:00;standby;20.0;39.0;5.0;25.0;57.8;10.0;0;0;0;0;16266.6;11280.08;4986.52;32420.242
2026-06-16T00:26:33.513497+02:00;standby;20.0;39.0;5.0;25.0;57.8;10.0;0;0;0;0;16266.6;11280.08;4986.52;32420.242
2026-06-16T00:27:34.022368+02:00;standby;20.0;38.9;5.0;25.0;57.8;10.0;0;0;0;0;16266.6;11280.08;4986.52;32420.242
2026-06-16T00:28:34.540528+02:00;standby;20.0;38.9;5.0;25.0;57.8;10.0;0;0;0;0;16266.6;11280.08;4986.52;32420.242
2026-06-16T00:29:35.457806+02:00;standby;20.0;38.8;5.0;25.0;57.8;10.0;0;0;0;0;16266.6;11280.08;4986.52;32420.242
2026-06-16T00:30:36.064050+02:00;standby;20.0;38.8;5.0;25.0;57.8;10.0;0;0;0;0;16266.6;11280.08;4986.52;32420.242
2026-06-16T00:31:36.690124+02:00;standby;20.0;38.6;5.0;25.0;57.8;10.0;0;0;0;0;16266.6;11280.08;4986.52;32420.242
2026-06-16T00:32:37.232218+02:00;standby;20.0;38.6;5.0;25.0;57.8;10.0;0;0;0;0;16266.6;11280.08;4986.52;32420.242
2026-06-16T00:33:37.763109+02:00;standby;20.0;38.5;5.0;25.0;57.7;10.0;0;0;0;0;16266.6;11280.08;4986.52;32420.242
2026-06-16T00:34:38.394881+02:00;standby;20.0;38.5;5.0;25.0;57.8;10.0;0;0;0;0;16266.6;11280.08;4986.52;32420.242
2026-06-16T00:35:38.886211+02:00;standby;20.0;38.4;5.0;25.0;57.7;10.0;0;0;0;0;16266.6;11280.08;4986.52;32420.242
2026-06-16T00:36:39.610362+02:00;standby;20.0;38.4;5.0;25.0;57.7;10.0;0;0;0;0;16266.6;11280.08;4986.52;32420.242
2026-06-16T00:37:40.648564+02:00;standby;20.0;38.3;5.0;25.0;57.7;10.0;0;0;0;0;16266.6;11280.08;4986.52;32420.242
2026-06-16T00:38:41.161476+02:00;standby;20.0;38.3;5.0;25.0;57.7;10.0;0;0;0;0;16266.6;11280.08;4986.52;32420.242
2026-06-16T00:39:41.789981+02:00;standby;20.0;38.1;5.0;25.0;57.7;10.0;0;0;0;0;16266.6;11280.08;4986.52;32420.242
2026-06-16T00:40:42.516130+02:00;standby;20.0;38.1;5.0;25.0;57.7;10.0;0;0;0;0;16266.6;11280.08;4986.52;32420.242
2026-06-16T00:41:43.146782+02:00;standby;20.0;38.0;5.0;25.0;57.7;10.0;0;0;0;0;16266.6;11280.08;4986.52;32420.242
2026-06-16T00:42:43.946246+02:00;standby;20.0;38.0;5.0;25.0;57.7;10.0;0;0;0;0;16266.6;11280.08;4986.52;32420.242
2026-06-16T00:43:44.478483+02:00;standby;20.0;38.0;5.0;25.0;57.7;10.0;0;0;0;0;16266.6;11280.08;4986.52;32420.242
2026-06-16T00:44:45.396736+02:00;standby;20.0;37.9;5.0;25.0;57.7;10.0;0;0;0;0;16266.6;11280.08;4986.52;32420.242
2026-06-16T00:45:45.910815+02:00;standby;20.0;37.9;5.0;25.0;57.7;10.0;0;0;0;0;16266.6;11280.08;4986.52;32420.242
2026-06-16T00:46:46.455735+02:00;standby;20.0;37.8;5.0;25.0;57.6;10.0;0;0;0;0;16266.6;11280.08;4986.52;32420.242
2026-06-16T00:47:47.248622+02:00;standby;20.0;37.8;5.0;25.0;57.6;10.0;0;0;0;0;16266.6;11280.08;4986.52;32420.242
2026-06-16T00:48:47.854455+02:00;standby;20.0;37.7;5.0;25.0;57.6;10.0;0;0;0;0;16266.6;11280.08;4986.52;32420.242
2026-06-16T00:49:48.396330+02:00;standby;20.0;37.7;5.0;25.0;57.6;10.0;0;0;0;0;16266.6;11280.08;4986.52;32420.242
2026-06-16T00:50:48.937009+02:00;standby;20.0;37.5;5.0;25.0;57.6;10.0;0;0;0;0;16266.6;11280.08;4986.52;32420.242
2026-06-16T00:51:49.862974+02:00;standby;20.0;37.5;5.0;25.0;57.6;10.0;0;0;0;0;16266.6;11280.08;4986.52;32420.242
2026-06-16T00:52:50.388921+02:00;standby;20.0;37.5;5.0;25.0;57.6;10.0;0;0;0;0;16266.6;11280.08;4986.52;32420.242
2026-06-16T00:53:51.295395+02:00;standby;20.0;37.4;5.0;25.0;57.6;10.0;0;0;0;0;16266.6;11280.08;4986.52;32420.242
2026-06-16T00:54:51.888207+02:00;standby;20.0;37.4;5.0;25.0;57.6;10.0;0;0;0;0;16266.6;11280.08;4986.52;32420.242
2026-06-16T00:55:52.444787+02:00;standby;20.0;37.3;5.0;25.0;57.6;10.0;0;0;0;0;16266.6;11280.08;4986.52;32420.242
2026-06-16T00:56:53.080717+02:00;standby;20.0;37.3;5.0;25.0;57.6;10.0;0;0;0;0;16266.6;11280.08;4986.52;32420.242
2026-06-16T00:57:53.594556+02:00;standby;20.0;37.2;5.0;25.0;57.6;10.0;0;0;0;0;16266.6;11280.08;4986.52;32420.242
2026-06-16T00:58:54.329594+02:00;standby;20.0;37.2;5.0;25.0;57.5;10.0;0;0;0;0;16266.6;11280.08;4986.52;32420.242
2026-06-16T00:59:54.891835+02:00;standby;20.0;37.2;5.0;25.0;57.5;10.0;0;0;0;0;16266.6;11280.08;4986.52;32420.242
2026-06-16T01:00:55.865723+02:00;standby;20.0;37.0;5.0;25.0;57.5;10.0;0;0;0;0;16266.6;11280.08;4986.52;32420.242
2026-06-16T01:01:56.444223+02:00;standby;20.0;37.0;5.0;25.0;57.5;10.0;0;0;0;0;16266.6;11280.08;4986.52;32420.242
2026-06-16T01:02:56.997581+02:00;standby;20.0;36.9;5.0;25.0;57.5;10.0;0;0;0;0;16266.6;11280.08;4986.52;32420.242
2026-06-16T01:03:57.734518+02:00;standby;20.0;36.9;5.0;25.0;57.5;10.0;0;0;0;0;16266.6;11280.08;4986.52;32420.242
2026-06-16T01:04:58.246019+02:00;standby;20.0;36.9;5.0;25.0;57.5;10.0;0;0;0;0;16266.6;11280.08;4986.52;32420.242
2026-06-16T01:06:01.122084+02:00;standby;20.0;36.8;5.0;25.0;57.5;10.0;0;0;0;0;16266.6;11280.08;4986.52;32420.242
2026-06-16T01:07:01.757502+02:00;standby;20.0;36.8;5.0;25.0;57.5;10.0;0;0;0;0;16266.6;11280.08;4986.52;32420.242
2026-06-16T01:08:02.250000+02:00;standby;20.0;36.8;5.0;25.0;57.5;10.0;0;0;0;0;16266.6;11280.08;4986.52;32420.242
2026-06-16T01:09:02.798149+02:00;standby;20.0;36.7;5.0;25.0;57.5;10.0;0;0;0;0;16266.6;11280.08;4986.52;32420.242
2026-06-16T01:10:03.723598+02:00;standby;18.3;36.5;5.0;25.0;57.4;10.0;0;0;0;0;16266.6;11280.08;4986.52;32420.242
2026-06-16T01:11:04.833630+02:00;standby;18.3;36.7;5.0;25.0;57.4;10.0;0;0;0;0;16266.6;11280.08;4986.52;32420.242
2026-06-16T01:12:07.734053+02:00;standby;18.3;36.5;5.0;25.0;57.4;10.0;0;0;0;0;16266.6;11280.08;4986.52;32420.242
2026-06-16T01:13:08.261224+02:00;standby;18.3;36.4;5.0;25.0;57.4;10.0;0;0;0;0;16266.6;11280.08;4986.52;32420.242
2026-06-16T01:14:08.864801+02:00;standby;18.3;36.4;5.0;25.0;57.4;10.0;0;0;0;0;16266.6;11280.08;4986.52;32420.242
2026-06-16T01:15:09.499578+02:00;standby;18.3;36.4;5.0;25.0;57.4;10.0;0;0;0;0;16266.6;11280.08;4986.52;32420.242
2026-06-16T01:16:10.017602+02:00;standby;18.3;36.3;5.0;25.0;57.4;10.0;0;0;0;0;16266.6;11280.08;4986.52;32420.242
2026-06-16T01:17:10.640381+02:00;standby;18.3;36.3;5.0;25.0;57.4;10.0;0;0;0;0;16266.6;11280.08;4986.52;32420.242
2026-06-16T01:18:11.235878+02:00;standby;18.3;36.2;5.0;25.0;57.4;10.0;0;0;0;0;16266.6;11280.08;4986.52;32420.242
2026-06-16T01:19:11.780813+02:00;standby;18.3;36.2;5.0;25.0;57.4;10.0;0;0;0;0;16266.6;11280.08;4986.52;32420.242
2026-06-16T01:20:12.705349+02:00;standby;18.3;36.2;5.0;25.0;57.4;10.0;0;0;0;0;16266.6;11280.08;4986.52;32420.242
2026-06-16T01:21:13.225466+02:00;standby;18.3;36.0;5.0;25.0;57.4;10.0;0;0;0;0;16266.6;11280.08;4986.52;32420.242
2026-06-16T01:22:13.788654+02:00;standby;18.3;36.0;5.0;25.0;57.4;10.0;0;0;0;0;16266.6;11280.08;4986.52;32420.242
2026-06-16T01:23:14.345736+02:00;standby;18.3;35.9;5.0;25.0;57.3;10.0;0;0;0;0;16266.6;11280.08;4986.52;32420.242
2026-06-16T01:24:14.868824+02:00;standby;18.3;35.9;5.0;25.0;57.3;10.0;0;0;0;0;16266.6;11280.08;4986.52;32420.242
2026-06-16T01:25:15.398066+02:00;standby;18.3;35.9;5.0;25.0;57.3;10.0;0;0;0;0;16266.6;11280.08;4986.52;32420.242
2026-06-16T01:26:16.080556+02:00;standby;18.3;35.8;5.0;25.0;57.3;10.0;0;0;0;0;16266.6;11280.08;4986.52;32420.242
2026-06-16T01:27:16.940547+02:00;standby;18.3;35.8;5.0;25.0;57.3;10.0;0;0;0;0;16266.6;11280.08;4986.52;32420.242
2026-06-16T01:28:17.459078+02:00;standby;18.3;35.8;5.0;25.0;57.3;10.0;0;0;0;0;16266.6;11280.08;4986.52;32420.242
2026-06-16T01:29:18.078929+02:00;standby;18.3;35.7;5.0;25.0;57.3;10.0;0;0;0;0;16266.6;11280.08;4986.52;32420.242
2026-06-16T01:30:18.592582+02:00;standby;18.3;35.7;5.0;25.0;57.3;10.0;0;0;0;0;16266.6;11280.08;4986.52;32420.242
2026-06-16T01:31:19.221901+02:00;standby;18.3;35.6;5.0;25.0;57.3;10.0;0;0;0;0;16266.6;11280.08;4986.52;32420.242
2026-06-16T01:32:19.937055+02:00;standby;18.3;35.6;5.0;25.0;57.3;10.0;0;0;0;0;16266.6;11280.08;4986.52;32420.242
2026-06-16T01:33:20.465368+02:00;standby;18.3;35.6;5.0;25.0;57.3;10.0;0;0;0;0;16266.6;11280.08;4986.52;32420.242
2026-06-16T01:34:21.262317+02:00;standby;18.3;35.6;5.0;25.0;57.2;10.0;0;0;0;0;16266.6;11280.08;4986.52;32420.242
2026-06-16T01:35:22.003964+02:00;standby;18.3;35.4;5.0;25.0;57.2;10.0;0;0;0;0;16266.6;11280.08;4986.52;32420.242
2026-06-16T01:36:22.550491+02:00;standby;18.3;35.4;5.0;25.0;57.2;10.0;0;0;0;0;16266.6;11280.08;4986.52;32420.242
2026-06-16T01:37:23.166100+02:00;standby;18.3;35.3;5.0;25.0;57.2;10.0;0;0;0;0;16266.6;11280.08;4986.52;32420.242
2026-06-16T01:38:24.255275+02:00;standby;18.3;35.3;5.0;25.0;57.2;10.0;0;0;0;0;16266.6;11280.08;4986.52;32420.242
2026-06-16T01:39:25.012735+02:00;standby;18.3;35.3;5.0;25.0;57.2;10.0;0;0;0;0;16266.6;11280.08;4986.52;32420.242
2026-06-16T01:40:25.608486+02:00;standby;18.3;35.3;5.0;25.0;57.2;10.0;0;0;0;0;16266.6;11280.08;4986.52;32420.242
2026-06-16T01:41:26.115851+02:00;standby;18.3;35.2;5.0;25.0;57.2;10.0;0;0;0;0;16266.6;11280.08;4986.52;32420.242
2026-06-16T01:42:26.682451+02:00;standby;18.3;35.2;5.0;25.0;57.2;10.0;0;0;0;0;16266.6;11280.08;4986.52;32420.242
2026-06-16T01:43:27.211464+02:00;standby;18.3;35.2;5.0;25.0;57.2;10.0;0;0;0;0;16266.6;11280.08;4986.52;32420.242
2026-06-16T01:44:27.715265+02:00;standby;18.3;35.1;5.0;25.0;57.2;10.0;0;0;0;0;16266.6;11280.08;4986.52;32420.242
2026-06-16T01:45:28.643042+02:00;standby;18.3;35.1;5.0;25.0;57.2;10.0;0;0;0;0;16266.6;11280.08;4986.52;32420.242
2026-06-16T01:46:29.164168+02:00;standby;18.3;35.1;5.0;25.0;57.1;10.0;0;0;0;0;16266.6;11280.08;4986.52;32420.242
2026-06-16T01:47:29.790606+02:00;standby;18.3;34.9;5.0;25.0;57.1;10.0;0;0;0;0;16266.6;11280.08;4986.52;32420.242
2026-06-16T01:48:30.308046+02:00;standby;18.3;34.9;5.0;25.0;57.1;10.0;0;0;0;0;16266.6;11280.08;4986.52;32420.242
2026-06-16T01:49:30.991099+02:00;standby;18.3;34.9;5.0;25.0;57.1;10.0;0;0;0;0;16266.6;11280.08;4986.52;32420.242
2026-06-16T01:50:31.538151+02:00;standby;18.3;34.8;5.0;25.0;57.1;10.0;0;0;0;0;16266.6;11280.08;4986.52;32420.242
2026-06-16T01:51:32.135540+02:00;standby;18.3;34.8;5.0;25.0;57.1;10.0;0;0;0;0;16266.6;11280.08;4986.52;32420.242
2026-06-16T01:52:35.265273+02:00;standby;18.3;34.8;5.0;25.0;57.1;10.0;0;0;0;0;16266.6;11280.08;4986.52;32420.242
2026-06-16T01:53:35.780915+02:00;standby;18.3;34.7;5.0;25.0;57.1;10.0;0;0;0;0;16266.6;11280.08;4986.52;32420.242
2026-06-16T01:54:36.286385+02:00;standby;18.3;34.7;5.0;25.0;57.1;10.0;0;0;0;0;16266.6;11280.08;4986.52;32420.242
2026-06-16T01:55:36.808126+02:00;standby;18.3;34.6;5.0;25.0;57.1;10.0;0;0;0;0;16266.6;11280.08;4986.52;32420.242
2026-06-16T01:56:38.140733+02:00;standby;18.3;34.6;5.0;25.0;57.1;10.0;0;0;0;0;16266.6;11280.08;4986.52;32420.242
2026-06-16T01:57:38.785861+02:00;standby;18.3;34.6;5.0;25.0;57.1;10.0;0;0;0;0;16266.6;11280.08;4986.52;32420.242
2026-06-16T01:58:39.295591+02:00;standby;18.3;34.6;5.0;25.0;56.9;10.0;0;0;0;0;16266.6;11280.08;4986.52;32420.242
2026-06-16T01:59:39.879604+02:00;standby;18.3;34.4;5.0;25.0;56.9;10.0;0;0;0;0;16266.6;11280.08;4986.52;32420.242
2026-06-16T02:00:40.705231+02:00;standby;18.3;34.4;5.0;25.0;56.9;10.0;0;0;0;0;16266.6;11280.08;4986.52;32420.242
2026-06-16T02:01:41.318046+02:00;standby;18.3;34.4;5.0;25.0;56.9;10.0;0;0;0;0;16266.6;11280.08;4986.52;32420.242
2026-06-16T02:02:41.873347+02:00;standby;18.3;34.3;5.0;25.0;56.9;10.0;0;0;0;0;16266.6;11280.08;4986.52;32420.242
2026-06-16T02:03:42.560056+02:00;standby;18.3;34.3;5.0;25.0;56.9;10.0;0;0;0;0;16266.6;11280.08;4986.52;32420.242
2026-06-16T02:04:43.246266+02:00;standby;18.3;34.3;5.0;25.0;56.9;10.0;0;0;0;0;16266.6;11280.08;4986.52;32420.242
2026-06-16T02:05:43.816823+02:00;standby;18.3;34.3;5.0;25.0;56.9;10.0;0;0;0;0;16266.6;11280.08;4986.52;32420.242
2026-06-16T02:06:44.372147+02:00;standby;18.3;34.2;5.0;25.0;56.9;10.0;0;0;0;0;16266.6;11280.08;4986.52;32420.242
2026-06-16T02:07:44.983865+02:00;standby;18.3;34.2;5.0;25.0;56.9;10.0;0;0;0;0;16266.6;11280.08;4986.52;32420.242
2026-06-16T02:08:45.498572+02:00;standby;18.3;34.2;5.0;25.0;56.9;10.0;0;0;0;0;16266.6;11280.08;4986.52;32420.242
2026-06-16T02:09:46.030616+02:00;standby;18.3;34.1;5.0;25.0;56.9;10.0;0;0;0;0;16266.6;11280.08;4986.52;32420.242
2026-06-16T02:10:47.538841+02:00;standby;18.3;34.1;5.0;25.0;56.8;10.0;0;0;0;0;16266.6;11280.08;4986.52;32420.242
2026-06-16T02:11:48.081773+02:00;standby;18.3;34.1;5.0;25.0;56.8;10.0;0;0;0;0;16266.6;11280.08;4986.52;32420.242
2026-06-16T02:12:48.597101+02:00;standby;18.3;34.1;5.0;25.0;56.8;10.0;0;0;0;0;16266.6;11280.08;4986.52;32420.242
2026-06-16T02:13:50.457381+02:00;standby;18.3;34.0;5.0;25.0;56.8;10.0;0;0;0;0;16266.6;11280.08;4986.52;32420.242
2026-06-16T02:14:50.986930+02:00;standby;18.3;34.0;5.0;25.0;56.8;10.0;0;0;0;0;16266.6;11280.08;4986.52;32420.242
2026-06-16T02:15:51.489968+02:00;standby;18.3;33.8;5.0;25.0;56.8;10.0;0;0;0;0;16266.6;11280.08;4986.52;32420.242
2026-06-16T02:16:52.120838+02:00;standby;18.3;33.8;5.0;25.0;56.8;10.0;0;0;0;0;16266.6;11280.08;4986.52;32420.242
2026-06-16T02:17:53.145008+02:00;standby;18.3;33.8;5.0;25.0;56.8;10.0;0;0;0;0;16266.6;11280.08;4986.52;32420.242
2026-06-16T02:18:53.681241+02:00;standby;18.3;33.8;5.0;25.0;56.8;10.0;0;0;0;0;16266.6;11280.08;4986.52;32420.242
2026-06-16T02:19:54.193605+02:00;standby;18.3;33.7;5.0;25.0;56.8;10.0;0;0;0;0;16266.6;11280.08;4986.52;32420.242
2026-06-16T02:20:54.917880+02:00;standby;18.3;33.7;5.0;25.0;56.8;10.0;0;0;0;0;16266.6;11280.08;4986.52;32420.242
2026-06-16T02:21:55.802241+02:00;standby;18.3;33.7;5.0;25.0;56.8;10.0;0;0;0;0;16266.6;11280.08;4986.52;32420.242
2026-06-16T02:22:57.594565+02:00;standby;18.3;33.7;5.0;25.0;56.7;10.0;0;0;0;0;16266.6;11280.08;4986.52;32420.242
2026-06-16T02:23:58.143070+02:00;standby;18.3;33.6;5.0;25.0;56.7;10.0;0;0;0;0;16266.6;11280.08;4986.52;32420.242
2026-06-16T02:24:58.701816+02:00;standby;18.3;33.6;5.0;25.0;56.7;10.0;0;0;0;0;16266.6;11280.08;4986.52;32420.242
2026-06-16T02:25:59.244096+02:00;standby;18.3;33.6;5.0;25.0;56.7;10.0;0;0;0;0;16266.6;11280.08;4986.52;32420.242
2026-06-16T02:26:59.768196+02:00;standby;18.3;33.6;5.0;25.0;56.7;10.0;0;0;0;0;16266.6;11280.08;4986.52;32420.242
2026-06-16T02:28:00.347720+02:00;standby;18.3;33.5;5.0;25.0;56.7;10.0;0;0;0;0;16266.6;11280.08;4986.52;32420.242
2026-06-16T02:29:00.967019+02:00;standby;18.3;33.5;5.0;25.0;56.7;10.0;0;0;0;0;16266.6;11280.08;4986.52;32420.242
2026-06-16T02:30:01.524124+02:00;standby;18.3;33.5;5.0;25.0;56.7;10.0;0;0;0;0;16266.6;11280.08;4986.52;32420.242
2026-06-16T02:31:02.061572+02:00;standby;18.3;33.3;5.0;25.0;56.7;10.0;0;0;0;0;16266.6;11280.08;4986.52;32420.242
2026-06-16T02:32:03.392473+02:00;standby;18.3;33.3;5.0;25.0;56.7;10.0;0;0;0;0;16266.6;11280.08;4986.52;32420.242
2026-06-16T02:33:04.891389+02:00;standby;18.3;33.3;5.0;25.0;56.6;10.0;0;0;0;0;16266.6;11280.08;4986.52;32420.242
2026-06-16T02:34:05.447587+02:00;standby;18.3;33.3;5.0;25.0;56.7;10.0;0;0;0;0;16266.6;11280.08;4986.52;32420.242
2026-06-16T02:35:05.979806+02:00;standby;18.3;33.2;5.0;25.0;56.6;10.0;0;0;0;0;16266.6;11280.08;4986.52;32420.242
2026-06-16T02:36:06.496318+02:00;standby;18.3;33.2;5.0;25.0;56.6;10.0;0;0;0;0;16266.6;11280.08;4986.52;32420.242
2026-06-16T02:37:07.064716+02:00;standby;18.3;33.2;5.0;25.0;56.6;10.0;0;0;0;0;16266.6;11280.08;4986.52;32420.242
2026-06-16T02:38:07.830882+02:00;standby;18.3;33.2;5.0;25.0;56.6;10.0;0;0;0;0;16266.6;11280.08;4986.52;32420.242
2026-06-16T02:39:08.362959+02:00;standby;18.3;33.1;5.0;25.0;56.6;10.0;0;0;0;0;16266.6;11280.08;4986.52;32420.242
2026-06-16T02:40:09.035442+02:00;standby;18.3;33.1;5.0;25.0;56.6;10.0;0;0;0;0;16266.6;11280.08;4986.52;32420.242
2026-06-16T02:41:09.821036+02:00;standby;18.3;33.1;5.0;25.0;56.6;10.0;0;0;0;0;16266.6;11280.08;4986.52;32420.242
2026-06-16T02:42:10.335317+02:00;standby;18.3;33.1;5.0;25.0;56.6;10.0;0;0;0;0;16266.6;11280.08;4986.52;32420.242
2026-06-16T02:43:11.313748+02:00;standby;18.3;33.0;5.0;25.0;56.6;10.0;0;0;0;0;16266.6;11280.08;4986.52;32420.242
2026-06-16T02:44:11.838708+02:00;standby;18.3;33.0;5.0;25.0;56.6;10.0;0;0;0;0;16266.6;11280.08;4986.52;32420.242
2026-06-16T02:45:12.376831+02:00;standby;18.3;33.0;5.0;25.0;56.6;10.0;0;0;0;0;16266.6;11280.08;4986.52;32420.242
2026-06-16T02:46:12.908438+02:00;standby;18.3;33.0;5.0;25.0;56.6;10.0;0;0;0;0;16266.6;11280.08;4986.52;32420.242
2026-06-16T02:47:13.443717+02:00;standby;18.3;32.8;5.0;25.0;56.5;10.0;0;0;0;0;16266.6;11280.08;4986.52;32420.242
2026-06-16T02:48:13.944856+02:00;standby;18.3;32.8;5.0;25.0;56.5;10.0;0;0;0;0;16266.6;11280.08;4986.52;32420.242
2026-06-16T02:49:14.462498+02:00;standby;18.3;32.8;5.0;25.0;56.5;10.0;0;0;0;0;16266.6;11280.08;4986.52;32420.242
2026-06-16T02:50:15.097920+02:00;standby;18.3;32.8;5.0;25.0;56.5;10.0;0;0;0;0;16266.6;11280.08;4986.52;32420.242
2026-06-16T02:51:15.605253+02:00;standby;18.3;32.7;5.0;25.0;56.5;10.0;0;0;0;0;16266.6;11280.08;4986.52;32420.242
2026-06-16T02:52:16.300574+02:00;standby;18.3;32.7;5.0;25.0;56.5;10.0;0;0;0;0;16266.6;11280.08;4986.52;32420.242
2026-06-16T02:53:17.269056+02:00;standby;18.3;32.7;5.0;25.0;56.5;10.0;0;0;0;0;16266.6;11280.08;4986.52;32420.242
2026-06-16T02:54:17.788432+02:00;standby;18.3;32.7;5.0;25.0;56.5;10.0;0;0;0;0;16266.6;11280.08;4986.52;32420.242
2026-06-16T02:55:18.660961+02:00;standby;18.3;32.6;5.0;25.0;56.5;10.0;0;0;0;0;16266.6;11280.08;4986.52;32420.242
2026-06-16T02:56:19.296743+02:00;standby;18.3;32.6;5.0;25.0;56.5;10.0;0;0;0;0;16266.6;11280.08;4986.52;32420.242
2026-06-16T02:57:20.010476+02:00;standby;18.3;32.6;5.0;25.0;56.5;10.0;0;0;0;0;16266.6;11280.08;4986.52;32420.242
2026-06-16T02:58:20.530782+02:00;standby;18.3;32.6;5.0;25.0;56.5;10.0;0;0;0;0;16266.6;11280.08;4986.52;32420.242
2026-06-16T02:59:21.350397+02:00;standby;18.3;32.5;5.0;25.0;56.4;10.0;0;0;0;0;16266.6;11280.08;4986.52;32420.242
2026-06-16T03:00:21.895796+02:00;standby;18.3;32.5;5.0;25.0;56.4;10.0;0;0;0;0;16266.6;11280.08;4986.52;32420.242
2026-06-16T03:01:22.564300+02:00;standby;18.3;32.5;5.0;25.0;56.4;10.0;0;0;0;0;16266.6;11280.08;4986.52;32420.242
2026-06-16T03:02:23.428645+02:00;standby;18.3;32.5;5.0;25.0;56.4;10.0;0;0;0;0;16266.6;11280.08;4986.52;32420.242
2026-06-16T03:03:23.945404+02:00;standby;18.3;32.5;5.0;25.0;56.4;10.0;0;0;0;0;16266.6;11280.08;4986.52;32420.242
2026-06-16T03:04:24.465862+02:00;standby;18.3;32.3;5.0;25.0;56.4;10.0;0;0;0;0;16266.6;11280.08;4986.52;32420.242
2026-06-16T03:05:25.546598+02:00;standby;18.3;32.3;5.0;25.0;56.4;10.0;0;0;0;0;16266.6;11280.08;4986.52;32420.242
2026-06-16T03:06:26.569149+02:00;standby;18.3;32.3;5.0;25.0;56.4;10.0;0;0;0;0;16266.6;11280.08;4986.52;32420.242
2026-06-16T03:07:27.097551+02:00;standby;18.3;32.3;5.0;25.0;56.4;10.0;0;0;0;0;16266.6;11280.08;4986.52;32420.242
2026-06-16T03:08:27.669886+02:00;standby;18.3;32.2;5.0;25.0;56.4;10.0;0;0;0;0;16266.6;11280.08;4986.52;32420.242
2026-06-16T03:09:28.289353+02:00;standby;18.3;32.2;5.0;25.0;56.4;10.0;0;0;0;0;16266.6;11280.08;4986.52;32420.242
2026-06-16T03:10:28.856329+02:00;standby;18.3;32.2;5.0;25.0;56.3;10.0;0;0;0;0;16266.6;11280.08;4986.52;32420.242
2026-06-16T03:11:29.375869+02:00;standby;18.5;32.2;5.0;25.0;56.3;10.0;0;0;0;0;16266.6;11280.08;4986.52;32420.242
2026-06-16T03:12:29.895702+02:00;standby;18.5;32.1;5.0;25.0;56.3;10.0;0;0;0;0;16266.6;11280.08;4986.52;32420.242
2026-06-16T03:13:30.690281+02:00;standby;18.5;32.1;5.0;25.0;56.3;10.0;0;0;0;0;16266.6;11280.08;4986.52;32420.242
2026-06-16T03:14:31.307622+02:00;standby;18.5;32.1;5.0;25.0;56.3;10.0;0;0;0;0;16266.6;11280.08;4986.52;32420.242
2026-06-16T03:15:32.025239+02:00;standby;18.5;32.1;5.0;25.0;56.3;10.0;0;0;0;0;16266.6;11280.08;4986.52;32420.242
2026-06-16T03:16:32.656830+02:00;standby;18.5;32.1;5.0;25.0;56.3;10.0;0;0;0;0;16266.6;11280.08;4986.52;32420.242
2026-06-16T03:17:33.274064+02:00;standby;18.5;32.0;5.0;25.0;56.3;10.0;0;0;0;0;16266.6;11280.08;4986.52;32420.242
2026-06-16T03:18:33.845559+02:00;standby;18.5;32.0;5.0;25.0;56.3;10.0;0;0;0;0;16266.6;11280.08;4986.52;32420.242
2026-06-16T03:19:35.176125+02:00;standby;18.5;32.0;5.0;25.0;56.3;10.0;0;0;0;0;16266.6;11280.08;4986.52;32420.242
2026-06-16T03:20:35.690581+02:00;standby;18.5;32.0;5.0;25.0;56.2;10.0;0;0;0;0;16266.6;11280.08;4986.52;32420.242
2026-06-16T03:21:36.220921+02:00;standby;18.5;32.0;5.0;25.0;56.3;10.0;0;0;0;0;16266.6;11280.08;4986.52;32420.242
2026-06-16T03:22:36.730260+02:00;standby;18.5;31.9;5.0;25.0;56.2;10.0;0;0;0;0;16266.6;11280.08;4986.52;32420.242
2026-06-16T03:23:37.251040+02:00;standby;18.5;31.9;5.0;25.0;56.2;10.0;0;0;0;0;16266.6;11280.08;4986.52;32420.242
2026-06-16T03:24:37.784014+02:00;standby;18.5;31.9;5.0;25.0;56.2;10.0;0;0;0;0;16266.6;11280.08;4986.52;32420.242
2026-06-16T03:25:38.336306+02:00;standby;18.5;31.9;5.0;25.0;56.2;10.0;0;0;0;0;16266.6;11280.08;4986.52;32420.242
2026-06-16T03:26:38.866390+02:00;standby;18.5;31.9;5.0;25.0;56.2;10.0;0;0;0;0;16266.6;11280.08;4986.52;32420.242
2026-06-16T03:27:39.390655+02:00;standby;18.5;31.7;5.0;25.0;56.2;10.0;0;0;0;0;16266.6;11280.08;4986.52;32420.242
2026-06-16T03:28:39.912342+02:00;standby;18.5;31.7;5.0;25.0;56.2;10.0;0;0;0;0;16266.6;11280.08;4986.52;32420.242
2026-06-16T03:29:40.526967+02:00;standby;18.5;31.7;5.0;25.0;56.2;10.0;0;0;0;0;16266.6;11280.08;4986.52;32420.242
2026-06-16T03:30:41.189774+02:00;standby;18.5;31.7;5.0;25.0;56.2;10.0;0;0;0;0;16266.6;11280.08;4986.52;32420.242
2026-06-16T03:31:44.638183+02:00;standby;18.5;31.7;5.0;25.0;56.2;10.0;0;0;0;0;16266.6;11280.08;4986.52;32420.242
2026-06-16T03:32:45.197908+02:00;standby;18.5;31.6;5.0;25.0;56.2;10.0;0;0;0;0;16266.6;11280.08;4986.52;32420.242
2026-06-16T03:33:45.721124+02:00;standby;18.5;31.6;5.0;25.0;56.1;10.0;0;0;0;0;16266.6;11280.08;4986.52;32420.242
2026-06-16T03:34:46.244726+02:00;standby;18.5;31.6;5.0;25.0;56.1;10.0;0;0;0;0;16266.6;11280.08;4986.52;32420.242
2026-06-16T03:35:47.325597+02:00;standby;18.5;31.6;5.0;25.0;56.1;10.0;0;0;0;0;16266.6;11280.08;4986.52;32420.242
2026-06-16T03:36:47.850131+02:00;standby;18.5;31.6;5.0;25.0;56.1;10.0;0;0;0;0;16266.6;11280.08;4986.52;32420.242
2026-06-16T03:37:48.561851+02:00;standby;18.5;31.5;5.0;25.0;56.1;10.0;0;0;0;0;16266.6;11280.08;4986.52;32420.242
2026-06-16T03:38:49.105113+02:00;standby;18.5;31.5;5.0;25.0;56.1;10.0;0;0;0;0;16266.6;11280.08;4986.52;32420.242
2026-06-16T03:39:49.624782+02:00;standby;18.5;31.5;5.0;25.0;56.1;10.0;0;0;0;0;16266.6;11280.08;4986.52;32420.242
2026-06-16T03:40:50.232999+02:00;standby;18.5;31.5;5.0;25.0;56.1;10.0;0;0;0;0;16266.6;11280.08;4986.52;32420.242
2026-06-16T03:41:50.805733+02:00;standby;18.5;31.5;5.0;25.0;56.1;10.0;0;0;0;0;16266.6;11280.08;4986.52;32420.242
2026-06-16T03:42:51.472201+02:00;standby;18.5;31.5;5.0;25.0;56.1;10.0;0;0;0;0;16266.6;11280.08;4986.52;32420.242
2026-06-16T03:43:52.040096+02:00;standby;18.5;31.4;5.0;25.0;56.1;10.0;0;0;0;0;16266.6;11280.08;4986.52;32420.242
2026-06-16T03:44:52.621989+02:00;standby;18.5;31.4;5.0;25.0;56.1;10.0;0;0;0;0;16266.6;11280.08;4986.52;32420.242
2026-06-16T03:45:53.460156+02:00;standby;18.5;31.4;5.0;25.0;56.0;10.0;0;0;0;0;16266.6;11280.08;4986.52;32420.242
2026-06-16T03:46:54.374194+02:00;standby;18.5;31.4;5.0;25.0;56.0;10.0;0;0;0;0;16266.6;11280.08;4986.52;32420.242
2026-06-16T03:47:54.908150+02:00;standby;18.5;31.4;5.0;25.0;56.0;10.0;0;0;0;0;16266.6;11280.08;4986.52;32420.242
2026-06-16T03:48:55.536921+02:00;standby;18.5;31.2;5.0;25.0;56.0;10.0;0;0;0;0;16266.6;11280.08;4986.52;32420.242
2026-06-16T03:49:56.035698+02:00;standby;18.5;31.2;5.0;25.0;56.0;10.0;0;0;0;0;16266.6;11280.08;4986.52;32420.242
2026-06-16T03:50:56.656731+02:00;standby;18.5;31.2;5.0;25.0;56.0;10.0;0;0;0;0;16266.6;11280.08;4986.52;32420.242
2026-06-16T03:51:57.264947+02:00;standby;18.5;31.2;5.0;25.0;56.0;10.0;0;0;0;0;16266.6;11280.08;4986.52;32420.242
2026-06-16T03:52:57.784654+02:00;standby;18.5;31.2;5.0;25.0;56.0;10.0;0;0;0;0;16266.6;11280.08;4986.52;32420.242
2026-06-16T03:53:58.315857+02:00;standby;18.5;31.1;5.0;25.0;56.0;10.0;0;0;0;0;16266.6;11280.08;4986.52;32420.242
2026-06-16T03:54:59.264948+02:00;standby;18.5;31.1;5.0;25.0;56.0;10.0;0;0;0;0;16266.6;11280.08;4986.52;32420.242
2026-06-16T03:55:59.820576+02:00;standby;18.5;31.1;5.0;25.0;56.0;10.0;0;0;0;0;16266.6;11280.08;4986.52;32420.242
2026-06-16T03:57:00.336256+02:00;standby;18.5;31.1;5.0;25.0;56.0;10.0;0;0;0;0;16266.6;11280.08;4986.52;32420.242
2026-06-16T03:58:00.915954+02:00;standby;18.5;31.1;5.0;25.0;55.9;10.0;0;0;0;0;16266.6;11280.08;4986.52;32420.242
2026-06-16T03:59:01.472653+02:00;standby;18.5;31.1;5.0;25.0;55.9;10.0;0;0;0;0;16266.6;11280.08;4986.52;32420.242
2026-06-16T04:00:01.999926+02:00;standby;18.5;31.0;5.0;25.0;55.9;10.0;0;0;0;0;16266.6;11280.08;4986.52;32420.242
2026-06-16T04:01:02.715446+02:00;standby;18.5;31.0;5.0;25.0;55.9;57.0;0;0;0;0;16266.6;11280.08;4986.52;32420.242
2026-06-16T04:02:03.346892+02:00;standby;18.5;31.0;5.0;25.0;55.9;57.0;0;0;0;0;16266.6;11280.08;4986.52;32420.242
2026-06-16T04:03:03.933091+02:00;standby;18.5;31.0;5.0;25.0;55.9;57.0;0;0;0;0;16266.6;11280.08;4986.52;32420.242
2026-06-16T04:04:04.530205+02:00;standby;18.5;31.0;5.0;25.0;55.9;57.0;0;0;0;0;16266.6;11280.08;4986.52;32420.242
2026-06-16T04:05:05.204493+02:00;standby;18.5;31.0;5.0;25.0;55.9;57.0;0;0;0;0;16266.6;11280.08;4986.52;32420.242
2026-06-16T04:06:05.938169+02:00;standby;18.5;30.9;5.0;25.0;55.9;57.0;0;0;0;0;16266.6;11280.08;4986.52;32420.242
2026-06-16T04:07:06.674776+02:00;standby;18.5;30.9;5.0;25.0;55.9;57.0;0;0;0;0;16266.6;11280.08;4986.52;32420.242
2026-06-16T04:08:07.635483+02:00;standby;18.5;30.9;5.0;25.0;55.8;57.0;0;0;0;0;16266.6;11280.08;4986.52;32420.242
2026-06-16T04:09:08.277249+02:00;standby;18.5;30.9;5.0;25.0;55.8;57.0;0;0;0;0;16266.6;11280.08;4986.52;32420.242
2026-06-16T04:10:08.803229+02:00;standby;18.5;30.9;5.0;25.0;55.8;57.0;0;0;0;0;16266.6;11280.08;4986.52;32420.242
2026-06-16T04:11:09.369551+02:00;standby;18.5;30.9;5.0;25.0;55.8;57.0;0;0;0;0;16266.6;11280.08;4986.52;32420.242
2026-06-16T04:12:10.032169+02:00;standby;17.8;30.7;5.0;25.0;55.8;57.0;0;0;0;0;16266.6;11280.08;4986.52;32420.242
2026-06-16T04:13:11.465557+02:00;standby;17.8;30.7;5.0;25.0;55.8;57.0;0;0;0;0;16266.6;11280.08;4986.52;32420.242
2026-06-16T04:14:11.984341+02:00;standby;17.8;30.7;5.0;25.0;55.8;57.0;0;0;0;0;16266.6;11280.08;4986.52;32420.242
2026-06-16T04:15:12.918969+02:00;standby;17.8;30.7;5.0;25.0;55.8;57.0;0;0;0;0;16266.6;11280.08;4986.52;32420.242
2026-06-16T04:16:13.657309+02:00;standby;17.8;30.7;5.0;25.0;55.8;57.0;0;0;0;0;16266.6;11280.08;4986.52;32420.242
2026-06-16T04:17:14.179112+02:00;standby;17.8;30.6;5.0;25.0;55.8;57.0;0;0;0;0;16266.6;11280.08;4986.52;32420.242
2026-06-16T04:18:14.781212+02:00;standby;17.8;30.6;5.0;25.0;55.8;57.0;0;0;0;0;16266.6;11280.08;4986.52;32420.242
2026-06-16T04:19:15.391622+02:00;standby;17.8;30.6;5.0;25.0;55.8;57.0;0;0;0;0;16266.6;11280.08;4986.52;32420.242
2026-06-16T04:20:15.915341+02:00;standby;17.8;30.6;5.0;25.0;55.8;57.0;0;0;0;0;16266.6;11280.08;4986.52;32420.242
2026-06-16T04:21:16.533832+02:00;standby;17.8;30.6;5.0;25.0;55.8;57.0;0;0;0;0;16266.6;11280.08;4986.52;32420.242
2026-06-16T04:22:17.045945+02:00;standby;17.8;30.6;5.0;25.0;55.7;57.0;0;0;0;0;16266.6;11280.08;4986.52;32420.242
2026-06-16T04:23:17.570464+02:00;standby;17.8;30.6;5.0;25.0;55.7;57.0;0;0;0;0;16266.6;11280.08;4986.52;32420.242
2026-06-16T04:24:18.099904+02:00;standby;17.8;30.5;5.0;25.0;55.7;57.0;0;0;0;0;16266.6;11280.08;4986.52;32420.242
2026-06-16T04:25:18.615592+02:00;standby;17.8;30.5;5.0;25.0;55.7;57.0;0;0;0;0;16266.6;11280.08;4986.52;32420.242
2026-06-16T04:26:19.139401+02:00;standby;17.8;30.5;5.0;25.0;55.7;57.0;0;0;0;0;16266.6;11280.08;4986.52;32420.242
2026-06-16T04:27:19.641432+02:00;standby;17.8;30.5;5.0;25.0;55.7;57.0;0;0;0;0;16266.6;11280.08;4986.52;32420.242
2026-06-16T04:28:20.162473+02:00;standby;17.8;30.5;5.0;25.0;55.7;57.0;0;0;0;0;16266.6;11280.08;4986.52;32420.242
2026-06-16T04:29:20.699469+02:00;standby;17.8;30.5;5.0;25.0;55.7;57.0;0;0;0;0;16266.6;11280.08;4986.52;32420.242
2026-06-16T04:30:22.968572+02:00;standby;17.8;30.5;5.0;25.0;55.7;57.0;0;0;0;0;16266.6;11280.08;4986.52;32420.242
2026-06-16T04:31:23.573633+02:00;standby;17.8;30.4;5.0;25.0;55.7;57.0;0;0;0;0;16266.6;11280.08;4986.52;32420.242
2026-06-16T04:32:24.322828+02:00;standby;17.8;30.4;5.0;25.0;55.7;57.0;0;0;0;0;16266.6;11280.08;4986.52;32420.242
2026-06-16T04:33:24.826095+02:00;standby;17.8;30.4;5.0;25.0;55.6;57.0;0;0;0;0;16266.6;11280.08;4986.52;32420.242
2026-06-16T04:34:25.348823+02:00;standby;17.8;30.4;5.0;25.0;55.6;57.0;0;0;0;0;16266.6;11280.08;4986.52;32420.242
2026-06-16T04:35:25.880216+02:00;standby;17.8;30.4;5.0;25.0;55.6;57.0;0;0;0;0;16266.6;11280.08;4986.52;32420.242
2026-06-16T04:36:26.391656+02:00;standby;17.8;30.4;5.0;25.0;55.6;57.0;0;0;0;0;16266.6;11280.08;4986.52;32420.242
2026-06-16T04:37:26.982952+02:00;standby;17.8;30.2;5.0;25.0;55.6;57.0;0;0;0;0;16266.6;11280.08;4986.52;32420.242
2026-06-16T04:38:27.501953+02:00;standby;17.8;30.2;5.0;25.0;55.6;57.0;0;0;0;0;16266.6;11280.08;4986.52;32420.242
2026-06-16T04:39:28.026764+02:00;standby;17.8;30.2;5.0;25.0;55.6;57.0;0;0;0;0;16266.6;11280.08;4986.52;32420.242
2026-06-16T04:40:28.546463+02:00;standby;17.8;30.2;5.0;25.0;55.6;57.0;0;0;0;0;16266.6;11280.08;4986.52;32420.242
2026-06-16T04:41:29.077607+02:00;standby;17.8;30.2;5.0;25.0;55.6;57.0;0;0;0;0;16266.6;11280.08;4986.52;32420.242
2026-06-16T04:42:29.707722+02:00;standby;17.8;30.2;5.0;25.0;55.6;57.0;0;0;0;0;16266.6;11280.08;4986.52;32420.242
2026-06-16T04:43:30.294925+02:00;standby;17.8;30.1;5.0;25.0;55.6;57.0;0;0;0;0;16266.6;11280.08;4986.52;32420.242
2026-06-16T04:44:30.827985+02:00;standby;17.8;30.1;5.0;25.0;55.6;57.0;0;0;0;0;16266.6;11280.08;4986.52;32420.242
2026-06-16T04:45:31.401934+02:00;standby;17.8;30.1;5.0;25.0;55.5;57.0;0;0;0;0;16266.6;11280.08;4986.52;32420.242
2026-06-16T04:46:31.986835+02:00;standby;17.8;30.1;5.0;25.0;55.5;57.0;0;0;0;0;16266.6;11280.08;4986.52;32420.242
2026-06-16T04:47:32.660241+02:00;standby;17.8;30.1;5.0;25.0;55.5;57.0;0;0;0;0;16266.6;11280.08;4986.52;32420.242
2026-06-16T04:48:33.346903+02:00;standby;17.8;30.1;5.0;25.0;55.5;57.0;0;0;0;0;16266.6;11280.08;4986.52;32420.242
2026-06-16T04:49:34.046271+02:00;standby;17.8;30.1;5.0;25.0;55.5;57.0;0;0;0;0;16266.6;11280.08;4986.52;32420.242
2026-06-16T04:50:34.651727+02:00;standby;17.8;30.0;5.0;25.0;55.5;57.0;0;0;0;0;16266.6;11280.08;4986.52;32420.242
2026-06-16T04:51:35.388994+02:00;standby;17.8;30.0;5.0;25.0;55.5;57.0;0;0;0;0;16266.6;11280.08;4986.52;32420.242
2026-06-16T04:52:35.916248+02:00;standby;17.8;30.0;5.0;25.0;55.5;57.0;0;0;0;0;16266.6;11280.08;4986.52;32420.242
2026-06-16T04:53:36.441701+02:00;standby;17.8;30.0;5.0;25.0;55.5;57.0;0;0;0;0;16266.6;11280.08;4986.52;32420.242
2026-06-16T04:54:37.061744+02:00;standby;17.8;30.0;5.0;25.0;55.5;57.0;0;0;0;0;16266.6;11280.08;4986.52;32420.242
2026-06-16T04:55:37.615108+02:00;standby;17.8;30.0;5.0;25.0;55.5;57.0;0;0;0;0;16266.6;11280.08;4986.52;32420.242
2026-06-16T04:56:38.192553+02:00;standby;17.8;30.0;5.0;25.0;55.4;57.0;0;0;0;0;16266.6;11280.08;4986.52;32420.242
2026-06-16T04:57:38.796832+02:00;standby;17.8;29.9;5.0;25.0;55.4;57.0;0;0;0;0;16266.6;11280.08;4986.52;32420.242
2026-06-16T04:58:39.834221+02:00;standby;17.8;29.9;5.0;25.0;55.4;57.0;0;0;0;0;16266.6;11280.08;4986.52;32420.242
2026-06-16T04:59:40.447900+02:00;standby;17.8;29.9;5.0;25.0;55.4;57.0;0;0;0;0;16266.6;11280.08;4986.52;32420.242
2026-06-16T05:00:41.073016+02:00;standby;17.8;29.9;5.0;25.0;55.4;57.0;0;0;0;0;16266.6;11280.08;4986.52;32420.242
2026-06-16T05:01:41.807002+02:00;standby;17.8;29.9;5.0;25.0;55.4;57.0;0;0;0;0;16266.6;11280.08;4986.52;32420.242
2026-06-16T05:02:42.480285+02:00;standby;17.8;29.9;5.0;25.0;55.4;57.0;0;0;0;0;16266.6;11280.08;4986.52;32420.242
2026-06-16T05:03:42.999647+02:00;standby;17.8;29.9;5.0;25.0;55.4;57.0;0;0;0;0;16266.6;11280.08;4986.52;32420.242
2026-06-16T05:04:43.556608+02:00;standby;17.8;29.9;5.0;25.0;55.4;57.0;0;0;0;0;16266.6;11280.08;4986.52;32420.242
2026-06-16T05:05:44.517937+02:00;standby;17.8;29.9;5.0;25.0;55.4;57.0;0;0;0;0;16266.6;11280.08;4986.52;32420.242
2026-06-16T05:06:45.322545+02:00;standby;17.8;29.7;5.0;25.0;55.4;57.0;0;0;0;0;16266.6;11280.08;4986.52;32420.242
2026-06-16T05:07:45.856074+02:00;standby;17.8;29.7;5.0;25.0;55.4;57.0;0;0;0;0;16266.6;11280.08;4986.52;32420.242
2026-06-16T05:08:46.378791+02:00;standby;17.8;29.7;5.0;25.0;55.3;57.0;0;0;0;0;16266.6;11280.08;4986.52;32420.242
2026-06-16T05:09:47.343913+02:00;standby;17.8;29.7;5.0;25.0;55.3;57.0;0;0;0;0;16266.6;11280.08;4986.52;32420.242
2026-06-16T05:10:48.521287+02:00;standby;17.8;29.7;5.0;25.0;55.3;57.0;0;0;0;0;16266.6;11280.08;4986.52;32420.242
2026-06-16T05:11:49.055008+02:00;standby;17.8;29.7;5.0;25.0;55.3;57.0;0;0;0;0;16266.6;11280.08;4986.52;32420.242
2026-06-16T05:12:49.581957+02:00;standby;17.9;29.6;5.0;25.0;55.3;57.0;0;0;0;0;16266.6;11280.08;4986.52;32420.242
2026-06-16T05:13:50.103863+02:00;standby;17.9;29.6;5.0;25.0;55.3;57.0;0;0;0;0;16266.6;11280.08;4986.52;32420.242
2026-06-16T05:14:50.627169+02:00;standby;17.9;29.6;5.0;25.0;55.3;57.0;0;0;0;0;16266.6;11280.08;4986.52;32420.242
2026-06-16T05:15:51.151032+02:00;standby;17.9;29.6;5.0;25.0;55.3;57.0;0;0;0;0;16266.6;11280.08;4986.52;32420.242
2026-06-16T05:16:51.751250+02:00;standby;17.9;29.6;5.0;25.0;55.3;57.0;0;0;0;0;16266.6;11280.08;4986.52;32420.242
2026-06-16T05:17:52.273922+02:00;standby;17.9;29.6;5.0;25.0;55.3;57.0;0;0;0;0;16266.6;11280.08;4986.52;32420.242
2026-06-16T05:18:52.905841+02:00;standby;17.9;29.6;5.0;25.0;55.3;57.0;0;0;0;0;16266.6;11280.08;4986.52;32420.242
2026-06-16T05:19:53.812556+02:00;standby;17.9;29.6;5.0;25.0;55.2;57.0;0;0;0;0;16266.6;11280.08;4986.52;32420.242
2026-06-16T05:20:54.354581+02:00;standby;17.9;29.6;5.0;25.0;55.2;57.0;0;0;0;0;16266.6;11280.08;4986.52;32420.242
2026-06-16T05:21:54.874365+02:00;standby;17.9;29.4;5.0;25.0;55.2;57.0;0;0;0;0;16266.6;11280.08;4986.52;32420.242
2026-06-16T05:22:55.503588+02:00;standby;17.9;29.4;5.0;25.0;55.2;57.0;0;0;0;0;16266.6;11280.08;4986.52;32420.242
2026-06-16T05:23:56.608607+02:00;standby;17.9;29.4;5.0;25.0;55.2;57.0;0;0;0;0;16266.6;11280.08;4986.52;32420.242
2026-06-16T05:24:57.234988+02:00;standby;17.9;29.4;5.0;25.0;55.2;57.0;0;0;0;0;16266.6;11280.08;4986.52;32420.242
2026-06-16T05:25:57.863075+02:00;standby;17.9;29.4;5.0;25.0;55.2;57.0;0;0;0;0;16266.6;11280.08;4986.52;32420.242
2026-06-16T05:26:58.476038+02:00;standby;17.9;29.4;5.0;25.0;55.2;57.0;0;0;0;0;16266.6;11280.08;4986.52;32420.242
2026-06-16T05:27:59.090936+02:00;standby;17.9;29.4;5.0;25.0;55.2;57.0;0;0;0;0;16266.6;11280.08;4986.52;32420.242
2026-06-16T05:28:59.631561+02:00;standby;17.9;29.4;5.0;25.0;55.2;57.0;0;0;0;0;16266.6;11280.08;4986.52;32420.242
2026-06-16T05:30:00.344017+02:00;standby;17.9;29.3;5.0;25.0;55.2;57.0;0;0;0;0;16266.6;11280.08;4986.52;32420.242
2026-06-16T05:31:00.882831+02:00;standby;17.9;29.3;5.0;32.0;55.2;57.0;0;0;0;0;16266.6;11280.08;4986.52;32420.242
2026-06-16T05:32:01.379069+02:00;standby;17.9;29.3;5.0;32.0;55.1;57.0;0;0;0;0;16266.6;11280.08;4986.52;32420.242
2026-06-16T05:33:01.928908+02:00;standby;17.9;29.3;5.0;32.0;55.1;57.0;0;0;0;0;16266.6;11280.08;4986.52;32420.242
2026-06-16T05:34:02.620122+02:00;standby;17.9;29.3;5.0;32.0;55.1;57.0;0;0;0;0;16266.6;11280.08;4986.52;32420.242
2026-06-16T05:35:03.151042+02:00;standby;17.9;29.3;5.0;32.0;55.1;57.0;0;0;0;0;16266.6;11280.08;4986.52;32420.242
2026-06-16T05:36:03.669818+02:00;standby;17.9;29.3;5.0;32.0;55.1;57.0;0;0;0;0;16266.6;11280.08;4986.52;32420.242
2026-06-16T05:37:04.207776+02:00;standby;17.9;29.2;5.0;32.0;55.1;57.0;0;0;0;0;16266.6;11280.08;4986.52;32420.242
2026-06-16T05:38:05.402112+02:00;standby;17.9;29.2;5.0;32.0;55.1;57.0;0;0;0;0;16266.6;11280.08;4986.52;32420.242
2026-06-16T05:39:06.062860+02:00;standby;17.9;29.2;5.0;32.0;55.1;57.0;0;0;0;0;16266.6;11280.08;4986.52;32420.242
2026-06-16T05:40:06.666262+02:00;standby;17.9;29.2;5.0;32.0;55.1;57.0;0;0;0;0;16266.6;11280.08;4986.52;32420.242
2026-06-16T05:41:07.198363+02:00;standby;17.9;29.2;5.0;32.0;55.1;57.0;0;0;0;0;16266.6;11280.08;4986.52;32420.242
2026-06-16T05:42:07.802735+02:00;standby;17.9;29.2;5.0;32.0;55.1;57.0;0;0;0;0;16266.6;11280.08;4986.52;32420.242
2026-06-16T05:43:08.442152+02:00;standby;17.9;29.2;5.0;32.0;55.1;57.0;0;0;0;0;16266.6;11280.08;4986.52;32420.242
2026-06-16T05:44:08.926856+02:00;standby;17.9;29.2;5.0;32.0;55.1;57.0;0;0;0;0;16266.6;11280.08;4986.52;32420.242
2026-06-16T05:45:09.595915+02:00;standby;17.9;29.2;5.0;32.0;54.9;57.0;0;0;0;0;16266.6;11280.08;4986.52;32420.242
2026-06-16T05:46:10.180295+02:00;standby;17.9;29.2;5.0;32.0;54.9;57.0;0;0;0;0;16266.6;11280.08;4986.52;32420.242
2026-06-16T05:47:10.707782+02:00;standby;17.9;29.0;5.0;32.0;54.9;57.0;0;0;0;0;16266.6;11280.08;4986.52;32420.242
2026-06-16T05:48:11.249346+02:00;standby;17.9;29.0;5.0;32.0;54.9;57.0;0;0;0;0;16266.6;11280.08;4986.52;32420.242
2026-06-16T05:49:11.764814+02:00;standby;17.9;29.0;5.0;32.0;54.9;57.0;0;0;0;0;16266.6;11280.08;4986.52;32420.242
2026-06-16T05:50:12.354977+02:00;standby;17.9;29.0;5.0;32.0;54.9;57.0;0;0;0;0;16266.6;11280.08;4986.52;32420.242
2026-06-16T05:51:13.391439+02:00;standby;17.9;29.0;5.0;32.0;54.9;57.0;0;0;0;0;16266.6;11280.08;4986.52;32420.242
2026-06-16T05:52:14.017814+02:00;standby;17.9;29.0;5.0;32.0;54.9;57.0;0;0;0;0;16266.6;11280.08;4986.52;32420.242
2026-06-16T05:53:14.635057+02:00;standby;17.9;29.0;5.0;32.0;54.9;57.0;0;0;0;0;16266.6;11280.08;4986.52;32420.242
2026-06-16T05:54:15.283095+02:00;standby;17.9;29.0;5.0;32.0;54.9;57.0;0;0;0;0;16266.6;11280.08;4986.52;32420.242
2026-06-16T05:55:15.909049+02:00;standby;17.9;29.0;5.0;32.0;54.9;57.0;0;0;0;0;16266.6;11280.08;4986.52;32420.242
2026-06-16T05:56:16.510706+02:00;standby;17.9;28.9;5.0;32.0;54.8;57.0;0;0;0;0;16266.6;11280.08;4986.52;32420.242
2026-06-16T05:57:17.123348+02:00;standby;17.9;28.9;5.0;32.0;54.8;57.0;0;0;0;0;16266.6;11280.08;4986.52;32420.242
2026-06-16T05:58:17.751379+02:00;standby;17.9;28.9;5.0;32.0;54.8;57.0;0;0;0;0;16266.6;11280.08;4986.52;32420.242
2026-06-16T05:59:18.290661+02:00;standby;17.9;28.9;5.0;32.0;54.8;57.0;0;0;0;0;16266.6;11280.08;4986.52;32420.242
2026-06-16T06:00:18.895825+02:00;standby;17.9;28.9;5.0;32.0;54.8;57.0;0;0;0;0;16266.6;11280.08;4986.52;32420.242
2026-06-16T06:01:19.448114+02:00;standby;17.9;28.9;5.0;32.0;54.8;57.0;0;0;0;0;16266.6;11280.08;4986.52;32420.242
2026-06-16T06:02:19.951787+02:00;standby;17.9;28.9;5.0;32.0;54.8;57.0;0;0;0;0;16266.6;11280.08;4986.52;32420.242
2026-06-16T06:03:20.556411+02:00;standby;17.9;28.9;5.0;32.0;54.8;57.0;0;0;0;0;16266.6;11280.08;4986.52;32420.242
2026-06-16T06:04:21.099474+02:00;standby;17.9;28.9;5.0;32.0;54.8;57.0;0;0;0;0;16266.6;11280.08;4986.52;32420.242
2026-06-16T06:05:21.695817+02:00;standby;17.9;28.7;5.0;32.0;54.8;57.0;0;0;0;0;16266.6;11280.08;4986.52;32420.242
2026-06-16T06:06:22.350587+02:00;standby;17.9;28.7;5.0;32.0;54.8;57.0;0;0;0;0;16266.6;11280.08;4986.52;32420.242
2026-06-16T06:07:22.954945+02:00;standby;17.9;28.7;5.0;32.0;54.8;57.0;0;0;0;0;16266.6;11280.08;4986.52;32420.242
2026-06-16T06:08:23.560142+02:00;standby;17.9;28.7;5.0;32.0;54.8;57.0;0;0;0;0;16266.6;11280.08;4986.52;32420.242
2026-06-16T06:09:24.207438+02:00;standby;17.9;28.7;5.0;32.0;54.7;57.0;0;0;0;0;16266.6;11280.08;4986.52;32420.242
2026-06-16T06:10:24.731981+02:00;standby;17.9;28.7;5.0;31.0;54.7;57.0;0;0;0;0;16266.6;11280.08;4986.52;32420.242
2026-06-16T06:11:25.352632+02:00;standby;17.9;28.7;5.0;31.0;54.7;57.0;0;0;0;0;16266.6;11280.08;4986.52;32420.242
2026-06-16T06:12:26.180349+02:00;standby;17.9;28.7;5.0;31.0;54.7;57.0;0;0;0;0;16266.6;11280.08;4986.52;32420.242
2026-06-16T06:13:27.384837+02:00;standby;18.5;28.7;5.0;31.0;54.7;57.0;0;0;0;0;16266.6;11280.08;4986.52;32420.242
2026-06-16T06:14:27.931646+02:00;standby;18.5;28.7;5.0;31.0;54.7;57.0;0;0;0;0;16266.6;11280.08;4986.52;32420.242
2026-06-16T06:15:28.505392+02:00;standby;18.5;28.6;5.0;31.0;54.7;57.0;0;0;0;0;16266.6;11280.08;4986.52;32420.242
2026-06-16T06:16:29.161848+02:00;standby;18.5;28.6;5.0;31.0;54.7;57.0;0;0;0;0;16266.6;11280.08;4986.52;32420.242
2026-06-16T06:17:29.704869+02:00;standby;18.5;28.6;5.0;31.0;54.7;57.0;0;0;0;0;16266.6;11280.08;4986.52;32420.242
2026-06-16T06:18:30.292219+02:00;standby;18.5;28.6;5.0;31.0;54.7;57.0;0;0;0;0;16266.6;11280.08;4986.52;32420.242
2026-06-16T06:19:31.111868+02:00;standby;18.5;28.6;5.0;31.0;54.7;57.0;0;0;0;0;16266.6;11280.08;4986.52;32420.242
2026-06-16T06:20:31.624946+02:00;standby;18.5;28.6;5.0;31.0;54.6;57.0;0;0;0;0;16266.6;11280.08;4986.52;32420.242
2026-06-16T06:21:32.179797+02:00;standby;18.5;28.6;5.0;31.0;54.6;57.0;0;0;0;0;16266.6;11280.08;4986.52;32420.242
2026-06-16T06:22:33.000505+02:00;standby;18.5;28.6;5.0;31.0;54.6;57.0;0;0;0;0;16266.6;11280.08;4986.52;32420.242
2026-06-16T06:23:33.721438+02:00;standby;18.5;28.6;5.0;31.0;54.6;57.0;0;0;0;0;16266.6;11280.08;4986.52;32420.242
2026-06-16T06:24:34.343390+02:00;standby;18.5;28.6;5.0;31.0;54.6;57.0;0;0;0;0;16266.6;11280.08;4986.52;32420.242
2026-06-16T06:25:35.048146+02:00;standby;18.5;28.6;5.0;31.0;54.6;57.0;0;0;0;0;16266.6;11280.08;4986.52;32420.242
2026-06-16T06:26:35.602813+02:00;standby;18.5;28.5;5.0;31.0;54.6;57.0;0;0;0;0;16266.6;11280.08;4986.52;32420.242
2026-06-16T06:27:36.407073+02:00;standby;18.5;28.5;5.0;31.0;54.6;57.0;0;0;0;0;16266.6;11280.08;4986.52;32420.242
2026-06-16T06:28:36.939063+02:00;standby;18.5;28.5;5.0;31.0;54.6;57.0;0;0;0;0;16266.6;11280.08;4986.52;32420.242
2026-06-16T06:29:37.733873+02:00;standby;18.5;28.5;5.0;31.0;54.6;57.0;0;0;0;0;16266.6;11280.08;4986.52;32420.242
2026-06-16T06:30:38.498975+02:00;standby;18.5;28.5;5.0;31.0;54.6;57.0;0;0;0;0;16266.6;11280.08;4986.52;32420.242
2026-06-16T06:31:39.085995+02:00;standby;18.5;28.5;5.0;31.0;54.5;57.0;0;0;0;0;16266.6;11280.08;4986.52;32420.242
2026-06-16T06:32:39.627004+02:00;standby;18.5;28.5;5.0;31.0;54.5;57.0;0;0;0;0;16266.6;11280.08;4986.52;32420.242
2026-06-16T06:33:40.216994+02:00;standby;18.5;28.5;5.0;31.0;54.5;57.0;0;0;0;0;16266.6;11280.08;4986.52;32420.242
2026-06-16T06:34:41.058528+02:00;standby;18.5;28.5;5.0;31.0;54.5;57.0;0;0;0;0;16266.6;11280.08;4986.52;32420.242
2026-06-16T06:35:41.690380+02:00;standby;18.5;28.5;5.0;31.0;54.5;57.0;0;0;0;0;16266.6;11280.08;4986.52;32420.242
2026-06-16T06:36:42.313277+02:00;standby;18.5;28.5;5.0;31.0;54.5;57.0;0;0;0;0;16266.6;11280.08;4986.52;32420.242
2026-06-16T06:37:42.907757+02:00;standby;18.5;28.3;5.0;31.0;54.5;57.0;0;0;0;0;16266.6;11280.08;4986.52;32420.242
2026-06-16T06:38:43.678079+02:00;standby;18.5;28.5;5.0;31.0;54.5;57.0;0;0;0;0;16266.6;11280.08;4986.52;32420.242
2026-06-16T06:39:44.193567+02:00;standby;18.5;28.3;5.0;31.0;54.5;57.0;0;0;0;0;16266.6;11280.08;4986.52;32420.242
2026-06-16T06:40:44.700169+02:00;standby;18.5;28.3;5.0;31.0;54.5;57.0;0;0;0;0;16266.6;11280.08;4986.52;32420.242
2026-06-16T06:41:45.227129+02:00;standby;18.5;28.3;5.0;31.0;54.5;57.0;0;0;0;0;16266.6;11280.08;4986.52;32420.242
2026-06-16T06:42:45.752115+02:00;standby;18.5;28.3;5.0;31.0;54.5;57.0;0;0;0;0;16266.6;11280.08;4986.52;32420.242
2026-06-16T06:43:46.255392+02:00;standby;18.5;28.3;5.0;31.0;54.5;57.0;0;0;0;0;16266.6;11280.08;4986.52;32420.242
2026-06-16T06:44:46.794012+02:00;standby;18.5;28.3;5.0;31.0;54.4;57.0;0;0;0;0;16266.6;11280.08;4986.52;32420.242
2026-06-16T06:45:47.898084+02:00;standby;18.5;28.3;5.0;31.0;54.4;57.0;0;0;0;0;16266.6;11280.08;4986.52;32420.242
2026-06-16T06:46:48.433222+02:00;standby;18.5;28.3;5.0;31.0;54.4;57.0;0;0;0;0;16266.6;11280.08;4986.52;32420.242
2026-06-16T06:47:49.878459+02:00;standby;18.5;28.3;5.0;31.0;54.4;57.0;0;0;0;0;16266.6;11280.08;4986.52;32420.242
2026-06-16T06:48:50.393982+02:00;standby;18.5;28.3;5.0;31.0;54.4;57.0;0;0;0;0;16266.6;11280.08;4986.52;32420.242
2026-06-16T06:49:50.915610+02:00;standby;18.5;28.3;5.0;31.0;54.4;57.0;0;0;0;0;16266.6;11280.08;4986.52;32420.242
2026-06-16T06:50:51.608314+02:00;standby;18.5;28.2;5.0;31.0;54.4;57.0;0;0;0;0;16266.6;11280.08;4986.52;32420.242
2026-06-16T06:51:52.175611+02:00;standby;18.5;28.2;5.0;31.0;54.4;57.0;0;0;0;0;16266.6;11280.08;4986.52;32420.242
2026-06-16T06:52:53.173440+02:00;standby;18.5;28.2;5.0;31.0;54.4;57.0;0;0;0;0;16266.6;11280.08;4986.52;32420.242
2026-06-16T06:53:53.778627+02:00;standby;18.5;28.2;5.0;30.0;54.4;57.0;0;0;0;0;16266.6;11280.08;4986.52;32420.242
2026-06-16T06:54:54.324250+02:00;standby;18.5;28.2;5.0;30.0;54.4;57.0;0;0;0;0;16266.6;11280.08;4986.52;32420.242
2026-06-16T06:55:54.921334+02:00;standby;18.5;28.2;5.0;30.0;54.4;57.0;0;0;0;0;16266.6;11280.08;4986.52;32420.242
2026-06-16T06:56:55.462141+02:00;standby;18.5;28.2;5.0;30.0;54.3;57.0;0;0;0;0;16266.6;11280.08;4986.52;32420.242
2026-06-16T06:57:55.980888+02:00;standby;18.5;28.2;5.0;30.0;54.3;57.0;0;0;0;0;16266.6;11280.08;4986.52;32420.242
2026-06-16T06:58:56.592199+02:00;standby;18.5;28.2;5.0;30.0;54.3;57.0;0;0;0;0;16266.6;11280.08;4986.52;32420.242
2026-06-16T06:59:57.254795+02:00;standby;18.5;28.2;5.0;30.0;54.3;57.0;0;0;0;0;16266.6;11280.08;4986.52;32420.242
2026-06-16T07:00:57.817266+02:00;standby;18.5;28.2;5.0;30.0;54.3;57.0;0;0;0;0;16266.6;11280.08;4986.52;32420.242
2026-06-16T07:01:58.372479+02:00;standby;18.5;28.0;5.0;30.0;54.3;57.0;0;0;0;0;16266.6;11280.08;4986.52;32420.242
2026-06-16T07:02:58.901321+02:00;standby;18.5;28.2;5.0;30.0;54.3;57.0;0;0;0;0;16266.6;11280.08;4986.52;32420.242
2026-06-16T07:03:59.521369+02:00;standby;18.5;28.0;5.0;30.0;54.3;57.0;0;0;0;0;16266.6;11280.08;4986.52;32420.242
2026-06-16T07:05:00.140123+02:00;standby;18.5;28.0;5.0;30.0;54.3;57.0;0;0;0;0;16266.6;11280.08;4986.52;32420.242
2026-06-16T07:06:00.670544+02:00;standby;18.5;28.0;5.0;30.0;54.3;57.0;0;0;0;0;16266.6;11280.08;4986.52;32420.242
2026-06-16T07:07:01.297432+02:00;standby;18.5;28.0;5.0;30.0;54.3;57.0;0;0;0;0;16266.6;11280.08;4986.52;32420.242
2026-06-16T07:08:01.817798+02:00;standby;18.5;28.0;5.0;30.0;54.3;57.0;0;0;0;0;16266.6;11280.08;4986.52;32420.242
2026-06-16T07:09:02.322939+02:00;standby;18.5;28.0;5.0;30.0;54.2;57.0;0;0;0;0;16266.6;11280.08;4986.52;32420.242
2026-06-16T07:10:02.825976+02:00;standby;18.5;28.0;5.0;30.0;54.2;57.0;0;0;0;0;16266.6;11280.08;4986.52;32420.242
2026-06-16T07:11:03.452419+02:00;standby;18.5;28.0;5.0;30.0;54.2;57.0;0;0;0;0;16266.6;11280.08;4986.52;32420.242
2026-06-16T07:12:04.444511+02:00;standby;18.5;28.0;5.0;30.0;54.2;57.0;0;0;0;0;16266.6;11280.08;4986.52;32420.242
2026-06-16T07:13:04.992252+02:00;standby;18.5;28.0;5.0;30.0;54.2;57.0;0;0;0;0;16266.6;11280.08;4986.52;32420.242
2026-06-16T07:14:05.538306+02:00;standby;20.0;28.0;5.0;30.0;54.2;57.0;0;0;0;0;16266.6;11280.08;4986.52;32420.242
2026-06-16T07:15:06.037221+02:00;standby;20.0;27.9;5.0;30.0;54.2;57.0;0;0;0;0;16266.6;11280.08;4986.52;32420.242
2026-06-16T07:16:06.634046+02:00;standby;20.0;27.9;5.0;30.0;54.2;57.0;0;0;0;0;16266.6;11280.08;4986.52;32420.242
2026-06-16T07:17:07.177091+02:00;standby;20.0;27.9;5.0;30.0;54.2;57.0;0;0;0;0;16266.6;11280.08;4986.52;32420.242
2026-06-16T07:18:08.430147+02:00;standby;20.0;27.9;5.0;30.0;54.2;57.0;0;0;0;0;16266.6;11280.08;4986.52;32420.242
2026-06-16T07:19:09.145217+02:00;standby;20.0;27.9;5.0;30.0;54.1;57.0;0;0;0;0;16266.6;11280.08;4986.52;32420.242
2026-06-16T07:20:09.747285+02:00;standby;20.0;27.9;5.0;30.0;54.1;57.0;0;0;0;0;16266.6;11280.08;4986.52;32420.242
2026-06-16T07:21:10.381425+02:00;standby;20.0;27.9;5.0;30.0;54.1;57.0;0;0;0;0;16266.6;11280.08;4986.52;32420.242
2026-06-16T07:22:10.915893+02:00;standby;20.0;27.9;5.0;30.0;54.1;57.0;0;0;0;0;16266.6;11280.08;4986.52;32420.242
2026-06-16T07:23:11.439774+02:00;standby;20.0;27.9;5.0;30.0;54.1;57.0;0;0;0;0;16266.6;11280.08;4986.52;32420.242
2026-06-16T07:24:11.960858+02:00;standby;20.0;27.9;5.0;30.0;54.1;57.0;0;0;0;0;16266.6;11280.08;4986.52;32420.242
2026-06-16T07:25:12.852100+02:00;standby;20.0;27.9;5.0;30.0;54.1;57.0;0;0;0;0;16266.6;11280.08;4986.52;32420.242
2026-06-16T07:26:13.473151+02:00;standby;20.0;27.9;5.0;30.0;54.1;57.0;0;0;0;0;16266.6;11280.08;4986.52;32420.242
2026-06-16T07:27:14.021613+02:00;standby;20.0;27.9;5.0;30.0;54.0;57.0;0;0;0;0;16266.6;11280.08;4986.52;32420.242
2026-06-16T07:28:14.620376+02:00;standby;20.0;27.9;5.0;30.0;54.0;57.0;0;0;0;0;16266.6;11280.08;4986.52;32420.242
2026-06-16T07:29:15.243775+02:00;standby;20.0;27.7;5.0;30.0;54.0;57.0;0;0;0;0;16266.6;11280.08;4986.52;32420.242
2026-06-16T07:30:15.785863+02:00;standby;20.0;27.7;5.0;30.0;54.0;57.0;0;0;0;0;16266.6;11280.08;4986.52;32420.242
2026-06-16T07:31:16.272048+02:00;standby;20.0;27.7;5.0;30.0;54.0;57.0;0;0;0;0;16266.6;11280.08;4986.52;32420.242
2026-06-16T07:32:17.131216+02:00;standby;20.0;27.7;5.0;30.0;54.0;57.0;0;0;0;0;16266.6;11280.08;4986.52;32420.242
2026-06-16T07:33:17.650644+02:00;standby;20.0;27.7;5.0;30.0;53.9;57.0;0;0;0;0;16266.6;11280.08;4986.52;32420.242
2026-06-16T07:34:18.161239+02:00;standby;20.0;27.7;5.0;29.0;53.9;57.0;0;0;0;0;16266.6;11280.08;4986.52;32420.242
2026-06-16T07:35:18.682784+02:00;standby;20.0;27.7;5.0;29.0;53.9;57.0;0;0;0;0;16266.6;11280.08;4986.52;32420.242
2026-06-16T07:36:19.217201+02:00;standby;20.0;27.7;5.0;29.0;53.9;57.0;0;0;0;0;16266.6;11280.08;4986.52;32420.242
2026-06-16T07:37:19.728909+02:00;standby;20.0;27.7;5.0;29.0;53.9;57.0;0;0;0;0;16266.6;11280.08;4986.52;32420.242
2026-06-16T07:38:20.246246+02:00;standby;20.0;27.7;5.0;29.0;53.8;57.0;0;0;0;0;16266.6;11280.08;4986.52;32420.242
2026-06-16T07:39:20.826374+02:00;standby;20.0;27.7;5.0;29.0;53.8;57.0;0;0;0;0;16266.6;11280.08;4986.52;32420.242
2026-06-16T07:40:21.373088+02:00;standby;20.0;27.7;5.0;29.0;53.8;57.0;0;0;0;0;16266.6;11280.08;4986.52;32420.242
2026-06-16T07:41:21.973797+02:00;standby;20.0;27.7;5.0;29.0;53.8;57.0;0;0;0;0;16266.6;11280.08;4986.52;32420.242
2026-06-16T07:42:22.600873+02:00;standby;20.0;27.7;5.0;29.0;53.8;57.0;0;0;0;0;16266.6;11280.08;4986.52;32420.242
2026-06-16T07:43:23.137252+02:00;standby;20.0;27.7;5.0;29.0;53.8;57.0;0;0;0;0;16266.6;11280.08;4986.52;32420.242
2026-06-16T07:44:24.251614+02:00;standby;20.0;27.7;5.0;29.0;53.7;57.0;0;0;0;0;16266.6;11280.08;4986.52;32420.242
2026-06-16T07:45:24.894074+02:00;standby;20.0;27.6;5.0;29.0;53.7;57.0;0;0;0;0;16266.6;11280.08;4986.52;32420.242
2026-06-16T07:46:25.499814+02:00;standby;20.0;27.6;5.0;29.0;53.7;57.0;0;0;0;0;16266.6;11280.08;4986.52;32420.242
2026-06-16T07:47:30.154691+02:00;standby;20.0;27.6;5.0;29.0;53.7;57.0;0;0;0;0;16266.6;11280.08;4986.52;32420.242
2026-06-16T07:48:30.661029+02:00;standby;20.0;27.6;5.0;29.0;53.7;57.0;0;0;0;0;16266.6;11280.08;4986.52;32420.242
2026-06-16T07:49:31.288287+02:00;standby;20.0;27.6;5.0;29.0;53.7;57.0;0;0;0;0;16266.6;11280.08;4986.52;32420.242
2026-06-16T07:50:31.808975+02:00;standby;20.0;27.6;5.0;29.0;53.7;57.0;0;0;0;0;16266.6;11280.08;4986.52;32420.242
2026-06-16T07:51:32.413230+02:00;standby;20.0;27.6;5.0;29.0;53.7;57.0;0;0;0;0;16266.6;11280.08;4986.52;32420.242
2026-06-16T07:52:32.946367+02:00;standby;20.0;27.6;5.0;29.0;53.7;57.0;0;0;0;0;16266.6;11280.08;4986.52;32420.242
2026-06-16T07:53:33.465182+02:00;standby;20.0;27.6;5.0;29.0;53.7;57.0;0;0;0;0;16266.6;11280.08;4986.52;32420.242
2026-06-16T07:54:34.058289+02:00;standby;20.0;27.6;5.0;29.0;53.7;57.0;0;0;0;0;16266.6;11280.08;4986.52;32420.242
2026-06-16T07:55:34.561921+02:00;standby;20.0;27.6;5.0;29.0;53.6;57.0;0;0;0;0;16266.6;11280.08;4986.52;32420.242
2026-06-16T07:56:35.100663+02:00;standby;20.0;27.6;5.0;29.0;53.6;57.0;0;0;0;0;16266.6;11280.08;4986.52;32420.242
2026-06-16T07:57:35.929925+02:00;standby;20.0;27.6;5.0;28.0;53.6;57.0;0;0;0;0;16266.6;11280.08;4986.52;32420.242
2026-06-16T07:58:36.459915+02:00;standby;20.0;27.6;5.0;28.0;53.6;57.0;0;0;0;0;16266.6;11280.08;4986.52;32420.242
2026-06-16T07:59:36.976895+02:00;standby;20.0;27.5;5.0;28.0;53.6;57.0;0;0;0;0;16266.6;11280.08;4986.52;32420.242
2026-06-16T08:00:37.584599+02:00;standby;20.0;27.6;5.0;28.0;53.6;57.0;0;0;0;0;16266.6;11280.08;4986.52;32420.242
2026-06-16T08:01:38.111363+02:00;standby;20.0;27.5;5.0;28.0;53.6;57.0;0;0;0;0;16266.6;11280.08;4986.52;32420.242
2026-06-16T08:02:38.705257+02:00;standby;20.0;27.5;5.0;28.0;53.6;57.0;0;0;0;0;16266.6;11280.08;4986.52;32420.242
2026-06-16T08:03:39.241289+02:00;standby;20.0;27.5;5.0;28.0;53.6;57.0;0;0;0;0;16266.6;11280.08;4986.52;32420.242
2026-06-16T08:04:40.174707+02:00;standby;20.0;27.5;5.0;28.0;53.6;57.0;0;0;0;0;16266.6;11280.08;4986.52;32420.242
2026-06-16T08:05:40.782457+02:00;standby;20.0;27.5;5.0;28.0;53.5;57.0;0;0;0;0;16266.6;11280.08;4986.52;32420.242
2026-06-16T08:06:41.404910+02:00;standby;20.0;27.5;5.0;28.0;53.5;57.0;0;0;0;0;16266.6;11280.08;4986.52;32420.242
2026-06-16T08:07:42.023060+02:00;standby;20.0;27.5;5.0;28.0;53.5;57.0;0;0;0;0;16266.6;11280.08;4986.52;32420.242
2026-06-16T08:08:42.587413+02:00;standby;20.0;27.5;5.0;28.0;53.5;57.0;0;0;0;0;16266.6;11280.08;4986.52;32420.242
2026-06-16T08:09:43.094278+02:00;standby;20.0;27.5;5.0;28.0;53.5;57.0;0;0;0;0;16266.6;11280.08;4986.52;32420.242
2026-06-16T08:10:43.690874+02:00;standby;20.0;27.5;5.0;28.0;53.5;57.0;0;0;0;0;16266.6;11280.08;4986.52;32420.242
2026-06-16T08:11:44.314882+02:00;standby;20.0;27.5;5.0;28.0;53.5;57.0;0;0;0;0;16266.6;11280.08;4986.52;32420.242
2026-06-16T08:12:44.871346+02:00;standby;20.0;27.5;5.0;28.0;53.5;57.0;0;0;0;0;16266.6;11280.08;4986.52;32420.242
2026-06-16T08:13:45.553095+02:00;standby;20.0;27.5;5.0;28.0;53.5;57.0;0;0;0;0;16266.6;11280.08;4986.52;32420.242
2026-06-16T08:14:46.096724+02:00;standby;22.5;27.5;5.0;28.0;53.5;57.0;0;0;0;0;16266.6;11280.08;4986.52;32420.242
2026-06-16T08:15:46.626631+02:00;standby;22.5;27.3;5.0;28.0;53.5;57.0;0;0;0;0;16266.6;11280.08;4986.52;32420.242
2026-06-16T08:16:47.617393+02:00;standby;22.5;27.5;5.0;28.0;53.5;57.0;0;0;0;0;16266.6;11280.08;4986.52;32420.242
2026-06-16T08:17:48.147025+02:00;standby;22.5;27.3;5.0;28.0;53.4;57.0;0;0;0;0;16266.6;11280.08;4986.52;32420.242
2026-06-16T08:18:49.106793+02:00;standby;22.5;27.3;5.0;28.0;53.4;57.0;0;0;0;0;16266.6;11280.08;4986.52;32420.242
2026-06-16T08:19:49.697927+02:00;standby;22.5;27.3;5.0;28.0;53.4;57.0;0;0;0;0;16266.6;11280.08;4986.52;32420.242
2026-06-16T08:20:50.313699+02:00;standby;22.5;27.3;5.0;28.0;53.4;57.0;0;0;0;0;16266.6;11280.08;4986.52;32420.242
2026-06-16T08:21:50.846261+02:00;standby;22.5;27.3;5.0;28.0;53.4;57.0;0;0;0;0;16266.6;11280.08;4986.52;32420.242
2026-06-16T08:22:51.399585+02:00;standby;22.5;27.3;5.0;28.0;53.4;57.0;0;0;0;0;16266.6;11280.08;4986.52;32420.242
2026-06-16T08:23:52.102628+02:00;standby;22.5;27.3;5.0;28.0;53.4;57.0;0;0;0;0;16266.6;11280.08;4986.52;32420.242
2026-06-16T08:24:52.705366+02:00;standby;22.5;27.3;5.0;28.0;53.4;57.0;0;0;0;0;16266.6;11280.08;4986.52;32420.242
2026-06-16T08:25:53.359909+02:00;standby;22.5;27.3;5.0;28.0;53.4;57.0;0;0;0;0;16266.6;11280.08;4986.52;32420.242
2026-06-16T08:26:53.912201+02:00;standby;22.5;27.3;5.0;28.0;53.4;57.0;0;0;0;0;16266.6;11280.08;4986.52;32420.242
2026-06-16T08:27:54.465045+02:00;standby;22.5;27.3;5.0;28.0;53.3;57.0;0;0;0;0;16266.6;11280.08;4986.52;32420.242
2026-06-16T08:28:54.979067+02:00;standby;22.5;27.3;5.0;28.0;53.3;57.0;0;0;0;0;16266.6;11280.08;4986.52;32420.242
2026-06-16T08:29:55.840293+02:00;standby;22.5;27.3;5.0;28.0;53.3;57.0;0;0;0;0;16266.6;11280.08;4986.52;32420.242
2026-06-16T08:30:56.422422+02:00;standby;22.5;27.3;5.0;28.0;53.3;57.0;0;0;0;0;16266.6;11280.08;4986.52;32420.242
2026-06-16T08:31:57.053000+02:00;standby;22.5;27.3;5.0;28.0;53.3;57.0;0;0;0;0;16266.6;11280.08;4986.52;32420.242
2026-06-16T08:32:57.610643+02:00;standby;22.5;27.3;5.0;28.0;53.3;57.0;0;0;0;0;16266.6;11280.08;4986.52;32420.242
2026-06-16T08:33:58.115690+02:00;standby;22.5;27.3;5.0;28.0;53.3;57.0;0;0;0;0;16266.6;11280.08;4986.52;32420.242
2026-06-16T08:34:58.656197+02:00;standby;22.5;27.3;5.0;28.0;53.3;57.0;0;0;0;0;16266.6;11280.08;4986.52;32420.242
2026-06-16T08:35:59.237906+02:00;standby;22.5;27.3;5.0;28.0;53.3;57.0;0;0;0;0;16266.6;11280.08;4986.52;32420.242
2026-06-16T08:37:00.098586+02:00;standby;22.5;27.3;5.0;28.0;53.3;57.0;0;0;0;0;16266.6;11280.08;4986.52;32420.242
2026-06-16T08:38:00.779095+02:00;standby;22.5;27.3;5.0;28.0;53.3;57.0;0;0;0;0;16266.6;11280.08;4986.52;32420.242
2026-06-16T08:39:01.320580+02:00;standby;22.5;27.3;5.0;28.0;53.3;57.0;0;0;0;0;16266.6;11280.08;4986.52;32420.242
2026-06-16T08:40:01.834994+02:00;standby;22.5;27.2;5.0;28.0;53.2;57.0;0;0;0;0;16266.6;11280.08;4986.52;32420.242
2026-06-16T08:41:02.937033+02:00;standby;22.5;27.2;5.0;28.0;53.2;57.0;0;0;0;0;16266.6;11280.08;4986.52;32420.242
2026-06-16T08:42:03.490314+02:00;standby;22.5;27.2;5.0;28.0;53.2;57.0;0;0;0;0;16266.6;11280.08;4986.52;32420.242
2026-06-16T08:43:04.013219+02:00;standby;22.5;27.2;5.0;28.0;53.2;57.0;0;0;0;0;16266.6;11280.08;4986.52;32420.242
2026-06-16T08:44:04.533550+02:00;standby;22.5;27.2;5.0;28.0;53.2;57.0;0;0;0;0;16266.6;11280.08;4986.52;32420.242
2026-06-16T08:45:05.094756+02:00;standby;22.5;27.2;5.0;28.0;53.2;57.0;0;0;0;0;16266.6;11280.08;4986.52;32420.242
2026-06-16T08:46:05.743476+02:00;standby;22.5;27.2;5.0;28.0;53.2;57.0;0;0;0;0;16266.6;11280.08;4986.52;32420.242
2026-06-16T08:47:06.303422+02:00;standby;22.5;27.2;5.0;28.0;53.2;57.0;0;0;0;0;16266.6;11280.08;4986.52;32420.242
2026-06-16T08:48:06.901921+02:00;standby;22.5;27.2;5.0;28.0;53.2;57.0;0;0;0;0;16266.6;11280.08;4986.52;32420.242
2026-06-16T08:49:07.447503+02:00;standby;22.5;27.2;5.0;28.0;53.2;57.0;0;0;0;0;16266.6;11280.08;4986.52;32420.242
2026-06-16T08:50:08.148529+02:00;standby;22.5;27.2;5.0;28.0;53.1;57.0;0;0;0;0;16266.6;11280.08;4986.52;32420.242
2026-06-16T08:51:08.784129+02:00;standby;22.5;27.2;5.0;28.0;53.1;57.0;0;0;0;0;16266.6;11280.08;4986.52;32420.242
2026-06-16T08:52:09.508236+02:00;standby;22.5;27.2;5.0;28.0;53.1;57.0;0;0;0;0;16266.6;11280.08;4986.52;32420.242
2026-06-16T08:53:10.639337+02:00;standby;22.5;27.2;5.0;28.0;53.1;57.0;0;0;0;0;16266.6;11280.08;4986.52;32420.242
2026-06-16T08:54:11.382767+02:00;standby;22.5;27.2;5.0;28.0;53.1;57.0;0;0;0;0;16266.6;11280.08;4986.52;32420.242
2026-06-16T08:55:12.104122+02:00;standby;22.5;27.2;5.0;28.0;53.1;57.0;0;0;0;0;16266.6;11280.08;4986.52;32420.242
2026-06-16T08:56:12.689446+02:00;standby;22.5;27.2;5.0;28.0;53.1;57.0;0;0;0;0;16266.6;11280.08;4986.52;32420.242
2026-06-16T08:57:13.310222+02:00;standby;22.5;27.2;5.0;28.0;53.1;57.0;0;0;0;0;16266.6;11280.08;4986.52;32420.242
2026-06-16T08:58:13.894159+02:00;standby;22.5;27.2;5.0;28.0;53.1;57.0;0;0;0;0;16266.6;11280.08;4986.52;32420.242
2026-06-16T08:59:14.465269+02:00;standby;22.5;27.0;5.0;28.0;53.1;57.0;0;0;0;0;16266.6;11280.08;4986.52;32420.242
2026-06-16T09:00:15.085250+02:00;standby;22.5;27.0;5.0;28.0;53.1;57.0;0;0;0;0;16266.6;11280.08;4986.52;32420.242
2026-06-16T09:01:17.053743+02:00;standby;22.5;27.2;5.0;28.0;53.1;57.0;0;0;0;0;16266.6;11280.08;4986.52;32420.242
2026-06-16T09:02:17.583108+02:00;standby;22.5;27.0;5.0;28.0;52.9;57.0;0;0;0;0;16266.6;11280.08;4986.52;32420.242
2026-06-16T09:03:18.393939+02:00;standby;22.5;27.2;5.0;28.0;52.9;57.0;0;0;0;0;16266.6;11280.08;4986.52;32420.242
2026-06-16T09:04:18.924411+02:00;standby;22.5;27.0;5.0;28.0;52.9;57.0;0;0;0;0;16266.6;11280.08;4986.52;32420.242
2026-06-16T09:05:19.577974+02:00;standby;22.5;27.0;5.0;28.0;52.9;57.0;0;0;0;0;16266.6;11280.08;4986.52;32420.242
2026-06-16T09:06:20.172859+02:00;standby;22.5;27.0;5.0;28.0;52.9;57.0;0;0;0;0;16266.6;11280.08;4986.52;32420.242
2026-06-16T09:07:20.777867+02:00;standby;22.5;27.0;5.0;28.0;52.9;57.0;0;0;0;0;16266.6;11280.08;4986.52;32420.242
2026-06-16T09:08:21.401547+02:00;standby;22.5;27.0;5.0;28.0;52.9;57.0;0;0;0;0;16266.6;11280.08;4986.52;32420.242
2026-06-16T09:09:22.005338+02:00;standby;22.5;27.0;5.0;28.0;52.9;57.0;0;0;0;0;16266.6;11280.08;4986.52;32420.242
2026-06-16T09:10:22.540492+02:00;standby;22.5;27.0;5.0;28.0;52.9;57.0;0;0;0;0;16266.6;11280.08;4986.52;32420.242
2026-06-16T09:11:23.053042+02:00;standby;22.5;27.0;5.0;28.0;52.9;57.0;0;0;0;0;16266.6;11280.08;4986.52;32420.242
2026-06-16T09:12:23.591285+02:00;standby;22.5;27.0;5.0;28.0;52.9;57.0;0;0;0;0;16266.6;11280.08;4986.52;32420.242
2026-06-16T09:13:24.184935+02:00;standby;22.5;27.0;5.0;28.0;52.9;57.0;0;0;0;0;16266.6;11280.08;4986.52;32420.242
2026-06-16T09:14:24.729430+02:00;standby;22.5;27.0;5.0;28.0;52.8;57.0;0;0;0;0;16266.6;11280.08;4986.52;32420.242
2026-06-16T09:15:25.251937+02:00;standby;23.4;27.0;5.0;28.0;52.8;57.0;0;0;0;0;16266.6;11280.08;4986.52;32420.242
2026-06-16T09:16:25.840765+02:00;standby;23.4;27.0;5.0;28.0;52.8;57.0;0;0;0;0;16266.6;11280.08;4986.52;32420.242
2026-06-16T09:17:26.482500+02:00;standby;23.4;27.0;5.0;28.0;52.8;57.0;0;0;0;0;16266.6;11280.08;4986.52;32420.242
2026-06-16T09:18:27.009632+02:00;standby;23.4;27.0;5.0;28.0;52.8;57.0;0;0;0;0;16266.6;11280.08;4986.52;32420.242
2026-06-16T09:19:27.527187+02:00;standby;23.4;27.0;5.0;28.0;52.8;57.0;0;0;0;0;16266.6;11280.08;4986.52;32420.242
2026-06-16T09:20:28.022080+02:00;standby;23.4;27.0;5.0;28.0;52.8;57.0;0;0;0;0;16266.6;11280.08;4986.52;32420.242
2026-06-16T09:21:28.642188+02:00;standby;23.4;27.0;5.0;28.0;52.8;57.0;0;0;0;0;16266.6;11280.08;4986.52;32420.242
2026-06-16T09:22:29.186879+02:00;standby;23.4;27.0;5.0;28.0;52.8;57.0;0;0;0;0;16266.6;11280.08;4986.52;32420.242
2026-06-16T09:23:29.783174+02:00;standby;23.4;27.0;5.0;28.0;52.8;57.0;0;0;0;0;16266.6;11280.08;4986.52;32420.242
2026-06-16T09:24:30.429846+02:00;standby;23.4;27.0;5.0;28.0;52.7;57.0;0;0;0;0;16266.6;11280.08;4986.52;32420.242
2026-06-16T09:25:31.071798+02:00;standby;23.4;27.0;5.0;28.0;52.8;57.0;0;0;0;0;16266.6;11280.08;4986.52;32420.242
2026-06-16T09:26:31.763781+02:00;standby;23.4;26.9;5.0;28.0;52.7;57.0;0;0;0;0;16266.6;11280.08;4986.52;32420.242
2026-06-16T09:27:32.294827+02:00;standby;23.4;26.9;5.0;28.0;52.7;57.0;0;0;0;0;16266.6;11280.08;4986.52;32420.242
2026-06-16T09:28:32.908102+02:00;standby;23.4;26.9;5.0;28.0;52.7;57.0;0;0;0;0;16266.6;11280.08;4986.52;32420.242
2026-06-16T09:29:33.511639+02:00;standby;23.4;26.9;5.0;28.0;52.7;57.0;0;0;0;0;16266.6;11280.08;4986.52;32420.242
2026-06-16T09:30:34.064248+02:00;standby;23.4;26.9;5.0;28.0;52.7;57.0;0;0;0;0;16266.6;11280.08;4986.52;32420.242
2026-06-16T09:31:35.390831+02:00;standby;23.4;26.9;5.0;28.0;52.7;57.0;0;0;0;0;16266.6;11280.08;4986.52;32420.242
2026-06-16T09:32:35.923231+02:00;standby;23.4;26.9;5.0;28.0;52.7;57.0;0;0;0;0;16266.6;11280.08;4986.52;32420.242
2026-06-16T09:33:36.439660+02:00;standby;23.4;26.9;5.0;28.0;52.7;57.0;0;0;0;0;16266.6;11280.08;4986.52;32420.242
2026-06-16T09:34:36.986970+02:00;standby;23.4;26.9;5.0;28.0;52.7;57.0;0;0;0;0;16266.6;11280.08;4986.52;32420.242
2026-06-16T09:35:37.556481+02:00;standby;23.4;26.9;5.0;28.0;52.7;57.0;0;0;0;0;16266.6;11280.08;4986.52;32420.242
2026-06-16T09:36:38.085228+02:00;standby;23.4;26.9;5.0;28.0;52.6;57.0;0;0;0;0;16266.6;11280.08;4986.52;32420.242
2026-06-16T09:37:38.608298+02:00;standby;23.4;26.9;5.0;28.0;52.6;57.0;0;0;0;0;16266.6;11280.08;4986.52;32420.242
2026-06-16T09:38:39.216076+02:00;standby;23.4;26.9;5.0;28.0;52.6;57.0;0;0;0;0;16266.6;11280.08;4986.52;32420.242
2026-06-16T09:39:39.873047+02:00;standby;23.4;26.9;5.0;28.0;52.6;57.0;0;0;0;0;16266.6;11280.08;4986.52;32420.242
2026-06-16T09:40:40.479228+02:00;standby;23.4;26.9;5.0;28.0;52.6;57.0;0;0;0;0;16266.6;11280.08;4986.52;32420.242
2026-06-16T09:41:40.988011+02:00;standby;23.4;26.9;5.0;28.0;52.6;57.0;0;0;0;0;16266.6;11280.08;4986.52;32420.242
2026-06-16T09:42:41.517599+02:00;standby;23.4;26.9;5.0;28.0;52.6;57.0;0;0;0;0;16266.6;11280.08;4986.52;32420.242
2026-06-16T09:43:42.034423+02:00;standby;23.4;26.9;5.0;28.0;52.6;57.0;0;0;0;0;16266.6;11280.08;4986.52;32420.242
2026-06-16T09:44:42.640770+02:00;standby;23.4;26.9;5.0;28.0;52.6;57.0;0;0;0;0;16266.6;11280.08;4986.52;32420.242
2026-06-16T09:45:43.167829+02:00;standby;23.4;26.9;5.0;28.0;52.6;57.0;0;0;0;0;16266.6;11280.08;4986.52;32420.242
2026-06-16T09:46:43.891166+02:00;standby;23.4;26.8;5.0;28.0;52.5;57.0;0;0;0;0;16266.6;11280.08;4986.52;32420.242
2026-06-16T09:47:44.603778+02:00;standby;23.4;26.8;5.0;28.0;52.5;57.0;0;0;0;0;16266.6;11280.08;4986.52;32420.242
2026-06-16T09:48:45.134744+02:00;standby;23.4;26.9;5.0;28.0;52.4;57.0;0;0;0;0;16266.6;11280.08;4986.52;32420.242
2026-06-16T09:49:45.862293+02:00;standby;23.4;26.9;5.0;28.0;52.4;57.0;0;0;0;0;16266.6;11280.08;4986.52;32420.242
2026-06-16T09:50:46.364291+02:00;standby;23.4;26.8;5.0;28.0;52.4;57.0;0;0;0;0;16266.6;11280.08;4986.52;32420.242
2026-06-16T09:51:46.992733+02:00;standby;23.4;26.8;5.0;28.0;52.3;57.0;0;0;0;0;16266.6;11280.08;4986.52;32420.242
2026-06-16T09:52:47.836211+02:00;standby;23.4;26.8;5.0;28.0;52.3;57.0;0;0;0;0;16266.6;11280.08;4986.52;32420.242
2026-06-16T09:53:48.430107+02:00;standby;23.4;26.8;5.0;28.0;52.3;57.0;0;0;0;0;16266.6;11280.08;4986.52;32420.242
2026-06-16T09:54:49.048294+02:00;standby;23.4;26.8;5.0;28.0;52.3;57.0;0;0;0;0;16266.6;11280.08;4986.52;32420.242
2026-06-16T09:55:49.663301+02:00;standby;23.4;26.8;5.0;28.0;52.3;57.0;0;0;0;0;16266.6;11280.08;4986.52;32420.242
2026-06-16T09:56:50.213036+02:00;standby;23.4;26.8;5.0;28.0;52.3;57.0;0;0;0;0;16266.6;11280.08;4986.52;32420.242
2026-06-16T09:57:51.047092+02:00;standby;23.4;26.8;5.0;28.0;52.3;57.0;0;0;0;0;16266.6;11280.08;4986.52;32420.242
2026-06-16T09:58:51.733884+02:00;standby;23.4;26.8;5.0;28.0;52.3;57.0;0;0;0;0;16266.6;11280.08;4986.52;32420.242
2026-06-16T09:59:52.269291+02:00;standby;23.4;26.8;5.0;28.0;52.3;57.0;0;0;0;0;16266.6;11280.08;4986.52;32420.242
2026-06-16T10:00:52.903477+02:00;standby;23.4;26.8;5.0;28.0;52.3;57.0;0;0;0;0;16266.6;11280.08;4986.52;32420.242
2026-06-16T10:01:53.537992+02:00;standby;23.4;26.8;5.0;28.0;52.2;57.0;0;0;0;0;16266.6;11280.08;4986.52;32420.242
2026-06-16T10:02:54.126889+02:00;standby;23.4;26.8;5.0;28.0;52.2;57.0;0;0;0;0;16266.6;11280.08;4986.52;32420.242
2026-06-16T10:03:54.885196+02:00;standby;23.4;26.8;5.0;28.0;52.2;57.0;0;0;0;0;16266.6;11280.08;4986.52;32420.242
2026-06-16T10:04:55.400184+02:00;standby;23.4;26.8;5.0;28.0;52.2;57.0;0;0;0;0;16266.6;11280.08;4986.52;32420.242
2026-06-16T10:05:56.056138+02:00;standby;23.4;26.8;5.0;28.0;52.2;57.0;0;0;0;0;16266.6;11280.08;4986.52;32420.242
2026-06-16T10:06:56.625576+02:00;standby;23.4;26.8;5.0;28.0;52.2;57.0;0;0;0;0;16266.6;11280.08;4986.52;32420.242
2026-06-16T10:07:57.246154+02:00;standby;23.4;26.8;5.0;28.0;52.2;57.0;0;0;0;0;16266.6;11280.08;4986.52;32420.242
2026-06-16T10:08:57.792111+02:00;standby;23.4;26.8;5.0;28.0;52.2;57.0;0;0;0;0;16266.6;11280.08;4986.52;32420.242
2026-06-16T10:09:58.394370+02:00;standby;23.4;26.8;5.0;28.0;52.2;57.0;0;0;0;0;16266.6;11280.08;4986.52;32420.242
2026-06-16T10:10:59.034550+02:00;standby;23.4;26.8;5.0;28.0;52.2;57.0;0;0;0;0;16266.6;11280.08;4986.52;32420.242
2026-06-16T10:11:59.646045+02:00;standby;23.4;26.8;5.0;28.0;52.2;57.0;0;0;0;0;16266.6;11280.08;4986.52;32420.242
2026-06-16T10:13:00.350656+02:00;standby;23.4;26.8;5.0;28.0;52.1;57.0;0;0;0;0;16266.6;11280.08;4986.52;32420.242
2026-06-16T10:14:01.180950+02:00;standby;23.4;26.8;5.0;28.0;52.1;57.0;0;0;0;0;16266.6;11280.08;4986.52;32420.242
2026-06-16T10:15:02.007722+02:00;standby;23.4;26.8;5.0;28.0;52.1;57.0;0;0;0;0;16266.6;11280.08;4986.52;32420.242
2026-06-16T10:16:02.579124+02:00;standby;24.1;26.8;5.0;28.0;52.1;57.0;0;0;0;0;16266.6;11280.08;4986.52;32420.242
2026-06-16T10:17:03.199535+02:00;standby;24.1;26.6;5.0;28.0;52.1;57.0;0;0;0;0;16266.6;11280.08;4986.52;32420.242
2026-06-16T10:18:03.779550+02:00;standby;24.1;26.8;5.0;28.0;52.1;57.0;0;0;0;0;16266.6;11280.08;4986.52;32420.242
2026-06-16T10:19:04.403511+02:00;standby;24.1;26.6;5.0;28.0;52.1;57.0;0;0;0;0;16266.6;11280.08;4986.52;32420.242
2026-06-16T10:20:04.941061+02:00;standby;24.1;26.8;5.0;28.0;52.1;57.0;0;0;0;0;16266.6;11280.08;4986.52;32420.242
2026-06-16T10:21:05.429573+02:00;standby;24.1;26.8;5.0;28.0;52.1;57.0;0;0;0;0;16266.6;11280.08;4986.52;32420.242
2026-06-16T10:22:06.382857+02:00;standby;24.1;26.8;5.0;28.0;52.1;57.0;0;0;0;0;16266.6;11280.08;4986.52;32420.242
2026-06-16T10:23:06.929868+02:00;standby;24.1;26.6;5.0;28.0;52.1;57.0;0;0;0;0;16266.6;11280.08;4986.52;32420.242
2026-06-16T10:24:07.410877+02:00;standby;24.1;26.6;5.0;28.0;52.1;57.0;0;0;0;0;16266.6;11280.08;4986.52;32420.242
2026-06-16T10:25:07.926482+02:00;standby;24.1;26.6;5.0;28.0;52.0;57.0;0;0;0;0;16266.6;11280.08;4986.52;32420.242
2026-06-16T10:26:08.860804+02:00;standby;24.1;26.6;5.0;28.0;52.0;57.0;0;0;0;0;16266.6;11280.08;4986.52;32420.242
2026-06-16T10:27:09.570363+02:00;standby;24.1;26.6;5.0;28.0;52.0;57.0;0;0;0;0;16266.6;11280.08;4986.52;32420.242
2026-06-16T10:28:10.098739+02:00;standby;24.1;26.6;5.0;28.0;52.0;57.0;0;0;0;0;16266.6;11280.08;4986.52;32420.242
2026-06-16T10:29:11.021690+02:00;standby;24.1;26.6;5.0;28.0;52.0;57.0;0;0;0;0;16266.6;11280.08;4986.52;32420.242
2026-06-16T10:30:11.526714+02:00;standby;24.1;26.6;5.0;28.0;52.0;57.0;0;0;0;0;16266.6;11280.08;4986.52;32420.242
2026-06-16T10:31:12.274294+02:00;standby;24.1;26.6;5.0;28.0;52.0;57.0;0;0;0;0;16266.6;11280.08;4986.52;32420.242
2026-06-16T10:32:12.793588+02:00;standby;24.1;26.6;5.0;28.0;52.0;57.0;0;0;0;0;16266.6;11280.08;4986.52;32420.242
2026-06-16T10:33:13.397231+02:00;standby;24.1;26.6;5.0;28.0;52.0;57.0;0;0;0;0;16266.6;11280.08;4986.52;32420.242
2026-06-16T10:34:13.921173+02:00;standby;24.1;26.6;5.0;28.0;52.0;57.0;0;0;0;0;16266.6;11280.08;4986.52;32420.242
2026-06-16T10:35:14.696263+02:00;standby;24.1;26.6;5.0;28.0;51.9;57.0;0;0;0;0;16266.6;11280.08;4986.52;32420.242
2026-06-16T10:36:15.193040+02:00;standby;24.1;26.6;5.0;28.0;51.9;57.0;0;0;0;0;16266.6;11280.08;4986.52;32420.242
2026-06-16T10:37:15.857789+02:00;standby;24.1;26.6;5.0;28.0;51.9;57.0;0;0;0;0;16266.6;11280.08;4986.52;32420.242
2026-06-16T10:38:16.411439+02:00;standby;24.1;26.6;5.0;28.0;51.9;57.0;0;0;0;0;16266.6;11280.08;4986.52;32420.242
2026-06-16T10:39:16.919179+02:00;standby;24.1;26.6;5.0;28.0;51.9;57.0;0;0;0;0;16266.6;11280.08;4986.52;32420.242
2026-06-16T10:40:17.440957+02:00;standby;24.1;26.6;5.0;28.0;51.9;57.0;0;0;0;0;16266.6;11280.08;4986.52;32420.242
2026-06-16T10:41:18.035920+02:00;standby;24.1;26.6;5.0;28.0;51.9;57.0;0;0;0;0;16266.6;11280.08;4986.52;32420.242
2026-06-16T10:42:18.711273+02:00;standby;24.1;26.6;5.0;28.0;51.9;57.0;0;0;0;0;16266.6;11280.08;4986.52;32420.242
2026-06-16T10:43:19.334422+02:00;standby;24.1;26.6;5.0;28.0;51.9;57.0;0;0;0;0;16266.6;11280.08;4986.52;32420.242
2026-06-16T10:44:20.030250+02:00;standby;24.1;26.6;5.0;28.0;51.9;57.0;0;0;0;0;16266.6;11280.08;4986.52;32420.242
2026-06-16T10:45:20.566652+02:00;standby;24.1;26.6;5.0;28.0;51.9;57.0;0;0;0;0;16266.6;11280.08;4986.52;32420.242
2026-06-16T10:46:21.075128+02:00;standby;24.1;26.6;5.0;28.0;51.9;57.0;0;0;0;0;16266.6;11280.08;4986.52;32420.242
2026-06-16T10:47:21.998613+02:00;standby;24.1;26.6;5.0;28.0;51.8;57.0;0;0;0;0;16266.6;11280.08;4986.52;32420.242
2026-06-16T10:48:22.597050+02:00;standby;24.1;26.6;5.0;28.0;51.8;57.0;0;0;0;0;16266.6;11280.08;4986.52;32420.242
2026-06-16T10:49:23.070374+02:00;standby;24.1;26.6;5.0;28.0;51.8;57.0;0;0;0;0;16266.6;11280.08;4986.52;32420.242
2026-06-16T10:50:23.666602+02:00;standby;24.1;26.6;5.0;28.0;51.8;57.0;0;0;0;0;16266.6;11280.08;4986.52;32420.242
2026-06-16T10:51:24.207626+02:00;standby;24.1;26.6;5.0;28.0;51.8;57.0;0;0;0;0;16266.6;11280.08;4986.52;32420.242
2026-06-16T10:52:24.814884+02:00;standby;24.1;26.6;5.0;28.0;51.8;57.0;0;0;0;0;16266.6;11280.08;4986.52;32420.242
2026-06-16T10:53:25.417574+02:00;standby;24.1;26.5;5.0;28.0;51.8;57.0;0;0;0;0;16266.6;11280.08;4986.52;32420.242
2026-06-16T10:54:26.057029+02:00;standby;24.1;26.6;5.0;28.0;51.8;57.0;0;0;0;0;16266.6;11280.08;4986.52;32420.242
2026-06-16T10:55:26.791891+02:00;standby;24.1;26.6;5.0;28.0;51.8;57.0;0;0;0;0;16266.6;11280.08;4986.52;32420.242
2026-06-16T10:56:27.396044+02:00;standby;24.1;26.5;5.0;28.0;51.8;57.0;0;0;0;0;16266.6;11280.08;4986.52;32420.242
2026-06-16T10:57:28.030482+02:00;standby;24.1;26.5;5.0;28.0;51.8;57.0;0;0;0;0;16266.6;11280.08;4986.52;32420.242
2026-06-16T10:58:28.549745+02:00;standby;24.1;26.5;5.0;28.0;51.8;57.0;0;0;0;0;16266.6;11280.08;4986.52;32420.242
2026-06-16T10:59:29.048477+02:00;standby;24.1;26.5;5.0;28.0;51.7;57.0;0;0;0;0;16266.6;11280.08;4986.52;32420.242
2026-06-16T11:00:29.625768+02:00;standby;24.1;26.5;5.0;28.0;51.7;57.0;0;0;0;0;16266.6;11280.08;4986.52;32420.242
2026-06-16T11:01:30.145071+02:00;standby;24.1;26.5;5.0;28.0;51.6;57.0;0;0;0;0;16266.6;11280.08;4986.52;32420.242
2026-06-16T11:02:30.868253+02:00;standby;24.1;26.5;5.0;28.0;51.6;57.0;0;0;0;0;16266.6;11280.08;4986.52;32420.242
2026-06-16T11:03:31.437960+02:00;standby;24.1;26.5;5.0;28.0;51.5;57.0;0;0;0;0;16266.6;11280.08;4986.52;32420.242
2026-06-16T11:04:32.377289+02:00;standby;24.1;26.5;5.0;28.0;51.5;57.0;0;0;0;0;16266.6;11280.08;4986.52;32420.242
2026-06-16T11:05:33.213370+02:00;standby;24.1;26.5;5.0;28.0;51.5;57.0;0;0;0;0;16266.6;11280.08;4986.52;32420.242
2026-06-16T11:06:33.937429+02:00;standby;24.1;26.5;5.0;28.0;51.5;57.0;0;0;0;0;16266.6;11280.08;4986.52;32420.242
2026-06-16T11:07:35.464133+02:00;standby;24.1;26.5;5.0;28.0;51.5;57.0;0;0;0;0;16266.6;11280.08;4986.52;32420.242
2026-06-16T11:08:40.584707+02:00;standby;24.1;26.5;5.0;28.0;51.5;57.0;0;0;0;0;16266.6;11280.08;4986.52;32420.242
2026-06-16T11:09:41.105514+02:00;standby;24.1;26.5;5.0;28.0;51.5;57.0;0;0;0;0;16266.6;11280.08;4986.52;32420.242
2026-06-16T11:10:41.674926+02:00;standby;24.1;26.5;5.0;28.0;51.5;57.0;0;0;0;0;16266.6;11280.08;4986.52;32420.242
2026-06-16T11:11:42.460192+02:00;standby;24.1;26.5;5.0;28.0;51.5;57.0;0;0;0;0;16266.6;11280.08;4986.52;32420.242
2026-06-16T11:12:43.022870+02:00;standby;24.1;26.5;5.0;28.0;51.4;57.0;0;0;0;0;16266.6;11280.08;4986.52;32420.242
2026-06-16T11:13:43.600654+02:00;standby;24.1;26.5;5.0;28.0;51.4;57.0;0;0;0;0;16266.6;11280.08;4986.52;32420.242
2026-06-16T11:14:44.141548+02:00;standby;24.1;26.5;5.0;28.0;51.3;57.0;0;0;0;0;16266.6;11280.08;4986.52;32420.242
2026-06-16T11:15:44.700441+02:00;standby;24.1;26.5;5.0;28.0;51.3;57.0;0;0;0;0;16266.6;11280.08;4986.52;32420.242
2026-06-16T11:16:45.221541+02:00;standby;24.2;26.5;5.0;28.0;51.2;57.0;0;0;0;0;16266.6;11280.08;4986.52;32420.242
2026-06-16T11:17:45.720037+02:00;standby;24.2;26.5;5.0;28.0;51.2;57.0;0;0;0;0;16266.6;11280.08;4986.52;32420.242
2026-06-16T11:18:46.205915+02:00;standby;24.2;26.5;5.0;28.0;51.2;57.0;0;0;0;0;16266.6;11280.08;4986.52;32420.242
2026-06-16T11:19:46.806815+02:00;standby;24.2;26.5;5.0;28.0;51.2;57.0;0;0;0;0;16266.6;11280.08;4986.52;32420.242
2026-06-16T11:20:47.790052+02:00;standby;24.2;26.5;5.0;28.0;51.2;57.0;0;0;0;0;16266.6;11280.08;4986.52;32420.242
2026-06-16T11:21:48.261222+02:00;standby;24.2;26.5;5.0;28.0;51.2;57.0;0;0;0;0;16266.6;11280.08;4986.52;32420.242
2026-06-16T11:22:48.990337+02:00;standby;24.2;26.5;5.0;28.0;51.2;57.0;0;0;0;0;16266.6;11280.08;4986.52;32420.242
2026-06-16T11:23:49.602833+02:00;standby;24.2;26.5;5.0;28.0;51.2;57.0;0;0;0;0;16266.6;11280.08;4986.52;32420.242
2026-06-16T11:24:50.260158+02:00;standby;24.2;26.5;5.0;28.0;51.2;57.0;0;0;0;0;16266.6;11280.08;4986.52;32420.242
2026-06-16T11:25:51.072703+02:00;standby;24.2;26.5;5.0;28.0;51.1;57.0;0;0;0;0;16266.6;11280.08;4986.52;32420.242
2026-06-16T11:26:51.796791+02:00;standby;24.2;26.5;5.0;28.0;51.1;57.0;0;0;0;0;16266.6;11280.08;4986.52;32420.242
2026-06-16T11:27:52.300042+02:00;standby;24.2;26.5;5.0;28.0;51.1;57.0;0;0;0;0;16266.6;11280.08;4986.52;32420.242
2026-06-16T11:28:52.841384+02:00;standby;24.2;26.5;5.0;28.0;51.1;57.0;0;0;0;0;16266.6;11280.08;4986.52;32420.242
2026-06-16T11:29:53.346450+02:00;standby;24.2;26.5;5.0;28.0;51.1;57.0;0;0;0;0;16266.6;11280.08;4986.52;32420.242
2026-06-16T11:30:53.954488+02:00;standby;24.2;26.5;5.0;28.0;51.1;57.0;0;0;0;0;16266.6;11280.08;4986.52;32420.242
2026-06-16T11:31:54.525932+02:00;standby;24.2;26.5;5.0;28.0;51.1;57.0;0;0;0;0;16266.6;11280.08;4986.52;32420.242
2026-06-16T11:32:55.177340+02:00;standby;24.2;26.5;5.0;28.0;51.1;57.0;0;0;0;0;16266.6;11280.08;4986.52;32420.242
2026-06-16T11:33:55.688942+02:00;standby;24.2;26.3;5.0;28.0;51.1;57.0;0;0;0;0;16266.6;11280.08;4986.52;32420.242
2026-06-16T11:34:56.238288+02:00;standby;24.2;26.3;5.0;28.0;51.1;57.0;0;0;0;0;16266.6;11280.08;4986.52;32420.242
2026-06-16T11:35:56.781534+02:00;standby;24.2;26.3;5.0;28.0;51.1;57.0;0;0;0;0;16266.6;11280.08;4986.52;32420.242
2026-06-16T11:36:57.327862+02:00;standby;24.2;26.3;5.0;28.0;51.1;57.0;0;0;0;0;16266.6;11280.08;4986.52;32420.242
2026-06-16T11:37:57.897429+02:00;standby;24.2;26.5;5.0;28.0;50.9;57.0;0;0;0;0;16266.6;11280.08;4986.52;32420.242
2026-06-16T11:38:58.429970+02:00;standby;24.2;26.3;5.0;28.0;50.9;57.0;0;0;0;0;16266.6;11280.08;4986.52;32420.242
2026-06-16T11:39:59.375810+02:00;standby;24.2;26.3;5.0;28.0;50.9;57.0;0;0;0;0;16266.6;11280.08;4986.52;32420.242
2026-06-16T11:40:59.937313+02:00;standby;24.2;26.3;5.0;28.0;50.9;57.0;0;0;0;0;16266.6;11280.08;4986.52;32420.242
2026-06-16T11:42:00.457360+02:00;standby;24.2;26.3;5.0;28.0;50.9;57.0;0;0;0;0;16266.6;11280.08;4986.52;32420.242
2026-06-16T11:43:01.030919+02:00;standby;24.2;26.3;5.0;28.0;50.9;57.0;0;0;0;0;16266.6;11280.08;4986.52;32420.242
2026-06-16T11:44:01.629977+02:00;standby;24.2;26.3;5.0;28.0;50.9;57.0;0;0;0;0;16266.6;11280.08;4986.52;32420.242
2026-06-16T11:45:02.159260+02:00;standby;24.2;26.3;5.0;28.0;50.9;57.0;0;0;0;0;16266.6;11280.08;4986.52;32420.242
2026-06-16T11:46:02.693361+02:00;standby;24.2;26.3;5.0;28.0;50.9;57.0;0;0;0;0;16266.6;11280.08;4986.52;32420.242
2026-06-16T11:47:03.238094+02:00;standby;24.2;26.3;5.0;28.0;50.9;57.0;0;0;0;0;16266.6;11280.08;4986.52;32420.242
2026-06-16T11:48:03.757377+02:00;standby;24.2;26.3;5.0;28.0;50.8;57.0;0;0;0;0;16266.6;11280.08;4986.52;32420.242
2026-06-16T11:49:04.301009+02:00;standby;24.2;26.3;5.0;28.0;50.8;57.0;0;0;0;0;16266.6;11280.08;4986.52;32420.242
2026-06-16T11:50:04.847865+02:00;standby;24.2;26.3;5.0;28.0;50.8;57.0;0;0;0;0;16266.6;11280.08;4986.52;32420.242
2026-06-16T11:51:05.371188+02:00;standby;24.2;26.3;5.0;28.0;50.8;57.0;0;0;0;0;16266.6;11280.08;4986.52;32420.242
2026-06-16T11:52:05.962296+02:00;standby;24.2;26.3;5.0;28.0;50.8;57.0;0;0;0;0;16266.6;11280.08;4986.52;32420.242
2026-06-16T11:53:06.538771+02:00;standby;24.2;26.3;5.0;28.0;50.7;57.0;0;0;0;0;16266.6;11280.08;4986.52;32420.242
2026-06-16T11:54:07.076790+02:00;standby;24.2;26.3;5.0;28.0;50.6;57.0;0;0;0;0;16266.6;11280.08;4986.52;32420.242
2026-06-16T11:55:07.595058+02:00;standby;24.2;26.3;5.0;28.0;50.5;57.0;0;0;0;0;16266.6;11280.08;4986.52;32420.242
2026-06-16T11:56:08.094127+02:00;standby;24.2;26.3;5.0;28.0;50.5;57.0;0;0;0;0;16266.6;11280.08;4986.52;32420.242
2026-06-16T11:57:08.893758+02:00;standby;24.2;26.3;5.0;28.0;50.4;57.0;0;0;0;0;16266.6;11280.08;4986.52;32420.242
2026-06-16T11:58:09.468660+02:00;standby;24.2;26.3;5.0;28.0;50.4;57.0;0;0;0;0;16266.6;11280.08;4986.52;32420.242
2026-06-16T11:59:10.225120+02:00;standby;24.2;26.3;5.0;28.0;50.4;57.0;0;0;0;0;16266.6;11280.08;4986.52;32420.242
2026-06-16T12:00:10.739096+02:00;standby;24.2;26.3;5.0;28.0;50.4;57.0;0;0;0;0;16266.6;11280.08;4986.52;32420.242
2026-06-16T12:01:11.505902+02:00;standby;24.2;26.3;5.0;28.0;50.4;57.0;0;0;0;0;16266.6;11280.08;4986.52;32420.242
2026-06-16T12:02:12.072129+02:00;standby;24.2;26.3;5.0;28.0;50.3;57.0;0;0;0;0;16266.6;11280.08;4986.52;32420.242
2026-06-16T12:03:12.679511+02:00;standby;24.2;26.3;5.0;28.0;50.3;57.0;0;0;0;0;16266.6;11280.08;4986.52;32420.242
2026-06-16T12:04:13.193140+02:00;standby;24.2;26.3;5.0;28.0;50.3;57.0;0;0;0;0;16266.6;11280.08;4986.52;32420.242
2026-06-16T12:05:14.505734+02:00;standby;24.2;26.3;5.0;28.0;50.3;57.0;0;0;0;0;16266.6;11280.08;4986.52;32420.242
2026-06-16T12:06:15.118889+02:00;standby;24.2;26.3;5.0;28.0;50.2;57.0;0;0;0;0;16266.6;11280.08;4986.52;32420.242
2026-06-16T12:07:15.639922+02:00;standby;24.2;26.3;5.0;28.0;50.2;57.0;0;0;0;0;16266.6;11280.08;4986.52;32420.242
2026-06-16T12:08:16.219522+02:00;standby;24.2;26.3;5.0;28.0;50.2;57.0;0;0;0;0;16266.6;11280.08;4986.52;32420.242
2026-06-16T12:09:16.781977+02:00;standby;24.2;26.3;5.0;28.0;50.1;57.0;0;0;0;0;16266.6;11280.08;4986.52;32420.242
2026-06-16T12:10:17.290005+02:00;standby;24.2;26.3;5.0;28.0;50.1;57.0;0;0;0;0;16266.6;11280.08;4986.52;32420.242
2026-06-16T12:11:17.821803+02:00;standby;24.2;26.3;5.0;28.0;50.1;57.0;0;0;0;0;16266.6;11280.08;4986.52;32420.242
2026-06-16T12:12:18.453386+02:00;standby;24.2;26.3;5.0;28.0;50.1;57.0;0;0;0;0;16266.6;11280.08;4986.52;32420.242
2026-06-16T12:13:18.996815+02:00;standby;24.2;26.2;5.0;28.0;50.1;57.0;0;0;0;0;16266.6;11280.08;4986.52;32420.242
2026-06-16T12:14:19.513969+02:00;standby;24.2;26.3;5.0;28.0;50.1;57.0;0;0;0;0;16266.6;11280.08;4986.52;32420.242
2026-06-16T12:15:20.116396+02:00;standby;24.2;26.2;5.0;28.0;50.0;57.0;0;0;0;0;16266.6;11280.08;4986.52;32420.242
2026-06-16T12:16:21.037136+02:00;standby;24.2;26.2;5.0;28.0;50.0;57.0;0;0;0;0;16266.6;11280.08;4986.52;32420.242
2026-06-16T12:17:21.704176+02:00;standby;25.3;26.2;5.0;28.0;50.0;57.0;0;0;0;0;16266.6;11280.08;4986.52;32420.242
2026-06-16T12:18:22.224899+02:00;standby;25.3;26.2;5.0;28.0;50.0;57.0;0;0;0;0;16266.6;11280.08;4986.52;32420.242
2026-06-16T12:19:22.744262+02:00;standby;25.3;26.2;5.0;28.0;50.0;57.0;0;0;0;0;16266.6;11280.08;4986.52;32420.242
2026-06-16T12:20:23.522253+02:00;standby;25.3;26.2;5.0;28.0;50.0;57.0;0;0;0;0;16266.6;11280.08;4986.52;32420.242
2026-06-16T12:21:24.069026+02:00;standby;25.3;26.2;5.0;28.0;50.0;57.0;0;0;0;0;16266.6;11280.08;4986.52;32420.242
2026-06-16T12:22:24.851148+02:00;standby;25.3;26.2;5.0;28.0;50.0;57.0;0;0;0;0;16266.6;11280.08;4986.52;32420.242
2026-06-16T12:23:25.397094+02:00;standby;25.3;26.2;5.0;28.0;50.0;57.0;0;0;0;0;16266.6;11280.08;4986.52;32420.242
2026-06-16T12:24:25.959009+02:00;standby;25.3;26.2;5.0;28.0;50.0;57.0;0;0;0;0;16266.6;11280.08;4986.52;32420.242
2026-06-16T12:25:26.622131+02:00;standby;25.3;26.2;5.0;28.0;50.0;57.0;0;0;0;0;16266.6;11280.08;4986.52;32420.242
2026-06-16T12:26:27.661640+02:00;standby;25.3;26.2;5.0;28.0;50.0;57.0;0;0;0;0;16266.6;11280.08;4986.52;32420.242
2026-06-16T12:27:28.170556+02:00;standby;25.3;26.2;5.0;28.0;49.9;57.0;0;0;0;0;16266.6;11280.08;4986.52;32420.242
2026-06-16T12:28:28.749997+02:00;standby;25.3;26.2;5.0;28.0;49.9;57.0;0;0;0;0;16266.6;11280.08;4986.52;32420.242
2026-06-16T12:29:29.389508+02:00;standby;25.3;26.2;5.0;28.0;49.9;57.0;0;0;0;0;16266.6;11280.08;4986.52;32420.242
2026-06-16T12:30:30.311632+02:00;standby;25.3;26.2;5.0;28.0;49.9;57.0;0;0;0;0;16266.6;11280.08;4986.52;32420.242
2026-06-16T12:31:31.001559+02:00;standby;25.3;26.2;5.0;28.0;49.9;57.0;0;0;0;0;16266.6;11280.08;4986.52;32420.242
2026-06-16T12:32:31.547455+02:00;standby;25.3;26.2;5.0;28.0;49.9;57.0;0;0;0;0;16266.6;11280.08;4986.52;32420.242
2026-06-16T12:33:32.068341+02:00;standby;25.3;26.2;5.0;28.0;49.9;57.0;0;0;0;0;16266.6;11280.08;4986.52;32420.242
2026-06-16T12:34:32.632393+02:00;standby;25.3;26.2;5.0;28.0;49.9;57.0;0;0;0;0;16266.6;11280.08;4986.52;32420.242
2026-06-16T12:35:33.151137+02:00;standby;25.3;26.2;5.0;28.0;49.9;57.0;0;0;0;0;16266.6;11280.08;4986.52;32420.242
2026-06-16T12:36:33.869659+02:00;standby;25.3;26.2;5.0;28.0;49.9;57.0;0;0;0;0;16266.6;11280.08;4986.52;32420.242
2026-06-16T12:37:34.591799+02:00;standby;25.3;26.2;5.0;28.0;49.8;57.0;0;0;0;0;16266.6;11280.08;4986.52;32420.242
2026-06-16T12:38:35.118857+02:00;standby;25.3;26.2;5.0;28.0;49.9;57.0;0;0;0;0;16266.6;11280.08;4986.52;32420.242
2026-06-16T12:39:35.998703+02:00;standby;25.3;26.2;5.0;28.0;49.8;57.0;0;0;0;0;16266.6;11280.08;4986.52;32420.242
2026-06-16T12:40:36.566659+02:00;standby;25.3;26.2;5.0;28.0;49.8;57.0;0;0;0;0;16266.6;11280.08;4986.52;32420.242
2026-06-16T12:41:37.077192+02:00;standby;25.3;26.2;5.0;28.0;49.8;57.0;0;0;0;0;16266.6;11280.08;4986.52;32420.242
2026-06-16T12:42:37.655807+02:00;standby;25.3;26.2;5.0;28.0;49.7;57.0;0;0;0;0;16266.6;11280.08;4986.52;32420.242
2026-06-16T12:43:38.178379+02:00;standby;25.3;26.2;5.0;28.0;49.7;57.0;0;0;0;0;16266.6;11280.08;4986.52;32420.242
2026-06-16T12:44:38.845189+02:00;standby;25.3;26.2;5.0;28.0;49.7;57.0;0;0;0;0;16266.6;11280.08;4986.52;32420.242
2026-06-16T12:45:39.366750+02:00;standby;25.3;26.2;5.0;28.0;49.6;57.0;0;0;0;0;16266.6;11280.08;4986.52;32420.242
2026-06-16T12:46:39.983255+02:00;standby;25.3;26.2;5.0;28.0;49.6;57.0;0;0;0;0;16266.6;11280.08;4986.52;32420.242
2026-06-16T12:47:40.543884+02:00;standby;25.3;26.2;5.0;28.0;49.5;57.0;0;0;0;0;16266.6;11280.08;4986.52;32420.242
2026-06-16T12:48:41.128045+02:00;standby;25.3;26.2;5.0;28.0;49.5;57.0;0;0;0;0;16266.6;11280.08;4986.52;32420.242
2026-06-16T12:49:41.648302+02:00;standby;25.3;26.2;5.0;28.0;49.4;57.0;0;0;0;0;16266.6;11280.08;4986.52;32420.242
2026-06-16T12:50:42.220482+02:00;standby;25.3;26.2;5.0;28.0;49.4;57.0;0;0;0;0;16266.6;11280.08;4986.52;32420.242
2026-06-16T12:51:42.844601+02:00;standby;25.3;26.2;5.0;28.0;49.3;57.0;0;0;0;0;16266.6;11280.08;4986.52;32420.242
2026-06-16T12:52:43.363594+02:00;standby;25.3;26.2;5.0;28.0;49.3;57.0;0;0;0;0;16266.6;11280.08;4986.52;32420.242
2026-06-16T12:53:43.988795+02:00;standby;25.3;26.2;5.0;28.0;49.2;57.0;0;0;0;0;16266.6;11280.08;4986.52;32420.242
2026-06-16T12:54:45.040356+02:00;standby;25.3;26.2;5.0;28.0;49.2;57.0;0;0;0;0;16266.6;11280.08;4986.52;32420.242
2026-06-16T12:55:45.946364+02:00;standby;25.3;26.2;5.0;28.0;49.1;57.0;0;0;0;0;16266.6;11280.08;4986.52;32420.242
2026-06-16T12:56:46.487527+02:00;standby;25.3;26.2;5.0;28.0;49.1;57.0;0;0;0;0;16266.6;11280.08;4986.52;32420.242
2026-06-16T12:57:47.190036+02:00;standby;25.3;26.2;5.0;28.0;49.0;57.0;0;0;0;0;16266.6;11280.08;4986.52;32420.242
2026-06-16T12:58:48.096659+02:00;standby;25.3;26.2;5.0;28.0;49.0;57.0;0;0;0;0;16266.6;11280.08;4986.52;32420.242
2026-06-16T12:59:48.635195+02:00;standby;25.3;26.2;5.0;28.0;49.0;57.0;0;0;0;0;16266.6;11280.08;4986.52;32420.242
2026-06-16T13:00:49.198614+02:00;standby;25.3;26.2;5.0;28.0;48.9;57.0;0;0;0;0;16266.6;11280.08;4986.52;32420.242
2026-06-16T13:01:50.028909+02:00;standby;25.3;26.2;5.0;28.0;48.6;57.0;0;0;0;0;16266.6;11280.08;4986.52;32420.242
2026-06-16T13:02:50.563198+02:00;standby;25.3;26.2;5.0;28.0;48.5;57.0;0;0;0;0;16266.6;11280.08;4986.52;32420.242
2026-06-16T13:03:51.107131+02:00;standby;25.3;26.2;5.0;28.0;48.5;57.0;0;0;0;0;16266.6;11280.08;4986.52;32420.242
2026-06-16T13:04:52.624191+02:00;standby;25.3;26.2;5.0;28.0;48.5;57.0;0;0;0;0;16266.6;11280.08;4986.52;32420.242
2026-06-16T13:05:53.702349+02:00;standby;25.3;26.2;5.0;28.0;48.4;57.0;0;0;0;0;16266.6;11280.08;4986.52;32420.242
2026-06-16T13:06:54.361385+02:00;standby;25.3;26.2;5.0;28.0;48.1;57.0;0;0;0;0;16266.6;11280.08;4986.52;32420.242
2026-06-16T13:07:54.984401+02:00;standby;25.3;26.2;5.0;28.0;47.9;57.0;0;0;0;0;16266.6;11280.08;4986.52;32420.242
2026-06-16T13:08:55.620767+02:00;standby;25.3;26.1;5.0;28.0;47.9;57.0;0;0;0;0;16266.6;11280.08;4986.52;32420.242
2026-06-16T13:09:56.239227+02:00;standby;25.3;26.2;5.0;28.0;47.8;57.0;0;0;0;0;16266.6;11280.08;4986.52;32420.242
2026-06-16T13:10:56.805113+02:00;standby;25.3;26.2;5.0;28.0;47.8;57.0;0;0;0;0;16266.6;11280.08;4986.52;32420.242
2026-06-16T13:11:57.341013+02:00;standby;25.3;26.1;5.0;28.0;47.7;57.0;0;0;0;0;16266.6;11280.08;4986.52;32420.242
2026-06-16T13:12:58.772240+02:00;standby;25.3;26.1;5.0;28.0;47.7;57.0;0;0;0;0;16266.6;11280.08;4986.52;32420.242
2026-06-16T13:14:01.089324+02:00;standby;25.3;26.2;5.0;28.0;47.7;57.0;0;0;0;0;16266.6;11280.08;4986.52;32420.242
2026-06-16T13:15:01.701535+02:00;standby;25.3;26.1;5.0;28.0;47.7;57.0;0;0;0;0;16266.6;11280.08;4986.52;32420.242
2026-06-16T13:16:02.488862+02:00;standby;25.3;26.1;5.0;28.0;47.7;57.0;0;0;0;0;16266.6;11280.08;4986.52;32420.242
2026-06-16T13:17:03.313227+02:00;standby;25.3;26.2;5.0;28.0;47.6;57.0;0;0;0;0;16266.6;11280.08;4986.52;32420.242
2026-06-16T13:18:04.179386+02:00;standby;25.1;26.1;5.0;28.0;47.6;57.0;0;0;0;0;16266.6;11280.08;4986.52;32420.242
2026-06-16T13:19:04.749310+02:00;standby;25.1;26.1;5.0;28.0;47.6;57.0;0;0;0;0;16266.6;11280.08;4986.52;32420.242
2026-06-16T13:20:05.265333+02:00;standby;25.1;26.1;5.0;28.0;47.6;57.0;0;0;0;0;16266.6;11280.08;4986.52;32420.242
2026-06-16T13:21:05.895918+02:00;standby;25.1;26.1;5.0;28.0;47.6;57.0;0;0;0;0;16266.6;11280.08;4986.52;32420.242
2026-06-16T13:22:06.542821+02:00;standby;25.1;26.1;5.0;28.0;47.6;57.0;0;0;0;0;16266.6;11280.08;4986.52;32420.242
2026-06-16T13:23:07.337658+02:00;standby;25.1;26.1;5.0;28.0;47.6;57.0;0;0;0;0;16266.6;11280.08;4986.52;32420.242
2026-06-16T13:24:08.063146+02:00;standby;25.1;26.1;5.0;28.0;47.6;57.0;0;0;0;0;16266.6;11280.08;4986.52;32420.242
2026-06-16T13:25:08.580988+02:00;standby;25.1;26.1;5.0;28.0;47.6;57.0;0;0;0;0;16266.6;11280.08;4986.52;32420.242
2026-06-16T13:26:09.329058+02:00;standby;25.1;26.1;5.0;28.0;47.6;57.0;0;0;0;0;16266.6;11280.08;4986.52;32420.242
2026-06-16T13:27:09.932061+02:00;standby;25.1;26.1;5.0;28.0;47.5;57.0;0;0;0;0;16266.6;11280.08;4986.52;32420.242
2026-06-16T13:28:10.755819+02:00;standby;25.1;26.1;5.0;28.0;47.5;57.0;0;0;0;0;16266.6;11280.08;4986.52;32420.242
2026-06-16T13:29:11.278574+02:00;standby;25.1;26.1;5.0;28.0;47.5;57.0;0;0;0;0;16266.6;11280.08;4986.52;32420.242
2026-06-16T13:30:11.805843+02:00;standby;25.1;26.1;5.0;28.0;47.5;57.0;0;0;0;0;16266.6;11280.08;4986.52;32420.242
2026-06-16T13:31:12.356430+02:00;standby;25.1;26.1;5.0;28.0;47.5;57.0;0;0;0;0;16266.6;11280.08;4986.52;32420.242
2026-06-16T13:32:12.954115+02:00;standby;25.1;26.1;5.0;28.0;47.5;57.0;0;0;0;0;16266.6;11280.08;4986.52;32420.242
2026-06-16T13:33:13.498751+02:00;standby;25.1;26.1;5.0;28.0;47.5;57.0;0;0;0;0;16266.6;11280.08;4986.52;32420.242
2026-06-16T13:34:14.117648+02:00;standby;25.1;26.1;5.0;28.0;47.5;57.0;0;0;0;0;16266.6;11280.08;4986.52;32420.242
2026-06-16T13:35:14.646968+02:00;standby;25.1;26.1;5.0;28.0;47.5;57.0;0;0;0;0;16266.6;11280.08;4986.52;32420.242
2026-06-16T13:36:15.167524+02:00;standby;25.1;26.1;5.0;28.0;47.5;57.0;0;0;0;0;16266.6;11280.08;4986.52;32420.242
2026-06-16T13:37:15.859329+02:00;standby;25.1;26.1;5.0;28.0;47.5;57.0;0;0;0;0;16266.6;11280.08;4986.52;32420.242
2026-06-16T13:38:16.895514+02:00;standby;25.1;26.1;5.0;28.0;47.5;57.0;0;0;0;0;16266.6;11280.08;4986.52;32420.242
2026-06-16T13:39:17.487489+02:00;standby;25.1;26.1;5.0;28.0;47.5;57.0;0;0;0;0;16266.6;11280.08;4986.52;32420.242
2026-06-16T13:40:18.017165+02:00;standby;25.1;26.1;5.0;28.0;47.4;57.0;0;0;0;0;16266.6;11280.08;4986.52;32420.242
2026-06-16T13:41:18.907126+02:00;standby;25.1;26.1;5.0;28.0;47.4;57.0;0;0;0;0;16266.6;11280.08;4986.52;32420.242
2026-06-16T13:42:22.244543+02:00;standby;25.1;26.1;5.0;28.0;47.4;57.0;0;0;0;0;16266.6;11280.08;4986.52;32420.242
2026-06-16T13:43:22.815638+02:00;standby;25.1;26.1;5.0;28.0;47.4;57.0;0;0;0;0;16266.6;11280.08;4986.52;32420.242
2026-06-16T13:44:23.362023+02:00;standby;25.1;26.1;5.0;28.0;47.4;57.0;0;0;0;0;16266.6;11280.08;4986.52;32420.242
2026-06-16T13:45:24.283483+02:00;standby;25.1;26.1;5.0;28.0;47.4;57.0;0;0;0;0;16266.6;11280.08;4986.52;32420.242
2026-06-16T13:46:24.852800+02:00;standby;25.1;26.1;5.0;28.0;47.4;57.0;0;0;0;0;16266.6;11280.08;4986.52;32420.242
2026-06-16T13:47:25.379038+02:00;standby;25.1;26.1;5.0;28.0;47.3;57.0;0;0;0;0;16266.6;11280.08;4986.52;32420.242
2026-06-16T13:48:26.050182+02:00;standby;25.1;26.1;5.0;28.0;47.3;57.0;0;0;0;0;16266.6;11280.08;4986.52;32420.242
2026-06-16T13:49:26.669348+02:00;standby;25.1;26.1;5.0;28.0;47.3;57.0;0;0;0;0;16266.6;11280.08;4986.52;32420.242
2026-06-16T13:50:27.193272+02:00;standby;25.1;26.1;5.0;28.0;47.3;57.0;0;0;0;0;16266.6;11280.08;4986.52;32420.242
2026-06-16T13:51:27.705122+02:00;standby;25.1;26.1;5.0;28.0;47.3;57.0;0;0;0;0;16266.6;11280.08;4986.52;32420.242
2026-06-16T13:52:28.230892+02:00;standby;25.1;26.1;5.0;28.0;47.3;57.0;0;0;0;0;16266.6;11280.08;4986.52;32420.242
2026-06-16T13:53:28.775463+02:00;standby;25.1;26.1;5.0;28.0;47.2;57.0;0;0;0;0;16266.6;11280.08;4986.52;32420.242
2026-06-16T13:54:29.628155+02:00;standby;25.1;26.1;5.0;28.0;47.2;57.0;0;0;0;0;16266.6;11280.08;4986.52;32420.242
2026-06-16T13:55:30.149291+02:00;standby;25.1;26.1;5.0;28.0;47.0;57.0;0;0;0;0;16266.6;11280.08;4986.52;32420.242
2026-06-16T13:56:31.460076+02:00;standby;25.1;26.1;85.0;28.0;47.0;57.0;0;0;0;0;16266.6;11280.08;4986.52;32420.242
2026-06-16T13:57:32.128403+02:00;dhw;25.1;36.6;85.0;28.0;46.7;57.0;1;23;1;100;16266.66;11280.08;4986.58;32420.242
2026-06-16T13:57:42.902350+02:00;dhw;25.1;36.6;85.0;28.0;46.6;57.0;1;23;1;100;16266.67;11280.08;4986.59;32420.242
2026-06-16T13:57:54.330197+02:00;dhw;25.1;37.0;85.0;28.0;46.5;57.0;1;23;1;100;16266.68;11280.08;4986.6;32420.242
2026-06-16T13:58:05.077217+02:00;dhw;25.1;37.0;85.0;28.0;46.4;57.0;1;23;1;100;16266.68;11280.08;4986.6;32420.242
2026-06-16T13:58:15.832186+02:00;dhw;25.1;38.1;85.0;28.0;46.3;57.0;1;23;1;100;16266.7;11280.08;4986.62;32420.242
2026-06-16T13:58:26.742112+02:00;dhw;25.1;39.0;85.0;28.0;46.2;57.0;1;29;1;100;16266.71;11280.08;4986.63;32420.242
2026-06-16T13:58:37.606965+02:00;dhw;25.1;40.0;85.0;28.0;46.1;57.0;1;40;1;100;16266.72;11280.08;4986.64;32420.242
2026-06-16T13:58:48.162061+02:00;dhw;25.1;42.0;85.0;28.0;46.0;57.0;1;52;1;100;16266.74;11280.08;4986.66;32420.242
2026-06-16T13:58:58.803224+02:00;dhw;25.1;44.1;85.0;28.0;45.9;57.0;1;65;1;100;16266.77;11280.08;4986.69;32420.242
2026-06-16T13:59:09.844959+02:00;dhw;25.1;46.2;85.0;28.0;45.9;57.0;1;76;1;100;16266.8;11280.08;4986.72;32420.242
2026-06-16T13:59:20.856468+02:00;dhw;25.1;48.2;85.0;28.0;45.7;57.0;1;87;1;100;16266.83;11280.08;4986.75;32420.242
2026-06-16T13:59:31.966035+02:00;dhw;25.1;51.1;85.0;28.0;45.6;57.0;1;100;1;100;16266.87;11280.08;4986.79;32420.242
2026-06-16T13:59:42.564859+02:00;dhw;25.1;53.2;85.0;28.0;45.6;57.0;1;108;1;100;16266.91;11280.08;4986.83;32420.242
2026-06-16T13:59:53.182422+02:00;dhw;25.1;56.1;85.0;28.0;45.5;57.0;1;108;1;100;16266.96;11280.08;4986.88;32420.242
2026-06-16T14:00:03.996919+02:00;dhw;25.1;58.0;85.0;28.0;45.5;57.0;1;108;1;100;16267.0;11280.08;4986.92;32420.242
2026-06-16T14:00:14.792885+02:00;dhw;25.1;60.1;85.0;28.0;45.5;57.0;1;108;1;100;16267.04;11280.08;4986.96;32420.242
2026-06-16T14:00:25.445912+02:00;dhw;25.1;62.0;85.0;28.0;45.5;57.0;1;108;1;100;16267.09;11280.08;4987.01;32420.242
2026-06-16T14:00:36.186546+02:00;dhw;25.1;63.0;85.0;28.0;45.5;57.0;1;108;1;100;16267.12;11280.08;4987.04;32420.242
2026-06-16T14:00:46.926968+02:00;dhw;25.1;64.2;85.0;28.0;45.5;57.0;1;108;1;100;16267.15;11280.08;4987.08;32420.242
2026-06-16T14:00:57.691496+02:00;dhw;25.1;66.1;85.0;28.0;45.6;57.0;1;108;1;100;16267.23;11280.08;4987.15;32420.242
2026-06-16T14:01:08.451731+02:00;dhw;25.1;67.0;85.0;28.0;45.7;57.0;1;108;1;100;16267.27;11280.08;4987.19;32420.242
2026-06-16T14:01:19.850026+02:00;dhw;25.1;67.9;85.0;28.0;45.9;57.0;1;108;1;100;16267.32;11280.08;4987.24;32420.242
2026-06-16T14:01:30.884760+02:00;dhw;25.1;68.5;85.0;28.0;46.0;57.0;1;108;1;100;16267.36;11280.08;4987.29;32420.342
2026-06-16T14:01:43.864788+02:00;dhw;25.1;69.2;85.0;28.0;46.2;57.0;1;108;1;100;16267.4;11280.08;4987.33;32420.342
2026-06-16T14:01:54.634863+02:00;dhw;25.1;69.8;85.0;28.0;46.3;57.0;1;108;1;100;16267.45;11280.08;4987.37;32420.342
2026-06-16T14:02:05.300297+02:00;dhw;25.1;70.2;85.0;28.0;46.5;57.0;1;108;1;100;16267.49;11280.08;4987.41;32420.342
2026-06-16T14:02:16.436808+02:00;dhw;25.1;70.6;85.0;28.0;46.6;57.0;1;108;1;100;16267.53;11280.08;4987.45;32420.342
2026-06-16T14:02:27.407125+02:00;dhw;25.1;71.0;85.0;28.0;46.8;57.0;1;108;1;100;16267.57;11280.08;4987.49;32420.342
2026-06-16T14:02:38.086387+02:00;dhw;25.1;71.4;85.0;28.0;47.0;57.0;1;108;1;100;16267.61;11280.08;4987.54;32420.342
2026-06-16T14:02:49.043375+02:00;dhw;25.1;71.9;85.0;28.0;47.2;57.0;1;108;1;100;16267.7;11280.08;4987.62;32420.342
2026-06-16T14:02:59.654269+02:00;dhw;25.1;72.3;85.0;28.0;47.4;57.0;1;108;1;100;16267.74;11280.08;4987.66;32420.342
2026-06-16T14:03:10.410065+02:00;dhw;25.1;72.6;85.0;28.0;47.8;57.0;1;108;1;100;16267.78;11280.08;4987.7;32420.342
2026-06-16T14:03:21.092612+02:00;dhw;25.1;73.0;85.0;28.0;48.0;57.0;1;108;1;100;16267.83;11280.08;4987.75;32420.342
2026-06-16T14:03:31.686809+02:00;dhw;25.1;73.1;85.0;28.0;48.2;57.0;1;108;1;100;16267.86;11280.08;4987.79;32420.342
2026-06-16T14:03:42.361638+02:00;dhw;25.1;73.4;85.0;28.0;48.5;57.0;1;108;1;100;16267.91;11280.08;4987.83;32420.342
2026-06-16T14:03:53.066592+02:00;dhw;25.1;73.7;85.0;28.0;48.7;57.0;1;108;1;100;16267.95;11280.08;4987.87;32420.342
2026-06-16T14:04:03.821920+02:00;dhw;25.1;74.0;85.0;28.0;48.9;57.0;1;108;1;100;16268.0;11280.08;4987.93;32420.342
2026-06-16T14:04:14.628437+02:00;dhw;25.1;74.2;85.0;28.0;49.1;57.0;1;108;1;100;16268.03;11280.08;4987.96;32420.342
2026-06-16T14:04:25.451116+02:00;dhw;25.1;74.3;85.0;28.0;49.2;57.0;1;108;1;100;16268.07;11280.08;4988.0;32420.342
2026-06-16T14:04:36.152590+02:00;dhw;25.1;74.6;85.0;28.0;49.4;57.0;1;108;1;100;16268.12;11280.08;4988.04;32420.342
2026-06-16T14:04:47.214568+02:00;dhw;25.1;75.1;85.0;28.0;49.6;57.0;1;108;1;100;16268.19;11280.08;4988.11;32420.342
2026-06-16T14:04:57.823211+02:00;dhw;25.1;75.1;85.0;28.0;49.7;57.0;1;108;1;100;16268.2;11280.08;4988.12;32420.342
2026-06-16T14:05:08.885773+02:00;dhw;25.1;75.4;85.0;28.0;50.0;57.0;1;108;1;100;16268.24;11280.08;4988.17;32420.342
2026-06-16T14:05:19.636271+02:00;dhw;25.1;75.8;85.0;28.0;50.2;57.0;1;108;1;100;16268.32;11280.08;4988.25;32420.342
2026-06-16T14:05:30.218939+02:00;dhw;25.1;75.9;85.0;28.0;50.3;57.0;1;108;1;100;16268.37;11280.08;4988.29;32420.441
2026-06-16T14:05:40.894080+02:00;dhw;25.1;76.1;85.0;28.0;50.5;57.0;1;108;1;100;16268.41;11280.08;4988.33;32420.441
2026-06-16T14:05:51.796465+02:00;dhw;25.1;76.4;85.0;28.0;50.6;57.0;1;108;1;100;16268.45;11280.08;4988.37;32420.441
2026-06-16T14:06:02.985855+02:00;dhw;25.1;76.5;85.0;28.0;50.7;57.0;1;108;1;100;16268.5;11280.08;4988.42;32420.441
2026-06-16T14:06:13.644001+02:00;dhw;25.1;76.7;85.0;28.0;50.9;57.0;1;108;1;100;16268.54;11280.08;4988.46;32420.441
2026-06-16T14:06:25.360952+02:00;dhw;25.1;77.0;85.0;28.0;51.1;57.0;1;108;1;100;16268.58;11280.08;4988.5;32420.441
2026-06-16T14:06:36.032537+02:00;dhw;25.1;77.1;85.0;28.0;51.3;57.0;1;108;1;100;16268.62;11280.08;4988.54;32420.441
2026-06-16T14:06:46.897003+02:00;dhw;25.1;77.3;85.0;28.0;51.4;57.0;1;108;1;100;16268.66;11280.08;4988.58;32420.441
2026-06-16T14:06:57.536719+02:00;dhw;25.1;77.6;85.0;28.0;51.5;57.0;1;108;1;100;16268.7;11280.08;4988.63;32420.441
2026-06-16T14:07:08.321327+02:00;dhw;25.1;77.9;85.0;28.0;51.7;57.0;1;108;1;100;16268.79;11280.08;4988.71;32420.441
2026-06-16T14:07:19.037786+02:00;dhw;25.1;78.0;85.0;28.0;51.9;57.0;1;108;1;100;16268.83;11280.08;4988.75;32420.441
2026-06-16T14:07:29.788702+02:00;dhw;25.1;78.2;85.0;28.0;52.0;57.0;1;108;1;100;16268.87;11280.08;4988.79;32420.441
2026-06-16T14:07:40.443163+02:00;dhw;25.1;78.3;85.0;28.0;52.2;57.0;1;108;1;100;16268.91;11280.08;4988.84;32420.441
2026-06-16T14:07:51.718424+02:00;dhw;25.1;78.6;85.0;28.0;52.3;57.0;1;108;1;100;16268.95;11280.08;4988.87;32420.441
2026-06-16T14:08:02.332417+02:00;dhw;25.1;78.8;85.0;28.0;52.4;57.0;1;108;1;100;16269.0;11280.08;4988.92;32420.441
2026-06-16T14:08:13.307723+02:00;dhw;25.1;79.0;85.0;28.0;52.6;57.0;1;108;1;100;16269.04;11280.08;4988.96;32420.441
2026-06-16T14:08:24.037113+02:00;dhw;25.1;79.1;85.0;28.0;52.7;57.0;1;108;1;100;16269.08;11280.08;4989.0;32420.441
2026-06-16T14:08:34.689090+02:00;dhw;25.1;79.5;85.0;28.0;52.8;57.0;1;108;1;100;16269.12;11280.08;4989.04;32420.441
2026-06-16T14:08:45.448438+02:00;dhw;25.1;79.6;85.0;28.0;53.1;57.0;1;108;1;100;16269.16;11280.08;4989.08;32420.441
2026-06-16T14:08:56.212965+02:00;dhw;25.1;79.8;85.0;28.0;53.2;57.0;1;108;1;100;16269.2;11280.08;4989.13;32420.441
2026-06-16T14:09:06.861825+02:00;dhw;25.1;80.1;85.0;28.0;53.4;57.0;1;108;1;100;16269.27;11280.08;4989.2;32420.441
2026-06-16T14:09:17.516978+02:00;dhw;25.1;80.3;85.0;28.0;53.7;57.0;1;108;1;100;16269.33;11280.08;4989.25;32420.441
2026-06-16T14:09:28.201901+02:00;dhw;25.1;80.4;85.0;28.0;53.9;57.0;1;108;1;100;16269.37;11280.08;4989.3;32420.541
2026-06-16T14:09:38.850472+02:00;dhw;25.1;80.7;85.0;28.0;54.0;57.0;1;108;1;100;16269.41;11280.08;4989.34;32420.541
2026-06-16T14:09:50.159071+02:00;dhw;25.1;80.9;85.0;28.0;54.2;57.0;1;108;1;100;16269.46;11280.08;4989.38;32420.541
2026-06-16T14:10:01.073454+02:00;dhw;25.1;81.1;85.0;28.0;54.3;57.0;1;108;1;100;16269.49;11280.08;4989.41;32420.541
2026-06-16T14:10:11.692601+02:00;dhw;25.1;81.2;85.0;28.0;54.5;57.0;1;108;1;100;16269.54;11280.08;4989.46;32420.541
2026-06-16T14:10:22.333310+02:00;dhw;25.1;81.4;85.0;28.0;54.6;57.0;1;108;1;100;16269.58;11280.08;4989.5;32420.541
2026-06-16T14:10:33.168539+02:00;dhw;25.1;81.5;85.0;28.0;54.7;57.0;1;108;1;100;16269.62;11280.08;4989.55;32420.541
2026-06-16T14:10:44.361017+02:00;dhw;25.1;81.7;85.0;28.0;54.9;57.0;1;108;1;100;16269.66;11280.08;4989.59;32420.541
2026-06-16T14:10:55.110854+02:00;dhw;25.1;81.9;85.0;28.0;55.1;57.0;1;108;1;100;16269.71;11280.08;4989.64;32420.541
2026-06-16T14:11:06.098443+02:00;dhw;25.1;81.9;85.0;28.0;55.4;57.0;1;108;1;100;16269.71;11280.08;4989.64;32420.541
2026-06-16T14:11:16.748300+02:00;dhw;25.1;82.2;85.0;28.0;55.7;57.0;1;108;1;100;16269.79;11280.08;4989.71;32420.541
2026-06-16T14:11:27.562428+02:00;dhw;25.1;82.5;85.0;28.0;55.8;57.0;1;108;1;100;16269.88;11280.08;4989.8;32420.541
2026-06-16T14:11:38.220804+02:00;dhw;25.1;82.8;85.0;28.0;56.0;57.0;1;108;1;100;16269.91;11280.08;4989.84;32420.541
2026-06-16T14:11:49.275158+02:00;dhw;25.1;83.0;85.0;28.0;56.2;57.0;1;108;1;100;16269.96;11280.08;4989.88;32420.541
2026-06-16T14:12:00.517332+02:00;dhw;25.1;83.2;85.0;28.0;56.4;57.0;1;108;1;100;16270.0;11280.08;4989.92;32420.541
2026-06-16T14:12:11.290876+02:00;dhw;25.1;83.4;85.0;28.0;56.6;57.0;1;108;1;100;16270.04;11280.08;4989.97;32420.541
2026-06-16T14:12:22.663726+02:00;dhw;25.1;83.5;85.0;28.0;56.8;57.0;1;108;1;100;16270.08;11280.08;4990.01;32420.541
2026-06-16T14:12:33.611723+02:00;standby;25.1;83.8;85.0;28.0;57.1;57.0;0;0;1;100;16270.12;11280.08;4990.04;32420.541
2026-06-16T14:12:44.247164+02:00;standby;25.1;81.9;85.0;28.0;57.2;57.0;0;0;1;100;16270.12;11280.08;4990.04;32420.541
2026-06-16T14:12:54.865299+02:00;standby;25.1;79.9;85.0;28.0;57.4;57.0;0;0;1;100;16270.12;11280.08;4990.04;32420.541
2026-06-16T14:13:05.471562+02:00;standby;25.1;76.9;85.0;28.0;57.6;57.0;0;0;1;10;16270.12;11280.08;4990.04;32420.541
2026-06-16T14:13:16.091968+02:00;standby;25.1;74.8;85.0;28.0;57.7;57.0;0;0;1;10;16270.12;11280.08;4990.04;32420.541
2026-06-16T14:13:27.105739+02:00;standby;25.1;73.5;5.0;28.0;57.9;57.0;0;0;1;10;16270.12;11280.08;4990.04;32420.541
2026-06-16T14:14:27.685329+02:00;standby;25.1;66.2;5.0;28.0;58.8;57.0;0;0;1;10;16270.12;11280.08;4990.04;32420.541
2026-06-16T14:15:28.204724+02:00;standby;25.1;62.6;5.0;28.0;59.3;57.0;0;0;0;10;16270.12;11280.08;4990.04;32420.541
2026-06-16T14:16:29.176104+02:00;standby;25.1;63.4;5.0;28.0;59.6;57.0;0;0;0;0;16270.12;11280.08;4990.04;32420.541
2026-06-16T14:17:29.738424+02:00;standby;25.1;63.7;5.0;28.0;59.7;57.0;0;0;0;0;16270.12;11280.08;4990.04;32420.541
2026-06-16T14:18:30.256540+02:00;standby;26.3;64.0;5.0;28.0;59.7;57.0;0;0;0;0;16270.12;11280.08;4990.04;32420.541
2026-06-16T14:19:30.795529+02:00;standby;26.3;64.0;5.0;28.0;59.7;57.0;0;0;0;0;16270.12;11280.08;4990.04;32420.541
2026-06-16T14:20:31.310830+02:00;standby;26.3;64.0;5.0;28.0;59.7;57.0;0;0;0;0;16270.12;11280.08;4990.04;32420.541
2026-06-16T14:21:31.871940+02:00;standby;26.3;64.0;5.0;28.0;59.7;57.0;0;0;0;0;16270.12;11280.08;4990.04;32420.541
2026-06-16T14:22:32.457262+02:00;standby;26.3;63.8;5.0;28.0;59.7;57.0;0;0;0;0;16270.12;11280.08;4990.04;32420.541
2026-06-16T14:23:33.017337+02:00;standby;26.3;63.7;5.0;28.0;59.7;57.0;0;0;0;0;16270.12;11280.08;4990.04;32420.541
2026-06-16T14:24:34.065275+02:00;standby;26.3;63.6;5.0;28.0;59.7;57.0;0;0;0;0;16270.12;11280.08;4990.04;32420.541
2026-06-16T14:25:34.609407+02:00;standby;26.3;63.5;5.0;28.0;59.7;57.0;0;0;0;0;16270.12;11280.08;4990.04;32420.541
2026-06-16T14:26:35.141949+02:00;standby;26.3;63.4;5.0;28.0;59.7;57.0;0;0;0;0;16270.12;11280.08;4990.04;32420.541
2026-06-16T14:27:35.667562+02:00;standby;26.3;63.3;5.0;28.0;59.7;57.0;0;0;0;0;16270.12;11280.08;4990.04;32420.541
2026-06-16T14:28:36.166184+02:00;standby;26.3;63.1;5.0;28.0;59.7;57.0;0;0;0;0;16270.12;11280.08;4990.04;32420.541
2026-06-16T14:29:36.798126+02:00;standby;26.3;62.9;5.0;28.0;59.7;57.0;0;0;0;0;16270.12;11280.08;4990.04;32420.541
2026-06-16T14:30:37.312451+02:00;standby;26.3;62.8;5.0;28.0;59.7;57.0;0;0;0;0;16270.12;11280.08;4990.04;32420.541
2026-06-16T14:31:38.066303+02:00;standby;26.3;62.7;5.0;28.0;59.7;57.0;0;0;0;0;16270.12;11280.08;4990.04;32420.541
2026-06-16T14:32:38.571084+02:00;standby;26.3;62.6;5.0;28.0;59.7;57.0;0;0;0;0;16270.12;11280.08;4990.04;32420.541
2026-06-16T14:33:39.089482+02:00;standby;26.3;62.4;5.0;28.0;59.6;57.0;0;0;0;0;16270.12;11280.08;4990.04;32420.541
2026-06-16T14:34:39.700701+02:00;standby;26.3;62.3;5.0;28.0;59.6;57.0;0;0;0;0;16270.12;11280.08;4990.04;32420.541
2026-06-16T14:35:40.227638+02:00;standby;26.3;62.1;5.0;28.0;59.6;57.0;0;0;0;0;16270.12;11280.08;4990.04;32420.541
2026-06-16T14:36:40.751936+02:00;standby;26.3;62.0;5.0;28.0;59.6;57.0;0;0;0;0;16270.12;11280.08;4990.04;32420.541
2026-06-16T14:37:41.277283+02:00;standby;26.3;61.9;5.0;28.0;59.6;57.0;0;0;0;0;16270.12;11280.08;4990.04;32420.541
2026-06-16T14:38:42.001468+02:00;standby;26.3;61.7;5.0;28.0;59.6;57.0;0;0;0;0;16270.12;11280.08;4990.04;32420.541
2026-06-16T14:39:42.503347+02:00;standby;26.3;61.5;5.0;28.0;59.6;57.0;0;0;0;0;16270.12;11280.08;4990.04;32420.541
2026-06-16T14:40:43.223652+02:00;standby;26.3;61.4;5.0;28.0;59.6;57.0;0;0;0;0;16270.12;11280.08;4990.04;32420.541
2026-06-16T14:41:43.842425+02:00;standby;26.3;61.3;5.0;28.0;59.6;57.0;0;0;0;0;16270.12;11280.08;4990.04;32420.541
2026-06-16T14:42:44.418774+02:00;standby;26.3;61.2;5.0;28.0;59.6;57.0;0;0;0;0;16270.12;11280.08;4990.04;32420.541
2026-06-16T14:43:44.960007+02:00;standby;26.3;60.9;5.0;28.0;59.6;57.0;0;0;0;0;16270.12;11280.08;4990.04;32420.541
2026-06-16T14:44:45.481279+02:00;standby;26.3;60.8;5.0;28.0;59.6;57.0;0;0;0;0;16270.12;11280.08;4990.04;32420.541
2026-06-16T14:45:46.062744+02:00;standby;26.3;60.7;5.0;28.0;59.6;57.0;0;0;0;0;16270.12;11280.08;4990.04;32420.541
2026-06-16T14:46:46.648204+02:00;standby;26.3;60.5;5.0;28.0;59.6;57.0;0;0;0;0;16270.12;11280.08;4990.04;32420.541
2026-06-16T14:47:47.175184+02:00;standby;26.3;60.3;5.0;28.0;59.6;57.0;0;0;0;0;16270.12;11280.08;4990.04;32420.541
2026-06-16T14:48:48.149809+02:00;standby;26.3;60.2;5.0;28.0;59.5;57.0;0;0;0;0;16270.12;11280.08;4990.04;32420.541
2026-06-16T14:49:49.148893+02:00;standby;26.3;60.0;5.0;28.0;59.5;57.0;0;0;0;0;16270.12;11280.08;4990.04;32420.541
2026-06-16T14:50:49.977843+02:00;standby;26.3;59.9;5.0;28.0;59.5;57.0;0;0;0;0;16270.12;11280.08;4990.04;32420.541
2026-06-16T14:51:50.487001+02:00;standby;26.3;59.8;5.0;28.0;59.5;57.0;0;0;0;0;16270.12;11280.08;4990.04;32420.541
2026-06-16T14:52:51.009235+02:00;standby;26.3;59.5;5.0;28.0;59.5;57.0;0;0;0;0;16270.12;11280.08;4990.04;32420.541
2026-06-16T14:53:51.717284+02:00;standby;26.3;59.4;5.0;28.0;59.5;57.0;0;0;0;0;16270.12;11280.08;4990.04;32420.541
2026-06-16T14:54:52.253019+02:00;standby;26.3;59.3;5.0;28.0;59.5;57.0;0;0;0;0;16270.12;11280.08;4990.04;32420.541
2026-06-16T14:55:52.780931+02:00;standby;26.3;59.1;5.0;28.0;59.5;57.0;0;0;0;0;16270.12;11280.08;4990.04;32420.541
2026-06-16T14:56:53.329246+02:00;standby;26.3;59.0;5.0;28.0;59.5;57.0;0;0;0;0;16270.12;11280.08;4990.04;32420.541
2026-06-16T14:57:53.993641+02:00;standby;26.3;58.9;5.0;28.0;59.5;57.0;0;0;0;0;16270.12;11280.08;4990.04;32420.541
2026-06-16T14:58:54.540541+02:00;standby;26.3;58.6;5.0;28.0;59.5;57.0;0;0;0;0;16270.12;11280.08;4990.04;32420.541
2026-06-16T14:59:55.135572+02:00;standby;26.3;58.5;5.0;28.0;59.5;57.0;0;0;0;0;16270.12;11280.08;4990.04;32420.541
2026-06-16T15:00:55.668989+02:00;standby;26.3;58.4;5.0;28.0;59.4;57.0;0;0;0;0;16270.12;11280.08;4990.04;32420.541
2026-06-16T15:01:56.273381+02:00;standby;26.3;58.2;5.0;28.0;59.5;57.0;0;0;0;0;16270.12;11280.08;4990.04;32420.541
2026-06-16T15:02:56.854322+02:00;standby;26.3;58.0;5.0;28.0;59.4;57.0;0;0;0;0;16270.12;11280.08;4990.04;32420.541
2026-06-16T15:03:57.434120+02:00;standby;26.3;57.8;5.0;28.0;59.4;57.0;0;0;0;0;16270.12;11280.08;4990.04;32420.541
2026-06-16T15:04:58.147971+02:00;standby;26.3;57.7;5.0;28.0;59.4;57.0;0;0;0;0;16270.12;11280.08;4990.04;32420.541
2026-06-16T15:05:58.985387+02:00;standby;26.3;57.6;5.0;28.0;59.4;57.0;0;0;0;0;16270.12;11280.08;4990.04;32420.541
2026-06-16T15:06:59.607966+02:00;standby;26.3;57.4;5.0;28.0;59.4;57.0;0;0;0;0;16270.12;11280.08;4990.04;32420.541
2026-06-16T15:08:00.190588+02:00;standby;26.3;57.3;5.0;28.0;59.4;57.0;0;0;0;0;16270.12;11280.08;4990.04;32420.541
2026-06-16T15:09:00.748875+02:00;standby;26.3;57.2;5.0;28.0;59.4;57.0;0;0;0;0;16270.12;11280.08;4990.04;32420.541
2026-06-16T15:10:01.249169+02:00;standby;26.3;56.9;5.0;28.0;59.4;57.0;0;0;0;0;16270.12;11280.08;4990.04;32420.541
2026-06-16T15:11:01.798750+02:00;standby;26.3;56.8;5.0;28.0;59.4;57.0;0;0;0;0;16270.12;11280.08;4990.04;32420.541
2026-06-16T15:12:02.495565+02:00;standby;26.3;56.7;5.0;28.0;59.4;57.0;0;0;0;0;16270.12;11280.08;4990.04;32420.541
2026-06-16T15:13:03.148326+02:00;standby;26.3;56.5;5.0;28.0;59.4;57.0;0;0;0;0;16270.12;11280.08;4990.04;32420.541
2026-06-16T15:14:03.854206+02:00;standby;26.3;56.4;5.0;28.0;59.3;57.0;0;0;0;0;16270.12;11280.08;4990.04;32420.541
2026-06-16T15:15:04.473327+02:00;standby;26.3;56.1;5.0;28.0;59.3;57.0;0;0;0;0;16270.12;11280.08;4990.04;32420.541
2026-06-16T15:16:04.999412+02:00;standby;26.3;56.0;5.0;28.0;59.3;57.0;0;0;0;0;16270.12;11280.08;4990.04;32420.541
2026-06-16T15:17:05.704790+02:00;standby;26.3;55.9;5.0;28.0;59.3;57.0;0;0;0;0;16270.12;11280.08;4990.04;32420.541
2026-06-16T15:18:06.427737+02:00;standby;26.3;55.7;5.0;28.0;59.3;57.0;0;0;0;0;16270.12;11280.08;4990.04;32420.541
2026-06-16T15:19:07.176813+02:00;standby;25.2;55.6;5.0;28.0;59.3;57.0;0;0;0;0;16270.12;11280.08;4990.04;32420.541
2026-06-16T15:20:07.698652+02:00;standby;25.2;55.5;5.0;28.0;59.3;57.0;0;0;0;0;16270.12;11280.08;4990.04;32420.541
2026-06-16T15:21:08.321970+02:00;standby;25.2;55.3;5.0;28.0;59.3;57.0;0;0;0;0;16270.12;11280.08;4990.04;32420.541
2026-06-16T15:22:09.009683+02:00;standby;25.2;55.1;5.0;28.0;59.3;57.0;0;0;0;0;16270.12;11280.08;4990.04;32420.541
2026-06-16T15:23:09.551999+02:00;standby;25.2;55.0;5.0;28.0;59.3;57.0;0;0;0;0;16270.12;11280.08;4990.04;32420.541
2026-06-16T15:24:10.186170+02:00;standby;25.2;54.9;5.0;28.0;59.3;57.0;0;0;0;0;16270.12;11280.08;4990.04;32420.541
2026-06-16T15:25:11.435562+02:00;standby;25.2;54.7;5.0;28.0;59.3;57.0;0;0;0;0;16270.12;11280.08;4990.04;32420.541
2026-06-16T15:26:12.014915+02:00;standby;25.2;54.6;5.0;28.0;59.3;57.0;0;0;0;0;16270.12;11280.08;4990.04;32420.541
2026-06-16T15:27:12.739144+02:00;standby;25.2;54.4;5.0;28.0;59.2;57.0;0;0;0;0;16270.12;11280.08;4990.04;32420.541
2026-06-16T15:28:13.289252+02:00;standby;25.2;54.2;5.0;28.0;59.2;57.0;0;0;0;0;16270.12;11280.08;4990.04;32420.541
2026-06-16T15:29:13.778476+02:00;standby;25.2;54.1;5.0;28.0;59.2;57.0;0;0;0;0;16270.12;11280.08;4990.04;32420.541
2026-06-16T15:30:14.746753+02:00;standby;25.2;54.0;5.0;28.0;59.2;57.0;0;0;0;0;16270.12;11280.08;4990.04;32420.541
2026-06-16T15:31:15.358317+02:00;standby;25.2;53.9;5.0;28.0;59.2;57.0;0;0;0;0;16270.12;11280.08;4990.04;32420.541
2026-06-16T15:32:15.881704+02:00;standby;25.2;53.7;5.0;28.0;59.2;57.0;0;0;0;0;16270.12;11280.08;4990.04;32420.541
2026-06-16T15:33:16.486813+02:00;standby;25.2;53.6;5.0;28.0;59.2;57.0;0;0;0;0;16270.12;11280.08;4990.04;32420.541
2026-06-16T15:34:17.223804+02:00;standby;25.2;53.4;5.0;28.0;59.2;57.0;0;0;0;0;16270.12;11280.08;4990.04;32420.541
2026-06-16T15:35:17.914086+02:00;standby;25.2;53.3;5.0;28.0;59.2;57.0;0;0;0;0;16270.12;11280.08;4990.04;32420.541
2026-06-16T15:36:18.459411+02:00;standby;25.2;53.1;5.0;28.0;59.2;57.0;0;0;0;0;16270.12;11280.08;4990.04;32420.541
2026-06-16T15:37:19.184752+02:00;standby;25.2;53.0;5.0;28.0;59.2;57.0;0;0;0;0;16270.12;11280.08;4990.04;32420.541
2026-06-16T15:38:19.798195+02:00;standby;25.2;52.9;5.0;28.0;59.2;57.0;0;0;0;0;16270.12;11280.08;4990.04;32420.541
2026-06-16T15:39:20.380759+02:00;standby;25.2;52.8;5.0;28.0;59.2;57.0;0;0;0;0;16270.12;11280.08;4990.04;32420.541
2026-06-16T15:40:20.936451+02:00;standby;25.2;52.7;5.0;28.0;59.2;57.0;0;0;0;0;16270.12;11280.08;4990.04;32420.541
2026-06-16T15:41:21.551975+02:00;standby;25.2;52.4;5.0;28.0;59.1;57.0;0;0;0;0;16270.12;11280.08;4990.04;32420.541
2026-06-16T15:42:22.196027+02:00;standby;25.2;52.3;5.0;28.0;59.1;57.0;0;0;0;0;16270.12;11280.08;4990.04;32420.541
2026-06-16T15:43:22.709420+02:00;standby;25.2;52.2;5.0;28.0;59.1;57.0;0;0;0;0;16270.12;11280.08;4990.04;32420.541
2026-06-16T15:44:23.353730+02:00;standby;25.2;52.1;5.0;28.0;59.1;57.0;0;0;0;0;16270.12;11280.08;4990.04;32420.541
2026-06-16T15:45:23.856328+02:00;standby;25.2;52.0;5.0;28.0;59.1;57.0;0;0;0;0;16270.12;11280.08;4990.04;32420.541
2026-06-16T15:46:24.479991+02:00;standby;25.2;51.8;5.0;28.0;59.1;57.0;0;0;0;0;16270.12;11280.08;4990.04;32420.541
2026-06-16T15:47:26.127927+02:00;standby;25.2;51.7;5.0;28.0;59.1;57.0;0;0;0;0;16270.12;11280.08;4990.04;32420.541
2026-06-16T15:48:26.640368+02:00;standby;25.2;51.6;5.0;28.0;59.1;57.0;0;0;0;0;16270.12;11280.08;4990.04;32420.541
2026-06-16T15:49:27.159256+02:00;standby;25.2;51.4;5.0;28.0;59.1;57.0;0;0;0;0;16270.12;11280.08;4990.04;32420.541
2026-06-16T15:50:27.873101+02:00;standby;25.2;51.3;5.0;28.0;59.1;57.0;0;0;0;0;16270.12;11280.08;4990.04;32420.541
2026-06-16T15:51:28.988855+02:00;standby;25.2;51.2;5.0;28.0;59.1;57.0;0;0;0;0;16270.12;11280.08;4990.04;32420.541
2026-06-16T15:52:29.527265+02:00;standby;25.2;51.0;5.0;28.0;59.1;57.0;0;0;0;0;16270.12;11280.08;4990.04;32420.541
2026-06-16T15:53:30.133378+02:00;standby;25.2;50.9;5.0;28.0;58.9;57.0;0;0;0;0;16270.12;11280.08;4990.04;32420.541
2026-06-16T15:54:30.691843+02:00;standby;25.2;50.8;5.0;28.0;58.9;57.0;0;0;0;0;16270.12;11280.08;4990.04;32420.541
2026-06-16T15:55:31.401036+02:00;standby;25.2;50.7;5.0;28.0;58.9;57.0;0;0;0;0;16270.12;11280.08;4990.04;32420.541
2026-06-16T15:56:31.935651+02:00;standby;25.2;50.6;5.0;28.0;58.9;57.0;0;0;0;0;16270.12;11280.08;4990.04;32420.541
2026-06-16T15:57:32.438706+02:00;standby;25.2;50.4;5.0;28.0;58.9;57.0;0;0;0;0;16270.12;11280.08;4990.04;32420.541
2026-06-16T15:58:33.029541+02:00;standby;25.2;50.3;5.0;28.0;58.9;57.0;0;0;0;0;16270.12;11280.08;4990.04;32420.541
2026-06-16T15:59:33.584201+02:00;standby;25.2;50.2;5.0;28.0;58.9;57.0;0;0;0;0;16270.12;11280.08;4990.04;32420.541
2026-06-16T16:00:34.179497+02:00;standby;25.2;50.1;5.0;28.0;58.9;57.0;0;0;0;0;16270.12;11280.08;4990.04;32420.541
2026-06-16T16:01:35.214073+02:00;standby;25.2;50.0;5.0;28.0;58.9;57.0;0;0;0;0;16270.12;11280.08;4990.04;32420.541
2026-06-16T16:02:35.742182+02:00;standby;25.2;49.8;5.0;28.0;58.9;57.0;0;0;0;0;16270.12;11280.08;4990.04;32420.541
2026-06-16T16:03:36.267968+02:00;standby;25.2;49.7;5.0;28.0;58.9;57.0;0;0;0;0;16270.12;11280.08;4990.04;32420.541
2026-06-16T16:04:36.881227+02:00;standby;25.2;49.5;5.0;28.0;58.9;57.0;0;0;0;0;16270.12;11280.08;4990.04;32420.541
2026-06-16T16:05:37.487266+02:00;standby;25.2;49.4;5.0;28.0;58.9;57.0;0;0;0;0;16270.12;11280.08;4990.04;32420.541
2026-06-16T16:06:38.005045+02:00;standby;25.2;49.3;5.0;28.0;58.8;57.0;0;0;0;0;16270.12;11280.08;4990.04;32420.541
2026-06-16T16:07:38.549387+02:00;standby;25.2;49.2;5.0;28.0;58.8;57.0;0;0;0;0;16270.12;11280.08;4990.04;32420.541
2026-06-16T16:08:39.073611+02:00;standby;25.2;49.1;5.0;28.0;58.8;57.0;0;0;0;0;16270.12;11280.08;4990.04;32420.541
2026-06-16T16:09:39.589122+02:00;standby;25.2;49.0;5.0;28.0;58.8;57.0;0;0;0;0;16270.12;11280.08;4990.04;32420.541
2026-06-16T16:10:40.103239+02:00;standby;25.2;48.9;5.0;28.0;58.8;57.0;0;0;0;0;16270.12;11280.08;4990.04;32420.541
2026-06-16T16:11:40.640925+02:00;standby;25.2;48.7;5.0;28.0;58.8;57.0;0;0;0;0;16270.12;11280.08;4990.04;32420.541
2026-06-16T16:12:41.260827+02:00;standby;25.2;48.6;5.0;28.0;58.8;57.0;0;0;0;0;16270.12;11280.08;4990.04;32420.541
2026-06-16T16:13:41.788759+02:00;standby;25.2;48.5;5.0;28.0;58.8;57.0;0;0;0;0;16270.12;11280.08;4990.04;32420.541
2026-06-16T16:14:42.300374+02:00;standby;25.2;48.4;5.0;28.0;58.8;57.0;0;0;0;0;16270.12;11280.08;4990.04;32420.541
2026-06-16T16:15:45.242131+02:00;standby;25.2;48.3;5.0;28.0;58.8;57.0;0;0;0;0;16270.12;11280.08;4990.04;32420.541
2026-06-16T16:16:46.290539+02:00;standby;25.2;48.2;5.0;28.0;58.8;57.0;0;0;0;0;16270.12;11280.08;4990.04;32420.541
2026-06-16T16:17:47.100574+02:00;standby;25.2;48.1;5.0;28.0;58.7;57.0;0;0;0;0;16270.12;11280.08;4990.04;32420.541
2026-06-16T16:18:48.160624+02:00;standby;25.2;48.0;5.0;28.0;58.7;57.0;0;0;0;0;16270.12;11280.08;4990.04;32420.541
2026-06-16T16:19:48.685471+02:00;standby;24.4;47.8;5.0;28.0;58.7;57.0;0;0;0;0;16270.12;11280.08;4990.04;32420.541
2026-06-16T16:20:49.305267+02:00;standby;24.4;47.7;5.0;28.0;58.7;57.0;0;0;0;0;16270.12;11280.08;4990.04;32420.541
2026-06-16T16:21:49.823924+02:00;standby;24.4;47.6;5.0;28.0;58.7;57.0;0;0;0;0;16270.12;11280.08;4990.04;32420.541
2026-06-16T16:22:50.638403+02:00;standby;24.4;47.5;5.0;28.0;58.7;57.0;0;0;0;0;16270.12;11280.08;4990.04;32420.541
2026-06-16T16:23:51.566617+02:00;standby;24.4;47.4;5.0;28.0;58.7;57.0;0;0;0;0;16270.12;11280.08;4990.04;32420.541
2026-06-16T16:24:52.184206+02:00;standby;24.4;47.4;5.0;28.0;58.7;57.0;0;0;0;0;16270.12;11280.08;4990.04;32420.541
2026-06-16T16:25:52.730203+02:00;standby;24.4;47.3;5.0;28.0;58.7;57.0;0;0;0;0;16270.12;11280.08;4990.04;32420.541
2026-06-16T16:26:53.247528+02:00;standby;24.4;47.2;5.0;28.0;58.7;57.0;0;0;0;0;16270.12;11280.08;4990.04;32420.541
2026-06-16T16:27:53.841338+02:00;standby;24.4;47.0;5.0;28.0;58.7;57.0;0;0;0;0;16270.12;11280.08;4990.04;32420.541
2026-06-16T16:28:54.450425+02:00;standby;24.4;46.9;5.0;28.0;58.7;57.0;0;0;0;0;16270.12;11280.08;4990.04;32420.541
2026-06-16T16:29:55.013928+02:00;standby;24.4;46.8;5.0;28.0;58.7;57.0;0;0;0;0;16270.12;11280.08;4990.04;32420.541
2026-06-16T16:30:55.608846+02:00;standby;24.4;46.7;5.0;28.0;58.7;57.0;0;0;0;0;16270.12;11280.08;4990.04;32420.541
2026-06-16T16:31:56.312832+02:00;standby;24.4;46.6;5.0;28.0;58.6;57.0;0;0;0;0;16270.12;11280.08;4990.04;32420.541
2026-06-16T16:32:56.860566+02:00;standby;24.4;46.5;5.0;28.0;58.6;57.0;0;0;0;0;16270.12;11280.08;4990.04;32420.541
2026-06-16T16:33:57.468771+02:00;standby;24.4;46.4;5.0;28.0;58.6;57.0;0;0;0;0;16270.12;11280.08;4990.04;32420.541
2026-06-16T16:34:58.102460+02:00;standby;24.4;46.2;5.0;28.0;58.6;57.0;0;0;0;0;16270.12;11280.08;4990.04;32420.541
2026-06-16T16:35:58.623545+02:00;standby;24.4;46.2;5.0;28.0;58.6;57.0;0;0;0;0;16270.12;11280.08;4990.04;32420.541
2026-06-16T16:36:59.337133+02:00;standby;24.4;46.1;5.0;28.0;58.6;57.0;0;0;0;0;16270.12;11280.08;4990.04;32420.541
2026-06-16T16:38:00.095279+02:00;standby;24.4;46.0;5.0;28.0;58.6;57.0;0;0;0;0;16270.12;11280.08;4990.04;32420.541
2026-06-16T16:39:00.591618+02:00;standby;24.4;45.9;5.0;28.0;58.6;57.0;0;0;0;0;16270.12;11280.08;4990.04;32420.541
2026-06-16T16:40:01.114885+02:00;standby;24.4;45.8;5.0;28.0;58.6;57.0;0;0;0;0;16270.12;11280.08;4990.04;32420.541
2026-06-16T16:41:01.811087+02:00;standby;24.4;45.7;5.0;28.0;58.6;57.0;0;0;0;0;16270.12;11280.08;4990.04;32420.541
2026-06-16T16:42:02.370089+02:00;standby;24.4;45.6;5.0;28.0;58.6;57.0;0;0;0;0;16270.12;11280.08;4990.04;32420.541
2026-06-16T16:43:02.956566+02:00;standby;24.4;45.5;5.0;28.0;58.6;57.0;0;0;0;0;16270.12;11280.08;4990.04;32420.541
2026-06-16T16:44:03.898182+02:00;standby;24.4;45.5;5.0;28.0;58.6;57.0;0;0;0;0;16270.12;11280.08;4990.04;32420.541
2026-06-16T16:45:04.493244+02:00;standby;24.4;45.3;5.0;28.0;58.5;57.0;0;0;0;0;16270.12;11280.08;4990.04;32420.541
2026-06-16T16:46:05.225716+02:00;standby;24.4;45.2;5.0;28.0;58.5;57.0;0;0;0;0;16270.12;11280.08;4990.04;32420.541
2026-06-16T16:47:05.760880+02:00;standby;24.4;45.1;5.0;28.0;58.5;57.0;0;0;0;0;16270.12;11280.08;4990.04;32420.541
2026-06-16T16:48:06.300832+02:00;standby;24.4;45.0;5.0;28.0;58.5;57.0;0;0;0;0;16270.12;11280.08;4990.04;32420.541
2026-06-16T16:49:06.912365+02:00;standby;24.4;45.0;5.0;28.0;58.5;57.0;0;0;0;0;16270.12;11280.08;4990.04;32420.541
2026-06-16T16:50:07.855497+02:00;standby;24.4;44.9;5.0;28.0;58.5;57.0;0;0;0;0;16270.12;11280.08;4990.04;32420.541
2026-06-16T16:51:08.377867+02:00;standby;24.4;44.8;5.0;28.0;58.5;57.0;0;0;0;0;16270.12;11280.08;4990.04;32420.541
2026-06-16T16:52:08.891598+02:00;standby;24.4;44.7;5.0;28.0;58.5;57.0;0;0;0;0;16270.12;11280.08;4990.04;32420.541
2026-06-16T16:53:09.606830+02:00;standby;24.4;44.5;5.0;28.0;58.5;57.0;0;0;0;0;16270.12;11280.08;4990.04;32420.541
2026-06-16T16:54:10.113918+02:00;standby;24.4;44.5;5.0;28.0;58.5;57.0;0;0;0;0;16270.12;11280.08;4990.04;32420.541
2026-06-16T16:55:11.024224+02:00;standby;24.4;44.4;5.0;28.0;58.5;57.0;0;0;0;0;16270.12;11280.08;4990.04;32420.541
2026-06-16T16:56:11.583659+02:00;standby;24.4;44.3;5.0;28.0;58.5;57.0;0;0;0;0;16270.12;11280.08;4990.04;32420.541
2026-06-16T16:57:12.101696+02:00;standby;24.4;44.2;5.0;28.0;58.5;57.0;0;0;0;0;16270.12;11280.08;4990.04;32420.541
2026-06-16T16:58:12.709022+02:00;standby;24.4;44.2;5.0;28.0;58.5;57.0;0;0;0;0;16270.12;11280.08;4990.04;32420.541
2026-06-16T16:59:13.330151+02:00;standby;24.4;44.1;5.0;28.0;58.4;57.0;0;0;0;0;16270.12;11280.08;4990.04;32420.541
2026-06-16T17:00:14.055382+02:00;standby;24.4;44.0;5.0;28.0;58.4;57.0;0;0;0;0;16270.12;11280.08;4990.04;32420.541
2026-06-16T17:01:14.585660+02:00;standby;24.4;43.9;5.0;28.0;58.4;57.0;0;0;0;0;16270.12;11280.08;4990.04;32420.541
2026-06-16T17:02:15.312525+02:00;standby;24.4;43.9;5.0;28.0;58.4;57.0;0;0;0;0;16270.12;11280.08;4990.04;32420.541
2026-06-16T17:03:16.093595+02:00;standby;24.4;43.7;5.0;28.0;58.4;57.0;0;0;0;0;16270.12;11280.08;4990.04;32420.541
2026-06-16T17:04:16.645471+02:00;standby;24.4;43.6;5.0;28.0;58.4;57.0;0;0;0;0;16270.12;11280.08;4990.04;32420.541
2026-06-16T17:05:17.178649+02:00;standby;24.4;43.5;5.0;28.0;58.4;57.0;0;0;0;0;16270.12;11280.08;4990.04;32420.541
2026-06-16T17:06:17.865422+02:00;standby;24.4;43.5;5.0;28.0;58.4;57.0;0;0;0;0;16270.12;11280.08;4990.04;32420.541
2026-06-16T17:07:18.422140+02:00;standby;24.4;43.4;5.0;28.0;58.4;57.0;0;0;0;0;16270.12;11280.08;4990.04;32420.541
2026-06-16T17:08:18.944083+02:00;standby;24.4;43.3;5.0;28.0;58.4;57.0;0;0;0;0;16270.12;11280.08;4990.04;32420.541
2026-06-16T17:09:19.873605+02:00;standby;24.4;43.2;5.0;28.0;58.4;57.0;0;0;0;0;16270.12;11280.08;4990.04;32420.541
2026-06-16T17:10:20.493143+02:00;standby;24.4;43.2;5.0;28.0;58.4;57.0;0;0;0;0;16270.12;11280.08;4990.04;32420.541
2026-06-16T17:11:21.013634+02:00;standby;24.4;43.1;5.0;28.0;58.3;57.0;0;0;0;0;16270.12;11280.08;4990.04;32420.541
2026-06-16T17:12:21.518556+02:00;standby;24.4;43.0;5.0;28.0;58.3;57.0;0;0;0;0;16270.12;11280.08;4990.04;32420.541
2026-06-16T17:13:22.114504+02:00;standby;24.4;43.0;5.0;28.0;58.3;57.0;0;0;0;0;16270.12;11280.08;4990.04;32420.541
2026-06-16T17:14:22.748322+02:00;standby;24.4;42.8;5.0;28.0;58.3;57.0;0;0;0;0;16270.12;11280.08;4990.04;32420.541
2026-06-16T17:15:23.285943+02:00;standby;24.4;42.7;5.0;28.0;58.3;57.0;0;0;0;0;16270.12;11280.08;4990.04;32420.541
2026-06-16T17:16:23.883502+02:00;standby;24.4;42.7;5.0;28.0;58.3;57.0;0;0;0;0;16270.12;11280.08;4990.04;32420.541
2026-06-16T17:17:24.730799+02:00;standby;24.4;42.6;5.0;28.0;58.3;57.0;0;0;0;0;16270.12;11280.08;4990.04;32420.541
2026-06-16T17:18:25.348146+02:00;standby;24.4;42.5;5.0;28.0;58.3;57.0;0;0;0;0;16270.12;11280.08;4990.04;32420.541
2026-06-16T17:19:25.880497+02:00;standby;24.4;42.5;5.0;28.0;58.3;57.0;0;0;0;0;16270.12;11280.08;4990.04;32420.541
2026-06-16T17:20:26.377604+02:00;standby;24.2;42.4;5.0;28.0;58.3;57.0;0;0;0;0;16270.12;11280.08;4990.04;32420.541
2026-06-16T17:21:27.129420+02:00;standby;24.2;42.3;5.0;28.0;58.3;57.0;0;0;0;0;16270.12;11280.08;4990.04;32420.541
2026-06-16T17:22:27.916543+02:00;standby;24.2;42.3;5.0;28.0;58.3;57.0;0;0;0;0;16270.12;11280.08;4990.04;32420.541
2026-06-16T17:23:28.461764+02:00;standby;24.2;42.2;5.0;28.0;58.3;57.0;0;0;0;0;16270.12;11280.08;4990.04;32420.541
2026-06-16T17:24:29.302074+02:00;standby;24.2;42.0;5.0;28.0;58.2;57.0;0;0;0;0;16270.12;11280.08;4990.04;32420.541
2026-06-16T17:25:29.807954+02:00;standby;24.2;41.9;5.0;28.0;58.2;57.0;0;0;0;0;16270.12;11280.08;4990.04;32420.541
2026-06-16T17:26:30.443044+02:00;standby;24.2;41.9;5.0;28.0;58.2;57.0;0;0;0;0;16270.12;11280.08;4990.04;32420.541
2026-06-16T17:27:31.045900+02:00;standby;24.2;41.8;5.0;28.0;58.2;57.0;0;0;0;0;16270.12;11280.08;4990.04;32420.541
2026-06-16T17:28:31.740610+02:00;standby;24.2;41.8;5.0;28.0;58.2;57.0;0;0;0;0;16270.12;11280.08;4990.04;32420.541
2026-06-16T17:29:32.370158+02:00;standby;24.2;41.7;5.0;28.0;58.2;57.0;0;0;0;0;16270.12;11280.08;4990.04;32420.541
2026-06-16T17:30:32.983764+02:00;standby;24.2;41.6;5.0;28.0;58.2;57.0;0;0;0;0;16270.12;11280.08;4990.04;32420.541
2026-06-16T17:31:33.621268+02:00;standby;24.2;41.6;5.0;28.0;58.2;57.0;0;0;0;0;16270.12;11280.08;4990.04;32420.541
2026-06-16T17:32:34.450286+02:00;standby;24.2;41.5;5.0;28.0;58.2;57.0;0;0;0;0;16270.12;11280.08;4990.04;32420.541
2026-06-16T17:33:34.981079+02:00;standby;24.2;41.4;5.0;28.0;58.2;57.0;0;0;0;0;16270.12;11280.08;4990.04;32420.541
2026-06-16T17:34:35.573945+02:00;standby;24.2;41.4;5.0;28.0;58.2;57.0;0;0;0;0;16270.12;11280.08;4990.04;32420.541
2026-06-16T17:35:36.324744+02:00;standby;24.2;41.2;5.0;28.0;58.1;57.0;0;0;0;0;16270.12;11280.08;4990.04;32420.541
2026-06-16T17:36:36.849282+02:00;standby;24.2;41.2;5.0;28.0;58.1;57.0;0;0;0;0;16270.12;11280.08;4990.04;32420.541
2026-06-16T17:37:37.369041+02:00;standby;24.2;41.1;5.0;28.0;58.1;57.0;0;0;0;0;16270.12;11280.08;4990.04;32420.541
2026-06-16T17:38:38.404169+02:00;standby;24.2;41.1;5.0;28.0;58.1;57.0;0;0;0;0;16270.12;11280.08;4990.04;32420.541
2026-06-16T17:39:38.909123+02:00;standby;24.2;41.0;5.0;28.0;58.1;57.0;0;0;0;0;16270.12;11280.08;4990.04;32420.541
2026-06-16T17:40:39.435248+02:00;standby;24.2;40.9;5.0;28.0;58.1;57.0;0;0;0;0;16270.12;11280.08;4990.04;32420.541
2026-06-16T17:41:40.066427+02:00;standby;24.2;40.9;5.0;28.0;58.1;57.0;0;0;0;0;16270.12;11280.08;4990.04;32420.541
2026-06-16T17:42:40.671783+02:00;standby;24.2;40.8;5.0;28.0;58.1;57.0;0;0;0;0;16270.12;11280.08;4990.04;32420.541
2026-06-16T17:43:41.498613+02:00;standby;24.2;40.7;5.0;28.0;58.1;57.0;0;0;0;0;16270.12;11280.08;4990.04;32420.541
2026-06-16T17:44:42.038019+02:00;standby;24.2;40.7;5.0;28.0;58.1;57.0;0;0;0;0;16270.12;11280.08;4990.04;32420.541
2026-06-16T17:45:42.536798+02:00;standby;24.2;40.6;5.0;28.0;58.1;57.0;0;0;0;0;16270.12;11280.08;4990.04;32420.541
2026-06-16T17:46:43.068069+02:00;standby;24.2;40.6;5.0;28.0;58.0;57.0;0;0;0;0;16270.12;11280.08;4990.04;32420.541
2026-06-16T17:47:43.649608+02:00;standby;24.2;40.5;5.0;28.0;58.0;57.0;0;0;0;0;16270.12;11280.08;4990.04;32420.541
2026-06-16T17:48:44.196104+02:00;standby;24.2;40.5;5.0;28.0;58.0;57.0;0;0;0;0;16270.12;11280.08;4990.04;32420.541
2026-06-16T17:49:44.737468+02:00;standby;24.2;40.3;5.0;28.0;58.0;57.0;0;0;0;0;16270.12;11280.08;4990.04;32420.541
2026-06-16T17:50:45.323212+02:00;standby;24.2;40.2;5.0;28.0;58.0;57.0;0;0;0;0;16270.12;11280.08;4990.04;32420.541
2026-06-16T17:51:45.854790+02:00;standby;24.2;40.2;5.0;28.0;58.0;57.0;0;0;0;0;16270.12;11280.08;4990.04;32420.541
2026-06-16T17:52:46.470164+02:00;standby;24.2;40.1;5.0;28.0;58.0;57.0;0;0;0;0;16270.12;11280.08;4990.04;32420.541
2026-06-16T17:53:47.504116+02:00;standby;24.2;40.1;5.0;28.0;58.0;57.0;0;0;0;0;16270.12;11280.08;4990.04;32420.541
2026-06-16T17:54:48.413338+02:00;standby;24.2;40.0;5.0;28.0;58.0;57.0;0;0;0;0;16270.12;11280.08;4990.04;32420.541
2026-06-16T17:55:48.955986+02:00;standby;24.2;40.0;5.0;28.0;58.0;57.0;0;0;0;0;16270.12;11280.08;4990.04;32420.541
2026-06-16T17:56:49.481469+02:00;standby;24.2;39.9;5.0;28.0;58.0;57.0;0;0;0;0;16270.12;11280.08;4990.04;32420.541
2026-06-16T17:57:50.002755+02:00;standby;24.2;39.8;5.0;28.0;58.0;57.0;0;0;0;0;16270.12;11280.08;4990.04;32420.541
2026-06-16T17:58:50.628540+02:00;standby;24.2;39.8;5.0;28.0;58.0;57.0;0;0;0;0;16270.12;11280.08;4990.04;32420.541
2026-06-16T17:59:51.618544+02:00;standby;24.2;39.6;5.0;28.0;58.0;57.0;0;0;0;0;16270.12;11280.08;4990.04;32420.541
2026-06-16T18:00:52.156586+02:00;standby;24.2;39.6;5.0;28.0;57.9;57.0;0;0;0;0;16270.12;11280.08;4990.04;32420.541
2026-06-16T18:01:52.760321+02:00;standby;24.2;39.5;5.0;28.0;58.0;57.0;0;0;0;0;16270.12;11280.08;4990.04;32420.541
2026-06-16T18:02:53.308339+02:00;standby;24.2;39.5;5.0;28.0;57.9;57.0;0;0;0;0;16270.12;11280.08;4990.04;32420.541
2026-06-16T18:03:53.848874+02:00;standby;24.2;39.4;5.0;28.0;57.9;57.0;0;0;0;0;16270.12;11280.08;4990.04;32420.541
2026-06-16T18:04:54.424980+02:00;standby;24.2;39.4;5.0;28.0;57.9;57.0;0;0;0;0;16270.12;11280.08;4990.04;32420.541
2026-06-16T18:05:54.979187+02:00;standby;24.2;39.3;5.0;28.0;57.9;57.0;0;0;0;0;16270.12;11280.08;4990.04;32420.541
2026-06-16T18:06:55.716259+02:00;standby;24.2;39.3;5.0;28.0;57.9;57.0;0;0;0;0;16270.12;11280.08;4990.04;32420.541
2026-06-16T18:07:56.196281+02:00;standby;24.2;39.1;5.0;28.0;57.9;57.0;0;0;0;0;16270.12;11280.08;4990.04;32420.541
2026-06-16T18:08:56.717310+02:00;standby;24.2;39.1;5.0;28.0;57.9;57.0;0;0;0;0;16270.12;11280.08;4990.04;32420.541
2026-06-16T18:09:57.228884+02:00;standby;24.2;39.0;5.0;28.0;57.9;57.0;0;0;0;0;16270.12;11280.08;4990.04;32420.541
2026-06-16T18:10:57.988472+02:00;standby;24.2;39.0;5.0;28.0;57.9;57.0;0;0;0;0;16270.12;11280.08;4990.04;32420.541
2026-06-16T18:11:58.577469+02:00;standby;24.2;38.9;5.0;28.0;57.9;57.0;0;0;0;0;16270.12;11280.08;4990.04;32420.541
2026-06-16T18:12:59.138892+02:00;standby;24.2;38.9;5.0;28.0;57.9;57.0;0;0;0;0;16270.12;11280.08;4990.04;32420.541
2026-06-16T18:13:59.730864+02:00;standby;24.2;38.8;5.0;28.0;57.8;57.0;0;0;0;0;16270.12;11280.08;4990.04;32420.541
2026-06-16T18:15:00.337826+02:00;standby;24.2;38.8;5.0;28.0;57.8;57.0;0;0;0;0;16270.12;11280.08;4990.04;32420.541
2026-06-16T18:16:01.071426+02:00;standby;24.2;38.6;5.0;28.0;57.8;57.0;0;0;0;0;16270.12;11280.08;4990.04;32420.541
2026-06-16T18:17:01.681141+02:00;standby;24.2;38.6;5.0;28.0;57.8;57.0;0;0;0;0;16270.12;11280.08;4990.04;32420.541
2026-06-16T18:18:02.758018+02:00;standby;24.2;38.5;5.0;28.0;57.8;57.0;0;0;0;0;16270.12;11280.08;4990.04;32420.541
2026-06-16T18:19:03.358193+02:00;standby;24.2;38.5;5.0;28.0;57.8;57.0;0;0;0;0;16270.12;11280.08;4990.04;32420.541
2026-06-16T18:20:03.987254+02:00;standby;24.2;38.4;5.0;28.0;57.8;57.0;0;0;0;0;16270.12;11280.08;4990.04;32420.541
2026-06-16T18:21:04.578010+02:00;standby;23.7;38.4;5.0;28.0;57.8;57.0;0;0;0;0;16270.12;11280.08;4990.04;32420.541
2026-06-16T18:22:05.121039+02:00;standby;23.7;38.3;5.0;28.0;57.8;57.0;0;0;0;0;16270.12;11280.08;4990.04;32420.541
2026-06-16T18:23:05.659846+02:00;standby;23.7;38.3;5.0;28.0;57.8;57.0;0;0;0;0;16270.12;11280.08;4990.04;32420.541
2026-06-16T18:24:06.166913+02:00;standby;23.7;38.1;5.0;28.0;57.8;57.0;0;0;0;0;16270.12;11280.08;4990.04;32420.541
2026-06-16T18:25:07.395028+02:00;standby;23.7;38.1;5.0;28.0;57.8;57.0;0;0;0;0;16270.12;11280.08;4990.04;32420.541
2026-06-16T18:26:08.139563+02:00;standby;23.7;38.1;5.0;28.0;57.7;57.0;0;0;0;0;16270.12;11280.08;4990.04;32420.541
2026-06-16T18:27:08.749726+02:00;standby;23.7;38.0;5.0;28.0;57.7;57.0;0;0;0;0;16270.12;11280.08;4990.04;32420.541
2026-06-16T18:28:09.270075+02:00;standby;23.7;38.0;5.0;28.0;57.7;57.0;0;0;0;0;16270.12;11280.08;4990.04;32420.541
2026-06-16T18:29:09.783878+02:00;standby;23.7;37.9;5.0;28.0;57.7;57.0;0;0;0;0;16270.12;11280.08;4990.04;32420.541
2026-06-16T18:30:10.413715+02:00;standby;23.7;37.9;5.0;28.0;57.7;57.0;0;0;0;0;16270.12;11280.08;4990.04;32420.541
2026-06-16T18:31:10.927736+02:00;standby;23.7;37.8;5.0;28.0;57.7;57.0;0;0;0;0;16270.12;11280.08;4990.04;32420.541
2026-06-16T18:32:11.833896+02:00;standby;23.7;37.8;5.0;28.0;57.7;57.0;0;0;0;0;16270.12;11280.08;4990.04;32420.541
2026-06-16T18:33:12.454965+02:00;standby;23.7;37.7;5.0;28.0;57.7;57.0;0;0;0;0;16270.12;11280.08;4990.04;32420.541
2026-06-16T18:34:12.975642+02:00;standby;23.7;37.7;5.0;28.0;57.7;57.0;0;0;0;0;16270.12;11280.08;4990.04;32420.541
2026-06-16T18:35:13.517088+02:00;standby;23.7;37.7;5.0;28.0;57.7;57.0;0;0;0;0;16270.12;11280.08;4990.04;32420.541
2026-06-16T18:36:14.147089+02:00;standby;23.7;37.5;5.0;28.0;57.7;57.0;0;0;0;0;16270.12;11280.08;4990.04;32420.541
2026-06-16T18:37:14.774468+02:00;standby;23.7;37.5;5.0;28.0;57.7;57.0;0;0;0;0;16270.12;11280.08;4990.04;32420.541
2026-06-16T18:38:15.352588+02:00;standby;23.7;37.4;5.0;28.0;57.6;57.0;0;0;0;0;16270.12;11280.08;4990.04;32420.541
2026-06-16T18:39:16.102582+02:00;standby;23.7;37.4;5.0;28.0;57.6;57.0;0;0;0;0;16270.12;11280.08;4990.04;32420.541
2026-06-16T18:40:16.622612+02:00;standby;23.7;37.3;5.0;28.0;57.6;57.0;0;0;0;0;16270.12;11280.08;4990.04;32420.541
2026-06-16T18:41:17.155252+02:00;standby;23.7;37.3;5.0;28.0;57.6;57.0;0;0;0;0;16270.12;11280.08;4990.04;32420.541
2026-06-16T18:42:18.520050+02:00;standby;23.7;37.3;5.0;28.0;57.6;57.0;0;0;0;0;16270.12;11280.08;4990.04;32420.541
2026-06-16T18:43:19.103062+02:00;standby;23.7;37.2;5.0;28.0;57.6;57.0;0;0;0;0;16270.12;11280.08;4990.04;32420.541
2026-06-16T18:44:19.689272+02:00;standby;23.7;37.2;5.0;28.0;57.6;57.0;0;0;0;0;16270.12;11280.08;4990.04;32420.541
2026-06-16T18:45:20.221921+02:00;standby;23.7;37.0;5.0;28.0;57.6;57.0;0;0;0;0;16270.12;11280.08;4990.04;32420.541
2026-06-16T18:46:20.756568+02:00;standby;23.7;37.0;5.0;28.0;57.6;57.0;0;0;0;0;16270.12;11280.08;4990.04;32420.541
2026-06-16T18:47:21.292074+02:00;standby;23.7;36.9;5.0;28.0;57.6;57.0;0;0;0;0;16270.12;11280.08;4990.04;32420.541
2026-06-16T18:48:21.869654+02:00;standby;23.7;36.9;5.0;28.0;57.6;57.0;0;0;0;0;16270.12;11280.08;4990.04;32420.541
2026-06-16T18:49:22.411201+02:00;standby;23.7;36.9;5.0;28.0;57.6;57.0;0;0;0;0;16270.12;11280.08;4990.04;32420.541
2026-06-16T18:50:22.944995+02:00;standby;23.7;36.8;5.0;28.0;57.5;57.0;0;0;0;0;16270.12;11280.08;4990.04;32420.541
2026-06-16T18:51:23.452935+02:00;standby;23.7;36.8;5.0;28.0;57.5;57.0;0;0;0;0;16270.12;11280.08;4990.04;32420.541
2026-06-16T18:52:24.089370+02:00;standby;23.7;36.7;5.0;28.0;57.5;57.0;0;0;0;0;16270.12;11280.08;4990.04;32420.541
2026-06-16T18:53:24.926717+02:00;standby;23.7;36.7;5.0;28.0;57.5;57.0;0;0;0;0;16270.12;11280.08;4990.04;32420.541
2026-06-16T18:54:25.505866+02:00;standby;23.7;36.7;5.0;28.0;57.5;57.0;0;0;0;0;16270.12;11280.08;4990.04;32420.541
2026-06-16T18:55:26.039479+02:00;standby;23.7;36.5;5.0;28.0;57.5;57.0;0;0;0;0;16270.12;11280.08;4990.04;32420.541
2026-06-16T18:56:26.591616+02:00;standby;23.7;36.5;5.0;28.0;57.5;57.0;0;0;0;0;16270.12;11280.08;4990.04;32420.541
2026-06-16T18:57:27.232369+02:00;standby;23.7;36.4;5.0;28.0;57.5;57.0;0;0;0;0;16270.12;11280.08;4990.04;32420.541
2026-06-16T18:58:27.755399+02:00;standby;23.7;36.4;5.0;28.0;57.5;57.0;0;0;0;0;16270.12;11280.08;4990.04;32420.541
2026-06-16T18:59:28.308465+02:00;standby;23.7;36.4;5.0;28.0;57.5;57.0;0;0;0;0;16270.12;11280.08;4990.04;32420.541
2026-06-16T19:00:29.146960+02:00;standby;23.7;36.3;5.0;28.0;57.5;57.0;0;0;0;0;16270.12;11280.08;4990.04;32420.541
2026-06-16T19:01:29.773860+02:00;standby;23.7;36.3;5.0;28.0;57.4;57.0;0;0;0;0;16270.12;11280.08;4990.04;32420.541
2026-06-16T19:02:30.303820+02:00;standby;23.7;36.3;5.0;28.0;57.4;57.0;0;0;0;0;16270.12;11280.08;4990.04;32420.541
2026-06-16T19:03:31.014277+02:00;standby;23.7;36.2;5.0;28.0;57.4;57.0;0;0;0;0;16270.12;11280.08;4990.04;32420.541
2026-06-16T19:04:31.737641+02:00;standby;23.7;36.2;5.0;28.0;57.4;57.0;0;0;0;0;16270.12;11280.08;4990.04;32420.541
2026-06-16T19:05:32.552377+02:00;standby;23.7;36.0;5.0;28.0;57.4;57.0;0;0;0;0;16270.12;11280.08;4990.04;32420.541
2026-06-16T19:06:33.097093+02:00;standby;23.7;36.0;5.0;28.0;57.4;57.0;0;0;0;0;16270.12;11280.08;4990.04;32420.541
2026-06-16T19:07:33.651127+02:00;standby;23.7;36.0;5.0;28.0;57.4;57.0;0;0;0;0;16270.12;11280.08;4990.04;32420.541
2026-06-16T19:08:34.214467+02:00;standby;23.7;35.9;5.0;28.0;57.4;57.0;0;0;0;0;16270.12;11280.08;4990.04;32420.541
2026-06-16T19:09:34.762291+02:00;standby;23.7;35.9;5.0;28.0;57.4;57.0;0;0;0;0;16270.12;11280.08;4990.04;32420.541
2026-06-16T19:10:35.322541+02:00;standby;23.7;35.9;5.0;28.0;57.4;57.0;0;0;0;0;16270.12;11280.08;4990.04;32420.541
2026-06-16T19:11:35.890134+02:00;standby;23.7;35.8;5.0;28.0;57.4;57.0;0;0;0;0;16270.12;11280.08;4990.04;32420.541
2026-06-16T19:12:36.451768+02:00;standby;23.7;35.8;5.0;28.0;57.4;57.0;0;0;0;0;16270.12;11280.08;4990.04;32420.541
2026-06-16T19:13:37.075727+02:00;standby;23.7;35.7;5.0;28.0;57.3;57.0;0;0;0;0;16270.12;11280.08;4990.04;32420.541
2026-06-16T19:14:37.862812+02:00;standby;23.7;35.7;5.0;28.0;57.3;57.0;0;0;0;0;16270.12;11280.08;4990.04;32420.541
2026-06-16T19:15:38.877104+02:00;standby;23.7;35.7;5.0;28.0;57.3;57.0;0;0;0;0;16270.12;11280.08;4990.04;32420.541
2026-06-16T19:16:39.451608+02:00;standby;23.7;35.6;5.0;28.0;57.3;57.0;0;0;0;0;16270.12;11280.08;4990.04;32420.541
2026-06-16T19:17:40.125256+02:00;standby;23.7;35.6;5.0;28.0;57.3;57.0;0;0;0;0;16270.12;11280.08;4990.04;32420.541
2026-06-16T19:18:40.948479+02:00;standby;23.7;35.6;5.0;28.0;57.3;57.0;0;0;0;0;16270.12;11280.08;4990.04;32420.541
2026-06-16T19:19:41.522439+02:00;standby;23.7;35.4;5.0;28.0;57.3;57.0;0;0;0;0;16270.12;11280.08;4990.04;32420.541
2026-06-16T19:20:42.085573+02:00;standby;23.7;35.4;5.0;28.0;57.3;57.0;0;0;0;0;16270.12;11280.08;4990.04;32420.541
2026-06-16T19:21:42.621586+02:00;standby;23.2;35.4;5.0;28.0;57.3;57.0;0;0;0;0;16270.12;11280.08;4990.04;32420.541
2026-06-16T19:22:43.288516+02:00;standby;23.2;35.3;5.0;28.0;57.3;57.0;0;0;0;0;16270.12;11280.08;4990.04;32420.541
2026-06-16T19:23:43.847047+02:00;standby;23.2;35.3;5.0;28.0;57.3;57.0;0;0;0;0;16270.12;11280.08;4990.04;32420.541
2026-06-16T19:24:44.483409+02:00;standby;23.2;35.3;5.0;28.0;57.2;57.0;0;0;0;0;16270.12;11280.08;4990.04;32420.541
2026-06-16T19:25:45.218036+02:00;standby;23.2;35.2;5.0;28.0;57.2;57.0;0;0;0;0;16270.12;11280.08;4990.04;32420.541
2026-06-16T19:26:45.744526+02:00;standby;23.2;35.2;5.0;28.0;57.2;57.0;0;0;0;0;16270.12;11280.08;4990.04;32420.541
2026-06-16T19:27:46.700497+02:00;standby;23.2;35.2;5.0;28.0;57.2;57.0;0;0;0;0;16270.12;11280.08;4990.04;32420.541
2026-06-16T19:28:47.253355+02:00;standby;23.2;35.1;5.0;28.0;57.2;57.0;0;0;0;0;16270.12;11280.08;4990.04;32420.541
2026-06-16T19:29:48.295256+02:00;standby;23.2;35.1;5.0;28.0;57.2;57.0;0;0;0;0;16270.12;11280.08;4990.04;32420.541
2026-06-16T19:30:48.942312+02:00;standby;23.2;35.1;5.0;28.0;57.2;57.0;0;0;0;0;16270.12;11280.08;4990.04;32420.541
2026-06-16T19:31:49.452121+02:00;standby;23.2;34.9;5.0;28.0;57.2;57.0;0;0;0;0;16270.12;11280.08;4990.04;32420.541
2026-06-16T19:32:54.415145+02:00;standby;23.2;34.9;5.0;28.0;57.2;57.0;0;0;0;0;16270.12;11280.08;4990.04;32420.541
2026-06-16T19:33:54.986207+02:00;standby;23.2;34.9;5.0;28.0;57.2;57.0;0;0;0;0;16270.12;11280.08;4990.04;32420.541
2026-06-16T19:34:55.521577+02:00;standby;23.2;34.8;5.0;28.0;57.2;57.0;0;0;0;0;16270.12;11280.08;4990.04;32420.541
2026-06-16T19:35:56.247156+02:00;standby;23.2;34.8;5.0;28.0;57.1;57.0;0;0;0;0;16270.12;11280.08;4990.04;32420.541
2026-06-16T19:36:57.214931+02:00;standby;23.2;34.8;5.0;28.0;57.1;57.0;0;0;0;0;16270.12;11280.08;4990.04;32420.541
2026-06-16T19:37:57.733316+02:00;standby;23.2;34.7;5.0;28.0;57.1;57.0;0;0;0;0;16270.12;11280.08;4990.04;32420.541
2026-06-16T19:38:58.262881+02:00;standby;23.2;34.7;5.0;28.0;57.1;57.0;0;0;0;0;16270.12;11280.08;4990.04;32420.541
2026-06-16T19:39:58.825767+02:00;standby;23.2;34.7;5.0;28.0;57.1;57.0;0;0;0;0;16270.12;11280.08;4990.04;32420.541
2026-06-16T19:40:59.858167+02:00;standby;23.2;34.6;5.0;28.0;57.1;57.0;0;0;0;0;16270.12;11280.08;4990.04;32420.541
2026-06-16T19:42:00.402894+02:00;standby;23.2;34.6;5.0;28.0;57.1;57.0;0;0;0;0;16270.12;11280.08;4990.04;32420.541
2026-06-16T19:43:01.119411+02:00;standby;23.2;34.6;5.0;28.0;57.1;57.0;0;0;0;0;16270.12;11280.08;4990.04;32420.541
2026-06-16T19:44:02.028029+02:00;standby;23.2;34.4;5.0;28.0;57.1;57.0;0;0;0;0;16270.12;11280.08;4990.04;32420.541
2026-06-16T19:45:02.776651+02:00;standby;23.2;34.4;5.0;28.0;57.1;57.0;0;0;0;0;16270.12;11280.08;4990.04;32420.541
2026-06-16T19:46:03.315779+02:00;standby;23.2;34.4;5.0;28.0;56.9;57.0;0;0;0;0;16270.12;11280.08;4990.04;32420.541
2026-06-16T19:47:03.847108+02:00;standby;23.2;34.4;5.0;28.0;56.9;57.0;0;0;0;0;16270.12;11280.08;4990.04;32420.541
2026-06-16T19:48:04.801582+02:00;standby;23.2;34.3;5.0;28.0;56.9;57.0;0;0;0;0;16270.12;11280.08;4990.04;32420.541
2026-06-16T19:49:05.328303+02:00;standby;23.2;34.3;5.0;28.0;56.9;57.0;0;0;0;0;16270.12;11280.08;4990.04;32420.541
2026-06-16T19:50:06.483412+02:00;standby;23.2;34.3;5.0;28.0;56.9;57.0;0;0;0;0;16270.12;11280.08;4990.04;32420.541
2026-06-16T19:51:07.312498+02:00;standby;23.2;34.2;5.0;28.0;56.9;57.0;0;0;0;0;16270.12;11280.08;4990.04;32420.541
2026-06-16T19:52:07.869217+02:00;standby;23.2;34.2;5.0;28.0;56.9;57.0;0;0;0;0;16270.12;11280.08;4990.04;32420.541
2026-06-16T19:53:08.438146+02:00;standby;23.2;34.2;5.0;28.0;56.9;57.0;0;0;0;0;16270.12;11280.08;4990.04;32420.541
2026-06-16T19:54:09.188841+02:00;standby;23.2;34.1;5.0;28.0;56.9;57.0;0;0;0;0;16270.12;11280.08;4990.04;32420.541
2026-06-16T19:55:10.214292+02:00;standby;23.2;34.1;5.0;28.0;56.9;57.0;0;0;0;0;16270.12;11280.08;4990.04;32420.541
2026-06-16T19:56:10.760176+02:00;standby;23.2;34.1;5.0;28.0;56.8;57.0;0;0;0;0;16270.12;11280.08;4990.04;32420.541
2026-06-16T19:57:11.281182+02:00;standby;23.2;34.1;5.0;28.0;56.8;57.0;0;0;0;0;16270.12;11280.08;4990.04;32420.541
2026-06-16T19:58:11.810144+02:00;standby;23.2;34.0;5.0;28.0;56.8;57.0;0;0;0;0;16270.12;11280.08;4990.04;32420.541
2026-06-16T19:59:12.369091+02:00;standby;23.2;34.0;5.0;28.0;56.8;57.0;0;0;0;0;16270.12;11280.08;4990.04;32420.541
2026-06-16T20:00:12.907465+02:00;standby;23.2;34.0;5.0;28.0;56.8;57.0;0;0;0;0;16270.12;11280.08;4990.04;32420.541
2026-06-16T20:01:13.531334+02:00;standby;23.2;33.8;5.0;28.0;56.8;57.0;0;0;0;0;16270.12;11280.08;4990.04;32420.541
2026-06-16T20:02:14.153562+02:00;standby;23.2;33.8;5.0;28.0;56.8;57.0;0;0;0;0;16270.12;11280.08;4990.04;32420.541
2026-06-16T20:03:14.963332+02:00;standby;23.2;33.8;5.0;28.0;56.8;57.0;0;0;0;0;16270.12;11280.08;4990.04;32420.541
2026-06-16T20:04:15.481851+02:00;standby;23.2;33.7;5.0;28.0;56.7;57.0;0;0;0;0;16270.12;11280.08;4990.04;32420.541
2026-06-16T20:05:16.004017+02:00;standby;23.2;33.7;5.0;28.0;56.7;57.0;0;0;0;0;16270.12;11280.08;4990.04;32420.541
2026-06-16T20:06:16.855285+02:00;standby;23.2;33.7;5.0;28.0;56.7;57.0;0;0;0;0;16270.12;11280.08;4990.04;32420.541
2026-06-16T20:07:17.436503+02:00;standby;23.2;33.6;5.0;28.0;56.7;57.0;0;0;0;0;16270.12;11280.08;4990.04;32420.541
2026-06-16T20:08:18.404949+02:00;standby;23.2;33.6;5.0;28.0;56.7;57.0;0;0;0;0;16270.12;11280.08;4990.04;32420.541
2026-06-16T20:09:18.998840+02:00;standby;23.2;33.6;5.0;28.0;56.7;57.0;0;0;0;0;16270.12;11280.08;4990.04;32420.541
2026-06-16T20:10:19.533409+02:00;standby;23.2;33.6;5.0;28.0;56.7;57.0;0;0;0;0;16270.12;11280.08;4990.04;32420.541
2026-06-16T20:11:20.059797+02:00;standby;23.2;33.6;5.0;28.0;56.7;57.0;0;0;0;0;16270.12;11280.08;4990.04;32420.541
2026-06-16T20:12:20.608155+02:00;standby;23.2;33.5;5.0;28.0;56.7;57.0;0;0;0;0;16270.12;11280.08;4990.04;32420.541
2026-06-16T20:13:21.192134+02:00;standby;23.2;33.5;5.0;28.0;56.7;57.0;0;0;0;0;16270.12;11280.08;4990.04;32420.541
2026-06-16T20:14:21.751584+02:00;standby;23.2;33.5;5.0;28.0;56.7;57.0;0;0;0;0;16270.12;11280.08;4990.04;32420.541
2026-06-16T20:15:22.439736+02:00;standby;23.2;33.3;5.0;28.0;56.6;57.0;0;0;0;0;16270.12;11280.08;4990.04;32420.541
2026-06-16T20:16:23.277497+02:00;standby;23.2;33.3;5.0;28.0;56.6;57.0;0;0;0;0;16270.12;11280.08;4990.04;32420.541
2026-06-16T20:17:23.780123+02:00;standby;23.2;33.3;5.0;28.0;56.6;57.0;0;0;0;0;16270.12;11280.08;4990.04;32420.541
2026-06-16T20:18:24.384337+02:00;standby;23.2;33.3;5.0;28.0;56.6;57.0;0;0;0;0;16270.12;11280.08;4990.04;32420.541
2026-06-16T20:19:24.902521+02:00;standby;23.2;33.2;5.0;28.0;56.6;57.0;0;0;0;0;16270.12;11280.08;4990.04;32420.541
2026-06-16T20:20:25.520816+02:00;standby;23.2;33.2;5.0;28.0;56.6;57.0;0;0;0;0;16270.12;11280.08;4990.04;32420.541
2026-06-16T20:21:26.279114+02:00;standby;23.2;33.2;5.0;28.0;56.6;57.0;0;0;0;0;16270.12;11280.08;4990.04;32420.541
2026-06-16T20:22:26.819663+02:00;standby;23.9;33.2;5.0;28.0;56.6;57.0;0;0;0;0;16270.12;11280.08;4990.04;32420.541
2026-06-16T20:23:27.399058+02:00;standby;23.9;33.1;5.0;28.0;56.6;57.0;0;0;0;0;16270.12;11280.08;4990.04;32420.541
2026-06-16T20:24:28.010416+02:00;standby;23.9;33.1;5.0;28.0;56.6;57.0;0;0;0;0;16270.12;11280.08;4990.04;32420.541
2026-06-16T20:25:28.642843+02:00;standby;23.9;33.1;5.0;28.0;56.5;57.0;0;0;0;0;16270.12;11280.08;4990.04;32420.541
2026-06-16T20:26:29.272757+02:00;standby;23.9;33.1;5.0;28.0;56.6;57.0;0;0;0;0;16270.12;11280.08;4990.04;32420.541
2026-06-16T20:27:29.872792+02:00;standby;23.9;33.0;5.0;28.0;56.5;57.0;0;0;0;0;16270.12;11280.08;4990.04;32420.541
2026-06-16T20:28:30.556005+02:00;standby;23.9;33.0;5.0;28.0;56.5;57.0;0;0;0;0;16270.12;11280.08;4990.04;32420.541
2026-06-16T20:29:31.475214+02:00;standby;23.9;33.0;5.0;28.0;56.5;57.0;0;0;0;0;16270.12;11280.08;4990.04;32420.541
2026-06-16T20:30:32.178278+02:00;standby;23.9;33.0;5.0;28.0;56.5;57.0;0;0;0;0;16270.12;11280.08;4990.04;32420.541
2026-06-16T20:31:32.778631+02:00;standby;23.9;32.8;5.0;28.0;56.5;57.0;0;0;0;0;16270.12;11280.08;4990.04;32420.541
2026-06-16T20:32:33.363402+02:00;standby;23.9;32.8;5.0;28.0;56.5;57.0;0;0;0;0;16270.12;11280.08;4990.04;32420.541
2026-06-16T20:33:33.907205+02:00;standby;23.9;32.8;5.0;28.0;56.5;57.0;0;0;0;0;16270.12;11280.08;4990.04;32420.541
2026-06-16T20:34:34.638757+02:00;standby;23.9;32.8;5.0;28.0;56.5;57.0;0;0;0;0;16270.12;11280.08;4990.04;32420.541
2026-06-16T20:35:35.178104+02:00;standby;23.9;32.7;5.0;28.0;56.5;57.0;0;0;0;0;16270.12;11280.08;4990.04;32420.541
2026-06-16T20:36:35.979507+02:00;standby;23.9;32.7;5.0;28.0;56.4;57.0;0;0;0;0;16270.12;11280.08;4990.04;32420.541
2026-06-16T20:37:36.705969+02:00;standby;23.9;32.7;5.0;28.0;56.5;57.0;0;0;0;0;16270.12;11280.08;4990.04;32420.541
2026-06-16T20:38:37.364045+02:00;standby;23.9;32.6;5.0;28.0;56.4;57.0;0;0;0;0;16270.12;11280.08;4990.04;32420.541
2026-06-16T20:39:37.882784+02:00;standby;23.9;32.6;5.0;28.0;56.4;57.0;0;0;0;0;16270.12;11280.08;4990.04;32420.541
2026-06-16T20:40:38.425874+02:00;standby;23.9;32.6;5.0;28.0;56.4;57.0;0;0;0;0;16270.12;11280.08;4990.04;32420.541
2026-06-16T20:41:38.938344+02:00;standby;23.9;32.6;5.0;28.0;56.4;57.0;0;0;0;0;16270.12;11280.08;4990.04;32420.541
2026-06-16T20:42:39.456317+02:00;standby;23.9;32.6;5.0;28.0;56.4;57.0;0;0;0;0;16270.12;11280.08;4990.04;32420.541
2026-06-16T20:43:40.128155+02:00;standby;23.9;32.5;5.0;28.0;56.4;57.0;0;0;0;0;16270.12;11280.08;4990.04;32420.541
2026-06-16T20:44:40.936472+02:00;standby;23.9;32.5;5.0;28.0;56.4;57.0;0;0;0;0;16270.12;11280.08;4990.04;32420.541
2026-06-16T20:45:41.482316+02:00;standby;23.9;32.5;5.0;28.0;56.4;57.0;0;0;0;0;16270.12;11280.08;4990.04;32420.541
2026-06-16T20:46:42.019743+02:00;standby;23.9;32.5;5.0;28.0;56.4;57.0;0;0;0;0;16270.12;11280.08;4990.04;32420.541
2026-06-16T20:47:42.623125+02:00;standby;23.9;32.3;5.0;28.0;56.4;57.0;0;0;0;0;16270.12;11280.08;4990.04;32420.541
2026-06-16T20:48:43.154587+02:00;standby;23.9;32.3;5.0;28.0;56.3;57.0;0;0;0;0;16270.12;11280.08;4990.04;32420.541
2026-06-16T20:49:43.710299+02:00;standby;23.9;32.3;5.0;28.0;56.3;57.0;0;0;0;0;16270.12;11280.08;4990.04;32420.541
2026-06-16T20:50:44.376777+02:00;standby;23.9;32.3;5.0;28.0;56.3;57.0;0;0;0;0;16270.12;11280.08;4990.04;32420.541
2026-06-16T20:51:45.225498+02:00;standby;23.9;32.3;5.0;28.0;56.3;57.0;0;0;0;0;16270.12;11280.08;4990.04;32420.541
2026-06-16T20:52:45.982478+02:00;standby;23.9;32.2;5.0;28.0;56.3;57.0;0;0;0;0;16270.12;11280.08;4990.04;32420.541
2026-06-16T20:53:47.383567+02:00;standby;23.9;32.2;5.0;28.0;56.3;57.0;0;0;0;0;16270.12;11280.08;4990.04;32420.541
2026-06-16T20:54:48.336735+02:00;standby;23.9;32.2;5.0;28.0;56.3;57.0;0;0;0;0;16270.12;11280.08;4990.04;32420.541
2026-06-16T20:55:48.841942+02:00;standby;23.9;32.2;5.0;28.0;56.3;57.0;0;0;0;0;16270.12;11280.08;4990.04;32420.541
2026-06-16T20:56:50.070002+02:00;standby;23.9;32.1;5.0;28.0;56.3;57.0;0;0;0;0;16270.12;11280.08;4990.04;32420.541
2026-06-16T20:57:50.685225+02:00;standby;23.9;32.1;5.0;28.0;56.3;57.0;0;0;0;0;16270.12;11280.08;4990.04;32420.541
2026-06-16T20:58:51.218852+02:00;standby;23.9;32.1;5.0;28.0;56.2;57.0;0;0;0;0;16270.12;11280.08;4990.04;32420.541
2026-06-16T20:59:51.736744+02:00;standby;23.9;32.1;5.0;28.0;56.2;57.0;0;0;0;0;16270.12;11280.08;4990.04;32420.541
2026-06-16T21:00:52.653554+02:00;standby;23.9;32.1;5.0;28.0;56.2;57.0;0;0;0;0;16270.12;11280.08;4990.04;32420.541
2026-06-16T21:01:53.187729+02:00;standby;23.9;32.0;5.0;28.0;56.2;57.0;0;0;0;0;16270.12;11280.08;4990.04;32420.541
2026-06-16T21:02:53.766634+02:00;standby;23.9;32.0;5.0;28.0;56.2;57.0;0;0;0;0;16270.12;11280.08;4990.04;32420.541
2026-06-16T21:03:54.317350+02:00;standby;23.9;32.0;5.0;28.0;56.2;57.0;0;0;0;0;16270.12;11280.08;4990.04;32420.541
2026-06-16T21:04:54.845206+02:00;standby;23.9;32.0;5.0;28.0;56.2;57.0;0;0;0;0;16270.12;11280.08;4990.04;32420.541
2026-06-16T21:05:55.373213+02:00;standby;23.9;31.9;5.0;28.0;56.2;57.0;0;0;0;0;16270.12;11280.08;4990.04;32420.541
2026-06-16T21:06:55.924005+02:00;standby;23.9;31.9;5.0;28.0;56.2;57.0;0;0;0;0;16270.12;11280.08;4990.04;32420.541
2026-06-16T21:07:56.752177+02:00;standby;23.9;31.9;5.0;28.0;56.2;57.0;0;0;0;0;16270.12;11280.08;4990.04;32420.541
2026-06-16T21:08:57.294774+02:00;standby;23.9;31.9;5.0;28.0;56.2;57.0;0;0;0;0;16270.12;11280.08;4990.04;32420.541
2026-06-16T21:09:57.844454+02:00;standby;23.9;31.9;5.0;28.0;56.2;57.0;0;0;0;0;16270.12;11280.08;4990.04;32420.541
2026-06-16T21:10:58.472422+02:00;standby;23.9;31.9;5.0;28.0;56.1;57.0;0;0;0;0;16270.12;11280.08;4990.04;32420.541
2026-06-16T21:11:58.992482+02:00;standby;23.9;31.7;5.0;28.0;56.1;57.0;0;0;0;0;16270.12;11280.08;4990.04;32420.541
2026-06-16T21:12:59.909783+02:00;standby;23.9;31.7;5.0;28.0;56.1;57.0;0;0;0;0;16270.12;11280.08;4990.04;32420.541
2026-06-16T21:14:00.434707+02:00;standby;23.9;31.7;5.0;28.0;56.1;57.0;0;0;0;0;16270.12;11280.08;4990.04;32420.541
2026-06-16T21:15:01.360564+02:00;standby;23.9;31.7;5.0;28.0;56.1;57.0;0;0;0;0;16270.12;11280.08;4990.04;32420.541
2026-06-16T21:16:01.901310+02:00;standby;23.9;31.6;5.0;28.0;56.1;57.0;0;0;0;0;16270.12;11280.08;4990.04;32420.541
2026-06-16T21:17:02.625888+02:00;standby;23.9;31.6;5.0;28.0;56.1;57.0;0;0;0;0;16270.12;11280.08;4990.04;32420.541
2026-06-16T21:18:03.165245+02:00;standby;23.9;31.6;5.0;28.0;56.1;57.0;0;0;0;0;16270.12;11280.08;4990.04;32420.541
2026-06-16T21:19:03.686019+02:00;standby;23.9;31.6;5.0;28.0;56.1;57.0;0;0;0;0;16270.12;11280.08;4990.04;32420.541
2026-06-16T21:20:04.309848+02:00;standby;23.9;31.6;5.0;28.0;56.1;57.0;0;0;0;0;16270.12;11280.08;4990.04;32420.541
2026-06-16T21:21:04.883514+02:00;standby;23.9;31.6;5.0;28.0;56.1;57.0;0;0;0;0;16270.12;11280.08;4990.04;32420.541
2026-06-16T21:22:06.788568+02:00;standby;23.9;31.5;5.0;28.0;56.0;57.0;0;0;0;0;16270.12;11280.08;4990.04;32420.541
2026-06-16T21:23:07.471431+02:00;standby;23.5;31.5;5.0;28.0;56.0;57.0;0;0;0;0;16270.12;11280.08;4990.04;32420.541
2026-06-16T21:24:08.126335+02:00;standby;23.5;31.5;5.0;28.0;56.0;57.0;0;0;0;0;16270.12;11280.08;4990.04;32420.541
2026-06-16T21:25:08.697588+02:00;standby;23.5;31.5;5.0;28.0;56.0;57.0;0;0;0;0;16270.12;11280.08;4990.04;32420.541
2026-06-16T21:26:09.301834+02:00;standby;23.5;31.4;5.0;28.0;56.0;57.0;0;0;0;0;16270.12;11280.08;4990.04;32420.541
2026-06-16T21:27:10.144824+02:00;standby;23.5;31.5;5.0;28.0;56.0;57.0;0;0;0;0;16270.12;11280.08;4990.04;32420.541
2026-06-16T21:28:10.878001+02:00;standby;23.5;31.4;5.0;28.0;56.0;57.0;0;0;0;0;16270.12;11280.08;4990.04;32420.541
2026-06-16T21:29:12.236226+02:00;standby;23.5;31.4;5.0;28.0;56.0;57.0;0;0;0;0;16270.12;11280.08;4990.04;32420.541
2026-06-16T21:30:12.834069+02:00;standby;23.5;31.4;5.0;28.0;56.0;57.0;0;0;0;0;16270.12;11280.08;4990.04;32420.541
2026-06-16T21:31:13.366556+02:00;standby;23.5;31.4;5.0;28.0;56.0;57.0;0;0;0;0;16270.12;11280.08;4990.04;32420.541
2026-06-16T21:32:13.876391+02:00;standby;23.5;31.2;5.0;28.0;55.9;57.0;0;0;0;0;16270.12;11280.08;4990.04;32420.541
2026-06-16T21:33:14.518428+02:00;standby;23.5;31.2;5.0;28.0;55.9;57.0;0;0;0;0;16270.12;11280.08;4990.04;32420.541
2026-06-16T21:34:15.092576+02:00;standby;23.5;31.2;5.0;28.0;55.9;57.0;0;0;0;0;16270.12;11280.08;4990.04;32420.541
2026-06-16T21:35:16.226538+02:00;standby;23.5;31.2;5.0;28.0;55.9;57.0;0;0;0;0;16270.12;11280.08;4990.04;32420.541
2026-06-16T21:36:16.811412+02:00;standby;23.5;31.1;5.0;28.0;55.9;57.0;0;0;0;0;16270.12;11280.08;4990.04;32420.541
2026-06-16T21:37:17.441810+02:00;standby;23.5;31.1;5.0;28.0;55.9;57.0;0;0;0;0;16270.12;11280.08;4990.04;32420.541
2026-06-16T21:38:17.984047+02:00;standby;23.5;31.1;5.0;28.0;55.9;57.0;0;0;0;0;16270.12;11280.08;4990.04;32420.541
2026-06-16T21:39:18.531385+02:00;standby;23.5;31.1;5.0;28.0;55.9;57.0;0;0;0;0;16270.12;11280.08;4990.04;32420.541
2026-06-16T21:40:19.128337+02:00;standby;23.5;31.1;5.0;28.0;55.9;57.0;0;0;0;0;16270.12;11280.08;4990.04;32420.541
2026-06-16T21:41:19.675336+02:00;standby;23.5;31.1;5.0;28.0;55.9;57.0;0;0;0;0;16270.12;11280.08;4990.04;32420.541
2026-06-16T21:42:20.299066+02:00;standby;23.5;31.1;5.0;28.0;55.9;57.0;0;0;0;0;16270.12;11280.08;4990.04;32420.541
2026-06-16T21:43:20.826718+02:00;standby;23.5;31.0;5.0;28.0;55.9;57.0;0;0;0;0;16270.12;11280.08;4990.04;32420.541
2026-06-16T21:44:21.345351+02:00;standby;23.5;31.0;5.0;28.0;55.8;57.0;0;0;0;0;16270.12;11280.08;4990.04;32420.541
2026-06-16T21:45:21.958251+02:00;standby;23.5;31.0;5.0;28.0;55.8;57.0;0;0;0;0;16270.12;11280.08;4990.04;32420.541
2026-06-16T21:46:22.588481+02:00;standby;23.5;31.0;5.0;28.0;55.8;57.0;0;0;0;0;16270.12;11280.08;4990.04;32420.541
2026-06-16T21:47:23.476704+02:00;standby;23.5;31.0;5.0;28.0;55.8;57.0;0;0;0;0;16270.12;11280.08;4990.04;32420.541
2026-06-16T21:48:24.047502+02:00;standby;23.5;31.0;5.0;28.0;55.8;57.0;0;0;0;0;16270.12;11280.08;4990.04;32420.541
2026-06-16T21:49:24.773405+02:00;standby;23.5;30.9;5.0;28.0;55.8;57.0;0;0;0;0;16270.12;11280.08;4990.04;32420.541
2026-06-16T21:50:25.749335+02:00;standby;23.5;30.9;5.0;28.0;55.8;57.0;0;0;0;0;16270.12;11280.08;4990.04;32420.541
2026-06-16T21:51:26.403801+02:00;standby;23.5;30.9;5.0;28.0;55.8;57.0;0;0;0;0;16270.12;11280.08;4990.04;32420.541
2026-06-16T21:52:26.925352+02:00;standby;23.5;30.9;5.0;28.0;55.8;57.0;0;0;0;0;16270.12;11280.08;4990.04;32420.541
2026-06-16T21:53:27.484005+02:00;standby;23.5;30.9;5.0;28.0;55.8;57.0;0;0;0;0;16270.12;11280.08;4990.04;32420.541
2026-06-16T21:54:28.006896+02:00;standby;23.5;30.7;5.0;28.0;55.8;57.0;0;0;0;0;16270.12;11280.08;4990.04;32420.541
2026-06-16T21:55:28.762056+02:00;standby;23.5;30.7;5.0;28.0;55.7;57.0;0;0;0;0;16270.12;11280.08;4990.04;32420.541
2026-06-16T21:56:29.316940+02:00;standby;23.5;30.7;5.0;28.0;55.7;57.0;0;0;0;0;16270.12;11280.08;4990.04;32420.541
2026-06-16T21:57:29.867241+02:00;standby;23.5;30.7;5.0;28.0;55.7;57.0;0;0;0;0;16270.12;11280.08;4990.04;32420.541
2026-06-16T21:58:30.446624+02:00;standby;23.5;30.7;5.0;28.0;55.7;57.0;0;0;0;0;16270.12;11280.08;4990.04;32420.541
2026-06-16T21:59:31.182661+02:00;standby;23.5;30.6;5.0;28.0;55.7;57.0;0;0;0;0;16270.12;11280.08;4990.04;32420.541
2026-06-16T22:00:31.814522+02:00;standby;23.5;30.6;5.0;28.0;55.7;57.0;0;0;0;0;16270.12;11280.08;4990.04;32420.541
2026-06-16T22:01:32.630959+02:00;standby;23.5;30.6;5.0;28.0;55.7;57.0;0;0;0;0;16270.12;11280.08;4990.04;32420.541
2026-06-16T22:02:33.149002+02:00;standby;23.5;30.6;5.0;28.0;55.7;57.0;0;0;0;0;16270.12;11280.08;4990.04;32420.541
2026-06-16T22:03:33.728865+02:00;standby;23.5;30.6;5.0;28.0;55.7;57.0;0;0;0;0;16270.12;11280.08;4990.04;32420.541
2026-06-16T22:04:34.350334+02:00;standby;23.5;30.6;5.0;28.0;55.6;57.0;0;0;0;0;16270.12;11280.08;4990.04;32420.541
2026-06-16T22:05:35.393495+02:00;standby;23.5;30.6;5.0;28.0;55.6;57.0;0;0;0;0;16270.12;11280.08;4990.04;32420.541
2026-06-16T22:06:36.005143+02:00;standby;23.5;30.5;5.0;28.0;55.6;57.0;0;0;0;0;16270.12;11280.08;4990.04;32420.541
2026-06-16T22:07:36.563824+02:00;standby;23.5;30.5;5.0;28.0;55.6;57.0;0;0;0;0;16270.12;11280.08;4990.04;32420.541
2026-06-16T22:08:37.193188+02:00;standby;23.5;30.5;5.0;28.0;55.6;57.0;0;0;0;0;16270.12;11280.08;4990.04;32420.541
2026-06-16T22:09:37.897557+02:00;standby;23.5;30.5;5.0;28.0;55.6;57.0;0;0;0;0;16270.12;11280.08;4990.04;32420.541
2026-06-16T22:10:38.421720+02:00;standby;23.5;30.5;5.0;28.0;55.6;57.0;0;0;0;0;16270.12;11280.08;4990.04;32420.541
2026-06-16T22:11:39.050221+02:00;standby;23.5;30.5;5.0;28.0;55.6;57.0;0;0;0;0;16270.12;11280.08;4990.04;32420.541
2026-06-16T22:12:39.640861+02:00;standby;23.5;30.5;5.0;28.0;55.6;57.0;0;0;0;0;16270.12;11280.08;4990.04;32420.541
2026-06-16T22:13:40.214430+02:00;standby;23.5;30.4;5.0;28.0;55.5;57.0;0;0;0;0;16270.12;11280.08;4990.04;32420.541
2026-06-16T22:14:40.877709+02:00;standby;23.5;30.4;5.0;28.0;55.5;57.0;0;0;0;0;16270.12;11280.08;4990.04;32420.541
2026-06-16T22:15:41.442805+02:00;standby;23.5;30.4;5.0;28.0;55.5;57.0;0;0;0;0;16270.12;11280.08;4990.04;32420.541
2026-06-16T22:16:42.060063+02:00;standby;23.5;30.4;5.0;28.0;55.5;57.0;0;0;0;0;16270.12;11280.08;4990.04;32420.541
2026-06-16T22:17:42.634342+02:00;standby;23.5;30.4;5.0;28.0;55.5;57.0;0;0;0;0;16270.12;11280.08;4990.04;32420.541
2026-06-16T22:18:43.408611+02:00;standby;23.5;30.4;5.0;28.0;55.5;57.0;0;0;0;0;16270.12;11280.08;4990.04;32420.541
2026-06-16T22:19:44.259448+02:00;standby;23.5;30.2;5.0;28.0;55.4;57.0;0;0;0;0;16270.12;11280.08;4990.04;32420.541
2026-06-16T22:20:45.254650+02:00;standby;23.5;30.2;5.0;28.0;55.4;57.0;0;0;0;0;16270.12;11280.08;4990.04;32420.541
2026-06-16T22:21:45.806316+02:00;standby;23.5;30.2;5.0;28.0;55.4;57.0;0;0;0;0;16270.12;11280.08;4990.04;32420.541
2026-06-16T22:22:46.398204+02:00;standby;23.5;30.2;5.0;28.0;55.4;57.0;0;0;0;0;16270.12;11280.08;4990.04;32420.541
2026-06-16T22:23:46.974723+02:00;standby;23.4;30.2;5.0;28.0;55.4;57.0;0;0;0;0;16270.12;11280.08;4990.04;32420.541
2026-06-16T22:24:47.531459+02:00;standby;23.4;30.2;5.0;28.0;55.4;57.0;0;0;0;0;16270.12;11280.08;4990.04;32420.541
2026-06-16T22:25:48.462609+02:00;standby;23.4;30.1;5.0;28.0;55.3;57.0;0;0;0;0;16270.12;11280.08;4990.04;32420.541
2026-06-16T22:26:49.048906+02:00;standby;23.4;30.1;5.0;28.0;55.3;57.0;0;0;0;0;16270.12;11280.08;4990.04;32420.541
2026-06-16T22:27:49.599157+02:00;standby;23.4;30.1;5.0;28.0;55.3;57.0;0;0;0;0;16270.12;11280.08;4990.04;32420.541
2026-06-16T22:28:50.122008+02:00;standby;23.4;30.1;5.0;28.0;55.3;57.0;0;0;0;0;16270.12;11280.08;4990.04;32420.541
2026-06-16T22:29:50.744026+02:00;standby;23.4;30.1;5.0;28.0;55.3;57.0;0;0;0;0;16270.12;11280.08;4990.04;32420.541
2026-06-16T22:30:51.330294+02:00;standby;23.4;30.1;5.0;28.0;55.3;57.0;0;0;0;0;16270.12;11280.08;4990.04;32420.541
2026-06-16T22:31:52.004696+02:00;standby;23.4;30.1;5.0;28.0;55.3;57.0;0;0;0;0;16270.12;11280.08;4990.04;32420.541
2026-06-16T22:32:52.606526+02:00;standby;23.4;30.1;5.0;28.0;55.3;57.0;0;0;0;0;16270.12;11280.08;4990.04;32420.541
2026-06-16T22:33:53.205460+02:00;standby;23.4;30.0;5.0;28.0;55.2;57.0;0;0;0;0;16270.12;11280.08;4990.04;32420.541
2026-06-16T22:34:53.734297+02:00;standby;23.4;30.0;5.0;28.0;55.2;57.0;0;0;0;0;16270.12;11280.08;4990.04;32420.541
2026-06-16T22:35:54.285471+02:00;standby;23.4;30.0;5.0;28.0;55.2;57.0;0;0;0;0;16270.12;11280.08;4990.04;32420.541
2026-06-16T22:36:54.941405+02:00;standby;23.4;30.0;5.0;28.0;55.2;57.0;0;0;0;0;16270.12;11280.08;4990.04;32420.541
2026-06-16T22:37:55.460228+02:00;standby;23.4;30.0;5.0;28.0;55.2;57.0;0;0;0;0;16270.12;11280.08;4990.04;32420.541
2026-06-16T22:38:56.050780+02:00;standby;23.4;30.0;5.0;28.0;55.2;57.0;0;0;0;0;16270.12;11280.08;4990.04;32420.541
2026-06-16T22:39:56.592850+02:00;standby;23.4;30.0;5.0;28.0;55.2;57.0;0;0;0;0;16270.12;11280.08;4990.04;32420.541
2026-06-16T22:40:57.221400+02:00;standby;23.4;30.0;5.0;28.0;55.2;57.0;0;0;0;0;16270.12;11280.08;4990.04;32420.541
2026-06-16T22:41:57.744759+02:00;standby;23.4;29.9;5.0;28.0;55.2;57.0;0;0;0;0;16270.12;11280.08;4990.04;32420.541
2026-06-16T22:42:58.467094+02:00;standby;23.4;29.9;5.0;28.0;55.2;57.0;0;0;0;0;16270.12;11280.08;4990.04;32420.541
2026-06-16T22:43:59.214858+02:00;standby;23.4;29.9;5.0;28.0;55.2;57.0;0;0;0;0;16270.12;11280.08;4990.04;32420.541
2026-06-16T22:45:00.829560+02:00;standby;23.4;29.9;5.0;28.0;55.2;57.0;0;0;0;0;16270.12;11280.08;4990.04;32420.541
2026-06-16T22:46:02.306909+02:00;standby;23.4;29.9;5.0;28.0;55.1;57.0;0;0;0;0;16270.12;11280.08;4990.04;32420.541
2026-06-16T22:47:02.917997+02:00;standby;23.4;29.9;5.0;28.0;55.1;57.0;0;0;0;0;16270.12;11280.08;4990.04;32420.541
2026-06-16T22:48:03.950991+02:00;standby;23.4;29.9;5.0;28.0;55.1;57.0;0;0;0;0;16270.12;11280.08;4990.04;32420.541
2026-06-16T22:49:04.958835+02:00;standby;23.4;29.7;5.0;28.0;55.1;57.0;0;0;0;0;16270.12;11280.08;4990.04;32420.541
2026-06-16T22:50:05.810698+02:00;standby;23.4;29.7;5.0;28.0;55.1;57.0;0;0;0;0;16270.12;11280.08;4990.04;32420.541
2026-06-16T22:51:06.482079+02:00;standby;23.4;29.7;5.0;28.0;55.1;57.0;0;0;0;0;16270.12;11280.08;4990.04;32420.541
2026-06-16T22:52:07.049467+02:00;standby;23.4;29.7;5.0;28.0;55.1;57.0;0;0;0;0;16270.12;11280.08;4990.04;32420.541
2026-06-16T22:53:07.576440+02:00;standby;23.4;29.7;5.0;28.0;55.1;57.0;0;0;0;0;16270.12;11280.08;4990.04;32420.541
2026-06-16T22:54:08.340713+02:00;standby;23.4;29.7;5.0;28.0;55.1;57.0;0;0;0;0;16270.12;11280.08;4990.04;32420.541
2026-06-16T22:55:08.887064+02:00;standby;23.4;29.7;5.0;28.0;55.1;57.0;0;0;0;0;16270.12;11280.08;4990.04;32420.541
2026-06-16T22:56:09.619815+02:00;standby;23.4;29.7;5.0;28.0;54.9;57.0;0;0;0;0;16270.12;11280.08;4990.04;32420.541
2026-06-16T22:57:10.175361+02:00;standby;23.4;29.6;5.0;28.0;54.9;57.0;0;0;0;0;16270.12;11280.08;4990.04;32420.541
2026-06-16T22:58:10.753925+02:00;standby;23.4;29.6;5.0;28.0;54.9;57.0;0;0;0;0;16270.12;11280.08;4990.04;32420.541
2026-06-16T22:59:12.513778+02:00;standby;23.4;29.6;5.0;28.0;54.9;57.0;0;0;0;0;16270.12;11280.08;4990.04;32420.541
2026-06-16T23:00:13.053874+02:00;standby;23.4;29.6;5.0;28.0;54.9;57.0;0;0;0;0;16270.12;11280.08;4990.04;32420.541
2026-06-16T23:01:13.674139+02:00;standby;23.4;29.6;5.0;25.0;54.9;57.0;0;0;0;0;16270.12;11280.08;4990.04;32420.541
2026-06-16T23:02:15.237572+02:00;standby;23.4;29.6;5.0;25.0;54.9;57.0;0;0;0;0;16270.12;11280.08;4990.04;32420.541
2026-06-16T23:03:15.840142+02:00;standby;23.4;29.6;5.0;25.0;54.9;57.0;0;0;0;0;16270.12;11280.08;4990.04;32420.541
2026-06-16T23:04:16.678191+02:00;standby;23.4;29.4;5.0;25.0;54.9;57.0;0;0;0;0;16270.12;11280.08;4990.04;32420.541
2026-06-16T23:05:17.304630+02:00;standby;23.4;29.4;5.0;25.0;54.9;57.0;0;0;0;0;16270.12;11280.08;4990.04;32420.541
2026-06-16T23:06:17.914465+02:00;standby;23.4;29.4;5.0;25.0;54.9;57.0;0;0;0;0;16270.12;11280.08;4990.04;32420.541
2026-06-16T23:07:18.603327+02:00;standby;23.4;29.4;5.0;25.0;54.8;57.0;0;0;0;0;16270.12;11280.08;4990.04;32420.541
2026-06-16T23:08:19.171190+02:00;standby;23.4;29.4;5.0;25.0;54.8;57.0;0;0;0;0;16270.12;11280.08;4990.04;32420.541
2026-06-16T23:09:20.293139+02:00;standby;23.4;29.4;5.0;25.0;54.8;57.0;0;0;0;0;16270.12;11280.08;4990.04;32420.541
2026-06-16T23:10:21.429106+02:00;standby;23.4;29.4;5.0;25.0;54.8;57.0;0;0;0;0;16270.12;11280.08;4990.04;32420.541
2026-06-16T23:11:22.046570+02:00;standby;23.4;29.4;5.0;25.0;54.8;57.0;0;0;0;0;16270.12;11280.08;4990.04;32420.541
2026-06-16T23:12:23.523145+02:00;standby;23.4;29.3;5.0;25.0;54.8;57.0;0;0;0;0;16270.12;11280.08;4990.04;32420.541
2026-06-16T23:13:24.318928+02:00;standby;23.4;29.3;5.0;25.0;54.8;57.0;0;0;0;0;16270.12;11280.08;4990.04;32420.541
2026-06-16T23:14:25.129176+02:00;standby;23.4;29.3;5.0;25.0;54.8;57.0;0;0;0;0;16270.12;11280.08;4990.04;32420.541
2026-06-16T23:15:25.756914+02:00;standby;23.4;29.3;5.0;25.0;54.8;57.0;0;0;0;0;16270.12;11280.08;4990.04;32420.541
2026-06-16T23:16:26.693840+02:00;standby;23.4;29.3;5.0;25.0;54.8;57.0;0;0;0;0;16270.12;11280.08;4990.04;32420.541
2026-06-16T23:17:27.444130+02:00;standby;23.4;29.3;5.0;25.0;54.7;57.0;0;0;0;0;16270.12;11280.08;4990.04;32420.541
2026-06-16T23:18:28.034898+02:00;standby;23.4;29.3;5.0;25.0;54.7;57.0;0;0;0;0;16270.12;11280.08;4990.04;32420.541
2026-06-16T23:19:28.828593+02:00;standby;23.4;29.3;5.0;25.0;54.7;57.0;0;0;0;0;16270.12;11280.08;4990.04;32420.541
2026-06-16T23:20:29.885558+02:00;standby;23.4;29.3;5.0;25.0;54.7;57.0;0;0;0;0;16270.12;11280.08;4990.04;32420.541
2026-06-16T23:21:30.417249+02:00;standby;23.4;29.2;5.0;25.0;54.7;57.0;0;0;0;0;16270.12;11280.08;4990.04;32420.541
2026-06-16T23:22:31.126316+02:00;standby;23.4;29.2;5.0;25.0;54.7;57.0;0;0;0;0;16270.12;11280.08;4990.04;32420.541
2026-06-16T23:23:32.573843+02:00;standby;23.4;29.2;5.0;25.0;54.7;57.0;0;0;0;0;16270.12;11280.08;4990.04;32420.541
2026-06-16T23:24:33.403257+02:00;standby;23.4;29.2;5.0;25.0;54.7;57.0;0;0;0;0;16270.12;11280.08;4990.04;32420.541
2026-06-16T23:25:33.934601+02:00;standby;23.4;29.2;5.0;25.0;54.7;57.0;0;0;0;0;16270.12;11280.08;4990.04;32420.541
2026-06-16T23:26:34.558205+02:00;standby;23.4;29.2;5.0;25.0;54.7;57.0;0;0;0;0;16270.12;11280.08;4990.04;32420.541
2026-06-16T23:27:35.128606+02:00;standby;23.4;29.2;5.0;25.0;54.6;57.0;0;0;0;0;16270.12;11280.08;4990.04;32420.541
2026-06-16T23:28:35.962415+02:00;standby;23.4;29.2;5.0;25.0;54.6;57.0;0;0;0;0;16270.12;11280.08;4990.04;32420.541
2026-06-16T23:29:36.675089+02:00;standby;23.4;29.2;5.0;25.0;54.6;57.0;0;0;0;0;16270.12;11280.08;4990.04;32420.541
2026-06-16T23:30:37.374286+02:00;standby;23.4;29.0;5.0;25.0;54.6;57.0;0;0;0;0;16270.12;11280.08;4990.04;32420.541
2026-06-16T23:31:38.741304+02:00;standby;23.4;29.0;5.0;25.0;54.6;57.0;0;0;0;0;16270.12;11280.08;4990.04;32420.541
2026-06-16T23:32:39.329729+02:00;standby;23.4;29.0;5.0;25.0;54.6;57.0;0;0;0;0;16270.12;11280.08;4990.04;32420.541
2026-06-16T23:33:40.025379+02:00;standby;23.4;29.0;5.0;25.0;54.6;57.0;0;0;0;0;16270.12;11280.08;4990.04;32420.541
2026-06-16T23:34:40.647069+02:00;standby;23.4;29.0;5.0;25.0;54.6;57.0;0;0;0;0;16270.12;11280.08;4990.04;32420.541
2026-06-16T23:35:41.334911+02:00;standby;23.4;29.0;5.0;25.0;54.6;57.0;0;0;0;0;16270.12;11280.08;4990.04;32420.541
2026-06-16T23:36:41.952816+02:00;standby;23.4;29.0;5.0;25.0;54.6;57.0;0;0;0;0;16270.12;11280.08;4990.04;32420.541
2026-06-16T23:37:42.676134+02:00;standby;23.4;29.0;5.0;25.0;54.5;57.0;0;0;0;0;16270.12;11280.08;4990.04;32420.541
2026-06-16T23:38:43.470632+02:00;standby;23.4;29.0;5.0;25.0;54.5;57.0;0;0;0;0;16270.12;11280.08;4990.04;32420.541
2026-06-16T23:39:44.016865+02:00;standby;23.4;29.0;5.0;25.0;54.5;57.0;0;0;0;0;16270.12;11280.08;4990.04;32420.541
2026-06-16T23:40:45.289568+02:00;standby;23.4;28.9;5.0;25.0;54.5;57.0;0;0;0;0;16270.12;11280.08;4990.04;32420.541
2026-06-16T23:41:46.020089+02:00;standby;23.4;28.9;5.0;25.0;54.3;57.0;0;0;0;0;16270.12;11280.08;4990.04;32420.541
2026-06-16T23:42:46.629535+02:00;standby;23.4;28.9;5.0;25.0;54.2;57.0;0;0;0;0;16270.12;11280.08;4990.04;32420.541
2026-06-16T23:43:47.251985+02:00;standby;23.4;28.9;5.0;25.0;54.0;57.0;0;0;0;0;16270.12;11280.08;4990.04;32420.541
2026-06-16T23:44:48.873941+02:00;standby;23.4;28.9;5.0;25.0;53.8;57.0;0;0;0;0;16270.12;11280.08;4990.04;32420.541
2026-06-16T23:45:49.701329+02:00;standby;23.4;28.9;5.0;25.0;53.6;10.0;0;0;0;0;16270.12;11280.08;4990.04;32420.541
2026-06-16T23:46:50.314483+02:00;standby;23.4;28.9;5.0;25.0;53.6;10.0;0;0;0;0;16270.12;11280.08;4990.04;32420.541
2026-06-16T23:47:50.894495+02:00;standby;23.4;28.9;5.0;25.0;53.5;10.0;0;0;0;0;16270.12;11280.08;4990.04;32420.541
2026-06-16T23:48:51.536908+02:00;standby;23.4;28.9;5.0;25.0;53.5;10.0;0;0;0;0;16270.12;11280.08;4990.04;32420.541
2026-06-16T23:49:52.116130+02:00;standby;23.4;28.9;5.0;25.0;53.5;10.0;0;0;0;0;16270.12;11280.08;4990.04;32420.541
2026-06-16T23:50:52.751354+02:00;standby;23.4;28.7;5.0;25.0;53.5;10.0;0;0;0;0;16270.12;11280.08;4990.04;32420.541
2026-06-16T23:51:53.330846+02:00;standby;23.4;28.7;5.0;25.0;53.5;10.0;0;0;0;0;16270.12;11280.08;4990.04;32420.541
2026-06-16T23:52:54.044174+02:00;standby;23.4;28.7;5.0;25.0;53.4;10.0;0;0;0;0;16270.12;11280.08;4990.04;32420.541
2026-06-16T23:53:54.591707+02:00;standby;23.4;28.7;5.0;25.0;53.4;10.0;0;0;0;0;16270.12;11280.08;4990.04;32420.541
2026-06-16T23:54:55.223453+02:00;standby;23.4;28.7;5.0;25.0;53.4;10.0;0;0;0;0;16270.12;11280.08;4990.04;32420.541
2026-06-16T23:55:55.815600+02:00;standby;23.4;28.7;5.0;25.0;53.4;10.0;0;0;0;0;16270.12;11280.08;4990.04;32420.541
2026-06-16T23:56:57.355777+02:00;standby;23.4;28.7;5.0;25.0;53.4;10.0;0;0;0;0;16270.12;11280.08;4990.04;32420.541
2026-06-16T23:57:58.421809+02:00;standby;23.4;28.7;5.0;25.0;53.4;10.0;0;0;0;0;16270.12;11280.08;4990.04;32420.541
2026-06-16T23:58:58.941637+02:00;standby;23.4;28.7;5.0;25.0;53.3;10.0;0;0;0;0;16270.12;11280.08;4990.04;32420.541
2026-06-16T23:59:59.469948+02:00;standby;23.4;28.7;5.0;25.0;53.2;10.0;0;0;0;0;16270.12;11280.08;4990.04;32420.541
2026-06-17T00:01:00.195464+02:00;standby;23.4;28.7;5.0;25.0;53.2;10.0;0;0;0;0;16270.12;11280.08;4990.04;32420.541
2026-06-17T00:02:00.924416+02:00;standby;23.4;28.6;5.0;25.0;53.2;10.0;0;0;0;0;16270.12;11280.08;4990.04;32420.541
2026-06-17T00:03:01.807295+02:00;standby;23.4;28.6;5.0;25.0;53.2;10.0;0;0;0;0;16270.12;11280.08;4990.04;32420.541
2026-06-17T00:04:02.369455+02:00;standby;23.4;28.7;5.0;25.0;53.2;10.0;0;0;0;0;16270.12;11280.08;4990.04;32420.541
2026-06-17T00:05:03.046044+02:00;standby;23.4;28.6;5.0;25.0;53.2;10.0;0;0;0;0;16270.12;11280.08;4990.04;32420.541
2026-06-17T00:06:04.590750+02:00;standby;23.4;28.6;5.0;25.0;53.1;10.0;0;0;0;0;16270.12;11280.08;4990.04;32420.541
2026-06-17T00:07:05.183969+02:00;standby;23.4;28.6;5.0;25.0;53.1;10.0;0;0;0;0;16270.12;11280.08;4990.04;32420.541
2026-06-17T00:08:05.928532+02:00;standby;23.4;28.6;5.0;25.0;53.1;10.0;0;0;0;0;16270.12;11280.08;4990.04;32420.541
2026-06-17T00:09:06.649947+02:00;standby;23.4;28.6;5.0;25.0;53.1;10.0;0;0;0;0;16270.12;11280.08;4990.04;32420.541
2026-06-17T00:10:07.581059+02:00;standby;23.4;28.6;5.0;25.0;53.1;10.0;0;0;0;0;16270.12;11280.08;4990.04;32420.541
2026-06-17T00:11:08.267464+02:00;standby;23.4;28.6;5.0;25.0;53.1;10.0;0;0;0;0;16270.12;11280.08;4990.04;32420.541
2026-06-17T00:12:09.167499+02:00;standby;23.4;28.6;5.0;25.0;53.1;10.0;0;0;0;0;16270.12;11280.08;4990.04;32420.541
2026-06-17T00:13:15.337803+02:00;standby;23.4;28.5;5.0;25.0;53.1;10.0;0;0;0;0;16270.12;11280.08;4990.04;32420.541
2026-06-17T00:14:16.050278+02:00;standby;23.4;28.5;5.0;25.0;53.1;10.0;0;0;0;0;16270.12;11280.08;4990.04;32420.541
2026-06-17T00:15:16.658450+02:00;standby;23.4;28.5;5.0;25.0;53.1;10.0;0;0;0;0;16270.12;11280.08;4990.04;32420.541
2026-06-17T00:16:17.487960+02:00;standby;23.4;28.5;5.0;25.0;52.9;10.0;0;0;0;0;16270.12;11280.08;4990.04;32420.541
2026-06-17T00:17:18.630334+02:00;standby;23.4;28.5;5.0;25.0;52.9;10.0;0;0;0;0;16270.12;11280.08;4990.04;32420.541
2026-06-17T00:18:19.451434+02:00;standby;23.4;28.5;5.0;25.0;52.9;10.0;0;0;0;0;16270.12;11280.08;4990.04;32420.541
2026-06-17T00:19:20.041412+02:00;standby;23.4;28.5;5.0;25.0;52.9;10.0;0;0;0;0;16270.12;11280.08;4990.04;32420.541
2026-06-17T00:20:23.532355+02:00;standby;23.4;28.5;5.0;25.0;52.9;10.0;0;0;0;0;16270.12;11280.08;4990.04;32420.541
2026-06-17T00:21:24.492699+02:00;standby;23.4;28.5;5.0;25.0;52.9;10.0;0;0;0;0;16270.12;11280.08;4990.04;32420.541
2026-06-17T00:22:25.343369+02:00;standby;23.4;28.5;5.0;25.0;52.9;10.0;0;0;0;0;16270.12;11280.08;4990.04;32420.541
2026-06-17T00:23:25.910794+02:00;standby;23.4;28.5;5.0;25.0;52.9;10.0;0;0;0;0;16270.12;11280.08;4990.04;32420.541
2026-06-17T00:24:26.834921+02:00;standby;23.4;28.3;5.0;25.0;52.8;10.0;0;0;0;0;16270.12;11280.08;4990.04;32420.541
2026-06-17T00:25:27.416425+02:00;standby;23.2;28.3;5.0;25.0;52.8;10.0;0;0;0;0;16270.12;11280.08;4990.04;32420.541
2026-06-17T00:26:28.689340+02:00;standby;23.2;28.3;5.0;25.0;52.8;10.0;0;0;0;0;16270.12;11280.08;4990.04;32420.541
2026-06-17T00:27:29.319477+02:00;standby;23.2;28.3;5.0;25.0;52.8;10.0;0;0;0;0;16270.12;11280.08;4990.04;32420.541
2026-06-17T00:28:30.074161+02:00;standby;23.2;28.3;5.0;25.0;52.8;10.0;0;0;0;0;16270.12;11280.08;4990.04;32420.541
2026-06-17T00:29:30.825010+02:00;standby;23.2;28.3;5.0;25.0;52.8;10.0;0;0;0;0;16270.12;11280.08;4990.04;32420.541
2026-06-17T00:30:31.617880+02:00;standby;23.2;28.3;5.0;25.0;52.8;10.0;0;0;0;0;16270.12;11280.08;4990.04;32420.541
2026-06-17T00:31:32.248314+02:00;standby;23.2;28.3;5.0;25.0;52.8;10.0;0;0;0;0;16270.12;11280.08;4990.04;32420.541
2026-06-17T00:32:32.958624+02:00;standby;23.2;28.3;5.0;25.0;52.8;10.0;0;0;0;0;16270.12;11280.08;4990.04;32420.541
2026-06-17T00:33:33.580349+02:00;standby;23.2;28.3;5.0;25.0;52.8;10.0;0;0;0;0;16270.12;11280.08;4990.04;32420.541
2026-06-17T00:34:34.226939+02:00;standby;23.2;28.3;5.0;25.0;52.7;10.0;0;0;0;0;16270.12;11280.08;4990.04;32420.541
2026-06-17T00:35:34.795364+02:00;standby;23.2;28.3;5.0;25.0;52.7;10.0;0;0;0;0;16270.12;11280.08;4990.04;32420.541
2026-06-17T00:36:35.370413+02:00;standby;23.2;28.3;5.0;25.0;52.7;10.0;0;0;0;0;16270.12;11280.08;4990.04;32420.541
2026-06-17T00:37:36.452323+02:00;standby;23.2;28.3;5.0;25.0;52.7;10.0;0;0;0;0;16270.12;11280.08;4990.04;32420.541
2026-06-17T00:38:37.179654+02:00;standby;23.2;28.2;5.0;25.0;52.7;10.0;0;0;0;0;16270.12;11280.08;4990.04;32420.541
2026-06-17T00:39:38.010969+02:00;standby;23.2;28.2;5.0;25.0;52.7;10.0;0;0;0;0;16270.12;11280.08;4990.04;32420.541
2026-06-17T00:40:39.284258+02:00;standby;23.2;28.2;5.0;25.0;52.7;10.0;0;0;0;0;16270.12;11280.08;4990.04;32420.541
2026-06-17T00:41:40.024957+02:00;standby;23.2;28.2;5.0;25.0;52.7;10.0;0;0;0;0;16270.12;11280.08;4990.04;32420.541
2026-06-17T00:42:41.125559+02:00;standby;23.2;28.2;5.0;25.0;52.7;10.0;0;0;0;0;16270.12;11280.08;4990.04;32420.541
2026-06-17T00:43:41.728042+02:00;standby;23.2;28.2;5.0;25.0;52.6;10.0;0;0;0;0;16270.12;11280.08;4990.04;32420.541
2026-06-17T00:44:42.382549+02:00;standby;23.2;28.2;5.0;25.0;52.6;10.0;0;0;0;0;16270.12;11280.08;4990.04;32420.541
2026-06-17T00:45:42.996989+02:00;standby;23.2;28.2;5.0;25.0;52.6;10.0;0;0;0;0;16270.12;11280.08;4990.04;32420.541
2026-06-17T00:46:44.100179+02:00;standby;23.2;28.2;5.0;25.0;52.6;10.0;0;0;0;0;16270.12;11280.08;4990.04;32420.541
2026-06-17T00:47:44.860584+02:00;standby;23.2;28.2;5.0;25.0;52.6;10.0;0;0;0;0;16270.12;11280.08;4990.04;32420.541
2026-06-17T00:48:45.644060+02:00;standby;23.2;28.2;5.0;25.0;52.6;10.0;0;0;0;0;16270.12;11280.08;4990.04;32420.541
2026-06-17T00:49:46.623325+02:00;standby;23.2;28.2;5.0;25.0;52.6;10.0;0;0;0;0;16270.12;11280.08;4990.04;32420.541
2026-06-17T00:50:47.149810+02:00;standby;23.2;28.2;5.0;25.0;52.6;10.0;0;0;0;0;16270.12;11280.08;4990.04;32420.541
2026-06-17T00:51:47.845220+02:00;standby;23.2;28.0;5.0;25.0;52.6;10.0;0;0;0;0;16270.12;11280.08;4990.04;32420.541
2026-06-17T00:52:48.978722+02:00;standby;23.2;28.0;5.0;25.0;52.5;10.0;0;0;0;0;16270.12;11280.08;4990.04;32420.541
2026-06-17T00:53:49.599908+02:00;standby;23.2;28.0;5.0;25.0;52.5;10.0;0;0;0;0;16270.12;11280.08;4990.04;32420.541
2026-06-17T00:54:50.424825+02:00;standby;23.2;28.0;5.0;25.0;52.5;10.0;0;0;0;0;16270.12;11280.08;4990.04;32420.541
2026-06-17T00:55:51.576697+02:00;standby;23.2;28.0;5.0;25.0;52.5;10.0;0;0;0;0;16270.12;11280.08;4990.04;32420.541
2026-06-17T00:56:52.413340+02:00;standby;23.2;28.0;5.0;25.0;52.5;10.0;0;0;0;0;16270.12;11280.08;4990.04;32420.541
2026-06-17T00:57:53.090505+02:00;standby;23.2;28.0;5.0;25.0;52.5;10.0;0;0;0;0;16270.12;11280.08;4990.04;32420.541
2026-06-17T00:58:53.835581+02:00;standby;23.2;28.0;5.0;25.0;52.5;10.0;0;0;0;0;16270.12;11280.08;4990.04;32420.541
2026-06-17T00:59:54.572880+02:00;standby;23.2;28.0;5.0;25.0;52.5;10.0;0;0;0;0;16270.12;11280.08;4990.04;32420.541
2026-06-17T01:00:55.089141+02:00;standby;23.2;28.0;5.0;25.0;52.5;10.0;0;0;0;0;16270.12;11280.08;4990.04;32420.541
2026-06-17T01:01:55.717035+02:00;standby;23.2;28.0;5.0;25.0;52.5;10.0;0;0;0;0;16270.12;11280.08;4990.04;32420.541
2026-06-17T01:02:56.845289+02:00;standby;23.2;28.0;5.0;25.0;52.4;10.0;0;0;0;0;16270.12;11280.08;4990.04;32420.541
2026-06-17T01:03:57.499247+02:00;standby;23.2;28.0;5.0;25.0;52.4;10.0;0;0;0;0;16270.12;11280.08;4990.04;32420.541
2026-06-17T01:04:58.258500+02:00;standby;23.2;28.0;5.0;25.0;52.4;10.0;0;0;0;0;16270.12;11280.08;4990.04;32420.541
2026-06-17T01:05:59.113742+02:00;standby;23.2;27.9;5.0;25.0;52.4;10.0;0;0;0;0;16270.12;11280.08;4990.04;32420.541
2026-06-17T01:06:59.639268+02:00;standby;23.2;27.9;5.0;25.0;52.4;10.0;0;0;0;0;16270.12;11280.08;4990.04;32420.541
2026-06-17T01:08:00.597391+02:00;standby;23.2;27.9;5.0;25.0;52.4;10.0;0;0;0;0;16270.12;11280.08;4990.04;32420.541
2026-06-17T01:09:01.385021+02:00;standby;23.2;27.9;5.0;25.0;52.4;10.0;0;0;0;0;16270.12;11280.08;4990.04;32420.541
2026-06-17T01:10:02.518529+02:00;standby;23.2;27.9;5.0;25.0;52.4;10.0;0;0;0;0;16270.12;11280.08;4990.04;32420.541
2026-06-17T01:11:03.371840+02:00;standby;23.2;27.9;5.0;25.0;52.3;10.0;0;0;0;0;16270.12;11280.08;4990.04;32420.541
2026-06-17T01:12:04.276638+02:00;standby;23.2;27.9;5.0;25.0;52.3;10.0;0;0;0;0;16270.12;11280.08;4990.04;32420.541
2026-06-17T01:13:05.547728+02:00;standby;23.2;27.9;5.0;25.0;52.3;10.0;0;0;0;0;16270.12;11280.08;4990.04;32420.541
2026-06-17T01:14:06.466506+02:00;standby;23.2;27.9;5.0;25.0;52.3;10.0;0;0;0;0;16270.12;11280.08;4990.04;32420.541
2026-06-17T01:15:07.187987+02:00;standby;23.2;27.9;5.0;25.0;52.3;10.0;0;0;0;0;16270.12;11280.08;4990.04;32420.541
2026-06-17T01:16:07.823695+02:00;standby;23.2;27.9;5.0;25.0;52.3;10.0;0;0;0;0;16270.12;11280.08;4990.04;32420.541
2026-06-17T01:17:08.730662+02:00;standby;23.2;27.9;5.0;25.0;52.3;10.0;0;0;0;0;16270.12;11280.08;4990.04;32420.541
2026-06-17T01:18:09.475970+02:00;standby;23.2;27.9;5.0;25.0;52.3;10.0;0;0;0;0;16270.12;11280.08;4990.04;32420.541
2026-06-17T01:19:11.220728+02:00;standby;23.2;27.9;5.0;25.0;52.3;10.0;0;0;0;0;16270.12;11280.08;4990.04;32420.541
2026-06-17T01:20:12.125536+02:00;standby;23.2;27.7;5.0;25.0;52.3;10.0;0;0;0;0;16270.12;11280.08;4990.04;32420.541
2026-06-17T01:21:12.949570+02:00;standby;23.2;27.7;5.0;25.0;52.3;10.0;0;0;0;0;16270.12;11280.08;4990.04;32420.541
2026-06-17T01:22:13.866237+02:00;standby;23.2;27.7;5.0;25.0;52.2;10.0;0;0;0;0;16270.12;11280.08;4990.04;32420.541
2026-06-17T01:23:14.607260+02:00;standby;23.2;27.7;5.0;25.0;52.2;10.0;0;0;0;0;16270.12;11280.08;4990.04;32420.541
2026-06-17T01:24:19.657543+02:00;standby;23.2;27.7;5.0;25.0;52.2;10.0;0;0;0;0;16270.12;11280.08;4990.04;32420.541
2026-06-17T01:25:20.173941+02:00;standby;23.2;27.7;5.0;25.0;52.2;10.0;0;0;0;0;16270.12;11280.08;4990.04;32420.541
2026-06-17T01:26:20.779337+02:00;standby;23.0;27.7;5.0;25.0;52.2;10.0;0;0;0;0;16270.12;11280.08;4990.04;32420.541
2026-06-17T01:27:21.887519+02:00;standby;23.0;27.7;5.0;25.0;52.2;10.0;0;0;0;0;16270.12;11280.08;4990.04;32420.541
2026-06-17T01:28:24.580192+02:00;standby;23.0;27.7;5.0;25.0;52.2;10.0;0;0;0;0;16270.12;11280.08;4990.04;32420.541
2026-06-17T01:29:25.094391+02:00;standby;23.0;27.7;5.0;25.0;52.2;10.0;0;0;0;0;16270.12;11280.08;4990.04;32420.541
2026-06-17T01:30:25.617241+02:00;standby;23.0;27.7;5.0;25.0;52.2;10.0;0;0;0;0;16270.12;11280.08;4990.04;32420.541
2026-06-17T01:31:26.344985+02:00;standby;23.0;27.7;5.0;25.0;52.1;10.0;0;0;0;0;16270.12;11280.08;4990.04;32420.541
2026-06-17T01:32:27.048438+02:00;standby;23.0;27.7;5.0;25.0;52.1;10.0;0;0;0;0;16270.12;11280.08;4990.04;32420.541
2026-06-17T01:33:27.597472+02:00;standby;23.0;27.7;5.0;25.0;52.1;10.0;0;0;0;0;16270.12;11280.08;4990.04;32420.541
2026-06-17T01:34:28.214146+02:00;standby;23.0;27.7;5.0;25.0;52.1;10.0;0;0;0;0;16270.12;11280.08;4990.04;32420.541
2026-06-17T01:35:28.954414+02:00;standby;23.0;27.7;5.0;25.0;52.1;10.0;0;0;0;0;16270.12;11280.08;4990.04;32420.541
2026-06-17T01:36:29.534841+02:00;standby;23.0;27.7;5.0;25.0;52.1;10.0;0;0;0;0;16270.12;11280.08;4990.04;32420.541
2026-06-17T01:37:30.171854+02:00;standby;23.0;27.7;5.0;25.0;52.1;10.0;0;0;0;0;16270.12;11280.08;4990.04;32420.541
2026-06-17T01:38:30.790276+02:00;standby;23.0;27.6;5.0;25.0;52.1;10.0;0;0;0;0;16270.12;11280.08;4990.04;32420.541
2026-06-17T01:39:31.833808+02:00;standby;23.0;27.6;5.0;25.0;52.1;10.0;0;0;0;0;16270.12;11280.08;4990.04;32420.541
2026-06-17T01:40:32.470009+02:00;standby;23.0;27.6;5.0;25.0;52.1;10.0;0;0;0;0;16270.12;11280.08;4990.04;32420.541
2026-06-17T01:41:33.157570+02:00;standby;23.0;27.6;5.0;25.0;52.0;10.0;0;0;0;0;16270.12;11280.08;4990.04;32420.541
2026-06-17T01:42:33.707247+02:00;standby;23.0;27.6;5.0;25.0;52.0;10.0;0;0;0;0;16270.12;11280.08;4990.04;32420.541
2026-06-17T01:43:34.309846+02:00;standby;23.0;27.6;5.0;25.0;52.0;10.0;0;0;0;0;16270.12;11280.08;4990.04;32420.541
2026-06-17T01:44:34.915898+02:00;standby;23.0;27.6;5.0;25.0;52.0;10.0;0;0;0;0;16270.12;11280.08;4990.04;32420.541
2026-06-17T01:45:35.758008+02:00;standby;23.0;27.6;5.0;25.0;52.0;10.0;0;0;0;0;16270.12;11280.08;4990.04;32420.541
2026-06-17T01:46:36.988296+02:00;standby;23.0;27.6;5.0;25.0;52.0;10.0;0;0;0;0;16270.12;11280.08;4990.04;32420.541
2026-06-17T01:47:37.615251+02:00;standby;23.0;27.6;5.0;25.0;52.0;10.0;0;0;0;0;16270.12;11280.08;4990.04;32420.541
2026-06-17T01:48:38.165808+02:00;standby;23.0;27.6;5.0;25.0;52.0;10.0;0;0;0;0;16270.12;11280.08;4990.04;32420.541
2026-06-17T01:49:38.959320+02:00;standby;23.0;27.6;5.0;25.0;52.0;10.0;0;0;0;0;16270.12;11280.08;4990.04;32420.541
2026-06-17T01:50:39.578717+02:00;standby;23.0;27.6;5.0;25.0;52.0;10.0;0;0;0;0;16270.12;11280.08;4990.04;32420.541
2026-06-17T01:51:40.233583+02:00;standby;23.0;27.6;5.0;25.0;51.9;10.0;0;0;0;0;16270.12;11280.08;4990.04;32420.541
2026-06-17T01:52:41.051716+02:00;standby;23.0;27.6;5.0;25.0;51.9;10.0;0;0;0;0;16270.12;11280.08;4990.04;32420.541
2026-06-17T01:53:42.252836+02:00;standby;23.0;27.6;5.0;25.0;51.9;10.0;0;0;0;0;16270.12;11280.08;4990.04;32420.541
2026-06-17T01:54:43.014109+02:00;standby;23.0;27.6;5.0;25.0;51.9;10.0;0;0;0;0;16270.12;11280.08;4990.04;32420.541
2026-06-17T01:55:43.945952+02:00;standby;23.0;27.5;5.0;25.0;51.9;10.0;0;0;0;0;16270.12;11280.08;4990.04;32420.541
2026-06-17T01:56:44.637267+02:00;standby;23.0;27.5;5.0;25.0;51.9;10.0;0;0;0;0;16270.12;11280.08;4990.04;32420.541
2026-06-17T01:57:45.350077+02:00;standby;23.0;27.5;5.0;25.0;51.9;10.0;0;0;0;0;16270.12;11280.08;4990.04;32420.541
2026-06-17T01:58:46.083014+02:00;standby;23.0;27.5;5.0;25.0;51.9;10.0;0;0;0;0;16270.12;11280.08;4990.04;32420.541
2026-06-17T01:59:46.799650+02:00;standby;23.0;27.5;5.0;25.0;51.9;10.0;0;0;0;0;16270.12;11280.08;4990.04;32420.541
2026-06-17T02:00:47.735132+02:00;standby;23.0;27.5;5.0;25.0;51.8;10.0;0;0;0;0;16270.12;11280.08;4990.04;32420.541
2026-06-17T02:01:49.000405+02:00;standby;23.0;27.5;5.0;25.0;51.8;10.0;0;0;0;0;16270.12;11280.08;4990.04;32420.541
2026-06-17T02:02:49.715720+02:00;standby;23.0;27.5;5.0;25.0;51.8;10.0;0;0;0;0;16270.12;11280.08;4990.04;32420.541
2026-06-17T02:03:50.529555+02:00;standby;23.0;27.5;5.0;25.0;51.8;10.0;0;0;0;0;16270.12;11280.08;4990.04;32420.541
2026-06-17T02:04:51.457586+02:00;standby;23.0;27.5;5.0;25.0;51.8;10.0;0;0;0;0;16270.12;11280.08;4990.04;32420.541
2026-06-17T02:05:52.301313+02:00;standby;23.0;27.5;5.0;25.0;51.8;10.0;0;0;0;0;16270.12;11280.08;4990.04;32420.541
2026-06-17T02:06:53.219348+02:00;standby;23.0;27.5;5.0;25.0;51.8;10.0;0;0;0;0;16270.12;11280.08;4990.04;32420.541
2026-06-17T02:07:54.485012+02:00;standby;23.0;27.5;5.0;25.0;51.8;10.0;0;0;0;0;16270.12;11280.08;4990.04;32420.541
2026-06-17T02:08:55.000181+02:00;standby;23.0;27.5;5.0;25.0;51.8;10.0;0;0;0;0;16270.12;11280.08;4990.04;32420.541
2026-06-17T02:09:55.904288+02:00;standby;23.0;27.5;5.0;25.0;51.8;10.0;0;0;0;0;16270.12;11280.08;4990.04;32420.541
2026-06-17T02:10:56.822115+02:00;standby;23.0;27.3;5.0;25.0;51.8;10.0;0;0;0;0;16270.12;11280.08;4990.04;32420.541
2026-06-17T02:11:58.473224+02:00;standby;23.0;27.3;5.0;25.0;51.7;10.0;0;0;0;0;16270.12;11280.08;4990.04;32420.541
2026-06-17T02:12:59.268849+02:00;standby;23.0;27.3;5.0;25.0;51.7;10.0;0;0;0;0;16270.12;11280.08;4990.04;32420.541
2026-06-17T02:13:59.928973+02:00;standby;23.0;27.3;5.0;25.0;51.7;10.0;0;0;0;0;16270.12;11280.08;4990.04;32420.541
2026-06-17T02:15:00.633832+02:00;standby;23.0;27.3;5.0;25.0;51.7;10.0;0;0;0;0;16270.12;11280.08;4990.04;32420.541
2026-06-17T02:16:01.603889+02:00;standby;23.0;27.3;5.0;25.0;51.7;10.0;0;0;0;0;16270.12;11280.08;4990.04;32420.541
2026-06-17T02:17:02.285998+02:00;standby;23.0;27.3;5.0;25.0;51.7;10.0;0;0;0;0;16270.12;11280.08;4990.04;32420.541
2026-06-17T02:18:03.046296+02:00;standby;23.0;27.3;5.0;25.0;51.7;10.0;0;0;0;0;16270.12;11280.08;4990.04;32420.541
2026-06-17T02:19:03.837348+02:00;standby;23.0;27.3;5.0;25.0;51.7;10.0;0;0;0;0;16270.12;11280.08;4990.04;32420.541
2026-06-17T02:20:04.689728+02:00;standby;23.0;27.3;5.0;25.0;51.7;10.0;0;0;0;0;16270.12;11280.08;4990.04;32420.541
2026-06-17T02:21:05.470064+02:00;standby;23.0;27.3;5.0;25.0;51.7;10.0;0;0;0;0;16270.12;11280.08;4990.04;32420.541
2026-06-17T02:22:06.465816+02:00;standby;23.0;27.3;5.0;25.0;51.6;10.0;0;0;0;0;16270.12;11280.08;4990.04;32420.541
2026-06-17T02:23:07.155458+02:00;standby;23.0;27.3;5.0;25.0;51.6;10.0;0;0;0;0;16270.12;11280.08;4990.04;32420.541
2026-06-17T02:24:08.387104+02:00;standby;23.0;27.3;5.0;25.0;51.6;10.0;0;0;0;0;16270.12;11280.08;4990.04;32420.541
2026-06-17T02:25:09.026135+02:00;standby;23.0;27.3;5.0;25.0;51.6;10.0;0;0;0;0;16270.12;11280.08;4990.04;32420.541
2026-06-17T02:26:09.828130+02:00;standby;23.0;27.3;5.0;25.0;51.6;10.0;0;0;0;0;16270.12;11280.08;4990.04;32420.541
2026-06-17T02:27:10.762975+02:00;standby;23.1;27.3;5.0;25.0;51.6;10.0;0;0;0;0;16270.12;11280.08;4990.04;32420.541
2026-06-17T02:28:11.404198+02:00;standby;23.1;27.3;5.0;25.0;51.6;10.0;0;0;0;0;16270.12;11280.08;4990.04;32420.541
2026-06-17T02:29:12.203071+02:00;standby;23.1;27.3;5.0;25.0;51.6;10.0;0;0;0;0;16270.12;11280.08;4990.04;32420.541
2026-06-17T02:30:12.851349+02:00;standby;23.1;27.3;5.0;25.0;51.6;10.0;0;0;0;0;16270.12;11280.08;4990.04;32420.541
2026-06-17T02:31:13.784256+02:00;standby;23.1;27.3;5.0;25.0;51.6;10.0;0;0;0;0;16270.12;11280.08;4990.04;32420.541
2026-06-17T02:32:14.604705+02:00;standby;23.1;27.3;5.0;25.0;51.5;10.0;0;0;0;0;16270.12;11280.08;4990.04;32420.541
2026-06-17T02:33:15.334786+02:00;standby;23.1;27.3;5.0;25.0;51.5;10.0;0;0;0;0;16270.12;11280.08;4990.04;32420.541
2026-06-17T02:34:15.855592+02:00;standby;23.1;27.2;5.0;25.0;51.5;10.0;0;0;0;0;16270.12;11280.08;4990.04;32420.541
2026-06-17T02:35:16.558537+02:00;standby;23.1;27.2;5.0;25.0;51.5;10.0;0;0;0;0;16270.12;11280.08;4990.04;32420.541
2026-06-17T02:36:17.295457+02:00;standby;23.1;27.2;5.0;25.0;51.5;10.0;0;0;0;0;16270.12;11280.08;4990.04;32420.541
2026-06-17T02:37:18.011556+02:00;standby;23.1;27.2;5.0;25.0;51.5;10.0;0;0;0;0;16270.12;11280.08;4990.04;32420.541
2026-06-17T02:38:18.636873+02:00;standby;23.1;27.2;5.0;25.0;51.5;10.0;0;0;0;0;16270.12;11280.08;4990.04;32420.541
2026-06-17T02:39:19.175040+02:00;standby;23.1;27.2;5.0;25.0;51.5;10.0;0;0;0;0;16270.12;11280.08;4990.04;32420.541
2026-06-17T02:40:19.902235+02:00;standby;23.1;27.2;5.0;25.0;51.5;10.0;0;0;0;0;16270.12;11280.08;4990.04;32420.541
2026-06-17T02:41:20.480073+02:00;standby;23.1;27.2;5.0;25.0;51.4;10.0;0;0;0;0;16270.12;11280.08;4990.04;32420.541
2026-06-17T02:42:21.333170+02:00;standby;23.1;27.2;5.0;25.0;51.4;10.0;0;0;0;0;16270.12;11280.08;4990.04;32420.541
2026-06-17T02:43:22.178147+02:00;standby;23.1;27.2;5.0;25.0;51.4;10.0;0;0;0;0;16270.12;11280.08;4990.04;32420.541
2026-06-17T02:44:23.914537+02:00;standby;23.1;27.2;5.0;25.0;51.4;10.0;0;0;0;0;16270.12;11280.08;4990.04;32420.541
2026-06-17T02:45:24.533252+02:00;standby;23.1;27.2;5.0;25.0;51.4;10.0;0;0;0;0;16270.12;11280.08;4990.04;32420.541
2026-06-17T02:46:25.125369+02:00;standby;23.1;27.2;5.0;25.0;51.4;10.0;0;0;0;0;16270.12;11280.08;4990.04;32420.541
2026-06-17T02:47:26.001064+02:00;standby;23.1;27.2;5.0;25.0;51.4;10.0;0;0;0;0;16270.12;11280.08;4990.04;32420.541
2026-06-17T02:48:26.898943+02:00;standby;23.1;27.2;5.0;25.0;51.4;10.0;0;0;0;0;16270.12;11280.08;4990.04;32420.541
2026-06-17T02:49:27.527759+02:00;standby;23.1;27.2;5.0;25.0;51.4;10.0;0;0;0;0;16270.12;11280.08;4990.04;32420.541
2026-06-17T02:50:28.066790+02:00;standby;23.1;27.2;5.0;25.0;51.4;10.0;0;0;0;0;16270.12;11280.08;4990.04;32420.541
2026-06-17T02:51:28.956104+02:00;standby;23.1;27.2;5.0;25.0;51.4;10.0;0;0;0;0;16270.12;11280.08;4990.04;32420.541
2026-06-17T02:52:29.888001+02:00;standby;23.1;27.0;5.0;25.0;51.3;10.0;0;0;0;0;16270.12;11280.08;4990.04;32420.541
2026-06-17T02:53:30.708020+02:00;standby;23.1;27.2;5.0;25.0;51.3;10.0;0;0;0;0;16270.12;11280.08;4990.04;32420.541
2026-06-17T02:54:31.979649+02:00;standby;23.1;27.2;5.0;25.0;51.3;10.0;0;0;0;0;16270.12;11280.08;4990.04;32420.541
2026-06-17T02:55:32.697425+02:00;standby;23.1;27.0;5.0;25.0;51.3;10.0;0;0;0;0;16270.12;11280.08;4990.04;32420.541
2026-06-17T02:56:33.928452+02:00;standby;23.1;27.2;5.0;25.0;51.3;10.0;0;0;0;0;16270.12;11280.08;4990.04;32420.541
2026-06-17T02:57:34.447931+02:00;standby;23.1;27.0;5.0;25.0;51.3;10.0;0;0;0;0;16270.12;11280.08;4990.04;32420.541
2026-06-17T02:58:35.147944+02:00;standby;23.1;27.0;5.0;25.0;51.3;10.0;0;0;0;0;16270.12;11280.08;4990.04;32420.541
2026-06-17T02:59:35.685478+02:00;standby;23.1;27.0;5.0;25.0;51.3;10.0;0;0;0;0;16270.12;11280.08;4990.04;32420.541
2026-06-17T03:00:36.523206+02:00;standby;23.1;27.0;5.0;25.0;51.3;10.0;0;0;0;0;16270.12;11280.08;4990.04;32420.541
2026-06-17T03:01:37.842814+02:00;standby;23.1;27.0;5.0;25.0;51.3;10.0;0;0;0;0;16270.12;11280.08;4990.04;32420.541
2026-06-17T03:02:38.663130+02:00;standby;23.1;27.0;5.0;25.0;51.3;10.0;0;0;0;0;16270.12;11280.08;4990.04;32420.541
2026-06-17T03:03:39.610980+02:00;standby;23.1;27.0;5.0;25.0;51.2;10.0;0;0;0;0;16270.12;11280.08;4990.04;32420.541
2026-06-17T03:04:40.949462+02:00;standby;23.1;27.0;5.0;25.0;51.2;10.0;0;0;0;0;16270.12;11280.08;4990.04;32420.541
2026-06-17T03:05:42.081099+02:00;standby;23.1;27.0;5.0;25.0;51.2;10.0;0;0;0;0;16270.12;11280.08;4990.04;32420.541
2026-06-17T03:06:42.803029+02:00;standby;23.1;27.0;5.0;25.0;51.2;10.0;0;0;0;0;16270.12;11280.08;4990.04;32420.541
2026-06-17T03:07:43.436030+02:00;standby;23.1;27.0;5.0;25.0;51.2;10.0;0;0;0;0;16270.12;11280.08;4990.04;32420.541
2026-06-17T03:08:44.156498+02:00;standby;23.1;27.0;5.0;25.0;51.2;10.0;0;0;0;0;16270.12;11280.08;4990.04;32420.541
2026-06-17T03:09:44.752070+02:00;standby;23.1;27.0;5.0;25.0;51.2;10.0;0;0;0;0;16270.12;11280.08;4990.04;32420.541
2026-06-17T03:10:45.513309+02:00;standby;23.1;27.0;5.0;25.0;51.2;10.0;0;0;0;0;16270.12;11280.08;4990.04;32420.541
2026-06-17T03:11:46.093238+02:00;standby;23.1;27.0;5.0;25.0;51.2;10.0;0;0;0;0;16270.12;11280.08;4990.04;32420.541
2026-06-17T03:12:46.724862+02:00;standby;23.1;27.0;5.0;25.0;51.1;10.0;0;0;0;0;16270.12;11280.08;4990.04;32420.541
2026-06-17T03:13:47.567825+02:00;standby;23.1;27.0;5.0;25.0;51.1;10.0;0;0;0;0;16270.12;11280.08;4990.04;32420.541
2026-06-17T03:14:48.406487+02:00;standby;23.1;27.0;5.0;25.0;51.1;10.0;0;0;0;0;16270.12;11280.08;4990.04;32420.541
2026-06-17T03:15:49.311095+02:00;standby;23.1;27.0;5.0;25.0;51.1;10.0;0;0;0;0;16270.12;11280.08;4990.04;32420.541
2026-06-17T03:16:50.021963+02:00;standby;23.1;27.0;5.0;25.0;51.1;10.0;0;0;0;0;16270.12;11280.08;4990.04;32420.541
2026-06-17T03:17:51.988494+02:00;standby;23.1;27.0;5.0;25.0;51.1;10.0;0;0;0;0;16270.12;11280.08;4990.04;32420.541
2026-06-17T03:18:52.936810+02:00;standby;23.1;26.9;5.0;25.0;51.1;10.0;0;0;0;0;16270.12;11280.08;4990.04;32420.541
2026-06-17T03:19:53.639270+02:00;standby;23.1;26.9;5.0;25.0;51.1;10.0;0;0;0;0;16270.12;11280.08;4990.04;32420.541
2026-06-17T03:20:54.587621+02:00;standby;23.1;26.9;5.0;25.0;51.1;10.0;0;0;0;0;16270.12;11280.08;4990.04;32420.541
2026-06-17T03:21:55.116313+02:00;standby;23.1;26.9;5.0;25.0;51.1;10.0;0;0;0;0;16270.12;11280.08;4990.04;32420.541
2026-06-17T03:22:56.030062+02:00;standby;23.1;26.9;5.0;25.0;50.9;10.0;0;0;0;0;16270.12;11280.08;4990.04;32420.541
2026-06-17T03:23:57.048417+02:00;standby;23.1;26.9;5.0;25.0;50.9;10.0;0;0;0;0;16270.12;11280.08;4990.04;32420.541
2026-06-17T03:24:58.186560+02:00;standby;23.1;26.9;5.0;25.0;50.9;10.0;0;0;0;0;16270.12;11280.08;4990.04;32420.541
2026-06-17T03:25:58.801577+02:00;standby;23.1;26.9;5.0;25.0;50.9;10.0;0;0;0;0;16270.12;11280.08;4990.04;32420.541
2026-06-17T03:26:59.445604+02:00;standby;23.1;26.9;5.0;25.0;50.9;10.0;0;0;0;0;16270.12;11280.08;4990.04;32420.541
2026-06-17T03:28:00.074264+02:00;standby;22.7;26.9;5.0;25.0;50.9;10.0;0;0;0;0;16270.12;11280.08;4990.04;32420.541
2026-06-17T03:29:00.759733+02:00;standby;22.7;26.9;5.0;25.0;50.9;10.0;0;0;0;0;16270.12;11280.08;4990.04;32420.541
2026-06-17T03:30:01.501528+02:00;standby;22.7;26.9;5.0;25.0;50.9;10.0;0;0;0;0;16270.12;11280.08;4990.04;32420.541
2026-06-17T03:31:05.521076+02:00;standby;22.7;26.9;5.0;25.0;50.9;10.0;0;0;0;0;16270.12;11280.08;4990.04;32420.541
2026-06-17T03:32:06.046511+02:00;standby;22.7;26.9;5.0;25.0;50.9;10.0;0;0;0;0;16270.12;11280.08;4990.04;32420.541
2026-06-17T03:33:06.944310+02:00;standby;22.7;26.9;5.0;25.0;50.9;10.0;0;0;0;0;16270.12;11280.08;4990.04;32420.541
2026-06-17T03:34:07.685918+02:00;standby;22.7;26.9;5.0;25.0;50.9;10.0;0;0;0;0;16270.12;11280.08;4990.04;32420.541
2026-06-17T03:35:08.303772+02:00;standby;22.7;26.9;5.0;25.0;50.8;10.0;0;0;0;0;16270.12;11280.08;4990.04;32420.541
2026-06-17T03:36:09.238010+02:00;standby;22.7;26.9;5.0;25.0;50.8;10.0;0;0;0;0;16270.12;11280.08;4990.04;32420.541
2026-06-17T03:37:09.830388+02:00;standby;22.7;26.9;5.0;25.0;50.8;10.0;0;0;0;0;16270.12;11280.08;4990.04;32420.541
2026-06-17T03:38:10.432347+02:00;standby;22.7;26.9;5.0;25.0;50.8;10.0;0;0;0;0;16270.12;11280.08;4990.04;32420.541
2026-06-17T03:39:11.102463+02:00;standby;22.7;26.9;5.0;25.0;50.8;10.0;0;0;0;0;16270.12;11280.08;4990.04;32420.541
2026-06-17T03:40:11.814088+02:00;standby;22.7;26.9;5.0;25.0;50.8;10.0;0;0;0;0;16270.12;11280.08;4990.04;32420.541
2026-06-17T03:41:12.622353+02:00;standby;22.7;26.9;5.0;25.0;50.8;10.0;0;0;0;0;16270.12;11280.08;4990.04;32420.541
2026-06-17T03:42:14.183322+02:00;standby;22.7;26.9;5.0;25.0;50.8;10.0;0;0;0;0;16270.12;11280.08;4990.04;32420.541
2026-06-17T03:43:15.203771+02:00;standby;22.7;26.9;5.0;25.0;50.8;10.0;0;0;0;0;16270.12;11280.08;4990.04;32420.541
2026-06-17T03:44:15.754013+02:00;standby;22.7;26.9;5.0;25.0;50.7;10.0;0;0;0;0;16270.12;11280.08;4990.04;32420.541
2026-06-17T03:45:16.357394+02:00;standby;22.7;26.9;5.0;25.0;50.7;10.0;0;0;0;0;16270.12;11280.08;4990.04;32420.541
2026-06-17T03:46:17.162384+02:00;standby;22.7;26.8;5.0;25.0;50.7;10.0;0;0;0;0;16270.12;11280.08;4990.04;32420.541
2026-06-17T03:47:17.884882+02:00;standby;22.7;26.8;5.0;25.0;50.7;10.0;0;0;0;0;16270.12;11280.08;4990.04;32420.541
2026-06-17T03:48:18.437256+02:00;standby;22.7;26.8;5.0;25.0;50.7;10.0;0;0;0;0;16270.12;11280.08;4990.04;32420.541
2026-06-17T03:49:19.242578+02:00;standby;22.7;26.8;5.0;25.0;50.7;10.0;0;0;0;0;16270.12;11280.08;4990.04;32420.541
2026-06-17T03:50:20.065765+02:00;standby;22.7;26.8;5.0;25.0;50.7;10.0;0;0;0;0;16270.12;11280.08;4990.04;32420.541
2026-06-17T03:51:20.808658+02:00;standby;22.7;26.8;5.0;25.0;50.7;10.0;0;0;0;0;16270.12;11280.08;4990.04;32420.541
2026-06-17T03:52:21.629128+02:00;standby;22.7;26.8;5.0;25.0;50.7;10.0;0;0;0;0;16270.12;11280.08;4990.04;32420.541
2026-06-17T03:53:22.583652+02:00;standby;22.7;26.8;5.0;25.0;50.7;10.0;0;0;0;0;16270.12;11280.08;4990.04;32420.541
2026-06-17T03:54:24.416578+02:00;standby;22.7;26.8;5.0;25.0;50.7;10.0;0;0;0;0;16270.12;11280.08;4990.04;32420.541
2026-06-17T03:55:25.183978+02:00;standby;22.7;26.8;5.0;25.0;50.6;10.0;0;0;0;0;16270.12;11280.08;4990.04;32420.541
2026-06-17T03:56:25.738644+02:00;standby;22.7;26.8;5.0;25.0;50.6;10.0;0;0;0;0;16270.12;11280.08;4990.04;32420.541
2026-06-17T03:57:26.787099+02:00;standby;22.7;26.8;5.0;25.0;50.6;10.0;0;0;0;0;16270.12;11280.08;4990.04;32420.541
2026-06-17T03:58:28.326149+02:00;standby;22.7;26.8;5.0;25.0;50.6;10.0;0;0;0;0;16270.12;11280.08;4990.04;32420.541
2026-06-17T03:59:29.104521+02:00;standby;22.7;26.8;5.0;25.0;50.6;10.0;0;0;0;0;16270.12;11280.08;4990.04;32420.541
2026-06-17T04:00:29.783064+02:00;standby;22.7;26.8;5.0;25.0;50.6;57.0;0;0;0;0;16270.12;11280.08;4990.04;32420.541
2026-06-17T04:01:30.347031+02:00;standby;22.7;26.8;5.0;25.0;50.6;57.0;0;0;0;0;16270.12;11280.08;4990.04;32420.541
2026-06-17T04:02:30.900161+02:00;standby;22.7;26.8;5.0;25.0;50.6;57.0;0;0;0;0;16270.12;11280.08;4990.04;32420.541
2026-06-17T04:03:31.731999+02:00;standby;22.7;26.8;5.0;25.0;50.6;57.0;0;0;0;0;16270.12;11280.08;4990.04;32420.541
2026-06-17T04:04:32.584716+02:00;standby;22.7;26.8;5.0;25.0;50.6;57.0;0;0;0;0;16270.12;11280.08;4990.04;32420.541
2026-06-17T04:05:34.117105+02:00;standby;22.7;26.8;5.0;25.0;50.5;57.0;0;0;0;0;16270.12;11280.08;4990.04;32420.541
2026-06-17T04:06:34.646559+02:00;standby;22.7;26.8;5.0;25.0;50.5;57.0;0;0;0;0;16270.12;11280.08;4990.04;32420.541
2026-06-17T04:07:35.200056+02:00;standby;22.7;26.8;5.0;25.0;50.5;57.0;0;0;0;0;16270.12;11280.08;4990.04;32420.541
2026-06-17T04:08:36.207584+02:00;standby;22.7;26.8;5.0;25.0;50.5;57.0;0;0;0;0;16270.12;11280.08;4990.04;32420.541
2026-06-17T04:09:36.896519+02:00;standby;22.7;26.8;5.0;25.0;50.5;57.0;0;0;0;0;16270.12;11280.08;4990.04;32420.541
2026-06-17T04:10:37.640265+02:00;standby;22.7;26.8;5.0;25.0;50.5;57.0;0;0;0;0;16270.12;11280.08;4990.04;32420.541
2026-06-17T04:11:38.251740+02:00;standby;22.7;26.8;5.0;25.0;50.5;57.0;0;0;0;0;16270.12;11280.08;4990.04;32420.541
2026-06-17T04:12:39.132391+02:00;standby;22.7;26.8;5.0;25.0;50.5;57.0;0;0;0;0;16270.12;11280.08;4990.04;32420.541
2026-06-17T04:13:40.165953+02:00;standby;22.7;26.8;5.0;25.0;50.5;57.0;0;0;0;0;16270.12;11280.08;4990.04;32420.541
2026-06-17T04:14:40.937045+02:00;standby;22.7;26.8;5.0;25.0;50.5;57.0;0;0;0;0;16270.12;11280.08;4990.04;32420.541
2026-06-17T04:15:41.656942+02:00;standby;22.7;26.8;5.0;25.0;50.5;57.0;0;0;0;0;16270.12;11280.08;4990.04;32420.541
2026-06-17T04:16:42.802983+02:00;standby;22.7;26.8;5.0;25.0;50.5;57.0;0;0;0;0;16270.12;11280.08;4990.04;32420.541
2026-06-17T04:17:43.539449+02:00;standby;22.7;26.8;5.0;25.0;50.4;57.0;0;0;0;0;16270.12;11280.08;4990.04;32420.541
2026-06-17T04:18:44.226843+02:00;standby;22.7;26.8;5.0;25.0;50.4;57.0;0;0;0;0;16270.12;11280.08;4990.04;32420.541
2026-06-17T04:19:45.228081+02:00;standby;22.7;26.6;5.0;25.0;50.4;57.0;0;0;0;0;16270.12;11280.08;4990.04;32420.541
2026-06-17T04:20:46.420601+02:00;standby;22.7;26.6;5.0;25.0;50.4;57.0;0;0;0;0;16270.12;11280.08;4990.04;32420.541
2026-06-17T04:21:47.138312+02:00;standby;22.7;26.8;5.0;25.0;50.4;57.0;0;0;0;0;16270.12;11280.08;4990.04;32420.541
2026-06-17T04:22:48.042278+02:00;standby;22.7;26.6;5.0;25.0;50.4;57.0;0;0;0;0;16270.12;11280.08;4990.04;32420.541
2026-06-17T04:23:49.714967+02:00;standby;22.7;26.6;5.0;25.0;50.4;57.0;0;0;0;0;16270.12;11280.08;4990.04;32420.541
2026-06-17T04:24:50.319329+02:00;standby;22.7;26.6;5.0;25.0;50.4;57.0;0;0;0;0;16270.12;11280.08;4990.04;32420.541
2026-06-17T04:25:51.202602+02:00;standby;22.7;26.6;5.0;25.0;50.3;57.0;0;0;0;0;16270.12;11280.08;4990.04;32420.541
2026-06-17T04:26:51.974189+02:00;standby;22.7;26.6;5.0;25.0;50.3;57.0;0;0;0;0;16270.12;11280.08;4990.04;32420.541
2026-06-17T04:27:52.656765+02:00;standby;22.7;26.6;5.0;25.0;50.3;57.0;0;0;0;0;16270.12;11280.08;4990.04;32420.541
2026-06-17T04:28:53.846247+02:00;standby;20.6;26.6;5.0;25.0;50.3;57.0;0;0;0;0;16270.12;11280.08;4990.04;32420.541
2026-06-17T04:29:54.650603+02:00;standby;20.6;26.6;5.0;25.0;50.3;57.0;0;0;0;0;16270.12;11280.08;4990.04;32420.541
2026-06-17T04:30:55.240272+02:00;standby;20.6;26.6;5.0;25.0;50.3;57.0;0;0;0;0;16270.12;11280.08;4990.04;32420.541
2026-06-17T04:31:55.909479+02:00;standby;20.6;26.6;5.0;25.0;50.3;57.0;0;0;0;0;16270.12;11280.08;4990.04;32420.541
2026-06-17T04:32:58.461958+02:00;standby;20.6;26.6;5.0;25.0;50.3;57.0;0;0;0;0;16270.12;11280.08;4990.04;32420.541
2026-06-17T04:33:59.047864+02:00;standby;20.6;26.6;5.0;25.0;50.3;57.0;0;0;0;0;16270.12;11280.08;4990.04;32420.541
2026-06-17T04:34:59.727042+02:00;standby;20.6;26.6;5.0;25.0;50.3;57.0;0;0;0;0;16270.12;11280.08;4990.04;32420.541
2026-06-17T04:36:00.326912+02:00;standby;20.6;26.6;5.0;25.0;50.3;57.0;0;0;0;0;16270.12;11280.08;4990.04;32420.541
2026-06-17T04:37:00.986440+02:00;standby;20.6;26.6;5.0;25.0;50.3;57.0;0;0;0;0;16270.12;11280.08;4990.04;32420.541
2026-06-17T04:38:02.613269+02:00;standby;20.6;26.6;5.0;25.0;50.3;57.0;0;0;0;0;16270.12;11280.08;4990.04;32420.541
2026-06-17T04:39:03.358924+02:00;standby;20.6;26.6;5.0;25.0;50.2;57.0;0;0;0;0;16270.12;11280.08;4990.04;32420.541
2026-06-17T04:40:04.139766+02:00;standby;20.6;26.6;5.0;25.0;50.2;57.0;0;0;0;0;16270.12;11280.08;4990.04;32420.541
2026-06-17T04:41:04.877435+02:00;standby;20.6;26.6;5.0;25.0;50.2;57.0;0;0;0;0;16270.12;11280.08;4990.04;32420.541
2026-06-17T04:42:05.709949+02:00;standby;20.6;26.6;5.0;25.0;50.2;57.0;0;0;0;0;16270.12;11280.08;4990.04;32420.541
2026-06-17T04:43:06.430378+02:00;standby;20.6;26.6;5.0;25.0;50.2;57.0;0;0;0;0;16270.12;11280.08;4990.04;32420.541
2026-06-17T04:44:07.214134+02:00;standby;20.6;26.6;5.0;25.0;50.2;57.0;0;0;0;0;16270.12;11280.08;4990.04;32420.541
2026-06-17T04:45:08.093470+02:00;standby;20.6;26.6;5.0;25.0;50.2;57.0;0;0;0;0;16270.12;11280.08;4990.04;32420.541
2026-06-17T04:46:08.962379+02:00;standby;20.6;26.6;5.0;25.0;50.2;57.0;0;0;0;0;16270.12;11280.08;4990.04;32420.541
2026-06-17T04:47:12.665860+02:00;standby;20.6;26.6;5.0;25.0;50.2;57.0;0;0;0;0;16270.12;11280.08;4990.04;32420.541
2026-06-17T04:48:13.485300+02:00;standby;20.6;26.6;5.0;25.0;50.1;57.0;0;0;0;0;16270.12;11280.08;4990.04;32420.541
2026-06-17T04:49:14.666425+02:00;standby;20.6;26.5;5.0;25.0;50.2;57.0;0;0;0;0;16270.12;11280.08;4990.04;32420.541
2026-06-17T04:50:15.235781+02:00;standby;20.6;26.6;5.0;25.0;50.1;57.0;0;0;0;0;16270.12;11280.08;4990.04;32420.541
2026-06-17T04:51:15.763449+02:00;standby;20.6;26.6;5.0;25.0;50.1;57.0;0;0;0;0;16270.12;11280.08;4990.04;32420.541
2026-06-17T04:52:16.424030+02:00;standby;20.6;26.6;5.0;25.0;50.1;57.0;0;0;0;0;16270.12;11280.08;4990.04;32420.541
2026-06-17T04:53:17.138593+02:00;standby;20.6;26.6;5.0;25.0;50.1;57.0;0;0;0;0;16270.12;11280.08;4990.04;32420.541
2026-06-17T04:54:18.036101+02:00;standby;20.6;26.5;5.0;25.0;50.1;57.0;0;0;0;0;16270.12;11280.08;4990.04;32420.541
2026-06-17T04:55:18.816839+02:00;standby;20.6;26.5;5.0;25.0;50.1;57.0;0;0;0;0;16270.12;11280.08;4990.04;32420.541
2026-06-17T04:56:19.377971+02:00;standby;20.6;26.5;5.0;25.0;50.1;57.0;0;0;0;0;16270.12;11280.08;4990.04;32420.541
2026-06-17T04:57:20.036733+02:00;standby;20.6;26.5;5.0;25.0;50.1;57.0;0;0;0;0;16270.12;11280.08;4990.04;32420.541
2026-06-17T04:58:20.674083+02:00;standby;20.6;26.5;5.0;25.0;50.1;57.0;0;0;0;0;16270.12;11280.08;4990.04;32420.541
2026-06-17T04:59:21.403867+02:00;standby;20.6;26.5;5.0;25.0;50.1;57.0;0;0;0;0;16270.12;11280.08;4990.04;32420.541
2026-06-17T05:00:22.317956+02:00;standby;20.6;26.5;5.0;25.0;50.0;57.0;0;0;0;0;16270.12;11280.08;4990.04;32420.541
2026-06-17T05:01:22.955130+02:00;standby;20.6;26.5;5.0;25.0;50.0;57.0;0;0;0;0;16270.12;11280.08;4990.04;32420.541
2026-06-17T05:02:23.697548+02:00;standby;20.6;26.5;5.0;25.0;50.0;57.0;0;0;0;0;16270.12;11280.08;4990.04;32420.541
2026-06-17T05:03:24.295652+02:00;standby;20.6;26.5;5.0;25.0;50.0;57.0;0;0;0;0;16270.12;11280.08;4990.04;32420.541
2026-06-17T05:04:24.918343+02:00;standby;20.6;26.5;5.0;25.0;50.0;57.0;0;0;0;0;16270.12;11280.08;4990.04;32420.541
2026-06-17T05:05:25.498605+02:00;standby;20.6;26.5;5.0;25.0;50.0;57.0;0;0;0;0;16270.12;11280.08;4990.04;32420.541
2026-06-17T05:06:26.262990+02:00;standby;20.6;26.5;5.0;25.0;50.0;57.0;0;0;0;0;16270.12;11280.08;4990.04;32420.541
2026-06-17T05:07:27.084750+02:00;standby;20.6;26.5;5.0;25.0;50.0;57.0;0;0;0;0;16270.12;11280.08;4990.04;32420.541
2026-06-17T05:08:27.719839+02:00;standby;20.6;26.5;5.0;25.0;50.0;57.0;0;0;0;0;16270.12;11280.08;4990.04;32420.541
2026-06-17T05:09:28.379076+02:00;standby;20.6;26.5;5.0;25.0;50.0;57.0;0;0;0;0;16270.12;11280.08;4990.04;32420.541
2026-06-17T05:10:29.450482+02:00;standby;20.6;26.5;5.0;25.0;50.0;57.0;0;0;0;0;16270.12;11280.08;4990.04;32420.541
2026-06-17T05:11:30.202926+02:00;standby;20.6;26.5;5.0;25.0;49.9;57.0;0;0;0;0;16270.12;11280.08;4990.04;32420.541
2026-06-17T05:12:30.761998+02:00;standby;20.6;26.5;5.0;25.0;49.9;57.0;0;0;0;0;16270.12;11280.08;4990.04;32420.541
2026-06-17T05:13:31.381380+02:00;standby;20.6;26.5;5.0;25.0;49.9;57.0;0;0;0;0;16270.12;11280.08;4990.04;32420.541
2026-06-17T05:14:32.463068+02:00;standby;20.6;26.5;5.0;25.0;49.9;57.0;0;0;0;0;16270.12;11280.08;4990.04;32420.541
2026-06-17T05:15:33.003516+02:00;standby;20.6;26.5;5.0;25.0;49.9;57.0;0;0;0;0;16270.12;11280.08;4990.04;32420.541
2026-06-17T05:16:33.705757+02:00;standby;20.6;26.5;5.0;25.0;49.9;57.0;0;0;0;0;16270.12;11280.08;4990.04;32420.541
2026-06-17T05:17:34.350811+02:00;standby;20.6;26.5;5.0;25.0;49.9;57.0;0;0;0;0;16270.12;11280.08;4990.04;32420.541
2026-06-17T05:18:34.897821+02:00;standby;20.6;26.5;5.0;25.0;49.9;57.0;0;0;0;0;16270.12;11280.08;4990.04;32420.541
2026-06-17T05:19:35.468457+02:00;standby;20.6;26.5;5.0;25.0;49.9;57.0;0;0;0;0;16270.12;11280.08;4990.04;32420.541
2026-06-17T05:20:36.187819+02:00;standby;20.6;26.5;5.0;25.0;49.9;57.0;0;0;0;0;16270.12;11280.08;4990.04;32420.541
2026-06-17T05:21:36.830046+02:00;standby;20.6;26.5;5.0;25.0;49.8;57.0;0;0;0;0;16270.12;11280.08;4990.04;32420.541
2026-06-17T05:22:37.647014+02:00;standby;20.6;26.5;5.0;25.0;49.8;57.0;0;0;0;0;16270.12;11280.08;4990.04;32420.541
2026-06-17T05:23:38.266401+02:00;standby;20.6;26.5;5.0;25.0;49.8;57.0;0;0;0;0;16270.12;11280.08;4990.04;32420.541
2026-06-17T05:24:41.459542+02:00;standby;20.6;26.5;5.0;25.0;49.8;57.0;0;0;0;0;16270.12;11280.08;4990.04;32420.541
2026-06-17T05:25:42.270912+02:00;standby;20.6;26.5;5.0;25.0;49.8;57.0;0;0;0;0;16270.12;11280.08;4990.04;32420.541
2026-06-17T05:26:42.956332+02:00;standby;20.6;26.5;5.0;25.0;49.8;57.0;0;0;0;0;16270.12;11280.08;4990.04;32420.541
2026-06-17T05:27:44.226117+02:00;standby;20.6;26.5;5.0;25.0;49.8;57.0;0;0;0;0;16270.12;11280.08;4990.04;32420.541
2026-06-17T05:28:45.162389+02:00;standby;20.6;26.5;5.0;25.0;49.8;57.0;0;0;0;0;16270.12;11280.08;4990.04;32420.541
2026-06-17T05:29:45.740186+02:00;standby;19.9;26.5;5.0;25.0;49.8;57.0;0;0;0;0;16270.12;11280.08;4990.04;32420.541
2026-06-17T05:30:46.501876+02:00;standby;19.9;26.5;5.0;30.0;49.8;57.0;0;0;0;0;16270.12;11280.08;4990.04;32420.541
2026-06-17T05:31:47.459034+02:00;standby;19.9;26.5;5.0;30.0;49.8;57.0;0;0;0;0;16270.12;11280.08;4990.04;32420.541
2026-06-17T05:32:48.164261+02:00;standby;19.9;26.5;5.0;30.0;49.7;57.0;0;0;0;0;16270.12;11280.08;4990.04;32420.541
2026-06-17T05:33:49.349763+02:00;standby;19.9;26.5;5.0;30.0;49.7;57.0;0;0;0;0;16270.12;11280.08;4990.04;32420.541
2026-06-17T05:34:50.066062+02:00;standby;19.9;26.3;5.0;30.0;49.7;57.0;0;0;0;0;16270.12;11280.08;4990.04;32420.541
2026-06-17T05:35:50.636365+02:00;standby;19.9;26.5;5.0;30.0;49.7;57.0;0;0;0;0;16270.12;11280.08;4990.04;32420.541
2026-06-17T05:36:51.316884+02:00;standby;19.9;26.3;5.0;30.0;49.7;57.0;0;0;0;0;16270.12;11280.08;4990.04;32420.541
2026-06-17T05:37:51.999798+02:00;standby;19.9;26.3;5.0;30.0;49.7;57.0;0;0;0;0;16270.12;11280.08;4990.04;32420.541
2026-06-17T05:38:53.520252+02:00;standby;19.9;26.3;5.0;30.0;49.7;57.0;0;0;0;0;16270.12;11280.08;4990.04;32420.541
2026-06-17T05:39:54.104034+02:00;standby;19.9;26.3;5.0;30.0;49.7;57.0;0;0;0;0;16270.12;11280.08;4990.04;32420.541
2026-06-17T05:40:54.686610+02:00;standby;19.9;26.3;5.0;30.0;49.7;57.0;0;0;0;0;16270.12;11280.08;4990.04;32420.541
2026-06-17T05:41:55.750698+02:00;standby;19.9;26.3;5.0;30.0;49.7;57.0;0;0;0;0;16270.12;11280.08;4990.04;32420.541
2026-06-17T05:42:56.322988+02:00;standby;19.9;26.3;5.0;30.0;49.7;57.0;0;0;0;0;16270.12;11280.08;4990.04;32420.541
2026-06-17T05:43:57.347596+02:00;standby;19.9;26.3;5.0;30.0;49.7;57.0;0;0;0;0;16270.12;11280.08;4990.04;32420.541
2026-06-17T05:44:57.999222+02:00;standby;19.9;26.3;5.0;30.0;49.6;57.0;0;0;0;0;16270.12;11280.08;4990.04;32420.541
2026-06-17T05:45:59.412849+02:00;standby;19.9;26.3;5.0;30.0;49.6;57.0;0;0;0;0;16270.12;11280.08;4990.04;32420.541
2026-06-17T05:47:00.025698+02:00;standby;19.9;26.3;5.0;30.0;49.6;57.0;0;0;0;0;16270.12;11280.08;4990.04;32420.541
2026-06-17T05:48:00.662928+02:00;standby;19.9;26.3;5.0;30.0;49.6;57.0;0;0;0;0;16270.12;11280.08;4990.04;32420.541
2026-06-17T05:49:01.600826+02:00;standby;19.9;26.3;5.0;30.0;49.6;57.0;0;0;0;0;16270.12;11280.08;4990.04;32420.541
2026-06-17T05:50:02.620960+02:00;standby;19.9;26.3;5.0;30.0;49.6;57.0;0;0;0;0;16270.12;11280.08;4990.04;32420.541
2026-06-17T05:51:03.188842+02:00;standby;19.9;26.3;5.0;30.0;49.6;57.0;0;0;0;0;16270.12;11280.08;4990.04;32420.541
2026-06-17T05:52:04.111565+02:00;standby;19.9;26.3;5.0;30.0;49.6;57.0;0;0;0;0;16270.12;11280.08;4990.04;32420.541
2026-06-17T05:53:04.681496+02:00;standby;19.9;26.3;5.0;30.0;49.6;57.0;0;0;0;0;16270.12;11280.08;4990.04;32420.541
2026-06-17T05:54:05.211015+02:00;standby;19.9;26.3;5.0;30.0;49.6;57.0;0;0;0;0;16270.12;11280.08;4990.04;32420.541
2026-06-17T05:55:05.851288+02:00;standby;19.9;26.3;5.0;30.0;49.6;57.0;0;0;0;0;16270.12;11280.08;4990.04;32420.541
2026-06-17T05:56:06.649512+02:00;standby;19.9;26.3;5.0;30.0;49.5;57.0;0;0;0;0;16270.12;11280.08;4990.04;32420.541
2026-06-17T05:57:08.308418+02:00;standby;19.9;26.3;5.0;30.0;49.5;57.0;0;0;0;0;16270.12;11280.08;4990.04;32420.541
2026-06-17T05:58:09.226927+02:00;standby;19.9;26.3;5.0;30.0;49.5;57.0;0;0;0;0;16270.12;11280.08;4990.04;32420.541
2026-06-17T05:59:09.967341+02:00;standby;19.9;26.3;5.0;30.0;49.5;57.0;0;0;0;0;16270.12;11280.08;4990.04;32420.541
2026-06-17T06:00:10.930974+02:00;standby;19.9;26.3;5.0;30.0;49.5;57.0;0;0;0;0;16270.12;11280.08;4990.04;32420.541
2026-06-17T06:01:11.930357+02:00;standby;19.9;26.3;5.0;30.0;49.5;57.0;0;0;0;0;16270.12;11280.08;4990.04;32420.541
2026-06-17T06:02:12.957058+02:00;standby;19.9;26.3;5.0;30.0;49.5;57.0;0;0;0;0;16270.12;11280.08;4990.04;32420.541
2026-06-17T06:03:14.378262+02:00;standby;19.9;26.3;5.0;30.0;49.5;57.0;0;0;0;0;16270.12;11280.08;4990.04;32420.541
2026-06-17T06:04:15.113518+02:00;standby;19.9;26.3;5.0;30.0;49.5;57.0;0;0;0;0;16270.12;11280.08;4990.04;32420.541
2026-06-17T06:05:15.729314+02:00;standby;19.9;26.3;5.0;30.0;49.5;57.0;0;0;0;0;16270.12;11280.08;4990.04;32420.541
2026-06-17T06:06:16.255339+02:00;standby;19.9;26.3;5.0;30.0;49.4;57.0;0;0;0;0;16270.12;11280.08;4990.04;32420.541
2026-06-17T06:07:17.079399+02:00;standby;19.9;26.3;5.0;30.0;49.4;57.0;0;0;0;0;16270.12;11280.08;4990.04;32420.541
2026-06-17T06:08:17.854654+02:00;standby;19.9;26.3;5.0;30.0;49.4;57.0;0;0;0;0;16270.12;11280.08;4990.04;32420.541
2026-06-17T06:09:18.624915+02:00;standby;19.9;26.3;5.0;30.0;49.4;57.0;0;0;0;0;16270.12;11280.08;4990.04;32420.541
2026-06-17T06:10:19.480648+02:00;standby;19.9;26.3;5.0;30.0;49.4;57.0;0;0;0;0;16270.12;11280.08;4990.04;32420.541
2026-06-17T06:11:20.809549+02:00;standby;19.9;26.3;5.0;30.0;49.4;57.0;0;0;0;0;16270.12;11280.08;4990.04;32420.541
2026-06-17T06:12:22.565541+02:00;standby;19.9;26.3;5.0;30.0;49.4;57.0;0;0;0;0;16270.12;11280.08;4990.04;32420.541
2026-06-17T06:13:23.471506+02:00;standby;19.9;26.2;5.0;30.0;49.4;57.0;0;0;0;0;16270.12;11280.08;4990.04;32420.541
2026-06-17T06:14:24.093660+02:00;standby;19.9;26.2;5.0;30.0;49.4;57.0;0;0;0;0;16270.12;11280.08;4990.04;32420.541
2026-06-17T06:15:25.034353+02:00;standby;19.9;26.2;5.0;30.0;49.4;57.0;0;0;0;0;16270.12;11280.08;4990.04;32420.541
2026-06-17T06:16:25.648532+02:00;standby;19.9;26.2;5.0;30.0;49.4;57.0;0;0;0;0;16270.12;11280.08;4990.04;32420.541
2026-06-17T06:17:26.485528+02:00;standby;19.9;26.2;5.0;30.0;49.4;57.0;0;0;0;0;16270.12;11280.08;4990.04;32420.541
2026-06-17T06:18:27.293726+02:00;standby;19.9;26.2;5.0;30.0;49.4;57.0;0;0;0;0;16270.12;11280.08;4990.04;32420.541
2026-06-17T06:19:27.820932+02:00;standby;19.9;26.2;5.0;30.0;49.3;57.0;0;0;0;0;16270.12;11280.08;4990.04;32420.541
2026-06-17T06:20:28.385522+02:00;standby;19.9;26.2;5.0;30.0;49.3;57.0;0;0;0;0;16270.12;11280.08;4990.04;32420.541
2026-06-17T06:21:29.158605+02:00;standby;19.9;26.2;5.0;30.0;49.3;57.0;0;0;0;0;16270.12;11280.08;4990.04;32420.541
2026-06-17T06:22:30.154560+02:00;standby;19.9;26.2;5.0;30.0;49.3;57.0;0;0;0;0;16270.12;11280.08;4990.04;32420.541
2026-06-17T06:23:30.768417+02:00;standby;19.9;26.2;5.0;30.0;49.3;57.0;0;0;0;0;16270.12;11280.08;4990.04;32420.541
2026-06-17T06:24:31.803803+02:00;standby;19.9;26.2;5.0;30.0;49.3;57.0;0;0;0;0;16270.12;11280.08;4990.04;32420.541
2026-06-17T06:25:33.378485+02:00;standby;19.9;26.2;5.0;30.0;49.3;57.0;0;0;0;0;16270.12;11280.08;4990.04;32420.541
2026-06-17T06:26:37.103348+02:00;standby;19.9;26.2;5.0;30.0;49.3;57.0;0;0;0;0;16270.12;11280.08;4990.04;32420.541
2026-06-17T06:27:37.918439+02:00;standby;19.9;26.2;5.0;30.0;49.3;57.0;0;0;0;0;16270.12;11280.08;4990.04;32420.541
2026-06-17T06:28:38.535087+02:00;standby;19.9;26.2;5.0;30.0;49.3;57.0;0;0;0;0;16270.12;11280.08;4990.04;32420.541
2026-06-17T06:29:39.365739+02:00;standby;19.9;26.2;5.0;30.0;49.2;57.0;0;0;0;0;16270.12;11280.08;4990.04;32420.541
2026-06-17T06:30:40.340573+02:00;standby;20.0;26.2;5.0;30.0;49.2;57.0;0;0;0;0;16270.12;11280.08;4990.04;32420.541
2026-06-17T06:31:41.055491+02:00;standby;20.0;26.2;5.0;30.0;49.2;57.0;0;0;0;0;16270.12;11280.08;4990.04;32420.541
2026-06-17T06:32:41.689124+02:00;standby;20.0;26.2;5.0;30.0;49.2;57.0;0;0;0;0;16270.12;11280.08;4990.04;32420.541
2026-06-17T06:33:43.029794+02:00;standby;20.0;26.2;5.0;30.0;49.2;57.0;0;0;0;0;16270.12;11280.08;4990.04;32420.541
2026-06-17T06:34:43.849539+02:00;standby;20.0;26.2;5.0;30.0;49.2;57.0;0;0;0;0;16270.12;11280.08;4990.04;32420.541
2026-06-17T06:35:44.570470+02:00;standby;20.0;26.2;5.0;30.0;49.2;57.0;0;0;0;0;16270.12;11280.08;4990.04;32420.541
2026-06-17T06:36:45.547987+02:00;standby;20.0;26.2;5.0;30.0;49.2;57.0;0;0;0;0;16270.12;11280.08;4990.04;32420.541
2026-06-17T06:37:46.273109+02:00;standby;20.0;26.2;5.0;30.0;49.2;57.0;0;0;0;0;16270.12;11280.08;4990.04;32420.541
2026-06-17T06:38:47.760461+02:00;standby;20.0;26.2;5.0;30.0;49.2;57.0;0;0;0;0;16270.12;11280.08;4990.04;32420.541
2026-06-17T06:39:48.564986+02:00;standby;20.0;26.2;5.0;30.0;49.2;57.0;0;0;0;0;16270.12;11280.08;4990.04;32420.541
2026-06-17T06:40:49.979130+02:00;standby;20.0;26.2;5.0;30.0;49.2;57.0;0;0;0;0;16270.12;11280.08;4990.04;32420.541
2026-06-17T06:41:50.605608+02:00;standby;20.0;26.2;5.0;30.0;49.1;57.0;0;0;0;0;16270.12;11280.08;4990.04;32420.541
2026-06-17T06:42:51.576518+02:00;standby;20.0;26.2;5.0;30.0;49.1;57.0;0;0;0;0;16270.12;11280.08;4990.04;32420.541
2026-06-17T06:43:52.589833+02:00;standby;20.0;26.2;5.0;30.0;49.1;57.0;0;0;0;0;16270.12;11280.08;4990.04;32420.541
2026-06-17T06:44:53.722457+02:00;standby;20.0;26.2;5.0;30.0;49.1;57.0;0;0;0;0;16270.12;11280.08;4990.04;32420.541
2026-06-17T06:45:54.831532+02:00;standby;20.0;26.2;5.0;30.0;49.1;57.0;0;0;0;0;16270.12;11280.08;4990.04;32420.541
2026-06-17T06:46:55.349457+02:00;standby;20.0;26.2;5.0;30.0;49.1;57.0;0;0;0;0;16270.12;11280.08;4990.04;32420.541
2026-06-17T06:47:56.328415+02:00;standby;20.0;26.2;5.0;30.0;49.1;57.0;0;0;0;0;16270.12;11280.08;4990.04;32420.541
2026-06-17T06:48:57.062893+02:00;standby;20.0;26.2;5.0;30.0;49.1;57.0;0;0;0;0;16270.12;11280.08;4990.04;32420.541
2026-06-17T06:49:58.287985+02:00;standby;20.0;26.2;5.0;30.0;49.1;57.0;0;0;0;0;16270.12;11280.08;4990.04;32420.541
2026-06-17T06:50:59.010166+02:00;standby;20.0;26.2;5.0;30.0;49.1;57.0;0;0;0;0;16270.12;11280.08;4990.04;32420.541
2026-06-17T06:51:59.636715+02:00;standby;20.0;26.2;5.0;30.0;49.1;57.0;0;0;0;0;16270.12;11280.08;4990.04;32420.541
2026-06-17T06:53:00.205238+02:00;standby;20.0;26.2;5.0;30.0;49.0;57.0;0;0;0;0;16270.12;11280.08;4990.04;32420.541
2026-06-17T06:54:00.731147+02:00;standby;20.0;26.2;5.0;30.0;49.0;57.0;0;0;0;0;16270.12;11280.08;4990.04;32420.541
2026-06-17T06:55:01.462422+02:00;standby;20.0;26.2;5.0;30.0;49.0;57.0;0;0;0;0;16270.12;11280.08;4990.04;32420.541
2026-06-17T06:56:02.477876+02:00;standby;20.0;26.2;5.0;30.0;49.0;57.0;0;0;0;0;16270.12;11280.08;4990.04;32420.541
2026-06-17T06:57:03.356726+02:00;standby;20.0;26.2;5.0;30.0;49.0;57.0;0;0;0;0;16270.12;11280.08;4990.04;32420.541
2026-06-17T06:58:03.942530+02:00;standby;20.0;26.2;5.0;30.0;49.0;57.0;0;0;0;0;16270.12;11280.08;4990.04;32420.541
2026-06-17T06:59:04.548748+02:00;standby;20.0;26.2;5.0;30.0;49.0;57.0;0;0;0;0;16270.12;11280.08;4990.04;32420.541
2026-06-17T07:00:05.113211+02:00;standby;20.0;26.2;5.0;30.0;49.0;57.0;0;0;0;0;16270.12;11280.08;4990.04;32420.541
2026-06-17T07:01:06.307294+02:00;standby;20.0;26.2;5.0;30.0;49.0;57.0;0;0;0;0;16270.12;11280.08;4990.04;32420.541
2026-06-17T07:02:07.045589+02:00;standby;20.0;26.2;5.0;30.0;49.0;57.0;0;0;0;0;16270.12;11280.08;4990.04;32420.541
2026-06-17T07:03:08.064377+02:00;standby;20.0;26.2;5.0;30.0;49.0;57.0;0;0;0;0;16270.12;11280.08;4990.04;32420.541
2026-06-17T07:04:08.863307+02:00;standby;20.0;26.2;5.0;30.0;49.0;57.0;0;0;0;0;16270.12;11280.08;4990.04;32420.541
2026-06-17T07:05:09.561785+02:00;standby;20.0;26.2;5.0;30.0;48.9;57.0;0;0;0;0;16270.12;11280.08;4990.04;32420.541
2026-06-17T07:06:10.856783+02:00;standby;20.0;26.2;5.0;30.0;48.9;57.0;0;0;0;0;16270.12;11280.08;4990.04;32420.541
2026-06-17T07:07:11.989316+02:00;standby;20.0;26.1;5.0;30.0;48.9;57.0;0;0;0;0;16270.12;11280.08;4990.04;32420.541
2026-06-17T07:08:13.113602+02:00;standby;20.0;26.1;5.0;30.0;48.9;57.0;0;0;0;0;16270.12;11280.08;4990.04;32420.541
2026-06-17T07:09:14.226324+02:00;standby;20.0;26.1;5.0;30.0;48.9;57.0;0;0;0;0;16270.12;11280.08;4990.04;32420.541
2026-06-17T07:10:14.778824+02:00;standby;20.0;26.2;5.0;30.0;48.9;57.0;0;0;0;0;16270.12;11280.08;4990.04;32420.541
2026-06-17T07:11:15.337507+02:00;standby;20.0;26.1;5.0;30.0;48.9;57.0;0;0;0;0;16270.12;11280.08;4990.04;32420.541
2026-06-17T07:12:15.962066+02:00;standby;20.0;26.1;5.0;30.0;48.9;57.0;0;0;0;0;16270.12;11280.08;4990.04;32420.541
2026-06-17T07:13:17.208064+02:00;standby;20.0;26.1;5.0;30.0;48.9;57.0;0;0;0;0;16270.12;11280.08;4990.04;32420.541
2026-06-17T07:14:18.089352+02:00;standby;20.0;26.1;5.0;30.0;48.9;57.0;0;0;0;0;16270.12;11280.08;4990.04;32420.541
2026-06-17T07:15:18.921783+02:00;standby;20.0;26.1;5.0;30.0;48.8;57.0;0;0;0;0;16270.12;11280.08;4990.04;32420.541
2026-06-17T07:16:19.731965+02:00;standby;20.0;26.1;5.0;29.0;48.8;57.0;0;0;0;0;16270.12;11280.08;4990.04;32420.541
2026-06-17T07:17:20.554711+02:00;standby;20.0;26.1;5.0;29.0;48.8;57.0;0;0;0;0;16270.12;11280.08;4990.04;32420.541
2026-06-17T07:18:21.180156+02:00;standby;20.0;26.1;5.0;29.0;48.8;57.0;0;0;0;0;16270.12;11280.08;4990.04;32420.541
2026-06-17T07:19:22.064647+02:00;standby;20.0;26.1;5.0;29.0;48.8;57.0;0;0;0;0;16270.12;11280.08;4990.04;32420.541
2026-06-17T07:20:23.087403+02:00;standby;20.0;26.1;5.0;29.0;48.8;57.0;0;0;0;0;16270.12;11280.08;4990.04;32420.541
2026-06-17T07:21:23.633965+02:00;standby;20.0;26.1;5.0;29.0;48.8;57.0;0;0;0;0;16270.12;11280.08;4990.04;32420.541
2026-06-17T07:22:24.332188+02:00;standby;20.0;26.1;5.0;29.0;48.8;57.0;0;0;0;0;16270.12;11280.08;4990.04;32420.541
2026-06-17T07:23:25.220413+02:00;standby;20.0;26.1;5.0;29.0;48.8;57.0;0;0;0;0;16270.12;11280.08;4990.04;32420.541
2026-06-17T07:24:25.780767+02:00;standby;20.0;26.1;5.0;29.0;48.8;57.0;0;0;0;0;16270.12;11280.08;4990.04;32420.541
2026-06-17T07:25:26.614458+02:00;standby;20.0;26.1;5.0;29.0;48.8;57.0;0;0;0;0;16270.12;11280.08;4990.04;32420.541
2026-06-17T07:26:27.686107+02:00;standby;20.0;26.1;5.0;29.0;48.8;57.0;0;0;0;0;16270.12;11280.08;4990.04;32420.541
2026-06-17T07:27:28.370168+02:00;standby;20.0;26.1;5.0;29.0;48.8;57.0;0;0;0;0;16270.12;11280.08;4990.04;32420.541
2026-06-17T07:28:28.980792+02:00;standby;20.0;26.1;5.0;29.0;48.7;57.0;0;0;0;0;16270.12;11280.08;4990.04;32420.541
2026-06-17T07:29:29.707988+02:00;standby;20.0;26.1;5.0;29.0;48.7;57.0;0;0;0;0;16270.12;11280.08;4990.04;32420.541
2026-06-17T07:30:30.322576+02:00;standby;20.0;26.1;5.0;29.0;48.7;57.0;0;0;0;0;16270.12;11280.08;4990.04;32420.541
2026-06-17T07:31:30.896872+02:00;standby;21.0;26.1;5.0;29.0;48.7;57.0;0;0;0;0;16270.12;11280.08;4990.04;32420.541
2026-06-17T07:32:31.622309+02:00;standby;21.0;26.1;5.0;29.0;48.7;57.0;0;0;0;0;16270.12;11280.08;4990.04;32420.541
2026-06-17T07:33:32.665155+02:00;standby;21.0;26.1;5.0;29.0;48.7;57.0;0;0;0;0;16270.12;11280.08;4990.04;32420.541
2026-06-17T07:34:33.531645+02:00;standby;21.0;26.1;5.0;29.0;48.7;57.0;0;0;0;0;16270.12;11280.08;4990.04;32420.541
2026-06-17T07:35:34.262538+02:00;standby;21.0;26.1;5.0;29.0;48.7;57.0;0;0;0;0;16270.12;11280.08;4990.04;32420.541
2026-06-17T07:36:34.806272+02:00;standby;21.0;26.1;5.0;29.0;48.7;57.0;0;0;0;0;16270.12;11280.08;4990.04;32420.541
2026-06-17T07:37:35.369198+02:00;standby;21.0;26.1;5.0;29.0;48.7;57.0;0;0;0;0;16270.12;11280.08;4990.04;32420.541
2026-06-17T07:38:36.480473+02:00;standby;21.0;26.1;5.0;29.0;48.7;57.0;0;0;0;0;16270.12;11280.08;4990.04;32420.541
2026-06-17T07:39:37.258428+02:00;standby;21.0;26.1;5.0;29.0;48.7;57.0;0;0;0;0;16270.12;11280.08;4990.04;32420.541
2026-06-17T07:40:37.976492+02:00;standby;21.0;26.1;5.0;29.0;48.6;57.0;0;0;0;0;16270.12;11280.08;4990.04;32420.541
2026-06-17T07:41:39.858278+02:00;standby;21.0;26.1;5.0;29.0;48.6;57.0;0;0;0;0;16270.12;11280.08;4990.04;32420.541
2026-06-17T07:42:40.584980+02:00;standby;21.0;26.1;5.0;29.0;48.6;57.0;0;0;0;0;16270.12;11280.08;4990.04;32420.541
2026-06-17T07:43:41.343940+02:00;standby;21.0;26.1;5.0;29.0;48.6;57.0;0;0;0;0;16270.12;11280.08;4990.04;32420.541
2026-06-17T07:44:42.205921+02:00;standby;21.0;26.1;5.0;29.0;48.6;57.0;0;0;0;0;16270.12;11280.08;4990.04;32420.541
2026-06-17T07:45:43.497434+02:00;standby;21.0;26.1;5.0;29.0;48.6;57.0;0;0;0;0;16270.12;11280.08;4990.04;32420.541
2026-06-17T07:46:44.200568+02:00;standby;21.0;26.1;5.0;29.0;48.6;57.0;0;0;0;0;16270.12;11280.08;4990.04;32420.541
2026-06-17T07:47:45.501891+02:00;standby;21.0;26.1;5.0;29.0;48.6;57.0;0;0;0;0;16270.12;11280.08;4990.04;32420.541
2026-06-17T07:48:46.256579+02:00;standby;21.0;26.1;5.0;29.0;48.6;57.0;0;0;0;0;16270.12;11280.08;4990.04;32420.541
2026-06-17T07:49:47.296106+02:00;standby;21.0;26.1;5.0;29.0;48.6;57.0;0;0;0;0;16270.12;11280.08;4990.04;32420.541
2026-06-17T07:50:48.282719+02:00;standby;21.0;26.1;5.0;29.0;48.5;57.0;0;0;0;0;16270.12;11280.08;4990.04;32420.541
2026-06-17T07:51:49.320282+02:00;standby;21.0;26.1;5.0;29.0;48.5;57.0;0;0;0;0;16270.12;11280.08;4990.04;32420.541
2026-06-17T07:52:50.072884+02:00;standby;21.0;26.1;5.0;29.0;48.5;57.0;0;0;0;0;16270.12;11280.08;4990.04;32420.541
2026-06-17T07:53:50.736450+02:00;standby;21.0;26.1;5.0;29.0;48.5;57.0;0;0;0;0;16270.12;11280.08;4990.04;32420.541
2026-06-17T07:54:51.419390+02:00;standby;21.0;26.1;5.0;29.0;48.5;57.0;0;0;0;0;16270.12;11280.08;4990.04;32420.541
2026-06-17T07:55:52.654140+02:00;standby;21.0;26.1;5.0;28.0;48.5;57.0;0;0;0;0;16270.12;11280.08;4990.04;32420.541
2026-06-17T07:56:53.613892+02:00;standby;21.0;26.1;5.0;28.0;48.5;57.0;0;0;0;0;16270.12;11280.08;4990.04;32420.541
2026-06-17T07:57:54.240707+02:00;standby;21.0;26.1;5.0;28.0;48.5;57.0;0;0;0;0;16270.12;11280.08;4990.04;32420.541
2026-06-17T07:58:55.209239+02:00;standby;21.0;26.1;5.0;28.0;48.5;57.0;0;0;0;0;16270.12;11280.08;4990.04;32420.541
2026-06-17T07:59:56.553196+02:00;standby;21.0;26.1;5.0;28.0;48.5;57.0;0;0;0;0;16270.12;11280.08;4990.04;32420.541
2026-06-17T08:00:57.586105+02:00;standby;21.0;25.9;5.0;28.0;48.5;57.0;0;0;0;0;16270.12;11280.08;4990.04;32420.541
2026-06-17T08:01:58.165528+02:00;standby;21.0;25.9;5.0;28.0;48.5;57.0;0;0;0;0;16270.12;11280.08;4990.04;32420.541
2026-06-17T08:02:58.794617+02:00;standby;21.0;26.1;5.0;28.0;48.5;57.0;0;0;0;0;16270.12;11280.08;4990.04;32420.541
2026-06-17T08:03:59.742244+02:00;standby;21.0;25.9;5.0;28.0;48.5;57.0;0;0;0;0;16270.12;11280.08;4990.04;32420.541
2026-06-17T08:05:00.309360+02:00;standby;21.0;25.9;5.0;28.0;48.4;57.0;0;0;0;0;16270.12;11280.08;4990.04;32420.541
2026-06-17T08:06:01.335906+02:00;standby;21.0;25.9;5.0;28.0;48.4;57.0;0;0;0;0;16270.12;11280.08;4990.04;32420.541
2026-06-17T08:07:02.462124+02:00;standby;21.0;25.9;5.0;28.0;48.4;57.0;0;0;0;0;16270.12;11280.08;4990.04;32420.541
2026-06-17T08:08:03.257284+02:00;standby;21.0;25.9;5.0;28.0;48.4;57.0;0;0;0;0;16270.12;11280.08;4990.04;32420.541
2026-06-17T08:09:03.819299+02:00;standby;21.0;25.9;5.0;28.0;48.4;57.0;0;0;0;0;16270.12;11280.08;4990.04;32420.541
2026-06-17T08:10:04.495173+02:00;standby;21.0;25.9;5.0;28.0;48.4;57.0;0;0;0;0;16270.12;11280.08;4990.04;32420.541
2026-06-17T08:11:05.371418+02:00;standby;21.0;25.9;5.0;28.0;48.1;57.0;0;0;0;0;16270.12;11280.08;4990.04;32420.541
2026-06-17T08:12:06.148778+02:00;standby;21.0;25.9;5.0;28.0;48.1;57.0;0;0;0;0;16270.12;11280.08;4990.04;32420.541
2026-06-17T08:13:06.703237+02:00;standby;21.0;26.1;5.0;28.0;48.0;57.0;0;0;0;0;16270.12;11280.08;4990.04;32420.541
2026-06-17T08:14:07.843524+02:00;standby;21.0;25.9;5.0;28.0;48.0;57.0;0;0;0;0;16270.12;11280.08;4990.04;32420.541
2026-06-17T08:15:08.601642+02:00;standby;21.0;25.9;5.0;28.0;48.0;57.0;0;0;0;0;16270.12;11280.08;4990.04;32420.541
2026-06-17T08:16:09.706920+02:00;standby;21.0;25.9;5.0;28.0;48.0;57.0;0;0;0;0;16270.12;11280.08;4990.04;32420.541
2026-06-17T08:17:10.692016+02:00;standby;21.0;25.9;5.0;28.0;48.0;57.0;0;0;0;0;16270.12;11280.08;4990.04;32420.541
2026-06-17T08:18:12.131460+02:00;standby;21.0;25.9;5.0;28.0;48.0;57.0;0;0;0;0;16270.12;11280.08;4990.04;32420.541
2026-06-17T08:19:13.276529+02:00;standby;21.0;25.9;5.0;28.0;48.0;57.0;0;0;0;0;16270.12;11280.08;4990.04;32420.541
2026-06-17T08:20:14.103566+02:00;standby;21.0;25.9;5.0;28.0;48.0;57.0;0;0;0;0;16270.12;11280.08;4990.04;32420.541
2026-06-17T08:21:14.759330+02:00;standby;21.0;25.9;5.0;28.0;47.9;57.0;0;0;0;0;16270.12;11280.08;4990.04;32420.541
2026-06-17T08:22:15.544759+02:00;standby;21.0;25.9;5.0;28.0;47.9;57.0;0;0;0;0;16270.12;11280.08;4990.04;32420.541
2026-06-17T08:23:16.097462+02:00;standby;21.0;25.9;5.0;28.0;47.9;57.0;0;0;0;0;16270.12;11280.08;4990.04;32420.541
2026-06-17T08:24:17.262740+02:00;standby;21.0;25.9;5.0;28.0;47.9;57.0;0;0;0;0;16270.12;11280.08;4990.04;32420.541
2026-06-17T08:25:18.067444+02:00;standby;21.0;25.9;5.0;28.0;47.8;57.0;0;0;0;0;16270.12;11280.08;4990.04;32420.541
2026-06-17T08:26:18.781966+02:00;standby;21.0;25.9;5.0;28.0;47.8;57.0;0;0;0;0;16270.12;11280.08;4990.04;32420.541
2026-06-17T08:27:19.682275+02:00;standby;21.0;25.9;5.0;28.0;47.8;57.0;0;0;0;0;16270.12;11280.08;4990.04;32420.541
2026-06-17T08:28:20.507638+02:00;standby;21.0;25.9;5.0;28.0;47.8;57.0;0;0;0;0;16270.12;11280.08;4990.04;32420.541
2026-06-17T08:29:21.230992+02:00;standby;21.0;25.9;5.0;28.0;47.8;57.0;0;0;0;0;16270.12;11280.08;4990.04;32420.541
2026-06-17T08:30:22.061595+02:00;standby;21.0;25.9;5.0;28.0;47.7;57.0;0;0;0;0;16270.12;11280.08;4990.04;32420.541
2026-06-17T08:31:22.884700+02:00;standby;21.0;25.9;5.0;28.0;47.7;57.0;0;0;0;0;16270.12;11280.08;4990.04;32420.541
2026-06-17T08:32:24.369019+02:00;standby;23.1;25.9;5.0;28.0;47.7;57.0;0;0;0;0;16270.12;11280.08;4990.04;32420.541
2026-06-17T08:33:24.876842+02:00;standby;23.1;25.9;5.0;28.0;47.7;57.0;0;0;0;0;16270.12;11280.08;4990.04;32420.541
2026-06-17T08:34:25.394348+02:00;standby;23.1;25.9;5.0;28.0;47.7;57.0;0;0;0;0;16270.12;11280.08;4990.04;32420.541
2026-06-17T08:35:25.945983+02:00;standby;23.1;25.9;5.0;28.0;47.7;57.0;0;0;0;0;16270.12;11280.08;4990.04;32420.541
2026-06-17T08:36:26.651921+02:00;standby;23.1;25.9;5.0;28.0;47.7;57.0;0;0;0;0;16270.12;11280.08;4990.04;32420.541
2026-06-17T08:37:27.369920+02:00;standby;23.1;25.9;5.0;28.0;47.7;57.0;0;0;0;0;16270.12;11280.08;4990.04;32420.541
2026-06-17T08:38:27.948767+02:00;standby;23.1;25.9;5.0;28.0;47.7;57.0;0;0;0;0;16270.12;11280.08;4990.04;32420.541
2026-06-17T08:39:28.603193+02:00;standby;23.1;25.9;5.0;28.0;47.7;57.0;0;0;0;0;16270.12;11280.08;4990.04;32420.541
2026-06-17T08:40:29.230159+02:00;standby;23.1;25.9;5.0;28.0;47.6;57.0;0;0;0;0;16270.12;11280.08;4990.04;32420.541
2026-06-17T08:41:29.854589+02:00;standby;23.1;25.9;5.0;28.0;47.5;57.0;0;0;0;0;16270.12;11280.08;4990.04;32420.541
2026-06-17T08:42:30.440013+02:00;standby;23.1;25.9;5.0;28.0;47.5;57.0;0;0;0;0;16270.12;11280.08;4990.04;32420.541
2026-06-17T08:43:31.095514+02:00;standby;23.1;25.9;5.0;28.0;47.4;57.0;0;0;0;0;16270.12;11280.08;4990.04;32420.541
2026-06-17T08:44:32.602391+02:00;standby;23.1;25.9;5.0;28.0;47.4;57.0;0;0;0;0;16270.12;11280.08;4990.04;32420.541
2026-06-17T08:45:33.776343+02:00;standby;23.1;25.9;5.0;28.0;47.4;57.0;0;0;0;0;16270.12;11280.08;4990.04;32420.541
2026-06-17T08:46:34.879106+02:00;standby;23.1;25.9;5.0;28.0;47.4;57.0;0;0;0;0;16270.12;11280.08;4990.04;32420.541
2026-06-17T08:47:35.496499+02:00;standby;23.1;25.9;5.0;28.0;47.4;57.0;0;0;0;0;16270.12;11280.08;4990.04;32420.541
2026-06-17T08:48:36.146090+02:00;standby;23.1;25.9;5.0;28.0;47.3;57.0;0;0;0;0;16270.12;11280.08;4990.04;32420.541
2026-06-17T08:49:36.973733+02:00;standby;23.1;25.9;5.0;28.0;47.3;57.0;0;0;0;0;16270.12;11280.08;4990.04;32420.541
2026-06-17T08:50:37.738830+02:00;standby;23.1;25.9;5.0;28.0;47.3;57.0;0;0;0;0;16270.12;11280.08;4990.04;32420.541
2026-06-17T08:51:39.035318+02:00;standby;23.1;25.9;5.0;28.0;47.3;57.0;0;0;0;0;16270.12;11280.08;4990.04;32420.541
2026-06-17T08:52:39.693374+02:00;standby;23.1;25.9;5.0;28.0;47.3;57.0;0;0;0;0;16270.12;11280.08;4990.04;32420.541
2026-06-17T08:53:40.932760+02:00;standby;23.1;25.9;5.0;28.0;47.3;57.0;0;0;0;0;16270.12;11280.08;4990.04;32420.541
2026-06-17T08:54:41.831490+02:00;standby;23.1;25.9;5.0;28.0;47.3;57.0;0;0;0;0;16270.12;11280.08;4990.04;32420.541
2026-06-17T08:55:43.434401+02:00;standby;23.1;25.9;5.0;28.0;47.3;57.0;0;0;0;0;16270.12;11280.08;4990.04;32420.541
2026-06-17T08:56:44.250983+02:00;standby;23.1;25.9;5.0;28.0;47.3;57.0;0;0;0;0;16270.12;11280.08;4990.04;32420.541
2026-06-17T08:57:44.818192+02:00;standby;23.1;25.9;5.0;28.0;47.3;57.0;0;0;0;0;16270.12;11280.08;4990.04;32420.541
2026-06-17T08:58:45.368080+02:00;standby;23.1;25.9;5.0;28.0;47.3;57.0;0;0;0;0;16270.12;11280.08;4990.04;32420.541
2026-06-17T08:59:46.016883+02:00;standby;23.1;25.9;5.0;28.0;47.2;57.0;0;0;0;0;16270.12;11280.08;4990.04;32420.541
2026-06-17T09:00:47.402112+02:00;dhw;23.1;32.6;85.0;28.0;46.9;57.0;1;32;1;100;16270.14;11280.08;4990.06;32420.541
2026-06-17T09:00:58.567288+02:00;dhw;23.1;36.2;85.0;28.0;46.9;57.0;1;23;1;100;16270.15;11280.08;4990.07;32420.541
2026-06-17T09:01:10.067533+02:00;dhw;23.1;36.8;85.0;28.0;46.8;57.0;1;23;1;100;16270.16;11280.08;4990.09;32420.541
2026-06-17T09:01:20.679046+02:00;dhw;23.1;37.8;85.0;28.0;46.7;57.0;1;23;1;100;16270.17;11280.08;4990.09;32420.541
2026-06-17T09:01:32.364841+02:00;dhw;23.1;37.2;85.0;28.0;46.6;57.0;1;23;1;100;16270.18;11280.08;4990.1;32420.541
2026-06-17T09:01:43.413277+02:00;dhw;23.1;37.6;85.0;28.0;46.5;57.0;1;23;1;100;16270.19;11280.08;4990.11;32420.541
2026-06-17T09:01:54.273663+02:00;dhw;23.1;37.7;85.0;28.0;46.4;57.0;1;23;1;100;16270.2;11280.08;4990.12;32420.541
2026-06-17T09:02:05.406179+02:00;dhw;23.1;38.5;85.0;28.0;46.3;57.0;1;23;1;100;16270.21;11280.08;4990.13;32420.541
2026-06-17T09:02:19.265326+02:00;dhw;23.1;39.0;85.0;28.0;46.2;57.0;1;23;1;100;16270.22;11280.08;4990.14;32420.541
2026-06-17T09:02:30.002625+02:00;dhw;23.1;40.3;85.0;28.0;46.0;57.0;1;33;1;100;16270.23;11280.08;4990.16;32420.541
2026-06-17T09:02:41.276189+02:00;dhw;23.1;41.6;85.0;28.0;45.9;57.0;1;44;1;100;16270.25;11280.08;4990.17;32420.541
2026-06-17T09:02:52.532935+02:00;dhw;23.1;43.3;85.0;28.0;45.9;57.0;1;54;1;100;16270.27;11280.08;4990.19;32420.541
2026-06-17T09:03:03.386984+02:00;dhw;23.1;45.3;85.0;28.0;45.8;57.0;1;66;1;100;16270.29;11280.08;4990.21;32420.541
2026-06-17T09:03:14.212870+02:00;dhw;23.1;48.0;85.0;28.0;45.7;57.0;1;80;1;100;16270.33;11280.08;4990.25;32420.541
2026-06-17T09:03:25.470871+02:00;dhw;23.1;50.2;85.0;28.0;45.7;57.0;1;91;1;100;16270.36;11280.08;4990.28;32420.541
2026-06-17T09:03:43.936856+02:00;dhw;23.1;53.1;85.0;28.0;45.6;57.0;1;104;1;100;16270.41;11280.08;4990.33;32420.641
2026-06-17T09:03:54.693035+02:00;dhw;23.1;57.0;85.0;28.0;45.6;57.0;1;108;1;100;16270.47;11280.08;4990.4;32420.641
2026-06-17T09:04:05.275952+02:00;dhw;23.1;59.1;85.0;28.0;45.5;57.0;1;108;1;100;16270.51;11280.08;4990.44;32420.641
2026-06-17T09:04:16.165309+02:00;dhw;23.1;61.0;85.0;28.0;45.5;57.0;1;108;1;100;16270.56;11280.08;4990.48;32420.641
2026-06-17T09:04:26.949027+02:00;dhw;23.1;63.0;85.0;28.0;45.5;57.0;1;108;1;100;16270.61;11280.08;4990.53;32420.641
2026-06-17T09:04:37.733032+02:00;dhw;23.1;64.0;85.0;28.0;45.6;57.0;1;108;1;100;16270.64;11280.08;4990.56;32420.641
2026-06-17T09:04:48.487464+02:00;dhw;23.1;66.1;85.0;28.0;45.6;57.0;1;108;1;100;16270.71;11280.08;4990.63;32420.641
2026-06-17T09:04:59.296991+02:00;dhw;23.1;67.1;85.0;28.0;45.8;57.0;1;108;1;100;16270.75;11280.08;4990.68;32420.641
2026-06-17T09:05:10.601511+02:00;dhw;23.1;68.1;85.0;28.0;45.9;57.0;1;108;1;100;16270.8;11280.08;4990.72;32420.641
2026-06-17T09:05:21.251880+02:00;dhw;23.1;68.8;85.0;28.0;46.0;57.0;1;108;1;100;16270.84;11280.08;4990.76;32420.641
2026-06-17T09:05:32.311062+02:00;dhw;23.1;69.5;85.0;28.0;46.1;57.0;1;108;1;100;16270.88;11280.08;4990.8;32420.641
2026-06-17T09:05:44.560087+02:00;dhw;23.1;70.0;85.0;28.0;46.3;57.0;1;108;1;100;16270.92;11280.08;4990.85;32420.641
2026-06-17T09:05:55.482765+02:00;dhw;23.1;70.6;85.0;28.0;46.4;57.0;1;108;1;100;16270.96;11280.08;4990.89;32420.641
2026-06-17T09:06:07.748359+02:00;dhw;23.1;71.0;85.0;28.0;46.6;57.0;1;108;1;100;16271.0;11280.08;4990.92;32420.641
2026-06-17T09:06:18.949717+02:00;dhw;23.1;71.4;85.0;28.0;47.0;57.0;1;108;1;100;16271.05;11280.08;4990.97;32420.641
2026-06-17T09:06:29.807252+02:00;dhw;23.1;72.2;85.0;28.0;47.2;57.0;1;108;1;100;16271.13;11280.08;4991.05;32420.641
2026-06-17T09:06:41.028203+02:00;dhw;23.1;72.5;85.0;28.0;47.4;57.0;1;108;1;100;16271.17;11280.08;4991.1;32420.641
2026-06-17T09:06:52.355628+02:00;dhw;23.1;72.7;85.0;28.0;47.6;57.0;1;108;1;100;16271.22;11280.08;4991.14;32420.641
2026-06-17T09:07:03.212185+02:00;dhw;23.1;73.1;85.0;28.0;47.8;57.0;1;108;1;100;16271.25;11280.08;4991.18;32420.641
2026-06-17T09:07:14.069862+02:00;dhw;23.1;73.4;85.0;28.0;47.9;57.0;1;108;1;100;16271.3;11280.08;4991.22;32420.641
2026-06-17T09:07:24.712234+02:00;dhw;23.1;73.7;85.0;28.0;48.1;57.0;1;108;1;100;16271.34;11280.08;4991.26;32420.641
2026-06-17T09:07:35.774249+02:00;dhw;23.1;74.0;85.0;28.0;48.4;57.0;1;108;1;100;16271.38;11280.08;4991.31;32420.74
2026-06-17T09:07:47.616014+02:00;dhw;23.1;74.2;85.0;28.0;48.6;57.0;1;108;1;100;16271.42;11280.08;4991.35;32420.74
2026-06-17T09:07:58.334332+02:00;dhw;23.1;74.8;85.0;28.0;48.9;57.0;1;108;1;100;16271.51;11280.08;4991.43;32420.74
2026-06-17T09:08:09.364488+02:00;dhw;23.1;75.1;85.0;28.0;49.0;57.0;1;108;1;100;16271.55;11280.08;4991.47;32420.74
2026-06-17T09:08:20.252108+02:00;dhw;23.1;75.2;85.0;28.0;49.2;57.0;1;108;1;100;16271.59;11280.08;4991.51;32420.74
2026-06-17T09:08:30.898326+02:00;dhw;23.1;75.5;85.0;28.0;49.4;57.0;1;108;1;100;16271.63;11280.08;4991.56;32420.74
2026-06-17T09:08:42.034236+02:00;dhw;23.1;75.6;85.0;28.0;49.5;57.0;1;108;1;100;16271.67;11280.08;4991.6;32420.74
2026-06-17T09:08:52.900964+02:00;dhw;23.1;76.1;85.0;28.0;49.6;57.0;1;108;1;100;16271.74;11280.08;4991.66;32420.74
2026-06-17T09:09:04.003688+02:00;dhw;23.1;76.1;85.0;28.0;49.6;57.0;1;108;1;100;16271.76;11280.08;4991.68;32420.74
2026-06-17T09:09:15.581906+02:00;dhw;23.1;76.4;85.0;28.0;49.9;57.0;1;108;1;100;16271.8;11280.08;4991.73;32420.74
2026-06-17T09:09:26.604966+02:00;dhw;23.1;76.5;85.0;28.0;50.0;57.0;1;108;1;100;16271.84;11280.08;4991.77;32420.74
2026-06-17T09:09:37.281796+02:00;dhw;23.1;77.0;85.0;28.0;50.2;57.0;1;108;1;100;16271.91;11280.08;4991.83;32420.74
2026-06-17T09:09:48.355052+02:00;dhw;23.1;77.3;85.0;28.0;50.4;57.0;1;108;1;100;16271.97;11280.08;4991.89;32420.74
2026-06-17T09:09:59.402947+02:00;dhw;23.1;77.4;85.0;28.0;50.6;57.0;1;108;1;100;16272.01;11280.08;4991.93;32420.74
2026-06-17T09:10:10.435807+02:00;dhw;23.1;77.6;85.0;28.0;50.7;57.0;1;108;1;100;16272.05;11280.08;4991.97;32420.74
2026-06-17T09:10:21.089000+02:00;dhw;23.1;77.7;85.0;28.0;50.9;57.0;1;108;1;100;16272.09;11280.08;4992.01;32420.74
2026-06-17T09:10:32.930728+02:00;dhw;23.1;78.0;85.0;28.0;51.1;57.0;1;108;1;100;16272.14;11280.08;4992.06;32420.74
2026-06-17T09:10:43.788722+02:00;dhw;23.1;78.2;85.0;28.0;51.2;57.0;1;108;1;100;16272.18;11280.08;4992.1;32420.74
2026-06-17T09:10:55.151916+02:00;dhw;23.1;78.3;85.0;28.0;51.4;57.0;1;108;1;100;16272.22;11280.08;4992.14;32420.74
2026-06-17T09:11:06.200816+02:00;dhw;23.1;78.5;85.0;28.0;51.5;57.0;1;108;1;100;16272.26;11280.08;4992.18;32420.74
2026-06-17T09:11:17.285567+02:00;dhw;23.1;79.0;85.0;28.0;51.7;57.0;1;108;1;100;16272.34;11280.08;4992.27;32420.74
2026-06-17T09:11:28.226121+02:00;dhw;23.1;79.1;85.0;28.0;52.0;57.0;1;108;1;100;16272.39;11280.08;4992.31;32420.74
2026-06-17T09:11:39.494534+02:00;dhw;23.1;79.5;85.0;28.0;52.2;57.0;1;108;1;100;16272.43;11280.08;4992.35;32420.84
2026-06-17T09:11:50.649082+02:00;dhw;23.1;79.6;85.0;28.0;52.3;57.0;1;108;1;100;16272.47;11280.08;4992.39;32420.84
2026-06-17T09:12:02.255846+02:00;dhw;23.1;79.8;85.0;28.0;52.5;57.0;1;108;1;100;16272.51;11280.08;4992.43;32420.84
2026-06-17T09:12:13.690277+02:00;dhw;23.1;80.1;85.0;28.0;52.7;57.0;1;108;1;100;16272.58;11280.08;4992.5;32420.84
2026-06-17T09:12:24.549519+02:00;dhw;23.1;80.1;85.0;28.0;52.8;57.0;1;108;1;100;16272.59;11280.08;4992.52;32420.84
2026-06-17T09:12:35.229587+02:00;dhw;23.1;80.3;85.0;28.0;53.1;57.0;1;108;1;100;16272.64;11280.08;4992.56;32420.84
2026-06-17T09:12:46.125517+02:00;dhw;23.1;80.4;85.0;28.0;53.2;57.0;1;108;1;100;16272.68;11280.08;4992.6;32420.84
2026-06-17T09:12:57.105121+02:00;dhw;23.1;80.7;85.0;28.0;53.4;57.0;1;108;1;100;16272.76;11280.08;4992.68;32420.84
2026-06-17T09:13:08.234316+02:00;dhw;23.1;80.9;85.0;28.0;53.6;57.0;1;108;1;100;16272.81;11280.08;4992.73;32420.84
2026-06-17T09:13:19.305354+02:00;dhw;23.1;81.1;85.0;28.0;53.8;57.0;1;108;1;100;16272.84;11280.08;4992.77;32420.84
2026-06-17T09:13:30.394321+02:00;dhw;23.1;81.4;85.0;28.0;53.9;57.0;1;108;1;100;16272.89;11280.08;4992.81;32420.84
2026-06-17T09:13:42.644482+02:00;dhw;23.1;81.5;85.0;28.0;54.1;57.0;1;108;1;100;16272.93;11280.08;4992.86;32420.84
2026-06-17T09:13:56.108239+02:00;dhw;23.1;81.7;85.0;28.0;54.3;57.0;1;108;1;100;16272.97;11280.08;4992.9;32420.84
2026-06-17T09:14:06.953662+02:00;dhw;23.1;82.0;85.0;28.0;54.5;57.0;1;108;1;100;16273.05;11280.08;4992.98;32420.84
2026-06-17T09:14:17.763294+02:00;dhw;23.1;82.2;85.0;28.0;54.9;57.0;1;108;1;100;16273.1;11280.08;4993.02;32420.84
2026-06-17T09:14:28.415088+02:00;dhw;23.1;82.5;85.0;28.0;55.2;57.0;1;108;1;100;16273.14;11280.08;4993.06;32420.84
2026-06-17T09:14:39.373394+02:00;dhw;23.1;82.5;85.0;28.0;55.4;57.0;1;108;1;100;16273.18;11280.08;4993.1;32420.84
2026-06-17T09:14:50.777172+02:00;dhw;23.1;82.7;85.0;28.0;55.6;57.0;1;108;1;100;16273.22;11280.08;4993.14;32420.84
2026-06-17T09:15:02.180628+02:00;dhw;23.1;83.0;85.0;28.0;55.7;57.0;1;108;1;100;16273.28;11280.08;4993.2;32420.84
2026-06-17T09:15:12.860881+02:00;dhw;23.1;83.0;85.0;28.0;55.9;57.0;1;108;1;100;16273.3;11280.08;4993.23;32420.84
2026-06-17T09:15:23.646451+02:00;dhw;23.1;83.2;85.0;28.0;56.1;57.0;1;108;1;100;16273.35;11280.08;4993.27;32420.84
2026-06-17T09:15:34.706599+02:00;dhw;23.1;83.4;85.0;28.0;56.3;57.0;1;108;1;100;16273.39;11280.08;4993.31;32420.84
2026-06-17T09:15:45.723043+02:00;dhw;23.1;83.5;85.0;28.0;56.5;57.0;1;108;1;100;16273.43;11280.08;4993.35;32420.939
2026-06-17T09:15:56.476318+02:00;dhw;23.1;83.9;85.0;28.0;56.8;57.0;1;108;1;100;16273.52;11280.08;4993.44;32420.939
2026-06-17T09:16:07.242795+02:00;standby;23.1;84.3;85.0;28.0;57.1;57.0;0;0;1;100;16273.54;11280.08;4993.46;32420.939
2026-06-17T09:16:18.132326+02:00;standby;23.1;83.1;85.0;28.0;57.3;57.0;0;0;1;100;16273.54;11280.08;4993.46;32420.939
2026-06-17T09:16:28.882584+02:00;standby;23.1;80.9;85.0;28.0;57.5;57.0;0;0;1;100;16273.54;11280.08;4993.46;32420.939
2026-06-17T09:16:39.462794+02:00;standby;23.1;78.4;85.0;28.0;57.7;57.0;0;0;1;10;16273.54;11280.08;4993.46;32420.939
2026-06-17T09:16:50.382314+02:00;standby;23.1;75.8;85.0;28.0;57.9;57.0;0;0;1;10;16273.54;11280.08;4993.46;32420.939
2026-06-17T09:17:00.925134+02:00;standby;23.1;74.5;85.0;28.0;58.0;57.0;0;0;1;10;16273.54;11280.08;4993.46;32420.939
2026-06-17T09:18:01.952383+02:00;standby;23.1;67.2;5.0;28.0;58.8;57.0;0;0;1;10;16273.54;11280.08;4993.46;32420.939
2026-06-17T09:19:03.611052+02:00;standby;23.1;63.4;5.0;28.0;59.5;57.0;0;0;1;10;16273.54;11280.08;4993.46;32420.939
2026-06-17T09:20:04.132933+02:00;standby;23.1;63.7;5.0;28.0;59.8;57.0;0;0;0;0;16273.54;11280.08;4993.46;32420.939
2026-06-17T09:21:04.711182+02:00;standby;23.1;64.2;5.0;28.0;59.9;57.0;0;0;0;0;16273.54;11280.08;4993.46;32420.939
2026-06-17T09:22:05.366052+02:00;standby;23.1;64.4;5.0;28.0;60.0;57.0;0;0;0;0;16273.54;11280.08;4993.46;32420.939
2026-06-17T09:23:06.086203+02:00;standby;23.1;64.4;5.0;28.0;60.0;57.0;0;0;0;0;16273.54;11280.08;4993.46;32420.939
2026-06-17T09:24:06.724904+02:00;standby;23.1;64.4;5.0;28.0;60.0;57.0;0;0;0;0;16273.54;11280.08;4993.46;32420.939
2026-06-17T09:25:10.000005+02:00;standby;23.1;64.3;5.0;28.0;60.0;57.0;0;0;0;0;16273.54;11280.08;4993.46;32420.939
2026-06-17T09:26:12.059301+02:00;standby;23.1;64.2;5.0;28.0;60.0;57.0;0;0;0;0;16273.54;11280.08;4993.46;32420.939
2026-06-17T09:27:16.458416+02:00;standby;23.1;64.2;5.0;28.0;60.0;57.0;0;0;0;0;16273.54;11280.08;4993.46;32420.939
2026-06-17T09:28:17.283535+02:00;standby;23.1;64.0;5.0;28.0;60.0;57.0;0;0;0;0;16273.54;11280.08;4993.46;32420.939
2026-06-17T09:29:18.136412+02:00;standby;23.1;63.8;5.0;28.0;60.0;57.0;0;0;0;0;16273.54;11280.08;4993.46;32420.939
2026-06-17T09:30:21.275755+02:00;standby;23.1;63.7;5.0;28.0;60.0;57.0;0;0;0;0;16273.54;11280.08;4993.46;32420.939
2026-06-17T09:31:22.018293+02:00;standby;23.1;63.6;5.0;28.0;60.0;57.0;0;0;0;0;16273.54;11280.08;4993.46;32420.939
2026-06-17T09:32:22.751228+02:00;standby;23.1;63.5;5.0;28.0;60.0;57.0;0;0;0;0;16273.54;11280.08;4993.46;32420.939
2026-06-17T09:33:23.377838+02:00;standby;23.5;63.4;5.0;28.0;60.0;57.0;0;0;0;0;16273.54;11280.08;4993.46;32420.939
2026-06-17T09:34:23.955211+02:00;standby;23.5;63.3;5.0;28.0;60.0;57.0;0;0;0;0;16273.54;11280.08;4993.46;32420.939
2026-06-17T09:35:24.582620+02:00;standby;23.5;63.0;5.0;28.0;60.0;57.0;0;0;0;0;16273.54;11280.08;4993.46;32420.939
2026-06-17T09:36:25.129246+02:00;standby;23.5;62.9;5.0;28.0;60.0;57.0;0;0;0;0;16273.54;11280.08;4993.46;32420.939
2026-06-17T09:37:25.866147+02:00;standby;23.5;62.8;5.0;28.0;60.0;57.0;0;0;0;0;16273.54;11280.08;4993.46;32420.939
2026-06-17T09:38:26.650297+02:00;standby;23.5;62.7;5.0;28.0;59.9;57.0;0;0;0;0;16273.54;11280.08;4993.46;32420.939
2026-06-17T09:39:27.406358+02:00;standby;23.5;62.4;5.0;28.0;59.9;57.0;0;0;0;0;16273.54;11280.08;4993.46;32420.939
2026-06-17T09:40:28.086435+02:00;standby;23.5;62.3;5.0;28.0;59.9;57.0;0;0;0;0;16273.54;11280.08;4993.46;32420.939
2026-06-17T09:41:30.817220+02:00;standby;23.5;62.2;5.0;28.0;59.9;57.0;0;0;0;0;16273.54;11280.08;4993.46;32420.939
2026-06-17T09:42:32.038096+02:00;standby;23.5;62.1;5.0;28.0;59.9;57.0;0;0;0;0;16273.54;11280.08;4993.46;32420.939
2026-06-17T09:43:32.764311+02:00;standby;23.5;61.9;5.0;28.0;59.9;57.0;0;0;0;0;16273.54;11280.08;4993.46;32420.939
2026-06-17T09:44:33.344089+02:00;standby;23.5;61.7;5.0;28.0;59.9;57.0;0;0;0;0;16273.54;11280.08;4993.46;32420.939
2026-06-17T09:45:34.230046+02:00;standby;23.5;61.6;5.0;28.0;59.9;57.0;0;0;0;0;16273.54;11280.08;4993.46;32420.939
2026-06-17T09:46:34.825487+02:00;standby;23.5;61.4;5.0;28.0;59.9;57.0;0;0;0;0;16273.54;11280.08;4993.46;32420.939
2026-06-17T09:47:35.417313+02:00;standby;23.5;61.3;5.0;28.0;59.9;57.0;0;0;0;0;16273.54;11280.08;4993.46;32420.939
2026-06-17T09:48:36.031939+02:00;standby;23.5;61.2;5.0;28.0;59.9;57.0;0;0;0;0;16273.54;11280.08;4993.46;32420.939
2026-06-17T09:49:36.598360+02:00;standby;23.5;60.9;5.0;28.0;59.9;57.0;0;0;0;0;16273.54;11280.08;4993.46;32420.939
2026-06-17T09:50:37.172065+02:00;standby;23.5;60.8;5.0;28.0;59.8;57.0;0;0;0;0;16273.54;11280.08;4993.46;32420.939
2026-06-17T09:51:37.691040+02:00;standby;23.5;60.7;5.0;28.0;59.8;57.0;0;0;0;0;16273.54;11280.08;4993.46;32420.939
2026-06-17T09:52:38.274427+02:00;standby;23.5;60.5;5.0;28.0;59.8;57.0;0;0;0;0;16273.54;11280.08;4993.46;32420.939
2026-06-17T09:53:38.867475+02:00;standby;23.5;60.3;5.0;28.0;59.8;57.0;0;0;0;0;16273.54;11280.08;4993.46;32420.939
2026-06-17T09:54:39.598244+02:00;standby;23.5;60.2;5.0;28.0;59.8;57.0;0;0;0;0;16273.54;11280.08;4993.46;32420.939
2026-06-17T09:55:40.125032+02:00;standby;23.5;60.0;5.0;28.0;59.8;57.0;0;0;0;0;16273.54;11280.08;4993.46;32420.939
2026-06-17T09:56:40.703697+02:00;standby;23.5;59.9;5.0;28.0;59.8;57.0;0;0;0;0;16273.54;11280.08;4993.46;32420.939
2026-06-17T09:57:41.269039+02:00;standby;23.5;59.8;5.0;28.0;59.8;57.0;0;0;0;0;16273.54;11280.08;4993.46;32420.939
2026-06-17T09:58:41.783804+02:00;standby;23.5;59.7;5.0;28.0;59.8;57.0;0;0;0;0;16273.54;11280.08;4993.46;32420.939
2026-06-17T09:59:42.400609+02:00;standby;23.5;59.4;5.0;28.0;59.8;57.0;0;0;0;0;16273.54;11280.08;4993.46;32420.939
2026-06-17T10:00:42.913606+02:00;standby;23.5;59.3;5.0;28.0;59.8;57.0;0;0;0;0;16273.54;11280.08;4993.46;32420.939
2026-06-17T10:01:43.431280+02:00;standby;23.5;59.1;5.0;28.0;59.8;57.0;0;0;0;0;16273.54;11280.08;4993.46;32420.939
2026-06-17T10:02:44.136918+02:00;standby;23.5;59.0;5.0;28.0;59.7;57.0;0;0;0;0;16273.54;11280.08;4993.46;32420.939
2026-06-17T10:03:44.674427+02:00;standby;23.5;58.7;5.0;28.0;59.7;57.0;0;0;0;0;16273.54;11280.08;4993.46;32420.939
2026-06-17T10:04:45.199725+02:00;standby;23.5;58.6;5.0;28.0;59.7;57.0;0;0;0;0;16273.54;11280.08;4993.46;32420.939
2026-06-17T10:05:45.735045+02:00;standby;23.5;58.5;5.0;28.0;59.7;57.0;0;0;0;0;16273.54;11280.08;4993.46;32420.939
2026-06-17T10:06:46.725245+02:00;standby;23.5;58.3;5.0;28.0;59.7;57.0;0;0;0;0;16273.54;11280.08;4993.46;32420.939
2026-06-17T10:07:47.297007+02:00;standby;23.5;58.2;5.0;28.0;59.7;57.0;0;0;0;0;16273.54;11280.08;4993.46;32420.939
2026-06-17T10:08:47.894059+02:00;standby;23.5;58.1;5.0;28.0;59.7;57.0;0;0;0;0;16273.54;11280.08;4993.46;32420.939
2026-06-17T10:09:48.416855+02:00;standby;23.5;57.8;5.0;28.0;59.7;57.0;0;0;0;0;16273.54;11280.08;4993.46;32420.939
2026-06-17T10:10:49.311238+02:00;standby;23.5;57.7;5.0;28.0;59.7;57.0;0;0;0;0;16273.54;11280.08;4993.46;32420.939
2026-06-17T10:11:49.865827+02:00;standby;23.5;57.6;5.0;28.0;59.7;57.0;0;0;0;0;16273.54;11280.08;4993.46;32420.939
2026-06-17T10:12:50.478644+02:00;standby;23.5;57.4;5.0;28.0;59.7;57.0;0;0;0;0;16273.54;11280.08;4993.46;32420.939
2026-06-17T10:13:51.514811+02:00;standby;23.5;57.3;5.0;28.0;59.7;57.0;0;0;0;0;16273.54;11280.08;4993.46;32420.939
2026-06-17T10:14:52.047436+02:00;standby;23.5;57.0;5.0;28.0;59.6;57.0;0;0;0;0;16273.54;11280.08;4993.46;32420.939
2026-06-17T10:15:52.555500+02:00;standby;23.5;56.9;5.0;28.0;59.6;57.0;0;0;0;0;16273.54;11280.08;4993.46;32420.939
2026-06-17T10:16:53.173704+02:00;standby;23.5;56.7;5.0;28.0;59.6;57.0;0;0;0;0;16273.54;11280.08;4993.46;32420.939
2026-06-17T10:17:53.892360+02:00;standby;23.5;56.6;5.0;28.0;59.6;57.0;0;0;0;0;16273.54;11280.08;4993.46;32420.939
2026-06-17T10:18:54.414601+02:00;standby;23.5;56.5;5.0;28.0;59.6;57.0;0;0;0;0;16273.54;11280.08;4993.46;32420.939
2026-06-17T10:19:54.954736+02:00;standby;23.5;56.2;5.0;28.0;59.6;57.0;0;0;0;0;16273.54;11280.08;4993.46;32420.939
2026-06-17T10:20:55.995013+02:00;standby;23.5;56.1;5.0;28.0;59.6;57.0;0;0;0;0;16273.54;11280.08;4993.46;32420.939
2026-06-17T10:21:56.660494+02:00;standby;23.5;56.0;5.0;28.0;59.6;57.0;0;0;0;0;16273.54;11280.08;4993.46;32420.939
2026-06-17T10:22:57.224883+02:00;standby;23.5;55.8;5.0;28.0;59.6;57.0;0;0;0;0;16273.54;11280.08;4993.46;32420.939
2026-06-17T10:23:57.729053+02:00;standby;23.5;55.7;5.0;28.0;59.6;57.0;0;0;0;0;16273.54;11280.08;4993.46;32420.939
2026-06-17T10:24:58.255055+02:00;standby;23.5;55.6;5.0;28.0;59.6;57.0;0;0;0;0;16273.54;11280.08;4993.46;32420.939
2026-06-17T10:25:58.772283+02:00;standby;23.5;55.5;5.0;28.0;59.6;57.0;0;0;0;0;16273.54;11280.08;4993.46;32420.939
2026-06-17T10:26:59.874029+02:00;standby;23.5;55.2;5.0;28.0;59.5;57.0;0;0;0;0;16273.54;11280.08;4993.46;32420.939
2026-06-17T10:28:00.838382+02:00;standby;23.5;55.1;5.0;28.0;59.5;57.0;0;0;0;0;16273.54;11280.08;4993.46;32420.939
2026-06-17T10:29:01.472413+02:00;standby;23.5;54.9;5.0;28.0;59.5;57.0;0;0;0;0;16273.54;11280.08;4993.46;32420.939
2026-06-17T10:30:02.095000+02:00;standby;23.5;54.8;5.0;28.0;59.5;57.0;0;0;0;0;16273.54;11280.08;4993.46;32420.939
2026-06-17T10:31:02.690038+02:00;standby;23.5;54.7;5.0;28.0;59.5;57.0;0;0;0;0;16273.54;11280.08;4993.46;32420.939
2026-06-17T10:32:03.327127+02:00;standby;23.5;54.6;5.0;28.0;59.5;57.0;0;0;0;0;16273.54;11280.08;4993.46;32420.939
2026-06-17T10:33:03.865484+02:00;standby;23.5;54.3;5.0;28.0;59.5;57.0;0;0;0;0;16273.54;11280.08;4993.46;32420.939
2026-06-17T10:34:04.567951+02:00;standby;25.1;54.2;5.0;28.0;59.5;57.0;0;0;0;0;16273.54;11280.08;4993.46;32420.939
2026-06-17T10:35:05.172996+02:00;standby;25.1;54.1;5.0;28.0;59.5;57.0;0;0;0;0;16273.54;11280.08;4993.46;32420.939
2026-06-17T10:36:05.916414+02:00;standby;25.1;53.9;5.0;28.0;59.4;57.0;0;0;0;0;16273.54;11280.08;4993.46;32420.939
2026-06-17T10:37:06.545875+02:00;standby;25.1;53.8;5.0;28.0;59.4;57.0;0;0;0;0;16273.54;11280.08;4993.46;32420.939
2026-06-17T10:38:07.109889+02:00;standby;25.1;53.7;5.0;28.0;59.4;57.0;0;0;0;0;16273.54;11280.08;4993.46;32420.939
2026-06-17T10:39:08.049441+02:00;standby;25.1;53.4;5.0;28.0;59.4;57.0;0;0;0;0;16273.54;11280.08;4993.46;32420.939
2026-06-17T10:40:08.799600+02:00;standby;25.1;53.3;5.0;28.0;59.4;57.0;0;0;0;0;16273.54;11280.08;4993.46;32420.939
2026-06-17T10:41:09.333424+02:00;standby;25.1;53.2;5.0;28.0;59.4;57.0;0;0;0;0;16273.54;11280.08;4993.46;32420.939
2026-06-17T10:42:09.916500+02:00;standby;25.1;53.1;5.0;28.0;59.4;57.0;0;0;0;0;16273.54;11280.08;4993.46;32420.939
2026-06-17T10:43:10.982207+02:00;standby;25.1;53.0;5.0;28.0;59.4;57.0;0;0;0;0;16273.54;11280.08;4993.46;32420.939
2026-06-17T10:44:11.665655+02:00;standby;25.1;52.8;5.0;28.0;59.4;57.0;0;0;0;0;16273.54;11280.08;4993.46;32420.939
2026-06-17T10:45:12.853251+02:00;standby;25.1;52.7;5.0;28.0;59.4;57.0;0;0;0;0;16273.54;11280.08;4993.46;32420.939
2026-06-17T10:46:13.551939+02:00;standby;25.1;52.6;5.0;28.0;59.4;57.0;0;0;0;0;16273.54;11280.08;4993.46;32420.939
2026-06-17T10:47:14.267920+02:00;standby;25.1;52.4;5.0;28.0;59.3;57.0;0;0;0;0;16273.54;11280.08;4993.46;32420.939
2026-06-17T10:48:15.175707+02:00;standby;25.1;52.2;5.0;28.0;59.3;57.0;0;0;0;0;16273.54;11280.08;4993.46;32420.939
2026-06-17T10:49:15.720577+02:00;standby;25.1;52.1;5.0;28.0;59.3;57.0;0;0;0;0;16273.54;11280.08;4993.46;32420.939
2026-06-17T10:50:16.320488+02:00;standby;25.1;52.0;5.0;28.0;59.3;57.0;0;0;0;0;16273.54;11280.08;4993.46;32420.939
2026-06-17T10:51:17.087378+02:00;standby;25.1;51.9;5.0;28.0;59.3;57.0;0;0;0;0;16273.54;11280.08;4993.46;32420.939
2026-06-17T10:52:17.585655+02:00;standby;25.1;51.8;5.0;28.0;59.3;57.0;0;0;0;0;16273.54;11280.08;4993.46;32420.939
2026-06-17T10:53:18.108355+02:00;standby;25.1;51.6;5.0;28.0;59.3;57.0;0;0;0;0;16273.54;11280.08;4993.46;32420.939
2026-06-17T10:54:18.640553+02:00;standby;25.1;51.6;5.0;28.0;59.3;57.0;0;0;0;0;16273.54;11280.08;4993.46;32420.939
2026-06-17T10:55:19.281349+02:00;standby;25.1;51.3;5.0;28.0;59.3;57.0;0;0;0;0;16273.54;11280.08;4993.46;32420.939
2026-06-17T10:56:20.105729+02:00;standby;25.1;51.2;5.0;28.0;59.3;57.0;0;0;0;0;16273.54;11280.08;4993.46;32420.939
2026-06-17T10:57:21.307214+02:00;standby;25.1;51.1;5.0;28.0;59.3;57.0;0;0;0;0;16273.54;11280.08;4993.46;32420.939
2026-06-17T10:58:21.945757+02:00;standby;25.1;51.0;5.0;28.0;59.3;57.0;0;0;0;0;16273.54;11280.08;4993.46;32420.939
2026-06-17T10:59:22.522552+02:00;standby;25.1;50.9;5.0;28.0;59.3;57.0;0;0;0;0;16273.54;11280.08;4993.46;32420.939
2026-06-17T11:00:23.280205+02:00;standby;25.1;50.8;5.0;28.0;59.2;57.0;0;0;0;0;16273.54;11280.08;4993.46;32420.939
2026-06-17T11:01:23.815661+02:00;standby;25.1;50.6;5.0;28.0;59.2;57.0;0;0;0;0;16273.54;11280.08;4993.46;32420.939
2026-06-17T11:02:24.628346+02:00;standby;25.1;50.4;5.0;28.0;59.2;57.0;0;0;0;0;16273.54;11280.08;4993.46;32420.939
2026-06-17T11:03:25.139295+02:00;standby;25.1;50.3;5.0;28.0;59.2;57.0;0;0;0;0;16273.54;11280.08;4993.46;32420.939
2026-06-17T11:04:26.097387+02:00;standby;25.1;50.2;5.0;28.0;59.2;57.0;0;0;0;0;16273.54;11280.08;4993.46;32420.939
2026-06-17T11:05:26.690097+02:00;standby;25.1;50.1;5.0;28.0;59.2;57.0;0;0;0;0;16273.54;11280.08;4993.46;32420.939
2026-06-17T11:06:27.329582+02:00;standby;25.1;50.0;5.0;28.0;59.2;57.0;0;0;0;0;16273.54;11280.08;4993.46;32420.939
2026-06-17T11:07:28.044142+02:00;standby;25.1;49.9;5.0;28.0;59.2;57.0;0;0;0;0;16273.54;11280.08;4993.46;32420.939
2026-06-17T11:08:28.669464+02:00;standby;25.1;49.8;5.0;28.0;59.2;57.0;0;0;0;0;16273.54;11280.08;4993.46;32420.939
2026-06-17T11:09:29.360430+02:00;standby;25.1;49.7;5.0;28.0;59.2;57.0;0;0;0;0;16273.54;11280.08;4993.46;32420.939
2026-06-17T11:10:29.920321+02:00;standby;25.1;49.5;5.0;28.0;59.2;57.0;0;0;0;0;16273.54;11280.08;4993.46;32420.939
2026-06-17T11:11:30.846967+02:00;standby;25.1;49.4;5.0;28.0;59.1;57.0;0;0;0;0;16273.54;11280.08;4993.46;32420.939
2026-06-17T11:12:31.377213+02:00;standby;25.1;49.2;5.0;28.0;59.1;57.0;0;0;0;0;16273.54;11280.08;4993.46;32420.939
2026-06-17T11:13:31.990478+02:00;standby;25.1;49.2;5.0;28.0;59.1;57.0;0;0;0;0;16273.54;11280.08;4993.46;32420.939
2026-06-17T11:14:32.716546+02:00;standby;25.1;49.1;5.0;28.0;59.1;57.0;0;0;0;0;16273.54;11280.08;4993.46;32420.939
2026-06-17T11:15:33.431615+02:00;standby;25.1;48.9;5.0;28.0;59.1;57.0;0;0;0;0;16273.54;11280.08;4993.46;32420.939
2026-06-17T11:16:34.023133+02:00;standby;25.1;48.7;5.0;28.0;59.1;57.0;0;0;0;0;16273.54;11280.08;4993.46;32420.939
2026-06-17T11:17:34.666979+02:00;standby;25.1;48.6;5.0;28.0;59.1;57.0;0;0;0;0;16273.54;11280.08;4993.46;32420.939
2026-06-17T11:18:35.198598+02:00;standby;25.1;48.5;5.0;28.0;59.1;57.0;0;0;0;0;16273.54;11280.08;4993.46;32420.939
2026-06-17T11:19:35.801257+02:00;standby;25.1;48.5;5.0;28.0;59.1;57.0;0;0;0;0;16273.54;11280.08;4993.46;32420.939
2026-06-17T11:20:36.352795+02:00;standby;25.1;48.4;5.0;28.0;59.1;57.0;0;0;0;0;16273.54;11280.08;4993.46;32420.939
2026-06-17T11:21:36.951623+02:00;standby;25.1;48.3;5.0;28.0;59.1;57.0;0;0;0;0;16273.54;11280.08;4993.46;32420.939
2026-06-17T11:22:37.594288+02:00;standby;25.1;48.1;5.0;28.0;59.1;57.0;0;0;0;0;16273.54;11280.08;4993.46;32420.939
2026-06-17T11:23:38.200994+02:00;standby;25.1;48.0;5.0;28.0;58.9;57.0;0;0;0;0;16273.54;11280.08;4993.46;32420.939
2026-06-17T11:24:38.730167+02:00;standby;25.1;47.8;5.0;28.0;58.9;57.0;0;0;0;0;16273.54;11280.08;4993.46;32420.939
2026-06-17T11:25:39.333564+02:00;standby;25.1;47.8;5.0;28.0;58.9;57.0;0;0;0;0;16273.54;11280.08;4993.46;32420.939
2026-06-17T11:26:39.852772+02:00;standby;25.1;47.7;5.0;28.0;58.9;57.0;0;0;0;0;16273.54;11280.08;4993.46;32420.939
2026-06-17T11:27:40.484135+02:00;standby;25.1;47.6;5.0;28.0;58.9;57.0;0;0;0;0;16273.54;11280.08;4993.46;32420.939
2026-06-17T11:28:41.104621+02:00;standby;25.1;47.5;5.0;28.0;58.9;57.0;0;0;0;0;16273.54;11280.08;4993.46;32420.939
2026-06-17T11:29:42.136552+02:00;standby;25.1;47.4;5.0;28.0;58.9;57.0;0;0;0;0;16273.54;11280.08;4993.46;32420.939
2026-06-17T11:30:42.672555+02:00;standby;25.1;47.3;5.0;28.0;58.9;57.0;0;0;0;0;16273.54;11280.08;4993.46;32420.939
2026-06-17T11:31:43.267783+02:00;standby;25.1;47.2;5.0;28.0;58.9;57.0;0;0;0;0;16273.54;11280.08;4993.46;32420.939
2026-06-17T11:32:43.807162+02:00;standby;25.1;47.0;5.0;28.0;58.9;57.0;0;0;0;0;16273.54;11280.08;4993.46;32420.939
2026-06-17T11:33:44.683743+02:00;standby;25.1;46.9;5.0;28.0;58.9;57.0;0;0;0;0;16273.54;11280.08;4993.46;32420.939
2026-06-17T11:34:45.336114+02:00;standby;25.0;46.8;5.0;28.0;58.9;57.0;0;0;0;0;16273.54;11280.08;4993.46;32420.939
2026-06-17T11:35:45.882765+02:00;standby;25.0;46.7;5.0;28.0;58.9;57.0;0;0;0;0;16273.54;11280.08;4993.46;32420.939
2026-06-17T11:36:46.398812+02:00;standby;25.0;46.6;5.0;28.0;58.8;57.0;0;0;0;0;16273.54;11280.08;4993.46;32420.939
2026-06-17T11:37:46.903029+02:00;standby;25.0;46.6;5.0;28.0;58.8;57.0;0;0;0;0;16273.54;11280.08;4993.46;32420.939
2026-06-17T11:38:47.528890+02:00;standby;25.0;46.5;5.0;28.0;58.8;57.0;0;0;0;0;16273.54;11280.08;4993.46;32420.939
2026-06-17T11:39:48.061460+02:00;standby;25.0;46.4;5.0;28.0;58.8;57.0;0;0;0;0;16273.54;11280.08;4993.46;32420.939
2026-06-17T11:40:48.577430+02:00;standby;25.0;46.2;5.0;28.0;58.8;57.0;0;0;0;0;16273.54;11280.08;4993.46;32420.939
2026-06-17T11:41:49.586904+02:00;standby;25.0;46.1;5.0;28.0;58.8;57.0;0;0;0;0;16273.54;11280.08;4993.46;32420.939
2026-06-17T11:42:50.522371+02:00;standby;25.0;46.0;5.0;28.0;58.8;57.0;0;0;0;0;16273.54;11280.08;4993.46;32420.939
2026-06-17T11:43:51.358018+02:00;standby;25.0;45.9;5.0;28.0;58.8;57.0;0;0;0;0;16273.54;11280.08;4993.46;32420.939
2026-06-17T11:44:51.878200+02:00;standby;25.0;45.8;5.0;28.0;58.8;57.0;0;0;0;0;16273.54;11280.08;4993.46;32420.939
2026-06-17T11:45:52.385637+02:00;standby;25.0;45.7;5.0;28.0;58.8;57.0;0;0;0;0;16273.54;11280.08;4993.46;32420.939
2026-06-17T11:46:52.916945+02:00;standby;25.0;45.7;5.0;28.0;58.8;57.0;0;0;0;0;16273.54;11280.08;4993.46;32420.939
2026-06-17T11:47:53.486973+02:00;standby;25.0;45.6;5.0;28.0;58.8;57.0;0;0;0;0;16273.54;11280.08;4993.46;32420.939
2026-06-17T11:48:54.044488+02:00;standby;25.0;45.5;5.0;28.0;58.7;57.0;0;0;0;0;16273.54;11280.08;4993.46;32420.939
2026-06-17T11:49:54.679604+02:00;standby;25.0;45.3;5.0;28.0;58.7;57.0;0;0;0;0;16273.54;11280.08;4993.46;32420.939
2026-06-17T11:50:55.289939+02:00;standby;25.0;45.2;5.0;28.0;58.7;57.0;0;0;0;0;16273.54;11280.08;4993.46;32420.939
2026-06-17T11:51:55.827646+02:00;standby;25.0;45.2;5.0;28.0;58.7;57.0;0;0;0;0;16273.54;11280.08;4993.46;32420.939
2026-06-17T11:52:56.343183+02:00;standby;25.0;45.1;5.0;28.0;58.7;57.0;0;0;0;0;16273.54;11280.08;4993.46;32420.939
2026-06-17T11:53:56.867633+02:00;standby;25.0;45.0;5.0;28.0;58.7;57.0;0;0;0;0;16273.54;11280.08;4993.46;32420.939
2026-06-17T11:54:57.976869+02:00;standby;25.0;44.9;5.0;28.0;58.7;57.0;0;0;0;0;16273.54;11280.08;4993.46;32420.939
2026-06-17T11:55:58.568578+02:00;standby;25.0;44.8;5.0;28.0;58.7;57.0;0;0;0;0;16273.54;11280.08;4993.46;32420.939
2026-06-17T11:56:59.111326+02:00;standby;25.0;44.8;5.0;28.0;58.7;57.0;0;0;0;0;16273.54;11280.08;4993.46;32420.939
2026-06-17T11:57:59.871190+02:00;standby;25.0;44.7;5.0;28.0;58.6;57.0;0;0;0;0;16273.54;11280.08;4993.46;32420.939
2026-06-17T11:59:00.379713+02:00;standby;25.0;44.5;5.0;28.0;58.6;57.0;0;0;0;0;16273.54;11280.08;4993.46;32420.939
2026-06-17T12:00:00.954918+02:00;standby;25.0;44.4;5.0;28.0;58.6;57.0;0;0;0;0;16273.54;11280.08;4993.46;32420.939
2026-06-17T12:01:01.507163+02:00;standby;25.0;44.3;5.0;28.0;58.6;57.0;0;0;0;0;16273.54;11280.08;4993.46;32420.939
2026-06-17T12:02:02.960587+02:00;standby;25.0;44.3;5.0;28.0;58.6;57.0;0;0;0;0;16273.54;11280.08;4993.46;32420.939
2026-06-17T12:03:03.486650+02:00;standby;25.0;44.2;5.0;28.0;58.6;57.0;0;0;0;0;16273.54;11280.08;4993.46;32420.939
2026-06-17T12:04:04.091885+02:00;standby;25.0;44.1;5.0;28.0;58.6;57.0;0;0;0;0;16273.54;11280.08;4993.46;32420.939
2026-06-17T12:05:05.128964+02:00;standby;25.0;44.0;5.0;28.0;58.6;57.0;0;0;0;0;16273.54;11280.08;4993.46;32420.939
2026-06-17T12:06:06.253249+02:00;standby;25.0;44.0;5.0;28.0;58.6;57.0;0;0;0;0;16273.54;11280.08;4993.46;32420.939
2026-06-17T12:07:06.872013+02:00;standby;25.0;43.9;5.0;28.0;58.5;57.0;0;0;0;0;16273.54;11280.08;4993.46;32420.939
2026-06-17T12:08:07.462774+02:00;standby;25.0;43.7;5.0;28.0;58.5;57.0;0;0;0;0;16273.54;11280.08;4993.46;32420.939
2026-06-17T12:09:08.013591+02:00;standby;25.0;43.6;5.0;28.0;58.5;57.0;0;0;0;0;16273.54;11280.08;4993.46;32420.939
2026-06-17T12:10:08.625147+02:00;standby;25.0;43.6;5.0;28.0;58.5;57.0;0;0;0;0;16273.54;11280.08;4993.46;32420.939
2026-06-17T12:11:09.167359+02:00;standby;25.0;43.5;5.0;28.0;58.5;57.0;0;0;0;0;16273.54;11280.08;4993.46;32420.939
2026-06-17T12:12:10.523863+02:00;standby;25.0;43.4;5.0;28.0;58.5;57.0;0;0;0;0;16273.54;11280.08;4993.46;32420.939
2026-06-17T12:13:12.559948+02:00;standby;25.0;43.4;5.0;28.0;58.5;57.0;0;0;0;0;16273.54;11280.08;4993.46;32420.939
2026-06-17T12:14:13.079734+02:00;standby;25.0;43.3;5.0;28.0;58.5;57.0;0;0;0;0;16273.54;11280.08;4993.46;32420.939
2026-06-17T12:15:13.676981+02:00;standby;25.0;43.2;5.0;28.0;58.5;57.0;0;0;0;0;16273.54;11280.08;4993.46;32420.939
2026-06-17T12:16:14.282237+02:00;standby;25.0;43.2;5.0;28.0;58.5;57.0;0;0;0;0;16273.54;11280.08;4993.46;32420.939
2026-06-17T12:17:14.842394+02:00;standby;25.0;43.1;5.0;28.0;58.5;57.0;0;0;0;0;16273.54;11280.08;4993.46;32420.939
2026-06-17T12:18:15.359583+02:00;standby;25.0;43.0;5.0;28.0;58.5;57.0;0;0;0;0;16273.54;11280.08;4993.46;32420.939
2026-06-17T12:19:16.183129+02:00;standby;25.0;42.8;5.0;28.0;58.4;57.0;0;0;0;0;16273.54;11280.08;4993.46;32420.939
2026-06-17T12:20:16.714916+02:00;standby;25.0;42.7;5.0;28.0;58.4;57.0;0;0;0;0;16273.54;11280.08;4993.46;32420.939
2026-06-17T12:21:17.434380+02:00;standby;25.0;42.7;5.0;28.0;58.4;57.0;0;0;0;0;16273.54;11280.08;4993.46;32420.939
2026-06-17T12:22:18.129208+02:00;standby;25.0;42.6;5.0;28.0;58.4;57.0;0;0;0;0;16273.54;11280.08;4993.46;32420.939
2026-06-17T12:23:18.673120+02:00;standby;25.0;42.6;5.0;28.0;58.4;57.0;0;0;0;0;16273.54;11280.08;4993.46;32420.939
2026-06-17T12:24:19.184180+02:00;standby;25.0;42.5;5.0;28.0;58.4;57.0;0;0;0;0;16273.54;11280.08;4993.46;32420.939
2026-06-17T12:25:19.808708+02:00;standby;25.0;42.4;5.0;28.0;58.4;57.0;0;0;0;0;16273.54;11280.08;4993.46;32420.939
2026-06-17T12:26:20.393158+02:00;standby;25.0;42.4;5.0;28.0;58.4;57.0;0;0;0;0;16273.54;11280.08;4993.46;32420.939
2026-06-17T12:27:21.012749+02:00;standby;25.0;42.3;5.0;28.0;58.4;57.0;0;0;0;0;16273.54;11280.08;4993.46;32420.939
2026-06-17T12:28:21.584136+02:00;standby;25.0;42.2;5.0;28.0;58.3;57.0;0;0;0;0;16273.54;11280.08;4993.46;32420.939
2026-06-17T12:29:22.187170+02:00;standby;25.0;42.2;5.0;28.0;58.3;57.0;0;0;0;0;16273.54;11280.08;4993.46;32420.939
2026-06-17T12:30:23.030695+02:00;standby;25.0;42.0;5.0;28.0;58.3;57.0;0;0;0;0;16273.54;11280.08;4993.46;32420.939
2026-06-17T12:31:23.622074+02:00;standby;25.0;41.9;5.0;28.0;58.3;57.0;0;0;0;0;16273.54;11280.08;4993.46;32420.939
2026-06-17T12:32:24.531264+02:00;standby;25.0;41.8;5.0;28.0;58.3;57.0;0;0;0;0;16273.54;11280.08;4993.46;32420.939
2026-06-17T12:33:25.403482+02:00;standby;25.0;41.8;5.0;28.0;58.3;57.0;0;0;0;0;16273.54;11280.08;4993.46;32420.939
2026-06-17T12:34:25.926487+02:00;standby;25.0;41.7;5.0;28.0;58.3;57.0;0;0;0;0;16273.54;11280.08;4993.46;32420.939
2026-06-17T12:35:26.447624+02:00;standby;25.7;41.7;5.0;28.0;58.3;57.0;0;0;0;0;16273.54;11280.08;4993.46;32420.939
2026-06-17T12:36:26.962606+02:00;standby;25.7;41.6;5.0;28.0;58.3;57.0;0;0;0;0;16273.54;11280.08;4993.46;32420.939
2026-06-17T12:37:27.687081+02:00;standby;25.7;41.6;5.0;28.0;58.3;57.0;0;0;0;0;16273.54;11280.08;4993.46;32420.939
2026-06-17T12:38:28.185785+02:00;standby;25.7;41.5;5.0;28.0;58.2;57.0;0;0;0;0;16273.54;11280.08;4993.46;32420.939
2026-06-17T12:39:28.797985+02:00;standby;25.7;41.4;5.0;28.0;58.2;57.0;0;0;0;0;16273.54;11280.08;4993.46;32420.939
2026-06-17T12:40:29.339415+02:00;standby;25.7;41.4;5.0;28.0;58.2;57.0;0;0;0;0;16273.54;11280.08;4993.46;32420.939
2026-06-17T12:41:30.554793+02:00;standby;25.7;41.2;5.0;28.0;58.2;57.0;0;0;0;0;16273.54;11280.08;4993.46;32420.939
2026-06-17T12:42:31.084534+02:00;standby;25.7;41.1;5.0;28.0;58.2;57.0;0;0;0;0;16273.54;11280.08;4993.46;32420.939
2026-06-17T12:43:31.699534+02:00;standby;25.7;41.1;5.0;28.0;58.2;57.0;0;0;0;0;16273.54;11280.08;4993.46;32420.939
2026-06-17T12:44:32.227471+02:00;standby;25.7;41.0;5.0;28.0;58.2;57.0;0;0;0;0;16273.54;11280.08;4993.46;32420.939
2026-06-17T12:45:32.761075+02:00;standby;25.7;41.0;5.0;28.0;58.2;57.0;0;0;0;0;16273.54;11280.08;4993.46;32420.939
2026-06-17T12:46:33.328801+02:00;standby;25.7;40.9;5.0;28.0;58.1;57.0;0;0;0;0;16273.54;11280.08;4993.46;32420.939
2026-06-17T12:47:33.883520+02:00;standby;25.7;40.8;5.0;28.0;58.1;57.0;0;0;0;0;16273.54;11280.08;4993.46;32420.939
2026-06-17T12:48:34.425500+02:00;standby;25.7;40.8;5.0;28.0;58.1;57.0;0;0;0;0;16273.54;11280.08;4993.46;32420.939
2026-06-17T12:49:35.231543+02:00;standby;25.7;40.7;5.0;28.0;58.1;57.0;0;0;0;0;16273.54;11280.08;4993.46;32420.939
2026-06-17T12:50:35.745108+02:00;standby;25.7;40.7;5.0;28.0;58.1;57.0;0;0;0;0;16273.54;11280.08;4993.46;32420.939
2026-06-17T12:51:36.368009+02:00;standby;25.7;40.6;5.0;28.0;58.1;57.0;0;0;0;0;16273.54;11280.08;4993.46;32420.939
2026-06-17T12:52:36.889938+02:00;standby;25.7;40.5;5.0;28.0;58.1;57.0;0;0;0;0;16273.54;11280.08;4993.46;32420.939
2026-06-17T12:53:37.404645+02:00;standby;25.7;40.5;5.0;28.0;58.1;57.0;0;0;0;0;16273.54;11280.08;4993.46;32420.939
2026-06-17T12:54:37.977884+02:00;standby;25.7;40.3;5.0;28.0;58.1;57.0;0;0;0;0;16273.54;11280.08;4993.46;32420.939
2026-06-17T12:55:38.549144+02:00;standby;25.7;40.3;5.0;28.0;58.1;57.0;0;0;0;0;16273.54;11280.08;4993.46;32420.939
2026-06-17T12:56:39.073280+02:00;standby;25.7;40.2;5.0;28.0;58.0;57.0;0;0;0;0;16273.54;11280.08;4993.46;32420.939
2026-06-17T12:57:39.657433+02:00;standby;25.7;40.2;5.0;28.0;58.0;57.0;0;0;0;0;16273.54;11280.08;4993.46;32420.939
2026-06-17T12:58:40.220272+02:00;standby;25.7;40.1;5.0;28.0;58.0;57.0;0;0;0;0;16273.54;11280.08;4993.46;32420.939
2026-06-17T12:59:40.844869+02:00;standby;25.7;40.1;5.0;28.0;58.0;57.0;0;0;0;0;16273.54;11280.08;4993.46;32420.939
2026-06-17T13:00:41.421053+02:00;standby;25.7;40.0;5.0;28.0;58.0;57.0;0;0;0;0;16273.54;11280.08;4993.46;32420.939
2026-06-17T13:01:41.965879+02:00;standby;25.7;40.0;5.0;28.0;58.0;57.0;0;0;0;0;16273.54;11280.08;4993.46;32420.939
2026-06-17T13:02:42.517600+02:00;standby;25.7;39.9;5.0;28.0;58.0;57.0;0;0;0;0;16273.54;11280.08;4993.46;32420.939
2026-06-17T13:03:43.019422+02:00;standby;25.7;39.8;5.0;28.0;58.0;57.0;0;0;0;0;16273.54;11280.08;4993.46;32420.939
2026-06-17T13:04:43.831131+02:00;standby;25.7;39.8;5.0;28.0;57.9;57.0;0;0;0;0;16273.54;11280.08;4993.46;32420.939
2026-06-17T13:05:44.662874+02:00;standby;25.7;39.6;5.0;28.0;57.9;57.0;0;0;0;0;16273.54;11280.08;4993.46;32420.939
2026-06-17T13:06:45.183248+02:00;standby;25.7;39.6;5.0;28.0;57.9;57.0;0;0;0;0;16273.54;11280.08;4993.46;32420.939
2026-06-17T13:07:45.905333+02:00;standby;25.7;39.5;5.0;28.0;57.9;57.0;0;0;0;0;16273.54;11280.08;4993.46;32420.939
2026-06-17T13:08:46.436025+02:00;standby;25.7;39.5;5.0;28.0;57.9;57.0;0;0;0;0;16273.54;11280.08;4993.46;32420.939
2026-06-17T13:09:47.145369+02:00;standby;25.7;39.4;5.0;28.0;57.8;57.0;0;0;0;0;16273.54;11280.08;4993.46;32420.939
2026-06-17T13:10:47.770950+02:00;standby;25.7;39.4;5.0;28.0;57.8;57.0;0;0;0;0;16273.54;11280.08;4993.46;32420.939
2026-06-17T13:11:48.404142+02:00;standby;25.7;39.3;5.0;28.0;57.8;57.0;0;0;0;0;16273.54;11280.08;4993.46;32420.939
2026-06-17T13:12:49.838335+02:00;standby;25.7;39.3;5.0;28.0;57.8;57.0;0;0;0;0;16273.54;11280.08;4993.46;32420.939
2026-06-17T13:13:50.459122+02:00;standby;25.7;39.1;5.0;28.0;57.8;57.0;0;0;0;0;16273.54;11280.08;4993.46;32420.939
2026-06-17T13:14:50.985882+02:00;standby;25.7;39.1;5.0;28.0;57.8;57.0;0;0;0;0;16273.54;11280.08;4993.46;32420.939
2026-06-17T13:15:51.517132+02:00;standby;25.7;39.0;5.0;28.0;57.8;57.0;0;0;0;0;16273.54;11280.08;4993.46;32420.939
2026-06-17T13:16:52.069845+02:00;standby;25.7;39.0;5.0;28.0;57.7;57.0;0;0;0;0;16273.54;11280.08;4993.46;32420.939
2026-06-17T13:17:52.644448+02:00;standby;25.7;38.9;5.0;28.0;57.7;57.0;0;0;0;0;16273.54;11280.08;4993.46;32420.939
2026-06-17T13:18:53.294124+02:00;standby;25.7;38.9;5.0;28.0;57.7;57.0;0;0;0;0;16273.54;11280.08;4993.46;32420.939
2026-06-17T13:19:54.058042+02:00;standby;25.7;38.8;5.0;28.0;57.7;57.0;0;0;0;0;16273.54;11280.08;4993.46;32420.939
2026-06-17T13:20:54.615210+02:00;standby;25.7;38.8;5.0;28.0;57.7;57.0;0;0;0;0;16273.54;11280.08;4993.46;32420.939
2026-06-17T13:21:55.126320+02:00;standby;25.7;38.6;5.0;28.0;57.7;57.0;0;0;0;0;16273.54;11280.08;4993.46;32420.939
2026-06-17T13:22:55.762341+02:00;standby;25.7;38.6;5.0;28.0;57.7;57.0;0;0;0;0;16273.54;11280.08;4993.46;32420.939
2026-06-17T13:23:56.403100+02:00;standby;25.7;38.5;5.0;28.0;57.7;57.0;0;0;0;0;16273.54;11280.08;4993.46;32420.939
2026-06-17T13:24:56.994481+02:00;standby;25.7;38.5;5.0;28.0;57.7;57.0;0;0;0;0;16273.54;11280.08;4993.46;32420.939
2026-06-17T13:25:57.609986+02:00;standby;25.7;38.5;5.0;28.0;57.6;57.0;0;0;0;0;16273.54;11280.08;4993.46;32420.939
2026-06-17T13:26:58.152828+02:00;standby;25.7;38.4;5.0;28.0;57.7;57.0;0;0;0;0;16273.54;11280.08;4993.46;32420.939
2026-06-17T13:27:58.652007+02:00;standby;25.7;38.4;5.0;28.0;57.6;57.0;0;0;0;0;16273.54;11280.08;4993.46;32420.939
2026-06-17T13:29:01.329306+02:00;standby;25.7;38.3;5.0;28.0;57.6;57.0;0;0;0;0;16273.54;11280.08;4993.46;32420.939
2026-06-17T13:30:01.938956+02:00;standby;25.7;38.3;5.0;28.0;57.6;57.0;0;0;0;0;16273.54;11280.08;4993.46;32420.939
2026-06-17T13:31:02.515492+02:00;standby;25.7;38.1;5.0;28.0;57.6;57.0;0;0;0;0;16273.54;11280.08;4993.46;32420.939
2026-06-17T13:32:03.103396+02:00;standby;25.7;38.1;5.0;28.0;57.6;57.0;0;0;0;0;16273.54;11280.08;4993.46;32420.939
2026-06-17T13:33:03.694302+02:00;standby;25.7;38.0;5.0;28.0;57.5;57.0;0;0;0;0;16273.54;11280.08;4993.46;32420.939
2026-06-17T13:34:04.220410+02:00;standby;25.7;38.0;5.0;28.0;57.5;57.0;0;0;0;0;16273.54;11280.08;4993.46;32420.939
2026-06-17T13:35:04.816553+02:00;standby;25.7;37.9;5.0;28.0;57.5;57.0;0;0;0;0;16273.54;11280.08;4993.46;32420.939
2026-06-17T13:36:05.357371+02:00;standby;27.3;37.9;5.0;28.0;57.5;57.0;0;0;0;0;16273.54;11280.08;4993.46;32420.939
2026-06-17T13:37:05.939725+02:00;standby;27.3;37.9;5.0;28.0;57.5;57.0;0;0;0;0;16273.54;11280.08;4993.46;32420.939
2026-06-17T13:38:06.508182+02:00;standby;27.3;37.8;5.0;28.0;57.4;57.0;0;0;0;0;16273.54;11280.08;4993.46;32420.939
2026-06-17T13:39:07.084787+02:00;standby;27.3;37.8;5.0;28.0;57.4;57.0;0;0;0;0;16273.54;11280.08;4993.46;32420.939
2026-06-17T13:40:07.621436+02:00;standby;27.3;37.7;5.0;28.0;57.4;57.0;0;0;0;0;16273.54;11280.08;4993.46;32420.939
2026-06-17T13:41:08.158505+02:00;standby;27.3;37.7;5.0;28.0;57.3;57.0;0;0;0;0;16273.54;11280.08;4993.46;32420.939
2026-06-17T13:42:08.787233+02:00;standby;27.3;37.5;5.0;28.0;57.2;57.0;0;0;0;0;16273.54;11280.08;4993.46;32420.939
2026-06-17T13:43:09.639537+02:00;standby;27.3;37.5;5.0;28.0;57.1;57.0;0;0;0;0;16273.54;11280.08;4993.46;32420.939
2026-06-17T13:44:10.147832+02:00;standby;27.3;37.5;5.0;28.0;56.9;57.0;0;0;0;0;16273.54;11280.08;4993.46;32420.939
2026-06-17T13:45:10.765590+02:00;standby;27.3;37.4;5.0;28.0;56.8;57.0;0;0;0;0;16273.54;11280.08;4993.46;32420.939
2026-06-17T13:46:11.288715+02:00;standby;27.3;37.4;5.0;28.0;56.8;57.0;0;0;0;0;16273.54;11280.08;4993.46;32420.939
2026-06-17T13:47:11.815795+02:00;standby;27.3;37.3;5.0;28.0;56.7;57.0;0;0;0;0;16273.54;11280.08;4993.46;32420.939
2026-06-17T13:48:12.338219+02:00;standby;27.3;37.3;5.0;28.0;56.7;57.0;0;0;0;0;16273.54;11280.08;4993.46;32420.939
2026-06-17T13:49:14.068833+02:00;standby;27.3;37.2;5.0;28.0;56.7;57.0;0;0;0;0;16273.54;11280.08;4993.46;32420.939
2026-06-17T13:50:14.586285+02:00;standby;27.3;37.2;5.0;28.0;56.7;57.0;0;0;0;0;16273.54;11280.08;4993.46;32420.939
2026-06-17T13:51:15.102857+02:00;standby;27.3;37.0;5.0;28.0;56.7;57.0;0;0;0;0;16273.54;11280.08;4993.46;32420.939
2026-06-17T13:52:15.713882+02:00;standby;27.3;37.0;5.0;28.0;56.7;57.0;0;0;0;0;16273.54;11280.08;4993.46;32420.939
2026-06-17T13:53:16.248701+02:00;standby;27.3;37.0;5.0;28.0;56.7;57.0;0;0;0;0;16273.54;11280.08;4993.46;32420.939
2026-06-17T13:54:16.853246+02:00;standby;27.3;36.9;5.0;28.0;56.6;57.0;0;0;0;0;16273.54;11280.08;4993.46;32420.939
2026-06-17T13:55:18.211495+02:00;standby;27.3;36.9;5.0;28.0;56.5;57.0;0;0;0;0;16273.54;11280.08;4993.46;32420.939
2026-06-17T13:56:18.837206+02:00;standby;27.3;36.9;5.0;28.0;56.2;57.0;0;0;0;0;16273.54;11280.08;4993.46;32420.939
2026-06-17T13:57:19.399197+02:00;standby;27.3;36.8;5.0;28.0;56.0;57.0;0;0;0;0;16273.54;11280.08;4993.46;32420.939
2026-06-17T13:58:19.874408+02:00;standby;27.3;36.8;5.0;28.0;55.7;57.0;0;0;0;0;16273.54;11280.08;4993.46;32420.939
2026-06-17T13:59:20.591712+02:00;standby;27.3;36.7;5.0;28.0;55.6;57.0;0;0;0;0;16273.54;11280.08;4993.46;32420.939
2026-06-17T14:00:21.102969+02:00;standby;27.3;36.7;5.0;28.0;55.6;57.0;0;0;0;0;16273.54;11280.08;4993.46;32420.939
2026-06-17T14:01:21.644909+02:00;standby;27.3;36.5;5.0;28.0;55.5;57.0;0;0;0;0;16273.54;11280.08;4993.46;32420.939
2026-06-17T14:02:22.257626+02:00;standby;27.3;36.5;5.0;28.0;55.5;57.0;0;0;0;0;16273.54;11280.08;4993.46;32420.939
2026-06-17T14:03:22.930931+02:00;standby;27.3;36.5;5.0;28.0;55.3;57.0;0;0;0;0;16273.54;11280.08;4993.46;32420.939
2026-06-17T14:04:23.551545+02:00;standby;27.3;36.4;5.0;28.0;55.2;57.0;0;0;0;0;16273.54;11280.08;4993.46;32420.939
2026-06-17T14:05:24.071247+02:00;standby;27.3;36.4;5.0;28.0;54.9;57.0;0;0;0;0;16273.54;11280.08;4993.46;32420.939
2026-06-17T14:06:24.629908+02:00;standby;27.3;36.4;5.0;28.0;54.8;57.0;0;0;0;0;16273.54;11280.08;4993.46;32420.939
2026-06-17T14:07:25.202700+02:00;standby;27.3;36.3;5.0;28.0;54.6;57.0;0;0;0;0;16273.54;11280.08;4993.46;32420.939
2026-06-17T14:08:25.673143+02:00;standby;27.3;36.3;5.0;28.0;54.5;57.0;0;0;0;0;16273.54;11280.08;4993.46;32420.939
2026-06-17T14:09:26.187147+02:00;standby;27.3;36.2;5.0;28.0;54.5;57.0;0;0;0;0;16273.54;11280.08;4993.46;32420.939
2026-06-17T14:10:30.454186+02:00;standby;27.3;36.2;5.0;28.0;54.4;57.0;0;0;0;0;16273.54;11280.08;4993.46;32420.939
2026-06-17T14:11:31.455249+02:00;standby;27.3;36.0;5.0;28.0;54.4;57.0;0;0;0;0;16273.54;11280.08;4993.46;32420.939
2026-06-17T14:12:32.184102+02:00;standby;27.3;36.0;5.0;28.0;54.4;57.0;0;0;0;0;16273.54;11280.08;4993.46;32420.939
2026-06-17T14:13:32.876240+02:00;standby;27.3;36.0;5.0;28.0;54.4;57.0;0;0;0;0;16273.54;11280.08;4993.46;32420.939
2026-06-17T14:14:33.710778+02:00;standby;27.3;36.0;5.0;28.0;54.4;57.0;0;0;0;0;16273.54;11280.08;4993.46;32420.939
2026-06-17T14:15:34.543894+02:00;standby;27.3;35.9;5.0;28.0;54.3;57.0;0;0;0;0;16273.54;11280.08;4993.46;32420.939
2026-06-17T14:16:35.104813+02:00;standby;27.3;35.9;5.0;28.0;54.3;57.0;0;0;0;0;16273.54;11280.08;4993.46;32420.939
2026-06-17T14:17:35.903089+02:00;standby;27.3;35.9;5.0;28.0;54.3;57.0;0;0;0;0;16273.54;11280.08;4993.46;32420.939
2026-06-17T14:18:36.452134+02:00;standby;27.3;35.8;5.0;28.0;54.3;57.0;0;0;0;0;16273.54;11280.08;4993.46;32420.939
2026-06-17T14:19:37.011454+02:00;standby;27.3;35.8;5.0;28.0;54.2;57.0;0;0;0;0;16273.54;11280.08;4993.46;32420.939
2026-06-17T14:20:37.747030+02:00;standby;27.3;35.7;5.0;28.0;54.2;57.0;0;0;0;0;16273.54;11280.08;4993.46;32420.939
2026-06-17T14:21:38.560952+02:00;standby;27.3;35.7;5.0;28.0;54.1;57.0;0;0;0;0;16273.54;11280.08;4993.46;32420.939
2026-06-17T14:22:39.109483+02:00;standby;27.3;35.7;5.0;28.0;54.1;57.0;0;0;0;0;16273.54;11280.08;4993.46;32420.939
2026-06-17T14:23:39.716790+02:00;standby;27.3;35.6;5.0;28.0;54.0;57.0;0;0;0;0;16273.54;11280.08;4993.46;32420.939
2026-06-17T14:24:40.329813+02:00;standby;27.3;35.6;5.0;28.0;54.0;57.0;0;0;0;0;16273.54;11280.08;4993.46;32420.939
2026-06-17T14:25:40.969105+02:00;standby;27.3;35.6;5.0;28.0;54.0;57.0;0;0;0;0;16273.54;11280.08;4993.46;32420.939
2026-06-17T14:26:41.732108+02:00;standby;27.3;35.6;5.0;28.0;54.0;57.0;0;0;0;0;16273.54;11280.08;4993.46;32420.939
2026-06-17T14:27:42.297782+02:00;standby;27.3;35.4;5.0;28.0;54.0;57.0;0;0;0;0;16273.54;11280.08;4993.46;32420.939
2026-06-17T14:28:42.912643+02:00;standby;27.3;35.4;5.0;28.0;53.9;57.0;0;0;0;0;16273.54;11280.08;4993.46;32420.939
2026-06-17T14:29:43.438121+02:00;standby;27.3;35.3;5.0;28.0;53.9;57.0;0;0;0;0;16273.54;11280.08;4993.46;32420.939
2026-06-17T14:30:44.011076+02:00;standby;27.3;35.3;5.0;28.0;53.9;57.0;0;0;0;0;16273.54;11280.08;4993.46;32420.939
2026-06-17T14:31:44.572450+02:00;standby;27.3;35.3;5.0;28.0;53.9;57.0;0;0;0;0;16273.54;11280.08;4993.46;32420.939
2026-06-17T14:32:45.513309+02:00;standby;27.3;35.2;5.0;28.0;53.9;57.0;0;0;0;0;16273.54;11280.08;4993.46;32420.939
2026-06-17T14:33:46.127373+02:00;standby;27.3;35.2;5.0;28.0;53.9;57.0;0;0;0;0;16273.54;11280.08;4993.46;32420.939
2026-06-17T14:34:46.748886+02:00;standby;27.3;35.2;5.0;28.0;53.8;57.0;0;0;0;0;16273.54;11280.08;4993.46;32420.939
2026-06-17T14:35:47.327240+02:00;standby;27.3;35.1;5.0;28.0;53.8;57.0;0;0;0;0;16273.54;11280.08;4993.46;32420.939
2026-06-17T14:36:47.844338+02:00;standby;27.3;35.1;5.0;28.0;53.7;57.0;0;0;0;0;16273.54;11280.08;4993.46;32420.939
2026-06-17T14:37:48.376201+02:00;standby;27.3;35.1;5.0;28.0;53.6;57.0;0;0;0;0;16273.54;11280.08;4993.46;32420.939
2026-06-17T14:38:49.660244+02:00;standby;27.3;34.9;5.0;28.0;53.4;57.0;0;0;0;0;16273.54;11280.08;4993.46;32420.939
2026-06-17T14:39:50.232337+02:00;standby;27.3;34.9;5.0;28.0;53.3;57.0;0;0;0;0;16273.54;11280.08;4993.46;32420.939
2026-06-17T14:40:50.786651+02:00;standby;27.3;34.9;5.0;28.0;53.2;57.0;0;0;0;0;16273.54;11280.08;4993.46;32420.939
2026-06-17T14:41:51.309761+02:00;standby;27.3;34.9;5.0;28.0;53.2;57.0;0;0;0;0;16273.54;11280.08;4993.46;32420.939
2026-06-17T14:42:51.833488+02:00;standby;27.3;34.8;5.0;28.0;53.2;57.0;0;0;0;0;16273.54;11280.08;4993.46;32420.939
2026-06-17T14:43:52.450441+02:00;standby;27.3;34.8;5.0;28.0;53.2;57.0;0;0;0;0;16273.54;11280.08;4993.46;32420.939
2026-06-17T14:44:53.380870+02:00;standby;27.3;34.8;5.0;28.0;53.1;57.0;0;0;0;0;16273.54;11280.08;4993.46;32420.939
2026-06-17T14:45:53.904094+02:00;standby;27.3;34.8;5.0;28.0;53.1;57.0;0;0;0;0;16273.54;11280.08;4993.46;32420.939
2026-06-17T14:46:54.430221+02:00;standby;27.3;34.7;5.0;28.0;53.1;57.0;0;0;0;0;16273.54;11280.08;4993.46;32420.939
2026-06-17T14:47:54.987907+02:00;standby;27.3;34.7;5.0;28.0;53.1;57.0;0;0;0;0;16273.54;11280.08;4993.46;32420.939
2026-06-17T14:48:55.476605+02:00;standby;27.3;34.6;5.0;28.0;53.1;57.0;0;0;0;0;16273.54;11280.08;4993.46;32420.939
2026-06-17T14:49:56.136295+02:00;standby;27.3;34.6;5.0;28.0;53.1;57.0;0;0;0;0;16273.54;11280.08;4993.46;32420.939
2026-06-17T14:50:57.033572+02:00;standby;27.3;34.6;5.0;28.0;52.9;57.0;0;0;0;0;16273.54;11280.08;4993.46;32420.939
2026-06-17T14:51:57.757474+02:00;standby;27.3;34.6;5.0;28.0;52.9;57.0;0;0;0;0;16273.54;11280.08;4993.46;32420.939
2026-06-17T14:52:58.387206+02:00;standby;27.3;34.4;5.0;28.0;52.9;57.0;0;0;0;0;16273.54;11280.08;4993.46;32420.939
2026-06-17T14:53:58.977716+02:00;standby;27.3;34.4;5.0;28.0;52.9;57.0;0;0;0;0;16273.54;11280.08;4993.46;32420.939
2026-06-17T14:54:59.557957+02:00;standby;27.3;34.4;5.0;28.0;52.9;57.0;0;0;0;0;16273.54;11280.08;4993.46;32420.939
2026-06-17T14:56:00.480595+02:00;standby;27.3;34.3;5.0;28.0;52.8;57.0;0;0;0;0;16273.54;11280.08;4993.46;32420.939
2026-06-17T14:57:01.045514+02:00;standby;27.3;34.3;5.0;28.0;52.8;57.0;0;0;0;0;16273.54;11280.08;4993.46;32420.939
2026-06-17T14:58:02.182653+02:00;standby;27.3;34.3;5.0;28.0;52.8;57.0;0;0;0;0;16273.54;11280.08;4993.46;32420.939
2026-06-17T14:59:02.796121+02:00;standby;27.3;34.3;5.0;28.0;52.8;57.0;0;0;0;0;16273.54;11280.08;4993.46;32420.939
2026-06-17T15:00:03.344930+02:00;standby;27.3;34.2;5.0;28.0;52.8;57.0;0;0;0;0;16273.54;11280.08;4993.46;32420.939
2026-06-17T15:01:03.893053+02:00;standby;27.3;34.2;5.0;28.0;52.8;57.0;0;0;0;0;16273.54;11280.08;4993.46;32420.939
2026-06-17T15:02:04.455638+02:00;standby;27.3;34.2;5.0;28.0;52.7;57.0;0;0;0;0;16273.54;11280.08;4993.46;32420.939
2026-06-17T15:03:05.005450+02:00;standby;27.3;34.1;5.0;28.0;52.7;57.0;0;0;0;0;16273.54;11280.08;4993.46;32420.939
2026-06-17T15:04:05.592525+02:00;standby;27.3;34.1;5.0;28.0;52.7;57.0;0;0;0;0;16273.54;11280.08;4993.46;32420.939
2026-06-17T15:05:06.120206+02:00;standby;27.3;34.1;5.0;28.0;52.7;57.0;0;0;0;0;16273.54;11280.08;4993.46;32420.939
2026-06-17T15:06:06.634701+02:00;standby;27.3;34.0;5.0;28.0;52.7;57.0;0;0;0;0;16273.54;11280.08;4993.46;32420.939
2026-06-17T15:07:07.177170+02:00;standby;27.3;34.0;5.0;28.0;52.7;57.0;0;0;0;0;16273.54;11280.08;4993.46;32420.939
2026-06-17T15:08:07.744551+02:00;standby;27.3;34.0;5.0;28.0;52.6;57.0;0;0;0;0;16273.54;11280.08;4993.46;32420.939
2026-06-17T15:09:08.450051+02:00;standby;27.3;34.0;5.0;28.0;52.6;57.0;0;0;0;0;16273.54;11280.08;4993.46;32420.939
2026-06-17T15:10:09.176386+02:00;standby;27.3;33.8;5.0;28.0;52.6;57.0;0;0;0;0;16273.54;11280.08;4993.46;32420.939
2026-06-17T15:11:09.898291+02:00;standby;27.3;33.8;5.0;28.0;52.6;57.0;0;0;0;0;16273.54;11280.08;4993.46;32420.939
2026-06-17T15:12:10.568027+02:00;standby;27.3;33.8;5.0;28.0;52.6;57.0;0;0;0;0;16273.54;11280.08;4993.46;32420.939
2026-06-17T15:13:12.082828+02:00;standby;27.3;33.7;5.0;28.0;52.6;57.0;0;0;0;0;16273.54;11280.08;4993.46;32420.939
2026-06-17T15:14:12.637209+02:00;standby;27.3;33.7;5.0;28.0;52.5;57.0;0;0;0;0;16273.54;11280.08;4993.46;32420.939
2026-06-17T15:15:13.149190+02:00;standby;27.3;33.7;5.0;28.0;52.5;57.0;0;0;0;0;16273.54;11280.08;4993.46;32420.939
2026-06-17T15:16:13.674459+02:00;standby;27.3;33.7;5.0;28.0;52.5;57.0;0;0;0;0;16273.54;11280.08;4993.46;32420.939
2026-06-17T15:17:14.354811+02:00;standby;27.3;33.6;5.0;28.0;52.5;57.0;0;0;0;0;16273.54;11280.08;4993.46;32420.939
2026-06-17T15:18:14.872896+02:00;standby;27.3;33.6;5.0;28.0;52.5;57.0;0;0;0;0;16273.54;11280.08;4993.46;32420.939
2026-06-17T15:19:15.388993+02:00;standby;27.3;33.6;5.0;28.0;52.5;57.0;0;0;0;0;16273.54;11280.08;4993.46;32420.939
2026-06-17T15:20:15.950318+02:00;standby;27.3;33.6;5.0;28.0;52.4;57.0;0;0;0;0;16273.54;11280.08;4993.46;32420.939
2026-06-17T15:21:16.471383+02:00;standby;27.3;33.5;5.0;28.0;52.4;57.0;0;0;0;0;16273.54;11280.08;4993.46;32420.939
2026-06-17T15:22:16.993611+02:00;standby;27.3;33.5;5.0;28.0;52.4;57.0;0;0;0;0;16273.54;11280.08;4993.46;32420.939
2026-06-17T15:23:17.521516+02:00;standby;27.3;33.5;5.0;28.0;52.4;57.0;0;0;0;0;16273.54;11280.08;4993.46;32420.939
2026-06-17T15:24:18.027707+02:00;standby;27.3;33.5;5.0;28.0;52.4;57.0;0;0;0;0;16273.54;11280.08;4993.46;32420.939
2026-06-17T15:25:18.597043+02:00;standby;27.3;33.3;5.0;28.0;52.3;57.0;0;0;0;0;16273.54;11280.08;4993.46;32420.939
2026-06-17T15:26:19.088375+02:00;standby;27.3;33.3;5.0;28.0;52.3;57.0;0;0;0;0;16273.54;11280.08;4993.46;32420.939
2026-06-17T15:27:19.644382+02:00;standby;27.3;33.3;5.0;28.0;52.3;57.0;0;0;0;0;16273.54;11280.08;4993.46;32420.939
2026-06-17T15:28:20.225456+02:00;standby;27.3;33.3;5.0;28.0;52.3;57.0;0;0;0;0;16273.54;11280.08;4993.46;32420.939
2026-06-17T15:28:40.119805+02:00;standby;27.6;33.3;5.0;28.0;52.3;57.0;0;0;0;0;16273.54;11280.08;4993.46;32420.939
2026-06-17T15:29:40.844266+02:00;standby;27.6;33.2;5.0;28.0;52.3;57.0;0;0;0;0;16273.54;11280.08;4993.46;32420.939
2026-06-17T15:30:41.484064+02:00;standby;27.6;33.2;5.0;28.0;52.3;57.0;0;0;0;0;16273.54;11280.08;4993.46;32420.939
2026-06-17T15:31:42.034094+02:00;standby;27.6;33.2;5.0;28.0;52.2;57.0;0;0;0;0;16273.54;11280.08;4993.46;32420.939
2026-06-17T15:32:43.393238+02:00;standby;27.6;33.1;5.0;28.0;52.2;57.0;0;0;0;0;16273.54;11280.08;4993.46;32420.939
2026-06-17T15:33:44.165435+02:00;standby;27.6;33.1;5.0;28.0;52.2;57.0;0;0;0;0;16273.54;11280.08;4993.46;32420.939
2026-06-17T15:34:44.742813+02:00;standby;27.6;33.1;5.0;28.0;52.2;57.0;0;0;0;0;16273.54;11280.08;4993.46;32420.939
2026-06-17T15:35:45.371960+02:00;standby;27.6;33.1;5.0;28.0;52.2;57.0;0;0;0;0;16273.54;11280.08;4993.46;32420.939
2026-06-17T15:36:45.917531+02:00;standby;27.6;33.1;5.0;28.0;52.2;57.0;0;0;0;0;16273.54;11280.08;4993.46;32420.939
2026-06-17T15:37:46.493559+02:00;standby;27.6;33.0;5.0;28.0;52.1;57.0;0;0;0;0;16273.54;11280.08;4993.46;32420.939
2026-06-17T15:38:47.019800+02:00;standby;27.6;33.0;5.0;28.0;52.1;57.0;0;0;0;0;16273.54;11280.08;4993.46;32420.939
2026-06-17T15:39:47.528939+02:00;standby;27.6;33.0;5.0;28.0;52.1;57.0;0;0;0;0;16273.54;11280.08;4993.46;32420.939
2026-06-17T15:40:48.699577+02:00;standby;27.6;33.0;5.0;28.0;52.1;57.0;0;0;0;0;16273.54;11280.08;4993.46;32420.939
2026-06-17T15:41:49.849813+02:00;standby;27.6;32.8;5.0;28.0;52.0;57.0;0;0;0;0;16273.54;11280.08;4993.46;32420.939
2026-06-17T15:42:50.436734+02:00;standby;27.6;32.8;5.0;28.0;52.0;57.0;0;0;0;0;16273.54;11280.08;4993.46;32420.939
2026-06-17T15:43:50.982441+02:00;standby;27.6;32.8;5.0;28.0;52.0;57.0;0;0;0;0;16273.54;11280.08;4993.46;32420.939
2026-06-17T15:44:51.509822+02:00;standby;27.6;32.8;5.0;28.0;52.0;57.0;0;0;0;0;16273.54;11280.08;4993.46;32420.939
2026-06-17T15:45:52.330694+02:00;standby;27.6;32.7;5.0;28.0;52.0;57.0;0;0;0;0;16273.54;11280.08;4993.46;32420.939
2026-06-17T15:46:53.849377+02:00;standby;27.6;32.7;5.0;28.0;52.0;57.0;0;0;0;0;16273.54;11280.08;4993.46;32420.939
2026-06-17T15:47:54.461650+02:00;standby;27.6;32.7;5.0;28.0;52.0;57.0;0;0;0;0;16273.54;11280.08;4993.46;32420.939
2026-06-17T15:48:55.011842+02:00;standby;27.6;32.7;5.0;28.0;52.0;57.0;0;0;0;0;16273.54;11280.08;4993.46;32420.939
2026-06-17T15:49:55.538071+02:00;standby;27.6;32.6;5.0;28.0;51.9;57.0;0;0;0;0;16273.54;11280.08;4993.46;32420.939
2026-06-17T15:50:56.110140+02:00;standby;27.6;32.6;5.0;28.0;51.9;57.0;0;0;0;0;16273.54;11280.08;4993.46;32420.939
2026-06-17T15:51:56.727194+02:00;standby;27.6;32.6;5.0;28.0;51.9;57.0;0;0;0;0;16273.54;11280.08;4993.46;32420.939
2026-06-17T15:52:57.144877+02:00;standby;27.6;32.6;5.0;28.0;51.8;57.0;0;0;0;0;16273.54;11280.08;4993.46;32420.939
2026-06-17T15:53:57.684084+02:00;standby;27.6;32.6;5.0;28.0;51.8;57.0;0;0;0;0;16273.54;11280.08;4993.46;32420.939
2026-06-17T15:54:58.188124+02:00;standby;27.6;32.5;5.0;28.0;51.7;57.0;0;0;0;0;16273.54;11280.08;4993.46;32420.939
2026-06-17T15:55:58.749655+02:00;standby;27.6;32.5;5.0;28.0;51.7;57.0;0;0;0;0;16273.54;11280.08;4993.46;32420.939
2026-06-17T15:56:59.267014+02:00;standby;27.6;32.5;5.0;28.0;51.7;57.0;0;0;0;0;16273.54;11280.08;4993.46;32420.939
2026-06-17T15:57:59.795690+02:00;standby;27.6;32.5;5.0;28.0;51.5;57.0;0;0;0;0;16273.54;11280.08;4993.46;32420.939
2026-06-17T15:59:00.410582+02:00;standby;27.6;32.5;5.0;28.0;51.4;57.0;0;0;0;0;16273.54;11280.08;4993.46;32420.939
2026-06-17T16:00:01.247162+02:00;standby;27.6;32.3;5.0;28.0;51.3;57.0;0;0;0;0;16273.54;11280.08;4993.46;32420.939
2026-06-17T16:01:02.162820+02:00;standby;27.6;32.3;5.0;28.0;51.2;57.0;0;0;0;0;16273.54;11280.08;4993.46;32420.939
2026-06-17T16:02:02.901484+02:00;standby;27.6;32.3;5.0;28.0;51.2;57.0;0;0;0;0;16273.54;11280.08;4993.46;32420.939
2026-06-17T16:03:03.382508+02:00;standby;27.6;32.3;5.0;28.0;51.2;57.0;0;0;0;0;16273.54;11280.08;4993.46;32420.939
2026-06-17T16:04:03.969067+02:00;standby;27.6;32.2;5.0;28.0;51.2;57.0;0;0;0;0;16273.54;11280.08;4993.46;32420.939
2026-06-17T16:05:04.702951+02:00;standby;27.6;32.2;5.0;28.0;51.2;57.0;0;0;0;0;16273.54;11280.08;4993.46;32420.939
2026-06-17T16:06:05.775483+02:00;standby;27.6;32.2;5.0;28.0;51.2;57.0;0;0;0;0;16273.54;11280.08;4993.46;32420.939
2026-06-17T16:07:06.268325+02:00;standby;27.6;32.2;5.0;28.0;51.1;57.0;0;0;0;0;16273.54;11280.08;4993.46;32420.939
2026-06-17T16:08:06.775774+02:00;standby;27.6;32.1;5.0;28.0;51.1;57.0;0;0;0;0;16273.54;11280.08;4993.46;32420.939
2026-06-17T16:09:07.305894+02:00;standby;27.6;32.1;5.0;28.0;51.1;57.0;0;0;0;0;16273.54;11280.08;4993.46;32420.939
2026-06-17T16:10:07.967511+02:00;standby;27.6;32.1;5.0;28.0;51.1;57.0;0;0;0;0;16273.54;11280.08;4993.46;32420.939
2026-06-17T16:11:08.679135+02:00;standby;27.6;32.1;5.0;28.0;51.1;57.0;0;0;0;0;16273.54;11280.08;4993.46;32420.939
2026-06-17T16:12:09.381470+02:00;standby;27.6;32.1;5.0;28.0;51.1;57.0;0;0;0;0;16273.54;11280.08;4993.46;32420.939
2026-06-17T16:13:09.886425+02:00;standby;27.6;32.1;5.0;28.0;50.9;57.0;0;0;0;0;16273.54;11280.08;4993.46;32420.939
2026-06-17T16:14:10.420063+02:00;standby;27.6;32.0;5.0;28.0;50.9;57.0;0;0;0;0;16273.54;11280.08;4993.46;32420.939
2026-06-17T16:15:11.028379+02:00;standby;27.6;32.0;5.0;28.0;50.9;57.0;0;0;0;0;16273.54;11280.08;4993.46;32420.939
2026-06-17T16:16:11.751428+02:00;standby;27.6;32.0;5.0;28.0;50.9;57.0;0;0;0;0;16273.54;11280.08;4993.46;32420.939
2026-06-17T16:17:12.275887+02:00;standby;27.6;32.0;5.0;28.0;50.9;57.0;0;0;0;0;16273.54;11280.08;4993.46;32420.939
2026-06-17T16:18:12.892053+02:00;standby;27.6;32.0;5.0;28.0;50.9;57.0;0;0;0;0;16273.54;11280.08;4993.46;32420.939
2026-06-17T16:19:13.515408+02:00;standby;27.6;31.9;5.0;28.0;50.9;57.0;0;0;0;0;16273.54;11280.08;4993.46;32420.939
2026-06-17T16:20:13.937544+02:00;standby;27.6;31.9;5.0;28.0;50.8;57.0;0;0;0;0;16273.54;11280.08;4993.46;32420.939
2026-06-17T16:21:14.503345+02:00;standby;27.6;31.9;5.0;28.0;50.8;57.0;0;0;0;0;16273.54;11280.08;4993.46;32420.939
2026-06-17T16:22:15.376584+02:00;standby;27.6;31.9;5.0;28.0;50.8;57.0;0;0;0;0;16273.54;11280.08;4993.46;32420.939
2026-06-17T16:23:15.861483+02:00;standby;27.6;31.9;5.0;28.0;50.8;57.0;0;0;0;0;16273.54;11280.08;4993.46;32420.939
2026-06-17T16:24:16.360738+02:00;standby;27.6;31.7;5.0;28.0;50.8;57.0;0;0;0;0;16273.54;11280.08;4993.46;32420.939
2026-06-17T16:25:17.090100+02:00;standby;27.6;31.7;5.0;28.0;50.8;57.0;0;0;0;0;16273.54;11280.08;4993.46;32420.939
2026-06-17T16:26:18.019626+02:00;standby;27.6;31.7;5.0;28.0;50.7;57.0;0;0;0;0;16273.54;11280.08;4993.46;32420.939
2026-06-17T16:27:18.537661+02:00;standby;27.6;31.7;5.0;28.0;50.7;57.0;0;0;0;0;16273.54;11280.08;4993.46;32420.939
2026-06-17T16:28:19.049056+02:00;standby;27.6;31.7;5.0;28.0;50.7;57.0;0;0;0;0;16273.54;11280.08;4993.46;32420.939
2026-06-17T16:29:19.575888+02:00;standby;29.0;31.6;5.0;28.0;50.7;57.0;0;0;0;0;16273.54;11280.08;4993.46;32420.939
2026-06-17T16:30:20.310203+02:00;standby;29.0;31.6;5.0;28.0;50.5;57.0;0;0;0;0;16273.54;11280.08;4993.46;32420.939
2026-06-17T16:31:20.824428+02:00;standby;29.0;31.6;5.0;28.0;50.4;57.0;0;0;0;0;16273.54;11280.08;4993.46;32420.939
2026-06-17T16:32:21.520112+02:00;standby;29.0;31.6;5.0;28.0;50.4;57.0;0;0;0;0;16273.54;11280.08;4993.46;32420.939
2026-06-17T16:33:22.846086+02:00;standby;29.0;31.6;5.0;28.0;50.4;57.0;0;0;0;0;16273.54;11280.08;4993.46;32420.939
2026-06-17T16:34:23.356927+02:00;standby;29.0;31.6;5.0;28.0;50.3;57.0;0;0;0;0;16273.54;11280.08;4993.46;32420.939
2026-06-17T16:35:23.934308+02:00;standby;29.0;31.5;5.0;28.0;50.3;57.0;0;0;0;0;16273.54;11280.08;4993.46;32420.939
2026-06-17T16:36:24.603250+02:00;standby;29.0;31.5;5.0;28.0;50.3;57.0;0;0;0;0;16273.54;11280.08;4993.46;32420.939
2026-06-17T16:37:25.116159+02:00;standby;29.0;31.5;5.0;28.0;50.3;57.0;0;0;0;0;16273.54;11280.08;4993.46;32420.939
2026-06-17T16:38:25.580753+02:00;standby;29.0;31.5;5.0;28.0;50.3;57.0;0;0;0;0;16273.54;11280.08;4993.46;32420.939
2026-06-17T16:39:26.093819+02:00;standby;29.0;31.5;5.0;28.0;50.3;57.0;0;0;0;0;16273.54;11280.08;4993.46;32420.939
2026-06-17T16:40:26.730652+02:00;standby;29.0;31.4;5.0;28.0;50.2;57.0;0;0;0;0;16273.54;11280.08;4993.46;32420.939
2026-06-17T16:41:27.345316+02:00;standby;29.0;31.4;5.0;28.0;50.2;57.0;0;0;0;0;16273.54;11280.08;4993.46;32420.939
2026-06-17T16:42:28.015175+02:00;standby;29.0;31.4;5.0;28.0;50.2;57.0;0;0;0;0;16273.54;11280.08;4993.46;32420.939
2026-06-17T16:43:28.536884+02:00;standby;29.0;31.4;5.0;28.0;50.2;57.0;0;0;0;0;16273.54;11280.08;4993.46;32420.939
2026-06-17T16:44:29.115300+02:00;standby;29.0;31.4;5.0;28.0;50.2;57.0;0;0;0;0;16273.54;11280.08;4993.46;32420.939
2026-06-17T16:45:29.621023+02:00;standby;29.0;31.4;5.0;28.0;50.2;57.0;0;0;0;0;16273.54;11280.08;4993.46;32420.939
2026-06-17T16:46:30.141339+02:00;standby;29.0;31.2;5.0;28.0;50.2;57.0;0;0;0;0;16273.54;11280.08;4993.46;32420.939
2026-06-17T16:47:30.775922+02:00;standby;29.0;31.2;5.0;28.0;50.2;57.0;0;0;0;0;16273.54;11280.08;4993.46;32420.939
2026-06-17T16:48:31.704265+02:00;standby;29.0;31.2;5.0;28.0;50.1;57.0;0;0;0;0;16273.54;11280.08;4993.46;32420.939
2026-06-17T16:49:32.521100+02:00;standby;29.0;31.2;5.0;28.0;49.9;57.0;0;0;0;0;16273.54;11280.08;4993.46;32420.939
2026-06-17T16:50:33.159457+02:00;standby;29.0;31.2;5.0;28.0;49.6;57.0;0;0;0;0;16273.54;11280.08;4993.46;32420.939
2026-06-17T16:51:34.189078+02:00;standby;29.0;31.1;5.0;28.0;49.6;57.0;0;0;0;0;16273.54;11280.08;4993.46;32420.939
2026-06-17T16:52:35.012624+02:00;standby;29.0;31.1;5.0;28.0;49.5;57.0;0;0;0;0;16273.54;11280.08;4993.46;32420.939
2026-06-17T16:53:35.623931+02:00;standby;29.0;31.1;5.0;28.0;49.2;57.0;0;0;0;0;16273.54;11280.08;4993.46;32420.939
2026-06-17T16:54:36.403624+02:00;standby;29.0;31.1;5.0;28.0;48.8;57.0;0;0;0;0;16273.54;11280.08;4993.46;32420.939
2026-06-17T16:55:36.911908+02:00;standby;29.0;31.1;5.0;28.0;48.7;57.0;0;0;0;0;16273.54;11280.08;4993.46;32420.939
2026-06-17T16:56:37.450871+02:00;standby;29.0;31.1;5.0;28.0;48.6;57.0;0;0;0;0;16273.54;11280.08;4993.46;32420.939
2026-06-17T16:57:37.956363+02:00;standby;29.0;31.1;5.0;28.0;48.6;57.0;0;0;0;0;16273.54;11280.08;4993.46;32420.939
2026-06-17T16:58:38.584514+02:00;standby;29.0;31.1;5.0;28.0;48.5;57.0;0;0;0;0;16273.54;11280.08;4993.46;32420.939
2026-06-17T16:59:39.106076+02:00;standby;29.0;31.0;5.0;28.0;48.5;57.0;0;0;0;0;16273.54;11280.08;4993.46;32420.939
2026-06-17T17:00:39.674067+02:00;standby;29.0;31.0;5.0;28.0;48.5;57.0;0;0;0;0;16273.54;11280.08;4993.46;32420.939
2026-06-17T17:01:40.189303+02:00;standby;29.0;31.0;5.0;28.0;48.5;57.0;0;0;0;0;16273.54;11280.08;4993.46;32420.939
2026-06-17T17:02:40.977036+02:00;standby;29.0;31.0;5.0;28.0;48.5;57.0;0;0;0;0;16273.54;11280.08;4993.46;32420.939
2026-06-17T17:03:41.494876+02:00;standby;29.0;31.0;5.0;28.0;48.5;57.0;0;0;0;0;16273.54;11280.08;4993.46;32420.939
2026-06-17T17:04:42.012999+02:00;standby;29.0;30.9;5.0;28.0;48.4;57.0;0;0;0;0;16273.54;11280.08;4993.46;32420.939
2026-06-17T17:05:42.687897+02:00;standby;29.0;30.9;5.0;28.0;48.4;57.0;0;0;0;0;16273.54;11280.08;4993.46;32420.939
2026-06-17T17:06:43.210347+02:00;standby;29.0;30.9;5.0;28.0;48.4;57.0;0;0;0;0;16273.54;11280.08;4993.46;32420.939
2026-06-17T17:07:43.765344+02:00;standby;29.0;30.9;5.0;28.0;48.4;57.0;0;0;0;0;16273.54;11280.08;4993.46;32420.939
2026-06-17T17:08:45.777929+02:00;standby;29.0;30.9;5.0;28.0;48.4;57.0;0;0;0;0;16273.54;11280.08;4993.46;32420.939
2026-06-17T17:09:46.295253+02:00;standby;29.0;30.9;5.0;28.0;48.4;57.0;0;0;0;0;16273.54;11280.08;4993.46;32420.939
2026-06-17T17:10:46.806472+02:00;standby;29.0;30.7;5.0;28.0;48.4;57.0;0;0;0;0;16273.54;11280.08;4993.46;32420.939
2026-06-17T17:11:47.646378+02:00;standby;29.0;30.7;5.0;28.0;48.4;57.0;0;0;0;0;16273.54;11280.08;4993.46;32420.939
2026-06-17T17:12:48.149317+02:00;standby;29.0;30.7;5.0;28.0;48.2;57.0;0;0;0;0;16273.54;11280.08;4993.46;32420.939
2026-06-17T17:13:48.686178+02:00;standby;29.0;30.7;5.0;28.0;48.2;57.0;0;0;0;0;16273.54;11280.08;4993.46;32420.939
2026-06-17T17:14:49.256706+02:00;standby;29.0;30.7;5.0;28.0;48.2;57.0;0;0;0;0;16273.54;11280.08;4993.46;32420.939
2026-06-17T17:15:50.106377+02:00;standby;29.0;30.7;5.0;28.0;48.2;57.0;0;0;0;0;16273.54;11280.08;4993.46;32420.939
2026-06-17T17:16:50.672909+02:00;standby;29.0;30.6;5.0;28.0;48.2;57.0;0;0;0;0;16273.54;11280.08;4993.46;32420.939
2026-06-17T17:17:51.213551+02:00;standby;29.0;30.6;5.0;28.0;48.2;57.0;0;0;0;0;16273.54;11280.08;4993.46;32420.939
2026-06-17T17:18:51.738808+02:00;standby;29.0;30.6;5.0;28.0;48.2;57.0;0;0;0;0;16273.54;11280.08;4993.46;32420.939
2026-06-17T17:19:52.709379+02:00;standby;29.0;30.6;5.0;28.0;48.2;57.0;0;0;0;0;16273.54;11280.08;4993.46;32420.939
2026-06-17T17:20:53.226755+02:00;standby;29.0;30.6;5.0;28.0;48.1;57.0;0;0;0;0;16273.54;11280.08;4993.46;32420.939
2026-06-17T17:21:53.736084+02:00;standby;29.0;30.6;5.0;28.0;48.1;57.0;0;0;0;0;16273.54;11280.08;4993.46;32420.939
2026-06-17T17:22:54.227870+02:00;standby;29.0;30.6;5.0;28.0;48.1;57.0;0;0;0;0;16273.54;11280.08;4993.46;32420.939
2026-06-17T17:23:54.993431+02:00;standby;29.0;30.6;5.0;28.0;48.1;57.0;0;0;0;0;16273.54;11280.08;4993.46;32420.939
2026-06-17T17:24:55.523131+02:00;standby;29.0;30.5;5.0;28.0;48.1;57.0;0;0;0;0;16273.54;11280.08;4993.46;32420.939
2026-06-17T17:25:56.039116+02:00;standby;29.0;30.5;5.0;28.0;48.1;57.0;0;0;0;0;16273.54;11280.08;4993.46;32420.939
2026-06-17T17:26:56.916088+02:00;standby;29.0;30.5;5.0;28.0;48.1;57.0;0;0;0;0;16273.54;11280.08;4993.46;32420.939
2026-06-17T17:27:57.490419+02:00;standby;29.0;30.5;5.0;28.0;48.0;57.0;0;0;0;0;16273.54;11280.08;4993.46;32420.939
2026-06-17T17:28:58.035438+02:00;standby;29.0;30.5;5.0;28.0;48.0;57.0;0;0;0;0;16273.54;11280.08;4993.46;32420.939
2026-06-17T17:29:58.604315+02:00;standby;28.4;30.5;5.0;28.0;48.0;57.0;0;0;0;0;16273.54;11280.08;4993.46;32420.939
2026-06-17T17:30:59.303600+02:00;standby;28.4;30.4;5.0;28.0;48.0;57.0;0;0;0;0;16273.54;11280.08;4993.46;32420.939
2026-06-17T17:31:59.898198+02:00;standby;28.4;30.4;5.0;28.0;48.0;57.0;0;0;0;0;16273.54;11280.08;4993.46;32420.939
2026-06-17T17:33:00.443375+02:00;standby;28.4;30.4;5.0;28.0;48.0;57.0;0;0;0;0;16273.54;11280.08;4993.46;32420.939
2026-06-17T17:34:00.992770+02:00;standby;28.4;30.4;5.0;28.0;48.0;57.0;0;0;0;0;16273.54;11280.08;4993.46;32420.939
2026-06-17T17:35:01.729715+02:00;standby;28.4;30.4;5.0;28.0;48.0;57.0;0;0;0;0;16273.54;11280.08;4993.46;32420.939
2026-06-17T17:36:05.047306+02:00;standby;28.4;30.4;5.0;28.0;48.0;57.0;0;0;0;0;16273.54;11280.08;4993.46;32420.939
2026-06-17T17:37:05.581862+02:00;standby;28.4;30.4;5.0;28.0;47.9;57.0;0;0;0;0;16273.54;11280.08;4993.46;32420.939
2026-06-17T17:38:06.666098+02:00;standby;28.4;30.4;5.0;28.0;47.9;57.0;0;0;0;0;16273.54;11280.08;4993.46;32420.939
2026-06-17T17:39:07.528284+02:00;standby;28.4;30.2;5.0;28.0;47.9;57.0;0;0;0;0;16273.54;11280.08;4993.46;32420.939
2026-06-17T17:40:08.045126+02:00;standby;28.4;30.2;5.0;28.0;47.9;57.0;0;0;0;0;16273.54;11280.08;4993.46;32420.939
2026-06-17T17:41:08.643019+02:00;standby;28.4;30.2;5.0;28.0;47.9;57.0;0;0;0;0;16273.54;11280.08;4993.46;32420.939
2026-06-17T17:42:09.253999+02:00;standby;28.4;30.2;5.0;28.0;47.9;57.0;0;0;0;0;16273.54;11280.08;4993.46;32420.939
2026-06-17T17:43:09.863790+02:00;standby;28.4;30.2;5.0;28.0;47.9;57.0;0;0;0;0;16273.54;11280.08;4993.46;32420.939
2026-06-17T17:44:10.392742+02:00;standby;28.4;30.2;5.0;28.0;47.9;57.0;0;0;0;0;16273.54;11280.08;4993.46;32420.939
2026-06-17T17:45:11.282943+02:00;standby;28.4;30.2;5.0;28.0;47.8;57.0;0;0;0;0;16273.54;11280.08;4993.46;32420.939
2026-06-17T17:46:11.843817+02:00;standby;28.4;30.1;5.0;28.0;47.8;57.0;0;0;0;0;16273.54;11280.08;4993.46;32420.939
2026-06-17T17:47:12.360774+02:00;standby;28.4;30.1;5.0;28.0;47.8;57.0;0;0;0;0;16273.54;11280.08;4993.46;32420.939
2026-06-17T17:48:12.983576+02:00;standby;28.4;30.1;5.0;28.0;47.8;57.0;0;0;0;0;16273.54;11280.08;4993.46;32420.939
2026-06-17T17:49:13.538805+02:00;standby;28.4;30.0;5.0;28.0;47.8;57.0;0;0;0;0;16273.54;11280.08;4993.46;32420.939
2026-06-17T17:50:14.085394+02:00;standby;28.4;30.1;5.0;28.0;47.8;57.0;0;0;0;0;16273.54;11280.08;4993.46;32420.939
2026-06-17T17:51:14.886461+02:00;standby;28.4;30.1;5.0;28.0;47.8;57.0;0;0;0;0;16273.54;11280.08;4993.46;32420.939
2026-06-17T17:52:15.456251+02:00;standby;28.4;30.1;5.0;28.0;47.8;57.0;0;0;0;0;16273.54;11280.08;4993.46;32420.939
2026-06-17T17:53:15.995873+02:00;standby;28.4;30.0;5.0;28.0;47.7;57.0;0;0;0;0;16273.54;11280.08;4993.46;32420.939
2026-06-17T17:54:16.506020+02:00;standby;28.4;30.0;5.0;28.0;47.7;57.0;0;0;0;0;16273.54;11280.08;4993.46;32420.939
2026-06-17T17:55:17.012219+02:00;standby;28.4;30.0;5.0;28.0;47.7;57.0;0;0;0;0;16273.54;11280.08;4993.46;32420.939
2026-06-17T17:56:17.505076+02:00;standby;28.4;30.0;5.0;28.0;47.7;57.0;0;0;0;0;16273.54;11280.08;4993.46;32420.939
2026-06-17T17:57:18.062357+02:00;standby;28.4;30.0;5.0;28.0;47.7;57.0;0;0;0;0;16273.54;11280.08;4993.46;32420.939
2026-06-17T17:58:18.729781+02:00;standby;28.4;30.0;5.0;28.0;47.7;57.0;0;0;0;0;16273.54;11280.08;4993.46;32420.939
2026-06-17T17:59:19.200410+02:00;standby;28.4;30.0;5.0;28.0;47.7;57.0;0;0;0;0;16273.54;11280.08;4993.46;32420.939
2026-06-17T18:00:19.961432+02:00;standby;28.4;30.0;5.0;28.0;47.7;57.0;0;0;0;0;16273.54;11280.08;4993.46;32420.939
2026-06-17T18:01:20.508329+02:00;standby;28.4;29.9;5.0;28.0;47.6;57.0;0;0;0;0;16273.54;11280.08;4993.46;32420.939
2026-06-17T18:02:21.057441+02:00;standby;28.4;29.9;5.0;28.0;47.6;57.0;0;0;0;0;16273.54;11280.08;4993.46;32420.939
2026-06-17T18:03:21.855533+02:00;standby;28.4;29.9;5.0;28.0;47.6;57.0;0;0;0;0;16273.54;11280.08;4993.46;32420.939
2026-06-17T18:04:22.458814+02:00;standby;28.4;29.9;5.0;28.0;47.6;57.0;0;0;0;0;16273.54;11280.08;4993.46;32420.939
2026-06-17T18:05:23.023554+02:00;standby;28.4;29.9;5.0;28.0;47.6;57.0;0;0;0;0;16273.54;11280.08;4993.46;32420.939
2026-06-17T18:06:29.232943+02:00;standby;28.4;29.9;5.0;28.0;47.6;57.0;0;0;0;0;16273.54;11280.08;4993.46;32420.939
2026-06-17T18:07:29.769718+02:00;standby;28.4;29.9;5.0;28.0;47.6;57.0;0;0;0;0;16273.54;11280.08;4993.46;32420.939
2026-06-17T18:08:30.498283+02:00;standby;28.4;29.9;5.0;28.0;47.6;57.0;0;0;0;0;16273.54;11280.08;4993.46;32420.939
2026-06-17T18:09:31.663325+02:00;standby;28.4;29.7;5.0;28.0;47.5;57.0;0;0;0;0;16273.54;11280.08;4993.46;32420.939
2026-06-17T18:10:32.429229+02:00;standby;28.4;29.7;5.0;28.0;47.5;57.0;0;0;0;0;16273.54;11280.08;4993.46;32420.939
2026-06-17T18:11:32.997441+02:00;standby;28.4;29.7;5.0;28.0;47.5;57.0;0;0;0;0;16273.54;11280.08;4993.46;32420.939
2026-06-17T18:12:33.545626+02:00;standby;28.4;29.7;5.0;28.0;47.5;57.0;0;0;0;0;16273.54;11280.08;4993.46;32420.939
2026-06-17T18:13:34.273347+02:00;standby;28.4;29.7;5.0;28.0;47.5;57.0;0;0;0;0;16273.54;11280.08;4993.46;32420.939
2026-06-17T18:14:34.865647+02:00;standby;28.4;29.7;5.0;28.0;47.5;57.0;0;0;0;0;16273.54;11280.08;4993.46;32420.939
2026-06-17T18:15:35.382274+02:00;standby;28.4;29.7;5.0;28.0;47.5;57.0;0;0;0;0;16273.54;11280.08;4993.46;32420.939
2026-06-17T18:16:35.958266+02:00;standby;28.4;29.7;5.0;28.0;47.5;57.0;0;0;0;0;16273.54;11280.08;4993.46;32420.939
2026-06-17T18:17:36.522632+02:00;standby;28.4;29.6;5.0;28.0;47.4;57.0;0;0;0;0;16273.54;11280.08;4993.46;32420.939
2026-06-17T18:18:37.098770+02:00;standby;28.4;29.6;5.0;28.0;47.4;57.0;0;0;0;0;16273.54;11280.08;4993.46;32420.939
2026-06-17T18:19:37.742977+02:00;standby;28.4;29.6;5.0;28.0;47.4;57.0;0;0;0;0;16273.54;11280.08;4993.46;32420.939
2026-06-17T18:20:38.910497+02:00;standby;28.4;29.6;5.0;28.0;47.4;57.0;0;0;0;0;16273.54;11280.08;4993.46;32420.939
2026-06-17T18:21:39.439936+02:00;standby;28.4;29.6;5.0;28.0;47.4;57.0;0;0;0;0;16273.54;11280.08;4993.46;32420.939
2026-06-17T18:22:39.990339+02:00;standby;28.4;29.6;5.0;28.0;47.4;57.0;0;0;0;0;16273.54;11280.08;4993.46;32420.939
2026-06-17T18:23:40.517547+02:00;standby;28.4;29.6;5.0;28.0;47.4;57.0;0;0;0;0;16273.54;11280.08;4993.46;32420.939
2026-06-17T18:24:41.124279+02:00;standby;28.4;29.6;5.0;28.0;47.4;57.0;0;0;0;0;16273.54;11280.08;4993.46;32420.939
2026-06-17T18:25:41.781338+02:00;standby;28.4;29.6;5.0;28.0;47.3;57.0;0;0;0;0;16273.54;11280.08;4993.46;32420.939
2026-06-17T18:26:42.324297+02:00;standby;28.4;29.4;5.0;28.0;47.3;57.0;0;0;0;0;16273.54;11280.08;4993.46;32420.939
2026-06-17T18:27:42.893034+02:00;standby;28.4;29.4;5.0;28.0;47.3;57.0;0;0;0;0;16273.54;11280.08;4993.46;32420.939
2026-06-17T18:28:43.578620+02:00;standby;28.4;29.4;5.0;28.0;47.3;57.0;0;0;0;0;16273.54;11280.08;4993.46;32420.939
2026-06-17T18:29:44.198759+02:00;standby;28.4;29.4;5.0;28.0;47.3;57.0;0;0;0;0;16273.54;11280.08;4993.46;32420.939
2026-06-17T18:30:44.811956+02:00;standby;27.8;29.4;5.0;28.0;47.3;57.0;0;0;0;0;16273.54;11280.08;4993.46;32420.939
2026-06-17T18:31:45.666544+02:00;standby;27.8;29.4;5.0;28.0;47.3;57.0;0;0;0;0;16273.54;11280.08;4993.46;32420.939
2026-06-17T18:32:46.204551+02:00;standby;27.8;29.4;5.0;28.0;47.3;57.0;0;0;0;0;16273.54;11280.08;4993.46;32420.939
2026-06-17T18:33:47.409727+02:00;standby;27.8;29.4;5.0;28.0;47.3;57.0;0;0;0;0;16273.54;11280.08;4993.46;32420.939
2026-06-17T18:34:47.994900+02:00;standby;27.8;29.3;5.0;28.0;47.3;57.0;0;0;0;0;16273.54;11280.08;4993.46;32420.939
2026-06-17T18:35:48.971007+02:00;standby;27.8;29.3;5.0;28.0;47.2;57.0;0;0;0;0;16273.54;11280.08;4993.46;32420.939
2026-06-17T18:36:49.993760+02:00;standby;27.8;29.3;5.0;28.0;47.2;57.0;0;0;0;0;16273.54;11280.08;4993.46;32420.939
2026-06-17T18:37:50.642563+02:00;standby;27.8;29.3;5.0;28.0;47.2;57.0;0;0;0;0;16273.54;11280.08;4993.46;32420.939
2026-06-17T18:38:51.169231+02:00;standby;27.8;29.3;5.0;28.0;47.2;57.0;0;0;0;0;16273.54;11280.08;4993.46;32420.939
2026-06-17T18:39:51.763170+02:00;standby;27.8;29.3;5.0;28.0;47.2;57.0;0;0;0;0;16273.54;11280.08;4993.46;32420.939
2026-06-17T18:40:52.305790+02:00;standby;27.8;29.3;5.0;28.0;47.2;57.0;0;0;0;0;16273.54;11280.08;4993.46;32420.939
2026-06-17T18:41:52.829446+02:00;standby;27.8;29.3;5.0;28.0;47.2;57.0;0;0;0;0;16273.54;11280.08;4993.46;32420.939
2026-06-17T18:42:53.427462+02:00;standby;27.8;29.3;5.0;28.0;47.2;57.0;0;0;0;0;16273.54;11280.08;4993.46;32420.939
2026-06-17T18:43:53.999282+02:00;standby;27.8;29.3;5.0;28.0;47.2;57.0;0;0;0;0;16273.54;11280.08;4993.46;32420.939
2026-06-17T18:44:54.552481+02:00;standby;27.8;29.3;5.0;28.0;47.1;57.0;0;0;0;0;16273.54;11280.08;4993.46;32420.939
2026-06-17T18:45:55.108871+02:00;standby;27.8;29.2;5.0;28.0;47.1;57.0;0;0;0;0;16273.54;11280.08;4993.46;32420.939
2026-06-17T18:46:55.706297+02:00;standby;27.8;29.2;5.0;28.0;47.1;57.0;0;0;0;0;16273.54;11280.08;4993.46;32420.939
2026-06-17T18:47:56.330216+02:00;standby;27.8;29.2;5.0;28.0;47.1;57.0;0;0;0;0;16273.54;11280.08;4993.46;32420.939
2026-06-17T18:48:56.877441+02:00;standby;27.8;29.2;5.0;28.0;47.1;57.0;0;0;0;0;16273.54;11280.08;4993.46;32420.939
2026-06-17T18:49:57.392543+02:00;standby;27.8;29.2;5.0;28.0;47.1;57.0;0;0;0;0;16273.54;11280.08;4993.46;32420.939
2026-06-17T18:50:58.082924+02:00;standby;27.8;29.2;5.0;28.0;47.1;57.0;0;0;0;0;16273.54;11280.08;4993.46;32420.939
2026-06-17T18:51:58.630823+02:00;standby;27.8;29.2;5.0;28.0;47.1;57.0;0;0;0;0;16273.54;11280.08;4993.46;32420.939
2026-06-17T18:52:59.290124+02:00;standby;27.8;29.2;5.0;28.0;47.1;57.0;0;0;0;0;16273.54;11280.08;4993.46;32420.939
2026-06-17T18:53:59.959270+02:00;standby;27.8;29.0;5.0;28.0;47.0;57.0;0;0;0;0;16273.54;11280.08;4993.46;32420.939
2026-06-17T18:55:00.618896+02:00;standby;27.8;29.0;5.0;28.0;47.0;57.0;0;0;0;0;16273.54;11280.08;4993.46;32420.939
2026-06-17T18:56:01.230251+02:00;standby;27.8;29.0;5.0;28.0;47.0;57.0;0;0;0;0;16273.54;11280.08;4993.46;32420.939
2026-06-17T18:57:01.826177+02:00;standby;27.8;29.0;5.0;28.0;47.0;57.0;0;0;0;0;16273.54;11280.08;4993.46;32420.939
2026-06-17T18:58:02.370139+02:00;standby;27.8;29.0;5.0;28.0;47.0;57.0;0;0;0;0;16273.54;11280.08;4993.46;32420.939
2026-06-17T18:59:02.961844+02:00;standby;27.8;29.0;5.0;28.0;47.0;57.0;0;0;0;0;16273.54;11280.08;4993.46;32420.939
2026-06-17T19:00:03.613168+02:00;dhw;27.8;35.8;85.0;28.0;47.0;57.0;1;23;1;0;16273.57;11280.08;4993.49;32420.939
2026-06-17T19:00:15.399636+02:00;dhw;27.8;36.2;85.0;28.0;46.9;57.0;1;23;1;0;16273.57;11280.08;4993.5;32420.939
2026-06-17T19:00:26.031608+02:00;dhw;27.8;36.8;85.0;28.0;46.8;57.0;1;23;1;100;16273.58;11280.08;4993.51;32420.939
2026-06-17T19:00:37.093049+02:00;dhw;27.8;36.3;85.0;28.0;46.7;57.0;1;23;1;100;16273.59;11280.08;4993.52;32420.939
2026-06-17T19:00:47.747942+02:00;dhw;27.8;36.4;85.0;28.0;46.6;57.0;1;23;1;100;16273.6;11280.08;4993.52;32420.939
2026-06-17T19:00:58.407808+02:00;dhw;27.8;36.2;85.0;28.0;46.5;57.0;1;23;1;100;16273.61;11280.08;4993.53;32420.939
2026-06-17T19:01:09.879693+02:00;dhw;27.8;37.0;85.0;28.0;46.4;57.0;1;23;1;100;16273.62;11280.08;4993.54;32420.939
2026-06-17T19:01:20.718039+02:00;dhw;27.8;37.4;85.0;28.0;46.2;57.0;1;23;1;100;16273.63;11280.08;4993.55;32420.939
2026-06-17T19:01:31.363050+02:00;dhw;27.8;38.0;85.0;28.0;46.1;57.0;1;23;1;100;16273.64;11280.08;4993.56;32420.939
2026-06-17T19:01:42.012125+02:00;dhw;27.8;39.0;85.0;28.0;46.0;57.0;1;38;1;100;16273.65;11280.08;4993.58;32420.939
2026-06-17T19:01:52.773595+02:00;dhw;27.8;41.2;85.0;28.0;45.9;57.0;1;53;1;100;16273.68;11280.08;4993.6;32420.939
2026-06-17T19:02:03.396281+02:00;dhw;27.8;42.9;85.0;28.0;45.7;57.0;1;63;1;100;16273.7;11280.08;4993.62;32420.939
2026-06-17T19:02:14.062999+02:00;dhw;27.8;45.0;85.0;28.0;45.6;57.0;1;75;1;100;16273.73;11280.08;4993.65;32420.939
2026-06-17T19:02:25.511215+02:00;dhw;27.8;47.1;85.0;28.0;45.5;57.0;1;86;1;100;16273.76;11280.08;4993.68;32420.939
2026-06-17T19:02:36.220061+02:00;dhw;27.8;49.0;85.0;28.0;45.4;57.0;1;96;1;100;16273.79;11280.08;4993.71;32420.939
2026-06-17T19:02:47.299625+02:00;dhw;27.8;52.1;85.0;28.0;45.3;57.0;1;108;1;100;16273.84;11280.08;4993.76;32420.939
2026-06-17T19:02:57.995126+02:00;dhw;27.8;54.0;85.0;28.0;45.3;57.0;1;108;1;100;16273.87;11280.08;4993.8;32420.939
2026-06-17T19:03:08.822476+02:00;dhw;27.8;55.8;85.0;28.0;45.2;57.0;1;108;1;100;16273.91;11280.08;4993.83;32420.939
2026-06-17T19:03:19.397010+02:00;dhw;27.8;58.0;85.0;28.0;45.2;57.0;1;108;1;100;16273.96;11280.08;4993.88;32420.939
2026-06-17T19:03:30.038625+02:00;dhw;27.8;60.1;85.0;28.0;45.1;57.0;1;108;1;100;16274.01;11280.08;4993.93;32420.939
2026-06-17T19:03:40.867427+02:00;dhw;27.8;62.0;85.0;28.0;45.1;57.0;1;108;1;100;16274.06;11280.08;4993.99;32420.939
2026-06-17T19:03:52.045697+02:00;dhw;27.8;63.0;85.0;28.0;45.2;57.0;1;108;1;100;16274.1;11280.08;4994.02;32420.939
2026-06-17T19:04:03.280516+02:00;dhw;27.8;64.5;85.0;28.0;45.3;57.0;1;108;1;100;16274.16;11280.08;4994.08;32420.939
2026-06-17T19:04:13.873227+02:00;dhw;27.8;65.4;85.0;28.0;45.3;57.0;1;108;1;100;16274.2;11280.08;4994.12;32420.939
2026-06-17T19:04:24.543457+02:00;dhw;27.8;66.2;85.0;28.0;45.4;57.0;1;108;1;100;16274.24;11280.08;4994.17;32420.939
2026-06-17T19:04:35.245414+02:00;dhw;27.8;67.0;85.0;28.0;45.6;57.0;1;108;1;100;16274.29;11280.08;4994.21;32420.939
2026-06-17T19:04:45.861853+02:00;dhw;27.8;67.5;85.0;28.0;45.7;57.0;1;108;1;100;16274.33;11280.08;4994.25;32420.939
2026-06-17T19:04:56.585202+02:00;dhw;27.8;68.0;85.0;28.0;45.8;57.0;1;108;1;100;16274.37;11280.08;4994.29;32420.939
2026-06-17T19:05:07.344752+02:00;dhw;27.8;68.5;85.0;28.0;46.0;57.0;1;108;1;100;16274.41;11280.08;4994.33;32421.039
2026-06-17T19:05:18.506256+02:00;dhw;27.8;69.1;85.0;28.0;46.1;57.0;1;108;1;100;16274.46;11280.08;4994.38;32421.039
2026-06-17T19:05:29.177845+02:00;dhw;27.8;69.4;85.0;28.0;46.3;57.0;1;108;1;100;16274.49;11280.08;4994.42;32421.039
2026-06-17T19:05:40.098107+02:00;dhw;27.8;70.0;85.0;28.0;46.5;57.0;1;108;1;100;16274.56;11280.08;4994.48;32421.039
2026-06-17T19:05:50.927242+02:00;dhw;27.8;70.2;85.0;28.0;46.7;57.0;1;108;1;100;16274.58;11280.08;4994.5;32421.039
2026-06-17T19:06:01.612661+02:00;dhw;27.8;70.4;85.0;28.0;46.9;57.0;1;108;1;100;16274.62;11280.08;4994.54;32421.039
2026-06-17T19:06:12.266005+02:00;dhw;27.8;71.1;85.0;28.0;47.3;57.0;1;108;1;100;16274.7;11280.08;4994.63;32421.039
2026-06-17T19:06:22.909897+02:00;dhw;27.8;71.4;85.0;28.0;47.5;57.0;1;108;1;100;16274.75;11280.08;4994.67;32421.039
2026-06-17T19:06:33.548700+02:00;dhw;27.8;71.6;85.0;28.0;47.7;57.0;1;108;1;100;16274.79;11280.08;4994.71;32421.039
2026-06-17T19:06:44.403756+02:00;dhw;27.8;72.1;85.0;28.0;47.9;57.0;1;108;1;100;16274.83;11280.08;4994.76;32421.039
2026-06-17T19:06:55.381748+02:00;dhw;27.8;72.2;85.0;28.0;48.1;57.0;1;108;1;100;16274.87;11280.08;4994.79;32421.039
2026-06-17T19:07:06.016585+02:00;dhw;27.8;72.5;85.0;28.0;48.5;57.0;1;108;1;100;16274.91;11280.08;4994.84;32421.039
2026-06-17T19:07:16.937526+02:00;dhw;27.8;72.7;85.0;28.0;48.7;57.0;1;108;1;100;16274.96;11280.08;4994.88;32421.039
2026-06-17T19:07:27.939266+02:00;dhw;27.8;73.0;85.0;28.0;48.9;57.0;1;108;1;100;16275.0;11280.08;4994.92;32421.039
2026-06-17T19:07:38.591518+02:00;dhw;27.8;73.3;85.0;28.0;49.1;57.0;1;108;1;100;16275.04;11280.08;4994.96;32421.039
2026-06-17T19:07:49.223654+02:00;dhw;27.8;73.6;85.0;28.0;49.4;57.0;1;108;1;100;16275.08;11280.08;4995.0;32421.039
2026-06-17T19:07:59.992067+02:00;dhw;27.8;74.0;85.0;28.0;49.6;57.0;1;108;1;100;16275.15;11280.08;4995.07;32421.039
2026-06-17T19:08:11.925728+02:00;dhw;27.8;74.0;85.0;28.0;49.8;57.0;1;108;1;100;16275.16;11280.08;4995.09;32421.039
2026-06-17T19:08:22.766989+02:00;dhw;27.8;74.6;85.0;28.0;50.3;57.0;1;108;1;100;16275.25;11280.08;4995.17;32421.039
2026-06-17T19:08:33.463641+02:00;dhw;27.8;74.8;85.0;28.0;50.5;57.0;1;108;1;100;16275.29;11280.08;4995.21;32421.039
2026-06-17T19:08:44.110959+02:00;dhw;27.8;75.1;85.0;28.0;50.7;57.0;1;108;1;100;16275.33;11280.08;4995.25;32421.039
2026-06-17T19:08:54.775038+02:00;dhw;27.8;75.4;85.0;28.0;50.9;57.0;1;108;1;100;16275.37;11280.08;4995.3;32421.039
2026-06-17T19:09:05.702312+02:00;dhw;27.8;75.5;85.0;28.0;51.3;57.0;1;108;1;100;16275.42;11280.08;4995.34;32421.039
2026-06-17T19:09:16.369642+02:00;dhw;27.8;75.8;85.0;28.0;51.5;57.0;1;108;1;100;16275.46;11280.08;4995.38;32421.139
2026-06-17T19:09:29.396001+02:00;dhw;27.8;76.1;85.0;28.0;51.7;57.0;1;108;1;100;16275.5;11280.08;4995.43;32421.139
2026-06-17T19:09:40.036941+02:00;dhw;27.8;76.2;85.0;28.0;51.9;57.0;1;108;1;100;16275.54;11280.08;4995.47;32421.139
2026-06-17T19:09:50.977482+02:00;dhw;27.8;76.5;85.0;28.0;52.2;57.0;1;108;1;100;16275.58;11280.08;4995.51;32421.139
2026-06-17T19:10:01.536806+02:00;dhw;27.8;77.0;85.0;28.0;52.2;57.0;1;108;1;100;16275.67;11280.08;4995.59;32421.139
2026-06-17T19:10:12.197336+02:00;dhw;27.8;77.1;85.0;28.0;52.6;57.0;1;108;1;100;16275.71;11280.08;4995.63;32421.139
2026-06-17T19:10:22.952133+02:00;dhw;27.8;77.4;85.0;28.0;52.8;57.0;1;108;1;100;16275.75;11280.08;4995.68;32421.139
2026-06-17T19:10:33.822027+02:00;dhw;27.8;77.6;85.0;28.0;52.9;57.0;1;108;1;100;16275.79;11280.08;4995.72;32421.139
2026-06-17T19:10:44.442873+02:00;dhw;27.8;77.9;85.0;28.0;53.2;57.0;1;108;1;100;16275.83;11280.08;4995.76;32421.139
2026-06-17T19:10:55.293866+02:00;dhw;27.8;78.0;85.0;28.0;53.3;57.0;1;108;1;100;16275.88;11280.08;4995.8;32421.139
2026-06-17T19:11:05.911178+02:00;dhw;27.8;78.3;85.0;28.0;53.5;57.0;1;108;1;100;16275.92;11280.08;4995.84;32421.139
2026-06-17T19:11:16.599230+02:00;dhw;27.8;78.5;85.0;28.0;53.6;57.0;1;108;1;100;16275.96;11280.08;4995.88;32421.139
2026-06-17T19:11:27.347433+02:00;dhw;27.8;78.6;85.0;28.0;53.8;57.0;1;108;1;100;16276.0;11280.08;4995.92;32421.139
2026-06-17T19:11:38.047645+02:00;dhw;27.8;79.0;85.0;28.0;53.9;57.0;1;108;1;100;16276.04;11280.08;4995.97;32421.139
2026-06-17T19:11:48.639888+02:00;dhw;27.8;79.1;85.0;28.0;54.0;57.0;1;108;1;100;16276.09;11280.08;4996.01;32421.139
2026-06-17T19:11:59.599196+02:00;dhw;27.8;79.5;85.0;28.0;54.2;57.0;1;108;1;100;16276.13;11280.08;4996.05;32421.139
2026-06-17T19:12:10.214538+02:00;dhw;27.8;79.6;85.0;28.0;54.5;57.0;1;108;1;100;16276.17;11280.08;4996.09;32421.139
2026-06-17T19:12:20.868893+02:00;dhw;27.8;79.8;85.0;28.0;54.6;57.0;1;108;1;100;16276.21;11280.08;4996.13;32421.139
2026-06-17T19:12:31.862635+02:00;dhw;27.8;80.3;85.0;28.0;54.8;57.0;1;108;1;100;16276.3;11280.08;4996.22;32421.139
2026-06-17T19:12:42.814889+02:00;dhw;27.8;80.4;85.0;28.0;54.9;57.0;1;108;1;100;16276.34;11280.08;4996.26;32421.139
2026-06-17T19:12:53.665053+02:00;dhw;27.8;80.6;85.0;28.0;55.1;57.0;1;108;1;100;16276.38;11280.08;4996.3;32421.139
2026-06-17T19:13:04.418094+02:00;dhw;27.8;80.9;85.0;28.0;55.3;57.0;1;108;1;100;16276.42;11280.08;4996.34;32421.139
2026-06-17T19:13:15.033053+02:00;dhw;27.8;81.1;85.0;28.0;55.4;57.0;1;108;1;100;16276.46;11280.08;4996.38;32421.238
2026-06-17T19:13:25.619416+02:00;dhw;27.8;81.2;85.0;28.0;55.5;57.0;1;108;1;100;16276.51;11280.08;4996.43;32421.238
2026-06-17T19:13:37.059825+02:00;dhw;27.8;81.4;85.0;28.0;55.7;57.0;1;108;1;100;16276.55;11280.08;4996.47;32421.238
2026-06-17T19:13:48.141886+02:00;dhw;27.8;81.7;85.0;28.0;55.8;57.0;1;108;1;100;16276.59;11280.08;4996.51;32421.238
2026-06-17T19:13:58.795411+02:00;dhw;27.8;82.0;85.0;28.0;55.9;57.0;1;108;1;100;16276.66;11280.08;4996.58;32421.238
2026-06-17T19:14:09.653889+02:00;dhw;27.8;82.0;85.0;28.0;56.1;57.0;1;108;1;100;16276.67;11280.08;4996.59;32421.238
2026-06-17T19:14:20.250168+02:00;dhw;27.8;82.2;85.0;28.0;56.3;57.0;1;108;1;100;16276.71;11280.08;4996.64;32421.238
2026-06-17T19:14:30.849045+02:00;dhw;27.8;82.7;85.0;28.0;56.5;57.0;1;108;1;100;16276.8;11280.08;4996.72;32421.238
2026-06-17T19:14:41.578153+02:00;dhw;27.8;82.8;85.0;28.0;56.6;57.0;1;108;1;100;16276.84;11280.08;4996.76;32421.238
2026-06-17T19:14:52.254393+02:00;dhw;27.8;83.0;85.0;28.0;56.7;57.0;1;108;1;100;16276.88;11280.08;4996.8;32421.238
2026-06-17T19:15:03.080348+02:00;dhw;27.8;83.2;85.0;28.0;56.9;57.0;1;108;1;100;16276.92;11280.08;4996.85;32421.238
2026-06-17T19:15:14.178550+02:00;standby;27.8;82.7;85.0;28.0;57.2;57.0;0;0;1;100;16276.94;11280.08;4996.86;32421.238
2026-06-17T19:15:25.122600+02:00;standby;27.8;81.8;85.0;28.0;57.4;57.0;0;0;1;10;16276.94;11280.08;4996.86;32421.238
2026-06-17T19:15:35.662584+02:00;standby;27.8;78.9;85.0;28.0;57.5;57.0;0;0;1;10;16276.94;11280.08;4996.86;32421.238
2026-06-17T19:15:47.003458+02:00;standby;27.8;75.9;85.0;28.0;57.7;57.0;0;0;1;10;16276.94;11280.08;4996.86;32421.238
2026-06-17T19:15:57.803181+02:00;standby;27.8;73.8;85.0;28.0;57.8;57.0;0;0;1;10;16276.94;11280.08;4996.86;32421.238
2026-06-17T19:16:08.412474+02:00;standby;27.8;72.9;5.0;28.0;57.9;57.0;0;0;1;10;16276.94;11280.08;4996.86;32421.238
2026-06-17T19:17:09.030611+02:00;standby;27.8;65.9;5.0;28.0;58.5;57.0;0;0;1;10;16276.94;11280.08;4996.86;32421.238
2026-06-17T19:18:09.642237+02:00;standby;27.8;62.1;5.0;28.0;59.1;57.0;0;0;0;10;16276.94;11280.08;4996.86;32421.238
2026-06-17T19:19:10.207660+02:00;standby;27.8;63.1;5.0;28.0;59.3;57.0;0;0;0;0;16276.94;11280.08;4996.86;32421.238
2026-06-17T19:20:10.883948+02:00;standby;27.8;63.5;5.0;28.0;59.4;57.0;0;0;0;0;16276.94;11280.08;4996.86;32421.238
2026-06-17T19:21:11.406435+02:00;standby;27.8;63.6;5.0;28.0;59.5;57.0;0;0;0;0;16276.94;11280.08;4996.86;32421.238
2026-06-17T19:22:18.270384+02:00;standby;27.8;63.7;5.0;28.0;59.5;57.0;0;0;0;0;16276.94;11280.08;4996.86;32421.238
2026-06-17T19:23:19.042391+02:00;standby;27.8;63.7;5.0;28.0;59.5;57.0;0;0;0;0;16276.94;11280.08;4996.86;32421.238
2026-06-17T19:24:19.735602+02:00;standby;27.8;63.6;5.0;28.0;59.5;57.0;0;0;0;0;16276.94;11280.08;4996.86;32421.238
2026-06-17T19:25:20.381484+02:00;standby;27.8;63.5;5.0;28.0;59.5;57.0;0;0;0;0;16276.94;11280.08;4996.86;32421.238
2026-06-17T19:26:21.067480+02:00;standby;27.8;63.5;5.0;28.0;59.5;57.0;0;0;0;0;16276.94;11280.08;4996.86;32421.238
2026-06-17T19:27:22.130370+02:00;standby;27.8;63.4;5.0;28.0;59.5;57.0;0;0;0;0;16276.94;11280.08;4996.86;32421.238
2026-06-17T19:28:22.809882+02:00;standby;27.8;63.3;5.0;28.0;59.5;57.0;0;0;0;0;16276.94;11280.08;4996.86;32421.238
2026-06-17T19:29:23.851784+02:00;standby;27.8;63.1;5.0;28.0;59.5;57.0;0;0;0;0;16276.94;11280.08;4996.86;32421.238
2026-06-17T19:30:24.389473+02:00;standby;27.8;63.0;5.0;28.0;59.5;57.0;0;0;0;0;16276.94;11280.08;4996.86;32421.238
2026-06-17T19:31:25.027335+02:00;standby;27.6;62.9;5.0;28.0;59.5;57.0;0;0;0;0;16276.94;11280.08;4996.86;32421.238
2026-06-17T19:32:25.632299+02:00;standby;27.6;62.8;5.0;28.0;59.5;57.0;0;0;0;0;16276.94;11280.08;4996.86;32421.238
2026-06-17T19:33:26.387890+02:00;standby;27.6;62.6;5.0;28.0;59.5;57.0;0;0;0;0;16276.94;11280.08;4996.86;32421.238
2026-06-17T19:34:27.065505+02:00;standby;27.6;62.4;5.0;28.0;59.5;57.0;0;0;0;0;16276.94;11280.08;4996.86;32421.238
2026-06-17T19:35:27.637322+02:00;standby;27.6;62.3;5.0;28.0;59.5;57.0;0;0;0;0;16276.94;11280.08;4996.86;32421.238
2026-06-17T19:36:28.149910+02:00;standby;27.6;62.2;5.0;28.0;59.4;57.0;0;0;0;0;16276.94;11280.08;4996.86;32421.238
2026-06-17T19:37:29.064907+02:00;standby;27.6;62.1;5.0;28.0;59.4;57.0;0;0;0;0;16276.94;11280.08;4996.86;32421.238
2026-06-17T19:38:29.752587+02:00;standby;27.6;61.9;5.0;28.0;59.4;57.0;0;0;0;0;16276.94;11280.08;4996.86;32421.238
2026-06-17T19:39:30.210463+02:00;standby;27.6;61.7;5.0;28.0;59.4;57.0;0;0;0;0;16276.94;11280.08;4996.86;32421.238
2026-06-17T19:40:30.784037+02:00;standby;27.6;61.6;5.0;28.0;59.4;57.0;0;0;0;0;16276.94;11280.08;4996.86;32421.238
2026-06-17T19:41:31.357413+02:00;standby;27.6;61.5;5.0;28.0;59.4;57.0;0;0;0;0;16276.94;11280.08;4996.86;32421.238
2026-06-17T19:42:31.946078+02:00;standby;27.6;61.4;5.0;28.0;59.4;57.0;0;0;0;0;16276.94;11280.08;4996.86;32421.238
2026-06-17T19:43:32.484577+02:00;standby;27.6;61.3;5.0;28.0;59.4;57.0;0;0;0;0;16276.94;11280.08;4996.86;32421.238
2026-06-17T19:44:33.188438+02:00;standby;27.6;61.0;5.0;28.0;59.4;57.0;0;0;0;0;16276.94;11280.08;4996.86;32421.238
2026-06-17T19:45:33.730869+02:00;standby;27.6;60.9;5.0;28.0;59.4;57.0;0;0;0;0;16276.94;11280.08;4996.86;32421.238
2026-06-17T19:46:34.254043+02:00;standby;27.6;60.8;5.0;28.0;59.4;57.0;0;0;0;0;16276.94;11280.08;4996.86;32421.238
2026-06-17T19:47:34.744057+02:00;standby;27.6;60.6;5.0;28.0;59.4;57.0;0;0;0;0;16276.94;11280.08;4996.86;32421.238
2026-06-17T19:48:35.287870+02:00;standby;27.6;60.5;5.0;28.0;59.4;57.0;0;0;0;0;16276.94;11280.08;4996.86;32421.238
2026-06-17T19:49:35.772568+02:00;standby;27.6;60.3;5.0;28.0;59.3;57.0;0;0;0;0;16276.94;11280.08;4996.86;32421.238
2026-06-17T19:50:36.292721+02:00;standby;27.6;60.2;5.0;28.0;59.3;57.0;0;0;0;0;16276.94;11280.08;4996.86;32421.238
2026-06-17T19:51:37.025962+02:00;standby;27.6;60.0;5.0;28.0;59.3;57.0;0;0;0;0;16276.94;11280.08;4996.86;32421.238
2026-06-17T19:52:37.551564+02:00;standby;27.6;59.9;5.0;28.0;59.3;57.0;0;0;0;0;16276.94;11280.08;4996.86;32421.238
2026-06-17T19:53:38.092861+02:00;standby;27.6;59.8;5.0;28.0;59.3;57.0;0;0;0;0;16276.94;11280.08;4996.86;32421.238
2026-06-17T19:54:38.619020+02:00;standby;27.6;59.7;5.0;28.0;59.3;57.0;0;0;0;0;16276.94;11280.08;4996.86;32421.238
2026-06-17T19:55:39.129544+02:00;standby;27.6;59.4;5.0;28.0;59.3;57.0;0;0;0;0;16276.94;11280.08;4996.86;32421.238
2026-06-17T19:56:39.611770+02:00;standby;27.6;59.3;5.0;28.0;59.3;57.0;0;0;0;0;16276.94;11280.08;4996.86;32421.238
2026-06-17T19:57:41.421121+02:00;standby;27.6;59.1;5.0;28.0;59.3;57.0;0;0;0;0;16276.94;11280.08;4996.86;32421.238
2026-06-17T19:58:42.033183+02:00;standby;27.6;59.0;5.0;28.0;59.3;57.0;0;0;0;0;16276.94;11280.08;4996.86;32421.238
2026-06-17T19:59:42.840716+02:00;standby;27.6;58.9;5.0;28.0;59.3;57.0;0;0;0;0;16276.94;11280.08;4996.86;32421.238
2026-06-17T20:00:43.774406+02:00;standby;27.6;58.6;5.0;28.0;59.3;57.0;0;0;0;0;16276.94;11280.08;4996.86;32421.238
2026-06-17T20:01:44.297351+02:00;standby;27.6;58.5;5.0;28.0;59.2;57.0;0;0;0;0;16276.94;11280.08;4996.86;32421.238
2026-06-17T20:02:44.766837+02:00;standby;27.6;58.4;5.0;28.0;59.2;57.0;0;0;0;0;16276.94;11280.08;4996.86;32421.238
2026-06-17T20:03:45.330276+02:00;standby;27.6;58.3;5.0;28.0;59.2;57.0;0;0;0;0;16276.94;11280.08;4996.86;32421.238
2026-06-17T20:04:45.813656+02:00;standby;27.6;58.1;5.0;28.0;59.2;57.0;0;0;0;0;16276.94;11280.08;4996.86;32421.238
2026-06-17T20:05:46.654504+02:00;standby;27.6;58.0;5.0;28.0;59.2;57.0;0;0;0;0;16276.94;11280.08;4996.86;32421.238
2026-06-17T20:06:47.429479+02:00;standby;27.6;57.8;5.0;28.0;59.2;57.0;0;0;0;0;16276.94;11280.08;4996.86;32421.238
2026-06-17T20:07:47.894978+02:00;standby;27.6;57.6;5.0;28.0;59.2;57.0;0;0;0;0;16276.94;11280.08;4996.86;32421.238
2026-06-17T20:08:48.417214+02:00;standby;27.6;57.5;5.0;28.0;59.2;57.0;0;0;0;0;16276.94;11280.08;4996.86;32421.238
2026-06-17T20:09:49.029008+02:00;standby;27.6;57.4;5.0;28.0;59.2;57.0;0;0;0;0;16276.94;11280.08;4996.86;32421.238
2026-06-17T20:10:50.114568+02:00;standby;27.6;57.2;5.0;28.0;59.2;57.0;0;0;0;0;16276.94;11280.08;4996.86;32421.238
2026-06-17T20:11:50.579708+02:00;standby;27.6;57.0;5.0;28.0;59.2;57.0;0;0;0;0;16276.94;11280.08;4996.86;32421.238
2026-06-17T20:12:51.194584+02:00;standby;27.6;56.9;5.0;28.0;59.2;57.0;0;0;0;0;16276.94;11280.08;4996.86;32421.238
2026-06-17T20:13:52.263251+02:00;standby;27.6;56.7;5.0;28.0;59.1;57.0;0;0;0;0;16276.94;11280.08;4996.86;32421.238
2026-06-17T20:14:53.168084+02:00;standby;27.6;56.6;5.0;28.0;59.1;57.0;0;0;0;0;16276.94;11280.08;4996.86;32421.238
2026-06-17T20:15:53.935926+02:00;standby;27.6;56.5;5.0;28.0;59.1;57.0;0;0;0;0;16276.94;11280.08;4996.86;32421.238
2026-06-17T20:16:54.750648+02:00;standby;27.6;56.2;5.0;28.0;59.1;57.0;0;0;0;0;16276.94;11280.08;4996.86;32421.238
2026-06-17T20:17:55.240848+02:00;standby;27.6;56.1;5.0;28.0;59.1;57.0;0;0;0;0;16276.94;11280.08;4996.86;32421.238
2026-06-17T20:18:56.071201+02:00;standby;27.6;56.0;5.0;28.0;59.1;57.0;0;0;0;0;16276.94;11280.08;4996.86;32421.238
2026-06-17T20:19:56.814920+02:00;standby;27.6;55.8;5.0;28.0;59.1;57.0;0;0;0;0;16276.94;11280.08;4996.86;32421.238
2026-06-17T20:20:57.302816+02:00;standby;27.6;55.7;5.0;28.0;59.1;57.0;0;0;0;0;16276.94;11280.08;4996.86;32421.238
2026-06-17T20:21:57.762569+02:00;standby;27.6;55.6;5.0;28.0;59.1;57.0;0;0;0;0;16276.94;11280.08;4996.86;32421.238
2026-06-17T20:22:58.366483+02:00;standby;27.6;55.5;5.0;28.0;59.1;57.0;0;0;0;0;16276.94;11280.08;4996.86;32421.238
2026-06-17T20:23:59.521789+02:00;standby;27.6;55.2;5.0;28.0;58.9;57.0;0;0;0;0;16276.94;11280.08;4996.86;32421.238
2026-06-17T20:25:00.047075+02:00;standby;27.6;55.1;5.0;28.0;58.9;57.0;0;0;0;0;16276.94;11280.08;4996.86;32421.238
2026-06-17T20:26:00.664751+02:00;standby;27.6;55.0;5.0;28.0;58.9;57.0;0;0;0;0;16276.94;11280.08;4996.86;32421.238
2026-06-17T20:27:01.273068+02:00;standby;27.6;54.9;5.0;28.0;58.9;57.0;0;0;0;0;16276.94;11280.08;4996.86;32421.238
2026-06-17T20:28:01.802854+02:00;standby;27.6;54.7;5.0;28.0;58.9;57.0;0;0;0;0;16276.94;11280.08;4996.86;32421.238
2026-06-17T20:29:02.372897+02:00;standby;27.6;54.6;5.0;28.0;58.9;57.0;0;0;0;0;16276.94;11280.08;4996.86;32421.238
2026-06-17T20:30:02.904382+02:00;standby;27.6;54.4;5.0;28.0;58.9;57.0;0;0;0;0;16276.94;11280.08;4996.86;32421.238
2026-06-17T20:31:03.836901+02:00;standby;27.6;54.3;5.0;28.0;58.9;57.0;0;0;0;0;16276.94;11280.08;4996.86;32421.238
2026-06-17T20:32:04.380156+02:00;standby;26.6;54.1;5.0;28.0;58.9;57.0;0;0;0;0;16276.94;11280.08;4996.86;32421.238
2026-06-17T20:33:05.097892+02:00;standby;26.6;54.0;5.0;28.0;58.9;57.0;0;0;0;0;16276.94;11280.08;4996.86;32421.238
2026-06-17T20:34:06.141655+02:00;standby;26.6;53.9;5.0;28.0;58.9;57.0;0;0;0;0;16276.94;11280.08;4996.86;32421.238
2026-06-17T20:35:07.061615+02:00;standby;26.6;53.8;5.0;28.0;58.9;57.0;0;0;0;0;16276.94;11280.08;4996.86;32421.238
2026-06-17T20:36:07.555853+02:00;standby;26.6;53.6;5.0;28.0;58.9;57.0;0;0;0;0;16276.94;11280.08;4996.86;32421.238
2026-06-17T20:37:08.198047+02:00;standby;26.6;53.4;5.0;28.0;58.8;57.0;0;0;0;0;16276.94;11280.08;4996.86;32421.238
2026-06-17T20:38:08.727507+02:00;standby;26.6;53.3;5.0;28.0;58.8;57.0;0;0;0;0;16276.94;11280.08;4996.86;32421.238
2026-06-17T20:39:09.761536+02:00;standby;26.6;53.2;5.0;28.0;58.8;57.0;0;0;0;0;16276.94;11280.08;4996.86;32421.238
2026-06-17T20:40:10.350013+02:00;standby;26.6;53.1;5.0;28.0;58.8;57.0;0;0;0;0;16276.94;11280.08;4996.86;32421.238
2026-06-17T20:41:10.999717+02:00;standby;26.6;52.9;5.0;28.0;58.8;57.0;0;0;0;0;16276.94;11280.08;4996.86;32421.238
2026-06-17T20:42:12.754520+02:00;standby;26.6;52.8;5.0;28.0;58.8;57.0;0;0;0;0;16276.94;11280.08;4996.86;32421.238
2026-06-17T20:43:13.263008+02:00;standby;26.6;52.7;5.0;28.0;58.8;57.0;0;0;0;0;16276.94;11280.08;4996.86;32421.238
2026-06-17T20:44:13.782146+02:00;standby;26.6;52.6;5.0;28.0;58.8;57.0;0;0;0;0;16276.94;11280.08;4996.86;32421.238
2026-06-17T20:45:14.276892+02:00;standby;26.6;52.3;5.0;28.0;58.8;57.0;0;0;0;0;16276.94;11280.08;4996.86;32421.238
2026-06-17T20:46:14.925577+02:00;standby;26.6;52.2;5.0;28.0;58.8;57.0;0;0;0;0;16276.94;11280.08;4996.86;32421.238
2026-06-17T20:47:15.439429+02:00;standby;26.6;52.1;5.0;28.0;58.8;57.0;0;0;0;0;16276.94;11280.08;4996.86;32421.238
2026-06-17T20:48:15.974168+02:00;standby;26.6;52.0;5.0;28.0;58.8;57.0;0;0;0;0;16276.94;11280.08;4996.86;32421.238
2026-06-17T20:49:16.448910+02:00;standby;26.6;51.9;5.0;28.0;58.8;57.0;0;0;0;0;16276.94;11280.08;4996.86;32421.238
2026-06-17T20:50:17.113770+02:00;standby;26.6;51.8;5.0;28.0;58.8;57.0;0;0;0;0;16276.94;11280.08;4996.86;32421.238
2026-06-17T20:51:17.597764+02:00;standby;26.6;51.7;5.0;28.0;58.7;57.0;0;0;0;0;16276.94;11280.08;4996.86;32421.238
2026-06-17T20:52:18.105138+02:00;standby;26.6;51.4;5.0;28.0;58.7;57.0;0;0;0;0;16276.94;11280.08;4996.86;32421.238
2026-06-17T20:53:18.670408+02:00;standby;26.6;51.3;5.0;28.0;58.7;57.0;0;0;0;0;16276.94;11280.08;4996.86;32421.238
2026-06-17T20:54:19.145088+02:00;standby;26.6;51.2;5.0;28.0;58.7;57.0;0;0;0;0;16276.94;11280.08;4996.86;32421.238
2026-06-17T20:55:19.831525+02:00;standby;26.6;51.1;5.0;28.0;58.7;57.0;0;0;0;0;16276.94;11280.08;4996.86;32421.238
2026-06-17T20:56:20.330796+02:00;standby;26.6;51.0;5.0;28.0;58.7;57.0;0;0;0;0;16276.94;11280.08;4996.86;32421.238
2026-06-17T20:57:20.867340+02:00;standby;26.6;50.9;5.0;28.0;58.7;57.0;0;0;0;0;16276.94;11280.08;4996.86;32421.238
2026-06-17T20:58:21.364895+02:00;standby;26.6;50.8;5.0;28.0;58.7;57.0;0;0;0;0;16276.94;11280.08;4996.86;32421.238
2026-06-17T20:59:22.196808+02:00;standby;26.6;50.7;5.0;28.0;58.7;57.0;0;0;0;0;16276.94;11280.08;4996.86;32421.238
2026-06-17T21:00:22.705529+02:00;standby;26.6;50.6;5.0;28.0;58.7;57.0;0;0;0;0;16276.94;11280.08;4996.86;32421.238
2026-06-17T21:01:23.229321+02:00;standby;26.6;50.4;5.0;28.0;58.7;57.0;0;0;0;0;16276.94;11280.08;4996.86;32421.238
2026-06-17T21:02:27.862331+02:00;standby;26.6;50.2;5.0;28.0;58.7;57.0;0;0;0;0;16276.94;11280.08;4996.86;32421.238
2026-06-17T21:03:28.372607+02:00;standby;26.6;50.1;5.0;28.0;58.7;57.0;0;0;0;0;16276.94;11280.08;4996.86;32421.238
2026-06-17T21:04:28.946269+02:00;standby;26.6;50.0;5.0;28.0;58.6;57.0;0;0;0;0;16276.94;11280.08;4996.86;32421.238
2026-06-17T21:05:29.495112+02:00;standby;26.6;49.9;5.0;28.0;58.6;57.0;0;0;0;0;16276.94;11280.08;4996.86;32421.238
2026-06-17T21:06:30.227419+02:00;standby;26.6;49.8;5.0;28.0;58.6;57.0;0;0;0;0;16276.94;11280.08;4996.86;32421.238
2026-06-17T21:07:30.710132+02:00;standby;26.6;49.7;5.0;28.0;58.6;57.0;0;0;0;0;16276.94;11280.08;4996.86;32421.238
2026-06-17T21:08:31.287482+02:00;standby;26.6;49.5;5.0;28.0;58.6;57.0;0;0;0;0;16276.94;11280.08;4996.86;32421.238
2026-06-17T21:09:31.846593+02:00;standby;26.6;49.4;5.0;28.0;58.6;57.0;0;0;0;0;16276.94;11280.08;4996.86;32421.238
2026-06-17T21:10:32.586581+02:00;standby;26.6;49.3;5.0;28.0;58.6;57.0;0;0;0;0;16276.94;11280.08;4996.86;32421.238
2026-06-17T21:11:33.226241+02:00;standby;26.6;49.2;5.0;28.0;58.6;57.0;0;0;0;0;16276.94;11280.08;4996.86;32421.238
2026-06-17T21:12:33.743612+02:00;standby;26.6;49.1;5.0;28.0;58.6;57.0;0;0;0;0;16276.94;11280.08;4996.86;32421.238
2026-06-17T21:13:34.590207+02:00;standby;26.6;49.0;5.0;28.0;58.6;57.0;0;0;0;0;16276.94;11280.08;4996.86;32421.238
2026-06-17T21:14:36.532473+02:00;standby;26.6;48.9;5.0;28.0;58.6;57.0;0;0;0;0;16276.94;11280.08;4996.86;32421.238
2026-06-17T21:15:37.673091+02:00;standby;26.6;48.7;5.0;28.0;58.6;57.0;0;0;0;0;16276.94;11280.08;4996.86;32421.238
2026-06-17T21:16:38.179913+02:00;standby;26.6;48.6;5.0;28.0;58.6;57.0;0;0;0;0;16276.94;11280.08;4996.86;32421.238
2026-06-17T21:17:39.036922+02:00;standby;26.6;48.5;5.0;28.0;58.5;57.0;0;0;0;0;16276.94;11280.08;4996.86;32421.238
2026-06-17T21:18:39.749264+02:00;standby;26.6;48.4;5.0;28.0;58.5;57.0;0;0;0;0;16276.94;11280.08;4996.86;32421.238
2026-06-17T21:19:40.424388+02:00;standby;26.6;48.4;5.0;28.0;58.6;57.0;0;0;0;0;16276.94;11280.08;4996.86;32421.238
2026-06-17T21:20:40.938290+02:00;standby;26.6;48.2;5.0;28.0;58.5;57.0;0;0;0;0;16276.94;11280.08;4996.86;32421.238
2026-06-17T21:21:41.494187+02:00;standby;26.6;48.1;5.0;28.0;58.5;57.0;0;0;0;0;16276.94;11280.08;4996.86;32421.238
2026-06-17T21:22:42.009313+02:00;standby;26.6;48.0;5.0;28.0;58.5;57.0;0;0;0;0;16276.94;11280.08;4996.86;32421.238
2026-06-17T21:23:42.734959+02:00;standby;26.6;48.0;5.0;28.0;58.5;57.0;0;0;0;0;16276.94;11280.08;4996.86;32421.238
2026-06-17T21:24:43.469033+02:00;standby;26.6;47.8;5.0;28.0;58.5;57.0;0;0;0;0;16276.94;11280.08;4996.86;32421.238
2026-06-17T21:25:44.100341+02:00;standby;26.6;47.7;5.0;28.0;58.5;57.0;0;0;0;0;16276.94;11280.08;4996.86;32421.238
2026-06-17T21:26:44.612581+02:00;standby;26.6;47.6;5.0;28.0;58.5;57.0;0;0;0;0;16276.94;11280.08;4996.86;32421.238
2026-06-17T21:27:45.974770+02:00;standby;26.6;47.5;5.0;28.0;58.5;57.0;0;0;0;0;16276.94;11280.08;4996.86;32421.238
2026-06-17T21:28:46.568791+02:00;standby;26.6;47.4;5.0;28.0;58.5;57.0;0;0;0;0;16276.94;11280.08;4996.86;32421.238
2026-06-17T21:29:47.298270+02:00;standby;26.6;47.3;5.0;28.0;58.5;57.0;0;0;0;0;16276.94;11280.08;4996.86;32421.238
2026-06-17T21:30:48.189093+02:00;standby;26.6;47.2;5.0;28.0;58.4;57.0;0;0;0;0;16276.94;11280.08;4996.86;32421.238
2026-06-17T21:31:48.742617+02:00;standby;26.6;47.0;5.0;28.0;58.4;57.0;0;0;0;0;16276.94;11280.08;4996.86;32421.238
2026-06-17T21:32:49.250784+02:00;standby;25.5;46.9;5.0;28.0;58.4;57.0;0;0;0;0;16276.94;11280.08;4996.86;32421.238
2026-06-17T21:33:50.155625+02:00;standby;25.5;46.8;5.0;28.0;58.4;57.0;0;0;0;0;16276.94;11280.08;4996.86;32421.238
2026-06-17T21:34:50.678792+02:00;standby;25.5;46.8;5.0;28.0;58.4;57.0;0;0;0;0;16276.94;11280.08;4996.86;32421.238
2026-06-17T21:35:51.424857+02:00;standby;25.5;46.7;5.0;28.0;58.4;57.0;0;0;0;0;16276.94;11280.08;4996.86;32421.238
2026-06-17T21:36:51.986483+02:00;standby;25.5;46.6;5.0;28.0;58.4;57.0;0;0;0;0;16276.94;11280.08;4996.86;32421.238
2026-06-17T21:37:52.474627+02:00;standby;25.5;46.5;5.0;28.0;58.4;57.0;0;0;0;0;16276.94;11280.08;4996.86;32421.238
2026-06-17T21:38:53.493018+02:00;standby;25.5;46.4;5.0;28.0;58.4;57.0;0;0;0;0;16276.94;11280.08;4996.86;32421.238
2026-06-17T21:39:54.122022+02:00;standby;25.5;46.2;5.0;28.0;58.4;57.0;0;0;0;0;16276.94;11280.08;4996.86;32421.238
2026-06-17T21:40:54.853567+02:00;standby;25.5;46.1;5.0;28.0;58.4;57.0;0;0;0;0;16276.94;11280.08;4996.86;32421.238
2026-06-17T21:41:55.486851+02:00;standby;25.5;46.1;5.0;28.0;58.4;57.0;0;0;0;0;16276.94;11280.08;4996.86;32421.238
2026-06-17T21:42:56.264825+02:00;standby;25.5;46.0;5.0;28.0;58.4;57.0;0;0;0;0;16276.94;11280.08;4996.86;32421.238
2026-06-17T21:43:56.782263+02:00;standby;25.5;45.9;5.0;28.0;58.3;57.0;0;0;0;0;16276.94;11280.08;4996.86;32421.238
2026-06-17T21:44:57.610262+02:00;standby;25.5;45.8;5.0;28.0;58.3;57.0;0;0;0;0;16276.94;11280.08;4996.86;32421.238
2026-06-17T21:45:58.234415+02:00;standby;25.5;45.7;5.0;28.0;58.3;57.0;0;0;0;0;16276.94;11280.08;4996.86;32421.238
2026-06-17T21:46:58.802186+02:00;standby;25.5;45.6;5.0;28.0;58.3;57.0;0;0;0;0;16276.94;11280.08;4996.86;32421.238
2026-06-17T21:47:59.473235+02:00;standby;25.5;45.6;5.0;28.0;58.3;57.0;0;0;0;0;16276.94;11280.08;4996.86;32421.238
2026-06-17T21:49:00.017255+02:00;standby;25.5;45.5;5.0;28.0;58.3;57.0;0;0;0;0;16276.94;11280.08;4996.86;32421.238
2026-06-17T21:50:00.965784+02:00;standby;25.5;45.3;5.0;28.0;58.3;57.0;0;0;0;0;16276.94;11280.08;4996.86;32421.238
2026-06-17T21:51:01.678400+02:00;standby;25.5;45.2;5.0;28.0;58.3;57.0;0;0;0;0;16276.94;11280.08;4996.86;32421.238
2026-06-17T21:52:02.424758+02:00;standby;25.5;45.1;5.0;28.0;58.3;57.0;0;0;0;0;16276.94;11280.08;4996.86;32421.238
2026-06-17T21:53:03.039232+02:00;standby;25.5;45.1;5.0;28.0;58.3;57.0;0;0;0;0;16276.94;11280.08;4996.86;32421.238
2026-06-17T21:54:03.601492+02:00;standby;25.5;45.0;5.0;28.0;58.3;57.0;0;0;0;0;16276.94;11280.08;4996.86;32421.238
2026-06-17T21:55:04.162341+02:00;standby;25.5;44.9;5.0;28.0;58.3;57.0;0;0;0;0;16276.94;11280.08;4996.86;32421.238
2026-06-17T21:56:04.696320+02:00;standby;25.5;44.8;5.0;28.0;58.2;57.0;0;0;0;0;16276.94;11280.08;4996.86;32421.238
2026-06-17T21:57:06.404996+02:00;standby;25.5;44.7;5.0;28.0;58.2;57.0;0;0;0;0;16276.94;11280.08;4996.86;32421.238
2026-06-17T21:58:07.070703+02:00;standby;25.5;44.7;5.0;28.0;58.2;57.0;0;0;0;0;16276.94;11280.08;4996.86;32421.238
2026-06-17T21:59:07.591820+02:00;standby;25.5;44.5;5.0;28.0;58.2;57.0;0;0;0;0;16276.94;11280.08;4996.86;32421.238
2026-06-17T22:00:08.421396+02:00;standby;25.5;44.4;5.0;28.0;58.2;57.0;0;0;0;0;16276.94;11280.08;4996.86;32421.238
2026-06-17T22:01:09.030696+02:00;standby;25.5;44.4;5.0;28.0;58.2;57.0;0;0;0;0;16276.94;11280.08;4996.86;32421.238
2026-06-17T22:02:09.478809+02:00;standby;25.5;44.3;5.0;28.0;58.2;57.0;0;0;0;0;16276.94;11280.08;4996.86;32421.238
2026-06-17T22:03:09.946879+02:00;standby;25.5;44.2;5.0;28.0;58.2;57.0;0;0;0;0;16276.94;11280.08;4996.86;32421.238
2026-06-17T22:04:10.694810+02:00;standby;25.5;44.1;5.0;28.0;58.2;57.0;0;0;0;0;16276.94;11280.08;4996.86;32421.238
2026-06-17T22:05:11.226013+02:00;standby;25.5;44.1;5.0;28.0;58.2;57.0;0;0;0;0;16276.94;11280.08;4996.86;32421.238
2026-06-17T22:06:12.022903+02:00;standby;25.5;44.0;5.0;28.0;58.2;57.0;0;0;0;0;16276.94;11280.08;4996.86;32421.238
2026-06-17T22:07:12.969939+02:00;standby;25.5;43.9;5.0;28.0;58.2;57.0;0;0;0;0;16276.94;11280.08;4996.86;32421.238
2026-06-17T22:08:13.548486+02:00;standby;25.5;43.7;5.0;28.0;58.2;57.0;0;0;0;0;16276.94;11280.08;4996.86;32421.238
2026-06-17T22:09:14.202301+02:00;standby;25.5;43.7;5.0;28.0;58.2;57.0;0;0;0;0;16276.94;11280.08;4996.86;32421.238
2026-06-17T22:10:15.304399+02:00;standby;25.5;43.6;5.0;28.0;58.1;57.0;0;0;0;0;16276.94;11280.08;4996.86;32421.238
2026-06-17T22:11:15.942775+02:00;standby;25.5;43.5;5.0;28.0;58.1;57.0;0;0;0;0;16276.94;11280.08;4996.86;32421.238
2026-06-17T22:12:16.445872+02:00;standby;25.5;43.5;5.0;28.0;58.1;57.0;0;0;0;0;16276.94;11280.08;4996.86;32421.238
2026-06-17T22:13:17.256516+02:00;standby;25.5;43.4;5.0;28.0;58.1;57.0;0;0;0;0;16276.94;11280.08;4996.86;32421.238
2026-06-17T22:14:18.032565+02:00;standby;25.5;43.3;5.0;28.0;58.1;57.0;0;0;0;0;16276.94;11280.08;4996.86;32421.238
2026-06-17T22:15:18.562474+02:00;standby;25.5;43.2;5.0;28.0;58.1;57.0;0;0;0;0;16276.94;11280.08;4996.86;32421.238
2026-06-17T22:16:19.056699+02:00;standby;25.5;43.2;5.0;28.0;58.1;57.0;0;0;0;0;16276.94;11280.08;4996.86;32421.238
2026-06-17T22:17:19.707049+02:00;standby;25.5;43.1;5.0;28.0;58.1;57.0;0;0;0;0;16276.94;11280.08;4996.86;32421.238
2026-06-17T22:18:20.164563+02:00;standby;25.5;43.0;5.0;28.0;58.1;57.0;0;0;0;0;16276.94;11280.08;4996.86;32421.238
2026-06-17T22:19:20.716206+02:00;standby;25.5;43.0;5.0;28.0;58.1;57.0;0;0;0;0;16276.94;11280.08;4996.86;32421.238
2026-06-17T22:20:21.236599+02:00;standby;25.5;42.8;5.0;28.0;58.1;57.0;0;0;0;0;16276.94;11280.08;4996.86;32421.238
2026-06-17T22:21:22.384252+02:00;standby;25.5;42.7;5.0;28.0;58.0;57.0;0;0;0;0;16276.94;11280.08;4996.86;32421.238
2026-06-17T22:22:22.966746+02:00;standby;25.5;42.7;5.0;28.0;58.0;57.0;0;0;0;0;16276.94;11280.08;4996.86;32421.238
2026-06-17T22:23:23.478698+02:00;standby;25.5;42.6;5.0;28.0;58.0;57.0;0;0;0;0;16276.94;11280.08;4996.86;32421.238
2026-06-17T22:24:24.536352+02:00;standby;25.5;42.5;5.0;28.0;58.0;57.0;0;0;0;0;16276.94;11280.08;4996.86;32421.238
2026-06-17T22:25:25.592033+02:00;standby;25.5;42.5;5.0;28.0;58.0;57.0;0;0;0;0;16276.94;11280.08;4996.86;32421.238
2026-06-17T22:26:26.202017+02:00;standby;25.5;42.4;5.0;28.0;58.0;57.0;0;0;0;0;16276.94;11280.08;4996.86;32421.238
2026-06-17T22:27:26.793901+02:00;standby;25.5;42.3;5.0;28.0;58.0;57.0;0;0;0;0;16276.94;11280.08;4996.86;32421.238
2026-06-17T22:28:27.345346+02:00;standby;25.5;42.3;5.0;28.0;58.0;57.0;0;0;0;0;16276.94;11280.08;4996.86;32421.238
2026-06-17T22:29:27.875327+02:00;standby;25.5;42.2;5.0;28.0;58.0;57.0;0;0;0;0;16276.94;11280.08;4996.86;32421.238
2026-06-17T22:30:28.472532+02:00;standby;25.5;42.2;5.0;28.0;58.0;57.0;0;0;0;0;16276.94;11280.08;4996.86;32421.238
2026-06-17T22:31:29.001373+02:00;standby;25.5;42.0;5.0;28.0;58.0;57.0;0;0;0;0;16276.94;11280.08;4996.86;32421.238
2026-06-17T22:32:29.625262+02:00;standby;25.5;41.9;5.0;28.0;58.0;57.0;0;0;0;0;16276.94;11280.08;4996.86;32421.238
2026-06-17T22:33:30.217536+02:00;standby;24.5;41.9;5.0;28.0;58.0;57.0;0;0;0;0;16276.94;11280.08;4996.86;32421.238
2026-06-17T22:34:30.754083+02:00;standby;24.5;41.8;5.0;28.0;57.9;57.0;0;0;0;0;16276.94;11280.08;4996.86;32421.238
2026-06-17T22:35:31.290002+02:00;standby;24.5;41.8;5.0;28.0;57.9;57.0;0;0;0;0;16276.94;11280.08;4996.86;32421.238
2026-06-17T22:36:32.259484+02:00;standby;24.5;41.7;5.0;28.0;57.9;57.0;0;0;0;0;16276.94;11280.08;4996.86;32421.238
2026-06-17T22:37:33.206354+02:00;standby;24.5;41.6;5.0;28.0;57.9;57.0;0;0;0;0;16276.94;11280.08;4996.86;32421.238
2026-06-17T22:38:33.682467+02:00;standby;24.5;41.6;5.0;28.0;57.9;57.0;0;0;0;0;16276.94;11280.08;4996.86;32421.238
2026-06-17T22:39:35.210017+02:00;standby;24.5;41.5;5.0;28.0;57.9;57.0;0;0;0;0;16276.94;11280.08;4996.86;32421.238
2026-06-17T22:40:35.743517+02:00;standby;24.5;41.4;5.0;28.0;57.9;57.0;0;0;0;0;16276.94;11280.08;4996.86;32421.238
2026-06-17T22:41:36.284990+02:00;standby;24.5;41.4;5.0;28.0;57.9;57.0;0;0;0;0;16276.94;11280.08;4996.86;32421.238
2026-06-17T22:42:36.765819+02:00;standby;24.5;41.2;5.0;28.0;57.9;57.0;0;0;0;0;16276.94;11280.08;4996.86;32421.238
2026-06-17T22:43:37.283539+02:00;standby;24.5;41.2;5.0;28.0;57.9;57.0;0;0;0;0;16276.94;11280.08;4996.86;32421.238
2026-06-17T22:44:37.813140+02:00;standby;24.5;41.1;5.0;28.0;57.9;57.0;0;0;0;0;16276.94;11280.08;4996.86;32421.238
2026-06-17T22:45:38.325513+02:00;standby;24.5;41.0;5.0;28.0;57.9;57.0;0;0;0;0;16276.94;11280.08;4996.86;32421.238
2026-06-17T22:46:38.946845+02:00;standby;24.5;41.0;5.0;28.0;57.8;57.0;0;0;0;0;16276.94;11280.08;4996.86;32421.238
2026-06-17T22:47:39.767228+02:00;standby;24.5;40.9;5.0;28.0;57.8;57.0;0;0;0;0;16276.94;11280.08;4996.86;32421.238
2026-06-17T22:48:40.292984+02:00;standby;24.5;40.9;5.0;28.0;57.8;57.0;0;0;0;0;16276.94;11280.08;4996.86;32421.238
2026-06-17T22:49:40.872095+02:00;standby;24.5;40.8;5.0;28.0;57.8;57.0;0;0;0;0;16276.94;11280.08;4996.86;32421.238
2026-06-17T22:50:41.446866+02:00;standby;24.5;40.7;5.0;28.0;57.8;57.0;0;0;0;0;16276.94;11280.08;4996.86;32421.238
2026-06-17T22:51:42.255116+02:00;standby;24.5;40.7;5.0;28.0;57.8;57.0;0;0;0;0;16276.94;11280.08;4996.86;32421.238
2026-06-17T22:52:42.781899+02:00;standby;24.5;40.6;5.0;28.0;57.8;57.0;0;0;0;0;16276.94;11280.08;4996.86;32421.238
2026-06-17T22:53:43.400252+02:00;standby;24.5;40.6;5.0;28.0;57.8;57.0;0;0;0;0;16276.94;11280.08;4996.86;32421.238
2026-06-17T22:54:43.887183+02:00;standby;24.5;40.5;5.0;28.0;57.8;57.0;0;0;0;0;16276.94;11280.08;4996.86;32421.238
2026-06-17T22:55:44.443464+02:00;standby;24.5;40.5;5.0;28.0;57.8;57.0;0;0;0;0;16276.94;11280.08;4996.86;32421.238
2026-06-17T22:56:45.782278+02:00;standby;24.5;40.3;5.0;28.0;57.8;57.0;0;0;0;0;16276.94;11280.08;4996.86;32421.238
2026-06-17T22:57:46.295378+02:00;standby;24.5;40.3;5.0;28.0;57.8;57.0;0;0;0;0;16276.94;11280.08;4996.86;32421.238
2026-06-17T22:58:47.420941+02:00;standby;24.5;40.2;5.0;28.0;57.8;57.0;0;0;0;0;16276.94;11280.08;4996.86;32421.238
2026-06-17T22:59:48.352796+02:00;standby;24.5;40.1;5.0;28.0;57.7;57.0;0;0;0;0;16276.94;11280.08;4996.86;32421.238
2026-06-17T23:00:48.884340+02:00;standby;24.5;40.1;5.0;28.0;57.7;57.0;0;0;0;0;16276.94;11280.08;4996.86;32421.238
2026-06-17T23:01:49.389161+02:00;standby;24.5;40.0;5.0;25.0;57.7;57.0;0;0;0;0;16276.94;11280.08;4996.86;32421.238
2026-06-17T23:02:50.331039+02:00;standby;24.5;40.0;5.0;25.0;57.7;57.0;0;0;0;0;16276.94;11280.08;4996.86;32421.238
2026-06-17T23:03:50.835939+02:00;standby;24.5;39.9;5.0;25.0;57.7;57.0;0;0;0;0;16276.94;11280.08;4996.86;32421.238
2026-06-17T23:04:51.561587+02:00;standby;24.5;39.9;5.0;25.0;57.7;57.0;0;0;0;0;16276.94;11280.08;4996.86;32421.238
2026-06-17T23:05:52.087198+02:00;standby;24.5;39.8;5.0;25.0;57.7;57.0;0;0;0;0;16276.94;11280.08;4996.86;32421.238
2026-06-17T23:06:52.597260+02:00;standby;24.5;39.8;5.0;25.0;57.7;57.0;0;0;0;0;16276.94;11280.08;4996.86;32421.238
2026-06-17T23:07:53.134337+02:00;standby;24.5;39.6;5.0;25.0;57.7;57.0;0;0;0;0;16276.94;11280.08;4996.86;32421.238
2026-06-17T23:08:53.612511+02:00;standby;24.5;39.6;5.0;25.0;57.7;57.0;0;0;0;0;16276.94;11280.08;4996.86;32421.238
2026-06-17T23:09:54.460970+02:00;standby;24.5;39.5;5.0;25.0;57.7;57.0;0;0;0;0;16276.94;11280.08;4996.86;32421.238
2026-06-17T23:10:54.994190+02:00;standby;24.5;39.5;5.0;25.0;57.6;57.0;0;0;0;0;16276.94;11280.08;4996.86;32421.238
2026-06-17T23:11:55.726369+02:00;standby;24.5;39.4;5.0;25.0;57.7;57.0;0;0;0;0;16276.94;11280.08;4996.86;32421.238
2026-06-17T23:12:56.219766+02:00;standby;24.5;39.4;5.0;25.0;57.6;57.0;0;0;0;0;16276.94;11280.08;4996.86;32421.238
2026-06-17T23:13:56.865238+02:00;standby;24.5;39.3;5.0;25.0;57.6;57.0;0;0;0;0;16276.94;11280.08;4996.86;32421.238
2026-06-17T23:14:57.569604+02:00;standby;24.5;39.3;5.0;25.0;57.6;57.0;0;0;0;0;16276.94;11280.08;4996.86;32421.238
2026-06-17T23:15:58.620494+02:00;standby;24.5;39.1;5.0;25.0;57.6;57.0;0;0;0;0;16276.94;11280.08;4996.86;32421.238
2026-06-17T23:16:59.585637+02:00;standby;24.5;39.1;5.0;25.0;57.6;57.0;0;0;0;0;16276.94;11280.08;4996.86;32421.238
2026-06-17T23:18:00.249500+02:00;standby;24.5;39.0;5.0;25.0;57.6;57.0;0;0;0;0;16276.94;11280.08;4996.86;32421.238
2026-06-17T23:19:00.868943+02:00;standby;24.5;39.0;5.0;25.0;57.6;57.0;0;0;0;0;16276.94;11280.08;4996.86;32421.238
2026-06-17T23:20:01.603369+02:00;standby;24.5;38.9;5.0;25.0;57.6;57.0;0;0;0;0;16276.94;11280.08;4996.86;32421.238
2026-06-17T23:21:02.113240+02:00;standby;24.5;38.9;5.0;25.0;57.6;57.0;0;0;0;0;16276.94;11280.08;4996.86;32421.238
2026-06-17T23:22:02.689786+02:00;standby;24.5;38.9;5.0;25.0;57.6;57.0;0;0;0;0;16276.94;11280.08;4996.86;32421.238
2026-06-17T23:23:03.218370+02:00;standby;24.5;38.8;5.0;25.0;57.6;57.0;0;0;0;0;16276.94;11280.08;4996.86;32421.238
2026-06-17T23:24:03.785508+02:00;standby;24.5;38.8;5.0;25.0;57.5;57.0;0;0;0;0;16276.94;11280.08;4996.86;32421.238
2026-06-17T23:25:04.501459+02:00;standby;24.5;38.6;5.0;25.0;57.5;57.0;0;0;0;0;16276.94;11280.08;4996.86;32421.238
2026-06-17T23:26:05.039708+02:00;standby;24.5;38.6;5.0;25.0;57.5;57.0;0;0;0;0;16276.94;11280.08;4996.86;32421.238
2026-06-17T23:27:05.560532+02:00;standby;24.5;38.5;5.0;25.0;57.5;57.0;0;0;0;0;16276.94;11280.08;4996.86;32421.238
2026-06-17T23:28:06.522137+02:00;standby;24.5;38.5;5.0;25.0;57.5;57.0;0;0;0;0;16276.94;11280.08;4996.86;32421.238
2026-06-17T23:29:07.110952+02:00;standby;24.5;38.4;5.0;25.0;57.5;57.0;0;0;0;0;16276.94;11280.08;4996.86;32421.238
2026-06-17T23:30:07.666546+02:00;standby;24.5;38.4;5.0;25.0;57.5;57.0;0;0;0;0;16276.94;11280.08;4996.86;32421.238
2026-06-17T23:31:08.279854+02:00;standby;24.5;38.3;5.0;25.0;57.5;57.0;0;0;0;0;16276.94;11280.08;4996.86;32421.238
2026-06-17T23:32:08.982992+02:00;standby;24.5;38.3;5.0;25.0;57.5;57.0;0;0;0;0;16276.94;11280.08;4996.86;32421.238
2026-06-17T23:33:09.538004+02:00;standby;24.5;38.1;5.0;25.0;57.5;57.0;0;0;0;0;16276.94;11280.08;4996.86;32421.238
2026-06-17T23:34:10.506260+02:00;standby;23.2;38.1;5.0;25.0;57.5;57.0;0;0;0;0;16276.94;11280.08;4996.86;32421.238
2026-06-17T23:35:11.153477+02:00;standby;23.2;38.1;5.0;25.0;57.4;57.0;0;0;0;0;16276.94;11280.08;4996.86;32421.238
2026-06-17T23:36:11.757979+02:00;standby;23.2;38.0;5.0;25.0;57.4;57.0;0;0;0;0;16276.94;11280.08;4996.86;32421.238
2026-06-17T23:37:12.676593+02:00;standby;23.2;37.9;5.0;25.0;57.4;57.0;0;0;0;0;16276.94;11280.08;4996.86;32421.238
2026-06-17T23:38:13.207489+02:00;standby;23.2;37.9;5.0;25.0;57.4;57.0;0;0;0;0;16276.94;11280.08;4996.86;32421.238
2026-06-17T23:39:13.749608+02:00;standby;23.2;37.9;5.0;25.0;57.4;57.0;0;0;0;0;16276.94;11280.08;4996.86;32421.238
2026-06-17T23:40:14.291053+02:00;standby;23.2;37.8;5.0;25.0;57.4;57.0;0;0;0;0;16276.94;11280.08;4996.86;32421.238
2026-06-17T23:41:14.780489+02:00;standby;23.2;37.8;5.0;25.0;57.4;57.0;0;0;0;0;16276.94;11280.08;4996.86;32421.238
2026-06-17T23:42:15.390399+02:00;standby;23.2;37.7;5.0;25.0;57.4;57.0;0;0;0;0;16276.94;11280.08;4996.86;32421.238
2026-06-17T23:43:16.410785+02:00;standby;23.2;37.7;5.0;25.0;57.4;57.0;0;0;0;0;16276.94;11280.08;4996.86;32421.238
2026-06-17T23:44:16.955195+02:00;standby;23.2;37.7;5.0;25.0;57.4;57.0;0;0;0;0;16276.94;11280.08;4996.86;32421.238
2026-06-17T23:45:17.564157+02:00;standby;23.2;37.5;5.0;25.0;57.4;10.0;0;0;0;0;16276.94;11280.08;4996.86;32421.238
2026-06-17T23:46:18.122055+02:00;standby;23.2;37.5;5.0;25.0;57.4;10.0;0;0;0;0;16276.94;11280.08;4996.86;32421.238
2026-06-17T23:47:18.555659+02:00;standby;23.2;37.4;5.0;25.0;57.3;10.0;0;0;0;0;16276.94;11280.08;4996.86;32421.238
2026-06-17T23:48:19.108619+02:00;standby;23.2;37.4;5.0;25.0;57.3;10.0;0;0;0;0;16276.94;11280.08;4996.86;32421.238
2026-06-17T23:49:19.656463+02:00;standby;23.2;37.4;5.0;25.0;57.3;10.0;0;0;0;0;16276.94;11280.08;4996.86;32421.238
2026-06-17T23:50:20.264739+02:00;standby;23.2;37.3;5.0;25.0;57.3;10.0;0;0;0;0;16276.94;11280.08;4996.86;32421.238
2026-06-17T23:51:20.971181+02:00;standby;23.2;37.3;5.0;25.0;57.3;10.0;0;0;0;0;16276.94;11280.08;4996.86;32421.238
2026-06-17T23:52:21.510600+02:00;standby;23.2;37.2;5.0;25.0;57.3;10.0;0;0;0;0;16276.94;11280.08;4996.86;32421.238
2026-06-17T23:53:22.112265+02:00;standby;23.2;37.2;5.0;25.0;57.3;10.0;0;0;0;0;16276.94;11280.08;4996.86;32421.238
2026-06-17T23:54:22.579695+02:00;standby;23.2;37.0;5.0;25.0;57.3;10.0;0;0;0;0;16276.94;11280.08;4996.86;32421.238
2026-06-17T23:55:23.154739+02:00;standby;23.2;37.0;5.0;25.0;57.3;10.0;0;0;0;0;16276.94;11280.08;4996.86;32421.238
2026-06-17T23:56:23.671184+02:00;standby;23.2;37.0;5.0;25.0;57.2;10.0;0;0;0;0;16276.94;11280.08;4996.86;32421.238
2026-06-17T23:57:24.296341+02:00;standby;23.2;36.9;5.0;25.0;57.2;10.0;0;0;0;0;16276.94;11280.08;4996.86;32421.238
2026-06-17T23:58:24.921618+02:00;standby;23.2;36.9;5.0;25.0;57.2;10.0;0;0;0;0;16276.94;11280.08;4996.86;32421.238
2026-06-17T23:59:25.554744+02:00;standby;23.2;36.9;5.0;25.0;57.2;10.0;0;0;0;0;16276.94;11280.08;4996.86;32421.238
2026-06-18T00:00:26.161381+02:00;standby;23.2;36.8;5.0;25.0;57.2;10.0;0;0;0;0;16276.94;11280.08;4996.86;32421.238
2026-06-18T00:01:26.704822+02:00;standby;23.2;36.8;5.0;25.0;57.2;10.0;0;0;0;0;16276.94;11280.08;4996.86;32421.238
2026-06-18T00:02:27.155975+02:00;standby;23.2;36.7;5.0;25.0;57.2;10.0;0;0;0;0;16276.94;11280.08;4996.86;32421.238
2026-06-18T00:03:27.745441+02:00;standby;23.2;36.7;5.0;25.0;57.2;10.0;0;0;0;0;16276.94;11280.08;4996.86;32421.238
2026-06-18T00:04:28.247855+02:00;standby;23.2;36.5;5.0;25.0;57.1;10.0;0;0;0;0;16276.94;11280.08;4996.86;32421.238
2026-06-18T00:05:29.054844+02:00;standby;23.2;36.5;5.0;25.0;57.1;10.0;0;0;0;0;16276.94;11280.08;4996.86;32421.238
2026-06-18T00:06:29.593043+02:00;standby;23.2;36.5;5.0;25.0;57.1;10.0;0;0;0;0;16276.94;11280.08;4996.86;32421.238
2026-06-18T00:07:30.126778+02:00;standby;23.2;36.4;5.0;25.0;57.1;10.0;0;0;0;0;16276.94;11280.08;4996.86;32421.238
2026-06-18T00:08:30.648625+02:00;standby;23.2;36.4;5.0;25.0;57.1;10.0;0;0;0;0;16276.94;11280.08;4996.86;32421.238
2026-06-18T00:09:31.208868+02:00;standby;23.2;36.4;5.0;25.0;57.1;10.0;0;0;0;0;16276.94;11280.08;4996.86;32421.238
2026-06-18T00:10:31.719218+02:00;standby;23.2;36.3;5.0;25.0;57.1;10.0;0;0;0;0;16276.94;11280.08;4996.86;32421.238
2026-06-18T00:11:32.190041+02:00;standby;23.2;36.3;5.0;25.0;57.1;10.0;0;0;0;0;16276.94;11280.08;4996.86;32421.238
2026-06-18T00:12:32.852542+02:00;standby;23.2;36.3;5.0;25.0;57.1;10.0;0;0;0;0;16276.94;11280.08;4996.86;32421.238
2026-06-18T00:13:33.344884+02:00;standby;23.2;36.2;5.0;25.0;57.1;10.0;0;0;0;0;16276.94;11280.08;4996.86;32421.238
2026-06-18T00:14:33.950522+02:00;standby;23.2;36.2;5.0;25.0;56.9;10.0;0;0;0;0;16276.94;11280.08;4996.86;32421.238
2026-06-18T00:15:34.474425+02:00;standby;23.2;36.0;5.0;25.0;56.9;10.0;0;0;0;0;16276.94;11280.08;4996.86;32421.238
2026-06-18T00:16:35.035847+02:00;standby;23.2;36.0;5.0;25.0;56.9;10.0;0;0;0;0;16276.94;11280.08;4996.86;32421.238
2026-06-18T00:17:35.556233+02:00;standby;23.2;36.0;5.0;25.0;56.9;10.0;0;0;0;0;16276.94;11280.08;4996.86;32421.238
2026-06-18T00:18:36.379071+02:00;standby;23.2;35.9;5.0;25.0;56.9;10.0;0;0;0;0;16276.94;11280.08;4996.86;32421.238
2026-06-18T00:19:36.859382+02:00;standby;23.2;35.9;5.0;25.0;56.9;10.0;0;0;0;0;16276.94;11280.08;4996.86;32421.238
2026-06-18T00:20:37.371532+02:00;standby;23.2;35.9;5.0;25.0;56.9;10.0;0;0;0;0;16276.94;11280.08;4996.86;32421.238
2026-06-18T00:21:37.943841+02:00;standby;23.2;35.8;5.0;25.0;56.9;10.0;0;0;0;0;16276.94;11280.08;4996.86;32421.238
2026-06-18T00:22:38.504336+02:00;standby;23.2;35.8;5.0;25.0;56.9;10.0;0;0;0;0;16276.94;11280.08;4996.86;32421.238
2026-06-18T00:23:39.042660+02:00;standby;23.2;35.8;5.0;25.0;56.9;10.0;0;0;0;0;16276.94;11280.08;4996.86;32421.238
2026-06-18T00:24:39.588341+02:00;standby;23.2;35.7;5.0;25.0;56.9;10.0;0;0;0;0;16276.94;11280.08;4996.86;32421.238
2026-06-18T00:25:40.092364+02:00;standby;23.2;35.7;5.0;25.0;56.9;10.0;0;0;0;0;16276.94;11280.08;4996.86;32421.238
2026-06-18T00:26:40.633848+02:00;standby;23.2;35.7;5.0;25.0;56.8;10.0;0;0;0;0;16276.94;11280.08;4996.86;32421.238
2026-06-18T00:27:41.164583+02:00;standby;23.2;35.6;5.0;25.0;56.8;10.0;0;0;0;0;16276.94;11280.08;4996.86;32421.238
2026-06-18T00:28:41.668386+02:00;standby;23.2;35.6;5.0;25.0;56.8;10.0;0;0;0;0;16276.94;11280.08;4996.86;32421.238
2026-06-18T00:29:42.188650+02:00;standby;23.2;35.6;5.0;25.0;56.8;10.0;0;0;0;0;16276.94;11280.08;4996.86;32421.238
2026-06-18T00:30:42.769644+02:00;standby;23.2;35.4;5.0;25.0;56.8;10.0;0;0;0;0;16276.94;11280.08;4996.86;32421.238
2026-06-18T00:31:43.388030+02:00;standby;23.2;35.4;5.0;25.0;56.8;10.0;0;0;0;0;16276.94;11280.08;4996.86;32421.238
2026-06-18T00:32:44.010546+02:00;standby;23.2;35.4;5.0;25.0;56.8;10.0;0;0;0;0;16276.94;11280.08;4996.86;32421.238
2026-06-18T00:33:44.673036+02:00;standby;23.2;35.3;5.0;25.0;56.8;10.0;0;0;0;0;16276.94;11280.08;4996.86;32421.238
2026-06-18T00:34:45.195350+02:00;standby;22.2;35.3;5.0;25.0;56.8;10.0;0;0;0;0;16276.94;11280.08;4996.86;32421.238
2026-06-18T00:35:45.710837+02:00;standby;22.2;35.3;5.0;25.0;56.8;10.0;0;0;0;0;16276.94;11280.08;4996.86;32421.238
2026-06-18T00:36:46.304280+02:00;standby;22.2;35.2;5.0;25.0;56.8;10.0;0;0;0;0;16276.94;11280.08;4996.86;32421.238
2026-06-18T00:37:46.806806+02:00;standby;22.2;35.2;5.0;25.0;56.7;10.0;0;0;0;0;16276.94;11280.08;4996.86;32421.238
2026-06-18T00:38:47.324715+02:00;standby;22.2;35.2;5.0;25.0;56.7;10.0;0;0;0;0;16276.94;11280.08;4996.86;32421.238
2026-06-18T00:39:47.844311+02:00;standby;22.2;35.1;5.0;25.0;56.7;10.0;0;0;0;0;16276.94;11280.08;4996.86;32421.238
2026-06-18T00:40:48.306002+02:00;standby;22.2;35.1;5.0;25.0;56.7;10.0;0;0;0;0;16276.94;11280.08;4996.86;32421.238
2026-06-18T00:41:48.782805+02:00;standby;22.2;35.1;5.0;25.0;56.7;10.0;0;0;0;0;16276.94;11280.08;4996.86;32421.238
2026-06-18T00:42:49.351238+02:00;standby;22.2;35.1;5.0;25.0;56.7;10.0;0;0;0;0;16276.94;11280.08;4996.86;32421.238
2026-06-18T00:43:50.296189+02:00;standby;22.2;34.9;5.0;25.0;56.7;10.0;0;0;0;0;16276.94;11280.08;4996.86;32421.238
2026-06-18T00:44:50.741016+02:00;standby;22.2;34.9;5.0;25.0;56.7;10.0;0;0;0;0;16276.94;11280.08;4996.86;32421.238
2026-06-18T00:45:51.264121+02:00;standby;22.2;34.9;5.0;25.0;56.7;10.0;0;0;0;0;16276.94;11280.08;4996.86;32421.238
2026-06-18T00:46:51.757709+02:00;standby;22.2;34.8;5.0;25.0;56.7;10.0;0;0;0;0;16276.94;11280.08;4996.86;32421.238
2026-06-18T00:47:52.413325+02:00;standby;22.2;34.8;5.0;25.0;56.7;10.0;0;0;0;0;16276.94;11280.08;4996.86;32421.238
2026-06-18T00:48:52.932863+02:00;standby;22.2;34.8;5.0;25.0;56.7;10.0;0;0;0;0;16276.94;11280.08;4996.86;32421.238
2026-06-18T00:49:53.473725+02:00;standby;22.2;34.7;5.0;25.0;56.6;10.0;0;0;0;0;16276.94;11280.08;4996.86;32421.238
2026-06-18T00:50:54.012728+02:00;standby;22.2;34.7;5.0;25.0;56.6;10.0;0;0;0;0;16276.94;11280.08;4996.86;32421.238
2026-06-18T00:51:55.153812+02:00;standby;22.2;34.7;5.0;25.0;56.6;10.0;0;0;0;0;16276.94;11280.08;4996.86;32421.238
2026-06-18T00:52:55.679462+02:00;standby;22.2;34.6;5.0;25.0;56.6;10.0;0;0;0;0;16276.94;11280.08;4996.86;32421.238
2026-06-18T00:53:56.163252+02:00;standby;22.2;34.6;5.0;25.0;56.6;10.0;0;0;0;0;16276.94;11280.08;4996.86;32421.238
2026-06-18T00:54:56.716436+02:00;standby;22.2;34.6;5.0;25.0;56.6;10.0;0;0;0;0;16276.94;11280.08;4996.86;32421.238
2026-06-18T00:55:57.236273+02:00;standby;22.2;34.6;5.0;25.0;56.6;10.0;0;0;0;0;16276.94;11280.08;4996.86;32421.238
2026-06-18T00:56:57.738548+02:00;standby;22.2;34.4;5.0;25.0;56.6;10.0;0;0;0;0;16276.94;11280.08;4996.86;32421.238
2026-06-18T00:57:58.268880+02:00;standby;22.2;34.4;5.0;25.0;56.6;10.0;0;0;0;0;16276.94;11280.08;4996.86;32421.238
2026-06-18T00:58:58.982648+02:00;standby;22.2;34.4;5.0;25.0;56.6;10.0;0;0;0;0;16276.94;11280.08;4996.86;32421.238
2026-06-18T00:59:59.579889+02:00;standby;22.2;34.4;5.0;25.0;56.6;10.0;0;0;0;0;16276.94;11280.08;4996.86;32421.238
2026-06-18T01:01:00.103414+02:00;standby;22.2;34.3;5.0;25.0;56.6;10.0;0;0;0;0;16276.94;11280.08;4996.86;32421.238
2026-06-18T01:02:00.603503+02:00;standby;22.2;34.3;5.0;25.0;56.5;10.0;0;0;0;0;16276.94;11280.08;4996.86;32421.238
2026-06-18T01:03:01.174045+02:00;standby;22.2;34.3;5.0;25.0;56.5;10.0;0;0;0;0;16276.94;11280.08;4996.86;32421.238
2026-06-18T01:04:01.679549+02:00;standby;22.2;34.2;5.0;25.0;56.5;10.0;0;0;0;0;16276.94;11280.08;4996.86;32421.238
2026-06-18T01:05:02.217075+02:00;standby;22.2;34.2;5.0;25.0;56.5;10.0;0;0;0;0;16276.94;11280.08;4996.86;32421.238
2026-06-18T01:06:02.733155+02:00;standby;22.2;34.2;5.0;25.0;56.5;10.0;0;0;0;0;16276.94;11280.08;4996.86;32421.238
2026-06-18T01:07:03.242039+02:00;standby;22.2;34.1;5.0;25.0;56.5;10.0;0;0;0;0;16276.94;11280.08;4996.86;32421.238
2026-06-18T01:08:03.886714+02:00;standby;22.2;34.1;5.0;25.0;56.5;10.0;0;0;0;0;16276.94;11280.08;4996.86;32421.238
2026-06-18T01:09:04.395438+02:00;standby;22.2;34.1;5.0;25.0;56.5;10.0;0;0;0;0;16276.94;11280.08;4996.86;32421.238
2026-06-18T01:10:05.206063+02:00;standby;22.2;34.0;5.0;25.0;56.5;10.0;0;0;0;0;16276.94;11280.08;4996.86;32421.238
2026-06-18T01:11:05.723271+02:00;standby;22.2;34.0;5.0;25.0;56.5;10.0;0;0;0;0;16276.94;11280.08;4996.86;32421.238
2026-06-18T01:12:06.317442+02:00;standby;22.2;34.0;5.0;25.0;56.4;10.0;0;0;0;0;16276.94;11280.08;4996.86;32421.238
2026-06-18T01:13:06.846285+02:00;standby;22.2;34.0;5.0;25.0;56.4;10.0;0;0;0;0;16276.94;11280.08;4996.86;32421.238
2026-06-18T01:14:07.448616+02:00;standby;22.2;33.8;5.0;25.0;56.4;10.0;0;0;0;0;16276.94;11280.08;4996.86;32421.238
2026-06-18T01:15:07.999924+02:00;standby;22.2;33.8;5.0;25.0;56.4;10.0;0;0;0;0;16276.94;11280.08;4996.86;32421.238
2026-06-18T01:16:08.590698+02:00;standby;22.2;33.8;5.0;25.0;56.4;10.0;0;0;0;0;16276.94;11280.08;4996.86;32421.238
2026-06-18T01:17:09.220290+02:00;standby;22.2;33.8;5.0;25.0;56.4;10.0;0;0;0;0;16276.94;11280.08;4996.86;32421.238
2026-06-18T01:18:09.736564+02:00;standby;22.2;33.7;5.0;25.0;56.4;10.0;0;0;0;0;16276.94;11280.08;4996.86;32421.238
2026-06-18T01:19:10.212962+02:00;standby;22.2;33.7;5.0;25.0;56.4;10.0;0;0;0;0;16276.94;11280.08;4996.86;32421.238
2026-06-18T01:20:11.016093+02:00;standby;22.2;33.7;5.0;25.0;56.4;10.0;0;0;0;0;16276.94;11280.08;4996.86;32421.238
2026-06-18T01:21:11.545547+02:00;standby;22.2;33.7;5.0;25.0;56.4;10.0;0;0;0;0;16276.94;11280.08;4996.86;32421.238
2026-06-18T01:22:12.078944+02:00;standby;22.2;33.6;5.0;25.0;56.4;10.0;0;0;0;0;16276.94;11280.08;4996.86;32421.238
2026-06-18T01:23:12.676908+02:00;standby;22.2;33.6;5.0;25.0;56.4;10.0;0;0;0;0;16276.94;11280.08;4996.86;32421.238
2026-06-18T01:24:13.264989+02:00;standby;22.2;33.6;5.0;25.0;56.3;10.0;0;0;0;0;16276.94;11280.08;4996.86;32421.238
2026-06-18T01:25:13.792126+02:00;standby;22.2;33.6;5.0;25.0;56.3;10.0;0;0;0;0;16276.94;11280.08;4996.86;32421.238
2026-06-18T01:26:14.339950+02:00;standby;22.2;33.5;5.0;25.0;56.3;10.0;0;0;0;0;16276.94;11280.08;4996.86;32421.238
2026-06-18T01:27:14.819844+02:00;standby;22.2;33.5;5.0;25.0;56.3;10.0;0;0;0;0;16276.94;11280.08;4996.86;32421.238
2026-06-18T01:28:15.370176+02:00;standby;22.2;33.5;5.0;25.0;56.3;10.0;0;0;0;0;16276.94;11280.08;4996.86;32421.238
2026-06-18T01:29:15.899402+02:00;standby;22.2;33.5;5.0;25.0;56.3;10.0;0;0;0;0;16276.94;11280.08;4996.86;32421.238
2026-06-18T01:30:16.441653+02:00;standby;22.2;33.3;5.0;25.0;56.3;10.0;0;0;0;0;16276.94;11280.08;4996.86;32421.238
2026-06-18T01:31:17.116146+02:00;standby;22.2;33.3;5.0;25.0;56.3;10.0;0;0;0;0;16276.94;11280.08;4996.86;32421.238
2026-06-18T01:32:17.677699+02:00;standby;22.2;33.3;5.0;25.0;56.3;10.0;0;0;0;0;16276.94;11280.08;4996.86;32421.238
2026-06-18T01:33:18.237874+02:00;standby;22.2;33.2;5.0;25.0;56.3;10.0;0;0;0;0;16276.94;11280.08;4996.86;32421.238
2026-06-18T01:34:18.770273+02:00;standby;22.2;33.3;5.0;25.0;56.2;10.0;0;0;0;0;16276.94;11280.08;4996.86;32421.238
2026-06-18T01:35:19.316884+02:00;standby;21.4;33.2;5.0;25.0;56.2;10.0;0;0;0;0;16276.94;11280.08;4996.86;32421.238
2026-06-18T01:36:20.049557+02:00;standby;21.4;33.2;5.0;25.0;56.2;10.0;0;0;0;0;16276.94;11280.08;4996.86;32421.238
2026-06-18T01:37:20.576841+02:00;standby;21.4;33.1;5.0;25.0;56.2;10.0;0;0;0;0;16276.94;11280.08;4996.86;32421.238
2026-06-18T01:38:21.409658+02:00;standby;21.4;33.1;5.0;25.0;56.2;10.0;0;0;0;0;16276.94;11280.08;4996.86;32421.238
2026-06-18T01:39:21.872452+02:00;standby;21.4;33.1;5.0;25.0;56.2;10.0;0;0;0;0;16276.94;11280.08;4996.86;32421.238
2026-06-18T01:40:22.424036+02:00;standby;21.4;33.1;5.0;25.0;56.2;10.0;0;0;0;0;16276.94;11280.08;4996.86;32421.238
2026-06-18T01:41:23.420156+02:00;standby;21.4;33.1;5.0;25.0;56.2;10.0;0;0;0;0;16276.94;11280.08;4996.86;32421.238
2026-06-18T01:42:23.950152+02:00;standby;21.4;33.1;5.0;25.0;56.2;10.0;0;0;0;0;16276.94;11280.08;4996.86;32421.238
2026-06-18T01:43:24.456864+02:00;standby;21.4;33.0;5.0;25.0;56.2;10.0;0;0;0;0;16276.94;11280.08;4996.86;32421.238
2026-06-18T01:44:24.983126+02:00;standby;21.4;33.0;5.0;25.0;56.2;10.0;0;0;0;0;16276.94;11280.08;4996.86;32421.238
2026-06-18T01:45:26.054395+02:00;standby;21.4;33.0;5.0;25.0;56.2;10.0;0;0;0;0;16276.94;11280.08;4996.86;32421.238
2026-06-18T01:46:26.563465+02:00;standby;21.4;33.0;5.0;25.0;56.1;10.0;0;0;0;0;16276.94;11280.08;4996.86;32421.238
2026-06-18T01:47:27.088043+02:00;standby;21.4;32.8;5.0;25.0;56.1;10.0;0;0;0;0;16276.94;11280.08;4996.86;32421.238
2026-06-18T01:48:27.605502+02:00;standby;21.4;32.8;5.0;25.0;56.1;10.0;0;0;0;0;16276.94;11280.08;4996.86;32421.238
2026-06-18T01:49:28.124266+02:00;standby;21.4;32.8;5.0;25.0;56.1;10.0;0;0;0;0;16276.94;11280.08;4996.86;32421.238
2026-06-18T01:50:28.826247+02:00;standby;21.4;32.8;5.0;25.0;56.1;10.0;0;0;0;0;16276.94;11280.08;4996.86;32421.238
2026-06-18T01:51:29.465794+02:00;standby;21.4;32.7;5.0;25.0;56.1;10.0;0;0;0;0;16276.94;11280.08;4996.86;32421.238
2026-06-18T01:52:29.952802+02:00;standby;21.4;32.7;5.0;25.0;56.1;10.0;0;0;0;0;16276.94;11280.08;4996.86;32421.238
2026-06-18T01:53:30.709413+02:00;standby;21.4;32.7;5.0;25.0;56.1;10.0;0;0;0;0;16276.94;11280.08;4996.86;32421.238
2026-06-18T01:54:31.975244+02:00;standby;21.4;32.7;5.0;25.0;56.1;10.0;0;0;0;0;16276.94;11280.08;4996.86;32421.238
2026-06-18T01:55:33.590396+02:00;standby;21.4;32.6;5.0;25.0;56.1;10.0;0;0;0;0;16276.94;11280.08;4996.86;32421.238
2026-06-18T01:56:34.091302+02:00;standby;21.4;32.6;5.0;25.0;56.1;10.0;0;0;0;0;16276.94;11280.08;4996.86;32421.238
2026-06-18T01:57:34.607896+02:00;standby;21.4;32.6;5.0;25.0;56.1;10.0;0;0;0;0;16276.94;11280.08;4996.86;32421.238
2026-06-18T01:58:35.119645+02:00;standby;21.4;32.6;5.0;25.0;56.0;10.0;0;0;0;0;16276.94;11280.08;4996.86;32421.238
2026-06-18T01:59:35.631330+02:00;standby;21.4;32.6;5.0;25.0;56.0;10.0;0;0;0;0;16276.94;11280.08;4996.86;32421.238
2026-06-18T02:00:36.267701+02:00;standby;21.4;32.5;5.0;25.0;56.0;10.0;0;0;0;0;16276.94;11280.08;4996.86;32421.238
2026-06-18T02:01:36.809780+02:00;standby;21.4;32.5;5.0;25.0;56.0;10.0;0;0;0;0;16276.94;11280.08;4996.86;32421.238
2026-06-18T02:02:37.400747+02:00;standby;21.4;32.5;5.0;25.0;56.0;10.0;0;0;0;0;16276.94;11280.08;4996.86;32421.238
2026-06-18T02:03:38.495535+02:00;standby;21.4;32.5;5.0;25.0;56.0;10.0;0;0;0;0;16276.94;11280.08;4996.86;32421.238
2026-06-18T02:04:39.061083+02:00;standby;21.4;32.3;5.0;25.0;56.0;10.0;0;0;0;0;16276.94;11280.08;4996.86;32421.238
2026-06-18T02:05:39.986621+02:00;standby;21.4;32.3;5.0;25.0;56.0;10.0;0;0;0;0;16276.94;11280.08;4996.86;32421.238
2026-06-18T02:06:40.550110+02:00;standby;21.4;32.3;5.0;25.0;56.0;10.0;0;0;0;0;16276.94;11280.08;4996.86;32421.238
2026-06-18T02:07:41.322068+02:00;standby;21.4;32.3;5.0;25.0;56.0;10.0;0;0;0;0;16276.94;11280.08;4996.86;32421.238
2026-06-18T02:08:41.842755+02:00;standby;21.4;32.3;5.0;25.0;55.9;10.0;0;0;0;0;16276.94;11280.08;4996.86;32421.238
2026-06-18T02:09:42.363631+02:00;standby;21.4;32.2;5.0;25.0;55.9;10.0;0;0;0;0;16276.94;11280.08;4996.86;32421.238
2026-06-18T02:10:43.039176+02:00;standby;21.4;32.2;5.0;25.0;55.9;10.0;0;0;0;0;16276.94;11280.08;4996.86;32421.238
2026-06-18T02:11:43.920798+02:00;standby;21.4;32.2;5.0;25.0;55.9;10.0;0;0;0;0;16276.94;11280.08;4996.86;32421.238
2026-06-18T02:12:44.542230+02:00;standby;21.4;32.2;5.0;25.0;55.9;10.0;0;0;0;0;16276.94;11280.08;4996.86;32421.238
2026-06-18T02:13:45.091445+02:00;standby;21.4;32.2;5.0;25.0;55.9;10.0;0;0;0;0;16276.94;11280.08;4996.86;32421.238
2026-06-18T02:14:45.572017+02:00;standby;21.4;32.1;5.0;25.0;55.9;10.0;0;0;0;0;16276.94;11280.08;4996.86;32421.238
2026-06-18T02:15:46.137142+02:00;standby;21.4;32.1;5.0;25.0;55.9;10.0;0;0;0;0;16276.94;11280.08;4996.86;32421.238
2026-06-18T02:16:46.661333+02:00;standby;21.4;32.1;5.0;25.0;55.9;10.0;0;0;0;0;16276.94;11280.08;4996.86;32421.238
2026-06-18T02:17:47.174303+02:00;standby;21.4;32.1;5.0;25.0;55.9;10.0;0;0;0;0;16276.94;11280.08;4996.86;32421.238
2026-06-18T02:18:47.648799+02:00;standby;21.4;32.1;5.0;25.0;55.9;10.0;0;0;0;0;16276.94;11280.08;4996.86;32421.238
2026-06-18T02:19:48.221784+02:00;standby;21.4;32.0;5.0;25.0;55.9;10.0;0;0;0;0;16276.94;11280.08;4996.86;32421.238
2026-06-18T02:20:48.703373+02:00;standby;21.4;32.0;5.0;25.0;55.8;10.0;0;0;0;0;16276.94;11280.08;4996.86;32421.238
2026-06-18T02:21:49.206660+02:00;standby;21.4;32.0;5.0;25.0;55.8;10.0;0;0;0;0;16276.94;11280.08;4996.86;32421.238
2026-06-18T02:22:49.728085+02:00;standby;21.4;32.0;5.0;25.0;55.8;10.0;0;0;0;0;16276.94;11280.08;4996.86;32421.238
2026-06-18T02:23:50.558940+02:00;standby;21.4;32.0;5.0;25.0;55.8;10.0;0;0;0;0;16276.94;11280.08;4996.86;32421.238
2026-06-18T02:24:51.113016+02:00;standby;21.4;31.9;5.0;25.0;55.8;10.0;0;0;0;0;16276.94;11280.08;4996.86;32421.238
2026-06-18T02:25:51.647776+02:00;standby;21.4;31.9;5.0;25.0;55.8;10.0;0;0;0;0;16276.94;11280.08;4996.86;32421.238
2026-06-18T02:26:52.211424+02:00;standby;21.4;31.9;5.0;25.0;55.8;10.0;0;0;0;0;16276.94;11280.08;4996.86;32421.238
2026-06-18T02:27:52.733552+02:00;standby;21.4;31.9;5.0;25.0;55.8;10.0;0;0;0;0;16276.94;11280.08;4996.86;32421.238
2026-06-18T02:28:53.811764+02:00;standby;21.4;31.9;5.0;25.0;55.8;10.0;0;0;0;0;16276.94;11280.08;4996.86;32421.238
2026-06-18T02:29:54.339923+02:00;standby;21.4;31.7;5.0;25.0;55.8;10.0;0;0;0;0;16276.94;11280.08;4996.86;32421.238
2026-06-18T02:30:54.784457+02:00;standby;21.4;31.7;5.0;25.0;55.8;10.0;0;0;0;0;16276.94;11280.08;4996.86;32421.238
2026-06-18T02:31:55.322555+02:00;standby;21.4;31.7;5.0;25.0;55.7;10.0;0;0;0;0;16276.94;11280.08;4996.86;32421.238
2026-06-18T02:32:56.198156+02:00;standby;21.4;31.7;5.0;25.0;55.7;10.0;0;0;0;0;16276.94;11280.08;4996.86;32421.238
2026-06-18T02:33:56.711564+02:00;standby;21.4;31.7;5.0;25.0;55.7;10.0;0;0;0;0;16276.94;11280.08;4996.86;32421.238
2026-06-18T02:34:57.322957+02:00;standby;21.4;31.6;5.0;25.0;55.7;10.0;0;0;0;0;16276.94;11280.08;4996.86;32421.238
2026-06-18T02:35:57.847235+02:00;standby;20.6;31.6;5.0;25.0;55.7;10.0;0;0;0;0;16276.94;11280.08;4996.86;32421.238
2026-06-18T02:36:58.333693+02:00;standby;20.6;31.6;5.0;25.0;55.7;10.0;0;0;0;0;16276.94;11280.08;4996.86;32421.238
2026-06-18T02:37:58.880407+02:00;standby;20.6;31.6;5.0;25.0;55.7;10.0;0;0;0;0;16276.94;11280.08;4996.86;32421.238
2026-06-18T02:38:59.520541+02:00;standby;20.6;31.6;5.0;25.0;55.7;10.0;0;0;0;0;16276.94;11280.08;4996.86;32421.238
2026-06-18T02:40:00.050922+02:00;standby;20.6;31.6;5.0;25.0;55.7;10.0;0;0;0;0;16276.94;11280.08;4996.86;32421.238
2026-06-18T02:41:00.567792+02:00;standby;20.6;31.6;5.0;25.0;55.7;10.0;0;0;0;0;16276.94;11280.08;4996.86;32421.238
2026-06-18T02:42:01.088804+02:00;standby;20.6;31.5;5.0;25.0;55.6;10.0;0;0;0;0;16276.94;11280.08;4996.86;32421.238
2026-06-18T02:43:01.649608+02:00;standby;20.6;31.5;5.0;25.0;55.6;10.0;0;0;0;0;16276.94;11280.08;4996.86;32421.238
2026-06-18T02:44:02.309386+02:00;standby;20.6;31.5;5.0;25.0;55.6;10.0;0;0;0;0;16276.94;11280.08;4996.86;32421.238
2026-06-18T02:45:03.249302+02:00;standby;20.6;31.5;5.0;25.0;55.6;10.0;0;0;0;0;16276.94;11280.08;4996.86;32421.238
2026-06-18T02:46:03.769368+02:00;standby;20.6;31.5;5.0;25.0;55.6;10.0;0;0;0;0;16276.94;11280.08;4996.86;32421.238
2026-06-18T02:47:04.369878+02:00;standby;20.6;31.5;5.0;25.0;55.6;10.0;0;0;0;0;16276.94;11280.08;4996.86;32421.238
2026-06-18T02:48:05.001490+02:00;standby;20.6;31.4;5.0;25.0;55.6;10.0;0;0;0;0;16276.94;11280.08;4996.86;32421.238
2026-06-18T02:49:05.616853+02:00;standby;20.6;31.4;5.0;25.0;55.6;10.0;0;0;0;0;16276.94;11280.08;4996.86;32421.238
2026-06-18T02:50:06.135147+02:00;standby;20.6;31.4;5.0;25.0;55.6;10.0;0;0;0;0;16276.94;11280.08;4996.86;32421.238
2026-06-18T02:51:06.624918+02:00;standby;20.6;31.4;5.0;25.0;55.6;10.0;0;0;0;0;16276.94;11280.08;4996.86;32421.238
2026-06-18T02:52:07.294694+02:00;standby;20.6;31.4;5.0;25.0;55.6;10.0;0;0;0;0;16276.94;11280.08;4996.86;32421.238
2026-06-18T02:53:07.801981+02:00;standby;20.6;31.2;5.0;25.0;55.6;10.0;0;0;0;0;16276.94;11280.08;4996.86;32421.238
2026-06-18T02:54:08.433064+02:00;standby;20.6;31.2;5.0;25.0;55.6;10.0;0;0;0;0;16276.94;11280.08;4996.86;32421.238
2026-06-18T02:55:08.936042+02:00;standby;20.6;31.2;5.0;25.0;55.5;10.0;0;0;0;0;16276.94;11280.08;4996.86;32421.238
2026-06-18T02:56:09.466368+02:00;standby;20.6;31.2;5.0;25.0;55.5;10.0;0;0;0;0;16276.94;11280.08;4996.86;32421.238
2026-06-18T02:57:10.091844+02:00;standby;20.6;31.2;5.0;25.0;55.5;10.0;0;0;0;0;16276.94;11280.08;4996.86;32421.238
2026-06-18T02:58:12.440347+02:00;standby;20.6;31.1;5.0;25.0;55.5;10.0;0;0;0;0;16276.94;11280.08;4996.86;32421.238
2026-06-18T02:59:12.965355+02:00;standby;20.6;31.1;5.0;25.0;55.5;10.0;0;0;0;0;16276.94;11280.08;4996.86;32421.238
2026-06-18T03:00:13.457800+02:00;standby;20.6;31.1;5.0;25.0;55.5;10.0;0;0;0;0;16276.94;11280.08;4996.86;32421.238
2026-06-18T03:01:14.111698+02:00;standby;20.6;31.1;5.0;25.0;55.5;10.0;0;0;0;0;16276.94;11280.08;4996.86;32421.238
2026-06-18T03:02:14.830844+02:00;standby;20.6;31.1;5.0;25.0;55.5;10.0;0;0;0;0;16276.94;11280.08;4996.86;32421.238
2026-06-18T03:03:15.346510+02:00;standby;20.6;31.1;5.0;25.0;55.5;10.0;0;0;0;0;16276.94;11280.08;4996.86;32421.238
2026-06-18T03:04:15.866201+02:00;standby;20.6;31.1;5.0;25.0;55.4;10.0;0;0;0;0;16276.94;11280.08;4996.86;32421.238
2026-06-18T03:05:16.515957+02:00;standby;20.6;31.0;5.0;25.0;55.4;10.0;0;0;0;0;16276.94;11280.08;4996.86;32421.238
2026-06-18T03:06:17.036268+02:00;standby;20.6;31.0;5.0;25.0;55.4;10.0;0;0;0;0;16276.94;11280.08;4996.86;32421.238
2026-06-18T03:07:17.784837+02:00;standby;20.6;31.0;5.0;25.0;55.4;10.0;0;0;0;0;16276.94;11280.08;4996.86;32421.238
2026-06-18T03:08:18.325102+02:00;standby;20.6;31.0;5.0;25.0;55.4;10.0;0;0;0;0;16276.94;11280.08;4996.86;32421.238
2026-06-18T03:09:18.826206+02:00;standby;20.6;31.0;5.0;25.0;55.4;10.0;0;0;0;0;16276.94;11280.08;4996.86;32421.238
2026-06-18T03:10:19.336243+02:00;standby;20.6;31.0;5.0;25.0;55.4;10.0;0;0;0;0;16276.94;11280.08;4996.86;32421.238
2026-06-18T03:11:19.834052+02:00;standby;20.6;30.9;5.0;25.0;55.4;10.0;0;0;0;0;16276.94;11280.08;4996.86;32421.238
2026-06-18T03:12:20.663893+02:00;standby;20.6;30.9;5.0;25.0;55.4;10.0;0;0;0;0;16276.94;11280.08;4996.86;32421.238
2026-06-18T03:13:21.204589+02:00;standby;20.6;30.9;5.0;25.0;55.4;10.0;0;0;0;0;16276.94;11280.08;4996.86;32421.238
2026-06-18T03:14:21.720795+02:00;standby;20.6;30.9;5.0;25.0;55.4;10.0;0;0;0;0;16276.94;11280.08;4996.86;32421.238
2026-06-18T03:15:22.345657+02:00;standby;20.6;30.9;5.0;25.0;55.4;10.0;0;0;0;0;16276.94;11280.08;4996.86;32421.238
2026-06-18T03:16:22.863050+02:00;standby;20.6;30.9;5.0;25.0;55.3;10.0;0;0;0;0;16276.94;11280.08;4996.86;32421.238
2026-06-18T03:17:23.359235+02:00;standby;20.6;30.9;5.0;25.0;55.3;10.0;0;0;0;0;16276.94;11280.08;4996.86;32421.238
2026-06-18T03:18:23.849938+02:00;standby;20.6;30.7;5.0;25.0;55.3;10.0;0;0;0;0;16276.94;11280.08;4996.86;32421.238
2026-06-18T03:19:24.548010+02:00;standby;20.6;30.7;5.0;25.0;55.3;10.0;0;0;0;0;16276.94;11280.08;4996.86;32421.238
2026-06-18T03:20:25.117193+02:00;standby;20.6;30.7;5.0;25.0;55.3;10.0;0;0;0;0;16276.94;11280.08;4996.86;32421.238
2026-06-18T03:21:25.648243+02:00;standby;20.6;30.7;5.0;25.0;55.3;10.0;0;0;0;0;16276.94;11280.08;4996.86;32421.238
2026-06-18T03:22:26.168284+02:00;standby;20.6;30.7;5.0;25.0;55.3;10.0;0;0;0;0;16276.94;11280.08;4996.86;32421.238
2026-06-18T03:23:26.652177+02:00;standby;20.6;30.7;5.0;25.0;55.3;10.0;0;0;0;0;16276.94;11280.08;4996.86;32421.238
2026-06-18T03:24:27.173418+02:00;standby;20.6;30.6;5.0;25.0;55.3;10.0;0;0;0;0;16276.94;11280.08;4996.86;32421.238
2026-06-18T03:25:27.704086+02:00;standby;20.6;30.6;5.0;25.0;55.3;10.0;0;0;0;0;16276.94;11280.08;4996.86;32421.238
2026-06-18T03:26:28.412914+02:00;standby;20.6;30.6;5.0;25.0;55.3;10.0;0;0;0;0;16276.94;11280.08;4996.86;32421.238
2026-06-18T03:27:28.965129+02:00;standby;20.6;30.6;5.0;25.0;55.3;10.0;0;0;0;0;16276.94;11280.08;4996.86;32421.238
2026-06-18T03:28:29.450318+02:00;standby;20.6;30.6;5.0;25.0;55.2;10.0;0;0;0;0;16276.94;11280.08;4996.86;32421.238
2026-06-18T03:29:29.973865+02:00;standby;20.6;30.6;5.0;25.0;55.2;10.0;0;0;0;0;16276.94;11280.08;4996.86;32421.238
2026-06-18T03:30:30.492153+02:00;standby;20.6;30.5;5.0;25.0;55.2;10.0;0;0;0;0;16276.94;11280.08;4996.86;32421.238
2026-06-18T03:31:31.015581+02:00;standby;20.6;30.5;5.0;25.0;55.2;10.0;0;0;0;0;16276.94;11280.08;4996.86;32421.238
2026-06-18T03:32:31.609271+02:00;standby;20.6;30.5;5.0;25.0;55.2;10.0;0;0;0;0;16276.94;11280.08;4996.86;32421.238
2026-06-18T03:33:32.232535+02:00;standby;20.6;30.5;5.0;25.0;55.2;10.0;0;0;0;0;16276.94;11280.08;4996.86;32421.238
2026-06-18T03:34:33.115778+02:00;standby;20.6;30.5;5.0;25.0;55.2;10.0;0;0;0;0;16276.94;11280.08;4996.86;32421.238
2026-06-18T03:35:33.683693+02:00;standby;20.6;30.5;5.0;25.0;55.2;10.0;0;0;0;0;16276.94;11280.08;4996.86;32421.238
2026-06-18T03:36:34.653046+02:00;standby;20.1;30.5;5.0;25.0;55.2;10.0;0;0;0;0;16276.94;11280.08;4996.86;32421.238
2026-06-18T03:37:35.163044+02:00;standby;20.1;30.5;5.0;25.0;55.2;10.0;0;0;0;0;16276.94;11280.08;4996.86;32421.238
2026-06-18T03:38:35.779802+02:00;standby;20.1;30.4;5.0;25.0;55.2;10.0;0;0;0;0;16276.94;11280.08;4996.86;32421.238
2026-06-18T03:39:36.391396+02:00;standby;20.1;30.4;5.0;25.0;55.1;10.0;0;0;0;0;16276.94;11280.08;4996.86;32421.238
2026-06-18T03:40:37.132386+02:00;standby;20.1;30.4;5.0;25.0;55.1;10.0;0;0;0;0;16276.94;11280.08;4996.86;32421.238
2026-06-18T03:41:37.659335+02:00;standby;20.1;30.4;5.0;25.0;55.1;10.0;0;0;0;0;16276.94;11280.08;4996.86;32421.238
2026-06-18T03:42:38.173745+02:00;standby;20.1;30.4;5.0;25.0;55.1;10.0;0;0;0;0;16276.94;11280.08;4996.86;32421.238
2026-06-18T03:43:38.710057+02:00;standby;20.1;30.4;5.0;25.0;55.1;10.0;0;0;0;0;16276.94;11280.08;4996.86;32421.238
2026-06-18T03:44:39.459075+02:00;standby;20.1;30.2;5.0;25.0;55.1;10.0;0;0;0;0;16276.94;11280.08;4996.86;32421.238
2026-06-18T03:45:39.975411+02:00;standby;20.1;30.2;5.0;25.0;55.1;10.0;0;0;0;0;16276.94;11280.08;4996.86;32421.238
2026-06-18T03:46:40.640695+02:00;standby;20.1;30.2;5.0;25.0;55.1;10.0;0;0;0;0;16276.94;11280.08;4996.86;32421.238
2026-06-18T03:47:41.420950+02:00;standby;20.1;30.2;5.0;25.0;55.1;10.0;0;0;0;0;16276.94;11280.08;4996.86;32421.238
2026-06-18T03:48:41.914124+02:00;standby;20.1;30.2;5.0;25.0;55.1;10.0;0;0;0;0;16276.94;11280.08;4996.86;32421.238
2026-06-18T03:49:42.487708+02:00;standby;20.1;30.2;5.0;25.0;55.1;10.0;0;0;0;0;16276.94;11280.08;4996.86;32421.238
2026-06-18T03:50:43.028208+02:00;standby;20.1;30.2;5.0;25.0;54.9;10.0;0;0;0;0;16276.94;11280.08;4996.86;32421.238
2026-06-18T03:51:43.528694+02:00;standby;20.1;30.2;5.0;25.0;54.9;10.0;0;0;0;0;16276.94;11280.08;4996.86;32421.238
2026-06-18T03:52:44.068538+02:00;standby;20.1;30.1;5.0;25.0;54.9;10.0;0;0;0;0;16276.94;11280.08;4996.86;32421.238
2026-06-18T03:53:44.588389+02:00;standby;20.1;30.1;5.0;25.0;54.9;10.0;0;0;0;0;16276.94;11280.08;4996.86;32421.238
2026-06-18T03:54:45.133776+02:00;standby;20.1;30.1;5.0;25.0;54.9;10.0;0;0;0;0;16276.94;11280.08;4996.86;32421.238
2026-06-18T03:55:45.621916+02:00;standby;20.1;30.1;5.0;25.0;54.9;10.0;0;0;0;0;16276.94;11280.08;4996.86;32421.238
2026-06-18T03:56:46.155874+02:00;standby;20.1;30.1;5.0;25.0;54.9;10.0;0;0;0;0;16276.94;11280.08;4996.86;32421.238
2026-06-18T03:57:46.662871+02:00;standby;20.1;30.1;5.0;25.0;54.9;10.0;0;0;0;0;16276.94;11280.08;4996.86;32421.238
2026-06-18T03:58:47.192741+02:00;standby;20.1;30.1;5.0;25.0;54.9;10.0;0;0;0;0;16276.94;11280.08;4996.86;32421.238
2026-06-18T03:59:47.752407+02:00;standby;20.1;30.1;5.0;25.0;54.9;10.0;0;0;0;0;16276.94;11280.08;4996.86;32421.238
2026-06-18T04:00:48.276086+02:00;standby;20.1;30.1;5.0;25.0;54.9;57.0;0;0;0;0;16276.94;11280.08;4996.86;32421.238
2026-06-18T04:01:48.794882+02:00;standby;20.1;30.0;5.0;25.0;54.8;57.0;0;0;0;0;16276.94;11280.08;4996.86;32421.238
2026-06-18T04:02:49.320418+02:00;standby;20.1;30.0;5.0;25.0;54.8;57.0;0;0;0;0;16276.94;11280.08;4996.86;32421.238
2026-06-18T04:03:49.831621+02:00;standby;20.1;30.0;5.0;25.0;54.8;57.0;0;0;0;0;16276.94;11280.08;4996.86;32421.238
2026-06-18T04:04:50.712474+02:00;standby;20.1;30.0;5.0;25.0;54.8;57.0;0;0;0;0;16276.94;11280.08;4996.86;32421.238
2026-06-18T04:05:51.243341+02:00;standby;20.1;30.0;5.0;25.0;54.8;57.0;0;0;0;0;16276.94;11280.08;4996.86;32421.238
2026-06-18T04:06:51.800512+02:00;standby;20.1;30.0;5.0;25.0;54.8;57.0;0;0;0;0;16276.94;11280.08;4996.86;32421.238
2026-06-18T04:07:52.876502+02:00;standby;20.1;30.0;5.0;25.0;54.8;57.0;0;0;0;0;16276.94;11280.08;4996.86;32421.238
2026-06-18T04:08:53.422426+02:00;standby;20.1;29.9;5.0;25.0;54.8;57.0;0;0;0;0;16276.94;11280.08;4996.86;32421.238
2026-06-18T04:09:54.146950+02:00;standby;20.1;29.9;5.0;25.0;54.8;57.0;0;0;0;0;16276.94;11280.08;4996.86;32421.238
2026-06-18T04:10:54.664857+02:00;standby;20.1;29.9;5.0;25.0;54.8;57.0;0;0;0;0;16276.94;11280.08;4996.86;32421.238
2026-06-18T04:11:55.278596+02:00;standby;20.1;29.9;5.0;25.0;54.8;57.0;0;0;0;0;16276.94;11280.08;4996.86;32421.238
2026-06-18T04:12:56.413418+02:00;standby;20.1;29.9;5.0;25.0;54.8;57.0;0;0;0;0;16276.94;11280.08;4996.86;32421.238
2026-06-18T04:13:56.915328+02:00;standby;20.1;29.9;5.0;25.0;54.7;57.0;0;0;0;0;16276.94;11280.08;4996.86;32421.238
2026-06-18T04:14:57.387895+02:00;standby;20.1;29.9;5.0;25.0;54.7;57.0;0;0;0;0;16276.94;11280.08;4996.86;32421.238
2026-06-18T04:15:58.081027+02:00;standby;20.1;29.9;5.0;25.0;54.7;57.0;0;0;0;0;16276.94;11280.08;4996.86;32421.238
2026-06-18T04:16:58.625986+02:00;standby;20.1;29.9;5.0;25.0;54.7;57.0;0;0;0;0;16276.94;11280.08;4996.86;32421.238
2026-06-18T04:17:59.130951+02:00;standby;20.1;29.9;5.0;25.0;54.7;57.0;0;0;0;0;16276.94;11280.08;4996.86;32421.238
2026-06-18T04:19:00.455480+02:00;standby;20.1;29.7;5.0;25.0;54.7;57.0;0;0;0;0;16276.94;11280.08;4996.86;32421.238
2026-06-18T04:20:01.168991+02:00;standby;20.1;29.7;5.0;25.0;54.7;57.0;0;0;0;0;16276.94;11280.08;4996.86;32421.238
2026-06-18T04:21:01.694430+02:00;standby;20.1;29.7;5.0;25.0;54.7;57.0;0;0;0;0;16276.94;11280.08;4996.86;32421.238
2026-06-18T04:22:02.316488+02:00;standby;20.1;29.7;5.0;25.0;54.7;57.0;0;0;0;0;16276.94;11280.08;4996.86;32421.238
2026-06-18T04:23:02.835208+02:00;standby;20.1;29.7;5.0;25.0;54.7;57.0;0;0;0;0;16276.94;11280.08;4996.86;32421.238
2026-06-18T04:24:03.796877+02:00;standby;20.1;29.7;5.0;25.0;54.7;57.0;0;0;0;0;16276.94;11280.08;4996.86;32421.238
2026-06-18T04:25:04.300375+02:00;standby;20.1;29.7;5.0;25.0;54.6;57.0;0;0;0;0;16276.94;11280.08;4996.86;32421.238
2026-06-18T04:26:04.885930+02:00;standby;20.1;29.7;5.0;25.0;54.6;57.0;0;0;0;0;16276.94;11280.08;4996.86;32421.238
2026-06-18T04:27:05.510836+02:00;standby;20.1;29.6;5.0;25.0;54.6;57.0;0;0;0;0;16276.94;11280.08;4996.86;32421.238
2026-06-18T04:28:06.028749+02:00;standby;20.1;29.6;5.0;25.0;54.6;57.0;0;0;0;0;16276.94;11280.08;4996.86;32421.238
2026-06-18T04:29:06.558872+02:00;standby;20.1;29.6;5.0;25.0;54.6;57.0;0;0;0;0;16276.94;11280.08;4996.86;32421.238
2026-06-18T04:30:07.117439+02:00;standby;20.1;29.6;5.0;25.0;54.6;57.0;0;0;0;0;16276.94;11280.08;4996.86;32421.238
2026-06-18T04:31:07.719064+02:00;standby;20.1;29.6;5.0;25.0;54.6;57.0;0;0;0;0;16276.94;11280.08;4996.86;32421.238
2026-06-18T04:32:08.234075+02:00;standby;20.1;29.6;5.0;25.0;54.6;57.0;0;0;0;0;16276.94;11280.08;4996.86;32421.238
2026-06-18T04:33:08.791885+02:00;standby;20.1;29.6;5.0;25.0;54.6;57.0;0;0;0;0;16276.94;11280.08;4996.86;32421.238
2026-06-18T04:34:09.475094+02:00;standby;20.1;29.6;5.0;25.0;54.6;57.0;0;0;0;0;16276.94;11280.08;4996.86;32421.238
2026-06-18T04:35:10.026143+02:00;standby;20.1;29.4;5.0;25.0;54.6;57.0;0;0;0;0;16276.94;11280.08;4996.86;32421.238
2026-06-18T04:36:10.693864+02:00;standby;20.1;29.4;5.0;25.0;54.5;57.0;0;0;0;0;16276.94;11280.08;4996.86;32421.238
2026-06-18T04:37:11.327781+02:00;standby;19.9;29.4;5.0;25.0;54.5;57.0;0;0;0;0;16276.94;11280.08;4996.86;32421.238
2026-06-18T04:38:11.890654+02:00;standby;19.9;29.4;5.0;25.0;54.5;57.0;0;0;0;0;16276.94;11280.08;4996.86;32421.238
2026-06-18T04:39:12.355065+02:00;standby;19.9;29.4;5.0;25.0;54.6;57.0;0;0;0;0;16276.94;11280.08;4996.86;32421.238
2026-06-18T04:40:12.882317+02:00;standby;19.9;29.4;5.0;25.0;54.5;57.0;0;0;0;0;16276.94;11280.08;4996.86;32421.238
2026-06-18T04:41:13.606381+02:00;standby;19.9;29.4;5.0;25.0;54.5;57.0;0;0;0;0;16276.94;11280.08;4996.86;32421.238
2026-06-18T04:42:14.169992+02:00;standby;19.9;29.4;5.0;25.0;54.5;57.0;0;0;0;0;16276.94;11280.08;4996.86;32421.238
2026-06-18T04:43:14.705429+02:00;standby;19.9;29.3;5.0;25.0;54.5;57.0;0;0;0;0;16276.94;11280.08;4996.86;32421.238
2026-06-18T04:44:15.261212+02:00;standby;19.9;29.3;5.0;25.0;54.5;57.0;0;0;0;0;16276.94;11280.08;4996.86;32421.238
2026-06-18T04:45:15.723813+02:00;standby;19.9;29.3;5.0;25.0;54.5;57.0;0;0;0;0;16276.94;11280.08;4996.86;32421.238
2026-06-18T04:46:16.242539+02:00;standby;19.9;29.3;5.0;25.0;54.5;57.0;0;0;0;0;16276.94;11280.08;4996.86;32421.238
2026-06-18T04:47:16.724501+02:00;standby;19.9;29.3;5.0;25.0;54.5;57.0;0;0;0;0;16276.94;11280.08;4996.86;32421.238
2026-06-18T04:48:17.383180+02:00;standby;19.9;29.3;5.0;25.0;54.4;57.0;0;0;0;0;16276.94;11280.08;4996.86;32421.238
2026-06-18T04:49:17.905185+02:00;standby;19.9;29.3;5.0;25.0;54.4;57.0;0;0;0;0;16276.94;11280.08;4996.86;32421.238
2026-06-18T04:50:18.482006+02:00;standby;19.9;29.3;5.0;25.0;54.4;57.0;0;0;0;0;16276.94;11280.08;4996.86;32421.238
2026-06-18T04:51:19.100724+02:00;standby;19.9;29.3;5.0;25.0;54.4;57.0;0;0;0;0;16276.94;11280.08;4996.86;32421.238
2026-06-18T04:52:19.981386+02:00;standby;19.9;29.3;5.0;25.0;54.4;57.0;0;0;0;0;16276.94;11280.08;4996.86;32421.238
2026-06-18T04:53:20.549186+02:00;standby;19.9;29.2;5.0;25.0;54.4;57.0;0;0;0;0;16276.94;11280.08;4996.86;32421.238
2026-06-18T04:54:21.428231+02:00;standby;19.9;29.2;5.0;25.0;54.4;57.0;0;0;0;0;16276.94;11280.08;4996.86;32421.238
2026-06-18T04:55:22.355095+02:00;standby;19.9;29.2;5.0;25.0;54.4;57.0;0;0;0;0;16276.94;11280.08;4996.86;32421.238
2026-06-18T04:56:22.846514+02:00;standby;19.9;29.2;5.0;25.0;54.4;57.0;0;0;0;0;16276.94;11280.08;4996.86;32421.238
2026-06-18T04:57:23.453192+02:00;standby;19.9;29.2;5.0;25.0;54.4;57.0;0;0;0;0;16276.94;11280.08;4996.86;32421.238
2026-06-18T04:58:23.967221+02:00;standby;19.9;29.2;5.0;25.0;54.3;57.0;0;0;0;0;16276.94;11280.08;4996.86;32421.238
2026-06-18T04:59:24.756037+02:00;standby;19.9;29.2;5.0;25.0;54.3;57.0;0;0;0;0;16276.94;11280.08;4996.86;32421.238
2026-06-18T05:00:25.311136+02:00;standby;19.9;29.2;5.0;25.0;54.3;57.0;0;0;0;0;16276.94;11280.08;4996.86;32421.238
2026-06-18T05:01:25.833884+02:00;standby;19.9;29.2;5.0;25.0;54.3;57.0;0;0;0;0;16276.94;11280.08;4996.86;32421.238
2026-06-18T05:02:26.360253+02:00;standby;19.9;29.0;5.0;25.0;54.3;57.0;0;0;0;0;16276.94;11280.08;4996.86;32421.238
2026-06-18T05:03:27.072027+02:00;standby;19.9;29.2;5.0;25.0;54.3;57.0;0;0;0;0;16276.94;11280.08;4996.86;32421.238
2026-06-18T05:04:27.609661+02:00;standby;19.9;29.0;5.0;25.0;54.3;57.0;0;0;0;0;16276.94;11280.08;4996.86;32421.238
2026-06-18T05:05:28.156005+02:00;standby;19.9;29.0;5.0;25.0;54.3;57.0;0;0;0;0;16276.94;11280.08;4996.86;32421.238
2026-06-18T05:06:28.682252+02:00;standby;19.9;29.0;5.0;25.0;54.3;57.0;0;0;0;0;16276.94;11280.08;4996.86;32421.238
2026-06-18T05:07:29.204933+02:00;standby;19.9;29.0;5.0;25.0;54.3;57.0;0;0;0;0;16276.94;11280.08;4996.86;32421.238
2026-06-18T05:08:29.814661+02:00;standby;19.9;29.0;5.0;25.0;54.3;57.0;0;0;0;0;16276.94;11280.08;4996.86;32421.238
2026-06-18T05:09:30.248633+02:00;standby;19.9;29.0;5.0;25.0;54.2;57.0;0;0;0;0;16276.94;11280.08;4996.86;32421.238
2026-06-18T05:10:30.834375+02:00;standby;19.9;29.0;5.0;25.0;54.2;57.0;0;0;0;0;16276.94;11280.08;4996.86;32421.238
2026-06-18T05:11:31.386200+02:00;standby;19.9;29.0;5.0;25.0;54.2;57.0;0;0;0;0;16276.94;11280.08;4996.86;32421.238
2026-06-18T05:12:31.855194+02:00;standby;19.9;29.0;5.0;25.0;54.2;57.0;0;0;0;0;16276.94;11280.08;4996.86;32421.238
2026-06-18T05:13:32.431070+02:00;standby;19.9;29.0;5.0;25.0;54.2;57.0;0;0;0;0;16276.94;11280.08;4996.86;32421.238
2026-06-18T05:14:32.956713+02:00;standby;19.9;28.9;5.0;25.0;54.2;57.0;0;0;0;0;16276.94;11280.08;4996.86;32421.238
2026-06-18T05:15:33.718227+02:00;standby;19.9;28.9;5.0;25.0;54.2;57.0;0;0;0;0;16276.94;11280.08;4996.86;32421.238
2026-06-18T05:16:34.275586+02:00;standby;19.9;28.9;5.0;25.0;54.2;57.0;0;0;0;0;16276.94;11280.08;4996.86;32421.238
2026-06-18T05:17:34.794770+02:00;standby;19.9;28.9;5.0;25.0;54.2;57.0;0;0;0;0;16276.94;11280.08;4996.86;32421.238
2026-06-18T05:18:35.282311+02:00;standby;19.9;28.9;5.0;25.0;54.2;57.0;0;0;0;0;16276.94;11280.08;4996.86;32421.238
2026-06-18T05:19:35.801401+02:00;standby;19.9;28.9;5.0;25.0;54.2;57.0;0;0;0;0;16276.94;11280.08;4996.86;32421.238
2026-06-18T05:20:36.336833+02:00;standby;19.9;28.9;5.0;25.0;54.2;57.0;0;0;0;0;16276.94;11280.08;4996.86;32421.238
2026-06-18T05:21:36.826008+02:00;standby;19.9;28.9;5.0;25.0;54.1;57.0;0;0;0;0;16276.94;11280.08;4996.86;32421.238
2026-06-18T05:22:37.291888+02:00;standby;19.9;28.9;5.0;25.0;54.1;57.0;0;0;0;0;16276.94;11280.08;4996.86;32421.238
2026-06-18T05:23:37.926227+02:00;standby;19.9;28.9;5.0;25.0;54.1;57.0;0;0;0;0;16276.94;11280.08;4996.86;32421.238
2026-06-18T05:24:38.498275+02:00;standby;19.9;28.9;5.0;25.0;54.1;57.0;0;0;0;0;16276.94;11280.08;4996.86;32421.238
2026-06-18T05:25:39.027772+02:00;standby;19.9;28.7;5.0;25.0;54.1;57.0;0;0;0;0;16276.94;11280.08;4996.86;32421.238
2026-06-18T05:26:39.784541+02:00;standby;19.9;28.7;5.0;25.0;54.1;57.0;0;0;0;0;16276.94;11280.08;4996.86;32421.238
2026-06-18T05:27:40.307809+02:00;standby;19.9;28.7;5.0;25.0;54.1;57.0;0;0;0;0;16276.94;11280.08;4996.86;32421.238
2026-06-18T05:28:40.818163+02:00;standby;19.9;28.7;5.0;25.0;54.1;57.0;0;0;0;0;16276.94;11280.08;4996.86;32421.238
2026-06-18T05:29:41.395520+02:00;standby;19.9;28.7;5.0;25.0;54.1;57.0;0;0;0;0;16276.94;11280.08;4996.86;32421.238
2026-06-18T05:30:41.928682+02:00;standby;19.9;28.7;5.0;25.0;54.1;57.0;0;0;0;0;16276.94;11280.08;4996.86;32421.238
2026-06-18T05:31:42.483611+02:00;standby;19.9;28.7;5.0;31.0;54.0;57.0;0;0;0;0;16276.94;11280.08;4996.86;32421.238
2026-06-18T05:32:43.068427+02:00;standby;19.9;28.7;5.0;31.0;54.0;57.0;0;0;0;0;16276.94;11280.08;4996.86;32421.238
2026-06-18T05:33:43.618030+02:00;standby;19.9;28.7;5.0;31.0;54.0;57.0;0;0;0;0;16276.94;11280.08;4996.86;32421.238
2026-06-18T05:34:44.195506+02:00;standby;19.9;28.7;5.0;31.0;54.0;57.0;0;0;0;0;16276.94;11280.08;4996.86;32421.238
2026-06-18T05:35:44.760224+02:00;standby;19.9;28.7;5.0;31.0;54.0;57.0;0;0;0;0;16276.94;11280.08;4996.86;32421.238
2026-06-18T05:36:45.239914+02:00;standby;19.9;28.7;5.0;31.0;54.0;57.0;0;0;0;0;16276.94;11280.08;4996.86;32421.238
2026-06-18T05:37:45.908534+02:00;standby;19.4;28.7;5.0;31.0;54.0;57.0;0;0;0;0;16276.94;11280.08;4996.86;32421.238
2026-06-18T05:38:46.430391+02:00;standby;19.4;28.6;5.0;31.0;54.0;57.0;0;0;0;0;16276.94;11280.08;4996.86;32421.238
2026-06-18T05:39:46.936153+02:00;standby;19.4;28.6;5.0;31.0;54.0;57.0;0;0;0;0;16276.94;11280.08;4996.86;32421.238
2026-06-18T05:40:47.457244+02:00;standby;19.4;28.6;5.0;31.0;54.0;57.0;0;0;0;0;16276.94;11280.08;4996.86;32421.238
2026-06-18T05:41:47.975042+02:00;standby;19.4;28.6;5.0;31.0;54.0;57.0;0;0;0;0;16276.94;11280.08;4996.86;32421.238
2026-06-18T05:42:48.495901+02:00;standby;19.4;28.6;5.0;31.0;53.9;57.0;0;0;0;0;16276.94;11280.08;4996.86;32421.238
2026-06-18T05:43:49.015831+02:00;standby;19.4;28.6;5.0;31.0;53.9;57.0;0;0;0;0;16276.94;11280.08;4996.86;32421.238
2026-06-18T05:44:50.315049+02:00;standby;19.4;28.6;5.0;31.0;53.9;57.0;0;0;0;0;16276.94;11280.08;4996.86;32421.238
2026-06-18T05:45:51.238100+02:00;standby;19.4;28.6;5.0;31.0;53.9;57.0;0;0;0;0;16276.94;11280.08;4996.86;32421.238
2026-06-18T05:46:51.760430+02:00;standby;19.4;28.6;5.0;31.0;53.9;57.0;0;0;0;0;16276.94;11280.08;4996.86;32421.238
2026-06-18T05:47:52.318096+02:00;standby;19.4;28.6;5.0;31.0;53.9;57.0;0;0;0;0;16276.94;11280.08;4996.86;32421.238
2026-06-18T05:48:52.953224+02:00;standby;19.4;28.6;5.0;31.0;53.9;57.0;0;0;0;0;16276.94;11280.08;4996.86;32421.238
2026-06-18T05:49:53.575959+02:00;standby;19.4;28.6;5.0;31.0;53.9;57.0;0;0;0;0;16276.94;11280.08;4996.86;32421.238
2026-06-18T05:50:54.211468+02:00;standby;19.4;28.5;5.0;31.0;53.9;57.0;0;0;0;0;16276.94;11280.08;4996.86;32421.238
2026-06-18T05:51:55.121034+02:00;standby;19.4;28.5;5.0;31.0;53.9;57.0;0;0;0;0;16276.94;11280.08;4996.86;32421.238
2026-06-18T05:52:55.646334+02:00;standby;19.4;28.5;5.0;31.0;53.9;57.0;0;0;0;0;16276.94;11280.08;4996.86;32421.238
2026-06-18T05:53:56.256876+02:00;standby;19.4;28.5;5.0;31.0;53.9;57.0;0;0;0;0;16276.94;11280.08;4996.86;32421.238
2026-06-18T05:54:56.847982+02:00;standby;19.4;28.5;5.0;31.0;53.8;57.0;0;0;0;0;16276.94;11280.08;4996.86;32421.238
2026-06-18T05:55:57.365881+02:00;standby;19.4;28.5;5.0;31.0;53.8;57.0;0;0;0;0;16276.94;11280.08;4996.86;32421.238
2026-06-18T05:56:57.886507+02:00;standby;19.4;28.5;5.0;31.0;53.8;57.0;0;0;0;0;16276.94;11280.08;4996.86;32421.238
2026-06-18T05:57:58.404598+02:00;standby;19.4;28.5;5.0;31.0;53.8;57.0;0;0;0;0;16276.94;11280.08;4996.86;32421.238
2026-06-18T05:58:59.131184+02:00;standby;19.4;28.5;5.0;31.0;53.8;57.0;0;0;0;0;16276.94;11280.08;4996.86;32421.238
2026-06-18T05:59:59.747613+02:00;standby;19.4;28.5;5.0;31.0;53.8;57.0;0;0;0;0;16276.94;11280.08;4996.86;32421.238
2026-06-18T06:01:00.314766+02:00;standby;19.4;28.5;5.0;31.0;53.8;57.0;0;0;0;0;16276.94;11280.08;4996.86;32421.238
2026-06-18T06:02:00.784608+02:00;standby;19.4;28.5;5.0;31.0;53.8;57.0;0;0;0;0;16276.94;11280.08;4996.86;32421.238
2026-06-18T06:03:01.512473+02:00;standby;19.4;28.5;5.0;31.0;53.8;57.0;0;0;0;0;16276.94;11280.08;4996.86;32421.238
2026-06-18T06:04:02.038973+02:00;standby;19.4;28.5;5.0;31.0;53.8;57.0;0;0;0;0;16276.94;11280.08;4996.86;32421.238
2026-06-18T06:05:02.587641+02:00;standby;19.4;28.3;5.0;31.0;53.8;57.0;0;0;0;0;16276.94;11280.08;4996.86;32421.238
2026-06-18T06:06:03.107538+02:00;standby;19.4;28.3;5.0;31.0;53.7;57.0;0;0;0;0;16276.94;11280.08;4996.86;32421.238
2026-06-18T06:07:03.742612+02:00;standby;19.4;28.3;5.0;31.0;53.7;57.0;0;0;0;0;16276.94;11280.08;4996.86;32421.238
2026-06-18T06:08:04.329374+02:00;standby;19.4;28.3;5.0;31.0;53.7;57.0;0;0;0;0;16276.94;11280.08;4996.86;32421.238
2026-06-18T06:09:04.878606+02:00;standby;19.4;28.3;5.0;31.0;53.7;57.0;0;0;0;0;16276.94;11280.08;4996.86;32421.238
2026-06-18T06:10:05.593692+02:00;standby;19.4;28.3;5.0;31.0;53.7;57.0;0;0;0;0;16276.94;11280.08;4996.86;32421.238
2026-06-18T06:11:06.338540+02:00;standby;19.4;28.3;5.0;31.0;53.7;57.0;0;0;0;0;16276.94;11280.08;4996.86;32421.238
2026-06-18T06:12:06.841046+02:00;standby;19.4;28.3;5.0;31.0;53.7;57.0;0;0;0;0;16276.94;11280.08;4996.86;32421.238
2026-06-18T06:13:07.738618+02:00;standby;19.4;28.3;5.0;31.0;53.7;57.0;0;0;0;0;16276.94;11280.08;4996.86;32421.238
2026-06-18T06:14:08.354382+02:00;standby;19.4;28.3;5.0;31.0;53.7;57.0;0;0;0;0;16276.94;11280.08;4996.86;32421.238
2026-06-18T06:15:08.837701+02:00;standby;19.4;28.3;5.0;31.0;53.7;57.0;0;0;0;0;16276.94;11280.08;4996.86;32421.238
2026-06-18T06:16:09.429724+02:00;standby;19.4;28.3;5.0;31.0;53.7;57.0;0;0;0;0;16276.94;11280.08;4996.86;32421.238
2026-06-18T06:17:10.045519+02:00;standby;19.4;28.3;5.0;31.0;53.6;57.0;0;0;0;0;16276.94;11280.08;4996.86;32421.238
2026-06-18T06:18:10.746789+02:00;standby;19.4;28.2;5.0;31.0;53.6;57.0;0;0;0;0;16276.94;11280.08;4996.86;32421.238
2026-06-18T06:19:11.303222+02:00;standby;19.4;28.2;5.0;31.0;53.6;57.0;0;0;0;0;16276.94;11280.08;4996.86;32421.238
2026-06-18T06:20:11.811445+02:00;standby;19.4;28.2;5.0;31.0;53.6;57.0;0;0;0;0;16276.94;11280.08;4996.86;32421.238
2026-06-18T06:21:12.659927+02:00;standby;19.4;28.2;5.0;31.0;53.6;57.0;0;0;0;0;16276.94;11280.08;4996.86;32421.238
2026-06-18T06:22:13.441590+02:00;standby;19.4;28.2;5.0;31.0;53.6;57.0;0;0;0;0;16276.94;11280.08;4996.86;32421.238
2026-06-18T06:23:14.716881+02:00;standby;19.4;28.2;5.0;31.0;53.6;57.0;0;0;0;0;16276.94;11280.08;4996.86;32421.238
2026-06-18T06:24:15.422722+02:00;standby;19.4;28.2;5.0;31.0;53.6;57.0;0;0;0;0;16276.94;11280.08;4996.86;32421.238
2026-06-18T06:25:15.926368+02:00;standby;19.4;28.2;5.0;31.0;53.6;57.0;0;0;0;0;16276.94;11280.08;4996.86;32421.238
2026-06-18T06:26:16.467965+02:00;standby;19.4;28.2;5.0;31.0;53.6;57.0;0;0;0;0;16276.94;11280.08;4996.86;32421.238
2026-06-18T06:27:16.981748+02:00;standby;19.4;28.2;5.0;31.0;53.6;57.0;0;0;0;0;16276.94;11280.08;4996.86;32421.238
2026-06-18T06:28:17.506860+02:00;standby;19.4;28.2;5.0;31.0;53.6;57.0;0;0;0;0;16276.94;11280.08;4996.86;32421.238
2026-06-18T06:29:17.994456+02:00;standby;19.4;28.2;5.0;30.0;53.5;57.0;0;0;0;0;16276.94;11280.08;4996.86;32421.238
2026-06-18T06:30:18.542126+02:00;standby;19.4;28.2;5.0;30.0;53.5;57.0;0;0;0;0;16276.94;11280.08;4996.86;32421.238
2026-06-18T06:31:19.064575+02:00;standby;19.4;28.2;5.0;30.0;53.5;57.0;0;0;0;0;16276.94;11280.08;4996.86;32421.238
2026-06-18T06:32:19.555093+02:00;standby;19.4;28.2;5.0;30.0;53.5;57.0;0;0;0;0;16276.94;11280.08;4996.86;32421.238
2026-06-18T06:33:20.161160+02:00;standby;19.4;28.0;5.0;30.0;53.5;57.0;0;0;0;0;16276.94;11280.08;4996.86;32421.238
2026-06-18T06:34:20.679150+02:00;standby;19.4;28.2;5.0;30.0;53.5;57.0;0;0;0;0;16276.94;11280.08;4996.86;32421.238
2026-06-18T06:35:21.570375+02:00;standby;19.4;28.0;5.0;30.0;53.5;57.0;0;0;0;0;16276.94;11280.08;4996.86;32421.238
2026-06-18T06:36:22.047591+02:00;standby;19.4;28.0;5.0;30.0;53.5;57.0;0;0;0;0;16276.94;11280.08;4996.86;32421.238
2026-06-18T06:37:22.650483+02:00;standby;19.4;28.0;5.0;30.0;53.5;57.0;0;0;0;0;16276.94;11280.08;4996.86;32421.238
2026-06-18T06:38:23.167945+02:00;standby;20.0;28.0;5.0;30.0;53.5;57.0;0;0;0;0;16276.94;11280.08;4996.86;32421.238
2026-06-18T06:39:24.348460+02:00;standby;20.0;28.0;5.0;30.0;53.4;57.0;0;0;0;0;16276.94;11280.08;4996.86;32421.238
2026-06-18T06:40:24.880854+02:00;standby;20.0;28.0;5.0;30.0;53.5;57.0;0;0;0;0;16276.94;11280.08;4996.86;32421.238
2026-06-18T06:41:25.381148+02:00;standby;20.0;28.0;5.0;30.0;53.4;57.0;0;0;0;0;16276.94;11280.08;4996.86;32421.238
2026-06-18T06:42:26.021806+02:00;standby;20.0;28.0;5.0;30.0;53.4;57.0;0;0;0;0;16276.94;11280.08;4996.86;32421.238
2026-06-18T06:43:26.535486+02:00;standby;20.0;28.0;5.0;30.0;53.4;57.0;0;0;0;0;16276.94;11280.08;4996.86;32421.238
2026-06-18T06:44:27.044907+02:00;standby;20.0;28.0;5.0;30.0;53.4;57.0;0;0;0;0;16276.94;11280.08;4996.86;32421.238
2026-06-18T06:45:27.739299+02:00;standby;20.0;28.0;5.0;30.0;53.4;57.0;0;0;0;0;16276.94;11280.08;4996.86;32421.238
2026-06-18T06:46:28.285968+02:00;standby;20.0;28.0;5.0;30.0;53.4;57.0;0;0;0;0;16276.94;11280.08;4996.86;32421.238
2026-06-18T06:47:28.951996+02:00;standby;20.0;28.0;5.0;30.0;53.4;57.0;0;0;0;0;16276.94;11280.08;4996.86;32421.238
2026-06-18T06:48:29.527282+02:00;standby;20.0;27.9;5.0;30.0;53.4;57.0;0;0;0;0;16276.94;11280.08;4996.86;32421.238
2026-06-18T06:49:33.031989+02:00;standby;20.0;27.9;5.0;29.0;53.4;57.0;0;0;0;0;16276.94;11280.08;4996.86;32421.238
2026-06-18T06:50:33.654605+02:00;standby;20.0;28.0;5.0;29.0;53.4;57.0;0;0;0;0;16276.94;11280.08;4996.86;32421.238
2026-06-18T06:51:34.219953+02:00;standby;20.0;27.9;5.0;29.0;53.4;57.0;0;0;0;0;16276.94;11280.08;4996.86;32421.238
2026-06-18T06:52:35.216572+02:00;standby;20.0;27.9;5.0;29.0;53.3;57.0;0;0;0;0;16276.94;11280.08;4996.86;32421.238
2026-06-18T06:53:35.771965+02:00;standby;20.0;27.9;5.0;29.0;53.3;57.0;0;0;0;0;16276.94;11280.08;4996.86;32421.238
2026-06-18T06:54:36.300484+02:00;standby;20.0;27.9;5.0;29.0;53.3;57.0;0;0;0;0;16276.94;11280.08;4996.86;32421.238
2026-06-18T06:55:36.925551+02:00;standby;20.0;27.9;5.0;29.0;53.3;57.0;0;0;0;0;16276.94;11280.08;4996.86;32421.238
2026-06-18T06:56:37.738825+02:00;standby;20.0;27.9;5.0;29.0;53.3;57.0;0;0;0;0;16276.94;11280.08;4996.86;32421.238
2026-06-18T06:57:38.513441+02:00;standby;20.0;27.9;5.0;29.0;53.3;57.0;0;0;0;0;16276.94;11280.08;4996.86;32421.238
2026-06-18T06:58:39.066081+02:00;standby;20.0;27.9;5.0;28.0;53.3;57.0;0;0;0;0;16276.94;11280.08;4996.86;32421.238
2026-06-18T06:59:39.535313+02:00;standby;20.0;27.9;5.0;28.0;53.3;57.0;0;0;0;0;16276.94;11280.08;4996.86;32421.238
2026-06-18T07:00:40.367563+02:00;standby;20.0;27.9;5.0;28.0;53.3;57.0;0;0;0;0;16276.94;11280.08;4996.86;32421.238
2026-06-18T07:01:41.109444+02:00;standby;20.0;27.9;5.0;28.0;53.3;57.0;0;0;0;0;16276.94;11280.08;4996.86;32421.238
2026-06-18T07:02:41.605587+02:00;standby;20.0;27.9;5.0;28.0;53.3;57.0;0;0;0;0;16276.94;11280.08;4996.86;32421.238
2026-06-18T07:03:42.122445+02:00;standby;20.0;27.9;5.0;28.0;53.2;57.0;0;0;0;0;16276.94;11280.08;4996.86;32421.238
2026-06-18T07:04:42.860401+02:00;standby;20.0;27.9;5.0;28.0;53.2;57.0;0;0;0;0;16276.94;11280.08;4996.86;32421.238
2026-06-18T07:05:43.776457+02:00;standby;20.0;27.9;5.0;28.0;53.2;57.0;0;0;0;0;16276.94;11280.08;4996.86;32421.238
2026-06-18T07:06:44.302253+02:00;standby;20.0;27.7;5.0;28.0;53.2;57.0;0;0;0;0;16276.94;11280.08;4996.86;32421.238
2026-06-18T07:07:44.826030+02:00;standby;20.0;27.7;5.0;28.0;53.2;57.0;0;0;0;0;16276.94;11280.08;4996.86;32421.238
2026-06-18T07:08:45.338212+02:00;standby;20.0;27.7;5.0;28.0;53.2;57.0;0;0;0;0;16276.94;11280.08;4996.86;32421.238
2026-06-18T07:09:45.959209+02:00;standby;20.0;27.7;5.0;28.0;53.2;57.0;0;0;0;0;16276.94;11280.08;4996.86;32421.238
2026-06-18T07:10:46.480770+02:00;standby;20.0;27.9;5.0;28.0;53.2;57.0;0;0;0;0;16276.94;11280.08;4996.86;32421.238
2026-06-18T07:11:47.400619+02:00;standby;20.0;27.7;5.0;28.0;53.2;57.0;0;0;0;0;16276.94;11280.08;4996.86;32421.238
2026-06-18T07:12:48.171993+02:00;standby;20.0;27.7;5.0;28.0;53.2;57.0;0;0;0;0;16276.94;11280.08;4996.86;32421.238
2026-06-18T07:13:48.689920+02:00;standby;20.0;27.7;5.0;28.0;53.2;57.0;0;0;0;0;16276.94;11280.08;4996.86;32421.238
2026-06-18T07:14:49.281210+02:00;standby;20.0;27.7;5.0;28.0;53.2;57.0;0;0;0;0;16276.94;11280.08;4996.86;32421.238
2026-06-18T07:15:49.853395+02:00;standby;20.0;27.7;5.0;28.0;53.1;57.0;0;0;0;0;16276.94;11280.08;4996.86;32421.238
2026-06-18T07:16:50.844321+02:00;standby;20.0;27.7;5.0;28.0;53.1;57.0;0;0;0;0;16276.94;11280.08;4996.86;32421.238
2026-06-18T07:17:51.434524+02:00;standby;20.0;27.7;5.0;28.0;53.1;57.0;0;0;0;0;16276.94;11280.08;4996.86;32421.238
2026-06-18T07:18:51.979515+02:00;standby;20.0;27.7;5.0;28.0;53.1;57.0;0;0;0;0;16276.94;11280.08;4996.86;32421.238
2026-06-18T07:19:52.748729+02:00;standby;20.0;27.7;5.0;28.0;53.1;57.0;0;0;0;0;16276.94;11280.08;4996.86;32421.238
2026-06-18T07:20:53.268368+02:00;standby;20.0;27.7;5.0;28.0;53.1;57.0;0;0;0;0;16276.94;11280.08;4996.86;32421.238
2026-06-18T07:21:53.891071+02:00;standby;20.0;27.7;5.0;28.0;53.1;57.0;0;0;0;0;16276.94;11280.08;4996.86;32421.238
2026-06-18T07:22:54.419300+02:00;standby;20.0;27.7;5.0;28.0;53.1;57.0;0;0;0;0;16276.94;11280.08;4996.86;32421.238
2026-06-18T07:23:55.005816+02:00;standby;20.0;27.7;5.0;28.0;53.1;57.0;0;0;0;0;16276.94;11280.08;4996.86;32421.238
2026-06-18T07:24:55.558219+02:00;standby;20.0;27.6;5.0;28.0;52.9;57.0;0;0;0;0;16276.94;11280.08;4996.86;32421.238
2026-06-18T07:25:56.101506+02:00;standby;20.0;27.6;5.0;28.0;53.1;57.0;0;0;0;0;16276.94;11280.08;4996.86;32421.238
2026-06-18T07:26:56.741481+02:00;standby;20.0;27.7;5.0;28.0;52.9;57.0;0;0;0;0;16276.94;11280.08;4996.86;32421.238
2026-06-18T07:27:57.250204+02:00;standby;20.0;27.6;5.0;28.0;52.9;57.0;0;0;0;0;16276.94;11280.08;4996.86;32421.238
2026-06-18T07:28:58.175137+02:00;standby;20.0;27.6;5.0;28.0;52.9;57.0;0;0;0;0;16276.94;11280.08;4996.86;32421.238
2026-06-18T07:29:58.686377+02:00;standby;20.0;27.6;5.0;28.0;52.9;57.0;0;0;0;0;16276.94;11280.08;4996.86;32421.238
2026-06-18T07:30:59.357299+02:00;standby;20.0;27.6;5.0;28.0;52.9;57.0;0;0;0;0;16276.94;11280.08;4996.86;32421.238
2026-06-18T07:31:59.950470+02:00;standby;20.0;27.6;5.0;28.0;52.9;57.0;0;0;0;0;16276.94;11280.08;4996.86;32421.238
2026-06-18T07:33:00.566014+02:00;standby;20.0;27.6;5.0;28.0;52.9;57.0;0;0;0;0;16276.94;11280.08;4996.86;32421.238
2026-06-18T07:34:02.716607+02:00;standby;20.0;27.6;5.0;28.0;52.9;57.0;0;0;0;0;16276.94;11280.08;4996.86;32421.238
2026-06-18T07:35:03.235139+02:00;standby;20.0;27.6;5.0;28.0;52.9;57.0;0;0;0;0;16276.94;11280.08;4996.86;32421.238
2026-06-18T07:36:03.750904+02:00;standby;20.0;27.6;5.0;28.0;52.9;57.0;0;0;0;0;16276.94;11280.08;4996.86;32421.238
2026-06-18T07:37:04.277398+02:00;standby;20.0;27.6;5.0;28.0;52.9;57.0;0;0;0;0;16276.94;11280.08;4996.86;32421.238
2026-06-18T07:38:04.820058+02:00;standby;20.0;27.6;5.0;28.0;52.8;57.0;0;0;0;0;16276.94;11280.08;4996.86;32421.238
2026-06-18T07:39:05.355604+02:00;standby;23.7;27.6;5.0;28.0;52.8;57.0;0;0;0;0;16276.94;11280.08;4996.86;32421.238
2026-06-18T07:40:05.939619+02:00;standby;23.7;27.6;5.0;28.0;52.8;57.0;0;0;0;0;16276.94;11280.08;4996.86;32421.238
2026-06-18T07:41:06.458524+02:00;standby;23.7;27.6;5.0;28.0;52.8;57.0;0;0;0;0;16276.94;11280.08;4996.86;32421.238
2026-06-18T07:42:06.970379+02:00;standby;23.7;27.6;5.0;28.0;52.8;57.0;0;0;0;0;16276.94;11280.08;4996.86;32421.238
2026-06-18T07:43:07.499656+02:00;standby;23.7;27.6;5.0;28.0;52.8;57.0;0;0;0;0;16276.94;11280.08;4996.86;32421.238
2026-06-18T07:44:08.085910+02:00;standby;23.7;27.6;5.0;28.0;52.8;57.0;0;0;0;0;16276.94;11280.08;4996.86;32421.238
2026-06-18T07:45:08.633244+02:00;standby;23.7;27.5;5.0;28.0;52.8;57.0;0;0;0;0;16276.94;11280.08;4996.86;32421.238
2026-06-18T07:46:09.161970+02:00;standby;23.7;27.5;5.0;28.0;52.8;57.0;0;0;0;0;16276.94;11280.08;4996.86;32421.238
2026-06-18T07:47:09.669197+02:00;standby;23.7;27.5;5.0;28.0;52.8;57.0;0;0;0;0;16276.94;11280.08;4996.86;32421.238
2026-06-18T07:48:10.207347+02:00;standby;23.7;27.5;5.0;28.0;52.8;57.0;0;0;0;0;16276.94;11280.08;4996.86;32421.238
2026-06-18T07:49:10.787473+02:00;standby;23.7;27.5;5.0;28.0;52.8;57.0;0;0;0;0;16276.94;11280.08;4996.86;32421.238
2026-06-18T07:50:11.331435+02:00;standby;23.7;27.5;5.0;28.0;52.7;57.0;0;0;0;0;16276.94;11280.08;4996.86;32421.238
2026-06-18T07:51:12.313062+02:00;standby;23.7;27.5;5.0;28.0;52.7;57.0;0;0;0;0;16276.94;11280.08;4996.86;32421.238
2026-06-18T07:52:12.881081+02:00;standby;23.7;27.5;5.0;28.0;52.7;57.0;0;0;0;0;16276.94;11280.08;4996.86;32421.238
2026-06-18T07:53:13.398137+02:00;standby;23.7;27.5;5.0;28.0;52.7;57.0;0;0;0;0;16276.94;11280.08;4996.86;32421.238
2026-06-18T07:54:13.966966+02:00;standby;23.7;27.5;5.0;28.0;52.7;57.0;0;0;0;0;16276.94;11280.08;4996.86;32421.238
2026-06-18T07:55:14.647430+02:00;standby;23.7;27.5;5.0;28.0;52.7;57.0;0;0;0;0;16276.94;11280.08;4996.86;32421.238
2026-06-18T07:56:15.263432+02:00;standby;23.7;27.5;5.0;28.0;52.7;57.0;0;0;0;0;16276.94;11280.08;4996.86;32421.238
2026-06-18T07:57:15.827322+02:00;standby;23.7;27.5;5.0;28.0;52.7;57.0;0;0;0;0;16276.94;11280.08;4996.86;32421.238
2026-06-18T07:58:16.308093+02:00;standby;23.7;27.5;5.0;28.0;52.7;57.0;0;0;0;0;16276.94;11280.08;4996.86;32421.238
2026-06-18T07:59:16.823205+02:00;standby;23.7;27.5;5.0;28.0;52.7;57.0;0;0;0;0;16276.94;11280.08;4996.86;32421.238
2026-06-18T08:00:17.547887+02:00;standby;23.7;27.5;5.0;28.0;52.7;57.0;0;0;0;0;16276.94;11280.08;4996.86;32421.238
2026-06-18T08:01:18.379432+02:00;standby;23.7;27.5;5.0;28.0;52.6;57.0;0;0;0;0;16276.94;11280.08;4996.86;32421.238
2026-06-18T08:02:18.891073+02:00;standby;23.7;27.5;5.0;28.0;52.6;57.0;0;0;0;0;16276.94;11280.08;4996.86;32421.238
2026-06-18T08:03:19.623922+02:00;standby;23.7;27.5;5.0;28.0;52.6;57.0;0;0;0;0;16276.94;11280.08;4996.86;32421.238
2026-06-18T08:04:20.189978+02:00;standby;23.7;27.5;5.0;28.0;52.6;57.0;0;0;0;0;16276.94;11280.08;4996.86;32421.238
2026-06-18T08:05:20.802044+02:00;standby;23.7;27.3;5.0;28.0;52.6;57.0;0;0;0;0;16276.94;11280.08;4996.86;32421.238
2026-06-18T08:06:21.326194+02:00;standby;23.7;27.3;5.0;28.0;52.6;57.0;0;0;0;0;16276.94;11280.08;4996.86;32421.238
2026-06-18T08:07:22.509447+02:00;standby;23.7;27.5;5.0;28.0;52.6;57.0;0;0;0;0;16276.94;11280.08;4996.86;32421.238
2026-06-18T08:08:23.041317+02:00;standby;23.7;27.3;5.0;28.0;52.6;57.0;0;0;0;0;16276.94;11280.08;4996.86;32421.238
2026-06-18T08:09:23.552453+02:00;standby;23.7;27.3;5.0;28.0;52.6;57.0;0;0;0;0;16276.94;11280.08;4996.86;32421.238
2026-06-18T08:10:24.043541+02:00;standby;23.7;27.3;5.0;28.0;52.6;57.0;0;0;0;0;16276.94;11280.08;4996.86;32421.238
2026-06-18T08:11:24.617552+02:00;standby;23.7;27.3;5.0;28.0;52.6;57.0;0;0;0;0;16276.94;11280.08;4996.86;32421.238
2026-06-18T08:12:25.253659+02:00;standby;23.7;27.3;5.0;28.0;52.6;57.0;0;0;0;0;16276.94;11280.08;4996.86;32421.238
2026-06-18T08:13:25.949865+02:00;standby;23.7;27.3;5.0;28.0;52.5;57.0;0;0;0;0;16276.94;11280.08;4996.86;32421.238
2026-06-18T08:14:26.498655+02:00;standby;23.7;27.3;5.0;28.0;52.5;57.0;0;0;0;0;16276.94;11280.08;4996.86;32421.238
2026-06-18T08:15:27.077335+02:00;standby;23.7;27.3;5.0;28.0;52.5;57.0;0;0;0;0;16276.94;11280.08;4996.86;32421.238
2026-06-18T08:16:27.637110+02:00;standby;23.7;27.3;5.0;28.0;52.5;57.0;0;0;0;0;16276.94;11280.08;4996.86;32421.238
2026-06-18T08:17:28.161387+02:00;standby;23.7;27.3;5.0;28.0;52.5;57.0;0;0;0;0;16276.94;11280.08;4996.86;32421.238
2026-06-18T08:18:28.852119+02:00;standby;23.7;27.3;5.0;28.0;52.5;57.0;0;0;0;0;16276.94;11280.08;4996.86;32421.238
2026-06-18T08:19:29.358109+02:00;standby;23.7;27.3;5.0;28.0;52.5;57.0;0;0;0;0;16276.94;11280.08;4996.86;32421.238
2026-06-18T08:20:30.395056+02:00;standby;23.7;27.3;5.0;28.0;52.5;57.0;0;0;0;0;16276.94;11280.08;4996.86;32421.238
2026-06-18T08:21:31.009234+02:00;standby;23.7;27.3;5.0;28.0;52.5;57.0;0;0;0;0;16276.94;11280.08;4996.86;32421.238
2026-06-18T08:22:31.945487+02:00;standby;23.7;27.3;5.0;28.0;52.5;57.0;0;0;0;0;16276.94;11280.08;4996.86;32421.238
2026-06-18T08:23:32.471147+02:00;standby;23.7;27.3;5.0;28.0;52.4;57.0;0;0;0;0;16276.94;11280.08;4996.86;32421.238
2026-06-18T08:24:33.080937+02:00;standby;23.7;27.3;5.0;28.0;52.4;57.0;0;0;0;0;16276.94;11280.08;4996.86;32421.238
2026-06-18T08:25:33.597002+02:00;standby;23.7;27.3;5.0;28.0;52.4;57.0;0;0;0;0;16276.94;11280.08;4996.86;32421.238
2026-06-18T08:26:34.220704+02:00;standby;23.7;27.3;5.0;28.0;52.4;57.0;0;0;0;0;16276.94;11280.08;4996.86;32421.238
2026-06-18T08:27:34.752179+02:00;standby;23.7;27.2;5.0;28.0;52.4;57.0;0;0;0;0;16276.94;11280.08;4996.86;32421.238
2026-06-18T08:28:35.433523+02:00;standby;23.7;27.3;5.0;28.0;52.4;57.0;0;0;0;0;16276.94;11280.08;4996.86;32421.238
2026-06-18T08:29:36.216239+02:00;standby;23.7;27.2;5.0;28.0;52.4;57.0;0;0;0;0;16276.94;11280.08;4996.86;32421.238
2026-06-18T08:30:36.754627+02:00;standby;23.7;27.3;5.0;28.0;52.4;57.0;0;0;0;0;16276.94;11280.08;4996.86;32421.238
2026-06-18T08:31:37.511361+02:00;standby;23.7;27.3;5.0;28.0;52.4;57.0;0;0;0;0;16276.94;11280.08;4996.86;32421.238
2026-06-18T08:32:38.058626+02:00;standby;23.7;27.2;5.0;28.0;52.4;57.0;0;0;0;0;16276.94;11280.08;4996.86;32421.238
2026-06-18T08:33:38.592553+02:00;standby;23.7;27.2;5.0;28.0;52.4;57.0;0;0;0;0;16276.94;11280.08;4996.86;32421.238
2026-06-18T08:34:39.154704+02:00;standby;23.7;27.2;5.0;28.0;52.4;57.0;0;0;0;0;16276.94;11280.08;4996.86;32421.238
2026-06-18T08:35:39.720354+02:00;standby;23.7;27.2;5.0;28.0;52.4;57.0;0;0;0;0;16276.94;11280.08;4996.86;32421.238
2026-06-18T08:36:40.212334+02:00;standby;23.7;27.2;5.0;28.0;52.3;57.0;0;0;0;0;16276.94;11280.08;4996.86;32421.238
2026-06-18T08:37:41.793236+02:00;standby;23.7;27.2;5.0;28.0;52.3;57.0;0;0;0;0;16276.94;11280.08;4996.86;32421.238
2026-06-18T08:38:42.294544+02:00;standby;23.7;27.2;5.0;28.0;52.3;57.0;0;0;0;0;16276.94;11280.08;4996.86;32421.238
2026-06-18T08:39:42.920423+02:00;standby;24.6;27.2;5.0;28.0;52.3;57.0;0;0;0;0;16276.94;11280.08;4996.86;32421.238
2026-06-18T08:40:43.443024+02:00;standby;24.6;27.2;5.0;28.0;52.3;57.0;0;0;0;0;16276.94;11280.08;4996.86;32421.238
2026-06-18T08:41:43.855021+02:00;standby;24.6;27.2;5.0;28.0;52.3;57.0;0;0;0;0;16276.94;11280.08;4996.86;32421.238
2026-06-18T08:42:44.373398+02:00;standby;24.6;27.2;5.0;28.0;52.3;57.0;0;0;0;0;16276.94;11280.08;4996.86;32421.238
2026-06-18T08:43:45.095514+02:00;standby;24.6;27.2;5.0;28.0;52.3;57.0;0;0;0;0;16276.94;11280.08;4996.86;32421.238
2026-06-18T08:44:45.631326+02:00;standby;24.6;27.2;5.0;28.0;52.3;57.0;0;0;0;0;16276.94;11280.08;4996.86;32421.238
2026-06-18T08:45:46.555618+02:00;standby;24.6;27.2;5.0;28.0;52.3;57.0;0;0;0;0;16276.94;11280.08;4996.86;32421.238
2026-06-18T08:46:47.164760+02:00;standby;24.6;27.2;5.0;28.0;52.2;57.0;0;0;0;0;16276.94;11280.08;4996.86;32421.238
2026-06-18T08:47:47.784442+02:00;standby;24.6;27.2;5.0;28.0;52.2;57.0;0;0;0;0;16276.94;11280.08;4996.86;32421.238
2026-06-18T08:48:48.306433+02:00;standby;24.6;27.2;5.0;28.0;52.2;57.0;0;0;0;0;16276.94;11280.08;4996.86;32421.238
2026-06-18T08:49:48.829043+02:00;standby;24.6;27.2;5.0;28.0;52.2;57.0;0;0;0;0;16276.94;11280.08;4996.86;32421.238
2026-06-18T08:50:49.554832+02:00;standby;24.6;27.2;5.0;28.0;52.2;57.0;0;0;0;0;16276.94;11280.08;4996.86;32421.238
2026-06-18T08:51:50.171180+02:00;standby;24.6;27.2;5.0;28.0;52.2;57.0;0;0;0;0;16276.94;11280.08;4996.86;32421.238
2026-06-18T08:52:51.103301+02:00;standby;24.6;27.2;5.0;28.0;52.2;57.0;0;0;0;0;16276.94;11280.08;4996.86;32421.238
2026-06-18T08:53:51.838163+02:00;standby;24.6;27.2;5.0;28.0;52.2;57.0;0;0;0;0;16276.94;11280.08;4996.86;32421.238
2026-06-18T08:54:52.409994+02:00;standby;24.6;27.2;5.0;28.0;52.2;57.0;0;0;0;0;16276.94;11280.08;4996.86;32421.238
2026-06-18T08:55:52.912484+02:00;standby;24.6;27.2;5.0;28.0;52.1;57.0;0;0;0;0;16276.94;11280.08;4996.86;32421.238
2026-06-18T08:56:53.403952+02:00;standby;24.6;27.2;5.0;28.0;52.1;57.0;0;0;0;0;16276.94;11280.08;4996.86;32421.238
2026-06-18T08:57:53.899088+02:00;standby;24.6;27.0;5.0;28.0;52.1;57.0;0;0;0;0;16276.94;11280.08;4996.86;32421.238
2026-06-18T08:58:54.371342+02:00;standby;24.6;27.0;5.0;28.0;52.1;57.0;0;0;0;0;16276.94;11280.08;4996.86;32421.238
2026-06-18T08:59:55.152285+02:00;standby;24.6;27.0;5.0;28.0;52.1;57.0;0;0;0;0;16276.94;11280.08;4996.86;32421.238
2026-06-18T09:00:55.718356+02:00;standby;24.6;27.2;5.0;28.0;52.1;57.0;0;0;0;0;16276.94;11280.08;4996.86;32421.238
2026-06-18T09:01:56.797780+02:00;standby;24.6;27.0;5.0;28.0;52.1;57.0;0;0;0;0;16276.94;11280.08;4996.86;32421.238
2026-06-18T09:02:57.318154+02:00;standby;24.6;27.0;5.0;28.0;52.1;57.0;0;0;0;0;16276.94;11280.08;4996.86;32421.238
2026-06-18T09:03:57.784306+02:00;standby;24.6;27.0;5.0;28.0;52.1;57.0;0;0;0;0;16276.94;11280.08;4996.86;32421.238
2026-06-18T09:04:59.020858+02:00;standby;24.6;27.0;5.0;28.0;52.0;57.0;0;0;0;0;16276.94;11280.08;4996.86;32421.238
2026-06-18T09:05:59.541786+02:00;standby;24.6;27.0;5.0;28.0;52.0;57.0;0;0;0;0;16276.94;11280.08;4996.86;32421.238
2026-06-18T09:07:00.027631+02:00;standby;24.6;27.0;5.0;28.0;52.0;57.0;0;0;0;0;16276.94;11280.08;4996.86;32421.238
2026-06-18T09:08:00.579469+02:00;standby;24.6;27.0;5.0;28.0;52.0;57.0;0;0;0;0;16276.94;11280.08;4996.86;32421.238
2026-06-18T09:09:01.114814+02:00;standby;24.6;27.0;5.0;28.0;52.0;57.0;0;0;0;0;16276.94;11280.08;4996.86;32421.238
2026-06-18T09:10:01.567149+02:00;standby;24.6;27.0;5.0;28.0;52.0;57.0;0;0;0;0;16276.94;11280.08;4996.86;32421.238
2026-06-18T09:11:02.302149+02:00;standby;24.6;27.0;5.0;28.0;52.0;57.0;0;0;0;0;16276.94;11280.08;4996.86;32421.238
2026-06-18T09:12:02.813483+02:00;standby;24.6;27.0;5.0;28.0;51.9;57.0;0;0;0;0;16276.94;11280.08;4996.86;32421.238
2026-06-18T09:13:03.657230+02:00;standby;24.6;27.0;5.0;28.0;51.9;57.0;0;0;0;0;16276.94;11280.08;4996.86;32421.238
2026-06-18T09:14:04.210836+02:00;standby;24.6;27.0;5.0;28.0;51.9;57.0;0;0;0;0;16276.94;11280.08;4996.86;32421.238
2026-06-18T09:15:04.735986+02:00;standby;24.6;27.0;5.0;28.0;51.9;57.0;0;0;0;0;16276.94;11280.08;4996.86;32421.238
2026-06-18T09:16:05.725753+02:00;standby;24.6;27.0;5.0;28.0;51.9;57.0;0;0;0;0;16276.94;11280.08;4996.86;32421.238
2026-06-18T09:17:06.223814+02:00;standby;24.6;27.0;5.0;28.0;51.9;57.0;0;0;0;0;16276.94;11280.08;4996.86;32421.238
2026-06-18T09:18:06.756591+02:00;standby;24.6;27.0;5.0;28.0;51.9;57.0;0;0;0;0;16276.94;11280.08;4996.86;32421.238
2026-06-18T09:19:07.313166+02:00;standby;24.6;27.0;5.0;28.0;51.8;57.0;0;0;0;0;16276.94;11280.08;4996.86;32421.238
2026-06-18T09:20:07.906915+02:00;standby;24.6;27.0;5.0;28.0;51.7;57.0;0;0;0;0;16276.94;11280.08;4996.86;32421.238
2026-06-18T09:21:08.424302+02:00;standby;24.6;27.0;5.0;28.0;51.6;57.0;0;0;0;0;16276.94;11280.08;4996.86;32421.238
2026-06-18T09:22:08.969339+02:00;standby;24.6;27.0;5.0;28.0;51.5;57.0;0;0;0;0;16276.94;11280.08;4996.86;32421.238
2026-06-18T09:23:09.913222+02:00;standby;24.6;27.0;5.0;28.0;51.5;57.0;0;0;0;0;16276.94;11280.08;4996.86;32421.238
2026-06-18T09:24:10.438845+02:00;standby;24.6;27.0;5.0;28.0;51.5;57.0;0;0;0;0;16276.94;11280.08;4996.86;32421.238
2026-06-18T09:25:10.908619+02:00;standby;24.6;27.0;5.0;28.0;51.5;57.0;0;0;0;0;16276.94;11280.08;4996.86;32421.238
2026-06-18T09:26:11.836016+02:00;standby;24.6;27.0;5.0;28.0;51.4;57.0;0;0;0;0;16276.94;11280.08;4996.86;32421.238
2026-06-18T09:27:12.343989+02:00;standby;24.6;27.0;5.0;28.0;51.4;57.0;0;0;0;0;16276.94;11280.08;4996.86;32421.238
2026-06-18T09:28:13.028068+02:00;standby;24.6;27.0;5.0;28.0;51.4;57.0;0;0;0;0;16276.94;11280.08;4996.86;32421.238
2026-06-18T09:29:13.639708+02:00;standby;24.6;27.0;5.0;28.0;51.4;57.0;0;0;0;0;16276.94;11280.08;4996.86;32421.238
2026-06-18T09:30:14.724251+02:00;standby;24.6;27.0;5.0;28.0;51.4;57.0;0;0;0;0;16276.94;11280.08;4996.86;32421.238
2026-06-18T09:31:15.241364+02:00;standby;24.6;27.0;5.0;28.0;51.4;57.0;0;0;0;0;16276.94;11280.08;4996.86;32421.238
2026-06-18T09:32:15.755525+02:00;standby;24.6;26.9;5.0;28.0;51.4;57.0;0;0;0;0;16276.94;11280.08;4996.86;32421.238
2026-06-18T09:33:16.232791+02:00;standby;24.6;26.9;5.0;28.0;51.4;57.0;0;0;0;0;16276.94;11280.08;4996.86;32421.238
2026-06-18T09:34:16.792471+02:00;standby;24.6;26.9;5.0;28.0;51.4;57.0;0;0;0;0;16276.94;11280.08;4996.86;32421.238
2026-06-18T09:35:17.329076+02:00;standby;24.6;26.9;5.0;28.0;51.4;57.0;0;0;0;0;16276.94;11280.08;4996.86;32421.238
2026-06-18T09:36:18.082188+02:00;standby;24.6;26.9;5.0;28.0;51.4;57.0;0;0;0;0;16276.94;11280.08;4996.86;32421.238
2026-06-18T09:37:18.619144+02:00;standby;24.6;26.9;5.0;28.0;51.3;57.0;0;0;0;0;16276.94;11280.08;4996.86;32421.238
2026-06-18T09:38:19.391127+02:00;standby;24.6;26.9;5.0;28.0;51.3;57.0;0;0;0;0;16276.94;11280.08;4996.86;32421.238
2026-06-18T09:39:19.943549+02:00;standby;24.6;26.9;5.0;28.0;51.3;57.0;0;0;0;0;16276.94;11280.08;4996.86;32421.238
2026-06-18T09:40:20.470653+02:00;standby;24.2;26.9;5.0;28.0;51.3;57.0;0;0;0;0;16276.94;11280.08;4996.86;32421.238
2026-06-18T09:41:21.467211+02:00;standby;24.2;26.9;5.0;28.0;51.1;57.0;0;0;0;0;16276.94;11280.08;4996.86;32421.238
2026-06-18T09:42:21.971103+02:00;standby;24.2;26.9;5.0;28.0;50.9;57.0;0;0;0;0;16276.94;11280.08;4996.86;32421.238
2026-06-18T09:43:22.507931+02:00;standby;24.2;26.9;5.0;28.0;50.9;57.0;0;0;0;0;16276.94;11280.08;4996.86;32421.238
2026-06-18T09:44:23.151743+02:00;standby;24.2;26.9;5.0;28.0;50.9;57.0;0;0;0;0;16276.94;11280.08;4996.86;32421.238
2026-06-18T09:45:23.628909+02:00;standby;24.2;26.9;5.0;28.0;50.9;57.0;0;0;0;0;16276.94;11280.08;4996.86;32421.238
2026-06-18T09:46:24.150449+02:00;standby;24.2;26.9;5.0;28.0;50.8;57.0;0;0;0;0;16276.94;11280.08;4996.86;32421.238
2026-06-18T09:47:24.678218+02:00;standby;24.2;26.9;5.0;28.0;50.8;57.0;0;0;0;0;16276.94;11280.08;4996.86;32421.238
2026-06-18T09:48:25.397967+02:00;standby;24.2;26.9;5.0;28.0;50.8;57.0;0;0;0;0;16276.94;11280.08;4996.86;32421.238
2026-06-18T09:49:25.915976+02:00;standby;24.2;26.9;5.0;28.0;50.8;57.0;0;0;0;0;16276.94;11280.08;4996.86;32421.238
2026-06-18T09:50:26.689840+02:00;standby;24.2;26.9;5.0;28.0;50.8;57.0;0;0;0;0;16276.94;11280.08;4996.86;32421.238
2026-06-18T09:51:27.420046+02:00;standby;24.2;26.9;5.0;28.0;50.8;57.0;0;0;0;0;16276.94;11280.08;4996.86;32421.238
2026-06-18T09:52:28.147129+02:00;standby;24.2;26.9;5.0;28.0;50.8;57.0;0;0;0;0;16276.94;11280.08;4996.86;32421.238
2026-06-18T09:53:28.711081+02:00;standby;24.2;26.9;5.0;28.0;50.8;57.0;0;0;0;0;16276.94;11280.08;4996.86;32421.238
2026-06-18T09:54:29.372133+02:00;standby;24.2;26.9;5.0;28.0;50.8;57.0;0;0;0;0;16276.94;11280.08;4996.86;32421.238
2026-06-18T09:55:30.150456+02:00;standby;24.2;26.9;5.0;28.0;50.8;57.0;0;0;0;0;16276.94;11280.08;4996.86;32421.238
2026-06-18T09:56:30.691455+02:00;standby;24.2;26.9;5.0;28.0;50.7;57.0;0;0;0;0;16276.94;11280.08;4996.86;32421.238
2026-06-18T09:57:31.524178+02:00;standby;24.2;26.9;5.0;28.0;50.7;57.0;0;0;0;0;16276.94;11280.08;4996.86;32421.238
2026-06-18T09:58:32.166255+02:00;standby;24.2;26.9;5.0;28.0;50.7;57.0;0;0;0;0;16276.94;11280.08;4996.86;32421.238
2026-06-18T09:59:32.843753+02:00;standby;24.2;26.9;5.0;28.0;50.7;57.0;0;0;0;0;16276.94;11280.08;4996.86;32421.238
2026-06-18T10:00:33.372212+02:00;standby;24.2;26.9;5.0;28.0;50.7;57.0;0;0;0;0;16276.94;11280.08;4996.86;32421.238
2026-06-18T10:01:33.845443+02:00;standby;24.2;26.9;5.0;28.0;50.7;57.0;0;0;0;0;16276.94;11280.08;4996.86;32421.238
2026-06-18T10:02:34.678424+02:00;standby;24.2;26.9;5.0;28.0;50.7;57.0;0;0;0;0;16276.94;11280.08;4996.86;32421.238
2026-06-18T10:03:35.373625+02:00;standby;24.2;26.9;5.0;28.0;50.7;57.0;0;0;0;0;16276.94;11280.08;4996.86;32421.238
2026-06-18T10:04:35.974372+02:00;standby;24.2;26.9;5.0;28.0;50.7;57.0;0;0;0;0;16276.94;11280.08;4996.86;32421.238
2026-06-18T10:05:36.493829+02:00;standby;24.2;26.8;5.0;28.0;50.7;57.0;0;0;0;0;16276.94;11280.08;4996.86;32421.238
2026-06-18T10:06:37.355962+02:00;standby;24.2;26.8;5.0;28.0;50.6;57.0;0;0;0;0;16276.94;11280.08;4996.86;32421.238
2026-06-18T10:07:37.857631+02:00;standby;24.2;26.9;5.0;28.0;50.6;57.0;0;0;0;0;16276.94;11280.08;4996.86;32421.238
2026-06-18T10:08:38.382473+02:00;standby;24.2;26.9;5.0;28.0;50.6;57.0;0;0;0;0;16276.94;11280.08;4996.86;32421.238
2026-06-18T10:09:39.106419+02:00;standby;24.2;26.8;5.0;28.0;50.6;57.0;0;0;0;0;16276.94;11280.08;4996.86;32421.238
2026-06-18T10:10:39.639358+02:00;standby;24.2;26.8;5.0;28.0;50.6;57.0;0;0;0;0;16276.94;11280.08;4996.86;32421.238
2026-06-18T10:11:40.265259+02:00;standby;24.2;26.8;5.0;28.0;50.6;57.0;0;0;0;0;16276.94;11280.08;4996.86;32421.238
2026-06-18T10:12:40.875548+02:00;standby;24.2;26.8;5.0;28.0;50.6;57.0;0;0;0;0;16276.94;11280.08;4996.86;32421.238
2026-06-18T10:13:41.503685+02:00;standby;24.2;26.8;5.0;28.0;50.6;57.0;0;0;0;0;16276.94;11280.08;4996.86;32421.238
2026-06-18T10:14:42.182902+02:00;standby;24.2;26.8;5.0;28.0;50.6;57.0;0;0;0;0;16276.94;11280.08;4996.86;32421.238
2026-06-18T10:15:42.897753+02:00;standby;24.2;26.8;5.0;28.0;50.6;57.0;0;0;0;0;16276.94;11280.08;4996.86;32421.238
2026-06-18T10:16:43.361419+02:00;standby;24.2;26.8;5.0;28.0;50.6;57.0;0;0;0;0;16276.94;11280.08;4996.86;32421.238
2026-06-18T10:17:44.188231+02:00;standby;24.2;26.8;5.0;28.0;50.6;57.0;0;0;0;0;16276.94;11280.08;4996.86;32421.238
2026-06-18T10:18:44.697864+02:00;standby;24.2;26.8;5.0;28.0;50.5;57.0;0;0;0;0;16276.94;11280.08;4996.86;32421.238
2026-06-18T10:19:45.281059+02:00;standby;24.2;26.8;5.0;28.0;50.5;57.0;0;0;0;0;16276.94;11280.08;4996.86;32421.238
2026-06-18T10:20:46.108430+02:00;standby;24.2;26.8;5.0;28.0;50.5;57.0;0;0;0;0;16276.94;11280.08;4996.86;32421.238
2026-06-18T10:21:46.630854+02:00;standby;24.2;26.8;5.0;28.0;50.5;57.0;0;0;0;0;16276.94;11280.08;4996.86;32421.238
2026-06-18T10:22:47.156525+02:00;standby;24.2;26.8;5.0;28.0;50.5;57.0;0;0;0;0;16276.94;11280.08;4996.86;32421.238
2026-06-18T10:23:47.770574+02:00;standby;24.2;26.8;5.0;28.0;50.5;57.0;0;0;0;0;16276.94;11280.08;4996.86;32421.238
2026-06-18T10:24:48.638437+02:00;standby;24.2;26.8;5.0;28.0;50.5;57.0;0;0;0;0;16276.94;11280.08;4996.86;32421.238
2026-06-18T10:25:49.160843+02:00;standby;24.2;26.8;5.0;28.0;50.5;57.0;0;0;0;0;16276.94;11280.08;4996.86;32421.238
2026-06-18T10:26:49.798532+02:00;standby;24.2;26.8;5.0;28.0;50.5;57.0;0;0;0;0;16276.94;11280.08;4996.86;32421.238
2026-06-18T10:27:50.880282+02:00;standby;24.2;26.8;5.0;28.0;50.4;57.0;0;0;0;0;16276.94;11280.08;4996.86;32421.238
2026-06-18T10:28:51.300910+02:00;standby;24.2;26.8;5.0;28.0;50.5;57.0;0;0;0;0;16276.94;11280.08;4996.86;32421.238
2026-06-18T10:29:51.818767+02:00;standby;24.2;26.8;5.0;28.0;50.4;57.0;0;0;0;0;16276.94;11280.08;4996.86;32421.238
2026-06-18T10:30:52.338064+02:00;standby;24.2;26.8;5.0;28.0;50.4;57.0;0;0;0;0;16276.94;11280.08;4996.86;32421.238
2026-06-18T10:31:53.193942+02:00;standby;24.2;26.8;5.0;28.0;50.4;57.0;0;0;0;0;16276.94;11280.08;4996.86;32421.238
2026-06-18T10:32:53.718241+02:00;standby;24.2;26.8;5.0;28.0;50.4;57.0;0;0;0;0;16276.94;11280.08;4996.86;32421.238
2026-06-18T10:33:54.357866+02:00;standby;24.2;26.8;5.0;28.0;50.4;57.0;0;0;0;0;16276.94;11280.08;4996.86;32421.238
2026-06-18T10:34:55.028888+02:00;standby;24.2;26.8;5.0;28.0;50.4;57.0;0;0;0;0;16276.94;11280.08;4996.86;32421.238
2026-06-18T10:35:55.596895+02:00;standby;24.2;26.8;5.0;28.0;50.4;57.0;0;0;0;0;16276.94;11280.08;4996.86;32421.238
2026-06-18T10:36:56.163770+02:00;standby;24.2;26.8;5.0;28.0;50.4;57.0;0;0;0;0;16276.94;11280.08;4996.86;32421.238
2026-06-18T10:37:56.959637+02:00;standby;24.2;26.8;5.0;28.0;50.4;57.0;0;0;0;0;16276.94;11280.08;4996.86;32421.238
2026-06-18T10:38:57.516986+02:00;standby;24.2;26.8;5.0;28.0;50.4;57.0;0;0;0;0;16276.94;11280.08;4996.86;32421.238
2026-06-18T10:39:58.033695+02:00;standby;24.2;26.8;5.0;28.0;50.3;57.0;0;0;0;0;16276.94;11280.08;4996.86;32421.238
2026-06-18T10:40:58.586080+02:00;standby;24.9;26.6;5.0;28.0;50.3;57.0;0;0;0;0;16276.94;11280.08;4996.86;32421.238
2026-06-18T10:41:59.383768+02:00;standby;24.9;26.8;5.0;28.0;50.3;57.0;0;0;0;0;16276.94;11280.08;4996.86;32421.238
2026-06-18T10:42:59.935995+02:00;standby;24.9;26.8;5.0;28.0;50.3;57.0;0;0;0;0;16276.94;11280.08;4996.86;32421.238
2026-06-18T10:44:00.521515+02:00;standby;24.9;26.8;5.0;28.0;50.3;57.0;0;0;0;0;16276.94;11280.08;4996.86;32421.238
2026-06-18T10:45:01.043429+02:00;standby;24.9;26.8;5.0;28.0;50.3;57.0;0;0;0;0;16276.94;11280.08;4996.86;32421.238
2026-06-18T10:46:01.728829+02:00;standby;24.9;26.6;5.0;28.0;50.3;57.0;0;0;0;0;16276.94;11280.08;4996.86;32421.238
2026-06-18T10:47:02.391264+02:00;standby;24.9;26.6;5.0;28.0;50.3;57.0;0;0;0;0;16276.94;11280.08;4996.86;32421.238
2026-06-18T10:48:03.048766+02:00;standby;24.9;26.6;5.0;28.0;50.3;57.0;0;0;0;0;16276.94;11280.08;4996.86;32421.238
2026-06-18T10:49:03.685306+02:00;standby;24.9;26.6;5.0;28.0;50.3;57.0;0;0;0;0;16276.94;11280.08;4996.86;32421.238
2026-06-18T10:50:04.298820+02:00;standby;24.9;26.6;5.0;28.0;50.3;57.0;0;0;0;0;16276.94;11280.08;4996.86;32421.238
2026-06-18T10:51:04.880826+02:00;standby;24.9;26.6;5.0;28.0;50.2;57.0;0;0;0;0;16276.94;11280.08;4996.86;32421.238
2026-06-18T10:52:05.424523+02:00;standby;24.9;26.6;5.0;28.0;50.2;57.0;0;0;0;0;16276.94;11280.08;4996.86;32421.238
2026-06-18T10:53:06.014300+02:00;standby;24.9;26.6;5.0;28.0;50.2;57.0;0;0;0;0;16276.94;11280.08;4996.86;32421.238
2026-06-18T10:54:06.733878+02:00;standby;24.9;26.6;5.0;28.0;50.2;57.0;0;0;0;0;16276.94;11280.08;4996.86;32421.238
2026-06-18T10:55:07.198533+02:00;standby;24.9;26.6;5.0;28.0;50.2;57.0;0;0;0;0;16276.94;11280.08;4996.86;32421.238
2026-06-18T10:56:09.872758+02:00;standby;24.9;26.6;5.0;28.0;50.2;57.0;0;0;0;0;16276.94;11280.08;4996.86;32421.238
2026-06-18T10:57:10.916079+02:00;standby;24.9;26.6;5.0;28.0;50.2;57.0;0;0;0;0;16276.94;11280.08;4996.86;32421.238
2026-06-18T10:58:11.517943+02:00;standby;24.9;26.6;5.0;28.0;50.2;57.0;0;0;0;0;16276.94;11280.08;4996.86;32421.238
2026-06-18T10:59:12.091495+02:00;standby;24.9;26.6;5.0;28.0;50.2;57.0;0;0;0;0;16276.94;11280.08;4996.86;32421.238
2026-06-18T11:00:12.562248+02:00;standby;24.9;26.6;5.0;28.0;50.2;57.0;0;0;0;0;16276.94;11280.08;4996.86;32421.238
2026-06-18T11:01:13.084058+02:00;standby;24.9;26.6;5.0;28.0;50.2;57.0;0;0;0;0;16276.94;11280.08;4996.86;32421.238
2026-06-18T11:02:13.566088+02:00;standby;24.9;26.6;5.0;28.0;50.1;57.0;0;0;0;0;16276.94;11280.08;4996.86;32421.238
2026-06-18T11:03:14.073054+02:00;standby;24.9;26.6;5.0;28.0;50.1;57.0;0;0;0;0;16276.94;11280.08;4996.86;32421.238
2026-06-18T11:04:14.738907+02:00;standby;24.9;26.6;5.0;28.0;50.1;57.0;0;0;0;0;16276.94;11280.08;4996.86;32421.238
2026-06-18T11:05:15.248790+02:00;standby;24.9;26.6;5.0;28.0;50.1;57.0;0;0;0;0;16276.94;11280.08;4996.86;32421.238
2026-06-18T11:06:15.834335+02:00;standby;24.9;26.6;5.0;28.0;50.1;57.0;0;0;0;0;16276.94;11280.08;4996.86;32421.238
2026-06-18T11:07:16.318616+02:00;standby;24.9;26.6;5.0;28.0;50.1;57.0;0;0;0;0;16276.94;11280.08;4996.86;32421.238
2026-06-18T11:08:16.780917+02:00;standby;24.9;26.6;5.0;28.0;50.1;57.0;0;0;0;0;16276.94;11280.08;4996.86;32421.238
2026-06-18T11:09:17.232910+02:00;standby;24.9;26.6;5.0;28.0;50.1;57.0;0;0;0;0;16276.94;11280.08;4996.86;32421.238
2026-06-18T11:10:17.813715+02:00;standby;24.9;26.6;5.0;28.0;50.1;57.0;0;0;0;0;16276.94;11280.08;4996.86;32421.238
2026-06-18T11:11:18.291979+02:00;standby;24.9;26.6;5.0;28.0;50.1;57.0;0;0;0;0;16276.94;11280.08;4996.86;32421.238
2026-06-18T11:12:18.752904+02:00;standby;24.9;26.6;5.0;28.0;50.1;57.0;0;0;0;0;16276.94;11280.08;4996.86;32421.238
2026-06-18T11:13:19.271076+02:00;standby;24.9;26.6;5.0;28.0;50.1;57.0;0;0;0;0;16276.94;11280.08;4996.86;32421.238
2026-06-18T11:14:19.787196+02:00;standby;24.9;26.6;5.0;28.0;50.0;57.0;0;0;0;0;16276.94;11280.08;4996.86;32421.238
2026-06-18T11:15:20.230953+02:00;standby;24.9;26.6;5.0;28.0;50.0;57.0;0;0;0;0;16276.94;11280.08;4996.86;32421.238
2026-06-18T11:16:20.853520+02:00;standby;24.9;26.6;5.0;28.0;50.0;57.0;0;0;0;0;16276.94;11280.08;4996.86;32421.238
2026-06-18T11:17:21.499661+02:00;standby;24.9;26.6;5.0;28.0;50.0;57.0;0;0;0;0;16276.94;11280.08;4996.86;32421.238
2026-06-18T11:18:22.198279+02:00;standby;24.9;26.6;5.0;28.0;50.0;57.0;0;0;0;0;16276.94;11280.08;4996.86;32421.238
2026-06-18T11:19:22.732266+02:00;standby;24.9;26.6;5.0;28.0;50.0;57.0;0;0;0;0;16276.94;11280.08;4996.86;32421.238
2026-06-18T11:20:23.250362+02:00;standby;24.9;26.6;5.0;28.0;50.0;57.0;0;0;0;0;16276.94;11280.08;4996.86;32421.238
2026-06-18T11:21:23.765359+02:00;standby;24.9;26.6;5.0;28.0;50.0;57.0;0;0;0;0;16276.94;11280.08;4996.86;32421.238
2026-06-18T11:22:24.275925+02:00;standby;24.9;26.6;5.0;28.0;50.0;57.0;0;0;0;0;16276.94;11280.08;4996.86;32421.238
2026-06-18T11:23:24.826163+02:00;standby;24.9;26.6;5.0;28.0;50.0;57.0;0;0;0;0;16276.94;11280.08;4996.86;32421.238
2026-06-18T11:24:26.051449+02:00;standby;24.9;26.6;5.0;28.0;50.0;57.0;0;0;0;0;16276.94;11280.08;4996.86;32421.238
2026-06-18T11:25:26.724936+02:00;standby;24.9;26.6;5.0;28.0;50.0;57.0;0;0;0;0;16276.94;11280.08;4996.86;32421.238
2026-06-18T11:26:27.288232+02:00;standby;24.9;26.6;5.0;28.0;49.9;57.0;0;0;0;0;16276.94;11280.08;4996.86;32421.238
2026-06-18T11:27:27.875355+02:00;standby;24.9;26.6;5.0;28.0;49.9;57.0;0;0;0;0;16276.94;11280.08;4996.86;32421.238
2026-06-18T11:28:28.535207+02:00;standby;24.9;26.6;5.0;28.0;49.9;57.0;0;0;0;0;16276.94;11280.08;4996.86;32421.238
2026-06-18T11:29:29.039400+02:00;standby;24.9;26.6;5.0;28.0;49.9;57.0;0;0;0;0;16276.94;11280.08;4996.86;32421.238
2026-06-18T11:30:29.591116+02:00;standby;24.9;26.6;5.0;28.0;49.9;57.0;0;0;0;0;16276.94;11280.08;4996.86;32421.238
2026-06-18T11:31:30.144552+02:00;standby;24.9;26.6;5.0;28.0;49.8;57.0;0;0;0;0;16276.94;11280.08;4996.86;32421.238
2026-06-18T11:32:30.918108+02:00;standby;24.9;26.5;5.0;28.0;49.7;57.0;0;0;0;0;16276.94;11280.08;4996.86;32421.238
2026-06-18T11:33:31.430308+02:00;standby;24.9;26.5;5.0;28.0;49.5;57.0;0;0;0;0;16276.94;11280.08;4996.86;32421.238
2026-06-18T11:34:32.025986+02:00;standby;24.9;26.5;5.0;28.0;49.5;57.0;0;0;0;0;16276.94;11280.08;4996.86;32421.238
2026-06-18T11:35:32.542647+02:00;standby;24.9;26.5;5.0;28.0;49.5;57.0;0;0;0;0;16276.94;11280.08;4996.86;32421.238
2026-06-18T11:36:33.198367+02:00;standby;24.9;26.5;5.0;28.0;49.4;57.0;0;0;0;0;16276.94;11280.08;4996.86;32421.238
2026-06-18T11:37:33.841164+02:00;standby;24.9;26.5;5.0;28.0;49.4;57.0;0;0;0;0;16276.94;11280.08;4996.86;32421.238
2026-06-18T11:38:34.507810+02:00;standby;24.9;26.5;5.0;28.0;49.2;57.0;0;0;0;0;16276.94;11280.08;4996.86;32421.238
2026-06-18T11:39:35.640807+02:00;standby;24.9;26.5;5.0;28.0;49.1;57.0;0;0;0;0;16276.94;11280.08;4996.86;32421.238
2026-06-18T11:40:36.158291+02:00;standby;24.9;26.5;5.0;28.0;49.1;57.0;0;0;0;0;16276.94;11280.08;4996.86;32421.238
2026-06-18T11:41:36.668143+02:00;standby;25.5;26.5;5.0;28.0;49.1;57.0;0;0;0;0;16276.94;11280.08;4996.86;32421.238
2026-06-18T11:42:37.290326+02:00;standby;25.5;26.5;5.0;28.0;49.1;57.0;0;0;0;0;16276.94;11280.08;4996.86;32421.238
2026-06-18T11:43:37.774159+02:00;standby;25.5;26.5;5.0;28.0;49.1;57.0;0;0;0;0;16276.94;11280.08;4996.86;32421.238
2026-06-18T11:44:38.277295+02:00;standby;25.5;26.5;5.0;28.0;49.1;57.0;0;0;0;0;16276.94;11280.08;4996.86;32421.238
2026-06-18T11:45:38.800067+02:00;standby;25.5;26.5;5.0;28.0;49.1;57.0;0;0;0;0;16276.94;11280.08;4996.86;32421.238
2026-06-18T11:46:39.475306+02:00;standby;25.5;26.5;5.0;28.0;49.0;57.0;0;0;0;0;16276.94;11280.08;4996.86;32421.238
2026-06-18T11:47:39.993733+02:00;standby;25.5;26.5;5.0;28.0;49.0;57.0;0;0;0;0;16276.94;11280.08;4996.86;32421.238
2026-06-18T11:48:40.539029+02:00;standby;25.5;26.5;5.0;28.0;48.8;57.0;0;0;0;0;16276.94;11280.08;4996.86;32421.238
2026-06-18T11:49:41.161385+02:00;standby;25.5;26.5;5.0;28.0;48.7;57.0;0;0;0;0;16276.94;11280.08;4996.86;32421.238
2026-06-18T11:50:41.679979+02:00;standby;25.5;26.5;5.0;28.0;48.7;57.0;0;0;0;0;16276.94;11280.08;4996.86;32421.238
2026-06-18T11:51:42.824282+02:00;standby;25.5;26.5;5.0;28.0;48.6;57.0;0;0;0;0;16276.94;11280.08;4996.86;32421.238
2026-06-18T11:52:43.306922+02:00;standby;25.5;26.5;5.0;28.0;48.6;57.0;0;0;0;0;16276.94;11280.08;4996.86;32421.238
2026-06-18T11:53:43.965614+02:00;standby;25.5;26.5;5.0;28.0;48.6;57.0;0;0;0;0;16276.94;11280.08;4996.86;32421.238
2026-06-18T11:54:44.720578+02:00;standby;25.5;26.5;5.0;28.0;48.6;57.0;0;0;0;0;16276.94;11280.08;4996.86;32421.238
2026-06-18T11:55:45.438878+02:00;standby;25.5;26.5;5.0;28.0;48.5;57.0;0;0;0;0;16276.94;11280.08;4996.86;32421.238
2026-06-18T11:56:46.048033+02:00;standby;25.5;26.5;5.0;28.0;48.5;57.0;0;0;0;0;16276.94;11280.08;4996.86;32421.238
2026-06-18T11:57:46.730627+02:00;standby;25.5;26.5;5.0;28.0;48.4;57.0;0;0;0;0;16276.94;11280.08;4996.86;32421.238
2026-06-18T11:58:47.343880+02:00;standby;25.5;26.5;5.0;28.0;48.4;57.0;0;0;0;0;16276.94;11280.08;4996.86;32421.238
2026-06-18T11:59:48.199121+02:00;standby;25.5;26.5;5.0;28.0;48.4;57.0;0;0;0;0;16276.94;11280.08;4996.86;32421.238
2026-06-18T12:00:48.950970+02:00;standby;25.5;26.5;5.0;28.0;48.2;57.0;0;0;0;0;16276.94;11280.08;4996.86;32421.238
2026-06-18T12:01:49.448810+02:00;standby;25.5;26.5;5.0;28.0;48.1;57.0;0;0;0;0;16276.94;11280.08;4996.86;32421.238
2026-06-18T12:02:50.350889+02:00;standby;25.5;26.5;5.0;28.0;48.0;57.0;0;0;0;0;16276.94;11280.08;4996.86;32421.238
2026-06-18T12:03:51.275585+02:00;standby;25.5;26.5;5.0;28.0;48.0;57.0;0;0;0;0;16276.94;11280.08;4996.86;32421.238
2026-06-18T12:04:51.901585+02:00;standby;25.5;26.5;5.0;28.0;47.9;57.0;0;0;0;0;16276.94;11280.08;4996.86;32421.238
2026-06-18T12:05:52.463571+02:00;standby;25.5;26.5;5.0;28.0;47.9;57.0;0;0;0;0;16276.94;11280.08;4996.86;32421.238
2026-06-18T12:06:52.975354+02:00;standby;25.5;26.5;5.0;28.0;47.8;57.0;0;0;0;0;16276.94;11280.08;4996.86;32421.238
2026-06-18T12:07:53.457721+02:00;standby;25.5;26.5;5.0;28.0;47.8;57.0;0;0;0;0;16276.94;11280.08;4996.86;32421.238
2026-06-18T12:08:53.993597+02:00;standby;25.5;26.5;5.0;28.0;47.8;57.0;0;0;0;0;16276.94;11280.08;4996.86;32421.238
2026-06-18T12:09:54.489198+02:00;standby;25.5;26.5;5.0;28.0;47.6;57.0;0;0;0;0;16276.94;11280.08;4996.86;32421.238
2026-06-18T12:10:55.115396+02:00;standby;25.5;26.5;5.0;28.0;47.4;57.0;0;0;0;0;16276.94;11280.08;4996.86;32421.238
2026-06-18T12:11:55.569014+02:00;standby;25.5;26.5;5.0;28.0;47.3;57.0;0;0;0;0;16276.94;11280.08;4996.86;32421.238
2026-06-18T12:12:56.293800+02:00;standby;25.5;26.5;5.0;28.0;47.3;57.0;0;0;0;0;16276.94;11280.08;4996.86;32421.238
2026-06-18T12:13:56.805369+02:00;standby;25.5;26.5;5.0;28.0;47.3;57.0;0;0;0;0;16276.94;11280.08;4996.86;32421.238
2026-06-18T12:14:57.499392+02:00;standby;25.5;26.5;5.0;28.0;47.3;57.0;0;0;0;0;16276.94;11280.08;4996.86;32421.238
2026-06-18T12:15:58.015434+02:00;standby;25.5;26.5;5.0;28.0;47.3;57.0;0;0;0;0;16276.94;11280.08;4996.86;32421.238
2026-06-18T12:16:58.539982+02:00;standby;25.5;26.5;5.0;28.0;47.2;57.0;0;0;0;0;16276.94;11280.08;4996.86;32421.238
2026-06-18T12:17:59.259029+02:00;standby;25.5;26.5;5.0;28.0;47.2;57.0;0;0;0;0;16276.94;11280.08;4996.86;32421.238
2026-06-18T12:19:00.124970+02:00;standby;25.5;26.5;5.0;28.0;47.2;57.0;0;0;0;0;16276.94;11280.08;4996.86;32421.238
2026-06-18T12:20:00.713089+02:00;standby;25.5;26.5;5.0;28.0;47.2;57.0;0;0;0;0;16276.94;11280.08;4996.86;32421.238
2026-06-18T12:21:01.248851+02:00;standby;25.5;26.5;5.0;28.0;47.2;57.0;0;0;0;0;16276.94;11280.08;4996.86;32421.238
2026-06-18T12:22:01.999904+02:00;standby;25.5;26.5;5.0;28.0;47.2;57.0;0;0;0;0;16276.94;11280.08;4996.86;32421.238
2026-06-18T12:23:02.710795+02:00;standby;25.5;26.3;5.0;28.0;47.2;57.0;0;0;0;0;16276.94;11280.08;4996.86;32421.238
2026-06-18T12:24:03.548039+02:00;standby;25.5;26.3;5.0;28.0;47.2;57.0;0;0;0;0;16276.94;11280.08;4996.86;32421.238
2026-06-18T12:25:04.171689+02:00;standby;25.5;26.5;5.0;28.0;47.2;57.0;0;0;0;0;16276.94;11280.08;4996.86;32421.238
2026-06-18T12:26:04.773187+02:00;standby;25.5;26.3;5.0;28.0;47.2;57.0;0;0;0;0;16276.94;11280.08;4996.86;32421.238
2026-06-18T12:27:05.296432+02:00;standby;25.5;26.3;5.0;28.0;47.2;57.0;0;0;0;0;16276.94;11280.08;4996.86;32421.238
2026-06-18T12:28:06.135755+02:00;standby;25.5;26.3;5.0;28.0;47.2;57.0;0;0;0;0;16276.94;11280.08;4996.86;32421.238
2026-06-18T12:29:06.650286+02:00;standby;25.5;26.3;5.0;28.0;47.2;57.0;0;0;0;0;16276.94;11280.08;4996.86;32421.238
2026-06-18T12:30:07.262936+02:00;standby;25.5;26.3;5.0;28.0;47.2;57.0;0;0;0;0;16276.94;11280.08;4996.86;32421.238
2026-06-18T12:31:07.904422+02:00;standby;25.5;26.5;5.0;28.0;47.2;57.0;0;0;0;0;16276.94;11280.08;4996.86;32421.238
2026-06-18T12:32:08.725069+02:00;standby;25.5;26.3;5.0;28.0;47.1;57.0;0;0;0;0;16276.94;11280.08;4996.86;32421.238
2026-06-18T12:33:09.341195+02:00;standby;25.5;26.3;5.0;28.0;47.1;57.0;0;0;0;0;16276.94;11280.08;4996.86;32421.238
2026-06-18T12:34:10.392412+02:00;standby;25.5;26.3;5.0;28.0;47.1;57.0;0;0;0;0;16276.94;11280.08;4996.86;32421.238
2026-06-18T12:35:10.857005+02:00;standby;25.5;26.3;5.0;28.0;47.1;57.0;0;0;0;0;16276.94;11280.08;4996.86;32421.238
2026-06-18T12:36:11.355071+02:00;standby;25.5;26.3;5.0;28.0;47.1;57.0;0;0;0;0;16276.94;11280.08;4996.86;32421.238
2026-06-18T12:37:11.853210+02:00;standby;25.5;26.3;5.0;28.0;47.1;57.0;0;0;0;0;16276.94;11280.08;4996.86;32421.238
2026-06-18T12:38:12.332989+02:00;standby;25.5;26.3;5.0;28.0;47.1;57.0;0;0;0;0;16276.94;11280.08;4996.86;32421.238
2026-06-18T12:39:12.866916+02:00;standby;25.5;26.3;5.0;28.0;47.1;57.0;0;0;0;0;16276.94;11280.08;4996.86;32421.238
2026-06-18T12:40:13.367325+02:00;standby;25.5;26.3;5.0;28.0;47.1;57.0;0;0;0;0;16276.94;11280.08;4996.86;32421.238
2026-06-18T12:41:13.924595+02:00;standby;25.5;26.3;5.0;28.0;47.1;57.0;0;0;0;0;16276.94;11280.08;4996.86;32421.238
2026-06-18T12:42:14.449978+02:00;standby;26.3;26.3;5.0;28.0;47.1;57.0;0;0;0;0;16276.94;11280.08;4996.86;32421.238
2026-06-18T12:43:14.944183+02:00;standby;26.3;26.3;5.0;28.0;47.0;57.0;0;0;0;0;16276.94;11280.08;4996.86;32421.238
2026-06-18T12:44:15.707425+02:00;dhw;26.3;31.2;85.0;28.0;46.9;57.0;1;38;1;0;16276.96;11280.08;4996.88;32421.238
2026-06-18T12:44:26.532701+02:00;dhw;26.3;36.4;85.0;28.0;46.9;57.0;1;23;1;100;16276.96;11280.08;4996.89;32421.238
2026-06-18T12:44:37.315313+02:00;dhw;26.3;35.7;85.0;28.0;46.9;57.0;1;23;1;100;16276.97;11280.08;4996.9;32421.238
2026-06-18T12:44:48.010588+02:00;dhw;26.3;37.0;85.0;28.0;46.8;57.0;1;23;1;100;16276.98;11280.08;4996.91;32421.238
2026-06-18T12:44:58.616034+02:00;dhw;26.3;36.9;85.0;28.0;46.8;57.0;1;23;1;100;16276.99;11280.08;4996.92;32421.238
2026-06-18T12:45:09.272366+02:00;dhw;26.3;36.9;85.0;28.0;46.7;57.0;1;23;1;100;16277.0;11280.08;4996.93;32421.238
2026-06-18T12:45:20.151144+02:00;dhw;26.3;37.0;85.0;28.0;46.6;57.0;1;23;1;100;16277.02;11280.08;4996.94;32421.238
2026-06-18T12:45:31.488352+02:00;dhw;26.3;37.8;85.0;28.0;46.3;57.0;1;23;1;100;16277.03;11280.08;4996.95;32421.238
2026-06-18T12:45:42.181179+02:00;dhw;26.3;38.3;85.0;28.0;46.3;57.0;1;23;1;100;16277.03;11280.08;4996.96;32421.238
2026-06-18T12:45:52.842328+02:00;dhw;26.3;39.0;85.0;28.0;46.2;57.0;1;25;1;100;16277.04;11280.08;4996.97;32421.238
2026-06-18T12:46:03.702108+02:00;dhw;26.3;39.7;85.0;28.0;46.1;57.0;1;34;1;100;16277.05;11280.08;4996.98;32421.238
2026-06-18T12:46:14.399046+02:00;dhw;26.3;41.2;85.0;28.0;46.0;57.0;1;46;1;100;16277.07;11280.08;4996.99;32421.238
2026-06-18T12:46:25.117862+02:00;dhw;26.3;43.0;85.0;28.0;45.9;57.0;1;57;1;100;16277.09;11280.08;4997.01;32421.238
2026-06-18T12:46:36.042070+02:00;dhw;26.3;45.1;85.0;28.0;45.8;57.0;1;69;1;100;16277.11;11280.08;4997.04;32421.238
2026-06-18T12:46:46.830920+02:00;dhw;26.3;47.0;85.0;28.0;45.7;57.0;1;80;1;100;16277.14;11280.08;4997.07;32421.238
2026-06-18T12:46:57.873391+02:00;dhw;26.3;49.0;85.0;28.0;45.6;57.0;1;90;1;100;16277.17;11280.08;4997.1;32421.238
2026-06-18T12:47:08.505591+02:00;dhw;26.3;52.0;85.0;28.0;45.6;57.0;1;104;1;100;16277.22;11280.08;4997.15;32421.238
2026-06-18T12:47:19.076166+02:00;dhw;26.3;55.1;85.0;28.0;45.5;57.0;1;108;1;100;16277.28;11280.08;4997.2;32421.238
2026-06-18T12:47:30.239501+02:00;dhw;26.3;57.0;85.0;28.0;45.4;57.0;1;108;1;100;16277.31;11280.08;4997.23;32421.238
2026-06-18T12:47:40.971991+02:00;dhw;26.3;59.5;85.0;28.0;45.4;57.0;1;108;1;100;16277.36;11280.08;4997.29;32421.238
2026-06-18T12:47:51.513164+02:00;dhw;26.3;61.2;85.0;28.0;45.4;57.0;1;108;1;100;16277.41;11280.08;4997.33;32421.238
2026-06-18T12:48:02.023350+02:00;dhw;26.3;63.0;85.0;28.0;45.4;57.0;1;108;1;100;16277.46;11280.08;4997.38;32421.338
2026-06-18T12:48:12.793196+02:00;dhw;26.3;64.2;85.0;28.0;45.4;57.0;1;108;1;100;16277.49;11280.08;4997.42;32421.338
2026-06-18T12:48:23.378957+02:00;dhw;26.3;65.2;85.0;28.0;45.5;57.0;1;108;1;100;16277.53;11280.08;4997.45;32421.338
2026-06-18T12:48:34.036872+02:00;dhw;26.3;66.2;85.0;28.0;45.5;57.0;1;108;1;100;16277.57;11280.08;4997.5;32421.338
2026-06-18T12:48:45.493304+02:00;dhw;26.3;67.0;85.0;28.0;45.6;57.0;1;108;1;100;16277.61;11280.08;4997.54;32421.338
2026-06-18T12:48:56.147192+02:00;dhw;26.3;68.0;85.0;28.0;45.7;57.0;1;108;1;100;16277.67;11280.08;4997.59;32421.338
2026-06-18T12:49:06.803993+02:00;dhw;26.3;68.4;85.0;28.0;45.8;57.0;1;108;1;100;16277.7;11280.08;4997.62;32421.338
2026-06-18T12:49:17.460752+02:00;dhw;26.3;69.1;85.0;28.0;45.9;57.0;1;108;1;100;16277.74;11280.08;4997.67;32421.338
2026-06-18T12:49:28.312938+02:00;dhw;26.3;69.5;85.0;28.0;46.0;57.0;1;108;1;100;16277.78;11280.08;4997.71;32421.338
2026-06-18T12:49:39.400606+02:00;dhw;26.3;70.0;85.0;28.0;46.1;57.0;1;108;1;100;16277.85;11280.08;4997.78;32421.338
2026-06-18T12:49:50.416112+02:00;dhw;26.3;70.4;85.0;28.0;46.3;57.0;1;108;1;100;16277.91;11280.08;4997.83;32421.338
2026-06-18T12:50:01.115382+02:00;dhw;26.3;70.7;85.0;28.0;46.5;57.0;1;108;1;100;16277.95;11280.08;4997.88;32421.338
2026-06-18T12:50:11.681987+02:00;dhw;26.3;71.0;85.0;28.0;46.6;57.0;1;108;1;100;16277.99;11280.08;4997.91;32421.338
2026-06-18T12:50:22.369869+02:00;dhw;26.3;71.2;85.0;28.0;46.8;57.0;1;108;1;100;16278.04;11280.08;4997.96;32421.338
2026-06-18T12:50:33.002331+02:00;dhw;26.3;71.5;85.0;28.0;47.0;57.0;1;108;1;100;16278.08;11280.08;4998.0;32421.338
2026-06-18T12:50:44.229865+02:00;dhw;26.3;71.8;85.0;28.0;47.2;57.0;1;108;1;100;16278.12;11280.08;4998.04;32421.338
2026-06-18T12:50:54.936532+02:00;dhw;26.3;72.2;85.0;28.0;47.3;57.0;1;108;1;100;16278.16;11280.08;4998.08;32421.338
2026-06-18T12:51:05.630871+02:00;dhw;26.3;72.5;85.0;28.0;47.6;57.0;1;108;1;100;16278.2;11280.08;4998.12;32421.338
2026-06-18T12:51:16.438411+02:00;dhw;26.3;72.7;85.0;28.0;47.8;57.0;1;108;1;100;16278.24;11280.08;4998.17;32421.338
2026-06-18T12:51:27.184888+02:00;dhw;26.3;73.0;85.0;28.0;48.0;57.0;1;108;1;100;16278.29;11280.08;4998.22;32421.338
2026-06-18T12:51:37.777859+02:00;dhw;26.3;73.1;85.0;28.0;48.2;57.0;1;108;1;100;16278.33;11280.08;4998.25;32421.338
2026-06-18T12:51:48.393436+02:00;dhw;26.3;73.4;85.0;28.0;48.4;57.0;1;108;1;100;16278.37;11280.08;4998.29;32421.338
2026-06-18T12:51:59.219940+02:00;dhw;26.3;73.9;85.0;28.0;48.6;57.0;1;108;1;100;16278.45;11280.08;4998.37;32421.338
2026-06-18T12:52:10.035206+02:00;dhw;26.3;74.2;85.0;28.0;49.0;57.0;1;108;1;100;16278.49;11280.08;4998.42;32421.438
2026-06-18T12:52:20.833947+02:00;dhw;26.3;74.5;85.0;28.0;49.2;57.0;1;108;1;100;16278.54;11280.08;4998.46;32421.438
2026-06-18T12:52:31.753344+02:00;dhw;26.3;74.6;85.0;28.0;49.3;57.0;1;108;1;100;16278.58;11280.08;4998.5;32421.438
2026-06-18T12:52:42.369771+02:00;dhw;26.3;74.9;85.0;28.0;49.5;57.0;1;108;1;100;16278.62;11280.08;4998.54;32421.438
2026-06-18T12:52:53.089927+02:00;dhw;26.3;75.1;85.0;28.0;49.6;57.0;1;108;1;100;16278.66;11280.08;4998.58;32421.438
2026-06-18T12:53:03.693519+02:00;dhw;26.3;75.4;85.0;28.0;49.8;57.0;1;108;1;100;16278.7;11280.08;4998.63;32421.438
2026-06-18T12:53:14.368086+02:00;dhw;26.3;75.5;85.0;28.0;49.9;57.0;1;108;1;100;16278.75;11280.08;4998.67;32421.438
2026-06-18T12:53:24.993109+02:00;dhw;26.3;75.8;85.0;28.0;50.1;57.0;1;108;1;100;16278.79;11280.08;4998.71;32421.438
2026-06-18T12:53:35.609017+02:00;dhw;26.3;76.1;85.0;28.0;50.2;57.0;1;108;1;100;16278.84;11280.08;4998.76;32421.438
2026-06-18T12:53:46.257916+02:00;dhw;26.3;76.2;85.0;28.0;50.4;57.0;1;108;1;100;16278.87;11280.08;4998.79;32421.438
2026-06-18T12:53:57.209704+02:00;dhw;26.3;76.4;85.0;28.0;50.5;57.0;1;108;1;100;16278.91;11280.08;4998.84;32421.438
2026-06-18T12:54:07.956507+02:00;dhw;26.3;76.5;85.0;28.0;50.6;57.0;1;108;1;100;16278.96;11280.08;4998.88;32421.438
2026-06-18T12:54:18.615561+02:00;dhw;26.3;77.0;85.0;28.0;50.8;57.0;1;108;1;100;16279.04;11280.08;4998.96;32421.438
2026-06-18T12:54:29.398542+02:00;dhw;26.3;77.3;85.0;28.0;51.2;57.0;1;108;1;100;16279.08;11280.08;4999.0;32421.438
2026-06-18T12:54:40.017573+02:00;dhw;26.3;77.4;85.0;28.0;51.3;57.0;1;108;1;100;16279.12;11280.08;4999.05;32421.438
2026-06-18T12:54:51.059187+02:00;dhw;26.3;77.6;85.0;28.0;51.5;57.0;1;108;1;100;16279.17;11280.08;4999.09;32421.438
2026-06-18T12:55:01.915938+02:00;dhw;26.3;77.7;85.0;28.0;51.6;57.0;1;108;1;100;16279.2;11280.08;4999.13;32421.438
2026-06-18T12:55:12.620768+02:00;dhw;26.3;78.0;85.0;28.0;51.7;57.0;1;108;1;100;16279.25;11280.08;4999.17;32421.438
2026-06-18T12:55:23.230822+02:00;dhw;26.3;78.2;85.0;28.0;51.9;57.0;1;108;1;100;16279.29;11280.08;4999.21;32421.438
2026-06-18T12:55:34.021274+02:00;dhw;26.3;78.3;85.0;28.0;52.0;57.0;1;108;1;100;16279.33;11280.08;4999.25;32421.438
2026-06-18T12:55:45.078108+02:00;dhw;26.3;78.6;85.0;28.0;52.1;57.0;1;108;1;100;16279.37;11280.08;4999.3;32421.438
2026-06-18T12:55:55.810785+02:00;dhw;26.3;78.8;85.0;28.0;52.3;57.0;1;108;1;100;16279.42;11280.08;4999.34;32421.438
2026-06-18T12:56:06.521081+02:00;dhw;26.3;79.0;85.0;28.0;52.4;57.0;1;108;1;100;16279.46;11280.08;4999.38;32421.438
2026-06-18T12:56:17.079360+02:00;dhw;26.3;79.1;85.0;28.0;52.6;57.0;1;108;1;100;16279.5;11280.08;4999.42;32421.537
2026-06-18T12:56:27.737298+02:00;dhw;26.3;79.3;85.0;28.0;52.7;57.0;1;108;1;100;16279.54;11280.08;4999.47;32421.537
2026-06-18T12:56:38.492848+02:00;dhw;26.3;79.6;85.0;28.0;52.9;57.0;1;108;1;100;16279.62;11280.08;4999.55;32421.537
2026-06-18T12:56:49.487101+02:00;dhw;26.3;79.8;85.0;28.0;53.3;57.0;1;108;1;100;16279.67;11280.08;4999.59;32421.537
2026-06-18T12:57:00.702691+02:00;dhw;26.3;80.1;85.0;28.0;53.4;57.0;1;108;1;100;16279.72;11280.08;4999.64;32421.537
2026-06-18T12:57:11.302223+02:00;dhw;26.3;80.1;85.0;28.0;53.6;57.0;1;108;1;100;16279.72;11280.08;4999.64;32421.537
2026-06-18T12:57:22.365301+02:00;dhw;26.3;80.4;85.0;28.0;53.8;57.0;1;108;1;100;16279.79;11280.08;4999.72;32421.537
2026-06-18T12:57:33.161166+02:00;dhw;26.3;80.6;85.0;28.0;53.9;57.0;1;108;1;100;16279.83;11280.08;4999.76;32421.537
2026-06-18T12:57:43.912523+02:00;dhw;26.3;80.7;85.0;28.0;54.1;57.0;1;108;1;100;16279.87;11280.08;4999.8;32421.537
2026-06-18T12:57:54.580640+02:00;dhw;26.3;81.1;85.0;28.0;54.2;57.0;1;108;1;100;16279.94;11280.08;4999.86;32421.537
2026-06-18T12:58:05.759021+02:00;dhw;26.3;81.1;85.0;28.0;54.4;57.0;1;108;1;100;16279.96;11280.08;4999.88;32421.537
2026-06-18T12:58:16.396351+02:00;dhw;26.3;81.2;85.0;28.0;54.5;57.0;1;108;1;100;16280.0;11280.08;4999.93;32421.537
2026-06-18T12:58:27.177789+02:00;dhw;26.3;81.4;85.0;28.0;54.6;57.0;1;108;1;100;16280.04;11280.08;4999.97;32421.537
2026-06-18T12:58:37.826791+02:00;dhw;26.3;81.7;85.0;28.0;54.8;57.0;1;108;1;100;16280.13;11280.08;5000.05;32421.537
2026-06-18T12:58:48.652591+02:00;dhw;26.3;81.9;85.0;28.0;55.2;57.0;1;108;1;100;16280.17;11280.08;5000.09;32421.537
2026-06-18T12:58:59.234514+02:00;dhw;26.3;82.0;85.0;28.0;55.4;57.0;1;108;1;100;16280.21;11280.08;5000.13;32421.537
2026-06-18T12:59:10.063564+02:00;dhw;26.3;82.2;85.0;28.0;55.6;57.0;1;108;1;100;16280.25;11280.08;5000.18;32421.537
2026-06-18T12:59:20.712377+02:00;dhw;26.3;82.5;85.0;28.0;55.8;57.0;1;108;1;100;16280.3;11280.08;5000.22;32421.537
2026-06-18T12:59:31.492961+02:00;dhw;26.3;82.7;85.0;28.0;56.0;57.0;1;108;1;100;16280.34;11280.08;5000.26;32421.537
2026-06-18T12:59:42.097206+02:00;dhw;26.3;82.8;85.0;28.0;56.2;57.0;1;108;1;100;16280.38;11280.08;5000.3;32421.537
2026-06-18T12:59:53.360933+02:00;dhw;26.3;83.0;85.0;28.0;56.3;57.0;1;108;1;100;16280.42;11280.08;5000.34;32421.537
2026-06-18T13:00:04.319887+02:00;dhw;26.3;83.2;85.0;28.0;56.5;57.0;1;108;1;100;16280.46;11280.08;5000.38;32421.537
2026-06-18T13:00:14.953135+02:00;dhw;26.3;83.4;85.0;28.0;56.7;57.0;1;108;1;100;16280.5;11280.08;5000.43;32421.637
2026-06-18T13:00:26.072759+02:00;standby;26.3;83.9;85.0;28.0;56.9;57.0;0;0;1;100;16280.57;11280.08;5000.5;32421.637
2026-06-18T13:00:36.724534+02:00;standby;26.3;82.9;85.0;28.0;57.1;57.0;0;0;1;100;16280.57;11280.08;5000.5;32421.637
2026-06-18T13:00:47.289752+02:00;standby;26.3;81.3;85.0;28.0;57.3;57.0;0;0;1;100;16280.57;11280.08;5000.5;32421.637
2026-06-18T13:00:57.758947+02:00;standby;26.3;78.7;85.0;28.0;57.7;57.0;0;0;1;100;16280.57;11280.08;5000.5;32421.637
2026-06-18T13:01:08.313608+02:00;standby;26.3;76.2;85.0;28.0;57.8;57.0;0;0;1;100;16280.57;11280.08;5000.5;32421.637
2026-06-18T13:01:18.758242+02:00;standby;26.3;74.3;85.0;28.0;58.0;57.0;0;0;1;10;16280.57;11280.08;5000.5;32421.637
2026-06-18T13:02:19.327230+02:00;standby;26.3;66.9;5.0;28.0;58.7;57.0;0;0;1;10;16280.57;11280.08;5000.5;32421.637
2026-06-18T13:03:20.099606+02:00;standby;26.3;62.9;5.0;28.0;59.3;57.0;0;0;1;10;16280.57;11280.08;5000.5;32421.637
2026-06-18T13:04:20.622402+02:00;standby;26.3;63.3;5.0;28.0;59.6;57.0;0;0;0;0;16280.57;11280.08;5000.5;32421.637
2026-06-18T13:05:21.712081+02:00;standby;26.3;63.7;5.0;28.0;59.7;57.0;0;0;0;0;16280.57;11280.08;5000.5;32421.637
2026-06-18T13:06:22.160285+02:00;standby;26.3;64.0;5.0;28.0;59.7;57.0;0;0;0;0;16280.57;11280.08;5000.5;32421.637
2026-06-18T13:07:22.745240+02:00;standby;26.3;64.0;5.0;28.0;59.8;57.0;0;0;0;0;16280.57;11280.08;5000.5;32421.637
2026-06-18T13:08:23.435930+02:00;standby;26.3;64.0;5.0;28.0;59.8;57.0;0;0;0;0;16280.57;11280.08;5000.5;32421.637
2026-06-18T13:09:23.986225+02:00;standby;26.3;64.0;5.0;28.0;59.8;57.0;0;0;0;0;16280.57;11280.08;5000.5;32421.637
2026-06-18T13:10:24.463964+02:00;standby;26.3;63.8;5.0;28.0;59.8;57.0;0;0;0;0;16280.57;11280.08;5000.5;32421.637
2026-06-18T13:11:24.971000+02:00;standby;26.3;63.7;5.0;28.0;59.8;57.0;0;0;0;0;16280.57;11280.08;5000.5;32421.637
2026-06-18T13:12:25.486137+02:00;standby;26.3;63.6;5.0;28.0;59.8;57.0;0;0;0;0;16280.57;11280.08;5000.5;32421.637
2026-06-18T13:13:25.938581+02:00;standby;26.3;63.5;5.0;28.0;59.8;57.0;0;0;0;0;16280.57;11280.08;5000.5;32421.637
2026-06-18T13:14:26.378473+02:00;standby;26.3;63.4;5.0;28.0;59.8;57.0;0;0;0;0;16280.57;11280.08;5000.5;32421.637
2026-06-18T13:15:27.269311+02:00;standby;26.3;63.3;5.0;28.0;59.8;57.0;0;0;0;0;16280.57;11280.08;5000.5;32421.637
2026-06-18T13:16:27.725272+02:00;standby;26.3;63.1;5.0;28.0;59.7;57.0;0;0;0;0;16280.57;11280.08;5000.5;32421.637
2026-06-18T13:17:28.182504+02:00;standby;26.3;63.0;5.0;28.0;59.7;57.0;0;0;0;0;16280.57;11280.08;5000.5;32421.637
2026-06-18T13:18:28.719067+02:00;standby;26.3;62.9;5.0;28.0;59.7;57.0;0;0;0;0;16280.57;11280.08;5000.5;32421.637
2026-06-18T13:19:29.447471+02:00;standby;26.3;62.8;5.0;28.0;59.7;57.0;0;0;0;0;16280.57;11280.08;5000.5;32421.637
2026-06-18T13:20:30.147067+02:00;standby;26.3;62.7;5.0;28.0;59.7;57.0;0;0;0;0;16280.57;11280.08;5000.5;32421.637
2026-06-18T13:21:30.623051+02:00;standby;26.3;62.6;5.0;28.0;59.7;57.0;0;0;0;0;16280.57;11280.08;5000.5;32421.637
2026-06-18T13:22:31.204180+02:00;standby;26.3;62.3;5.0;28.0;59.7;57.0;0;0;0;0;16280.57;11280.08;5000.5;32421.637
2026-06-18T13:23:32.321559+02:00;standby;26.3;62.2;5.0;28.0;59.7;57.0;0;0;0;0;16280.57;11280.08;5000.5;32421.637
2026-06-18T13:24:32.957625+02:00;standby;26.3;62.1;5.0;28.0;59.7;57.0;0;0;0;0;16280.57;11280.08;5000.5;32421.637
2026-06-18T13:25:33.465930+02:00;standby;26.3;62.0;5.0;28.0;59.7;57.0;0;0;0;0;16280.57;11280.08;5000.5;32421.637
2026-06-18T13:26:33.993512+02:00;standby;26.3;61.9;5.0;28.0;59.6;57.0;0;0;0;0;16280.57;11280.08;5000.5;32421.637
2026-06-18T13:27:34.511551+02:00;standby;26.3;61.6;5.0;28.0;59.6;57.0;0;0;0;0;16280.57;11280.08;5000.5;32421.637
2026-06-18T13:28:35.184175+02:00;standby;26.3;61.5;5.0;28.0;59.6;57.0;0;0;0;0;16280.57;11280.08;5000.5;32421.637
2026-06-18T13:29:35.845132+02:00;standby;26.3;61.4;5.0;28.0;59.6;57.0;0;0;0;0;16280.57;11280.08;5000.5;32421.637
2026-06-18T13:30:36.471294+02:00;standby;26.3;61.3;5.0;28.0;59.6;57.0;0;0;0;0;16280.57;11280.08;5000.5;32421.637
2026-06-18T13:31:37.196172+02:00;standby;26.3;61.2;5.0;28.0;59.6;57.0;0;0;0;0;16280.57;11280.08;5000.5;32421.637
2026-06-18T13:32:37.814757+02:00;standby;26.3;60.9;5.0;28.0;59.6;57.0;0;0;0;0;16280.57;11280.08;5000.5;32421.637
2026-06-18T13:33:38.388771+02:00;standby;26.3;60.8;5.0;28.0;59.6;57.0;0;0;0;0;16280.57;11280.08;5000.5;32421.637
2026-06-18T13:34:38.962982+02:00;standby;26.3;60.7;5.0;28.0;59.6;57.0;0;0;0;0;16280.57;11280.08;5000.5;32421.637
2026-06-18T13:35:40.090477+02:00;standby;26.3;60.5;5.0;28.0;59.6;57.0;0;0;0;0;16280.57;11280.08;5000.5;32421.637
2026-06-18T13:36:40.872523+02:00;standby;26.3;60.3;5.0;28.0;59.6;57.0;0;0;0;0;16280.57;11280.08;5000.5;32421.637
2026-06-18T13:37:41.385219+02:00;standby;26.3;60.2;5.0;28.0;59.5;57.0;0;0;0;0;16280.57;11280.08;5000.5;32421.637
2026-06-18T13:38:42.112465+02:00;standby;26.3;60.0;5.0;28.0;59.5;57.0;0;0;0;0;16280.57;11280.08;5000.5;32421.637
2026-06-18T13:39:42.634198+02:00;standby;26.3;59.9;5.0;28.0;59.5;57.0;0;0;0;0;16280.57;11280.08;5000.5;32421.637
2026-06-18T13:40:43.260851+02:00;standby;26.3;59.8;5.0;28.0;59.5;57.0;0;0;0;0;16280.57;11280.08;5000.5;32421.637
2026-06-18T13:41:43.770835+02:00;standby;26.3;59.7;5.0;28.0;59.5;57.0;0;0;0;0;16280.57;11280.08;5000.5;32421.637
2026-06-18T13:42:44.293638+02:00;standby;27.2;59.4;5.0;28.0;59.5;57.0;0;0;0;0;16280.57;11280.08;5000.5;32421.637
2026-06-18T13:43:44.786315+02:00;standby;27.2;59.3;5.0;28.0;59.5;57.0;0;0;0;0;16280.57;11280.08;5000.5;32421.637
2026-06-18T13:44:45.588136+02:00;standby;27.2;59.1;5.0;28.0;59.5;57.0;0;0;0;0;16280.57;11280.08;5000.5;32421.637
2026-06-18T13:45:46.098804+02:00;standby;27.2;59.0;5.0;28.0;59.5;57.0;0;0;0;0;16280.57;11280.08;5000.5;32421.637
2026-06-18T13:46:46.633866+02:00;standby;27.2;58.9;5.0;28.0;59.5;57.0;0;0;0;0;16280.57;11280.08;5000.5;32421.637
2026-06-18T13:47:47.706004+02:00;standby;27.2;58.6;5.0;28.0;59.5;57.0;0;0;0;0;16280.57;11280.08;5000.5;32421.637
2026-06-18T13:48:48.229077+02:00;standby;27.2;58.5;5.0;28.0;59.5;57.0;0;0;0;0;16280.57;11280.08;5000.5;32421.637
2026-06-18T13:49:48.801481+02:00;standby;27.2;58.4;5.0;28.0;59.4;57.0;0;0;0;0;16280.57;11280.08;5000.5;32421.637
2026-06-18T13:50:49.628894+02:00;standby;27.2;58.2;5.0;28.0;59.4;57.0;0;0;0;0;16280.57;11280.08;5000.5;32421.637
2026-06-18T13:51:50.155409+02:00;standby;27.2;58.1;5.0;28.0;59.4;57.0;0;0;0;0;16280.57;11280.08;5000.5;32421.637
2026-06-18T13:52:51.138547+02:00;standby;27.2;57.8;5.0;28.0;59.4;57.0;0;0;0;0;16280.57;11280.08;5000.5;32421.637
2026-06-18T13:53:51.721811+02:00;standby;27.2;57.8;5.0;28.0;59.4;57.0;0;0;0;0;16280.57;11280.08;5000.5;32421.637
2026-06-18T13:54:52.272178+02:00;standby;27.2;57.6;5.0;28.0;59.4;57.0;0;0;0;0;16280.57;11280.08;5000.5;32421.637
2026-06-18T13:55:52.938047+02:00;standby;27.2;57.5;5.0;28.0;59.4;57.0;0;0;0;0;16280.57;11280.08;5000.5;32421.637
2026-06-18T13:56:53.471689+02:00;standby;27.2;57.3;5.0;28.0;59.4;57.0;0;0;0;0;16280.57;11280.08;5000.5;32421.637
2026-06-18T13:57:53.993413+02:00;standby;27.2;57.2;5.0;28.0;59.4;57.0;0;0;0;0;16280.57;11280.08;5000.5;32421.637
2026-06-18T13:58:54.607814+02:00;standby;27.2;56.9;5.0;28.0;59.4;57.0;0;0;0;0;16280.57;11280.08;5000.5;32421.637
2026-06-18T13:59:55.172814+02:00;standby;27.2;56.8;5.0;28.0;59.4;57.0;0;0;0;0;16280.57;11280.08;5000.5;32421.637
