ts;mode;outdoor_temp;flow_temp;flow_set_temp;target_flow_temp;dhw_temp;dhw_set_temp;burner_active;burner_power;pump_active;pump_modulation;energy_total_kwh;energy_heat_kwh;energy_dhw_kwh;gas_display_m3
2026-08-03T00:00:16.639701+02:00;standby;27.1;29.7;5.0;25.0;51.3;10.0;0;0;0;0;16466.97;11280.08;5186.89;32440.064
2026-08-03T00:01:17.061022+02:00;standby;27.1;29.7;5.0;25.0;51.3;10.0;0;0;0;0;16466.97;11280.08;5186.89;32440.064
2026-08-03T00:02:17.523487+02:00;standby;27.1;29.9;5.0;25.0;51.3;10.0;0;0;0;0;16466.97;11280.08;5186.89;32440.064
2026-08-03T00:03:18.095027+02:00;standby;27.1;29.7;5.0;25.0;51.3;10.0;0;0;0;0;16466.97;11280.08;5186.89;32440.064
2026-08-03T00:04:18.518936+02:00;standby;27.1;29.7;5.0;25.0;51.3;10.0;0;0;0;0;16466.97;11280.08;5186.89;32440.064
2026-08-03T00:05:18.999475+02:00;standby;27.1;29.7;5.0;25.0;51.3;10.0;0;0;0;0;16466.97;11280.08;5186.89;32440.064
2026-08-03T00:06:20.211653+02:00;standby;27.1;29.7;5.0;25.0;51.2;10.0;0;0;0;0;16466.97;11280.08;5186.89;32440.064
2026-08-03T00:07:20.737822+02:00;standby;27.1;29.7;5.0;25.0;51.2;10.0;0;0;0;0;16466.97;11280.08;5186.89;32440.064
2026-08-03T00:08:21.409582+02:00;standby;27.1;29.7;5.0;25.0;51.2;10.0;0;0;0;0;16466.97;11280.08;5186.89;32440.064
2026-08-03T00:09:21.926461+02:00;standby;27.1;29.7;5.0;25.0;51.2;10.0;0;0;0;0;16466.97;11280.08;5186.89;32440.064
2026-08-03T00:10:22.901371+02:00;standby;27.1;29.7;5.0;25.0;51.2;10.0;0;0;0;0;16466.97;11280.08;5186.89;32440.064
2026-08-03T00:11:23.368905+02:00;standby;27.1;29.7;5.0;25.0;51.2;10.0;0;0;0;0;16466.97;11280.08;5186.89;32440.064
2026-08-03T00:12:23.904958+02:00;standby;27.1;29.7;5.0;25.0;51.2;10.0;0;0;0;0;16466.97;11280.08;5186.89;32440.064
2026-08-03T00:13:24.572537+02:00;standby;27.1;29.7;5.0;25.0;51.2;10.0;0;0;0;0;16466.97;11280.08;5186.89;32440.064
2026-08-03T00:14:25.011809+02:00;standby;27.1;29.7;5.0;25.0;51.2;10.0;0;0;0;0;16466.97;11280.08;5186.89;32440.064
2026-08-03T00:15:25.657804+02:00;standby;27.1;29.7;5.0;25.0;51.2;10.0;0;0;0;0;16466.97;11280.08;5186.89;32440.064
2026-08-03T00:16:26.125440+02:00;standby;27.1;29.7;5.0;25.0;51.2;10.0;0;0;0;0;16466.97;11280.08;5186.89;32440.064
2026-08-03T00:17:26.634157+02:00;standby;27.1;29.7;5.0;25.0;51.1;10.0;0;0;0;0;16466.97;11280.08;5186.89;32440.064
2026-08-03T00:18:27.054449+02:00;standby;27.1;29.7;5.0;25.0;51.1;10.0;0;0;0;0;16466.97;11280.08;5186.89;32440.064
2026-08-03T00:19:27.708836+02:00;standby;27.1;29.7;5.0;25.0;51.1;10.0;0;0;0;0;16466.97;11280.08;5186.89;32440.064
2026-08-03T00:20:28.151746+02:00;standby;27.1;29.6;5.0;25.0;51.1;10.0;0;0;0;0;16466.97;11280.08;5186.89;32440.064
2026-08-03T00:21:28.671603+02:00;standby;27.1;29.6;5.0;25.0;51.1;10.0;0;0;0;0;16466.97;11280.08;5186.89;32440.064
2026-08-03T00:22:29.148154+02:00;standby;27.1;29.7;5.0;25.0;51.1;10.0;0;0;0;0;16466.97;11280.08;5186.89;32440.064
2026-08-03T00:23:29.605903+02:00;standby;27.1;29.6;5.0;25.0;51.1;10.0;0;0;0;0;16466.97;11280.08;5186.89;32440.064
2026-08-03T00:24:30.120887+02:00;standby;27.1;29.7;5.0;25.0;51.1;10.0;0;0;0;0;16466.97;11280.08;5186.89;32440.064
2026-08-03T00:25:30.557893+02:00;standby;27.1;29.6;5.0;25.0;51.1;10.0;0;0;0;0;16466.97;11280.08;5186.89;32440.064
2026-08-03T00:26:31.105944+02:00;standby;27.1;29.6;5.0;25.0;51.1;10.0;0;0;0;0;16466.97;11280.08;5186.89;32440.064
2026-08-03T00:27:31.614984+02:00;standby;27.1;29.6;5.0;25.0;51.1;10.0;0;0;0;0;16466.97;11280.08;5186.89;32440.064
2026-08-03T00:28:32.052337+02:00;standby;27.1;29.6;5.0;25.0;51.1;10.0;0;0;0;0;16466.97;11280.08;5186.89;32440.064
2026-08-03T00:29:32.597326+02:00;standby;27.1;29.6;5.0;25.0;50.9;10.0;0;0;0;0;16466.97;11280.08;5186.89;32440.064
2026-08-03T00:30:33.298061+02:00;standby;27.1;29.6;5.0;25.0;50.9;10.0;0;0;0;0;16466.97;11280.08;5186.89;32440.064
2026-08-03T00:31:33.760441+02:00;standby;27.1;29.6;5.0;25.0;50.9;10.0;0;0;0;0;16466.97;11280.08;5186.89;32440.064
2026-08-03T00:32:34.181573+02:00;standby;27.1;29.6;5.0;25.0;50.9;10.0;0;0;0;0;16466.97;11280.08;5186.89;32440.064
2026-08-03T00:33:34.700730+02:00;standby;27.1;29.6;5.0;25.0;50.9;10.0;0;0;0;0;16466.97;11280.08;5186.89;32440.064
2026-08-03T00:34:35.220754+02:00;standby;27.1;29.6;5.0;25.0;50.9;10.0;0;0;0;0;16466.97;11280.08;5186.89;32440.064
2026-08-03T00:35:35.702774+02:00;standby;27.1;29.6;5.0;25.0;50.9;10.0;0;0;0;0;16466.97;11280.08;5186.89;32440.064
2026-08-03T00:36:36.293497+02:00;standby;27.1;29.6;5.0;25.0;50.9;10.0;0;0;0;0;16466.97;11280.08;5186.89;32440.064
2026-08-03T00:37:36.733194+02:00;standby;27.1;29.6;5.0;25.0;50.9;10.0;0;0;0;0;16466.97;11280.08;5186.89;32440.064
2026-08-03T00:38:37.168151+02:00;standby;27.1;29.6;5.0;25.0;50.9;10.0;0;0;0;0;16466.97;11280.08;5186.89;32440.064
2026-08-03T00:39:38.071389+02:00;standby;26.6;29.6;5.0;25.0;50.9;10.0;0;0;0;0;16466.97;11280.08;5186.89;32440.064
2026-08-03T00:40:38.583784+02:00;standby;26.6;29.6;5.0;25.0;50.8;10.0;0;0;0;0;16466.97;11280.08;5186.89;32440.064
2026-08-03T00:41:39.917437+02:00;standby;26.6;29.6;5.0;25.0;50.8;10.0;0;0;0;0;16466.97;11280.08;5186.89;32440.064
2026-08-03T00:42:40.392884+02:00;standby;26.6;29.6;5.0;25.0;50.8;10.0;0;0;0;0;16466.97;11280.08;5186.89;32440.064
2026-08-03T00:43:41.461698+02:00;standby;26.6;29.6;5.0;25.0;50.8;10.0;0;0;0;0;16466.97;11280.08;5186.89;32440.064
2026-08-03T00:44:42.046777+02:00;standby;26.6;29.6;5.0;25.0;50.8;10.0;0;0;0;0;16466.97;11280.08;5186.89;32440.064
2026-08-03T00:45:42.469935+02:00;standby;26.6;29.6;5.0;25.0;50.8;10.0;0;0;0;0;16466.97;11280.08;5186.89;32440.064
2026-08-03T00:46:42.993207+02:00;standby;26.6;29.6;5.0;25.0;50.8;10.0;0;0;0;0;16466.97;11280.08;5186.89;32440.064
2026-08-03T00:47:43.438272+02:00;standby;26.6;29.4;5.0;25.0;50.8;10.0;0;0;0;0;16466.97;11280.08;5186.89;32440.064
2026-08-03T00:48:44.548349+02:00;standby;26.6;29.4;5.0;25.0;50.8;10.0;0;0;0;0;16466.97;11280.08;5186.89;32440.064
2026-08-03T00:49:44.997169+02:00;standby;26.6;29.4;5.0;25.0;50.8;10.0;0;0;0;0;16466.97;11280.08;5186.89;32440.064
2026-08-03T00:50:45.537894+02:00;standby;26.6;29.4;5.0;25.0;50.7;10.0;0;0;0;0;16466.97;11280.08;5186.89;32440.064
2026-08-03T00:51:46.025381+02:00;standby;26.6;29.4;5.0;25.0;50.7;10.0;0;0;0;0;16466.97;11280.08;5186.89;32440.064
2026-08-03T00:52:46.459767+02:00;standby;26.6;29.4;5.0;25.0;50.7;10.0;0;0;0;0;16466.97;11280.08;5186.89;32440.064
2026-08-03T00:53:47.062980+02:00;standby;26.6;29.4;5.0;25.0;50.7;10.0;0;0;0;0;16466.97;11280.08;5186.89;32440.064
2026-08-03T00:54:47.553083+02:00;standby;26.6;29.4;5.0;25.0;50.7;10.0;0;0;0;0;16466.97;11280.08;5186.89;32440.064
2026-08-03T00:55:48.114485+02:00;standby;26.6;29.4;5.0;25.0;50.7;10.0;0;0;0;0;16466.97;11280.08;5186.89;32440.064
2026-08-03T00:56:48.592798+02:00;standby;26.6;29.4;5.0;25.0;50.7;10.0;0;0;0;0;16466.97;11280.08;5186.89;32440.064
2026-08-03T00:57:49.015264+02:00;standby;26.6;29.4;5.0;25.0;50.7;10.0;0;0;0;0;16466.97;11280.08;5186.89;32440.064
2026-08-03T00:58:49.579828+02:00;standby;26.6;29.4;5.0;25.0;50.7;10.0;0;0;0;0;16466.97;11280.08;5186.89;32440.064
2026-08-03T00:59:50.202185+02:00;standby;26.6;29.4;5.0;25.0;50.7;10.0;0;0;0;0;16466.97;11280.08;5186.89;32440.064
2026-08-03T01:00:50.709770+02:00;standby;26.6;29.4;5.0;25.0;50.7;10.0;0;0;0;0;16466.97;11280.08;5186.89;32440.064
2026-08-03T01:01:51.183798+02:00;standby;26.6;29.4;5.0;25.0;50.7;10.0;0;0;0;0;16466.97;11280.08;5186.89;32440.064
2026-08-03T01:02:51.611141+02:00;standby;26.6;29.4;5.0;25.0;50.7;10.0;0;0;0;0;16466.97;11280.08;5186.89;32440.064
2026-08-03T01:03:52.337570+02:00;standby;26.6;29.4;5.0;25.0;50.6;10.0;0;0;0;0;16466.97;11280.08;5186.89;32440.064
2026-08-03T01:04:53.311411+02:00;standby;26.6;29.4;5.0;25.0;50.6;10.0;0;0;0;0;16466.97;11280.08;5186.89;32440.064
2026-08-03T01:05:53.807354+02:00;standby;26.6;29.4;5.0;25.0;50.6;10.0;0;0;0;0;16466.97;11280.08;5186.89;32440.064
2026-08-03T01:06:54.700600+02:00;standby;26.6;29.4;5.0;25.0;50.6;10.0;0;0;0;0;16466.97;11280.08;5186.89;32440.064
2026-08-03T01:07:55.125395+02:00;standby;26.6;29.4;5.0;25.0;50.6;10.0;0;0;0;0;16466.97;11280.08;5186.89;32440.064
2026-08-03T01:08:55.591435+02:00;standby;26.6;29.4;5.0;25.0;50.6;10.0;0;0;0;0;16466.97;11280.08;5186.89;32440.064
2026-08-03T01:09:57.056518+02:00;standby;26.6;29.4;5.0;25.0;50.6;10.0;0;0;0;0;16466.97;11280.08;5186.89;32440.064
2026-08-03T01:10:57.500041+02:00;standby;26.6;29.4;5.0;25.0;50.6;10.0;0;0;0;0;16466.97;11280.08;5186.89;32440.064
2026-08-03T01:11:58.327854+02:00;standby;26.6;29.4;5.0;25.0;50.6;10.0;0;0;0;0;16466.97;11280.08;5186.89;32440.064
2026-08-03T01:12:58.778488+02:00;standby;26.6;29.4;5.0;25.0;50.6;10.0;0;0;0;0;16466.97;11280.08;5186.89;32440.064
2026-08-03T01:13:59.259060+02:00;standby;26.6;29.4;5.0;25.0;50.5;10.0;0;0;0;0;16466.97;11280.08;5186.89;32440.064
2026-08-03T01:14:59.891227+02:00;standby;26.6;29.3;5.0;25.0;50.6;10.0;0;0;0;0;16466.97;11280.08;5186.89;32440.064
2026-08-03T01:16:00.350802+02:00;standby;26.6;29.3;5.0;25.0;50.5;10.0;0;0;0;0;16466.97;11280.08;5186.89;32440.064
2026-08-03T01:17:01.203557+02:00;standby;26.6;29.4;5.0;25.0;50.5;10.0;0;0;0;0;16466.97;11280.08;5186.89;32440.064
2026-08-03T01:18:01.649341+02:00;standby;26.6;29.3;5.0;25.0;50.5;10.0;0;0;0;0;16466.97;11280.08;5186.89;32440.064
2026-08-03T01:19:02.301853+02:00;standby;26.6;29.3;5.0;25.0;50.5;10.0;0;0;0;0;16466.97;11280.08;5186.89;32440.064
2026-08-03T01:20:03.028097+02:00;standby;26.6;29.3;5.0;25.0;50.5;10.0;0;0;0;0;16466.97;11280.08;5186.89;32440.064
2026-08-03T01:21:03.862262+02:00;standby;26.6;29.3;5.0;25.0;50.5;10.0;0;0;0;0;16466.97;11280.08;5186.89;32440.064
2026-08-03T01:22:04.422167+02:00;standby;26.6;29.3;5.0;25.0;50.5;10.0;0;0;0;0;16466.97;11280.08;5186.89;32440.064
2026-08-03T01:23:04.860018+02:00;standby;26.6;29.3;5.0;25.0;50.5;10.0;0;0;0;0;16466.97;11280.08;5186.89;32440.064
2026-08-03T01:24:05.312054+02:00;standby;26.6;29.3;5.0;25.0;50.5;10.0;0;0;0;0;16466.97;11280.08;5186.89;32440.064
2026-08-03T01:25:05.820145+02:00;standby;26.6;29.3;5.0;25.0;50.5;10.0;0;0;0;0;16466.97;11280.08;5186.89;32440.064
2026-08-03T01:26:06.314083+02:00;standby;26.6;29.3;5.0;25.0;50.4;10.0;0;0;0;0;16466.97;11280.08;5186.89;32440.064
2026-08-03T01:27:06.764418+02:00;standby;26.6;29.3;5.0;25.0;50.4;10.0;0;0;0;0;16466.97;11280.08;5186.89;32440.064
2026-08-03T01:28:07.253159+02:00;standby;26.6;29.3;5.0;25.0;50.4;10.0;0;0;0;0;16466.97;11280.08;5186.89;32440.064
2026-08-03T01:29:07.666988+02:00;standby;26.6;29.3;5.0;25.0;50.4;10.0;0;0;0;0;16466.97;11280.08;5186.89;32440.064
2026-08-03T01:30:08.841481+02:00;standby;26.6;29.3;5.0;25.0;50.4;10.0;0;0;0;0;16466.97;11280.08;5186.89;32440.064
2026-08-03T01:31:09.404053+02:00;standby;26.6;29.3;5.0;25.0;50.4;10.0;0;0;0;0;16466.97;11280.08;5186.89;32440.064
2026-08-03T01:32:09.868566+02:00;standby;26.6;29.3;5.0;25.0;50.4;10.0;0;0;0;0;16466.97;11280.08;5186.89;32440.064
2026-08-03T01:33:10.388758+02:00;standby;26.6;29.3;5.0;25.0;50.4;10.0;0;0;0;0;16466.97;11280.08;5186.89;32440.064
2026-08-03T01:34:11.020152+02:00;standby;26.6;29.3;5.0;25.0;50.4;10.0;0;0;0;0;16466.97;11280.08;5186.89;32440.064
2026-08-03T01:35:11.629415+02:00;standby;26.6;29.3;5.0;25.0;50.4;10.0;0;0;0;0;16466.97;11280.08;5186.89;32440.064
2026-08-03T01:36:12.122024+02:00;standby;26.6;29.3;5.0;25.0;50.4;10.0;0;0;0;0;16466.97;11280.08;5186.89;32440.064
2026-08-03T01:37:12.585636+02:00;standby;26.6;29.3;5.0;25.0;50.4;10.0;0;0;0;0;16466.97;11280.08;5186.89;32440.064
2026-08-03T01:38:13.187074+02:00;standby;26.6;29.3;5.0;25.0;50.3;10.0;0;0;0;0;16466.97;11280.08;5186.89;32440.064
2026-08-03T01:39:13.709033+02:00;standby;26.6;29.3;5.0;25.0;50.3;10.0;0;0;0;0;16466.97;11280.08;5186.89;32440.064
2026-08-03T01:40:14.273761+02:00;standby;26.4;29.3;5.0;25.0;50.3;10.0;0;0;0;0;16466.97;11280.08;5186.89;32440.064
2026-08-03T01:41:14.846616+02:00;standby;26.4;29.3;5.0;25.0;50.3;10.0;0;0;0;0;16466.97;11280.08;5186.89;32440.064
2026-08-03T01:42:15.364790+02:00;standby;26.4;29.3;5.0;25.0;50.3;10.0;0;0;0;0;16466.97;11280.08;5186.89;32440.064
2026-08-03T01:43:15.893441+02:00;standby;26.4;29.2;5.0;25.0;50.3;10.0;0;0;0;0;16466.97;11280.08;5186.89;32440.064
2026-08-03T01:44:16.355801+02:00;standby;26.4;29.3;5.0;25.0;50.3;10.0;0;0;0;0;16466.97;11280.08;5186.89;32440.064
2026-08-03T01:45:16.828926+02:00;standby;26.4;29.2;5.0;25.0;50.3;10.0;0;0;0;0;16466.97;11280.08;5186.89;32440.064
2026-08-03T01:46:17.313537+02:00;standby;26.4;29.2;5.0;25.0;50.3;10.0;0;0;0;0;16466.97;11280.08;5186.89;32440.064
2026-08-03T01:47:17.791283+02:00;standby;26.4;29.2;5.0;25.0;50.3;10.0;0;0;0;0;16466.97;11280.08;5186.89;32440.064
2026-08-03T01:48:18.279585+02:00;standby;26.4;29.2;5.0;25.0;50.3;10.0;0;0;0;0;16466.97;11280.08;5186.89;32440.064
2026-08-03T01:49:18.770376+02:00;standby;26.4;29.2;5.0;25.0;50.3;10.0;0;0;0;0;16466.97;11280.08;5186.89;32440.064
2026-08-03T01:50:19.320530+02:00;standby;26.4;29.2;5.0;25.0;50.2;10.0;0;0;0;0;16466.97;11280.08;5186.89;32440.064
2026-08-03T01:51:19.833654+02:00;standby;26.4;29.2;5.0;25.0;50.3;10.0;0;0;0;0;16466.97;11280.08;5186.89;32440.064
2026-08-03T01:52:21.121984+02:00;standby;26.4;29.2;5.0;25.0;50.2;10.0;0;0;0;0;16466.97;11280.08;5186.89;32440.064
2026-08-03T01:53:21.550256+02:00;standby;26.4;29.2;5.0;25.0;50.2;10.0;0;0;0;0;16466.97;11280.08;5186.89;32440.064
2026-08-03T01:54:21.982785+02:00;standby;26.4;29.2;5.0;25.0;50.2;10.0;0;0;0;0;16466.97;11280.08;5186.89;32440.064
2026-08-03T01:55:22.546826+02:00;standby;26.4;29.2;5.0;25.0;50.2;10.0;0;0;0;0;16466.97;11280.08;5186.89;32440.064
2026-08-03T01:56:23.101835+02:00;standby;26.4;29.2;5.0;25.0;50.2;10.0;0;0;0;0;16466.97;11280.08;5186.89;32440.064
2026-08-03T01:57:23.847616+02:00;standby;26.4;29.2;5.0;25.0;50.2;10.0;0;0;0;0;16466.97;11280.08;5186.89;32440.064
2026-08-03T01:58:24.355107+02:00;standby;26.4;29.2;5.0;25.0;50.2;10.0;0;0;0;0;16466.97;11280.08;5186.89;32440.064
2026-08-03T01:59:25.279250+02:00;standby;26.4;29.2;5.0;25.0;50.2;10.0;0;0;0;0;16466.97;11280.08;5186.89;32440.064
2026-08-03T02:00:25.712888+02:00;standby;26.4;29.2;5.0;25.0;50.2;10.0;0;0;0;0;16466.97;11280.08;5186.89;32440.064
2026-08-03T02:01:26.160124+02:00;standby;26.4;29.2;5.0;25.0;50.2;10.0;0;0;0;0;16466.97;11280.08;5186.89;32440.064
2026-08-03T02:02:26.651560+02:00;standby;26.4;29.2;5.0;25.0;50.2;10.0;0;0;0;0;16466.97;11280.08;5186.89;32440.064
2026-08-03T02:03:27.099377+02:00;standby;26.4;29.2;5.0;25.0;50.2;10.0;0;0;0;0;16466.97;11280.08;5186.89;32440.064
2026-08-03T02:04:27.620650+02:00;standby;26.4;29.2;5.0;25.0;50.2;10.0;0;0;0;0;16466.97;11280.08;5186.89;32440.064
2026-08-03T02:05:28.078537+02:00;standby;26.4;29.2;5.0;25.0;50.1;10.0;0;0;0;0;16466.97;11280.08;5186.89;32440.064
2026-08-03T02:06:29.004528+02:00;standby;26.4;29.2;5.0;25.0;50.1;10.0;0;0;0;0;16466.97;11280.08;5186.89;32440.064
2026-08-03T02:07:29.501026+02:00;standby;26.4;29.2;5.0;25.0;50.1;10.0;0;0;0;0;16466.97;11280.08;5186.89;32440.064
2026-08-03T02:08:30.009821+02:00;standby;26.4;29.2;5.0;25.0;50.1;10.0;0;0;0;0;16466.97;11280.08;5186.89;32440.064
2026-08-03T02:09:30.542080+02:00;standby;26.4;29.2;5.0;25.0;50.1;10.0;0;0;0;0;16466.97;11280.08;5186.89;32440.064
2026-08-03T02:10:31.260536+02:00;standby;26.4;29.2;5.0;25.0;50.1;10.0;0;0;0;0;16466.97;11280.08;5186.89;32440.064
2026-08-03T02:11:31.758966+02:00;standby;26.4;29.2;5.0;25.0;50.1;10.0;0;0;0;0;16466.97;11280.08;5186.89;32440.064
2026-08-03T02:12:32.273603+02:00;standby;26.4;29.2;5.0;25.0;50.1;10.0;0;0;0;0;16466.97;11280.08;5186.89;32440.064
2026-08-03T02:13:33.001230+02:00;standby;26.4;29.2;5.0;25.0;50.1;10.0;0;0;0;0;16466.97;11280.08;5186.89;32440.064
2026-08-03T02:14:33.522107+02:00;standby;26.4;29.2;5.0;25.0;50.1;10.0;0;0;0;0;16466.97;11280.08;5186.89;32440.064
2026-08-03T02:15:34.042647+02:00;standby;26.4;29.2;5.0;25.0;50.1;10.0;0;0;0;0;16466.97;11280.08;5186.89;32440.064
2026-08-03T02:16:34.566188+02:00;standby;26.4;29.0;5.0;25.0;50.0;10.0;0;0;0;0;16466.97;11280.08;5186.89;32440.064
2026-08-03T02:17:35.084792+02:00;standby;26.4;29.0;5.0;25.0;50.0;10.0;0;0;0;0;16466.97;11280.08;5186.89;32440.064
2026-08-03T02:18:35.636487+02:00;standby;26.4;29.0;5.0;25.0;50.0;10.0;0;0;0;0;16466.97;11280.08;5186.89;32440.064
2026-08-03T02:19:37.298522+02:00;standby;26.4;29.0;5.0;25.0;50.0;10.0;0;0;0;0;16466.97;11280.08;5186.89;32440.064
2026-08-03T02:20:37.799882+02:00;standby;26.4;29.0;5.0;25.0;50.0;10.0;0;0;0;0;16466.97;11280.08;5186.89;32440.064
2026-08-03T02:21:38.289991+02:00;standby;26.4;29.0;5.0;25.0;50.0;10.0;0;0;0;0;16466.97;11280.08;5186.89;32440.064
2026-08-03T02:22:39.069956+02:00;standby;26.4;29.0;5.0;25.0;50.0;10.0;0;0;0;0;16466.97;11280.08;5186.89;32440.064
2026-08-03T02:23:39.534075+02:00;standby;26.4;29.0;5.0;25.0;50.0;10.0;0;0;0;0;16466.97;11280.08;5186.89;32440.064
2026-08-03T02:24:40.046016+02:00;standby;26.4;29.0;5.0;25.0;50.0;10.0;0;0;0;0;16466.97;11280.08;5186.89;32440.064
2026-08-03T02:25:40.573064+02:00;standby;26.4;29.0;5.0;25.0;50.0;10.0;0;0;0;0;16466.97;11280.08;5186.89;32440.064
2026-08-03T02:26:41.096454+02:00;standby;26.4;29.0;5.0;25.0;50.0;10.0;0;0;0;0;16466.97;11280.08;5186.89;32440.064
2026-08-03T02:27:42.284479+02:00;standby;26.4;29.0;5.0;25.0;50.0;10.0;0;0;0;0;16466.97;11280.08;5186.89;32440.064
2026-08-03T02:28:43.412244+02:00;standby;26.4;29.0;5.0;25.0;49.9;10.0;0;0;0;0;16466.97;11280.08;5186.89;32440.064
2026-08-03T02:29:43.888237+02:00;standby;26.4;29.0;5.0;25.0;49.9;10.0;0;0;0;0;16466.97;11280.08;5186.89;32440.064
2026-08-03T02:30:44.413697+02:00;standby;26.4;29.0;5.0;25.0;49.9;10.0;0;0;0;0;16466.97;11280.08;5186.89;32440.064
2026-08-03T02:31:45.319260+02:00;standby;26.4;29.0;5.0;25.0;49.9;10.0;0;0;0;0;16466.97;11280.08;5186.89;32440.064
2026-08-03T02:32:45.862968+02:00;standby;26.4;29.0;5.0;25.0;49.9;10.0;0;0;0;0;16466.97;11280.08;5186.89;32440.064
2026-08-03T02:33:46.318485+02:00;standby;26.4;29.0;5.0;25.0;49.9;10.0;0;0;0;0;16466.97;11280.08;5186.89;32440.064
2026-08-03T02:34:46.776708+02:00;standby;26.4;29.0;5.0;25.0;49.9;10.0;0;0;0;0;16466.97;11280.08;5186.89;32440.064
2026-08-03T02:35:48.486950+02:00;standby;26.4;29.0;5.0;25.0;49.9;10.0;0;0;0;0;16466.97;11280.08;5186.89;32440.064
2026-08-03T02:36:48.939367+02:00;standby;26.4;29.0;5.0;25.0;49.9;10.0;0;0;0;0;16466.97;11280.08;5186.89;32440.064
2026-08-03T02:37:49.476575+02:00;standby;26.4;29.0;5.0;25.0;49.9;10.0;0;0;0;0;16466.97;11280.08;5186.89;32440.064
2026-08-03T02:38:50.514511+02:00;standby;26.4;29.0;5.0;25.0;49.9;10.0;0;0;0;0;16466.97;11280.08;5186.89;32440.064
2026-08-03T02:39:51.258379+02:00;standby;26.4;29.0;5.0;25.0;49.9;10.0;0;0;0;0;16466.97;11280.08;5186.89;32440.064
2026-08-03T02:40:51.697890+02:00;standby;25.3;29.0;5.0;25.0;49.9;10.0;0;0;0;0;16466.97;11280.08;5186.89;32440.064
2026-08-03T02:41:52.164273+02:00;standby;25.3;29.0;5.0;25.0;49.9;10.0;0;0;0;0;16466.97;11280.08;5186.89;32440.064
2026-08-03T02:42:53.011308+02:00;standby;25.3;29.0;5.0;25.0;49.8;10.0;0;0;0;0;16466.97;11280.08;5186.89;32440.064
2026-08-03T02:43:53.497733+02:00;standby;25.3;29.0;5.0;25.0;49.8;10.0;0;0;0;0;16466.97;11280.08;5186.89;32440.064
2026-08-03T02:44:54.082882+02:00;standby;25.3;29.0;5.0;25.0;49.8;10.0;0;0;0;0;16466.97;11280.08;5186.89;32440.064
2026-08-03T02:45:54.964309+02:00;standby;25.3;29.0;5.0;25.0;49.8;10.0;0;0;0;0;16466.97;11280.08;5186.89;32440.064
2026-08-03T02:46:55.425150+02:00;standby;25.3;29.0;5.0;25.0;49.8;10.0;0;0;0;0;16466.97;11280.08;5186.89;32440.064
2026-08-03T02:47:55.883315+02:00;standby;25.3;29.0;5.0;25.0;49.8;10.0;0;0;0;0;16466.97;11280.08;5186.89;32440.064
2026-08-03T02:48:56.398584+02:00;standby;25.3;29.0;5.0;25.0;49.8;10.0;0;0;0;0;16466.97;11280.08;5186.89;32440.064
2026-08-03T02:49:56.815383+02:00;standby;25.3;29.0;5.0;25.0;49.8;10.0;0;0;0;0;16466.97;11280.08;5186.89;32440.064
2026-08-03T02:50:57.402840+02:00;standby;25.3;29.0;5.0;25.0;49.8;10.0;0;0;0;0;16466.97;11280.08;5186.89;32440.064
2026-08-03T02:51:57.863426+02:00;standby;25.3;28.9;5.0;25.0;49.8;10.0;0;0;0;0;16466.97;11280.08;5186.89;32440.064
2026-08-03T02:52:58.318681+02:00;standby;25.3;28.9;5.0;25.0;49.8;10.0;0;0;0;0;16466.97;11280.08;5186.89;32440.064
2026-08-03T02:53:58.802070+02:00;standby;25.3;29.0;5.0;25.0;49.7;10.0;0;0;0;0;16466.97;11280.08;5186.89;32440.064
2026-08-03T02:54:59.275597+02:00;standby;25.3;29.0;5.0;25.0;49.7;10.0;0;0;0;0;16466.97;11280.08;5186.89;32440.064
2026-08-03T02:55:59.728280+02:00;standby;25.3;28.9;5.0;25.0;49.7;10.0;0;0;0;0;16466.97;11280.08;5186.89;32440.064
2026-08-03T02:57:00.550843+02:00;standby;25.3;28.9;5.0;25.0;49.7;10.0;0;0;0;0;16466.97;11280.08;5186.89;32440.064
2026-08-03T02:58:00.980903+02:00;standby;25.3;28.9;5.0;25.0;49.7;10.0;0;0;0;0;16466.97;11280.08;5186.89;32440.064
2026-08-03T02:59:01.500189+02:00;standby;25.3;28.9;5.0;25.0;49.7;10.0;0;0;0;0;16466.97;11280.08;5186.89;32440.064
2026-08-03T03:00:01.974101+02:00;standby;25.3;28.9;5.0;25.0;49.7;10.0;0;0;0;0;16466.97;11280.08;5186.89;32440.064
2026-08-03T03:01:02.438989+02:00;standby;25.3;28.9;5.0;25.0;49.7;10.0;0;0;0;0;16466.97;11280.08;5186.89;32440.064
2026-08-03T03:02:02.943589+02:00;standby;25.3;28.9;5.0;25.0;49.7;10.0;0;0;0;0;16466.97;11280.08;5186.89;32440.064
2026-08-03T03:03:03.472873+02:00;standby;25.3;28.9;5.0;25.0;49.7;10.0;0;0;0;0;16466.97;11280.08;5186.89;32440.064
2026-08-03T03:04:03.990797+02:00;standby;25.3;28.9;5.0;25.0;49.7;10.0;0;0;0;0;16466.97;11280.08;5186.89;32440.064
2026-08-03T03:05:04.556333+02:00;standby;25.3;28.9;5.0;25.0;49.7;10.0;0;0;0;0;16466.97;11280.08;5186.89;32440.064
2026-08-03T03:06:05.027759+02:00;standby;25.3;28.9;5.0;25.0;49.7;10.0;0;0;0;0;16466.97;11280.08;5186.89;32440.064
2026-08-03T03:07:05.466374+02:00;standby;25.3;28.9;5.0;25.0;49.7;10.0;0;0;0;0;16466.97;11280.08;5186.89;32440.064
2026-08-03T03:08:05.920069+02:00;standby;25.3;28.9;5.0;25.0;49.6;10.0;0;0;0;0;16466.97;11280.08;5186.89;32440.064
2026-08-03T03:09:06.380968+02:00;standby;25.3;28.9;5.0;25.0;49.6;10.0;0;0;0;0;16466.97;11280.08;5186.89;32440.064
2026-08-03T03:10:06.799518+02:00;standby;25.3;28.9;5.0;25.0;49.6;10.0;0;0;0;0;16466.97;11280.08;5186.89;32440.064
2026-08-03T03:11:07.264293+02:00;standby;25.3;28.9;5.0;25.0;49.6;10.0;0;0;0;0;16466.97;11280.08;5186.89;32440.064
2026-08-03T03:12:07.698573+02:00;standby;25.3;28.9;5.0;25.0;49.6;10.0;0;0;0;0;16466.97;11280.08;5186.89;32440.064
2026-08-03T03:13:08.148889+02:00;standby;25.3;28.9;5.0;25.0;49.6;10.0;0;0;0;0;16466.97;11280.08;5186.89;32440.064
2026-08-03T03:14:08.617232+02:00;standby;25.3;28.9;5.0;25.0;49.6;10.0;0;0;0;0;16466.97;11280.08;5186.89;32440.064
2026-08-03T03:15:09.047547+02:00;standby;25.3;28.9;5.0;25.0;49.6;10.0;0;0;0;0;16466.97;11280.08;5186.89;32440.064
2026-08-03T03:16:09.499411+02:00;standby;25.3;28.9;5.0;25.0;49.6;10.0;0;0;0;0;16466.97;11280.08;5186.89;32440.064
2026-08-03T03:17:10.029913+02:00;standby;25.3;28.9;5.0;25.0;49.6;10.0;0;0;0;0;16466.97;11280.08;5186.89;32440.064
2026-08-03T03:18:10.700781+02:00;standby;25.3;28.9;5.0;25.0;49.6;10.0;0;0;0;0;16466.97;11280.08;5186.89;32440.064
2026-08-03T03:19:11.166425+02:00;standby;25.3;28.9;5.0;25.0;49.5;10.0;0;0;0;0;16466.97;11280.08;5186.89;32440.064
2026-08-03T03:20:11.721510+02:00;standby;25.3;28.9;5.0;25.0;49.5;10.0;0;0;0;0;16466.97;11280.08;5186.89;32440.064
2026-08-03T03:21:12.230218+02:00;standby;25.3;28.9;5.0;25.0;49.5;10.0;0;0;0;0;16466.97;11280.08;5186.89;32440.064
2026-08-03T03:22:12.841009+02:00;standby;25.3;28.9;5.0;25.0;49.5;10.0;0;0;0;0;16466.97;11280.08;5186.89;32440.064
2026-08-03T03:23:13.343975+02:00;standby;25.3;28.9;5.0;25.0;49.5;10.0;0;0;0;0;16466.97;11280.08;5186.89;32440.064
2026-08-03T03:24:13.907807+02:00;standby;25.3;28.9;5.0;25.0;49.5;10.0;0;0;0;0;16466.97;11280.08;5186.89;32440.064
2026-08-03T03:25:14.718169+02:00;standby;25.3;28.9;5.0;25.0;49.5;10.0;0;0;0;0;16466.97;11280.08;5186.89;32440.064
2026-08-03T03:26:15.207712+02:00;standby;25.3;28.9;5.0;25.0;49.5;10.0;0;0;0;0;16466.97;11280.08;5186.89;32440.064
2026-08-03T03:27:15.834904+02:00;standby;25.3;28.9;5.0;25.0;49.5;10.0;0;0;0;0;16466.97;11280.08;5186.89;32440.064
2026-08-03T03:28:16.298191+02:00;standby;25.3;28.9;5.0;25.0;49.5;10.0;0;0;0;0;16466.97;11280.08;5186.89;32440.064
2026-08-03T03:29:16.764519+02:00;standby;25.3;28.9;5.0;25.0;49.5;10.0;0;0;0;0;16466.97;11280.08;5186.89;32440.064
2026-08-03T03:30:17.195176+02:00;standby;25.3;28.9;5.0;25.0;49.5;10.0;0;0;0;0;16466.97;11280.08;5186.89;32440.064
2026-08-03T03:31:17.647944+02:00;standby;25.3;28.9;5.0;25.0;49.5;10.0;0;0;0;0;16466.97;11280.08;5186.89;32440.064
2026-08-03T03:32:18.122599+02:00;standby;25.3;28.7;5.0;25.0;49.5;10.0;0;0;0;0;16466.97;11280.08;5186.89;32440.064
2026-08-03T03:33:18.697461+02:00;standby;25.3;28.7;5.0;25.0;49.5;10.0;0;0;0;0;16466.97;11280.08;5186.89;32440.064
2026-08-03T03:34:19.169243+02:00;standby;25.3;28.7;5.0;25.0;49.4;10.0;0;0;0;0;16466.97;11280.08;5186.89;32440.064
2026-08-03T03:35:19.794561+02:00;standby;25.3;28.9;5.0;25.0;49.4;10.0;0;0;0;0;16466.97;11280.08;5186.89;32440.064
2026-08-03T03:36:20.261632+02:00;standby;25.3;28.9;5.0;25.0;49.4;10.0;0;0;0;0;16466.97;11280.08;5186.89;32440.064
2026-08-03T03:37:20.980499+02:00;standby;25.3;28.7;5.0;25.0;49.4;10.0;0;0;0;0;16466.97;11280.08;5186.89;32440.064
2026-08-03T03:38:21.447318+02:00;standby;25.3;28.7;5.0;25.0;49.4;10.0;0;0;0;0;16466.97;11280.08;5186.89;32440.064
2026-08-03T03:39:21.956700+02:00;standby;25.3;28.7;5.0;25.0;49.4;10.0;0;0;0;0;16466.97;11280.08;5186.89;32440.064
2026-08-03T03:40:22.374082+02:00;standby;25.3;28.7;5.0;25.0;49.4;10.0;0;0;0;0;16466.97;11280.08;5186.89;32440.064
2026-08-03T03:41:22.812757+02:00;standby;24.0;28.7;5.0;25.0;49.4;10.0;0;0;0;0;16466.97;11280.08;5186.89;32440.064
2026-08-03T03:42:23.335770+02:00;standby;24.0;28.7;5.0;25.0;49.4;10.0;0;0;0;0;16466.97;11280.08;5186.89;32440.064
2026-08-03T03:43:23.784762+02:00;standby;24.0;28.7;5.0;25.0;49.4;10.0;0;0;0;0;16466.97;11280.08;5186.89;32440.064
2026-08-03T03:44:24.245777+02:00;standby;24.0;28.7;5.0;25.0;49.4;10.0;0;0;0;0;16466.97;11280.08;5186.89;32440.064
2026-08-03T03:45:24.791890+02:00;standby;24.0;28.7;5.0;25.0;49.4;10.0;0;0;0;0;16466.97;11280.08;5186.89;32440.064
2026-08-03T03:46:25.300417+02:00;standby;24.0;28.7;5.0;25.0;49.3;10.0;0;0;0;0;16466.97;11280.08;5186.89;32440.064
2026-08-03T03:47:25.765763+02:00;standby;24.0;28.7;5.0;25.0;49.3;10.0;0;0;0;0;16466.97;11280.08;5186.89;32440.064
2026-08-03T03:48:26.278276+02:00;standby;24.0;28.7;5.0;25.0;49.3;10.0;0;0;0;0;16466.97;11280.08;5186.89;32440.064
2026-08-03T03:49:26.954027+02:00;standby;24.0;28.7;5.0;25.0;49.3;10.0;0;0;0;0;16466.97;11280.08;5186.89;32440.064
2026-08-03T03:50:27.526540+02:00;standby;24.0;28.7;5.0;25.0;49.3;10.0;0;0;0;0;16466.97;11280.08;5186.89;32440.064
2026-08-03T03:51:27.986456+02:00;standby;24.0;28.7;5.0;25.0;49.3;10.0;0;0;0;0;16466.97;11280.08;5186.89;32440.064
2026-08-03T03:52:28.461800+02:00;standby;24.0;28.7;5.0;25.0;49.3;10.0;0;0;0;0;16466.97;11280.08;5186.89;32440.064
2026-08-03T03:53:28.918936+02:00;standby;24.0;28.7;5.0;25.0;49.3;10.0;0;0;0;0;16466.97;11280.08;5186.89;32440.064
2026-08-03T03:54:29.353856+02:00;standby;24.0;28.7;5.0;25.0;49.3;10.0;0;0;0;0;16466.97;11280.08;5186.89;32440.064
2026-08-03T03:55:29.856754+02:00;standby;24.0;28.7;5.0;25.0;49.3;10.0;0;0;0;0;16466.97;11280.08;5186.89;32440.064
2026-08-03T03:56:30.490270+02:00;standby;24.0;28.7;5.0;25.0;49.3;10.0;0;0;0;0;16466.97;11280.08;5186.89;32440.064
2026-08-03T03:57:31.214625+02:00;standby;24.0;28.7;5.0;25.0;49.3;10.0;0;0;0;0;16466.97;11280.08;5186.89;32440.064
2026-08-03T03:58:31.931789+02:00;standby;24.0;28.7;5.0;25.0;49.2;10.0;0;0;0;0;16466.97;11280.08;5186.89;32440.064
2026-08-03T03:59:32.404889+02:00;standby;24.0;28.7;5.0;25.0;49.3;10.0;0;0;0;0;16466.97;11280.08;5186.89;32440.064
2026-08-03T04:00:32.863634+02:00;standby;24.0;28.7;5.0;25.0;49.2;10.0;0;0;0;0;16466.97;11280.08;5186.89;32440.064
2026-08-03T04:01:33.314760+02:00;standby;24.0;28.7;5.0;25.0;49.2;57.0;0;0;0;0;16466.97;11280.08;5186.89;32440.064
2026-08-03T04:02:34.208205+02:00;standby;24.0;28.7;5.0;25.0;49.2;57.0;0;0;0;0;16466.97;11280.08;5186.89;32440.064
2026-08-03T04:03:34.676339+02:00;standby;24.0;28.7;5.0;25.0;49.2;57.0;0;0;0;0;16466.97;11280.08;5186.89;32440.064
2026-08-03T04:04:35.100902+02:00;standby;24.0;28.7;5.0;25.0;49.2;57.0;0;0;0;0;16466.97;11280.08;5186.89;32440.064
2026-08-03T04:05:35.558401+02:00;standby;24.0;28.7;5.0;25.0;49.2;57.0;0;0;0;0;16466.97;11280.08;5186.89;32440.064
2026-08-03T04:06:35.975959+02:00;standby;24.0;28.7;5.0;25.0;49.2;57.0;0;0;0;0;16466.97;11280.08;5186.89;32440.064
2026-08-03T04:07:36.393807+02:00;standby;24.0;28.7;5.0;25.0;49.2;57.0;0;0;0;0;16466.97;11280.08;5186.89;32440.064
2026-08-03T04:08:36.973975+02:00;standby;24.0;28.7;5.0;25.0;49.2;57.0;0;0;0;0;16466.97;11280.08;5186.89;32440.064
2026-08-03T04:09:37.432188+02:00;standby;24.0;28.7;5.0;25.0;49.2;57.0;0;0;0;0;16466.97;11280.08;5186.89;32440.064
2026-08-03T04:10:38.054197+02:00;standby;24.0;28.7;5.0;25.0;49.2;57.0;0;0;0;0;16466.97;11280.08;5186.89;32440.064
2026-08-03T04:11:38.569145+02:00;standby;24.0;28.7;5.0;25.0;49.2;57.0;0;0;0;0;16466.97;11280.08;5186.89;32440.064
2026-08-03T04:12:38.989478+02:00;standby;24.0;28.7;5.0;25.0;49.2;57.0;0;0;0;0;16466.97;11280.08;5186.89;32440.064
2026-08-03T04:13:39.407150+02:00;standby;24.0;28.7;5.0;25.0;49.1;57.0;0;0;0;0;16466.97;11280.08;5186.89;32440.064
2026-08-03T04:14:40.030762+02:00;standby;24.0;28.7;5.0;25.0;49.1;57.0;0;0;0;0;16466.97;11280.08;5186.89;32440.064
2026-08-03T04:15:40.500240+02:00;standby;24.0;28.7;5.0;25.0;49.1;57.0;0;0;0;0;16466.97;11280.08;5186.89;32440.064
2026-08-03T04:16:40.964137+02:00;standby;24.0;28.7;5.0;25.0;49.1;57.0;0;0;0;0;16466.97;11280.08;5186.89;32440.064
2026-08-03T04:17:41.448495+02:00;standby;24.0;28.7;5.0;25.0;49.1;57.0;0;0;0;0;16466.97;11280.08;5186.89;32440.064
2026-08-03T04:18:41.959074+02:00;standby;24.0;28.7;5.0;25.0;49.1;57.0;0;0;0;0;16466.97;11280.08;5186.89;32440.064
2026-08-03T04:19:42.377263+02:00;standby;24.0;28.7;5.0;25.0;49.1;57.0;0;0;0;0;16466.97;11280.08;5186.89;32440.064
2026-08-03T04:20:42.950493+02:00;standby;24.0;28.6;5.0;25.0;49.1;57.0;0;0;0;0;16466.97;11280.08;5186.89;32440.064
2026-08-03T04:21:43.482194+02:00;standby;24.0;28.6;5.0;25.0;49.1;57.0;0;0;0;0;16466.97;11280.08;5186.89;32440.064
2026-08-03T04:22:43.927369+02:00;standby;24.0;28.6;5.0;25.0;49.1;57.0;0;0;0;0;16466.97;11280.08;5186.89;32440.064
2026-08-03T04:23:44.417855+02:00;standby;24.0;28.7;5.0;25.0;49.1;57.0;0;0;0;0;16466.97;11280.08;5186.89;32440.064
2026-08-03T04:24:44.929512+02:00;standby;24.0;28.7;5.0;25.0;49.1;57.0;0;0;0;0;16466.97;11280.08;5186.89;32440.064
2026-08-03T04:25:45.434337+02:00;standby;24.0;28.6;5.0;25.0;49.1;57.0;0;0;0;0;16466.97;11280.08;5186.89;32440.064
2026-08-03T04:26:45.977399+02:00;standby;24.0;28.6;5.0;25.0;49.0;57.0;0;0;0;0;16466.97;11280.08;5186.89;32440.064
2026-08-03T04:27:46.435791+02:00;standby;24.0;28.6;5.0;25.0;49.0;57.0;0;0;0;0;16466.97;11280.08;5186.89;32440.064
2026-08-03T04:28:46.900429+02:00;standby;24.0;28.6;5.0;25.0;49.0;57.0;0;0;0;0;16466.97;11280.08;5186.89;32440.064
2026-08-03T04:29:47.407239+02:00;standby;24.0;28.6;5.0;25.0;49.0;57.0;0;0;0;0;16466.97;11280.08;5186.89;32440.064
2026-08-03T04:30:48.038911+02:00;standby;24.0;28.6;5.0;25.0;49.0;57.0;0;0;0;0;16466.97;11280.08;5186.89;32440.064
2026-08-03T04:31:48.552400+02:00;standby;24.0;28.6;5.0;25.0;49.0;57.0;0;0;0;0;16466.97;11280.08;5186.89;32440.064
2026-08-03T04:32:49.035219+02:00;standby;24.0;28.6;5.0;25.0;49.0;57.0;0;0;0;0;16466.97;11280.08;5186.89;32440.064
2026-08-03T04:33:49.488152+02:00;standby;24.0;28.6;5.0;25.0;49.0;57.0;0;0;0;0;16466.97;11280.08;5186.89;32440.064
2026-08-03T04:34:50.028301+02:00;standby;24.0;28.6;5.0;25.0;49.0;57.0;0;0;0;0;16466.97;11280.08;5186.89;32440.064
2026-08-03T04:35:50.886914+02:00;standby;24.0;28.6;5.0;25.0;49.0;57.0;0;0;0;0;16466.97;11280.08;5186.89;32440.064
2026-08-03T04:36:51.355510+02:00;standby;24.0;28.6;5.0;25.0;49.0;57.0;0;0;0;0;16466.97;11280.08;5186.89;32440.064
2026-08-03T04:37:51.871411+02:00;standby;24.0;28.6;5.0;25.0;49.0;57.0;0;0;0;0;16466.97;11280.08;5186.89;32440.064
2026-08-03T04:38:52.602456+02:00;standby;24.0;28.6;5.0;25.0;49.0;57.0;0;0;0;0;16466.97;11280.08;5186.89;32440.064
2026-08-03T04:39:53.081898+02:00;standby;24.0;28.6;5.0;25.0;49.0;57.0;0;0;0;0;16466.97;11280.08;5186.89;32440.064
2026-08-03T04:40:53.751178+02:00;standby;24.0;28.6;5.0;25.0;48.9;57.0;0;0;0;0;16466.97;11280.08;5186.89;32440.064
2026-08-03T04:41:54.263381+02:00;standby;22.9;28.6;5.0;25.0;48.9;57.0;0;0;0;0;16466.97;11280.08;5186.89;32440.064
2026-08-03T04:42:55.411833+02:00;standby;22.9;28.6;5.0;25.0;48.9;57.0;0;0;0;0;16466.97;11280.08;5186.89;32440.064
2026-08-03T04:43:55.924611+02:00;standby;22.9;28.6;5.0;25.0;48.9;57.0;0;0;0;0;16466.97;11280.08;5186.89;32440.064
2026-08-03T04:44:56.435085+02:00;standby;22.9;28.6;5.0;25.0;48.9;57.0;0;0;0;0;16466.97;11280.08;5186.89;32440.064
2026-08-03T04:45:57.006378+02:00;standby;22.9;28.6;5.0;25.0;48.9;57.0;0;0;0;0;16466.97;11280.08;5186.89;32440.064
2026-08-03T04:46:57.784405+02:00;standby;22.9;28.6;5.0;25.0;48.9;57.0;0;0;0;0;16466.97;11280.08;5186.89;32440.064
2026-08-03T04:47:58.307269+02:00;standby;22.9;28.6;5.0;25.0;48.9;57.0;0;0;0;0;16466.97;11280.08;5186.89;32440.064
2026-08-03T04:48:58.821093+02:00;standby;22.9;28.6;5.0;25.0;48.9;57.0;0;0;0;0;16466.97;11280.08;5186.89;32440.064
2026-08-03T04:49:59.356828+02:00;standby;22.9;28.6;5.0;25.0;48.9;57.0;0;0;0;0;16466.97;11280.08;5186.89;32440.064
2026-08-03T04:50:59.887183+02:00;standby;22.9;28.6;5.0;25.0;48.9;57.0;0;0;0;0;16466.97;11280.08;5186.89;32440.064
2026-08-03T04:52:00.381446+02:00;standby;22.9;28.6;5.0;25.0;48.9;57.0;0;0;0;0;16466.97;11280.08;5186.89;32440.064
2026-08-03T04:53:00.903884+02:00;standby;22.9;28.6;5.0;25.0;48.8;57.0;0;0;0;0;16466.97;11280.08;5186.89;32440.064
2026-08-03T04:54:01.829973+02:00;standby;22.9;28.6;5.0;25.0;48.9;57.0;0;0;0;0;16466.97;11280.08;5186.89;32440.064
2026-08-03T04:55:02.346612+02:00;standby;22.9;28.6;5.0;25.0;48.8;57.0;0;0;0;0;16466.97;11280.08;5186.89;32440.064
2026-08-03T04:56:02.969516+02:00;standby;22.9;28.6;5.0;25.0;48.8;57.0;0;0;0;0;16466.97;11280.08;5186.89;32440.064
2026-08-03T04:57:03.481028+02:00;standby;22.9;28.6;5.0;25.0;48.8;57.0;0;0;0;0;16466.97;11280.08;5186.89;32440.064
2026-08-03T04:58:04.113277+02:00;standby;22.9;28.6;5.0;25.0;48.8;57.0;0;0;0;0;16466.97;11280.08;5186.89;32440.064
2026-08-03T04:59:04.639823+02:00;standby;22.9;28.6;5.0;25.0;48.8;57.0;0;0;0;0;16466.97;11280.08;5186.89;32440.064
2026-08-03T05:00:05.148467+02:00;standby;22.9;28.6;5.0;25.0;48.8;57.0;0;0;0;0;16466.97;11280.08;5186.89;32440.064
2026-08-03T05:01:05.675961+02:00;standby;22.9;28.6;5.0;25.0;48.8;57.0;0;0;0;0;16466.97;11280.08;5186.89;32440.064
2026-08-03T05:02:06.197598+02:00;standby;22.9;28.6;5.0;25.0;48.8;57.0;0;0;0;0;16466.97;11280.08;5186.89;32440.064
2026-08-03T05:03:06.749256+02:00;standby;22.9;28.6;5.0;25.0;48.8;57.0;0;0;0;0;16466.97;11280.08;5186.89;32440.064
2026-08-03T05:04:07.230792+02:00;standby;22.9;28.6;5.0;25.0;48.8;57.0;0;0;0;0;16466.97;11280.08;5186.89;32440.064
2026-08-03T05:05:07.746443+02:00;standby;22.9;28.6;5.0;25.0;48.8;57.0;0;0;0;0;16466.97;11280.08;5186.89;32440.064
2026-08-03T05:06:08.277433+02:00;standby;22.9;28.6;5.0;25.0;48.8;57.0;0;0;0;0;16466.97;11280.08;5186.89;32440.064
2026-08-03T05:07:08.843097+02:00;standby;22.9;28.6;5.0;25.0;48.8;57.0;0;0;0;0;16466.97;11280.08;5186.89;32440.064
2026-08-03T05:08:09.307005+02:00;standby;22.9;28.5;5.0;25.0;48.7;57.0;0;0;0;0;16466.97;11280.08;5186.89;32440.064
2026-08-03T05:09:10.129101+02:00;standby;22.9;28.6;5.0;25.0;48.7;57.0;0;0;0;0;16466.97;11280.08;5186.89;32440.064
2026-08-03T05:10:10.652219+02:00;standby;22.9;28.5;5.0;25.0;48.7;57.0;0;0;0;0;16466.97;11280.08;5186.89;32440.064
2026-08-03T05:11:11.166988+02:00;standby;22.9;28.5;5.0;25.0;48.7;57.0;0;0;0;0;16466.97;11280.08;5186.89;32440.064
2026-08-03T05:12:11.688867+02:00;standby;22.9;28.6;5.0;25.0;48.7;57.0;0;0;0;0;16466.97;11280.08;5186.89;32440.064
2026-08-03T05:13:12.332370+02:00;standby;22.9;28.6;5.0;25.0;48.7;57.0;0;0;0;0;16466.97;11280.08;5186.89;32440.064
2026-08-03T05:14:12.851892+02:00;standby;22.9;28.5;5.0;25.0;48.7;57.0;0;0;0;0;16466.97;11280.08;5186.89;32440.064
2026-08-03T05:15:13.507811+02:00;standby;22.9;28.5;5.0;25.0;48.7;57.0;0;0;0;0;16466.97;11280.08;5186.89;32440.064
2026-08-03T05:16:14.073822+02:00;standby;22.9;28.5;5.0;25.0;48.7;57.0;0;0;0;0;16466.97;11280.08;5186.89;32440.064
2026-08-03T05:17:14.544192+02:00;standby;22.9;28.5;5.0;25.0;48.7;57.0;0;0;0;0;16466.97;11280.08;5186.89;32440.064
2026-08-03T05:18:15.112644+02:00;standby;22.9;28.5;5.0;25.0;48.7;57.0;0;0;0;0;16466.97;11280.08;5186.89;32440.064
2026-08-03T05:19:15.686348+02:00;standby;22.9;28.5;5.0;25.0;48.7;57.0;0;0;0;0;16466.97;11280.08;5186.89;32440.064
2026-08-03T05:20:16.208036+02:00;standby;22.9;28.5;5.0;25.0;48.7;57.0;0;0;0;0;16466.97;11280.08;5186.89;32440.064
2026-08-03T05:21:16.790182+02:00;standby;22.9;28.5;5.0;25.0;48.7;57.0;0;0;0;0;16466.97;11280.08;5186.89;32440.064
2026-08-03T05:22:17.344889+02:00;standby;22.9;28.5;5.0;25.0;48.6;57.0;0;0;0;0;16466.97;11280.08;5186.89;32440.064
2026-08-03T05:23:17.783479+02:00;standby;22.9;28.5;5.0;25.0;48.6;57.0;0;0;0;0;16466.97;11280.08;5186.89;32440.064
2026-08-03T05:24:18.230808+02:00;standby;22.9;28.5;5.0;25.0;48.6;57.0;0;0;0;0;16466.97;11280.08;5186.89;32440.064
2026-08-03T05:25:18.901731+02:00;standby;22.9;28.5;5.0;25.0;48.6;57.0;0;0;0;0;16466.97;11280.08;5186.89;32440.064
2026-08-03T05:26:19.586405+02:00;standby;22.9;28.5;5.0;25.0;48.6;57.0;0;0;0;0;16466.97;11280.08;5186.89;32440.064
2026-08-03T05:27:20.073982+02:00;standby;22.9;28.5;5.0;25.0;48.6;57.0;0;0;0;0;16466.97;11280.08;5186.89;32440.064
2026-08-03T05:28:20.595708+02:00;standby;22.9;28.5;5.0;25.0;48.6;57.0;0;0;0;0;16466.97;11280.08;5186.89;32440.064
2026-08-03T05:29:21.058801+02:00;standby;22.9;28.5;5.0;25.0;48.6;57.0;0;0;0;0;16466.97;11280.08;5186.89;32440.064
2026-08-03T05:30:21.548507+02:00;standby;22.9;28.5;5.0;25.0;48.6;57.0;0;0;0;0;16466.97;11280.08;5186.89;32440.064
2026-08-03T05:31:22.070416+02:00;standby;22.9;28.5;5.0;28.0;48.6;57.0;0;0;0;0;16466.97;11280.08;5186.89;32440.064
2026-08-03T05:32:23.098052+02:00;standby;22.9;28.5;5.0;28.0;48.6;57.0;0;0;0;0;16466.97;11280.08;5186.89;32440.064
2026-08-03T05:33:23.627818+02:00;standby;22.9;28.5;5.0;28.0;48.6;57.0;0;0;0;0;16466.97;11280.08;5186.89;32440.064
2026-08-03T05:34:24.120240+02:00;standby;22.9;28.5;5.0;28.0;48.6;57.0;0;0;0;0;16466.97;11280.08;5186.89;32440.064
2026-08-03T05:35:24.537504+02:00;standby;22.9;28.5;5.0;28.0;48.6;57.0;0;0;0;0;16466.97;11280.08;5186.89;32440.064
2026-08-03T05:36:24.974487+02:00;standby;22.9;28.5;5.0;28.0;48.6;57.0;0;0;0;0;16466.97;11280.08;5186.89;32440.064
2026-08-03T05:37:25.473339+02:00;standby;22.9;28.5;5.0;28.0;48.5;57.0;0;0;0;0;16466.97;11280.08;5186.89;32440.064
2026-08-03T05:38:25.994388+02:00;standby;22.9;28.5;5.0;28.0;48.5;57.0;0;0;0;0;16466.97;11280.08;5186.89;32440.064
2026-08-03T05:39:26.553341+02:00;standby;22.9;28.5;5.0;28.0;48.5;57.0;0;0;0;0;16466.97;11280.08;5186.89;32440.064
2026-08-03T05:40:27.156992+02:00;standby;22.9;28.5;5.0;28.0;48.5;57.0;0;0;0;0;16466.97;11280.08;5186.89;32440.064
2026-08-03T05:41:27.635636+02:00;standby;22.9;28.5;5.0;28.0;48.5;57.0;0;0;0;0;16466.97;11280.08;5186.89;32440.064
2026-08-03T05:42:28.171527+02:00;standby;22.7;28.5;5.0;28.0;48.5;57.0;0;0;0;0;16466.97;11280.08;5186.89;32440.064
2026-08-03T05:43:28.587174+02:00;standby;22.7;28.5;5.0;28.0;48.5;57.0;0;0;0;0;16466.97;11280.08;5186.89;32440.064
2026-08-03T05:44:29.180724+02:00;standby;22.7;28.5;5.0;28.0;48.5;57.0;0;0;0;0;16466.97;11280.08;5186.89;32440.064
2026-08-03T05:45:29.630996+02:00;standby;22.7;28.5;5.0;28.0;48.5;57.0;0;0;0;0;16466.97;11280.08;5186.89;32440.064
2026-08-03T05:46:30.101874+02:00;standby;22.7;28.5;5.0;28.0;48.5;57.0;0;0;0;0;16466.97;11280.08;5186.89;32440.064
2026-08-03T05:47:30.535327+02:00;standby;22.7;28.5;5.0;28.0;48.5;57.0;0;0;0;0;16466.97;11280.08;5186.89;32440.064
2026-08-03T05:48:31.011765+02:00;standby;22.7;28.5;5.0;28.0;48.5;57.0;0;0;0;0;16466.97;11280.08;5186.89;32440.064
2026-08-03T05:49:31.503198+02:00;standby;22.7;28.5;5.0;28.0;48.4;57.0;0;0;0;0;16466.97;11280.08;5186.89;32440.064
2026-08-03T05:50:32.038997+02:00;standby;22.7;28.5;5.0;28.0;48.4;57.0;0;0;0;0;16466.97;11280.08;5186.89;32440.064
2026-08-03T05:51:32.537342+02:00;standby;22.7;28.5;5.0;28.0;48.4;57.0;0;0;0;0;16466.97;11280.08;5186.89;32440.064
2026-08-03T05:52:33.266467+02:00;standby;22.7;28.5;5.0;28.0;48.4;57.0;0;0;0;0;16466.97;11280.08;5186.89;32440.064
2026-08-03T05:53:33.783408+02:00;standby;22.7;28.5;5.0;28.0;48.4;57.0;0;0;0;0;16466.97;11280.08;5186.89;32440.064
2026-08-03T05:54:34.197331+02:00;standby;22.7;28.5;5.0;28.0;48.4;57.0;0;0;0;0;16466.97;11280.08;5186.89;32440.064
2026-08-03T05:55:34.621367+02:00;standby;22.7;28.5;5.0;28.0;48.4;57.0;0;0;0;0;16466.97;11280.08;5186.89;32440.064
2026-08-03T05:56:35.099543+02:00;standby;22.7;28.5;5.0;28.0;48.4;57.0;0;0;0;0;16466.97;11280.08;5186.89;32440.064
2026-08-03T05:57:35.653335+02:00;standby;22.7;28.5;5.0;28.0;48.4;57.0;0;0;0;0;16466.97;11280.08;5186.89;32440.064
2026-08-03T05:58:36.137296+02:00;standby;22.7;28.5;5.0;28.0;48.4;57.0;0;0;0;0;16466.97;11280.08;5186.89;32440.064
2026-08-03T05:59:36.641906+02:00;standby;22.7;28.5;5.0;28.0;48.4;57.0;0;0;0;0;16466.97;11280.08;5186.89;32440.064
2026-08-03T06:00:37.317621+02:00;standby;22.7;28.5;5.0;28.0;48.4;57.0;0;0;0;0;16466.97;11280.08;5186.89;32440.064
2026-08-03T06:01:37.965611+02:00;standby;22.7;28.5;5.0;28.0;48.4;57.0;0;0;0;0;16466.97;11280.08;5186.89;32440.064
2026-08-03T06:02:38.457389+02:00;standby;22.7;28.5;5.0;28.0;48.4;57.0;0;0;0;0;16466.97;11280.08;5186.89;32440.064
2026-08-03T06:03:38.916164+02:00;standby;22.7;28.5;5.0;28.0;48.4;57.0;0;0;0;0;16466.97;11280.08;5186.89;32440.064
2026-08-03T06:04:39.426079+02:00;standby;22.7;28.5;5.0;28.0;48.2;57.0;0;0;0;0;16466.97;11280.08;5186.89;32440.064
2026-08-03T06:05:39.945388+02:00;standby;22.7;28.5;5.0;28.0;48.2;57.0;0;0;0;0;16466.97;11280.08;5186.89;32440.064
2026-08-03T06:06:40.457881+02:00;standby;22.7;28.5;5.0;28.0;48.2;57.0;0;0;0;0;16466.97;11280.08;5186.89;32440.064
2026-08-03T06:07:40.958106+02:00;standby;22.7;28.3;5.0;28.0;48.2;57.0;0;0;0;0;16466.97;11280.08;5186.89;32440.064
2026-08-03T06:08:41.467525+02:00;standby;22.7;28.3;5.0;28.0;48.2;57.0;0;0;0;0;16466.97;11280.08;5186.89;32440.064
2026-08-03T06:09:41.894709+02:00;standby;22.7;28.3;5.0;28.0;48.2;57.0;0;0;0;0;16466.97;11280.08;5186.89;32440.064
2026-08-03T06:10:42.304400+02:00;standby;22.7;28.3;5.0;28.0;48.2;57.0;0;0;0;0;16466.97;11280.08;5186.89;32440.064
2026-08-03T06:11:42.825153+02:00;standby;22.7;28.3;5.0;28.0;48.2;57.0;0;0;0;0;16466.97;11280.08;5186.89;32440.064
2026-08-03T06:12:43.354499+02:00;standby;22.7;28.3;5.0;28.0;48.2;57.0;0;0;0;0;16466.97;11280.08;5186.89;32440.064
2026-08-03T06:13:43.829626+02:00;standby;22.7;28.3;5.0;28.0;48.2;57.0;0;0;0;0;16466.97;11280.08;5186.89;32440.064
2026-08-03T06:14:44.276510+02:00;standby;22.7;28.3;5.0;28.0;48.2;57.0;0;0;0;0;16466.97;11280.08;5186.89;32440.064
2026-08-03T06:15:44.739741+02:00;standby;22.7;28.3;5.0;28.0;48.2;57.0;0;0;0;0;16466.97;11280.08;5186.89;32440.064
2026-08-03T06:16:45.183846+02:00;standby;22.7;28.3;5.0;28.0;48.2;57.0;0;0;0;0;16466.97;11280.08;5186.89;32440.064
2026-08-03T06:17:45.732605+02:00;standby;22.7;28.3;5.0;28.0;48.2;57.0;0;0;0;0;16466.97;11280.08;5186.89;32440.064
2026-08-03T06:18:46.462398+02:00;standby;22.7;28.3;5.0;28.0;48.1;57.0;0;0;0;0;16466.97;11280.08;5186.89;32440.064
2026-08-03T06:19:46.918555+02:00;standby;22.7;28.3;5.0;28.0;48.1;57.0;0;0;0;0;16466.97;11280.08;5186.89;32440.064
2026-08-03T06:20:47.391437+02:00;standby;22.7;28.3;5.0;28.0;48.1;57.0;0;0;0;0;16466.97;11280.08;5186.89;32440.064
2026-08-03T06:21:47.918318+02:00;standby;22.7;28.3;5.0;28.0;48.1;57.0;0;0;0;0;16466.97;11280.08;5186.89;32440.064
2026-08-03T06:22:48.400342+02:00;standby;22.7;28.3;5.0;28.0;48.1;57.0;0;0;0;0;16466.97;11280.08;5186.89;32440.064
2026-08-03T06:23:48.887825+02:00;standby;22.7;28.3;5.0;28.0;48.1;57.0;0;0;0;0;16466.97;11280.08;5186.89;32440.064
2026-08-03T06:24:52.713593+02:00;standby;22.7;28.3;5.0;28.0;48.1;57.0;0;0;0;0;16466.97;11280.08;5186.89;32440.064
2026-08-03T06:25:53.167905+02:00;standby;22.7;28.3;5.0;28.0;48.1;57.0;0;0;0;0;16466.97;11280.08;5186.89;32440.064
2026-08-03T06:26:53.681714+02:00;standby;22.7;28.3;5.0;28.0;48.1;57.0;0;0;0;0;16466.97;11280.08;5186.89;32440.064
2026-08-03T06:27:54.157853+02:00;standby;22.7;28.3;5.0;28.0;48.1;57.0;0;0;0;0;16466.97;11280.08;5186.89;32440.064
2026-08-03T06:28:55.057563+02:00;standby;22.7;28.3;5.0;28.0;48.1;57.0;0;0;0;0;16466.97;11280.08;5186.89;32440.064
2026-08-03T06:29:55.553799+02:00;standby;22.7;28.3;5.0;28.0;48.1;57.0;0;0;0;0;16466.97;11280.08;5186.89;32440.064
2026-08-03T06:30:56.078368+02:00;standby;22.7;28.3;5.0;28.0;48.1;57.0;0;0;0;0;16466.97;11280.08;5186.89;32440.064
2026-08-03T06:31:56.531091+02:00;standby;22.7;28.3;5.0;28.0;48.1;57.0;0;0;0;0;16466.97;11280.08;5186.89;32440.064
2026-08-03T06:32:57.004902+02:00;standby;22.7;28.3;5.0;28.0;48.1;57.0;0;0;0;0;16466.97;11280.08;5186.89;32440.064
2026-08-03T06:33:57.549650+02:00;standby;22.7;28.3;5.0;28.0;48.1;57.0;0;0;0;0;16466.97;11280.08;5186.89;32440.064
2026-08-03T06:34:58.095259+02:00;standby;22.7;28.3;5.0;28.0;48.0;57.0;0;0;0;0;16466.97;11280.08;5186.89;32440.064
2026-08-03T06:35:58.543471+02:00;standby;22.7;28.3;5.0;28.0;48.0;57.0;0;0;0;0;16466.97;11280.08;5186.89;32440.064
2026-08-03T06:36:59.178747+02:00;standby;22.7;28.3;5.0;28.0;48.0;57.0;0;0;0;0;16466.97;11280.08;5186.89;32440.064
2026-08-03T06:37:59.603558+02:00;standby;22.7;28.3;5.0;28.0;48.0;57.0;0;0;0;0;16466.97;11280.08;5186.89;32440.064
2026-08-03T06:39:00.129200+02:00;standby;22.7;28.3;5.0;28.0;48.0;57.0;0;0;0;0;16466.97;11280.08;5186.89;32440.064
2026-08-03T06:40:00.688062+02:00;standby;22.7;28.3;5.0;28.0;48.0;57.0;0;0;0;0;16466.97;11280.08;5186.89;32440.064
2026-08-03T06:41:01.168747+02:00;standby;22.7;28.3;5.0;28.0;48.0;57.0;0;0;0;0;16466.97;11280.08;5186.89;32440.064
2026-08-03T06:42:01.679590+02:00;standby;22.7;28.3;5.0;28.0;48.0;57.0;0;0;0;0;16466.97;11280.08;5186.89;32440.064
2026-08-03T06:43:02.264754+02:00;standby;22.2;28.3;5.0;28.0;48.0;57.0;0;0;0;0;16466.97;11280.08;5186.89;32440.064
2026-08-03T06:44:02.712825+02:00;standby;22.2;28.3;5.0;28.0;48.0;57.0;0;0;0;0;16466.97;11280.08;5186.89;32440.064
2026-08-03T06:45:03.132929+02:00;standby;22.2;28.3;5.0;28.0;47.9;57.0;0;0;0;0;16466.97;11280.08;5186.89;32440.064
2026-08-03T06:46:03.559828+02:00;standby;22.2;28.3;5.0;28.0;48.0;57.0;0;0;0;0;16466.97;11280.08;5186.89;32440.064
2026-08-03T06:47:04.329260+02:00;standby;22.2;28.3;5.0;28.0;47.9;57.0;0;0;0;0;16466.97;11280.08;5186.89;32440.064
2026-08-03T06:48:04.787695+02:00;standby;22.2;28.3;5.0;28.0;47.9;57.0;0;0;0;0;16466.97;11280.08;5186.89;32440.064
2026-08-03T06:49:05.207975+02:00;standby;22.2;28.3;5.0;28.0;47.9;57.0;0;0;0;0;16466.97;11280.08;5186.89;32440.064
2026-08-03T06:50:05.724356+02:00;standby;22.2;28.3;5.0;28.0;47.9;57.0;0;0;0;0;16466.97;11280.08;5186.89;32440.064
2026-08-03T06:51:06.304327+02:00;standby;22.2;28.3;5.0;28.0;47.9;57.0;0;0;0;0;16466.97;11280.08;5186.89;32440.064
2026-08-03T06:52:06.762009+02:00;standby;22.2;28.3;5.0;28.0;47.9;57.0;0;0;0;0;16466.97;11280.08;5186.89;32440.064
2026-08-03T06:53:07.189228+02:00;standby;22.2;28.3;5.0;28.0;47.9;57.0;0;0;0;0;16466.97;11280.08;5186.89;32440.064
2026-08-03T06:54:07.813343+02:00;standby;22.2;28.3;5.0;28.0;47.9;57.0;0;0;0;0;16466.97;11280.08;5186.89;32440.064
2026-08-03T06:55:08.271013+02:00;standby;22.2;28.3;5.0;28.0;47.9;57.0;0;0;0;0;16466.97;11280.08;5186.89;32440.064
2026-08-03T06:56:08.739596+02:00;standby;22.2;28.3;5.0;28.0;47.9;57.0;0;0;0;0;16466.97;11280.08;5186.89;32440.064
2026-08-03T06:57:09.156026+02:00;standby;22.2;28.3;5.0;28.0;47.9;57.0;0;0;0;0;16466.97;11280.08;5186.89;32440.064
2026-08-03T06:58:09.537104+02:00;standby;22.2;28.3;5.0;28.0;47.9;57.0;0;0;0;0;16466.97;11280.08;5186.89;32440.064
2026-08-03T06:59:09.984991+02:00;standby;22.2;28.3;5.0;28.0;47.9;57.0;0;0;0;0;16466.97;11280.08;5186.89;32440.064
2026-08-03T07:00:10.409375+02:00;standby;22.2;28.3;5.0;28.0;47.9;57.0;0;0;0;0;16466.97;11280.08;5186.89;32440.064
2026-08-03T07:01:10.939071+02:00;standby;22.2;28.3;5.0;28.0;47.9;57.0;0;0;0;0;16466.97;11280.08;5186.89;32440.064
2026-08-03T07:02:11.391742+02:00;standby;22.2;28.3;5.0;28.0;47.8;57.0;0;0;0;0;16466.97;11280.08;5186.89;32440.064
2026-08-03T07:03:11.827075+02:00;standby;22.2;28.3;5.0;28.0;47.8;57.0;0;0;0;0;16466.97;11280.08;5186.89;32440.064
2026-08-03T07:04:12.597216+02:00;standby;22.2;28.3;5.0;28.0;47.8;57.0;0;0;0;0;16466.97;11280.08;5186.89;32440.064
2026-08-03T07:05:13.067034+02:00;standby;22.2;28.3;5.0;28.0;47.8;57.0;0;0;0;0;16466.97;11280.08;5186.89;32440.064
2026-08-03T07:06:13.525158+02:00;standby;22.2;28.3;5.0;28.0;47.8;57.0;0;0;0;0;16466.97;11280.08;5186.89;32440.064
2026-08-03T07:07:14.417631+02:00;standby;22.2;28.3;5.0;28.0;47.8;57.0;0;0;0;0;16466.97;11280.08;5186.89;32440.064
2026-08-03T07:08:14.938514+02:00;standby;22.2;28.3;5.0;28.0;47.8;57.0;0;0;0;0;16466.97;11280.08;5186.89;32440.064
2026-08-03T07:09:15.492950+02:00;standby;22.2;28.3;5.0;28.0;47.8;57.0;0;0;0;0;16466.97;11280.08;5186.89;32440.064
2026-08-03T07:10:15.956330+02:00;standby;22.2;28.3;5.0;28.0;47.8;57.0;0;0;0;0;16466.97;11280.08;5186.89;32440.064
2026-08-03T07:11:16.427904+02:00;standby;22.2;28.3;5.0;28.0;47.8;57.0;0;0;0;0;16466.97;11280.08;5186.89;32440.064
2026-08-03T07:12:16.902637+02:00;standby;22.2;28.3;5.0;28.0;47.8;57.0;0;0;0;0;16466.97;11280.08;5186.89;32440.064
2026-08-03T07:13:17.371652+02:00;standby;22.2;28.3;5.0;28.0;47.8;57.0;0;0;0;0;16466.97;11280.08;5186.89;32440.064
2026-08-03T07:14:17.882597+02:00;standby;22.2;28.3;5.0;28.0;47.8;57.0;0;0;0;0;16466.97;11280.08;5186.89;32440.064
2026-08-03T07:15:18.407284+02:00;standby;22.2;28.3;5.0;28.0;47.8;57.0;0;0;0;0;16466.97;11280.08;5186.89;32440.064
2026-08-03T07:16:18.936400+02:00;standby;22.2;28.3;5.0;28.0;47.8;57.0;0;0;0;0;16466.97;11280.08;5186.89;32440.064
2026-08-03T07:17:19.480361+02:00;standby;22.2;28.3;5.0;28.0;47.7;57.0;0;0;0;0;16466.97;11280.08;5186.89;32440.064
2026-08-03T07:18:20.110386+02:00;standby;22.2;28.2;5.0;28.0;47.7;57.0;0;0;0;0;16466.97;11280.08;5186.89;32440.064
2026-08-03T07:19:20.579375+02:00;standby;22.2;28.3;5.0;28.0;47.7;57.0;0;0;0;0;16466.97;11280.08;5186.89;32440.064
2026-08-03T07:20:21.001487+02:00;standby;22.2;28.2;5.0;28.0;47.7;57.0;0;0;0;0;16466.97;11280.08;5186.89;32440.064
2026-08-03T07:21:21.465109+02:00;standby;22.2;28.2;5.0;28.0;47.7;57.0;0;0;0;0;16466.97;11280.08;5186.89;32440.064
2026-08-03T07:22:21.888834+02:00;standby;22.2;28.2;5.0;28.0;47.7;57.0;0;0;0;0;16466.97;11280.08;5186.89;32440.064
2026-08-03T07:23:22.331139+02:00;standby;22.2;28.2;5.0;28.0;47.7;57.0;0;0;0;0;16466.97;11280.08;5186.89;32440.064
2026-08-03T07:24:22.723865+02:00;standby;22.2;28.3;5.0;28.0;47.7;57.0;0;0;0;0;16466.97;11280.08;5186.89;32440.064
2026-08-03T07:25:23.186359+02:00;standby;22.2;28.2;5.0;28.0;47.7;57.0;0;0;0;0;16466.97;11280.08;5186.89;32440.064
2026-08-03T07:26:23.653514+02:00;standby;22.2;28.2;5.0;28.0;47.7;57.0;0;0;0;0;16466.97;11280.08;5186.89;32440.064
2026-08-03T07:27:24.077303+02:00;standby;22.2;28.2;5.0;28.0;47.7;57.0;0;0;0;0;16466.97;11280.08;5186.89;32440.064
2026-08-03T07:28:24.542169+02:00;standby;22.2;28.2;5.0;28.0;47.7;57.0;0;0;0;0;16466.97;11280.08;5186.89;32440.064
2026-08-03T07:29:25.014153+02:00;standby;22.2;28.2;5.0;28.0;47.7;57.0;0;0;0;0;16466.97;11280.08;5186.89;32440.064
2026-08-03T07:30:25.472787+02:00;standby;22.2;28.2;5.0;28.0;47.6;57.0;0;0;0;0;16466.97;11280.08;5186.89;32440.064
2026-08-03T07:31:25.945608+02:00;standby;22.2;28.2;5.0;28.0;47.6;57.0;0;0;0;0;16466.97;11280.08;5186.89;32440.064
2026-08-03T07:32:26.424036+02:00;standby;22.2;28.2;5.0;28.0;47.6;57.0;0;0;0;0;16466.97;11280.08;5186.89;32440.064
2026-08-03T07:33:26.878936+02:00;standby;22.2;28.2;5.0;28.0;47.6;57.0;0;0;0;0;16466.97;11280.08;5186.89;32440.064
2026-08-03T07:34:27.450173+02:00;standby;22.2;28.2;5.0;28.0;47.6;57.0;0;0;0;0;16466.97;11280.08;5186.89;32440.064
2026-08-03T07:35:28.179308+02:00;standby;22.2;28.2;5.0;28.0;47.6;57.0;0;0;0;0;16466.97;11280.08;5186.89;32440.064
2026-08-03T07:36:28.753876+02:00;standby;22.2;28.2;5.0;28.0;47.6;57.0;0;0;0;0;16466.97;11280.08;5186.89;32440.064
2026-08-03T07:37:29.524429+02:00;standby;22.2;28.2;5.0;28.0;47.6;57.0;0;0;0;0;16466.97;11280.08;5186.89;32440.064
2026-08-03T07:38:30.100743+02:00;standby;22.2;28.2;5.0;28.0;47.6;57.0;0;0;0;0;16466.97;11280.08;5186.89;32440.064
2026-08-03T07:39:30.871317+02:00;standby;22.2;28.2;5.0;28.0;47.6;57.0;0;0;0;0;16466.97;11280.08;5186.89;32440.064
2026-08-03T07:40:31.363933+02:00;standby;22.2;28.2;5.0;28.0;47.6;57.0;0;0;0;0;16466.97;11280.08;5186.89;32440.064
2026-08-03T07:41:32.373976+02:00;standby;22.2;28.2;5.0;28.0;47.6;57.0;0;0;0;0;16466.97;11280.08;5186.89;32440.064
2026-08-03T07:42:32.841540+02:00;standby;22.2;28.2;5.0;28.0;47.6;57.0;0;0;0;0;16466.97;11280.08;5186.89;32440.064
2026-08-03T07:43:33.351877+02:00;standby;24.2;28.2;5.0;28.0;47.6;57.0;0;0;0;0;16466.97;11280.08;5186.89;32440.064
2026-08-03T07:44:34.033993+02:00;standby;24.2;28.2;5.0;28.0;47.5;57.0;0;0;0;0;16466.97;11280.08;5186.89;32440.064
2026-08-03T07:45:34.757605+02:00;standby;24.2;28.2;5.0;28.0;47.6;57.0;0;0;0;0;16466.97;11280.08;5186.89;32440.064
2026-08-03T07:46:35.315419+02:00;standby;24.2;28.2;5.0;28.0;47.5;57.0;0;0;0;0;16466.97;11280.08;5186.89;32440.064
2026-08-03T07:47:35.941144+02:00;standby;24.2;28.2;5.0;28.0;47.5;57.0;0;0;0;0;16466.97;11280.08;5186.89;32440.064
2026-08-03T07:48:36.561691+02:00;standby;24.2;28.2;5.0;28.0;47.5;57.0;0;0;0;0;16466.97;11280.08;5186.89;32440.064
2026-08-03T07:49:37.078779+02:00;standby;24.2;28.2;5.0;28.0;47.5;57.0;0;0;0;0;16466.97;11280.08;5186.89;32440.064
2026-08-03T07:50:37.662110+02:00;standby;24.2;28.2;5.0;28.0;47.5;57.0;0;0;0;0;16466.97;11280.08;5186.89;32440.064
2026-08-03T07:51:38.347269+02:00;standby;24.2;28.2;5.0;28.0;47.5;57.0;0;0;0;0;16466.97;11280.08;5186.89;32440.064
2026-08-03T07:52:38.854606+02:00;standby;24.2;28.2;5.0;28.0;47.5;57.0;0;0;0;0;16466.97;11280.08;5186.89;32440.064
2026-08-03T07:53:39.629841+02:00;standby;24.2;28.2;5.0;28.0;47.5;57.0;0;0;0;0;16466.97;11280.08;5186.89;32440.064
2026-08-03T07:54:40.198995+02:00;standby;24.2;28.2;5.0;28.0;47.5;57.0;0;0;0;0;16466.97;11280.08;5186.89;32440.064
2026-08-03T07:55:40.706471+02:00;standby;24.2;28.2;5.0;28.0;47.5;57.0;0;0;0;0;16466.97;11280.08;5186.89;32440.064
2026-08-03T07:56:41.288600+02:00;standby;24.2;28.2;5.0;28.0;47.5;57.0;0;0;0;0;16466.97;11280.08;5186.89;32440.064
2026-08-03T07:57:41.756896+02:00;standby;24.2;28.2;5.0;28.0;47.5;57.0;0;0;0;0;16466.97;11280.08;5186.89;32440.064
2026-08-03T07:58:42.218231+02:00;standby;24.2;28.2;5.0;28.0;47.5;57.0;0;0;0;0;16466.97;11280.08;5186.89;32440.064
2026-08-03T07:59:42.833658+02:00;standby;24.2;28.2;5.0;28.0;47.5;57.0;0;0;0;0;16466.97;11280.08;5186.89;32440.064
2026-08-03T08:00:43.287040+02:00;standby;24.2;28.2;5.0;28.0;47.4;57.0;0;0;0;0;16466.97;11280.08;5186.89;32440.064
2026-08-03T08:01:43.703508+02:00;standby;24.2;28.2;5.0;28.0;47.4;57.0;0;0;0;0;16466.97;11280.08;5186.89;32440.064
2026-08-03T08:02:44.139832+02:00;standby;24.2;28.2;5.0;28.0;47.4;57.0;0;0;0;0;16466.97;11280.08;5186.89;32440.064
2026-08-03T08:03:44.605118+02:00;standby;24.2;28.2;5.0;28.0;47.4;57.0;0;0;0;0;16466.97;11280.08;5186.89;32440.064
2026-08-03T08:04:45.070383+02:00;standby;24.2;28.2;5.0;28.0;47.4;57.0;0;0;0;0;16466.97;11280.08;5186.89;32440.064
2026-08-03T08:05:45.509986+02:00;standby;24.2;28.2;5.0;28.0;47.4;57.0;0;0;0;0;16466.97;11280.08;5186.89;32440.064
2026-08-03T08:06:46.054256+02:00;standby;24.2;28.2;5.0;28.0;47.4;57.0;0;0;0;0;16466.97;11280.08;5186.89;32440.064
2026-08-03T08:07:46.487569+02:00;standby;24.2;28.2;5.0;28.0;47.4;57.0;0;0;0;0;16466.97;11280.08;5186.89;32440.064
2026-08-03T08:08:47.015620+02:00;standby;24.2;28.2;5.0;28.0;47.4;57.0;0;0;0;0;16466.97;11280.08;5186.89;32440.064
2026-08-03T08:09:47.579793+02:00;standby;24.2;28.2;5.0;28.0;47.4;57.0;0;0;0;0;16466.97;11280.08;5186.89;32440.064
2026-08-03T08:10:48.053744+02:00;standby;24.2;28.2;5.0;28.0;47.4;57.0;0;0;0;0;16466.97;11280.08;5186.89;32440.064
2026-08-03T08:11:48.468187+02:00;standby;24.2;28.2;5.0;28.0;47.4;57.0;0;0;0;0;16466.97;11280.08;5186.89;32440.064
2026-08-03T08:12:48.932878+02:00;standby;24.2;28.2;5.0;28.0;47.4;57.0;0;0;0;0;16466.97;11280.08;5186.89;32440.064
2026-08-03T08:13:49.570790+02:00;standby;24.2;28.2;5.0;28.0;47.3;57.0;0;0;0;0;16466.97;11280.08;5186.89;32440.064
2026-08-03T08:14:50.020610+02:00;standby;24.2;28.2;5.0;28.0;47.3;57.0;0;0;0;0;16466.97;11280.08;5186.89;32440.064
2026-08-03T08:15:50.627169+02:00;standby;24.2;28.2;5.0;28.0;47.3;57.0;0;0;0;0;16466.97;11280.08;5186.89;32440.064
2026-08-03T08:16:52.122506+02:00;standby;24.2;28.2;5.0;28.0;47.3;57.0;0;0;0;0;16466.97;11280.08;5186.89;32440.064
2026-08-03T08:17:52.552089+02:00;standby;24.2;28.0;5.0;28.0;47.3;57.0;0;0;0;0;16466.97;11280.08;5186.89;32440.064
2026-08-03T08:18:53.011960+02:00;standby;24.2;28.2;5.0;28.0;47.3;57.0;0;0;0;0;16466.97;11280.08;5186.89;32440.064
2026-08-03T08:19:53.442108+02:00;standby;24.2;28.2;5.0;28.0;47.3;57.0;0;0;0;0;16466.97;11280.08;5186.89;32440.064
2026-08-03T08:20:56.301064+02:00;standby;24.2;28.2;5.0;28.0;47.3;57.0;0;0;0;0;16466.97;11280.08;5186.89;32440.064
2026-08-03T08:21:56.828658+02:00;standby;24.2;28.2;5.0;28.0;47.3;57.0;0;0;0;0;16466.97;11280.08;5186.89;32440.064
2026-08-03T08:22:57.290594+02:00;standby;24.2;28.2;5.0;28.0;47.3;57.0;0;0;0;0;16466.97;11280.08;5186.89;32440.064
2026-08-03T08:23:57.701949+02:00;standby;24.2;28.2;5.0;28.0;47.3;57.0;0;0;0;0;16466.97;11280.08;5186.89;32440.064
2026-08-03T08:24:58.637391+02:00;standby;24.2;28.0;5.0;28.0;47.3;57.0;0;0;0;0;16466.97;11280.08;5186.89;32440.064
2026-08-03T08:25:59.063555+02:00;standby;24.2;28.2;5.0;28.0;47.3;57.0;0;0;0;0;16466.97;11280.08;5186.89;32440.064
2026-08-03T08:26:59.730392+02:00;standby;24.2;28.0;5.0;28.0;47.3;57.0;0;0;0;0;16466.97;11280.08;5186.89;32440.064
2026-08-03T08:28:00.356654+02:00;standby;24.2;28.0;5.0;28.0;47.3;57.0;0;0;0;0;16466.97;11280.08;5186.89;32440.064
2026-08-03T08:29:01.475321+02:00;standby;24.2;28.0;5.0;28.0;47.2;57.0;0;0;0;0;16466.97;11280.08;5186.89;32440.064
2026-08-03T08:30:02.270228+02:00;standby;24.2;28.2;5.0;28.0;47.2;57.0;0;0;0;0;16466.97;11280.08;5186.89;32440.064
2026-08-03T08:31:02.983608+02:00;standby;24.2;28.0;5.0;28.0;47.2;57.0;0;0;0;0;16466.97;11280.08;5186.89;32440.064
2026-08-03T08:32:03.479533+02:00;standby;24.2;28.0;5.0;28.0;47.2;57.0;0;0;0;0;16466.97;11280.08;5186.89;32440.064
2026-08-03T08:33:04.305086+02:00;standby;24.2;28.0;5.0;28.0;47.2;57.0;0;0;0;0;16466.97;11280.08;5186.89;32440.064
2026-08-03T08:34:05.235318+02:00;standby;24.2;28.0;5.0;28.0;47.2;57.0;0;0;0;0;16466.97;11280.08;5186.89;32440.064
2026-08-03T08:35:05.775402+02:00;standby;24.2;28.0;5.0;28.0;47.2;57.0;0;0;0;0;16466.97;11280.08;5186.89;32440.064
2026-08-03T08:36:06.344980+02:00;standby;24.2;28.0;5.0;28.0;47.2;57.0;0;0;0;0;16466.97;11280.08;5186.89;32440.064
2026-08-03T08:37:06.811655+02:00;standby;24.2;28.0;5.0;28.0;47.2;57.0;0;0;0;0;16466.97;11280.08;5186.89;32440.064
2026-08-03T08:38:07.491326+02:00;standby;24.2;28.0;5.0;28.0;47.2;57.0;0;0;0;0;16466.97;11280.08;5186.89;32440.064
2026-08-03T08:39:08.106272+02:00;standby;24.2;28.0;5.0;28.0;47.1;57.0;0;0;0;0;16466.97;11280.08;5186.89;32440.064
2026-08-03T08:40:08.947876+02:00;standby;24.2;28.0;5.0;28.0;47.1;57.0;0;0;0;0;16466.97;11280.08;5186.89;32440.064
2026-08-03T08:41:09.789744+02:00;standby;24.2;28.0;5.0;28.0;47.1;57.0;0;0;0;0;16466.97;11280.08;5186.89;32440.064
2026-08-03T08:42:10.618851+02:00;standby;24.2;28.0;5.0;28.0;47.1;57.0;0;0;0;0;16466.97;11280.08;5186.89;32440.064
2026-08-03T08:43:11.772224+02:00;standby;24.2;28.0;5.0;28.0;47.1;57.0;0;0;0;0;16466.97;11280.08;5186.89;32440.064
2026-08-03T08:44:12.267370+02:00;standby;25.5;28.0;5.0;28.0;47.1;57.0;0;0;0;0;16466.97;11280.08;5186.89;32440.064
2026-08-03T08:45:12.716582+02:00;standby;25.5;28.0;5.0;28.0;47.1;57.0;0;0;0;0;16466.97;11280.08;5186.89;32440.064
2026-08-03T08:46:13.231734+02:00;standby;25.5;28.0;5.0;28.0;47.1;57.0;0;0;0;0;16466.97;11280.08;5186.89;32440.064
2026-08-03T08:47:13.703021+02:00;standby;25.5;28.0;5.0;28.0;47.1;57.0;0;0;0;0;16466.97;11280.08;5186.89;32440.064
2026-08-03T08:48:14.158721+02:00;standby;25.5;28.0;5.0;28.0;47.1;57.0;0;0;0;0;16466.97;11280.08;5186.89;32440.064
2026-08-03T08:49:14.805960+02:00;standby;25.5;28.0;5.0;28.0;47.1;57.0;0;0;0;0;16466.97;11280.08;5186.89;32440.064
2026-08-03T08:50:15.285365+02:00;standby;25.5;28.0;5.0;28.0;47.1;57.0;0;0;0;0;16466.97;11280.08;5186.89;32440.064
2026-08-03T08:51:16.043439+02:00;standby;25.5;28.0;5.0;28.0;47.1;57.0;0;0;0;0;16466.97;11280.08;5186.89;32440.064
2026-08-03T08:52:16.700336+02:00;standby;25.5;28.0;5.0;28.0;47.0;57.0;0;0;0;0;16466.97;11280.08;5186.89;32440.064
2026-08-03T08:53:17.227859+02:00;standby;25.5;28.0;5.0;28.0;47.1;57.0;0;0;0;0;16466.97;11280.08;5186.89;32440.064
2026-08-03T08:54:17.747260+02:00;standby;25.5;28.0;5.0;28.0;47.0;57.0;0;0;0;0;16466.97;11280.08;5186.89;32440.064
2026-08-03T08:55:18.637440+02:00;standby;25.5;28.0;5.0;28.0;47.0;57.0;0;0;0;0;16466.97;11280.08;5186.89;32440.064
2026-08-03T08:56:19.760458+02:00;standby;25.5;28.0;5.0;28.0;47.0;57.0;0;0;0;0;16466.97;11280.08;5186.89;32440.064
2026-08-03T08:57:20.336751+02:00;standby;25.5;28.0;5.0;28.0;47.0;57.0;0;0;0;0;16466.97;11280.08;5186.89;32440.064
2026-08-03T08:58:20.946058+02:00;standby;25.5;28.0;5.0;28.0;47.0;57.0;0;0;0;0;16466.97;11280.08;5186.89;32440.064
2026-08-03T08:59:21.616059+02:00;standby;25.5;28.0;5.0;28.0;47.0;57.0;0;0;0;0;16466.97;11280.08;5186.89;32440.064
2026-08-03T09:00:22.148949+02:00;standby;25.5;28.0;5.0;28.0;47.0;57.0;0;0;0;0;16466.97;11280.08;5186.89;32440.064
2026-08-03T09:01:22.663188+02:00;standby;25.5;28.0;5.0;28.0;47.0;57.0;0;0;0;0;16466.97;11280.08;5186.89;32440.064
2026-08-03T09:02:23.380197+02:00;dhw;25.5;37.3;85.0;28.0;46.9;57.0;1;23;1;100;16467.0;11280.08;5186.92;32440.064
2026-08-03T09:02:33.947033+02:00;dhw;25.5;38.5;85.0;28.0;46.9;57.0;1;23;1;100;16467.0;11280.08;5186.93;32440.064
2026-08-03T09:02:44.635855+02:00;dhw;25.5;38.3;85.0;28.0;46.9;57.0;1;23;1;100;16467.01;11280.08;5186.94;32440.064
2026-08-03T09:02:55.696790+02:00;dhw;25.5;39.3;85.0;28.0;46.8;57.0;1;23;1;100;16467.02;11280.08;5186.95;32440.064
2026-08-03T09:03:06.315070+02:00;dhw;25.5;39.0;85.0;28.0;46.7;57.0;1;23;1;100;16467.03;11280.08;5186.96;32440.064
2026-08-03T09:03:16.912239+02:00;dhw;25.5;39.2;85.0;28.0;46.7;57.0;1;23;1;100;16467.04;11280.08;5186.96;32440.064
2026-08-03T09:03:27.900971+02:00;dhw;25.5;39.2;85.0;28.0;46.6;57.0;1;23;1;100;16467.05;11280.08;5186.97;32440.064
2026-08-03T09:03:38.624452+02:00;dhw;25.5;40.0;85.0;28.0;46.5;57.0;1;23;1;100;16467.06;11280.08;5186.98;32440.064
2026-08-03T09:03:49.199954+02:00;dhw;25.5;41.0;85.0;28.0;46.4;57.0;1;23;1;100;16467.07;11280.08;5187.0;32440.064
2026-08-03T09:03:59.945858+02:00;dhw;25.5;41.1;85.0;28.0;46.3;57.0;1;23;1;100;16467.08;11280.08;5187.0;32440.064
2026-08-03T09:04:10.776338+02:00;dhw;25.5;43.0;85.0;28.0;46.2;57.0;1;43;1;100;16467.1;11280.08;5187.02;32440.064
2026-08-03T09:04:21.509353+02:00;dhw;25.5;44.6;85.0;28.0;46.2;57.0;1;53;1;100;16467.12;11280.08;5187.04;32440.064
2026-08-03T09:04:32.129739+02:00;dhw;25.5;46.3;85.0;28.0;46.1;57.0;1;64;1;100;16467.14;11280.08;5187.06;32440.064
2026-08-03T09:04:42.808638+02:00;dhw;25.5;48.2;85.0;28.0;46.1;57.0;1;74;1;100;16467.16;11280.08;5187.09;32440.064
2026-08-03T09:04:53.562368+02:00;dhw;25.5;51.0;85.0;28.0;46.0;57.0;1;88;1;100;16467.2;11280.08;5187.13;32440.064
2026-08-03T09:05:04.070555+02:00;dhw;25.5;53.1;85.0;28.0;46.0;57.0;1;97;1;100;16467.23;11280.08;5187.16;32440.064
2026-08-03T09:05:14.673936+02:00;dhw;25.5;56.3;85.0;28.0;46.0;57.0;1;108;1;100;16467.29;11280.08;5187.21;32440.064
2026-08-03T09:05:25.347063+02:00;dhw;25.5;58.0;85.0;28.0;46.0;57.0;1;108;1;100;16467.32;11280.08;5187.24;32440.064
2026-08-03T09:05:35.973799+02:00;dhw;25.5;60.1;85.0;28.0;45.9;57.0;1;108;1;100;16467.36;11280.08;5187.28;32440.064
2026-08-03T09:05:46.552648+02:00;dhw;25.5;62.0;85.0;28.0;46.0;57.0;1;108;1;100;16467.4;11280.08;5187.33;32440.064
2026-08-03T09:05:57.320044+02:00;dhw;25.5;64.0;85.0;28.0;46.0;57.0;1;108;1;100;16467.46;11280.08;5187.38;32440.064
2026-08-03T09:06:08.158873+02:00;dhw;25.5;65.1;85.0;28.0;46.0;57.0;1;108;1;100;16467.49;11280.08;5187.41;32440.064
2026-08-03T09:06:18.810806+02:00;dhw;25.5;65.8;85.0;28.0;46.0;57.0;1;108;1;100;16467.52;11280.08;5187.44;32440.164
2026-08-03T09:06:29.400813+02:00;dhw;25.5;67.9;85.0;28.0;46.1;57.0;1;108;1;100;16467.6;11280.08;5187.52;32440.164
2026-08-03T09:06:40.222857+02:00;dhw;25.5;68.7;85.0;28.0;46.3;57.0;1;108;1;100;16467.64;11280.08;5187.56;32440.164
2026-08-03T09:06:50.873061+02:00;dhw;25.5;69.5;85.0;28.0;46.4;57.0;1;108;1;100;16467.68;11280.08;5187.61;32440.164
2026-08-03T09:07:01.582285+02:00;dhw;25.5;70.0;85.0;28.0;46.6;57.0;1;108;1;100;16467.73;11280.08;5187.65;32440.164
2026-08-03T09:07:12.130788+02:00;dhw;25.5;70.7;85.0;28.0;46.7;57.0;1;108;1;100;16467.77;11280.08;5187.69;32440.164
2026-08-03T09:07:23.328264+02:00;dhw;25.5;71.2;85.0;28.0;46.9;57.0;1;108;1;100;16467.81;11280.08;5187.73;32440.164
2026-08-03T09:07:34.046413+02:00;dhw;25.5;71.6;85.0;28.0;47.0;57.0;1;108;1;100;16467.85;11280.08;5187.77;32440.164
2026-08-03T09:07:45.044464+02:00;dhw;25.5;72.1;85.0;28.0;47.2;57.0;1;108;1;100;16467.89;11280.08;5187.82;32440.164
2026-08-03T09:07:55.666963+02:00;dhw;25.5;72.5;85.0;28.0;47.4;57.0;1;108;1;100;16467.94;11280.08;5187.86;32440.164
2026-08-03T09:08:06.321834+02:00;dhw;25.5;73.0;85.0;28.0;47.5;57.0;1;108;1;100;16468.0;11280.08;5187.92;32440.164
2026-08-03T09:08:16.921239+02:00;dhw;25.5;73.1;85.0;28.0;47.7;57.0;1;108;1;100;16468.02;11280.08;5187.94;32440.164
2026-08-03T09:08:27.601144+02:00;dhw;25.5;73.4;85.0;28.0;47.8;57.0;1;108;1;100;16468.06;11280.08;5187.99;32440.164
2026-08-03T09:08:40.766568+02:00;dhw;25.5;74.0;85.0;28.0;48.0;57.0;1;108;1;100;16468.13;11280.08;5188.05;32440.164
2026-08-03T09:08:51.948017+02:00;dhw;25.5;74.3;85.0;28.0;48.4;57.0;1;108;1;100;16468.19;11280.08;5188.11;32440.164
2026-08-03T09:09:04.465521+02:00;dhw;25.5;74.6;85.0;28.0;48.5;57.0;1;108;1;100;16468.23;11280.08;5188.15;32440.164
2026-08-03T09:09:15.729655+02:00;dhw;25.5;74.9;85.0;28.0;48.7;57.0;1;108;1;100;16468.27;11280.08;5188.19;32440.164
2026-08-03T09:09:26.464018+02:00;dhw;25.5;75.2;85.0;28.0;48.9;57.0;1;108;1;100;16468.31;11280.08;5188.23;32440.164
2026-08-03T09:09:37.259313+02:00;dhw;25.5;75.4;85.0;28.0;49.0;57.0;1;108;1;100;16468.35;11280.08;5188.28;32440.164
2026-08-03T09:09:48.138005+02:00;dhw;25.5;75.6;85.0;28.0;49.2;57.0;1;108;1;100;16468.4;11280.08;5188.32;32440.164
2026-08-03T09:09:58.657991+02:00;dhw;25.5;76.1;85.0;28.0;49.3;57.0;1;108;1;100;16468.48;11280.08;5188.4;32440.164
2026-08-03T09:10:09.421239+02:00;dhw;25.5;76.2;85.0;28.0;49.6;57.0;1;108;1;100;16468.52;11280.08;5188.44;32440.164
2026-08-03T09:10:20.163637+02:00;dhw;25.5;76.4;85.0;28.0;49.7;57.0;1;108;1;100;16468.57;11280.08;5188.49;32440.164
2026-08-03T09:10:34.613735+02:00;dhw;25.5;76.7;85.0;28.0;49.9;57.0;1;108;1;100;16468.61;11280.08;5188.53;32440.264
2026-08-03T09:10:45.307654+02:00;dhw;25.5;77.0;85.0;28.0;50.0;57.0;1;108;1;100;16468.66;11280.08;5188.58;32440.264
2026-08-03T09:10:55.897875+02:00;dhw;25.5;77.0;85.0;28.0;50.2;57.0;1;108;1;100;16468.69;11280.08;5188.61;32440.264
2026-08-03T09:11:06.471491+02:00;dhw;25.5;77.3;85.0;28.0;50.3;57.0;1;108;1;100;16468.73;11280.08;5188.65;32440.264
2026-08-03T09:11:17.118940+02:00;dhw;25.5;77.4;85.0;28.0;50.5;57.0;1;108;1;100;16468.77;11280.08;5188.7;32440.264
2026-08-03T09:11:27.801435+02:00;dhw;25.5;77.7;85.0;28.0;50.6;57.0;1;108;1;100;16468.81;11280.08;5188.74;32440.264
2026-08-03T09:11:38.616328+02:00;dhw;25.5;78.0;85.0;28.0;50.7;57.0;1;108;1;100;16468.9;11280.08;5188.82;32440.264
2026-08-03T09:11:50.107826+02:00;dhw;25.5;78.2;85.0;28.0;51.2;57.0;1;108;1;100;16468.94;11280.08;5188.86;32440.264
2026-08-03T09:12:02.728731+02:00;dhw;25.5;78.3;85.0;28.0;51.3;57.0;1;108;1;100;16468.98;11280.08;5188.91;32440.264
2026-08-03T09:12:13.431400+02:00;dhw;25.5;78.5;85.0;28.0;51.5;57.0;1;108;1;100;16469.02;11280.08;5188.95;32440.264
2026-08-03T09:12:24.472194+02:00;dhw;25.5;78.8;85.0;28.0;51.6;57.0;1;108;1;100;16469.07;11280.08;5188.99;32440.264
2026-08-03T09:12:35.132641+02:00;dhw;25.5;79.0;85.0;28.0;51.8;57.0;1;108;1;100;16469.11;11280.08;5189.03;32440.264
2026-08-03T09:12:45.735783+02:00;dhw;25.5;79.1;85.0;28.0;52.0;57.0;1;108;1;100;16469.15;11280.08;5189.07;32440.264
2026-08-03T09:12:56.731048+02:00;dhw;25.5;79.3;85.0;28.0;52.1;57.0;1;108;1;100;16469.19;11280.08;5189.11;32440.264
2026-08-03T09:13:07.338651+02:00;dhw;25.5;79.5;85.0;28.0;52.3;57.0;1;108;1;100;16469.23;11280.08;5189.16;32440.264
2026-08-03T09:13:18.137805+02:00;dhw;25.5;79.6;85.0;28.0;52.6;57.0;1;108;1;100;16469.27;11280.08;5189.2;32440.264
2026-08-03T09:13:28.684215+02:00;dhw;25.5;79.9;85.0;28.0;52.7;57.0;1;108;1;100;16469.36;11280.08;5189.28;32440.264
2026-08-03T09:13:39.332421+02:00;dhw;25.5;80.1;85.0;28.0;52.9;57.0;1;108;1;100;16469.4;11280.08;5189.32;32440.264
2026-08-03T09:13:50.012963+02:00;dhw;25.5;80.3;85.0;28.0;53.2;57.0;1;108;1;100;16469.44;11280.08;5189.37;32440.264
2026-08-03T09:14:00.695298+02:00;dhw;25.5;80.4;85.0;28.0;53.4;57.0;1;108;1;100;16469.49;11280.08;5189.41;32440.264
2026-08-03T09:14:16.911379+02:00;dhw;25.5;80.6;85.0;28.0;53.5;57.0;1;108;1;100;16469.52;11280.08;5189.45;
2026-08-03T09:14:27.948656+02:00;dhw;25.5;81.1;85.0;28.0;53.8;57.0;1;108;1;100;16469.61;11280.08;5189.53;32440.363
2026-08-03T09:14:40.586638+02:00;dhw;25.5;81.2;85.0;28.0;54.2;57.0;1;108;1;100;16469.65;11280.08;5189.57;32440.363
2026-08-03T09:14:53.655161+02:00;dhw;25.5;81.4;85.0;28.0;54.4;57.0;1;108;1;100;16469.69;11280.08;5189.62;32440.363
2026-08-03T09:15:04.484238+02:00;dhw;25.5;81.5;85.0;28.0;54.6;57.0;1;108;1;100;16469.73;11280.08;5189.66;32440.363
2026-08-03T09:15:15.174143+02:00;dhw;25.5;81.5;85.0;28.0;54.8;57.0;1;108;1;100;16469.78;11280.08;5189.7;32440.363
2026-08-03T09:15:28.198227+02:00;dhw;25.5;81.9;85.0;28.0;54.8;57.0;1;108;1;100;16469.82;11280.08;5189.74;32440.363
2026-08-03T09:15:38.728777+02:00;dhw;25.5;82.0;85.0;28.0;55.4;57.0;1;108;1;100;16469.9;11280.08;5189.82;32440.363
2026-08-03T09:15:49.544192+02:00;dhw;25.5;82.4;85.0;28.0;55.6;57.0;1;108;1;100;16469.94;11280.08;5189.87;32440.363
2026-08-03T09:16:00.803813+02:00;dhw;25.5;82.5;85.0;28.0;55.8;57.0;1;108;1;100;16469.99;11280.08;5189.91;32440.363
2026-08-03T09:16:12.324832+02:00;dhw;25.5;82.7;85.0;28.0;56.0;57.0;1;108;1;100;16470.03;11280.08;5189.95;32440.363
2026-08-03T09:16:23.702978+02:00;dhw;25.5;82.8;85.0;28.0;56.2;57.0;1;108;1;100;16470.07;11280.08;5189.99;32440.363
2026-08-03T09:16:34.514662+02:00;dhw;25.5;83.0;85.0;28.0;56.4;57.0;1;108;1;100;16470.11;11280.08;5190.03;32440.363
2026-08-03T09:16:45.499891+02:00;dhw;25.5;83.2;85.0;28.0;56.5;57.0;1;108;1;100;16470.15;11280.08;5190.08;32440.363
2026-08-03T09:16:56.311394+02:00;dhw;25.5;83.4;85.0;28.0;56.7;57.0;1;108;1;100;16470.2;11280.08;5190.12;32440.363
2026-08-03T09:17:06.956378+02:00;standby;25.5;83.6;85.0;28.0;56.9;57.0;0;0;1;100;16470.26;11280.08;5190.18;32440.363
2026-08-03T09:17:17.549345+02:00;standby;25.5;82.5;85.0;28.0;57.2;57.0;0;0;1;100;16470.26;11280.08;5190.18;32440.363
2026-08-03T09:17:27.999417+02:00;standby;25.5;80.4;85.0;28.0;57.6;57.0;0;0;1;10;16470.26;11280.08;5190.18;32440.363
2026-08-03T09:17:38.495552+02:00;standby;25.5;78.2;85.0;28.0;57.8;57.0;0;0;1;10;16470.26;11280.08;5190.18;32440.363
2026-08-03T09:17:48.944580+02:00;standby;25.5;75.7;85.0;28.0;58.0;57.0;0;0;1;10;16470.26;11280.08;5190.18;32440.363
2026-08-03T09:17:59.410437+02:00;standby;25.5;74.3;85.0;28.0;58.1;57.0;0;0;1;10;16470.26;11280.08;5190.18;32440.363
2026-08-03T09:19:00.297269+02:00;standby;25.5;66.9;5.0;28.0;58.9;57.0;0;0;1;10;16470.26;11280.08;5190.18;32440.363
2026-08-03T09:20:00.935099+02:00;standby;25.5;63.4;5.0;28.0;59.5;57.0;0;0;1;10;16470.26;11280.08;5190.18;32440.363
2026-08-03T09:21:01.378053+02:00;standby;25.5;64.0;5.0;28.0;59.7;57.0;0;0;0;0;16470.26;11280.08;5190.18;32440.363
2026-08-03T09:22:01.873866+02:00;standby;25.5;64.3;5.0;28.0;59.9;57.0;0;0;0;0;16470.26;11280.08;5190.18;32440.363
2026-08-03T09:23:02.617795+02:00;standby;25.5;64.5;5.0;28.0;59.9;57.0;0;0;0;0;16470.26;11280.08;5190.18;32440.363
2026-08-03T09:24:03.097048+02:00;standby;25.5;64.5;5.0;28.0;60.0;57.0;0;0;0;0;16470.26;11280.08;5190.18;32440.363
2026-08-03T09:25:03.554439+02:00;standby;25.5;64.7;5.0;28.0;60.0;57.0;0;0;0;0;16470.26;11280.08;5190.18;32440.363
2026-08-03T09:26:04.794709+02:00;standby;25.5;64.5;5.0;28.0;60.0;57.0;0;0;0;0;16470.26;11280.08;5190.18;32440.363
2026-08-03T09:27:05.308190+02:00;standby;25.5;64.4;5.0;28.0;60.0;57.0;0;0;0;0;16470.26;11280.08;5190.18;32440.363
2026-08-03T09:28:05.826209+02:00;standby;25.5;64.3;5.0;28.0;60.0;57.0;0;0;0;0;16470.26;11280.08;5190.18;32440.363
2026-08-03T09:29:06.603067+02:00;standby;25.5;64.3;5.0;28.0;60.0;57.0;0;0;0;0;16470.26;11280.08;5190.18;32440.363
2026-08-03T09:30:07.312709+02:00;standby;25.5;64.2;5.0;28.0;60.0;57.0;0;0;0;0;16470.26;11280.08;5190.18;32440.363
2026-08-03T09:31:07.777203+02:00;standby;25.5;64.1;5.0;28.0;60.0;57.0;0;0;0;0;16470.26;11280.08;5190.18;32440.363
2026-08-03T09:32:08.211738+02:00;standby;25.5;64.0;5.0;28.0;60.0;57.0;0;0;0;0;16470.26;11280.08;5190.18;32440.363
2026-08-03T09:33:08.615086+02:00;standby;25.5;63.8;5.0;28.0;60.0;57.0;0;0;0;0;16470.26;11280.08;5190.18;32440.363
2026-08-03T09:34:09.049357+02:00;standby;25.5;63.7;5.0;28.0;60.0;57.0;0;0;0;0;16470.26;11280.08;5190.18;32440.363
2026-08-03T09:35:09.717181+02:00;standby;25.5;63.6;5.0;28.0;59.9;57.0;0;0;0;0;16470.26;11280.08;5190.18;32440.363
2026-08-03T09:36:10.290329+02:00;standby;25.5;63.4;5.0;28.0;59.9;57.0;0;0;0;0;16470.26;11280.08;5190.18;32440.363
2026-08-03T09:37:10.787347+02:00;standby;25.5;63.3;5.0;28.0;59.9;57.0;0;0;0;0;16470.26;11280.08;5190.18;32440.363
2026-08-03T09:38:11.433888+02:00;standby;25.5;63.1;5.0;28.0;59.9;57.0;0;0;0;0;16470.26;11280.08;5190.18;32440.363
2026-08-03T09:39:11.953020+02:00;standby;25.5;63.0;5.0;28.0;59.9;57.0;0;0;0;0;16470.26;11280.08;5190.18;32440.363
2026-08-03T09:40:12.370600+02:00;standby;25.5;62.9;5.0;28.0;59.9;57.0;0;0;0;0;16470.26;11280.08;5190.18;32440.363
2026-08-03T09:41:12.852178+02:00;standby;25.5;62.8;5.0;28.0;59.9;57.0;0;0;0;0;16470.26;11280.08;5190.18;32440.363
2026-08-03T09:42:13.324912+02:00;standby;25.5;62.6;5.0;28.0;59.9;57.0;0;0;0;0;16470.26;11280.08;5190.18;32440.363
2026-08-03T09:43:14.069791+02:00;standby;25.5;62.4;5.0;28.0;59.9;57.0;0;0;0;0;16470.26;11280.08;5190.18;32440.363
2026-08-03T09:44:14.582552+02:00;standby;25.9;62.3;5.0;28.0;59.9;57.0;0;0;0;0;16470.26;11280.08;5190.18;32440.363
2026-08-03T09:45:15.110764+02:00;standby;25.9;62.2;5.0;28.0;59.9;57.0;0;0;0;0;16470.26;11280.08;5190.18;32440.363
2026-08-03T09:46:15.755455+02:00;standby;25.9;62.1;5.0;28.0;59.8;57.0;0;0;0;0;16470.26;11280.08;5190.18;32440.363
2026-08-03T09:47:16.343581+02:00;standby;25.9;61.9;5.0;28.0;59.8;57.0;0;0;0;0;16470.26;11280.08;5190.18;32440.363
2026-08-03T09:48:17.036775+02:00;standby;25.9;61.7;5.0;28.0;59.8;57.0;0;0;0;0;16470.26;11280.08;5190.18;32440.363
2026-08-03T09:49:17.534273+02:00;standby;25.9;61.6;5.0;28.0;59.8;57.0;0;0;0;0;16470.26;11280.08;5190.18;32440.363
2026-08-03T09:50:18.073396+02:00;standby;25.9;61.5;5.0;28.0;59.8;57.0;0;0;0;0;16470.26;11280.08;5190.18;32440.363
2026-08-03T09:51:18.727036+02:00;standby;25.9;61.4;5.0;28.0;59.8;57.0;0;0;0;0;16470.26;11280.08;5190.18;32440.363
2026-08-03T09:52:19.214815+02:00;standby;25.9;61.3;5.0;28.0;59.8;57.0;0;0;0;0;16470.26;11280.08;5190.18;32440.363
2026-08-03T09:53:19.649892+02:00;standby;25.9;61.0;5.0;28.0;59.8;57.0;0;0;0;0;16470.26;11280.08;5190.18;32440.363
2026-08-03T09:54:20.166322+02:00;standby;25.9;60.9;5.0;28.0;59.8;57.0;0;0;0;0;16470.26;11280.08;5190.18;32440.363
2026-08-03T09:55:20.671549+02:00;standby;25.9;60.8;5.0;28.0;59.8;57.0;0;0;0;0;16470.26;11280.08;5190.18;32440.363
2026-08-03T09:56:21.155465+02:00;standby;25.9;60.7;5.0;28.0;59.8;57.0;0;0;0;0;16470.26;11280.08;5190.18;32440.363
2026-08-03T09:57:21.608467+02:00;standby;25.9;60.5;5.0;28.0;59.8;57.0;0;0;0;0;16470.26;11280.08;5190.18;32440.363
2026-08-03T09:58:22.126906+02:00;standby;25.9;60.3;5.0;28.0;59.8;57.0;0;0;0;0;16470.26;11280.08;5190.18;32440.363
2026-08-03T09:59:22.849033+02:00;standby;25.9;60.2;5.0;28.0;59.7;57.0;0;0;0;0;16470.26;11280.08;5190.18;32440.363
2026-08-03T10:00:23.737708+02:00;standby;25.9;60.0;5.0;28.0;59.7;57.0;0;0;0;0;16470.26;11280.08;5190.18;32440.363
2026-08-03T10:01:24.502477+02:00;standby;25.9;59.9;5.0;28.0;59.7;57.0;0;0;0;0;16470.26;11280.08;5190.18;32440.363
2026-08-03T10:02:24.964167+02:00;standby;25.9;59.8;5.0;28.0;59.7;57.0;0;0;0;0;16470.26;11280.08;5190.18;32440.363
2026-08-03T10:03:25.675474+02:00;standby;25.9;59.7;5.0;28.0;59.7;57.0;0;0;0;0;16470.26;11280.08;5190.18;32440.363
2026-08-03T10:04:26.194919+02:00;standby;25.9;59.4;5.0;28.0;59.7;57.0;0;0;0;0;16470.26;11280.08;5190.18;32440.363
2026-08-03T10:05:26.711018+02:00;standby;25.9;59.3;5.0;28.0;59.7;57.0;0;0;0;0;16470.26;11280.08;5190.18;32440.363
2026-08-03T10:06:27.220061+02:00;standby;25.9;59.1;5.0;28.0;59.7;57.0;0;0;0;0;16470.26;11280.08;5190.18;32440.363
2026-08-03T10:07:27.842137+02:00;standby;25.9;59.0;5.0;28.0;59.7;57.0;0;0;0;0;16470.26;11280.08;5190.18;32440.363
2026-08-03T10:08:28.382885+02:00;standby;25.9;58.9;5.0;28.0;59.7;57.0;0;0;0;0;16470.26;11280.08;5190.18;32440.363
2026-08-03T10:09:29.100954+02:00;standby;25.9;58.7;5.0;28.0;59.7;57.0;0;0;0;0;16470.26;11280.08;5190.18;32440.363
2026-08-03T10:10:30.032512+02:00;standby;25.9;58.5;5.0;28.0;59.7;57.0;0;0;0;0;16470.26;11280.08;5190.18;32440.363
2026-08-03T10:11:30.531880+02:00;standby;25.9;58.4;5.0;28.0;59.7;57.0;0;0;0;0;16470.26;11280.08;5190.18;32440.363
2026-08-03T10:12:31.566022+02:00;standby;25.9;58.3;5.0;28.0;59.6;57.0;0;0;0;0;16470.26;11280.08;5190.18;32440.363
2026-08-03T10:13:32.086175+02:00;standby;25.9;58.2;5.0;28.0;59.6;57.0;0;0;0;0;16470.26;11280.08;5190.18;32440.363
2026-08-03T10:14:32.652308+02:00;standby;25.9;58.0;5.0;28.0;59.6;57.0;0;0;0;0;16470.26;11280.08;5190.18;32440.363
2026-08-03T10:15:33.127055+02:00;standby;25.9;57.8;5.0;28.0;59.6;57.0;0;0;0;0;16470.26;11280.08;5190.18;32440.363
2026-08-03T10:16:33.642091+02:00;standby;25.9;57.7;5.0;28.0;59.6;57.0;0;0;0;0;16470.26;11280.08;5190.18;32440.363
2026-08-03T10:17:34.182210+02:00;standby;25.9;57.5;5.0;28.0;59.6;57.0;0;0;0;0;16470.26;11280.08;5190.18;32440.363
2026-08-03T10:18:35.219452+02:00;standby;25.9;57.4;5.0;28.0;59.6;57.0;0;0;0;0;16470.26;11280.08;5190.18;32440.363
2026-08-03T10:19:35.719817+02:00;standby;25.9;57.3;5.0;28.0;59.6;57.0;0;0;0;0;16470.26;11280.08;5190.18;32440.363
2026-08-03T10:20:36.231070+02:00;standby;25.9;57.0;5.0;28.0;59.6;57.0;0;0;0;0;16470.26;11280.08;5190.18;32440.363
2026-08-03T10:21:36.752492+02:00;standby;25.9;56.9;5.0;28.0;59.6;57.0;0;0;0;0;16470.26;11280.08;5190.18;32440.363
2026-08-03T10:22:37.798713+02:00;standby;25.9;56.8;5.0;28.0;59.6;57.0;0;0;0;0;16470.26;11280.08;5190.18;32440.363
2026-08-03T10:23:38.315900+02:00;standby;25.9;56.7;5.0;28.0;59.6;57.0;0;0;0;0;16470.26;11280.08;5190.18;32440.363
2026-08-03T10:24:38.820417+02:00;standby;25.9;56.6;5.0;28.0;59.6;57.0;0;0;0;0;16470.26;11280.08;5190.18;32440.363
2026-08-03T10:25:39.341520+02:00;standby;25.9;56.4;5.0;28.0;59.6;57.0;0;0;0;0;16470.26;11280.08;5190.18;32440.363
2026-08-03T10:26:39.973389+02:00;standby;25.9;56.2;5.0;28.0;59.5;57.0;0;0;0;0;16470.26;11280.08;5190.18;32440.363
2026-08-03T10:27:40.480290+02:00;standby;25.9;56.1;5.0;28.0;59.5;57.0;0;0;0;0;16470.26;11280.08;5190.18;32440.363
2026-08-03T10:28:41.018933+02:00;standby;25.9;56.0;5.0;28.0;59.5;57.0;0;0;0;0;16470.26;11280.08;5190.18;32440.363
2026-08-03T10:29:41.830259+02:00;standby;25.9;55.8;5.0;28.0;59.5;57.0;0;0;0;0;16470.26;11280.08;5190.18;32440.363
2026-08-03T10:30:42.549071+02:00;standby;25.9;55.7;5.0;28.0;59.5;57.0;0;0;0;0;16470.26;11280.08;5190.18;32440.363
2026-08-03T10:31:43.190908+02:00;standby;25.9;55.6;5.0;28.0;59.5;57.0;0;0;0;0;16470.26;11280.08;5190.18;32440.363
2026-08-03T10:32:43.904007+02:00;standby;25.9;55.5;5.0;28.0;59.5;57.0;0;0;0;0;16470.26;11280.08;5190.18;32440.363
2026-08-03T10:33:44.948388+02:00;standby;25.9;55.2;5.0;28.0;59.5;57.0;0;0;0;0;16470.26;11280.08;5190.18;32440.363
2026-08-03T10:34:45.446948+02:00;standby;25.9;55.1;5.0;28.0;59.5;57.0;0;0;0;0;16470.26;11280.08;5190.18;32440.363
2026-08-03T10:35:45.914875+02:00;standby;25.9;55.0;5.0;28.0;59.5;57.0;0;0;0;0;16470.26;11280.08;5190.18;32440.363
2026-08-03T10:36:46.439486+02:00;standby;25.9;54.9;5.0;28.0;59.5;57.0;0;0;0;0;16470.26;11280.08;5190.18;32440.363
2026-08-03T10:37:46.904406+02:00;standby;25.9;54.8;5.0;28.0;59.5;57.0;0;0;0;0;16470.26;11280.08;5190.18;32440.363
2026-08-03T10:38:47.828715+02:00;standby;25.9;54.7;5.0;28.0;59.5;57.0;0;0;0;0;16470.26;11280.08;5190.18;32440.363
2026-08-03T10:39:48.351606+02:00;standby;25.9;54.4;5.0;28.0;59.5;57.0;0;0;0;0;16470.26;11280.08;5190.18;32440.363
2026-08-03T10:40:49.640158+02:00;standby;25.9;54.3;5.0;28.0;59.5;57.0;0;0;0;0;16470.26;11280.08;5190.18;32440.363
2026-08-03T10:41:50.087335+02:00;standby;25.9;54.2;5.0;28.0;59.4;57.0;0;0;0;0;16470.26;11280.08;5190.18;32440.363
2026-08-03T10:42:50.879935+02:00;standby;25.9;54.1;5.0;28.0;59.4;57.0;0;0;0;0;16470.26;11280.08;5190.18;32440.363
2026-08-03T10:43:53.715009+02:00;standby;25.9;53.9;5.0;28.0;59.4;57.0;0;0;0;0;16470.26;11280.08;5190.18;32440.363
2026-08-03T10:44:54.732864+02:00;standby;26.7;53.8;5.0;28.0;59.4;57.0;0;0;0;0;16470.26;11280.08;5190.18;32440.363
2026-08-03T10:45:55.567296+02:00;standby;26.7;53.7;5.0;28.0;59.4;57.0;0;0;0;0;16470.26;11280.08;5190.18;32440.363
2026-08-03T10:46:56.078950+02:00;standby;26.7;53.6;5.0;28.0;59.4;57.0;0;0;0;0;16470.26;11280.08;5190.18;32440.363
2026-08-03T10:47:56.805369+02:00;standby;26.7;53.4;5.0;28.0;59.4;57.0;0;0;0;0;16470.26;11280.08;5190.18;32440.363
2026-08-03T10:48:57.325099+02:00;standby;26.7;53.3;5.0;28.0;59.4;57.0;0;0;0;0;16470.26;11280.08;5190.18;32440.363
2026-08-03T10:49:57.861472+02:00;standby;26.7;53.2;5.0;28.0;59.4;57.0;0;0;0;0;16470.26;11280.08;5190.18;32440.363
2026-08-03T10:50:58.473390+02:00;standby;26.7;53.1;5.0;28.0;59.4;57.0;0;0;0;0;16470.26;11280.08;5190.18;32440.363
2026-08-03T10:51:59.000964+02:00;standby;26.7;53.0;5.0;28.0;59.4;57.0;0;0;0;0;16470.26;11280.08;5190.18;32440.363
2026-08-03T10:53:00.255836+02:00;standby;26.7;52.8;5.0;28.0;59.4;57.0;0;0;0;0;16470.26;11280.08;5190.18;32440.363
2026-08-03T10:54:00.766487+02:00;standby;26.7;52.7;5.0;28.0;59.4;57.0;0;0;0;0;16470.26;11280.08;5190.18;32440.363
2026-08-03T10:55:01.294200+02:00;standby;26.7;52.6;5.0;28.0;59.4;57.0;0;0;0;0;16470.26;11280.08;5190.18;32440.363
2026-08-03T10:56:01.885066+02:00;standby;26.7;52.4;5.0;28.0;59.3;57.0;0;0;0;0;16470.26;11280.08;5190.18;32440.363
2026-08-03T10:57:02.507236+02:00;standby;26.7;52.3;5.0;28.0;59.3;57.0;0;0;0;0;16470.26;11280.08;5190.18;32440.363
2026-08-03T10:58:03.057454+02:00;standby;26.7;52.2;5.0;28.0;59.3;57.0;0;0;0;0;16470.26;11280.08;5190.18;32440.363
2026-08-03T10:59:03.888035+02:00;standby;26.7;52.1;5.0;28.0;59.3;57.0;0;0;0;0;16470.26;11280.08;5190.18;32440.363
2026-08-03T11:00:04.578798+02:00;standby;26.7;52.0;5.0;28.0;59.3;57.0;0;0;0;0;16470.26;11280.08;5190.18;32440.363
2026-08-03T11:01:05.095751+02:00;standby;26.7;51.9;5.0;28.0;59.3;57.0;0;0;0;0;16470.26;11280.08;5190.18;32440.363
2026-08-03T11:02:05.613874+02:00;standby;26.7;51.8;5.0;28.0;59.3;57.0;0;0;0;0;16470.26;11280.08;5190.18;32440.363
2026-08-03T11:03:06.143371+02:00;standby;26.7;51.7;5.0;28.0;59.3;57.0;0;0;0;0;16470.26;11280.08;5190.18;32440.363
2026-08-03T11:04:06.664772+02:00;standby;26.7;51.6;5.0;28.0;59.3;57.0;0;0;0;0;16470.26;11280.08;5190.18;32440.363
2026-08-03T11:05:07.175046+02:00;standby;26.7;51.4;5.0;28.0;59.3;57.0;0;0;0;0;16470.26;11280.08;5190.18;32440.363
2026-08-03T11:06:07.774155+02:00;standby;26.7;51.3;5.0;28.0;59.3;57.0;0;0;0;0;16470.26;11280.08;5190.18;32440.363
2026-08-03T11:07:08.211758+02:00;standby;26.7;51.2;5.0;28.0;59.3;57.0;0;0;0;0;16470.26;11280.08;5190.18;32440.363
2026-08-03T11:08:08.739335+02:00;standby;26.7;51.1;5.0;28.0;59.3;57.0;0;0;0;0;16470.26;11280.08;5190.18;32440.363
2026-08-03T11:09:09.355536+02:00;standby;26.7;51.0;5.0;28.0;59.3;57.0;0;0;0;0;16470.26;11280.08;5190.18;32440.363
2026-08-03T11:10:09.871814+02:00;standby;26.7;50.9;5.0;28.0;59.2;57.0;0;0;0;0;16470.26;11280.08;5190.18;32440.363
2026-08-03T11:11:10.623237+02:00;standby;26.7;50.8;5.0;28.0;59.2;57.0;0;0;0;0;16470.26;11280.08;5190.18;32440.363
2026-08-03T11:12:11.477756+02:00;standby;26.7;50.7;5.0;28.0;59.2;57.0;0;0;0;0;16470.26;11280.08;5190.18;32440.363
2026-08-03T11:13:12.310906+02:00;standby;26.7;50.6;5.0;28.0;59.2;57.0;0;0;0;0;16470.26;11280.08;5190.18;32440.363
2026-08-03T11:14:12.930988+02:00;standby;26.7;50.4;5.0;28.0;59.2;57.0;0;0;0;0;16470.26;11280.08;5190.18;32440.363
2026-08-03T11:15:13.507287+02:00;standby;26.7;50.3;5.0;28.0;59.2;57.0;0;0;0;0;16470.26;11280.08;5190.18;32440.363
2026-08-03T11:16:14.017597+02:00;standby;26.7;50.2;5.0;28.0;59.2;57.0;0;0;0;0;16470.26;11280.08;5190.18;32440.363
2026-08-03T11:17:14.541404+02:00;standby;26.7;50.1;5.0;28.0;59.2;57.0;0;0;0;0;16470.26;11280.08;5190.18;32440.363
2026-08-03T11:18:15.608980+02:00;standby;26.7;50.0;5.0;28.0;59.2;57.0;0;0;0;0;16470.26;11280.08;5190.18;32440.363
2026-08-03T11:19:16.216469+02:00;standby;26.7;49.9;5.0;28.0;59.2;57.0;0;0;0;0;16470.26;11280.08;5190.18;32440.363
2026-08-03T11:20:16.700187+02:00;standby;26.7;49.8;5.0;28.0;59.2;57.0;0;0;0;0;16470.26;11280.08;5190.18;32440.363
2026-08-03T11:21:17.434082+02:00;standby;26.7;49.7;5.0;28.0;59.2;57.0;0;0;0;0;16470.26;11280.08;5190.18;32440.363
2026-08-03T11:22:17.952551+02:00;standby;26.7;49.5;5.0;28.0;59.1;57.0;0;0;0;0;16470.26;11280.08;5190.18;32440.363
2026-08-03T11:23:18.671801+02:00;standby;26.7;49.4;5.0;28.0;59.1;57.0;0;0;0;0;16470.26;11280.08;5190.18;32440.363
2026-08-03T11:24:19.510178+02:00;standby;26.7;49.3;5.0;28.0;59.1;57.0;0;0;0;0;16470.26;11280.08;5190.18;32440.363
2026-08-03T11:25:20.029561+02:00;standby;26.7;49.2;5.0;28.0;59.1;57.0;0;0;0;0;16470.26;11280.08;5190.18;32440.363
2026-08-03T11:26:20.652226+02:00;standby;26.7;49.1;5.0;28.0;59.1;57.0;0;0;0;0;16470.26;11280.08;5190.18;32440.363
2026-08-03T11:27:21.164715+02:00;standby;26.7;49.0;5.0;28.0;59.1;57.0;0;0;0;0;16470.26;11280.08;5190.18;32440.363
2026-08-03T11:28:21.795139+02:00;standby;26.7;49.0;5.0;28.0;59.1;57.0;0;0;0;0;16470.26;11280.08;5190.18;32440.363
2026-08-03T11:29:22.553471+02:00;standby;26.7;48.9;5.0;28.0;59.1;57.0;0;0;0;0;16470.26;11280.08;5190.18;32440.363
2026-08-03T11:30:23.040820+02:00;standby;26.7;48.7;5.0;28.0;59.1;57.0;0;0;0;0;16470.26;11280.08;5190.18;32440.363
2026-08-03T11:31:23.540257+02:00;standby;26.7;48.6;5.0;28.0;59.1;57.0;0;0;0;0;16470.26;11280.08;5190.18;32440.363
2026-08-03T11:32:24.200081+02:00;standby;26.7;48.5;5.0;28.0;59.1;57.0;0;0;0;0;16470.26;11280.08;5190.18;32440.363
2026-08-03T11:33:24.895071+02:00;standby;26.7;48.4;5.0;28.0;59.1;57.0;0;0;0;0;16470.26;11280.08;5190.18;32440.363
2026-08-03T11:34:25.570560+02:00;standby;26.7;48.3;5.0;28.0;59.1;57.0;0;0;0;0;16470.26;11280.08;5190.18;32440.363
2026-08-03T11:35:26.190796+02:00;standby;26.7;48.2;5.0;28.0;58.9;57.0;0;0;0;0;16470.26;11280.08;5190.18;32440.363
2026-08-03T11:36:26.968700+02:00;standby;26.7;48.1;5.0;28.0;58.9;57.0;0;0;0;0;16470.26;11280.08;5190.18;32440.363
2026-08-03T11:37:27.600427+02:00;standby;26.7;48.1;5.0;28.0;58.9;57.0;0;0;0;0;16470.26;11280.08;5190.18;32440.363
2026-08-03T11:38:28.097716+02:00;standby;26.7;48.0;5.0;28.0;58.9;57.0;0;0;0;0;16470.26;11280.08;5190.18;32440.363
2026-08-03T11:39:28.819919+02:00;standby;26.7;47.8;5.0;28.0;58.9;57.0;0;0;0;0;16470.26;11280.08;5190.18;32440.363
2026-08-03T11:40:29.349168+02:00;standby;26.7;47.7;5.0;28.0;58.9;57.0;0;0;0;0;16470.26;11280.08;5190.18;32440.363
2026-08-03T11:41:29.861703+02:00;standby;26.7;47.6;5.0;28.0;58.9;57.0;0;0;0;0;16470.26;11280.08;5190.18;32440.363
2026-08-03T11:42:30.939723+02:00;standby;26.7;47.5;5.0;28.0;58.9;57.0;0;0;0;0;16470.26;11280.08;5190.18;32440.363
2026-08-03T11:43:31.624223+02:00;standby;26.7;47.5;5.0;28.0;58.9;57.0;0;0;0;0;16470.26;11280.08;5190.18;32440.363
2026-08-03T11:44:32.135452+02:00;standby;26.7;47.4;5.0;28.0;58.9;57.0;0;0;0;0;16470.26;11280.08;5190.18;32440.363
2026-08-03T11:45:32.654278+02:00;standby;27.6;47.3;5.0;28.0;58.9;57.0;0;0;0;0;16470.26;11280.08;5190.18;32440.363
2026-08-03T11:46:33.296605+02:00;standby;27.6;47.2;5.0;28.0;58.8;57.0;0;0;0;0;16470.26;11280.08;5190.18;32440.363
2026-08-03T11:47:34.064122+02:00;standby;27.6;47.0;5.0;28.0;58.8;57.0;0;0;0;0;16470.26;11280.08;5190.18;32440.363
2026-08-03T11:48:34.627946+02:00;standby;27.6;47.0;5.0;28.0;58.8;57.0;0;0;0;0;16470.26;11280.08;5190.18;32440.363
2026-08-03T11:49:35.147936+02:00;standby;27.6;46.9;5.0;28.0;58.8;57.0;0;0;0;0;16470.26;11280.08;5190.18;32440.363
2026-08-03T11:50:36.079403+02:00;standby;27.6;46.9;5.0;28.0;58.8;57.0;0;0;0;0;16470.26;11280.08;5190.18;32440.363
2026-08-03T11:51:36.597463+02:00;standby;27.6;46.7;5.0;28.0;58.8;57.0;0;0;0;0;16470.26;11280.08;5190.18;32440.363
2026-08-03T11:52:37.141358+02:00;standby;27.6;46.7;5.0;28.0;58.8;57.0;0;0;0;0;16470.26;11280.08;5190.18;32440.363
2026-08-03T11:53:37.634829+02:00;standby;27.6;46.6;5.0;28.0;58.8;57.0;0;0;0;0;16470.26;11280.08;5190.18;32440.363
2026-08-03T11:54:38.287837+02:00;standby;27.6;46.5;5.0;28.0;58.8;57.0;0;0;0;0;16470.26;11280.08;5190.18;32440.363
2026-08-03T11:55:38.928550+02:00;standby;27.6;46.4;5.0;28.0;58.8;57.0;0;0;0;0;16470.26;11280.08;5190.18;32440.363
2026-08-03T11:56:40.019486+02:00;standby;27.6;46.4;5.0;28.0;58.8;57.0;0;0;0;0;16470.26;11280.08;5190.18;32440.363
2026-08-03T11:57:40.626277+02:00;standby;27.6;46.2;5.0;28.0;58.8;57.0;0;0;0;0;16470.26;11280.08;5190.18;32440.363
2026-08-03T11:58:41.407226+02:00;standby;27.6;46.1;5.0;28.0;58.8;57.0;0;0;0;0;16470.26;11280.08;5190.18;32440.363
2026-08-03T11:59:42.027249+02:00;standby;27.6;46.0;5.0;28.0;58.7;57.0;0;0;0;0;16470.26;11280.08;5190.18;32440.363
2026-08-03T12:00:42.601284+02:00;standby;27.6;45.9;5.0;28.0;58.7;57.0;0;0;0;0;16470.26;11280.08;5190.18;32440.363
2026-08-03T12:01:43.127792+02:00;standby;27.6;45.9;5.0;28.0;58.7;57.0;0;0;0;0;16470.26;11280.08;5190.18;32440.363
2026-08-03T12:02:43.738387+02:00;standby;27.6;45.8;5.0;28.0;58.7;57.0;0;0;0;0;16470.26;11280.08;5190.18;32440.363
2026-08-03T12:03:44.290991+02:00;standby;27.6;45.7;5.0;28.0;58.7;57.0;0;0;0;0;16470.26;11280.08;5190.18;32440.363
2026-08-03T12:04:44.802952+02:00;standby;27.6;45.7;5.0;28.0;58.7;57.0;0;0;0;0;16470.26;11280.08;5190.18;32440.363
2026-08-03T12:05:45.313054+02:00;standby;27.6;45.6;5.0;28.0;58.7;57.0;0;0;0;0;16470.26;11280.08;5190.18;32440.363
2026-08-03T12:06:46.016382+02:00;standby;27.6;45.5;5.0;28.0;58.7;57.0;0;0;0;0;16470.26;11280.08;5190.18;32440.363
2026-08-03T12:07:46.634500+02:00;standby;27.6;45.3;5.0;28.0;58.7;57.0;0;0;0;0;16470.26;11280.08;5190.18;32440.363
2026-08-03T12:08:47.470739+02:00;standby;27.6;45.3;5.0;28.0;58.7;57.0;0;0;0;0;16470.26;11280.08;5190.18;32440.363
2026-08-03T12:09:48.010549+02:00;standby;27.6;45.2;5.0;28.0;58.7;57.0;0;0;0;0;16470.26;11280.08;5190.18;32440.363
2026-08-03T12:10:48.614289+02:00;standby;27.6;45.1;5.0;28.0;58.7;57.0;0;0;0;0;16470.26;11280.08;5190.18;32440.363
2026-08-03T12:11:49.181815+02:00;standby;27.6;45.1;5.0;28.0;58.7;57.0;0;0;0;0;16470.26;11280.08;5190.18;32440.363
2026-08-03T12:12:50.280427+02:00;standby;27.6;45.0;5.0;28.0;58.7;57.0;0;0;0;0;16470.26;11280.08;5190.18;32440.363
2026-08-03T12:13:50.776390+02:00;standby;27.6;44.9;5.0;28.0;58.6;57.0;0;0;0;0;16470.26;11280.08;5190.18;32440.363
2026-08-03T12:14:51.318718+02:00;standby;27.6;44.9;5.0;28.0;58.6;57.0;0;0;0;0;16470.26;11280.08;5190.18;32440.363
2026-08-03T12:15:51.837590+02:00;standby;27.6;44.8;5.0;28.0;58.6;57.0;0;0;0;0;16470.26;11280.08;5190.18;32440.363
2026-08-03T12:16:52.492840+02:00;standby;27.6;44.7;5.0;28.0;58.6;57.0;0;0;0;0;16470.26;11280.08;5190.18;32440.363
2026-08-03T12:17:53.187051+02:00;standby;27.6;44.5;5.0;28.0;58.6;57.0;0;0;0;0;16470.26;11280.08;5190.18;32440.363
2026-08-03T12:18:53.650250+02:00;standby;27.6;44.5;5.0;28.0;58.6;57.0;0;0;0;0;16470.26;11280.08;5190.18;32440.363
2026-08-03T12:19:54.203063+02:00;standby;27.6;44.4;5.0;28.0;58.6;57.0;0;0;0;0;16470.26;11280.08;5190.18;32440.363
2026-08-03T12:20:54.828591+02:00;standby;27.6;44.4;5.0;28.0;58.6;57.0;0;0;0;0;16470.26;11280.08;5190.18;32440.363
2026-08-03T12:21:55.440383+02:00;standby;27.6;44.3;5.0;28.0;58.6;57.0;0;0;0;0;16470.26;11280.08;5190.18;32440.363
2026-08-03T12:22:56.226090+02:00;standby;27.6;44.2;5.0;28.0;58.6;57.0;0;0;0;0;16470.26;11280.08;5190.18;32440.363
2026-08-03T12:23:56.698614+02:00;standby;27.6;44.1;5.0;28.0;58.6;57.0;0;0;0;0;16470.26;11280.08;5190.18;32440.363
2026-08-03T12:24:57.817600+02:00;standby;27.6;44.1;5.0;28.0;58.6;57.0;0;0;0;0;16470.26;11280.08;5190.18;32440.363
2026-08-03T12:25:58.341061+02:00;standby;27.6;44.0;5.0;28.0;58.5;57.0;0;0;0;0;16470.26;11280.08;5190.18;32440.363
2026-08-03T12:26:58.886245+02:00;standby;27.6;44.0;5.0;28.0;58.5;57.0;0;0;0;0;16470.26;11280.08;5190.18;32440.363
2026-08-03T12:27:59.621968+02:00;standby;27.6;43.9;5.0;28.0;58.5;57.0;0;0;0;0;16470.26;11280.08;5190.18;32440.363
2026-08-03T12:29:00.122946+02:00;standby;27.6;43.7;5.0;28.0;58.5;57.0;0;0;0;0;16470.26;11280.08;5190.18;32440.363
2026-08-03T12:30:01.664426+02:00;standby;27.6;43.7;5.0;28.0;58.5;57.0;0;0;0;0;16470.26;11280.08;5190.18;32440.363
2026-08-03T12:31:02.167309+02:00;standby;27.6;43.6;5.0;28.0;58.5;57.0;0;0;0;0;16470.26;11280.08;5190.18;32440.363
2026-08-03T12:32:02.660577+02:00;standby;27.6;43.6;5.0;28.0;58.5;57.0;0;0;0;0;16470.26;11280.08;5190.18;32440.363
2026-08-03T12:33:03.207694+02:00;standby;27.6;43.5;5.0;28.0;58.5;57.0;0;0;0;0;16470.26;11280.08;5190.18;32440.363
2026-08-03T12:34:03.693528+02:00;standby;27.6;43.4;5.0;28.0;58.5;57.0;0;0;0;0;16470.26;11280.08;5190.18;32440.363
2026-08-03T12:35:04.148443+02:00;standby;27.6;43.4;5.0;28.0;58.5;57.0;0;0;0;0;16470.26;11280.08;5190.18;32440.363
2026-08-03T12:36:04.655363+02:00;standby;27.6;43.3;5.0;28.0;58.5;57.0;0;0;0;0;16470.26;11280.08;5190.18;32440.363
2026-08-03T12:37:05.122084+02:00;standby;27.6;43.2;5.0;28.0;58.5;57.0;0;0;0;0;16470.26;11280.08;5190.18;32440.363
2026-08-03T12:38:05.600834+02:00;standby;27.6;43.2;5.0;28.0;58.5;57.0;0;0;0;0;16470.26;11280.08;5190.18;32440.363
2026-08-03T12:39:06.087140+02:00;standby;27.6;43.1;5.0;28.0;58.4;57.0;0;0;0;0;16470.26;11280.08;5190.18;32440.363
2026-08-03T12:40:06.848368+02:00;standby;27.6;43.1;5.0;28.0;58.4;57.0;0;0;0;0;16470.26;11280.08;5190.18;32440.363
2026-08-03T12:41:07.381842+02:00;standby;27.6;43.0;5.0;28.0;58.4;57.0;0;0;0;0;16470.26;11280.08;5190.18;32440.363
2026-08-03T12:42:07.957559+02:00;standby;27.6;43.0;5.0;28.0;58.4;57.0;0;0;0;0;16470.26;11280.08;5190.18;32440.363
2026-08-03T12:43:08.712188+02:00;standby;27.6;42.8;5.0;28.0;58.4;57.0;0;0;0;0;16470.26;11280.08;5190.18;32440.363
2026-08-03T12:44:10.050324+02:00;standby;27.6;42.7;5.0;28.0;58.4;57.0;0;0;0;0;16470.26;11280.08;5190.18;32440.363
2026-08-03T12:45:10.573144+02:00;standby;27.6;42.7;5.0;28.0;58.4;57.0;0;0;0;0;16470.26;11280.08;5190.18;32440.363
2026-08-03T12:46:11.055709+02:00;standby;29.0;42.6;5.0;28.0;58.4;57.0;0;0;0;0;16470.26;11280.08;5190.18;32440.363
2026-08-03T12:47:11.537009+02:00;standby;29.0;42.6;5.0;28.0;58.4;57.0;0;0;0;0;16470.26;11280.08;5190.18;32440.363
2026-08-03T12:48:12.248397+02:00;standby;29.0;42.5;5.0;28.0;58.3;57.0;0;0;0;0;16470.26;11280.08;5190.18;32440.363
2026-08-03T12:49:12.713040+02:00;standby;29.0;42.5;5.0;28.0;58.3;57.0;0;0;0;0;16470.26;11280.08;5190.18;32440.363
2026-08-03T12:50:13.236948+02:00;standby;29.0;42.4;5.0;28.0;58.3;57.0;0;0;0;0;16470.26;11280.08;5190.18;32440.363
2026-08-03T12:51:13.862320+02:00;standby;29.0;42.3;5.0;28.0;58.3;57.0;0;0;0;0;16470.26;11280.08;5190.18;32440.363
2026-08-03T12:52:14.399144+02:00;standby;29.0;42.3;5.0;28.0;58.3;57.0;0;0;0;0;16470.26;11280.08;5190.18;32440.363
2026-08-03T12:53:15.024549+02:00;standby;29.0;42.3;5.0;28.0;58.3;57.0;0;0;0;0;16470.26;11280.08;5190.18;32440.363
2026-08-03T12:54:15.824069+02:00;standby;29.0;42.2;5.0;28.0;58.3;57.0;0;0;0;0;16470.26;11280.08;5190.18;32440.363
2026-08-03T12:55:16.474795+02:00;standby;29.0;42.0;5.0;28.0;58.3;57.0;0;0;0;0;16470.26;11280.08;5190.18;32440.363
2026-08-03T12:56:17.068510+02:00;standby;29.0;42.0;5.0;28.0;58.3;57.0;0;0;0;0;16470.26;11280.08;5190.18;32440.363
2026-08-03T12:57:17.570085+02:00;standby;29.0;41.9;5.0;28.0;58.2;57.0;0;0;0;0;16470.26;11280.08;5190.18;32440.363
2026-08-03T12:58:18.242289+02:00;standby;29.0;41.9;5.0;28.0;58.2;57.0;0;0;0;0;16470.26;11280.08;5190.18;32440.363
2026-08-03T12:59:18.929741+02:00;standby;29.0;41.8;5.0;28.0;58.2;57.0;0;0;0;0;16470.26;11280.08;5190.18;32440.363
2026-08-03T13:00:19.592262+02:00;standby;29.0;41.8;5.0;28.0;58.2;57.0;0;0;0;0;16470.26;11280.08;5190.18;32440.363
2026-08-03T13:01:20.278042+02:00;standby;29.0;41.7;5.0;28.0;58.2;57.0;0;0;0;0;16470.26;11280.08;5190.18;32440.363
2026-08-03T13:02:21.051601+02:00;standby;29.0;41.7;5.0;28.0;58.2;57.0;0;0;0;0;16470.26;11280.08;5190.18;32440.363
2026-08-03T13:03:21.623828+02:00;standby;29.0;41.6;5.0;28.0;58.2;57.0;0;0;0;0;16470.26;11280.08;5190.18;32440.363
2026-08-03T13:04:22.179206+02:00;standby;29.0;41.6;5.0;28.0;58.2;57.0;0;0;0;0;16470.26;11280.08;5190.18;32440.363
2026-08-03T13:05:22.765762+02:00;standby;29.0;41.5;5.0;28.0;58.2;57.0;0;0;0;0;16470.26;11280.08;5190.18;32440.363
2026-08-03T13:06:23.394318+02:00;standby;29.0;41.5;5.0;28.0;58.2;57.0;0;0;0;0;16470.26;11280.08;5190.18;32440.363
2026-08-03T13:07:24.015207+02:00;standby;29.0;41.4;5.0;28.0;58.1;57.0;0;0;0;0;16470.26;11280.08;5190.18;32440.363
2026-08-03T13:08:24.590107+02:00;standby;29.0;41.4;5.0;28.0;58.1;57.0;0;0;0;0;16470.26;11280.08;5190.18;32440.363
2026-08-03T13:09:25.225906+02:00;standby;29.0;41.2;5.0;28.0;58.1;57.0;0;0;0;0;16470.26;11280.08;5190.18;32440.363
2026-08-03T13:10:26.054394+02:00;standby;29.0;41.2;5.0;28.0;58.1;57.0;0;0;0;0;16470.26;11280.08;5190.18;32440.363
2026-08-03T13:11:26.539137+02:00;standby;29.0;41.1;5.0;28.0;58.1;57.0;0;0;0;0;16470.26;11280.08;5190.18;32440.363
2026-08-03T13:12:27.255335+02:00;standby;29.0;41.1;5.0;28.0;58.1;57.0;0;0;0;0;16470.26;11280.08;5190.18;32440.363
2026-08-03T13:13:27.997347+02:00;standby;29.0;41.0;5.0;28.0;58.1;57.0;0;0;0;0;16470.26;11280.08;5190.18;32440.363
2026-08-03T13:14:28.463221+02:00;standby;29.0;41.0;5.0;28.0;58.1;57.0;0;0;0;0;16470.26;11280.08;5190.18;32440.363
2026-08-03T13:15:28.924658+02:00;standby;29.0;40.9;5.0;28.0;58.1;57.0;0;0;0;0;16470.26;11280.08;5190.18;32440.363
2026-08-03T13:16:29.877788+02:00;standby;29.0;40.9;5.0;28.0;58.0;57.0;0;0;0;0;16470.26;11280.08;5190.18;32440.363
2026-08-03T13:17:30.380437+02:00;standby;29.0;40.8;5.0;28.0;58.0;57.0;0;0;0;0;16470.26;11280.08;5190.18;32440.363
2026-08-03T13:18:31.319636+02:00;standby;29.0;40.8;5.0;28.0;58.0;57.0;0;0;0;0;16470.26;11280.08;5190.18;32440.363
2026-08-03T13:19:32.553283+02:00;standby;29.0;40.7;5.0;28.0;58.0;57.0;0;0;0;0;16470.26;11280.08;5190.18;32440.363
2026-08-03T13:20:33.020917+02:00;standby;29.0;40.7;5.0;28.0;58.0;57.0;0;0;0;0;16470.26;11280.08;5190.18;32440.363
2026-08-03T13:21:33.591611+02:00;standby;29.0;40.6;5.0;28.0;57.9;57.0;0;0;0;0;16470.26;11280.08;5190.18;32440.363
2026-08-03T13:22:34.047074+02:00;standby;29.0;40.6;5.0;28.0;57.9;57.0;0;0;0;0;16470.26;11280.08;5190.18;32440.363
2026-08-03T13:23:34.510876+02:00;standby;29.0;40.5;5.0;28.0;57.9;57.0;0;0;0;0;16470.26;11280.08;5190.18;32440.363
2026-08-03T13:24:34.986743+02:00;standby;29.0;40.5;5.0;28.0;57.9;57.0;0;0;0;0;16470.26;11280.08;5190.18;32440.363
2026-08-03T13:25:35.612461+02:00;standby;29.0;40.3;5.0;28.0;57.8;57.0;0;0;0;0;16470.26;11280.08;5190.18;32440.363
2026-08-03T13:26:36.126079+02:00;standby;29.0;40.3;5.0;28.0;57.8;57.0;0;0;0;0;16470.26;11280.08;5190.18;32440.363
2026-08-03T13:27:36.888108+02:00;standby;29.0;40.3;5.0;28.0;57.8;57.0;0;0;0;0;16470.26;11280.08;5190.18;32440.363
2026-08-03T13:28:37.419890+02:00;standby;29.0;40.2;5.0;28.0;57.8;57.0;0;0;0;0;16470.26;11280.08;5190.18;32440.363
2026-08-03T13:29:38.138615+02:00;standby;29.0;40.2;5.0;28.0;57.8;57.0;0;0;0;0;16470.26;11280.08;5190.18;32440.363
2026-08-03T13:30:38.665621+02:00;standby;29.0;40.1;5.0;28.0;57.8;57.0;0;0;0;0;16470.26;11280.08;5190.18;32440.363
2026-08-03T13:31:39.344420+02:00;standby;29.0;40.1;5.0;28.0;57.8;57.0;0;0;0;0;16470.26;11280.08;5190.18;32440.363
2026-08-03T13:32:40.012600+02:00;standby;29.0;40.0;5.0;28.0;57.7;57.0;0;0;0;0;16470.26;11280.08;5190.18;32440.363
2026-08-03T13:33:40.687656+02:00;standby;29.0;40.0;5.0;28.0;57.7;57.0;0;0;0;0;16470.26;11280.08;5190.18;32440.363
2026-08-03T13:34:41.137862+02:00;standby;29.0;39.9;5.0;28.0;57.7;57.0;0;0;0;0;16470.26;11280.08;5190.18;32440.363
2026-08-03T13:35:41.661648+02:00;standby;29.0;39.9;5.0;28.0;57.7;57.0;0;0;0;0;16470.26;11280.08;5190.18;32440.363
2026-08-03T13:36:42.243496+02:00;standby;29.0;39.9;5.0;28.0;57.6;57.0;0;0;0;0;16470.26;11280.08;5190.18;32440.363
2026-08-03T13:37:42.808994+02:00;standby;29.0;39.8;5.0;28.0;57.6;57.0;0;0;0;0;16470.26;11280.08;5190.18;32440.363
2026-08-03T13:38:43.222448+02:00;standby;29.0;39.8;5.0;28.0;57.6;57.0;0;0;0;0;16470.26;11280.08;5190.18;32440.363
2026-08-03T13:39:43.805583+02:00;standby;29.0;39.6;5.0;28.0;57.6;57.0;0;0;0;0;16470.26;11280.08;5190.18;32440.363
2026-08-03T13:40:44.315468+02:00;standby;29.0;39.6;5.0;28.0;57.6;57.0;0;0;0;0;16470.26;11280.08;5190.18;32440.363
2026-08-03T13:41:44.732503+02:00;standby;29.0;39.5;5.0;28.0;57.6;57.0;0;0;0;0;16470.26;11280.08;5190.18;32440.363
2026-08-03T13:42:45.184254+02:00;standby;29.0;39.5;5.0;28.0;57.6;57.0;0;0;0;0;16470.26;11280.08;5190.18;32440.363
2026-08-03T13:43:45.774045+02:00;standby;29.0;39.5;5.0;28.0;57.6;57.0;0;0;0;0;16470.26;11280.08;5190.18;32440.363
2026-08-03T13:44:46.545588+02:00;standby;29.0;39.4;5.0;28.0;57.5;57.0;0;0;0;0;16470.26;11280.08;5190.18;32440.363
2026-08-03T13:45:47.010406+02:00;standby;29.0;39.4;5.0;28.0;57.5;57.0;0;0;0;0;16470.26;11280.08;5190.18;32440.363
2026-08-03T13:46:47.469539+02:00;standby;29.5;39.3;5.0;28.0;57.5;57.0;0;0;0;0;16470.26;11280.08;5190.18;32440.363
2026-08-03T13:47:47.898409+02:00;standby;29.5;39.3;5.0;28.0;57.5;57.0;0;0;0;0;16470.26;11280.08;5190.18;32440.363
2026-08-03T13:48:48.411570+02:00;standby;29.5;39.3;5.0;28.0;57.5;57.0;0;0;0;0;16470.26;11280.08;5190.18;32440.363
2026-08-03T13:49:49.051277+02:00;standby;29.5;39.1;5.0;28.0;57.5;57.0;0;0;0;0;16470.26;11280.08;5190.18;32440.363
2026-08-03T13:50:49.867250+02:00;standby;29.5;39.1;5.0;28.0;57.5;57.0;0;0;0;0;16470.26;11280.08;5190.18;32440.363
2026-08-03T13:51:50.720361+02:00;standby;29.5;39.0;5.0;28.0;57.5;57.0;0;0;0;0;16470.26;11280.08;5190.18;32440.363
2026-08-03T13:52:51.161820+02:00;standby;29.5;39.0;5.0;28.0;57.4;57.0;0;0;0;0;16470.26;11280.08;5190.18;32440.363
2026-08-03T13:53:51.627927+02:00;standby;29.5;39.0;5.0;28.0;57.4;57.0;0;0;0;0;16470.26;11280.08;5190.18;32440.363
2026-08-03T13:54:52.255104+02:00;standby;29.5;38.9;5.0;28.0;57.4;57.0;0;0;0;0;16470.26;11280.08;5190.18;32440.363
2026-08-03T13:55:52.868512+02:00;standby;29.5;38.9;5.0;28.0;57.4;57.0;0;0;0;0;16470.26;11280.08;5190.18;32440.363
2026-08-03T13:56:53.345507+02:00;standby;29.5;38.9;5.0;28.0;57.4;57.0;0;0;0;0;16470.26;11280.08;5190.18;32440.363
2026-08-03T13:57:53.753826+02:00;standby;29.5;38.8;5.0;28.0;57.4;57.0;0;0;0;0;16470.26;11280.08;5190.18;32440.363
2026-08-03T13:58:54.327444+02:00;standby;29.5;38.8;5.0;28.0;57.4;57.0;0;0;0;0;16470.26;11280.08;5190.18;32440.363
2026-08-03T13:59:54.836214+02:00;standby;29.5;38.6;5.0;28.0;57.4;57.0;0;0;0;0;16470.26;11280.08;5190.18;32440.363
2026-08-03T14:00:55.666534+02:00;standby;29.5;38.6;5.0;28.0;57.3;57.0;0;0;0;0;16470.26;11280.08;5190.18;32440.363
2026-08-03T14:01:56.083374+02:00;standby;29.5;38.5;5.0;28.0;57.3;57.0;0;0;0;0;16470.26;11280.08;5190.18;32440.363
2026-08-03T14:02:56.559904+02:00;standby;29.5;38.5;5.0;28.0;57.3;57.0;0;0;0;0;16470.26;11280.08;5190.18;32440.363
2026-08-03T14:03:57.025797+02:00;standby;29.5;38.5;5.0;28.0;57.3;57.0;0;0;0;0;16470.26;11280.08;5190.18;32440.363
2026-08-03T14:04:57.648039+02:00;standby;29.5;38.5;5.0;28.0;57.3;57.0;0;0;0;0;16470.26;11280.08;5190.18;32440.363
2026-08-03T14:05:58.195963+02:00;standby;29.5;38.4;5.0;28.0;57.3;57.0;0;0;0;0;16470.26;11280.08;5190.18;32440.363
2026-08-03T14:06:58.673662+02:00;standby;29.5;38.4;5.0;28.0;57.3;57.0;0;0;0;0;16470.26;11280.08;5190.18;32440.363
2026-08-03T14:07:59.094492+02:00;standby;29.5;38.4;5.0;28.0;57.3;57.0;0;0;0;0;16470.26;11280.08;5190.18;32440.363
2026-08-03T14:09:00.243111+02:00;standby;29.5;38.3;5.0;28.0;57.3;57.0;0;0;0;0;16470.26;11280.08;5190.18;32440.363
2026-08-03T14:10:01.018506+02:00;standby;29.5;38.3;5.0;28.0;57.3;57.0;0;0;0;0;16470.26;11280.08;5190.18;32440.363
2026-08-03T14:11:01.478091+02:00;standby;29.5;38.1;5.0;28.0;57.2;57.0;0;0;0;0;16470.26;11280.08;5190.18;32440.363
2026-08-03T14:12:01.954305+02:00;standby;29.5;38.1;5.0;28.0;57.2;57.0;0;0;0;0;16470.26;11280.08;5190.18;32440.363
2026-08-03T14:13:02.511379+02:00;standby;29.5;38.1;5.0;28.0;57.2;57.0;0;0;0;0;16470.26;11280.08;5190.18;32440.363
2026-08-03T14:14:02.988786+02:00;standby;29.5;38.0;5.0;28.0;57.2;57.0;0;0;0;0;16470.26;11280.08;5190.18;32440.363
2026-08-03T14:15:03.746598+02:00;standby;29.5;38.0;5.0;28.0;57.2;57.0;0;0;0;0;16470.26;11280.08;5190.18;32440.363
2026-08-03T14:16:04.208516+02:00;standby;29.5;38.0;5.0;28.0;57.2;57.0;0;0;0;0;16470.26;11280.08;5190.18;32440.363
2026-08-03T14:17:04.752462+02:00;standby;29.5;37.9;5.0;28.0;57.2;57.0;0;0;0;0;16470.26;11280.08;5190.18;32440.363
2026-08-03T14:18:05.225924+02:00;standby;29.5;37.9;5.0;28.0;57.1;57.0;0;0;0;0;16470.26;11280.08;5190.18;32440.363
2026-08-03T14:19:05.890177+02:00;standby;29.5;37.8;5.0;28.0;57.1;57.0;0;0;0;0;16470.26;11280.08;5190.18;32440.363
2026-08-03T14:20:06.414116+02:00;standby;29.5;37.8;5.0;28.0;57.1;57.0;0;0;0;0;16470.26;11280.08;5190.18;32440.363
2026-08-03T14:21:07.298569+02:00;standby;29.5;37.8;5.0;28.0;57.1;57.0;0;0;0;0;16470.26;11280.08;5190.18;32440.363
2026-08-03T14:22:07.798550+02:00;standby;29.5;37.8;5.0;28.0;57.1;57.0;0;0;0;0;16470.26;11280.08;5190.18;32440.363
2026-08-03T14:23:08.514875+02:00;standby;29.5;37.7;5.0;28.0;57.1;57.0;0;0;0;0;16470.26;11280.08;5190.18;32440.363
2026-08-03T14:24:10.004018+02:00;standby;29.5;37.7;5.0;28.0;57.1;57.0;0;0;0;0;16470.26;11280.08;5190.18;32440.363
2026-08-03T14:25:10.637074+02:00;standby;29.5;37.5;5.0;28.0;57.1;57.0;0;0;0;0;16470.26;11280.08;5190.18;32440.363
2026-08-03T14:26:11.102023+02:00;standby;29.5;37.5;5.0;28.0;57.1;57.0;0;0;0;0;16470.26;11280.08;5190.18;32440.363
2026-08-03T14:27:12.976496+02:00;standby;29.5;37.5;5.0;28.0;57.1;57.0;0;0;0;0;16470.26;11280.08;5190.18;32440.363
2026-08-03T14:28:13.471816+02:00;standby;29.5;37.5;5.0;28.0;57.1;57.0;0;0;0;0;16470.26;11280.08;5190.18;32440.363
2026-08-03T14:29:14.017127+02:00;standby;29.5;37.4;5.0;28.0;56.9;57.0;0;0;0;0;16470.26;11280.08;5190.18;32440.363
2026-08-03T14:30:14.509126+02:00;standby;29.5;37.4;5.0;28.0;56.9;57.0;0;0;0;0;16470.26;11280.08;5190.18;32440.363
2026-08-03T14:31:15.039898+02:00;standby;29.5;37.4;5.0;28.0;56.9;57.0;0;0;0;0;16470.26;11280.08;5190.18;32440.363
2026-08-03T14:32:15.529641+02:00;standby;29.5;37.3;5.0;28.0;56.9;57.0;0;0;0;0;16470.26;11280.08;5190.18;32440.363
2026-08-03T14:33:15.964889+02:00;standby;29.5;37.3;5.0;28.0;56.9;57.0;0;0;0;0;16470.26;11280.08;5190.18;32440.363
2026-08-03T14:34:16.444351+02:00;standby;29.5;37.3;5.0;28.0;56.9;57.0;0;0;0;0;16470.26;11280.08;5190.18;32440.363
2026-08-03T14:35:17.015409+02:00;standby;29.5;37.2;5.0;28.0;56.9;57.0;0;0;0;0;16470.26;11280.08;5190.18;32440.363
2026-08-03T14:36:17.450413+02:00;standby;29.5;37.2;5.0;28.0;56.9;57.0;0;0;0;0;16470.26;11280.08;5190.18;32440.363
2026-08-03T14:37:17.896431+02:00;standby;29.5;37.2;5.0;28.0;56.8;57.0;0;0;0;0;16470.26;11280.08;5190.18;32440.363
2026-08-03T14:38:18.337767+02:00;standby;29.5;37.0;5.0;28.0;56.8;57.0;0;0;0;0;16470.26;11280.08;5190.18;32440.363
2026-08-03T14:39:18.881386+02:00;standby;29.5;37.0;5.0;28.0;56.8;57.0;0;0;0;0;16470.26;11280.08;5190.18;32440.363
2026-08-03T14:40:19.787902+02:00;standby;29.5;37.0;5.0;28.0;56.8;57.0;0;0;0;0;16470.26;11280.08;5190.18;32440.363
2026-08-03T14:41:20.739739+02:00;standby;29.5;36.9;5.0;28.0;56.8;57.0;0;0;0;0;16470.26;11280.08;5190.18;32440.363
2026-08-03T14:42:21.375126+02:00;standby;29.5;36.9;5.0;28.0;56.8;57.0;0;0;0;0;16470.26;11280.08;5190.18;32440.363
2026-08-03T14:43:21.838104+02:00;standby;29.5;36.9;5.0;28.0;56.8;57.0;0;0;0;0;16470.26;11280.08;5190.18;32440.363
2026-08-03T14:44:22.526171+02:00;standby;29.5;36.9;5.0;28.0;56.8;57.0;0;0;0;0;16470.26;11280.08;5190.18;32440.363
2026-08-03T14:45:23.202412+02:00;standby;29.5;36.8;5.0;28.0;56.8;57.0;0;0;0;0;16470.26;11280.08;5190.18;32440.363
2026-08-03T14:46:23.857046+02:00;standby;29.5;36.8;5.0;28.0;56.7;57.0;0;0;0;0;16470.26;11280.08;5190.18;32440.363
2026-08-03T14:47:24.318561+02:00;standby;30.3;36.8;5.0;28.0;56.7;57.0;0;0;0;0;16470.26;11280.08;5190.18;32440.363
2026-08-03T14:48:24.738607+02:00;standby;30.3;36.7;5.0;28.0;56.7;57.0;0;0;0;0;16470.26;11280.08;5190.18;32440.363
2026-08-03T14:49:25.206474+02:00;standby;30.3;36.7;5.0;28.0;56.7;57.0;0;0;0;0;16470.26;11280.08;5190.18;32440.363
2026-08-03T14:50:25.781593+02:00;standby;30.3;36.7;5.0;28.0;56.6;57.0;0;0;0;0;16470.26;11280.08;5190.18;32440.363
2026-08-03T14:51:26.503745+02:00;standby;30.3;36.5;5.0;28.0;56.6;57.0;0;0;0;0;16470.26;11280.08;5190.18;32440.363
2026-08-03T14:52:27.170088+02:00;standby;30.3;36.5;5.0;28.0;56.5;57.0;0;0;0;0;16470.26;11280.08;5190.18;32440.363
2026-08-03T14:53:28.014213+02:00;standby;30.3;36.5;5.0;28.0;56.5;57.0;0;0;0;0;16470.26;11280.08;5190.18;32440.363
2026-08-03T14:54:29.195224+02:00;standby;30.3;36.5;5.0;28.0;56.5;57.0;0;0;0;0;16470.26;11280.08;5190.18;32440.363
2026-08-03T14:55:30.113376+02:00;standby;30.3;36.4;5.0;28.0;56.5;57.0;0;0;0;0;16470.26;11280.08;5190.18;32440.363
2026-08-03T14:56:31.624077+02:00;standby;30.3;36.4;5.0;28.0;56.5;57.0;0;0;0;0;16470.26;11280.08;5190.18;32440.363
2026-08-03T14:57:32.330602+02:00;standby;30.3;36.4;5.0;28.0;56.4;57.0;0;0;0;0;16470.26;11280.08;5190.18;32440.363
2026-08-03T14:58:32.947896+02:00;standby;30.3;36.3;5.0;28.0;56.4;57.0;0;0;0;0;16470.26;11280.08;5190.18;32440.363
2026-08-03T14:59:33.935146+02:00;standby;30.3;36.3;5.0;28.0;56.4;57.0;0;0;0;0;16470.26;11280.08;5190.18;32440.363
2026-08-03T15:00:34.918339+02:00;standby;30.3;36.3;5.0;28.0;56.4;57.0;0;0;0;0;16470.26;11280.08;5190.18;32440.363
2026-08-03T15:01:35.796299+02:00;standby;30.3;36.3;5.0;28.0;56.4;57.0;0;0;0;0;16470.26;11280.08;5190.18;32440.363
2026-08-03T15:02:36.538609+02:00;standby;30.3;36.2;5.0;28.0;56.3;57.0;0;0;0;0;16470.26;11280.08;5190.18;32440.363
2026-08-03T15:03:37.082650+02:00;standby;30.3;36.2;5.0;28.0;56.3;57.0;0;0;0;0;16470.26;11280.08;5190.18;32440.363
2026-08-03T15:04:37.786893+02:00;standby;30.3;36.2;5.0;28.0;56.3;57.0;0;0;0;0;16470.26;11280.08;5190.18;32440.363
2026-08-03T15:05:38.306408+02:00;standby;30.3;36.0;5.0;28.0;56.3;57.0;0;0;0;0;16470.26;11280.08;5190.18;32440.363
2026-08-03T15:06:39.114558+02:00;standby;30.3;36.0;5.0;28.0;56.3;57.0;0;0;0;0;16470.26;11280.08;5190.18;32440.363
2026-08-03T15:07:41.184265+02:00;standby;30.3;36.0;5.0;28.0;56.3;57.0;0;0;0;0;16470.26;11280.08;5190.18;32440.363
2026-08-03T15:08:41.724154+02:00;standby;30.3;36.0;5.0;28.0;56.3;57.0;0;0;0;0;16470.26;11280.08;5190.18;32440.363
2026-08-03T15:09:42.372007+02:00;standby;30.3;35.9;5.0;28.0;56.3;57.0;0;0;0;0;16470.26;11280.08;5190.18;32440.363
2026-08-03T15:10:42.842179+02:00;standby;30.3;35.9;5.0;28.0;56.3;57.0;0;0;0;0;16470.26;11280.08;5190.18;32440.363
2026-08-03T15:11:43.511756+02:00;standby;30.3;35.9;5.0;28.0;56.3;57.0;0;0;0;0;16470.26;11280.08;5190.18;32440.363
2026-08-03T15:12:44.134929+02:00;standby;30.3;35.9;5.0;28.0;56.2;57.0;0;0;0;0;16470.26;11280.08;5190.18;32440.363
2026-08-03T15:13:44.691175+02:00;standby;30.3;35.8;5.0;28.0;56.2;57.0;0;0;0;0;16470.26;11280.08;5190.18;32440.363
2026-08-03T15:14:45.292575+02:00;standby;30.3;35.8;5.0;28.0;56.2;57.0;0;0;0;0;16470.26;11280.08;5190.18;32440.363
2026-08-03T15:15:49.369441+02:00;standby;30.3;35.8;5.0;28.0;56.2;57.0;0;0;0;0;16470.26;11280.08;5190.18;32440.363
2026-08-03T15:16:49.959614+02:00;standby;30.3;35.7;5.0;28.0;56.2;57.0;0;0;0;0;16470.26;11280.08;5190.18;32440.363
2026-08-03T15:17:50.747950+02:00;standby;30.3;35.7;5.0;28.0;56.2;57.0;0;0;0;0;16470.26;11280.08;5190.18;32440.363
2026-08-03T15:18:51.167809+02:00;standby;30.3;35.7;5.0;28.0;56.2;57.0;0;0;0;0;16470.26;11280.08;5190.18;32440.363
2026-08-03T15:19:51.868606+02:00;standby;30.3;35.7;5.0;28.0;56.1;57.0;0;0;0;0;16470.26;11280.08;5190.18;32440.363
2026-08-03T15:20:52.341913+02:00;standby;30.3;35.6;5.0;28.0;56.1;57.0;0;0;0;0;16470.26;11280.08;5190.18;32440.363
2026-08-03T15:21:52.854132+02:00;standby;30.3;35.6;5.0;28.0;56.1;57.0;0;0;0;0;16470.26;11280.08;5190.18;32440.363
2026-08-03T15:22:53.415538+02:00;standby;30.3;35.6;5.0;28.0;56.1;57.0;0;0;0;0;16470.26;11280.08;5190.18;32440.363
2026-08-03T15:23:54.129179+02:00;standby;30.3;35.6;5.0;28.0;56.1;57.0;0;0;0;0;16470.26;11280.08;5190.18;32440.363
2026-08-03T15:24:54.803510+02:00;standby;30.3;35.4;5.0;28.0;56.1;57.0;0;0;0;0;16470.26;11280.08;5190.18;32440.363
2026-08-03T15:25:55.672838+02:00;standby;30.3;35.4;5.0;28.0;56.1;57.0;0;0;0;0;16470.26;11280.08;5190.18;32440.363
2026-08-03T15:26:56.089947+02:00;standby;30.3;35.4;5.0;28.0;56.1;57.0;0;0;0;0;16470.26;11280.08;5190.18;32440.363
2026-08-03T15:27:56.697543+02:00;standby;30.3;35.4;5.0;28.0;56.0;57.0;0;0;0;0;16470.26;11280.08;5190.18;32440.363
2026-08-03T15:28:57.104418+02:00;standby;30.3;35.3;5.0;28.0;56.0;57.0;0;0;0;0;16470.26;11280.08;5190.18;32440.363
2026-08-03T15:29:57.649815+02:00;standby;30.3;35.3;5.0;28.0;56.0;57.0;0;0;0;0;16470.26;11280.08;5190.18;32440.363
2026-08-03T15:30:58.294957+02:00;standby;30.3;35.3;5.0;28.0;56.0;57.0;0;0;0;0;16470.26;11280.08;5190.18;32440.363
2026-08-03T15:31:58.818428+02:00;standby;30.3;35.3;5.0;28.0;56.0;57.0;0;0;0;0;16470.26;11280.08;5190.18;32440.363
2026-08-03T15:33:01.726100+02:00;standby;30.3;35.3;5.0;28.0;56.0;57.0;0;0;0;0;16470.26;11280.08;5190.18;32440.363
2026-08-03T15:34:02.728221+02:00;standby;30.3;35.2;5.0;28.0;55.9;57.0;0;0;0;0;16470.26;11280.08;5190.18;32440.363
2026-08-03T15:35:03.316693+02:00;standby;30.3;35.2;5.0;28.0;56.0;57.0;0;0;0;0;16470.26;11280.08;5190.18;32440.363
2026-08-03T15:36:03.924442+02:00;standby;30.3;35.2;5.0;28.0;55.9;57.0;0;0;0;0;16470.26;11280.08;5190.18;32440.363
2026-08-03T15:37:04.340203+02:00;standby;30.3;35.2;5.0;28.0;55.9;57.0;0;0;0;0;16470.26;11280.08;5190.18;32440.363
2026-08-03T15:38:05.029581+02:00;standby;30.3;35.1;5.0;28.0;55.9;57.0;0;0;0;0;16470.26;11280.08;5190.18;32440.363
2026-08-03T15:39:05.483447+02:00;standby;30.3;35.1;5.0;28.0;55.9;57.0;0;0;0;0;16470.26;11280.08;5190.18;32440.363
2026-08-03T15:40:06.955689+02:00;standby;30.3;35.1;5.0;28.0;55.9;57.0;0;0;0;0;16470.26;11280.08;5190.18;32440.363
2026-08-03T15:41:07.401618+02:00;standby;30.3;35.1;5.0;28.0;55.9;57.0;0;0;0;0;16470.26;11280.08;5190.18;32440.363
2026-08-03T15:42:07.828969+02:00;standby;30.3;34.9;5.0;28.0;55.9;57.0;0;0;0;0;16470.26;11280.08;5190.18;32440.363
2026-08-03T15:43:09.088754+02:00;standby;30.3;34.9;5.0;28.0;55.9;57.0;0;0;0;0;16470.26;11280.08;5190.18;32440.363
2026-08-03T15:44:09.529696+02:00;standby;30.3;34.9;5.0;28.0;55.8;57.0;0;0;0;0;16470.26;11280.08;5190.18;32440.363
2026-08-03T15:45:10.091538+02:00;standby;30.3;34.9;5.0;28.0;55.8;57.0;0;0;0;0;16470.26;11280.08;5190.18;32440.363
2026-08-03T15:46:10.588895+02:00;standby;30.3;34.9;5.0;28.0;55.8;57.0;0;0;0;0;16470.26;11280.08;5190.18;32440.363
2026-08-03T15:47:11.130984+02:00;standby;30.3;34.8;5.0;28.0;55.8;57.0;0;0;0;0;16470.26;11280.08;5190.18;32440.363
2026-08-03T15:48:11.723259+02:00;standby;30.7;34.8;5.0;28.0;55.8;57.0;0;0;0;0;16470.26;11280.08;5190.18;32440.363
2026-08-03T15:49:12.228181+02:00;standby;30.7;34.8;5.0;28.0;55.8;57.0;0;0;0;0;16470.26;11280.08;5190.18;32440.363
2026-08-03T15:50:12.749764+02:00;standby;30.7;34.8;5.0;28.0;55.8;57.0;0;0;0;0;16470.26;11280.08;5190.18;32440.363
2026-08-03T15:51:14.000639+02:00;standby;30.7;34.8;5.0;28.0;55.8;57.0;0;0;0;0;16470.26;11280.08;5190.18;32440.363
2026-08-03T15:52:14.484001+02:00;standby;30.7;34.7;5.0;28.0;55.7;57.0;0;0;0;0;16470.26;11280.08;5190.18;32440.363
2026-08-03T15:53:15.179657+02:00;standby;30.7;34.7;5.0;28.0;55.7;57.0;0;0;0;0;16470.26;11280.08;5190.18;32440.363
2026-08-03T15:54:15.806417+02:00;standby;30.7;34.7;5.0;28.0;55.7;57.0;0;0;0;0;16470.26;11280.08;5190.18;32440.363
2026-08-03T15:55:16.527508+02:00;standby;30.7;34.6;5.0;28.0;55.7;57.0;0;0;0;0;16470.26;11280.08;5190.18;32440.363
2026-08-03T15:56:16.972528+02:00;standby;30.7;34.6;5.0;28.0;55.7;57.0;0;0;0;0;16470.26;11280.08;5190.18;32440.363
2026-08-03T15:57:17.457545+02:00;standby;30.7;34.6;5.0;28.0;55.7;57.0;0;0;0;0;16470.26;11280.08;5190.18;32440.363
2026-08-03T15:58:18.248502+02:00;standby;30.7;34.6;5.0;28.0;55.7;57.0;0;0;0;0;16470.26;11280.08;5190.18;32440.363
2026-08-03T15:59:18.700218+02:00;standby;30.7;34.6;5.0;28.0;55.7;57.0;0;0;0;0;16470.26;11280.08;5190.18;32440.363
2026-08-03T16:00:19.640077+02:00;standby;30.7;34.6;5.0;28.0;55.7;57.0;0;0;0;0;16470.26;11280.08;5190.18;32440.363
2026-08-03T16:01:20.116051+02:00;standby;30.7;34.4;5.0;28.0;55.6;57.0;0;0;0;0;16470.26;11280.08;5190.18;32440.363
2026-08-03T16:02:20.800730+02:00;standby;30.7;34.4;5.0;28.0;55.6;57.0;0;0;0;0;16470.26;11280.08;5190.18;32440.363
2026-08-03T16:03:21.243810+02:00;standby;30.7;34.4;5.0;28.0;55.6;57.0;0;0;0;0;16470.26;11280.08;5190.18;32440.363
2026-08-03T16:04:21.742726+02:00;standby;30.7;34.4;5.0;28.0;55.6;57.0;0;0;0;0;16470.26;11280.08;5190.18;32440.363
2026-08-03T16:05:22.795451+02:00;standby;30.7;34.4;5.0;28.0;55.6;57.0;0;0;0;0;16470.26;11280.08;5190.18;32440.363
2026-08-03T16:06:23.225884+02:00;standby;30.7;34.3;5.0;28.0;55.6;57.0;0;0;0;0;16470.26;11280.08;5190.18;32440.363
2026-08-03T16:07:23.818496+02:00;standby;30.7;34.3;5.0;28.0;55.6;57.0;0;0;0;0;16470.26;11280.08;5190.18;32440.363
2026-08-03T16:08:24.638633+02:00;standby;30.7;34.3;5.0;28.0;55.6;57.0;0;0;0;0;16470.26;11280.08;5190.18;32440.363
2026-08-03T16:09:25.100873+02:00;standby;30.7;34.3;5.0;28.0;55.5;57.0;0;0;0;0;16470.26;11280.08;5190.18;32440.363
2026-08-03T16:10:25.721871+02:00;standby;30.7;34.2;5.0;28.0;55.5;57.0;0;0;0;0;16470.26;11280.08;5190.18;32440.363
2026-08-03T16:11:26.231485+02:00;standby;30.7;34.2;5.0;28.0;55.5;57.0;0;0;0;0;16470.26;11280.08;5190.18;32440.363
2026-08-03T16:12:27.068137+02:00;standby;30.7;34.2;5.0;28.0;55.5;57.0;0;0;0;0;16470.26;11280.08;5190.18;32440.363
2026-08-03T16:13:27.571215+02:00;standby;30.7;34.2;5.0;28.0;55.5;57.0;0;0;0;0;16470.26;11280.08;5190.18;32440.363
2026-08-03T16:14:28.138045+02:00;standby;30.7;34.2;5.0;28.0;55.5;57.0;0;0;0;0;16470.26;11280.08;5190.18;32440.363
2026-08-03T16:15:28.692167+02:00;standby;30.7;34.1;5.0;28.0;55.5;57.0;0;0;0;0;16470.26;11280.08;5190.18;32440.363
2026-08-03T16:16:29.278622+02:00;standby;30.7;34.1;5.0;28.0;55.5;57.0;0;0;0;0;16470.26;11280.08;5190.18;32440.363
2026-08-03T16:17:29.756334+02:00;standby;30.7;34.1;5.0;28.0;55.5;57.0;0;0;0;0;16470.26;11280.08;5190.18;32440.363
2026-08-03T16:18:30.446080+02:00;standby;30.7;34.1;5.0;28.0;55.4;57.0;0;0;0;0;16470.26;11280.08;5190.18;32440.363
2026-08-03T16:19:31.479406+02:00;standby;30.7;34.1;5.0;28.0;55.4;57.0;0;0;0;0;16470.26;11280.08;5190.18;32440.363
2026-08-03T16:20:31.955891+02:00;standby;30.7;34.0;5.0;28.0;55.4;57.0;0;0;0;0;16470.26;11280.08;5190.18;32440.363
2026-08-03T16:21:32.423304+02:00;standby;30.7;34.0;5.0;28.0;55.4;57.0;0;0;0;0;16470.26;11280.08;5190.18;32440.363
2026-08-03T16:22:34.162616+02:00;standby;30.7;34.0;5.0;28.0;55.4;57.0;0;0;0;0;16470.26;11280.08;5190.18;32440.363
2026-08-03T16:23:34.821033+02:00;standby;30.7;34.0;5.0;28.0;55.4;57.0;0;0;0;0;16470.26;11280.08;5190.18;32440.363
2026-08-03T16:24:35.232382+02:00;standby;30.7;34.0;5.0;28.0;55.4;57.0;0;0;0;0;16470.26;11280.08;5190.18;32440.363
2026-08-03T16:25:35.718921+02:00;standby;30.7;34.0;5.0;28.0;55.4;57.0;0;0;0;0;16470.26;11280.08;5190.18;32440.363
2026-08-03T16:26:36.137706+02:00;standby;30.7;33.8;5.0;28.0;55.3;57.0;0;0;0;0;16470.26;11280.08;5190.18;32440.363
2026-08-03T16:27:36.621325+02:00;standby;30.7;33.8;5.0;28.0;55.3;57.0;0;0;0;0;16470.26;11280.08;5190.18;32440.363
2026-08-03T16:28:37.146191+02:00;standby;30.7;33.8;5.0;28.0;55.3;57.0;0;0;0;0;16470.26;11280.08;5190.18;32440.363
2026-08-03T16:29:37.655312+02:00;standby;30.7;33.8;5.0;28.0;55.3;57.0;0;0;0;0;16470.26;11280.08;5190.18;32440.363
2026-08-03T16:30:38.139239+02:00;standby;30.7;33.8;5.0;28.0;55.3;57.0;0;0;0;0;16470.26;11280.08;5190.18;32440.363
2026-08-03T16:31:38.639481+02:00;standby;30.7;33.7;5.0;28.0;55.3;57.0;0;0;0;0;16470.26;11280.08;5190.18;32440.363
2026-08-03T16:32:39.137110+02:00;standby;30.7;33.7;5.0;28.0;55.3;57.0;0;0;0;0;16470.26;11280.08;5190.18;32440.363
2026-08-03T16:33:40.177171+02:00;standby;30.7;33.7;5.0;28.0;55.3;57.0;0;0;0;0;16470.26;11280.08;5190.18;32440.363
2026-08-03T16:34:40.794602+02:00;standby;30.7;33.7;5.0;28.0;55.3;57.0;0;0;0;0;16470.26;11280.08;5190.18;32440.363
2026-08-03T16:35:41.356647+02:00;standby;30.7;33.7;5.0;28.0;55.2;57.0;0;0;0;0;16470.26;11280.08;5190.18;32440.363
2026-08-03T16:36:41.847247+02:00;standby;30.7;33.6;5.0;28.0;55.2;57.0;0;0;0;0;16470.26;11280.08;5190.18;32440.363
2026-08-03T16:37:42.389815+02:00;standby;30.7;33.6;5.0;28.0;55.2;57.0;0;0;0;0;16470.26;11280.08;5190.18;32440.363
2026-08-03T16:38:43.023586+02:00;standby;30.7;33.6;5.0;28.0;55.2;57.0;0;0;0;0;16470.26;11280.08;5190.18;32440.363
2026-08-03T16:39:43.526213+02:00;standby;30.7;33.6;5.0;28.0;55.2;57.0;0;0;0;0;16470.26;11280.08;5190.18;32440.363
2026-08-03T16:40:44.113584+02:00;standby;30.7;33.6;5.0;28.0;55.2;57.0;0;0;0;0;16470.26;11280.08;5190.18;32440.363
2026-08-03T16:41:44.601489+02:00;standby;30.7;33.6;5.0;28.0;55.2;57.0;0;0;0;0;16470.26;11280.08;5190.18;32440.363
2026-08-03T16:42:45.327018+02:00;standby;30.7;33.5;5.0;28.0;55.2;57.0;0;0;0;0;16470.26;11280.08;5190.18;32440.363
2026-08-03T16:43:46.198188+02:00;standby;30.7;33.5;5.0;28.0;55.2;57.0;0;0;0;0;16470.26;11280.08;5190.18;32440.363
2026-08-03T16:44:47.180969+02:00;standby;30.7;33.5;5.0;28.0;55.1;57.0;0;0;0;0;16470.26;11280.08;5190.18;32440.363
2026-08-03T16:45:48.042231+02:00;standby;30.7;33.5;5.0;28.0;55.1;57.0;0;0;0;0;16470.26;11280.08;5190.18;32440.363
2026-08-03T16:46:48.930900+02:00;standby;30.7;33.5;5.0;28.0;55.1;57.0;0;0;0;0;16470.26;11280.08;5190.18;32440.363
2026-08-03T16:47:52.560036+02:00;standby;30.7;33.5;5.0;28.0;55.1;57.0;0;0;0;0;16470.26;11280.08;5190.18;32440.363
2026-08-03T16:48:54.147910+02:00;standby;31.2;33.3;5.0;28.0;55.1;57.0;0;0;0;0;16470.26;11280.08;5190.18;32440.363
2026-08-03T16:49:54.692350+02:00;standby;31.2;33.3;5.0;28.0;55.1;57.0;0;0;0;0;16470.26;11280.08;5190.18;32440.363
2026-08-03T16:50:55.142324+02:00;standby;31.2;33.3;5.0;28.0;55.1;57.0;0;0;0;0;16470.26;11280.08;5190.18;32440.363
2026-08-03T16:51:55.782820+02:00;standby;31.2;33.3;5.0;28.0;55.1;57.0;0;0;0;0;16470.26;11280.08;5190.18;32440.363
2026-08-03T16:52:56.199722+02:00;standby;31.2;33.3;5.0;28.0;54.9;57.0;0;0;0;0;16470.26;11280.08;5190.18;32440.363
2026-08-03T16:53:56.767110+02:00;standby;31.2;33.2;5.0;28.0;54.9;57.0;0;0;0;0;16470.26;11280.08;5190.18;32440.363
2026-08-03T16:54:57.221180+02:00;standby;31.2;33.2;5.0;28.0;54.9;57.0;0;0;0;0;16470.26;11280.08;5190.18;32440.363
2026-08-03T16:55:57.700481+02:00;standby;31.2;33.2;5.0;28.0;54.9;57.0;0;0;0;0;16470.26;11280.08;5190.18;32440.363
2026-08-03T16:56:58.175470+02:00;standby;31.2;33.2;5.0;28.0;54.9;57.0;0;0;0;0;16470.26;11280.08;5190.18;32440.363
2026-08-03T16:57:58.614137+02:00;standby;31.2;33.2;5.0;28.0;54.9;57.0;0;0;0;0;16470.26;11280.08;5190.18;32440.363
2026-08-03T16:58:59.217492+02:00;standby;31.2;33.2;5.0;28.0;54.9;57.0;0;0;0;0;16470.26;11280.08;5190.18;32440.363
2026-08-03T16:59:59.827238+02:00;standby;31.2;33.2;5.0;28.0;54.9;57.0;0;0;0;0;16470.26;11280.08;5190.18;32440.363
2026-08-03T17:01:00.415320+02:00;standby;31.2;33.1;5.0;28.0;54.9;57.0;0;0;0;0;16470.26;11280.08;5190.18;32440.363
2026-08-03T17:02:02.875385+02:00;standby;31.2;33.1;5.0;28.0;54.9;57.0;0;0;0;0;16470.26;11280.08;5190.18;32440.363
2026-08-03T17:03:03.440148+02:00;standby;31.2;33.1;5.0;28.0;54.8;57.0;0;0;0;0;16470.26;11280.08;5190.18;32440.363
2026-08-03T17:04:03.922654+02:00;standby;31.2;33.1;5.0;28.0;54.8;57.0;0;0;0;0;16470.26;11280.08;5190.18;32440.363
2026-08-03T17:05:05.484254+02:00;standby;31.2;33.1;5.0;28.0;54.8;57.0;0;0;0;0;16470.26;11280.08;5190.18;32440.363
2026-08-03T17:06:06.007687+02:00;standby;31.2;33.1;5.0;28.0;54.8;57.0;0;0;0;0;16470.26;11280.08;5190.18;32440.363
2026-08-03T17:07:06.793516+02:00;standby;31.2;33.0;5.0;28.0;54.8;57.0;0;0;0;0;16470.26;11280.08;5190.18;32440.363
2026-08-03T17:08:07.211689+02:00;standby;31.2;33.0;5.0;28.0;54.8;57.0;0;0;0;0;16470.26;11280.08;5190.18;32440.363
2026-08-03T17:09:08.137342+02:00;standby;31.2;33.0;5.0;28.0;54.8;57.0;0;0;0;0;16470.26;11280.08;5190.18;32440.363
2026-08-03T17:10:08.982598+02:00;standby;31.2;33.0;5.0;28.0;54.8;57.0;0;0;0;0;16470.26;11280.08;5190.18;32440.363
2026-08-03T17:11:09.894575+02:00;standby;31.2;33.0;5.0;28.0;54.7;57.0;0;0;0;0;16470.26;11280.08;5190.18;32440.363
2026-08-03T17:12:10.417248+02:00;standby;31.2;33.0;5.0;28.0;54.7;57.0;0;0;0;0;16470.26;11280.08;5190.18;32440.363
2026-08-03T17:13:11.018857+02:00;standby;31.2;32.8;5.0;28.0;54.7;57.0;0;0;0;0;16470.26;11280.08;5190.18;32440.363
2026-08-03T17:14:11.764368+02:00;standby;31.2;32.8;5.0;28.0;54.7;57.0;0;0;0;0;16470.26;11280.08;5190.18;32440.363
2026-08-03T17:15:12.278294+02:00;standby;31.2;32.8;5.0;28.0;54.7;57.0;0;0;0;0;16470.26;11280.08;5190.18;32440.363
2026-08-03T17:16:12.799003+02:00;standby;31.2;32.8;5.0;28.0;54.7;57.0;0;0;0;0;16470.26;11280.08;5190.18;32440.363
2026-08-03T17:17:13.469210+02:00;standby;31.2;32.8;5.0;28.0;54.7;57.0;0;0;0;0;16470.26;11280.08;5190.18;32440.363
2026-08-03T17:18:13.990345+02:00;standby;31.2;32.8;5.0;28.0;54.7;57.0;0;0;0;0;16470.26;11280.08;5190.18;32440.363
2026-08-03T17:19:14.639558+02:00;standby;31.2;32.8;5.0;28.0;54.6;57.0;0;0;0;0;16470.26;11280.08;5190.18;32440.363
2026-08-03T17:20:15.067122+02:00;standby;31.2;32.8;5.0;28.0;54.6;57.0;0;0;0;0;16470.26;11280.08;5190.18;32440.363
2026-08-03T17:21:15.545304+02:00;standby;31.2;32.7;5.0;28.0;54.6;57.0;0;0;0;0;16470.26;11280.08;5190.18;32440.363
2026-08-03T17:22:16.093564+02:00;standby;31.2;32.7;5.0;28.0;54.6;57.0;0;0;0;0;16470.26;11280.08;5190.18;32440.363
2026-08-03T17:23:16.594260+02:00;standby;31.2;32.7;5.0;28.0;54.6;57.0;0;0;0;0;16470.26;11280.08;5190.18;32440.363
2026-08-03T17:24:17.258010+02:00;standby;31.2;32.7;5.0;28.0;54.6;57.0;0;0;0;0;16470.26;11280.08;5190.18;32440.363
2026-08-03T17:25:17.778744+02:00;standby;31.2;32.7;5.0;28.0;54.6;57.0;0;0;0;0;16470.26;11280.08;5190.18;32440.363
2026-08-03T17:26:18.459765+02:00;standby;31.2;32.7;5.0;28.0;54.6;57.0;0;0;0;0;16470.26;11280.08;5190.18;32440.363
2026-08-03T17:27:19.475333+02:00;standby;31.2;32.6;5.0;28.0;54.6;57.0;0;0;0;0;16470.26;11280.08;5190.18;32440.363
2026-08-03T17:28:20.061215+02:00;standby;31.2;32.6;5.0;28.0;54.5;57.0;0;0;0;0;16470.26;11280.08;5190.18;32440.363
2026-08-03T17:29:21.041522+02:00;standby;31.2;32.6;5.0;28.0;54.5;57.0;0;0;0;0;16470.26;11280.08;5190.18;32440.363
2026-08-03T17:30:21.509432+02:00;standby;31.2;32.6;5.0;28.0;54.5;57.0;0;0;0;0;16470.26;11280.08;5190.18;32440.363
2026-08-03T17:31:22.166131+02:00;standby;31.2;32.6;5.0;28.0;54.5;57.0;0;0;0;0;16470.26;11280.08;5190.18;32440.363
2026-08-03T17:32:24.021976+02:00;standby;31.2;32.6;5.0;28.0;54.5;57.0;0;0;0;0;16470.26;11280.08;5190.18;32440.363
2026-08-03T17:33:24.503817+02:00;standby;31.2;32.6;5.0;28.0;54.5;57.0;0;0;0;0;16470.26;11280.08;5190.18;32440.363
2026-08-03T17:34:25.009942+02:00;standby;31.2;32.5;5.0;28.0;54.5;57.0;0;0;0;0;16470.26;11280.08;5190.18;32440.363
2026-08-03T17:35:25.435294+02:00;standby;31.2;32.5;5.0;28.0;54.5;57.0;0;0;0;0;16470.26;11280.08;5190.18;32440.363
2026-08-03T17:36:25.983872+02:00;standby;31.2;32.5;5.0;28.0;54.5;57.0;0;0;0;0;16470.26;11280.08;5190.18;32440.363
2026-08-03T17:37:26.469881+02:00;standby;31.2;32.5;5.0;28.0;54.4;57.0;0;0;0;0;16470.26;11280.08;5190.18;32440.363
2026-08-03T17:38:29.176085+02:00;standby;31.2;32.5;5.0;28.0;54.4;57.0;0;0;0;0;16470.26;11280.08;5190.18;32440.363
2026-08-03T17:39:29.725238+02:00;standby;31.2;32.5;5.0;28.0;54.4;57.0;0;0;0;0;16470.26;11280.08;5190.18;32440.363
2026-08-03T17:40:30.564597+02:00;standby;31.2;32.5;5.0;28.0;54.4;57.0;0;0;0;0;16470.26;11280.08;5190.18;32440.363
2026-08-03T17:41:31.672468+02:00;standby;31.2;32.5;5.0;28.0;54.4;57.0;0;0;0;0;16470.26;11280.08;5190.18;32440.363
2026-08-03T17:42:32.191204+02:00;standby;31.2;32.3;5.0;28.0;54.4;57.0;0;0;0;0;16470.26;11280.08;5190.18;32440.363
2026-08-03T17:43:32.654306+02:00;standby;31.2;32.3;5.0;28.0;54.4;57.0;0;0;0;0;16470.26;11280.08;5190.18;32440.363
2026-08-03T17:44:33.236344+02:00;standby;31.2;32.3;5.0;28.0;54.4;57.0;0;0;0;0;16470.26;11280.08;5190.18;32440.363
2026-08-03T17:45:33.810475+02:00;standby;31.2;32.3;5.0;28.0;54.4;57.0;0;0;0;0;16470.26;11280.08;5190.18;32440.363
2026-08-03T17:46:34.422459+02:00;standby;31.2;32.3;5.0;28.0;54.4;57.0;0;0;0;0;16470.26;11280.08;5190.18;32440.363
2026-08-03T17:47:35.517243+02:00;standby;31.2;32.3;5.0;28.0;54.3;57.0;0;0;0;0;16470.26;11280.08;5190.18;32440.363
2026-08-03T17:48:35.983146+02:00;standby;31.2;32.3;5.0;28.0;54.3;57.0;0;0;0;0;16470.26;11280.08;5190.18;32440.363
2026-08-03T17:49:36.484886+02:00;standby;30.9;32.2;5.0;28.0;54.3;57.0;0;0;0;0;16470.26;11280.08;5190.18;32440.363
2026-08-03T17:50:37.169854+02:00;standby;30.9;32.2;5.0;28.0;54.3;57.0;0;0;0;0;16470.26;11280.08;5190.18;32440.363
2026-08-03T17:51:37.828974+02:00;standby;30.9;32.2;5.0;28.0;54.3;57.0;0;0;0;0;16470.26;11280.08;5190.18;32440.363
2026-08-03T17:52:38.297697+02:00;standby;30.9;32.2;5.0;28.0;54.3;57.0;0;0;0;0;16470.26;11280.08;5190.18;32440.363
2026-08-03T17:53:39.077814+02:00;standby;30.9;32.2;5.0;28.0;54.2;57.0;0;0;0;0;16470.26;11280.08;5190.18;32440.363
2026-08-03T17:54:39.952718+02:00;standby;30.9;32.2;5.0;28.0;54.3;57.0;0;0;0;0;16470.26;11280.08;5190.18;32440.363
2026-08-03T17:55:40.640613+02:00;standby;30.9;32.2;5.0;28.0;54.3;57.0;0;0;0;0;16470.26;11280.08;5190.18;32440.363
2026-08-03T17:56:41.288547+02:00;standby;30.9;32.1;5.0;28.0;54.2;57.0;0;0;0;0;16470.26;11280.08;5190.18;32440.363
2026-08-03T17:57:42.847361+02:00;standby;30.9;32.1;5.0;28.0;54.2;57.0;0;0;0;0;16470.26;11280.08;5190.18;32440.363
2026-08-03T17:58:43.326068+02:00;standby;30.9;32.1;5.0;28.0;54.2;57.0;0;0;0;0;16470.26;11280.08;5190.18;32440.363
2026-08-03T17:59:43.786075+02:00;standby;30.9;32.1;5.0;28.0;54.2;57.0;0;0;0;0;16470.26;11280.08;5190.18;32440.363
2026-08-03T18:00:44.451885+02:00;standby;30.9;32.1;5.0;28.0;54.2;57.0;0;0;0;0;16470.26;11280.08;5190.18;32440.363
2026-08-03T18:01:44.875158+02:00;standby;30.9;32.1;5.0;28.0;54.2;57.0;0;0;0;0;16470.26;11280.08;5190.18;32440.363
2026-08-03T18:02:45.547511+02:00;standby;30.9;32.1;5.0;28.0;54.2;57.0;0;0;0;0;16470.26;11280.08;5190.18;32440.363
2026-08-03T18:03:46.009167+02:00;standby;30.9;32.1;5.0;28.0;54.2;57.0;0;0;0;0;16470.26;11280.08;5190.18;32440.363
2026-08-03T18:04:47.154513+02:00;standby;30.9;32.0;5.0;28.0;54.1;57.0;0;0;0;0;16470.26;11280.08;5190.18;32440.363
2026-08-03T18:05:47.613144+02:00;standby;30.9;32.0;5.0;28.0;54.1;57.0;0;0;0;0;16470.26;11280.08;5190.18;32440.363
2026-08-03T18:06:49.262651+02:00;standby;30.9;32.0;5.0;28.0;54.1;57.0;0;0;0;0;16470.26;11280.08;5190.18;32440.363
2026-08-03T18:07:49.833015+02:00;standby;30.9;32.0;5.0;28.0;54.1;57.0;0;0;0;0;16470.26;11280.08;5190.18;32440.363
2026-08-03T18:08:50.303936+02:00;standby;30.9;32.0;5.0;28.0;54.1;57.0;0;0;0;0;16470.26;11280.08;5190.18;32440.363
2026-08-03T18:09:50.820850+02:00;standby;30.9;32.0;5.0;28.0;54.1;57.0;0;0;0;0;16470.26;11280.08;5190.18;32440.363
2026-08-03T18:10:51.326396+02:00;standby;30.9;32.0;5.0;28.0;54.1;57.0;0;0;0;0;16470.26;11280.08;5190.18;32440.363
2026-08-03T18:11:52.427217+02:00;standby;30.9;32.0;5.0;28.0;54.0;57.0;0;0;0;0;16470.26;11280.08;5190.18;32440.363
2026-08-03T18:12:53.103417+02:00;standby;30.9;32.0;5.0;28.0;54.1;57.0;0;0;0;0;16470.26;11280.08;5190.18;32440.363
2026-08-03T18:13:53.672072+02:00;standby;30.9;31.9;5.0;28.0;54.0;57.0;0;0;0;0;16470.26;11280.08;5190.18;32440.363
2026-08-03T18:14:54.196149+02:00;standby;30.9;31.9;5.0;28.0;54.0;57.0;0;0;0;0;16470.26;11280.08;5190.18;32440.363
2026-08-03T18:15:54.749382+02:00;standby;30.9;31.9;5.0;28.0;54.0;57.0;0;0;0;0;16470.26;11280.08;5190.18;32440.363
2026-08-03T18:16:55.222625+02:00;standby;30.9;31.9;5.0;28.0;54.0;57.0;0;0;0;0;16470.26;11280.08;5190.18;32440.363
2026-08-03T18:17:56.290916+02:00;standby;30.9;31.9;5.0;28.0;54.0;57.0;0;0;0;0;16470.26;11280.08;5190.18;32440.363
2026-08-03T18:18:56.768591+02:00;standby;30.9;31.9;5.0;28.0;54.0;57.0;0;0;0;0;16470.26;11280.08;5190.18;32440.363
2026-08-03T18:19:57.191314+02:00;standby;30.9;31.9;5.0;28.0;54.0;57.0;0;0;0;0;16470.26;11280.08;5190.18;32440.363
2026-08-03T18:20:57.974414+02:00;standby;30.9;31.9;5.0;28.0;54.0;57.0;0;0;0;0;16470.26;11280.08;5190.18;32440.363
2026-08-03T18:21:58.737879+02:00;standby;30.9;31.9;5.0;28.0;53.9;57.0;0;0;0;0;16470.26;11280.08;5190.18;32440.363
2026-08-03T18:22:59.312973+02:00;standby;30.9;31.7;5.0;28.0;53.9;57.0;0;0;0;0;16470.26;11280.08;5190.18;32440.363
2026-08-03T18:23:59.793040+02:00;standby;30.9;31.7;5.0;28.0;53.9;57.0;0;0;0;0;16470.26;11280.08;5190.18;32440.363
2026-08-03T18:25:00.412030+02:00;standby;30.9;31.7;5.0;28.0;53.9;57.0;0;0;0;0;16470.26;11280.08;5190.18;32440.363
2026-08-03T18:26:04.823512+02:00;standby;30.9;31.7;5.0;28.0;53.9;57.0;0;0;0;0;16470.26;11280.08;5190.18;32440.363
2026-08-03T18:27:05.803254+02:00;standby;30.9;31.7;5.0;28.0;53.9;57.0;0;0;0;0;16470.26;11280.08;5190.18;32440.363
2026-08-03T18:28:06.523706+02:00;standby;30.9;31.7;5.0;28.0;53.9;57.0;0;0;0;0;16470.26;11280.08;5190.18;32440.363
2026-08-03T18:29:07.641576+02:00;standby;30.9;31.7;5.0;28.0;53.9;57.0;0;0;0;0;16470.26;11280.08;5190.18;32440.363
2026-08-03T18:30:08.162155+02:00;standby;30.9;31.7;5.0;28.0;53.9;57.0;0;0;0;0;16470.26;11280.08;5190.18;32440.363
2026-08-03T18:31:09.091225+02:00;standby;30.9;31.6;5.0;28.0;53.8;57.0;0;0;0;0;16470.26;11280.08;5190.18;32440.363
2026-08-03T18:32:09.520860+02:00;standby;30.9;31.6;5.0;28.0;53.8;57.0;0;0;0;0;16470.26;11280.08;5190.18;32440.363
2026-08-03T18:33:10.509133+02:00;standby;30.9;31.6;5.0;28.0;53.8;57.0;0;0;0;0;16470.26;11280.08;5190.18;32440.363
2026-08-03T18:34:11.043794+02:00;standby;30.9;31.6;5.0;28.0;53.8;57.0;0;0;0;0;16470.26;11280.08;5190.18;32440.363
2026-08-03T18:35:11.540048+02:00;standby;30.9;31.6;5.0;28.0;53.8;57.0;0;0;0;0;16470.26;11280.08;5190.18;32440.363
2026-08-03T18:36:12.066439+02:00;standby;30.9;31.6;5.0;28.0;53.8;57.0;0;0;0;0;16470.26;11280.08;5190.18;32440.363
2026-08-03T18:37:12.711637+02:00;standby;30.9;31.6;5.0;28.0;53.8;57.0;0;0;0;0;16470.26;11280.08;5190.18;32440.363
2026-08-03T18:38:13.250607+02:00;standby;30.9;31.6;5.0;28.0;53.8;57.0;0;0;0;0;16470.26;11280.08;5190.18;32440.363
2026-08-03T18:39:13.876374+02:00;standby;30.9;31.6;5.0;28.0;53.8;57.0;0;0;0;0;16470.26;11280.08;5190.18;32440.363
2026-08-03T18:40:14.370746+02:00;standby;30.9;31.6;5.0;28.0;53.7;57.0;0;0;0;0;16470.26;11280.08;5190.18;32440.363
2026-08-03T18:41:15.895017+02:00;standby;30.9;31.5;5.0;28.0;53.7;57.0;0;0;0;0;16470.26;11280.08;5190.18;32440.363
2026-08-03T18:42:16.363056+02:00;standby;30.9;31.5;5.0;28.0;53.7;57.0;0;0;0;0;16470.26;11280.08;5190.18;32440.363
2026-08-03T18:43:16.823800+02:00;standby;30.9;31.5;5.0;28.0;53.7;57.0;0;0;0;0;16470.26;11280.08;5190.18;32440.363
2026-08-03T18:44:17.478126+02:00;standby;30.9;31.5;5.0;28.0;53.7;57.0;0;0;0;0;16470.26;11280.08;5190.18;32440.363
2026-08-03T18:45:17.958278+02:00;standby;30.9;31.5;5.0;28.0;53.7;57.0;0;0;0;0;16470.26;11280.08;5190.18;32440.363
2026-08-03T18:46:18.386273+02:00;standby;30.9;31.5;5.0;28.0;53.7;57.0;0;0;0;0;16470.26;11280.08;5190.18;32440.363
2026-08-03T18:47:19.374295+02:00;standby;30.9;31.5;5.0;28.0;53.7;57.0;0;0;0;0;16470.26;11280.08;5190.18;32440.363
2026-08-03T18:48:19.928497+02:00;standby;30.9;31.5;5.0;28.0;53.7;57.0;0;0;0;0;16470.26;11280.08;5190.18;32440.363
2026-08-03T18:49:20.453116+02:00;standby;30.9;31.5;5.0;28.0;53.7;57.0;0;0;0;0;16470.26;11280.08;5190.18;32440.363
2026-08-03T18:50:21.276623+02:00;standby;30.2;31.4;5.0;28.0;53.6;57.0;0;0;0;0;16470.26;11280.08;5190.18;32440.363
2026-08-03T18:51:21.805262+02:00;standby;30.2;31.5;5.0;28.0;53.6;57.0;0;0;0;0;16470.26;11280.08;5190.18;32440.363
2026-08-03T18:52:22.309347+02:00;standby;30.2;31.4;5.0;28.0;53.6;57.0;0;0;0;0;16470.26;11280.08;5190.18;32440.363
2026-08-03T18:53:22.732032+02:00;standby;30.2;31.4;5.0;28.0;53.6;57.0;0;0;0;0;16470.26;11280.08;5190.18;32440.363
2026-08-03T18:54:23.200636+02:00;standby;30.2;31.4;5.0;28.0;53.6;57.0;0;0;0;0;16470.26;11280.08;5190.18;32440.363
2026-08-03T18:55:23.710709+02:00;standby;30.2;31.4;5.0;28.0;53.6;57.0;0;0;0;0;16470.26;11280.08;5190.18;32440.363
2026-08-03T18:56:24.394371+02:00;standby;30.2;31.4;5.0;28.0;53.6;57.0;0;0;0;0;16470.26;11280.08;5190.18;32440.363
2026-08-03T18:57:24.914285+02:00;standby;30.2;31.4;5.0;28.0;53.6;57.0;0;0;0;0;16470.26;11280.08;5190.18;32440.363
2026-08-03T18:58:25.464420+02:00;standby;30.2;31.4;5.0;28.0;53.6;57.0;0;0;0;0;16470.26;11280.08;5190.18;32440.363
2026-08-03T18:59:26.516713+02:00;standby;30.2;31.4;5.0;28.0;53.5;57.0;0;0;0;0;16470.26;11280.08;5190.18;32440.363
2026-08-03T19:00:27.246107+02:00;standby;30.2;31.4;5.0;28.0;53.5;57.0;0;0;0;0;16470.26;11280.08;5190.18;32440.363
2026-08-03T19:01:28.052970+02:00;standby;30.2;31.2;5.0;28.0;53.5;57.0;0;0;0;0;16470.26;11280.08;5190.18;32440.363
2026-08-03T19:02:28.535548+02:00;standby;30.2;31.2;5.0;28.0;53.5;57.0;0;0;0;0;16470.26;11280.08;5190.18;32440.363
2026-08-03T19:03:29.059545+02:00;standby;30.2;31.2;5.0;28.0;53.5;57.0;0;0;0;0;16470.26;11280.08;5190.18;32440.363
2026-08-03T19:04:29.714276+02:00;standby;30.2;31.2;5.0;28.0;53.5;57.0;0;0;0;0;16470.26;11280.08;5190.18;32440.363
2026-08-03T19:05:30.219461+02:00;standby;30.2;31.2;5.0;28.0;53.5;57.0;0;0;0;0;16470.26;11280.08;5190.18;32440.363
2026-08-03T19:06:30.955765+02:00;standby;30.2;31.2;5.0;28.0;53.5;57.0;0;0;0;0;16470.26;11280.08;5190.18;32440.363
2026-08-03T19:07:31.441247+02:00;standby;30.2;31.2;5.0;28.0;53.5;57.0;0;0;0;0;16470.26;11280.08;5190.18;32440.363
2026-08-03T19:08:32.393354+02:00;standby;30.2;31.2;5.0;28.0;53.5;57.0;0;0;0;0;16470.26;11280.08;5190.18;32440.363
2026-08-03T19:09:32.882801+02:00;standby;30.2;31.2;5.0;28.0;53.4;57.0;0;0;0;0;16470.26;11280.08;5190.18;32440.363
2026-08-03T19:10:33.402215+02:00;standby;30.2;31.1;5.0;28.0;53.4;57.0;0;0;0;0;16470.26;11280.08;5190.18;32440.363
2026-08-03T19:11:34.494259+02:00;standby;30.2;31.1;5.0;28.0;53.4;57.0;0;0;0;0;16470.26;11280.08;5190.18;32440.363
2026-08-03T19:12:35.166223+02:00;standby;30.2;31.1;5.0;28.0;53.4;57.0;0;0;0;0;16470.26;11280.08;5190.18;32440.363
2026-08-03T19:13:35.790182+02:00;standby;30.2;31.1;5.0;28.0;53.4;57.0;0;0;0;0;16470.26;11280.08;5190.18;32440.363
2026-08-03T19:14:36.431922+02:00;standby;30.2;31.1;5.0;28.0;53.4;57.0;0;0;0;0;16470.26;11280.08;5190.18;32440.363
2026-08-03T19:15:37.127026+02:00;standby;30.2;31.1;5.0;28.0;53.4;57.0;0;0;0;0;16470.26;11280.08;5190.18;32440.363
2026-08-03T19:16:37.687019+02:00;standby;30.2;31.1;5.0;28.0;53.4;57.0;0;0;0;0;16470.26;11280.08;5190.18;32440.363
2026-08-03T19:17:38.175115+02:00;standby;30.2;31.1;5.0;28.0;53.4;57.0;0;0;0;0;16470.26;11280.08;5190.18;32440.363
2026-08-03T19:18:38.734480+02:00;standby;30.2;31.1;5.0;28.0;53.4;57.0;0;0;0;0;16470.26;11280.08;5190.18;32440.363
2026-08-03T19:19:39.518131+02:00;standby;30.2;31.1;5.0;28.0;53.3;57.0;0;0;0;0;16470.26;11280.08;5190.18;32440.363
2026-08-03T19:20:40.187047+02:00;standby;30.2;31.1;5.0;28.0;53.3;57.0;0;0;0;0;16470.26;11280.08;5190.18;32440.363
2026-08-03T19:21:41.164459+02:00;standby;30.2;31.1;5.0;28.0;53.3;57.0;0;0;0;0;16470.26;11280.08;5190.18;32440.363
2026-08-03T19:22:41.576944+02:00;standby;30.2;31.1;5.0;28.0;53.3;57.0;0;0;0;0;16470.26;11280.08;5190.18;32440.363
2026-08-03T19:23:42.004055+02:00;standby;30.2;31.0;5.0;28.0;53.3;57.0;0;0;0;0;16470.26;11280.08;5190.18;32440.363
2026-08-03T19:24:42.421652+02:00;standby;30.2;31.0;5.0;28.0;53.3;57.0;0;0;0;0;16470.26;11280.08;5190.18;32440.363
2026-08-03T19:25:42.985639+02:00;standby;30.2;31.0;5.0;28.0;53.3;57.0;0;0;0;0;16470.26;11280.08;5190.18;32440.363
2026-08-03T19:26:43.687440+02:00;standby;30.2;31.0;5.0;28.0;53.3;57.0;0;0;0;0;16470.26;11280.08;5190.18;32440.363
2026-08-03T19:27:44.222827+02:00;standby;30.2;31.0;5.0;28.0;53.2;57.0;0;0;0;0;16470.26;11280.08;5190.18;32440.363
2026-08-03T19:28:44.729195+02:00;standby;30.2;31.0;5.0;28.0;53.2;57.0;0;0;0;0;16470.26;11280.08;5190.18;32440.363
2026-08-03T19:29:45.418194+02:00;standby;30.2;31.0;5.0;28.0;53.2;57.0;0;0;0;0;16470.26;11280.08;5190.18;32440.363
2026-08-03T19:30:46.406173+02:00;standby;30.2;31.0;5.0;28.0;53.2;57.0;0;0;0;0;16470.26;11280.08;5190.18;32440.363
2026-08-03T19:31:47.020136+02:00;standby;30.2;31.0;5.0;28.0;53.2;57.0;0;0;0;0;16470.26;11280.08;5190.18;32440.363
2026-08-03T19:32:47.489269+02:00;standby;30.2;31.0;5.0;28.0;53.2;57.0;0;0;0;0;16470.26;11280.08;5190.18;32440.363
2026-08-03T19:33:47.956759+02:00;standby;30.2;31.0;5.0;28.0;53.2;57.0;0;0;0;0;16470.26;11280.08;5190.18;32440.363
2026-08-03T19:34:49.175859+02:00;standby;30.2;31.0;5.0;28.0;53.2;57.0;0;0;0;0;16470.26;11280.08;5190.18;32440.363
2026-08-03T19:35:49.693501+02:00;standby;30.2;30.9;5.0;28.0;53.2;57.0;0;0;0;0;16470.26;11280.08;5190.18;32440.363
2026-08-03T19:36:50.179225+02:00;standby;30.2;30.9;5.0;28.0;53.2;57.0;0;0;0;0;16470.26;11280.08;5190.18;32440.363
2026-08-03T19:37:50.596084+02:00;standby;30.2;30.9;5.0;28.0;53.2;57.0;0;0;0;0;16470.26;11280.08;5190.18;32440.363
2026-08-03T19:38:52.047921+02:00;standby;30.2;30.9;5.0;28.0;53.1;57.0;0;0;0;0;16470.26;11280.08;5190.18;32440.363
2026-08-03T19:39:52.788717+02:00;standby;30.2;30.9;5.0;28.0;53.1;57.0;0;0;0;0;16470.26;11280.08;5190.18;32440.363
2026-08-03T19:40:53.278249+02:00;standby;30.2;30.9;5.0;28.0;53.1;57.0;0;0;0;0;16470.26;11280.08;5190.18;32440.363
2026-08-03T19:41:53.748380+02:00;standby;30.2;30.9;5.0;28.0;53.1;57.0;0;0;0;0;16470.26;11280.08;5190.18;32440.363
2026-08-03T19:42:54.271224+02:00;standby;30.2;30.9;5.0;28.0;53.1;57.0;0;0;0;0;16470.26;11280.08;5190.18;32440.363
2026-08-03T19:43:54.783054+02:00;standby;30.2;30.9;5.0;28.0;53.1;57.0;0;0;0;0;16470.26;11280.08;5190.18;32440.363
2026-08-03T19:44:55.458946+02:00;standby;30.2;30.9;5.0;28.0;53.1;57.0;0;0;0;0;16470.26;11280.08;5190.18;32440.363
2026-08-03T19:45:56.019875+02:00;standby;30.2;30.9;5.0;28.0;53.1;57.0;0;0;0;0;16470.26;11280.08;5190.18;32440.363
2026-08-03T19:46:56.445696+02:00;standby;30.2;30.9;5.0;28.0;53.1;57.0;0;0;0;0;16470.26;11280.08;5190.18;32440.363
2026-08-03T19:47:56.943687+02:00;standby;30.2;30.7;5.0;28.0;52.9;57.0;0;0;0;0;16470.26;11280.08;5190.18;32440.363
2026-08-03T19:48:57.669558+02:00;standby;30.2;30.7;5.0;28.0;52.9;57.0;0;0;0;0;16470.26;11280.08;5190.18;32440.363
2026-08-03T19:49:58.424815+02:00;standby;30.2;30.7;5.0;28.0;52.9;57.0;0;0;0;0;16470.26;11280.08;5190.18;32440.363
2026-08-03T19:50:58.936753+02:00;standby;28.7;30.7;5.0;28.0;52.9;57.0;0;0;0;0;16470.26;11280.08;5190.18;32440.363
2026-08-03T19:51:59.605182+02:00;standby;28.7;30.7;5.0;28.0;52.9;57.0;0;0;0;0;16470.26;11280.08;5190.18;32440.363
2026-08-03T19:53:00.372880+02:00;standby;28.7;30.7;5.0;28.0;52.9;57.0;0;0;0;0;16470.26;11280.08;5190.18;32440.363
2026-08-03T19:54:01.109493+02:00;standby;28.7;30.7;5.0;28.0;52.9;57.0;0;0;0;0;16470.26;11280.08;5190.18;32440.363
2026-08-03T19:55:01.745337+02:00;standby;28.7;30.7;5.0;28.0;52.9;57.0;0;0;0;0;16470.26;11280.08;5190.18;32440.363
2026-08-03T19:56:02.498677+02:00;standby;28.7;30.7;5.0;28.0;52.9;57.0;0;0;0;0;16470.26;11280.08;5190.18;32440.363
2026-08-03T19:57:03.576579+02:00;standby;28.7;30.6;5.0;28.0;52.9;57.0;0;0;0;0;16470.26;11280.08;5190.18;32440.363
2026-08-03T19:58:04.033595+02:00;standby;28.7;30.6;5.0;28.0;52.8;57.0;0;0;0;0;16470.26;11280.08;5190.18;32440.363
2026-08-03T19:59:04.467078+02:00;standby;28.7;30.6;5.0;28.0;52.8;57.0;0;0;0;0;16470.26;11280.08;5190.18;32440.363
2026-08-03T20:00:05.843913+02:00;standby;28.7;30.6;5.0;28.0;52.7;57.0;0;0;0;0;16470.26;11280.08;5190.18;32440.363
2026-08-03T20:01:06.948625+02:00;standby;28.7;30.6;5.0;28.0;52.7;57.0;0;0;0;0;16470.26;11280.08;5190.18;32440.363
2026-08-03T20:02:07.493190+02:00;standby;28.7;30.6;5.0;28.0;52.6;57.0;0;0;0;0;16470.26;11280.08;5190.18;32440.363
2026-08-03T20:03:07.975455+02:00;standby;28.7;30.6;5.0;28.0;52.5;57.0;0;0;0;0;16470.26;11280.08;5190.18;32440.363
2026-08-03T20:04:08.491919+02:00;standby;28.7;30.6;5.0;28.0;52.4;57.0;0;0;0;0;16470.26;11280.08;5190.18;32440.363
2026-08-03T20:05:09.085463+02:00;standby;28.7;30.6;5.0;28.0;52.3;57.0;0;0;0;0;16470.26;11280.08;5190.18;32440.363
2026-08-03T20:06:09.542538+02:00;standby;28.7;30.6;5.0;28.0;52.3;57.0;0;0;0;0;16470.26;11280.08;5190.18;32440.363
2026-08-03T20:07:10.303012+02:00;standby;28.7;30.6;5.0;28.0;52.2;57.0;0;0;0;0;16470.26;11280.08;5190.18;32440.363
2026-08-03T20:08:10.760388+02:00;standby;28.7;30.6;5.0;28.0;52.2;57.0;0;0;0;0;16470.26;11280.08;5190.18;32440.363
2026-08-03T20:09:11.237443+02:00;standby;28.7;30.6;5.0;28.0;52.1;57.0;0;0;0;0;16470.26;11280.08;5190.18;32440.363
2026-08-03T20:10:11.869705+02:00;standby;28.7;30.6;5.0;28.0;51.9;57.0;0;0;0;0;16470.26;11280.08;5190.18;32440.363
2026-08-03T20:11:12.338844+02:00;standby;28.7;30.6;5.0;28.0;51.9;57.0;0;0;0;0;16470.26;11280.08;5190.18;32440.363
2026-08-03T20:12:13.062763+02:00;standby;28.7;30.6;5.0;28.0;51.8;57.0;0;0;0;0;16470.26;11280.08;5190.18;32440.363
2026-08-03T20:13:13.578946+02:00;standby;28.7;30.5;5.0;28.0;51.8;57.0;0;0;0;0;16470.26;11280.08;5190.18;32440.363
2026-08-03T20:14:14.103372+02:00;standby;28.7;30.5;5.0;28.0;51.8;57.0;0;0;0;0;16470.26;11280.08;5190.18;32440.363
2026-08-03T20:15:14.857786+02:00;standby;28.7;30.5;5.0;28.0;51.8;57.0;0;0;0;0;16470.26;11280.08;5190.18;32440.363
2026-08-03T20:16:15.343123+02:00;standby;28.7;30.5;5.0;28.0;51.8;57.0;0;0;0;0;16470.26;11280.08;5190.18;32440.363
2026-08-03T20:17:15.806974+02:00;standby;28.7;30.5;5.0;28.0;51.8;57.0;0;0;0;0;16470.26;11280.08;5190.18;32440.363
2026-08-03T20:18:16.285563+02:00;standby;28.7;30.5;5.0;28.0;51.8;57.0;0;0;0;0;16470.26;11280.08;5190.18;32440.363
2026-08-03T20:19:16.807200+02:00;standby;28.7;30.5;5.0;28.0;51.8;57.0;0;0;0;0;16470.26;11280.08;5190.18;32440.363
2026-08-03T20:20:17.419756+02:00;standby;28.7;30.5;5.0;28.0;51.8;57.0;0;0;0;0;16470.26;11280.08;5190.18;32440.363
2026-08-03T20:21:18.005480+02:00;standby;28.7;30.5;5.0;28.0;51.7;57.0;0;0;0;0;16470.26;11280.08;5190.18;32440.363
2026-08-03T20:22:18.522087+02:00;standby;28.7;30.5;5.0;28.0;51.7;57.0;0;0;0;0;16470.26;11280.08;5190.18;32440.363
2026-08-03T20:23:19.183428+02:00;standby;28.7;30.5;5.0;28.0;51.7;57.0;0;0;0;0;16470.26;11280.08;5190.18;32440.363
2026-08-03T20:24:19.758537+02:00;standby;28.7;30.5;5.0;28.0;51.7;57.0;0;0;0;0;16470.26;11280.08;5190.18;32440.363
2026-08-03T20:25:20.763219+02:00;standby;28.7;30.5;5.0;28.0;51.7;57.0;0;0;0;0;16470.26;11280.08;5190.18;32440.363
2026-08-03T20:26:21.221233+02:00;standby;28.7;30.5;5.0;28.0;51.7;57.0;0;0;0;0;16470.26;11280.08;5190.18;32440.363
2026-08-03T20:27:22.026411+02:00;standby;28.7;30.4;5.0;28.0;51.7;57.0;0;0;0;0;16470.26;11280.08;5190.18;32440.363
2026-08-03T20:28:22.505478+02:00;standby;28.7;30.4;5.0;28.0;51.7;57.0;0;0;0;0;16470.26;11280.08;5190.18;32440.363
2026-08-03T20:29:23.129939+02:00;standby;28.7;30.4;5.0;28.0;51.7;57.0;0;0;0;0;16470.26;11280.08;5190.18;32440.363
2026-08-03T20:30:23.809016+02:00;standby;28.7;30.4;5.0;28.0;51.6;57.0;0;0;0;0;16470.26;11280.08;5190.18;32440.363
2026-08-03T20:31:24.365514+02:00;standby;28.7;30.4;5.0;28.0;51.6;57.0;0;0;0;0;16470.26;11280.08;5190.18;32440.363
2026-08-03T20:32:24.985362+02:00;standby;28.7;30.4;5.0;28.0;51.6;57.0;0;0;0;0;16470.26;11280.08;5190.18;32440.363
2026-08-03T20:33:25.506419+02:00;standby;28.7;30.4;5.0;28.0;51.6;57.0;0;0;0;0;16470.26;11280.08;5190.18;32440.363
2026-08-03T20:34:26.315531+02:00;standby;28.7;30.4;5.0;28.0;51.6;57.0;0;0;0;0;16470.26;11280.08;5190.18;32440.363
2026-08-03T20:35:27.138997+02:00;standby;28.7;30.4;5.0;28.0;51.6;57.0;0;0;0;0;16470.26;11280.08;5190.18;32440.363
2026-08-03T20:36:27.599867+02:00;standby;28.7;30.4;5.0;28.0;51.6;57.0;0;0;0;0;16470.26;11280.08;5190.18;32440.363
2026-08-03T20:37:28.098428+02:00;standby;28.7;30.4;5.0;28.0;51.6;57.0;0;0;0;0;16470.26;11280.08;5190.18;32440.363
2026-08-03T20:38:28.822829+02:00;standby;28.7;30.4;5.0;28.0;51.6;57.0;0;0;0;0;16470.26;11280.08;5190.18;32440.363
2026-08-03T20:39:29.341212+02:00;standby;28.7;30.4;5.0;28.0;51.5;57.0;0;0;0;0;16470.26;11280.08;5190.18;32440.363
2026-08-03T20:40:30.095285+02:00;standby;28.7;30.4;5.0;28.0;51.5;57.0;0;0;0;0;16470.26;11280.08;5190.18;32440.363
2026-08-03T20:41:31.035335+02:00;standby;28.7;30.4;5.0;28.0;51.5;57.0;0;0;0;0;16470.26;11280.08;5190.18;32440.363
2026-08-03T20:42:31.495590+02:00;standby;28.7;30.2;5.0;28.0;51.5;57.0;0;0;0;0;16470.26;11280.08;5190.18;32440.363
2026-08-03T20:43:32.032896+02:00;standby;28.7;30.2;5.0;28.0;51.5;57.0;0;0;0;0;16470.26;11280.08;5190.18;32440.363
2026-08-03T20:44:32.470179+02:00;standby;28.7;30.2;5.0;28.0;51.5;57.0;0;0;0;0;16470.26;11280.08;5190.18;32440.363
2026-08-03T20:45:33.071717+02:00;standby;28.7;30.2;5.0;28.0;51.5;57.0;0;0;0;0;16470.26;11280.08;5190.18;32440.363
2026-08-03T20:46:33.570304+02:00;standby;28.7;30.2;5.0;28.0;51.5;57.0;0;0;0;0;16470.26;11280.08;5190.18;32440.363
2026-08-03T20:47:34.090852+02:00;standby;28.7;30.2;5.0;28.0;51.5;57.0;0;0;0;0;16470.26;11280.08;5190.18;32440.363
2026-08-03T20:48:34.653380+02:00;standby;28.7;30.2;5.0;28.0;51.4;57.0;0;0;0;0;16470.26;11280.08;5190.18;32440.363
2026-08-03T20:49:35.088231+02:00;standby;28.7;30.2;5.0;28.0;51.4;57.0;0;0;0;0;16470.26;11280.08;5190.18;32440.363
2026-08-03T20:50:35.718932+02:00;standby;28.7;30.2;5.0;28.0;51.4;57.0;0;0;0;0;16470.26;11280.08;5190.18;32440.363
2026-08-03T20:51:36.165373+02:00;standby;27.4;30.2;5.0;28.0;51.4;57.0;0;0;0;0;16470.26;11280.08;5190.18;32440.363
2026-08-03T20:52:36.624483+02:00;standby;27.4;30.2;5.0;28.0;51.4;57.0;0;0;0;0;16470.26;11280.08;5190.18;32440.363
2026-08-03T20:53:37.108327+02:00;standby;27.4;30.2;5.0;28.0;51.4;57.0;0;0;0;0;16470.26;11280.08;5190.18;32440.363
2026-08-03T20:54:37.795770+02:00;standby;27.4;30.2;5.0;28.0;51.4;57.0;0;0;0;0;16470.26;11280.08;5190.18;32440.363
2026-08-03T20:55:38.245953+02:00;standby;27.4;30.2;5.0;28.0;51.4;57.0;0;0;0;0;16470.26;11280.08;5190.18;32440.363
2026-08-03T20:56:38.699100+02:00;standby;27.4;30.2;5.0;28.0;51.4;57.0;0;0;0;0;16470.26;11280.08;5190.18;32440.363
2026-08-03T20:57:40.076200+02:00;standby;27.4;30.2;5.0;28.0;51.4;57.0;0;0;0;0;16470.26;11280.08;5190.18;32440.363
2026-08-03T20:58:40.671880+02:00;standby;27.4;30.2;5.0;28.0;51.4;57.0;0;0;0;0;16470.26;11280.08;5190.18;32440.363
2026-08-03T20:59:41.385366+02:00;standby;27.4;30.1;5.0;28.0;51.3;57.0;0;0;0;0;16470.26;11280.08;5190.18;32440.363
2026-08-03T21:00:42.452051+02:00;standby;27.4;30.1;5.0;28.0;51.3;57.0;0;0;0;0;16470.26;11280.08;5190.18;32440.363
2026-08-03T21:01:43.153889+02:00;standby;27.4;30.1;5.0;28.0;51.3;57.0;0;0;0;0;16470.26;11280.08;5190.18;32440.363
2026-08-03T21:02:43.889112+02:00;standby;27.4;30.1;5.0;28.0;51.3;57.0;0;0;0;0;16470.26;11280.08;5190.18;32440.363
2026-08-03T21:03:44.504951+02:00;standby;27.4;30.1;5.0;28.0;51.3;57.0;0;0;0;0;16470.26;11280.08;5190.18;32440.363
2026-08-03T21:04:45.150481+02:00;standby;27.4;30.1;5.0;28.0;51.3;57.0;0;0;0;0;16470.26;11280.08;5190.18;32440.363
2026-08-03T21:05:46.148957+02:00;standby;27.4;30.1;5.0;28.0;51.3;57.0;0;0;0;0;16470.26;11280.08;5190.18;32440.363
2026-08-03T21:06:46.623596+02:00;standby;27.4;30.1;5.0;28.0;51.3;57.0;0;0;0;0;16470.26;11280.08;5190.18;32440.363
2026-08-03T21:07:47.284306+02:00;standby;27.4;30.1;5.0;28.0;51.3;57.0;0;0;0;0;16470.26;11280.08;5190.18;32440.363
2026-08-03T21:08:47.987307+02:00;standby;27.4;30.1;5.0;28.0;51.3;57.0;0;0;0;0;16470.26;11280.08;5190.18;32440.363
2026-08-03T21:09:48.588131+02:00;standby;27.4;30.1;5.0;28.0;51.2;57.0;0;0;0;0;16470.26;11280.08;5190.18;32440.363
2026-08-03T21:10:49.114156+02:00;standby;27.4;30.1;5.0;28.0;51.2;57.0;0;0;0;0;16470.26;11280.08;5190.18;32440.363
2026-08-03T21:11:50.545793+02:00;standby;27.4;30.1;5.0;28.0;51.2;57.0;0;0;0;0;16470.26;11280.08;5190.18;32440.363
2026-08-03T21:12:51.345281+02:00;standby;27.4;30.1;5.0;28.0;51.2;57.0;0;0;0;0;16470.26;11280.08;5190.18;32440.363
2026-08-03T21:13:51.884310+02:00;standby;27.4;30.1;5.0;28.0;51.2;57.0;0;0;0;0;16470.26;11280.08;5190.18;32440.363
2026-08-03T21:14:52.662610+02:00;standby;27.4;30.1;5.0;28.0;51.2;57.0;0;0;0;0;16470.26;11280.08;5190.18;32440.363
2026-08-03T21:15:53.394963+02:00;standby;27.4;30.1;5.0;28.0;51.2;57.0;0;0;0;0;16470.26;11280.08;5190.18;32440.363
2026-08-03T21:16:53.853129+02:00;standby;27.4;30.0;5.0;28.0;51.2;57.0;0;0;0;0;16470.26;11280.08;5190.18;32440.363
2026-08-03T21:17:54.276496+02:00;standby;27.4;30.1;5.0;28.0;51.2;57.0;0;0;0;0;16470.26;11280.08;5190.18;32440.363
2026-08-03T21:18:55.168642+02:00;standby;27.4;30.0;5.0;28.0;51.2;57.0;0;0;0;0;16470.26;11280.08;5190.18;32440.363
2026-08-03T21:19:56.040107+02:00;standby;27.4;30.0;5.0;28.0;51.2;57.0;0;0;0;0;16470.26;11280.08;5190.18;32440.363
2026-08-03T21:20:57.065123+02:00;standby;27.4;30.0;5.0;28.0;51.1;57.0;0;0;0;0;16470.26;11280.08;5190.18;32440.363
2026-08-03T21:21:57.518828+02:00;standby;27.4;30.0;5.0;28.0;51.1;57.0;0;0;0;0;16470.26;11280.08;5190.18;32440.363
2026-08-03T21:22:58.141837+02:00;standby;27.4;30.0;5.0;28.0;51.1;57.0;0;0;0;0;16470.26;11280.08;5190.18;32440.363
2026-08-03T21:23:58.558834+02:00;standby;27.4;30.0;5.0;28.0;51.1;57.0;0;0;0;0;16470.26;11280.08;5190.18;32440.363
2026-08-03T21:24:59.100378+02:00;standby;27.4;30.0;5.0;28.0;51.1;57.0;0;0;0;0;16470.26;11280.08;5190.18;32440.363
2026-08-03T21:25:59.597638+02:00;standby;27.4;30.0;5.0;28.0;51.1;57.0;0;0;0;0;16470.26;11280.08;5190.18;32440.363
2026-08-03T21:27:00.133758+02:00;standby;27.4;30.0;5.0;28.0;51.1;57.0;0;0;0;0;16470.26;11280.08;5190.18;32440.363
2026-08-03T21:28:00.798563+02:00;standby;27.4;30.0;5.0;28.0;51.1;57.0;0;0;0;0;16470.26;11280.08;5190.18;32440.363
2026-08-03T21:29:02.402177+02:00;standby;27.4;30.0;5.0;28.0;51.1;57.0;0;0;0;0;16470.26;11280.08;5190.18;32440.363
2026-08-03T21:30:02.970194+02:00;standby;27.4;30.0;5.0;28.0;51.1;57.0;0;0;0;0;16470.26;11280.08;5190.18;32440.363
2026-08-03T21:31:03.424839+02:00;standby;27.4;30.0;5.0;28.0;50.9;57.0;0;0;0;0;16470.26;11280.08;5190.18;32440.363
2026-08-03T21:32:03.858483+02:00;standby;27.4;30.0;5.0;28.0;50.9;57.0;0;0;0;0;16470.26;11280.08;5190.18;32440.363
2026-08-03T21:33:04.912341+02:00;standby;27.4;30.0;5.0;28.0;50.9;57.0;0;0;0;0;16470.26;11280.08;5190.18;32440.363
2026-08-03T21:34:05.945237+02:00;standby;27.4;30.0;5.0;28.0;50.9;57.0;0;0;0;0;16470.26;11280.08;5190.18;32440.363
2026-08-03T21:35:06.431813+02:00;standby;27.4;30.0;5.0;28.0;50.9;57.0;0;0;0;0;16470.26;11280.08;5190.18;32440.363
2026-08-03T21:36:07.043489+02:00;standby;27.4;29.9;5.0;28.0;50.9;57.0;0;0;0;0;16470.26;11280.08;5190.18;32440.363
2026-08-03T21:37:07.894332+02:00;standby;27.4;29.9;5.0;28.0;50.9;57.0;0;0;0;0;16470.26;11280.08;5190.18;32440.363
2026-08-03T21:38:08.399275+02:00;standby;27.4;29.9;5.0;28.0;50.9;57.0;0;0;0;0;16470.26;11280.08;5190.18;32440.363
2026-08-03T21:39:09.258611+02:00;standby;27.4;29.9;5.0;28.0;50.9;57.0;0;0;0;0;16470.26;11280.08;5190.18;32440.363
2026-08-03T21:40:09.853843+02:00;standby;27.4;29.9;5.0;28.0;50.8;57.0;0;0;0;0;16470.26;11280.08;5190.18;32440.363
2026-08-03T21:41:10.536570+02:00;standby;27.4;29.9;5.0;28.0;50.8;57.0;0;0;0;0;16470.26;11280.08;5190.18;32440.363
2026-08-03T21:42:11.242475+02:00;standby;27.4;29.9;5.0;28.0;50.8;57.0;0;0;0;0;16470.26;11280.08;5190.18;32440.363
2026-08-03T21:43:11.744007+02:00;standby;27.4;29.9;5.0;28.0;50.8;57.0;0;0;0;0;16470.26;11280.08;5190.18;32440.363
2026-08-03T21:44:12.455262+02:00;standby;27.4;29.9;5.0;28.0;50.8;57.0;0;0;0;0;16470.26;11280.08;5190.18;32440.363
2026-08-03T21:45:12.915537+02:00;standby;27.4;29.9;5.0;28.0;50.8;57.0;0;0;0;0;16470.26;11280.08;5190.18;32440.363
2026-08-03T21:46:13.422926+02:00;standby;27.4;29.9;5.0;28.0;50.8;57.0;0;0;0;0;16470.26;11280.08;5190.18;32440.363
2026-08-03T21:47:14.723509+02:00;standby;27.4;29.9;5.0;28.0;50.8;57.0;0;0;0;0;16470.26;11280.08;5190.18;32440.363
2026-08-03T21:48:15.248889+02:00;standby;27.4;29.9;5.0;28.0;50.8;57.0;0;0;0;0;16470.26;11280.08;5190.18;32440.363
2026-08-03T21:49:15.972569+02:00;standby;27.4;29.9;5.0;28.0;50.8;57.0;0;0;0;0;16470.26;11280.08;5190.18;32440.363
2026-08-03T21:50:16.504846+02:00;standby;27.4;29.9;5.0;28.0;50.8;57.0;0;0;0;0;16470.26;11280.08;5190.18;32440.363
2026-08-03T21:51:17.418837+02:00;standby;27.4;29.9;5.0;28.0;50.7;57.0;0;0;0;0;16470.26;11280.08;5190.18;32440.363
2026-08-03T21:52:17.890522+02:00;standby;27.1;29.9;5.0;28.0;50.7;57.0;0;0;0;0;16470.26;11280.08;5190.18;32440.363
2026-08-03T21:53:18.357237+02:00;standby;27.1;29.9;5.0;28.0;50.7;57.0;0;0;0;0;16470.26;11280.08;5190.18;32440.363
2026-08-03T21:54:19.122176+02:00;standby;27.1;29.9;5.0;28.0;50.7;57.0;0;0;0;0;16470.26;11280.08;5190.18;32440.363
2026-08-03T21:55:19.594384+02:00;standby;27.1;29.9;5.0;28.0;50.7;57.0;0;0;0;0;16470.26;11280.08;5190.18;32440.363
2026-08-03T21:56:20.420371+02:00;standby;27.1;29.7;5.0;28.0;50.7;57.0;0;0;0;0;16470.26;11280.08;5190.18;32440.363
2026-08-03T21:57:20.895384+02:00;standby;27.1;29.7;5.0;28.0;50.7;57.0;0;0;0;0;16470.26;11280.08;5190.18;32440.363
2026-08-03T21:58:21.495201+02:00;standby;27.1;29.7;5.0;28.0;50.7;57.0;0;0;0;0;16470.26;11280.08;5190.18;32440.363
2026-08-03T21:59:22.093900+02:00;standby;27.1;29.7;5.0;28.0;50.7;57.0;0;0;0;0;16470.26;11280.08;5190.18;32440.363
2026-08-03T22:00:22.593778+02:00;standby;27.1;29.7;5.0;28.0;50.7;57.0;0;0;0;0;16470.26;11280.08;5190.18;32440.363
2026-08-03T22:01:23.384352+02:00;standby;27.1;29.7;5.0;28.0;50.6;57.0;0;0;0;0;16470.26;11280.08;5190.18;32440.363
2026-08-03T22:02:23.967500+02:00;standby;27.1;29.7;5.0;28.0;50.6;57.0;0;0;0;0;16470.26;11280.08;5190.18;32440.363
2026-08-03T22:03:24.571118+02:00;standby;27.1;29.7;5.0;28.0;50.6;57.0;0;0;0;0;16470.26;11280.08;5190.18;32440.363
2026-08-03T22:04:25.395739+02:00;standby;27.1;29.7;5.0;28.0;50.6;57.0;0;0;0;0;16470.26;11280.08;5190.18;32440.363
2026-08-03T22:05:25.867047+02:00;standby;27.1;29.7;5.0;28.0;50.6;57.0;0;0;0;0;16470.26;11280.08;5190.18;32440.363
2026-08-03T22:06:26.627020+02:00;standby;27.1;29.7;5.0;28.0;50.6;57.0;0;0;0;0;16470.26;11280.08;5190.18;32440.363
2026-08-03T22:07:27.157758+02:00;standby;27.1;29.7;5.0;28.0;50.6;57.0;0;0;0;0;16470.26;11280.08;5190.18;32440.363
2026-08-03T22:08:27.778255+02:00;standby;27.1;29.7;5.0;28.0;50.6;57.0;0;0;0;0;16470.26;11280.08;5190.18;32440.363
2026-08-03T22:09:28.336842+02:00;standby;27.1;29.7;5.0;28.0;50.6;57.0;0;0;0;0;16470.26;11280.08;5190.18;32440.363
2026-08-03T22:10:28.827064+02:00;standby;27.1;29.7;5.0;28.0;50.6;57.0;0;0;0;0;16470.26;11280.08;5190.18;32440.363
2026-08-03T22:11:29.704136+02:00;standby;27.1;29.7;5.0;28.0;50.5;57.0;0;0;0;0;16470.26;11280.08;5190.18;32440.363
2026-08-03T22:12:30.157443+02:00;standby;27.1;29.7;5.0;28.0;50.5;57.0;0;0;0;0;16470.26;11280.08;5190.18;32440.363
2026-08-03T22:13:30.882770+02:00;standby;27.1;29.7;5.0;28.0;50.5;57.0;0;0;0;0;16470.26;11280.08;5190.18;32440.363
2026-08-03T22:14:31.643045+02:00;standby;27.1;29.7;5.0;28.0;50.5;57.0;0;0;0;0;16470.26;11280.08;5190.18;32440.363
2026-08-03T22:15:32.183466+02:00;standby;27.1;29.7;5.0;28.0;50.5;57.0;0;0;0;0;16470.26;11280.08;5190.18;32440.363
2026-08-03T22:16:32.708741+02:00;standby;27.1;29.6;5.0;28.0;50.5;57.0;0;0;0;0;16470.26;11280.08;5190.18;32440.363
2026-08-03T22:17:33.270016+02:00;standby;27.1;29.6;5.0;28.0;50.5;57.0;0;0;0;0;16470.26;11280.08;5190.18;32440.363
2026-08-03T22:18:33.982029+02:00;standby;27.1;29.6;5.0;28.0;50.5;57.0;0;0;0;0;16470.26;11280.08;5190.18;32440.363
2026-08-03T22:19:34.409661+02:00;standby;27.1;29.6;5.0;28.0;50.5;57.0;0;0;0;0;16470.26;11280.08;5190.18;32440.363
2026-08-03T22:20:34.974996+02:00;standby;27.1;29.6;5.0;28.0;50.5;57.0;0;0;0;0;16470.26;11280.08;5190.18;32440.363
2026-08-03T22:21:35.660523+02:00;standby;27.1;29.6;5.0;28.0;50.5;57.0;0;0;0;0;16470.26;11280.08;5190.18;32440.363
2026-08-03T22:22:36.115782+02:00;standby;27.1;29.6;5.0;28.0;50.4;57.0;0;0;0;0;16470.26;11280.08;5190.18;32440.363
2026-08-03T22:23:36.685654+02:00;standby;27.1;29.6;5.0;28.0;50.4;57.0;0;0;0;0;16470.26;11280.08;5190.18;32440.363
2026-08-03T22:24:37.470079+02:00;standby;27.1;29.6;5.0;28.0;50.4;57.0;0;0;0;0;16470.26;11280.08;5190.18;32440.363
2026-08-03T22:25:37.918947+02:00;standby;27.1;29.6;5.0;28.0;50.4;57.0;0;0;0;0;16470.26;11280.08;5190.18;32440.363
2026-08-03T22:26:38.660872+02:00;standby;27.1;29.6;5.0;28.0;50.4;57.0;0;0;0;0;16470.26;11280.08;5190.18;32440.363
2026-08-03T22:27:39.080478+02:00;standby;27.1;29.6;5.0;28.0;50.4;57.0;0;0;0;0;16470.26;11280.08;5190.18;32440.363
2026-08-03T22:28:39.554918+02:00;standby;27.1;29.6;5.0;28.0;50.4;57.0;0;0;0;0;16470.26;11280.08;5190.18;32440.363
2026-08-03T22:29:40.209730+02:00;standby;27.1;29.6;5.0;28.0;50.4;57.0;0;0;0;0;16470.26;11280.08;5190.18;32440.363
2026-08-03T22:30:40.687763+02:00;standby;27.1;29.6;5.0;28.0;50.4;57.0;0;0;0;0;16470.26;11280.08;5190.18;32440.363
2026-08-03T22:31:41.356602+02:00;standby;27.1;29.6;5.0;28.0;50.4;57.0;0;0;0;0;16470.26;11280.08;5190.18;32440.363
2026-08-03T22:32:41.811937+02:00;standby;27.1;29.6;5.0;28.0;50.3;57.0;0;0;0;0;16470.26;11280.08;5190.18;32440.363
2026-08-03T22:33:42.663955+02:00;standby;27.1;29.6;5.0;28.0;50.3;57.0;0;0;0;0;16470.26;11280.08;5190.18;32440.363
2026-08-03T22:34:43.108294+02:00;standby;27.1;29.6;5.0;28.0;50.3;57.0;0;0;0;0;16470.26;11280.08;5190.18;32440.363
2026-08-03T22:35:43.576993+02:00;standby;27.1;29.6;5.0;28.0;50.3;57.0;0;0;0;0;16470.26;11280.08;5190.18;32440.363
2026-08-03T22:36:44.044393+02:00;standby;27.1;29.6;5.0;28.0;50.3;57.0;0;0;0;0;16470.26;11280.08;5190.18;32440.363
2026-08-03T22:37:44.943479+02:00;standby;27.1;29.4;5.0;28.0;50.3;57.0;0;0;0;0;16470.26;11280.08;5190.18;32440.363
2026-08-03T22:38:45.506370+02:00;standby;27.1;29.4;5.0;28.0;50.3;57.0;0;0;0;0;16470.26;11280.08;5190.18;32440.363
2026-08-03T22:39:46.174392+02:00;standby;27.1;29.4;5.0;28.0;50.3;57.0;0;0;0;0;16470.26;11280.08;5190.18;32440.363
2026-08-03T22:40:46.868288+02:00;standby;27.1;29.4;5.0;28.0;50.3;57.0;0;0;0;0;16470.26;11280.08;5190.18;32440.363
2026-08-03T22:41:47.536644+02:00;standby;27.1;29.4;5.0;28.0;50.3;57.0;0;0;0;0;16470.26;11280.08;5190.18;32440.363
2026-08-03T22:42:48.099192+02:00;standby;27.1;29.4;5.0;28.0;50.3;57.0;0;0;0;0;16470.26;11280.08;5190.18;32440.363
2026-08-03T22:43:48.516451+02:00;standby;27.1;29.4;5.0;28.0;50.2;57.0;0;0;0;0;16470.26;11280.08;5190.18;32440.363
2026-08-03T22:44:49.176263+02:00;standby;27.1;29.4;5.0;28.0;50.2;57.0;0;0;0;0;16470.26;11280.08;5190.18;32440.363
2026-08-03T22:45:49.700933+02:00;standby;27.1;29.4;5.0;28.0;50.2;57.0;0;0;0;0;16470.26;11280.08;5190.18;32440.363
2026-08-03T22:46:50.222637+02:00;standby;27.1;29.4;5.0;28.0;50.2;57.0;0;0;0;0;16470.26;11280.08;5190.18;32440.363
2026-08-03T22:47:50.684280+02:00;standby;27.1;29.4;5.0;28.0;50.2;57.0;0;0;0;0;16470.26;11280.08;5190.18;32440.363
2026-08-03T22:48:51.151785+02:00;standby;27.1;29.4;5.0;28.0;50.2;57.0;0;0;0;0;16470.26;11280.08;5190.18;32440.363
2026-08-03T22:49:51.613152+02:00;standby;27.1;29.4;5.0;28.0;50.2;57.0;0;0;0;0;16470.26;11280.08;5190.18;32440.363
2026-08-03T22:50:52.285367+02:00;standby;27.1;29.4;5.0;28.0;50.2;57.0;0;0;0;0;16470.26;11280.08;5190.18;32440.363
2026-08-03T22:51:52.724060+02:00;standby;27.1;29.4;5.0;28.0;50.2;57.0;0;0;0;0;16470.26;11280.08;5190.18;32440.363
2026-08-03T22:52:53.139295+02:00;standby;26.6;29.4;5.0;28.0;50.2;57.0;0;0;0;0;16470.26;11280.08;5190.18;32440.363
2026-08-03T22:53:53.693051+02:00;standby;26.6;29.4;5.0;28.0;50.2;57.0;0;0;0;0;16470.26;11280.08;5190.18;32440.363
2026-08-03T22:54:54.110509+02:00;standby;26.6;29.4;5.0;28.0;50.1;57.0;0;0;0;0;16470.26;11280.08;5190.18;32440.363
2026-08-03T22:55:54.545287+02:00;standby;26.6;29.4;5.0;28.0;50.1;57.0;0;0;0;0;16470.26;11280.08;5190.18;32440.363
2026-08-03T22:56:55.213222+02:00;standby;26.6;29.4;5.0;28.0;50.1;57.0;0;0;0;0;16470.26;11280.08;5190.18;32440.363
2026-08-03T22:57:56.150942+02:00;standby;26.6;29.4;5.0;28.0;50.2;57.0;0;0;0;0;16470.26;11280.08;5190.18;32440.363
2026-08-03T22:58:56.856362+02:00;standby;26.6;29.4;5.0;28.0;50.1;57.0;0;0;0;0;16470.26;11280.08;5190.18;32440.363
2026-08-03T22:59:57.282191+02:00;standby;26.6;29.4;5.0;28.0;50.1;57.0;0;0;0;0;16470.26;11280.08;5190.18;32440.363
2026-08-03T23:00:57.743313+02:00;standby;26.6;29.3;5.0;25.0;50.1;57.0;0;0;0;0;16470.26;11280.08;5190.18;32440.363
2026-08-03T23:01:58.305300+02:00;standby;26.6;29.3;5.0;25.0;50.1;57.0;0;0;0;0;16470.26;11280.08;5190.18;32440.363
2026-08-03T23:02:58.784815+02:00;standby;26.6;29.3;5.0;25.0;50.1;57.0;0;0;0;0;16470.26;11280.08;5190.18;32440.363
2026-08-03T23:03:59.364729+02:00;standby;26.6;29.3;5.0;25.0;50.1;57.0;0;0;0;0;16470.26;11280.08;5190.18;32440.363
2026-08-03T23:04:59.943882+02:00;standby;26.6;29.3;5.0;25.0;50.1;57.0;0;0;0;0;16470.26;11280.08;5190.18;32440.363
2026-08-03T23:06:00.449990+02:00;standby;26.6;29.3;5.0;25.0;50.1;57.0;0;0;0;0;16470.26;11280.08;5190.18;32440.363
2026-08-03T23:07:00.911329+02:00;standby;26.6;29.3;5.0;25.0;50.0;57.0;0;0;0;0;16470.26;11280.08;5190.18;32440.363
2026-08-03T23:08:01.429484+02:00;standby;26.6;29.3;5.0;25.0;50.0;57.0;0;0;0;0;16470.26;11280.08;5190.18;32440.363
2026-08-03T23:09:01.854392+02:00;standby;26.6;29.3;5.0;25.0;50.0;57.0;0;0;0;0;16470.26;11280.08;5190.18;32440.363
2026-08-03T23:10:02.519828+02:00;standby;26.6;29.3;5.0;25.0;50.0;57.0;0;0;0;0;16470.26;11280.08;5190.18;32440.363
2026-08-03T23:11:03.094233+02:00;standby;26.6;29.3;5.0;25.0;50.0;57.0;0;0;0;0;16470.26;11280.08;5190.18;32440.363
2026-08-03T23:12:03.563162+02:00;standby;26.6;29.3;5.0;25.0;50.0;57.0;0;0;0;0;16470.26;11280.08;5190.18;32440.363
2026-08-03T23:13:04.174926+02:00;standby;26.6;29.3;5.0;25.0;50.0;57.0;0;0;0;0;16470.26;11280.08;5190.18;32440.363
2026-08-03T23:14:04.797434+02:00;standby;26.6;29.3;5.0;25.0;50.0;57.0;0;0;0;0;16470.26;11280.08;5190.18;32440.363
2026-08-03T23:15:05.383556+02:00;standby;26.6;29.3;5.0;25.0;50.0;57.0;0;0;0;0;16470.26;11280.08;5190.18;32440.363
2026-08-03T23:16:05.796280+02:00;standby;26.6;29.3;5.0;25.0;50.0;57.0;0;0;0;0;16470.26;11280.08;5190.18;32440.363
2026-08-03T23:17:06.617736+02:00;standby;26.6;29.3;5.0;25.0;50.0;57.0;0;0;0;0;16470.26;11280.08;5190.18;32440.363
2026-08-03T23:18:07.188211+02:00;standby;26.6;29.3;5.0;25.0;49.9;57.0;0;0;0;0;16470.26;11280.08;5190.18;32440.363
2026-08-03T23:19:07.647574+02:00;standby;26.6;29.3;5.0;25.0;49.9;57.0;0;0;0;0;16470.26;11280.08;5190.18;32440.363
2026-08-03T23:20:08.217259+02:00;standby;26.6;29.3;5.0;25.0;49.9;57.0;0;0;0;0;16470.26;11280.08;5190.18;32440.363
2026-08-03T23:21:09.415914+02:00;standby;26.6;29.3;5.0;25.0;49.9;57.0;0;0;0;0;16470.26;11280.08;5190.18;32440.363
2026-08-03T23:22:11.143448+02:00;standby;26.6;29.3;5.0;25.0;49.9;57.0;0;0;0;0;16470.26;11280.08;5190.18;32440.363
2026-08-03T23:23:11.630194+02:00;standby;26.6;29.3;5.0;25.0;49.9;57.0;0;0;0;0;16470.26;11280.08;5190.18;32440.363
2026-08-03T23:24:12.198759+02:00;standby;26.6;29.3;5.0;25.0;49.9;57.0;0;0;0;0;16470.26;11280.08;5190.18;32440.363
2026-08-03T23:25:12.672406+02:00;standby;26.6;29.3;5.0;25.0;49.9;57.0;0;0;0;0;16470.26;11280.08;5190.18;32440.363
2026-08-03T23:26:13.190234+02:00;standby;26.6;29.3;5.0;25.0;49.9;57.0;0;0;0;0;16470.26;11280.08;5190.18;32440.363
2026-08-03T23:27:13.763237+02:00;standby;26.6;29.2;5.0;25.0;49.9;57.0;0;0;0;0;16470.26;11280.08;5190.18;32440.363
2026-08-03T23:28:14.232714+02:00;standby;26.6;29.2;5.0;25.0;49.9;57.0;0;0;0;0;16470.26;11280.08;5190.18;32440.363
2026-08-03T23:29:14.736765+02:00;standby;26.6;29.3;5.0;25.0;49.9;57.0;0;0;0;0;16470.26;11280.08;5190.18;32440.363
2026-08-03T23:30:15.573818+02:00;standby;26.6;29.2;5.0;25.0;49.8;57.0;0;0;0;0;16470.26;11280.08;5190.18;32440.363
2026-08-03T23:31:16.033471+02:00;standby;26.6;29.2;5.0;25.0;49.8;57.0;0;0;0;0;16470.26;11280.08;5190.18;32440.363
2026-08-03T23:32:16.654817+02:00;standby;26.6;29.2;5.0;25.0;49.8;57.0;0;0;0;0;16470.26;11280.08;5190.18;32440.363
2026-08-03T23:33:17.236294+02:00;standby;26.6;29.2;5.0;25.0;49.8;57.0;0;0;0;0;16470.26;11280.08;5190.18;32440.363
2026-08-03T23:34:18.005154+02:00;standby;26.6;29.2;5.0;25.0;49.8;57.0;0;0;0;0;16470.26;11280.08;5190.18;32440.363
2026-08-03T23:35:18.482308+02:00;standby;26.6;29.2;5.0;25.0;49.8;57.0;0;0;0;0;16470.26;11280.08;5190.18;32440.363
2026-08-03T23:36:18.987422+02:00;standby;26.6;29.2;5.0;25.0;49.8;57.0;0;0;0;0;16470.26;11280.08;5190.18;32440.363
2026-08-03T23:37:19.456644+02:00;standby;26.6;29.2;5.0;25.0;49.8;57.0;0;0;0;0;16470.26;11280.08;5190.18;32440.363
2026-08-03T23:38:19.929385+02:00;standby;26.6;29.2;5.0;25.0;49.8;57.0;0;0;0;0;16470.26;11280.08;5190.18;32440.363
2026-08-03T23:39:20.583554+02:00;standby;26.6;29.2;5.0;25.0;49.8;57.0;0;0;0;0;16470.26;11280.08;5190.18;32440.363
2026-08-03T23:40:21.267928+02:00;standby;26.6;29.2;5.0;25.0;49.8;57.0;0;0;0;0;16470.26;11280.08;5190.18;32440.363
2026-08-03T23:41:21.690079+02:00;standby;26.6;29.2;5.0;25.0;49.8;57.0;0;0;0;0;16470.26;11280.08;5190.18;32440.363
2026-08-03T23:42:22.209856+02:00;standby;26.6;29.2;5.0;25.0;49.7;57.0;0;0;0;0;16470.26;11280.08;5190.18;32440.363
2026-08-03T23:43:22.725074+02:00;standby;26.6;29.2;5.0;25.0;49.7;57.0;0;0;0;0;16470.26;11280.08;5190.18;32440.363
2026-08-03T23:44:23.155459+02:00;standby;26.6;29.2;5.0;25.0;49.7;57.0;0;0;0;0;16470.26;11280.08;5190.18;32440.363
2026-08-03T23:45:23.765489+02:00;standby;26.6;29.2;5.0;25.0;49.7;57.0;0;0;0;0;16470.26;11280.08;5190.18;32440.363
2026-08-03T23:46:24.944853+02:00;standby;26.6;29.2;5.0;25.0;49.7;10.0;0;0;0;0;16470.26;11280.08;5190.18;32440.363
2026-08-03T23:47:25.485997+02:00;standby;26.6;29.2;5.0;25.0;49.7;10.0;0;0;0;0;16470.26;11280.08;5190.18;32440.363
2026-08-03T23:48:25.983165+02:00;standby;26.6;29.2;5.0;25.0;49.7;10.0;0;0;0;0;16470.26;11280.08;5190.18;32440.363
2026-08-03T23:49:26.729289+02:00;standby;26.6;29.2;5.0;25.0;49.7;10.0;0;0;0;0;16470.26;11280.08;5190.18;32440.363
2026-08-03T23:50:27.708761+02:00;standby;26.6;29.2;5.0;25.0;49.7;10.0;0;0;0;0;16470.26;11280.08;5190.18;32440.363
2026-08-03T23:51:28.275997+02:00;standby;26.6;29.2;5.0;25.0;49.7;10.0;0;0;0;0;16470.26;11280.08;5190.18;32440.363
2026-08-03T23:52:28.730477+02:00;standby;26.6;29.2;5.0;25.0;49.6;10.0;0;0;0;0;16470.26;11280.08;5190.18;32440.363
2026-08-03T23:53:29.201827+02:00;standby;27.1;29.2;5.0;25.0;49.7;10.0;0;0;0;0;16470.26;11280.08;5190.18;32440.363
2026-08-03T23:54:30.242815+02:00;standby;27.1;29.2;5.0;25.0;49.7;10.0;0;0;0;0;16470.26;11280.08;5190.18;32440.363
2026-08-03T23:55:30.700911+02:00;standby;27.1;29.2;5.0;25.0;49.6;10.0;0;0;0;0;16470.26;11280.08;5190.18;32440.363
2026-08-03T23:56:31.232176+02:00;standby;27.1;29.0;5.0;25.0;49.6;10.0;0;0;0;0;16470.26;11280.08;5190.18;32440.363
2026-08-03T23:57:32.053847+02:00;standby;27.1;29.2;5.0;25.0;49.6;10.0;0;0;0;0;16470.26;11280.08;5190.18;32440.363
2026-08-03T23:58:32.574554+02:00;standby;27.1;29.0;5.0;25.0;49.3;10.0;0;0;0;0;16470.26;11280.08;5190.18;32440.363
2026-08-03T23:59:33.401887+02:00;standby;27.1;29.0;5.0;25.0;48.8;10.0;0;0;0;0;16470.26;11280.08;5190.18;32440.363
2026-08-04T00:00:34.136522+02:00;standby;27.1;29.0;5.0;25.0;48.5;10.0;0;0;0;0;16470.26;11280.08;5190.18;32440.363
2026-08-04T00:01:34.643532+02:00;standby;27.1;29.0;5.0;25.0;48.2;10.0;0;0;0;0;16470.26;11280.08;5190.18;32440.363
2026-08-04T00:02:35.161019+02:00;standby;27.1;29.0;5.0;25.0;48.1;10.0;0;0;0;0;16470.26;11280.08;5190.18;32440.363
2026-08-04T00:03:35.714013+02:00;standby;27.1;29.0;5.0;25.0;48.1;10.0;0;0;0;0;16470.26;11280.08;5190.18;32440.363
2026-08-04T00:04:36.712516+02:00;standby;27.1;29.0;5.0;25.0;48.0;10.0;0;0;0;0;16470.26;11280.08;5190.18;32440.363
2026-08-04T00:05:37.227779+02:00;standby;27.1;29.0;5.0;25.0;48.0;10.0;0;0;0;0;16470.26;11280.08;5190.18;32440.363
2026-08-04T00:06:37.688663+02:00;standby;27.1;29.0;5.0;25.0;48.0;10.0;0;0;0;0;16470.26;11280.08;5190.18;32440.363
2026-08-04T00:07:38.247501+02:00;standby;27.1;29.0;5.0;25.0;48.0;10.0;0;0;0;0;16470.26;11280.08;5190.18;32440.363
2026-08-04T00:08:38.839643+02:00;standby;27.1;29.0;5.0;25.0;48.0;10.0;0;0;0;0;16470.26;11280.08;5190.18;32440.363
2026-08-04T00:09:39.424658+02:00;standby;27.1;29.0;5.0;25.0;48.0;10.0;0;0;0;0;16470.26;11280.08;5190.18;32440.363
2026-08-04T00:10:39.891594+02:00;standby;27.1;29.0;5.0;25.0;48.0;10.0;0;0;0;0;16470.26;11280.08;5190.18;32440.363
2026-08-04T00:11:40.429100+02:00;standby;27.1;29.0;5.0;25.0;48.0;10.0;0;0;0;0;16470.26;11280.08;5190.18;32440.363
2026-08-04T00:12:41.179351+02:00;standby;27.1;29.0;5.0;25.0;48.0;10.0;0;0;0;0;16470.26;11280.08;5190.18;32440.363
2026-08-04T00:13:41.691423+02:00;standby;27.1;29.0;5.0;25.0;48.0;10.0;0;0;0;0;16470.26;11280.08;5190.18;32440.363
2026-08-04T00:14:42.568475+02:00;standby;27.1;29.0;5.0;25.0;48.0;10.0;0;0;0;0;16470.26;11280.08;5190.18;32440.363
2026-08-04T00:15:43.303614+02:00;standby;27.1;29.0;5.0;25.0;47.9;10.0;0;0;0;0;16470.26;11280.08;5190.18;32440.363
2026-08-04T00:16:43.760660+02:00;standby;27.1;29.0;5.0;25.0;47.9;10.0;0;0;0;0;16470.26;11280.08;5190.18;32440.363
2026-08-04T00:17:44.482403+02:00;standby;27.1;29.0;5.0;25.0;47.9;10.0;0;0;0;0;16470.26;11280.08;5190.18;32440.363
2026-08-04T00:18:44.963195+02:00;standby;27.1;29.0;5.0;25.0;47.9;10.0;0;0;0;0;16470.26;11280.08;5190.18;32440.363
2026-08-04T00:19:45.730138+02:00;standby;27.1;29.0;5.0;25.0;47.9;10.0;0;0;0;0;16470.26;11280.08;5190.18;32440.363
2026-08-04T00:20:46.356034+02:00;standby;27.1;29.0;5.0;25.0;47.9;10.0;0;0;0;0;16470.26;11280.08;5190.18;32440.363
2026-08-04T00:21:46.851219+02:00;standby;27.1;29.0;5.0;25.0;47.9;10.0;0;0;0;0;16470.26;11280.08;5190.18;32440.363
2026-08-04T00:22:47.270943+02:00;standby;27.1;29.0;5.0;25.0;47.9;10.0;0;0;0;0;16470.26;11280.08;5190.18;32440.363
2026-08-04T00:23:47.710366+02:00;standby;27.1;29.0;5.0;25.0;47.9;10.0;0;0;0;0;16470.26;11280.08;5190.18;32440.363
2026-08-04T00:24:48.123472+02:00;standby;27.1;29.0;5.0;25.0;47.9;10.0;0;0;0;0;16470.26;11280.08;5190.18;32440.363
2026-08-04T00:25:49.497720+02:00;standby;27.1;29.0;5.0;25.0;47.9;10.0;0;0;0;0;16470.26;11280.08;5190.18;32440.363
2026-08-04T00:26:50.296493+02:00;standby;27.1;29.0;5.0;25.0;47.9;10.0;0;0;0;0;16470.26;11280.08;5190.18;32440.363
2026-08-04T00:27:50.705796+02:00;standby;27.1;29.0;5.0;25.0;47.9;10.0;0;0;0;0;16470.26;11280.08;5190.18;32440.363
2026-08-04T00:28:51.287298+02:00;standby;27.1;29.0;5.0;25.0;47.8;10.0;0;0;0;0;16470.26;11280.08;5190.18;32440.363
2026-08-04T00:29:53.819659+02:00;standby;27.1;29.0;5.0;25.0;47.8;10.0;0;0;0;0;16470.26;11280.08;5190.18;32440.363
2026-08-04T00:30:54.417638+02:00;standby;27.1;29.0;5.0;25.0;47.8;10.0;0;0;0;0;16470.26;11280.08;5190.18;32440.363
2026-08-04T00:31:54.970021+02:00;standby;27.1;28.9;5.0;25.0;47.8;10.0;0;0;0;0;16470.26;11280.08;5190.18;32440.363
2026-08-04T00:32:55.452221+02:00;standby;27.1;28.9;5.0;25.0;47.8;10.0;0;0;0;0;16470.26;11280.08;5190.18;32440.363
2026-08-04T00:33:56.359350+02:00;standby;27.1;28.9;5.0;25.0;47.8;10.0;0;0;0;0;16470.26;11280.08;5190.18;32440.363
2026-08-04T00:34:56.840197+02:00;standby;27.1;28.9;5.0;25.0;47.8;10.0;0;0;0;0;16470.26;11280.08;5190.18;32440.363
2026-08-04T00:35:57.601749+02:00;standby;27.1;28.9;5.0;25.0;47.8;10.0;0;0;0;0;16470.26;11280.08;5190.18;32440.363
2026-08-04T00:36:58.024617+02:00;standby;27.1;28.9;5.0;25.0;47.8;10.0;0;0;0;0;16470.26;11280.08;5190.18;32440.363
2026-08-04T00:38:01.160014+02:00;standby;27.1;28.9;5.0;25.0;47.8;10.0;0;0;0;0;16470.26;11280.08;5190.18;32440.363
2026-08-04T00:39:02.506387+02:00;standby;27.1;28.9;5.0;25.0;47.7;10.0;0;0;0;0;16470.26;11280.08;5190.18;32440.363
2026-08-04T00:40:03.030222+02:00;standby;27.1;28.9;5.0;25.0;47.7;10.0;0;0;0;0;16470.26;11280.08;5190.18;32440.363
2026-08-04T00:41:06.674718+02:00;standby;27.1;28.9;5.0;25.0;47.7;10.0;0;0;0;0;16470.26;11280.08;5190.18;32440.363
2026-08-04T00:42:07.325521+02:00;standby;27.1;28.9;5.0;25.0;47.7;10.0;0;0;0;0;16470.26;11280.08;5190.18;32440.363
2026-08-04T00:43:07.763257+02:00;standby;27.1;28.9;5.0;25.0;47.7;10.0;0;0;0;0;16470.26;11280.08;5190.18;32440.363
2026-08-04T00:44:08.908787+02:00;standby;27.1;28.9;5.0;25.0;47.7;10.0;0;0;0;0;16470.26;11280.08;5190.18;32440.363
2026-08-04T00:45:09.468496+02:00;standby;27.1;28.9;5.0;25.0;47.7;10.0;0;0;0;0;16470.26;11280.08;5190.18;32440.363
2026-08-04T00:46:10.709700+02:00;standby;27.1;28.9;5.0;25.0;47.7;10.0;0;0;0;0;16470.26;11280.08;5190.18;32440.363
2026-08-04T00:47:11.270971+02:00;standby;27.1;28.9;5.0;25.0;47.7;10.0;0;0;0;0;16470.26;11280.08;5190.18;32440.363
2026-08-04T00:48:12.092806+02:00;standby;27.1;28.9;5.0;25.0;47.7;10.0;0;0;0;0;16470.26;11280.08;5190.18;32440.363
2026-08-04T00:49:12.822905+02:00;standby;27.1;28.9;5.0;25.0;47.7;10.0;0;0;0;0;16470.26;11280.08;5190.18;32440.363
2026-08-04T00:50:13.534006+02:00;standby;27.1;28.9;5.0;25.0;47.7;10.0;0;0;0;0;16470.26;11280.08;5190.18;32440.363
2026-08-04T00:51:14.380403+02:00;standby;27.1;28.9;5.0;25.0;47.7;10.0;0;0;0;0;16470.26;11280.08;5190.18;32440.363
2026-08-04T00:52:16.028164+02:00;standby;27.1;28.9;5.0;25.0;47.7;10.0;0;0;0;0;16470.26;11280.08;5190.18;32440.363
2026-08-04T00:53:16.475631+02:00;standby;27.1;28.9;5.0;25.0;47.6;10.0;0;0;0;0;16470.26;11280.08;5190.18;32440.363
2026-08-04T00:54:16.931174+02:00;standby;25.5;28.9;5.0;25.0;47.6;10.0;0;0;0;0;16470.26;11280.08;5190.18;32440.363
2026-08-04T00:55:17.553107+02:00;standby;25.5;28.9;5.0;25.0;47.6;10.0;0;0;0;0;16470.26;11280.08;5190.18;32440.363
2026-08-04T00:56:18.079980+02:00;standby;25.5;28.9;5.0;25.0;47.6;10.0;0;0;0;0;16470.26;11280.08;5190.18;32440.363
2026-08-04T00:57:19.542621+02:00;standby;25.5;28.9;5.0;25.0;47.6;10.0;0;0;0;0;16470.26;11280.08;5190.18;32440.363
2026-08-04T00:58:20.067052+02:00;standby;25.5;28.9;5.0;25.0;47.6;10.0;0;0;0;0;16470.26;11280.08;5190.18;32440.363
2026-08-04T00:59:20.658626+02:00;standby;25.5;28.9;5.0;25.0;47.6;10.0;0;0;0;0;16470.26;11280.08;5190.18;32440.363
2026-08-04T01:00:21.260964+02:00;standby;25.5;28.9;5.0;25.0;47.6;10.0;0;0;0;0;16470.26;11280.08;5190.18;32440.363
2026-08-04T01:01:21.823321+02:00;standby;25.5;28.9;5.0;25.0;47.6;10.0;0;0;0;0;16470.26;11280.08;5190.18;32440.363
2026-08-04T01:02:22.315633+02:00;standby;25.5;28.9;5.0;25.0;47.6;10.0;0;0;0;0;16470.26;11280.08;5190.18;32440.363
2026-08-04T01:03:22.941100+02:00;standby;25.5;28.9;5.0;25.0;47.6;10.0;0;0;0;0;16470.26;11280.08;5190.18;32440.363
2026-08-04T01:04:23.882353+02:00;standby;25.5;28.9;5.0;25.0;47.6;10.0;0;0;0;0;16470.26;11280.08;5190.18;32440.363
2026-08-04T01:05:24.496063+02:00;standby;25.5;28.9;5.0;25.0;47.6;10.0;0;0;0;0;16470.26;11280.08;5190.18;32440.363
2026-08-04T01:06:25.627943+02:00;standby;25.5;28.9;5.0;25.0;47.6;10.0;0;0;0;0;16470.26;11280.08;5190.18;32440.363
2026-08-04T01:07:26.122355+02:00;standby;25.5;28.7;5.0;25.0;47.5;10.0;0;0;0;0;16470.26;11280.08;5190.18;32440.363
2026-08-04T01:08:26.553134+02:00;standby;25.5;28.9;5.0;25.0;47.5;10.0;0;0;0;0;16470.26;11280.08;5190.18;32440.363
2026-08-04T01:09:27.082614+02:00;standby;25.5;28.7;5.0;25.0;47.5;10.0;0;0;0;0;16470.26;11280.08;5190.18;32440.363
2026-08-04T01:10:28.214264+02:00;standby;25.5;28.7;5.0;25.0;47.5;10.0;0;0;0;0;16470.26;11280.08;5190.18;32440.363
2026-08-04T01:11:28.675492+02:00;standby;25.5;28.7;5.0;25.0;47.5;10.0;0;0;0;0;16470.26;11280.08;5190.18;32440.363
2026-08-04T01:12:29.103431+02:00;standby;25.5;28.7;5.0;25.0;47.5;10.0;0;0;0;0;16470.26;11280.08;5190.18;32440.363
2026-08-04T01:13:29.539449+02:00;standby;25.5;28.7;5.0;25.0;47.5;10.0;0;0;0;0;16470.26;11280.08;5190.18;32440.363
2026-08-04T01:14:30.392514+02:00;standby;25.5;28.7;5.0;25.0;47.5;10.0;0;0;0;0;16470.26;11280.08;5190.18;32440.363
2026-08-04T01:15:31.008750+02:00;standby;25.5;28.7;5.0;25.0;47.5;10.0;0;0;0;0;16470.26;11280.08;5190.18;32440.363
2026-08-04T01:16:31.644328+02:00;standby;25.5;28.7;5.0;25.0;47.5;10.0;0;0;0;0;16470.26;11280.08;5190.18;32440.363
2026-08-04T01:17:32.182327+02:00;standby;25.5;28.7;5.0;25.0;47.5;10.0;0;0;0;0;16470.26;11280.08;5190.18;32440.363
2026-08-04T01:18:32.649069+02:00;standby;25.5;28.7;5.0;25.0;47.5;10.0;0;0;0;0;16470.26;11280.08;5190.18;32440.363
2026-08-04T01:19:33.085973+02:00;standby;25.5;28.7;5.0;25.0;47.5;10.0;0;0;0;0;16470.26;11280.08;5190.18;32440.363
2026-08-04T01:20:33.530987+02:00;standby;25.5;28.7;5.0;25.0;47.4;10.0;0;0;0;0;16470.26;11280.08;5190.18;32440.363
2026-08-04T01:21:34.151885+02:00;standby;25.5;28.7;5.0;25.0;47.4;10.0;0;0;0;0;16470.26;11280.08;5190.18;32440.363
2026-08-04T01:22:34.601567+02:00;standby;25.5;28.7;5.0;25.0;47.4;10.0;0;0;0;0;16470.26;11280.08;5190.18;32440.363
2026-08-04T01:23:35.245591+02:00;standby;25.5;28.7;5.0;25.0;47.4;10.0;0;0;0;0;16470.26;11280.08;5190.18;32440.363
2026-08-04T01:24:35.685347+02:00;standby;25.5;28.7;5.0;25.0;47.4;10.0;0;0;0;0;16470.26;11280.08;5190.18;32440.363
2026-08-04T01:25:36.216886+02:00;standby;25.5;28.7;5.0;25.0;47.4;10.0;0;0;0;0;16470.26;11280.08;5190.18;32440.363
2026-08-04T01:26:36.732224+02:00;standby;25.5;28.7;5.0;25.0;47.4;10.0;0;0;0;0;16470.26;11280.08;5190.18;32440.363
2026-08-04T01:27:37.646776+02:00;standby;25.5;28.7;5.0;25.0;47.4;10.0;0;0;0;0;16470.26;11280.08;5190.18;32440.363
2026-08-04T01:28:38.270599+02:00;standby;25.5;28.7;5.0;25.0;47.4;10.0;0;0;0;0;16470.26;11280.08;5190.18;32440.363
2026-08-04T01:29:38.743242+02:00;standby;25.5;28.7;5.0;25.0;47.4;10.0;0;0;0;0;16470.26;11280.08;5190.18;32440.363
2026-08-04T01:30:39.563890+02:00;standby;25.5;28.7;5.0;25.0;47.4;10.0;0;0;0;0;16470.26;11280.08;5190.18;32440.363
2026-08-04T01:31:40.508225+02:00;standby;25.5;28.7;5.0;25.0;47.3;10.0;0;0;0;0;16470.26;11280.08;5190.18;32440.363
2026-08-04T01:32:40.963118+02:00;standby;25.5;28.7;5.0;25.0;47.3;10.0;0;0;0;0;16470.26;11280.08;5190.18;32440.363
2026-08-04T01:33:41.406565+02:00;standby;25.5;28.7;5.0;25.0;47.3;10.0;0;0;0;0;16470.26;11280.08;5190.18;32440.363
2026-08-04T01:34:41.928261+02:00;standby;25.5;28.7;5.0;25.0;47.3;10.0;0;0;0;0;16470.26;11280.08;5190.18;32440.363
2026-08-04T01:35:42.521104+02:00;standby;25.5;28.7;5.0;25.0;47.3;10.0;0;0;0;0;16470.26;11280.08;5190.18;32440.363
2026-08-04T01:36:43.575346+02:00;standby;25.5;28.7;5.0;25.0;47.3;10.0;0;0;0;0;16470.26;11280.08;5190.18;32440.363
2026-08-04T01:37:44.171040+02:00;standby;25.5;28.7;5.0;25.0;47.3;10.0;0;0;0;0;16470.26;11280.08;5190.18;32440.363
2026-08-04T01:38:44.696436+02:00;standby;25.5;28.7;5.0;25.0;47.3;10.0;0;0;0;0;16470.26;11280.08;5190.18;32440.363
2026-08-04T01:39:45.524402+02:00;standby;25.5;28.7;5.0;25.0;47.3;10.0;0;0;0;0;16470.26;11280.08;5190.18;32440.363
2026-08-04T01:40:46.003885+02:00;standby;25.5;28.7;5.0;25.0;47.3;10.0;0;0;0;0;16470.26;11280.08;5190.18;32440.363
2026-08-04T01:41:46.729166+02:00;standby;25.5;28.7;5.0;25.0;47.3;10.0;0;0;0;0;16470.26;11280.08;5190.18;32440.363
2026-08-04T01:42:47.160459+02:00;standby;25.5;28.7;5.0;25.0;47.3;10.0;0;0;0;0;16470.26;11280.08;5190.18;32440.363
2026-08-04T01:43:47.699702+02:00;standby;25.5;28.7;5.0;25.0;47.2;10.0;0;0;0;0;16470.26;11280.08;5190.18;32440.363
2026-08-04T01:44:48.169757+02:00;standby;25.5;28.7;5.0;25.0;47.2;10.0;0;0;0;0;16470.26;11280.08;5190.18;32440.363
2026-08-04T01:45:48.600438+02:00;standby;25.5;28.7;5.0;25.0;47.2;10.0;0;0;0;0;16470.26;11280.08;5190.18;32440.363
2026-08-04T01:46:49.062632+02:00;standby;25.5;28.7;5.0;25.0;47.2;10.0;0;0;0;0;16470.26;11280.08;5190.18;32440.363
2026-08-04T01:47:50.108511+02:00;standby;25.5;28.7;5.0;25.0;47.2;10.0;0;0;0;0;16470.26;11280.08;5190.18;32440.363
2026-08-04T01:48:50.871365+02:00;standby;25.5;28.7;5.0;25.0;47.2;10.0;0;0;0;0;16470.26;11280.08;5190.18;32440.363
2026-08-04T01:49:51.425360+02:00;standby;25.5;28.7;5.0;25.0;47.2;10.0;0;0;0;0;16470.26;11280.08;5190.18;32440.363
2026-08-04T01:50:51.910746+02:00;standby;25.5;28.7;5.0;25.0;47.2;10.0;0;0;0;0;16470.26;11280.08;5190.18;32440.363
2026-08-04T01:51:52.577150+02:00;standby;25.5;28.7;5.0;25.0;47.2;10.0;0;0;0;0;16470.26;11280.08;5190.18;32440.363
2026-08-04T01:52:53.095821+02:00;standby;25.5;28.7;5.0;25.0;47.2;10.0;0;0;0;0;16470.26;11280.08;5190.18;32440.363
2026-08-04T01:53:53.607403+02:00;standby;25.5;28.7;5.0;25.0;47.2;10.0;0;0;0;0;16470.26;11280.08;5190.18;32440.363
2026-08-04T01:54:54.146505+02:00;standby;25.2;28.7;5.0;25.0;47.2;10.0;0;0;0;0;16470.26;11280.08;5190.18;32440.363
2026-08-04T01:55:54.610154+02:00;standby;25.2;28.7;5.0;25.0;47.2;10.0;0;0;0;0;16470.26;11280.08;5190.18;32440.363
2026-08-04T01:56:55.991852+02:00;standby;25.2;28.7;5.0;25.0;47.2;10.0;0;0;0;0;16470.26;11280.08;5190.18;32440.363
2026-08-04T01:57:56.509996+02:00;standby;25.2;28.7;5.0;25.0;47.1;10.0;0;0;0;0;16470.26;11280.08;5190.18;32440.363
2026-08-04T01:58:56.987460+02:00;standby;25.2;28.7;5.0;25.0;47.2;10.0;0;0;0;0;16470.26;11280.08;5190.18;32440.363
2026-08-04T01:59:57.554109+02:00;standby;25.2;28.7;5.0;25.0;47.1;10.0;0;0;0;0;16470.26;11280.08;5190.18;32440.363
2026-08-04T02:00:58.030857+02:00;standby;25.2;28.7;5.0;25.0;47.1;10.0;0;0;0;0;16470.26;11280.08;5190.18;32440.363
2026-08-04T02:01:58.682023+02:00;standby;25.2;28.7;5.0;25.0;47.1;10.0;0;0;0;0;16470.26;11280.08;5190.18;32440.363
2026-08-04T02:02:59.471854+02:00;standby;25.2;28.7;5.0;25.0;47.1;10.0;0;0;0;0;16470.26;11280.08;5190.18;32440.363
2026-08-04T02:03:59.989329+02:00;standby;25.2;28.7;5.0;25.0;47.1;10.0;0;0;0;0;16470.26;11280.08;5190.18;32440.363
2026-08-04T02:05:00.826785+02:00;standby;25.2;28.7;5.0;25.0;47.1;10.0;0;0;0;0;16470.26;11280.08;5190.18;32440.363
2026-08-04T02:06:01.642967+02:00;standby;25.2;28.7;5.0;25.0;47.1;10.0;0;0;0;0;16470.26;11280.08;5190.18;32440.363
2026-08-04T02:07:02.165834+02:00;standby;25.2;28.7;5.0;25.0;47.1;10.0;0;0;0;0;16470.26;11280.08;5190.18;32440.363
2026-08-04T02:08:02.689007+02:00;standby;25.2;28.6;5.0;25.0;47.1;10.0;0;0;0;0;16470.26;11280.08;5190.18;32440.363
2026-08-04T02:09:03.763514+02:00;standby;25.2;28.7;5.0;25.0;47.1;10.0;0;0;0;0;16470.26;11280.08;5190.18;32440.363
2026-08-04T02:10:04.282177+02:00;standby;25.2;28.6;5.0;25.0;47.1;10.0;0;0;0;0;16470.26;11280.08;5190.18;32440.363
2026-08-04T02:11:05.363593+02:00;standby;25.2;28.6;5.0;25.0;47.1;10.0;0;0;0;0;16470.26;11280.08;5190.18;32440.363
2026-08-04T02:12:05.789900+02:00;standby;25.2;28.6;5.0;25.0;47.0;10.0;0;0;0;0;16470.26;11280.08;5190.18;32440.363
2026-08-04T02:13:06.310696+02:00;standby;25.2;28.6;5.0;25.0;47.0;10.0;0;0;0;0;16470.26;11280.08;5190.18;32440.363
2026-08-04T02:14:06.761456+02:00;standby;25.2;28.6;5.0;25.0;47.0;10.0;0;0;0;0;16470.26;11280.08;5190.18;32440.363
2026-08-04T02:15:10.101575+02:00;standby;25.2;28.6;5.0;25.0;47.0;10.0;0;0;0;0;16470.26;11280.08;5190.18;32440.363
2026-08-04T02:16:10.787320+02:00;standby;25.2;28.6;5.0;25.0;47.0;10.0;0;0;0;0;16470.26;11280.08;5190.18;32440.363
2026-08-04T02:17:11.293013+02:00;standby;25.2;28.6;5.0;25.0;47.0;10.0;0;0;0;0;16470.26;11280.08;5190.18;32440.363
2026-08-04T02:18:11.913101+02:00;standby;25.2;28.7;5.0;25.0;47.0;10.0;0;0;0;0;16470.26;11280.08;5190.18;32440.363
2026-08-04T02:19:12.430409+02:00;standby;25.2;28.6;5.0;25.0;47.0;10.0;0;0;0;0;16470.26;11280.08;5190.18;32440.363
2026-08-04T02:20:12.906489+02:00;standby;25.2;28.6;5.0;25.0;47.0;10.0;0;0;0;0;16470.26;11280.08;5190.18;32440.363
2026-08-04T02:21:15.749159+02:00;standby;25.2;28.6;5.0;25.0;47.0;10.0;0;0;0;0;16470.26;11280.08;5190.18;32440.363
2026-08-04T02:22:18.448823+02:00;standby;25.2;28.6;5.0;25.0;47.0;10.0;0;0;0;0;16470.26;11280.08;5190.18;32440.363
2026-08-04T02:23:18.931750+02:00;standby;25.2;28.6;5.0;25.0;47.0;10.0;0;0;0;0;16470.26;11280.08;5190.18;32440.363
2026-08-04T02:24:19.398226+02:00;standby;25.2;28.6;5.0;25.0;47.0;10.0;0;0;0;0;16470.26;11280.08;5190.18;32440.363
2026-08-04T02:25:19.959561+02:00;standby;25.2;28.6;5.0;25.0;46.9;10.0;0;0;0;0;16470.26;11280.08;5190.18;32440.363
2026-08-04T02:26:20.603116+02:00;standby;25.2;28.6;5.0;25.0;47.0;10.0;0;0;0;0;16470.26;11280.08;5190.18;32440.363
2026-08-04T02:27:21.115965+02:00;standby;25.2;28.6;5.0;25.0;46.9;10.0;0;0;0;0;16470.26;11280.08;5190.18;32440.363
2026-08-04T02:28:21.723281+02:00;standby;25.2;28.6;5.0;25.0;46.9;10.0;0;0;0;0;16470.26;11280.08;5190.18;32440.363
2026-08-04T02:29:22.390930+02:00;standby;25.2;28.6;5.0;25.0;46.9;10.0;0;0;0;0;16470.26;11280.08;5190.18;32440.363
2026-08-04T02:30:23.618355+02:00;standby;25.2;28.6;5.0;25.0;46.9;10.0;0;0;0;0;16470.26;11280.08;5190.18;32440.363
2026-08-04T02:31:24.157606+02:00;standby;25.2;28.6;5.0;25.0;46.9;10.0;0;0;0;0;16470.26;11280.08;5190.18;32440.363
2026-08-04T02:32:24.616823+02:00;standby;25.2;28.6;5.0;25.0;46.9;10.0;0;0;0;0;16470.26;11280.08;5190.18;32440.363
2026-08-04T02:33:27.945856+02:00;standby;25.2;28.6;5.0;25.0;46.9;10.0;0;0;0;0;16470.26;11280.08;5190.18;32440.363
2026-08-04T02:34:28.419730+02:00;standby;25.2;28.6;5.0;25.0;46.9;10.0;0;0;0;0;16470.26;11280.08;5190.18;32440.363
2026-08-04T02:35:29.902723+02:00;standby;25.2;28.6;5.0;25.0;46.9;10.0;0;0;0;0;16470.26;11280.08;5190.18;32440.363
2026-08-04T02:36:32.896348+02:00;standby;25.2;28.6;5.0;25.0;46.9;10.0;0;0;0;0;16470.26;11280.08;5190.18;32440.363
2026-08-04T02:37:33.354514+02:00;standby;25.2;28.6;5.0;25.0;46.9;10.0;0;0;0;0;16470.26;11280.08;5190.18;32440.363
2026-08-04T02:38:33.878285+02:00;standby;25.2;28.6;5.0;25.0;46.9;10.0;0;0;0;0;16470.26;11280.08;5190.18;32440.363
2026-08-04T02:39:34.556448+02:00;standby;25.2;28.6;5.0;25.0;46.9;10.0;0;0;0;0;16470.26;11280.08;5190.18;32440.363
2026-08-04T02:40:35.068946+02:00;standby;25.2;28.6;5.0;25.0;46.8;10.0;0;0;0;0;16470.26;11280.08;5190.18;32440.363
2026-08-04T02:41:35.891362+02:00;standby;25.2;28.6;5.0;25.0;46.8;10.0;0;0;0;0;16470.26;11280.08;5190.18;32440.363
2026-08-04T02:42:36.376823+02:00;standby;25.2;28.6;5.0;25.0;46.8;10.0;0;0;0;0;16470.26;11280.08;5190.18;32440.363
2026-08-04T02:43:36.888418+02:00;standby;25.2;28.6;5.0;25.0;46.8;10.0;0;0;0;0;16470.26;11280.08;5190.18;32440.363
2026-08-04T02:44:37.400286+02:00;standby;25.2;28.6;5.0;25.0;46.8;10.0;0;0;0;0;16470.26;11280.08;5190.18;32440.363
2026-08-04T02:45:37.934531+02:00;standby;25.2;28.6;5.0;25.0;46.8;10.0;0;0;0;0;16470.26;11280.08;5190.18;32440.363
2026-08-04T02:46:38.484653+02:00;standby;25.2;28.6;5.0;25.0;46.8;10.0;0;0;0;0;16470.26;11280.08;5190.18;32440.363
2026-08-04T02:47:38.964428+02:00;standby;25.2;28.6;5.0;25.0;46.8;10.0;0;0;0;0;16470.26;11280.08;5190.18;32440.363
2026-08-04T02:48:39.528210+02:00;standby;25.2;28.6;5.0;25.0;46.8;10.0;0;0;0;0;16470.26;11280.08;5190.18;32440.363
2026-08-04T02:49:39.897662+02:00;standby;25.2;28.6;5.0;25.0;46.8;10.0;0;0;0;0;16470.26;11280.08;5190.18;32440.363
2026-08-04T02:50:40.411637+02:00;standby;25.2;28.6;5.0;25.0;46.8;10.0;0;0;0;0;16470.26;11280.08;5190.18;32440.363
2026-08-04T02:51:41.046213+02:00;standby;25.2;28.6;5.0;25.0;46.8;10.0;0;0;0;0;16470.26;11280.08;5190.18;32440.363
2026-08-04T02:52:41.546403+02:00;standby;25.2;28.6;5.0;25.0;46.8;10.0;0;0;0;0;16470.26;11280.08;5190.18;32440.363
2026-08-04T02:53:41.979452+02:00;standby;25.2;28.6;5.0;25.0;46.8;10.0;0;0;0;0;16470.26;11280.08;5190.18;32440.363
2026-08-04T02:54:42.500789+02:00;standby;25.2;28.5;5.0;25.0;46.8;10.0;0;0;0;0;16470.26;11280.08;5190.18;32440.363
2026-08-04T02:55:43.212202+02:00;standby;24.1;28.5;5.0;25.0;46.8;10.0;0;0;0;0;16470.26;11280.08;5190.18;32440.363
2026-08-04T02:56:43.705140+02:00;standby;24.1;28.6;5.0;25.0;46.7;10.0;0;0;0;0;16470.26;11280.08;5190.18;32440.363
2026-08-04T02:57:44.216717+02:00;standby;24.1;28.6;5.0;25.0;46.7;10.0;0;0;0;0;16470.26;11280.08;5190.18;32440.363
2026-08-04T02:58:44.718904+02:00;standby;24.1;28.6;5.0;25.0;46.7;10.0;0;0;0;0;16470.26;11280.08;5190.18;32440.363
2026-08-04T02:59:45.192499+02:00;standby;24.1;28.6;5.0;25.0;46.7;10.0;0;0;0;0;16470.26;11280.08;5190.18;32440.363
2026-08-04T03:00:45.670036+02:00;standby;24.1;28.5;5.0;25.0;46.7;10.0;0;0;0;0;16470.26;11280.08;5190.18;32440.363
2026-08-04T03:01:46.430582+02:00;standby;24.1;28.5;5.0;25.0;46.7;10.0;0;0;0;0;16470.26;11280.08;5190.18;32440.363
2026-08-04T03:02:46.905323+02:00;standby;24.1;28.5;5.0;25.0;46.7;10.0;0;0;0;0;16470.26;11280.08;5190.18;32440.363
2026-08-04T03:03:47.584343+02:00;standby;24.1;28.5;5.0;25.0;46.7;10.0;0;0;0;0;16470.26;11280.08;5190.18;32440.363
2026-08-04T03:04:48.064090+02:00;standby;24.1;28.5;5.0;25.0;46.7;10.0;0;0;0;0;16470.26;11280.08;5190.18;32440.363
2026-08-04T03:05:48.521054+02:00;standby;24.1;28.6;5.0;25.0;46.7;10.0;0;0;0;0;16470.26;11280.08;5190.18;32440.363
2026-08-04T03:06:48.938624+02:00;standby;24.1;28.5;5.0;25.0;46.7;10.0;0;0;0;0;16470.26;11280.08;5190.18;32440.363
2026-08-04T03:07:49.511908+02:00;standby;24.1;28.5;5.0;25.0;46.7;10.0;0;0;0;0;16470.26;11280.08;5190.18;32440.363
2026-08-04T03:08:50.479589+02:00;standby;24.1;28.5;5.0;25.0;46.7;10.0;0;0;0;0;16470.26;11280.08;5190.18;32440.363
2026-08-04T03:09:50.912682+02:00;standby;24.1;28.5;5.0;25.0;46.6;10.0;0;0;0;0;16470.26;11280.08;5190.18;32440.363
2026-08-04T03:10:51.422605+02:00;standby;24.1;28.5;5.0;25.0;46.6;10.0;0;0;0;0;16470.26;11280.08;5190.18;32440.363
2026-08-04T03:11:52.818821+02:00;standby;24.1;28.5;5.0;25.0;46.6;10.0;0;0;0;0;16470.26;11280.08;5190.18;32440.363
2026-08-04T03:12:53.464780+02:00;standby;24.1;28.5;5.0;25.0;46.6;10.0;0;0;0;0;16470.26;11280.08;5190.18;32440.363
2026-08-04T03:13:53.965734+02:00;standby;24.1;28.5;5.0;25.0;46.6;10.0;0;0;0;0;16470.26;11280.08;5190.18;32440.363
2026-08-04T03:14:55.025141+02:00;standby;24.1;28.5;5.0;25.0;46.6;10.0;0;0;0;0;16470.26;11280.08;5190.18;32440.363
2026-08-04T03:15:55.759783+02:00;standby;24.1;28.5;5.0;25.0;46.6;10.0;0;0;0;0;16470.26;11280.08;5190.18;32440.363
2026-08-04T03:16:56.726064+02:00;standby;24.1;28.5;5.0;25.0;46.6;10.0;0;0;0;0;16470.26;11280.08;5190.18;32440.363
2026-08-04T03:17:57.167345+02:00;standby;24.1;28.5;5.0;25.0;46.6;10.0;0;0;0;0;16470.26;11280.08;5190.18;32440.363
2026-08-04T03:18:58.763719+02:00;standby;24.1;28.5;5.0;25.0;46.6;10.0;0;0;0;0;16470.26;11280.08;5190.18;32440.363
2026-08-04T03:19:59.426078+02:00;standby;24.1;28.5;5.0;25.0;46.6;10.0;0;0;0;0;16470.26;11280.08;5190.18;32440.363
2026-08-04T03:21:00.407045+02:00;standby;24.1;28.5;5.0;25.0;46.6;10.0;0;0;0;0;16470.26;11280.08;5190.18;32440.363
2026-08-04T03:22:00.875859+02:00;standby;24.1;28.5;5.0;25.0;46.6;10.0;0;0;0;0;16470.26;11280.08;5190.18;32440.363
2026-08-04T03:23:01.437322+02:00;standby;24.1;28.5;5.0;25.0;46.6;10.0;0;0;0;0;16470.26;11280.08;5190.18;32440.363
2026-08-04T03:24:02.056079+02:00;standby;24.1;28.5;5.0;25.0;46.6;10.0;0;0;0;0;16470.26;11280.08;5190.18;32440.363
2026-08-04T03:25:03.506693+02:00;standby;24.1;28.5;5.0;25.0;46.6;10.0;0;0;0;0;16470.26;11280.08;5190.18;32440.363
2026-08-04T03:26:04.024213+02:00;standby;24.1;28.5;5.0;25.0;46.5;10.0;0;0;0;0;16470.26;11280.08;5190.18;32440.363
2026-08-04T03:27:04.605570+02:00;standby;24.1;28.5;5.0;25.0;46.5;10.0;0;0;0;0;16470.26;11280.08;5190.18;32440.363
2026-08-04T03:28:05.099127+02:00;standby;24.1;28.5;5.0;25.0;46.5;10.0;0;0;0;0;16470.26;11280.08;5190.18;32440.363
2026-08-04T03:29:05.943381+02:00;standby;24.1;28.5;5.0;25.0;46.5;10.0;0;0;0;0;16470.26;11280.08;5190.18;32440.363
2026-08-04T03:30:06.446010+02:00;standby;24.1;28.5;5.0;25.0;46.5;10.0;0;0;0;0;16470.26;11280.08;5190.18;32440.363
2026-08-04T03:31:06.931762+02:00;standby;24.1;28.5;5.0;25.0;46.5;10.0;0;0;0;0;16470.26;11280.08;5190.18;32440.363
2026-08-04T03:32:07.539161+02:00;standby;24.1;28.5;5.0;25.0;46.5;10.0;0;0;0;0;16470.26;11280.08;5190.18;32440.363
2026-08-04T03:33:08.021734+02:00;standby;24.1;28.5;5.0;25.0;46.5;10.0;0;0;0;0;16470.26;11280.08;5190.18;32440.363
2026-08-04T03:34:08.938939+02:00;standby;24.1;28.5;5.0;25.0;46.5;10.0;0;0;0;0;16470.26;11280.08;5190.18;32440.363
2026-08-04T03:35:09.519837+02:00;standby;24.1;28.5;5.0;25.0;46.5;10.0;0;0;0;0;16470.26;11280.08;5190.18;32440.363
2026-08-04T03:36:10.052576+02:00;standby;24.1;28.5;5.0;25.0;46.5;10.0;0;0;0;0;16470.26;11280.08;5190.18;32440.363
2026-08-04T03:37:10.558441+02:00;standby;24.1;28.5;5.0;25.0;46.5;10.0;0;0;0;0;16470.26;11280.08;5190.18;32440.363
2026-08-04T03:38:11.781950+02:00;standby;24.1;28.5;5.0;25.0;46.5;10.0;0;0;0;0;16470.26;11280.08;5190.18;32440.363
2026-08-04T03:39:12.249092+02:00;standby;24.1;28.5;5.0;25.0;46.5;10.0;0;0;0;0;16470.26;11280.08;5190.18;32440.363
2026-08-04T03:40:12.938832+02:00;standby;24.1;28.5;5.0;25.0;46.5;10.0;0;0;0;0;16470.26;11280.08;5190.18;32440.363
2026-08-04T03:41:13.546611+02:00;standby;24.1;28.5;5.0;25.0;46.4;10.0;0;0;0;0;16470.26;11280.08;5190.18;32440.363
2026-08-04T03:42:14.743754+02:00;standby;24.1;28.5;5.0;25.0;46.4;10.0;0;0;0;0;16470.26;11280.08;5190.18;32440.363
2026-08-04T03:43:15.268023+02:00;standby;24.1;28.5;5.0;25.0;46.4;10.0;0;0;0;0;16470.26;11280.08;5190.18;32440.363
2026-08-04T03:44:15.916247+02:00;standby;24.1;28.5;5.0;25.0;46.4;10.0;0;0;0;0;16470.26;11280.08;5190.18;32440.363
2026-08-04T03:45:16.497142+02:00;standby;24.1;28.5;5.0;25.0;46.4;10.0;0;0;0;0;16470.26;11280.08;5190.18;32440.363
2026-08-04T03:46:16.968512+02:00;standby;24.1;28.5;5.0;25.0;46.4;10.0;0;0;0;0;16470.26;11280.08;5190.18;32440.363
2026-08-04T03:47:17.484510+02:00;standby;24.1;28.5;5.0;25.0;46.4;10.0;0;0;0;0;16470.26;11280.08;5190.18;32440.363
2026-08-04T03:48:18.114624+02:00;standby;24.1;28.5;5.0;25.0;46.4;10.0;0;0;0;0;16470.26;11280.08;5190.18;32440.363
2026-08-04T03:49:18.622806+02:00;standby;24.1;28.5;5.0;25.0;46.4;10.0;0;0;0;0;16470.26;11280.08;5190.18;32440.363
2026-08-04T03:50:19.136374+02:00;standby;24.1;28.5;5.0;25.0;46.4;10.0;0;0;0;0;16470.26;11280.08;5190.18;32440.363
2026-08-04T03:51:19.578836+02:00;standby;24.1;28.5;5.0;25.0;46.4;10.0;0;0;0;0;16470.26;11280.08;5190.18;32440.363
2026-08-04T03:52:20.080835+02:00;standby;24.1;28.3;5.0;25.0;46.4;10.0;0;0;0;0;16470.26;11280.08;5190.18;32440.363
2026-08-04T03:53:20.806190+02:00;standby;24.1;28.5;5.0;25.0;46.3;10.0;0;0;0;0;16470.26;11280.08;5190.18;32440.363
2026-08-04T03:54:22.650545+02:00;standby;24.1;28.5;5.0;25.0;46.4;10.0;0;0;0;0;16470.26;11280.08;5190.18;32440.363
2026-08-04T03:55:23.222860+02:00;standby;24.1;28.5;5.0;25.0;46.3;10.0;0;0;0;0;16470.26;11280.08;5190.18;32440.363
2026-08-04T03:56:23.947347+02:00;standby;23.1;28.5;5.0;25.0;46.3;10.0;0;0;0;0;16470.26;11280.08;5190.18;32440.363
2026-08-04T03:57:24.466203+02:00;standby;23.1;28.5;5.0;25.0;46.3;10.0;0;0;0;0;16470.26;11280.08;5190.18;32440.363
2026-08-04T03:58:24.919060+02:00;standby;23.1;28.5;5.0;25.0;46.3;10.0;0;0;0;0;16470.26;11280.08;5190.18;32440.363
2026-08-04T03:59:25.458167+02:00;standby;23.1;28.3;5.0;25.0;46.3;10.0;0;0;0;0;16470.26;11280.08;5190.18;32440.363
2026-08-04T04:00:25.919585+02:00;standby;23.1;28.5;5.0;25.0;46.3;10.0;0;0;0;0;16470.26;11280.08;5190.18;32440.363
2026-08-04T04:01:26.964451+02:00;dhw;23.1;38.3;85.0;25.0;46.2;57.0;1;23;1;100;16470.3;11280.08;5190.23;32440.363
2026-08-04T04:01:37.558567+02:00;dhw;23.1;37.9;85.0;25.0;46.2;57.0;1;23;1;100;16470.32;11280.08;5190.24;32440.363
2026-08-04T04:01:51.518383+02:00;dhw;23.1;38.0;85.0;25.0;46.1;57.0;1;23;1;100;16470.32;11280.08;5190.24;32440.363
2026-08-04T04:02:02.125297+02:00;dhw;23.1;38.5;85.0;25.0;46.1;57.0;1;23;1;100;16470.34;11280.08;5190.26;32440.363
2026-08-04T04:02:12.682816+02:00;dhw;23.1;39.1;85.0;25.0;45.9;57.0;1;23;1;100;16470.35;11280.08;5190.27;32440.363
2026-08-04T04:02:23.336388+02:00;dhw;23.1;39.7;85.0;25.0;45.8;57.0;1;23;1;100;16470.36;11280.08;5190.28;32440.363
2026-08-04T04:02:34.290737+02:00;dhw;23.1;40.3;85.0;25.0;45.8;57.0;1;28;1;100;16470.37;11280.08;5190.29;32440.363
2026-08-04T04:02:45.299028+02:00;dhw;23.1;41.2;85.0;25.0;45.7;57.0;1;38;1;100;16470.38;11280.08;5190.3;32440.363
2026-08-04T04:02:55.789359+02:00;dhw;23.1;43.0;85.0;25.0;45.6;57.0;1;51;1;100;16470.4;11280.08;5190.32;32440.363
2026-08-04T04:03:06.643892+02:00;dhw;23.1;45.1;85.0;25.0;45.6;57.0;1;64;1;100;16470.42;11280.08;5190.35;32440.363
2026-08-04T04:03:17.295404+02:00;dhw;23.1;47.2;85.0;25.0;45.5;57.0;1;75;1;100;16470.45;11280.08;5190.37;32440.363
2026-08-04T04:03:27.889829+02:00;dhw;23.1;49.1;85.0;25.0;45.5;57.0;1;86;1;100;16470.48;11280.08;5190.4;32440.363
2026-08-04T04:03:38.747480+02:00;dhw;23.1;51.0;85.0;25.0;45.4;57.0;1;94;1;100;16470.51;11280.08;5190.43;32440.363
2026-08-04T04:03:49.999991+02:00;dhw;23.1;54.0;85.0;25.0;45.4;57.0;1;108;1;100;16470.56;11280.08;5190.48;32440.363
2026-08-04T04:04:00.705119+02:00;dhw;23.1;57.1;85.0;25.0;45.4;57.0;1;108;1;100;16470.61;11280.08;5190.54;32440.363
2026-08-04T04:04:11.791510+02:00;dhw;23.1;59.4;85.0;25.0;45.3;57.0;1;108;1;100;16470.66;11280.08;5190.58;32440.463
2026-08-04T04:04:22.535484+02:00;dhw;23.1;61.1;85.0;25.0;45.3;57.0;1;108;1;100;16470.7;11280.08;5190.62;32440.463
2026-08-04T04:04:33.495873+02:00;dhw;23.1;63.0;85.0;25.0;45.4;57.0;1;108;1;100;16470.75;11280.08;5190.67;32440.463
2026-08-04T04:04:44.132376+02:00;dhw;23.1;64.2;85.0;25.0;45.4;57.0;1;108;1;100;16470.78;11280.08;5190.71;32440.463
2026-08-04T04:04:54.780765+02:00;dhw;23.1;65.3;85.0;25.0;45.5;57.0;1;108;1;100;16470.83;11280.08;5190.75;32440.463
2026-08-04T04:05:05.743047+02:00;dhw;23.1;66.3;85.0;25.0;45.6;57.0;1;108;1;100;16470.87;11280.08;5190.79;32440.463
2026-08-04T04:05:17.010415+02:00;dhw;23.1;67.2;85.0;25.0;45.7;57.0;1;108;1;100;16470.91;11280.08;5190.83;32440.463
2026-08-04T04:05:27.801461+02:00;dhw;23.1;68.0;85.0;25.0;45.8;57.0;1;108;1;100;16470.96;11280.08;5190.88;32440.463
2026-08-04T04:05:38.459447+02:00;dhw;23.1;69.1;85.0;25.0;45.9;57.0;1;108;1;100;16471.02;11280.08;5190.94;32440.463
2026-08-04T04:05:49.174190+02:00;dhw;23.1;69.2;85.0;25.0;46.1;57.0;1;108;1;100;16471.04;11280.08;5190.96;32440.463
2026-08-04T04:06:00.316209+02:00;dhw;23.1;70.0;85.0;25.0;46.2;57.0;1;108;1;100;16471.09;11280.08;5191.01;32440.463
2026-08-04T04:06:13.008444+02:00;dhw;23.1;70.7;85.0;25.0;46.6;57.0;1;108;1;100;16471.16;11280.08;5191.08;32440.463
2026-08-04T04:06:23.580329+02:00;dhw;23.1;71.1;85.0;25.0;46.8;57.0;1;108;1;100;16471.2;11280.08;5191.13;32440.463
2026-08-04T04:06:34.523170+02:00;dhw;23.1;71.5;85.0;25.0;47.0;57.0;1;108;1;100;16471.25;11280.08;5191.17;32440.463
2026-08-04T04:06:45.682834+02:00;dhw;23.1;71.8;85.0;25.0;47.2;57.0;1;108;1;100;16471.29;11280.08;5191.21;32440.463
2026-08-04T04:06:56.781868+02:00;dhw;23.1;72.1;85.0;25.0;47.4;57.0;1;108;1;100;16471.33;11280.08;5191.25;32440.463
2026-08-04T04:07:07.486174+02:00;dhw;23.1;72.5;85.0;25.0;47.6;57.0;1;108;1;100;16471.37;11280.08;5191.3;32440.463
2026-08-04T04:07:18.295502+02:00;dhw;23.1;72.7;85.0;25.0;47.8;57.0;1;108;1;100;16471.42;11280.08;5191.34;32440.463
2026-08-04T04:07:29.103956+02:00;dhw;23.1;72.9;85.0;25.0;47.8;57.0;1;108;1;100;16471.45;11280.08;5191.37;32440.463
2026-08-04T04:07:40.008159+02:00;dhw;23.1;73.3;85.0;25.0;48.2;57.0;1;108;1;100;16471.5;11280.08;5191.42;32440.463
2026-08-04T04:07:50.873566+02:00;dhw;23.1;73.7;85.0;25.0;48.5;57.0;1;108;1;100;16471.58;11280.08;5191.5;32440.463
2026-08-04T04:08:01.672173+02:00;dhw;23.1;74.0;85.0;25.0;48.6;57.0;1;108;1;100;16471.62;11280.08;5191.55;32440.562
2026-08-04T04:08:12.375147+02:00;dhw;23.1;74.3;85.0;25.0;49.0;57.0;1;108;1;100;16471.66;11280.08;5191.59;32440.562
2026-08-04T04:08:23.004905+02:00;dhw;23.1;74.5;85.0;25.0;49.1;57.0;1;108;1;100;16471.71;11280.08;5191.63;32440.562
2026-08-04T04:08:34.138572+02:00;dhw;23.1;74.8;85.0;25.0;49.3;57.0;1;108;1;100;16471.75;11280.08;5191.67;32440.562
2026-08-04T04:08:47.277905+02:00;dhw;23.1;75.1;85.0;25.0;49.5;57.0;1;108;1;100;16471.79;11280.08;5191.71;32440.562
2026-08-04T04:08:57.918168+02:00;dhw;23.1;75.2;85.0;25.0;49.6;57.0;1;108;1;100;16471.83;11280.08;5191.75;32440.562
2026-08-04T04:09:09.957032+02:00;dhw;23.1;75.5;85.0;25.0;49.8;57.0;1;108;1;100;16471.88;11280.08;5191.8;32440.562
2026-08-04T04:09:21.376053+02:00;dhw;23.1;75.8;85.0;25.0;50.1;57.0;1;108;1;100;16471.96;11280.08;5191.88;32440.562
2026-08-04T04:09:33.468908+02:00;dhw;23.1;76.1;85.0;25.0;50.2;57.0;1;108;1;100;16472.0;11280.08;5191.92;32440.562
2026-08-04T04:09:44.283108+02:00;dhw;23.1;76.2;85.0;25.0;50.4;57.0;1;108;1;100;16472.04;11280.08;5191.96;32440.562
2026-08-04T04:09:57.172298+02:00;dhw;23.1;76.5;85.0;25.0;50.5;57.0;1;108;1;100;16472.08;11280.08;5192.01;32440.562
2026-08-04T04:10:09.048589+02:00;dhw;23.1;76.7;85.0;25.0;50.7;57.0;1;108;1;100;16472.12;11280.08;5192.05;32440.562
2026-08-04T04:10:19.700090+02:00;dhw;23.1;77.0;85.0;25.0;50.8;57.0;1;108;1;100;16472.17;11280.08;5192.1;32440.562
2026-08-04T04:10:31.021374+02:00;dhw;23.1;77.3;85.0;25.0;51.2;57.0;1;108;1;100;16472.25;11280.08;5192.17;32440.562
2026-08-04T04:10:41.773741+02:00;dhw;23.1;77.4;85.0;25.0;51.3;57.0;1;108;1;100;16472.29;11280.08;5192.22;32440.562
2026-08-04T04:10:52.447465+02:00;dhw;23.1;77.7;85.0;25.0;51.5;57.0;1;108;1;100;16472.33;11280.08;5192.26;32440.562
2026-08-04T04:11:03.666946+02:00;dhw;23.1;77.9;85.0;25.0;51.6;57.0;1;108;1;100;16472.38;11280.08;5192.3;32440.562
2026-08-04T04:11:15.137442+02:00;dhw;23.1;78.0;85.0;25.0;51.8;57.0;1;108;1;100;16472.42;11280.08;5192.34;32440.562
2026-08-04T04:11:25.899156+02:00;dhw;23.1;78.2;85.0;25.0;51.9;57.0;1;108;1;100;16472.46;11280.08;5192.38;32440.562
2026-08-04T04:11:36.645828+02:00;dhw;23.1;78.5;85.0;25.0;52.0;57.0;1;108;1;100;16472.5;11280.08;5192.43;32440.562
2026-08-04T04:11:47.268340+02:00;dhw;23.1;78.6;85.0;25.0;52.2;57.0;1;108;1;100;16472.54;11280.08;5192.47;32440.562
2026-08-04T04:11:58.046913+02:00;dhw;23.1;79.0;85.0;25.0;52.4;57.0;1;108;1;100;16472.61;11280.08;5192.53;32440.562
2026-08-04T04:12:08.769874+02:00;dhw;23.1;79.0;85.0;25.0;52.5;57.0;1;108;1;100;16472.63;11280.08;5192.55;32440.662
2026-08-04T04:12:19.556515+02:00;dhw;23.1;79.1;85.0;25.0;52.8;57.0;1;108;1;100;16472.67;11280.08;5192.59;32440.662
2026-08-04T04:12:30.611159+02:00;dhw;23.1;79.5;85.0;25.0;53.1;57.0;1;108;1;100;16472.76;11280.08;5192.68;32440.662
2026-08-04T04:12:41.266292+02:00;dhw;23.1;79.6;85.0;25.0;53.2;57.0;1;108;1;100;16472.79;11280.08;5192.72;32440.662
2026-08-04T04:12:51.862067+02:00;dhw;23.1;79.9;85.0;25.0;53.4;57.0;1;108;1;100;16472.84;11280.08;5192.76;32440.662
2026-08-04T04:13:02.640544+02:00;dhw;23.1;80.1;85.0;25.0;53.5;57.0;1;108;1;100;16472.88;11280.08;5192.8;32440.662
2026-08-04T04:13:16.670044+02:00;dhw;23.1;80.3;85.0;25.0;53.7;57.0;1;108;1;100;16472.92;11280.08;5192.84;32440.662
2026-08-04T04:13:27.670404+02:00;dhw;23.1;80.3;85.0;25.0;53.7;57.0;1;108;1;100;16472.92;11280.08;5192.84;32440.662
2026-08-04T04:13:38.479762+02:00;dhw;23.1;80.6;85.0;25.0;54.0;57.0;1;108;1;100;16473.0;11280.08;5192.93;32440.662
2026-08-04T04:13:49.824287+02:00;dhw;23.1;80.6;85.0;25.0;54.3;57.0;1;108;1;100;16473.04;11280.08;5192.97;32440.662
2026-08-04T04:14:00.826086+02:00;dhw;23.1;81.1;85.0;25.0;54.5;57.0;1;108;1;100;16473.13;11280.08;5193.05;32440.662
2026-08-04T04:14:11.634473+02:00;dhw;23.1;81.2;85.0;25.0;54.7;57.0;1;108;1;100;16473.17;11280.08;5193.09;32440.662
2026-08-04T04:14:22.490425+02:00;dhw;23.1;81.4;85.0;25.0;54.8;57.0;1;108;1;100;16473.21;11280.08;5193.14;32440.662
2026-08-04T04:14:33.358775+02:00;dhw;23.1;81.5;85.0;25.0;55.1;57.0;1;108;1;100;16473.26;11280.08;5193.18;32440.662
2026-08-04T04:14:44.102279+02:00;dhw;23.1;81.7;85.0;25.0;55.3;57.0;1;108;1;100;16473.3;11280.08;5193.22;32440.662
2026-08-04T04:14:55.078366+02:00;dhw;23.1;82.0;85.0;25.0;55.5;57.0;1;108;1;100;16473.35;11280.08;5193.27;32440.662
2026-08-04T04:15:06.178865+02:00;dhw;23.1;82.0;85.0;25.0;55.7;57.0;1;108;1;100;16473.38;11280.08;5193.3;32440.662
2026-08-04T04:15:16.973050+02:00;dhw;23.1;82.2;85.0;25.0;55.9;57.0;1;108;1;100;16473.42;11280.08;5193.34;32440.662
2026-08-04T04:15:27.721361+02:00;dhw;23.1;82.4;85.0;25.0;56.0;57.0;1;108;1;100;16473.46;11280.08;5193.39;32440.662
2026-08-04T04:15:38.956155+02:00;dhw;23.1;82.5;85.0;25.0;56.2;57.0;1;108;1;100;16473.51;11280.08;5193.43;32440.662
2026-08-04T04:15:49.751307+02:00;dhw;23.1;82.8;85.0;25.0;56.6;57.0;1;108;1;100;16473.59;11280.08;5193.51;32440.662
2026-08-04T04:16:00.966056+02:00;dhw;23.1;83.0;85.0;25.0;56.9;57.0;1;108;1;100;16473.63;11280.08;5193.55;32440.662
2026-08-04T04:16:11.651514+02:00;standby;23.1;83.3;85.0;25.0;57.1;57.0;0;0;1;100;16473.66;11280.08;5193.58;32440.662
2026-08-04T04:16:22.400339+02:00;standby;23.1;82.4;85.0;25.0;57.3;57.0;0;0;1;100;16473.66;11280.08;5193.58;32440.662
2026-08-04T04:16:32.850461+02:00;standby;23.1;80.6;85.0;25.0;57.5;57.0;0;0;1;100;16473.66;11280.08;5193.58;32440.662
2026-08-04T04:16:43.399341+02:00;standby;23.1;77.6;85.0;25.0;57.7;57.0;0;0;1;100;16473.66;11280.08;5193.58;32440.662
2026-08-04T04:16:55.220865+02:00;standby;23.1;74.6;85.0;25.0;57.9;57.0;0;0;1;100;16473.66;11280.08;5193.58;32440.662
2026-08-04T04:17:05.839632+02:00;standby;23.1;73.9;85.0;25.0;58.0;57.0;0;0;1;10;16473.66;11280.08;5193.58;32440.662
2026-08-04T04:18:06.287409+02:00;standby;23.1;66.9;5.0;25.0;58.8;57.0;0;0;1;10;16473.66;11280.08;5193.58;32440.662
2026-08-04T04:19:06.768525+02:00;standby;23.1;62.9;5.0;25.0;59.4;57.0;0;0;0;10;16473.66;11280.08;5193.58;32440.662
2026-08-04T04:20:07.381720+02:00;standby;23.1;63.6;5.0;25.0;59.6;57.0;0;0;0;0;16473.66;11280.08;5193.58;32440.662
2026-08-04T04:21:07.863639+02:00;standby;23.1;64.2;5.0;25.0;59.8;57.0;0;0;0;0;16473.66;11280.08;5193.58;32440.662
2026-08-04T04:22:08.622184+02:00;standby;23.1;64.3;5.0;25.0;59.8;57.0;0;0;0;0;16473.66;11280.08;5193.58;32440.662
2026-08-04T04:23:09.160882+02:00;standby;23.1;64.4;5.0;25.0;59.9;57.0;0;0;0;0;16473.66;11280.08;5193.58;32440.662
2026-08-04T04:24:09.664344+02:00;standby;23.1;64.4;5.0;25.0;59.9;57.0;0;0;0;0;16473.66;11280.08;5193.58;32440.662
2026-08-04T04:25:10.236104+02:00;standby;23.1;64.3;5.0;25.0;59.9;57.0;0;0;0;0;16473.66;11280.08;5193.58;32440.662
2026-08-04T04:26:10.861288+02:00;standby;23.1;64.3;5.0;25.0;59.9;57.0;0;0;0;0;16473.66;11280.08;5193.58;32440.662
2026-08-04T04:27:11.342598+02:00;standby;23.1;64.2;5.0;25.0;59.9;57.0;0;0;0;0;16473.66;11280.08;5193.58;32440.662
2026-08-04T04:28:11.794660+02:00;standby;23.1;64.1;5.0;25.0;59.9;57.0;0;0;0;0;16473.66;11280.08;5193.58;32440.662
2026-08-04T04:29:14.219993+02:00;standby;23.1;64.0;5.0;25.0;59.9;57.0;0;0;0;0;16473.66;11280.08;5193.58;32440.662
2026-08-04T04:30:14.939276+02:00;standby;23.1;63.8;5.0;25.0;59.9;57.0;0;0;0;0;16473.66;11280.08;5193.58;32440.662
2026-08-04T04:31:15.501382+02:00;standby;23.1;63.7;5.0;25.0;59.9;57.0;0;0;0;0;16473.66;11280.08;5193.58;32440.662
2026-08-04T04:32:15.968374+02:00;standby;23.1;63.6;5.0;25.0;59.9;57.0;0;0;0;0;16473.66;11280.08;5193.58;32440.662
2026-08-04T04:33:16.705451+02:00;standby;23.1;63.5;5.0;25.0;59.9;57.0;0;0;0;0;16473.66;11280.08;5193.58;32440.662
2026-08-04T04:34:17.265023+02:00;standby;23.1;63.4;5.0;25.0;59.9;57.0;0;0;0;0;16473.66;11280.08;5193.58;32440.662
2026-08-04T04:35:17.778021+02:00;standby;23.1;63.3;5.0;25.0;59.8;57.0;0;0;0;0;16473.66;11280.08;5193.58;32440.662
2026-08-04T04:36:18.712537+02:00;standby;23.1;63.1;5.0;25.0;59.8;57.0;0;0;0;0;16473.66;11280.08;5193.58;32440.662
2026-08-04T04:37:19.491357+02:00;standby;23.1;63.0;5.0;25.0;59.8;57.0;0;0;0;0;16473.66;11280.08;5193.58;32440.662
2026-08-04T04:38:20.016140+02:00;standby;23.1;62.8;5.0;25.0;59.8;57.0;0;0;0;0;16473.66;11280.08;5193.58;32440.662
2026-08-04T04:39:20.506546+02:00;standby;23.1;62.7;5.0;25.0;59.8;57.0;0;0;0;0;16473.66;11280.08;5193.58;32440.662
2026-08-04T04:40:21.186646+02:00;standby;23.1;62.6;5.0;25.0;59.8;57.0;0;0;0;0;16473.66;11280.08;5193.58;32440.662
2026-08-04T04:41:21.617856+02:00;standby;23.1;62.4;5.0;25.0;59.8;57.0;0;0;0;0;16473.66;11280.08;5193.58;32440.662
2026-08-04T04:42:22.060292+02:00;standby;23.1;62.3;5.0;25.0;59.8;57.0;0;0;0;0;16473.66;11280.08;5193.58;32440.662
2026-08-04T04:43:22.817066+02:00;standby;23.1;62.1;5.0;25.0;59.8;57.0;0;0;0;0;16473.66;11280.08;5193.58;32440.662
2026-08-04T04:44:23.531919+02:00;standby;23.1;62.0;5.0;25.0;59.8;57.0;0;0;0;0;16473.66;11280.08;5193.58;32440.662
2026-08-04T04:45:23.983402+02:00;standby;23.1;61.9;5.0;25.0;59.8;57.0;0;0;0;0;16473.66;11280.08;5193.58;32440.662
2026-08-04T04:46:24.788094+02:00;standby;23.1;61.7;5.0;25.0;59.8;57.0;0;0;0;0;16473.66;11280.08;5193.58;32440.662
2026-08-04T04:47:25.197847+02:00;standby;23.1;61.6;5.0;25.0;59.7;57.0;0;0;0;0;16473.66;11280.08;5193.58;32440.662
2026-08-04T04:48:25.763857+02:00;standby;23.1;61.5;5.0;25.0;59.7;57.0;0;0;0;0;16473.66;11280.08;5193.58;32440.662
2026-08-04T04:49:26.186502+02:00;standby;23.1;61.4;5.0;25.0;59.7;57.0;0;0;0;0;16473.66;11280.08;5193.58;32440.662
2026-08-04T04:50:27.177165+02:00;standby;23.1;61.2;5.0;25.0;59.7;57.0;0;0;0;0;16473.66;11280.08;5193.58;32440.662
2026-08-04T04:51:27.720913+02:00;standby;23.1;61.0;5.0;25.0;59.7;57.0;0;0;0;0;16473.66;11280.08;5193.58;32440.662
2026-08-04T04:52:28.310601+02:00;standby;23.1;60.9;5.0;25.0;59.7;57.0;0;0;0;0;16473.66;11280.08;5193.58;32440.662
2026-08-04T04:53:29.080834+02:00;standby;23.1;60.8;5.0;25.0;59.7;57.0;0;0;0;0;16473.66;11280.08;5193.58;32440.662
2026-08-04T04:54:29.529878+02:00;standby;23.1;60.6;5.0;25.0;59.7;57.0;0;0;0;0;16473.66;11280.08;5193.58;32440.662
2026-08-04T04:55:30.045114+02:00;standby;23.1;60.5;5.0;25.0;59.7;57.0;0;0;0;0;16473.66;11280.08;5193.58;32440.662
2026-08-04T04:56:31.075534+02:00;standby;23.1;60.3;5.0;25.0;59.7;57.0;0;0;0;0;16473.66;11280.08;5193.58;32440.662
2026-08-04T04:57:31.824706+02:00;standby;23.1;60.2;5.0;25.0;59.7;57.0;0;0;0;0;16473.66;11280.08;5193.58;32440.662
2026-08-04T04:58:32.297597+02:00;standby;23.1;60.0;5.0;25.0;59.7;57.0;0;0;0;0;16473.66;11280.08;5193.58;32440.662
2026-08-04T04:59:32.793370+02:00;standby;23.1;59.9;5.0;25.0;59.7;57.0;0;0;0;0;16473.66;11280.08;5193.58;32440.662
2026-08-04T05:00:33.930784+02:00;standby;23.1;59.8;5.0;25.0;59.7;57.0;0;0;0;0;16473.66;11280.08;5193.58;32440.662
2026-08-04T05:01:34.362353+02:00;standby;23.1;59.5;5.0;25.0;59.6;57.0;0;0;0;0;16473.66;11280.08;5193.58;32440.662
2026-08-04T05:02:34.878297+02:00;standby;23.1;59.4;5.0;25.0;59.6;57.0;0;0;0;0;16473.66;11280.08;5193.58;32440.662
2026-08-04T05:03:35.303621+02:00;standby;23.1;59.3;5.0;25.0;59.6;57.0;0;0;0;0;16473.66;11280.08;5193.58;32440.662
2026-08-04T05:04:36.027548+02:00;standby;23.1;59.2;5.0;25.0;59.6;57.0;0;0;0;0;16473.66;11280.08;5193.58;32440.662
2026-08-04T05:05:36.642233+02:00;standby;23.1;59.0;5.0;25.0;59.6;57.0;0;0;0;0;16473.66;11280.08;5193.58;32440.662
2026-08-04T05:06:37.097450+02:00;standby;23.1;58.9;5.0;25.0;59.6;57.0;0;0;0;0;16473.66;11280.08;5193.58;32440.662
2026-08-04T05:07:37.635335+02:00;standby;23.1;58.7;5.0;25.0;59.6;57.0;0;0;0;0;16473.66;11280.08;5193.58;32440.662
2026-08-04T05:08:38.128259+02:00;standby;23.1;58.5;5.0;25.0;59.6;57.0;0;0;0;0;16473.66;11280.08;5193.58;32440.662
2026-08-04T05:09:38.598364+02:00;standby;23.1;58.4;5.0;25.0;59.6;57.0;0;0;0;0;16473.66;11280.08;5193.58;32440.662
2026-08-04T05:10:39.057545+02:00;standby;23.1;58.3;5.0;25.0;59.6;57.0;0;0;0;0;16473.66;11280.08;5193.58;32440.662
2026-08-04T05:11:41.631636+02:00;standby;23.1;58.2;5.0;25.0;59.6;57.0;0;0;0;0;16473.66;11280.08;5193.58;32440.662
2026-08-04T05:12:42.070757+02:00;standby;23.1;58.0;5.0;25.0;59.6;57.0;0;0;0;0;16473.66;11280.08;5193.58;32440.662
2026-08-04T05:13:42.699319+02:00;standby;23.1;57.8;5.0;25.0;59.5;57.0;0;0;0;0;16473.66;11280.08;5193.58;32440.662
2026-08-04T05:14:43.124391+02:00;standby;23.1;57.7;5.0;25.0;59.5;57.0;0;0;0;0;16473.66;11280.08;5193.58;32440.662
2026-08-04T05:15:43.603762+02:00;standby;23.1;57.6;5.0;25.0;59.5;57.0;0;0;0;0;16473.66;11280.08;5193.58;32440.662
2026-08-04T05:16:44.223363+02:00;standby;23.1;57.4;5.0;25.0;59.5;57.0;0;0;0;0;16473.66;11280.08;5193.58;32440.662
2026-08-04T05:17:44.713413+02:00;standby;23.1;57.3;5.0;25.0;59.5;57.0;0;0;0;0;16473.66;11280.08;5193.58;32440.662
2026-08-04T05:18:45.189847+02:00;standby;23.1;57.0;5.0;25.0;59.5;57.0;0;0;0;0;16473.66;11280.08;5193.58;32440.662
2026-08-04T05:19:45.763569+02:00;standby;23.1;56.9;5.0;25.0;59.5;57.0;0;0;0;0;16473.66;11280.08;5193.58;32440.662
2026-08-04T05:20:46.203818+02:00;standby;23.1;56.8;5.0;25.0;59.5;57.0;0;0;0;0;16473.66;11280.08;5193.58;32440.662
2026-08-04T05:21:46.722222+02:00;standby;23.1;56.7;5.0;25.0;59.5;57.0;0;0;0;0;16473.66;11280.08;5193.58;32440.662
2026-08-04T05:22:47.133875+02:00;standby;23.1;56.6;5.0;25.0;59.5;57.0;0;0;0;0;16473.66;11280.08;5193.58;32440.662
2026-08-04T05:23:47.905423+02:00;standby;23.1;56.4;5.0;25.0;59.5;57.0;0;0;0;0;16473.66;11280.08;5193.58;32440.662
2026-08-04T05:24:48.541952+02:00;standby;23.1;56.2;5.0;25.0;59.5;57.0;0;0;0;0;16473.66;11280.08;5193.58;32440.662
2026-08-04T05:25:49.278263+02:00;standby;23.1;56.1;5.0;25.0;59.5;57.0;0;0;0;0;16473.66;11280.08;5193.58;32440.662
2026-08-04T05:26:49.945093+02:00;standby;23.1;56.0;5.0;25.0;59.5;57.0;0;0;0;0;16473.66;11280.08;5193.58;32440.662
2026-08-04T05:27:50.407005+02:00;standby;23.1;55.9;5.0;25.0;59.5;57.0;0;0;0;0;16473.66;11280.08;5193.58;32440.662
2026-08-04T05:28:51.005932+02:00;standby;23.1;55.7;5.0;25.0;59.4;57.0;0;0;0;0;16473.66;11280.08;5193.58;32440.662
2026-08-04T05:29:51.900871+02:00;standby;23.1;55.6;5.0;25.0;59.4;57.0;0;0;0;0;16473.66;11280.08;5193.58;32440.662
2026-08-04T05:30:52.576590+02:00;standby;23.1;55.5;5.0;25.0;59.4;57.0;0;0;0;0;16473.66;11280.08;5193.58;32440.662
2026-08-04T05:31:53.328578+02:00;standby;23.1;55.2;5.0;28.0;59.4;57.0;0;0;0;0;16473.66;11280.08;5193.58;32440.662
2026-08-04T05:32:53.775590+02:00;standby;23.1;55.1;5.0;28.0;59.4;57.0;0;0;0;0;16473.66;11280.08;5193.58;32440.662
2026-08-04T05:33:54.257328+02:00;standby;23.1;55.0;5.0;28.0;59.4;57.0;0;0;0;0;16473.66;11280.08;5193.58;32440.662
2026-08-04T05:34:55.067724+02:00;standby;23.1;54.9;5.0;28.0;59.4;57.0;0;0;0;0;16473.66;11280.08;5193.58;32440.662
2026-08-04T05:35:55.587393+02:00;standby;23.1;54.8;5.0;28.0;59.4;57.0;0;0;0;0;16473.66;11280.08;5193.58;32440.662
2026-08-04T05:36:56.073653+02:00;standby;23.1;54.7;5.0;28.0;59.4;57.0;0;0;0;0;16473.66;11280.08;5193.58;32440.662
2026-08-04T05:37:56.670968+02:00;standby;23.1;54.4;5.0;28.0;59.4;57.0;0;0;0;0;16473.66;11280.08;5193.58;32440.662
2026-08-04T05:38:57.210950+02:00;standby;23.1;54.3;5.0;28.0;59.4;57.0;0;0;0;0;16473.66;11280.08;5193.58;32440.662
2026-08-04T05:39:57.920179+02:00;standby;23.1;54.2;5.0;28.0;59.4;57.0;0;0;0;0;16473.66;11280.08;5193.58;32440.662
2026-08-04T05:40:58.671798+02:00;standby;23.1;54.1;5.0;28.0;59.3;57.0;0;0;0;0;16473.66;11280.08;5193.58;32440.662
2026-08-04T05:41:59.573959+02:00;standby;23.1;54.0;5.0;28.0;59.3;57.0;0;0;0;0;16473.66;11280.08;5193.58;32440.662
2026-08-04T05:43:00.182518+02:00;standby;23.1;53.9;5.0;28.0;59.3;57.0;0;0;0;0;16473.66;11280.08;5193.58;32440.662
2026-08-04T05:44:01.172631+02:00;standby;23.1;53.7;5.0;28.0;59.3;57.0;0;0;0;0;16473.66;11280.08;5193.58;32440.662
2026-08-04T05:45:01.850627+02:00;standby;23.1;53.6;5.0;28.0;59.3;57.0;0;0;0;0;16473.66;11280.08;5193.58;32440.662
2026-08-04T05:46:02.520642+02:00;standby;23.1;53.4;5.0;28.0;59.3;57.0;0;0;0;0;16473.66;11280.08;5193.58;32440.662
2026-08-04T05:47:03.190752+02:00;standby;23.1;53.3;5.0;28.0;59.3;57.0;0;0;0;0;16473.66;11280.08;5193.58;32440.662
2026-08-04T05:48:04.021894+02:00;standby;23.1;53.2;5.0;28.0;59.3;57.0;0;0;0;0;16473.66;11280.08;5193.58;32440.662
2026-08-04T05:49:04.842959+02:00;standby;23.1;53.1;5.0;28.0;59.3;57.0;0;0;0;0;16473.66;11280.08;5193.58;32440.662
2026-08-04T05:50:05.313157+02:00;standby;23.1;53.0;5.0;28.0;59.3;57.0;0;0;0;0;16473.66;11280.08;5193.58;32440.662
2026-08-04T05:51:05.988911+02:00;standby;23.1;52.9;5.0;28.0;59.3;57.0;0;0;0;0;16473.66;11280.08;5193.58;32440.662
2026-08-04T05:52:06.765071+02:00;standby;23.1;52.7;5.0;28.0;59.3;57.0;0;0;0;0;16473.66;11280.08;5193.58;32440.662
2026-08-04T05:53:07.225120+02:00;standby;23.1;52.7;5.0;28.0;59.3;57.0;0;0;0;0;16473.66;11280.08;5193.58;32440.662
2026-08-04T05:54:07.876116+02:00;standby;23.1;52.4;5.0;28.0;59.3;57.0;0;0;0;0;16473.66;11280.08;5193.58;32440.662
2026-08-04T05:55:08.803330+02:00;standby;23.1;52.3;5.0;28.0;59.3;57.0;0;0;0;0;16473.66;11280.08;5193.58;32440.662
2026-08-04T05:56:09.245856+02:00;standby;23.1;52.2;5.0;28.0;59.2;57.0;0;0;0;0;16473.66;11280.08;5193.58;32440.662
2026-08-04T05:57:10.019850+02:00;standby;22.9;52.1;5.0;28.0;59.3;57.0;0;0;0;0;16473.66;11280.08;5193.58;32440.662
2026-08-04T05:58:10.492860+02:00;standby;22.9;52.0;5.0;28.0;59.2;57.0;0;0;0;0;16473.66;11280.08;5193.58;32440.662
2026-08-04T05:59:11.367779+02:00;standby;22.9;51.9;5.0;28.0;59.2;57.0;0;0;0;0;16473.66;11280.08;5193.58;32440.662
2026-08-04T06:00:11.962580+02:00;standby;22.9;51.8;5.0;28.0;59.2;57.0;0;0;0;0;16473.66;11280.08;5193.58;32440.662
2026-08-04T06:01:12.416907+02:00;standby;22.9;51.7;5.0;28.0;59.2;57.0;0;0;0;0;16473.66;11280.08;5193.58;32440.662
2026-08-04T06:02:13.233494+02:00;standby;22.9;51.6;5.0;28.0;59.2;57.0;0;0;0;0;16473.66;11280.08;5193.58;32440.662
2026-08-04T06:03:14.054018+02:00;standby;22.9;51.4;5.0;28.0;59.2;57.0;0;0;0;0;16473.66;11280.08;5193.58;32440.662
2026-08-04T06:04:14.525213+02:00;standby;22.9;51.3;5.0;28.0;59.2;57.0;0;0;0;0;16473.66;11280.08;5193.58;32440.662
2026-08-04T06:05:14.998166+02:00;standby;22.9;51.2;5.0;28.0;59.2;57.0;0;0;0;0;16473.66;11280.08;5193.58;32440.662
2026-08-04T06:06:15.577131+02:00;standby;22.9;51.1;5.0;28.0;59.2;57.0;0;0;0;0;16473.66;11280.08;5193.58;32440.662
2026-08-04T06:07:16.063176+02:00;standby;22.9;51.0;5.0;28.0;59.2;57.0;0;0;0;0;16473.66;11280.08;5193.58;32440.662
2026-08-04T06:08:16.654778+02:00;standby;22.9;50.9;5.0;28.0;59.2;57.0;0;0;0;0;16473.66;11280.08;5193.58;32440.662
2026-08-04T06:09:17.281962+02:00;standby;22.9;50.8;5.0;28.0;59.2;57.0;0;0;0;0;16473.66;11280.08;5193.58;32440.662
2026-08-04T06:10:18.001916+02:00;standby;22.9;50.7;5.0;28.0;59.1;57.0;0;0;0;0;16473.66;11280.08;5193.58;32440.662
2026-08-04T06:11:18.632608+02:00;standby;22.9;50.6;5.0;28.0;59.1;57.0;0;0;0;0;16473.66;11280.08;5193.58;32440.662
2026-08-04T06:12:19.247113+02:00;standby;22.9;50.4;5.0;28.0;59.1;57.0;0;0;0;0;16473.66;11280.08;5193.58;32440.662
2026-08-04T06:13:20.015250+02:00;standby;22.9;50.3;5.0;28.0;59.1;57.0;0;0;0;0;16473.66;11280.08;5193.58;32440.662
2026-08-04T06:14:20.596087+02:00;standby;22.9;50.2;5.0;28.0;59.1;57.0;0;0;0;0;16473.66;11280.08;5193.58;32440.662
2026-08-04T06:15:21.243520+02:00;standby;22.9;50.1;5.0;28.0;59.1;57.0;0;0;0;0;16473.66;11280.08;5193.58;32440.662
2026-08-04T06:16:21.886764+02:00;standby;22.9;50.0;5.0;28.0;59.1;57.0;0;0;0;0;16473.66;11280.08;5193.58;32440.662
2026-08-04T06:17:22.456509+02:00;standby;22.9;49.9;5.0;28.0;59.1;57.0;0;0;0;0;16473.66;11280.08;5193.58;32440.662
2026-08-04T06:18:23.030233+02:00;standby;22.9;49.8;5.0;28.0;59.1;57.0;0;0;0;0;16473.66;11280.08;5193.58;32440.662
2026-08-04T06:19:23.649375+02:00;standby;22.9;49.7;5.0;28.0;59.1;57.0;0;0;0;0;16473.66;11280.08;5193.58;32440.662
2026-08-04T06:20:24.268173+02:00;standby;22.9;49.5;5.0;28.0;59.1;57.0;0;0;0;0;16473.66;11280.08;5193.58;32440.662
2026-08-04T06:21:24.989081+02:00;standby;22.9;49.4;5.0;28.0;59.1;57.0;0;0;0;0;16473.66;11280.08;5193.58;32440.662
2026-08-04T06:22:25.613555+02:00;standby;22.9;49.3;5.0;28.0;59.1;57.0;0;0;0;0;16473.66;11280.08;5193.58;32440.662
2026-08-04T06:23:26.171659+02:00;standby;22.9;49.2;5.0;28.0;59.1;57.0;0;0;0;0;16473.66;11280.08;5193.58;32440.662
2026-08-04T06:24:26.748065+02:00;standby;22.9;49.2;5.0;28.0;58.9;57.0;0;0;0;0;16473.66;11280.08;5193.58;32440.662
2026-08-04T06:25:27.176493+02:00;standby;22.9;49.1;5.0;28.0;58.9;57.0;0;0;0;0;16473.66;11280.08;5193.58;32440.662
2026-08-04T06:26:27.794223+02:00;standby;22.9;49.0;5.0;28.0;58.9;57.0;0;0;0;0;16473.66;11280.08;5193.58;32440.662
2026-08-04T06:27:28.617259+02:00;standby;22.9;48.9;5.0;28.0;58.9;57.0;0;0;0;0;16473.66;11280.08;5193.58;32440.662
2026-08-04T06:28:29.199122+02:00;standby;22.9;48.7;5.0;28.0;58.9;57.0;0;0;0;0;16473.66;11280.08;5193.58;32440.662
2026-08-04T06:29:29.859073+02:00;standby;22.9;48.6;5.0;28.0;58.9;57.0;0;0;0;0;16473.66;11280.08;5193.58;32440.662
2026-08-04T06:30:30.529426+02:00;standby;22.9;48.5;5.0;28.0;58.9;57.0;0;0;0;0;16473.66;11280.08;5193.58;32440.662
2026-08-04T06:31:31.527409+02:00;standby;22.9;48.4;5.0;28.0;58.9;57.0;0;0;0;0;16473.66;11280.08;5193.58;32440.662
2026-08-04T06:32:32.488481+02:00;standby;22.9;48.3;5.0;28.0;58.9;57.0;0;0;0;0;16473.66;11280.08;5193.58;32440.662
2026-08-04T06:33:33.006134+02:00;standby;22.9;48.2;5.0;28.0;58.9;57.0;0;0;0;0;16473.66;11280.08;5193.58;32440.662
2026-08-04T06:34:33.490081+02:00;standby;22.9;48.2;5.0;28.0;58.9;57.0;0;0;0;0;16473.66;11280.08;5193.58;32440.662
2026-08-04T06:35:33.957854+02:00;standby;22.9;48.1;5.0;28.0;58.9;57.0;0;0;0;0;16473.66;11280.08;5193.58;32440.662
2026-08-04T06:36:34.373003+02:00;standby;22.9;48.0;5.0;28.0;58.9;57.0;0;0;0;0;16473.66;11280.08;5193.58;32440.662
2026-08-04T06:37:34.832901+02:00;standby;22.9;47.8;5.0;28.0;58.8;57.0;0;0;0;0;16473.66;11280.08;5193.58;32440.662
2026-08-04T06:38:35.462183+02:00;standby;22.9;47.7;5.0;28.0;58.8;57.0;0;0;0;0;16473.66;11280.08;5193.58;32440.662
2026-08-04T06:39:35.978600+02:00;standby;22.9;47.6;5.0;28.0;58.8;57.0;0;0;0;0;16473.66;11280.08;5193.58;32440.662
2026-08-04T06:40:36.741400+02:00;standby;22.9;47.5;5.0;28.0;58.8;57.0;0;0;0;0;16473.66;11280.08;5193.58;32440.662
2026-08-04T06:41:37.218594+02:00;standby;22.9;47.4;5.0;28.0;58.8;57.0;0;0;0;0;16473.66;11280.08;5193.58;32440.662
2026-08-04T06:42:37.947327+02:00;standby;22.9;47.4;5.0;28.0;58.8;57.0;0;0;0;0;16473.66;11280.08;5193.58;32440.662
2026-08-04T06:43:38.514821+02:00;standby;22.9;47.3;5.0;28.0;58.8;57.0;0;0;0;0;16473.66;11280.08;5193.58;32440.662
2026-08-04T06:44:38.978816+02:00;standby;22.9;47.2;5.0;28.0;58.8;57.0;0;0;0;0;16473.66;11280.08;5193.58;32440.662
2026-08-04T06:45:39.394432+02:00;standby;22.9;47.0;5.0;28.0;58.8;57.0;0;0;0;0;16473.66;11280.08;5193.58;32440.662
2026-08-04T06:46:39.914726+02:00;standby;22.9;47.0;5.0;28.0;58.8;57.0;0;0;0;0;16473.66;11280.08;5193.58;32440.662
2026-08-04T06:47:40.539474+02:00;standby;22.9;46.9;5.0;28.0;58.8;57.0;0;0;0;0;16473.66;11280.08;5193.58;32440.662
2026-08-04T06:48:41.479495+02:00;standby;22.9;46.8;5.0;28.0;58.8;57.0;0;0;0;0;16473.66;11280.08;5193.58;32440.662
2026-08-04T06:49:42.336243+02:00;standby;22.9;46.7;5.0;28.0;58.8;57.0;0;0;0;0;16473.66;11280.08;5193.58;32440.662
2026-08-04T06:50:42.927078+02:00;standby;22.9;46.7;5.0;28.0;58.8;57.0;0;0;0;0;16473.66;11280.08;5193.58;32440.662
2026-08-04T06:51:43.900138+02:00;standby;22.9;46.6;5.0;28.0;58.7;57.0;0;0;0;0;16473.66;11280.08;5193.58;32440.662
2026-08-04T06:52:44.422100+02:00;standby;22.9;46.5;5.0;28.0;58.7;57.0;0;0;0;0;16473.66;11280.08;5193.58;32440.662
2026-08-04T06:53:44.882174+02:00;standby;22.9;46.4;5.0;28.0;58.7;57.0;0;0;0;0;16473.66;11280.08;5193.58;32440.662
2026-08-04T06:54:45.350740+02:00;standby;22.9;46.2;5.0;28.0;58.7;57.0;0;0;0;0;16473.66;11280.08;5193.58;32440.662
2026-08-04T06:55:46.171211+02:00;standby;22.9;46.2;5.0;28.0;58.7;57.0;0;0;0;0;16473.66;11280.08;5193.58;32440.662
2026-08-04T06:56:46.649306+02:00;standby;22.9;46.1;5.0;28.0;58.7;57.0;0;0;0;0;16473.66;11280.08;5193.58;32440.662
2026-08-04T06:57:47.124150+02:00;standby;22.6;46.0;5.0;28.0;58.7;57.0;0;0;0;0;16473.66;11280.08;5193.58;32440.662
2026-08-04T06:58:47.629753+02:00;standby;22.6;45.9;5.0;28.0;58.7;57.0;0;0;0;0;16473.66;11280.08;5193.58;32440.662
2026-08-04T06:59:48.103307+02:00;standby;22.6;45.9;5.0;28.0;58.7;57.0;0;0;0;0;16473.66;11280.08;5193.58;32440.662
2026-08-04T07:00:48.683889+02:00;standby;22.6;45.8;5.0;28.0;58.7;57.0;0;0;0;0;16473.66;11280.08;5193.58;32440.662
2026-08-04T07:01:49.147486+02:00;standby;22.6;45.7;5.0;28.0;58.7;57.0;0;0;0;0;16473.66;11280.08;5193.58;32440.662
2026-08-04T07:02:49.631387+02:00;standby;22.6;45.6;5.0;28.0;58.7;57.0;0;0;0;0;16473.66;11280.08;5193.58;32440.662
2026-08-04T07:03:50.997283+02:00;standby;22.6;45.6;5.0;28.0;58.7;57.0;0;0;0;0;16473.66;11280.08;5193.58;32440.662
2026-08-04T07:04:51.419241+02:00;standby;22.6;45.5;5.0;28.0;58.6;57.0;0;0;0;0;16473.66;11280.08;5193.58;32440.662
2026-08-04T07:05:51.892416+02:00;standby;22.6;45.3;5.0;28.0;58.7;57.0;0;0;0;0;16473.66;11280.08;5193.58;32440.662
2026-08-04T07:06:52.660926+02:00;standby;22.6;45.2;5.0;28.0;58.6;57.0;0;0;0;0;16473.66;11280.08;5193.58;32440.662
2026-08-04T07:07:53.094642+02:00;standby;22.6;45.2;5.0;28.0;58.6;57.0;0;0;0;0;16473.66;11280.08;5193.58;32440.662
2026-08-04T07:08:53.644141+02:00;standby;22.6;45.1;5.0;28.0;58.6;57.0;0;0;0;0;16473.66;11280.08;5193.58;32440.662
2026-08-04T07:09:54.699352+02:00;standby;22.6;45.0;5.0;28.0;58.6;57.0;0;0;0;0;16473.66;11280.08;5193.58;32440.662
2026-08-04T07:10:55.147553+02:00;standby;22.6;45.0;5.0;28.0;58.6;57.0;0;0;0;0;16473.66;11280.08;5193.58;32440.662
2026-08-04T07:11:55.571507+02:00;standby;22.6;44.9;5.0;28.0;58.6;57.0;0;0;0;0;16473.66;11280.08;5193.58;32440.662
2026-08-04T07:12:56.082324+02:00;standby;22.6;44.8;5.0;28.0;58.6;57.0;0;0;0;0;16473.66;11280.08;5193.58;32440.662
2026-08-04T07:13:56.769297+02:00;standby;22.6;44.8;5.0;28.0;58.6;57.0;0;0;0;0;16473.66;11280.08;5193.58;32440.662
2026-08-04T07:14:57.224638+02:00;standby;22.6;44.7;5.0;28.0;58.6;57.0;0;0;0;0;16473.66;11280.08;5193.58;32440.662
2026-08-04T07:15:57.686566+02:00;standby;22.6;44.5;5.0;28.0;58.6;57.0;0;0;0;0;16473.66;11280.08;5193.58;32440.662
2026-08-04T07:16:58.159461+02:00;standby;22.6;44.5;5.0;28.0;58.6;57.0;0;0;0;0;16473.66;11280.08;5193.58;32440.662
2026-08-04T07:17:58.590832+02:00;standby;22.6;44.4;5.0;28.0;58.6;57.0;0;0;0;0;16473.66;11280.08;5193.58;32440.662
2026-08-04T07:18:59.092247+02:00;standby;22.6;44.3;5.0;28.0;58.6;57.0;0;0;0;0;16473.66;11280.08;5193.58;32440.662
2026-08-04T07:19:59.659638+02:00;standby;22.6;44.3;5.0;28.0;58.6;57.0;0;0;0;0;16473.66;11280.08;5193.58;32440.662
2026-08-04T07:21:00.287330+02:00;standby;22.6;44.2;5.0;28.0;58.5;57.0;0;0;0;0;16473.66;11280.08;5193.58;32440.662
2026-08-04T07:22:00.759248+02:00;standby;22.6;44.1;5.0;28.0;58.5;57.0;0;0;0;0;16473.66;11280.08;5193.58;32440.662
2026-08-04T07:23:01.280909+02:00;standby;22.6;44.1;5.0;28.0;58.5;57.0;0;0;0;0;16473.66;11280.08;5193.58;32440.662
2026-08-04T07:24:01.738710+02:00;standby;22.6;44.0;5.0;28.0;58.5;57.0;0;0;0;0;16473.66;11280.08;5193.58;32440.662
2026-08-04T07:25:02.189173+02:00;standby;22.6;44.0;5.0;28.0;58.5;57.0;0;0;0;0;16473.66;11280.08;5193.58;32440.662
2026-08-04T07:26:02.746510+02:00;standby;22.6;43.9;5.0;28.0;58.5;57.0;0;0;0;0;16473.66;11280.08;5193.58;32440.662
2026-08-04T07:27:03.265118+02:00;standby;22.6;43.7;5.0;28.0;58.5;57.0;0;0;0;0;16473.66;11280.08;5193.58;32440.662
2026-08-04T07:28:04.134946+02:00;standby;22.6;43.7;5.0;28.0;58.5;57.0;0;0;0;0;16473.66;11280.08;5193.58;32440.662
2026-08-04T07:29:04.807176+02:00;standby;22.6;43.6;5.0;28.0;58.5;57.0;0;0;0;0;16473.66;11280.08;5193.58;32440.662
2026-08-04T07:30:05.323458+02:00;standby;22.6;43.5;5.0;28.0;58.5;57.0;0;0;0;0;16473.66;11280.08;5193.58;32440.662
2026-08-04T07:31:06.002405+02:00;standby;22.6;43.5;5.0;28.0;58.5;57.0;0;0;0;0;16473.66;11280.08;5193.58;32440.662
2026-08-04T07:32:06.478283+02:00;standby;22.6;43.4;5.0;28.0;58.5;57.0;0;0;0;0;16473.66;11280.08;5193.58;32440.662
2026-08-04T07:33:07.100626+02:00;standby;22.6;43.3;5.0;28.0;58.5;57.0;0;0;0;0;16473.66;11280.08;5193.58;32440.662
2026-08-04T07:34:07.598377+02:00;standby;22.6;43.3;5.0;28.0;58.4;57.0;0;0;0;0;16473.66;11280.08;5193.58;32440.662
2026-08-04T07:35:08.023506+02:00;standby;22.6;43.2;5.0;28.0;58.4;57.0;0;0;0;0;16473.66;11280.08;5193.58;32440.662
2026-08-04T07:36:08.558392+02:00;standby;22.6;43.2;5.0;28.0;58.4;57.0;0;0;0;0;16473.66;11280.08;5193.58;32440.662
2026-08-04T07:37:09.220314+02:00;standby;22.6;43.1;5.0;28.0;58.4;57.0;0;0;0;0;16473.66;11280.08;5193.58;32440.662
2026-08-04T07:38:09.899610+02:00;standby;22.6;43.0;5.0;28.0;58.4;57.0;0;0;0;0;16473.66;11280.08;5193.58;32440.662
2026-08-04T07:39:10.369566+02:00;standby;22.6;43.0;5.0;28.0;58.4;57.0;0;0;0;0;16473.66;11280.08;5193.58;32440.662
2026-08-04T07:40:11.045794+02:00;standby;22.6;42.8;5.0;28.0;58.4;57.0;0;0;0;0;16473.66;11280.08;5193.58;32440.662
2026-08-04T07:41:11.544917+02:00;standby;22.6;42.8;5.0;28.0;58.4;57.0;0;0;0;0;16473.66;11280.08;5193.58;32440.662
2026-08-04T07:42:12.414717+02:00;standby;22.6;42.7;5.0;28.0;58.4;57.0;0;0;0;0;16473.66;11280.08;5193.58;32440.662
2026-08-04T07:43:12.863113+02:00;standby;22.6;42.7;5.0;28.0;58.4;57.0;0;0;0;0;16473.66;11280.08;5193.58;32440.662
2026-08-04T07:44:13.354900+02:00;standby;22.6;42.6;5.0;28.0;58.4;57.0;0;0;0;0;16473.66;11280.08;5193.58;32440.662
2026-08-04T07:45:13.839622+02:00;standby;22.6;42.5;5.0;28.0;58.4;57.0;0;0;0;0;16473.66;11280.08;5193.58;32440.662
2026-08-04T07:46:14.282170+02:00;standby;22.6;42.5;5.0;28.0;58.4;57.0;0;0;0;0;16473.66;11280.08;5193.58;32440.662
2026-08-04T07:47:14.698250+02:00;standby;22.6;42.4;5.0;28.0;58.3;57.0;0;0;0;0;16473.66;11280.08;5193.58;32440.662
2026-08-04T07:48:15.242296+02:00;standby;22.6;42.4;5.0;28.0;58.3;57.0;0;0;0;0;16473.66;11280.08;5193.58;32440.662
2026-08-04T07:49:16.075861+02:00;standby;22.6;42.3;5.0;28.0;58.3;57.0;0;0;0;0;16473.66;11280.08;5193.58;32440.662
2026-08-04T07:50:16.561532+02:00;standby;22.6;42.3;5.0;28.0;58.3;57.0;0;0;0;0;16473.66;11280.08;5193.58;32440.662
2026-08-04T07:51:21.359959+02:00;standby;22.6;42.2;5.0;28.0;58.3;57.0;0;0;0;0;16473.66;11280.08;5193.58;32440.662
2026-08-04T07:52:22.031219+02:00;standby;22.6;42.2;5.0;28.0;58.3;57.0;0;0;0;0;16473.66;11280.08;5193.58;32440.662
2026-08-04T07:53:22.522603+02:00;standby;22.6;42.0;5.0;28.0;58.3;57.0;0;0;0;0;16473.66;11280.08;5193.58;32440.662
2026-08-04T07:54:23.114599+02:00;standby;22.6;41.9;5.0;28.0;58.3;57.0;0;0;0;0;16473.66;11280.08;5193.58;32440.662
2026-08-04T07:55:23.805333+02:00;standby;22.6;41.9;5.0;28.0;58.3;57.0;0;0;0;0;16473.66;11280.08;5193.58;32440.662
2026-08-04T07:56:24.509166+02:00;standby;22.6;41.8;5.0;28.0;58.3;57.0;0;0;0;0;16473.66;11280.08;5193.58;32440.662
2026-08-04T07:57:25.086101+02:00;standby;22.6;41.8;5.0;28.0;58.3;57.0;0;0;0;0;16473.66;11280.08;5193.58;32440.662
2026-08-04T07:58:25.532854+02:00;standby;24.4;41.7;5.0;28.0;58.3;57.0;0;0;0;0;16473.66;11280.08;5193.58;32440.662
2026-08-04T07:59:26.016469+02:00;standby;24.4;41.7;5.0;28.0;58.3;57.0;0;0;0;0;16473.66;11280.08;5193.58;32440.662
2026-08-04T08:00:26.573482+02:00;standby;24.4;41.6;5.0;28.0;58.3;57.0;0;0;0;0;16473.66;11280.08;5193.58;32440.662
2026-08-04T08:01:27.006840+02:00;standby;24.4;41.6;5.0;28.0;58.2;57.0;0;0;0;0;16473.66;11280.08;5193.58;32440.662
2026-08-04T08:02:27.526775+02:00;standby;24.4;41.5;5.0;28.0;58.2;57.0;0;0;0;0;16473.66;11280.08;5193.58;32440.662
2026-08-04T08:03:28.047785+02:00;standby;24.4;41.5;5.0;28.0;58.2;57.0;0;0;0;0;16473.66;11280.08;5193.58;32440.662
2026-08-04T08:04:28.509568+02:00;standby;24.4;41.4;5.0;28.0;58.2;57.0;0;0;0;0;16473.66;11280.08;5193.58;32440.662
2026-08-04T08:05:28.964606+02:00;standby;24.4;41.4;5.0;28.0;58.2;57.0;0;0;0;0;16473.66;11280.08;5193.58;32440.662
2026-08-04T08:06:29.478877+02:00;standby;24.4;41.2;5.0;28.0;58.2;57.0;0;0;0;0;16473.66;11280.08;5193.58;32440.662
2026-08-04T08:07:29.965552+02:00;standby;24.4;41.2;5.0;28.0;58.2;57.0;0;0;0;0;16473.66;11280.08;5193.58;32440.662
2026-08-04T08:08:30.415475+02:00;standby;24.4;41.1;5.0;28.0;58.2;57.0;0;0;0;0;16473.66;11280.08;5193.58;32440.662
2026-08-04T08:09:30.911561+02:00;standby;24.4;41.1;5.0;28.0;58.2;57.0;0;0;0;0;16473.66;11280.08;5193.58;32440.662
2026-08-04T08:10:31.368917+02:00;standby;24.4;41.0;5.0;28.0;58.2;57.0;0;0;0;0;16473.66;11280.08;5193.58;32440.662
2026-08-04T08:11:32.116429+02:00;standby;24.4;41.0;5.0;28.0;58.2;57.0;0;0;0;0;16473.66;11280.08;5193.58;32440.662
2026-08-04T08:12:32.560970+02:00;standby;24.4;40.9;5.0;28.0;58.2;57.0;0;0;0;0;16473.66;11280.08;5193.58;32440.662
2026-08-04T08:13:32.981390+02:00;standby;24.4;40.9;5.0;28.0;58.2;57.0;0;0;0;0;16473.66;11280.08;5193.58;32440.662
2026-08-04T08:14:33.600269+02:00;standby;24.4;40.8;5.0;28.0;58.2;57.0;0;0;0;0;16473.66;11280.08;5193.58;32440.662
2026-08-04T08:15:34.736737+02:00;standby;24.4;40.8;5.0;28.0;58.1;57.0;0;0;0;0;16473.66;11280.08;5193.58;32440.662
2026-08-04T08:16:35.146790+02:00;standby;24.4;40.7;5.0;28.0;58.1;57.0;0;0;0;0;16473.66;11280.08;5193.58;32440.662
2026-08-04T08:17:35.565193+02:00;standby;24.4;40.7;5.0;28.0;58.1;57.0;0;0;0;0;16473.66;11280.08;5193.58;32440.662
2026-08-04T08:18:36.094365+02:00;standby;24.4;40.6;5.0;28.0;58.1;57.0;0;0;0;0;16473.66;11280.08;5193.58;32440.662
2026-08-04T08:19:38.142614+02:00;standby;24.4;40.6;5.0;28.0;58.1;57.0;0;0;0;0;16473.66;11280.08;5193.58;32440.662
2026-08-04T08:20:38.768598+02:00;standby;24.4;40.5;5.0;28.0;58.1;57.0;0;0;0;0;16473.66;11280.08;5193.58;32440.662
2026-08-04T08:21:39.186080+02:00;standby;24.4;40.5;5.0;28.0;58.1;57.0;0;0;0;0;16473.66;11280.08;5193.58;32440.662
2026-08-04T08:22:39.705753+02:00;standby;24.4;40.3;5.0;28.0;58.1;57.0;0;0;0;0;16473.66;11280.08;5193.58;32440.662
2026-08-04T08:23:40.331244+02:00;standby;24.4;40.3;5.0;28.0;58.1;57.0;0;0;0;0;16473.66;11280.08;5193.58;32440.662
2026-08-04T08:24:40.796871+02:00;standby;24.4;40.3;5.0;28.0;58.1;57.0;0;0;0;0;16473.66;11280.08;5193.58;32440.662
2026-08-04T08:25:41.269379+02:00;standby;24.4;40.2;5.0;28.0;58.1;57.0;0;0;0;0;16473.66;11280.08;5193.58;32440.662
2026-08-04T08:26:41.807776+02:00;standby;24.4;40.2;5.0;28.0;58.1;57.0;0;0;0;0;16473.66;11280.08;5193.58;32440.662
2026-08-04T08:27:42.327321+02:00;standby;24.4;40.1;5.0;28.0;58.1;57.0;0;0;0;0;16473.66;11280.08;5193.58;32440.662
2026-08-04T08:28:42.919207+02:00;standby;24.4;40.1;5.0;28.0;58.1;57.0;0;0;0;0;16473.66;11280.08;5193.58;32440.662
2026-08-04T08:29:43.334198+02:00;standby;24.4;40.0;5.0;28.0;58.0;57.0;0;0;0;0;16473.66;11280.08;5193.58;32440.662
2026-08-04T08:30:43.780371+02:00;standby;24.4;40.0;5.0;28.0;58.0;57.0;0;0;0;0;16473.66;11280.08;5193.58;32440.662
2026-08-04T08:31:44.400395+02:00;standby;24.4;39.9;5.0;28.0;58.0;57.0;0;0;0;0;16473.66;11280.08;5193.58;32440.662
2026-08-04T08:32:44.898382+02:00;standby;24.4;39.9;5.0;28.0;58.0;57.0;0;0;0;0;16473.66;11280.08;5193.58;32440.662
2026-08-04T08:33:45.484812+02:00;standby;24.4;39.9;5.0;28.0;58.0;57.0;0;0;0;0;16473.66;11280.08;5193.58;32440.662
2026-08-04T08:34:45.938837+02:00;standby;24.4;39.8;5.0;28.0;58.0;57.0;0;0;0;0;16473.66;11280.08;5193.58;32440.662
2026-08-04T08:35:46.482239+02:00;standby;24.4;39.8;5.0;28.0;58.0;57.0;0;0;0;0;16473.66;11280.08;5193.58;32440.662
2026-08-04T08:36:47.165046+02:00;standby;24.4;39.6;5.0;28.0;58.0;57.0;0;0;0;0;16473.66;11280.08;5193.58;32440.662
2026-08-04T08:37:47.801907+02:00;standby;24.4;39.6;5.0;28.0;58.0;57.0;0;0;0;0;16473.66;11280.08;5193.58;32440.662
2026-08-04T08:38:48.456511+02:00;standby;24.4;39.5;5.0;28.0;58.0;57.0;0;0;0;0;16473.66;11280.08;5193.58;32440.662
2026-08-04T08:39:48.967074+02:00;standby;24.4;39.5;5.0;28.0;58.0;57.0;0;0;0;0;16473.66;11280.08;5193.58;32440.662
2026-08-04T08:40:49.669517+02:00;standby;24.4;39.5;5.0;28.0;58.0;57.0;0;0;0;0;16473.66;11280.08;5193.58;32440.662
2026-08-04T08:41:50.187048+02:00;standby;24.4;39.4;5.0;28.0;57.9;57.0;0;0;0;0;16473.66;11280.08;5193.58;32440.662
2026-08-04T08:42:51.035161+02:00;standby;24.4;39.4;5.0;28.0;58.0;57.0;0;0;0;0;16473.66;11280.08;5193.58;32440.662
2026-08-04T08:43:52.041570+02:00;standby;24.4;39.3;5.0;28.0;57.9;57.0;0;0;0;0;16473.66;11280.08;5193.58;32440.662
2026-08-04T08:44:52.462300+02:00;standby;24.4;39.3;5.0;28.0;57.9;57.0;0;0;0;0;16473.66;11280.08;5193.58;32440.662
2026-08-04T08:45:53.000856+02:00;standby;24.4;39.3;5.0;28.0;57.9;57.0;0;0;0;0;16473.66;11280.08;5193.58;32440.662
2026-08-04T08:46:53.540491+02:00;standby;24.4;39.1;5.0;28.0;57.9;57.0;0;0;0;0;16473.66;11280.08;5193.58;32440.662
2026-08-04T08:47:55.196296+02:00;standby;24.4;39.1;5.0;28.0;57.9;57.0;0;0;0;0;16473.66;11280.08;5193.58;32440.662
2026-08-04T08:48:55.690126+02:00;standby;24.4;39.0;5.0;28.0;57.9;57.0;0;0;0;0;16473.66;11280.08;5193.58;32440.662
2026-08-04T08:49:56.187074+02:00;standby;24.4;39.0;5.0;28.0;57.9;57.0;0;0;0;0;16473.66;11280.08;5193.58;32440.662
2026-08-04T08:50:56.843088+02:00;standby;24.4;39.0;5.0;28.0;57.9;57.0;0;0;0;0;16473.66;11280.08;5193.58;32440.662
2026-08-04T08:51:57.321579+02:00;standby;24.4;38.9;5.0;28.0;57.9;57.0;0;0;0;0;16473.66;11280.08;5193.58;32440.662
2026-08-04T08:52:57.871289+02:00;standby;24.4;38.9;5.0;28.0;57.9;57.0;0;0;0;0;16473.66;11280.08;5193.58;32440.662
2026-08-04T08:53:58.365838+02:00;standby;24.4;38.8;5.0;28.0;57.9;57.0;0;0;0;0;16473.66;11280.08;5193.58;32440.662
2026-08-04T08:54:58.986999+02:00;standby;24.4;38.8;5.0;28.0;57.9;57.0;0;0;0;0;16473.66;11280.08;5193.58;32440.662
2026-08-04T08:55:59.506249+02:00;standby;24.4;38.8;5.0;28.0;57.9;57.0;0;0;0;0;16473.66;11280.08;5193.58;32440.662
2026-08-04T08:57:00.023479+02:00;standby;24.4;38.6;5.0;28.0;57.9;57.0;0;0;0;0;16473.66;11280.08;5193.58;32440.662
2026-08-04T08:58:00.779429+02:00;standby;24.4;38.6;5.0;28.0;57.9;57.0;0;0;0;0;16473.66;11280.08;5193.58;32440.662
2026-08-04T08:59:01.267998+02:00;standby;25.8;38.5;5.0;28.0;57.8;57.0;0;0;0;0;16473.66;11280.08;5193.58;32440.662
2026-08-04T09:00:01.794353+02:00;standby;25.8;38.5;5.0;28.0;57.8;57.0;0;0;0;0;16473.66;11280.08;5193.58;32440.662
2026-08-04T09:01:02.646425+02:00;standby;25.8;38.5;5.0;28.0;57.8;57.0;0;0;0;0;16473.66;11280.08;5193.58;32440.662
2026-08-04T09:02:03.682492+02:00;standby;25.8;38.4;5.0;28.0;57.8;57.0;0;0;0;0;16473.66;11280.08;5193.58;32440.662
2026-08-04T09:03:04.330725+02:00;standby;25.8;38.4;5.0;28.0;57.8;57.0;0;0;0;0;16473.66;11280.08;5193.58;32440.662
2026-08-04T09:04:04.790333+02:00;standby;25.8;38.4;5.0;28.0;57.8;57.0;0;0;0;0;16473.66;11280.08;5193.58;32440.662
2026-08-04T09:05:05.250644+02:00;standby;25.8;38.3;5.0;28.0;57.8;57.0;0;0;0;0;16473.66;11280.08;5193.58;32440.662
2026-08-04T09:06:06.169361+02:00;standby;25.8;38.3;5.0;28.0;57.8;57.0;0;0;0;0;16473.66;11280.08;5193.58;32440.662
2026-08-04T09:07:06.674453+02:00;standby;25.8;38.3;5.0;28.0;57.8;57.0;0;0;0;0;16473.66;11280.08;5193.58;32440.662
2026-08-04T09:08:07.136123+02:00;standby;25.8;38.1;5.0;28.0;57.8;57.0;0;0;0;0;16473.66;11280.08;5193.58;32440.662
2026-08-04T09:09:07.777002+02:00;standby;25.8;38.1;5.0;28.0;57.7;57.0;0;0;0;0;16473.66;11280.08;5193.58;32440.662
2026-08-04T09:10:08.281147+02:00;standby;25.8;38.0;5.0;28.0;57.8;57.0;0;0;0;0;16473.66;11280.08;5193.58;32440.662
2026-08-04T09:11:08.832554+02:00;standby;25.8;38.0;5.0;28.0;57.8;57.0;0;0;0;0;16473.66;11280.08;5193.58;32440.662
2026-08-04T09:12:09.391560+02:00;standby;25.8;38.0;5.0;28.0;57.7;57.0;0;0;0;0;16473.66;11280.08;5193.58;32440.662
2026-08-04T09:13:09.930216+02:00;standby;25.8;37.9;5.0;28.0;57.7;57.0;0;0;0;0;16473.66;11280.08;5193.58;32440.662
2026-08-04T09:14:10.453534+02:00;standby;25.8;37.9;5.0;28.0;57.7;57.0;0;0;0;0;16473.66;11280.08;5193.58;32440.662
2026-08-04T09:15:11.360576+02:00;standby;25.8;37.9;5.0;28.0;57.7;57.0;0;0;0;0;16473.66;11280.08;5193.58;32440.662
2026-08-04T09:16:12.068240+02:00;standby;25.8;37.8;5.0;28.0;57.7;57.0;0;0;0;0;16473.66;11280.08;5193.58;32440.662
2026-08-04T09:17:12.601762+02:00;standby;25.8;37.8;5.0;28.0;57.7;57.0;0;0;0;0;16473.66;11280.08;5193.58;32440.662
2026-08-04T09:18:13.412818+02:00;standby;25.8;37.8;5.0;28.0;57.7;57.0;0;0;0;0;16473.66;11280.08;5193.58;32440.662
2026-08-04T09:19:13.891883+02:00;standby;25.8;37.7;5.0;28.0;57.7;57.0;0;0;0;0;16473.66;11280.08;5193.58;32440.662
2026-08-04T09:20:14.667460+02:00;standby;25.8;37.7;5.0;28.0;57.7;57.0;0;0;0;0;16473.66;11280.08;5193.58;32440.662
2026-08-04T09:21:15.276266+02:00;standby;25.8;37.7;5.0;28.0;57.7;57.0;0;0;0;0;16473.66;11280.08;5193.58;32440.662
2026-08-04T09:22:15.896735+02:00;standby;25.8;37.5;5.0;28.0;57.7;57.0;0;0;0;0;16473.66;11280.08;5193.58;32440.662
2026-08-04T09:23:16.481422+02:00;standby;25.8;37.5;5.0;28.0;57.7;57.0;0;0;0;0;16473.66;11280.08;5193.58;32440.662
2026-08-04T09:24:17.045916+02:00;standby;25.8;37.5;5.0;28.0;57.6;57.0;0;0;0;0;16473.66;11280.08;5193.58;32440.662
2026-08-04T09:25:17.671333+02:00;standby;25.8;37.4;5.0;28.0;57.6;57.0;0;0;0;0;16473.66;11280.08;5193.58;32440.662
2026-08-04T09:26:18.349241+02:00;standby;25.8;37.4;5.0;28.0;57.6;57.0;0;0;0;0;16473.66;11280.08;5193.58;32440.662
2026-08-04T09:27:19.008551+02:00;standby;25.8;37.3;5.0;28.0;57.6;57.0;0;0;0;0;16473.66;11280.08;5193.58;32440.662
2026-08-04T09:28:19.526048+02:00;standby;25.8;37.3;5.0;28.0;57.6;57.0;0;0;0;0;16473.66;11280.08;5193.58;32440.662
2026-08-04T09:29:20.156524+02:00;standby;25.8;37.3;5.0;28.0;57.6;57.0;0;0;0;0;16473.66;11280.08;5193.58;32440.662
2026-08-04T09:30:20.673609+02:00;standby;25.8;37.3;5.0;28.0;57.6;57.0;0;0;0;0;16473.66;11280.08;5193.58;32440.662
2026-08-04T09:31:21.290244+02:00;standby;25.8;37.2;5.0;28.0;57.6;57.0;0;0;0;0;16473.66;11280.08;5193.58;32440.662
2026-08-04T09:32:21.937821+02:00;standby;25.8;37.2;5.0;28.0;57.6;57.0;0;0;0;0;16473.66;11280.08;5193.58;32440.662
2026-08-04T09:33:22.436347+02:00;standby;25.8;37.2;5.0;28.0;57.6;57.0;0;0;0;0;16473.66;11280.08;5193.58;32440.662
2026-08-04T09:34:23.291888+02:00;standby;25.8;37.0;5.0;28.0;57.6;57.0;0;0;0;0;16473.66;11280.08;5193.58;32440.662
2026-08-04T09:35:23.874350+02:00;standby;25.8;37.0;5.0;28.0;57.6;57.0;0;0;0;0;16473.66;11280.08;5193.58;32440.662
2026-08-04T09:36:24.391910+02:00;standby;25.8;37.0;5.0;28.0;57.5;57.0;0;0;0;0;16473.66;11280.08;5193.58;32440.662
2026-08-04T09:37:25.079162+02:00;standby;25.8;36.9;5.0;28.0;57.5;57.0;0;0;0;0;16473.66;11280.08;5193.58;32440.662
2026-08-04T09:38:25.706936+02:00;standby;25.8;36.9;5.0;28.0;57.5;57.0;0;0;0;0;16473.66;11280.08;5193.58;32440.662
2026-08-04T09:39:26.330151+02:00;standby;25.8;36.9;5.0;28.0;57.5;57.0;0;0;0;0;16473.66;11280.08;5193.58;32440.662
2026-08-04T09:40:26.929267+02:00;standby;25.8;36.8;5.0;28.0;57.5;57.0;0;0;0;0;16473.66;11280.08;5193.58;32440.662
2026-08-04T09:41:27.398160+02:00;standby;25.8;36.8;5.0;28.0;57.5;57.0;0;0;0;0;16473.66;11280.08;5193.58;32440.662
2026-08-04T09:42:27.918817+02:00;standby;25.8;36.8;5.0;28.0;57.5;57.0;0;0;0;0;16473.66;11280.08;5193.58;32440.662
2026-08-04T09:43:28.569925+02:00;standby;25.8;36.8;5.0;28.0;57.5;57.0;0;0;0;0;16473.66;11280.08;5193.58;32440.662
2026-08-04T09:44:29.057316+02:00;standby;25.8;36.7;5.0;28.0;57.5;57.0;0;0;0;0;16473.66;11280.08;5193.58;32440.662
2026-08-04T09:45:29.613151+02:00;standby;25.8;36.7;5.0;28.0;57.5;57.0;0;0;0;0;16473.66;11280.08;5193.58;32440.662
2026-08-04T09:46:30.097976+02:00;standby;25.8;36.7;5.0;28.0;57.5;57.0;0;0;0;0;16473.66;11280.08;5193.58;32440.662
2026-08-04T09:47:30.564471+02:00;standby;25.8;36.5;5.0;28.0;57.5;57.0;0;0;0;0;16473.66;11280.08;5193.58;32440.662
2026-08-04T09:48:31.984251+02:00;standby;25.8;36.5;5.0;28.0;57.5;57.0;0;0;0;0;16473.66;11280.08;5193.58;32440.662
2026-08-04T09:49:32.608034+02:00;standby;25.8;36.5;5.0;28.0;57.4;57.0;0;0;0;0;16473.66;11280.08;5193.58;32440.662
2026-08-04T09:50:33.406793+02:00;standby;25.8;36.5;5.0;28.0;57.4;57.0;0;0;0;0;16473.66;11280.08;5193.58;32440.662
2026-08-04T09:51:34.278408+02:00;standby;25.8;36.4;5.0;28.0;57.4;57.0;0;0;0;0;16473.66;11280.08;5193.58;32440.662
2026-08-04T09:52:34.791163+02:00;standby;25.8;36.4;5.0;28.0;57.4;57.0;0;0;0;0;16473.66;11280.08;5193.58;32440.662
2026-08-04T09:53:35.340109+02:00;standby;25.8;36.4;5.0;28.0;57.4;57.0;0;0;0;0;16473.66;11280.08;5193.58;32440.662
2026-08-04T09:54:35.859455+02:00;standby;25.8;36.3;5.0;28.0;57.4;57.0;0;0;0;0;16473.66;11280.08;5193.58;32440.662
2026-08-04T09:55:36.824310+02:00;standby;25.8;36.3;5.0;28.0;57.4;57.0;0;0;0;0;16473.66;11280.08;5193.58;32440.662
2026-08-04T09:56:37.255639+02:00;standby;25.8;36.3;5.0;28.0;57.4;57.0;0;0;0;0;16473.66;11280.08;5193.58;32440.662
2026-08-04T09:57:38.276695+02:00;standby;25.8;36.3;5.0;28.0;57.4;57.0;0;0;0;0;16473.66;11280.08;5193.58;32440.662
2026-08-04T09:58:39.129090+02:00;standby;25.8;36.2;5.0;28.0;57.4;57.0;0;0;0;0;16473.66;11280.08;5193.58;32440.662
2026-08-04T09:59:39.969058+02:00;standby;26.9;36.2;5.0;28.0;57.4;57.0;0;0;0;0;16473.66;11280.08;5193.58;32440.662
2026-08-04T10:00:40.557500+02:00;standby;26.9;36.0;5.0;28.0;57.4;57.0;0;0;0;0;16473.66;11280.08;5193.58;32440.662
2026-08-04T10:01:41.109054+02:00;standby;26.9;36.0;5.0;28.0;57.3;57.0;0;0;0;0;16473.66;11280.08;5193.58;32440.662
2026-08-04T10:02:41.652334+02:00;standby;26.9;36.0;5.0;28.0;57.3;57.0;0;0;0;0;16473.66;11280.08;5193.58;32440.662
2026-08-04T10:03:42.542875+02:00;standby;26.9;36.0;5.0;28.0;57.4;57.0;0;0;0;0;16473.66;11280.08;5193.58;32440.662
2026-08-04T10:04:42.991613+02:00;standby;26.9;35.9;5.0;28.0;57.3;57.0;0;0;0;0;16473.66;11280.08;5193.58;32440.662
2026-08-04T10:05:43.409475+02:00;standby;26.9;35.9;5.0;28.0;57.3;57.0;0;0;0;0;16473.66;11280.08;5193.58;32440.662
2026-08-04T10:06:43.983621+02:00;standby;26.9;35.9;5.0;28.0;57.3;57.0;0;0;0;0;16473.66;11280.08;5193.58;32440.662
2026-08-04T10:07:44.484554+02:00;standby;26.9;35.9;5.0;28.0;57.3;57.0;0;0;0;0;16473.66;11280.08;5193.58;32440.662
2026-08-04T10:08:45.052342+02:00;standby;26.9;35.8;5.0;28.0;57.3;57.0;0;0;0;0;16473.66;11280.08;5193.58;32440.662
2026-08-04T10:09:45.898392+02:00;standby;26.9;35.8;5.0;28.0;57.3;57.0;0;0;0;0;16473.66;11280.08;5193.58;32440.662
2026-08-04T10:10:46.363207+02:00;standby;26.9;35.8;5.0;28.0;57.3;57.0;0;0;0;0;16473.66;11280.08;5193.58;32440.662
2026-08-04T10:11:46.877379+02:00;standby;26.9;35.8;5.0;28.0;57.3;57.0;0;0;0;0;16473.66;11280.08;5193.58;32440.662
2026-08-04T10:12:47.389898+02:00;standby;26.9;35.8;5.0;28.0;57.3;57.0;0;0;0;0;16473.66;11280.08;5193.58;32440.662
2026-08-04T10:13:48.425251+02:00;standby;26.9;35.7;5.0;28.0;57.3;57.0;0;0;0;0;16473.66;11280.08;5193.58;32440.662
2026-08-04T10:14:48.899949+02:00;standby;26.9;35.7;5.0;28.0;57.3;57.0;0;0;0;0;16473.66;11280.08;5193.58;32440.662
2026-08-04T10:15:49.629924+02:00;standby;26.9;35.7;5.0;28.0;57.3;57.0;0;0;0;0;16473.66;11280.08;5193.58;32440.662
2026-08-04T10:16:50.189798+02:00;standby;26.9;35.6;5.0;28.0;57.2;57.0;0;0;0;0;16473.66;11280.08;5193.58;32440.662
2026-08-04T10:17:52.068560+02:00;standby;26.9;35.6;5.0;28.0;57.2;57.0;0;0;0;0;16473.66;11280.08;5193.58;32440.662
2026-08-04T10:18:52.466133+02:00;standby;26.9;35.6;5.0;28.0;57.2;57.0;0;0;0;0;16473.66;11280.08;5193.58;32440.662
2026-08-04T10:19:52.939193+02:00;standby;26.9;35.6;5.0;28.0;57.2;57.0;0;0;0;0;16473.66;11280.08;5193.58;32440.662
2026-08-04T10:20:53.400497+02:00;standby;26.9;35.4;5.0;28.0;57.2;57.0;0;0;0;0;16473.66;11280.08;5193.58;32440.662
2026-08-04T10:21:54.016545+02:00;standby;26.9;35.4;5.0;28.0;57.2;57.0;0;0;0;0;16473.66;11280.08;5193.58;32440.662
2026-08-04T10:22:54.664268+02:00;standby;26.9;35.4;5.0;28.0;57.2;57.0;0;0;0;0;16473.66;11280.08;5193.58;32440.662
2026-08-04T10:23:55.110950+02:00;standby;26.9;35.4;5.0;28.0;57.2;57.0;0;0;0;0;16473.66;11280.08;5193.58;32440.662
2026-08-04T10:24:56.141028+02:00;standby;26.9;35.3;5.0;28.0;57.2;57.0;0;0;0;0;16473.66;11280.08;5193.58;32440.662
2026-08-04T10:25:56.953936+02:00;standby;26.9;35.3;5.0;28.0;57.2;57.0;0;0;0;0;16473.66;11280.08;5193.58;32440.662
2026-08-04T10:26:57.449495+02:00;standby;26.9;35.3;5.0;28.0;57.2;57.0;0;0;0;0;16473.66;11280.08;5193.58;32440.662
2026-08-04T10:27:57.909563+02:00;standby;26.9;35.3;5.0;28.0;57.2;57.0;0;0;0;0;16473.66;11280.08;5193.58;32440.662
2026-08-04T10:28:58.372100+02:00;standby;26.9;35.3;5.0;28.0;57.2;57.0;0;0;0;0;16473.66;11280.08;5193.58;32440.662
2026-08-04T10:29:58.839955+02:00;standby;26.9;35.2;5.0;28.0;57.2;57.0;0;0;0;0;16473.66;11280.08;5193.58;32440.662
2026-08-04T10:30:59.746325+02:00;standby;26.9;35.2;5.0;28.0;57.2;57.0;0;0;0;0;16473.66;11280.08;5193.58;32440.662
2026-08-04T10:32:00.747864+02:00;standby;26.9;35.2;5.0;28.0;57.1;57.0;0;0;0;0;16473.66;11280.08;5193.58;32440.662
2026-08-04T10:33:01.434466+02:00;standby;26.9;35.1;5.0;28.0;57.1;57.0;0;0;0;0;16473.66;11280.08;5193.58;32440.662
2026-08-04T10:34:01.951493+02:00;standby;26.9;35.1;5.0;28.0;57.1;57.0;0;0;0;0;16473.66;11280.08;5193.58;32440.662
2026-08-04T10:35:02.468167+02:00;standby;26.9;35.1;5.0;28.0;57.1;57.0;0;0;0;0;16473.66;11280.08;5193.58;32440.662
2026-08-04T10:36:02.988853+02:00;standby;26.9;35.1;5.0;28.0;57.1;57.0;0;0;0;0;16473.66;11280.08;5193.58;32440.662
2026-08-04T10:37:03.459922+02:00;standby;26.9;35.1;5.0;28.0;57.1;57.0;0;0;0;0;16473.66;11280.08;5193.58;32440.662
2026-08-04T10:38:03.923452+02:00;standby;26.9;35.1;5.0;28.0;57.1;57.0;0;0;0;0;16473.66;11280.08;5193.58;32440.662
2026-08-04T10:39:04.383333+02:00;standby;26.9;34.9;5.0;28.0;57.1;57.0;0;0;0;0;16473.66;11280.08;5193.58;32440.662
2026-08-04T10:40:05.965875+02:00;standby;26.9;34.9;5.0;28.0;57.1;57.0;0;0;0;0;16473.66;11280.08;5193.58;32440.662
2026-08-04T10:41:06.404183+02:00;standby;26.9;34.9;5.0;28.0;57.1;57.0;0;0;0;0;16473.66;11280.08;5193.58;32440.662
2026-08-04T10:42:06.858071+02:00;standby;26.9;34.9;5.0;28.0;57.1;57.0;0;0;0;0;16473.66;11280.08;5193.58;32440.662
2026-08-04T10:43:07.377657+02:00;standby;26.9;34.8;5.0;28.0;57.1;57.0;0;0;0;0;16473.66;11280.08;5193.58;32440.662
2026-08-04T10:44:07.916227+02:00;standby;26.9;34.8;5.0;28.0;56.9;57.0;0;0;0;0;16473.66;11280.08;5193.58;32440.662
2026-08-04T10:45:08.433708+02:00;standby;26.9;34.8;5.0;28.0;56.9;57.0;0;0;0;0;16473.66;11280.08;5193.58;32440.662
2026-08-04T10:46:08.999848+02:00;standby;26.9;34.8;5.0;28.0;56.9;57.0;0;0;0;0;16473.66;11280.08;5193.58;32440.662
2026-08-04T10:47:09.789393+02:00;standby;26.9;34.7;5.0;28.0;56.9;57.0;0;0;0;0;16473.66;11280.08;5193.58;32440.662
2026-08-04T10:48:10.253397+02:00;standby;26.9;34.7;5.0;28.0;56.9;57.0;0;0;0;0;16473.66;11280.08;5193.58;32440.662
2026-08-04T10:49:11.009714+02:00;standby;26.9;34.7;5.0;28.0;56.9;57.0;0;0;0;0;16473.66;11280.08;5193.58;32440.662
2026-08-04T10:50:11.531918+02:00;standby;26.9;34.7;5.0;28.0;56.9;57.0;0;0;0;0;16473.66;11280.08;5193.58;32440.662
2026-08-04T10:51:12.466072+02:00;standby;26.9;34.6;5.0;28.0;56.9;57.0;0;0;0;0;16473.66;11280.08;5193.58;32440.662
2026-08-04T10:52:12.944971+02:00;standby;26.9;34.6;5.0;28.0;56.9;57.0;0;0;0;0;16473.66;11280.08;5193.58;32440.662
2026-08-04T10:53:13.392986+02:00;standby;26.9;34.6;5.0;28.0;56.9;57.0;0;0;0;0;16473.66;11280.08;5193.58;32440.662
2026-08-04T10:54:14.014103+02:00;standby;26.9;34.6;5.0;28.0;56.9;57.0;0;0;0;0;16473.66;11280.08;5193.58;32440.662
2026-08-04T10:55:14.561699+02:00;standby;26.9;34.6;5.0;28.0;56.8;57.0;0;0;0;0;16473.66;11280.08;5193.58;32440.662
2026-08-04T10:56:15.210456+02:00;standby;26.9;34.4;5.0;28.0;56.8;57.0;0;0;0;0;16473.66;11280.08;5193.58;32440.662
2026-08-04T10:57:16.094170+02:00;standby;26.9;34.4;5.0;28.0;56.8;57.0;0;0;0;0;16473.66;11280.08;5193.58;32440.662
2026-08-04T10:58:16.622558+02:00;standby;26.9;34.4;5.0;28.0;56.8;57.0;0;0;0;0;16473.66;11280.08;5193.58;32440.662
2026-08-04T10:59:17.084760+02:00;standby;26.9;34.4;5.0;28.0;56.8;57.0;0;0;0;0;16473.66;11280.08;5193.58;32440.662
2026-08-04T11:00:17.553519+02:00;standby;27.9;34.4;5.0;28.0;56.8;57.0;0;0;0;0;16473.66;11280.08;5193.58;32440.662
2026-08-04T11:01:18.733786+02:00;standby;27.9;34.4;5.0;28.0;56.8;57.0;0;0;0;0;16473.66;11280.08;5193.58;32440.662
2026-08-04T11:02:19.213095+02:00;standby;27.9;34.3;5.0;28.0;56.8;57.0;0;0;0;0;16473.66;11280.08;5193.58;32440.662
2026-08-04T11:03:19.737399+02:00;standby;27.9;34.3;5.0;28.0;56.8;57.0;0;0;0;0;16473.66;11280.08;5193.58;32440.662
2026-08-04T11:04:20.244836+02:00;standby;27.9;34.3;5.0;28.0;56.8;57.0;0;0;0;0;16473.66;11280.08;5193.58;32440.662
2026-08-04T11:05:20.812282+02:00;standby;27.9;34.3;5.0;28.0;56.8;57.0;0;0;0;0;16473.66;11280.08;5193.58;32440.662
2026-08-04T11:06:21.734557+02:00;standby;27.9;34.2;5.0;28.0;56.8;57.0;0;0;0;0;16473.66;11280.08;5193.58;32440.662
2026-08-04T11:07:22.199252+02:00;standby;27.9;34.2;5.0;28.0;56.8;57.0;0;0;0;0;16473.66;11280.08;5193.58;32440.662
2026-08-04T11:08:22.827827+02:00;standby;27.9;34.2;5.0;28.0;56.7;57.0;0;0;0;0;16473.66;11280.08;5193.58;32440.662
2026-08-04T11:09:23.341847+02:00;standby;27.9;34.2;5.0;28.0;56.7;57.0;0;0;0;0;16473.66;11280.08;5193.58;32440.662
2026-08-04T11:10:23.814620+02:00;standby;27.9;34.2;5.0;28.0;56.7;57.0;0;0;0;0;16473.66;11280.08;5193.58;32440.662
2026-08-04T11:11:24.341521+02:00;standby;27.9;34.1;5.0;28.0;56.7;57.0;0;0;0;0;16473.66;11280.08;5193.58;32440.662
2026-08-04T11:12:25.315708+02:00;standby;27.9;34.1;5.0;28.0;56.7;57.0;0;0;0;0;16473.66;11280.08;5193.58;32440.662
2026-08-04T11:13:25.998611+02:00;standby;27.9;34.1;5.0;28.0;56.7;57.0;0;0;0;0;16473.66;11280.08;5193.58;32440.662
2026-08-04T11:14:26.668890+02:00;standby;27.9;34.1;5.0;28.0;56.7;57.0;0;0;0;0;16473.66;11280.08;5193.58;32440.662
2026-08-04T11:15:27.392020+02:00;standby;27.9;34.1;5.0;28.0;56.7;57.0;0;0;0;0;16473.66;11280.08;5193.58;32440.662
2026-08-04T11:16:27.957859+02:00;standby;27.9;34.0;5.0;28.0;56.7;57.0;0;0;0;0;16473.66;11280.08;5193.58;32440.662
2026-08-04T11:17:28.477464+02:00;standby;27.9;34.0;5.0;28.0;56.7;57.0;0;0;0;0;16473.66;11280.08;5193.58;32440.662
2026-08-04T11:18:29.170181+02:00;standby;27.9;34.0;5.0;28.0;56.7;57.0;0;0;0;0;16473.66;11280.08;5193.58;32440.662
2026-08-04T11:19:29.622794+02:00;standby;27.9;34.0;5.0;28.0;56.7;57.0;0;0;0;0;16473.66;11280.08;5193.58;32440.662
2026-08-04T11:20:30.115372+02:00;standby;27.9;34.0;5.0;28.0;56.7;57.0;0;0;0;0;16473.66;11280.08;5193.58;32440.662
2026-08-04T11:21:30.828796+02:00;standby;27.9;34.0;5.0;28.0;56.7;57.0;0;0;0;0;16473.66;11280.08;5193.58;32440.662
2026-08-04T11:22:31.324804+02:00;standby;27.9;33.8;5.0;28.0;56.6;57.0;0;0;0;0;16473.66;11280.08;5193.58;32440.662
2026-08-04T11:23:32.097982+02:00;standby;27.9;33.8;5.0;28.0;56.6;57.0;0;0;0;0;16473.66;11280.08;5193.58;32440.662
2026-08-04T11:24:32.838457+02:00;standby;27.9;33.8;5.0;28.0;56.6;57.0;0;0;0;0;16473.66;11280.08;5193.58;32440.662
2026-08-04T11:25:33.510519+02:00;standby;27.9;33.8;5.0;28.0;56.6;57.0;0;0;0;0;16473.66;11280.08;5193.58;32440.662
2026-08-04T11:26:33.959603+02:00;standby;27.9;33.7;5.0;28.0;56.6;57.0;0;0;0;0;16473.66;11280.08;5193.58;32440.662
2026-08-04T11:27:34.497067+02:00;standby;27.9;33.7;5.0;28.0;56.6;57.0;0;0;0;0;16473.66;11280.08;5193.58;32440.662
2026-08-04T11:28:35.417833+02:00;standby;27.9;33.7;5.0;28.0;56.6;57.0;0;0;0;0;16473.66;11280.08;5193.58;32440.662
2026-08-04T11:29:35.883398+02:00;standby;27.9;33.7;5.0;28.0;56.6;57.0;0;0;0;0;16473.66;11280.08;5193.58;32440.662
2026-08-04T11:30:36.362240+02:00;standby;27.9;33.7;5.0;28.0;56.6;57.0;0;0;0;0;16473.66;11280.08;5193.58;32440.662
2026-08-04T11:31:36.831886+02:00;standby;27.9;33.6;5.0;28.0;56.6;57.0;0;0;0;0;16473.66;11280.08;5193.58;32440.662
2026-08-04T11:32:39.534862+02:00;standby;27.9;33.7;5.0;28.0;56.6;57.0;0;0;0;0;16473.66;11280.08;5193.58;32440.662
2026-08-04T11:33:40.053263+02:00;standby;27.9;33.6;5.0;28.0;56.6;57.0;0;0;0;0;16473.66;11280.08;5193.58;32440.662
2026-08-04T11:34:42.877020+02:00;standby;27.9;33.6;5.0;28.0;56.6;57.0;0;0;0;0;16473.66;11280.08;5193.58;32440.662
2026-08-04T11:35:43.357451+02:00;standby;27.9;33.6;5.0;28.0;56.5;57.0;0;0;0;0;16473.66;11280.08;5193.58;32440.662
2026-08-04T11:36:44.018939+02:00;standby;27.9;33.6;5.0;28.0;56.5;57.0;0;0;0;0;16473.66;11280.08;5193.58;32440.662
2026-08-04T11:37:44.445071+02:00;standby;27.9;33.6;5.0;28.0;56.5;57.0;0;0;0;0;16473.66;11280.08;5193.58;32440.662
2026-08-04T11:38:45.055971+02:00;standby;27.9;33.5;5.0;28.0;56.5;57.0;0;0;0;0;16473.66;11280.08;5193.58;32440.662
2026-08-04T11:39:45.567261+02:00;standby;27.9;33.5;5.0;28.0;56.5;57.0;0;0;0;0;16473.66;11280.08;5193.58;32440.662
2026-08-04T11:40:46.097354+02:00;standby;27.9;33.5;5.0;28.0;56.5;57.0;0;0;0;0;16473.66;11280.08;5193.58;32440.662
2026-08-04T11:41:46.607171+02:00;standby;27.9;33.5;5.0;28.0;56.5;57.0;0;0;0;0;16473.66;11280.08;5193.58;32440.662
2026-08-04T11:42:47.985363+02:00;standby;27.9;33.5;5.0;28.0;56.5;57.0;0;0;0;0;16473.66;11280.08;5193.58;32440.662
2026-08-04T11:43:48.433467+02:00;standby;27.9;33.5;5.0;28.0;56.5;57.0;0;0;0;0;16473.66;11280.08;5193.58;32440.662
2026-08-04T11:44:48.923084+02:00;standby;27.9;33.5;5.0;28.0;56.5;57.0;0;0;0;0;16473.66;11280.08;5193.58;32440.662
2026-08-04T11:45:49.468248+02:00;standby;27.9;33.3;5.0;28.0;56.4;57.0;0;0;0;0;16473.66;11280.08;5193.58;32440.662
2026-08-04T11:46:50.142952+02:00;standby;27.9;33.3;5.0;28.0;56.4;57.0;0;0;0;0;16473.66;11280.08;5193.58;32440.662
2026-08-04T11:47:50.654181+02:00;standby;27.9;33.3;5.0;28.0;56.4;57.0;0;0;0;0;16473.66;11280.08;5193.58;32440.662
2026-08-04T11:48:51.376710+02:00;standby;27.9;33.3;5.0;28.0;56.4;57.0;0;0;0;0;16473.66;11280.08;5193.58;32440.662
2026-08-04T11:49:51.901140+02:00;standby;27.9;33.3;5.0;28.0;56.4;57.0;0;0;0;0;16473.66;11280.08;5193.58;32440.662
2026-08-04T11:50:52.652052+02:00;standby;27.9;33.2;5.0;28.0;56.4;57.0;0;0;0;0;16473.66;11280.08;5193.58;32440.662
2026-08-04T11:51:53.131023+02:00;standby;27.9;33.2;5.0;28.0;56.4;57.0;0;0;0;0;16473.66;11280.08;5193.58;32440.662
2026-08-04T11:52:53.556496+02:00;standby;27.9;33.2;5.0;28.0;56.4;57.0;0;0;0;0;16473.66;11280.08;5193.58;32440.662
2026-08-04T11:53:54.034915+02:00;standby;27.9;33.2;5.0;28.0;56.4;57.0;0;0;0;0;16473.66;11280.08;5193.58;32440.662
2026-08-04T11:54:54.858387+02:00;standby;27.9;33.2;5.0;28.0;56.3;57.0;0;0;0;0;16473.66;11280.08;5193.58;32440.662
2026-08-04T11:55:55.333404+02:00;standby;27.9;33.2;5.0;28.0;56.3;57.0;0;0;0;0;16473.66;11280.08;5193.58;32440.662
2026-08-04T11:56:56.043445+02:00;standby;27.9;33.1;5.0;28.0;56.3;57.0;0;0;0;0;16473.66;11280.08;5193.58;32440.662
2026-08-04T11:57:57.003369+02:00;standby;27.9;33.1;5.0;28.0;56.3;57.0;0;0;0;0;16473.66;11280.08;5193.58;32440.662
2026-08-04T11:58:57.451556+02:00;standby;27.9;33.1;5.0;28.0;56.3;57.0;0;0;0;0;16473.66;11280.08;5193.58;32440.662
2026-08-04T11:59:58.072436+02:00;standby;27.9;33.1;5.0;28.0;56.3;57.0;0;0;0;0;16473.66;11280.08;5193.58;32440.662
2026-08-04T12:00:59.002477+02:00;standby;29.1;33.1;5.0;28.0;56.3;57.0;0;0;0;0;16473.66;11280.08;5193.58;32440.662
2026-08-04T12:01:59.781447+02:00;standby;29.1;33.1;5.0;28.0;56.3;57.0;0;0;0;0;16473.66;11280.08;5193.58;32440.662
2026-08-04T12:03:00.828611+02:00;standby;29.1;33.1;5.0;28.0;56.3;57.0;0;0;0;0;16473.66;11280.08;5193.58;32440.662
2026-08-04T12:04:01.295116+02:00;standby;29.1;33.0;5.0;28.0;56.3;57.0;0;0;0;0;16473.66;11280.08;5193.58;32440.662
2026-08-04T12:05:02.047415+02:00;standby;29.1;33.0;5.0;28.0;56.3;57.0;0;0;0;0;16473.66;11280.08;5193.58;32440.662
2026-08-04T12:06:02.592413+02:00;standby;29.1;33.0;5.0;28.0;56.3;57.0;0;0;0;0;16473.66;11280.08;5193.58;32440.662
2026-08-04T12:07:03.100001+02:00;standby;29.1;33.0;5.0;28.0;56.3;57.0;0;0;0;0;16473.66;11280.08;5193.58;32440.662
2026-08-04T12:08:03.556064+02:00;standby;29.1;33.0;5.0;28.0;56.3;57.0;0;0;0;0;16473.66;11280.08;5193.58;32440.662
2026-08-04T12:09:04.020829+02:00;standby;29.1;33.0;5.0;28.0;56.2;57.0;0;0;0;0;16473.66;11280.08;5193.58;32440.662
2026-08-04T12:10:04.486631+02:00;standby;29.1;32.8;5.0;28.0;56.2;57.0;0;0;0;0;16473.66;11280.08;5193.58;32440.662
2026-08-04T12:11:05.339658+02:00;standby;29.1;32.8;5.0;28.0;56.2;57.0;0;0;0;0;16473.66;11280.08;5193.58;32440.662
2026-08-04T12:12:05.858854+02:00;standby;29.1;32.8;5.0;28.0;56.2;57.0;0;0;0;0;16473.66;11280.08;5193.58;32440.662
2026-08-04T12:13:06.510468+02:00;standby;29.1;32.8;5.0;28.0;56.2;57.0;0;0;0;0;16473.66;11280.08;5193.58;32440.662
2026-08-04T12:14:06.999658+02:00;standby;29.1;32.8;5.0;28.0;56.2;57.0;0;0;0;0;16473.66;11280.08;5193.58;32440.662
2026-08-04T12:15:07.535545+02:00;standby;29.1;32.8;5.0;28.0;56.2;57.0;0;0;0;0;16473.66;11280.08;5193.58;32440.662
2026-08-04T12:16:08.214192+02:00;standby;29.1;32.8;5.0;28.0;56.2;57.0;0;0;0;0;16473.66;11280.08;5193.58;32440.662
2026-08-04T12:17:08.687147+02:00;standby;29.1;32.8;5.0;28.0;56.2;57.0;0;0;0;0;16473.66;11280.08;5193.58;32440.662
2026-08-04T12:18:09.353638+02:00;standby;29.1;32.7;5.0;28.0;56.2;57.0;0;0;0;0;16473.66;11280.08;5193.58;32440.662
2026-08-04T12:19:10.850644+02:00;standby;29.1;32.7;5.0;28.0;56.2;57.0;0;0;0;0;16473.66;11280.08;5193.58;32440.662
2026-08-04T12:20:11.622707+02:00;standby;29.1;32.7;5.0;28.0;56.2;57.0;0;0;0;0;16473.66;11280.08;5193.58;32440.662
2026-08-04T12:21:12.099379+02:00;standby;29.1;32.7;5.0;28.0;56.2;57.0;0;0;0;0;16473.66;11280.08;5193.58;32440.662
2026-08-04T12:22:12.616488+02:00;standby;29.1;32.7;5.0;28.0;56.1;57.0;0;0;0;0;16473.66;11280.08;5193.58;32440.662
2026-08-04T12:23:13.181205+02:00;standby;29.1;32.7;5.0;28.0;56.1;57.0;0;0;0;0;16473.66;11280.08;5193.58;32440.662
2026-08-04T12:24:13.683036+02:00;standby;29.1;32.7;5.0;28.0;56.1;57.0;0;0;0;0;16473.66;11280.08;5193.58;32440.662
2026-08-04T12:25:14.130603+02:00;standby;29.1;32.6;5.0;28.0;56.1;57.0;0;0;0;0;16473.66;11280.08;5193.58;32440.662
2026-08-04T12:26:14.589181+02:00;standby;29.1;32.6;5.0;28.0;56.1;57.0;0;0;0;0;16473.66;11280.08;5193.58;32440.662
2026-08-04T12:27:15.123213+02:00;standby;29.1;32.6;5.0;28.0;56.1;57.0;0;0;0;0;16473.66;11280.08;5193.58;32440.662
2026-08-04T12:28:15.784259+02:00;standby;29.1;32.6;5.0;28.0;56.1;57.0;0;0;0;0;16473.66;11280.08;5193.58;32440.662
2026-08-04T12:29:16.452638+02:00;standby;29.1;32.6;5.0;28.0;56.1;57.0;0;0;0;0;16473.66;11280.08;5193.58;32440.662
2026-08-04T12:30:16.890595+02:00;standby;29.1;32.6;5.0;28.0;56.1;57.0;0;0;0;0;16473.66;11280.08;5193.58;32440.662
2026-08-04T12:31:17.390467+02:00;standby;29.1;32.5;5.0;28.0;56.1;57.0;0;0;0;0;16473.66;11280.08;5193.58;32440.662
2026-08-04T12:32:18.170482+02:00;standby;29.1;32.5;5.0;28.0;56.1;57.0;0;0;0;0;16473.66;11280.08;5193.58;32440.662
2026-08-04T12:33:18.734608+02:00;standby;29.1;32.5;5.0;28.0;56.1;57.0;0;0;0;0;16473.66;11280.08;5193.58;32440.662
2026-08-04T12:34:19.253737+02:00;standby;29.1;32.5;5.0;28.0;56.0;57.0;0;0;0;0;16473.66;11280.08;5193.58;32440.662
2026-08-04T12:35:19.888052+02:00;standby;29.1;32.5;5.0;28.0;56.0;57.0;0;0;0;0;16473.66;11280.08;5193.58;32440.662
2026-08-04T12:36:20.648061+02:00;standby;29.1;32.5;5.0;28.0;56.0;57.0;0;0;0;0;16473.66;11280.08;5193.58;32440.662
2026-08-04T12:37:21.301304+02:00;standby;29.1;32.5;5.0;28.0;56.0;57.0;0;0;0;0;16473.66;11280.08;5193.58;32440.662
2026-08-04T12:38:21.863721+02:00;standby;29.1;32.5;5.0;28.0;56.0;57.0;0;0;0;0;16473.66;11280.08;5193.58;32440.662
2026-08-04T12:39:22.644536+02:00;standby;29.1;32.3;5.0;28.0;56.0;57.0;0;0;0;0;16473.66;11280.08;5193.58;32440.662
2026-08-04T12:40:23.165546+02:00;standby;29.1;32.3;5.0;28.0;56.0;57.0;0;0;0;0;16473.66;11280.08;5193.58;32440.662
2026-08-04T12:41:23.769297+02:00;standby;29.1;32.3;5.0;28.0;55.9;57.0;0;0;0;0;16473.66;11280.08;5193.58;32440.662
2026-08-04T12:42:24.234965+02:00;standby;29.1;32.3;5.0;28.0;55.9;57.0;0;0;0;0;16473.66;11280.08;5193.58;32440.662
2026-08-04T12:43:24.905248+02:00;standby;29.1;32.3;5.0;28.0;55.9;57.0;0;0;0;0;16473.66;11280.08;5193.58;32440.662
2026-08-04T12:44:25.797740+02:00;standby;29.1;32.3;5.0;28.0;55.9;57.0;0;0;0;0;16473.66;11280.08;5193.58;32440.662
2026-08-04T12:45:26.277976+02:00;standby;29.1;32.3;5.0;28.0;55.9;57.0;0;0;0;0;16473.66;11280.08;5193.58;32440.662
2026-08-04T12:46:27.274891+02:00;standby;29.1;32.2;5.0;28.0;55.9;57.0;0;0;0;0;16473.66;11280.08;5193.58;32440.662
2026-08-04T12:47:27.863268+02:00;standby;29.1;32.3;5.0;28.0;55.9;57.0;0;0;0;0;16473.66;11280.08;5193.58;32440.662
2026-08-04T12:48:28.428096+02:00;standby;29.1;32.2;5.0;28.0;55.8;57.0;0;0;0;0;16473.66;11280.08;5193.58;32440.662
2026-08-04T12:49:29.273012+02:00;standby;29.1;32.2;5.0;28.0;55.8;57.0;0;0;0;0;16473.66;11280.08;5193.58;32440.662
2026-08-04T12:50:30.144316+02:00;standby;29.1;32.2;5.0;28.0;55.8;57.0;0;0;0;0;16473.66;11280.08;5193.58;32440.662
2026-08-04T12:51:30.648239+02:00;standby;29.1;32.2;5.0;28.0;55.8;57.0;0;0;0;0;16473.66;11280.08;5193.58;32440.662
2026-08-04T12:52:31.112266+02:00;standby;29.1;32.2;5.0;28.0;55.8;57.0;0;0;0;0;16473.66;11280.08;5193.58;32440.662
2026-08-04T12:53:31.597502+02:00;standby;29.1;32.2;5.0;28.0;55.8;57.0;0;0;0;0;16473.66;11280.08;5193.58;32440.662
2026-08-04T12:54:32.688573+02:00;standby;29.1;32.2;5.0;28.0;55.8;57.0;0;0;0;0;16473.66;11280.08;5193.58;32440.662
2026-08-04T12:55:33.154954+02:00;standby;29.1;32.1;5.0;28.0;55.8;57.0;0;0;0;0;16473.66;11280.08;5193.58;32440.662
2026-08-04T12:56:33.605079+02:00;standby;29.1;32.1;5.0;28.0;55.8;57.0;0;0;0;0;16473.66;11280.08;5193.58;32440.662
2026-08-04T12:57:34.170008+02:00;standby;29.1;32.1;5.0;28.0;55.8;57.0;0;0;0;0;16473.66;11280.08;5193.58;32440.662
2026-08-04T12:58:34.840188+02:00;standby;29.1;32.1;5.0;28.0;55.8;57.0;0;0;0;0;16473.66;11280.08;5193.58;32440.662
2026-08-04T12:59:35.333070+02:00;standby;29.1;32.1;5.0;28.0;55.7;57.0;0;0;0;0;16473.66;11280.08;5193.58;32440.662
2026-08-04T13:00:35.881950+02:00;standby;29.1;32.1;5.0;28.0;55.7;57.0;0;0;0;0;16473.66;11280.08;5193.58;32440.662
2026-08-04T13:01:36.534830+02:00;standby;29.7;32.1;5.0;28.0;55.7;57.0;0;0;0;0;16473.66;11280.08;5193.58;32440.662
2026-08-04T13:02:37.197475+02:00;standby;29.7;32.1;5.0;28.0;55.7;57.0;0;0;0;0;16473.66;11280.08;5193.58;32440.662
2026-08-04T13:03:37.636303+02:00;standby;29.7;32.0;5.0;28.0;55.7;57.0;0;0;0;0;16473.66;11280.08;5193.58;32440.662
2026-08-04T13:04:38.224493+02:00;standby;29.7;32.0;5.0;28.0;55.7;57.0;0;0;0;0;16473.66;11280.08;5193.58;32440.662
2026-08-04T13:05:39.496456+02:00;standby;29.7;32.0;5.0;28.0;55.7;57.0;0;0;0;0;16473.66;11280.08;5193.58;32440.662
2026-08-04T13:06:39.914956+02:00;standby;29.7;32.0;5.0;28.0;55.7;57.0;0;0;0;0;16473.66;11280.08;5193.58;32440.662
2026-08-04T13:07:40.510607+02:00;standby;29.7;32.0;5.0;28.0;55.7;57.0;0;0;0;0;16473.66;11280.08;5193.58;32440.662
2026-08-04T13:08:41.671402+02:00;standby;29.7;32.0;5.0;28.0;55.7;57.0;0;0;0;0;16473.66;11280.08;5193.58;32440.662
2026-08-04T13:09:42.118476+02:00;standby;29.7;32.0;5.0;28.0;55.6;57.0;0;0;0;0;16473.66;11280.08;5193.58;32440.662
2026-08-04T13:10:42.570510+02:00;standby;29.7;32.0;5.0;28.0;55.6;57.0;0;0;0;0;16473.66;11280.08;5193.58;32440.662
2026-08-04T13:11:43.092651+02:00;standby;29.7;32.0;5.0;28.0;55.5;57.0;0;0;0;0;16473.66;11280.08;5193.58;32440.662
2026-08-04T13:12:43.523375+02:00;standby;29.7;31.9;5.0;28.0;55.5;57.0;0;0;0;0;16473.66;11280.08;5193.58;32440.662
2026-08-04T13:13:44.130332+02:00;standby;29.7;31.9;5.0;28.0;55.5;57.0;0;0;0;0;16473.66;11280.08;5193.58;32440.662
2026-08-04T13:14:45.044745+02:00;standby;29.7;31.9;5.0;28.0;55.5;57.0;0;0;0;0;16473.66;11280.08;5193.58;32440.662
2026-08-04T13:15:45.791167+02:00;standby;29.7;31.9;5.0;28.0;55.4;57.0;0;0;0;0;16473.66;11280.08;5193.58;32440.662
2026-08-04T13:16:46.230541+02:00;standby;29.7;31.9;5.0;28.0;55.4;57.0;0;0;0;0;16473.66;11280.08;5193.58;32440.662
2026-08-04T13:17:46.931752+02:00;standby;29.7;31.9;5.0;28.0;55.3;57.0;0;0;0;0;16473.66;11280.08;5193.58;32440.662
2026-08-04T13:18:47.439382+02:00;standby;29.7;31.9;5.0;28.0;55.3;57.0;0;0;0;0;16473.66;11280.08;5193.58;32440.662
2026-08-04T13:19:47.918722+02:00;standby;29.7;31.9;5.0;28.0;55.3;57.0;0;0;0;0;16473.66;11280.08;5193.58;32440.662
2026-08-04T13:20:48.645983+02:00;standby;29.7;31.7;5.0;28.0;55.3;57.0;0;0;0;0;16473.66;11280.08;5193.58;32440.662
2026-08-04T13:21:49.573248+02:00;standby;29.7;31.7;5.0;28.0;55.3;57.0;0;0;0;0;16473.66;11280.08;5193.58;32440.662
2026-08-04T13:22:50.196867+02:00;standby;29.7;31.7;5.0;28.0;55.3;57.0;0;0;0;0;16473.66;11280.08;5193.58;32440.662
2026-08-04T13:23:50.643590+02:00;standby;29.7;31.7;5.0;28.0;55.3;57.0;0;0;0;0;16473.66;11280.08;5193.58;32440.662
2026-08-04T13:24:51.203563+02:00;standby;29.7;31.7;5.0;28.0;55.2;57.0;0;0;0;0;16473.66;11280.08;5193.58;32440.662
2026-08-04T13:25:51.645593+02:00;standby;29.7;31.7;5.0;28.0;55.2;57.0;0;0;0;0;16473.66;11280.08;5193.58;32440.662
2026-08-04T13:26:52.355002+02:00;standby;29.7;31.7;5.0;28.0;55.2;57.0;0;0;0;0;16473.66;11280.08;5193.58;32440.662
2026-08-04T13:27:53.149163+02:00;standby;29.7;31.7;5.0;28.0;55.1;57.0;0;0;0;0;16473.66;11280.08;5193.58;32440.662
2026-08-04T13:28:53.731590+02:00;standby;29.7;31.7;5.0;28.0;55.1;57.0;0;0;0;0;16473.66;11280.08;5193.58;32440.662
2026-08-04T13:29:54.600311+02:00;standby;29.7;31.6;5.0;28.0;55.1;57.0;0;0;0;0;16473.66;11280.08;5193.58;32440.662
2026-08-04T13:30:55.062072+02:00;standby;29.7;31.6;5.0;28.0;55.1;57.0;0;0;0;0;16473.66;11280.08;5193.58;32440.662
2026-08-04T13:31:55.632151+02:00;standby;29.7;31.6;5.0;28.0;55.1;57.0;0;0;0;0;16473.66;11280.08;5193.58;32440.662
2026-08-04T13:32:56.358203+02:00;standby;29.7;31.6;5.0;28.0;55.1;57.0;0;0;0;0;16473.66;11280.08;5193.58;32440.662
2026-08-04T13:33:57.371975+02:00;standby;29.7;31.6;5.0;28.0;54.9;57.0;0;0;0;0;16473.66;11280.08;5193.58;32440.662
2026-08-04T13:34:57.912929+02:00;standby;29.7;31.6;5.0;28.0;54.8;57.0;0;0;0;0;16473.66;11280.08;5193.58;32440.662
2026-08-04T13:35:58.385514+02:00;standby;29.7;31.6;5.0;28.0;54.7;57.0;0;0;0;0;16473.66;11280.08;5193.58;32440.662
2026-08-04T13:36:58.812901+02:00;standby;29.7;31.6;5.0;28.0;54.7;57.0;0;0;0;0;16473.66;11280.08;5193.58;32440.662
2026-08-04T13:37:59.262985+02:00;standby;29.7;31.6;5.0;28.0;54.5;57.0;0;0;0;0;16473.66;11280.08;5193.58;32440.662
2026-08-04T13:38:59.932129+02:00;standby;29.7;31.6;5.0;28.0;54.4;57.0;0;0;0;0;16473.66;11280.08;5193.58;32440.662
2026-08-04T13:40:00.716075+02:00;standby;29.7;31.6;5.0;28.0;54.3;57.0;0;0;0;0;16473.66;11280.08;5193.58;32440.662
2026-08-04T13:41:01.339283+02:00;standby;29.7;31.6;5.0;28.0;54.2;57.0;0;0;0;0;16473.66;11280.08;5193.58;32440.662
2026-08-04T13:42:01.773272+02:00;standby;29.7;31.6;5.0;28.0;54.2;57.0;0;0;0;0;16473.66;11280.08;5193.58;32440.662
2026-08-04T13:43:02.505712+02:00;standby;29.7;31.5;5.0;28.0;54.1;57.0;0;0;0;0;16473.66;11280.08;5193.58;32440.662
2026-08-04T13:44:03.386452+02:00;standby;29.7;31.5;5.0;28.0;54.1;57.0;0;0;0;0;16473.66;11280.08;5193.58;32440.662
2026-08-04T13:45:04.026115+02:00;standby;29.7;31.5;5.0;28.0;54.1;57.0;0;0;0;0;16473.66;11280.08;5193.58;32440.662
2026-08-04T13:46:04.507826+02:00;standby;29.7;31.5;5.0;28.0;54.1;57.0;0;0;0;0;16473.66;11280.08;5193.58;32440.662
2026-08-04T13:47:05.156420+02:00;standby;29.7;31.5;5.0;28.0;54.1;57.0;0;0;0;0;16473.66;11280.08;5193.58;32440.662
2026-08-04T13:48:05.957493+02:00;standby;29.7;31.5;5.0;28.0;54.0;57.0;0;0;0;0;16473.66;11280.08;5193.58;32440.662
2026-08-04T13:49:06.606393+02:00;standby;29.7;31.5;5.0;28.0;54.0;57.0;0;0;0;0;16473.66;11280.08;5193.58;32440.662
2026-08-04T13:50:07.432104+02:00;standby;29.7;31.5;5.0;28.0;54.0;57.0;0;0;0;0;16473.66;11280.08;5193.58;32440.662
2026-08-04T13:51:07.862868+02:00;standby;29.7;31.5;5.0;28.0;54.0;57.0;0;0;0;0;16473.66;11280.08;5193.58;32440.662
2026-08-04T13:52:08.734847+02:00;standby;29.7;31.5;5.0;28.0;54.0;57.0;0;0;0;0;16473.66;11280.08;5193.58;32440.662
2026-08-04T13:53:09.605315+02:00;standby;29.7;31.4;5.0;28.0;54.0;57.0;0;0;0;0;16473.66;11280.08;5193.58;32440.662
2026-08-04T13:54:10.126192+02:00;standby;29.7;31.4;5.0;28.0;54.0;57.0;0;0;0;0;16473.66;11280.08;5193.58;32440.662
2026-08-04T13:55:10.650143+02:00;standby;29.7;31.4;5.0;28.0;53.9;57.0;0;0;0;0;16473.66;11280.08;5193.58;32440.662
2026-08-04T13:56:11.401116+02:00;standby;29.7;31.4;5.0;28.0;53.9;57.0;0;0;0;0;16473.66;11280.08;5193.58;32440.662
2026-08-04T13:57:11.860630+02:00;standby;29.7;31.4;5.0;28.0;53.9;57.0;0;0;0;0;16473.66;11280.08;5193.58;32440.662
2026-08-04T13:58:12.311777+02:00;standby;29.7;31.4;5.0;28.0;53.8;57.0;0;0;0;0;16473.66;11280.08;5193.58;32440.662
2026-08-04T13:59:12.758768+02:00;standby;29.7;31.4;5.0;28.0;53.8;57.0;0;0;0;0;16473.66;11280.08;5193.58;32440.662
2026-08-04T14:00:13.271303+02:00;standby;29.7;31.4;5.0;28.0;53.8;57.0;0;0;0;0;16473.66;11280.08;5193.58;32440.662
2026-08-04T14:01:14.197914+02:00;standby;29.7;31.4;5.0;28.0;53.8;57.0;0;0;0;0;16473.66;11280.08;5193.58;32440.662
2026-08-04T14:02:14.663617+02:00;standby;30.3;31.4;5.0;28.0;53.8;57.0;0;0;0;0;16473.66;11280.08;5193.58;32440.662
2026-08-04T14:03:15.340381+02:00;standby;30.3;31.2;5.0;28.0;53.8;57.0;0;0;0;0;16473.66;11280.08;5193.58;32440.662
2026-08-04T14:04:15.807213+02:00;standby;30.3;31.2;5.0;28.0;53.7;57.0;0;0;0;0;16473.66;11280.08;5193.58;32440.662
2026-08-04T14:05:16.636109+02:00;standby;30.3;31.2;5.0;28.0;53.7;57.0;0;0;0;0;16473.66;11280.08;5193.58;32440.662
2026-08-04T14:06:17.173992+02:00;standby;30.3;31.2;5.0;28.0;53.7;57.0;0;0;0;0;16473.66;11280.08;5193.58;32440.662
2026-08-04T14:07:17.857474+02:00;standby;30.3;31.2;5.0;28.0;53.7;57.0;0;0;0;0;16473.66;11280.08;5193.58;32440.662
2026-08-04T14:08:18.600213+02:00;standby;30.3;31.2;5.0;28.0;53.7;57.0;0;0;0;0;16473.66;11280.08;5193.58;32440.662
2026-08-04T14:09:19.512583+02:00;standby;30.3;31.2;5.0;28.0;53.7;57.0;0;0;0;0;16473.66;11280.08;5193.58;32440.662
2026-08-04T14:10:19.997909+02:00;standby;30.3;31.2;5.0;28.0;53.7;57.0;0;0;0;0;16473.66;11280.08;5193.58;32440.662
2026-08-04T14:11:20.447565+02:00;standby;30.3;31.2;5.0;28.0;53.7;57.0;0;0;0;0;16473.66;11280.08;5193.58;32440.662
2026-08-04T14:12:21.277380+02:00;standby;30.3;31.2;5.0;28.0;53.7;57.0;0;0;0;0;16473.66;11280.08;5193.58;32440.662
2026-08-04T14:13:21.783257+02:00;standby;30.3;31.2;5.0;28.0;53.7;57.0;0;0;0;0;16473.66;11280.08;5193.58;32440.662
2026-08-04T14:14:22.360642+02:00;standby;30.3;31.1;5.0;28.0;53.6;57.0;0;0;0;0;16473.66;11280.08;5193.58;32440.662
2026-08-04T14:15:22.983513+02:00;standby;30.3;31.1;5.0;28.0;53.6;57.0;0;0;0;0;16473.66;11280.08;5193.58;32440.662
2026-08-04T14:16:23.582950+02:00;standby;30.3;31.1;5.0;28.0;53.6;57.0;0;0;0;0;16473.66;11280.08;5193.58;32440.662
2026-08-04T14:17:24.070928+02:00;standby;30.3;31.1;5.0;28.0;53.6;57.0;0;0;0;0;16473.66;11280.08;5193.58;32440.662
2026-08-04T14:18:24.593238+02:00;standby;30.3;31.1;5.0;28.0;53.5;57.0;0;0;0;0;16473.66;11280.08;5193.58;32440.662
2026-08-04T14:19:25.135565+02:00;standby;30.3;31.1;5.0;28.0;53.4;57.0;0;0;0;0;16473.66;11280.08;5193.58;32440.662
2026-08-04T14:20:25.579921+02:00;standby;30.3;31.1;5.0;28.0;53.3;57.0;0;0;0;0;16473.66;11280.08;5193.58;32440.662
2026-08-04T14:21:26.017196+02:00;standby;30.3;31.1;5.0;28.0;53.3;57.0;0;0;0;0;16473.66;11280.08;5193.58;32440.662
2026-08-04T14:22:26.472158+02:00;standby;30.3;31.1;5.0;28.0;53.3;57.0;0;0;0;0;16473.66;11280.08;5193.58;32440.662
2026-08-04T14:23:29.765883+02:00;standby;30.3;31.1;5.0;28.0;53.3;57.0;0;0;0;0;16473.66;11280.08;5193.58;32440.662
2026-08-04T14:24:30.188091+02:00;standby;30.3;31.1;5.0;28.0;53.3;57.0;0;0;0;0;16473.66;11280.08;5193.58;32440.662
2026-08-04T14:25:30.652504+02:00;standby;30.3;31.1;5.0;28.0;53.3;57.0;0;0;0;0;16473.66;11280.08;5193.58;32440.662
2026-08-04T14:26:31.251325+02:00;standby;30.3;31.1;5.0;28.0;53.3;57.0;0;0;0;0;16473.66;11280.08;5193.58;32440.662
2026-08-04T14:27:31.672950+02:00;standby;30.3;31.1;5.0;28.0;53.3;57.0;0;0;0;0;16473.66;11280.08;5193.58;32440.662
2026-08-04T14:28:32.153126+02:00;standby;30.3;31.0;5.0;28.0;53.2;57.0;0;0;0;0;16473.66;11280.08;5193.58;32440.662
2026-08-04T14:29:32.677901+02:00;standby;30.3;31.0;5.0;28.0;53.2;57.0;0;0;0;0;16473.66;11280.08;5193.58;32440.662
2026-08-04T14:30:33.493924+02:00;standby;30.3;31.0;5.0;28.0;53.2;57.0;0;0;0;0;16473.66;11280.08;5193.58;32440.662
2026-08-04T14:31:34.126768+02:00;standby;30.3;31.0;5.0;28.0;53.2;57.0;0;0;0;0;16473.66;11280.08;5193.58;32440.662
2026-08-04T14:32:34.617869+02:00;standby;30.3;31.0;5.0;28.0;53.2;57.0;0;0;0;0;16473.66;11280.08;5193.58;32440.662
2026-08-04T14:33:35.114638+02:00;standby;30.3;31.0;5.0;28.0;53.2;57.0;0;0;0;0;16473.66;11280.08;5193.58;32440.662
2026-08-04T14:34:35.530466+02:00;standby;30.3;31.0;5.0;28.0;53.2;57.0;0;0;0;0;16473.66;11280.08;5193.58;32440.662
2026-08-04T14:35:35.951805+02:00;standby;30.3;31.0;5.0;28.0;53.2;57.0;0;0;0;0;16473.66;11280.08;5193.58;32440.662
2026-08-04T14:36:36.523098+02:00;standby;30.3;31.0;5.0;28.0;53.1;57.0;0;0;0;0;16473.66;11280.08;5193.58;32440.662
2026-08-04T14:37:37.060621+02:00;standby;30.3;31.0;5.0;28.0;53.1;57.0;0;0;0;0;16473.66;11280.08;5193.58;32440.662
2026-08-04T14:38:37.609438+02:00;standby;30.3;31.0;5.0;28.0;53.1;57.0;0;0;0;0;16473.66;11280.08;5193.58;32440.662
2026-08-04T14:39:38.334110+02:00;standby;30.3;30.9;5.0;28.0;53.1;57.0;0;0;0;0;16473.66;11280.08;5193.58;32440.662
2026-08-04T14:40:39.161084+02:00;standby;30.3;31.0;5.0;28.0;53.1;57.0;0;0;0;0;16473.66;11280.08;5193.58;32440.662
2026-08-04T14:41:39.678780+02:00;standby;30.3;30.9;5.0;28.0;53.1;57.0;0;0;0;0;16473.66;11280.08;5193.58;32440.662
2026-08-04T14:42:40.197845+02:00;standby;30.3;30.9;5.0;28.0;53.1;57.0;0;0;0;0;16473.66;11280.08;5193.58;32440.662
2026-08-04T14:43:41.229862+02:00;standby;30.3;30.9;5.0;28.0;53.1;57.0;0;0;0;0;16473.66;11280.08;5193.58;32440.662
2026-08-04T14:44:41.800339+02:00;standby;30.3;30.9;5.0;28.0;53.1;57.0;0;0;0;0;16473.66;11280.08;5193.58;32440.662
2026-08-04T14:45:42.251129+02:00;standby;30.3;30.9;5.0;28.0;53.1;57.0;0;0;0;0;16473.66;11280.08;5193.58;32440.662
2026-08-04T14:46:42.685937+02:00;standby;30.3;30.9;5.0;28.0;52.9;57.0;0;0;0;0;16473.66;11280.08;5193.58;32440.662
2026-08-04T14:47:43.361355+02:00;standby;30.3;30.9;5.0;28.0;52.9;57.0;0;0;0;0;16473.66;11280.08;5193.58;32440.662
2026-08-04T14:48:44.014483+02:00;standby;30.3;30.9;5.0;28.0;52.9;57.0;0;0;0;0;16473.66;11280.08;5193.58;32440.662
2026-08-04T14:49:44.734930+02:00;standby;30.3;30.9;5.0;28.0;52.9;57.0;0;0;0;0;16473.66;11280.08;5193.58;32440.662
2026-08-04T14:50:45.172550+02:00;standby;30.3;30.9;5.0;28.0;52.9;57.0;0;0;0;0;16473.66;11280.08;5193.58;32440.662
2026-08-04T14:51:46.208531+02:00;standby;30.3;30.9;5.0;28.0;52.9;57.0;0;0;0;0;16473.66;11280.08;5193.58;32440.662
2026-08-04T14:52:46.723743+02:00;standby;30.3;30.7;5.0;28.0;52.9;57.0;0;0;0;0;16473.66;11280.08;5193.58;32440.662
2026-08-04T14:53:47.141321+02:00;standby;30.3;30.9;5.0;28.0;52.9;57.0;0;0;0;0;16473.66;11280.08;5193.58;32440.662
2026-08-04T14:54:47.768749+02:00;standby;30.3;30.7;5.0;28.0;52.9;57.0;0;0;0;0;16473.66;11280.08;5193.58;32440.662
2026-08-04T14:55:48.793643+02:00;standby;30.3;30.7;5.0;28.0;52.9;57.0;0;0;0;0;16473.66;11280.08;5193.58;32440.662
2026-08-04T14:56:49.403991+02:00;standby;30.3;30.7;5.0;28.0;52.8;57.0;0;0;0;0;16473.66;11280.08;5193.58;32440.662
2026-08-04T14:57:49.840413+02:00;standby;30.3;30.7;5.0;28.0;52.8;57.0;0;0;0;0;16473.66;11280.08;5193.58;32440.662
2026-08-04T14:58:50.453704+02:00;standby;30.3;30.7;5.0;28.0;52.8;57.0;0;0;0;0;16473.66;11280.08;5193.58;32440.662
2026-08-04T14:59:51.076583+02:00;standby;30.3;30.7;5.0;28.0;52.8;57.0;0;0;0;0;16473.66;11280.08;5193.58;32440.662
2026-08-04T15:00:51.697803+02:00;standby;30.3;30.7;5.0;28.0;52.8;57.0;0;0;0;0;16473.66;11280.08;5193.58;32440.662
2026-08-04T15:01:52.219229+02:00;standby;30.3;30.7;5.0;28.0;52.8;57.0;0;0;0;0;16473.66;11280.08;5193.58;32440.662
2026-08-04T15:02:52.975963+02:00;standby;31.0;30.7;5.0;28.0;52.8;57.0;0;0;0;0;16473.66;11280.08;5193.58;32440.662
2026-08-04T15:03:53.643305+02:00;standby;31.0;30.7;5.0;28.0;52.8;57.0;0;0;0;0;16473.66;11280.08;5193.58;32440.662
2026-08-04T15:04:54.207575+02:00;standby;31.0;30.7;5.0;28.0;52.8;57.0;0;0;0;0;16473.66;11280.08;5193.58;32440.662
2026-08-04T15:05:54.956108+02:00;standby;31.0;30.7;5.0;28.0;52.7;57.0;0;0;0;0;16473.66;11280.08;5193.58;32440.662
2026-08-04T15:06:55.576981+02:00;standby;31.0;30.7;5.0;28.0;52.7;57.0;0;0;0;0;16473.66;11280.08;5193.58;32440.662
2026-08-04T15:07:56.055769+02:00;standby;31.0;30.6;5.0;28.0;52.7;57.0;0;0;0;0;16473.66;11280.08;5193.58;32440.662
2026-08-04T15:08:57.289371+02:00;standby;31.0;30.6;5.0;28.0;52.7;57.0;0;0;0;0;16473.66;11280.08;5193.58;32440.662
2026-08-04T15:09:57.703484+02:00;standby;31.0;30.6;5.0;28.0;52.7;57.0;0;0;0;0;16473.66;11280.08;5193.58;32440.662
2026-08-04T15:10:58.121938+02:00;standby;31.0;30.6;5.0;28.0;52.7;57.0;0;0;0;0;16473.66;11280.08;5193.58;32440.662
2026-08-04T15:11:58.573870+02:00;standby;31.0;30.6;5.0;28.0;52.7;57.0;0;0;0;0;16473.66;11280.08;5193.58;32440.662
2026-08-04T15:12:59.263704+02:00;standby;31.0;30.6;5.0;28.0;52.7;57.0;0;0;0;0;16473.66;11280.08;5193.58;32440.662
2026-08-04T15:14:00.010861+02:00;standby;31.0;30.6;5.0;28.0;52.6;57.0;0;0;0;0;16473.66;11280.08;5193.58;32440.662
2026-08-04T15:15:00.590300+02:00;standby;31.0;30.6;5.0;28.0;52.6;57.0;0;0;0;0;16473.66;11280.08;5193.58;32440.662
2026-08-04T15:16:01.226504+02:00;standby;31.0;30.6;5.0;28.0;52.6;57.0;0;0;0;0;16473.66;11280.08;5193.58;32440.662
2026-08-04T15:17:01.729639+02:00;standby;31.0;30.6;5.0;28.0;52.6;57.0;0;0;0;0;16473.66;11280.08;5193.58;32440.662
2026-08-04T15:18:02.388368+02:00;standby;31.0;30.6;5.0;28.0;52.6;57.0;0;0;0;0;16473.66;11280.08;5193.58;32440.662
2026-08-04T15:19:03.009707+02:00;standby;31.0;30.6;5.0;28.0;52.6;57.0;0;0;0;0;16473.66;11280.08;5193.58;32440.662
2026-08-04T15:20:03.593896+02:00;standby;31.0;30.5;5.0;28.0;52.6;57.0;0;0;0;0;16473.66;11280.08;5193.58;32440.662
2026-08-04T15:21:04.135257+02:00;standby;31.0;30.6;5.0;28.0;52.6;57.0;0;0;0;0;16473.66;11280.08;5193.58;32440.662
2026-08-04T15:22:04.756389+02:00;standby;31.0;30.5;5.0;28.0;52.6;57.0;0;0;0;0;16473.66;11280.08;5193.58;32440.662
2026-08-04T15:23:05.167631+02:00;standby;31.0;30.5;5.0;28.0;52.6;57.0;0;0;0;0;16473.66;11280.08;5193.58;32440.662
2026-08-04T15:24:05.668379+02:00;standby;31.0;30.5;5.0;28.0;52.5;57.0;0;0;0;0;16473.66;11280.08;5193.58;32440.662
2026-08-04T15:25:06.209934+02:00;standby;31.0;30.5;5.0;28.0;52.5;57.0;0;0;0;0;16473.66;11280.08;5193.58;32440.662
2026-08-04T15:26:06.659607+02:00;standby;31.0;30.5;5.0;28.0;52.5;57.0;0;0;0;0;16473.66;11280.08;5193.58;32440.662
2026-08-04T15:27:07.248590+02:00;standby;31.0;30.5;5.0;28.0;52.5;57.0;0;0;0;0;16473.66;11280.08;5193.58;32440.662
2026-08-04T15:28:07.764306+02:00;standby;31.0;30.5;5.0;28.0;52.5;57.0;0;0;0;0;16473.66;11280.08;5193.58;32440.662
2026-08-04T15:29:08.328936+02:00;standby;31.0;30.5;5.0;28.0;52.5;57.0;0;0;0;0;16473.66;11280.08;5193.58;32440.662
2026-08-04T15:30:09.027463+02:00;standby;31.0;30.5;5.0;28.0;52.5;57.0;0;0;0;0;16473.66;11280.08;5193.58;32440.662
2026-08-04T15:31:09.613823+02:00;standby;31.0;30.5;5.0;28.0;52.5;57.0;0;0;0;0;16473.66;11280.08;5193.58;32440.662
2026-08-04T15:32:10.043494+02:00;standby;31.0;30.5;5.0;28.0;52.5;57.0;0;0;0;0;16473.66;11280.08;5193.58;32440.662
2026-08-04T15:33:10.498750+02:00;standby;31.0;30.5;5.0;28.0;52.5;57.0;0;0;0;0;16473.66;11280.08;5193.58;32440.662
2026-08-04T15:34:11.045389+02:00;standby;31.0;30.5;5.0;28.0;52.4;57.0;0;0;0;0;16473.66;11280.08;5193.58;32440.662
2026-08-04T15:35:11.543125+02:00;standby;31.0;30.5;5.0;28.0;52.4;57.0;0;0;0;0;16473.66;11280.08;5193.58;32440.662
2026-08-04T15:36:12.001444+02:00;standby;31.0;30.4;5.0;28.0;52.4;57.0;0;0;0;0;16473.66;11280.08;5193.58;32440.662
2026-08-04T15:37:12.436102+02:00;standby;31.0;30.4;5.0;28.0;52.4;57.0;0;0;0;0;16473.66;11280.08;5193.58;32440.662
2026-08-04T15:38:12.852578+02:00;standby;31.0;30.4;5.0;28.0;52.4;57.0;0;0;0;0;16473.66;11280.08;5193.58;32440.662
2026-08-04T15:39:13.355040+02:00;standby;31.0;30.4;5.0;28.0;52.4;57.0;0;0;0;0;16473.66;11280.08;5193.58;32440.662
2026-08-04T15:40:13.811241+02:00;standby;31.0;30.4;5.0;28.0;52.4;57.0;0;0;0;0;16473.66;11280.08;5193.58;32440.662
2026-08-04T15:41:14.361056+02:00;standby;31.0;30.4;5.0;28.0;52.4;57.0;0;0;0;0;16473.66;11280.08;5193.58;32440.662
2026-08-04T15:42:14.981641+02:00;standby;31.0;30.4;5.0;28.0;52.3;57.0;0;0;0;0;16473.66;11280.08;5193.58;32440.662
2026-08-04T15:43:15.683034+02:00;standby;31.0;30.4;5.0;28.0;52.3;57.0;0;0;0;0;16473.66;11280.08;5193.58;32440.662
2026-08-04T15:44:16.383731+02:00;standby;31.0;30.4;5.0;28.0;52.3;57.0;0;0;0;0;16473.66;11280.08;5193.58;32440.662
2026-08-04T15:45:16.855615+02:00;standby;31.0;30.4;5.0;28.0;52.3;57.0;0;0;0;0;16473.66;11280.08;5193.58;32440.662
2026-08-04T15:46:17.794491+02:00;standby;31.0;30.4;5.0;28.0;52.3;57.0;0;0;0;0;16473.66;11280.08;5193.58;32440.662
2026-08-04T15:47:18.451598+02:00;standby;31.0;30.4;5.0;28.0;52.3;57.0;0;0;0;0;16473.66;11280.08;5193.58;32440.662
2026-08-04T15:48:19.409581+02:00;standby;31.0;30.4;5.0;28.0;52.3;57.0;0;0;0;0;16473.66;11280.08;5193.58;32440.662
2026-08-04T15:49:20.046615+02:00;standby;31.0;30.4;5.0;28.0;52.3;57.0;0;0;0;0;16473.66;11280.08;5193.58;32440.662
2026-08-04T15:50:20.523891+02:00;standby;31.0;30.4;5.0;28.0;52.3;57.0;0;0;0;0;16473.66;11280.08;5193.58;32440.662
2026-08-04T15:51:21.149276+02:00;standby;31.0;30.4;5.0;28.0;52.3;57.0;0;0;0;0;16473.66;11280.08;5193.58;32440.662
2026-08-04T15:52:21.602612+02:00;standby;31.0;30.2;5.0;28.0;52.3;57.0;0;0;0;0;16473.66;11280.08;5193.58;32440.662
2026-08-04T15:53:22.113003+02:00;standby;31.0;30.2;5.0;28.0;52.2;57.0;0;0;0;0;16473.66;11280.08;5193.58;32440.662
2026-08-04T15:54:22.625304+02:00;standby;31.0;30.4;5.0;28.0;52.2;57.0;0;0;0;0;16473.66;11280.08;5193.58;32440.662
2026-08-04T15:55:23.057663+02:00;standby;31.0;30.2;5.0;28.0;52.2;57.0;0;0;0;0;16473.66;11280.08;5193.58;32440.662
2026-08-04T15:56:23.539837+02:00;standby;31.0;30.2;5.0;28.0;52.2;57.0;0;0;0;0;16473.66;11280.08;5193.58;32440.662
2026-08-04T15:57:24.367096+02:00;standby;31.0;30.2;5.0;28.0;52.2;57.0;0;0;0;0;16473.66;11280.08;5193.58;32440.662
2026-08-04T15:58:24.878557+02:00;standby;31.0;30.2;5.0;28.0;52.2;57.0;0;0;0;0;16473.66;11280.08;5193.58;32440.662
2026-08-04T15:59:25.606635+02:00;standby;31.0;30.2;5.0;28.0;52.2;57.0;0;0;0;0;16473.66;11280.08;5193.58;32440.662
2026-08-04T16:00:26.027189+02:00;standby;31.0;30.2;5.0;28.0;52.2;57.0;0;0;0;0;16473.66;11280.08;5193.58;32440.662
2026-08-04T16:01:26.643389+02:00;standby;31.0;30.2;5.0;28.0;52.2;57.0;0;0;0;0;16473.66;11280.08;5193.58;32440.662
2026-08-04T16:02:27.294537+02:00;standby;31.0;30.2;5.0;28.0;52.1;57.0;0;0;0;0;16473.66;11280.08;5193.58;32440.662
2026-08-04T16:03:28.042698+02:00;standby;31.7;30.2;5.0;28.0;52.1;57.0;0;0;0;0;16473.66;11280.08;5193.58;32440.662
2026-08-04T16:04:28.815986+02:00;standby;31.7;30.2;5.0;28.0;52.1;57.0;0;0;0;0;16473.66;11280.08;5193.58;32440.662
2026-08-04T16:05:29.276329+02:00;standby;31.7;30.2;5.0;28.0;52.1;57.0;0;0;0;0;16473.66;11280.08;5193.58;32440.662
2026-08-04T16:06:30.413155+02:00;standby;31.7;30.2;5.0;28.0;52.1;57.0;0;0;0;0;16473.66;11280.08;5193.58;32440.662
2026-08-04T16:07:30.888841+02:00;standby;31.7;30.2;5.0;28.0;52.1;57.0;0;0;0;0;16473.66;11280.08;5193.58;32440.662
2026-08-04T16:08:31.427492+02:00;standby;31.7;30.2;5.0;28.0;52.1;57.0;0;0;0;0;16473.66;11280.08;5193.58;32440.662
2026-08-04T16:09:31.945272+02:00;standby;31.7;30.1;5.0;28.0;52.1;57.0;0;0;0;0;16473.66;11280.08;5193.58;32440.662
2026-08-04T16:10:32.448179+02:00;standby;31.7;30.1;5.0;28.0;52.1;57.0;0;0;0;0;16473.66;11280.08;5193.58;32440.662
2026-08-04T16:11:32.999370+02:00;standby;31.7;30.1;5.0;28.0;52.0;57.0;0;0;0;0;16473.66;11280.08;5193.58;32440.662
2026-08-04T16:12:33.509752+02:00;standby;31.7;30.1;5.0;28.0;52.0;57.0;0;0;0;0;16473.66;11280.08;5193.58;32440.662
2026-08-04T16:13:34.134882+02:00;standby;31.7;30.1;5.0;28.0;52.0;57.0;0;0;0;0;16473.66;11280.08;5193.58;32440.662
2026-08-04T16:14:34.644576+02:00;standby;31.7;30.1;5.0;28.0;52.0;57.0;0;0;0;0;16473.66;11280.08;5193.58;32440.662
2026-08-04T16:15:35.148583+02:00;standby;31.7;30.1;5.0;28.0;52.0;57.0;0;0;0;0;16473.66;11280.08;5193.58;32440.662
2026-08-04T16:16:35.578413+02:00;standby;31.7;30.1;5.0;28.0;52.0;57.0;0;0;0;0;16473.66;11280.08;5193.58;32440.662
2026-08-04T16:17:36.116485+02:00;standby;31.7;30.1;5.0;28.0;52.0;57.0;0;0;0;0;16473.66;11280.08;5193.58;32440.662
2026-08-04T16:18:36.569792+02:00;standby;31.7;30.1;5.0;28.0;52.0;57.0;0;0;0;0;16473.66;11280.08;5193.58;32440.662
2026-08-04T16:19:37.137906+02:00;standby;31.7;30.1;5.0;28.0;52.0;57.0;0;0;0;0;16473.66;11280.08;5193.58;32440.662
2026-08-04T16:20:37.708859+02:00;standby;31.7;30.1;5.0;28.0;52.0;57.0;0;0;0;0;16473.66;11280.08;5193.58;32440.662
2026-08-04T16:21:38.176506+02:00;standby;31.7;30.1;5.0;28.0;52.0;57.0;0;0;0;0;16473.66;11280.08;5193.58;32440.662
2026-08-04T16:22:38.676722+02:00;standby;31.7;30.1;5.0;28.0;51.9;57.0;0;0;0;0;16473.66;11280.08;5193.58;32440.662
2026-08-04T16:23:39.120215+02:00;standby;31.7;30.1;5.0;28.0;51.9;57.0;0;0;0;0;16473.66;11280.08;5193.58;32440.662
2026-08-04T16:24:39.638265+02:00;standby;31.7;30.1;5.0;28.0;51.9;57.0;0;0;0;0;16473.66;11280.08;5193.58;32440.662
2026-08-04T16:25:40.205153+02:00;standby;31.7;30.1;5.0;28.0;51.9;57.0;0;0;0;0;16473.66;11280.08;5193.58;32440.662
2026-08-04T16:26:40.674710+02:00;standby;31.7;30.0;5.0;28.0;51.9;57.0;0;0;0;0;16473.66;11280.08;5193.58;32440.662
2026-08-04T16:27:41.185160+02:00;standby;31.7;30.0;5.0;28.0;51.9;57.0;0;0;0;0;16473.66;11280.08;5193.58;32440.662
2026-08-04T16:28:41.588409+02:00;standby;31.7;30.0;5.0;28.0;51.9;57.0;0;0;0;0;16473.66;11280.08;5193.58;32440.662
2026-08-04T16:29:42.000472+02:00;standby;31.7;30.0;5.0;28.0;51.9;57.0;0;0;0;0;16473.66;11280.08;5193.58;32440.662
2026-08-04T16:30:42.773637+02:00;standby;31.7;30.0;5.0;28.0;51.9;57.0;0;0;0;0;16473.66;11280.08;5193.58;32440.662
2026-08-04T16:31:43.264848+02:00;standby;31.7;30.0;5.0;28.0;51.8;57.0;0;0;0;0;16473.66;11280.08;5193.58;32440.662
2026-08-04T16:32:43.810282+02:00;standby;31.7;30.0;5.0;28.0;51.8;57.0;0;0;0;0;16473.66;11280.08;5193.58;32440.662
2026-08-04T16:33:44.424364+02:00;standby;31.7;30.0;5.0;28.0;51.8;57.0;0;0;0;0;16473.66;11280.08;5193.58;32440.662
2026-08-04T16:34:45.135615+02:00;standby;31.7;30.0;5.0;28.0;51.8;57.0;0;0;0;0;16473.66;11280.08;5193.58;32440.662
2026-08-04T16:35:46.099967+02:00;standby;31.7;30.0;5.0;28.0;51.8;57.0;0;0;0;0;16473.66;11280.08;5193.58;32440.662
2026-08-04T16:36:46.689817+02:00;standby;31.7;30.0;5.0;28.0;51.8;57.0;0;0;0;0;16473.66;11280.08;5193.58;32440.662
2026-08-04T16:37:47.306097+02:00;standby;31.7;30.0;5.0;28.0;51.8;57.0;0;0;0;0;16473.66;11280.08;5193.58;32440.662
2026-08-04T16:38:48.003333+02:00;standby;31.7;30.0;5.0;28.0;51.8;57.0;0;0;0;0;16473.66;11280.08;5193.58;32440.662
2026-08-04T16:39:48.447603+02:00;standby;31.7;30.0;5.0;28.0;51.8;57.0;0;0;0;0;16473.66;11280.08;5193.58;32440.662
2026-08-04T16:40:49.144288+02:00;standby;31.7;30.0;5.0;28.0;51.8;57.0;0;0;0;0;16473.66;11280.08;5193.58;32440.662
2026-08-04T16:41:49.700201+02:00;standby;31.7;30.0;5.0;28.0;51.8;57.0;0;0;0;0;16473.66;11280.08;5193.58;32440.662
2026-08-04T16:42:50.262747+02:00;standby;31.7;30.0;5.0;28.0;51.7;57.0;0;0;0;0;16473.66;11280.08;5193.58;32440.662
2026-08-04T16:43:50.783325+02:00;standby;31.7;30.0;5.0;28.0;51.7;57.0;0;0;0;0;16473.66;11280.08;5193.58;32440.662
2026-08-04T16:44:51.494731+02:00;standby;31.7;29.9;5.0;28.0;51.7;57.0;0;0;0;0;16473.66;11280.08;5193.58;32440.662
2026-08-04T16:45:51.970658+02:00;standby;31.7;29.9;5.0;28.0;51.7;57.0;0;0;0;0;16473.66;11280.08;5193.58;32440.662
2026-08-04T16:46:52.465801+02:00;standby;31.7;29.9;5.0;28.0;51.7;57.0;0;0;0;0;16473.66;11280.08;5193.58;32440.662
2026-08-04T16:47:53.125495+02:00;standby;31.7;29.9;5.0;28.0;51.7;57.0;0;0;0;0;16473.66;11280.08;5193.58;32440.662
2026-08-04T16:48:53.736326+02:00;standby;31.7;29.9;5.0;28.0;51.7;57.0;0;0;0;0;16473.66;11280.08;5193.58;32440.662
2026-08-04T16:49:54.251842+02:00;standby;31.7;29.9;5.0;28.0;51.7;57.0;0;0;0;0;16473.66;11280.08;5193.58;32440.662
2026-08-04T16:50:54.876156+02:00;standby;31.7;29.9;5.0;28.0;51.7;57.0;0;0;0;0;16473.66;11280.08;5193.58;32440.662
2026-08-04T16:51:55.428022+02:00;standby;31.7;29.9;5.0;28.0;51.6;57.0;0;0;0;0;16473.66;11280.08;5193.58;32440.662
2026-08-04T16:52:56.216178+02:00;standby;31.7;29.9;5.0;28.0;51.6;57.0;0;0;0;0;16473.66;11280.08;5193.58;32440.662
2026-08-04T16:53:56.639501+02:00;standby;31.7;29.9;5.0;28.0;51.6;57.0;0;0;0;0;16473.66;11280.08;5193.58;32440.662
2026-08-04T16:54:57.688457+02:00;standby;31.7;29.9;5.0;28.0;51.6;57.0;0;0;0;0;16473.66;11280.08;5193.58;32440.662
2026-08-04T16:55:58.237550+02:00;standby;31.7;29.9;5.0;28.0;51.6;57.0;0;0;0;0;16473.66;11280.08;5193.58;32440.662
2026-08-04T16:56:58.807747+02:00;standby;31.7;29.9;5.0;28.0;51.6;57.0;0;0;0;0;16473.66;11280.08;5193.58;32440.662
2026-08-04T16:57:59.327635+02:00;standby;31.7;29.9;5.0;28.0;51.6;57.0;0;0;0;0;16473.66;11280.08;5193.58;32440.662
2026-08-04T16:58:59.800132+02:00;standby;31.7;29.9;5.0;28.0;51.6;57.0;0;0;0;0;16473.66;11280.08;5193.58;32440.662
2026-08-04T17:00:00.783653+02:00;standby;31.7;29.9;5.0;28.0;51.6;57.0;0;0;0;0;16473.66;11280.08;5193.58;32440.662
2026-08-04T17:01:02.146388+02:00;standby;31.7;29.9;5.0;28.0;51.6;57.0;0;0;0;0;16473.66;11280.08;5193.58;32440.662
2026-08-04T17:02:02.627704+02:00;standby;31.7;29.9;5.0;28.0;51.5;57.0;0;0;0;0;16473.66;11280.08;5193.58;32440.662
2026-08-04T17:03:03.088819+02:00;standby;31.7;29.9;5.0;28.0;51.5;57.0;0;0;0;0;16473.66;11280.08;5193.58;32440.662
2026-08-04T17:04:03.585270+02:00;standby;31.2;29.9;5.0;28.0;51.5;57.0;0;0;0;0;16473.66;11280.08;5193.58;32440.662
2026-08-04T17:05:04.192021+02:00;standby;31.2;29.9;5.0;28.0;51.5;57.0;0;0;0;0;16473.66;11280.08;5193.58;32440.662
2026-08-04T17:06:04.817233+02:00;standby;31.2;29.9;5.0;28.0;51.5;57.0;0;0;0;0;16473.66;11280.08;5193.58;32440.662
2026-08-04T17:07:05.474805+02:00;standby;31.2;29.9;5.0;28.0;51.5;57.0;0;0;0;0;16473.66;11280.08;5193.58;32440.662
2026-08-04T17:08:05.974971+02:00;standby;31.2;29.7;5.0;28.0;51.5;57.0;0;0;0;0;16473.66;11280.08;5193.58;32440.662
2026-08-04T17:09:06.476335+02:00;standby;31.2;29.9;5.0;28.0;51.5;57.0;0;0;0;0;16473.66;11280.08;5193.58;32440.662
2026-08-04T17:10:07.105857+02:00;standby;31.2;29.7;5.0;28.0;51.5;57.0;0;0;0;0;16473.66;11280.08;5193.58;32440.662
2026-08-04T17:11:07.850135+02:00;standby;31.2;29.7;5.0;28.0;51.4;57.0;0;0;0;0;16473.66;11280.08;5193.58;32440.662
2026-08-04T17:12:08.383608+02:00;standby;31.2;29.7;5.0;28.0;51.4;57.0;0;0;0;0;16473.66;11280.08;5193.58;32440.662
2026-08-04T17:13:08.857849+02:00;standby;31.2;29.7;5.0;28.0;51.4;57.0;0;0;0;0;16473.66;11280.08;5193.58;32440.662
2026-08-04T17:14:09.491244+02:00;standby;31.2;29.7;5.0;28.0;51.4;57.0;0;0;0;0;16473.66;11280.08;5193.58;32440.662
2026-08-04T17:15:10.108366+02:00;standby;31.2;29.7;5.0;28.0;51.4;57.0;0;0;0;0;16473.66;11280.08;5193.58;32440.662
2026-08-04T17:16:10.826608+02:00;standby;31.2;29.7;5.0;28.0;51.4;57.0;0;0;0;0;16473.66;11280.08;5193.58;32440.662
2026-08-04T17:17:11.453366+02:00;standby;31.2;29.7;5.0;28.0;51.4;57.0;0;0;0;0;16473.66;11280.08;5193.58;32440.662
2026-08-04T17:18:12.127437+02:00;standby;31.2;29.7;5.0;28.0;51.4;57.0;0;0;0;0;16473.66;11280.08;5193.58;32440.662
2026-08-04T17:19:12.589803+02:00;standby;31.2;29.7;5.0;28.0;51.4;57.0;0;0;0;0;16473.66;11280.08;5193.58;32440.662
2026-08-04T17:20:13.122764+02:00;standby;31.2;29.7;5.0;28.0;51.4;57.0;0;0;0;0;16473.66;11280.08;5193.58;32440.662
2026-08-04T17:21:13.686838+02:00;standby;31.2;29.7;5.0;28.0;51.4;57.0;0;0;0;0;16473.66;11280.08;5193.58;32440.662
2026-08-04T17:22:14.161464+02:00;standby;31.2;29.7;5.0;28.0;51.4;57.0;0;0;0;0;16473.66;11280.08;5193.58;32440.662
2026-08-04T17:23:14.671061+02:00;standby;31.2;29.7;5.0;28.0;51.3;57.0;0;0;0;0;16473.66;11280.08;5193.58;32440.662
2026-08-04T17:24:15.445256+02:00;standby;31.2;29.7;5.0;28.0;51.3;57.0;0;0;0;0;16473.66;11280.08;5193.58;32440.662
2026-08-04T17:25:15.951448+02:00;standby;31.2;29.7;5.0;28.0;51.3;57.0;0;0;0;0;16473.66;11280.08;5193.58;32440.662
2026-08-04T17:26:16.450278+02:00;standby;31.2;29.7;5.0;28.0;51.3;57.0;0;0;0;0;16473.66;11280.08;5193.58;32440.662
2026-08-04T17:27:17.295769+02:00;standby;31.2;29.7;5.0;28.0;51.3;57.0;0;0;0;0;16473.66;11280.08;5193.58;32440.662
2026-08-04T17:28:17.908935+02:00;standby;31.2;29.6;5.0;28.0;51.3;57.0;0;0;0;0;16473.66;11280.08;5193.58;32440.662
2026-08-04T17:29:19.045420+02:00;standby;31.2;29.6;5.0;28.0;51.3;57.0;0;0;0;0;16473.66;11280.08;5193.58;32440.662
2026-08-04T17:30:19.744899+02:00;standby;31.2;29.6;5.0;28.0;51.3;57.0;0;0;0;0;16473.66;11280.08;5193.58;32440.662
2026-08-04T17:31:20.257886+02:00;standby;31.2;29.6;5.0;28.0;51.3;57.0;0;0;0;0;16473.66;11280.08;5193.58;32440.662
2026-08-04T17:32:20.879923+02:00;standby;31.2;29.6;5.0;28.0;51.2;57.0;0;0;0;0;16473.66;11280.08;5193.58;32440.662
2026-08-04T17:33:21.536649+02:00;standby;31.2;29.6;5.0;28.0;51.2;57.0;0;0;0;0;16473.66;11280.08;5193.58;32440.662
2026-08-04T17:34:22.365894+02:00;standby;31.2;29.6;5.0;28.0;51.2;57.0;0;0;0;0;16473.66;11280.08;5193.58;32440.662
2026-08-04T17:35:22.847353+02:00;standby;31.2;29.6;5.0;28.0;51.2;57.0;0;0;0;0;16473.66;11280.08;5193.58;32440.662
2026-08-04T17:36:23.426819+02:00;standby;31.2;29.6;5.0;28.0;51.2;57.0;0;0;0;0;16473.66;11280.08;5193.58;32440.662
2026-08-04T17:37:24.006473+02:00;standby;31.2;29.6;5.0;28.0;51.2;57.0;0;0;0;0;16473.66;11280.08;5193.58;32440.662
2026-08-04T17:38:24.921823+02:00;standby;31.2;29.6;5.0;28.0;51.2;57.0;0;0;0;0;16473.66;11280.08;5193.58;32440.662
2026-08-04T17:39:25.553816+02:00;standby;31.2;29.6;5.0;28.0;51.2;57.0;0;0;0;0;16473.66;11280.08;5193.58;32440.662
2026-08-04T17:40:26.108470+02:00;standby;31.2;29.6;5.0;28.0;51.2;57.0;0;0;0;0;16473.66;11280.08;5193.58;32440.662
2026-08-04T17:41:26.582266+02:00;standby;31.2;29.6;5.0;28.0;51.2;57.0;0;0;0;0;16473.66;11280.08;5193.58;32440.662
2026-08-04T17:42:27.130255+02:00;standby;31.2;29.6;5.0;28.0;51.1;57.0;0;0;0;0;16473.66;11280.08;5193.58;32440.662
2026-08-04T17:43:28.067012+02:00;standby;31.2;29.6;5.0;28.0;51.1;57.0;0;0;0;0;16473.66;11280.08;5193.58;32440.662
2026-08-04T17:44:28.771772+02:00;standby;31.2;29.6;5.0;28.0;51.1;57.0;0;0;0;0;16473.66;11280.08;5193.58;32440.662
2026-08-04T17:45:29.276493+02:00;standby;31.2;29.6;5.0;28.0;51.1;57.0;0;0;0;0;16473.66;11280.08;5193.58;32440.662
2026-08-04T17:46:29.899850+02:00;standby;31.2;29.6;5.0;28.0;51.1;57.0;0;0;0;0;16473.66;11280.08;5193.58;32440.662
2026-08-04T17:47:30.459980+02:00;standby;31.2;29.6;5.0;28.0;51.1;57.0;0;0;0;0;16473.66;11280.08;5193.58;32440.662
2026-08-04T17:48:31.348537+02:00;standby;31.2;29.6;5.0;28.0;51.1;57.0;0;0;0;0;16473.66;11280.08;5193.58;32440.662
2026-08-04T17:49:32.598923+02:00;standby;31.2;29.6;5.0;28.0;51.1;57.0;0;0;0;0;16473.66;11280.08;5193.58;32440.662
2026-08-04T17:50:33.225795+02:00;standby;31.2;29.4;5.0;28.0;51.1;57.0;0;0;0;0;16473.66;11280.08;5193.58;32440.662
2026-08-04T17:51:33.718589+02:00;standby;31.2;29.4;5.0;28.0;51.1;57.0;0;0;0;0;16473.66;11280.08;5193.58;32440.662
2026-08-04T17:52:34.262390+02:00;standby;31.2;29.4;5.0;28.0;50.9;57.0;0;0;0;0;16473.66;11280.08;5193.58;32440.662
2026-08-04T17:53:35.080401+02:00;standby;31.2;29.4;5.0;28.0;50.9;57.0;0;0;0;0;16473.66;11280.08;5193.58;32440.662
2026-08-04T17:54:35.598805+02:00;standby;31.2;29.4;5.0;28.0;50.9;57.0;0;0;0;0;16473.66;11280.08;5193.58;32440.662
2026-08-04T17:55:36.126847+02:00;standby;31.2;29.4;5.0;28.0;50.9;57.0;0;0;0;0;16473.66;11280.08;5193.58;32440.662
2026-08-04T17:56:36.562948+02:00;standby;31.2;29.4;5.0;28.0;50.9;57.0;0;0;0;0;16473.66;11280.08;5193.58;32440.662
2026-08-04T17:57:37.050805+02:00;standby;31.2;29.4;5.0;28.0;50.9;57.0;0;0;0;0;16473.66;11280.08;5193.58;32440.662
2026-08-04T17:58:37.672258+02:00;standby;31.2;29.4;5.0;28.0;50.9;57.0;0;0;0;0;16473.66;11280.08;5193.58;32440.662
2026-08-04T17:59:38.180418+02:00;standby;31.2;29.4;5.0;28.0;50.9;57.0;0;0;0;0;16473.66;11280.08;5193.58;32440.662
2026-08-04T18:00:39.136883+02:00;standby;31.2;29.4;5.0;28.0;50.9;57.0;0;0;0;0;16473.66;11280.08;5193.58;32440.662
2026-08-04T18:01:39.628023+02:00;standby;31.2;29.4;5.0;28.0;50.9;57.0;0;0;0;0;16473.66;11280.08;5193.58;32440.662
2026-08-04T18:02:40.194384+02:00;standby;31.2;29.4;5.0;28.0;50.9;57.0;0;0;0;0;16473.66;11280.08;5193.58;32440.662
2026-08-04T18:03:40.669395+02:00;standby;31.2;29.4;5.0;28.0;50.8;57.0;0;0;0;0;16473.66;11280.08;5193.58;32440.662
2026-08-04T18:04:41.193321+02:00;standby;31.3;29.4;5.0;28.0;50.8;57.0;0;0;0;0;16473.66;11280.08;5193.58;32440.662
2026-08-04T18:05:41.913412+02:00;standby;31.3;29.4;5.0;28.0;50.8;57.0;0;0;0;0;16473.66;11280.08;5193.58;32440.662
2026-08-04T18:06:42.431063+02:00;standby;31.3;29.4;5.0;28.0;50.8;57.0;0;0;0;0;16473.66;11280.08;5193.58;32440.662
2026-08-04T18:07:42.953291+02:00;standby;31.3;29.4;5.0;28.0;50.8;57.0;0;0;0;0;16473.66;11280.08;5193.58;32440.662
2026-08-04T18:08:43.517112+02:00;standby;31.3;29.4;5.0;28.0;50.8;57.0;0;0;0;0;16473.66;11280.08;5193.58;32440.662
2026-08-04T18:09:44.326118+02:00;standby;31.3;29.4;5.0;28.0;50.8;57.0;0;0;0;0;16473.66;11280.08;5193.58;32440.662
2026-08-04T18:10:44.918595+02:00;standby;31.3;29.4;5.0;28.0;50.8;57.0;0;0;0;0;16473.66;11280.08;5193.58;32440.662
2026-08-04T18:11:45.751056+02:00;standby;31.3;29.4;5.0;28.0;50.8;57.0;0;0;0;0;16473.66;11280.08;5193.58;32440.662
2026-08-04T18:12:46.264832+02:00;standby;31.3;29.4;5.0;28.0;50.8;57.0;0;0;0;0;16473.66;11280.08;5193.58;32440.662
2026-08-04T18:13:46.842213+02:00;standby;31.3;29.4;5.0;28.0;50.8;57.0;0;0;0;0;16473.66;11280.08;5193.58;32440.662
2026-08-04T18:14:47.970839+02:00;standby;31.3;29.4;5.0;28.0;50.7;57.0;0;0;0;0;16473.66;11280.08;5193.58;32440.662
2026-08-04T18:15:48.462448+02:00;standby;31.3;29.4;5.0;28.0;50.7;57.0;0;0;0;0;16473.66;11280.08;5193.58;32440.662
2026-08-04T18:16:48.983083+02:00;standby;31.3;29.3;5.0;28.0;50.7;57.0;0;0;0;0;16473.66;11280.08;5193.58;32440.662
2026-08-04T18:17:49.683078+02:00;standby;31.3;29.3;5.0;28.0;50.7;57.0;0;0;0;0;16473.66;11280.08;5193.58;32440.662
2026-08-04T18:18:50.326967+02:00;standby;31.3;29.3;5.0;28.0;50.7;57.0;0;0;0;0;16473.66;11280.08;5193.58;32440.662
2026-08-04T18:19:50.831059+02:00;standby;31.3;29.3;5.0;28.0;50.7;57.0;0;0;0;0;16473.66;11280.08;5193.58;32440.662
2026-08-04T18:20:51.345265+02:00;standby;31.3;29.3;5.0;28.0;50.7;57.0;0;0;0;0;16473.66;11280.08;5193.58;32440.662
2026-08-04T18:21:52.055719+02:00;standby;31.3;29.3;5.0;28.0;50.7;57.0;0;0;0;0;16473.66;11280.08;5193.58;32440.662
2026-08-04T18:22:52.994373+02:00;standby;31.3;29.3;5.0;28.0;50.6;57.0;0;0;0;0;16473.66;11280.08;5193.58;32440.662
2026-08-04T18:23:53.516393+02:00;standby;31.3;29.3;5.0;28.0;50.6;57.0;0;0;0;0;16473.66;11280.08;5193.58;32440.662
2026-08-04T18:24:54.033901+02:00;standby;31.3;29.3;5.0;28.0;50.6;57.0;0;0;0;0;16473.66;11280.08;5193.58;32440.662
2026-08-04T18:25:54.753279+02:00;standby;31.3;29.3;5.0;28.0;50.6;57.0;0;0;0;0;16473.66;11280.08;5193.58;32440.662
2026-08-04T18:26:55.273293+02:00;standby;31.3;29.3;5.0;28.0;50.6;57.0;0;0;0;0;16473.66;11280.08;5193.58;32440.662
2026-08-04T18:27:55.892268+02:00;standby;31.3;29.3;5.0;28.0;50.6;57.0;0;0;0;0;16473.66;11280.08;5193.58;32440.662
2026-08-04T18:28:56.419357+02:00;standby;31.3;29.3;5.0;28.0;50.6;57.0;0;0;0;0;16473.66;11280.08;5193.58;32440.662
2026-08-04T18:29:57.479536+02:00;standby;31.3;29.3;5.0;28.0;50.6;57.0;0;0;0;0;16473.66;11280.08;5193.58;32440.662
2026-08-04T18:30:57.952394+02:00;standby;31.3;29.3;5.0;28.0;50.6;57.0;0;0;0;0;16473.66;11280.08;5193.58;32440.662
2026-08-04T18:31:58.385591+02:00;standby;31.3;29.3;5.0;28.0;50.5;57.0;0;0;0;0;16473.66;11280.08;5193.58;32440.662
2026-08-04T18:32:58.902291+02:00;standby;31.3;29.3;5.0;28.0;50.5;57.0;0;0;0;0;16473.66;11280.08;5193.58;32440.662
2026-08-04T18:33:59.567408+02:00;standby;31.3;29.3;5.0;28.0;50.5;57.0;0;0;0;0;16473.66;11280.08;5193.58;32440.662
2026-08-04T18:35:00.158390+02:00;standby;31.3;29.3;5.0;28.0;50.5;57.0;0;0;0;0;16473.66;11280.08;5193.58;32440.662
2026-08-04T18:36:00.991570+02:00;standby;31.3;29.3;5.0;28.0;50.5;57.0;0;0;0;0;16473.66;11280.08;5193.58;32440.662
2026-08-04T18:37:01.501200+02:00;standby;31.3;29.3;5.0;28.0;50.5;57.0;0;0;0;0;16473.66;11280.08;5193.58;32440.662
2026-08-04T18:38:02.211557+02:00;standby;31.3;29.3;5.0;28.0;50.5;57.0;0;0;0;0;16473.66;11280.08;5193.58;32440.662
2026-08-04T18:39:02.841264+02:00;standby;31.3;29.3;5.0;28.0;50.5;57.0;0;0;0;0;16473.66;11280.08;5193.58;32440.662
2026-08-04T18:40:03.532407+02:00;standby;31.3;29.3;5.0;28.0;50.5;57.0;0;0;0;0;16473.66;11280.08;5193.58;32440.662
2026-08-04T18:41:03.988009+02:00;standby;31.3;29.2;5.0;28.0;50.5;57.0;0;0;0;0;16473.66;11280.08;5193.58;32440.662
2026-08-04T18:42:04.704614+02:00;standby;31.3;29.3;5.0;28.0;50.5;57.0;0;0;0;0;16473.66;11280.08;5193.58;32440.662
2026-08-04T18:43:05.526871+02:00;standby;31.3;29.3;5.0;28.0;50.5;57.0;0;0;0;0;16473.66;11280.08;5193.58;32440.662
2026-08-04T18:44:06.182925+02:00;standby;31.3;29.3;5.0;28.0;50.5;57.0;0;0;0;0;16473.66;11280.08;5193.58;32440.662
2026-08-04T18:45:06.921013+02:00;standby;31.3;29.2;5.0;28.0;50.4;57.0;0;0;0;0;16473.66;11280.08;5193.58;32440.662
2026-08-04T18:46:07.566735+02:00;standby;31.3;29.2;5.0;28.0;50.4;57.0;0;0;0;0;16473.66;11280.08;5193.58;32440.662
2026-08-04T18:47:08.164871+02:00;standby;31.3;29.3;5.0;28.0;50.4;57.0;0;0;0;0;16473.66;11280.08;5193.58;32440.662
2026-08-04T18:48:08.649030+02:00;standby;31.3;29.2;5.0;28.0;50.4;57.0;0;0;0;0;16473.66;11280.08;5193.58;32440.662
2026-08-04T18:49:09.225885+02:00;standby;31.3;29.2;5.0;28.0;50.4;57.0;0;0;0;0;16473.66;11280.08;5193.58;32440.662
2026-08-04T18:50:09.710488+02:00;standby;31.3;29.2;5.0;28.0;50.4;57.0;0;0;0;0;16473.66;11280.08;5193.58;32440.662
2026-08-04T18:51:10.609853+02:00;standby;31.3;29.2;5.0;28.0;50.4;57.0;0;0;0;0;16473.66;11280.08;5193.58;32440.662
2026-08-04T18:52:11.327154+02:00;standby;31.3;29.2;5.0;28.0;50.4;57.0;0;0;0;0;16473.66;11280.08;5193.58;32440.662
2026-08-04T18:53:11.953355+02:00;standby;31.3;29.2;5.0;28.0;50.4;57.0;0;0;0;0;16473.66;11280.08;5193.58;32440.662
2026-08-04T18:54:12.504834+02:00;standby;31.3;29.2;5.0;28.0;50.4;57.0;0;0;0;0;16473.66;11280.08;5193.58;32440.662
2026-08-04T18:55:13.124556+02:00;standby;31.3;29.2;5.0;28.0;50.3;57.0;0;0;0;0;16473.66;11280.08;5193.58;32440.662
2026-08-04T18:56:13.715989+02:00;standby;31.3;29.2;5.0;28.0;50.3;57.0;0;0;0;0;16473.66;11280.08;5193.58;32440.662
2026-08-04T18:57:14.368583+02:00;standby;31.3;29.2;5.0;28.0;50.3;57.0;0;0;0;0;16473.66;11280.08;5193.58;32440.662
2026-08-04T18:58:14.967605+02:00;standby;31.3;29.2;5.0;28.0;50.3;57.0;0;0;0;0;16473.66;11280.08;5193.58;32440.662
2026-08-04T18:59:15.579453+02:00;standby;31.3;29.2;5.0;28.0;50.3;57.0;0;0;0;0;16473.66;11280.08;5193.58;32440.662
2026-08-04T19:00:17.482135+02:00;standby;31.3;29.2;5.0;28.0;50.3;57.0;0;0;0;0;16473.66;11280.08;5193.58;32440.662
2026-08-04T19:01:17.962393+02:00;standby;31.3;29.2;5.0;28.0;50.3;57.0;0;0;0;0;16473.66;11280.08;5193.58;32440.662
2026-08-04T19:02:18.677819+02:00;standby;31.3;29.2;5.0;28.0;50.3;57.0;0;0;0;0;16473.66;11280.08;5193.58;32440.662
2026-08-04T19:03:19.193661+02:00;standby;31.3;29.2;5.0;28.0;50.3;57.0;0;0;0;0;16473.66;11280.08;5193.58;32440.662
2026-08-04T19:04:19.707335+02:00;standby;31.3;29.2;5.0;28.0;50.3;57.0;0;0;0;0;16473.66;11280.08;5193.58;32440.662
2026-08-04T19:05:20.257659+02:00;standby;30.7;29.2;5.0;28.0;50.2;57.0;0;0;0;0;16473.66;11280.08;5193.58;32440.662
2026-08-04T19:06:20.781481+02:00;standby;30.7;29.2;5.0;28.0;50.2;57.0;0;0;0;0;16473.66;11280.08;5193.58;32440.662
2026-08-04T19:07:21.472775+02:00;standby;30.7;29.2;5.0;28.0;50.2;57.0;0;0;0;0;16473.66;11280.08;5193.58;32440.662
2026-08-04T19:08:22.243401+02:00;standby;30.7;29.2;5.0;28.0;50.2;57.0;0;0;0;0;16473.66;11280.08;5193.58;32440.662
2026-08-04T19:09:22.758562+02:00;standby;30.7;29.2;5.0;28.0;50.2;57.0;0;0;0;0;16473.66;11280.08;5193.58;32440.662
2026-08-04T19:10:23.773049+02:00;standby;30.7;29.2;5.0;28.0;50.2;57.0;0;0;0;0;16473.66;11280.08;5193.58;32440.662
2026-08-04T19:11:24.265009+02:00;standby;30.7;29.2;5.0;28.0;50.2;57.0;0;0;0;0;16473.66;11280.08;5193.58;32440.662
2026-08-04T19:12:24.787284+02:00;standby;30.7;29.2;5.0;28.0;50.2;57.0;0;0;0;0;16473.66;11280.08;5193.58;32440.662
2026-08-04T19:13:26.227895+02:00;standby;30.7;29.0;5.0;28.0;50.2;57.0;0;0;0;0;16473.66;11280.08;5193.58;32440.662
2026-08-04T19:14:27.172762+02:00;standby;30.7;29.0;5.0;28.0;50.2;57.0;0;0;0;0;16473.66;11280.08;5193.58;32440.662
2026-08-04T19:15:27.687344+02:00;standby;30.7;29.0;5.0;28.0;50.2;57.0;0;0;0;0;16473.66;11280.08;5193.58;32440.662
2026-08-04T19:16:28.205970+02:00;standby;30.7;29.0;5.0;28.0;50.1;57.0;0;0;0;0;16473.66;11280.08;5193.58;32440.662
2026-08-04T19:17:28.709048+02:00;standby;30.7;29.0;5.0;28.0;50.1;57.0;0;0;0;0;16473.66;11280.08;5193.58;32440.662
2026-08-04T19:18:29.240053+02:00;standby;30.7;29.0;5.0;28.0;50.1;57.0;0;0;0;0;16473.66;11280.08;5193.58;32440.662
2026-08-04T19:19:29.756964+02:00;standby;30.7;29.0;5.0;28.0;50.1;57.0;0;0;0;0;16473.66;11280.08;5193.58;32440.662
2026-08-04T19:20:30.419201+02:00;standby;30.7;29.0;5.0;28.0;50.1;57.0;0;0;0;0;16473.66;11280.08;5193.58;32440.662
2026-08-04T19:21:31.137497+02:00;standby;30.7;29.0;5.0;28.0;50.1;57.0;0;0;0;0;16473.66;11280.08;5193.58;32440.662
2026-08-04T19:22:31.771429+02:00;standby;30.7;29.0;5.0;28.0;50.1;57.0;0;0;0;0;16473.66;11280.08;5193.58;32440.662
2026-08-04T19:23:32.181774+02:00;standby;30.7;29.0;5.0;28.0;50.1;57.0;0;0;0;0;16473.66;11280.08;5193.58;32440.662
2026-08-04T19:24:32.643121+02:00;standby;30.7;29.0;5.0;28.0;50.0;57.0;0;0;0;0;16473.66;11280.08;5193.58;32440.662
2026-08-04T19:25:33.064144+02:00;standby;30.7;29.0;5.0;28.0;50.0;57.0;0;0;0;0;16473.66;11280.08;5193.58;32440.662
2026-08-04T19:26:33.584041+02:00;standby;30.7;29.0;5.0;28.0;49.9;57.0;0;0;0;0;16473.66;11280.08;5193.58;32440.662
2026-08-04T19:27:34.363302+02:00;standby;30.7;29.0;5.0;28.0;49.9;57.0;0;0;0;0;16473.66;11280.08;5193.58;32440.662
2026-08-04T19:28:35.060031+02:00;standby;30.7;29.0;5.0;28.0;49.9;57.0;0;0;0;0;16473.66;11280.08;5193.58;32440.662
2026-08-04T19:29:35.871214+02:00;standby;30.7;29.0;5.0;28.0;49.8;57.0;0;0;0;0;16473.66;11280.08;5193.58;32440.662
2026-08-04T19:30:36.397776+02:00;standby;30.7;29.0;5.0;28.0;49.8;57.0;0;0;0;0;16473.66;11280.08;5193.58;32440.662
2026-08-04T19:31:36.902354+02:00;standby;30.7;29.0;5.0;28.0;49.8;57.0;0;0;0;0;16473.66;11280.08;5193.58;32440.662
2026-08-04T19:32:37.525832+02:00;standby;30.7;29.0;5.0;28.0;49.8;57.0;0;0;0;0;16473.66;11280.08;5193.58;32440.662
2026-08-04T19:33:38.039396+02:00;standby;30.7;29.0;5.0;28.0;49.8;57.0;0;0;0;0;16473.66;11280.08;5193.58;32440.662
2026-08-04T19:34:38.668448+02:00;standby;30.7;29.0;5.0;28.0;49.8;57.0;0;0;0;0;16473.66;11280.08;5193.58;32440.662
2026-08-04T19:35:39.210175+02:00;standby;30.7;29.0;5.0;28.0;49.8;57.0;0;0;0;0;16473.66;11280.08;5193.58;32440.662
2026-08-04T19:36:39.728381+02:00;standby;30.7;29.0;5.0;28.0;49.8;57.0;0;0;0;0;16473.66;11280.08;5193.58;32440.662
2026-08-04T19:37:40.230653+02:00;standby;30.7;29.0;5.0;28.0;49.7;57.0;0;0;0;0;16473.66;11280.08;5193.58;32440.662
2026-08-04T19:38:40.742939+02:00;standby;30.7;29.0;5.0;28.0;49.7;57.0;0;0;0;0;16473.66;11280.08;5193.58;32440.662
2026-08-04T19:39:41.261882+02:00;standby;30.7;29.0;5.0;28.0;49.7;57.0;0;0;0;0;16473.66;11280.08;5193.58;32440.662
2026-08-04T19:40:41.783114+02:00;standby;30.7;29.0;5.0;28.0;49.7;57.0;0;0;0;0;16473.66;11280.08;5193.58;32440.662
2026-08-04T19:41:42.523020+02:00;standby;30.7;29.0;5.0;28.0;49.7;57.0;0;0;0;0;16473.66;11280.08;5193.58;32440.662
2026-08-04T19:42:43.481103+02:00;standby;30.7;28.9;5.0;28.0;49.7;57.0;0;0;0;0;16473.66;11280.08;5193.58;32440.662
2026-08-04T19:43:44.501165+02:00;standby;30.7;29.0;5.0;28.0;49.7;57.0;0;0;0;0;16473.66;11280.08;5193.58;32440.662
2026-08-04T19:44:44.995757+02:00;standby;30.7;28.9;5.0;28.0;49.7;57.0;0;0;0;0;16473.66;11280.08;5193.58;32440.662
2026-08-04T19:45:45.505762+02:00;standby;30.7;29.0;5.0;28.0;49.7;57.0;0;0;0;0;16473.66;11280.08;5193.58;32440.662
2026-08-04T19:46:46.484089+02:00;standby;30.7;29.0;5.0;28.0;49.7;57.0;0;0;0;0;16473.66;11280.08;5193.58;32440.662
2026-08-04T19:47:47.051964+02:00;standby;30.7;29.0;5.0;28.0;49.7;57.0;0;0;0;0;16473.66;11280.08;5193.58;32440.662
2026-08-04T19:48:47.551026+02:00;standby;30.7;28.9;5.0;28.0;49.6;57.0;0;0;0;0;16473.66;11280.08;5193.58;32440.662
2026-08-04T19:49:47.998988+02:00;standby;30.7;28.9;5.0;28.0;49.6;57.0;0;0;0;0;16473.66;11280.08;5193.58;32440.662
2026-08-04T19:50:48.652834+02:00;standby;30.7;28.9;5.0;28.0;49.6;57.0;0;0;0;0;16473.66;11280.08;5193.58;32440.662
2026-08-04T19:51:49.375815+02:00;standby;30.7;28.9;5.0;28.0;49.6;57.0;0;0;0;0;16473.66;11280.08;5193.58;32440.662
2026-08-04T19:52:49.860300+02:00;standby;30.7;28.9;5.0;28.0;49.6;57.0;0;0;0;0;16473.66;11280.08;5193.58;32440.662
2026-08-04T19:53:50.374839+02:00;standby;30.7;28.9;5.0;28.0;49.6;57.0;0;0;0;0;16473.66;11280.08;5193.58;32440.662
2026-08-04T19:54:51.176465+02:00;standby;30.7;28.9;5.0;28.0;49.5;57.0;0;0;0;0;16473.66;11280.08;5193.58;32440.662
2026-08-04T19:55:51.815437+02:00;standby;30.7;28.9;5.0;28.0;49.4;57.0;0;0;0;0;16473.66;11280.08;5193.58;32440.662
2026-08-04T19:56:52.436368+02:00;standby;30.7;28.9;5.0;28.0;49.4;57.0;0;0;0;0;16473.66;11280.08;5193.58;32440.662
2026-08-04T19:57:52.960854+02:00;standby;30.7;29.0;5.0;28.0;49.4;57.0;0;0;0;0;16473.66;11280.08;5193.58;32440.662
2026-08-04T19:58:53.500029+02:00;standby;30.7;28.9;5.0;28.0;49.3;57.0;0;0;0;0;16473.66;11280.08;5193.58;32440.662
2026-08-04T19:59:53.999266+02:00;standby;30.7;28.9;5.0;28.0;49.1;57.0;0;0;0;0;16473.66;11280.08;5193.58;32440.662
2026-08-04T20:00:54.515244+02:00;standby;30.7;28.9;5.0;28.0;48.9;57.0;0;0;0;0;16473.66;11280.08;5193.58;32440.662
2026-08-04T20:01:55.036641+02:00;standby;30.7;28.9;5.0;28.0;48.8;57.0;0;0;0;0;16473.66;11280.08;5193.58;32440.662
2026-08-04T20:02:55.635422+02:00;standby;30.7;28.9;5.0;28.0;48.8;57.0;0;0;0;0;16473.66;11280.08;5193.58;32440.662
2026-08-04T20:03:56.200050+02:00;standby;30.7;28.9;5.0;28.0;48.8;57.0;0;0;0;0;16473.66;11280.08;5193.58;32440.662
2026-08-04T20:04:56.677794+02:00;standby;30.7;28.9;5.0;28.0;48.8;57.0;0;0;0;0;16473.66;11280.08;5193.58;32440.662
2026-08-04T20:05:57.569875+02:00;standby;29.4;28.9;5.0;28.0;48.8;57.0;0;0;0;0;16473.66;11280.08;5193.58;32440.662
2026-08-04T20:06:58.257429+02:00;standby;29.4;28.9;5.0;28.0;48.8;57.0;0;0;0;0;16473.66;11280.08;5193.58;32440.662
2026-08-04T20:07:58.795889+02:00;standby;29.4;28.9;5.0;28.0;48.7;57.0;0;0;0;0;16473.66;11280.08;5193.58;32440.662
2026-08-04T20:08:59.510750+02:00;standby;29.4;28.9;5.0;28.0;48.7;57.0;0;0;0;0;16473.66;11280.08;5193.58;32440.662
2026-08-04T20:10:00.053900+02:00;standby;29.4;28.9;5.0;28.0;48.7;57.0;0;0;0;0;16473.66;11280.08;5193.58;32440.662
2026-08-04T20:11:00.851450+02:00;standby;29.4;28.9;5.0;28.0;48.7;57.0;0;0;0;0;16473.66;11280.08;5193.58;32440.662
2026-08-04T20:12:01.762512+02:00;standby;29.4;28.9;5.0;28.0;48.7;57.0;0;0;0;0;16473.66;11280.08;5193.58;32440.662
2026-08-04T20:13:02.287078+02:00;standby;29.4;28.9;5.0;28.0;48.7;57.0;0;0;0;0;16473.66;11280.08;5193.58;32440.662
2026-08-04T20:14:02.882255+02:00;standby;29.4;28.9;5.0;28.0;48.7;57.0;0;0;0;0;16473.66;11280.08;5193.58;32440.662
2026-08-04T20:15:03.529505+02:00;standby;29.4;28.9;5.0;28.0;48.7;57.0;0;0;0;0;16473.66;11280.08;5193.58;32440.662
2026-08-04T20:16:04.027544+02:00;standby;29.4;28.9;5.0;28.0;48.7;57.0;0;0;0;0;16473.66;11280.08;5193.58;32440.662
2026-08-04T20:17:04.545741+02:00;standby;29.4;28.9;5.0;28.0;48.6;57.0;0;0;0;0;16473.66;11280.08;5193.58;32440.662
2026-08-04T20:18:05.012218+02:00;standby;29.4;28.9;5.0;28.0;48.6;57.0;0;0;0;0;16473.66;11280.08;5193.58;32440.662
2026-08-04T20:19:05.761382+02:00;standby;29.4;28.9;5.0;28.0;48.6;57.0;0;0;0;0;16473.66;11280.08;5193.58;32440.662
2026-08-04T20:20:06.947794+02:00;standby;29.4;28.9;5.0;28.0;48.6;57.0;0;0;0;0;16473.66;11280.08;5193.58;32440.662
2026-08-04T20:21:07.588642+02:00;standby;29.4;28.9;5.0;28.0;48.6;57.0;0;0;0;0;16473.66;11280.08;5193.58;32440.662
2026-08-04T20:22:08.204952+02:00;standby;29.4;28.9;5.0;28.0;48.6;57.0;0;0;0;0;16473.66;11280.08;5193.58;32440.662
2026-08-04T20:23:08.761947+02:00;standby;29.4;28.9;5.0;28.0;48.6;57.0;0;0;0;0;16473.66;11280.08;5193.58;32440.662
2026-08-04T20:24:09.207948+02:00;standby;29.4;28.9;5.0;28.0;48.6;57.0;0;0;0;0;16473.66;11280.08;5193.58;32440.662
2026-08-04T20:25:09.687763+02:00;standby;29.4;28.9;5.0;28.0;48.6;57.0;0;0;0;0;16473.66;11280.08;5193.58;32440.662
2026-08-04T20:26:10.281964+02:00;standby;29.4;28.9;5.0;28.0;48.5;57.0;0;0;0;0;16473.66;11280.08;5193.58;32440.662
2026-08-04T20:27:11.010654+02:00;standby;29.4;28.9;5.0;28.0;48.5;57.0;0;0;0;0;16473.66;11280.08;5193.58;32440.662
2026-08-04T20:28:14.218289+02:00;standby;29.4;28.7;5.0;28.0;48.5;57.0;0;0;0;0;16473.66;11280.08;5193.58;32440.662
2026-08-04T20:29:15.010479+02:00;standby;29.4;28.9;5.0;28.0;48.5;57.0;0;0;0;0;16473.66;11280.08;5193.58;32440.662
2026-08-04T20:30:15.820595+02:00;standby;29.4;28.7;5.0;28.0;48.5;57.0;0;0;0;0;16473.66;11280.08;5193.58;32440.662
2026-08-04T20:31:16.583608+02:00;standby;29.4;28.9;5.0;28.0;48.5;57.0;0;0;0;0;16473.66;11280.08;5193.58;32440.662
2026-08-04T20:32:17.189382+02:00;standby;29.4;28.7;5.0;28.0;48.5;57.0;0;0;0;0;16473.66;11280.08;5193.58;32440.662
2026-08-04T20:33:17.885055+02:00;standby;29.4;28.9;5.0;28.0;48.5;57.0;0;0;0;0;16473.66;11280.08;5193.58;32440.662
2026-08-04T20:34:18.533685+02:00;standby;29.4;28.7;5.0;28.0;48.5;57.0;0;0;0;0;16473.66;11280.08;5193.58;32440.662
2026-08-04T20:35:19.293089+02:00;standby;29.4;28.7;5.0;28.0;48.5;57.0;0;0;0;0;16473.66;11280.08;5193.58;32440.662
2026-08-04T20:36:19.758984+02:00;standby;29.4;28.9;5.0;28.0;48.5;57.0;0;0;0;0;16473.66;11280.08;5193.58;32440.662
2026-08-04T20:37:20.296884+02:00;standby;29.4;28.7;5.0;28.0;48.5;57.0;0;0;0;0;16473.66;11280.08;5193.58;32440.662
2026-08-04T20:38:21.409216+02:00;standby;29.4;28.7;5.0;28.0;48.4;57.0;0;0;0;0;16473.66;11280.08;5193.58;32440.662
2026-08-04T20:39:21.852547+02:00;standby;29.4;28.7;5.0;28.0;48.4;57.0;0;0;0;0;16473.66;11280.08;5193.58;32440.662
2026-08-04T20:40:22.546461+02:00;standby;29.4;28.7;5.0;28.0;48.4;57.0;0;0;0;0;16473.66;11280.08;5193.58;32440.662
2026-08-04T20:41:22.963166+02:00;standby;29.4;28.7;5.0;28.0;48.4;57.0;0;0;0;0;16473.66;11280.08;5193.58;32440.662
2026-08-04T20:42:23.538187+02:00;standby;29.4;28.7;5.0;28.0;48.4;57.0;0;0;0;0;16473.66;11280.08;5193.58;32440.662
2026-08-04T20:43:24.027045+02:00;standby;29.4;28.7;5.0;28.0;48.4;57.0;0;0;0;0;16473.66;11280.08;5193.58;32440.662
2026-08-04T20:44:24.547910+02:00;standby;29.4;28.7;5.0;28.0;48.4;57.0;0;0;0;0;16473.66;11280.08;5193.58;32440.662
2026-08-04T20:45:25.277183+02:00;standby;29.4;28.7;5.0;28.0;48.4;57.0;0;0;0;0;16473.66;11280.08;5193.58;32440.662
2026-08-04T20:46:26.493693+02:00;standby;29.4;28.7;5.0;28.0;48.4;57.0;0;0;0;0;16473.66;11280.08;5193.58;32440.662
2026-08-04T20:47:27.009718+02:00;standby;29.4;28.7;5.0;28.0;48.4;57.0;0;0;0;0;16473.66;11280.08;5193.58;32440.662
2026-08-04T20:48:27.559419+02:00;standby;29.4;28.7;5.0;28.0;48.4;57.0;0;0;0;0;16473.66;11280.08;5193.58;32440.662
2026-08-04T20:49:28.009341+02:00;standby;29.4;28.7;5.0;28.0;48.4;57.0;0;0;0;0;16473.66;11280.08;5193.58;32440.662
2026-08-04T20:50:28.663109+02:00;standby;29.4;28.7;5.0;28.0;48.2;57.0;0;0;0;0;16473.66;11280.08;5193.58;32440.662
2026-08-04T20:51:29.181097+02:00;standby;29.4;28.7;5.0;28.0;48.2;57.0;0;0;0;0;16473.66;11280.08;5193.58;32440.662
2026-08-04T20:52:30.016220+02:00;standby;29.4;28.7;5.0;28.0;48.2;57.0;0;0;0;0;16473.66;11280.08;5193.58;32440.662
2026-08-04T20:53:30.886346+02:00;standby;29.4;28.7;5.0;28.0;48.2;57.0;0;0;0;0;16473.66;11280.08;5193.58;32440.662
2026-08-04T20:54:31.352548+02:00;standby;29.4;28.7;5.0;28.0;48.2;57.0;0;0;0;0;16473.66;11280.08;5193.58;32440.662
2026-08-04T20:55:31.778507+02:00;standby;29.4;28.7;5.0;28.0;48.2;57.0;0;0;0;0;16473.66;11280.08;5193.58;32440.662
2026-08-04T20:56:32.259099+02:00;standby;29.4;28.7;5.0;28.0;48.2;57.0;0;0;0;0;16473.66;11280.08;5193.58;32440.662
2026-08-04T20:57:32.804101+02:00;standby;29.4;28.7;5.0;28.0;48.2;57.0;0;0;0;0;16473.66;11280.08;5193.58;32440.662
2026-08-04T20:58:33.275461+02:00;standby;29.4;28.7;5.0;28.0;48.2;57.0;0;0;0;0;16473.66;11280.08;5193.58;32440.662
2026-08-04T20:59:33.773125+02:00;standby;29.4;28.7;5.0;28.0;48.2;57.0;0;0;0;0;16473.66;11280.08;5193.58;32440.662
2026-08-04T21:00:34.477108+02:00;standby;29.4;28.7;5.0;28.0;48.1;57.0;0;0;0;0;16473.66;11280.08;5193.58;32440.662
2026-08-04T21:01:34.954127+02:00;standby;29.4;28.7;5.0;28.0;48.1;57.0;0;0;0;0;16473.66;11280.08;5193.58;32440.662
2026-08-04T21:02:35.718545+02:00;standby;29.4;28.7;5.0;28.0;48.1;57.0;0;0;0;0;16473.66;11280.08;5193.58;32440.662
2026-08-04T21:03:36.291518+02:00;standby;29.4;28.7;5.0;28.0;48.1;57.0;0;0;0;0;16473.66;11280.08;5193.58;32440.662
2026-08-04T21:04:37.059016+02:00;standby;29.4;28.7;5.0;28.0;48.1;57.0;0;0;0;0;16473.66;11280.08;5193.58;32440.662
2026-08-04T21:05:37.586562+02:00;standby;29.4;28.7;5.0;28.0;48.1;57.0;0;0;0;0;16473.66;11280.08;5193.58;32440.662
2026-08-04T21:06:38.126796+02:00;standby;29.2;28.7;5.0;28.0;48.1;57.0;0;0;0;0;16473.66;11280.08;5193.58;32440.662
2026-08-04T21:07:38.783450+02:00;standby;29.2;28.7;5.0;28.0;48.1;57.0;0;0;0;0;16473.66;11280.08;5193.58;32440.662
2026-08-04T21:08:39.201152+02:00;standby;29.2;28.6;5.0;28.0;48.1;57.0;0;0;0;0;16473.66;11280.08;5193.58;32440.662
2026-08-04T21:09:39.868104+02:00;standby;29.2;28.7;5.0;28.0;48.1;57.0;0;0;0;0;16473.66;11280.08;5193.58;32440.662
2026-08-04T21:10:40.383565+02:00;standby;29.2;28.7;5.0;28.0;48.1;57.0;0;0;0;0;16473.66;11280.08;5193.58;32440.662
2026-08-04T21:11:40.903274+02:00;standby;29.2;28.7;5.0;28.0;48.1;57.0;0;0;0;0;16473.66;11280.08;5193.58;32440.662
2026-08-04T21:12:41.816543+02:00;standby;29.2;28.7;5.0;28.0;48.1;57.0;0;0;0;0;16473.66;11280.08;5193.58;32440.662
2026-08-04T21:13:42.312299+02:00;standby;29.2;28.6;5.0;28.0;48.0;57.0;0;0;0;0;16473.66;11280.08;5193.58;32440.662
2026-08-04T21:14:42.962825+02:00;standby;29.2;28.7;5.0;28.0;48.0;57.0;0;0;0;0;16473.66;11280.08;5193.58;32440.662
2026-08-04T21:15:43.377579+02:00;standby;29.2;28.7;5.0;28.0;48.0;57.0;0;0;0;0;16473.66;11280.08;5193.58;32440.662
2026-08-04T21:16:43.799719+02:00;standby;29.2;28.6;5.0;28.0;48.0;57.0;0;0;0;0;16473.66;11280.08;5193.58;32440.662
2026-08-04T21:17:44.416173+02:00;standby;29.2;28.6;5.0;28.0;48.0;57.0;0;0;0;0;16473.66;11280.08;5193.58;32440.662
2026-08-04T21:18:45.113110+02:00;standby;29.2;28.6;5.0;28.0;48.0;57.0;0;0;0;0;16473.66;11280.08;5193.58;32440.662
2026-08-04T21:19:45.773713+02:00;standby;29.2;28.6;5.0;28.0;48.0;57.0;0;0;0;0;16473.66;11280.08;5193.58;32440.662
2026-08-04T21:20:46.502443+02:00;standby;29.2;28.6;5.0;28.0;48.0;57.0;0;0;0;0;16473.66;11280.08;5193.58;32440.662
2026-08-04T21:21:47.655660+02:00;standby;29.2;28.6;5.0;28.0;48.0;57.0;0;0;0;0;16473.66;11280.08;5193.58;32440.662
2026-08-04T21:22:48.138599+02:00;standby;29.2;28.6;5.0;28.0;48.0;57.0;0;0;0;0;16473.66;11280.08;5193.58;32440.662
2026-08-04T21:23:48.759099+02:00;standby;29.2;28.6;5.0;28.0;48.0;57.0;0;0;0;0;16473.66;11280.08;5193.58;32440.662
2026-08-04T21:24:49.178550+02:00;standby;29.2;28.6;5.0;28.0;48.0;57.0;0;0;0;0;16473.66;11280.08;5193.58;32440.662
2026-08-04T21:25:49.695374+02:00;standby;29.2;28.6;5.0;28.0;47.9;57.0;0;0;0;0;16473.66;11280.08;5193.58;32440.662
2026-08-04T21:26:50.642871+02:00;standby;29.2;28.6;5.0;28.0;47.9;57.0;0;0;0;0;16473.66;11280.08;5193.58;32440.662
2026-08-04T21:27:51.107074+02:00;standby;29.2;28.6;5.0;28.0;47.9;57.0;0;0;0;0;16473.66;11280.08;5193.58;32440.662
2026-08-04T21:28:51.625053+02:00;standby;29.2;28.6;5.0;28.0;47.9;57.0;0;0;0;0;16473.66;11280.08;5193.58;32440.662
2026-08-04T21:29:52.086639+02:00;standby;29.2;28.7;5.0;28.0;47.9;57.0;0;0;0;0;16473.66;11280.08;5193.58;32440.662
2026-08-04T21:30:52.702686+02:00;standby;29.2;28.6;5.0;28.0;47.9;57.0;0;0;0;0;16473.66;11280.08;5193.58;32440.662
2026-08-04T21:31:53.126690+02:00;standby;29.2;28.6;5.0;28.0;47.9;57.0;0;0;0;0;16473.66;11280.08;5193.58;32440.662
2026-08-04T21:32:53.745768+02:00;standby;29.2;28.6;5.0;28.0;47.9;57.0;0;0;0;0;16473.66;11280.08;5193.58;32440.662
2026-08-04T21:33:54.257263+02:00;standby;29.2;28.6;5.0;28.0;47.9;57.0;0;0;0;0;16473.66;11280.08;5193.58;32440.662
2026-08-04T21:34:54.682314+02:00;standby;29.2;28.6;5.0;28.0;47.9;57.0;0;0;0;0;16473.66;11280.08;5193.58;32440.662
2026-08-04T21:35:55.163499+02:00;standby;29.2;28.6;5.0;28.0;47.9;57.0;0;0;0;0;16473.66;11280.08;5193.58;32440.662
2026-08-04T21:36:55.664745+02:00;standby;29.2;28.6;5.0;28.0;47.9;57.0;0;0;0;0;16473.66;11280.08;5193.58;32440.662
2026-08-04T21:37:56.086998+02:00;standby;29.2;28.6;5.0;28.0;47.8;57.0;0;0;0;0;16473.66;11280.08;5193.58;32440.662
2026-08-04T21:38:56.657220+02:00;standby;29.2;28.6;5.0;28.0;47.8;57.0;0;0;0;0;16473.66;11280.08;5193.58;32440.662
2026-08-04T21:39:57.177763+02:00;standby;29.2;28.6;5.0;28.0;47.8;57.0;0;0;0;0;16473.66;11280.08;5193.58;32440.662
2026-08-04T21:40:57.760926+02:00;standby;29.2;28.6;5.0;28.0;47.8;57.0;0;0;0;0;16473.66;11280.08;5193.58;32440.662
2026-08-04T21:41:58.172458+02:00;standby;29.2;28.6;5.0;28.0;47.8;57.0;0;0;0;0;16473.66;11280.08;5193.58;32440.662
2026-08-04T21:42:58.684229+02:00;standby;29.2;28.6;5.0;28.0;47.8;57.0;0;0;0;0;16473.66;11280.08;5193.58;32440.662
2026-08-04T21:43:59.142024+02:00;standby;29.2;28.6;5.0;28.0;47.8;57.0;0;0;0;0;16473.66;11280.08;5193.58;32440.662
2026-08-04T21:45:00.215044+02:00;standby;29.2;28.6;5.0;28.0;47.8;57.0;0;0;0;0;16473.66;11280.08;5193.58;32440.662
2026-08-04T21:46:00.836608+02:00;standby;29.2;28.6;5.0;28.0;47.8;57.0;0;0;0;0;16473.66;11280.08;5193.58;32440.662
2026-08-04T21:47:01.330322+02:00;standby;29.2;28.6;5.0;28.0;47.8;57.0;0;0;0;0;16473.66;11280.08;5193.58;32440.662
2026-08-04T21:48:01.790997+02:00;standby;29.2;28.6;5.0;28.0;47.8;57.0;0;0;0;0;16473.66;11280.08;5193.58;32440.662
2026-08-04T21:49:03.073530+02:00;standby;29.2;28.6;5.0;28.0;47.7;57.0;0;0;0;0;16473.66;11280.08;5193.58;32440.662
2026-08-04T21:50:03.811596+02:00;standby;29.2;28.6;5.0;28.0;47.7;57.0;0;0;0;0;16473.66;11280.08;5193.58;32440.662
2026-08-04T21:51:04.337079+02:00;standby;29.2;28.6;5.0;28.0;47.7;57.0;0;0;0;0;16473.66;11280.08;5193.58;32440.662
2026-08-04T21:52:04.831906+02:00;standby;29.2;28.6;5.0;28.0;47.7;57.0;0;0;0;0;16473.66;11280.08;5193.58;32440.662
2026-08-04T21:53:05.473395+02:00;standby;29.2;28.6;5.0;28.0;47.7;57.0;0;0;0;0;16473.66;11280.08;5193.58;32440.662
2026-08-04T21:54:05.987937+02:00;standby;29.2;28.6;5.0;28.0;47.7;57.0;0;0;0;0;16473.66;11280.08;5193.58;32440.662
2026-08-04T21:55:06.507995+02:00;standby;29.2;28.6;5.0;28.0;47.7;57.0;0;0;0;0;16473.66;11280.08;5193.58;32440.662
2026-08-04T21:56:07.015716+02:00;standby;29.2;28.6;5.0;28.0;47.7;57.0;0;0;0;0;16473.66;11280.08;5193.58;32440.662
2026-08-04T21:57:07.649649+02:00;standby;29.2;28.6;5.0;28.0;47.7;57.0;0;0;0;0;16473.66;11280.08;5193.58;32440.662
2026-08-04T21:58:08.203772+02:00;standby;29.2;28.5;5.0;28.0;47.7;57.0;0;0;0;0;16473.66;11280.08;5193.58;32440.662
2026-08-04T21:59:08.989515+02:00;standby;29.2;28.5;5.0;28.0;47.7;57.0;0;0;0;0;16473.66;11280.08;5193.58;32440.662
2026-08-04T22:00:09.557341+02:00;standby;29.2;28.6;5.0;28.0;47.7;57.0;0;0;0;0;16473.66;11280.08;5193.58;32440.662
2026-08-04T22:01:10.039514+02:00;standby;29.2;28.5;5.0;28.0;47.6;57.0;0;0;0;0;16473.66;11280.08;5193.58;32440.662
2026-08-04T22:02:10.551944+02:00;standby;29.2;28.5;5.0;28.0;47.6;57.0;0;0;0;0;16473.66;11280.08;5193.58;32440.662
2026-08-04T22:03:11.016695+02:00;standby;29.2;28.5;5.0;28.0;47.6;57.0;0;0;0;0;16473.66;11280.08;5193.58;32440.662
2026-08-04T22:04:11.904084+02:00;standby;29.2;28.5;5.0;28.0;47.6;57.0;0;0;0;0;16473.66;11280.08;5193.58;32440.662
2026-08-04T22:05:12.417158+02:00;standby;29.2;28.5;5.0;28.0;47.6;57.0;0;0;0;0;16473.66;11280.08;5193.58;32440.662
2026-08-04T22:06:12.917785+02:00;standby;29.2;28.5;5.0;28.0;47.6;57.0;0;0;0;0;16473.66;11280.08;5193.58;32440.662
2026-08-04T22:07:13.513326+02:00;standby;28.3;28.5;5.0;28.0;47.6;57.0;0;0;0;0;16473.66;11280.08;5193.58;32440.662
2026-08-04T22:08:14.063172+02:00;standby;28.3;28.5;5.0;28.0;47.6;57.0;0;0;0;0;16473.66;11280.08;5193.58;32440.662
2026-08-04T22:09:14.636909+02:00;standby;28.3;28.5;5.0;28.0;47.6;57.0;0;0;0;0;16473.66;11280.08;5193.58;32440.662
2026-08-04T22:10:15.075096+02:00;standby;28.3;28.5;5.0;28.0;47.6;57.0;0;0;0;0;16473.66;11280.08;5193.58;32440.662
2026-08-04T22:11:15.726308+02:00;standby;28.3;28.5;5.0;28.0;47.6;57.0;0;0;0;0;16473.66;11280.08;5193.58;32440.662
2026-08-04T22:12:16.243533+02:00;standby;28.3;28.5;5.0;28.0;47.6;57.0;0;0;0;0;16473.66;11280.08;5193.58;32440.662
2026-08-04T22:13:16.982073+02:00;standby;28.3;28.5;5.0;28.0;47.6;57.0;0;0;0;0;16473.66;11280.08;5193.58;32440.662
2026-08-04T22:14:17.635276+02:00;standby;28.3;28.5;5.0;28.0;47.6;57.0;0;0;0;0;16473.66;11280.08;5193.58;32440.662
2026-08-04T22:15:18.326799+02:00;standby;28.3;28.5;5.0;28.0;47.5;57.0;0;0;0;0;16473.66;11280.08;5193.58;32440.662
2026-08-04T22:16:18.847036+02:00;standby;28.3;28.5;5.0;28.0;47.5;57.0;0;0;0;0;16473.66;11280.08;5193.58;32440.662
2026-08-04T22:17:19.364702+02:00;standby;28.3;28.5;5.0;28.0;47.5;57.0;0;0;0;0;16473.66;11280.08;5193.58;32440.662
2026-08-04T22:18:19.846406+02:00;standby;28.3;28.5;5.0;28.0;47.5;57.0;0;0;0;0;16473.66;11280.08;5193.58;32440.662
2026-08-04T22:19:20.298815+02:00;standby;28.3;28.5;5.0;28.0;47.5;57.0;0;0;0;0;16473.66;11280.08;5193.58;32440.662
2026-08-04T22:20:20.816499+02:00;standby;28.3;28.5;5.0;28.0;47.5;57.0;0;0;0;0;16473.66;11280.08;5193.58;32440.662
2026-08-04T22:21:21.487553+02:00;standby;28.3;28.5;5.0;28.0;47.5;57.0;0;0;0;0;16473.66;11280.08;5193.58;32440.662
2026-08-04T22:22:21.916904+02:00;standby;28.3;28.5;5.0;28.0;47.5;57.0;0;0;0;0;16473.66;11280.08;5193.58;32440.662
2026-08-04T22:23:24.385199+02:00;standby;28.3;28.5;5.0;28.0;47.5;57.0;0;0;0;0;16473.66;11280.08;5193.58;32440.662
2026-08-04T22:24:25.209776+02:00;standby;28.3;28.5;5.0;28.0;47.5;57.0;0;0;0;0;16473.66;11280.08;5193.58;32440.662
2026-08-04T22:25:25.666299+02:00;standby;28.3;28.5;5.0;28.0;47.5;57.0;0;0;0;0;16473.66;11280.08;5193.58;32440.662
2026-08-04T22:26:26.186844+02:00;standby;28.3;28.5;5.0;28.0;47.4;57.0;0;0;0;0;16473.66;11280.08;5193.58;32440.662
2026-08-04T22:27:26.651349+02:00;standby;28.3;28.5;5.0;28.0;47.4;57.0;0;0;0;0;16473.66;11280.08;5193.58;32440.662
2026-08-04T22:28:27.685835+02:00;standby;28.3;28.5;5.0;28.0;47.4;57.0;0;0;0;0;16473.66;11280.08;5193.58;32440.662
2026-08-04T22:29:28.141555+02:00;standby;28.3;28.5;5.0;28.0;47.4;57.0;0;0;0;0;16473.66;11280.08;5193.58;32440.662
2026-08-04T22:30:28.658135+02:00;standby;28.3;28.5;5.0;28.0;47.4;57.0;0;0;0;0;16473.66;11280.08;5193.58;32440.662
2026-08-04T22:31:29.137504+02:00;standby;28.3;28.5;5.0;28.0;47.4;57.0;0;0;0;0;16473.66;11280.08;5193.58;32440.662
2026-08-04T22:32:29.602116+02:00;standby;28.3;28.5;5.0;28.0;47.4;57.0;0;0;0;0;16473.66;11280.08;5193.58;32440.662
2026-08-04T22:33:30.335716+02:00;standby;28.3;28.5;5.0;28.0;47.4;57.0;0;0;0;0;16473.66;11280.08;5193.58;32440.662
2026-08-04T22:34:30.813224+02:00;standby;28.3;28.5;5.0;28.0;47.4;57.0;0;0;0;0;16473.66;11280.08;5193.58;32440.662
2026-08-04T22:35:31.323271+02:00;standby;28.3;28.5;5.0;28.0;47.4;57.0;0;0;0;0;16473.66;11280.08;5193.58;32440.662
2026-08-04T22:36:31.748209+02:00;standby;28.3;28.5;5.0;28.0;47.4;57.0;0;0;0;0;16473.66;11280.08;5193.58;32440.662
2026-08-04T22:37:32.367638+02:00;standby;28.3;28.5;5.0;28.0;47.4;57.0;0;0;0;0;16473.66;11280.08;5193.58;32440.662
2026-08-04T22:38:32.780823+02:00;standby;28.3;28.5;5.0;28.0;47.4;57.0;0;0;0;0;16473.66;11280.08;5193.58;32440.662
2026-08-04T22:39:33.910538+02:00;standby;28.3;28.5;5.0;28.0;47.3;57.0;0;0;0;0;16473.66;11280.08;5193.58;32440.662
2026-08-04T22:40:34.375200+02:00;standby;28.3;28.5;5.0;28.0;47.3;57.0;0;0;0;0;16473.66;11280.08;5193.58;32440.662
2026-08-04T22:41:35.059487+02:00;standby;28.3;28.5;5.0;28.0;47.3;57.0;0;0;0;0;16473.66;11280.08;5193.58;32440.662
2026-08-04T22:42:35.573141+02:00;standby;28.3;28.5;5.0;28.0;47.3;57.0;0;0;0;0;16473.66;11280.08;5193.58;32440.662
2026-08-04T22:43:36.352831+02:00;standby;28.3;28.5;5.0;28.0;47.3;57.0;0;0;0;0;16473.66;11280.08;5193.58;32440.662
2026-08-04T22:44:36.800348+02:00;standby;28.3;28.5;5.0;28.0;47.3;57.0;0;0;0;0;16473.66;11280.08;5193.58;32440.662
2026-08-04T22:45:37.227482+02:00;standby;28.3;28.5;5.0;28.0;47.3;57.0;0;0;0;0;16473.66;11280.08;5193.58;32440.662
2026-08-04T22:46:37.655320+02:00;standby;28.3;28.3;5.0;28.0;47.3;57.0;0;0;0;0;16473.66;11280.08;5193.58;32440.662
2026-08-04T22:47:38.175157+02:00;standby;28.3;28.5;5.0;28.0;47.3;57.0;0;0;0;0;16473.66;11280.08;5193.58;32440.662
2026-08-04T22:48:38.683551+02:00;standby;28.3;28.3;5.0;28.0;47.3;57.0;0;0;0;0;16473.66;11280.08;5193.58;32440.662
2026-08-04T22:49:39.562905+02:00;standby;28.3;28.5;5.0;28.0;47.3;57.0;0;0;0;0;16473.66;11280.08;5193.58;32440.662
2026-08-04T22:50:40.174228+02:00;standby;28.3;28.5;5.0;28.0;47.3;57.0;0;0;0;0;16473.66;11280.08;5193.58;32440.662
2026-08-04T22:51:40.607159+02:00;standby;28.3;28.3;5.0;28.0;47.3;57.0;0;0;0;0;16473.66;11280.08;5193.58;32440.662
2026-08-04T22:52:41.058582+02:00;standby;28.3;28.5;5.0;28.0;47.2;57.0;0;0;0;0;16473.66;11280.08;5193.58;32440.662
2026-08-04T22:53:41.522876+02:00;standby;28.3;28.3;5.0;28.0;47.2;57.0;0;0;0;0;16473.66;11280.08;5193.58;32440.662
2026-08-04T22:54:42.059703+02:00;standby;28.3;28.3;5.0;28.0;47.2;57.0;0;0;0;0;16473.66;11280.08;5193.58;32440.662
2026-08-04T22:55:42.623717+02:00;standby;28.3;28.3;5.0;28.0;47.2;57.0;0;0;0;0;16473.66;11280.08;5193.58;32440.662
2026-08-04T22:56:43.293654+02:00;standby;28.3;28.3;5.0;28.0;47.2;57.0;0;0;0;0;16473.66;11280.08;5193.58;32440.662
2026-08-04T22:57:43.767589+02:00;standby;28.3;28.3;5.0;28.0;47.2;57.0;0;0;0;0;16473.66;11280.08;5193.58;32440.662
2026-08-04T22:58:44.194121+02:00;standby;28.3;28.3;5.0;28.0;47.2;57.0;0;0;0;0;16473.66;11280.08;5193.58;32440.662
2026-08-04T22:59:44.999423+02:00;standby;28.3;28.3;5.0;28.0;47.2;57.0;0;0;0;0;16473.66;11280.08;5193.58;32440.662
2026-08-04T23:00:45.627047+02:00;standby;28.3;28.3;5.0;28.0;47.2;57.0;0;0;0;0;16473.66;11280.08;5193.58;32440.662
2026-08-04T23:01:46.044658+02:00;standby;28.3;28.3;5.0;25.0;47.2;57.0;0;0;0;0;16473.66;11280.08;5193.58;32440.662
2026-08-04T23:02:46.512845+02:00;standby;28.3;28.3;5.0;25.0;47.2;57.0;0;0;0;0;16473.66;11280.08;5193.58;32440.662
2026-08-04T23:03:46.977485+02:00;standby;28.3;28.3;5.0;25.0;47.2;57.0;0;0;0;0;16473.66;11280.08;5193.58;32440.662
2026-08-04T23:04:47.466109+02:00;standby;28.3;28.3;5.0;25.0;47.2;57.0;0;0;0;0;16473.66;11280.08;5193.58;32440.662
2026-08-04T23:05:48.026754+02:00;standby;28.3;28.3;5.0;25.0;47.1;57.0;0;0;0;0;16473.66;11280.08;5193.58;32440.662
2026-08-04T23:06:48.603207+02:00;standby;28.3;28.3;5.0;25.0;47.1;57.0;0;0;0;0;16473.66;11280.08;5193.58;32440.662
2026-08-04T23:07:49.209920+02:00;standby;27.0;28.3;5.0;25.0;47.1;57.0;0;0;0;0;16473.66;11280.08;5193.58;32440.662
2026-08-04T23:08:49.786085+02:00;standby;27.0;28.3;5.0;25.0;47.1;57.0;0;0;0;0;16473.66;11280.08;5193.58;32440.662
2026-08-04T23:09:50.259403+02:00;standby;27.0;28.3;5.0;25.0;47.1;57.0;0;0;0;0;16473.66;11280.08;5193.58;32440.662
2026-08-04T23:10:50.718787+02:00;standby;27.0;28.3;5.0;25.0;47.1;57.0;0;0;0;0;16473.66;11280.08;5193.58;32440.662
2026-08-04T23:11:51.402764+02:00;standby;27.0;28.3;5.0;25.0;47.0;57.0;0;0;0;0;16473.66;11280.08;5193.58;32440.662
2026-08-04T23:12:52.078534+02:00;dhw;27.0;37.7;85.0;25.0;46.3;57.0;1;23;1;100;16473.72;11280.08;5193.64;32440.762
2026-08-04T23:13:02.763129+02:00;dhw;27.0;37.7;85.0;25.0;46.2;57.0;1;23;1;100;16473.73;11280.08;5193.65;32440.762
2026-08-04T23:13:13.461060+02:00;dhw;27.0;37.4;85.0;25.0;46.0;57.0;1;23;1;100;16473.73;11280.08;5193.66;32440.762
2026-08-04T23:13:24.544527+02:00;dhw;27.0;38.0;85.0;25.0;45.9;57.0;1;23;1;100;16473.74;11280.08;5193.67;32440.762
2026-08-04T23:13:35.279351+02:00;dhw;27.0;38.6;85.0;25.0;45.7;57.0;1;23;1;100;16473.75;11280.08;5193.68;32440.762
2026-08-04T23:13:46.209592+02:00;dhw;27.0;39.0;85.0;25.0;45.6;57.0;1;23;1;100;16473.76;11280.08;5193.68;32440.762
2026-08-04T23:13:56.826263+02:00;dhw;27.0;39.6;85.0;25.0;45.4;57.0;1;27;1;100;16473.77;11280.08;5193.69;32440.762
2026-08-04T23:14:07.536364+02:00;dhw;27.0;41.0;85.0;25.0;45.3;57.0;1;42;1;100;16473.79;11280.08;5193.71;32440.762
2026-08-04T23:14:18.182940+02:00;dhw;27.0;42.0;85.0;25.0;45.2;57.0;1;50;1;100;16473.8;11280.08;5193.72;32440.762
2026-08-04T23:14:29.207267+02:00;dhw;27.0;44.1;85.0;25.0;45.1;57.0;1;63;1;100;16473.83;11280.08;5193.75;32440.762
2026-08-04T23:14:39.994488+02:00;dhw;27.0;47.0;85.0;25.0;44.9;57.0;1;80;1;100;16473.87;11280.08;5193.79;32440.762
2026-08-04T23:14:50.648705+02:00;dhw;27.0;49.1;85.0;25.0;44.8;57.0;1;91;1;100;16473.9;11280.08;5193.82;32440.762
2026-08-04T23:15:01.296433+02:00;dhw;27.0;51.4;85.0;25.0;44.7;57.0;1;101;1;100;16473.94;11280.08;5193.86;32440.762
2026-08-04T23:15:12.099496+02:00;dhw;27.0;54.0;85.0;25.0;44.7;57.0;1;108;1;100;16473.98;11280.08;5193.91;32440.762
2026-08-04T23:15:24.593230+02:00;dhw;27.0;55.0;85.0;25.0;44.7;57.0;1;108;1;100;16474.0;11280.08;5193.92;32440.762
2026-08-04T23:15:35.298116+02:00;dhw;27.0;59.0;85.0;25.0;44.6;57.0;1;108;1;100;16474.08;11280.08;5194.01;32440.762
2026-08-04T23:15:46.154249+02:00;dhw;27.0;61.0;85.0;25.0;44.6;57.0;1;108;1;100;16474.13;11280.08;5194.05;32440.762
2026-08-04T23:15:56.743027+02:00;dhw;27.0;62.0;85.0;25.0;44.6;57.0;1;108;1;100;16474.16;11280.08;5194.08;32440.762
2026-08-04T23:16:07.510404+02:00;dhw;27.0;63.1;85.0;25.0;44.7;57.0;1;108;1;100;16474.19;11280.08;5194.11;32440.762
2026-08-04T23:16:18.215222+02:00;dhw;27.0;65.1;85.0;25.0;44.7;57.0;1;108;1;100;16474.26;11280.08;5194.19;32440.762
2026-08-04T23:16:28.848883+02:00;dhw;27.0;66.1;85.0;25.0;44.8;57.0;1;108;1;100;16474.31;11280.08;5194.23;32440.762
2026-08-04T23:16:39.801462+02:00;dhw;27.0;66.1;85.0;25.0;45.1;57.0;1;108;1;100;16474.31;11280.08;5194.24;32440.762
2026-08-04T23:16:50.573991+02:00;dhw;27.0;67.6;85.0;25.0;45.2;57.0;1;108;1;100;16474.4;11280.08;5194.32;32440.762
2026-08-04T23:17:05.138428+02:00;dhw;27.0;68.3;85.0;25.0;45.3;57.0;1;108;1;100;16474.44;11280.08;5194.36;32440.762
2026-08-04T23:17:15.797697+02:00;dhw;27.0;69.1;85.0;25.0;45.5;57.0;1;108;1;100;16474.5;11280.08;5194.42;32440.762
2026-08-04T23:17:26.413490+02:00;dhw;27.0;69.4;85.0;25.0;45.6;57.0;1;108;1;100;16474.52;11280.08;5194.45;32440.762
2026-08-04T23:17:37.263478+02:00;dhw;27.0;70.0;85.0;25.0;45.8;57.0;1;108;1;100;16474.59;11280.08;5194.51;32440.762
2026-08-04T23:17:47.950302+02:00;dhw;27.0;70.2;85.0;25.0;46.0;57.0;1;108;1;100;16474.61;11280.08;5194.53;32440.762
2026-08-04T23:17:58.693957+02:00;dhw;27.0;70.6;85.0;25.0;46.2;57.0;1;108;1;100;16474.65;11280.08;5194.57;32440.762
2026-08-04T23:18:10.020974+02:00;dhw;27.0;71.2;85.0;25.0;46.4;57.0;1;108;1;100;16474.73;11280.08;5194.65;32440.861
2026-08-04T23:18:21.647337+02:00;dhw;27.0;71.5;85.0;25.0;46.8;57.0;1;108;1;100;16474.78;11280.08;5194.7;32440.861
2026-08-04T23:18:32.245485+02:00;dhw;27.0;71.8;85.0;25.0;47.0;57.0;1;108;1;100;16474.82;11280.08;5194.74;32440.861
2026-08-04T23:18:43.006327+02:00;dhw;27.0;72.1;85.0;25.0;47.3;57.0;1;108;1;100;16474.86;11280.08;5194.78;32440.861
2026-08-04T23:18:53.646478+02:00;dhw;27.0;72.3;85.0;25.0;47.5;57.0;1;108;1;100;16474.9;11280.08;5194.82;32440.861
2026-08-04T23:19:07.621289+02:00;dhw;27.0;72.7;85.0;25.0;47.7;57.0;1;108;1;100;16474.94;11280.08;5194.86;32440.861
2026-08-04T23:19:18.489188+02:00;dhw;27.0;73.0;85.0;25.0;47.9;57.0;1;108;1;100;16474.99;11280.08;5194.91;32440.861
2026-08-04T23:19:29.131961+02:00;dhw;27.0;73.4;85.0;25.0;48.1;57.0;1;108;1;100;16475.07;11280.08;5194.99;32440.861
2026-08-04T23:19:40.241256+02:00;dhw;27.0;73.4;85.0;25.0;48.6;57.0;1;108;1;100;16475.07;11280.08;5194.99;32440.861
2026-08-04T23:19:50.864076+02:00;dhw;27.0;74.0;85.0;25.0;48.8;57.0;1;108;1;100;16475.15;11280.08;5195.08;32440.861
2026-08-04T23:20:01.753600+02:00;dhw;27.0;74.2;85.0;25.0;49.0;57.0;1;108;1;100;16475.19;11280.08;5195.11;32440.861
2026-08-04T23:20:12.234588+02:00;dhw;27.0;74.5;85.0;25.0;49.2;57.0;1;108;1;100;16475.23;11280.08;5195.16;32440.861
2026-08-04T23:20:22.990562+02:00;dhw;27.0;74.8;85.0;25.0;49.3;57.0;1;108;1;100;16475.28;11280.08;5195.2;32440.861
2026-08-04T23:20:34.179944+02:00;dhw;27.0;75.1;85.0;25.0;49.5;57.0;1;108;1;100;16475.33;11280.08;5195.26;32440.861
2026-08-04T23:20:45.267650+02:00;dhw;27.0;75.1;85.0;25.0;49.7;57.0;1;108;1;100;16475.36;11280.08;5195.28;32440.861
2026-08-04T23:20:55.891835+02:00;dhw;27.0;75.4;85.0;25.0;49.8;57.0;1;108;1;100;16475.4;11280.08;5195.32;32440.861
2026-08-04T23:21:07.276023+02:00;dhw;27.0;75.5;85.0;25.0;50.0;57.0;1;108;1;100;16475.44;11280.08;5195.37;32440.861
2026-08-04T23:21:17.901228+02:00;dhw;27.0;75.8;85.0;25.0;50.1;57.0;1;108;1;100;16475.49;11280.08;5195.41;32440.861
2026-08-04T23:21:28.630039+02:00;dhw;27.0;76.2;85.0;25.0;50.3;57.0;1;108;1;100;16475.57;11280.08;5195.49;32440.861
2026-08-04T23:21:39.798454+02:00;dhw;27.0;76.4;85.0;25.0;50.6;57.0;1;108;1;100;16475.61;11280.08;5195.54;32440.861
2026-08-04T23:21:50.468454+02:00;dhw;27.0;76.7;85.0;25.0;50.8;57.0;1;108;1;100;16475.65;11280.08;5195.58;32440.861
2026-08-04T23:22:00.955593+02:00;dhw;27.0;76.8;85.0;25.0;50.9;57.0;1;108;1;100;16475.69;11280.08;5195.62;32440.961
2026-08-04T23:22:11.635118+02:00;dhw;27.0;77.0;85.0;25.0;51.1;57.0;1;108;1;100;16475.74;11280.08;5195.66;32440.961
2026-08-04T23:22:22.293044+02:00;dhw;27.0;77.3;85.0;25.0;51.3;57.0;1;108;1;100;16475.78;11280.08;5195.7;32440.961
2026-08-04T23:22:32.990335+02:00;dhw;27.0;77.4;85.0;25.0;51.4;57.0;1;108;1;100;16475.82;11280.08;5195.74;32440.961
2026-08-04T23:22:43.744379+02:00;dhw;27.0;77.6;85.0;25.0;51.6;57.0;1;108;1;100;16475.86;11280.08;5195.79;32440.961
2026-08-04T23:22:54.286021+02:00;dhw;27.0;77.7;85.0;25.0;51.7;57.0;1;108;1;100;16475.9;11280.08;5195.83;32440.961
2026-08-04T23:23:05.140088+02:00;dhw;27.0;78.0;85.0;25.0;51.8;57.0;1;108;1;100;16475.95;11280.08;5195.87;32440.961
2026-08-04T23:23:16.102867+02:00;dhw;27.0;78.2;85.0;25.0;52.0;57.0;1;108;1;100;16475.99;11280.08;5195.91;32440.961
2026-08-04T23:23:26.852632+02:00;dhw;27.0;78.2;85.0;25.0;52.1;57.0;1;108;1;100;16475.99;11280.08;5195.91;32440.961
2026-08-04T23:23:37.585632+02:00;dhw;27.0;78.6;85.0;25.0;52.3;57.0;1;108;1;100;16476.07;11280.08;5195.99;32440.961
2026-08-04T23:23:48.153318+02:00;dhw;27.0;79.0;85.0;25.0;52.4;57.0;1;108;1;100;16476.15;11280.08;5196.08;32440.961
2026-08-04T23:23:58.849497+02:00;dhw;27.0;79.1;85.0;25.0;52.7;57.0;1;108;1;100;16476.2;11280.08;5196.12;32440.961
2026-08-04T23:24:09.534017+02:00;dhw;27.0;79.5;85.0;25.0;52.8;57.0;1;108;1;100;16476.24;11280.08;5196.16;32440.961
2026-08-04T23:24:20.250283+02:00;dhw;27.0;79.6;85.0;25.0;53.1;57.0;1;108;1;100;16476.28;11280.08;5196.2;32440.961
2026-08-04T23:24:30.907215+02:00;dhw;27.0;79.8;85.0;25.0;53.3;57.0;1;108;1;100;16476.32;11280.08;5196.25;32440.961
2026-08-04T23:24:41.652493+02:00;dhw;27.0;79.9;85.0;25.0;53.4;57.0;1;108;1;100;16476.37;11280.08;5196.29;32440.961
2026-08-04T23:24:52.335391+02:00;dhw;27.0;80.1;85.0;25.0;53.6;57.0;1;108;1;100;16476.4;11280.08;5196.33;32440.961
2026-08-04T23:25:07.152552+02:00;dhw;27.0;80.3;85.0;25.0;53.8;57.0;1;108;1;100;16476.45;11280.08;5196.37;32440.961
2026-08-04T23:25:17.925957+02:00;dhw;27.0;80.6;85.0;25.0;53.9;57.0;1;108;1;100;16476.53;11280.08;5196.45;32440.961
2026-08-04T23:25:29.016085+02:00;dhw;27.0;80.9;85.0;25.0;54.2;57.0;1;108;1;100;16476.57;11280.08;5196.5;32440.961
2026-08-04T23:25:39.944044+02:00;dhw;27.0;81.1;85.0;25.0;54.4;57.0;1;108;1;100;16476.62;11280.08;5196.54;32440.961
2026-08-04T23:25:50.768325+02:00;dhw;27.0;81.2;85.0;25.0;54.5;57.0;1;108;1;100;16476.66;11280.08;5196.58;32440.961
2026-08-04T23:26:01.445507+02:00;dhw;27.0;81.2;85.0;25.0;54.7;57.0;1;108;1;100;16476.7;11280.08;5196.62;32440.961
2026-08-04T23:26:12.096937+02:00;dhw;27.0;81.5;85.0;25.0;54.8;57.0;1;108;1;100;16476.74;11280.08;5196.66;32441.061
2026-08-04T23:26:22.723181+02:00;dhw;27.0;81.7;85.0;25.0;55.1;57.0;1;108;1;100;16476.78;11280.08;5196.71;32441.061
2026-08-04T23:26:33.488930+02:00;dhw;27.0;82.0;85.0;25.0;55.3;57.0;1;108;1;100;16476.85;11280.08;5196.77;32441.061
2026-08-04T23:26:45.894607+02:00;dhw;27.0;82.0;85.0;25.0;55.5;57.0;1;108;1;100;16476.87;11280.08;5196.79;32441.061
2026-08-04T23:26:56.433911+02:00;dhw;27.0;82.2;85.0;25.0;55.7;57.0;1;108;1;100;16476.91;11280.08;5196.83;32441.061
2026-08-04T23:27:07.672747+02:00;dhw;27.0;82.4;85.0;25.0;55.9;57.0;1;108;1;100;16476.95;11280.08;5196.87;32441.061
2026-08-04T23:27:18.329846+02:00;dhw;27.0;82.7;85.0;25.0;56.2;57.0;1;108;1;100;16477.03;11280.08;5196.96;32441.061
2026-08-04T23:27:28.946168+02:00;dhw;27.0;82.8;85.0;25.0;56.4;57.0;1;108;1;100;16477.08;11280.08;5197.0;32441.061
2026-08-04T23:27:40.504766+02:00;dhw;27.0;83.0;85.0;25.0;56.6;57.0;1;108;1;100;16477.12;11280.08;5197.04;32441.061
2026-08-04T23:27:51.199994+02:00;dhw;27.0;83.4;85.0;25.0;56.7;57.0;1;108;1;100;16477.16;11280.08;5197.08;32441.061
2026-08-04T23:28:02.002129+02:00;standby;27.0;83.6;85.0;25.0;56.9;57.0;0;107;1;100;16477.22;11280.08;5197.14;32441.061
2026-08-04T23:28:13.206718+02:00;standby;27.0;82.9;85.0;25.0;57.2;57.0;0;0;1;100;16477.22;11280.08;5197.14;32441.061
2026-08-04T23:28:23.627107+02:00;standby;27.0;81.9;85.0;25.0;57.4;57.0;0;0;1;100;16477.22;11280.08;5197.14;32441.061
2026-08-04T23:28:34.055544+02:00;standby;27.0;78.9;85.0;25.0;57.5;57.0;0;0;1;100;16477.22;11280.08;5197.14;32441.061
2026-08-04T23:28:44.704928+02:00;standby;27.0;76.7;85.0;25.0;57.8;57.0;0;0;1;10;16477.22;11280.08;5197.14;32441.061
2026-08-04T23:28:55.163704+02:00;standby;27.0;74.8;85.0;25.0;58.0;57.0;0;0;1;10;16477.22;11280.08;5197.14;32441.061
2026-08-04T23:29:55.613212+02:00;standby;27.0;67.7;5.0;25.0;58.8;57.0;0;0;1;10;16477.22;11280.08;5197.14;32441.061
2026-08-04T23:30:56.228564+02:00;standby;27.0;63.6;5.0;25.0;59.4;57.0;0;0;1;10;16477.22;11280.08;5197.14;32441.061
2026-08-04T23:31:56.648794+02:00;standby;27.0;63.8;5.0;25.0;59.7;57.0;0;0;0;0;16477.22;11280.08;5197.14;32441.061
2026-08-04T23:32:57.072141+02:00;standby;27.0;64.2;5.0;25.0;59.9;57.0;0;0;0;0;16477.22;11280.08;5197.14;32441.061
2026-08-04T23:33:58.055042+02:00;standby;27.0;64.4;5.0;25.0;59.9;57.0;0;0;0;0;16477.22;11280.08;5197.14;32441.061
2026-08-04T23:34:58.627287+02:00;standby;27.0;64.5;5.0;25.0;60.0;57.0;0;0;0;0;16477.22;11280.08;5197.14;32441.061
2026-08-04T23:35:59.071724+02:00;standby;27.0;64.5;5.0;25.0;60.0;57.0;0;0;0;0;16477.22;11280.08;5197.14;32441.061
2026-08-04T23:36:59.521364+02:00;standby;27.0;64.5;5.0;25.0;60.0;57.0;0;0;0;0;16477.22;11280.08;5197.14;32441.061
2026-08-04T23:37:59.928752+02:00;standby;27.0;64.4;5.0;25.0;60.0;57.0;0;0;0;0;16477.22;11280.08;5197.14;32441.061
2026-08-04T23:39:00.766925+02:00;standby;27.0;64.3;5.0;25.0;60.0;57.0;0;0;0;0;16477.22;11280.08;5197.14;32441.061
2026-08-04T23:40:01.323750+02:00;standby;27.0;64.2;5.0;25.0;60.0;57.0;0;0;0;0;16477.22;11280.08;5197.14;32441.061
2026-08-04T23:41:01.967005+02:00;standby;27.0;64.1;5.0;25.0;60.0;57.0;0;0;0;0;16477.22;11280.08;5197.14;32441.061
2026-08-04T23:42:02.464918+02:00;standby;27.0;64.0;5.0;25.0;60.0;57.0;0;0;0;0;16477.22;11280.08;5197.14;32441.061
2026-08-04T23:43:02.974641+02:00;standby;27.0;63.8;5.0;25.0;59.9;57.0;0;0;0;0;16477.22;11280.08;5197.14;32441.061
2026-08-04T23:44:03.462833+02:00;standby;27.0;63.7;5.0;25.0;59.9;57.0;0;0;0;0;16477.22;11280.08;5197.14;32441.061
2026-08-04T23:45:04.158375+02:00;standby;27.0;63.6;5.0;25.0;59.9;57.0;0;0;0;0;16477.22;11280.08;5197.14;32441.061
2026-08-04T23:46:04.759765+02:00;standby;27.0;63.5;5.0;25.0;59.9;10.0;0;0;0;0;16477.22;11280.08;5197.14;32441.061
2026-08-04T23:47:05.262884+02:00;standby;27.0;63.4;5.0;25.0;59.9;10.0;0;0;0;0;16477.22;11280.08;5197.14;32441.061
2026-08-04T23:48:05.749267+02:00;standby;27.0;63.3;5.0;25.0;59.9;10.0;0;0;0;0;16477.22;11280.08;5197.14;32441.061
2026-08-04T23:49:06.191125+02:00;standby;27.0;63.1;5.0;25.0;59.9;10.0;0;0;0;0;16477.22;11280.08;5197.14;32441.061
2026-08-04T23:50:06.732131+02:00;standby;27.0;63.0;5.0;25.0;59.9;10.0;0;0;0;0;16477.22;11280.08;5197.14;32441.061
2026-08-04T23:51:07.302000+02:00;standby;27.0;62.9;5.0;25.0;59.9;10.0;0;0;0;0;16477.22;11280.08;5197.14;32441.061
2026-08-04T23:52:08.055185+02:00;standby;27.0;62.8;5.0;25.0;59.9;10.0;0;0;0;0;16477.22;11280.08;5197.14;32441.061
2026-08-04T23:53:08.576807+02:00;standby;27.0;62.7;5.0;25.0;59.9;10.0;0;0;0;0;16477.22;11280.08;5197.14;32441.061
2026-08-04T23:54:09.060489+02:00;standby;27.0;62.6;5.0;25.0;59.9;10.0;0;0;0;0;16477.22;11280.08;5197.14;32441.061
2026-08-04T23:55:10.196062+02:00;standby;27.0;62.3;5.0;25.0;59.9;10.0;0;0;0;0;16477.22;11280.08;5197.14;32441.061
2026-08-04T23:56:10.747209+02:00;standby;27.0;62.2;5.0;25.0;59.9;10.0;0;0;0;0;16477.22;11280.08;5197.14;32441.061
2026-08-04T23:57:11.266611+02:00;standby;27.0;62.1;5.0;25.0;59.8;10.0;0;0;0;0;16477.22;11280.08;5197.14;32441.061
2026-08-04T23:58:11.851597+02:00;standby;27.0;62.0;5.0;25.0;59.8;10.0;0;0;0;0;16477.22;11280.08;5197.14;32441.061
2026-08-04T23:59:15.989524+02:00;standby;27.0;61.9;5.0;25.0;59.8;10.0;0;0;0;0;16477.22;11280.08;5197.14;32441.061
2026-08-05T00:00:16.448134+02:00;standby;27.0;61.6;5.0;25.0;59.8;10.0;0;0;0;0;16477.22;11280.08;5197.14;32441.061
2026-08-05T00:01:16.892325+02:00;standby;27.0;61.5;5.0;25.0;59.8;10.0;0;0;0;0;16477.22;11280.08;5197.14;32441.061
2026-08-05T00:02:17.321034+02:00;standby;27.0;61.4;5.0;25.0;59.8;10.0;0;0;0;0;16477.22;11280.08;5197.14;32441.061
2026-08-05T00:03:18.098113+02:00;standby;27.0;61.3;5.0;25.0;59.8;10.0;0;0;0;0;16477.22;11280.08;5197.14;32441.061
2026-08-05T00:04:18.639246+02:00;standby;27.0;61.2;5.0;25.0;59.8;10.0;0;0;0;0;16477.22;11280.08;5197.14;32441.061
2026-08-05T00:05:19.234103+02:00;standby;27.0;60.9;5.0;25.0;59.8;10.0;0;0;0;0;16477.22;11280.08;5197.14;32441.061
2026-08-05T00:06:19.702371+02:00;standby;27.0;60.8;5.0;25.0;59.8;10.0;0;0;0;0;16477.22;11280.08;5197.14;32441.061
2026-08-05T00:07:20.321242+02:00;standby;27.0;60.7;5.0;25.0;59.8;10.0;0;0;0;0;16477.22;11280.08;5197.14;32441.061
2026-08-05T00:08:20.835493+02:00;standby;25.8;60.6;5.0;25.0;59.8;10.0;0;0;0;0;16477.22;11280.08;5197.14;32441.061
2026-08-05T00:09:21.293125+02:00;standby;25.8;60.3;5.0;25.0;59.8;10.0;0;0;0;0;16477.22;11280.08;5197.14;32441.061
2026-08-05T00:10:21.937574+02:00;standby;25.8;60.2;5.0;25.0;59.7;10.0;0;0;0;0;16477.22;11280.08;5197.14;32441.061
2026-08-05T00:11:22.529328+02:00;standby;25.8;60.1;5.0;25.0;59.7;10.0;0;0;0;0;16477.22;11280.08;5197.14;32441.061
2026-08-05T00:12:23.018941+02:00;standby;25.8;60.0;5.0;25.0;59.7;10.0;0;0;0;0;16477.22;11280.08;5197.14;32441.061
2026-08-05T00:13:23.486202+02:00;standby;25.8;59.8;5.0;25.0;59.7;10.0;0;0;0;0;16477.22;11280.08;5197.14;32441.061
2026-08-05T00:14:24.270514+02:00;standby;25.8;59.7;5.0;25.0;59.7;10.0;0;0;0;0;16477.22;11280.08;5197.14;32441.061
2026-08-05T00:15:24.709366+02:00;standby;25.8;59.5;5.0;25.0;59.7;10.0;0;0;0;0;16477.22;11280.08;5197.14;32441.061
2026-08-05T00:16:25.180545+02:00;standby;25.8;59.4;5.0;25.0;59.7;10.0;0;0;0;0;16477.22;11280.08;5197.14;32441.061
2026-08-05T00:17:25.652165+02:00;standby;25.8;59.2;5.0;25.0;59.7;10.0;0;0;0;0;16477.22;11280.08;5197.14;32441.061
2026-08-05T00:18:26.164494+02:00;standby;25.8;59.1;5.0;25.0;59.7;10.0;0;0;0;0;16477.22;11280.08;5197.14;32441.061
2026-08-05T00:19:26.596660+02:00;standby;25.8;59.0;5.0;25.0;59.7;10.0;0;0;0;0;16477.22;11280.08;5197.14;32441.061
2026-08-05T00:20:27.098193+02:00;standby;25.8;58.7;5.0;25.0;59.7;10.0;0;0;0;0;16477.22;11280.08;5197.14;32441.061
2026-08-05T00:21:27.598976+02:00;standby;25.8;58.6;5.0;25.0;59.7;10.0;0;0;0;0;16477.22;11280.08;5197.14;32441.061
2026-08-05T00:22:28.751286+02:00;standby;25.8;58.5;5.0;25.0;59.7;10.0;0;0;0;0;16477.22;11280.08;5197.14;32441.061
2026-08-05T00:23:29.249300+02:00;standby;25.8;58.3;5.0;25.0;59.7;10.0;0;0;0;0;16477.22;11280.08;5197.14;32441.061
2026-08-05T00:24:29.920835+02:00;standby;25.8;58.2;5.0;25.0;59.7;10.0;0;0;0;0;16477.22;11280.08;5197.14;32441.061
2026-08-05T00:25:30.459551+02:00;standby;25.8;58.1;5.0;25.0;59.6;10.0;0;0;0;0;16477.22;11280.08;5197.14;32441.061
2026-08-05T00:26:30.905086+02:00;standby;25.8;58.0;5.0;25.0;59.6;10.0;0;0;0;0;16477.22;11280.08;5197.14;32441.061
2026-08-05T00:27:33.373584+02:00;standby;25.8;57.7;5.0;25.0;59.6;10.0;0;0;0;0;16477.22;11280.08;5197.14;32441.061
2026-08-05T00:28:33.813824+02:00;standby;25.8;57.6;5.0;25.0;59.6;10.0;0;0;0;0;16477.22;11280.08;5197.14;32441.061
2026-08-05T00:29:34.537174+02:00;standby;25.8;57.5;5.0;25.0;59.6;10.0;0;0;0;0;16477.22;11280.08;5197.14;32441.061
2026-08-05T00:30:35.016481+02:00;standby;25.8;57.4;5.0;25.0;59.6;10.0;0;0;0;0;16477.22;11280.08;5197.14;32441.061
2026-08-05T00:31:35.451371+02:00;standby;25.8;57.2;5.0;25.0;59.6;10.0;0;0;0;0;16477.22;11280.08;5197.14;32441.061
2026-08-05T00:32:35.931826+02:00;standby;25.8;57.0;5.0;25.0;59.6;10.0;0;0;0;0;16477.22;11280.08;5197.14;32441.061
2026-08-05T00:33:36.425528+02:00;standby;25.8;56.9;5.0;25.0;59.6;10.0;0;0;0;0;16477.22;11280.08;5197.14;32441.061
2026-08-05T00:34:36.874071+02:00;standby;25.8;56.8;5.0;25.0;59.6;10.0;0;0;0;0;16477.22;11280.08;5197.14;32441.061
2026-08-05T00:35:37.733467+02:00;standby;25.8;56.6;5.0;25.0;59.6;10.0;0;0;0;0;16477.22;11280.08;5197.14;32441.061
2026-08-05T00:36:38.153912+02:00;standby;25.8;56.5;5.0;25.0;59.6;10.0;0;0;0;0;16477.22;11280.08;5197.14;32441.061
2026-08-05T00:37:38.670384+02:00;standby;25.8;56.4;5.0;25.0;59.6;10.0;0;0;0;0;16477.22;11280.08;5197.14;32441.061
2026-08-05T00:38:39.162450+02:00;standby;25.8;56.2;5.0;25.0;59.5;10.0;0;0;0;0;16477.22;11280.08;5197.14;32441.061
2026-08-05T00:39:39.630511+02:00;standby;25.8;56.1;5.0;25.0;59.5;10.0;0;0;0;0;16477.22;11280.08;5197.14;32441.061
2026-08-05T00:40:40.508905+02:00;standby;25.8;55.9;5.0;25.0;59.5;10.0;0;0;0;0;16477.22;11280.08;5197.14;32441.061
2026-08-05T00:41:41.013867+02:00;standby;25.8;55.8;5.0;25.0;59.5;10.0;0;0;0;0;16477.22;11280.08;5197.14;32441.061
2026-08-05T00:42:41.522404+02:00;standby;25.8;55.7;5.0;25.0;59.5;10.0;0;0;0;0;16477.22;11280.08;5197.14;32441.061
2026-08-05T00:43:41.991211+02:00;standby;25.8;55.6;5.0;25.0;59.5;10.0;0;0;0;0;16477.22;11280.08;5197.14;32441.061
2026-08-05T00:44:42.451244+02:00;standby;25.8;55.3;5.0;25.0;59.5;10.0;0;0;0;0;16477.22;11280.08;5197.14;32441.061
2026-08-05T00:45:42.904962+02:00;standby;25.8;55.2;5.0;25.0;59.5;10.0;0;0;0;0;16477.22;11280.08;5197.14;32441.061
2026-08-05T00:46:43.629553+02:00;standby;25.8;55.1;5.0;25.0;59.5;10.0;0;0;0;0;16477.22;11280.08;5197.14;32441.061
2026-08-05T00:47:44.332263+02:00;standby;25.8;55.0;5.0;25.0;59.5;10.0;0;0;0;0;16477.22;11280.08;5197.14;32441.061
2026-08-05T00:48:44.798305+02:00;standby;25.8;54.9;5.0;25.0;59.5;10.0;0;0;0;0;16477.22;11280.08;5197.14;32441.061
2026-08-05T00:49:45.346556+02:00;standby;25.8;54.7;5.0;25.0;59.5;10.0;0;0;0;0;16477.22;11280.08;5197.14;32441.061
2026-08-05T00:50:45.871504+02:00;standby;25.8;54.6;5.0;25.0;59.5;10.0;0;0;0;0;16477.22;11280.08;5197.14;32441.061
2026-08-05T00:51:46.333857+02:00;standby;25.8;54.4;5.0;25.0;59.5;10.0;0;0;0;0;16477.22;11280.08;5197.14;32441.061
2026-08-05T00:52:46.828203+02:00;standby;25.8;54.3;5.0;25.0;59.4;10.0;0;0;0;0;16477.22;11280.08;5197.14;32441.061
2026-08-05T00:53:47.371149+02:00;standby;25.8;54.2;5.0;25.0;59.4;10.0;0;0;0;0;16477.22;11280.08;5197.14;32441.061
2026-08-05T00:54:47.857437+02:00;standby;25.8;54.1;5.0;25.0;59.4;10.0;0;0;0;0;16477.22;11280.08;5197.14;32441.061
2026-08-05T00:55:49.711511+02:00;standby;25.8;53.9;5.0;25.0;59.4;10.0;0;0;0;0;16477.22;11280.08;5197.14;32441.061
2026-08-05T00:56:51.132739+02:00;standby;25.8;53.8;5.0;25.0;59.4;10.0;0;0;0;0;16477.22;11280.08;5197.14;32441.061
2026-08-05T00:57:52.009298+02:00;standby;25.8;53.7;5.0;25.0;59.4;10.0;0;0;0;0;16477.22;11280.08;5197.14;32441.061
2026-08-05T00:58:54.020016+02:00;standby;25.8;53.6;5.0;25.0;59.4;10.0;0;0;0;0;16477.22;11280.08;5197.14;32441.061
2026-08-05T00:59:54.466428+02:00;standby;25.8;53.4;5.0;25.0;59.4;10.0;0;0;0;0;16477.22;11280.08;5197.14;32441.061
2026-08-05T01:00:54.895948+02:00;standby;25.8;53.3;5.0;25.0;59.4;10.0;0;0;0;0;16477.22;11280.08;5197.14;32441.061
2026-08-05T01:01:55.488404+02:00;standby;25.8;53.2;5.0;25.0;59.4;10.0;0;0;0;0;16477.22;11280.08;5197.14;32441.061
2026-08-05T01:02:56.159011+02:00;standby;25.8;53.0;5.0;25.0;59.4;10.0;0;0;0;0;16477.22;11280.08;5197.14;32441.061
2026-08-05T01:03:56.574945+02:00;standby;25.8;53.0;5.0;25.0;59.4;10.0;0;0;0;0;16477.22;11280.08;5197.14;32441.061
2026-08-05T01:04:57.018908+02:00;standby;25.8;52.8;5.0;25.0;59.4;10.0;0;0;0;0;16477.22;11280.08;5197.14;32441.061
2026-08-05T01:05:57.852753+02:00;standby;25.8;52.7;5.0;25.0;59.3;10.0;0;0;0;0;16477.22;11280.08;5197.14;32441.061
2026-08-05T01:06:58.341191+02:00;standby;25.8;52.6;5.0;25.0;59.3;10.0;0;0;0;0;16477.22;11280.08;5197.14;32441.061
2026-08-05T01:07:59.064605+02:00;standby;25.8;52.4;5.0;25.0;59.3;10.0;0;0;0;0;16477.22;11280.08;5197.14;32441.061
2026-08-05T01:08:59.511705+02:00;standby;25.2;52.3;5.0;25.0;59.3;10.0;0;0;0;0;16477.22;11280.08;5197.14;32441.061
2026-08-05T01:09:59.959744+02:00;standby;25.2;52.2;5.0;25.0;59.3;10.0;0;0;0;0;16477.22;11280.08;5197.14;32441.061
2026-08-05T01:11:00.604935+02:00;standby;25.2;52.1;5.0;25.0;59.3;10.0;0;0;0;0;16477.22;11280.08;5197.14;32441.061
2026-08-05T01:12:01.075183+02:00;standby;25.2;52.0;5.0;25.0;59.3;10.0;0;0;0;0;16477.22;11280.08;5197.14;32441.061
2026-08-05T01:13:01.715249+02:00;standby;25.2;51.9;5.0;25.0;59.3;10.0;0;0;0;0;16477.22;11280.08;5197.14;32441.061
2026-08-05T01:14:02.149810+02:00;standby;25.2;51.8;5.0;25.0;59.3;10.0;0;0;0;0;16477.22;11280.08;5197.14;32441.061
2026-08-05T01:15:02.626459+02:00;standby;25.2;51.7;5.0;25.0;59.3;10.0;0;0;0;0;16477.22;11280.08;5197.14;32441.061
2026-08-05T01:16:03.151577+02:00;standby;25.2;51.6;5.0;25.0;59.3;10.0;0;0;0;0;16477.22;11280.08;5197.14;32441.061
2026-08-05T01:17:03.867148+02:00;standby;25.2;51.4;5.0;25.0;59.3;10.0;0;0;0;0;16477.22;11280.08;5197.14;32441.061
2026-08-05T01:18:04.393251+02:00;standby;25.2;51.3;5.0;25.0;59.3;10.0;0;0;0;0;16477.22;11280.08;5197.14;32441.061
2026-08-05T01:19:05.105471+02:00;standby;25.2;51.2;5.0;25.0;59.3;10.0;0;0;0;0;16477.22;11280.08;5197.14;32441.061
2026-08-05T01:20:05.565735+02:00;standby;25.2;51.1;5.0;25.0;59.2;10.0;0;0;0;0;16477.22;11280.08;5197.14;32441.061
2026-08-05T01:21:06.061370+02:00;standby;25.2;51.0;5.0;25.0;59.2;10.0;0;0;0;0;16477.22;11280.08;5197.14;32441.061
2026-08-05T01:22:06.516444+02:00;standby;25.2;50.9;5.0;25.0;59.2;10.0;0;0;0;0;16477.22;11280.08;5197.14;32441.061
2026-08-05T01:23:06.995139+02:00;standby;25.2;50.8;5.0;25.0;59.2;10.0;0;0;0;0;16477.22;11280.08;5197.14;32441.061
2026-08-05T01:24:07.727196+02:00;standby;25.2;50.7;5.0;25.0;59.2;10.0;0;0;0;0;16477.22;11280.08;5197.14;32441.061
2026-08-05T01:25:08.345475+02:00;standby;25.2;50.6;5.0;25.0;59.2;10.0;0;0;0;0;16477.22;11280.08;5197.14;32441.061
2026-08-05T01:26:08.958871+02:00;standby;25.2;50.4;5.0;25.0;59.2;10.0;0;0;0;0;16477.22;11280.08;5197.14;32441.061
2026-08-05T01:27:09.423290+02:00;standby;25.2;50.3;5.0;25.0;59.2;10.0;0;0;0;0;16477.22;11280.08;5197.14;32441.061
2026-08-05T01:28:09.888009+02:00;standby;25.2;50.2;5.0;25.0;59.2;10.0;0;0;0;0;16477.22;11280.08;5197.14;32441.061
2026-08-05T01:29:11.366817+02:00;standby;25.2;50.1;5.0;25.0;59.2;10.0;0;0;0;0;16477.22;11280.08;5197.14;32441.061
2026-08-05T01:30:11.837982+02:00;standby;25.2;50.0;5.0;25.0;59.2;10.0;0;0;0;0;16477.22;11280.08;5197.14;32441.061
2026-08-05T01:31:12.256779+02:00;standby;25.2;49.9;5.0;25.0;59.2;10.0;0;0;0;0;16477.22;11280.08;5197.14;32441.061
2026-08-05T01:32:12.728412+02:00;standby;25.2;49.8;5.0;25.0;59.2;10.0;0;0;0;0;16477.22;11280.08;5197.14;32441.061
2026-08-05T01:33:13.301231+02:00;standby;25.2;49.7;5.0;25.0;59.2;10.0;0;0;0;0;16477.22;11280.08;5197.14;32441.061
2026-08-05T01:34:13.850323+02:00;standby;25.2;49.5;5.0;25.0;59.1;10.0;0;0;0;0;16477.22;11280.08;5197.14;32441.061
2026-08-05T01:35:14.343423+02:00;standby;25.2;49.4;5.0;25.0;59.1;10.0;0;0;0;0;16477.22;11280.08;5197.14;32441.061
2026-08-05T01:36:14.852074+02:00;standby;25.2;49.3;5.0;25.0;59.1;10.0;0;0;0;0;16477.22;11280.08;5197.14;32441.061
2026-08-05T01:37:15.314499+02:00;standby;25.2;49.2;5.0;25.0;59.1;10.0;0;0;0;0;16477.22;11280.08;5197.14;32441.061
2026-08-05T01:38:15.788283+02:00;standby;25.2;49.2;5.0;25.0;59.1;10.0;0;0;0;0;16477.22;11280.08;5197.14;32441.061
2026-08-05T01:39:16.203629+02:00;standby;25.2;49.1;5.0;25.0;59.1;10.0;0;0;0;0;16477.22;11280.08;5197.14;32441.061
2026-08-05T01:40:16.935201+02:00;standby;25.2;49.0;5.0;25.0;59.1;10.0;0;0;0;0;16477.22;11280.08;5197.14;32441.061
2026-08-05T01:41:17.516323+02:00;standby;25.2;48.9;5.0;25.0;59.1;10.0;0;0;0;0;16477.22;11280.08;5197.14;32441.061
2026-08-05T01:42:17.981653+02:00;standby;25.2;48.7;5.0;25.0;59.1;10.0;0;0;0;0;16477.22;11280.08;5197.14;32441.061
2026-08-05T01:43:18.434337+02:00;standby;25.2;48.6;5.0;25.0;59.1;10.0;0;0;0;0;16477.22;11280.08;5197.14;32441.061
2026-08-05T01:44:19.008882+02:00;standby;25.2;48.5;5.0;25.0;59.1;10.0;0;0;0;0;16477.22;11280.08;5197.14;32441.061
2026-08-05T01:45:19.548487+02:00;standby;25.2;48.4;5.0;25.0;59.1;10.0;0;0;0;0;16477.22;11280.08;5197.14;32441.061
2026-08-05T01:46:20.154553+02:00;standby;25.2;48.4;5.0;25.0;59.1;10.0;0;0;0;0;16477.22;11280.08;5197.14;32441.061
2026-08-05T01:47:20.590350+02:00;standby;25.2;48.3;5.0;25.0;59.1;10.0;0;0;0;0;16477.22;11280.08;5197.14;32441.061
2026-08-05T01:48:21.095114+02:00;standby;25.2;48.2;5.0;25.0;58.9;10.0;0;0;0;0;16477.22;11280.08;5197.14;32441.061
2026-08-05T01:49:21.715464+02:00;standby;25.2;48.1;5.0;25.0;58.9;10.0;0;0;0;0;16477.22;11280.08;5197.14;32441.061
2026-08-05T01:50:22.194057+02:00;standby;25.2;48.0;5.0;25.0;58.9;10.0;0;0;0;0;16477.22;11280.08;5197.14;32441.061
2026-08-05T01:51:22.650773+02:00;standby;25.2;47.8;5.0;25.0;58.9;10.0;0;0;0;0;16477.22;11280.08;5197.14;32441.061
2026-08-05T01:52:23.611341+02:00;standby;25.2;47.8;5.0;25.0;58.9;10.0;0;0;0;0;16477.22;11280.08;5197.14;32441.061
2026-08-05T01:53:24.054956+02:00;standby;25.2;47.7;5.0;25.0;58.9;10.0;0;0;0;0;16477.22;11280.08;5197.14;32441.061
2026-08-05T01:54:24.477178+02:00;standby;25.2;47.6;5.0;25.0;58.9;10.0;0;0;0;0;16477.22;11280.08;5197.14;32441.061
2026-08-05T01:55:24.934918+02:00;standby;25.2;47.5;5.0;25.0;58.9;10.0;0;0;0;0;16477.22;11280.08;5197.14;32441.061
2026-08-05T01:56:25.450711+02:00;standby;25.2;47.4;5.0;25.0;58.9;10.0;0;0;0;0;16477.22;11280.08;5197.14;32441.061
2026-08-05T01:57:25.992421+02:00;standby;25.2;47.3;5.0;25.0;58.9;10.0;0;0;0;0;16477.22;11280.08;5197.14;32441.061
2026-08-05T01:58:26.451564+02:00;standby;25.2;47.3;5.0;25.0;58.9;10.0;0;0;0;0;16477.22;11280.08;5197.14;32441.061
2026-08-05T01:59:26.908944+02:00;standby;25.2;47.2;5.0;25.0;58.9;10.0;0;0;0;0;16477.22;11280.08;5197.14;32441.061
2026-08-05T02:00:27.378052+02:00;standby;25.2;47.0;5.0;25.0;58.9;10.0;0;0;0;0;16477.22;11280.08;5197.14;32441.061
2026-08-05T02:01:27.797766+02:00;standby;25.2;46.9;5.0;25.0;58.8;10.0;0;0;0;0;16477.22;11280.08;5197.14;32441.061
2026-08-05T02:02:28.211158+02:00;standby;25.2;46.8;5.0;25.0;58.8;10.0;0;0;0;0;16477.22;11280.08;5197.14;32441.061
2026-08-05T02:03:28.674236+02:00;standby;25.2;46.8;5.0;25.0;58.8;10.0;0;0;0;0;16477.22;11280.08;5197.14;32441.061
2026-08-05T02:04:29.110210+02:00;standby;25.2;46.7;5.0;25.0;58.8;10.0;0;0;0;0;16477.22;11280.08;5197.14;32441.061
2026-08-05T02:05:29.636101+02:00;standby;25.2;46.6;5.0;25.0;58.8;10.0;0;0;0;0;16477.22;11280.08;5197.14;32441.061
2026-08-05T02:06:30.080932+02:00;standby;25.2;46.5;5.0;25.0;58.8;10.0;0;0;0;0;16477.22;11280.08;5197.14;32441.061
2026-08-05T02:07:30.779823+02:00;standby;25.2;46.5;5.0;25.0;58.8;10.0;0;0;0;0;16477.22;11280.08;5197.14;32441.061
2026-08-05T02:08:31.407129+02:00;standby;25.2;46.4;5.0;25.0;58.8;10.0;0;0;0;0;16477.22;11280.08;5197.14;32441.061
2026-08-05T02:09:31.919703+02:00;standby;24.6;46.2;5.0;25.0;58.8;10.0;0;0;0;0;16477.22;11280.08;5197.14;32441.061
2026-08-05T02:10:32.380285+02:00;standby;24.6;46.1;5.0;25.0;58.8;10.0;0;0;0;0;16477.22;11280.08;5197.14;32441.061
2026-08-05T02:11:32.830125+02:00;standby;24.6;46.0;5.0;25.0;58.8;10.0;0;0;0;0;16477.22;11280.08;5197.14;32441.061
2026-08-05T02:12:33.344662+02:00;standby;24.6;46.0;5.0;25.0;58.8;10.0;0;0;0;0;16477.22;11280.08;5197.14;32441.061
2026-08-05T02:13:33.833649+02:00;standby;24.6;45.9;5.0;25.0;58.8;10.0;0;0;0;0;16477.22;11280.08;5197.14;32441.061
2026-08-05T02:14:34.285518+02:00;standby;24.6;45.8;5.0;25.0;58.8;10.0;0;0;0;0;16477.22;11280.08;5197.14;32441.061
2026-08-05T02:15:34.703316+02:00;standby;24.6;45.8;5.0;25.0;58.8;10.0;0;0;0;0;16477.22;11280.08;5197.14;32441.061
2026-08-05T02:16:35.240130+02:00;standby;24.6;45.7;5.0;25.0;58.8;10.0;0;0;0;0;16477.22;11280.08;5197.14;32441.061
2026-08-05T02:17:35.800962+02:00;standby;24.6;45.6;5.0;25.0;58.7;10.0;0;0;0;0;16477.22;11280.08;5197.14;32441.061
2026-08-05T02:18:36.305924+02:00;standby;24.6;45.5;5.0;25.0;58.7;10.0;0;0;0;0;16477.22;11280.08;5197.14;32441.061
2026-08-05T02:19:36.776253+02:00;standby;24.6;45.5;5.0;25.0;58.7;10.0;0;0;0;0;16477.22;11280.08;5197.14;32441.061
2026-08-05T02:20:37.193899+02:00;standby;24.6;45.3;5.0;25.0;58.7;10.0;0;0;0;0;16477.22;11280.08;5197.14;32441.061
2026-08-05T02:21:37.705479+02:00;standby;24.6;45.2;5.0;25.0;58.7;10.0;0;0;0;0;16477.22;11280.08;5197.14;32441.061
2026-08-05T02:22:38.272655+02:00;standby;24.6;45.1;5.0;25.0;58.7;10.0;0;0;0;0;16477.22;11280.08;5197.14;32441.061
2026-08-05T02:23:38.753764+02:00;standby;24.6;45.1;5.0;25.0;58.7;10.0;0;0;0;0;16477.22;11280.08;5197.14;32441.061
2026-08-05T02:24:39.170590+02:00;standby;24.6;45.0;5.0;25.0;58.7;10.0;0;0;0;0;16477.22;11280.08;5197.14;32441.061
2026-08-05T02:25:39.636024+02:00;standby;24.6;45.0;5.0;25.0;58.7;10.0;0;0;0;0;16477.22;11280.08;5197.14;32441.061
2026-08-05T02:26:40.068852+02:00;standby;24.6;44.9;5.0;25.0;58.7;10.0;0;0;0;0;16477.22;11280.08;5197.14;32441.061
2026-08-05T02:27:40.556475+02:00;standby;24.6;44.8;5.0;25.0;58.7;10.0;0;0;0;0;16477.22;11280.08;5197.14;32441.061
2026-08-05T02:28:41.045522+02:00;standby;24.6;44.8;5.0;25.0;58.7;10.0;0;0;0;0;16477.22;11280.08;5197.14;32441.061
2026-08-05T02:29:41.666428+02:00;standby;24.6;44.7;5.0;25.0;58.7;10.0;0;0;0;0;16477.22;11280.08;5197.14;32441.061
2026-08-05T02:30:42.153093+02:00;standby;24.6;44.5;5.0;25.0;58.7;10.0;0;0;0;0;16477.22;11280.08;5197.14;32441.061
2026-08-05T02:31:42.569452+02:00;standby;24.6;44.5;5.0;25.0;58.6;10.0;0;0;0;0;16477.22;11280.08;5197.14;32441.061
2026-08-05T02:32:43.166487+02:00;standby;24.6;44.4;5.0;25.0;58.6;10.0;0;0;0;0;16477.22;11280.08;5197.14;32441.061
2026-08-05T02:33:43.607735+02:00;standby;24.6;44.3;5.0;25.0;58.6;10.0;0;0;0;0;16477.22;11280.08;5197.14;32441.061
2026-08-05T02:34:44.014578+02:00;standby;24.6;44.3;5.0;25.0;58.6;10.0;0;0;0;0;16477.22;11280.08;5197.14;32441.061
2026-08-05T02:35:44.477316+02:00;standby;24.6;44.2;5.0;25.0;58.6;10.0;0;0;0;0;16477.22;11280.08;5197.14;32441.061
2026-08-05T02:36:44.959281+02:00;standby;24.6;44.1;5.0;25.0;58.6;10.0;0;0;0;0;16477.22;11280.08;5197.14;32441.061
2026-08-05T02:37:45.488705+02:00;standby;24.6;44.1;5.0;25.0;58.6;10.0;0;0;0;0;16477.22;11280.08;5197.14;32441.061
2026-08-05T02:38:45.999279+02:00;standby;24.6;44.0;5.0;25.0;58.6;10.0;0;0;0;0;16477.22;11280.08;5197.14;32441.061
2026-08-05T02:39:46.451896+02:00;standby;24.6;43.9;5.0;25.0;58.6;10.0;0;0;0;0;16477.22;11280.08;5197.14;32441.061
2026-08-05T02:40:46.979601+02:00;standby;24.6;43.9;5.0;25.0;58.6;10.0;0;0;0;0;16477.22;11280.08;5197.14;32441.061
2026-08-05T02:41:47.513132+02:00;standby;24.6;43.7;5.0;25.0;58.5;10.0;0;0;0;0;16477.22;11280.08;5197.14;32441.061
2026-08-05T02:42:47.973409+02:00;standby;24.6;43.6;5.0;25.0;58.6;10.0;0;0;0;0;16477.22;11280.08;5197.14;32441.061
2026-08-05T02:43:48.529704+02:00;standby;24.6;43.6;5.0;25.0;58.5;10.0;0;0;0;0;16477.22;11280.08;5197.14;32441.061
2026-08-05T02:44:48.947099+02:00;standby;24.6;43.5;5.0;25.0;58.5;10.0;0;0;0;0;16477.22;11280.08;5197.14;32441.061
2026-08-05T02:45:49.461384+02:00;standby;24.6;43.5;5.0;25.0;58.5;10.0;0;0;0;0;16477.22;11280.08;5197.14;32441.061
2026-08-05T02:46:49.998700+02:00;standby;24.6;43.4;5.0;25.0;58.5;10.0;0;0;0;0;16477.22;11280.08;5197.14;32441.061
2026-08-05T02:47:50.744310+02:00;standby;24.6;43.3;5.0;25.0;58.5;10.0;0;0;0;0;16477.22;11280.08;5197.14;32441.061
2026-08-05T02:48:51.291630+02:00;standby;24.6;43.3;5.0;25.0;58.5;10.0;0;0;0;0;16477.22;11280.08;5197.14;32441.061
2026-08-05T02:49:51.759311+02:00;standby;24.6;43.2;5.0;25.0;58.5;10.0;0;0;0;0;16477.22;11280.08;5197.14;32441.061
2026-08-05T02:50:52.227707+02:00;standby;24.6;43.2;5.0;25.0;58.5;10.0;0;0;0;0;16477.22;11280.08;5197.14;32441.061
2026-08-05T02:51:52.690565+02:00;standby;24.6;43.1;5.0;25.0;58.5;10.0;0;0;0;0;16477.22;11280.08;5197.14;32441.061
2026-08-05T02:52:53.163781+02:00;standby;24.6;43.1;5.0;25.0;58.5;10.0;0;0;0;0;16477.22;11280.08;5197.14;32441.061
2026-08-05T02:53:53.721514+02:00;standby;24.6;43.0;5.0;25.0;58.5;10.0;0;0;0;0;16477.22;11280.08;5197.14;32441.061
2026-08-05T02:54:54.248663+02:00;standby;24.6;42.8;5.0;25.0;58.5;10.0;0;0;0;0;16477.22;11280.08;5197.14;32441.061
2026-08-05T02:55:54.764881+02:00;standby;24.6;42.8;5.0;25.0;58.5;10.0;0;0;0;0;16477.22;11280.08;5197.14;32441.061
2026-08-05T02:56:55.235887+02:00;standby;24.6;42.7;5.0;25.0;58.5;10.0;0;0;0;0;16477.22;11280.08;5197.14;32441.061
2026-08-05T02:57:55.708933+02:00;standby;24.6;42.7;5.0;25.0;58.4;10.0;0;0;0;0;16477.22;11280.08;5197.14;32441.061
2026-08-05T02:58:56.218900+02:00;standby;24.6;42.6;5.0;25.0;58.4;10.0;0;0;0;0;16477.22;11280.08;5197.14;32441.061
2026-08-05T02:59:57.050497+02:00;standby;24.6;42.6;5.0;25.0;58.4;10.0;0;0;0;0;16477.22;11280.08;5197.14;32441.061
2026-08-05T03:00:57.592545+02:00;standby;24.6;42.5;5.0;25.0;58.4;10.0;0;0;0;0;16477.22;11280.08;5197.14;32441.061
2026-08-05T03:01:58.335738+02:00;standby;24.6;42.5;5.0;25.0;58.4;10.0;0;0;0;0;16477.22;11280.08;5197.14;32441.061
2026-08-05T03:02:58.796239+02:00;standby;24.6;42.4;5.0;25.0;58.4;10.0;0;0;0;0;16477.22;11280.08;5197.14;32441.061
2026-08-05T03:03:59.220270+02:00;standby;24.6;42.3;5.0;25.0;58.4;10.0;0;0;0;0;16477.22;11280.08;5197.14;32441.061
2026-08-05T03:05:00.049867+02:00;standby;24.6;42.3;5.0;25.0;58.4;10.0;0;0;0;0;16477.22;11280.08;5197.14;32441.061
2026-08-05T03:06:00.586492+02:00;standby;24.6;42.2;5.0;25.0;58.4;10.0;0;0;0;0;16477.22;11280.08;5197.14;32441.061
2026-08-05T03:07:01.044371+02:00;standby;24.6;42.2;5.0;25.0;58.4;10.0;0;0;0;0;16477.22;11280.08;5197.14;32441.061
2026-08-05T03:08:01.463116+02:00;standby;24.6;42.0;5.0;25.0;58.4;10.0;0;0;0;0;16477.22;11280.08;5197.14;32441.061
2026-08-05T03:09:01.914988+02:00;standby;24.6;42.0;5.0;25.0;58.4;10.0;0;0;0;0;16477.22;11280.08;5197.14;32441.061
2026-08-05T03:10:02.327952+02:00;standby;23.9;41.9;5.0;25.0;58.4;10.0;0;0;0;0;16477.22;11280.08;5197.14;32441.061
2026-08-05T03:11:03.163805+02:00;standby;23.9;41.9;5.0;25.0;58.4;10.0;0;0;0;0;16477.22;11280.08;5197.14;32441.061
2026-08-05T03:12:03.740329+02:00;standby;23.9;41.8;5.0;25.0;58.4;10.0;0;0;0;0;16477.22;11280.08;5197.14;32441.061
2026-08-05T03:13:04.202694+02:00;standby;23.9;41.8;5.0;25.0;58.3;10.0;0;0;0;0;16477.22;11280.08;5197.14;32441.061
2026-08-05T03:14:04.676277+02:00;standby;23.9;41.7;5.0;25.0;58.3;10.0;0;0;0;0;16477.22;11280.08;5197.14;32441.061
2026-08-05T03:15:05.200005+02:00;standby;23.9;41.7;5.0;25.0;58.3;10.0;0;0;0;0;16477.22;11280.08;5197.14;32441.061
2026-08-05T03:16:05.665836+02:00;standby;23.9;41.6;5.0;25.0;58.3;10.0;0;0;0;0;16477.22;11280.08;5197.14;32441.061
2026-08-05T03:17:07.361742+02:00;standby;23.9;41.6;5.0;25.0;58.3;10.0;0;0;0;0;16477.22;11280.08;5197.14;32441.061
2026-08-05T03:18:07.822625+02:00;standby;23.9;41.5;5.0;25.0;58.3;10.0;0;0;0;0;16477.22;11280.08;5197.14;32441.061
2026-08-05T03:19:08.553984+02:00;standby;23.9;41.4;5.0;25.0;58.3;10.0;0;0;0;0;16477.22;11280.08;5197.14;32441.061
2026-08-05T03:20:09.171789+02:00;standby;23.9;41.4;5.0;25.0;58.3;10.0;0;0;0;0;16477.22;11280.08;5197.14;32441.061
2026-08-05T03:21:09.648723+02:00;standby;23.9;41.4;5.0;25.0;58.3;10.0;0;0;0;0;16477.22;11280.08;5197.14;32441.061
2026-08-05T03:22:10.039519+02:00;standby;23.9;41.2;5.0;25.0;58.3;10.0;0;0;0;0;16477.22;11280.08;5197.14;32441.061
2026-08-05T03:23:10.520283+02:00;standby;23.9;41.2;5.0;25.0;58.3;10.0;0;0;0;0;16477.22;11280.08;5197.14;32441.061
2026-08-05T03:24:11.034231+02:00;standby;23.9;41.1;5.0;25.0;58.3;10.0;0;0;0;0;16477.22;11280.08;5197.14;32441.061
2026-08-05T03:25:11.523468+02:00;standby;23.9;41.1;5.0;25.0;58.3;10.0;0;0;0;0;16477.22;11280.08;5197.14;32441.061
2026-08-05T03:26:12.037853+02:00;standby;23.9;41.0;5.0;25.0;58.3;10.0;0;0;0;0;16477.22;11280.08;5197.14;32441.061
2026-08-05T03:27:12.453954+02:00;standby;23.9;40.9;5.0;25.0;58.2;10.0;0;0;0;0;16477.22;11280.08;5197.14;32441.061
2026-08-05T03:28:13.083384+02:00;standby;23.9;40.9;5.0;25.0;58.2;10.0;0;0;0;0;16477.22;11280.08;5197.14;32441.061
2026-08-05T03:29:13.492713+02:00;standby;23.9;40.9;5.0;25.0;58.2;10.0;0;0;0;0;16477.22;11280.08;5197.14;32441.061
2026-08-05T03:30:14.264405+02:00;standby;23.9;40.8;5.0;25.0;58.2;10.0;0;0;0;0;16477.22;11280.08;5197.14;32441.061
2026-08-05T03:31:14.740982+02:00;standby;23.9;40.8;5.0;25.0;58.2;10.0;0;0;0;0;16477.22;11280.08;5197.14;32441.061
2026-08-05T03:32:15.291047+02:00;standby;23.9;40.7;5.0;25.0;58.2;10.0;0;0;0;0;16477.22;11280.08;5197.14;32441.061
2026-08-05T03:33:15.729280+02:00;standby;23.9;40.7;5.0;25.0;58.2;10.0;0;0;0;0;16477.22;11280.08;5197.14;32441.061
2026-08-05T03:34:16.227249+02:00;standby;23.9;40.6;5.0;25.0;58.2;10.0;0;0;0;0;16477.22;11280.08;5197.14;32441.061
2026-08-05T03:35:16.682834+02:00;standby;23.9;40.6;5.0;25.0;58.2;10.0;0;0;0;0;16477.22;11280.08;5197.14;32441.061
2026-08-05T03:36:17.126820+02:00;standby;23.9;40.5;5.0;25.0;58.2;10.0;0;0;0;0;16477.22;11280.08;5197.14;32441.061
2026-08-05T03:37:17.584823+02:00;standby;23.9;40.5;5.0;25.0;58.2;10.0;0;0;0;0;16477.22;11280.08;5197.14;32441.061
2026-08-05T03:38:18.377033+02:00;standby;23.9;40.3;5.0;25.0;58.2;10.0;0;0;0;0;16477.22;11280.08;5197.14;32441.061
2026-08-05T03:39:18.834151+02:00;standby;23.9;40.3;5.0;25.0;58.2;10.0;0;0;0;0;16477.22;11280.08;5197.14;32441.061
2026-08-05T03:40:19.358015+02:00;standby;23.9;40.3;5.0;25.0;58.1;10.0;0;0;0;0;16477.22;11280.08;5197.14;32441.061
2026-08-05T03:41:19.863215+02:00;standby;23.9;40.2;5.0;25.0;58.1;10.0;0;0;0;0;16477.22;11280.08;5197.14;32441.061
2026-08-05T03:42:20.283958+02:00;standby;23.9;40.2;5.0;25.0;58.1;10.0;0;0;0;0;16477.22;11280.08;5197.14;32441.061
2026-08-05T03:43:20.765508+02:00;standby;23.9;40.1;5.0;25.0;58.1;10.0;0;0;0;0;16477.22;11280.08;5197.14;32441.061
2026-08-05T03:44:21.436118+02:00;standby;23.9;40.1;5.0;25.0;58.1;10.0;0;0;0;0;16477.22;11280.08;5197.14;32441.061
2026-08-05T03:45:23.796746+02:00;standby;23.9;40.0;5.0;25.0;58.1;10.0;0;0;0;0;16477.22;11280.08;5197.14;32441.061
2026-08-05T03:46:24.305681+02:00;standby;23.9;40.0;5.0;25.0;58.1;10.0;0;0;0;0;16477.22;11280.08;5197.14;32441.061
2026-08-05T03:47:24.790818+02:00;standby;23.9;39.9;5.0;25.0;58.1;10.0;0;0;0;0;16477.22;11280.08;5197.14;32441.061
2026-08-05T03:48:25.244312+02:00;standby;23.9;39.9;5.0;25.0;58.1;10.0;0;0;0;0;16477.22;11280.08;5197.14;32441.061
2026-08-05T03:49:25.763834+02:00;standby;23.9;39.8;5.0;25.0;58.1;10.0;0;0;0;0;16477.22;11280.08;5197.14;32441.061
2026-08-05T03:50:26.181431+02:00;standby;23.9;39.8;5.0;25.0;58.1;10.0;0;0;0;0;16477.22;11280.08;5197.14;32441.061
2026-08-05T03:51:26.747350+02:00;standby;23.9;39.8;5.0;25.0;58.1;10.0;0;0;0;0;16477.22;11280.08;5197.14;32441.061
2026-08-05T03:52:27.328212+02:00;standby;23.9;39.6;5.0;25.0;58.1;10.0;0;0;0;0;16477.22;11280.08;5197.14;32441.061
2026-08-05T03:53:27.952134+02:00;standby;23.9;39.6;5.0;25.0;58.1;10.0;0;0;0;0;16477.22;11280.08;5197.14;32441.061
2026-08-05T03:54:28.473203+02:00;standby;23.9;39.5;5.0;25.0;58.0;10.0;0;0;0;0;16477.22;11280.08;5197.14;32441.061
2026-08-05T03:55:28.984530+02:00;standby;23.9;39.5;5.0;25.0;58.0;10.0;0;0;0;0;16477.22;11280.08;5197.14;32441.061
2026-08-05T03:56:29.405692+02:00;standby;23.9;39.5;5.0;25.0;58.0;10.0;0;0;0;0;16477.22;11280.08;5197.14;32441.061
2026-08-05T03:57:29.918650+02:00;standby;23.9;39.4;5.0;25.0;58.0;10.0;0;0;0;0;16477.22;11280.08;5197.14;32441.061
2026-08-05T03:58:30.500730+02:00;standby;23.9;39.4;5.0;25.0;58.0;10.0;0;0;0;0;16477.22;11280.08;5197.14;32441.061
2026-08-05T03:59:30.979612+02:00;standby;23.9;39.3;5.0;25.0;58.0;10.0;0;0;0;0;16477.22;11280.08;5197.14;32441.061
2026-08-05T04:00:31.427263+02:00;standby;23.9;39.3;5.0;25.0;58.0;10.0;0;0;0;0;16477.22;11280.08;5197.14;32441.061
2026-08-05T04:01:32.927468+02:00;standby;23.9;39.3;5.0;25.0;58.0;57.0;0;0;0;0;16477.22;11280.08;5197.14;32441.061
2026-08-05T04:02:34.112068+02:00;standby;23.9;39.1;5.0;25.0;58.0;57.0;0;0;0;0;16477.22;11280.08;5197.14;32441.061
2026-08-05T04:03:34.532126+02:00;standby;23.9;39.1;5.0;25.0;58.0;57.0;0;0;0;0;16477.22;11280.08;5197.14;32441.061
2026-08-05T04:04:34.944904+02:00;standby;23.9;39.0;5.0;25.0;58.0;57.0;0;0;0;0;16477.22;11280.08;5197.14;32441.061
2026-08-05T04:05:35.404338+02:00;standby;23.9;39.0;5.0;25.0;58.0;57.0;0;0;0;0;16477.22;11280.08;5197.14;32441.061
2026-08-05T04:06:35.938436+02:00;standby;23.9;39.0;5.0;25.0;57.9;57.0;0;0;0;0;16477.22;11280.08;5197.14;32441.061
2026-08-05T04:07:36.548152+02:00;standby;23.9;38.9;5.0;25.0;57.9;57.0;0;0;0;0;16477.22;11280.08;5197.14;32441.061
2026-08-05T04:08:37.067881+02:00;standby;23.9;38.9;5.0;25.0;57.9;57.0;0;0;0;0;16477.22;11280.08;5197.14;32441.061
2026-08-05T04:09:37.588637+02:00;standby;23.9;38.9;5.0;25.0;57.9;57.0;0;0;0;0;16477.22;11280.08;5197.14;32441.061
2026-08-05T04:10:38.112383+02:00;standby;23.0;38.8;5.0;25.0;57.9;57.0;0;0;0;0;16477.22;11280.08;5197.14;32441.061
2026-08-05T04:11:38.642653+02:00;standby;23.0;38.8;5.0;25.0;57.9;57.0;0;0;0;0;16477.22;11280.08;5197.14;32441.061
2026-08-05T04:12:39.145552+02:00;standby;23.0;38.6;5.0;25.0;57.9;57.0;0;0;0;0;16477.22;11280.08;5197.14;32441.061
2026-08-05T04:13:39.729839+02:00;standby;23.0;38.6;5.0;25.0;57.9;57.0;0;0;0;0;16477.22;11280.08;5197.14;32441.061
2026-08-05T04:14:40.185806+02:00;standby;23.0;38.5;5.0;25.0;57.9;57.0;0;0;0;0;16477.22;11280.08;5197.14;32441.061
2026-08-05T04:15:40.909874+02:00;standby;23.0;38.5;5.0;25.0;57.9;57.0;0;0;0;0;16477.22;11280.08;5197.14;32441.061
2026-08-05T04:16:41.407536+02:00;standby;23.0;38.5;5.0;25.0;57.9;57.0;0;0;0;0;16477.22;11280.08;5197.14;32441.061
2026-08-05T04:17:41.864934+02:00;standby;23.0;38.4;5.0;25.0;57.9;57.0;0;0;0;0;16477.22;11280.08;5197.14;32441.061
2026-08-05T04:18:42.318778+02:00;standby;23.0;38.4;5.0;25.0;57.9;57.0;0;0;0;0;16477.22;11280.08;5197.14;32441.061
2026-08-05T04:19:42.967491+02:00;standby;23.0;38.4;5.0;25.0;57.9;57.0;0;0;0;0;16477.22;11280.08;5197.14;32441.061
2026-08-05T04:20:43.419928+02:00;standby;23.0;38.3;5.0;25.0;57.8;57.0;0;0;0;0;16477.22;11280.08;5197.14;32441.061
2026-08-05T04:21:43.929062+02:00;standby;23.0;38.3;5.0;25.0;57.8;57.0;0;0;0;0;16477.22;11280.08;5197.14;32441.061
2026-08-05T04:22:44.759332+02:00;standby;23.0;38.3;5.0;25.0;57.8;57.0;0;0;0;0;16477.22;11280.08;5197.14;32441.061
2026-08-05T04:23:45.248864+02:00;standby;23.0;38.1;5.0;25.0;57.8;57.0;0;0;0;0;16477.22;11280.08;5197.14;32441.061
2026-08-05T04:24:46.203366+02:00;standby;23.0;38.1;5.0;25.0;57.8;57.0;0;0;0;0;16477.22;11280.08;5197.14;32441.061
2026-08-05T04:25:46.756697+02:00;standby;23.0;38.1;5.0;25.0;57.8;57.0;0;0;0;0;16477.22;11280.08;5197.14;32441.061
2026-08-05T04:26:47.218774+02:00;standby;23.0;38.0;5.0;25.0;57.8;57.0;0;0;0;0;16477.22;11280.08;5197.14;32441.061
2026-08-05T04:27:47.708099+02:00;standby;23.0;38.0;5.0;25.0;57.8;57.0;0;0;0;0;16477.22;11280.08;5197.14;32441.061
2026-08-05T04:28:48.186695+02:00;standby;23.0;38.0;5.0;25.0;57.8;57.0;0;0;0;0;16477.22;11280.08;5197.14;32441.061
2026-08-05T04:29:49.923719+02:00;standby;23.0;37.9;5.0;25.0;57.8;57.0;0;0;0;0;16477.22;11280.08;5197.14;32441.061
2026-08-05T04:30:50.419452+02:00;standby;23.0;37.9;5.0;25.0;57.8;57.0;0;0;0;0;16477.22;11280.08;5197.14;32441.061
2026-08-05T04:31:50.972263+02:00;standby;23.0;37.9;5.0;25.0;57.8;57.0;0;0;0;0;16477.22;11280.08;5197.14;32441.061
2026-08-05T04:32:51.436869+02:00;standby;23.0;37.8;5.0;25.0;57.8;57.0;0;0;0;0;16477.22;11280.08;5197.14;32441.061
2026-08-05T04:33:52.003928+02:00;standby;23.0;37.8;5.0;25.0;57.8;57.0;0;0;0;0;16477.22;11280.08;5197.14;32441.061
2026-08-05T04:34:52.514826+02:00;standby;23.0;37.7;5.0;25.0;57.8;57.0;0;0;0;0;16477.22;11280.08;5197.14;32441.061
2026-08-05T04:35:52.932849+02:00;standby;23.0;37.7;5.0;25.0;57.7;57.0;0;0;0;0;16477.22;11280.08;5197.14;32441.061
2026-08-05T04:36:53.968051+02:00;standby;23.0;37.7;5.0;25.0;57.7;57.0;0;0;0;0;16477.22;11280.08;5197.14;32441.061
2026-08-05T04:37:54.440098+02:00;standby;23.0;37.5;5.0;25.0;57.7;57.0;0;0;0;0;16477.22;11280.08;5197.14;32441.061
2026-08-05T04:38:54.982709+02:00;standby;23.0;37.5;5.0;25.0;57.7;57.0;0;0;0;0;16477.22;11280.08;5197.14;32441.061
2026-08-05T04:39:55.399810+02:00;standby;23.0;37.5;5.0;25.0;57.7;57.0;0;0;0;0;16477.22;11280.08;5197.14;32441.061
2026-08-05T04:40:55.888696+02:00;standby;23.0;37.4;5.0;25.0;57.7;57.0;0;0;0;0;16477.22;11280.08;5197.14;32441.061
2026-08-05T04:41:56.364186+02:00;standby;23.0;37.4;5.0;25.0;57.7;57.0;0;0;0;0;16477.22;11280.08;5197.14;32441.061
2026-08-05T04:42:56.879226+02:00;standby;23.0;37.4;5.0;25.0;57.7;57.0;0;0;0;0;16477.22;11280.08;5197.14;32441.061
2026-08-05T04:43:57.379934+02:00;standby;23.0;37.3;5.0;25.0;57.7;57.0;0;0;0;0;16477.22;11280.08;5197.14;32441.061
2026-08-05T04:44:58.406730+02:00;standby;23.0;37.3;5.0;25.0;57.7;57.0;0;0;0;0;16477.22;11280.08;5197.14;32441.061
2026-08-05T04:45:58.822319+02:00;standby;23.0;37.3;5.0;25.0;57.7;57.0;0;0;0;0;16477.22;11280.08;5197.14;32441.061
2026-08-05T04:46:59.370242+02:00;standby;23.0;37.3;5.0;25.0;57.7;57.0;0;0;0;0;16477.22;11280.08;5197.14;32441.061
2026-08-05T04:47:59.860012+02:00;standby;23.0;37.2;5.0;25.0;57.7;57.0;0;0;0;0;16477.22;11280.08;5197.14;32441.061
2026-08-05T04:49:00.429021+02:00;standby;23.0;37.2;5.0;25.0;57.6;57.0;0;0;0;0;16477.22;11280.08;5197.14;32441.061
2026-08-05T04:50:01.185887+02:00;standby;23.0;37.2;5.0;25.0;57.6;57.0;0;0;0;0;16477.22;11280.08;5197.14;32441.061
2026-08-05T04:51:01.622926+02:00;standby;23.0;37.0;5.0;25.0;57.6;57.0;0;0;0;0;16477.22;11280.08;5197.14;32441.061
2026-08-05T04:52:02.063837+02:00;standby;23.0;37.0;5.0;25.0;57.6;57.0;0;0;0;0;16477.22;11280.08;5197.14;32441.061
2026-08-05T04:53:02.610307+02:00;standby;23.0;37.0;5.0;25.0;57.6;57.0;0;0;0;0;16477.22;11280.08;5197.14;32441.061
2026-08-05T04:54:03.077611+02:00;standby;23.0;36.9;5.0;25.0;57.6;57.0;0;0;0;0;16477.22;11280.08;5197.14;32441.061
2026-08-05T04:55:03.518957+02:00;standby;23.0;36.9;5.0;25.0;57.6;57.0;0;0;0;0;16477.22;11280.08;5197.14;32441.061
2026-08-05T04:56:04.162468+02:00;standby;23.0;36.9;5.0;25.0;57.6;57.0;0;0;0;0;16477.22;11280.08;5197.14;32441.061
2026-08-05T04:57:04.642166+02:00;standby;23.0;36.8;5.0;25.0;57.6;57.0;0;0;0;0;16477.22;11280.08;5197.14;32441.061
2026-08-05T04:58:05.076610+02:00;standby;23.0;36.8;5.0;25.0;57.6;57.0;0;0;0;0;16477.22;11280.08;5197.14;32441.061
2026-08-05T04:59:05.612705+02:00;standby;23.0;36.8;5.0;25.0;57.6;57.0;0;0;0;0;16477.22;11280.08;5197.14;32441.061
2026-08-05T05:00:06.096168+02:00;standby;23.0;36.7;5.0;25.0;57.6;57.0;0;0;0;0;16477.22;11280.08;5197.14;32441.061
2026-08-05T05:01:06.508914+02:00;standby;23.0;36.7;5.0;25.0;57.6;57.0;0;0;0;0;16477.22;11280.08;5197.14;32441.061
2026-08-05T05:02:06.982691+02:00;standby;23.0;36.7;5.0;25.0;57.6;57.0;0;0;0;0;16477.22;11280.08;5197.14;32441.061
2026-08-05T05:03:07.481788+02:00;standby;23.0;36.5;5.0;25.0;57.5;57.0;0;0;0;0;16477.22;11280.08;5197.14;32441.061
2026-08-05T05:04:07.960624+02:00;standby;23.0;36.5;5.0;25.0;57.5;57.0;0;0;0;0;16477.22;11280.08;5197.14;32441.061
2026-08-05T05:05:08.417873+02:00;standby;23.0;36.5;5.0;25.0;57.5;57.0;0;0;0;0;16477.22;11280.08;5197.14;32441.061
2026-08-05T05:06:08.936768+02:00;standby;23.0;36.5;5.0;25.0;57.5;57.0;0;0;0;0;16477.22;11280.08;5197.14;32441.061
2026-08-05T05:07:09.529936+02:00;standby;23.0;36.4;5.0;25.0;57.5;57.0;0;0;0;0;16477.22;11280.08;5197.14;32441.061
2026-08-05T05:08:10.253321+02:00;standby;23.0;36.4;5.0;25.0;57.5;57.0;0;0;0;0;16477.22;11280.08;5197.14;32441.061
2026-08-05T05:09:10.842332+02:00;standby;23.0;36.4;5.0;25.0;57.5;57.0;0;0;0;0;16477.22;11280.08;5197.14;32441.061
2026-08-05T05:10:11.457048+02:00;standby;23.0;36.4;5.0;25.0;57.5;57.0;0;0;0;0;16477.22;11280.08;5197.14;32441.061
2026-08-05T05:11:11.945073+02:00;standby;22.5;36.3;5.0;25.0;57.5;57.0;0;0;0;0;16477.22;11280.08;5197.14;32441.061
2026-08-05T05:12:12.430908+02:00;standby;22.5;36.3;5.0;25.0;57.5;57.0;0;0;0;0;16477.22;11280.08;5197.14;32441.061
2026-08-05T05:13:13.003373+02:00;standby;22.5;36.3;5.0;25.0;57.5;57.0;0;0;0;0;16477.22;11280.08;5197.14;32441.061
2026-08-05T05:14:13.737257+02:00;standby;22.5;36.3;5.0;25.0;57.5;57.0;0;0;0;0;16477.22;11280.08;5197.14;32441.061
2026-08-05T05:15:14.182659+02:00;standby;22.5;36.2;5.0;25.0;57.4;57.0;0;0;0;0;16477.22;11280.08;5197.14;32441.061
2026-08-05T05:16:14.606837+02:00;standby;22.5;36.2;5.0;25.0;57.5;57.0;0;0;0;0;16477.22;11280.08;5197.14;32441.061
2026-08-05T05:17:15.029808+02:00;standby;22.5;36.0;5.0;25.0;57.4;57.0;0;0;0;0;16477.22;11280.08;5197.14;32441.061
2026-08-05T05:18:15.647116+02:00;standby;22.5;36.0;5.0;25.0;57.4;57.0;0;0;0;0;16477.22;11280.08;5197.14;32441.061
2026-08-05T05:19:16.132777+02:00;standby;22.5;36.0;5.0;25.0;57.4;57.0;0;0;0;0;16477.22;11280.08;5197.14;32441.061
2026-08-05T05:20:16.610567+02:00;standby;22.5;36.0;5.0;25.0;57.4;57.0;0;0;0;0;16477.22;11280.08;5197.14;32441.061
2026-08-05T05:21:17.134227+02:00;standby;22.5;36.0;5.0;25.0;57.4;57.0;0;0;0;0;16477.22;11280.08;5197.14;32441.061
2026-08-05T05:22:17.614835+02:00;standby;22.5;35.9;5.0;25.0;57.4;57.0;0;0;0;0;16477.22;11280.08;5197.14;32441.061
2026-08-05T05:23:18.036754+02:00;standby;22.5;35.9;5.0;25.0;57.4;57.0;0;0;0;0;16477.22;11280.08;5197.14;32441.061
2026-08-05T05:24:18.549476+02:00;standby;22.5;35.9;5.0;25.0;57.4;57.0;0;0;0;0;16477.22;11280.08;5197.14;32441.061
2026-08-05T05:25:19.322352+02:00;standby;22.5;35.8;5.0;25.0;57.4;57.0;0;0;0;0;16477.22;11280.08;5197.14;32441.061
2026-08-05T05:26:19.806163+02:00;standby;22.5;35.8;5.0;25.0;57.4;57.0;0;0;0;0;16477.22;11280.08;5197.14;32441.061
2026-08-05T05:27:20.212322+02:00;standby;22.5;35.8;5.0;25.0;57.4;57.0;0;0;0;0;16477.22;11280.08;5197.14;32441.061
2026-08-05T05:28:20.636955+02:00;standby;22.5;35.8;5.0;25.0;57.4;57.0;0;0;0;0;16477.22;11280.08;5197.14;32441.061
2026-08-05T05:29:21.158992+02:00;standby;22.5;35.8;5.0;25.0;57.3;57.0;0;0;0;0;16477.22;11280.08;5197.14;32441.061
2026-08-05T05:30:21.641348+02:00;standby;22.5;35.7;5.0;25.0;57.3;57.0;0;0;0;0;16477.22;11280.08;5197.14;32441.061
2026-08-05T05:31:22.299730+02:00;standby;22.5;35.7;5.0;28.0;57.3;57.0;0;0;0;0;16477.22;11280.08;5197.14;32441.061
2026-08-05T05:32:22.929108+02:00;standby;22.5;35.7;5.0;28.0;57.3;57.0;0;0;0;0;16477.22;11280.08;5197.14;32441.061
2026-08-05T05:33:23.381397+02:00;standby;22.5;35.6;5.0;28.0;57.3;57.0;0;0;0;0;16477.22;11280.08;5197.14;32441.061
2026-08-05T05:34:23.816940+02:00;standby;22.5;35.6;5.0;28.0;57.3;57.0;0;0;0;0;16477.22;11280.08;5197.14;32441.061
2026-08-05T05:35:24.364184+02:00;standby;22.5;35.6;5.0;28.0;57.3;57.0;0;0;0;0;16477.22;11280.08;5197.14;32441.061
2026-08-05T05:36:24.820033+02:00;standby;22.5;35.6;5.0;28.0;57.3;57.0;0;0;0;0;16477.22;11280.08;5197.14;32441.061
2026-08-05T05:37:25.544196+02:00;standby;22.5;35.4;5.0;28.0;57.3;57.0;0;0;0;0;16477.22;11280.08;5197.14;32441.061
2026-08-05T05:38:26.060494+02:00;standby;22.5;35.4;5.0;28.0;57.3;57.0;0;0;0;0;16477.22;11280.08;5197.14;32441.061
2026-08-05T05:39:26.549849+02:00;standby;22.5;35.4;5.0;28.0;57.3;57.0;0;0;0;0;16477.22;11280.08;5197.14;32441.061
2026-08-05T05:40:27.029210+02:00;standby;22.5;35.4;5.0;28.0;57.3;57.0;0;0;0;0;16477.22;11280.08;5197.14;32441.061
2026-08-05T05:41:27.545004+02:00;standby;22.5;35.3;5.0;28.0;57.3;57.0;0;0;0;0;16477.22;11280.08;5197.14;32441.061
2026-08-05T05:42:28.079001+02:00;standby;22.5;35.3;5.0;28.0;57.3;57.0;0;0;0;0;16477.22;11280.08;5197.14;32441.061
2026-08-05T05:43:28.734104+02:00;standby;22.5;35.3;5.0;28.0;57.2;57.0;0;0;0;0;16477.22;11280.08;5197.14;32441.061
2026-08-05T05:44:29.244627+02:00;standby;22.5;35.3;5.0;28.0;57.2;57.0;0;0;0;0;16477.22;11280.08;5197.14;32441.061
2026-08-05T05:45:29.665912+02:00;standby;22.5;35.2;5.0;28.0;57.2;57.0;0;0;0;0;16477.22;11280.08;5197.14;32441.061
2026-08-05T05:46:30.154070+02:00;standby;22.5;35.2;5.0;28.0;57.2;57.0;0;0;0;0;16477.22;11280.08;5197.14;32441.061
2026-08-05T05:47:30.606549+02:00;standby;22.5;35.2;5.0;28.0;57.2;57.0;0;0;0;0;16477.22;11280.08;5197.14;32441.061
2026-08-05T05:48:31.022816+02:00;standby;22.5;35.2;5.0;28.0;57.2;57.0;0;0;0;0;16477.22;11280.08;5197.14;32441.061
2026-08-05T05:49:32.190845+02:00;standby;22.5;35.1;5.0;28.0;57.2;57.0;0;0;0;0;16477.22;11280.08;5197.14;32441.061
2026-08-05T05:50:33.179050+02:00;standby;22.5;35.1;5.0;28.0;57.2;57.0;0;0;0;0;16477.22;11280.08;5197.14;32441.061
2026-08-05T05:51:33.912178+02:00;standby;22.5;35.1;5.0;28.0;57.2;57.0;0;0;0;0;16477.22;11280.08;5197.14;32441.061
2026-08-05T05:52:34.428720+02:00;standby;22.5;35.1;5.0;28.0;57.2;57.0;0;0;0;0;16477.22;11280.08;5197.14;32441.061
2026-08-05T05:53:34.883265+02:00;standby;22.5;35.1;5.0;28.0;57.2;57.0;0;0;0;0;16477.22;11280.08;5197.14;32441.061
2026-08-05T05:54:35.466872+02:00;standby;22.5;34.9;5.0;28.0;57.2;57.0;0;0;0;0;16477.22;11280.08;5197.14;32441.061
2026-08-05T05:55:35.935807+02:00;standby;22.5;34.9;5.0;28.0;57.2;57.0;0;0;0;0;16477.22;11280.08;5197.14;32441.061
2026-08-05T05:56:36.397535+02:00;standby;22.5;34.9;5.0;28.0;57.1;57.0;0;0;0;0;16477.22;11280.08;5197.14;32441.061
2026-08-05T05:57:36.834536+02:00;standby;22.5;34.9;5.0;28.0;57.1;57.0;0;0;0;0;16477.22;11280.08;5197.14;32441.061
2026-08-05T05:58:37.393340+02:00;standby;22.5;34.9;5.0;28.0;57.1;57.0;0;0;0;0;16477.22;11280.08;5197.14;32441.061
2026-08-05T05:59:37.830105+02:00;standby;22.5;34.8;5.0;28.0;57.1;57.0;0;0;0;0;16477.22;11280.08;5197.14;32441.061
2026-08-05T06:00:38.275894+02:00;standby;22.5;34.8;5.0;28.0;57.1;57.0;0;0;0;0;16477.22;11280.08;5197.14;32441.061
2026-08-05T06:01:38.799132+02:00;standby;22.5;34.8;5.0;28.0;57.1;57.0;0;0;0;0;16477.22;11280.08;5197.14;32441.061
2026-08-05T06:02:39.416638+02:00;standby;22.5;34.8;5.0;28.0;57.1;57.0;0;0;0;0;16477.22;11280.08;5197.14;32441.061
2026-08-05T06:03:39.836634+02:00;standby;22.5;34.7;5.0;28.0;57.1;57.0;0;0;0;0;16477.22;11280.08;5197.14;32441.061
2026-08-05T06:04:40.393090+02:00;standby;22.5;34.7;5.0;28.0;57.1;57.0;0;0;0;0;16477.22;11280.08;5197.14;32441.061
2026-08-05T06:05:41.085918+02:00;standby;22.5;34.7;5.0;28.0;57.1;57.0;0;0;0;0;16477.22;11280.08;5197.14;32441.061
2026-08-05T06:06:42.317110+02:00;standby;22.5;34.7;5.0;28.0;57.1;57.0;0;0;0;0;16477.22;11280.08;5197.14;32441.061
2026-08-05T06:07:42.994789+02:00;standby;22.5;34.7;5.0;28.0;57.1;57.0;0;0;0;0;16477.22;11280.08;5197.14;32441.061
2026-08-05T06:08:43.455901+02:00;standby;22.5;34.6;5.0;28.0;57.1;57.0;0;0;0;0;16477.22;11280.08;5197.14;32441.061
2026-08-05T06:09:43.971914+02:00;standby;22.5;34.6;5.0;28.0;57.1;57.0;0;0;0;0;16477.22;11280.08;5197.14;32441.061
2026-08-05T06:10:44.405572+02:00;standby;22.5;34.6;5.0;28.0;57.1;57.0;0;0;0;0;16477.22;11280.08;5197.14;32441.061
2026-08-05T06:11:44.971761+02:00;standby;22.2;34.6;5.0;28.0;56.9;57.0;0;0;0;0;16477.22;11280.08;5197.14;32441.061
2026-08-05T06:12:45.531917+02:00;standby;22.2;34.4;5.0;28.0;56.9;57.0;0;0;0;0;16477.22;11280.08;5197.14;32441.061
2026-08-05T06:13:46.046759+02:00;standby;22.2;34.4;5.0;28.0;56.9;57.0;0;0;0;0;16477.22;11280.08;5197.14;32441.061
2026-08-05T06:14:46.573542+02:00;standby;22.2;34.4;5.0;28.0;56.9;57.0;0;0;0;0;16477.22;11280.08;5197.14;32441.061
2026-08-05T06:15:47.146231+02:00;standby;22.2;34.4;5.0;28.0;56.9;57.0;0;0;0;0;16477.22;11280.08;5197.14;32441.061
2026-08-05T06:16:47.706604+02:00;standby;22.2;34.4;5.0;28.0;56.9;57.0;0;0;0;0;16477.22;11280.08;5197.14;32441.061
2026-08-05T06:17:48.397944+02:00;standby;22.2;34.3;5.0;28.0;56.9;57.0;0;0;0;0;16477.22;11280.08;5197.14;32441.061
2026-08-05T06:18:48.864293+02:00;standby;22.2;34.3;5.0;28.0;56.9;57.0;0;0;0;0;16477.22;11280.08;5197.14;32441.061
2026-08-05T06:19:49.286941+02:00;standby;22.2;34.3;5.0;28.0;56.9;57.0;0;0;0;0;16477.22;11280.08;5197.14;32441.061
2026-08-05T06:20:50.358810+02:00;standby;22.2;34.3;5.0;28.0;56.9;57.0;0;0;0;0;16477.22;11280.08;5197.14;32441.061
2026-08-05T06:21:50.889926+02:00;standby;22.2;34.3;5.0;28.0;56.9;57.0;0;0;0;0;16477.22;11280.08;5197.14;32441.061
2026-08-05T06:22:51.347408+02:00;standby;22.2;34.2;5.0;28.0;56.8;57.0;0;0;0;0;16477.22;11280.08;5197.14;32441.061
2026-08-05T06:23:52.009385+02:00;standby;22.2;34.2;5.0;28.0;56.8;57.0;0;0;0;0;16477.22;11280.08;5197.14;32441.061
2026-08-05T06:24:52.595879+02:00;standby;22.2;34.2;5.0;28.0;56.8;57.0;0;0;0;0;16477.22;11280.08;5197.14;32441.061
2026-08-05T06:25:53.108700+02:00;standby;22.2;34.2;5.0;28.0;56.8;57.0;0;0;0;0;16477.22;11280.08;5197.14;32441.061
2026-08-05T06:26:53.529457+02:00;standby;22.2;34.1;5.0;28.0;56.8;57.0;0;0;0;0;16477.22;11280.08;5197.14;32441.061
2026-08-05T06:27:53.988961+02:00;standby;22.2;34.1;5.0;28.0;56.8;57.0;0;0;0;0;16477.22;11280.08;5197.14;32441.061
2026-08-05T06:28:54.451209+02:00;standby;22.2;34.1;5.0;28.0;56.8;57.0;0;0;0;0;16477.22;11280.08;5197.14;32441.061
2026-08-05T06:29:54.881241+02:00;standby;22.2;34.1;5.0;28.0;56.8;57.0;0;0;0;0;16477.22;11280.08;5197.14;32441.061
2026-08-05T06:30:55.413099+02:00;standby;22.2;34.1;5.0;28.0;56.8;57.0;0;0;0;0;16477.22;11280.08;5197.14;32441.061
2026-08-05T06:31:55.863352+02:00;standby;22.2;34.0;5.0;28.0;56.8;57.0;0;0;0;0;16477.22;11280.08;5197.14;32441.061
2026-08-05T06:32:56.337216+02:00;standby;22.2;34.0;5.0;28.0;56.8;57.0;0;0;0;0;16477.22;11280.08;5197.14;32441.061
2026-08-05T06:33:56.972712+02:00;standby;22.2;34.0;5.0;28.0;56.8;57.0;0;0;0;0;16477.22;11280.08;5197.14;32441.061
2026-08-05T06:34:57.476704+02:00;standby;22.2;34.0;5.0;28.0;56.8;57.0;0;0;0;0;16477.22;11280.08;5197.14;32441.061
2026-08-05T06:35:58.398709+02:00;standby;22.2;34.0;5.0;28.0;56.8;57.0;0;0;0;0;16477.22;11280.08;5197.14;32441.061
2026-08-05T06:36:58.872494+02:00;standby;22.2;34.0;5.0;28.0;56.8;57.0;0;0;0;0;16477.22;11280.08;5197.14;32441.061
2026-08-05T06:37:59.483133+02:00;standby;22.2;33.8;5.0;28.0;56.7;57.0;0;0;0;0;16477.22;11280.08;5197.14;32441.061
2026-08-05T06:38:59.904397+02:00;standby;22.2;33.8;5.0;28.0;56.7;57.0;0;0;0;0;16477.22;11280.08;5197.14;32441.061
2026-08-05T06:40:00.375582+02:00;standby;22.2;33.7;5.0;28.0;56.7;57.0;0;0;0;0;16477.22;11280.08;5197.14;32441.061
2026-08-05T06:41:01.108234+02:00;standby;22.2;33.8;5.0;28.0;56.7;57.0;0;0;0;0;16477.22;11280.08;5197.14;32441.061
2026-08-05T06:42:01.571856+02:00;standby;22.2;33.8;5.0;28.0;56.7;57.0;0;0;0;0;16477.22;11280.08;5197.14;32441.061
2026-08-05T06:43:02.139411+02:00;standby;22.2;33.7;5.0;28.0;56.7;57.0;0;0;0;0;16477.22;11280.08;5197.14;32441.061
2026-08-05T06:44:02.673146+02:00;standby;22.2;33.7;5.0;28.0;56.7;57.0;0;0;0;0;16477.22;11280.08;5197.14;32441.061
2026-08-05T06:45:03.178361+02:00;standby;22.2;33.7;5.0;28.0;56.7;57.0;0;0;0;0;16477.22;11280.08;5197.14;32441.061
2026-08-05T06:46:03.592784+02:00;standby;22.2;33.7;5.0;28.0;56.7;57.0;0;0;0;0;16477.22;11280.08;5197.14;32441.061
2026-08-05T06:47:04.073656+02:00;standby;22.2;33.7;5.0;28.0;56.7;57.0;0;0;0;0;16477.22;11280.08;5197.14;32441.061
2026-08-05T06:48:04.529162+02:00;standby;22.2;33.6;5.0;28.0;56.7;57.0;0;0;0;0;16477.22;11280.08;5197.14;32441.061
2026-08-05T06:49:04.987549+02:00;standby;22.2;33.6;5.0;28.0;56.7;57.0;0;0;0;0;16477.22;11280.08;5197.14;32441.061
2026-08-05T06:50:06.800896+02:00;standby;22.2;33.6;5.0;28.0;56.7;57.0;0;0;0;0;16477.22;11280.08;5197.14;32441.061
2026-08-05T06:51:07.276598+02:00;standby;22.2;33.6;5.0;28.0;56.7;57.0;0;0;0;0;16477.22;11280.08;5197.14;32441.061
2026-08-05T06:52:07.733895+02:00;standby;22.2;33.6;5.0;28.0;56.7;57.0;0;0;0;0;16477.22;11280.08;5197.14;32441.061
2026-08-05T06:53:08.212619+02:00;standby;22.2;33.6;5.0;28.0;56.6;57.0;0;0;0;0;16477.22;11280.08;5197.14;32441.061
2026-08-05T06:54:08.716285+02:00;standby;22.2;33.5;5.0;28.0;56.6;57.0;0;0;0;0;16477.22;11280.08;5197.14;32441.061
2026-08-05T06:55:09.536187+02:00;standby;22.2;33.5;5.0;28.0;56.6;57.0;0;0;0;0;16477.22;11280.08;5197.14;32441.061
2026-08-05T06:56:10.012422+02:00;standby;22.2;33.5;5.0;28.0;56.6;57.0;0;0;0;0;16477.22;11280.08;5197.14;32441.061
2026-08-05T06:57:10.486766+02:00;standby;22.2;33.5;5.0;28.0;56.6;57.0;0;0;0;0;16477.22;11280.08;5197.14;32441.061
2026-08-05T06:58:10.991338+02:00;standby;22.2;33.5;5.0;28.0;56.6;57.0;0;0;0;0;16477.22;11280.08;5197.14;32441.061
2026-08-05T06:59:11.416078+02:00;standby;22.2;33.5;5.0;28.0;56.6;57.0;0;0;0;0;16477.22;11280.08;5197.14;32441.061
2026-08-05T07:00:11.897374+02:00;standby;22.2;33.3;5.0;28.0;56.6;57.0;0;0;0;0;16477.22;11280.08;5197.14;32441.061
2026-08-05T07:01:12.770616+02:00;standby;22.2;33.3;5.0;28.0;56.6;57.0;0;0;0;0;16477.22;11280.08;5197.14;32441.061
2026-08-05T07:02:13.485263+02:00;standby;22.2;33.3;5.0;28.0;56.6;57.0;0;0;0;0;16477.22;11280.08;5197.14;32441.061
2026-08-05T07:03:13.916143+02:00;standby;22.2;33.3;5.0;28.0;56.6;57.0;0;0;0;0;16477.22;11280.08;5197.14;32441.061
2026-08-05T07:04:14.375639+02:00;standby;22.2;33.3;5.0;28.0;56.6;57.0;0;0;0;0;16477.22;11280.08;5197.14;32441.061
2026-08-05T07:05:14.841499+02:00;standby;22.2;33.3;5.0;28.0;56.6;57.0;0;0;0;0;16477.22;11280.08;5197.14;32441.061
2026-08-05T07:06:15.273657+02:00;standby;22.2;33.2;5.0;28.0;56.5;57.0;0;0;0;0;16477.22;11280.08;5197.14;32441.061
2026-08-05T07:07:15.686863+02:00;standby;22.2;33.2;5.0;28.0;56.5;57.0;0;0;0;0;16477.22;11280.08;5197.14;32441.061
2026-08-05T07:08:16.142625+02:00;standby;22.2;33.2;5.0;28.0;56.5;57.0;0;0;0;0;16477.22;11280.08;5197.14;32441.061
2026-08-05T07:09:16.871491+02:00;standby;22.2;33.2;5.0;28.0;56.5;57.0;0;0;0;0;16477.22;11280.08;5197.14;32441.061
2026-08-05T07:10:17.344844+02:00;standby;22.2;33.2;5.0;28.0;56.5;57.0;0;0;0;0;16477.22;11280.08;5197.14;32441.061
2026-08-05T07:11:17.800187+02:00;standby;22.2;33.1;5.0;28.0;56.5;57.0;0;0;0;0;16477.22;11280.08;5197.14;32441.061
2026-08-05T07:12:18.282201+02:00;standby;22.5;33.1;5.0;28.0;56.5;57.0;0;0;0;0;16477.22;11280.08;5197.14;32441.061
2026-08-05T07:13:18.745397+02:00;standby;22.5;33.1;5.0;28.0;56.5;57.0;0;0;0;0;16477.22;11280.08;5197.14;32441.061
2026-08-05T07:14:19.253827+02:00;standby;22.5;33.1;5.0;28.0;56.5;57.0;0;0;0;0;16477.22;11280.08;5197.14;32441.061
2026-08-05T07:15:19.695366+02:00;standby;22.5;33.1;5.0;28.0;56.5;57.0;0;0;0;0;16477.22;11280.08;5197.14;32441.061
2026-08-05T07:16:20.151263+02:00;standby;22.5;33.1;5.0;28.0;56.5;57.0;0;0;0;0;16477.22;11280.08;5197.14;32441.061
2026-08-05T07:17:20.612380+02:00;standby;22.5;33.1;5.0;28.0;56.5;57.0;0;0;0;0;16477.22;11280.08;5197.14;32441.061
2026-08-05T07:18:21.136556+02:00;standby;22.5;33.0;5.0;28.0;56.5;57.0;0;0;0;0;16477.22;11280.08;5197.14;32441.061
2026-08-05T07:19:21.598848+02:00;standby;22.5;33.0;5.0;28.0;56.5;57.0;0;0;0;0;16477.22;11280.08;5197.14;32441.061
2026-08-05T07:20:22.167570+02:00;standby;22.5;33.0;5.0;28.0;56.4;57.0;0;0;0;0;16477.22;11280.08;5197.14;32441.061
2026-08-05T07:21:22.800729+02:00;standby;22.5;33.0;5.0;28.0;56.4;57.0;0;0;0;0;16477.22;11280.08;5197.14;32441.061
2026-08-05T07:22:23.437358+02:00;standby;22.5;33.0;5.0;28.0;56.4;57.0;0;0;0;0;16477.22;11280.08;5197.14;32441.061
2026-08-05T07:23:23.933166+02:00;standby;22.5;33.0;5.0;28.0;56.4;57.0;0;0;0;0;16477.22;11280.08;5197.14;32441.061
2026-08-05T07:24:24.407742+02:00;standby;22.5;33.0;5.0;28.0;56.4;57.0;0;0;0;0;16477.22;11280.08;5197.14;32441.061
2026-08-05T07:25:24.890103+02:00;standby;22.5;32.8;5.0;28.0;56.4;57.0;0;0;0;0;16477.22;11280.08;5197.14;32441.061
2026-08-05T07:26:25.332608+02:00;standby;22.5;32.8;5.0;28.0;56.4;57.0;0;0;0;0;16477.22;11280.08;5197.14;32441.061
2026-08-05T07:27:25.762386+02:00;standby;22.5;32.8;5.0;28.0;56.4;57.0;0;0;0;0;16477.22;11280.08;5197.14;32441.061
2026-08-05T07:28:26.522868+02:00;standby;22.5;32.8;5.0;28.0;56.4;57.0;0;0;0;0;16477.22;11280.08;5197.14;32441.061
2026-08-05T07:29:26.984878+02:00;standby;22.5;32.8;5.0;28.0;56.4;57.0;0;0;0;0;16477.22;11280.08;5197.14;32441.061
2026-08-05T07:30:27.486100+02:00;standby;22.5;32.8;5.0;28.0;56.4;57.0;0;0;0;0;16477.22;11280.08;5197.14;32441.061
2026-08-05T07:31:28.104638+02:00;standby;22.5;32.7;5.0;28.0;56.4;57.0;0;0;0;0;16477.22;11280.08;5197.14;32441.061
2026-08-05T07:32:28.551329+02:00;standby;22.5;32.7;5.0;28.0;56.4;57.0;0;0;0;0;16477.22;11280.08;5197.14;32441.061
2026-08-05T07:33:29.169858+02:00;standby;22.5;32.7;5.0;28.0;56.3;57.0;0;0;0;0;16477.22;11280.08;5197.14;32441.061
2026-08-05T07:34:29.631987+02:00;standby;22.5;32.7;5.0;28.0;56.3;57.0;0;0;0;0;16477.22;11280.08;5197.14;32441.061
2026-08-05T07:35:30.287305+02:00;standby;22.5;32.7;5.0;28.0;56.3;57.0;0;0;0;0;16477.22;11280.08;5197.14;32441.061
2026-08-05T07:36:31.198968+02:00;standby;22.5;32.7;5.0;28.0;56.3;57.0;0;0;0;0;16477.22;11280.08;5197.14;32441.061
2026-08-05T07:37:31.705476+02:00;standby;22.5;32.7;5.0;28.0;56.3;57.0;0;0;0;0;16477.22;11280.08;5197.14;32441.061
2026-08-05T07:38:32.394505+02:00;standby;22.5;32.6;5.0;28.0;56.3;57.0;0;0;0;0;16477.22;11280.08;5197.14;32441.061
2026-08-05T07:39:32.846780+02:00;standby;22.5;32.6;5.0;28.0;56.3;57.0;0;0;0;0;16477.22;11280.08;5197.14;32441.061
2026-08-05T07:40:33.323298+02:00;standby;22.5;32.6;5.0;28.0;56.3;57.0;0;0;0;0;16477.22;11280.08;5197.14;32441.061
2026-08-05T07:41:33.798541+02:00;standby;22.5;32.6;5.0;28.0;56.3;57.0;0;0;0;0;16477.22;11280.08;5197.14;32441.061
2026-08-05T07:42:34.261116+02:00;standby;22.5;32.6;5.0;28.0;56.3;57.0;0;0;0;0;16477.22;11280.08;5197.14;32441.061
2026-08-05T07:43:34.688653+02:00;standby;22.5;32.6;5.0;28.0;56.3;57.0;0;0;0;0;16477.22;11280.08;5197.14;32441.061
2026-08-05T07:44:35.098444+02:00;standby;22.5;32.6;5.0;28.0;56.3;57.0;0;0;0;0;16477.22;11280.08;5197.14;32441.061
2026-08-05T07:45:36.018916+02:00;standby;22.5;32.5;5.0;28.0;56.3;57.0;0;0;0;0;16477.22;11280.08;5197.14;32441.061
2026-08-05T07:46:36.538661+02:00;standby;22.5;32.5;5.0;28.0;56.3;57.0;0;0;0;0;16477.22;11280.08;5197.14;32441.061
2026-08-05T07:47:36.965135+02:00;standby;22.5;32.5;5.0;28.0;56.3;57.0;0;0;0;0;16477.22;11280.08;5197.14;32441.061
2026-08-05T07:48:37.431183+02:00;standby;22.5;32.5;5.0;28.0;56.2;57.0;0;0;0;0;16477.22;11280.08;5197.14;32441.061
2026-08-05T07:49:37.896705+02:00;standby;22.5;32.5;5.0;28.0;56.2;57.0;0;0;0;0;16477.22;11280.08;5197.14;32441.061
2026-08-05T07:50:38.319899+02:00;standby;22.5;32.5;5.0;28.0;56.2;57.0;0;0;0;0;16477.22;11280.08;5197.14;32441.061
2026-08-05T07:51:38.946195+02:00;standby;22.5;32.5;5.0;28.0;56.2;57.0;0;0;0;0;16477.22;11280.08;5197.14;32441.061
2026-08-05T07:52:39.561654+02:00;standby;22.5;32.3;5.0;28.0;56.2;57.0;0;0;0;0;16477.22;11280.08;5197.14;32441.061
2026-08-05T07:53:40.334120+02:00;standby;22.5;32.3;5.0;28.0;56.2;57.0;0;0;0;0;16477.22;11280.08;5197.14;32441.061
2026-08-05T07:54:40.800776+02:00;standby;22.5;32.3;5.0;28.0;56.2;57.0;0;0;0;0;16477.22;11280.08;5197.14;32441.061
2026-08-05T07:55:41.493573+02:00;standby;22.5;32.3;5.0;28.0;56.2;57.0;0;0;0;0;16477.22;11280.08;5197.14;32441.061
2026-08-05T07:56:42.092168+02:00;standby;22.5;32.3;5.0;28.0;56.2;57.0;0;0;0;0;16477.22;11280.08;5197.14;32441.061
2026-08-05T07:57:42.662345+02:00;standby;22.5;32.3;5.0;28.0;56.2;57.0;0;0;0;0;16477.22;11280.08;5197.14;32441.061
2026-08-05T07:58:43.227968+02:00;standby;22.5;32.3;5.0;28.0;56.2;57.0;0;0;0;0;16477.22;11280.08;5197.14;32441.061
2026-08-05T07:59:43.644120+02:00;standby;22.5;32.3;5.0;28.0;56.2;57.0;0;0;0;0;16477.22;11280.08;5197.14;32441.061
2026-08-05T08:00:44.337478+02:00;standby;22.5;32.2;5.0;28.0;56.2;57.0;0;0;0;0;16477.22;11280.08;5197.14;32441.061
2026-08-05T08:01:45.028807+02:00;standby;22.5;32.2;5.0;28.0;56.2;57.0;0;0;0;0;16477.22;11280.08;5197.14;32441.061
2026-08-05T08:02:45.676639+02:00;standby;22.5;32.2;5.0;28.0;56.1;57.0;0;0;0;0;16477.22;11280.08;5197.14;32441.061
2026-08-05T08:03:46.268446+02:00;standby;22.5;32.2;5.0;28.0;56.1;57.0;0;0;0;0;16477.22;11280.08;5197.14;32441.061
2026-08-05T08:04:46.964999+02:00;standby;22.5;32.2;5.0;28.0;56.1;57.0;0;0;0;0;16477.22;11280.08;5197.14;32441.061
2026-08-05T08:05:47.584955+02:00;standby;22.5;32.2;5.0;28.0;56.1;57.0;0;0;0;0;16477.22;11280.08;5197.14;32441.061
2026-08-05T08:06:48.304018+02:00;standby;22.5;32.2;5.0;28.0;56.1;57.0;0;0;0;0;16477.22;11280.08;5197.14;32441.061
2026-08-05T08:07:48.728244+02:00;standby;22.5;32.2;5.0;28.0;56.1;57.0;0;0;0;0;16477.22;11280.08;5197.14;32441.061
2026-08-05T08:08:50.227457+02:00;standby;22.5;32.1;5.0;28.0;56.1;57.0;0;0;0;0;16477.22;11280.08;5197.14;32441.061
2026-08-05T08:09:50.684830+02:00;standby;22.5;32.1;5.0;28.0;56.1;57.0;0;0;0;0;16477.22;11280.08;5197.14;32441.061
2026-08-05T08:10:51.203008+02:00;standby;22.5;32.1;5.0;28.0;56.1;57.0;0;0;0;0;16477.22;11280.08;5197.14;32441.061
2026-08-05T08:11:52.096536+02:00;standby;22.5;32.1;5.0;28.0;56.1;57.0;0;0;0;0;16477.22;11280.08;5197.14;32441.061
2026-08-05T08:12:52.610215+02:00;standby;24.4;32.1;5.0;28.0;56.1;57.0;0;0;0;0;16477.22;11280.08;5197.14;32441.061
2026-08-05T08:13:53.066441+02:00;standby;24.4;32.1;5.0;28.0;56.1;57.0;0;0;0;0;16477.22;11280.08;5197.14;32441.061
2026-08-05T08:14:53.541758+02:00;standby;24.4;32.1;5.0;28.0;56.1;57.0;0;0;0;0;16477.22;11280.08;5197.14;32441.061
2026-08-05T08:15:54.342835+02:00;standby;24.4;32.1;5.0;28.0;56.1;57.0;0;0;0;0;16477.22;11280.08;5197.14;32441.061
2026-08-05T08:16:54.791153+02:00;standby;24.4;32.1;5.0;28.0;56.0;57.0;0;0;0;0;16477.22;11280.08;5197.14;32441.061
2026-08-05T08:17:55.349626+02:00;standby;24.4;32.0;5.0;28.0;56.0;57.0;0;0;0;0;16477.22;11280.08;5197.14;32441.061
2026-08-05T08:18:55.933054+02:00;standby;24.4;32.0;5.0;28.0;56.0;57.0;0;0;0;0;16477.22;11280.08;5197.14;32441.061
2026-08-05T08:19:56.650944+02:00;standby;24.4;32.0;5.0;28.0;56.0;57.0;0;0;0;0;16477.22;11280.08;5197.14;32441.061
2026-08-05T08:20:57.316457+02:00;standby;24.4;32.0;5.0;28.0;56.0;57.0;0;0;0;0;16477.22;11280.08;5197.14;32441.061
2026-08-05T08:21:57.870517+02:00;standby;24.4;32.0;5.0;28.0;56.0;57.0;0;0;0;0;16477.22;11280.08;5197.14;32441.061
2026-08-05T08:22:58.976068+02:00;standby;24.4;32.0;5.0;28.0;56.0;57.0;0;0;0;0;16477.22;11280.08;5197.14;32441.061
2026-08-05T08:23:59.484379+02:00;standby;24.4;32.0;5.0;28.0;56.0;57.0;0;0;0;0;16477.22;11280.08;5197.14;32441.061
2026-08-05T08:25:00.110480+02:00;standby;24.4;32.0;5.0;28.0;56.0;57.0;0;0;0;0;16477.22;11280.08;5197.14;32441.061
2026-08-05T08:26:00.624643+02:00;standby;24.4;31.9;5.0;28.0;56.0;57.0;0;0;0;0;16477.22;11280.08;5197.14;32441.061
2026-08-05T08:27:01.040926+02:00;standby;24.4;31.9;5.0;28.0;56.0;57.0;0;0;0;0;16477.22;11280.08;5197.14;32441.061
2026-08-05T08:28:01.673923+02:00;standby;24.4;31.9;5.0;28.0;56.0;57.0;0;0;0;0;16477.22;11280.08;5197.14;32441.061
2026-08-05T08:29:02.733442+02:00;standby;24.4;31.9;5.0;28.0;56.0;57.0;0;0;0;0;16477.22;11280.08;5197.14;32441.061
2026-08-05T08:30:03.275835+02:00;standby;24.4;31.9;5.0;28.0;56.0;57.0;0;0;0;0;16477.22;11280.08;5197.14;32441.061
2026-08-05T08:31:03.693027+02:00;standby;24.4;31.9;5.0;28.0;56.0;57.0;0;0;0;0;16477.22;11280.08;5197.14;32441.061
2026-08-05T08:32:04.196439+02:00;standby;24.4;31.9;5.0;28.0;55.9;57.0;0;0;0;0;16477.22;11280.08;5197.14;32441.061
2026-08-05T08:33:04.626386+02:00;standby;24.4;31.9;5.0;28.0;55.9;57.0;0;0;0;0;16477.22;11280.08;5197.14;32441.061
2026-08-05T08:34:05.210563+02:00;standby;24.4;31.9;5.0;28.0;55.9;57.0;0;0;0;0;16477.22;11280.08;5197.14;32441.061
2026-08-05T08:35:05.734418+02:00;standby;24.4;31.7;5.0;28.0;55.9;57.0;0;0;0;0;16477.22;11280.08;5197.14;32441.061
2026-08-05T08:36:06.370879+02:00;standby;24.4;31.7;5.0;28.0;55.9;57.0;0;0;0;0;16477.22;11280.08;5197.14;32441.061
2026-08-05T08:37:06.815445+02:00;standby;24.4;31.7;5.0;28.0;55.9;57.0;0;0;0;0;16477.22;11280.08;5197.14;32441.061
2026-08-05T08:38:07.331320+02:00;standby;24.4;31.7;5.0;28.0;55.9;57.0;0;0;0;0;16477.22;11280.08;5197.14;32441.061
2026-08-05T08:39:07.786453+02:00;standby;24.4;31.7;5.0;28.0;55.9;57.0;0;0;0;0;16477.22;11280.08;5197.14;32441.061
2026-08-05T08:40:08.412390+02:00;standby;24.4;31.7;5.0;28.0;55.9;57.0;0;0;0;0;16477.22;11280.08;5197.14;32441.061
2026-08-05T08:41:08.895176+02:00;standby;24.4;31.7;5.0;28.0;55.9;57.0;0;0;0;0;16477.22;11280.08;5197.14;32441.061
2026-08-05T08:42:09.362768+02:00;standby;24.4;31.7;5.0;28.0;55.9;57.0;0;0;0;0;16477.22;11280.08;5197.14;32441.061
2026-08-05T08:43:09.824290+02:00;standby;24.4;31.7;5.0;28.0;55.9;57.0;0;0;0;0;16477.22;11280.08;5197.14;32441.061
2026-08-05T08:44:10.524950+02:00;standby;24.4;31.6;5.0;28.0;55.9;57.0;0;0;0;0;16477.22;11280.08;5197.14;32441.061
2026-08-05T08:45:11.011875+02:00;standby;24.4;31.6;5.0;28.0;55.9;57.0;0;0;0;0;16477.22;11280.08;5197.14;32441.061
2026-08-05T08:46:11.796806+02:00;standby;24.4;31.6;5.0;28.0;55.8;57.0;0;0;0;0;16477.22;11280.08;5197.14;32441.061
2026-08-05T08:47:12.289249+02:00;standby;24.4;31.6;5.0;28.0;55.8;57.0;0;0;0;0;16477.22;11280.08;5197.14;32441.061
2026-08-05T08:48:12.729422+02:00;standby;24.4;31.6;5.0;28.0;55.8;57.0;0;0;0;0;16477.22;11280.08;5197.14;32441.061
2026-08-05T08:49:13.146266+02:00;standby;24.4;31.6;5.0;28.0;55.8;57.0;0;0;0;0;16477.22;11280.08;5197.14;32441.061
2026-08-05T08:50:13.561005+02:00;standby;24.4;31.6;5.0;28.0;55.8;57.0;0;0;0;0;16477.22;11280.08;5197.14;32441.061
2026-08-05T08:51:14.014934+02:00;standby;24.4;31.6;5.0;28.0;55.8;57.0;0;0;0;0;16477.22;11280.08;5197.14;32441.061
2026-08-05T08:52:14.497423+02:00;standby;24.4;31.6;5.0;28.0;55.8;57.0;0;0;0;0;16477.22;11280.08;5197.14;32441.061
2026-08-05T08:53:14.950983+02:00;standby;24.4;31.6;5.0;28.0;55.8;57.0;0;0;0;0;16477.22;11280.08;5197.14;32441.061
2026-08-05T08:54:15.436592+02:00;standby;24.4;31.5;5.0;28.0;55.8;57.0;0;0;0;0;16477.22;11280.08;5197.14;32441.061
2026-08-05T08:55:15.896631+02:00;standby;24.4;31.5;5.0;28.0;55.8;57.0;0;0;0;0;16477.22;11280.08;5197.14;32441.061
2026-08-05T08:56:16.405160+02:00;standby;24.4;31.5;5.0;28.0;55.8;57.0;0;0;0;0;16477.22;11280.08;5197.14;32441.061
2026-08-05T08:57:17.031317+02:00;standby;24.4;31.5;5.0;28.0;55.8;57.0;0;0;0;0;16477.22;11280.08;5197.14;32441.061
2026-08-05T08:58:17.962474+02:00;standby;24.4;31.5;5.0;28.0;55.7;57.0;0;0;0;0;16477.22;11280.08;5197.14;32441.061
2026-08-05T08:59:18.797223+02:00;standby;24.4;31.5;5.0;28.0;55.7;57.0;0;0;0;0;16477.22;11280.08;5197.14;32441.061
2026-08-05T09:00:19.272059+02:00;standby;24.4;31.5;5.0;28.0;55.7;57.0;0;0;0;0;16477.22;11280.08;5197.14;32441.061
2026-08-05T09:01:19.742632+02:00;standby;24.4;31.5;5.0;28.0;55.7;57.0;0;0;0;0;16477.22;11280.08;5197.14;32441.061
2026-08-05T09:02:20.659967+02:00;standby;24.4;31.5;5.0;28.0;55.7;57.0;0;0;0;0;16477.22;11280.08;5197.14;32441.061
2026-08-05T09:03:21.163475+02:00;standby;24.4;31.4;5.0;28.0;55.7;57.0;0;0;0;0;16477.22;11280.08;5197.14;32441.061
2026-08-05T09:04:21.899736+02:00;standby;24.4;31.4;5.0;28.0;55.7;57.0;0;0;0;0;16477.22;11280.08;5197.14;32441.061
2026-08-05T09:05:22.361272+02:00;standby;24.4;31.4;5.0;28.0;55.7;57.0;0;0;0;0;16477.22;11280.08;5197.14;32441.061
2026-08-05T09:06:23.044878+02:00;standby;24.4;31.4;5.0;28.0;55.7;57.0;0;0;0;0;16477.22;11280.08;5197.14;32441.061
2026-08-05T09:07:23.520478+02:00;standby;24.4;31.4;5.0;28.0;55.7;57.0;0;0;0;0;16477.22;11280.08;5197.14;32441.061
2026-08-05T09:08:23.935730+02:00;standby;24.4;31.4;5.0;28.0;55.7;57.0;0;0;0;0;16477.22;11280.08;5197.14;32441.061
2026-08-05T09:09:24.540913+02:00;standby;24.4;31.4;5.0;28.0;55.7;57.0;0;0;0;0;16477.22;11280.08;5197.14;32441.061
2026-08-05T09:10:25.333271+02:00;standby;24.4;31.4;5.0;28.0;55.7;57.0;0;0;0;0;16477.22;11280.08;5197.14;32441.061
2026-08-05T09:11:26.053282+02:00;standby;24.4;31.4;5.0;28.0;55.7;57.0;0;0;0;0;16477.22;11280.08;5197.14;32441.061
2026-08-05T09:12:26.667879+02:00;standby;24.4;31.4;5.0;28.0;55.6;57.0;0;0;0;0;16477.22;11280.08;5197.14;32441.061
2026-08-05T09:13:27.594529+02:00;standby;25.6;31.4;5.0;28.0;55.6;57.0;0;0;0;0;16477.22;11280.08;5197.14;32441.061
2026-08-05T09:14:28.232847+02:00;standby;25.6;31.4;5.0;28.0;55.6;57.0;0;0;0;0;16477.22;11280.08;5197.14;32441.061
2026-08-05T09:15:28.827116+02:00;standby;25.6;31.2;5.0;28.0;55.6;57.0;0;0;0;0;16477.22;11280.08;5197.14;32441.061
2026-08-05T09:16:29.257593+02:00;standby;25.6;31.2;5.0;28.0;55.6;57.0;0;0;0;0;16477.22;11280.08;5197.14;32441.061
2026-08-05T09:17:29.977713+02:00;standby;25.6;31.2;5.0;28.0;55.6;57.0;0;0;0;0;16477.22;11280.08;5197.14;32441.061
2026-08-05T09:18:30.493023+02:00;standby;25.6;31.2;5.0;28.0;55.6;57.0;0;0;0;0;16477.22;11280.08;5197.14;32441.061
2026-08-05T09:19:31.252399+02:00;standby;25.6;31.2;5.0;28.0;55.6;57.0;0;0;0;0;16477.22;11280.08;5197.14;32441.061
2026-08-05T09:20:31.843111+02:00;standby;25.6;31.2;5.0;28.0;55.6;57.0;0;0;0;0;16477.22;11280.08;5197.14;32441.061
2026-08-05T09:21:32.307608+02:00;standby;25.6;31.2;5.0;28.0;55.6;57.0;0;0;0;0;16477.22;11280.08;5197.14;32441.061
2026-08-05T09:22:32.980877+02:00;standby;25.6;31.2;5.0;28.0;55.6;57.0;0;0;0;0;16477.22;11280.08;5197.14;32441.061
2026-08-05T09:23:33.553987+02:00;standby;25.6;31.2;5.0;28.0;55.6;57.0;0;0;0;0;16477.22;11280.08;5197.14;32441.061
2026-08-05T09:24:34.040061+02:00;standby;25.6;31.2;5.0;28.0;55.6;57.0;0;0;0;0;16477.22;11280.08;5197.14;32441.061
2026-08-05T09:25:34.584610+02:00;standby;25.6;31.1;5.0;28.0;55.5;57.0;0;0;0;0;16477.22;11280.08;5197.14;32441.061
2026-08-05T09:26:35.601486+02:00;standby;25.6;31.1;5.0;28.0;55.5;57.0;0;0;0;0;16477.22;11280.08;5197.14;32441.061
2026-08-05T09:27:36.309084+02:00;standby;25.6;31.1;5.0;28.0;55.5;57.0;0;0;0;0;16477.22;11280.08;5197.14;32441.061
2026-08-05T09:28:37.159065+02:00;standby;25.6;31.1;5.0;28.0;55.5;57.0;0;0;0;0;16477.22;11280.08;5197.14;32441.061
2026-08-05T09:29:37.640370+02:00;standby;25.6;31.1;5.0;28.0;55.5;57.0;0;0;0;0;16477.22;11280.08;5197.14;32441.061
2026-08-05T09:30:38.791959+02:00;standby;25.6;31.1;5.0;28.0;55.5;57.0;0;0;0;0;16477.22;11280.08;5197.14;32441.061
2026-08-05T09:31:39.299095+02:00;standby;25.6;31.1;5.0;28.0;55.5;57.0;0;0;0;0;16477.22;11280.08;5197.14;32441.061
2026-08-05T09:32:39.817052+02:00;standby;25.6;31.1;5.0;28.0;55.5;57.0;0;0;0;0;16477.22;11280.08;5197.14;32441.061
2026-08-05T09:33:40.335838+02:00;standby;25.6;31.1;5.0;28.0;55.5;57.0;0;0;0;0;16477.22;11280.08;5197.14;32441.061
2026-08-05T09:34:40.850332+02:00;standby;25.6;31.1;5.0;28.0;55.5;57.0;0;0;0;0;16477.22;11280.08;5197.14;32441.061
2026-08-05T09:35:41.371264+02:00;standby;25.6;31.1;5.0;28.0;55.5;57.0;0;0;0;0;16477.22;11280.08;5197.14;32441.061
2026-08-05T09:36:41.903735+02:00;standby;25.6;31.1;5.0;28.0;55.5;57.0;0;0;0;0;16477.22;11280.08;5197.14;32441.061
2026-08-05T09:37:42.620542+02:00;standby;25.6;31.1;5.0;28.0;55.5;57.0;0;0;0;0;16477.22;11280.08;5197.14;32441.061
2026-08-05T09:38:43.350414+02:00;standby;25.6;31.1;5.0;28.0;55.4;57.0;0;0;0;0;16477.22;11280.08;5197.14;32441.061
2026-08-05T09:39:43.856965+02:00;standby;25.6;31.0;5.0;28.0;55.4;57.0;0;0;0;0;16477.22;11280.08;5197.14;32441.061
2026-08-05T09:40:44.345980+02:00;standby;25.6;31.0;5.0;28.0;55.4;57.0;0;0;0;0;16477.22;11280.08;5197.14;32441.061
2026-08-05T09:41:45.000179+02:00;standby;25.6;31.0;5.0;28.0;55.4;57.0;0;0;0;0;16477.22;11280.08;5197.14;32441.061
2026-08-05T09:42:45.526630+02:00;standby;25.6;31.0;5.0;28.0;55.4;57.0;0;0;0;0;16477.22;11280.08;5197.14;32441.061
2026-08-05T09:43:46.285556+02:00;standby;25.6;31.0;5.0;28.0;55.4;57.0;0;0;0;0;16477.22;11280.08;5197.14;32441.061
2026-08-05T09:44:46.872894+02:00;standby;25.6;31.0;5.0;28.0;55.4;57.0;0;0;0;0;16477.22;11280.08;5197.14;32441.061
2026-08-05T09:45:47.503261+02:00;standby;25.6;31.0;5.0;28.0;55.4;57.0;0;0;0;0;16477.22;11280.08;5197.14;32441.061
2026-08-05T09:46:48.123434+02:00;standby;25.6;31.0;5.0;28.0;55.4;57.0;0;0;0;0;16477.22;11280.08;5197.14;32441.061
2026-08-05T09:47:48.838187+02:00;standby;25.6;31.0;5.0;28.0;55.4;57.0;0;0;0;0;16477.22;11280.08;5197.14;32441.061
2026-08-05T09:48:49.573630+02:00;standby;25.6;31.0;5.0;28.0;55.4;57.0;0;0;0;0;16477.22;11280.08;5197.14;32441.061
2026-08-05T09:49:50.109209+02:00;standby;25.6;31.0;5.0;28.0;55.3;57.0;0;0;0;0;16477.22;11280.08;5197.14;32441.061
2026-08-05T09:50:50.703470+02:00;standby;25.6;31.0;5.0;28.0;55.3;57.0;0;0;0;0;16477.22;11280.08;5197.14;32441.061
2026-08-05T09:51:51.530138+02:00;standby;25.6;31.0;5.0;28.0;55.3;57.0;0;0;0;0;16477.22;11280.08;5197.14;32441.061
2026-08-05T09:52:52.255574+02:00;standby;25.6;31.0;5.0;28.0;55.3;57.0;0;0;0;0;16477.22;11280.08;5197.14;32441.061
2026-08-05T09:53:52.985201+02:00;standby;25.6;30.9;5.0;28.0;55.3;57.0;0;0;0;0;16477.22;11280.08;5197.14;32441.061
2026-08-05T09:54:53.610697+02:00;standby;25.6;30.9;5.0;28.0;55.3;57.0;0;0;0;0;16477.22;11280.08;5197.14;32441.061
2026-08-05T09:55:54.137369+02:00;standby;25.6;30.9;5.0;28.0;55.3;57.0;0;0;0;0;16477.22;11280.08;5197.14;32441.061
2026-08-05T09:56:54.640597+02:00;standby;25.6;30.9;5.0;28.0;55.3;57.0;0;0;0;0;16477.22;11280.08;5197.14;32441.061
2026-08-05T09:57:55.174802+02:00;standby;25.6;30.9;5.0;28.0;55.3;57.0;0;0;0;0;16477.22;11280.08;5197.14;32441.061
2026-08-05T09:58:55.796744+02:00;standby;25.6;30.9;5.0;28.0;55.3;57.0;0;0;0;0;16477.22;11280.08;5197.14;32441.061
2026-08-05T09:59:56.420340+02:00;standby;25.6;30.9;5.0;28.0;55.2;57.0;0;0;0;0;16477.22;11280.08;5197.14;32441.061
2026-08-05T10:00:57.026076+02:00;standby;25.6;30.9;5.0;28.0;55.2;57.0;0;0;0;0;16477.22;11280.08;5197.14;32441.061
2026-08-05T10:01:57.742465+02:00;standby;25.6;30.9;5.0;28.0;55.2;57.0;0;0;0;0;16477.22;11280.08;5197.14;32441.061
2026-08-05T10:02:58.688934+02:00;standby;25.6;30.9;5.0;28.0;55.2;57.0;0;0;0;0;16477.22;11280.08;5197.14;32441.061
2026-08-05T10:03:59.236543+02:00;standby;25.6;30.9;5.0;28.0;55.2;57.0;0;0;0;0;16477.22;11280.08;5197.14;32441.061
2026-08-05T10:04:59.713053+02:00;standby;25.6;30.9;5.0;28.0;55.2;57.0;0;0;0;0;16477.22;11280.08;5197.14;32441.061
2026-08-05T10:06:00.327934+02:00;standby;25.6;30.7;5.0;28.0;55.2;57.0;0;0;0;0;16477.22;11280.08;5197.14;32441.061
2026-08-05T10:07:00.846581+02:00;standby;25.6;30.9;5.0;28.0;55.2;57.0;0;0;0;0;16477.22;11280.08;5197.14;32441.061
2026-08-05T10:08:01.376867+02:00;standby;25.6;30.7;5.0;28.0;55.2;57.0;0;0;0;0;16477.22;11280.08;5197.14;32441.061
2026-08-05T10:09:02.041810+02:00;standby;25.6;30.7;5.0;28.0;55.2;57.0;0;0;0;0;16477.22;11280.08;5197.14;32441.061
2026-08-05T10:10:02.555276+02:00;standby;25.6;30.7;5.0;28.0;55.1;57.0;0;0;0;0;16477.22;11280.08;5197.14;32441.061
2026-08-05T10:11:03.094893+02:00;standby;25.6;30.7;5.0;28.0;55.1;57.0;0;0;0;0;16477.22;11280.08;5197.14;32441.061
2026-08-05T10:12:03.691064+02:00;standby;25.6;30.7;5.0;28.0;55.1;57.0;0;0;0;0;16477.22;11280.08;5197.14;32441.061
2026-08-05T10:13:04.123165+02:00;standby;25.6;30.7;5.0;28.0;55.1;57.0;0;0;0;0;16477.22;11280.08;5197.14;32441.061
2026-08-05T10:14:04.707173+02:00;standby;26.5;30.7;5.0;28.0;55.1;57.0;0;0;0;0;16477.22;11280.08;5197.14;32441.061
2026-08-05T10:15:05.352783+02:00;standby;26.5;30.7;5.0;28.0;55.1;57.0;0;0;0;0;16477.22;11280.08;5197.14;32441.061
2026-08-05T10:16:05.836448+02:00;standby;26.5;30.7;5.0;28.0;55.1;57.0;0;0;0;0;16477.22;11280.08;5197.14;32441.061
2026-08-05T10:17:06.404527+02:00;standby;26.5;30.7;5.0;28.0;55.1;57.0;0;0;0;0;16477.22;11280.08;5197.14;32441.061
2026-08-05T10:18:06.875185+02:00;standby;26.5;30.7;5.0;28.0;55.1;57.0;0;0;0;0;16477.22;11280.08;5197.14;32441.061
2026-08-05T10:19:07.390413+02:00;standby;26.5;30.7;5.0;28.0;55.1;57.0;0;0;0;0;16477.22;11280.08;5197.14;32441.061
2026-08-05T10:20:07.905856+02:00;standby;26.5;30.7;5.0;28.0;55.1;57.0;0;0;0;0;16477.22;11280.08;5197.14;32441.061
2026-08-05T10:21:08.429600+02:00;standby;26.5;30.6;5.0;28.0;55.1;57.0;0;0;0;0;16477.22;11280.08;5197.14;32441.061
2026-08-05T10:22:09.062003+02:00;standby;26.5;30.6;5.0;28.0;55.1;57.0;0;0;0;0;16477.22;11280.08;5197.14;32441.061
2026-08-05T10:23:09.634345+02:00;standby;26.5;30.6;5.0;28.0;54.9;57.0;0;0;0;0;16477.22;11280.08;5197.14;32441.061
2026-08-05T10:24:10.109422+02:00;standby;26.5;30.6;5.0;28.0;54.9;57.0;0;0;0;0;16477.22;11280.08;5197.14;32441.061
2026-08-05T10:25:10.964366+02:00;standby;26.5;30.6;5.0;28.0;54.9;57.0;0;0;0;0;16477.22;11280.08;5197.14;32441.061
2026-08-05T10:26:11.430164+02:00;standby;26.5;30.6;5.0;28.0;54.9;57.0;0;0;0;0;16477.22;11280.08;5197.14;32441.061
2026-08-05T10:27:11.963816+02:00;standby;26.5;30.6;5.0;28.0;54.9;57.0;0;0;0;0;16477.22;11280.08;5197.14;32441.061
2026-08-05T10:28:12.536775+02:00;standby;26.5;30.6;5.0;28.0;54.9;57.0;0;0;0;0;16477.22;11280.08;5197.14;32441.061
2026-08-05T10:29:12.991300+02:00;standby;26.5;30.6;5.0;28.0;54.9;57.0;0;0;0;0;16477.22;11280.08;5197.14;32441.061
2026-08-05T10:30:13.513215+02:00;standby;26.5;30.6;5.0;28.0;54.9;57.0;0;0;0;0;16477.22;11280.08;5197.14;32441.061
2026-08-05T10:31:14.027238+02:00;standby;26.5;30.6;5.0;28.0;54.9;57.0;0;0;0;0;16477.22;11280.08;5197.14;32441.061
2026-08-05T10:32:14.543077+02:00;standby;26.5;30.6;5.0;28.0;54.9;57.0;0;0;0;0;16477.22;11280.08;5197.14;32441.061
2026-08-05T10:33:15.007711+02:00;standby;26.5;30.6;5.0;28.0;54.9;57.0;0;0;0;0;16477.22;11280.08;5197.14;32441.061
2026-08-05T10:34:15.488358+02:00;standby;26.5;30.6;5.0;28.0;54.9;57.0;0;0;0;0;16477.22;11280.08;5197.14;32441.061
2026-08-05T10:35:16.003519+02:00;standby;26.5;30.6;5.0;28.0;54.8;57.0;0;0;0;0;16477.22;11280.08;5197.14;32441.061
2026-08-05T10:36:16.529271+02:00;standby;26.5;30.6;5.0;28.0;54.8;57.0;0;0;0;0;16477.22;11280.08;5197.14;32441.061
2026-08-05T10:37:17.043797+02:00;standby;26.5;30.5;5.0;28.0;54.8;57.0;0;0;0;0;16477.22;11280.08;5197.14;32441.061
2026-08-05T10:38:17.666911+02:00;standby;26.5;30.5;5.0;28.0;54.8;57.0;0;0;0;0;16477.22;11280.08;5197.14;32441.061
2026-08-05T10:39:18.706142+02:00;standby;26.5;30.5;5.0;28.0;54.8;57.0;0;0;0;0;16477.22;11280.08;5197.14;32441.061
2026-08-05T10:40:19.336836+02:00;standby;26.5;30.5;5.0;28.0;54.8;57.0;0;0;0;0;16477.22;11280.08;5197.14;32441.061
2026-08-05T10:41:19.829939+02:00;standby;26.5;30.5;5.0;28.0;54.8;57.0;0;0;0;0;16477.22;11280.08;5197.14;32441.061
2026-08-05T10:42:20.362057+02:00;standby;26.5;30.5;5.0;28.0;54.8;57.0;0;0;0;0;16477.22;11280.08;5197.14;32441.061
2026-08-05T10:43:21.095900+02:00;standby;26.5;30.5;5.0;28.0;54.8;57.0;0;0;0;0;16477.22;11280.08;5197.14;32441.061
2026-08-05T10:44:21.602311+02:00;standby;26.5;30.5;5.0;28.0;54.8;57.0;0;0;0;0;16477.22;11280.08;5197.14;32441.061
2026-08-05T10:45:22.170792+02:00;standby;26.5;30.5;5.0;28.0;54.7;57.0;0;0;0;0;16477.22;11280.08;5197.14;32441.061
2026-08-05T10:46:22.875069+02:00;standby;26.5;30.5;5.0;28.0;54.7;57.0;0;0;0;0;16477.22;11280.08;5197.14;32441.061
2026-08-05T10:47:23.363406+02:00;standby;26.5;30.5;5.0;28.0;54.7;57.0;0;0;0;0;16477.22;11280.08;5197.14;32441.061
2026-08-05T10:48:23.849796+02:00;standby;26.5;30.5;5.0;28.0;54.7;57.0;0;0;0;0;16477.22;11280.08;5197.14;32441.061
2026-08-05T10:49:24.418116+02:00;standby;26.5;30.5;5.0;28.0;54.6;57.0;0;0;0;0;16477.22;11280.08;5197.14;32441.061
2026-08-05T10:50:24.926413+02:00;standby;26.5;30.5;5.0;28.0;54.5;57.0;0;0;0;0;16477.22;11280.08;5197.14;32441.061
2026-08-05T10:51:25.489071+02:00;standby;26.5;30.5;5.0;28.0;54.5;57.0;0;0;0;0;16477.22;11280.08;5197.14;32441.061
2026-08-05T10:52:26.019195+02:00;standby;26.5;30.5;5.0;28.0;54.5;57.0;0;0;0;0;16477.22;11280.08;5197.14;32441.061
2026-08-05T10:53:26.576167+02:00;standby;26.5;30.5;5.0;28.0;54.5;57.0;0;0;0;0;16477.22;11280.08;5197.14;32441.061
2026-08-05T10:54:27.105187+02:00;standby;26.5;30.4;5.0;28.0;54.5;57.0;0;0;0;0;16477.22;11280.08;5197.14;32441.061
2026-08-05T10:55:27.574195+02:00;standby;26.5;30.4;5.0;28.0;54.4;57.0;0;0;0;0;16477.22;11280.08;5197.14;32441.061
2026-08-05T10:56:28.043134+02:00;standby;26.5;30.4;5.0;28.0;54.4;57.0;0;0;0;0;16477.22;11280.08;5197.14;32441.061
2026-08-05T10:57:28.668028+02:00;standby;26.5;30.4;5.0;28.0;54.4;57.0;0;0;0;0;16477.22;11280.08;5197.14;32441.061
2026-08-05T10:58:29.185275+02:00;standby;26.5;30.4;5.0;28.0;54.4;57.0;0;0;0;0;16477.22;11280.08;5197.14;32441.061
2026-08-05T10:59:29.696560+02:00;standby;26.5;30.4;5.0;28.0;54.4;57.0;0;0;0;0;16477.22;11280.08;5197.14;32441.061
2026-08-05T11:00:30.665877+02:00;standby;26.5;30.4;5.0;28.0;54.4;57.0;0;0;0;0;16477.22;11280.08;5197.14;32441.061
2026-08-05T11:01:31.155379+02:00;standby;26.5;30.4;5.0;28.0;54.4;57.0;0;0;0;0;16477.22;11280.08;5197.14;32441.061
2026-08-05T11:02:31.671618+02:00;standby;26.5;30.4;5.0;28.0;54.4;57.0;0;0;0;0;16477.22;11280.08;5197.14;32441.061
2026-08-05T11:03:32.137751+02:00;standby;26.5;30.4;5.0;28.0;54.4;57.0;0;0;0;0;16477.22;11280.08;5197.14;32441.061
2026-08-05T11:04:32.591656+02:00;standby;26.5;30.4;5.0;28.0;54.4;57.0;0;0;0;0;16477.22;11280.08;5197.14;32441.061
2026-08-05T11:05:33.236434+02:00;standby;26.5;30.4;5.0;28.0;54.4;57.0;0;0;0;0;16477.22;11280.08;5197.14;32441.061
2026-08-05T11:06:33.727873+02:00;standby;26.5;30.4;5.0;28.0;54.3;57.0;0;0;0;0;16477.22;11280.08;5197.14;32441.061
2026-08-05T11:07:34.262945+02:00;standby;26.5;30.4;5.0;28.0;54.3;57.0;0;0;0;0;16477.22;11280.08;5197.14;32441.061
2026-08-05T11:08:34.772212+02:00;standby;26.5;30.4;5.0;28.0;54.3;57.0;0;0;0;0;16477.22;11280.08;5197.14;32441.061
2026-08-05T11:09:35.226190+02:00;standby;26.5;30.4;5.0;28.0;54.3;57.0;0;0;0;0;16477.22;11280.08;5197.14;32441.061
2026-08-05T11:10:35.716179+02:00;standby;26.5;30.4;5.0;28.0;54.3;57.0;0;0;0;0;16477.22;11280.08;5197.14;32441.061
2026-08-05T11:11:36.347103+02:00;standby;26.5;30.4;5.0;28.0;54.3;57.0;0;0;0;0;16477.22;11280.08;5197.14;32441.061
2026-08-05T11:12:36.876058+02:00;standby;26.5;30.4;5.0;28.0;54.3;57.0;0;0;0;0;16477.22;11280.08;5197.14;32441.061
2026-08-05T11:13:37.480746+02:00;standby;26.5;30.4;5.0;28.0;54.3;57.0;0;0;0;0;16477.22;11280.08;5197.14;32441.061
2026-08-05T11:14:37.947294+02:00;standby;27.0;30.2;5.0;28.0;54.3;57.0;0;0;0;0;16477.22;11280.08;5197.14;32441.061
2026-08-05T11:15:38.414954+02:00;standby;27.0;30.2;5.0;28.0;54.3;57.0;0;0;0;0;16477.22;11280.08;5197.14;32441.061
2026-08-05T11:16:38.961578+02:00;standby;27.0;30.2;5.0;28.0;54.3;57.0;0;0;0;0;16477.22;11280.08;5197.14;32441.061
2026-08-05T11:17:39.571440+02:00;standby;27.0;30.2;5.0;28.0;54.3;57.0;0;0;0;0;16477.22;11280.08;5197.14;32441.061
2026-08-05T11:18:40.082955+02:00;standby;27.0;30.2;5.0;28.0;54.3;57.0;0;0;0;0;16477.22;11280.08;5197.14;32441.061
2026-08-05T11:19:40.840765+02:00;standby;27.0;30.2;5.0;28.0;54.3;57.0;0;0;0;0;16477.22;11280.08;5197.14;32441.061
2026-08-05T11:20:41.422003+02:00;standby;27.0;30.2;5.0;28.0;54.2;57.0;0;0;0;0;16477.22;11280.08;5197.14;32441.061
2026-08-05T11:21:41.950904+02:00;standby;27.0;30.2;5.0;28.0;54.2;57.0;0;0;0;0;16477.22;11280.08;5197.14;32441.061
2026-08-05T11:22:42.671956+02:00;standby;27.0;30.2;5.0;28.0;54.2;57.0;0;0;0;0;16477.22;11280.08;5197.14;32441.061
2026-08-05T11:23:43.592146+02:00;standby;27.0;30.2;5.0;28.0;54.2;57.0;0;0;0;0;16477.22;11280.08;5197.14;32441.061
2026-08-05T11:24:44.114396+02:00;standby;27.0;30.2;5.0;28.0;54.2;57.0;0;0;0;0;16477.22;11280.08;5197.14;32441.061
2026-08-05T11:25:44.625553+02:00;standby;27.0;30.2;5.0;28.0;54.2;57.0;0;0;0;0;16477.22;11280.08;5197.14;32441.061
2026-08-05T11:26:45.180625+02:00;standby;27.0;30.2;5.0;28.0;54.2;57.0;0;0;0;0;16477.22;11280.08;5197.14;32441.061
2026-08-05T11:27:45.730312+02:00;standby;27.0;30.2;5.0;28.0;54.1;57.0;0;0;0;0;16477.22;11280.08;5197.14;32441.061
2026-08-05T11:28:46.403625+02:00;standby;27.0;30.2;5.0;28.0;54.1;57.0;0;0;0;0;16477.22;11280.08;5197.14;32441.061
2026-08-05T11:29:47.121819+02:00;standby;27.0;30.2;5.0;28.0;54.1;57.0;0;0;0;0;16477.22;11280.08;5197.14;32441.061
2026-08-05T11:30:47.747357+02:00;standby;27.0;30.2;5.0;28.0;54.1;57.0;0;0;0;0;16477.22;11280.08;5197.14;32441.061
2026-08-05T11:31:48.472389+02:00;standby;27.0;30.2;5.0;28.0;54.1;57.0;0;0;0;0;16477.22;11280.08;5197.14;32441.061
2026-08-05T11:32:49.088624+02:00;standby;27.0;30.2;5.0;28.0;54.1;57.0;0;0;0;0;16477.22;11280.08;5197.14;32441.061
2026-08-05T11:33:49.835729+02:00;standby;27.0;30.2;5.0;28.0;54.1;57.0;0;0;0;0;16477.22;11280.08;5197.14;32441.061
2026-08-05T11:34:50.560622+02:00;standby;27.0;30.1;5.0;28.0;54.1;57.0;0;0;0;0;16477.22;11280.08;5197.14;32441.061
2026-08-05T11:35:51.153046+02:00;standby;27.0;30.1;5.0;28.0;54.1;57.0;0;0;0;0;16477.22;11280.08;5197.14;32441.061
2026-08-05T11:36:51.669767+02:00;standby;27.0;30.1;5.0;28.0;54.1;57.0;0;0;0;0;16477.22;11280.08;5197.14;32441.061
2026-08-05T11:37:52.112616+02:00;standby;27.0;30.1;5.0;28.0;54.0;57.0;0;0;0;0;16477.22;11280.08;5197.14;32441.061
2026-08-05T11:38:52.775611+02:00;standby;27.0;30.1;5.0;28.0;54.0;57.0;0;0;0;0;16477.22;11280.08;5197.14;32441.061
2026-08-05T11:39:53.448376+02:00;standby;27.0;30.1;5.0;28.0;54.0;57.0;0;0;0;0;16477.22;11280.08;5197.14;32441.061
2026-08-05T11:40:54.117867+02:00;standby;27.0;30.1;5.0;28.0;54.0;57.0;0;0;0;0;16477.22;11280.08;5197.14;32441.061
2026-08-05T11:41:54.554888+02:00;standby;27.0;30.1;5.0;28.0;54.0;57.0;0;0;0;0;16477.22;11280.08;5197.14;32441.061
2026-08-05T11:42:55.102583+02:00;standby;27.0;30.1;5.0;28.0;54.0;57.0;0;0;0;0;16477.22;11280.08;5197.14;32441.061
2026-08-05T11:43:55.610301+02:00;standby;27.0;30.1;5.0;28.0;54.0;57.0;0;0;0;0;16477.22;11280.08;5197.14;32441.061
2026-08-05T11:44:56.082253+02:00;standby;27.0;30.1;5.0;28.0;53.9;57.0;0;0;0;0;16477.22;11280.08;5197.14;32441.061
2026-08-05T11:45:56.529497+02:00;standby;27.0;30.1;5.0;28.0;53.9;57.0;0;0;0;0;16477.22;11280.08;5197.14;32441.061
2026-08-05T11:46:56.965970+02:00;standby;27.0;30.1;5.0;28.0;53.9;57.0;0;0;0;0;16477.22;11280.08;5197.14;32441.061
2026-08-05T11:47:57.506522+02:00;standby;27.0;30.1;5.0;28.0;53.9;57.0;0;0;0;0;16477.22;11280.08;5197.14;32441.061
2026-08-05T11:48:57.981166+02:00;standby;27.0;30.1;5.0;28.0;53.9;57.0;0;0;0;0;16477.22;11280.08;5197.14;32441.061
2026-08-05T11:49:58.836410+02:00;standby;27.0;30.1;5.0;28.0;53.9;57.0;0;0;0;0;16477.22;11280.08;5197.14;32441.061
2026-08-05T11:50:59.311333+02:00;standby;27.0;30.1;5.0;28.0;53.8;57.0;0;0;0;0;16477.22;11280.08;5197.14;32441.061
2026-08-05T11:51:59.783167+02:00;standby;27.0;30.1;5.0;28.0;53.8;57.0;0;0;0;0;16477.22;11280.08;5197.14;32441.061
2026-08-05T11:53:00.301815+02:00;standby;27.0;30.1;5.0;28.0;53.8;57.0;0;0;0;0;16477.22;11280.08;5197.14;32441.061
2026-08-05T11:54:00.755092+02:00;standby;27.0;30.1;5.0;28.0;53.8;57.0;0;0;0;0;16477.22;11280.08;5197.14;32441.061
2026-08-05T11:55:01.258227+02:00;standby;27.0;30.1;5.0;28.0;53.8;57.0;0;0;0;0;16477.22;11280.08;5197.14;32441.061
2026-08-05T11:56:01.742989+02:00;standby;27.0;30.1;5.0;28.0;53.8;57.0;0;0;0;0;16477.22;11280.08;5197.14;32441.061
2026-08-05T11:57:02.325411+02:00;standby;27.0;30.1;5.0;28.0;53.8;57.0;0;0;0;0;16477.22;11280.08;5197.14;32441.061
2026-08-05T11:58:02.792562+02:00;standby;27.0;30.1;5.0;28.0;53.8;57.0;0;0;0;0;16477.22;11280.08;5197.14;32441.061
2026-08-05T11:59:03.411401+02:00;standby;27.0;30.1;5.0;28.0;53.7;57.0;0;0;0;0;16477.22;11280.08;5197.14;32441.061
2026-08-05T12:00:03.899056+02:00;standby;27.0;30.0;5.0;28.0;53.7;57.0;0;0;0;0;16477.22;11280.08;5197.14;32441.061
2026-08-05T12:01:04.351016+02:00;standby;27.0;30.0;5.0;28.0;53.7;57.0;0;0;0;0;16477.22;11280.08;5197.14;32441.061
2026-08-05T12:02:04.862920+02:00;standby;27.0;30.0;5.0;28.0;53.7;57.0;0;0;0;0;16477.22;11280.08;5197.14;32441.061
2026-08-05T12:03:05.354179+02:00;standby;27.0;30.0;5.0;28.0;53.7;57.0;0;0;0;0;16477.22;11280.08;5197.14;32441.061
2026-08-05T12:04:05.912027+02:00;standby;27.0;30.0;5.0;28.0;53.7;57.0;0;0;0;0;16477.22;11280.08;5197.14;32441.061
2026-08-05T12:05:06.477145+02:00;standby;27.0;30.0;5.0;28.0;53.7;57.0;0;0;0;0;16477.22;11280.08;5197.14;32441.061
2026-08-05T12:06:07.059877+02:00;standby;27.0;30.0;5.0;28.0;53.7;57.0;0;0;0;0;16477.22;11280.08;5197.14;32441.061
2026-08-05T12:07:07.514075+02:00;standby;27.0;30.0;5.0;28.0;53.7;57.0;0;0;0;0;16477.22;11280.08;5197.14;32441.061
2026-08-05T12:08:08.154700+02:00;standby;27.0;30.0;5.0;28.0;53.7;57.0;0;0;0;0;16477.22;11280.08;5197.14;32441.061
2026-08-05T12:09:08.807363+02:00;standby;27.0;30.0;5.0;28.0;53.7;57.0;0;0;0;0;16477.22;11280.08;5197.14;32441.061
2026-08-05T12:10:09.425906+02:00;standby;27.0;30.0;5.0;28.0;53.7;57.0;0;0;0;0;16477.22;11280.08;5197.14;32441.061
2026-08-05T12:11:10.095827+02:00;standby;27.0;30.0;5.0;28.0;53.7;57.0;0;0;0;0;16477.22;11280.08;5197.14;32441.061
2026-08-05T12:12:10.797649+02:00;standby;27.0;30.0;5.0;28.0;53.6;57.0;0;0;0;0;16477.22;11280.08;5197.14;32441.061
2026-08-05T12:13:11.397556+02:00;standby;27.0;30.0;5.0;28.0;53.6;57.0;0;0;0;0;16477.22;11280.08;5197.14;32441.061
2026-08-05T12:14:11.920964+02:00;standby;27.0;30.0;5.0;28.0;53.6;57.0;0;0;0;0;16477.22;11280.08;5197.14;32441.061
2026-08-05T12:15:12.709546+02:00;standby;27.9;30.0;5.0;28.0;53.6;57.0;0;0;0;0;16477.22;11280.08;5197.14;32441.061
2026-08-05T12:16:13.583719+02:00;standby;27.9;30.0;5.0;28.0;53.6;57.0;0;0;0;0;16477.22;11280.08;5197.14;32441.061
2026-08-05T12:17:14.054175+02:00;standby;27.9;30.0;5.0;28.0;53.6;57.0;0;0;0;0;16477.22;11280.08;5197.14;32441.061
2026-08-05T12:18:15.250567+02:00;standby;27.9;30.0;5.0;28.0;53.6;57.0;0;0;0;0;16477.22;11280.08;5197.14;32441.061
2026-08-05T12:19:15.709493+02:00;standby;27.9;30.0;5.0;28.0;53.5;57.0;0;0;0;0;16477.22;11280.08;5197.14;32441.061
2026-08-05T12:20:16.127176+02:00;standby;27.9;30.0;5.0;28.0;53.5;57.0;0;0;0;0;16477.22;11280.08;5197.14;32441.061
2026-08-05T12:21:16.596830+02:00;standby;27.9;30.0;5.0;28.0;53.5;57.0;0;0;0;0;16477.22;11280.08;5197.14;32441.061
2026-08-05T12:22:17.314260+02:00;standby;27.9;30.0;5.0;28.0;53.5;57.0;0;0;0;0;16477.22;11280.08;5197.14;32441.061
2026-08-05T12:23:17.829847+02:00;standby;27.9;29.9;5.0;28.0;53.5;57.0;0;0;0;0;16477.22;11280.08;5197.14;32441.061
2026-08-05T12:24:18.290555+02:00;standby;27.9;29.9;5.0;28.0;53.5;57.0;0;0;0;0;16477.22;11280.08;5197.14;32441.061
2026-08-05T12:25:18.971640+02:00;standby;27.9;29.9;5.0;28.0;53.5;57.0;0;0;0;0;16477.22;11280.08;5197.14;32441.061
2026-08-05T12:26:20.204299+02:00;standby;27.9;29.9;5.0;28.0;53.5;57.0;0;0;0;0;16477.22;11280.08;5197.14;32441.061
2026-08-05T12:27:20.721862+02:00;standby;27.9;29.9;5.0;28.0;53.4;57.0;0;0;0;0;16477.22;11280.08;5197.14;32441.061
2026-08-05T12:28:21.266739+02:00;standby;27.9;29.9;5.0;28.0;53.5;57.0;0;0;0;0;16477.22;11280.08;5197.14;32441.061
2026-08-05T12:29:21.801353+02:00;standby;27.9;29.9;5.0;28.0;53.4;57.0;0;0;0;0;16477.22;11280.08;5197.14;32441.061
2026-08-05T12:30:22.302286+02:00;standby;27.9;29.9;5.0;28.0;53.4;57.0;0;0;0;0;16477.22;11280.08;5197.14;32441.061
2026-08-05T12:31:22.795046+02:00;standby;27.9;29.9;5.0;28.0;53.4;57.0;0;0;0;0;16477.22;11280.08;5197.14;32441.061
2026-08-05T12:32:23.320748+02:00;standby;27.9;29.9;5.0;28.0;53.4;57.0;0;0;0;0;16477.22;11280.08;5197.14;32441.061
2026-08-05T12:33:24.006587+02:00;standby;27.9;29.9;5.0;28.0;53.4;57.0;0;0;0;0;16477.22;11280.08;5197.14;32441.061
2026-08-05T12:34:24.731347+02:00;standby;27.9;29.9;5.0;28.0;53.4;57.0;0;0;0;0;16477.22;11280.08;5197.14;32441.061
2026-08-05T12:35:25.288802+02:00;standby;27.9;29.9;5.0;28.0;53.4;57.0;0;0;0;0;16477.22;11280.08;5197.14;32441.061
2026-08-05T12:36:25.936768+02:00;standby;27.9;29.9;5.0;28.0;53.4;57.0;0;0;0;0;16477.22;11280.08;5197.14;32441.061
2026-08-05T12:37:26.633360+02:00;standby;27.9;29.9;5.0;28.0;53.4;57.0;0;0;0;0;16477.22;11280.08;5197.14;32441.061
2026-08-05T12:38:27.199405+02:00;standby;27.9;29.9;5.0;28.0;53.4;57.0;0;0;0;0;16477.22;11280.08;5197.14;32441.061
2026-08-05T12:39:27.923658+02:00;standby;27.9;29.9;5.0;28.0;53.4;57.0;0;0;0;0;16477.22;11280.08;5197.14;32441.061
2026-08-05T12:40:28.601427+02:00;standby;27.9;29.9;5.0;28.0;53.3;57.0;0;0;0;0;16477.22;11280.08;5197.14;32441.061
2026-08-05T12:41:29.117388+02:00;standby;27.9;29.9;5.0;28.0;53.3;57.0;0;0;0;0;16477.22;11280.08;5197.14;32441.061
2026-08-05T12:42:30.063060+02:00;standby;27.9;29.9;5.0;28.0;53.3;57.0;0;0;0;0;16477.22;11280.08;5197.14;32441.061
2026-08-05T12:43:30.559246+02:00;standby;27.9;29.9;5.0;28.0;53.3;57.0;0;0;0;0;16477.22;11280.08;5197.14;32441.061
2026-08-05T12:44:31.184101+02:00;standby;27.9;29.9;5.0;28.0;53.3;57.0;0;0;0;0;16477.22;11280.08;5197.14;32441.061
2026-08-05T12:45:31.814469+02:00;standby;27.9;29.9;5.0;28.0;53.2;57.0;0;0;0;0;16477.22;11280.08;5197.14;32441.061
2026-08-05T12:46:32.299391+02:00;standby;27.9;29.9;5.0;28.0;53.2;57.0;0;0;0;0;16477.22;11280.08;5197.14;32441.061
2026-08-05T12:47:32.916576+02:00;standby;27.9;29.9;5.0;28.0;53.2;57.0;0;0;0;0;16477.22;11280.08;5197.14;32441.061
2026-08-05T12:48:33.469384+02:00;standby;27.9;29.9;5.0;28.0;53.2;57.0;0;0;0;0;16477.22;11280.08;5197.14;32441.061
2026-08-05T12:49:33.984230+02:00;standby;27.9;29.9;5.0;28.0;53.1;57.0;0;0;0;0;16477.22;11280.08;5197.14;32441.061
2026-08-05T12:50:34.780753+02:00;standby;27.9;29.9;5.0;28.0;53.1;57.0;0;0;0;0;16477.22;11280.08;5197.14;32441.061
2026-08-05T12:51:35.433335+02:00;standby;27.9;29.9;5.0;28.0;52.9;57.0;0;0;0;0;16477.22;11280.08;5197.14;32441.061
2026-08-05T12:52:35.952870+02:00;standby;27.9;29.9;5.0;28.0;52.8;57.0;0;0;0;0;16477.22;11280.08;5197.14;32441.061
2026-08-05T12:53:36.729590+02:00;standby;27.9;29.9;5.0;28.0;52.8;57.0;0;0;0;0;16477.22;11280.08;5197.14;32441.061
2026-08-05T12:54:37.407706+02:00;standby;27.9;29.7;5.0;28.0;52.8;57.0;0;0;0;0;16477.22;11280.08;5197.14;32441.061
2026-08-05T12:55:38.025089+02:00;standby;27.9;29.7;5.0;28.0;52.8;57.0;0;0;0;0;16477.22;11280.08;5197.14;32441.061
2026-08-05T12:56:38.858309+02:00;standby;27.9;29.9;5.0;28.0;52.8;57.0;0;0;0;0;16477.22;11280.08;5197.14;32441.061
2026-08-05T12:57:39.396985+02:00;standby;27.9;29.9;5.0;28.0;52.8;57.0;0;0;0;0;16477.22;11280.08;5197.14;32441.061
2026-08-05T12:58:39.855690+02:00;standby;27.9;29.7;5.0;28.0;52.8;57.0;0;0;0;0;16477.22;11280.08;5197.14;32441.061
2026-08-05T12:59:40.619417+02:00;standby;27.9;29.7;5.0;28.0;52.8;57.0;0;0;0;0;16477.22;11280.08;5197.14;32441.061
2026-08-05T13:00:41.511023+02:00;standby;27.9;29.9;5.0;28.0;52.8;57.0;0;0;0;0;16477.22;11280.08;5197.14;32441.061
2026-08-05T13:01:41.925348+02:00;standby;27.9;29.7;5.0;28.0;52.7;57.0;0;0;0;0;16477.22;11280.08;5197.14;32441.061
2026-08-05T13:02:42.480591+02:00;standby;27.9;29.9;5.0;28.0;52.7;57.0;0;0;0;0;16477.22;11280.08;5197.14;32441.061
2026-08-05T13:03:43.254491+02:00;standby;27.9;29.7;5.0;28.0;52.7;57.0;0;0;0;0;16477.22;11280.08;5197.14;32441.061
2026-08-05T13:04:43.835254+02:00;standby;27.9;29.7;5.0;28.0;52.6;57.0;0;0;0;0;16477.22;11280.08;5197.14;32441.061
2026-08-05T13:05:44.365948+02:00;standby;27.9;29.7;5.0;28.0;52.5;57.0;0;0;0;0;16477.22;11280.08;5197.14;32441.061
2026-08-05T13:06:44.906884+02:00;standby;27.9;29.7;5.0;28.0;52.5;57.0;0;0;0;0;16477.22;11280.08;5197.14;32441.061
2026-08-05T13:07:45.487467+02:00;standby;27.9;29.7;5.0;28.0;52.5;57.0;0;0;0;0;16477.22;11280.08;5197.14;32441.061
2026-08-05T13:08:46.217757+02:00;standby;27.9;29.7;5.0;28.0;52.4;57.0;0;0;0;0;16477.22;11280.08;5197.14;32441.061
2026-08-05T13:09:46.918617+02:00;standby;27.9;29.7;5.0;28.0;52.4;57.0;0;0;0;0;16477.22;11280.08;5197.14;32441.061
2026-08-05T13:10:47.658353+02:00;standby;27.9;29.7;5.0;28.0;52.4;57.0;0;0;0;0;16477.22;11280.08;5197.14;32441.061
2026-08-05T13:11:48.506191+02:00;standby;27.9;29.7;5.0;28.0;52.3;57.0;0;0;0;0;16477.22;11280.08;5197.14;32441.061
2026-08-05T13:12:49.013613+02:00;standby;27.9;29.7;5.0;28.0;52.2;57.0;0;0;0;0;16477.22;11280.08;5197.14;32441.061
2026-08-05T13:13:49.856278+02:00;standby;27.9;29.7;5.0;28.0;52.1;57.0;0;0;0;0;16477.22;11280.08;5197.14;32441.061
2026-08-05T13:14:50.383655+02:00;standby;27.9;29.7;5.0;28.0;52.0;57.0;0;0;0;0;16477.22;11280.08;5197.14;32441.061
2026-08-05T13:15:50.871200+02:00;standby;28.6;29.7;5.0;28.0;52.0;57.0;0;0;0;0;16477.22;11280.08;5197.14;32441.061
2026-08-05T13:16:51.373812+02:00;standby;28.6;29.7;5.0;28.0;52.0;57.0;0;0;0;0;16477.22;11280.08;5197.14;32441.061
2026-08-05T13:17:51.973585+02:00;standby;28.6;29.7;5.0;28.0;52.0;57.0;0;0;0;0;16477.22;11280.08;5197.14;32441.061
2026-08-05T13:18:52.636173+02:00;standby;28.6;29.7;5.0;28.0;51.9;57.0;0;0;0;0;16477.22;11280.08;5197.14;32441.061
2026-08-05T13:19:53.768543+02:00;standby;28.6;29.7;5.0;28.0;51.9;57.0;0;0;0;0;16477.22;11280.08;5197.14;32441.061
2026-08-05T13:20:54.311633+02:00;standby;28.6;29.7;5.0;28.0;51.8;57.0;0;0;0;0;16477.22;11280.08;5197.14;32441.061
2026-08-05T13:21:54.791416+02:00;standby;28.6;29.7;5.0;28.0;51.8;57.0;0;0;0;0;16477.22;11280.08;5197.14;32441.061
2026-08-05T13:22:55.491249+02:00;standby;28.6;29.7;5.0;28.0;51.7;57.0;0;0;0;0;16477.22;11280.08;5197.14;32441.061
2026-08-05T13:23:56.059897+02:00;standby;28.6;29.7;5.0;28.0;51.6;57.0;0;0;0;0;16477.22;11280.08;5197.14;32441.061
2026-08-05T13:24:56.574871+02:00;standby;28.6;29.7;5.0;28.0;51.5;57.0;0;0;0;0;16477.22;11280.08;5197.14;32441.061
2026-08-05T13:25:57.416567+02:00;standby;28.6;29.6;5.0;28.0;51.4;57.0;0;0;0;0;16477.22;11280.08;5197.14;32441.061
2026-08-05T13:26:58.028076+02:00;standby;28.6;29.6;5.0;28.0;51.2;57.0;0;0;0;0;16477.22;11280.08;5197.14;32441.061
2026-08-05T13:27:59.070620+02:00;standby;28.6;29.7;5.0;28.0;51.1;57.0;0;0;0;0;16477.22;11280.08;5197.14;32441.061
2026-08-05T13:28:59.550888+02:00;standby;28.6;29.6;5.0;28.0;51.1;57.0;0;0;0;0;16477.22;11280.08;5197.14;32441.061
2026-08-05T13:29:59.991783+02:00;standby;28.6;29.6;5.0;28.0;50.9;57.0;0;0;0;0;16477.22;11280.08;5197.14;32441.061
2026-08-05T13:31:00.590753+02:00;standby;28.6;29.6;5.0;28.0;50.9;57.0;0;0;0;0;16477.22;11280.08;5197.14;32441.061
2026-08-05T13:32:01.012237+02:00;standby;28.6;29.6;5.0;28.0;50.8;57.0;0;0;0;0;16477.22;11280.08;5197.14;32441.061
2026-08-05T13:33:01.672762+02:00;standby;28.6;29.6;5.0;28.0;50.6;57.0;0;0;0;0;16477.22;11280.08;5197.14;32441.061
2026-08-05T13:34:02.396937+02:00;standby;28.6;29.6;5.0;28.0;50.5;57.0;0;0;0;0;16477.22;11280.08;5197.14;32441.061
2026-08-05T13:35:02.857580+02:00;standby;28.6;29.6;5.0;28.0;50.4;57.0;0;0;0;0;16477.22;11280.08;5197.14;32441.061
2026-08-05T13:36:03.421565+02:00;standby;28.6;29.6;5.0;28.0;50.3;57.0;0;0;0;0;16477.22;11280.08;5197.14;32441.061
2026-08-05T13:37:04.116699+02:00;standby;28.6;29.6;5.0;28.0;50.3;57.0;0;0;0;0;16477.22;11280.08;5197.14;32441.061
2026-08-05T13:38:04.859172+02:00;standby;28.6;29.6;5.0;28.0;50.3;57.0;0;0;0;0;16477.22;11280.08;5197.14;32441.061
2026-08-05T13:39:05.670884+02:00;standby;28.6;29.6;5.0;28.0;50.3;57.0;0;0;0;0;16477.22;11280.08;5197.14;32441.061
2026-08-05T13:40:06.210456+02:00;standby;28.6;29.6;5.0;28.0;50.2;57.0;0;0;0;0;16477.22;11280.08;5197.14;32441.061
2026-08-05T13:41:06.705375+02:00;standby;28.6;29.6;5.0;28.0;50.2;57.0;0;0;0;0;16477.22;11280.08;5197.14;32441.061
2026-08-05T13:42:07.251173+02:00;standby;28.6;29.6;5.0;28.0;50.2;57.0;0;0;0;0;16477.22;11280.08;5197.14;32441.061
2026-08-05T13:43:08.155102+02:00;standby;28.6;29.6;5.0;28.0;50.2;57.0;0;0;0;0;16477.22;11280.08;5197.14;32441.061
2026-08-05T13:44:08.621116+02:00;standby;28.6;29.6;5.0;28.0;50.2;57.0;0;0;0;0;16477.22;11280.08;5197.14;32441.061
2026-08-05T13:45:09.421966+02:00;standby;28.6;29.6;5.0;28.0;50.2;57.0;0;0;0;0;16477.22;11280.08;5197.14;32441.061
2026-08-05T13:46:10.064048+02:00;standby;28.6;29.6;5.0;28.0;50.1;57.0;0;0;0;0;16477.22;11280.08;5197.14;32441.061
2026-08-05T13:47:10.622545+02:00;standby;28.6;29.6;5.0;28.0;50.1;57.0;0;0;0;0;16477.22;11280.08;5197.14;32441.061
2026-08-05T13:48:11.210192+02:00;standby;28.6;29.6;5.0;28.0;50.1;57.0;0;0;0;0;16477.22;11280.08;5197.14;32441.061
2026-08-05T13:49:11.965509+02:00;standby;28.6;29.6;5.0;28.0;50.1;57.0;0;0;0;0;16477.22;11280.08;5197.14;32441.061
2026-08-05T13:50:12.403389+02:00;standby;28.6;29.6;5.0;28.0;50.1;57.0;0;0;0;0;16477.22;11280.08;5197.14;32441.061
2026-08-05T13:51:13.025861+02:00;standby;28.6;29.6;5.0;28.0;50.1;57.0;0;0;0;0;16477.22;11280.08;5197.14;32441.061
2026-08-05T13:52:13.625524+02:00;standby;28.6;29.6;5.0;28.0;50.1;57.0;0;0;0;0;16477.22;11280.08;5197.14;32441.061
2026-08-05T13:53:14.172781+02:00;standby;28.6;29.6;5.0;28.0;50.1;57.0;0;0;0;0;16477.22;11280.08;5197.14;32441.061
2026-08-05T13:54:14.924044+02:00;standby;28.6;29.6;5.0;28.0;50.1;57.0;0;0;0;0;16477.22;11280.08;5197.14;32441.061
2026-08-05T13:55:15.437283+02:00;standby;28.6;29.6;5.0;28.0;50.0;57.0;0;0;0;0;16477.22;11280.08;5197.14;32441.061
2026-08-05T13:56:16.648163+02:00;standby;28.6;29.6;5.0;28.0;50.0;57.0;0;0;0;0;16477.22;11280.08;5197.14;32441.061
2026-08-05T13:57:18.111169+02:00;standby;28.6;29.4;5.0;28.0;50.0;57.0;0;0;0;0;16477.22;11280.08;5197.14;32441.061
2026-08-05T13:58:18.592657+02:00;standby;28.6;29.6;5.0;28.0;50.0;57.0;0;0;0;0;16477.22;11280.08;5197.14;32441.061
2026-08-05T13:59:19.002981+02:00;standby;28.6;29.4;5.0;28.0;50.0;57.0;0;0;0;0;16477.22;11280.08;5197.14;32441.061
2026-08-05T14:00:19.425374+02:00;standby;28.6;29.4;5.0;28.0;50.0;57.0;0;0;0;0;16477.22;11280.08;5197.14;32441.061
2026-08-05T14:01:19.837907+02:00;standby;28.6;29.4;5.0;28.0;50.0;57.0;0;0;0;0;16477.22;11280.08;5197.14;32441.061
2026-08-05T14:02:20.923796+02:00;standby;28.6;29.4;5.0;28.0;50.0;57.0;0;0;0;0;16477.22;11280.08;5197.14;32441.061
2026-08-05T14:03:21.394715+02:00;standby;28.6;29.4;5.0;28.0;49.9;57.0;0;0;0;0;16477.22;11280.08;5197.14;32441.061
2026-08-05T14:04:22.014473+02:00;standby;28.6;29.4;5.0;28.0;49.9;57.0;0;0;0;0;16477.22;11280.08;5197.14;32441.061
2026-08-05T14:05:22.530727+02:00;standby;28.6;29.4;5.0;28.0;49.9;57.0;0;0;0;0;16477.22;11280.08;5197.14;32441.061
2026-08-05T14:06:22.992335+02:00;standby;28.6;29.4;5.0;28.0;49.9;57.0;0;0;0;0;16477.22;11280.08;5197.14;32441.061
2026-08-05T14:07:23.487601+02:00;standby;28.6;29.4;5.0;28.0;49.9;57.0;0;0;0;0;16477.22;11280.08;5197.14;32441.061
2026-08-05T14:08:23.991369+02:00;standby;28.6;29.4;5.0;28.0;49.9;57.0;0;0;0;0;16477.22;11280.08;5197.14;32441.061
2026-08-05T14:09:24.484174+02:00;standby;28.6;29.6;5.0;28.0;49.9;57.0;0;0;0;0;16477.22;11280.08;5197.14;32441.061
2026-08-05T14:10:25.093155+02:00;standby;28.6;29.4;5.0;28.0;49.9;57.0;0;0;0;0;16477.22;11280.08;5197.14;32441.061
2026-08-05T14:11:25.664941+02:00;standby;28.6;29.4;5.0;28.0;49.9;57.0;0;0;0;0;16477.22;11280.08;5197.14;32441.061
2026-08-05T14:12:26.286631+02:00;standby;28.6;29.4;5.0;28.0;49.8;57.0;0;0;0;0;16477.22;11280.08;5197.14;32441.061
2026-08-05T14:13:26.834094+02:00;standby;28.6;29.4;5.0;28.0;49.8;57.0;0;0;0;0;16477.22;11280.08;5197.14;32441.061
2026-08-05T14:14:27.577400+02:00;standby;28.6;29.4;5.0;28.0;49.8;57.0;0;0;0;0;16477.22;11280.08;5197.14;32441.061
2026-08-05T14:15:28.444945+02:00;standby;28.6;29.4;5.0;28.0;49.8;57.0;0;0;0;0;16477.22;11280.08;5197.14;32441.061
2026-08-05T14:16:29.372994+02:00;standby;29.1;29.4;5.0;28.0;49.8;57.0;0;0;0;0;16477.22;11280.08;5197.14;32441.061
2026-08-05T14:17:30.097255+02:00;standby;29.1;29.4;5.0;28.0;49.8;57.0;0;0;0;0;16477.22;11280.08;5197.14;32441.061
2026-08-05T14:18:30.660242+02:00;standby;29.1;29.4;5.0;28.0;49.8;57.0;0;0;0;0;16477.22;11280.08;5197.14;32441.061
2026-08-05T14:19:31.131692+02:00;standby;29.1;29.4;5.0;28.0;49.8;57.0;0;0;0;0;16477.22;11280.08;5197.14;32441.061
2026-08-05T14:20:31.937767+02:00;standby;29.1;29.4;5.0;28.0;49.8;57.0;0;0;0;0;16477.22;11280.08;5197.14;32441.061
2026-08-05T14:21:32.396422+02:00;standby;29.1;29.4;5.0;28.0;49.7;57.0;0;0;0;0;16477.22;11280.08;5197.14;32441.061
2026-08-05T14:22:32.793630+02:00;standby;29.1;29.4;5.0;28.0;49.7;57.0;0;0;0;0;16477.22;11280.08;5197.14;32441.061
2026-08-05T14:23:33.237974+02:00;standby;29.1;29.4;5.0;28.0;49.7;57.0;0;0;0;0;16477.22;11280.08;5197.14;32441.061
2026-08-05T14:24:33.881022+02:00;standby;29.1;29.4;5.0;28.0;49.7;57.0;0;0;0;0;16477.22;11280.08;5197.14;32441.061
2026-08-05T14:25:34.316368+02:00;standby;29.1;29.3;5.0;28.0;49.7;57.0;0;0;0;0;16477.22;11280.08;5197.14;32441.061
2026-08-05T14:26:34.836379+02:00;standby;29.1;29.3;5.0;28.0;49.7;57.0;0;0;0;0;16477.22;11280.08;5197.14;32441.061
2026-08-05T14:27:35.312235+02:00;standby;29.1;29.3;5.0;28.0;49.7;57.0;0;0;0;0;16477.22;11280.08;5197.14;32441.061
2026-08-05T14:28:35.825883+02:00;standby;29.1;29.3;5.0;28.0;49.7;57.0;0;0;0;0;16477.22;11280.08;5197.14;32441.061
2026-08-05T14:29:37.216401+02:00;standby;29.1;29.3;5.0;28.0;49.6;57.0;0;0;0;0;16477.22;11280.08;5197.14;32441.061
2026-08-05T14:30:37.729418+02:00;standby;29.1;29.3;5.0;28.0;49.6;57.0;0;0;0;0;16477.22;11280.08;5197.14;32441.061
2026-08-05T14:31:38.451741+02:00;standby;29.1;29.3;5.0;28.0;49.6;57.0;0;0;0;0;16477.22;11280.08;5197.14;32441.061
2026-08-05T14:32:39.103859+02:00;standby;29.1;29.3;5.0;28.0;49.6;57.0;0;0;0;0;16477.22;11280.08;5197.14;32441.061
2026-08-05T14:33:39.863993+02:00;standby;29.1;29.3;5.0;28.0;49.6;57.0;0;0;0;0;16477.22;11280.08;5197.14;32441.061
2026-08-05T14:34:40.302225+02:00;standby;29.1;29.3;5.0;28.0;49.6;57.0;0;0;0;0;16477.22;11280.08;5197.14;32441.061
2026-08-05T14:35:40.939499+02:00;standby;29.1;29.3;5.0;28.0;49.6;57.0;0;0;0;0;16477.22;11280.08;5197.14;32441.061
2026-08-05T14:36:41.662281+02:00;standby;29.1;29.3;5.0;28.0;49.6;57.0;0;0;0;0;16477.22;11280.08;5197.14;32441.061
2026-08-05T14:37:42.131443+02:00;standby;29.1;29.3;5.0;28.0;49.6;57.0;0;0;0;0;16477.22;11280.08;5197.14;32441.061
2026-08-05T14:38:42.957231+02:00;standby;29.1;29.3;5.0;28.0;49.5;57.0;0;0;0;0;16477.22;11280.08;5197.14;32441.061
2026-08-05T14:39:43.540122+02:00;standby;29.1;29.3;5.0;28.0;49.5;57.0;0;0;0;0;16477.22;11280.08;5197.14;32441.061
2026-08-05T14:40:43.995469+02:00;standby;29.1;29.3;5.0;28.0;49.5;57.0;0;0;0;0;16477.22;11280.08;5197.14;32441.061
2026-08-05T14:41:44.677904+02:00;standby;29.1;29.3;5.0;28.0;49.5;57.0;0;0;0;0;16477.22;11280.08;5197.14;32441.061
2026-08-05T14:42:45.315442+02:00;standby;29.1;29.3;5.0;28.0;49.5;57.0;0;0;0;0;16477.22;11280.08;5197.14;32441.061
2026-08-05T14:43:45.860882+02:00;standby;29.1;29.3;5.0;28.0;49.5;57.0;0;0;0;0;16477.22;11280.08;5197.14;32441.061
2026-08-05T14:44:46.363580+02:00;standby;29.1;29.3;5.0;28.0;49.5;57.0;0;0;0;0;16477.22;11280.08;5197.14;32441.061
2026-08-05T14:45:47.106099+02:00;standby;29.1;29.3;5.0;28.0;49.4;57.0;0;0;0;0;16477.22;11280.08;5197.14;32441.061
2026-08-05T14:46:47.673384+02:00;standby;29.1;29.3;5.0;28.0;49.5;57.0;0;0;0;0;16477.22;11280.08;5197.14;32441.061
2026-08-05T14:47:48.345588+02:00;standby;29.1;29.3;5.0;28.0;49.5;57.0;0;0;0;0;16477.22;11280.08;5197.14;32441.061
2026-08-05T14:48:49.522331+02:00;standby;29.1;29.3;5.0;28.0;49.4;57.0;0;0;0;0;16477.22;11280.08;5197.14;32441.061
2026-08-05T14:49:49.953964+02:00;standby;29.1;29.3;5.0;28.0;49.4;57.0;0;0;0;0;16477.22;11280.08;5197.14;32441.061
2026-08-05T14:50:50.422376+02:00;standby;29.1;29.3;5.0;28.0;49.4;57.0;0;0;0;0;16477.22;11280.08;5197.14;32441.061
2026-08-05T14:51:51.037812+02:00;standby;29.1;29.3;5.0;28.0;49.4;57.0;0;0;0;0;16477.22;11280.08;5197.14;32441.061
2026-08-05T14:52:51.913203+02:00;standby;29.1;29.2;5.0;28.0;49.4;57.0;0;0;0;0;16477.22;11280.08;5197.14;32441.061
2026-08-05T14:53:52.389941+02:00;standby;29.1;29.3;5.0;28.0;49.4;57.0;0;0;0;0;16477.22;11280.08;5197.14;32441.061
2026-08-05T14:54:52.952540+02:00;standby;29.1;29.2;5.0;28.0;49.4;57.0;0;0;0;0;16477.22;11280.08;5197.14;32441.061
2026-08-05T14:55:53.932125+02:00;standby;29.1;29.2;5.0;28.0;49.4;57.0;0;0;0;0;16477.22;11280.08;5197.14;32441.061
2026-08-05T14:56:54.657715+02:00;standby;29.1;29.2;5.0;28.0;49.3;57.0;0;0;0;0;16477.22;11280.08;5197.14;32441.061
2026-08-05T14:57:55.282094+02:00;standby;29.1;29.2;5.0;28.0;49.3;57.0;0;0;0;0;16477.22;11280.08;5197.14;32441.061
2026-08-05T14:58:55.729026+02:00;standby;29.1;29.2;5.0;28.0;49.3;57.0;0;0;0;0;16477.22;11280.08;5197.14;32441.061
2026-08-05T14:59:56.261367+02:00;standby;29.1;29.2;5.0;28.0;49.3;57.0;0;0;0;0;16477.22;11280.08;5197.14;32441.061
2026-08-05T15:00:56.780469+02:00;standby;29.1;29.2;5.0;28.0;49.3;57.0;0;0;0;0;16477.22;11280.08;5197.14;32441.061
2026-08-05T15:01:57.405810+02:00;standby;29.1;29.2;5.0;28.0;49.3;57.0;0;0;0;0;16477.22;11280.08;5197.14;32441.061
2026-08-05T15:02:57.923403+02:00;standby;29.1;29.2;5.0;28.0;49.3;57.0;0;0;0;0;16477.22;11280.08;5197.14;32441.061
2026-08-05T15:04:00.554082+02:00;standby;29.1;29.2;5.0;28.0;49.3;57.0;0;0;0;0;16477.22;11280.08;5197.14;32441.061
2026-08-05T15:05:01.456168+02:00;standby;29.1;29.2;5.0;28.0;49.2;57.0;0;0;0;0;16477.22;11280.08;5197.14;32441.061
2026-08-05T15:06:02.137393+02:00;standby;29.1;29.2;5.0;28.0;49.1;57.0;0;0;0;0;16477.22;11280.08;5197.14;32441.061
2026-08-05T15:07:02.688702+02:00;standby;29.1;29.2;5.0;28.0;49.1;57.0;0;0;0;0;16477.22;11280.08;5197.14;32441.061
2026-08-05T15:08:03.115774+02:00;standby;29.1;29.2;5.0;28.0;49.1;57.0;0;0;0;0;16477.22;11280.08;5197.14;32441.061
2026-08-05T15:09:03.664364+02:00;standby;29.1;29.2;5.0;28.0;49.1;57.0;0;0;0;0;16477.22;11280.08;5197.14;32441.061
2026-08-05T15:10:04.154144+02:00;standby;29.1;29.2;5.0;28.0;49.1;57.0;0;0;0;0;16477.22;11280.08;5197.14;32441.061
2026-08-05T15:11:05.005079+02:00;standby;29.1;29.2;5.0;28.0;49.0;57.0;0;0;0;0;16477.22;11280.08;5197.14;32441.061
2026-08-05T15:12:05.471357+02:00;standby;29.1;29.2;5.0;28.0;49.0;57.0;0;0;0;0;16477.22;11280.08;5197.14;32441.061
2026-08-05T15:13:05.974365+02:00;standby;29.1;29.2;5.0;28.0;48.9;57.0;0;0;0;0;16477.22;11280.08;5197.14;32441.061
2026-08-05T15:14:06.432835+02:00;standby;29.1;29.2;5.0;28.0;48.9;57.0;0;0;0;0;16477.22;11280.08;5197.14;32441.061
2026-08-05T15:15:07.488094+02:00;standby;29.1;29.2;5.0;28.0;48.9;57.0;0;0;0;0;16477.22;11280.08;5197.14;32441.061
2026-08-05T15:16:07.982473+02:00;standby;29.1;29.2;5.0;28.0;48.8;57.0;0;0;0;0;16477.22;11280.08;5197.14;32441.061
2026-08-05T15:17:09.070971+02:00;standby;29.5;29.2;5.0;28.0;48.8;57.0;0;0;0;0;16477.22;11280.08;5197.14;32441.061
2026-08-05T15:18:09.763174+02:00;standby;29.5;29.2;5.0;28.0;48.8;57.0;0;0;0;0;16477.22;11280.08;5197.14;32441.061
2026-08-05T15:19:10.872081+02:00;standby;29.5;29.2;5.0;28.0;48.8;57.0;0;0;0;0;16477.22;11280.08;5197.14;32441.061
2026-08-05T15:20:11.418359+02:00;standby;29.5;29.2;5.0;28.0;48.8;57.0;0;0;0;0;16477.22;11280.08;5197.14;32441.061
2026-08-05T15:21:11.928933+02:00;standby;29.5;29.2;5.0;28.0;48.7;57.0;0;0;0;0;16477.22;11280.08;5197.14;32441.061
2026-08-05T15:22:12.459835+02:00;standby;29.5;29.2;5.0;28.0;48.7;57.0;0;0;0;0;16477.22;11280.08;5197.14;32441.061
2026-08-05T15:23:12.938451+02:00;standby;29.5;29.2;5.0;28.0;48.7;57.0;0;0;0;0;16477.22;11280.08;5197.14;32441.061
2026-08-05T15:24:13.382073+02:00;standby;29.5;29.2;5.0;28.0;48.7;57.0;0;0;0;0;16477.22;11280.08;5197.14;32441.061
2026-08-05T15:25:13.841374+02:00;standby;29.5;29.2;5.0;28.0;48.7;57.0;0;0;0;0;16477.22;11280.08;5197.14;32441.061
2026-08-05T15:26:14.322175+02:00;standby;29.5;29.2;5.0;28.0;48.7;57.0;0;0;0;0;16477.22;11280.08;5197.14;32441.061
2026-08-05T15:27:14.817349+02:00;standby;29.5;29.2;5.0;28.0;48.7;57.0;0;0;0;0;16477.22;11280.08;5197.14;32441.061
2026-08-05T15:28:15.279376+02:00;standby;29.5;29.2;5.0;28.0;48.7;57.0;0;0;0;0;16477.22;11280.08;5197.14;32441.061
2026-08-05T15:29:15.732150+02:00;standby;29.5;29.2;5.0;28.0;48.7;57.0;0;0;0;0;16477.22;11280.08;5197.14;32441.061
2026-08-05T15:30:16.149980+02:00;standby;29.5;29.2;5.0;28.0;48.6;57.0;0;0;0;0;16477.22;11280.08;5197.14;32441.061
2026-08-05T15:31:16.992358+02:00;standby;29.5;29.2;5.0;28.0;48.6;57.0;0;0;0;0;16477.22;11280.08;5197.14;32441.061
2026-08-05T15:32:17.487336+02:00;standby;29.5;29.0;5.0;28.0;48.6;57.0;0;0;0;0;16477.22;11280.08;5197.14;32441.061
2026-08-05T15:33:18.006699+02:00;standby;29.5;29.2;5.0;28.0;48.6;57.0;0;0;0;0;16477.22;11280.08;5197.14;32441.061
2026-08-05T15:34:18.445128+02:00;standby;29.5;29.0;5.0;28.0;48.6;57.0;0;0;0;0;16477.22;11280.08;5197.14;32441.061
2026-08-05T15:35:18.893439+02:00;standby;29.5;29.2;5.0;28.0;48.5;57.0;0;0;0;0;16477.22;11280.08;5197.14;32441.061
2026-08-05T15:36:19.414548+02:00;standby;29.5;29.0;5.0;28.0;48.5;57.0;0;0;0;0;16477.22;11280.08;5197.14;32441.061
2026-08-05T15:37:19.899997+02:00;standby;29.5;29.0;5.0;28.0;48.0;57.0;0;0;0;0;16477.22;11280.08;5197.14;32441.061
2026-08-05T15:38:20.422643+02:00;standby;29.5;29.0;5.0;28.0;47.5;57.0;0;0;0;0;16477.22;11280.08;5197.14;32441.061
2026-08-05T15:39:21.317546+02:00;standby;29.5;29.0;5.0;28.0;47.2;57.0;0;0;0;0;16477.22;11280.08;5197.14;32441.061
2026-08-05T15:40:21.871217+02:00;dhw;29.5;36.9;85.0;28.0;46.8;57.0;1;23;1;100;16477.25;11280.08;5197.17;32441.061
2026-08-05T15:40:33.672455+02:00;dhw;29.5;37.1;85.0;28.0;46.7;57.0;1;23;1;100;16477.26;11280.08;5197.18;32441.061
2026-08-05T15:40:44.322621+02:00;dhw;29.5;37.6;85.0;28.0;46.7;57.0;1;23;1;100;16477.27;11280.08;5197.19;32441.061
2026-08-05T15:40:55.354378+02:00;dhw;29.5;37.0;85.0;28.0;46.5;57.0;1;23;1;100;16477.28;11280.08;5197.2;32441.061
2026-08-05T15:41:05.902846+02:00;dhw;29.5;36.9;85.0;28.0;46.4;57.0;1;23;1;100;16477.29;11280.08;5197.21;32441.061
2026-08-05T15:41:16.786213+02:00;dhw;29.5;37.3;85.0;28.0;46.3;57.0;1;23;1;100;16477.3;11280.08;5197.22;32441.061
2026-08-05T15:41:27.516968+02:00;dhw;29.5;37.9;85.0;28.0;46.1;57.0;1;23;1;100;16477.31;11280.08;5197.23;32441.061
2026-08-05T15:41:38.293853+02:00;dhw;29.5;38.3;85.0;28.0;46.0;57.0;1;23;1;100;16477.32;11280.08;5197.24;32441.061
2026-08-05T15:41:48.853317+02:00;dhw;29.5;39.0;85.0;28.0;45.9;57.0;1;31;1;100;16477.33;11280.08;5197.25;32441.061
2026-08-05T15:41:59.384897+02:00;dhw;29.5;40.0;85.0;28.0;45.7;57.0;1;41;1;100;16477.34;11280.08;5197.27;32441.061
2026-08-05T15:42:10.360532+02:00;dhw;29.5;41.3;85.0;28.0;45.7;57.0;1;50;1;100;16477.36;11280.08;5197.28;32441.061
2026-08-05T15:42:20.990662+02:00;dhw;29.5;43.1;85.0;28.0;45.6;57.0;1;61;1;100;16477.38;11280.08;5197.3;32441.061
2026-08-05T15:42:31.962395+02:00;dhw;29.5;45.1;85.0;28.0;45.5;57.0;1;73;1;100;16477.41;11280.08;5197.33;32441.061
2026-08-05T15:42:42.648530+02:00;dhw;29.5;47.0;85.0;28.0;45.4;57.0;1;83;1;100;16477.44;11280.08;5197.36;32441.061
2026-08-05T15:42:53.658026+02:00;dhw;29.5;50.0;85.0;28.0;45.3;57.0;1;98;1;100;16477.48;11280.08;5197.41;32441.061
2026-08-05T15:43:04.587928+02:00;dhw;29.5;52.1;85.0;28.0;45.3;57.0;1;108;1;100;16477.52;11280.08;5197.44;32441.061
2026-08-05T15:43:15.267902+02:00;dhw;29.5;55.0;85.0;28.0;45.2;57.0;1;108;1;100;16477.57;11280.08;5197.49;32441.061
2026-08-05T15:43:26.920211+02:00;dhw;29.5;57.5;85.0;28.0;45.1;57.0;1;108;1;100;16477.62;11280.08;5197.55;32441.061
2026-08-05T15:43:37.443040+02:00;dhw;29.5;59.4;85.0;28.0;45.1;57.0;1;108;1;100;16477.66;11280.08;5197.59;32441.061
2026-08-05T15:43:48.524923+02:00;dhw;29.5;61.1;85.0;28.0;45.1;57.0;1;108;1;100;16477.71;11280.08;5197.63;32441.061
2026-08-05T15:43:59.511565+02:00;dhw;29.5;62.5;85.0;28.0;45.1;57.0;1;108;1;100;16477.75;11280.08;5197.67;32441.061
2026-08-05T15:44:10.050170+02:00;dhw;29.5;64.0;85.0;28.0;45.1;57.0;1;108;1;100;16477.8;11280.08;5197.73;32441.16
2026-08-05T15:44:20.742867+02:00;dhw;29.5;65.1;85.0;28.0;45.2;57.0;1;108;1;100;16477.85;11280.08;5197.77;32441.16
2026-08-05T15:44:33.856403+02:00;dhw;29.5;65.6;85.0;28.0;45.3;57.0;1;108;1;100;16477.87;11280.08;5197.8;32441.16
2026-08-05T15:44:44.558155+02:00;dhw;29.5;67.0;85.0;28.0;45.4;57.0;1;108;1;100;16477.95;11280.08;5197.87;32441.16
2026-08-05T15:44:55.109898+02:00;dhw;29.5;67.1;85.0;28.0;45.5;57.0;1;108;1;100;16477.96;11280.08;5197.88;32441.16
2026-08-05T15:45:06.488104+02:00;dhw;29.5;68.3;85.0;28.0;45.8;57.0;1;108;1;100;16478.04;11280.08;5197.96;32441.16
2026-08-05T15:45:17.035173+02:00;dhw;29.5;68.8;85.0;28.0;45.9;57.0;1;108;1;100;16478.08;11280.08;5198.01;32441.16
2026-08-05T15:45:27.900554+02:00;dhw;29.5;69.2;85.0;28.0;46.1;57.0;1;108;1;100;16478.13;11280.08;5198.05;32441.16
2026-08-05T15:45:38.600198+02:00;dhw;29.5;69.6;85.0;28.0;46.3;57.0;1;108;1;100;16478.17;11280.08;5198.09;32441.16
2026-08-05T15:45:49.353647+02:00;dhw;29.5;70.0;85.0;28.0;46.5;57.0;1;108;1;100;16478.21;11280.08;5198.13;32441.16
2026-08-05T15:45:59.882851+02:00;dhw;29.5;70.4;85.0;28.0;46.6;57.0;1;108;1;100;16478.25;11280.08;5198.18;32441.16
2026-08-05T15:46:10.560638+02:00;dhw;29.5;70.7;85.0;28.0;46.8;57.0;1;108;1;100;16478.29;11280.08;5198.22;32441.16
2026-08-05T15:46:22.232631+02:00;dhw;29.5;71.0;85.0;28.0;47.0;57.0;1;108;1;100;16478.33;11280.08;5198.26;32441.16
2026-08-05T15:46:32.825909+02:00;dhw;29.5;71.4;85.0;28.0;47.0;57.0;1;108;1;100;16478.38;11280.08;5198.3;32441.16
2026-08-05T15:46:43.549092+02:00;dhw;29.5;71.6;85.0;28.0;47.4;57.0;1;108;1;100;16478.42;11280.08;5198.34;32441.16
2026-08-05T15:46:54.080776+02:00;dhw;29.5;72.1;85.0;28.0;47.7;57.0;1;108;1;100;16478.48;11280.08;5198.4;32441.16
2026-08-05T15:47:04.899954+02:00;dhw;29.5;72.2;85.0;28.0;47.9;57.0;1;108;1;100;16478.5;11280.08;5198.42;32441.16
2026-08-05T15:47:15.483597+02:00;dhw;29.5;72.7;85.0;28.0;48.4;57.0;1;108;1;100;16478.59;11280.08;5198.51;32441.16
2026-08-05T15:47:26.155333+02:00;dhw;29.5;73.0;85.0;28.0;48.6;57.0;1;108;1;100;16478.63;11280.08;5198.55;32441.16
2026-08-05T15:47:36.799264+02:00;dhw;29.5;73.1;85.0;28.0;48.9;57.0;1;108;1;100;16478.67;11280.08;5198.59;32441.16
2026-08-05T15:47:47.463912+02:00;dhw;29.5;73.4;85.0;28.0;49.1;57.0;1;108;1;100;16478.71;11280.08;5198.63;32441.16
2026-08-05T15:47:58.147607+02:00;dhw;29.5;73.7;85.0;28.0;49.3;57.0;1;108;1;100;16478.76;11280.08;5198.68;32441.16
2026-08-05T15:48:08.903831+02:00;dhw;29.5;74.0;85.0;28.0;49.5;57.0;1;108;1;100;16478.79;11280.08;5198.72;32441.26
2026-08-05T15:48:19.499526+02:00;dhw;29.5;74.2;85.0;28.0;49.7;57.0;1;108;1;100;16478.84;11280.08;5198.76;32441.26
2026-08-05T15:48:30.051642+02:00;dhw;29.5;74.5;85.0;28.0;49.9;57.0;1;108;1;100;16478.88;11280.08;5198.8;32441.26
2026-08-05T15:48:40.756962+02:00;dhw;29.5;74.8;85.0;28.0;50.1;57.0;1;108;1;100;16478.92;11280.08;5198.84;32441.26
2026-08-05T15:48:51.330149+02:00;dhw;29.5;75.1;85.0;28.0;50.3;57.0;1;108;1;100;16478.97;11280.08;5198.89;32441.26
2026-08-05T15:49:02.203816+02:00;dhw;29.5;75.2;85.0;28.0;50.5;57.0;1;108;1;100;16479.0;11280.08;5198.93;32441.26
2026-08-05T15:49:12.750275+02:00;dhw;29.5;75.4;85.0;28.0;50.7;57.0;1;108;1;100;16479.05;11280.08;5198.97;32441.26
2026-08-05T15:49:23.522808+02:00;dhw;29.5;75.6;85.0;28.0;50.9;57.0;1;108;1;100;16479.09;11280.08;5199.01;32441.26
2026-08-05T15:49:34.126535+02:00;dhw;29.5;76.1;85.0;28.0;51.1;57.0;1;108;1;100;16479.16;11280.08;5199.09;32441.26
2026-08-05T15:49:44.682566+02:00;dhw;29.5;76.2;85.0;28.0;51.5;57.0;1;108;1;100;16479.21;11280.08;5199.14;32441.26
2026-08-05T15:49:55.319833+02:00;dhw;29.5;76.5;85.0;28.0;51.6;57.0;1;108;1;100;16479.26;11280.08;5199.18;32441.26
2026-08-05T15:50:06.113638+02:00;dhw;29.5;76.7;85.0;28.0;51.8;57.0;1;108;1;100;16479.3;11280.08;5199.22;32441.26
2026-08-05T15:50:16.852327+02:00;dhw;29.5;77.0;85.0;28.0;51.8;57.0;1;108;1;100;16479.34;11280.08;5199.26;32441.26
2026-08-05T15:50:30.067099+02:00;dhw;29.5;77.1;85.0;28.0;51.8;57.0;1;108;1;100;16479.38;11280.08;5199.3;32441.26
2026-08-05T15:50:40.730760+02:00;dhw;29.5;77.4;85.0;28.0;52.2;57.0;1;108;1;100;16479.42;11280.08;5199.35;32441.26
2026-08-05T15:50:51.361611+02:00;dhw;29.5;77.6;85.0;28.0;52.3;57.0;1;108;1;100;16479.47;11280.08;5199.39;32441.26
2026-08-05T15:51:04.935000+02:00;dhw;29.5;77.7;85.0;28.0;52.5;57.0;1;108;1;100;16479.51;11280.08;5199.43;32441.26
2026-08-05T15:51:15.528654+02:00;dhw;29.5;78.2;85.0;28.0;52.7;57.0;1;108;1;100;16479.59;11280.08;5199.51;32441.26
2026-08-05T15:51:26.794881+02:00;dhw;29.5;78.3;85.0;28.0;52.9;57.0;1;108;1;100;16479.63;11280.08;5199.56;32441.26
2026-08-05T15:51:37.465733+02:00;dhw;29.5;78.6;85.0;28.0;53.1;57.0;1;108;1;100;16479.67;11280.08;5199.6;32441.26
2026-08-05T15:51:48.207243+02:00;dhw;29.5;78.8;85.0;28.0;53.2;57.0;1;108;1;100;16479.72;11280.08;5199.64;32441.26
2026-08-05T15:51:59.205598+02:00;dhw;29.5;79.0;85.0;28.0;53.4;57.0;1;108;1;100;16479.76;11280.08;5199.68;32441.26
2026-08-05T15:52:09.910501+02:00;dhw;29.5;79.3;85.0;28.0;53.5;57.0;1;108;1;100;16479.8;11280.08;5199.72;32441.359
2026-08-05T15:52:20.844190+02:00;dhw;29.5;79.5;85.0;28.0;53.7;57.0;1;108;1;100;16479.84;11280.08;5199.76;32441.359
2026-08-05T15:52:31.612777+02:00;dhw;29.5;79.6;85.0;28.0;53.8;57.0;1;108;1;100;16479.89;11280.08;5199.81;32441.359
2026-08-05T15:52:42.168098+02:00;dhw;29.5;79.8;85.0;28.0;53.9;57.0;1;108;1;100;16479.92;11280.08;5199.85;32441.359
2026-08-05T15:52:53.019000+02:00;dhw;29.5;80.1;85.0;28.0;54.0;57.0;1;108;1;100;16479.97;11280.08;5199.9;32441.359
2026-08-05T15:53:03.637701+02:00;dhw;29.5;80.4;85.0;28.0;54.2;57.0;1;108;1;100;16480.05;11280.08;5199.97;32441.359
2026-08-05T15:53:15.358826+02:00;dhw;29.5;80.6;85.0;28.0;54.5;57.0;1;108;1;100;16480.09;11280.08;5200.02;32441.359
2026-08-05T15:53:25.860291+02:00;dhw;29.5;80.7;85.0;28.0;54.6;57.0;1;108;1;100;16480.14;11280.08;5200.06;32441.359
2026-08-05T15:53:36.433074+02:00;dhw;29.5;81.1;85.0;28.0;54.8;57.0;1;108;1;100;16480.19;11280.08;5200.11;32441.359
2026-08-05T15:53:46.996864+02:00;dhw;29.5;81.1;85.0;28.0;54.9;57.0;1;108;1;100;16480.22;11280.08;5200.14;32441.359
2026-08-05T15:53:57.757281+02:00;dhw;29.5;81.2;85.0;28.0;55.2;57.0;1;108;1;100;16480.26;11280.08;5200.19;32441.359
2026-08-05T15:54:09.156088+02:00;dhw;29.5;81.5;85.0;28.0;55.3;57.0;1;108;1;100;16480.3;11280.08;5200.23;32441.359
2026-08-05T15:54:19.749424+02:00;dhw;29.5;81.7;85.0;28.0;55.5;57.0;1;108;1;100;16480.34;11280.08;5200.27;32441.359
2026-08-05T15:54:30.765862+02:00;dhw;29.5;81.9;85.0;28.0;55.7;57.0;1;108;1;100;16480.39;11280.08;5200.31;32441.359
2026-08-05T15:54:43.764473+02:00;dhw;29.5;82.0;85.0;28.0;55.8;57.0;1;108;1;100;16480.43;11280.08;5200.35;32441.359
2026-08-05T15:54:54.272024+02:00;dhw;29.5;82.4;85.0;28.0;56.1;57.0;1;108;1;100;16480.52;11280.08;5200.44;32441.359
2026-08-05T15:55:04.961628+02:00;dhw;29.5;82.5;85.0;28.0;56.3;57.0;1;108;1;100;16480.55;11280.08;5200.48;32441.359
2026-08-05T15:55:15.787701+02:00;dhw;29.5;82.7;85.0;28.0;56.4;57.0;1;108;1;100;16480.59;11280.08;5200.52;32441.359
2026-08-05T15:55:26.333727+02:00;dhw;29.5;82.8;85.0;28.0;56.5;57.0;1;108;1;100;16480.64;11280.08;5200.56;32441.359
2026-08-05T15:55:37.020393+02:00;dhw;29.5;83.0;85.0;28.0;56.7;57.0;1;108;1;100;16480.68;11280.08;5200.6;32441.359
2026-08-05T15:55:47.687054+02:00;dhw;29.5;83.2;85.0;28.0;56.8;57.0;1;108;1;100;16480.72;11280.08;5200.64;32441.359
2026-08-05T15:55:58.949178+02:00;standby;29.5;83.5;85.0;28.0;57.1;57.0;0;0;1;10;16480.76;11280.08;5200.68;32441.359
2026-08-05T15:56:09.729537+02:00;standby;29.5;82.6;85.0;28.0;57.2;57.0;0;0;1;10;16480.76;11280.08;5200.68;32441.359
2026-08-05T15:56:20.330342+02:00;standby;29.5;79.9;85.0;28.0;57.4;57.0;0;0;1;10;16480.76;11280.08;5200.68;32441.359
2026-08-05T15:56:30.795304+02:00;standby;29.5;76.7;85.0;28.0;57.6;57.0;0;0;1;10;16480.76;11280.08;5200.68;32441.359
2026-08-05T15:56:41.213652+02:00;standby;29.5;74.8;85.0;28.0;57.8;57.0;0;0;1;10;16480.76;11280.08;5200.68;32441.359
2026-08-05T15:56:51.761483+02:00;standby;29.5;73.9;85.0;28.0;57.9;57.0;0;0;1;10;16480.76;11280.08;5200.68;32441.359
2026-08-05T15:57:52.204098+02:00;standby;29.5;66.9;5.0;28.0;58.8;57.0;0;0;1;10;16480.76;11280.08;5200.68;32441.359
2026-08-05T15:58:52.831960+02:00;standby;29.5;62.8;5.0;28.0;59.3;57.0;0;0;0;0;16480.76;11280.08;5200.68;32441.359
2026-08-05T15:59:53.256239+02:00;standby;29.5;63.6;5.0;28.0;59.7;57.0;0;0;0;0;16480.76;11280.08;5200.68;32441.359
2026-08-05T16:00:53.762857+02:00;standby;29.5;64.1;5.0;28.0;59.7;57.0;0;0;0;0;16480.76;11280.08;5200.68;32441.359
2026-08-05T16:01:54.235513+02:00;standby;29.5;64.2;5.0;28.0;59.8;57.0;0;0;0;0;16480.76;11280.08;5200.68;32441.359
2026-08-05T16:02:54.730884+02:00;standby;29.5;64.3;5.0;28.0;59.8;57.0;0;0;0;0;16480.76;11280.08;5200.68;32441.359
2026-08-05T16:03:55.164282+02:00;standby;29.5;64.3;5.0;28.0;59.8;57.0;0;0;0;0;16480.76;11280.08;5200.68;32441.359
2026-08-05T16:04:55.610859+02:00;standby;29.5;64.3;5.0;28.0;59.8;57.0;0;0;0;0;16480.76;11280.08;5200.68;32441.359
2026-08-05T16:05:56.292373+02:00;standby;29.5;64.2;5.0;28.0;59.8;57.0;0;0;0;0;16480.76;11280.08;5200.68;32441.359
2026-08-05T16:06:56.754765+02:00;standby;29.5;64.1;5.0;28.0;59.8;57.0;0;0;0;0;16480.76;11280.08;5200.68;32441.359
2026-08-05T16:07:57.197047+02:00;standby;29.5;64.1;5.0;28.0;59.8;57.0;0;0;0;0;16480.76;11280.08;5200.68;32441.359
2026-08-05T16:08:57.815789+02:00;standby;29.5;64.0;5.0;28.0;59.8;57.0;0;0;0;0;16480.76;11280.08;5200.68;32441.359
2026-08-05T16:09:58.308957+02:00;standby;29.5;63.8;5.0;28.0;59.8;57.0;0;0;0;0;16480.76;11280.08;5200.68;32441.359
2026-08-05T16:10:59.375863+02:00;standby;29.5;63.7;5.0;28.0;59.8;57.0;0;0;0;0;16480.76;11280.08;5200.68;32441.359
2026-08-05T16:11:59.938020+02:00;standby;29.5;63.6;5.0;28.0;59.8;57.0;0;0;0;0;16480.76;11280.08;5200.68;32441.359
2026-08-05T16:13:00.816387+02:00;standby;29.5;63.5;5.0;28.0;59.8;57.0;0;0;0;0;16480.76;11280.08;5200.68;32441.359
2026-08-05T16:14:01.233048+02:00;standby;29.5;63.4;5.0;28.0;59.8;57.0;0;0;0;0;16480.76;11280.08;5200.68;32441.359
2026-08-05T16:15:01.752083+02:00;standby;29.5;63.3;5.0;28.0;59.8;57.0;0;0;0;0;16480.76;11280.08;5200.68;32441.359
2026-08-05T16:16:02.166869+02:00;standby;29.5;63.1;5.0;28.0;59.8;57.0;0;0;0;0;16480.76;11280.08;5200.68;32441.359
2026-08-05T16:17:02.772275+02:00;standby;29.5;62.9;5.0;28.0;59.8;57.0;0;0;0;0;16480.76;11280.08;5200.68;32441.359
2026-08-05T16:18:03.178202+02:00;standby;30.0;62.8;5.0;28.0;59.8;57.0;0;0;0;0;16480.76;11280.08;5200.68;32441.359
2026-08-05T16:19:03.824336+02:00;standby;30.0;62.7;5.0;28.0;59.8;57.0;0;0;0;0;16480.76;11280.08;5200.68;32441.359
2026-08-05T16:20:04.734802+02:00;standby;30.0;62.6;5.0;28.0;59.8;57.0;0;0;0;0;16480.76;11280.08;5200.68;32441.359
2026-08-05T16:21:05.169612+02:00;standby;30.0;62.4;5.0;28.0;59.8;57.0;0;0;0;0;16480.76;11280.08;5200.68;32441.359
2026-08-05T16:22:05.699869+02:00;standby;30.0;62.3;5.0;28.0;59.8;57.0;0;0;0;0;16480.76;11280.08;5200.68;32441.359
2026-08-05T16:23:06.219992+02:00;standby;30.0;62.2;5.0;28.0;59.7;57.0;0;0;0;0;16480.76;11280.08;5200.68;32441.359
2026-08-05T16:24:06.732901+02:00;standby;30.0;62.1;5.0;28.0;59.7;57.0;0;0;0;0;16480.76;11280.08;5200.68;32441.359
2026-08-05T16:25:07.379785+02:00;standby;30.0;61.9;5.0;28.0;59.7;57.0;0;0;0;0;16480.76;11280.08;5200.68;32441.359
2026-08-05T16:26:08.281689+02:00;standby;30.0;61.7;5.0;28.0;59.7;57.0;0;0;0;0;16480.76;11280.08;5200.68;32441.359
2026-08-05T16:27:08.980925+02:00;standby;30.0;61.6;5.0;28.0;59.7;57.0;0;0;0;0;16480.76;11280.08;5200.68;32441.359
2026-08-05T16:28:09.725442+02:00;standby;30.0;61.5;5.0;28.0;59.7;57.0;0;0;0;0;16480.76;11280.08;5200.68;32441.359
2026-08-05T16:29:10.226136+02:00;standby;30.0;61.4;5.0;28.0;59.7;57.0;0;0;0;0;16480.76;11280.08;5200.68;32441.359
2026-08-05T16:30:10.779802+02:00;standby;30.0;61.3;5.0;28.0;59.7;57.0;0;0;0;0;16480.76;11280.08;5200.68;32441.359
2026-08-05T16:31:11.263039+02:00;standby;30.0;61.0;5.0;28.0;59.7;57.0;0;0;0;0;16480.76;11280.08;5200.68;32441.359
2026-08-05T16:32:11.852657+02:00;standby;30.0;60.9;5.0;28.0;59.7;57.0;0;0;0;0;16480.76;11280.08;5200.68;32441.359
2026-08-05T16:33:12.322735+02:00;standby;30.0;60.8;5.0;28.0;59.7;57.0;0;0;0;0;16480.76;11280.08;5200.68;32441.359
2026-08-05T16:34:12.752296+02:00;standby;30.0;60.7;5.0;28.0;59.7;57.0;0;0;0;0;16480.76;11280.08;5200.68;32441.359
2026-08-05T16:35:13.237712+02:00;standby;30.0;60.6;5.0;28.0;59.7;57.0;0;0;0;0;16480.76;11280.08;5200.68;32441.359
2026-08-05T16:36:13.758496+02:00;standby;30.0;60.3;5.0;28.0;59.6;57.0;0;0;0;0;16480.76;11280.08;5200.68;32441.359
2026-08-05T16:37:14.175350+02:00;standby;30.0;60.2;5.0;28.0;59.6;57.0;0;0;0;0;16480.76;11280.08;5200.68;32441.359
2026-08-05T16:38:14.587991+02:00;standby;30.0;60.1;5.0;28.0;59.6;57.0;0;0;0;0;16480.76;11280.08;5200.68;32441.359
2026-08-05T16:39:15.062502+02:00;standby;30.0;60.0;5.0;28.0;59.6;57.0;0;0;0;0;16480.76;11280.08;5200.68;32441.359
2026-08-05T16:40:15.552242+02:00;standby;30.0;59.8;5.0;28.0;59.6;57.0;0;0;0;0;16480.76;11280.08;5200.68;32441.359
2026-08-05T16:41:16.025793+02:00;standby;30.0;59.7;5.0;28.0;59.6;57.0;0;0;0;0;16480.76;11280.08;5200.68;32441.359
2026-08-05T16:42:16.498421+02:00;standby;30.0;59.5;5.0;28.0;59.6;57.0;0;0;0;0;16480.76;11280.08;5200.68;32441.359
2026-08-05T16:43:17.038696+02:00;standby;30.0;59.3;5.0;28.0;59.6;57.0;0;0;0;0;16480.76;11280.08;5200.68;32441.359
2026-08-05T16:44:17.520351+02:00;standby;30.0;59.2;5.0;28.0;59.6;57.0;0;0;0;0;16480.76;11280.08;5200.68;32441.359
2026-08-05T16:45:18.156729+02:00;standby;30.0;59.1;5.0;28.0;59.6;57.0;0;0;0;0;16480.76;11280.08;5200.68;32441.359
2026-08-05T16:46:18.666121+02:00;standby;30.0;59.0;5.0;28.0;59.6;57.0;0;0;0;0;16480.76;11280.08;5200.68;32441.359
2026-08-05T16:47:19.183311+02:00;standby;30.0;58.9;5.0;28.0;59.6;57.0;0;0;0;0;16480.76;11280.08;5200.68;32441.359
2026-08-05T16:48:19.804494+02:00;standby;30.0;58.6;5.0;28.0;59.6;57.0;0;0;0;0;16480.76;11280.08;5200.68;32441.359
2026-08-05T16:49:20.277353+02:00;standby;30.0;58.5;5.0;28.0;59.6;57.0;0;0;0;0;16480.76;11280.08;5200.68;32441.359
2026-08-05T16:50:20.738551+02:00;standby;30.0;58.4;5.0;28.0;59.6;57.0;0;0;0;0;16480.76;11280.08;5200.68;32441.359
2026-08-05T16:51:21.276919+02:00;standby;30.0;58.2;5.0;28.0;59.6;57.0;0;0;0;0;16480.76;11280.08;5200.68;32441.359
2026-08-05T16:52:21.779169+02:00;standby;30.0;58.1;5.0;28.0;59.5;57.0;0;0;0;0;16480.76;11280.08;5200.68;32441.359
2026-08-05T16:53:22.234710+02:00;standby;30.0;58.0;5.0;28.0;59.5;57.0;0;0;0;0;16480.76;11280.08;5200.68;32441.359
2026-08-05T16:54:22.830636+02:00;standby;30.0;57.8;5.0;28.0;59.5;57.0;0;0;0;0;16480.76;11280.08;5200.68;32441.359
2026-08-05T16:55:23.340129+02:00;standby;30.0;57.6;5.0;28.0;59.5;57.0;0;0;0;0;16480.76;11280.08;5200.68;32441.359
2026-08-05T16:56:24.021343+02:00;standby;30.0;57.5;5.0;28.0;59.5;57.0;0;0;0;0;16480.76;11280.08;5200.68;32441.359
2026-08-05T16:57:24.490787+02:00;standby;30.0;57.4;5.0;28.0;59.5;57.0;0;0;0;0;16480.76;11280.08;5200.68;32441.359
2026-08-05T16:58:25.307064+02:00;standby;30.0;57.3;5.0;28.0;59.5;57.0;0;0;0;0;16480.76;11280.08;5200.68;32441.359
2026-08-05T16:59:25.967395+02:00;standby;30.0;57.0;5.0;28.0;59.5;57.0;0;0;0;0;16480.76;11280.08;5200.68;32441.359
2026-08-05T17:00:26.479870+02:00;standby;30.0;56.9;5.0;28.0;59.5;57.0;0;0;0;0;16480.76;11280.08;5200.68;32441.359
2026-08-05T17:01:27.200936+02:00;standby;30.0;56.8;5.0;28.0;59.5;57.0;0;0;0;0;16480.76;11280.08;5200.68;32441.359
2026-08-05T17:02:28.169542+02:00;standby;30.0;56.7;5.0;28.0;59.5;57.0;0;0;0;0;16480.76;11280.08;5200.68;32441.359
2026-08-05T17:03:28.969021+02:00;standby;30.0;56.5;5.0;28.0;59.5;57.0;0;0;0;0;16480.76;11280.08;5200.68;32441.359
2026-08-05T17:04:29.547622+02:00;standby;30.0;56.4;5.0;28.0;59.5;57.0;0;0;0;0;16480.76;11280.08;5200.68;32441.359
2026-08-05T17:05:30.122579+02:00;standby;30.0;56.2;5.0;28.0;59.5;57.0;0;0;0;0;16480.76;11280.08;5200.68;32441.359
2026-08-05T17:06:30.893047+02:00;standby;30.0;56.1;5.0;28.0;59.4;57.0;0;0;0;0;16480.76;11280.08;5200.68;32441.359
2026-08-05T17:07:31.420286+02:00;standby;30.0;56.0;5.0;28.0;59.4;57.0;0;0;0;0;16480.76;11280.08;5200.68;32441.359
2026-08-05T17:08:32.181088+02:00;standby;30.0;55.8;5.0;28.0;59.4;57.0;0;0;0;0;16480.76;11280.08;5200.68;32441.359
2026-08-05T17:09:32.771367+02:00;standby;30.0;55.7;5.0;28.0;59.4;57.0;0;0;0;0;16480.76;11280.08;5200.68;32441.359
2026-08-05T17:10:33.391170+02:00;standby;30.0;55.6;5.0;28.0;59.4;57.0;0;0;0;0;16480.76;11280.08;5200.68;32441.359
2026-08-05T17:11:34.005194+02:00;standby;30.0;55.5;5.0;28.0;59.4;57.0;0;0;0;0;16480.76;11280.08;5200.68;32441.359
2026-08-05T17:12:34.419099+02:00;standby;30.0;55.3;5.0;28.0;59.4;57.0;0;0;0;0;16480.76;11280.08;5200.68;32441.359
2026-08-05T17:13:35.071538+02:00;standby;30.0;55.2;5.0;28.0;59.4;57.0;0;0;0;0;16480.76;11280.08;5200.68;32441.359
2026-08-05T17:14:35.573289+02:00;standby;30.0;55.0;5.0;28.0;59.4;57.0;0;0;0;0;16480.76;11280.08;5200.68;32441.359
2026-08-05T17:15:36.087603+02:00;standby;30.0;54.9;5.0;28.0;59.4;57.0;0;0;0;0;16480.76;11280.08;5200.68;32441.359
2026-08-05T17:16:36.767162+02:00;standby;30.0;54.8;5.0;28.0;59.4;57.0;0;0;0;0;16480.76;11280.08;5200.68;32441.359
2026-08-05T17:17:37.318518+02:00;standby;30.0;54.7;5.0;28.0;59.4;57.0;0;0;0;0;16480.76;11280.08;5200.68;32441.359
2026-08-05T17:18:37.881381+02:00;standby;30.3;54.6;5.0;28.0;59.4;57.0;0;0;0;0;16480.76;11280.08;5200.68;32441.359
2026-08-05T17:19:38.359489+02:00;standby;30.3;54.4;5.0;28.0;59.4;57.0;0;0;0;0;16480.76;11280.08;5200.68;32441.359
2026-08-05T17:20:38.879138+02:00;standby;30.3;54.2;5.0;28.0;59.3;57.0;0;0;0;0;16480.76;11280.08;5200.68;32441.359
2026-08-05T17:21:39.287653+02:00;standby;30.3;54.1;5.0;28.0;59.3;57.0;0;0;0;0;16480.76;11280.08;5200.68;32441.359
2026-08-05T17:22:40.159065+02:00;standby;30.3;54.0;5.0;28.0;59.3;57.0;0;0;0;0;16480.76;11280.08;5200.68;32441.359
2026-08-05T17:23:40.644452+02:00;standby;30.3;53.9;5.0;28.0;59.3;57.0;0;0;0;0;16480.76;11280.08;5200.68;32441.359
2026-08-05T17:24:41.059087+02:00;standby;30.3;53.8;5.0;28.0;59.3;57.0;0;0;0;0;16480.76;11280.08;5200.68;32441.359
2026-08-05T17:25:41.638222+02:00;standby;30.3;53.7;5.0;28.0;59.3;57.0;0;0;0;0;16480.76;11280.08;5200.68;32441.359
2026-08-05T17:26:42.097746+02:00;standby;30.3;53.6;5.0;28.0;59.3;57.0;0;0;0;0;16480.76;11280.08;5200.68;32441.359
2026-08-05T17:27:42.624287+02:00;standby;30.3;53.4;5.0;28.0;59.3;57.0;0;0;0;0;16480.76;11280.08;5200.68;32441.359
2026-08-05T17:28:43.144198+02:00;standby;30.3;53.2;5.0;28.0;59.3;57.0;0;0;0;0;16480.76;11280.08;5200.68;32441.359
2026-08-05T17:29:43.610782+02:00;standby;30.3;53.1;5.0;28.0;59.3;57.0;0;0;0;0;16480.76;11280.08;5200.68;32441.359
2026-08-05T17:30:44.043271+02:00;standby;30.3;53.0;5.0;28.0;59.3;57.0;0;0;0;0;16480.76;11280.08;5200.68;32441.359
2026-08-05T17:31:44.524198+02:00;standby;30.3;52.9;5.0;28.0;59.3;57.0;0;0;0;0;16480.76;11280.08;5200.68;32441.359
2026-08-05T17:32:45.035607+02:00;standby;30.3;52.8;5.0;28.0;59.3;57.0;0;0;0;0;16480.76;11280.08;5200.68;32441.359
2026-08-05T17:33:45.582658+02:00;standby;30.3;52.7;5.0;28.0;59.3;57.0;0;0;0;0;16480.76;11280.08;5200.68;32441.359
2026-08-05T17:34:46.074572+02:00;standby;30.3;52.6;5.0;28.0;59.3;57.0;0;0;0;0;16480.76;11280.08;5200.68;32441.359
2026-08-05T17:35:46.613433+02:00;standby;30.3;52.4;5.0;28.0;59.3;57.0;0;0;0;0;16480.76;11280.08;5200.68;32441.359
2026-08-05T17:36:47.239884+02:00;standby;30.3;52.3;5.0;28.0;59.2;57.0;0;0;0;0;16480.76;11280.08;5200.68;32441.359
2026-08-05T17:37:47.708814+02:00;standby;30.3;52.2;5.0;28.0;59.2;57.0;0;0;0;0;16480.76;11280.08;5200.68;32441.359
2026-08-05T17:38:48.156079+02:00;standby;30.3;52.1;5.0;28.0;59.2;57.0;0;0;0;0;16480.76;11280.08;5200.68;32441.359
2026-08-05T17:39:48.953530+02:00;standby;30.3;52.0;5.0;28.0;59.2;57.0;0;0;0;0;16480.76;11280.08;5200.68;32441.359
2026-08-05T17:40:49.449799+02:00;standby;30.3;51.9;5.0;28.0;59.2;57.0;0;0;0;0;16480.76;11280.08;5200.68;32441.359
2026-08-05T17:41:50.122185+02:00;standby;30.3;51.8;5.0;28.0;59.2;57.0;0;0;0;0;16480.76;11280.08;5200.68;32441.359
2026-08-05T17:42:50.742605+02:00;standby;30.3;51.7;5.0;28.0;59.2;57.0;0;0;0;0;16480.76;11280.08;5200.68;32441.359
2026-08-05T17:43:51.477624+02:00;standby;30.3;51.6;5.0;28.0;59.2;57.0;0;0;0;0;16480.76;11280.08;5200.68;32441.359
2026-08-05T17:44:51.967161+02:00;standby;30.3;51.4;5.0;28.0;59.2;57.0;0;0;0;0;16480.76;11280.08;5200.68;32441.359
2026-08-05T17:45:52.477219+02:00;standby;30.3;51.3;5.0;28.0;59.2;57.0;0;0;0;0;16480.76;11280.08;5200.68;32441.359
2026-08-05T17:46:53.773756+02:00;standby;30.3;51.2;5.0;28.0;59.2;57.0;0;0;0;0;16480.76;11280.08;5200.68;32441.359
2026-08-05T17:47:54.236791+02:00;standby;30.3;51.1;5.0;28.0;59.2;57.0;0;0;0;0;16480.76;11280.08;5200.68;32441.359
2026-08-05T17:48:54.653916+02:00;standby;30.3;51.0;5.0;28.0;59.1;57.0;0;0;0;0;16480.76;11280.08;5200.68;32441.359
2026-08-05T17:49:55.174340+02:00;standby;30.3;50.9;5.0;28.0;59.1;57.0;0;0;0;0;16480.76;11280.08;5200.68;32441.359
2026-08-05T17:50:56.001896+02:00;standby;30.3;50.8;5.0;28.0;59.1;57.0;0;0;0;0;16480.76;11280.08;5200.68;32441.359
2026-08-05T17:51:56.438531+02:00;standby;30.3;50.7;5.0;28.0;59.1;57.0;0;0;0;0;16480.76;11280.08;5200.68;32441.359
2026-08-05T17:52:57.041222+02:00;standby;30.3;50.6;5.0;28.0;59.1;57.0;0;0;0;0;16480.76;11280.08;5200.68;32441.359
2026-08-05T17:53:57.868610+02:00;standby;30.3;50.4;5.0;28.0;59.1;57.0;0;0;0;0;16480.76;11280.08;5200.68;32441.359
2026-08-05T17:54:58.416406+02:00;standby;30.3;50.3;5.0;28.0;59.1;57.0;0;0;0;0;16480.76;11280.08;5200.68;32441.359
2026-08-05T17:55:59.212859+02:00;standby;30.3;50.2;5.0;28.0;59.1;57.0;0;0;0;0;16480.76;11280.08;5200.68;32441.359
2026-08-05T17:56:59.733899+02:00;standby;30.3;50.1;5.0;28.0;59.1;57.0;0;0;0;0;16480.76;11280.08;5200.68;32441.359
2026-08-05T17:58:00.147784+02:00;standby;30.3;50.0;5.0;28.0;59.1;57.0;0;0;0;0;16480.76;11280.08;5200.68;32441.359
2026-08-05T17:59:00.599566+02:00;standby;30.3;49.9;5.0;28.0;59.1;57.0;0;0;0;0;16480.76;11280.08;5200.68;32441.359
2026-08-05T18:00:01.188033+02:00;standby;30.3;49.8;5.0;28.0;59.1;57.0;0;0;0;0;16480.76;11280.08;5200.68;32441.359
2026-08-05T18:01:01.707855+02:00;standby;30.3;49.7;5.0;28.0;59.1;57.0;0;0;0;0;16480.76;11280.08;5200.68;32441.359
2026-08-05T18:02:02.147393+02:00;standby;30.3;49.5;5.0;28.0;59.1;57.0;0;0;0;0;16480.76;11280.08;5200.68;32441.359
2026-08-05T18:03:02.641631+02:00;standby;30.3;49.5;5.0;28.0;59.1;57.0;0;0;0;0;16480.76;11280.08;5200.68;32441.359
2026-08-05T18:04:03.065839+02:00;standby;30.3;49.4;5.0;28.0;59.1;57.0;0;0;0;0;16480.76;11280.08;5200.68;32441.359
2026-08-05T18:05:03.509728+02:00;standby;30.3;49.3;5.0;28.0;59.1;57.0;0;0;0;0;16480.76;11280.08;5200.68;32441.359
2026-08-05T18:06:03.995868+02:00;standby;30.3;49.2;5.0;28.0;58.9;57.0;0;0;0;0;16480.76;11280.08;5200.68;32441.359
2026-08-05T18:07:04.413894+02:00;standby;30.3;49.1;5.0;28.0;58.9;57.0;0;0;0;0;16480.76;11280.08;5200.68;32441.359
2026-08-05T18:08:04.953408+02:00;standby;30.3;49.0;5.0;28.0;58.9;57.0;0;0;0;0;16480.76;11280.08;5200.68;32441.359
2026-08-05T18:09:05.499745+02:00;standby;30.3;48.9;5.0;28.0;58.9;57.0;0;0;0;0;16480.76;11280.08;5200.68;32441.359
2026-08-05T18:10:05.999763+02:00;standby;30.3;48.7;5.0;28.0;58.9;57.0;0;0;0;0;16480.76;11280.08;5200.68;32441.359
2026-08-05T18:11:06.509662+02:00;standby;30.3;48.6;5.0;28.0;58.9;57.0;0;0;0;0;16480.76;11280.08;5200.68;32441.359
2026-08-05T18:12:07.219615+02:00;standby;30.3;48.6;5.0;28.0;58.9;57.0;0;0;0;0;16480.76;11280.08;5200.68;32441.359
2026-08-05T18:13:07.651161+02:00;standby;30.3;48.5;5.0;28.0;58.9;57.0;0;0;0;0;16480.76;11280.08;5200.68;32441.359
2026-08-05T18:14:08.143586+02:00;standby;30.3;48.4;5.0;28.0;58.9;57.0;0;0;0;0;16480.76;11280.08;5200.68;32441.359
2026-08-05T18:15:08.617355+02:00;standby;30.3;48.3;5.0;28.0;58.9;57.0;0;0;0;0;16480.76;11280.08;5200.68;32441.359
2026-08-05T18:16:09.216912+02:00;standby;30.3;48.2;5.0;28.0;58.9;57.0;0;0;0;0;16480.76;11280.08;5200.68;32441.359
2026-08-05T18:17:09.712054+02:00;standby;30.3;48.1;5.0;28.0;58.9;57.0;0;0;0;0;16480.76;11280.08;5200.68;32441.359
2026-08-05T18:18:10.766802+02:00;standby;30.3;48.1;5.0;28.0;58.9;57.0;0;0;0;0;16480.76;11280.08;5200.68;32441.359
2026-08-05T18:19:11.265723+02:00;standby;30.4;48.0;5.0;28.0;58.8;57.0;0;0;0;0;16480.76;11280.08;5200.68;32441.359
2026-08-05T18:20:11.698885+02:00;standby;30.4;47.8;5.0;28.0;58.8;57.0;0;0;0;0;16480.76;11280.08;5200.68;32441.359
2026-08-05T18:21:12.196926+02:00;standby;30.4;47.7;5.0;28.0;58.8;57.0;0;0;0;0;16480.76;11280.08;5200.68;32441.359
2026-08-05T18:22:12.740862+02:00;standby;30.4;47.6;5.0;28.0;58.8;57.0;0;0;0;0;16480.76;11280.08;5200.68;32441.359
2026-08-05T18:23:13.286094+02:00;standby;30.4;47.5;5.0;28.0;58.8;57.0;0;0;0;0;16480.76;11280.08;5200.68;32441.359
2026-08-05T18:24:13.818126+02:00;standby;30.4;47.5;5.0;28.0;58.8;57.0;0;0;0;0;16480.76;11280.08;5200.68;32441.359
2026-08-05T18:25:14.411013+02:00;standby;30.4;47.4;5.0;28.0;58.8;57.0;0;0;0;0;16480.76;11280.08;5200.68;32441.359
2026-08-05T18:26:15.053150+02:00;standby;30.4;47.3;5.0;28.0;58.8;57.0;0;0;0;0;16480.76;11280.08;5200.68;32441.359
2026-08-05T18:27:15.749475+02:00;standby;30.4;47.2;5.0;28.0;58.8;57.0;0;0;0;0;16480.76;11280.08;5200.68;32441.359
2026-08-05T18:28:16.344977+02:00;standby;30.4;47.2;5.0;28.0;58.8;57.0;0;0;0;0;16480.76;11280.08;5200.68;32441.359
2026-08-05T18:29:16.985356+02:00;standby;30.4;47.0;5.0;28.0;58.8;57.0;0;0;0;0;16480.76;11280.08;5200.68;32441.359
2026-08-05T18:30:17.736341+02:00;standby;30.4;46.9;5.0;28.0;58.8;57.0;0;0;0;0;16480.76;11280.08;5200.68;32441.359
2026-08-05T18:31:18.213377+02:00;standby;30.4;46.8;5.0;28.0;58.8;57.0;0;0;0;0;16480.76;11280.08;5200.68;32441.359
2026-08-05T18:32:19.493173+02:00;standby;30.4;46.7;5.0;28.0;58.8;57.0;0;0;0;0;16480.76;11280.08;5200.68;32441.359
2026-08-05T18:33:20.170565+02:00;standby;30.4;46.7;5.0;28.0;58.7;57.0;0;0;0;0;16480.76;11280.08;5200.68;32441.359
2026-08-05T18:34:20.685879+02:00;standby;30.4;46.6;5.0;28.0;58.7;57.0;0;0;0;0;16480.76;11280.08;5200.68;32441.359
2026-08-05T18:35:21.141228+02:00;standby;30.4;46.5;5.0;28.0;58.7;57.0;0;0;0;0;16480.76;11280.08;5200.68;32441.359
2026-08-05T18:36:21.745732+02:00;standby;30.4;46.5;5.0;28.0;58.7;57.0;0;0;0;0;16480.76;11280.08;5200.68;32441.359
2026-08-05T18:37:22.290156+02:00;standby;30.4;46.4;5.0;28.0;58.7;57.0;0;0;0;0;16480.76;11280.08;5200.68;32441.359
2026-08-05T18:38:22.767990+02:00;standby;30.4;46.2;5.0;28.0;58.7;57.0;0;0;0;0;16480.76;11280.08;5200.68;32441.359
2026-08-05T18:39:23.202975+02:00;standby;30.4;46.1;5.0;28.0;58.7;57.0;0;0;0;0;16480.76;11280.08;5200.68;32441.359
2026-08-05T18:40:23.698440+02:00;standby;30.4;46.1;5.0;28.0;58.7;57.0;0;0;0;0;16480.76;11280.08;5200.68;32441.359
2026-08-05T18:41:24.579152+02:00;standby;30.4;46.0;5.0;28.0;58.7;57.0;0;0;0;0;16480.76;11280.08;5200.68;32441.359
2026-08-05T18:42:25.151522+02:00;standby;30.4;45.9;5.0;28.0;58.7;57.0;0;0;0;0;16480.76;11280.08;5200.68;32441.359
2026-08-05T18:43:25.789051+02:00;standby;30.4;45.8;5.0;28.0;58.7;57.0;0;0;0;0;16480.76;11280.08;5200.68;32441.359
2026-08-05T18:44:26.314658+02:00;standby;30.4;45.8;5.0;28.0;58.7;57.0;0;0;0;0;16480.76;11280.08;5200.68;32441.359
2026-08-05T18:45:27.345004+02:00;standby;30.4;45.7;5.0;28.0;58.7;57.0;0;0;0;0;16480.76;11280.08;5200.68;32441.359
2026-08-05T18:46:28.147614+02:00;standby;30.4;45.6;5.0;28.0;58.7;57.0;0;0;0;0;16480.76;11280.08;5200.68;32441.359
2026-08-05T18:47:28.601310+02:00;standby;30.4;45.6;5.0;28.0;58.6;57.0;0;0;0;0;16480.76;11280.08;5200.68;32441.359
2026-08-05T18:48:29.233485+02:00;standby;30.4;45.5;5.0;28.0;58.6;57.0;0;0;0;0;16480.76;11280.08;5200.68;32441.359
2026-08-05T18:49:29.707247+02:00;standby;30.4;45.3;5.0;28.0;58.6;57.0;0;0;0;0;16480.76;11280.08;5200.68;32441.359
2026-08-05T18:50:30.226789+02:00;standby;30.4;45.3;5.0;28.0;58.6;57.0;0;0;0;0;16480.76;11280.08;5200.68;32441.359
2026-08-05T18:51:30.743793+02:00;standby;30.4;45.2;5.0;28.0;58.6;57.0;0;0;0;0;16480.76;11280.08;5200.68;32441.359
2026-08-05T18:52:31.293870+02:00;standby;30.4;45.1;5.0;28.0;58.6;57.0;0;0;0;0;16480.76;11280.08;5200.68;32441.359
2026-08-05T18:53:32.008656+02:00;standby;30.4;45.1;5.0;28.0;58.6;57.0;0;0;0;0;16480.76;11280.08;5200.68;32441.359
2026-08-05T18:54:32.636538+02:00;standby;30.4;45.0;5.0;28.0;58.6;57.0;0;0;0;0;16480.76;11280.08;5200.68;32441.359
2026-08-05T18:55:33.332097+02:00;standby;30.4;44.9;5.0;28.0;58.6;57.0;0;0;0;0;16480.76;11280.08;5200.68;32441.359
2026-08-05T18:56:33.777292+02:00;standby;30.4;44.8;5.0;28.0;58.6;57.0;0;0;0;0;16480.76;11280.08;5200.68;32441.359
2026-08-05T18:57:34.266254+02:00;standby;30.4;44.8;5.0;28.0;58.6;57.0;0;0;0;0;16480.76;11280.08;5200.68;32441.359
2026-08-05T18:58:34.791967+02:00;standby;30.4;44.7;5.0;28.0;58.6;57.0;0;0;0;0;16480.76;11280.08;5200.68;32441.359
2026-08-05T18:59:35.453730+02:00;standby;30.4;44.5;5.0;28.0;58.6;57.0;0;0;0;0;16480.76;11280.08;5200.68;32441.359
2026-08-05T19:00:35.981072+02:00;standby;30.4;44.5;5.0;28.0;58.6;57.0;0;0;0;0;16480.76;11280.08;5200.68;32441.359
2026-08-05T19:01:36.449437+02:00;standby;30.4;44.4;5.0;28.0;58.6;57.0;0;0;0;0;16480.76;11280.08;5200.68;32441.359
2026-08-05T19:02:37.030415+02:00;standby;30.4;44.4;5.0;28.0;58.6;57.0;0;0;0;0;16480.76;11280.08;5200.68;32441.359
2026-08-05T19:03:37.510379+02:00;standby;30.4;44.3;5.0;28.0;58.5;57.0;0;0;0;0;16480.76;11280.08;5200.68;32441.359
2026-08-05T19:04:38.003488+02:00;standby;30.4;44.2;5.0;28.0;58.5;57.0;0;0;0;0;16480.76;11280.08;5200.68;32441.359
2026-08-05T19:05:38.443837+02:00;standby;30.4;44.2;5.0;28.0;58.5;57.0;0;0;0;0;16480.76;11280.08;5200.68;32441.359
2026-08-05T19:06:41.143480+02:00;standby;30.4;44.1;5.0;28.0;58.5;57.0;0;0;0;0;16480.76;11280.08;5200.68;32441.359
2026-08-05T19:07:41.580572+02:00;standby;30.4;44.0;5.0;28.0;58.5;57.0;0;0;0;0;16480.76;11280.08;5200.68;32441.359
2026-08-05T19:08:42.033162+02:00;standby;30.4;44.0;5.0;28.0;58.5;57.0;0;0;0;0;16480.76;11280.08;5200.68;32441.359
2026-08-05T19:09:42.863022+02:00;standby;30.4;43.9;5.0;28.0;58.5;57.0;0;0;0;0;16480.76;11280.08;5200.68;32441.359
2026-08-05T19:10:43.505441+02:00;standby;30.4;43.9;5.0;28.0;58.5;57.0;0;0;0;0;16480.76;11280.08;5200.68;32441.359
2026-08-05T19:11:44.027601+02:00;standby;30.4;43.7;5.0;28.0;58.5;57.0;0;0;0;0;16480.76;11280.08;5200.68;32441.359
2026-08-05T19:12:44.540869+02:00;standby;30.4;43.6;5.0;28.0;58.5;57.0;0;0;0;0;16480.76;11280.08;5200.68;32441.359
2026-08-05T19:13:45.072835+02:00;standby;30.4;43.6;5.0;28.0;58.4;57.0;0;0;0;0;16480.76;11280.08;5200.68;32441.359
2026-08-05T19:14:45.592060+02:00;standby;30.4;43.5;5.0;28.0;58.4;57.0;0;0;0;0;16480.76;11280.08;5200.68;32441.359
2026-08-05T19:15:46.079523+02:00;standby;30.4;43.5;5.0;28.0;58.4;57.0;0;0;0;0;16480.76;11280.08;5200.68;32441.359
2026-08-05T19:16:46.900300+02:00;standby;30.4;43.4;5.0;28.0;58.4;57.0;0;0;0;0;16480.76;11280.08;5200.68;32441.359
2026-08-05T19:17:47.390451+02:00;standby;30.4;43.3;5.0;28.0;58.4;57.0;0;0;0;0;16480.76;11280.08;5200.68;32441.359
2026-08-05T19:18:47.861843+02:00;standby;30.4;43.2;5.0;28.0;58.4;57.0;0;0;0;0;16480.76;11280.08;5200.68;32441.359
2026-08-05T19:19:48.498637+02:00;standby;26.4;43.2;5.0;28.0;58.4;57.0;0;0;0;0;16480.76;11280.08;5200.68;32441.359
2026-08-05T19:20:49.309895+02:00;standby;26.4;43.2;5.0;28.0;58.4;57.0;0;0;0;0;16480.76;11280.08;5200.68;32441.359
2026-08-05T19:21:50.139768+02:00;standby;26.4;43.1;5.0;28.0;58.4;57.0;0;0;0;0;16480.76;11280.08;5200.68;32441.359
2026-08-05T19:22:50.675342+02:00;standby;26.4;43.1;5.0;28.0;58.4;57.0;0;0;0;0;16480.76;11280.08;5200.68;32441.359
2026-08-05T19:23:51.281056+02:00;standby;26.4;43.0;5.0;28.0;58.4;57.0;0;0;0;0;16480.76;11280.08;5200.68;32441.359
2026-08-05T19:24:51.999617+02:00;standby;26.4;42.8;5.0;28.0;58.4;57.0;0;0;0;0;16480.76;11280.08;5200.68;32441.359
2026-08-05T19:25:52.518855+02:00;standby;26.4;42.8;5.0;28.0;58.4;57.0;0;0;0;0;16480.76;11280.08;5200.68;32441.359
2026-08-05T19:26:53.037797+02:00;standby;26.4;42.7;5.0;28.0;58.4;57.0;0;0;0;0;16480.76;11280.08;5200.68;32441.359
2026-08-05T19:27:53.949049+02:00;standby;26.4;42.7;5.0;28.0;58.3;57.0;0;0;0;0;16480.76;11280.08;5200.68;32441.359
2026-08-05T19:28:54.466776+02:00;standby;26.4;42.6;5.0;28.0;58.3;57.0;0;0;0;0;16480.76;11280.08;5200.68;32441.359
2026-08-05T19:29:55.113885+02:00;standby;26.4;42.6;5.0;28.0;58.3;57.0;0;0;0;0;16480.76;11280.08;5200.68;32441.359
2026-08-05T19:30:55.610505+02:00;standby;26.4;42.5;5.0;28.0;58.3;57.0;0;0;0;0;16480.76;11280.08;5200.68;32441.359
2026-08-05T19:31:56.354178+02:00;standby;26.4;42.4;5.0;28.0;58.3;57.0;0;0;0;0;16480.76;11280.08;5200.68;32441.359
2026-08-05T19:32:56.979092+02:00;standby;26.4;42.4;5.0;28.0;58.3;57.0;0;0;0;0;16480.76;11280.08;5200.68;32441.359
2026-08-05T19:33:57.456281+02:00;standby;26.4;42.3;5.0;28.0;58.3;57.0;0;0;0;0;16480.76;11280.08;5200.68;32441.359
2026-08-05T19:35:01.969121+02:00;standby;26.4;42.3;5.0;28.0;58.3;57.0;0;0;0;0;16480.76;11280.08;5200.68;32441.359
2026-08-05T19:36:02.389368+02:00;standby;26.4;42.2;5.0;28.0;58.3;57.0;0;0;0;0;16480.76;11280.08;5200.68;32441.359
2026-08-05T19:37:02.923420+02:00;standby;26.4;42.2;5.0;28.0;58.3;57.0;0;0;0;0;16480.76;11280.08;5200.68;32441.359
2026-08-05T19:38:03.467751+02:00;standby;26.4;42.0;5.0;28.0;58.3;57.0;0;0;0;0;16480.76;11280.08;5200.68;32441.359
2026-08-05T19:39:03.991558+02:00;standby;26.4;42.0;5.0;28.0;58.3;57.0;0;0;0;0;16480.76;11280.08;5200.68;32441.359
2026-08-05T19:40:04.465978+02:00;standby;26.4;41.9;5.0;28.0;58.3;57.0;0;0;0;0;16480.76;11280.08;5200.68;32441.359
2026-08-05T19:41:05.002741+02:00;standby;26.4;41.9;5.0;28.0;58.3;57.0;0;0;0;0;16480.76;11280.08;5200.68;32441.359
2026-08-05T19:42:05.632007+02:00;standby;26.4;41.8;5.0;28.0;58.3;57.0;0;0;0;0;16480.76;11280.08;5200.68;32441.359
2026-08-05T19:43:06.786546+02:00;standby;26.4;41.8;5.0;28.0;58.2;57.0;0;0;0;0;16480.76;11280.08;5200.68;32441.359
2026-08-05T19:44:07.274983+02:00;standby;26.4;41.7;5.0;28.0;58.2;57.0;0;0;0;0;16480.76;11280.08;5200.68;32441.359
2026-08-05T19:45:07.776086+02:00;standby;26.4;41.7;5.0;28.0;58.2;57.0;0;0;0;0;16480.76;11280.08;5200.68;32441.359
2026-08-05T19:46:08.464812+02:00;standby;26.4;41.6;5.0;28.0;58.2;57.0;0;0;0;0;16480.76;11280.08;5200.68;32441.359
2026-08-05T19:47:10.490107+02:00;standby;26.4;41.6;5.0;28.0;58.2;57.0;0;0;0;0;16480.76;11280.08;5200.68;32441.359
2026-08-05T19:48:10.969478+02:00;standby;26.4;41.5;5.0;28.0;58.2;57.0;0;0;0;0;16480.76;11280.08;5200.68;32441.359
2026-08-05T19:49:11.652496+02:00;standby;26.4;41.5;5.0;28.0;58.2;57.0;0;0;0;0;16480.76;11280.08;5200.68;32441.359
2026-08-05T19:50:12.148892+02:00;standby;26.4;41.4;5.0;28.0;58.2;57.0;0;0;0;0;16480.76;11280.08;5200.68;32441.359
2026-08-05T19:51:12.713627+02:00;standby;26.4;41.4;5.0;28.0;58.2;57.0;0;0;0;0;16480.76;11280.08;5200.68;32441.359
2026-08-05T19:52:13.192863+02:00;standby;26.4;41.2;5.0;28.0;58.2;57.0;0;0;0;0;16480.76;11280.08;5200.68;32441.359
2026-08-05T19:53:13.941901+02:00;standby;26.4;41.2;5.0;28.0;58.2;57.0;0;0;0;0;16480.76;11280.08;5200.68;32441.359
2026-08-05T19:54:14.412181+02:00;standby;26.4;41.1;5.0;28.0;58.2;57.0;0;0;0;0;16480.76;11280.08;5200.68;32441.359
2026-08-05T19:55:14.910417+02:00;standby;26.4;41.1;5.0;28.0;58.2;57.0;0;0;0;0;16480.76;11280.08;5200.68;32441.359
2026-08-05T19:56:15.371577+02:00;standby;26.4;41.0;5.0;28.0;58.1;57.0;0;0;0;0;16480.76;11280.08;5200.68;32441.359
2026-08-05T19:57:15.951454+02:00;standby;26.4;41.0;5.0;28.0;58.1;57.0;0;0;0;0;16480.76;11280.08;5200.68;32441.359
2026-08-05T19:58:16.409890+02:00;standby;26.4;40.9;5.0;28.0;58.1;57.0;0;0;0;0;16480.76;11280.08;5200.68;32441.359
2026-08-05T19:59:17.032622+02:00;standby;26.4;40.9;5.0;28.0;58.1;57.0;0;0;0;0;16480.76;11280.08;5200.68;32441.359
2026-08-05T20:00:17.507653+02:00;standby;26.4;40.8;5.0;28.0;58.1;57.0;0;0;0;0;16480.76;11280.08;5200.68;32441.359
2026-08-05T20:01:18.028937+02:00;standby;26.4;40.8;5.0;28.0;58.1;57.0;0;0;0;0;16480.76;11280.08;5200.68;32441.359
2026-08-05T20:02:18.481006+02:00;standby;26.4;40.8;5.0;28.0;58.1;57.0;0;0;0;0;16480.76;11280.08;5200.68;32441.359
2026-08-05T20:03:19.102227+02:00;standby;26.4;40.7;5.0;28.0;58.1;57.0;0;0;0;0;16480.76;11280.08;5200.68;32441.359
2026-08-05T20:04:19.890331+02:00;standby;26.4;40.7;5.0;28.0;58.1;57.0;0;0;0;0;16480.76;11280.08;5200.68;32441.359
2026-08-05T20:05:20.355951+02:00;standby;26.4;40.6;5.0;28.0;58.1;57.0;0;0;0;0;16480.76;11280.08;5200.68;32441.359
2026-08-05T20:06:20.862999+02:00;standby;26.4;40.5;5.0;28.0;58.1;57.0;0;0;0;0;16480.76;11280.08;5200.68;32441.359
2026-08-05T20:07:21.517469+02:00;standby;26.4;40.5;5.0;28.0;58.0;57.0;0;0;0;0;16480.76;11280.08;5200.68;32441.359
2026-08-05T20:08:21.974155+02:00;standby;26.4;40.5;5.0;28.0;58.0;57.0;0;0;0;0;16480.76;11280.08;5200.68;32441.359
2026-08-05T20:09:22.639156+02:00;standby;26.4;40.3;5.0;28.0;58.0;57.0;0;0;0;0;16480.76;11280.08;5200.68;32441.359
2026-08-05T20:10:23.565348+02:00;standby;26.4;40.3;5.0;28.0;58.0;57.0;0;0;0;0;16480.76;11280.08;5200.68;32441.359
2026-08-05T20:11:24.145850+02:00;standby;26.4;40.2;5.0;28.0;58.0;57.0;0;0;0;0;16480.76;11280.08;5200.68;32441.359
2026-08-05T20:12:24.797543+02:00;standby;26.4;40.2;5.0;28.0;58.0;57.0;0;0;0;0;16480.76;11280.08;5200.68;32441.359
2026-08-05T20:13:25.292859+02:00;standby;26.4;40.2;5.0;28.0;58.0;57.0;0;0;0;0;16480.76;11280.08;5200.68;32441.359
2026-08-05T20:14:26.089397+02:00;standby;26.4;40.1;5.0;28.0;58.0;57.0;0;0;0;0;16480.76;11280.08;5200.68;32441.359
2026-08-05T20:15:26.775122+02:00;standby;26.4;40.1;5.0;28.0;58.0;57.0;0;0;0;0;16480.76;11280.08;5200.68;32441.359
2026-08-05T20:16:27.240214+02:00;standby;26.4;40.0;5.0;28.0;58.0;57.0;0;0;0;0;16480.76;11280.08;5200.68;32441.359
2026-08-05T20:17:27.826606+02:00;standby;26.4;40.0;5.0;28.0;58.0;57.0;0;0;0;0;16480.76;11280.08;5200.68;32441.359
2026-08-05T20:18:28.400715+02:00;standby;26.4;39.9;5.0;28.0;58.0;57.0;0;0;0;0;16480.76;11280.08;5200.68;32441.359
2026-08-05T20:19:29.068782+02:00;standby;26.4;39.9;5.0;28.0;58.0;57.0;0;0;0;0;16480.76;11280.08;5200.68;32441.359
2026-08-05T20:20:29.718653+02:00;standby;25.1;39.9;5.0;28.0;58.0;57.0;0;0;0;0;16480.76;11280.08;5200.68;32441.359
2026-08-05T20:21:30.402106+02:00;standby;25.1;39.8;5.0;28.0;58.0;57.0;0;0;0;0;16480.76;11280.08;5200.68;32441.359
2026-08-05T20:22:30.938922+02:00;standby;25.1;39.8;5.0;28.0;58.0;57.0;0;0;0;0;16480.76;11280.08;5200.68;32441.359
2026-08-05T20:23:31.509817+02:00;standby;25.1;39.6;5.0;28.0;57.9;57.0;0;0;0;0;16480.76;11280.08;5200.68;32441.359
2026-08-05T20:24:32.130651+02:00;standby;25.1;39.6;5.0;28.0;57.9;57.0;0;0;0;0;16480.76;11280.08;5200.68;32441.359
2026-08-05T20:25:32.692779+02:00;standby;25.1;39.5;5.0;28.0;57.9;57.0;0;0;0;0;16480.76;11280.08;5200.68;32441.359
2026-08-05T20:26:33.262880+02:00;standby;25.1;39.5;5.0;28.0;57.9;57.0;0;0;0;0;16480.76;11280.08;5200.68;32441.359
2026-08-05T20:27:33.730501+02:00;standby;25.1;39.5;5.0;28.0;57.9;57.0;0;0;0;0;16480.76;11280.08;5200.68;32441.359
2026-08-05T20:28:34.254533+02:00;standby;25.1;39.4;5.0;28.0;57.9;57.0;0;0;0;0;16480.76;11280.08;5200.68;32441.359
2026-08-05T20:29:34.760863+02:00;standby;25.1;39.4;5.0;28.0;57.9;57.0;0;0;0;0;16480.76;11280.08;5200.68;32441.359
2026-08-05T20:30:35.177925+02:00;standby;25.1;39.4;5.0;28.0;57.9;57.0;0;0;0;0;16480.76;11280.08;5200.68;32441.359
2026-08-05T20:31:35.589375+02:00;standby;25.1;39.3;5.0;28.0;57.9;57.0;0;0;0;0;16480.76;11280.08;5200.68;32441.359
2026-08-05T20:32:36.075322+02:00;standby;25.1;39.3;5.0;28.0;57.9;57.0;0;0;0;0;16480.76;11280.08;5200.68;32441.359
2026-08-05T20:33:36.699653+02:00;standby;25.1;39.1;5.0;28.0;57.9;57.0;0;0;0;0;16480.76;11280.08;5200.68;32441.359
2026-08-05T20:34:37.118843+02:00;standby;25.1;39.1;5.0;28.0;57.9;57.0;0;0;0;0;16480.76;11280.08;5200.68;32441.359
2026-08-05T20:35:37.773424+02:00;standby;25.1;39.1;5.0;28.0;57.8;57.0;0;0;0;0;16480.76;11280.08;5200.68;32441.359
2026-08-05T20:36:38.195548+02:00;standby;25.1;39.0;5.0;28.0;57.8;57.0;0;0;0;0;16480.76;11280.08;5200.68;32441.359
2026-08-05T20:37:38.677102+02:00;standby;25.1;39.0;5.0;28.0;57.8;57.0;0;0;0;0;16480.76;11280.08;5200.68;32441.359
2026-08-05T20:38:39.129701+02:00;standby;25.1;39.0;5.0;28.0;57.8;57.0;0;0;0;0;16480.76;11280.08;5200.68;32441.359
2026-08-05T20:39:39.978984+02:00;standby;25.1;38.9;5.0;28.0;57.8;57.0;0;0;0;0;16480.76;11280.08;5200.68;32441.359
2026-08-05T20:40:40.433217+02:00;standby;25.1;38.9;5.0;28.0;57.8;57.0;0;0;0;0;16480.76;11280.08;5200.68;32441.359
2026-08-05T20:41:40.989177+02:00;standby;25.1;38.8;5.0;28.0;57.8;57.0;0;0;0;0;16480.76;11280.08;5200.68;32441.359
2026-08-05T20:42:41.677126+02:00;standby;25.1;38.8;5.0;28.0;57.8;57.0;0;0;0;0;16480.76;11280.08;5200.68;32441.359
2026-08-05T20:43:42.118469+02:00;standby;25.1;38.8;5.0;28.0;57.8;57.0;0;0;0;0;16480.76;11280.08;5200.68;32441.359
2026-08-05T20:44:42.553820+02:00;standby;25.1;38.6;5.0;28.0;57.8;57.0;0;0;0;0;16480.76;11280.08;5200.68;32441.359
2026-08-05T20:45:42.976899+02:00;standby;25.1;38.6;5.0;28.0;57.8;57.0;0;0;0;0;16480.76;11280.08;5200.68;32441.359
2026-08-05T20:46:43.441893+02:00;standby;25.1;38.6;5.0;28.0;57.8;57.0;0;0;0;0;16480.76;11280.08;5200.68;32441.359
2026-08-05T20:47:43.868268+02:00;standby;25.1;38.5;5.0;28.0;57.8;57.0;0;0;0;0;16480.76;11280.08;5200.68;32441.359
2026-08-05T20:48:44.625641+02:00;standby;25.1;38.5;5.0;28.0;57.8;57.0;0;0;0;0;16480.76;11280.08;5200.68;32441.359
2026-08-05T20:49:45.104454+02:00;standby;25.1;38.4;5.0;28.0;57.7;57.0;0;0;0;0;16480.76;11280.08;5200.68;32441.359
2026-08-05T20:50:45.932438+02:00;standby;25.1;38.4;5.0;28.0;57.7;57.0;0;0;0;0;16480.76;11280.08;5200.68;32441.359
2026-08-05T20:51:46.356775+02:00;standby;25.1;38.4;5.0;28.0;57.7;57.0;0;0;0;0;16480.76;11280.08;5200.68;32441.359
2026-08-05T20:52:46.968744+02:00;standby;25.1;38.3;5.0;28.0;57.7;57.0;0;0;0;0;16480.76;11280.08;5200.68;32441.359
2026-08-05T20:53:47.558349+02:00;standby;25.1;38.3;5.0;28.0;57.7;57.0;0;0;0;0;16480.76;11280.08;5200.68;32441.359
2026-08-05T20:54:48.210507+02:00;standby;25.1;38.3;5.0;28.0;57.7;57.0;0;0;0;0;16480.76;11280.08;5200.68;32441.359
2026-08-05T20:55:48.792534+02:00;standby;25.1;38.1;5.0;28.0;57.7;57.0;0;0;0;0;16480.76;11280.08;5200.68;32441.359
2026-08-05T20:56:49.262406+02:00;standby;25.1;38.1;5.0;28.0;57.7;57.0;0;0;0;0;16480.76;11280.08;5200.68;32441.359
2026-08-05T20:57:49.835470+02:00;standby;25.1;38.1;5.0;28.0;57.7;57.0;0;0;0;0;16480.76;11280.08;5200.68;32441.359
2026-08-05T20:58:50.304419+02:00;standby;25.1;38.0;5.0;28.0;57.7;57.0;0;0;0;0;16480.76;11280.08;5200.68;32441.359
2026-08-05T20:59:50.772042+02:00;standby;25.1;38.0;5.0;28.0;57.7;57.0;0;0;0;0;16480.76;11280.08;5200.68;32441.359
2026-08-05T21:00:51.845895+02:00;standby;25.1;38.0;5.0;28.0;57.7;57.0;0;0;0;0;16480.76;11280.08;5200.68;32441.359
2026-08-05T21:01:53.173242+02:00;standby;25.1;37.9;5.0;28.0;57.6;57.0;0;0;0;0;16480.76;11280.08;5200.68;32441.359
2026-08-05T21:02:53.632562+02:00;standby;25.1;37.9;5.0;28.0;57.6;57.0;0;0;0;0;16480.76;11280.08;5200.68;32441.359
2026-08-05T21:03:54.066945+02:00;standby;25.1;37.9;5.0;28.0;57.6;57.0;0;0;0;0;16480.76;11280.08;5200.68;32441.359
2026-08-05T21:04:54.593369+02:00;standby;25.1;37.8;5.0;28.0;57.6;57.0;0;0;0;0;16480.76;11280.08;5200.68;32441.359
2026-08-05T21:05:55.101226+02:00;standby;25.1;37.8;5.0;28.0;57.6;57.0;0;0;0;0;16480.76;11280.08;5200.68;32441.359
2026-08-05T21:06:55.977508+02:00;standby;25.1;37.8;5.0;28.0;57.6;57.0;0;0;0;0;16480.76;11280.08;5200.68;32441.359
2026-08-05T21:07:56.858637+02:00;standby;25.1;37.7;5.0;28.0;57.6;57.0;0;0;0;0;16480.76;11280.08;5200.68;32441.359
2026-08-05T21:08:59.624414+02:00;standby;25.1;37.7;5.0;28.0;57.6;57.0;0;0;0;0;16480.76;11280.08;5200.68;32441.359
2026-08-05T21:10:00.099756+02:00;standby;25.1;37.7;5.0;28.0;57.6;57.0;0;0;0;0;16480.76;11280.08;5200.68;32441.359
2026-08-05T21:11:00.528801+02:00;standby;25.1;37.5;5.0;28.0;57.6;57.0;0;0;0;0;16480.76;11280.08;5200.68;32441.359
2026-08-05T21:12:01.242583+02:00;standby;25.1;37.5;5.0;28.0;57.6;57.0;0;0;0;0;16480.76;11280.08;5200.68;32441.359
2026-08-05T21:13:01.673550+02:00;standby;25.1;37.5;5.0;28.0;57.6;57.0;0;0;0;0;16480.76;11280.08;5200.68;32441.359
2026-08-05T21:14:02.180520+02:00;standby;25.1;37.4;5.0;28.0;57.6;57.0;0;0;0;0;16480.76;11280.08;5200.68;32441.359
2026-08-05T21:15:02.560316+02:00;standby;25.1;37.4;5.0;28.0;57.6;57.0;0;0;0;0;16480.76;11280.08;5200.68;32441.359
2026-08-05T21:16:03.008787+02:00;standby;25.1;37.4;5.0;28.0;57.5;57.0;0;0;0;0;16480.76;11280.08;5200.68;32441.359
2026-08-05T21:17:03.543276+02:00;standby;25.1;37.3;5.0;28.0;57.5;57.0;0;0;0;0;16480.76;11280.08;5200.68;32441.359
2026-08-05T21:18:04.061330+02:00;standby;25.1;37.3;5.0;28.0;57.5;57.0;0;0;0;0;16480.76;11280.08;5200.68;32441.359
2026-08-05T21:19:04.519647+02:00;standby;25.1;37.3;5.0;28.0;57.5;57.0;0;0;0;0;16480.76;11280.08;5200.68;32441.359
2026-08-05T21:20:05.046352+02:00;standby;25.1;37.2;5.0;28.0;57.5;57.0;0;0;0;0;16480.76;11280.08;5200.68;32441.359
2026-08-05T21:21:05.772522+02:00;standby;24.6;37.2;5.0;28.0;57.5;57.0;0;0;0;0;16480.76;11280.08;5200.68;32441.359
2026-08-05T21:22:06.239085+02:00;standby;24.6;37.2;5.0;28.0;57.5;57.0;0;0;0;0;16480.76;11280.08;5200.68;32441.359
2026-08-05T21:23:06.692748+02:00;standby;24.6;37.0;5.0;28.0;57.5;57.0;0;0;0;0;16480.76;11280.08;5200.68;32441.359
2026-08-05T21:24:07.266661+02:00;standby;24.6;37.0;5.0;28.0;57.5;57.0;0;0;0;0;16480.76;11280.08;5200.68;32441.359
2026-08-05T21:25:07.695050+02:00;standby;24.6;37.0;5.0;28.0;57.5;57.0;0;0;0;0;16480.76;11280.08;5200.68;32441.359
2026-08-05T21:26:08.149647+02:00;standby;24.6;37.0;5.0;28.0;57.5;57.0;0;0;0;0;16480.76;11280.08;5200.68;32441.359
2026-08-05T21:27:08.591628+02:00;standby;24.6;36.9;5.0;28.0;57.4;57.0;0;0;0;0;16480.76;11280.08;5200.68;32441.359
2026-08-05T21:28:09.140385+02:00;standby;24.6;36.9;5.0;28.0;57.4;57.0;0;0;0;0;16480.76;11280.08;5200.68;32441.359
2026-08-05T21:29:09.604515+02:00;standby;24.6;36.9;5.0;28.0;57.4;57.0;0;0;0;0;16480.76;11280.08;5200.68;32441.359
2026-08-05T21:30:10.085129+02:00;standby;24.6;36.8;5.0;28.0;57.4;57.0;0;0;0;0;16480.76;11280.08;5200.68;32441.359
2026-08-05T21:31:10.549461+02:00;standby;24.6;36.8;5.0;28.0;57.4;57.0;0;0;0;0;16480.76;11280.08;5200.68;32441.359
2026-08-05T21:32:11.018501+02:00;standby;24.6;36.8;5.0;28.0;57.4;57.0;0;0;0;0;16480.76;11280.08;5200.68;32441.359
2026-08-05T21:33:11.433577+02:00;standby;24.6;36.8;5.0;28.0;57.4;57.0;0;0;0;0;16480.76;11280.08;5200.68;32441.359
2026-08-05T21:34:11.952309+02:00;standby;24.6;36.7;5.0;28.0;57.4;57.0;0;0;0;0;16480.76;11280.08;5200.68;32441.359
2026-08-05T21:35:12.373975+02:00;standby;24.6;36.7;5.0;28.0;57.4;57.0;0;0;0;0;16480.76;11280.08;5200.68;32441.359
2026-08-05T21:36:12.834913+02:00;standby;24.6;36.7;5.0;28.0;57.4;57.0;0;0;0;0;16480.76;11280.08;5200.68;32441.359
2026-08-05T21:37:13.307277+02:00;standby;24.6;36.5;5.0;28.0;57.4;57.0;0;0;0;0;16480.76;11280.08;5200.68;32441.359
2026-08-05T21:38:13.816842+02:00;standby;24.6;36.5;5.0;28.0;57.4;57.0;0;0;0;0;16480.76;11280.08;5200.68;32441.359
2026-08-05T21:39:14.284072+02:00;standby;24.6;36.5;5.0;28.0;57.4;57.0;0;0;0;0;16480.76;11280.08;5200.68;32441.359
2026-08-05T21:40:14.732371+02:00;standby;24.6;36.5;5.0;28.0;57.3;57.0;0;0;0;0;16480.76;11280.08;5200.68;32441.359
2026-08-05T21:41:15.182810+02:00;standby;24.6;36.4;5.0;28.0;57.3;57.0;0;0;0;0;16480.76;11280.08;5200.68;32441.359
2026-08-05T21:42:15.606093+02:00;standby;24.6;36.4;5.0;28.0;57.3;57.0;0;0;0;0;16480.76;11280.08;5200.68;32441.359
2026-08-05T21:43:16.056752+02:00;standby;24.6;36.4;5.0;28.0;57.3;57.0;0;0;0;0;16480.76;11280.08;5200.68;32441.359
2026-08-05T21:44:16.632868+02:00;standby;24.6;36.3;5.0;28.0;57.3;57.0;0;0;0;0;16480.76;11280.08;5200.68;32441.359
2026-08-05T21:45:17.246597+02:00;standby;24.6;36.3;5.0;28.0;57.3;57.0;0;0;0;0;16480.76;11280.08;5200.68;32441.359
2026-08-05T21:46:18.392632+02:00;standby;24.6;36.3;5.0;28.0;57.3;57.0;0;0;0;0;16480.76;11280.08;5200.68;32441.359
2026-08-05T21:47:19.262227+02:00;standby;24.6;36.3;5.0;28.0;57.3;57.0;0;0;0;0;16480.76;11280.08;5200.68;32441.359
2026-08-05T21:48:19.787866+02:00;standby;24.6;36.2;5.0;28.0;57.3;57.0;0;0;0;0;16480.76;11280.08;5200.68;32441.359
2026-08-05T21:49:20.305920+02:00;standby;24.6;36.2;5.0;28.0;57.3;57.0;0;0;0;0;16480.76;11280.08;5200.68;32441.359
2026-08-05T21:50:20.844455+02:00;standby;24.6;36.2;5.0;28.0;57.3;57.0;0;0;0;0;16480.76;11280.08;5200.68;32441.359
2026-08-05T21:51:21.288834+02:00;standby;24.6;36.0;5.0;28.0;57.3;57.0;0;0;0;0;16480.76;11280.08;5200.68;32441.359
2026-08-05T21:52:21.779277+02:00;standby;24.6;36.0;5.0;28.0;57.3;57.0;0;0;0;0;16480.76;11280.08;5200.68;32441.359
2026-08-05T21:53:22.375931+02:00;standby;24.6;36.0;5.0;28.0;57.3;57.0;0;0;0;0;16480.76;11280.08;5200.68;32441.359
2026-08-05T21:54:22.819318+02:00;standby;24.6;36.0;5.0;28.0;57.2;57.0;0;0;0;0;16480.76;11280.08;5200.68;32441.359
2026-08-05T21:55:23.254437+02:00;standby;24.6;35.9;5.0;28.0;57.2;57.0;0;0;0;0;16480.76;11280.08;5200.68;32441.359
2026-08-05T21:56:23.752488+02:00;standby;24.6;35.9;5.0;28.0;57.2;57.0;0;0;0;0;16480.76;11280.08;5200.68;32441.359
2026-08-05T21:57:24.197752+02:00;standby;24.6;35.9;5.0;28.0;57.2;57.0;0;0;0;0;16480.76;11280.08;5200.68;32441.359
2026-08-05T21:58:25.692987+02:00;standby;24.6;35.9;5.0;28.0;57.2;57.0;0;0;0;0;16480.76;11280.08;5200.68;32441.359
2026-08-05T21:59:26.216903+02:00;standby;24.6;35.9;5.0;28.0;57.2;57.0;0;0;0;0;16480.76;11280.08;5200.68;32441.359
2026-08-05T22:00:26.935733+02:00;standby;24.6;35.8;5.0;28.0;57.2;57.0;0;0;0;0;16480.76;11280.08;5200.68;32441.359
2026-08-05T22:01:27.475463+02:00;standby;24.6;35.8;5.0;28.0;57.2;57.0;0;0;0;0;16480.76;11280.08;5200.68;32441.359
2026-08-05T22:02:28.020741+02:00;standby;24.6;35.8;5.0;28.0;57.2;57.0;0;0;0;0;16480.76;11280.08;5200.68;32441.359
2026-08-05T22:03:28.721105+02:00;standby;24.6;35.7;5.0;28.0;57.2;57.0;0;0;0;0;16480.76;11280.08;5200.68;32441.359
2026-08-05T22:04:29.264890+02:00;standby;24.6;35.7;5.0;28.0;57.2;57.0;0;0;0;0;16480.76;11280.08;5200.68;32441.359
2026-08-05T22:05:29.993255+02:00;standby;24.6;35.7;5.0;28.0;57.2;57.0;0;0;0;0;16480.76;11280.08;5200.68;32441.359
2026-08-05T22:06:30.456803+02:00;standby;24.6;35.6;5.0;28.0;57.2;57.0;0;0;0;0;16480.76;11280.08;5200.68;32441.359
2026-08-05T22:07:30.996461+02:00;standby;24.6;35.6;5.0;28.0;57.1;57.0;0;0;0;0;16480.76;11280.08;5200.68;32441.359
2026-08-05T22:08:31.451739+02:00;standby;24.6;35.6;5.0;28.0;57.1;57.0;0;0;0;0;16480.76;11280.08;5200.68;32441.359
2026-08-05T22:09:32.033619+02:00;standby;24.6;35.6;5.0;28.0;57.1;57.0;0;0;0;0;16480.76;11280.08;5200.68;32441.359
2026-08-05T22:10:32.499217+02:00;standby;24.6;35.6;5.0;28.0;57.1;57.0;0;0;0;0;16480.76;11280.08;5200.68;32441.359
2026-08-05T22:11:33.021002+02:00;standby;24.6;35.4;5.0;28.0;57.1;57.0;0;0;0;0;16480.76;11280.08;5200.68;32441.359
2026-08-05T22:12:33.490368+02:00;standby;24.6;35.4;5.0;28.0;57.1;57.0;0;0;0;0;16480.76;11280.08;5200.68;32441.359
2026-08-05T22:13:33.983253+02:00;standby;24.6;35.4;5.0;28.0;57.1;57.0;0;0;0;0;16480.76;11280.08;5200.68;32441.359
2026-08-05T22:14:34.672351+02:00;standby;24.6;35.4;5.0;28.0;57.1;57.0;0;0;0;0;16480.76;11280.08;5200.68;32441.359
2026-08-05T22:15:35.130756+02:00;standby;24.6;35.3;5.0;28.0;57.1;57.0;0;0;0;0;16480.76;11280.08;5200.68;32441.359
2026-08-05T22:16:35.645451+02:00;standby;24.6;35.3;5.0;28.0;57.1;57.0;0;0;0;0;16480.76;11280.08;5200.68;32441.359
2026-08-05T22:17:36.176898+02:00;standby;24.6;35.3;5.0;28.0;57.1;57.0;0;0;0;0;16480.76;11280.08;5200.68;32441.359
2026-08-05T22:18:36.705780+02:00;standby;24.6;35.3;5.0;28.0;57.1;57.0;0;0;0;0;16480.76;11280.08;5200.68;32441.359
2026-08-05T22:19:37.585100+02:00;standby;24.6;35.3;5.0;28.0;57.1;57.0;0;0;0;0;16480.76;11280.08;5200.68;32441.359
2026-08-05T22:20:38.035944+02:00;standby;24.6;35.2;5.0;28.0;56.9;57.0;0;0;0;0;16480.76;11280.08;5200.68;32441.359
2026-08-05T22:21:38.719731+02:00;standby;24.4;35.2;5.0;28.0;56.9;57.0;0;0;0;0;16480.76;11280.08;5200.68;32441.359
2026-08-05T22:22:39.282136+02:00;standby;24.4;35.2;5.0;28.0;56.9;57.0;0;0;0;0;16480.76;11280.08;5200.68;32441.359
2026-08-05T22:23:39.754974+02:00;standby;24.4;35.1;5.0;28.0;56.9;57.0;0;0;0;0;16480.76;11280.08;5200.68;32441.359
2026-08-05T22:24:40.210948+02:00;standby;24.4;35.1;5.0;28.0;56.9;57.0;0;0;0;0;16480.76;11280.08;5200.68;32441.359
2026-08-05T22:25:40.798723+02:00;standby;24.4;35.1;5.0;28.0;56.9;57.0;0;0;0;0;16480.76;11280.08;5200.68;32441.359
2026-08-05T22:26:41.263747+02:00;standby;24.4;35.1;5.0;28.0;56.9;57.0;0;0;0;0;16480.76;11280.08;5200.68;32441.359
2026-08-05T22:27:41.728061+02:00;standby;24.4;35.1;5.0;28.0;56.9;57.0;0;0;0;0;16480.76;11280.08;5200.68;32441.359
2026-08-05T22:28:42.187166+02:00;standby;24.4;34.9;5.0;28.0;56.9;57.0;0;0;0;0;16480.76;11280.08;5200.68;32441.359
2026-08-05T22:29:42.661269+02:00;standby;24.4;34.9;5.0;28.0;56.9;57.0;0;0;0;0;16480.76;11280.08;5200.68;32441.359
2026-08-05T22:30:43.228999+02:00;standby;24.4;34.9;5.0;28.0;56.9;57.0;0;0;0;0;16480.76;11280.08;5200.68;32441.359
2026-08-05T22:31:44.070739+02:00;standby;24.4;34.9;5.0;28.0;56.9;57.0;0;0;0;0;16480.76;11280.08;5200.68;32441.359
2026-08-05T22:32:44.537925+02:00;standby;24.4;34.9;5.0;28.0;56.8;57.0;0;0;0;0;16480.76;11280.08;5200.68;32441.359
2026-08-05T22:33:45.195345+02:00;standby;24.4;34.8;5.0;28.0;56.8;57.0;0;0;0;0;16480.76;11280.08;5200.68;32441.359
2026-08-05T22:34:45.655449+02:00;standby;24.4;34.8;5.0;28.0;56.8;57.0;0;0;0;0;16480.76;11280.08;5200.68;32441.359
2026-08-05T22:35:46.131508+02:00;standby;24.4;34.8;5.0;28.0;56.8;57.0;0;0;0;0;16480.76;11280.08;5200.68;32441.359
2026-08-05T22:36:46.657565+02:00;standby;24.4;34.8;5.0;28.0;56.8;57.0;0;0;0;0;16480.76;11280.08;5200.68;32441.359
2026-08-05T22:37:47.170949+02:00;standby;24.4;34.8;5.0;28.0;56.8;57.0;0;0;0;0;16480.76;11280.08;5200.68;32441.359
2026-08-05T22:38:47.632293+02:00;standby;24.4;34.7;5.0;28.0;56.8;57.0;0;0;0;0;16480.76;11280.08;5200.68;32441.359
2026-08-05T22:39:48.129111+02:00;standby;24.4;34.7;5.0;28.0;56.8;57.0;0;0;0;0;16480.76;11280.08;5200.68;32441.359
2026-08-05T22:40:48.586406+02:00;standby;24.4;34.7;5.0;28.0;56.8;57.0;0;0;0;0;16480.76;11280.08;5200.68;32441.359
2026-08-05T22:41:49.129078+02:00;standby;24.4;34.6;5.0;28.0;56.8;57.0;0;0;0;0;16480.76;11280.08;5200.68;32441.359
2026-08-05T22:42:49.626503+02:00;standby;24.4;34.6;5.0;28.0;56.8;57.0;0;0;0;0;16480.76;11280.08;5200.68;32441.359
2026-08-05T22:43:50.255188+02:00;standby;24.4;34.6;5.0;28.0;56.8;57.0;0;0;0;0;16480.76;11280.08;5200.68;32441.359
2026-08-05T22:44:50.708360+02:00;standby;24.4;34.6;5.0;28.0;56.8;57.0;0;0;0;0;16480.76;11280.08;5200.68;32441.359
2026-08-05T22:45:51.146485+02:00;standby;24.4;34.6;5.0;28.0;56.7;57.0;0;0;0;0;16480.76;11280.08;5200.68;32441.359
2026-08-05T22:46:51.591785+02:00;standby;24.4;34.6;5.0;28.0;56.7;57.0;0;0;0;0;16480.76;11280.08;5200.68;32441.359
2026-08-05T22:47:52.063751+02:00;standby;24.4;34.4;5.0;28.0;56.7;57.0;0;0;0;0;16480.76;11280.08;5200.68;32441.359
2026-08-05T22:48:52.538282+02:00;standby;24.4;34.4;5.0;28.0;56.7;57.0;0;0;0;0;16480.76;11280.08;5200.68;32441.359
2026-08-05T22:49:53.100709+02:00;standby;24.4;34.4;5.0;28.0;56.7;57.0;0;0;0;0;16480.76;11280.08;5200.68;32441.359
2026-08-05T22:50:53.670424+02:00;standby;24.4;34.4;5.0;28.0;56.7;57.0;0;0;0;0;16480.76;11280.08;5200.68;32441.359
2026-08-05T22:51:54.145527+02:00;standby;24.4;34.4;5.0;28.0;56.7;57.0;0;0;0;0;16480.76;11280.08;5200.68;32441.359
2026-08-05T22:52:54.602119+02:00;standby;24.4;34.3;5.0;28.0;56.7;57.0;0;0;0;0;16480.76;11280.08;5200.68;32441.359
2026-08-05T22:53:55.131404+02:00;standby;24.4;34.3;5.0;28.0;56.7;57.0;0;0;0;0;16480.76;11280.08;5200.68;32441.359
2026-08-05T22:54:55.578424+02:00;standby;24.4;34.3;5.0;28.0;56.7;57.0;0;0;0;0;16480.76;11280.08;5200.68;32441.359
2026-08-05T22:55:56.264087+02:00;standby;24.4;34.3;5.0;28.0;56.7;57.0;0;0;0;0;16480.76;11280.08;5200.68;32441.359
2026-08-05T22:56:56.676613+02:00;standby;24.4;34.3;5.0;28.0;56.6;57.0;0;0;0;0;16480.76;11280.08;5200.68;32441.359
2026-08-05T22:57:57.103374+02:00;standby;24.4;34.2;5.0;28.0;56.6;57.0;0;0;0;0;16480.76;11280.08;5200.68;32441.359
2026-08-05T22:58:57.801187+02:00;standby;24.4;34.2;5.0;28.0;56.6;57.0;0;0;0;0;16480.76;11280.08;5200.68;32441.359
2026-08-05T22:59:58.380822+02:00;standby;24.4;34.2;5.0;28.0;56.6;57.0;0;0;0;0;16480.76;11280.08;5200.68;32441.359
2026-08-05T23:00:58.822600+02:00;standby;24.4;34.2;5.0;28.0;56.6;57.0;0;0;0;0;16480.76;11280.08;5200.68;32441.359
2026-08-05T23:01:59.475863+02:00;standby;24.4;34.2;5.0;25.0;56.6;57.0;0;0;0;0;16480.76;11280.08;5200.68;32441.359
2026-08-05T23:02:59.918152+02:00;standby;24.4;34.1;5.0;25.0;56.6;57.0;0;0;0;0;16480.76;11280.08;5200.68;32441.359
2026-08-05T23:04:00.539851+02:00;standby;24.4;34.1;5.0;25.0;56.6;57.0;0;0;0;0;16480.76;11280.08;5200.68;32441.359
2026-08-05T23:05:01.360457+02:00;standby;24.4;34.1;5.0;25.0;56.6;57.0;0;0;0;0;16480.76;11280.08;5200.68;32441.359
2026-08-05T23:06:01.928828+02:00;standby;24.4;34.1;5.0;25.0;56.6;57.0;0;0;0;0;16480.76;11280.08;5200.68;32441.359
2026-08-05T23:07:02.958333+02:00;standby;24.4;34.1;5.0;25.0;56.6;57.0;0;0;0;0;16480.76;11280.08;5200.68;32441.359
2026-08-05T23:08:03.370813+02:00;standby;24.4;34.0;5.0;25.0;56.6;57.0;0;0;0;0;16480.76;11280.08;5200.68;32441.359
2026-08-05T23:09:03.789490+02:00;standby;24.4;34.0;5.0;25.0;56.6;57.0;0;0;0;0;16480.76;11280.08;5200.68;32441.359
2026-08-05T23:10:04.313341+02:00;standby;24.4;34.0;5.0;25.0;56.6;57.0;0;0;0;0;16480.76;11280.08;5200.68;32441.359
2026-08-05T23:11:05.196577+02:00;standby;24.4;34.0;5.0;25.0;56.5;57.0;0;0;0;0;16480.76;11280.08;5200.68;32441.359
2026-08-05T23:12:05.909066+02:00;standby;24.4;34.0;5.0;25.0;56.5;57.0;0;0;0;0;16480.76;11280.08;5200.68;32441.359
2026-08-05T23:13:06.537385+02:00;standby;24.4;34.0;5.0;25.0;56.5;57.0;0;0;0;0;16480.76;11280.08;5200.68;32441.359
2026-08-05T23:14:11.273661+02:00;standby;24.4;33.8;5.0;25.0;56.4;57.0;0;0;0;0;16480.76;11280.08;5200.68;32441.359
2026-08-05T23:15:11.733747+02:00;standby;24.4;33.8;5.0;25.0;56.4;57.0;0;0;0;0;16480.76;11280.08;5200.68;32441.359
2026-08-05T23:16:12.420018+02:00;standby;24.4;33.8;5.0;25.0;56.4;57.0;0;0;0;0;16480.76;11280.08;5200.68;32441.359
2026-08-05T23:17:13.160971+02:00;standby;24.4;33.8;5.0;25.0;56.4;57.0;0;0;0;0;16480.76;11280.08;5200.68;32441.359
2026-08-05T23:18:13.625473+02:00;standby;24.4;33.8;5.0;25.0;56.4;57.0;0;0;0;0;16480.76;11280.08;5200.68;32441.359
2026-08-05T23:19:14.144255+02:00;standby;24.4;33.7;5.0;25.0;56.4;57.0;0;0;0;0;16480.76;11280.08;5200.68;32441.359
2026-08-05T23:20:15.518874+02:00;standby;24.4;33.7;5.0;25.0;56.4;57.0;0;0;0;0;16480.76;11280.08;5200.68;32441.359
2026-08-05T23:21:16.063414+02:00;standby;24.4;33.7;5.0;25.0;56.4;57.0;0;0;0;0;16480.76;11280.08;5200.68;32441.359
2026-08-05T23:22:16.596840+02:00;standby;24.2;33.7;5.0;25.0;56.4;57.0;0;0;0;0;16480.76;11280.08;5200.68;32441.359
2026-08-05T23:23:17.206733+02:00;standby;24.2;33.7;5.0;25.0;56.4;57.0;0;0;0;0;16480.76;11280.08;5200.68;32441.359
2026-08-05T23:24:17.797300+02:00;standby;24.2;33.6;5.0;25.0;56.4;57.0;0;0;0;0;16480.76;11280.08;5200.68;32441.359
2026-08-05T23:25:18.242928+02:00;standby;24.2;33.6;5.0;25.0;56.3;57.0;0;0;0;0;16480.76;11280.08;5200.68;32441.359
2026-08-05T23:26:18.735429+02:00;standby;24.2;33.6;5.0;25.0;56.3;57.0;0;0;0;0;16480.76;11280.08;5200.68;32441.359
2026-08-05T23:27:19.188180+02:00;standby;24.2;33.6;5.0;25.0;56.3;57.0;0;0;0;0;16480.76;11280.08;5200.68;32441.359
2026-08-05T23:28:19.856266+02:00;standby;24.2;33.6;5.0;25.0;56.3;57.0;0;0;0;0;16480.76;11280.08;5200.68;32441.359
2026-08-05T23:29:20.260271+02:00;standby;24.2;33.6;5.0;25.0;56.3;57.0;0;0;0;0;16480.76;11280.08;5200.68;32441.359
2026-08-05T23:30:21.155181+02:00;standby;24.2;33.5;5.0;25.0;56.3;57.0;0;0;0;0;16480.76;11280.08;5200.68;32441.359
2026-08-05T23:31:21.601336+02:00;standby;24.2;33.5;5.0;25.0;56.3;57.0;0;0;0;0;16480.76;11280.08;5200.68;32441.359
2026-08-05T23:32:22.136029+02:00;standby;24.2;33.5;5.0;25.0;56.3;57.0;0;0;0;0;16480.76;11280.08;5200.68;32441.359
2026-08-05T23:33:22.633661+02:00;standby;24.2;33.5;5.0;25.0;56.3;57.0;0;0;0;0;16480.76;11280.08;5200.68;32441.359
2026-08-05T23:34:23.173354+02:00;standby;24.2;33.5;5.0;25.0;56.3;57.0;0;0;0;0;16480.76;11280.08;5200.68;32441.359
2026-08-05T23:35:23.856506+02:00;standby;24.2;33.5;5.0;25.0;56.3;57.0;0;0;0;0;16480.76;11280.08;5200.68;32441.359
2026-08-05T23:36:24.814636+02:00;standby;24.2;33.3;5.0;25.0;56.3;57.0;0;0;0;0;16480.76;11280.08;5200.68;32441.359
2026-08-05T23:37:25.293159+02:00;standby;24.2;33.3;5.0;25.0;56.2;57.0;0;0;0;0;16480.76;11280.08;5200.68;32441.359
2026-08-05T23:38:25.763166+02:00;standby;24.2;33.3;5.0;25.0;56.2;57.0;0;0;0;0;16480.76;11280.08;5200.68;32441.359
2026-08-05T23:39:26.928524+02:00;standby;24.2;33.3;5.0;25.0;56.2;57.0;0;0;0;0;16480.76;11280.08;5200.68;32441.359
2026-08-05T23:40:27.391905+02:00;standby;24.2;33.3;5.0;25.0;56.2;57.0;0;0;0;0;16480.76;11280.08;5200.68;32441.359
2026-08-05T23:41:27.864382+02:00;standby;24.2;33.3;5.0;25.0;56.2;57.0;0;0;0;0;16480.76;11280.08;5200.68;32441.359
2026-08-05T23:42:28.295642+02:00;standby;24.2;33.3;5.0;25.0;56.2;57.0;0;0;0;0;16480.76;11280.08;5200.68;32441.359
2026-08-05T23:43:28.714222+02:00;standby;24.2;33.2;5.0;25.0;56.2;57.0;0;0;0;0;16480.76;11280.08;5200.68;32441.359
2026-08-05T23:44:29.160349+02:00;standby;24.2;33.2;5.0;25.0;56.2;57.0;0;0;0;0;16480.76;11280.08;5200.68;32441.359
2026-08-05T23:45:30.835510+02:00;standby;24.2;33.2;5.0;25.0;56.2;57.0;0;0;0;0;16480.76;11280.08;5200.68;32441.359
2026-08-05T23:46:31.280799+02:00;standby;24.2;33.2;5.0;25.0;56.2;10.0;0;0;0;0;16480.76;11280.08;5200.68;32441.359
2026-08-05T23:47:31.698257+02:00;standby;24.2;33.2;5.0;25.0;56.2;10.0;0;0;0;0;16480.76;11280.08;5200.68;32441.359
2026-08-05T23:48:32.131470+02:00;standby;24.2;33.2;5.0;25.0;56.2;10.0;0;0;0;0;16480.76;11280.08;5200.68;32441.359
2026-08-05T23:49:32.969238+02:00;standby;24.2;33.1;5.0;25.0;56.1;10.0;0;0;0;0;16480.76;11280.08;5200.68;32441.359
2026-08-05T23:50:33.454635+02:00;standby;24.2;33.1;5.0;25.0;56.1;10.0;0;0;0;0;16480.76;11280.08;5200.68;32441.359
2026-08-05T23:51:33.870998+02:00;standby;24.2;33.1;5.0;25.0;56.1;10.0;0;0;0;0;16480.76;11280.08;5200.68;32441.359
2026-08-05T23:52:34.295639+02:00;standby;24.2;33.1;5.0;25.0;56.1;10.0;0;0;0;0;16480.76;11280.08;5200.68;32441.359
2026-08-05T23:53:34.776491+02:00;standby;24.2;33.1;5.0;25.0;56.1;10.0;0;0;0;0;16480.76;11280.08;5200.68;32441.359
2026-08-05T23:54:35.280007+02:00;standby;24.2;33.1;5.0;25.0;56.1;10.0;0;0;0;0;16480.76;11280.08;5200.68;32441.359
2026-08-05T23:55:35.912956+02:00;standby;24.2;33.0;5.0;25.0;56.1;10.0;0;0;0;0;16480.76;11280.08;5200.68;32441.359
2026-08-05T23:56:36.315001+02:00;standby;24.2;33.0;5.0;25.0;56.1;10.0;0;0;0;0;16480.76;11280.08;5200.68;32441.359
2026-08-05T23:57:36.802980+02:00;standby;24.2;33.0;5.0;25.0;56.1;10.0;0;0;0;0;16480.76;11280.08;5200.68;32441.359
2026-08-05T23:58:37.266902+02:00;standby;24.2;33.0;5.0;25.0;56.1;10.0;0;0;0;0;16480.76;11280.08;5200.68;32441.359
2026-08-05T23:59:37.726625+02:00;standby;24.2;33.0;5.0;25.0;56.1;10.0;0;0;0;0;16480.76;11280.08;5200.68;32441.359
2026-08-06T00:00:38.195500+02:00;standby;24.2;33.0;5.0;25.0;56.1;10.0;0;0;0;0;16480.76;11280.08;5200.68;32441.359
2026-08-06T00:01:38.652547+02:00;standby;24.2;33.0;5.0;25.0;56.1;10.0;0;0;0;0;16480.76;11280.08;5200.68;32441.359
2026-08-06T00:02:39.121491+02:00;standby;24.2;33.0;5.0;25.0;56.0;10.0;0;0;0;0;16480.76;11280.08;5200.68;32441.359
2026-08-06T00:03:39.744032+02:00;standby;24.2;32.8;5.0;25.0;56.0;10.0;0;0;0;0;16480.76;11280.08;5200.68;32441.359
2026-08-06T00:04:40.208214+02:00;standby;24.2;32.8;5.0;25.0;56.0;10.0;0;0;0;0;16480.76;11280.08;5200.68;32441.359
2026-08-06T00:05:40.812623+02:00;standby;24.2;32.8;5.0;25.0;56.0;10.0;0;0;0;0;16480.76;11280.08;5200.68;32441.359
2026-08-06T00:06:41.455199+02:00;standby;24.2;32.8;5.0;25.0;56.0;10.0;0;0;0;0;16480.76;11280.08;5200.68;32441.359
2026-08-06T00:07:41.984153+02:00;standby;24.2;32.8;5.0;25.0;56.0;10.0;0;0;0;0;16480.76;11280.08;5200.68;32441.359
2026-08-06T00:08:42.526594+02:00;standby;24.2;32.8;5.0;25.0;56.0;10.0;0;0;0;0;16480.76;11280.08;5200.68;32441.359
2026-08-06T00:09:42.965831+02:00;standby;24.2;32.7;5.0;25.0;56.0;10.0;0;0;0;0;16480.76;11280.08;5200.68;32441.359
2026-08-06T00:10:43.510328+02:00;standby;24.2;32.7;5.0;25.0;56.0;10.0;0;0;0;0;16480.76;11280.08;5200.68;32441.359
2026-08-06T00:11:44.383201+02:00;standby;24.2;32.7;5.0;25.0;56.0;10.0;0;0;0;0;16480.76;11280.08;5200.68;32441.359
2026-08-06T00:12:44.988615+02:00;standby;24.2;32.7;5.0;25.0;56.0;10.0;0;0;0;0;16480.76;11280.08;5200.68;32441.359
2026-08-06T00:13:45.452992+02:00;standby;24.2;32.7;5.0;25.0;55.9;10.0;0;0;0;0;16480.76;11280.08;5200.68;32441.359
2026-08-06T00:14:46.770422+02:00;standby;24.2;32.7;5.0;25.0;55.9;10.0;0;0;0;0;16480.76;11280.08;5200.68;32441.359
2026-08-06T00:15:47.187424+02:00;standby;24.2;32.7;5.0;25.0;55.9;10.0;0;0;0;0;16480.76;11280.08;5200.68;32441.359
2026-08-06T00:16:48.037596+02:00;standby;24.2;32.7;5.0;25.0;55.9;10.0;0;0;0;0;16480.76;11280.08;5200.68;32441.359
2026-08-06T00:17:48.525323+02:00;standby;24.2;32.6;5.0;25.0;55.9;10.0;0;0;0;0;16480.76;11280.08;5200.68;32441.359
2026-08-06T00:18:48.986884+02:00;standby;24.2;32.6;5.0;25.0;55.9;10.0;0;0;0;0;16480.76;11280.08;5200.68;32441.359
2026-08-06T00:19:49.535926+02:00;standby;24.2;32.6;5.0;25.0;55.9;10.0;0;0;0;0;16480.76;11280.08;5200.68;32441.359
2026-08-06T00:20:50.021765+02:00;standby;24.2;32.6;5.0;25.0;55.9;10.0;0;0;0;0;16480.76;11280.08;5200.68;32441.359
2026-08-06T00:21:50.467829+02:00;standby;24.2;32.6;5.0;25.0;55.9;10.0;0;0;0;0;16480.76;11280.08;5200.68;32441.359
2026-08-06T00:22:51.210297+02:00;standby;24.2;32.6;5.0;25.0;55.9;10.0;0;0;0;0;16480.76;11280.08;5200.68;32441.359
2026-08-06T00:23:51.625264+02:00;standby;24.2;32.6;5.0;25.0;55.9;10.0;0;0;0;0;16480.76;11280.08;5200.68;32441.359
2026-08-06T00:24:52.170400+02:00;standby;24.2;32.5;5.0;25.0;55.9;10.0;0;0;0;0;16480.76;11280.08;5200.68;32441.359
2026-08-06T00:25:52.600800+02:00;standby;24.2;32.5;5.0;25.0;55.9;10.0;0;0;0;0;16480.76;11280.08;5200.68;32441.359
2026-08-06T00:26:53.284549+02:00;standby;24.2;32.5;5.0;25.0;55.8;10.0;0;0;0;0;16480.76;11280.08;5200.68;32441.359
2026-08-06T00:27:53.755946+02:00;standby;24.2;32.5;5.0;25.0;55.9;10.0;0;0;0;0;16480.76;11280.08;5200.68;32441.359
2026-08-06T00:28:54.525469+02:00;standby;24.2;32.5;5.0;25.0;55.8;10.0;0;0;0;0;16480.76;11280.08;5200.68;32441.359
2026-08-06T00:29:55.002205+02:00;standby;24.2;32.5;5.0;25.0;55.8;10.0;0;0;0;0;16480.76;11280.08;5200.68;32441.359
2026-08-06T00:30:55.465847+02:00;standby;24.2;32.5;5.0;25.0;55.8;10.0;0;0;0;0;16480.76;11280.08;5200.68;32441.359
2026-08-06T00:31:55.930433+02:00;standby;24.2;32.5;5.0;25.0;55.8;10.0;0;0;0;0;16480.76;11280.08;5200.68;32441.359
2026-08-06T00:32:56.444897+02:00;standby;24.2;32.5;5.0;25.0;55.8;10.0;0;0;0;0;16480.76;11280.08;5200.68;32441.359
2026-08-06T00:33:56.823580+02:00;standby;24.2;32.3;5.0;25.0;55.8;10.0;0;0;0;0;16480.76;11280.08;5200.68;32441.359
2026-08-06T00:34:57.904255+02:00;standby;24.2;32.3;5.0;25.0;55.8;10.0;0;0;0;0;16480.76;11280.08;5200.68;32441.359
2026-08-06T00:35:58.413809+02:00;standby;24.2;32.3;5.0;25.0;55.8;10.0;0;0;0;0;16480.76;11280.08;5200.68;32441.359
2026-08-06T00:36:58.876102+02:00;standby;24.2;32.3;5.0;25.0;55.8;10.0;0;0;0;0;16480.76;11280.08;5200.68;32441.359
2026-08-06T00:37:59.604824+02:00;standby;24.2;32.3;5.0;25.0;55.8;10.0;0;0;0;0;16480.76;11280.08;5200.68;32441.359
2026-08-06T00:38:59.986245+02:00;standby;24.2;32.3;5.0;25.0;55.7;10.0;0;0;0;0;16480.76;11280.08;5200.68;32441.359
2026-08-06T00:40:00.751873+02:00;standby;24.2;32.3;5.0;25.0;55.7;10.0;0;0;0;0;16480.76;11280.08;5200.68;32441.359
2026-08-06T00:41:01.190198+02:00;standby;24.2;32.3;5.0;25.0;55.7;10.0;0;0;0;0;16480.76;11280.08;5200.68;32441.359
2026-08-06T00:42:01.628915+02:00;standby;24.2;32.2;5.0;25.0;55.7;10.0;0;0;0;0;16480.76;11280.08;5200.68;32441.359
2026-08-06T00:43:02.248820+02:00;standby;24.2;32.2;5.0;25.0;55.7;10.0;0;0;0;0;16480.76;11280.08;5200.68;32441.359
2026-08-06T00:44:02.675130+02:00;standby;24.2;32.2;5.0;25.0;55.7;10.0;0;0;0;0;16480.76;11280.08;5200.68;32441.359
2026-08-06T00:45:03.437381+02:00;standby;24.2;32.2;5.0;25.0;55.7;10.0;0;0;0;0;16480.76;11280.08;5200.68;32441.359
2026-08-06T00:46:04.125496+02:00;standby;24.2;32.2;5.0;25.0;55.7;10.0;0;0;0;0;16480.76;11280.08;5200.68;32441.359
2026-08-06T00:47:04.583068+02:00;standby;24.2;32.2;5.0;25.0;55.7;10.0;0;0;0;0;16480.76;11280.08;5200.68;32441.359
2026-08-06T00:48:05.034307+02:00;standby;24.2;32.2;5.0;25.0;55.7;10.0;0;0;0;0;16480.76;11280.08;5200.68;32441.359
2026-08-06T00:49:05.468563+02:00;standby;24.2;32.1;5.0;25.0;55.7;10.0;0;0;0;0;16480.76;11280.08;5200.68;32441.359
2026-08-06T00:50:05.938982+02:00;standby;24.2;32.1;5.0;25.0;55.6;10.0;0;0;0;0;16480.76;11280.08;5200.68;32441.359
2026-08-06T00:51:06.367158+02:00;standby;24.2;32.1;5.0;25.0;55.7;10.0;0;0;0;0;16480.76;11280.08;5200.68;32441.359
2026-08-06T00:52:07.238048+02:00;standby;24.2;32.1;5.0;25.0;55.6;10.0;0;0;0;0;16480.76;11280.08;5200.68;32441.359
2026-08-06T00:53:07.802253+02:00;standby;24.2;32.1;5.0;25.0;55.6;10.0;0;0;0;0;16480.76;11280.08;5200.68;32441.359
2026-08-06T00:54:08.234825+02:00;standby;24.2;32.1;5.0;25.0;55.6;10.0;0;0;0;0;16480.76;11280.08;5200.68;32441.359
2026-08-06T00:55:08.732787+02:00;standby;24.2;32.1;5.0;25.0;55.6;10.0;0;0;0;0;16480.76;11280.08;5200.68;32441.359
2026-08-06T00:56:09.361885+02:00;standby;24.2;32.1;5.0;25.0;55.6;10.0;0;0;0;0;16480.76;11280.08;5200.68;32441.359
2026-08-06T00:57:09.826170+02:00;standby;24.2;32.1;5.0;25.0;55.6;10.0;0;0;0;0;16480.76;11280.08;5200.68;32441.359
2026-08-06T00:58:10.400302+02:00;standby;24.2;32.1;5.0;25.0;55.6;10.0;0;0;0;0;16480.76;11280.08;5200.68;32441.359
2026-08-06T00:59:10.870820+02:00;standby;24.2;32.0;5.0;25.0;55.6;10.0;0;0;0;0;16480.76;11280.08;5200.68;32441.359
2026-08-06T01:00:11.450159+02:00;standby;24.2;32.0;5.0;25.0;55.6;10.0;0;0;0;0;16480.76;11280.08;5200.68;32441.359
2026-08-06T01:01:11.908790+02:00;standby;24.2;32.0;5.0;25.0;55.6;10.0;0;0;0;0;16480.76;11280.08;5200.68;32441.359
2026-08-06T01:02:12.467623+02:00;standby;24.2;32.0;5.0;25.0;55.5;10.0;0;0;0;0;16480.76;11280.08;5200.68;32441.359
2026-08-06T01:03:13.063042+02:00;standby;24.2;32.0;5.0;25.0;55.5;10.0;0;0;0;0;16480.76;11280.08;5200.68;32441.359
2026-08-06T01:04:13.523859+02:00;standby;24.2;32.0;5.0;25.0;55.5;10.0;0;0;0;0;16480.76;11280.08;5200.68;32441.359
2026-08-06T01:05:14.039233+02:00;standby;24.2;32.0;5.0;25.0;55.5;10.0;0;0;0;0;16480.76;11280.08;5200.68;32441.359
2026-08-06T01:06:14.566796+02:00;standby;24.2;32.0;5.0;25.0;55.5;10.0;0;0;0;0;16480.76;11280.08;5200.68;32441.359
2026-08-06T01:07:15.635151+02:00;standby;24.2;32.0;5.0;25.0;55.5;10.0;0;0;0;0;16480.76;11280.08;5200.68;32441.359
2026-08-06T01:08:16.203822+02:00;standby;24.2;31.9;5.0;25.0;55.5;10.0;0;0;0;0;16480.76;11280.08;5200.68;32441.359
2026-08-06T01:09:16.678731+02:00;standby;24.2;31.9;5.0;25.0;55.5;10.0;0;0;0;0;16480.76;11280.08;5200.68;32441.359
2026-08-06T01:10:17.241388+02:00;standby;24.2;31.9;5.0;25.0;55.5;10.0;0;0;0;0;16480.76;11280.08;5200.68;32441.359
2026-08-06T01:11:17.676548+02:00;standby;24.2;31.9;5.0;25.0;55.5;10.0;0;0;0;0;16480.76;11280.08;5200.68;32441.359
2026-08-06T01:12:18.155197+02:00;standby;24.2;31.9;5.0;25.0;55.5;10.0;0;0;0;0;16480.76;11280.08;5200.68;32441.359
2026-08-06T01:13:18.850229+02:00;standby;24.2;31.9;5.0;25.0;55.5;10.0;0;0;0;0;16480.76;11280.08;5200.68;32441.359
2026-08-06T01:14:19.377383+02:00;standby;24.2;31.9;5.0;25.0;55.5;10.0;0;0;0;0;16480.76;11280.08;5200.68;32441.359
2026-08-06T01:15:19.894237+02:00;standby;24.2;31.9;5.0;25.0;55.4;10.0;0;0;0;0;16480.76;11280.08;5200.68;32441.359
2026-08-06T01:16:20.364219+02:00;standby;24.2;31.9;5.0;25.0;55.4;10.0;0;0;0;0;16480.76;11280.08;5200.68;32441.359
2026-08-06T01:17:20.833499+02:00;standby;24.2;31.7;5.0;25.0;55.4;10.0;0;0;0;0;16480.76;11280.08;5200.68;32441.359
2026-08-06T01:18:21.296245+02:00;standby;24.2;31.7;5.0;25.0;55.4;10.0;0;0;0;0;16480.76;11280.08;5200.68;32441.359
2026-08-06T01:19:21.991917+02:00;standby;24.2;31.7;5.0;25.0;55.4;10.0;0;0;0;0;16480.76;11280.08;5200.68;32441.359
2026-08-06T01:20:22.510239+02:00;standby;24.2;31.7;5.0;25.0;55.4;10.0;0;0;0;0;16480.76;11280.08;5200.68;32441.359
2026-08-06T01:21:22.976652+02:00;standby;24.2;31.7;5.0;25.0;55.4;10.0;0;0;0;0;16480.76;11280.08;5200.68;32441.359
2026-08-06T01:22:23.473994+02:00;standby;24.2;31.7;5.0;25.0;55.4;10.0;0;0;0;0;16480.76;11280.08;5200.68;32441.359
2026-08-06T01:23:23.966893+02:00;standby;24.4;31.7;5.0;25.0;55.4;10.0;0;0;0;0;16480.76;11280.08;5200.68;32441.359
2026-08-06T01:24:25.031601+02:00;standby;24.4;31.7;5.0;25.0;55.4;10.0;0;0;0;0;16480.76;11280.08;5200.68;32441.359
2026-08-06T01:25:25.493806+02:00;standby;24.4;31.7;5.0;25.0;55.4;10.0;0;0;0;0;16480.76;11280.08;5200.68;32441.359
2026-08-06T01:26:25.933336+02:00;standby;24.4;31.6;5.0;25.0;55.4;10.0;0;0;0;0;16480.76;11280.08;5200.68;32441.359
2026-08-06T01:27:26.481212+02:00;standby;24.4;31.7;5.0;25.0;55.3;10.0;0;0;0;0;16480.76;11280.08;5200.68;32441.359
2026-08-06T01:28:27.074726+02:00;standby;24.4;31.6;5.0;25.0;55.3;10.0;0;0;0;0;16480.76;11280.08;5200.68;32441.359
2026-08-06T01:29:27.637391+02:00;standby;24.4;31.6;5.0;25.0;55.3;10.0;0;0;0;0;16480.76;11280.08;5200.68;32441.359
2026-08-06T01:30:28.239548+02:00;standby;24.4;31.6;5.0;25.0;55.3;10.0;0;0;0;0;16480.76;11280.08;5200.68;32441.359
2026-08-06T01:31:28.728848+02:00;standby;24.4;31.6;5.0;25.0;55.3;10.0;0;0;0;0;16480.76;11280.08;5200.68;32441.359
2026-08-06T01:32:29.278270+02:00;standby;24.4;31.6;5.0;25.0;55.3;10.0;0;0;0;0;16480.76;11280.08;5200.68;32441.359
2026-08-06T01:33:29.793555+02:00;standby;24.4;31.6;5.0;25.0;55.3;10.0;0;0;0;0;16480.76;11280.08;5200.68;32441.359
2026-08-06T01:34:30.241816+02:00;standby;24.4;31.6;5.0;25.0;55.3;10.0;0;0;0;0;16480.76;11280.08;5200.68;32441.359
2026-08-06T01:35:31.016966+02:00;standby;24.4;31.6;5.0;25.0;55.3;10.0;0;0;0;0;16480.76;11280.08;5200.68;32441.359
2026-08-06T01:36:31.521945+02:00;standby;24.4;31.6;5.0;25.0;55.3;10.0;0;0;0;0;16480.76;11280.08;5200.68;32441.359
2026-08-06T01:37:31.947198+02:00;standby;24.4;31.6;5.0;25.0;55.3;10.0;0;0;0;0;16480.76;11280.08;5200.68;32441.359
2026-08-06T01:38:32.468205+02:00;standby;24.4;31.6;5.0;25.0;55.3;10.0;0;0;0;0;16480.76;11280.08;5200.68;32441.359
2026-08-06T01:39:32.931247+02:00;standby;24.4;31.5;5.0;25.0;55.2;10.0;0;0;0;0;16480.76;11280.08;5200.68;32441.359
2026-08-06T01:40:33.387634+02:00;standby;24.4;31.5;5.0;25.0;55.2;10.0;0;0;0;0;16480.76;11280.08;5200.68;32441.359
2026-08-06T01:41:33.906449+02:00;standby;24.4;31.5;5.0;25.0;55.2;10.0;0;0;0;0;16480.76;11280.08;5200.68;32441.359
2026-08-06T01:42:34.493206+02:00;standby;24.4;31.5;5.0;25.0;55.2;10.0;0;0;0;0;16480.76;11280.08;5200.68;32441.359
2026-08-06T01:43:34.948845+02:00;standby;24.4;31.5;5.0;25.0;55.2;10.0;0;0;0;0;16480.76;11280.08;5200.68;32441.359
2026-08-06T01:44:35.377003+02:00;standby;24.4;31.5;5.0;25.0;55.2;10.0;0;0;0;0;16480.76;11280.08;5200.68;32441.359
2026-08-06T01:45:35.839969+02:00;standby;24.4;31.5;5.0;25.0;55.2;10.0;0;0;0;0;16480.76;11280.08;5200.68;32441.359
2026-08-06T01:46:36.325734+02:00;standby;24.4;31.5;5.0;25.0;55.2;10.0;0;0;0;0;16480.76;11280.08;5200.68;32441.359
2026-08-06T01:47:36.935004+02:00;standby;24.4;31.5;5.0;25.0;55.2;10.0;0;0;0;0;16480.76;11280.08;5200.68;32441.359
2026-08-06T01:48:37.561933+02:00;standby;24.4;31.5;5.0;25.0;55.2;10.0;0;0;0;0;16480.76;11280.08;5200.68;32441.359
2026-08-06T01:49:38.336020+02:00;standby;24.4;31.5;5.0;25.0;55.2;10.0;0;0;0;0;16480.76;11280.08;5200.68;32441.359
2026-08-06T01:50:38.955493+02:00;standby;24.4;31.4;5.0;25.0;55.2;10.0;0;0;0;0;16480.76;11280.08;5200.68;32441.359
2026-08-06T01:51:39.465651+02:00;standby;24.4;31.4;5.0;25.0;55.1;10.0;0;0;0;0;16480.76;11280.08;5200.68;32441.359
2026-08-06T01:52:40.453351+02:00;standby;24.4;31.4;5.0;25.0;55.1;10.0;0;0;0;0;16480.76;11280.08;5200.68;32441.359
2026-08-06T01:53:41.124121+02:00;standby;24.4;31.4;5.0;25.0;55.1;10.0;0;0;0;0;16480.76;11280.08;5200.68;32441.359
2026-08-06T01:54:41.531361+02:00;standby;24.4;31.4;5.0;25.0;55.1;10.0;0;0;0;0;16480.76;11280.08;5200.68;32441.359
2026-08-06T01:55:42.021863+02:00;standby;24.4;31.4;5.0;25.0;55.1;10.0;0;0;0;0;16480.76;11280.08;5200.68;32441.359
2026-08-06T01:56:42.583914+02:00;standby;24.4;31.4;5.0;25.0;55.1;10.0;0;0;0;0;16480.76;11280.08;5200.68;32441.359
2026-08-06T01:57:43.410144+02:00;standby;24.4;31.4;5.0;25.0;55.1;10.0;0;0;0;0;16480.76;11280.08;5200.68;32441.359
2026-08-06T01:58:44.008336+02:00;standby;24.4;31.4;5.0;25.0;55.1;10.0;0;0;0;0;16480.76;11280.08;5200.68;32441.359
2026-08-06T01:59:44.495258+02:00;standby;24.4;31.4;5.0;25.0;55.1;10.0;0;0;0;0;16480.76;11280.08;5200.68;32441.359
2026-08-06T02:00:45.027748+02:00;standby;24.4;31.4;5.0;25.0;55.1;10.0;0;0;0;0;16480.76;11280.08;5200.68;32441.359
2026-08-06T02:01:45.507918+02:00;standby;24.4;31.2;5.0;25.0;55.1;10.0;0;0;0;0;16480.76;11280.08;5200.68;32441.359
2026-08-06T02:02:46.006878+02:00;standby;24.4;31.2;5.0;25.0;55.1;10.0;0;0;0;0;16480.76;11280.08;5200.68;32441.359
2026-08-06T02:03:46.470658+02:00;standby;24.4;31.2;5.0;25.0;54.9;10.0;0;0;0;0;16480.76;11280.08;5200.68;32441.359
2026-08-06T02:04:47.145038+02:00;standby;24.4;31.2;5.0;25.0;54.9;10.0;0;0;0;0;16480.76;11280.08;5200.68;32441.359
2026-08-06T02:05:47.720623+02:00;standby;24.4;31.2;5.0;25.0;54.9;10.0;0;0;0;0;16480.76;11280.08;5200.68;32441.359
2026-08-06T02:06:48.192767+02:00;standby;24.4;31.2;5.0;25.0;54.9;10.0;0;0;0;0;16480.76;11280.08;5200.68;32441.359
2026-08-06T02:07:53.780909+02:00;standby;24.4;31.2;5.0;25.0;54.9;10.0;0;0;0;0;16480.76;11280.08;5200.68;32441.359
2026-08-06T02:08:59.305592+02:00;standby;24.4;31.2;5.0;25.0;54.9;10.0;0;0;0;0;16480.76;11280.08;5200.68;32441.359
2026-08-06T02:10:05.099302+02:00;standby;24.4;31.2;5.0;25.0;54.9;10.0;0;0;0;0;16480.76;11280.08;5200.68;32441.359
2026-08-06T02:11:05.673356+02:00;standby;24.4;31.1;5.0;25.0;54.9;10.0;0;0;0;0;16480.76;11280.08;5200.68;32441.359
2026-08-06T02:12:06.138300+02:00;standby;24.4;31.1;5.0;25.0;54.9;10.0;0;0;0;0;16480.76;11280.08;5200.68;32441.359
2026-08-06T02:13:11.724702+02:00;standby;24.4;31.1;5.0;25.0;54.9;10.0;0;0;0;0;16480.76;11280.08;5200.68;32441.359
2026-08-06T02:14:17.613244+02:00;standby;24.4;31.1;5.0;25.0;54.9;10.0;0;0;0;0;16480.76;11280.08;5200.68;32441.359
2026-08-06T02:15:18.133018+02:00;standby;24.4;31.1;5.0;25.0;54.9;10.0;0;0;0;0;16480.76;11280.08;5200.68;32441.359
2026-08-06T02:16:23.838650+02:00;standby;24.4;31.1;5.0;25.0;54.9;10.0;0;0;0;0;16480.76;11280.08;5200.68;32441.359
2026-08-06T02:17:29.569955+02:00;standby;24.4;31.1;5.0;25.0;54.8;10.0;0;0;0;0;16480.76;11280.08;5200.68;32441.359
2026-08-06T02:18:30.342789+02:00;standby;24.4;31.1;5.0;25.0;54.8;10.0;0;0;0;0;16480.76;11280.08;5200.68;32441.359
2026-08-06T02:19:36.747796+02:00;standby;24.4;31.1;5.0;25.0;54.8;10.0;0;0;0;0;16480.76;11280.08;5200.68;32441.359
2026-08-06T02:20:37.685410+02:00;standby;24.4;31.1;5.0;25.0;54.8;10.0;0;0;0;0;16480.76;11280.08;5200.68;32441.359
2026-08-06T02:21:38.168562+02:00;standby;24.4;31.1;5.0;25.0;54.8;10.0;0;0;0;0;16480.76;11280.08;5200.68;32441.359
2026-08-06T02:22:43.874412+02:00;standby;24.4;31.1;5.0;25.0;54.8;10.0;0;0;0;0;16480.76;11280.08;5200.68;32441.359
2026-08-06T02:23:44.353383+02:00;standby;24.2;31.1;5.0;25.0;54.8;10.0;0;0;0;0;16480.76;11280.08;5200.68;32441.359
2026-08-06T02:24:44.826186+02:00;standby;24.2;31.1;5.0;25.0;54.8;10.0;0;0;0;0;16480.76;11280.08;5200.68;32441.359
2026-08-06T02:25:45.333737+02:00;standby;24.2;31.0;5.0;25.0;54.8;10.0;0;0;0;0;16480.76;11280.08;5200.68;32441.359
2026-08-06T02:26:45.767867+02:00;standby;24.2;31.0;5.0;25.0;54.8;10.0;0;0;0;0;16480.76;11280.08;5200.68;32441.359
2026-08-06T02:27:46.534891+02:00;standby;24.2;31.0;5.0;25.0;54.7;10.0;0;0;0;0;16480.76;11280.08;5200.68;32441.359
2026-08-06T02:28:46.971120+02:00;standby;24.2;31.0;5.0;25.0;54.7;10.0;0;0;0;0;16480.76;11280.08;5200.68;32441.359
2026-08-06T02:29:47.471081+02:00;standby;24.2;31.0;5.0;25.0;54.7;10.0;0;0;0;0;16480.76;11280.08;5200.68;32441.359
2026-08-06T02:30:47.891303+02:00;standby;24.2;31.0;5.0;25.0;54.7;10.0;0;0;0;0;16480.76;11280.08;5200.68;32441.359
2026-08-06T02:31:48.359122+02:00;standby;24.2;31.0;5.0;25.0;54.7;10.0;0;0;0;0;16480.76;11280.08;5200.68;32441.359
2026-08-06T02:32:48.833803+02:00;standby;24.2;31.0;5.0;25.0;54.7;10.0;0;0;0;0;16480.76;11280.08;5200.68;32441.359
2026-08-06T02:33:54.472599+02:00;standby;24.2;31.0;5.0;25.0;54.7;10.0;0;0;0;0;16480.76;11280.08;5200.68;32441.359
2026-08-06T02:34:54.994526+02:00;standby;24.2;31.0;5.0;25.0;54.7;10.0;0;0;0;0;16480.76;11280.08;5200.68;32441.359
2026-08-06T02:36:00.583157+02:00;standby;24.2;31.0;5.0;25.0;54.7;10.0;0;0;0;0;16480.76;11280.08;5200.68;32441.359
2026-08-06T02:37:01.093230+02:00;standby;24.2;31.0;5.0;25.0;54.7;10.0;0;0;0;0;16480.76;11280.08;5200.68;32441.359
2026-08-06T02:38:06.738161+02:00;standby;24.2;31.0;5.0;25.0;54.7;10.0;0;0;0;0;16480.76;11280.08;5200.68;32441.359
2026-08-06T02:39:07.565032+02:00;standby;24.2;31.0;5.0;25.0;54.7;10.0;0;0;0;0;16480.76;11280.08;5200.68;32441.359
2026-08-06T02:40:08.234866+02:00;standby;24.2;31.0;5.0;25.0;54.7;10.0;0;0;0;0;16480.76;11280.08;5200.68;32441.359
2026-08-06T02:41:13.770055+02:00;standby;24.2;30.9;5.0;25.0;54.7;10.0;0;0;0;0;16480.76;11280.08;5200.68;32441.359
2026-08-06T02:42:14.493423+02:00;standby;24.2;30.9;5.0;25.0;54.6;10.0;0;0;0;0;16480.76;11280.08;5200.68;32441.359
2026-08-06T02:43:20.026790+02:00;standby;24.2;30.9;5.0;25.0;54.6;10.0;0;0;0;0;16480.76;11280.08;5200.68;32441.359
2026-08-06T02:44:25.678547+02:00;standby;24.2;30.9;5.0;25.0;54.6;10.0;0;0;0;0;16480.76;11280.08;5200.68;32441.359
2026-08-06T02:45:26.196339+02:00;standby;24.2;30.9;5.0;25.0;54.6;10.0;0;0;0;0;16480.76;11280.08;5200.68;32441.359
2026-08-06T02:46:26.746250+02:00;standby;24.2;30.9;5.0;25.0;54.6;10.0;0;0;0;0;16480.76;11280.08;5200.68;32441.359
2026-08-06T02:47:27.327255+02:00;standby;24.2;30.9;5.0;25.0;54.6;10.0;0;0;0;0;16480.76;11280.08;5200.68;32441.359
2026-08-06T02:48:33.012962+02:00;standby;24.2;30.9;5.0;25.0;54.6;10.0;0;0;0;0;16480.76;11280.08;5200.68;32441.359
2026-08-06T02:49:33.441474+02:00;standby;24.2;30.9;5.0;25.0;54.6;10.0;0;0;0;0;16480.76;11280.08;5200.68;32441.359
2026-08-06T02:50:38.973394+02:00;standby;24.2;30.9;5.0;25.0;54.6;10.0;0;0;0;0;16480.76;11280.08;5200.68;32441.359
2026-08-06T02:51:39.406149+02:00;standby;24.2;30.9;5.0;25.0;54.6;10.0;0;0;0;0;16480.76;11280.08;5200.68;32441.359
2026-08-06T02:52:44.980409+02:00;standby;24.2;30.9;5.0;25.0;54.5;10.0;0;0;0;0;16480.76;11280.08;5200.68;32441.359
2026-08-06T02:53:45.499062+02:00;standby;24.2;30.7;5.0;25.0;54.5;10.0;0;0;0;0;16480.76;11280.08;5200.68;32441.359
2026-08-06T02:54:45.974036+02:00;standby;24.2;30.7;5.0;25.0;54.5;10.0;0;0;0;0;16480.76;11280.08;5200.68;32441.359
2026-08-06T02:55:51.458009+02:00;standby;24.2;30.7;5.0;25.0;54.5;10.0;0;0;0;0;16480.76;11280.08;5200.68;32441.359
2026-08-06T02:56:56.983711+02:00;standby;24.2;30.7;5.0;25.0;54.5;10.0;0;0;0;0;16480.76;11280.08;5200.68;32441.359
2026-08-06T02:57:57.655867+02:00;standby;24.2;30.7;5.0;25.0;54.5;10.0;0;0;0;0;16480.76;11280.08;5200.68;32441.359
2026-08-06T02:58:58.165835+02:00;standby;24.2;30.7;5.0;25.0;54.5;10.0;0;0;0;0;16480.76;11280.08;5200.68;32441.359
2026-08-06T03:00:03.761789+02:00;standby;24.2;30.7;5.0;25.0;54.5;10.0;0;0;0;0;16480.76;11280.08;5200.68;32441.359
2026-08-06T03:01:04.292637+02:00;standby;24.2;30.7;5.0;25.0;54.5;10.0;0;0;0;0;16480.76;11280.08;5200.68;32441.359
2026-08-06T03:02:04.909347+02:00;standby;24.2;30.7;5.0;25.0;54.5;10.0;0;0;0;0;16480.76;11280.08;5200.68;32441.359
2026-08-06T03:03:05.644689+02:00;standby;24.2;30.7;5.0;25.0;54.5;10.0;0;0;0;0;16480.76;11280.08;5200.68;32441.359
2026-08-06T03:04:06.100188+02:00;standby;24.2;30.7;5.0;25.0;54.5;10.0;0;0;0;0;16480.76;11280.08;5200.68;32441.359
2026-08-06T03:05:06.705614+02:00;standby;24.2;30.7;5.0;25.0;54.5;10.0;0;0;0;0;16480.76;11280.08;5200.68;32441.359
2026-08-06T03:06:07.228245+02:00;standby;24.2;30.7;5.0;25.0;54.5;10.0;0;0;0;0;16480.76;11280.08;5200.68;32441.359
2026-08-06T03:07:12.518654+02:00;standby;24.2;;;25.0;;;0;;0;;;;;32441.359
2026-08-06T03:08:13.315406+02:00;standby;24.2;30.7;5.0;25.0;54.4;10.0;0;0;0;0;16480.76;11280.08;5200.68;32441.359
2026-08-06T03:09:18.983920+02:00;standby;24.2;30.6;5.0;25.0;54.4;10.0;0;0;0;0;16480.76;11280.08;5200.68;32441.359
2026-08-06T03:10:24.564815+02:00;standby;24.2;30.7;5.0;25.0;54.4;10.0;0;0;0;0;16480.76;11280.08;5200.68;32441.359
2026-08-06T03:11:25.003342+02:00;standby;24.2;30.6;5.0;25.0;54.4;10.0;0;0;0;0;16480.76;11280.08;5200.68;32441.359
2026-08-06T03:12:25.624779+02:00;standby;24.2;30.6;5.0;25.0;54.4;10.0;0;0;0;0;16480.76;11280.08;5200.68;32441.359
2026-08-06T03:13:31.266651+02:00;standby;24.2;30.6;5.0;25.0;54.4;10.0;0;0;0;0;16480.76;11280.08;5200.68;32441.359
2026-08-06T03:14:31.936762+02:00;standby;24.2;30.6;5.0;25.0;54.4;10.0;0;0;0;0;16480.76;11280.08;5200.68;32441.359
2026-08-06T03:15:32.455123+02:00;standby;24.2;30.6;5.0;25.0;54.4;10.0;0;0;0;0;16480.76;11280.08;5200.68;32441.359
2026-08-06T03:16:32.920215+02:00;standby;24.2;30.6;5.0;25.0;54.4;10.0;0;0;0;0;16480.76;11280.08;5200.68;32441.359
2026-08-06T03:17:38.506957+02:00;standby;24.2;30.6;5.0;25.0;54.3;10.0;0;0;0;0;16480.76;11280.08;5200.68;32441.359
2026-08-06T03:18:44.042126+02:00;standby;24.2;30.6;5.0;25.0;54.4;10.0;0;0;0;0;16480.76;11280.08;5200.68;32441.359
2026-08-06T03:19:44.932646+02:00;standby;24.2;30.6;5.0;25.0;54.3;10.0;0;0;0;0;16480.76;11280.08;5200.68;32441.359
2026-08-06T03:20:45.381980+02:00;standby;24.2;30.6;5.0;25.0;54.3;10.0;0;0;0;0;16480.76;11280.08;5200.68;32441.359
2026-08-06T03:21:50.979780+02:00;standby;24.2;30.6;5.0;25.0;54.3;10.0;0;0;0;0;16480.76;11280.08;5200.68;32441.359
2026-08-06T03:22:51.424832+02:00;standby;24.2;30.5;5.0;25.0;54.3;10.0;0;0;0;0;16480.76;11280.08;5200.68;32441.359
2026-08-06T03:23:51.858622+02:00;standby;23.9;30.5;5.0;25.0;54.3;10.0;0;0;0;0;16480.76;11280.08;5200.68;32441.359
2026-08-06T03:24:57.555006+02:00;standby;23.9;30.6;5.0;25.0;54.3;10.0;0;0;0;0;16480.76;11280.08;5200.68;32441.359
2026-08-06T03:25:58.134900+02:00;standby;23.9;30.5;5.0;25.0;54.3;10.0;0;0;0;0;16480.76;11280.08;5200.68;32441.359
2026-08-06T03:26:58.602104+02:00;standby;23.9;30.5;5.0;25.0;54.3;10.0;0;0;0;0;16480.76;11280.08;5200.68;32441.359
2026-08-06T03:27:59.162003+02:00;standby;23.9;30.5;5.0;25.0;54.3;10.0;0;0;0;0;16480.76;11280.08;5200.68;32441.359
2026-08-06T03:28:59.679335+02:00;standby;23.9;30.5;5.0;25.0;54.3;10.0;0;0;0;0;16480.76;11280.08;5200.68;32441.359
2026-08-06T03:30:00.409865+02:00;standby;23.9;30.5;5.0;25.0;54.3;10.0;0;0;0;0;16480.76;11280.08;5200.68;32441.359
2026-08-06T03:31:01.178322+02:00;standby;23.9;30.5;5.0;25.0;54.2;10.0;0;0;0;0;16480.76;11280.08;5200.68;32441.359
2026-08-06T03:32:02.054520+02:00;standby;23.9;30.5;5.0;25.0;54.2;10.0;0;0;0;0;16480.76;11280.08;5200.68;32441.359
2026-08-06T03:33:03.094855+02:00;standby;23.9;30.5;5.0;25.0;54.2;10.0;0;0;0;0;16480.76;11280.08;5200.68;32441.359
2026-08-06T03:34:03.614125+02:00;standby;23.9;30.5;5.0;25.0;54.2;10.0;0;0;0;0;16480.76;11280.08;5200.68;32441.359
2026-08-06T03:35:04.075464+02:00;standby;23.9;30.5;5.0;25.0;54.2;10.0;0;0;0;0;16480.76;11280.08;5200.68;32441.359
2026-08-06T03:36:04.646462+02:00;standby;23.9;30.5;5.0;25.0;54.2;10.0;0;0;0;0;16480.76;11280.08;5200.68;32441.359
2026-08-06T03:37:05.622118+02:00;standby;23.9;30.5;5.0;25.0;54.2;10.0;0;0;0;0;16480.76;11280.08;5200.68;32441.359
2026-08-06T03:38:06.073015+02:00;standby;23.9;30.5;5.0;25.0;54.2;10.0;0;0;0;0;16480.76;11280.08;5200.68;32441.359
2026-08-06T03:39:06.560070+02:00;standby;23.9;30.5;5.0;25.0;54.2;10.0;0;0;0;0;16480.76;11280.08;5200.68;32441.359
2026-08-06T03:40:07.011990+02:00;standby;23.9;30.5;5.0;25.0;54.2;10.0;0;0;0;0;16480.76;11280.08;5200.68;32441.359
2026-08-06T03:41:07.451359+02:00;standby;23.9;30.5;5.0;25.0;54.2;10.0;0;0;0;0;16480.76;11280.08;5200.68;32441.359
2026-08-06T03:42:08.069488+02:00;standby;23.9;30.5;5.0;25.0;54.2;10.0;0;0;0;0;16480.76;11280.08;5200.68;32441.359
2026-08-06T03:43:08.691898+02:00;standby;23.9;30.4;5.0;25.0;54.2;10.0;0;0;0;0;16480.76;11280.08;5200.68;32441.359
2026-08-06T03:44:09.579623+02:00;standby;23.9;30.4;5.0;25.0;54.1;10.0;0;0;0;0;16480.76;11280.08;5200.68;32441.359
2026-08-06T03:45:10.016203+02:00;standby;23.9;30.4;5.0;25.0;54.1;10.0;0;0;0;0;16480.76;11280.08;5200.68;32441.359
2026-08-06T03:46:10.643577+02:00;standby;23.9;30.4;5.0;25.0;54.1;10.0;0;0;0;0;16480.76;11280.08;5200.68;32441.359
2026-08-06T03:47:11.438314+02:00;standby;23.9;30.4;5.0;25.0;54.1;10.0;0;0;0;0;16480.76;11280.08;5200.68;32441.359
2026-08-06T03:48:11.883522+02:00;standby;23.9;30.4;5.0;25.0;54.1;10.0;0;0;0;0;16480.76;11280.08;5200.68;32441.359
2026-08-06T03:49:12.301446+02:00;standby;23.9;30.4;5.0;25.0;54.1;10.0;0;0;0;0;16480.76;11280.08;5200.68;32441.359
2026-08-06T03:50:12.739432+02:00;standby;23.9;30.4;5.0;25.0;54.1;10.0;0;0;0;0;16480.76;11280.08;5200.68;32441.359
2026-08-06T03:51:13.203316+02:00;standby;23.9;30.4;5.0;25.0;54.1;10.0;0;0;0;0;16480.76;11280.08;5200.68;32441.359
2026-08-06T03:52:13.672805+02:00;standby;23.9;30.4;5.0;25.0;54.1;10.0;0;0;0;0;16480.76;11280.08;5200.68;32441.359
2026-08-06T03:53:14.140414+02:00;standby;23.9;30.4;5.0;25.0;54.1;10.0;0;0;0;0;16480.76;11280.08;5200.68;32441.359
2026-08-06T03:54:14.609208+02:00;standby;23.9;30.4;5.0;25.0;54.1;10.0;0;0;0;0;16480.76;11280.08;5200.68;32441.359
2026-08-06T03:55:15.644741+02:00;standby;23.9;30.4;5.0;25.0;54.1;10.0;0;0;0;0;16480.76;11280.08;5200.68;32441.359
2026-08-06T03:56:16.105808+02:00;standby;23.9;30.4;5.0;25.0;54.0;10.0;0;0;0;0;16480.76;11280.08;5200.68;32441.359
2026-08-06T03:57:16.577342+02:00;standby;23.9;30.4;5.0;25.0;54.0;10.0;0;0;0;0;16480.76;11280.08;5200.68;32441.359
2026-08-06T03:58:17.250555+02:00;standby;23.9;30.4;5.0;25.0;54.0;10.0;0;0;0;0;16480.76;11280.08;5200.68;32441.359
2026-08-06T03:59:17.797466+02:00;standby;23.9;30.4;5.0;25.0;54.0;10.0;0;0;0;0;16480.76;11280.08;5200.68;32441.359
2026-08-06T04:00:18.338402+02:00;standby;23.9;30.4;5.0;25.0;54.0;10.0;0;0;0;0;16480.76;11280.08;5200.68;32441.359
2026-08-06T04:01:18.837645+02:00;standby;23.9;30.2;5.0;25.0;54.0;57.0;0;0;0;0;16480.76;11280.08;5200.68;32441.359
2026-08-06T04:02:19.689142+02:00;standby;23.9;30.2;5.0;25.0;54.0;57.0;0;0;0;0;16480.76;11280.08;5200.68;32441.359
2026-08-06T04:03:20.385982+02:00;standby;23.9;30.2;5.0;25.0;54.0;57.0;0;0;0;0;16480.76;11280.08;5200.68;32441.359
2026-08-06T04:04:20.826021+02:00;standby;23.9;30.2;5.0;25.0;54.0;57.0;0;0;0;0;16480.76;11280.08;5200.68;32441.359
2026-08-06T04:05:21.322702+02:00;standby;23.9;30.2;5.0;25.0;54.0;57.0;0;0;0;0;16480.76;11280.08;5200.68;32441.359
2026-08-06T04:06:21.763642+02:00;standby;23.9;30.2;5.0;25.0;54.0;57.0;0;0;0;0;16480.76;11280.08;5200.68;32441.359
2026-08-06T04:07:22.574545+02:00;standby;23.9;30.2;5.0;25.0;53.9;57.0;0;0;0;0;16480.76;11280.08;5200.68;32441.359
2026-08-06T04:08:23.037556+02:00;standby;23.9;30.2;5.0;25.0;53.9;57.0;0;0;0;0;16480.76;11280.08;5200.68;32441.359
2026-08-06T04:09:23.731768+02:00;standby;23.9;30.2;5.0;25.0;53.9;57.0;0;0;0;0;16480.76;11280.08;5200.68;32441.359
2026-08-06T04:10:24.232731+02:00;standby;23.9;30.2;5.0;25.0;53.9;57.0;0;0;0;0;16480.76;11280.08;5200.68;32441.359
2026-08-06T04:11:26.245247+02:00;standby;23.9;30.2;5.0;25.0;53.9;57.0;0;0;0;0;16480.76;11280.08;5200.68;32441.359
2026-08-06T04:12:26.856322+02:00;standby;23.9;30.2;5.0;25.0;53.9;57.0;0;0;0;0;16480.76;11280.08;5200.68;32441.359
2026-08-06T04:13:28.402839+02:00;standby;23.9;30.2;5.0;25.0;53.9;57.0;0;0;0;0;16480.76;11280.08;5200.68;32441.359
2026-08-06T04:14:28.861846+02:00;standby;23.9;30.2;5.0;25.0;53.9;57.0;0;0;0;0;16480.76;11280.08;5200.68;32441.359
2026-08-06T04:15:29.362498+02:00;standby;23.9;30.2;5.0;25.0;53.9;57.0;0;0;0;0;16480.76;11280.08;5200.68;32441.359
2026-08-06T04:16:29.854453+02:00;standby;23.9;30.2;5.0;25.0;53.9;57.0;0;0;0;0;16480.76;11280.08;5200.68;32441.359
2026-08-06T04:17:30.316902+02:00;standby;23.9;30.2;5.0;25.0;53.9;57.0;0;0;0;0;16480.76;11280.08;5200.68;32441.359
2026-08-06T04:18:30.766052+02:00;standby;23.9;30.2;5.0;25.0;53.9;57.0;0;0;0;0;16480.76;11280.08;5200.68;32441.359
2026-08-06T04:19:31.252001+02:00;standby;23.9;30.2;5.0;25.0;53.9;57.0;0;0;0;0;16480.76;11280.08;5200.68;32441.359
2026-08-06T04:20:31.656366+02:00;standby;23.9;30.2;5.0;25.0;53.8;57.0;0;0;0;0;16480.76;11280.08;5200.68;32441.359
2026-08-06T04:21:32.113787+02:00;standby;23.9;30.1;5.0;25.0;53.8;57.0;0;0;0;0;16480.76;11280.08;5200.68;32441.359
2026-08-06T04:22:32.669772+02:00;standby;23.9;30.1;5.0;25.0;53.8;57.0;0;0;0;0;16480.76;11280.08;5200.68;32441.359
2026-08-06T04:23:33.124272+02:00;standby;23.9;30.1;5.0;25.0;53.8;57.0;0;0;0;0;16480.76;11280.08;5200.68;32441.359
2026-08-06T04:24:33.573918+02:00;standby;23.5;30.1;5.0;25.0;53.8;57.0;0;0;0;0;16480.76;11280.08;5200.68;32441.359
2026-08-06T04:25:34.014180+02:00;standby;23.5;30.1;5.0;25.0;53.8;57.0;0;0;0;0;16480.76;11280.08;5200.68;32441.359
2026-08-06T04:26:34.478160+02:00;standby;23.5;30.1;5.0;25.0;53.8;57.0;0;0;0;0;16480.76;11280.08;5200.68;32441.359
2026-08-06T04:27:35.052304+02:00;standby;23.5;30.1;5.0;25.0;53.8;57.0;0;0;0;0;16480.76;11280.08;5200.68;32441.359
2026-08-06T04:28:35.781219+02:00;standby;23.5;30.1;5.0;25.0;53.8;57.0;0;0;0;0;16480.76;11280.08;5200.68;32441.359
2026-08-06T04:29:36.272388+02:00;standby;23.5;30.1;5.0;25.0;53.8;57.0;0;0;0;0;16480.76;11280.08;5200.68;32441.359
2026-08-06T04:30:36.708762+02:00;standby;23.5;30.1;5.0;25.0;53.8;57.0;0;0;0;0;16480.76;11280.08;5200.68;32441.359
2026-08-06T04:31:37.445545+02:00;standby;23.5;30.1;5.0;25.0;53.7;57.0;0;0;0;0;16480.76;11280.08;5200.68;32441.359
2026-08-06T04:32:37.882461+02:00;standby;23.5;30.1;5.0;25.0;53.7;57.0;0;0;0;0;16480.76;11280.08;5200.68;32441.359
2026-08-06T04:33:38.639477+02:00;standby;23.5;30.1;5.0;25.0;53.7;57.0;0;0;0;0;16480.76;11280.08;5200.68;32441.359
2026-08-06T04:34:39.223611+02:00;standby;23.5;30.1;5.0;25.0;53.7;57.0;0;0;0;0;16480.76;11280.08;5200.68;32441.359
2026-08-06T04:35:39.663885+02:00;standby;23.5;30.1;5.0;25.0;53.7;57.0;0;0;0;0;16480.76;11280.08;5200.68;32441.359
2026-08-06T04:36:40.110913+02:00;standby;23.5;30.1;5.0;25.0;53.7;57.0;0;0;0;0;16480.76;11280.08;5200.68;32441.359
2026-08-06T04:37:40.554430+02:00;standby;23.5;30.1;5.0;25.0;53.7;57.0;0;0;0;0;16480.76;11280.08;5200.68;32441.359
2026-08-06T04:38:41.597086+02:00;standby;23.5;30.1;5.0;25.0;53.7;57.0;0;0;0;0;16480.76;11280.08;5200.68;32441.359
2026-08-06T04:39:42.211924+02:00;standby;23.5;30.1;5.0;25.0;53.7;57.0;0;0;0;0;16480.76;11280.08;5200.68;32441.359
2026-08-06T04:40:42.673610+02:00;standby;23.5;30.1;5.0;25.0;53.7;57.0;0;0;0;0;16480.76;11280.08;5200.68;32441.359
2026-08-06T04:41:43.651594+02:00;standby;23.5;30.1;5.0;25.0;53.7;57.0;0;0;0;0;16480.76;11280.08;5200.68;32441.359
2026-08-06T04:42:44.099261+02:00;standby;23.5;30.0;5.0;25.0;53.7;57.0;0;0;0;0;16480.76;11280.08;5200.68;32441.359
2026-08-06T04:43:44.591064+02:00;standby;23.5;30.0;5.0;25.0;53.6;57.0;0;0;0;0;16480.76;11280.08;5200.68;32441.359
2026-08-06T04:44:45.085199+02:00;standby;23.5;30.1;5.0;25.0;53.6;57.0;0;0;0;0;16480.76;11280.08;5200.68;32441.359
2026-08-06T04:45:46.401969+02:00;standby;23.5;30.0;5.0;25.0;53.6;57.0;0;0;0;0;16480.76;11280.08;5200.68;32441.359
2026-08-06T04:46:46.829116+02:00;standby;23.5;30.0;5.0;25.0;53.6;57.0;0;0;0;0;16480.76;11280.08;5200.68;32441.359
2026-08-06T04:47:47.332640+02:00;standby;23.5;30.0;5.0;25.0;53.6;57.0;0;0;0;0;16480.76;11280.08;5200.68;32441.359
2026-08-06T04:48:47.846622+02:00;standby;23.5;30.0;5.0;25.0;53.6;57.0;0;0;0;0;16480.76;11280.08;5200.68;32441.359
2026-08-06T04:49:48.345076+02:00;standby;23.5;30.0;5.0;25.0;53.6;57.0;0;0;0;0;16480.76;11280.08;5200.68;32441.359
2026-08-06T04:50:48.790431+02:00;standby;23.5;30.0;5.0;25.0;53.6;57.0;0;0;0;0;16480.76;11280.08;5200.68;32441.359
2026-08-06T04:51:49.255115+02:00;standby;23.5;30.0;5.0;25.0;53.6;57.0;0;0;0;0;16480.76;11280.08;5200.68;32441.359
2026-08-06T04:52:49.839970+02:00;standby;23.5;30.0;5.0;25.0;53.6;57.0;0;0;0;0;16480.76;11280.08;5200.68;32441.359
2026-08-06T04:53:50.310734+02:00;standby;23.5;30.0;5.0;25.0;53.6;57.0;0;0;0;0;16480.76;11280.08;5200.68;32441.359
2026-08-06T04:54:50.977709+02:00;standby;23.5;30.0;5.0;25.0;53.6;57.0;0;0;0;0;16480.76;11280.08;5200.68;32441.359
2026-08-06T04:55:51.502619+02:00;standby;23.5;30.0;5.0;25.0;53.5;57.0;0;0;0;0;16480.76;11280.08;5200.68;32441.359
2026-08-06T04:56:51.960366+02:00;standby;23.5;30.0;5.0;25.0;53.6;57.0;0;0;0;0;16480.76;11280.08;5200.68;32441.359
2026-08-06T04:57:52.475498+02:00;standby;23.5;30.0;5.0;25.0;53.6;57.0;0;0;0;0;16480.76;11280.08;5200.68;32441.359
2026-08-06T04:58:52.937898+02:00;standby;23.5;30.0;5.0;25.0;53.5;57.0;0;0;0;0;16480.76;11280.08;5200.68;32441.359
2026-08-06T04:59:53.514192+02:00;standby;23.5;30.0;5.0;25.0;53.5;57.0;0;0;0;0;16480.76;11280.08;5200.68;32441.359
2026-08-06T05:00:53.942713+02:00;standby;23.5;30.0;5.0;25.0;53.5;57.0;0;0;0;0;16480.76;11280.08;5200.68;32441.359
2026-08-06T05:01:54.409911+02:00;standby;23.5;30.0;5.0;25.0;53.5;57.0;0;0;0;0;16480.76;11280.08;5200.68;32441.359
2026-08-06T05:02:54.881234+02:00;standby;23.5;30.0;5.0;25.0;53.5;57.0;0;0;0;0;16480.76;11280.08;5200.68;32441.359
2026-08-06T05:03:55.341828+02:00;standby;23.5;30.0;5.0;25.0;53.5;57.0;0;0;0;0;16480.76;11280.08;5200.68;32441.359
2026-08-06T05:04:55.803923+02:00;standby;23.5;30.0;5.0;25.0;53.5;57.0;0;0;0;0;16480.76;11280.08;5200.68;32441.359
2026-08-06T05:05:56.294420+02:00;standby;23.5;30.0;5.0;25.0;53.5;57.0;0;0;0;0;16480.76;11280.08;5200.68;32441.359
2026-08-06T05:06:56.858579+02:00;standby;23.5;30.0;5.0;25.0;53.5;57.0;0;0;0;0;16480.76;11280.08;5200.68;32441.359
2026-08-06T05:07:57.464470+02:00;standby;23.5;30.0;5.0;25.0;53.5;57.0;0;0;0;0;16480.76;11280.08;5200.68;32441.359
2026-08-06T05:08:57.880203+02:00;standby;23.5;30.0;5.0;25.0;53.5;57.0;0;0;0;0;16480.76;11280.08;5200.68;32441.359
2026-08-06T05:09:58.463415+02:00;standby;23.5;29.9;5.0;25.0;53.5;57.0;0;0;0;0;16480.76;11280.08;5200.68;32441.359
2026-08-06T05:10:58.982716+02:00;standby;23.5;29.9;5.0;25.0;53.4;57.0;0;0;0;0;16480.76;11280.08;5200.68;32441.359
2026-08-06T05:11:59.449388+02:00;standby;23.5;29.9;5.0;25.0;53.4;57.0;0;0;0;0;16480.76;11280.08;5200.68;32441.359
2026-08-06T05:12:59.982359+02:00;standby;23.5;29.9;5.0;25.0;53.4;57.0;0;0;0;0;16480.76;11280.08;5200.68;32441.359
2026-08-06T05:14:00.492511+02:00;standby;23.5;29.9;5.0;25.0;53.4;57.0;0;0;0;0;16480.76;11280.08;5200.68;32441.359
2026-08-06T05:15:01.217008+02:00;standby;23.5;29.9;5.0;25.0;53.4;57.0;0;0;0;0;16480.76;11280.08;5200.68;32441.359
2026-08-06T05:16:01.933118+02:00;standby;23.5;29.9;5.0;25.0;53.4;57.0;0;0;0;0;16480.76;11280.08;5200.68;32441.359
2026-08-06T05:17:02.356659+02:00;standby;23.5;29.9;5.0;25.0;53.4;57.0;0;0;0;0;16480.76;11280.08;5200.68;32441.359
2026-08-06T05:18:02.943522+02:00;standby;23.5;29.9;5.0;25.0;53.4;57.0;0;0;0;0;16480.76;11280.08;5200.68;32441.359
2026-08-06T05:19:03.492286+02:00;standby;23.5;29.9;5.0;25.0;53.4;57.0;0;0;0;0;16480.76;11280.08;5200.68;32441.359
2026-08-06T05:20:03.959115+02:00;standby;23.5;29.9;5.0;25.0;53.4;57.0;0;0;0;0;16480.76;11280.08;5200.68;32441.359
2026-08-06T05:21:04.416983+02:00;standby;23.5;29.9;5.0;25.0;53.4;57.0;0;0;0;0;16480.76;11280.08;5200.68;32441.359
2026-08-06T05:22:04.904924+02:00;standby;23.5;29.9;5.0;25.0;53.4;57.0;0;0;0;0;16480.76;11280.08;5200.68;32441.359
2026-08-06T05:23:05.672254+02:00;standby;23.5;29.9;5.0;25.0;53.4;57.0;0;0;0;0;16480.76;11280.08;5200.68;32441.359
2026-08-06T05:24:06.586211+02:00;standby;23.5;29.9;5.0;25.0;53.3;57.0;0;0;0;0;16480.76;11280.08;5200.68;32441.359
2026-08-06T05:25:07.117567+02:00;standby;22.7;29.9;5.0;25.0;53.3;57.0;0;0;0;0;16480.76;11280.08;5200.68;32441.359
2026-08-06T05:26:07.584571+02:00;standby;22.7;29.9;5.0;25.0;53.3;57.0;0;0;0;0;16480.76;11280.08;5200.68;32441.359
2026-08-06T05:27:08.050338+02:00;standby;22.7;29.9;5.0;25.0;53.3;57.0;0;0;0;0;16480.76;11280.08;5200.68;32441.359
2026-08-06T05:28:08.519811+02:00;standby;22.7;29.9;5.0;25.0;53.3;57.0;0;0;0;0;16480.76;11280.08;5200.68;32441.359
2026-08-06T05:29:09.033388+02:00;standby;22.7;29.9;5.0;25.0;53.3;57.0;0;0;0;0;16480.76;11280.08;5200.68;32441.359
2026-08-06T05:30:09.505991+02:00;standby;22.7;29.9;5.0;25.0;53.3;57.0;0;0;0;0;16480.76;11280.08;5200.68;32441.359
2026-08-06T05:31:09.928431+02:00;standby;22.7;29.9;5.0;28.0;53.3;57.0;0;0;0;0;16480.76;11280.08;5200.68;32441.359
2026-08-06T05:32:10.403956+02:00;standby;22.7;29.9;5.0;28.0;53.3;57.0;0;0;0;0;16480.76;11280.08;5200.68;32441.359
2026-08-06T05:33:10.856348+02:00;standby;22.7;29.9;5.0;28.0;53.3;57.0;0;0;0;0;16480.76;11280.08;5200.68;32441.359
2026-08-06T05:34:11.335024+02:00;standby;22.7;29.9;5.0;28.0;53.3;57.0;0;0;0;0;16480.76;11280.08;5200.68;32441.359
2026-08-06T05:35:11.760775+02:00;standby;22.7;29.7;5.0;28.0;53.3;57.0;0;0;0;0;16480.76;11280.08;5200.68;32441.359
2026-08-06T05:36:12.365428+02:00;standby;22.7;29.7;5.0;28.0;53.2;57.0;0;0;0;0;16480.76;11280.08;5200.68;32441.359
2026-08-06T05:37:12.828794+02:00;standby;22.7;29.9;5.0;28.0;53.2;57.0;0;0;0;0;16480.76;11280.08;5200.68;32441.359
2026-08-06T05:38:13.419920+02:00;standby;22.7;29.7;5.0;28.0;53.2;57.0;0;0;0;0;16480.76;11280.08;5200.68;32441.359
2026-08-06T05:39:13.866345+02:00;standby;22.7;29.7;5.0;28.0;53.2;57.0;0;0;0;0;16480.76;11280.08;5200.68;32441.359
2026-08-06T05:40:14.292388+02:00;standby;22.7;29.7;5.0;28.0;53.2;57.0;0;0;0;0;16480.76;11280.08;5200.68;32441.359
2026-08-06T05:41:14.862935+02:00;standby;22.7;29.7;5.0;28.0;53.2;57.0;0;0;0;0;16480.76;11280.08;5200.68;32441.359
2026-08-06T05:42:15.737005+02:00;standby;22.7;29.7;5.0;28.0;53.2;57.0;0;0;0;0;16480.76;11280.08;5200.68;32441.359
2026-08-06T05:43:16.203707+02:00;standby;22.7;29.7;5.0;28.0;53.2;57.0;0;0;0;0;16480.76;11280.08;5200.68;32441.359
2026-08-06T05:44:16.675824+02:00;standby;22.7;29.7;5.0;28.0;53.2;57.0;0;0;0;0;16480.76;11280.08;5200.68;32441.359
2026-08-06T05:45:17.146089+02:00;standby;22.7;29.7;5.0;28.0;53.2;57.0;0;0;0;0;16480.76;11280.08;5200.68;32441.359
2026-08-06T05:46:17.575810+02:00;standby;22.7;29.7;5.0;28.0;53.2;57.0;0;0;0;0;16480.76;11280.08;5200.68;32441.359
2026-08-06T05:47:18.021013+02:00;standby;22.7;29.7;5.0;28.0;53.2;57.0;0;0;0;0;16480.76;11280.08;5200.68;32441.359
2026-08-06T05:48:18.642560+02:00;standby;22.7;29.7;5.0;28.0;53.2;57.0;0;0;0;0;16480.76;11280.08;5200.68;32441.359
2026-08-06T05:49:19.060427+02:00;standby;22.7;29.7;5.0;28.0;53.1;57.0;0;0;0;0;16480.76;11280.08;5200.68;32441.359
2026-08-06T05:50:19.484244+02:00;standby;22.7;29.7;5.0;28.0;53.1;57.0;0;0;0;0;16480.76;11280.08;5200.68;32441.359
2026-08-06T05:51:19.940464+02:00;standby;22.7;29.7;5.0;28.0;53.1;57.0;0;0;0;0;16480.76;11280.08;5200.68;32441.359
2026-08-06T05:52:20.378332+02:00;standby;22.7;29.7;5.0;28.0;53.1;57.0;0;0;0;0;16480.76;11280.08;5200.68;32441.359
2026-08-06T05:53:20.851585+02:00;standby;22.7;29.7;5.0;28.0;53.1;57.0;0;0;0;0;16480.76;11280.08;5200.68;32441.359
2026-08-06T05:54:21.729389+02:00;standby;22.7;29.7;5.0;28.0;53.1;57.0;0;0;0;0;16480.76;11280.08;5200.68;32441.359
2026-08-06T05:55:22.176199+02:00;standby;22.7;29.7;5.0;28.0;53.1;57.0;0;0;0;0;16480.76;11280.08;5200.68;32441.359
2026-08-06T05:56:22.770362+02:00;standby;22.7;29.7;5.0;28.0;53.1;57.0;0;0;0;0;16480.76;11280.08;5200.68;32441.359
2026-08-06T05:57:23.218097+02:00;standby;22.7;29.7;5.0;28.0;53.1;57.0;0;0;0;0;16480.76;11280.08;5200.68;32441.359
2026-08-06T05:58:23.734119+02:00;standby;22.7;29.7;5.0;28.0;53.1;57.0;0;0;0;0;16480.76;11280.08;5200.68;32441.359
2026-08-06T05:59:24.326464+02:00;standby;22.7;29.7;5.0;28.0;53.1;57.0;0;0;0;0;16480.76;11280.08;5200.68;32441.359
2026-08-06T06:00:24.786367+02:00;standby;22.7;29.7;5.0;28.0;53.1;57.0;0;0;0;0;16480.76;11280.08;5200.68;32441.359
2026-08-06T06:01:25.250071+02:00;standby;22.7;29.7;5.0;28.0;53.1;57.0;0;0;0;0;16480.76;11280.08;5200.68;32441.359
2026-08-06T06:02:25.709388+02:00;standby;22.7;29.7;5.0;28.0;52.9;57.0;0;0;0;0;16480.76;11280.08;5200.68;32441.359
2026-08-06T06:03:26.167467+02:00;standby;22.7;29.7;5.0;28.0;52.9;57.0;0;0;0;0;16480.76;11280.08;5200.68;32441.359
2026-08-06T06:04:26.646339+02:00;standby;22.7;29.6;5.0;28.0;52.9;57.0;0;0;0;0;16480.76;11280.08;5200.68;32441.359
2026-08-06T06:05:27.165162+02:00;standby;22.7;29.6;5.0;28.0;52.9;57.0;0;0;0;0;16480.76;11280.08;5200.68;32441.359
2026-08-06T06:06:27.697531+02:00;standby;22.7;29.6;5.0;28.0;52.9;57.0;0;0;0;0;16480.76;11280.08;5200.68;32441.359
2026-08-06T06:07:28.279388+02:00;standby;22.7;29.6;5.0;28.0;52.9;57.0;0;0;0;0;16480.76;11280.08;5200.68;32441.359
2026-08-06T06:08:28.778109+02:00;standby;22.7;29.6;5.0;28.0;52.9;57.0;0;0;0;0;16480.76;11280.08;5200.68;32441.359
2026-08-06T06:09:29.248047+02:00;standby;22.7;29.6;5.0;28.0;52.9;57.0;0;0;0;0;16480.76;11280.08;5200.68;32441.359
2026-08-06T06:10:30.085287+02:00;standby;22.7;29.6;5.0;28.0;52.9;57.0;0;0;0;0;16480.76;11280.08;5200.68;32441.359
2026-08-06T06:11:30.764506+02:00;standby;22.7;29.6;5.0;28.0;52.9;57.0;0;0;0;0;16480.76;11280.08;5200.68;32441.359
2026-08-06T06:12:31.216961+02:00;standby;22.7;29.6;5.0;28.0;52.9;57.0;0;0;0;0;16480.76;11280.08;5200.68;32441.359
2026-08-06T06:13:31.636810+02:00;standby;22.7;29.6;5.0;28.0;52.9;57.0;0;0;0;0;16480.76;11280.08;5200.68;32441.359
2026-08-06T06:14:32.059563+02:00;standby;22.7;29.6;5.0;28.0;52.8;57.0;0;0;0;0;16480.76;11280.08;5200.68;32441.359
2026-08-06T06:15:32.564130+02:00;standby;22.7;29.6;5.0;28.0;52.8;57.0;0;0;0;0;16480.76;11280.08;5200.68;32441.359
2026-08-06T06:16:33.083504+02:00;standby;22.7;29.6;5.0;28.0;52.8;57.0;0;0;0;0;16480.76;11280.08;5200.68;32441.359
2026-08-06T06:17:33.600379+02:00;standby;22.7;29.6;5.0;28.0;52.8;57.0;0;0;0;0;16480.76;11280.08;5200.68;32441.359
2026-08-06T06:18:34.548373+02:00;standby;22.7;29.6;5.0;28.0;52.8;57.0;0;0;0;0;16480.76;11280.08;5200.68;32441.359
2026-08-06T06:19:35.003257+02:00;standby;22.7;29.6;5.0;28.0;52.8;57.0;0;0;0;0;16480.76;11280.08;5200.68;32441.359
2026-08-06T06:20:35.573228+02:00;standby;22.7;29.6;5.0;28.0;52.8;57.0;0;0;0;0;16480.76;11280.08;5200.68;32441.359
2026-08-06T06:21:35.993126+02:00;standby;22.7;29.6;5.0;28.0;52.8;57.0;0;0;0;0;16480.76;11280.08;5200.68;32441.359
2026-08-06T06:22:36.419074+02:00;standby;22.7;29.6;5.0;28.0;52.6;57.0;0;0;0;0;16480.76;11280.08;5200.68;32441.359
2026-08-06T06:23:36.970781+02:00;standby;22.7;29.6;5.0;28.0;52.5;57.0;0;0;0;0;16480.76;11280.08;5200.68;32441.359
2026-08-06T06:24:37.449800+02:00;standby;22.7;29.6;5.0;28.0;52.5;57.0;0;0;0;0;16480.76;11280.08;5200.68;32441.359
2026-08-06T06:25:38.015836+02:00;standby;22.7;29.6;5.0;28.0;52.5;57.0;0;0;0;0;16480.76;11280.08;5200.68;32441.359
2026-08-06T06:26:38.633080+02:00;standby;22.7;29.6;5.0;28.0;52.5;57.0;0;0;0;0;16480.76;11280.08;5200.68;32441.359
2026-08-06T06:27:41.969902+02:00;standby;22.7;29.6;5.0;28.0;52.5;57.0;0;0;0;0;16480.76;11280.08;5200.68;32441.359
2026-08-06T06:28:42.802592+02:00;standby;22.7;29.6;5.0;28.0;52.5;57.0;0;0;0;0;16480.76;11280.08;5200.68;32441.359
2026-08-06T06:29:43.531656+02:00;standby;22.7;29.6;5.0;28.0;52.5;57.0;0;0;0;0;16480.76;11280.08;5200.68;32441.359
2026-08-06T06:30:44.091438+02:00;standby;22.7;29.6;5.0;28.0;52.4;57.0;0;0;0;0;16480.76;11280.08;5200.68;32441.359
2026-08-06T06:31:44.766763+02:00;standby;22.7;29.6;5.0;28.0;52.4;57.0;0;0;0;0;16480.76;11280.08;5200.68;32441.359
2026-08-06T06:32:45.343580+02:00;standby;22.7;29.6;5.0;28.0;52.4;57.0;0;0;0;0;16480.76;11280.08;5200.68;32441.359
2026-08-06T06:33:45.929254+02:00;standby;22.7;29.6;5.0;28.0;52.4;57.0;0;0;0;0;16480.76;11280.08;5200.68;32441.359
2026-08-06T06:34:46.533485+02:00;standby;22.7;29.6;5.0;28.0;52.4;57.0;0;0;0;0;16480.76;11280.08;5200.68;32441.359
2026-08-06T06:35:47.172339+02:00;standby;22.7;29.4;5.0;28.0;52.4;57.0;0;0;0;0;16480.76;11280.08;5200.68;32441.359
2026-08-06T06:36:48.096855+02:00;standby;22.7;29.4;5.0;28.0;52.3;57.0;0;0;0;0;16480.76;11280.08;5200.68;32441.359
2026-08-06T06:37:48.806472+02:00;standby;22.7;29.4;5.0;28.0;52.3;57.0;0;0;0;0;16480.76;11280.08;5200.68;32441.359
2026-08-06T06:38:49.271388+02:00;standby;22.7;29.6;5.0;28.0;52.3;57.0;0;0;0;0;16480.76;11280.08;5200.68;32441.359
2026-08-06T06:39:49.910241+02:00;standby;22.7;29.4;5.0;28.0;52.3;57.0;0;0;0;0;16480.76;11280.08;5200.68;32441.359
2026-08-06T06:40:50.405950+02:00;standby;22.7;29.4;5.0;28.0;52.2;57.0;0;0;0;0;16480.76;11280.08;5200.68;32441.359
2026-08-06T06:41:50.948043+02:00;standby;22.7;29.4;5.0;28.0;52.2;57.0;0;0;0;0;16480.76;11280.08;5200.68;32441.359
2026-08-06T06:42:51.548656+02:00;standby;22.7;29.4;5.0;28.0;52.2;57.0;0;0;0;0;16480.76;11280.08;5200.68;32441.359
2026-08-06T06:43:51.966658+02:00;standby;22.7;29.4;5.0;28.0;52.2;57.0;0;0;0;0;16480.76;11280.08;5200.68;32441.359
2026-08-06T06:44:52.402070+02:00;standby;22.7;29.4;5.0;28.0;52.2;57.0;0;0;0;0;16480.76;11280.08;5200.68;32441.359
2026-08-06T06:45:52.859459+02:00;standby;22.7;29.4;5.0;28.0;52.2;57.0;0;0;0;0;16480.76;11280.08;5200.68;32441.359
2026-08-06T06:46:53.400610+02:00;standby;22.7;29.4;5.0;28.0;52.2;57.0;0;0;0;0;16480.76;11280.08;5200.68;32441.359
2026-08-06T06:47:53.852574+02:00;standby;22.7;29.4;5.0;28.0;52.2;57.0;0;0;0;0;16480.76;11280.08;5200.68;32441.359
2026-08-06T06:48:54.379778+02:00;standby;22.7;29.4;5.0;28.0;52.1;57.0;0;0;0;0;16480.76;11280.08;5200.68;32441.359
2026-08-06T06:49:54.836895+02:00;standby;22.7;29.4;5.0;28.0;52.1;57.0;0;0;0;0;16480.76;11280.08;5200.68;32441.359
2026-08-06T06:50:55.467903+02:00;standby;22.7;29.4;5.0;28.0;52.1;57.0;0;0;0;0;16480.76;11280.08;5200.68;32441.359
2026-08-06T06:51:55.874142+02:00;standby;22.7;29.4;5.0;28.0;52.1;57.0;0;0;0;0;16480.76;11280.08;5200.68;32441.359
2026-08-06T06:52:56.296257+02:00;standby;22.7;29.4;5.0;28.0;52.1;57.0;0;0;0;0;16480.76;11280.08;5200.68;32441.359
2026-08-06T06:53:56.713061+02:00;standby;22.7;29.4;5.0;28.0;52.1;57.0;0;0;0;0;16480.76;11280.08;5200.68;32441.359
2026-08-06T06:54:57.179417+02:00;standby;22.7;29.4;5.0;28.0;52.1;57.0;0;0;0;0;16480.76;11280.08;5200.68;32441.359
2026-08-06T06:55:57.631348+02:00;standby;22.7;29.4;5.0;28.0;52.1;57.0;0;0;0;0;16480.76;11280.08;5200.68;32441.359
2026-08-06T06:56:58.118025+02:00;standby;22.7;29.4;5.0;28.0;52.1;57.0;0;0;0;0;16480.76;11280.08;5200.68;32441.359
2026-08-06T06:57:58.639876+02:00;standby;22.7;29.4;5.0;28.0;52.1;57.0;0;0;0;0;16480.76;11280.08;5200.68;32441.359
2026-08-06T06:58:59.194574+02:00;standby;22.7;29.4;5.0;28.0;52.1;57.0;0;0;0;0;16480.76;11280.08;5200.68;32441.359
2026-08-06T06:59:59.658348+02:00;standby;22.7;29.4;5.0;28.0;52.0;57.0;0;0;0;0;16480.76;11280.08;5200.68;32441.359
2026-08-06T07:01:00.179692+02:00;standby;22.7;29.4;5.0;28.0;52.0;57.0;0;0;0;0;16480.76;11280.08;5200.68;32441.359
2026-08-06T07:02:01.181220+02:00;standby;22.7;29.4;5.0;28.0;52.0;57.0;0;0;0;0;16480.76;11280.08;5200.68;32441.359
2026-08-06T07:03:01.690594+02:00;standby;22.7;29.4;5.0;28.0;52.0;57.0;0;0;0;0;16480.76;11280.08;5200.68;32441.359
2026-08-06T07:04:02.327219+02:00;standby;22.7;29.4;5.0;28.0;52.0;57.0;0;0;0;0;16480.76;11280.08;5200.68;32441.359
2026-08-06T07:05:03.043190+02:00;standby;22.7;29.4;5.0;28.0;52.0;57.0;0;0;0;0;16480.76;11280.08;5200.68;32441.359
2026-08-06T07:06:03.696747+02:00;standby;22.7;29.4;5.0;28.0;52.0;57.0;0;0;0;0;16480.76;11280.08;5200.68;32441.359
2026-08-06T07:07:04.183113+02:00;standby;22.7;29.4;5.0;28.0;52.0;57.0;0;0;0;0;16480.76;11280.08;5200.68;32441.359
2026-08-06T07:08:04.836037+02:00;standby;22.7;29.4;5.0;28.0;52.0;57.0;0;0;0;0;16480.76;11280.08;5200.68;32441.359
2026-08-06T07:09:05.388532+02:00;standby;22.7;29.4;5.0;28.0;52.0;57.0;0;0;0;0;16480.76;11280.08;5200.68;32441.359
2026-08-06T07:10:05.944100+02:00;standby;22.7;29.4;5.0;28.0;52.0;57.0;0;0;0;0;16480.76;11280.08;5200.68;32441.359
2026-08-06T07:11:06.707717+02:00;standby;22.7;29.4;5.0;28.0;52.0;57.0;0;0;0;0;16480.76;11280.08;5200.68;32441.359
2026-08-06T07:12:07.559865+02:00;standby;22.7;29.4;5.0;28.0;51.9;57.0;0;0;0;0;16480.76;11280.08;5200.68;32441.359
2026-08-06T07:13:08.002759+02:00;standby;22.7;29.4;5.0;28.0;51.9;57.0;0;0;0;0;16480.76;11280.08;5200.68;32441.359
2026-08-06T07:14:08.695519+02:00;standby;22.7;29.4;5.0;28.0;51.9;57.0;0;0;0;0;16480.76;11280.08;5200.68;32441.359
2026-08-06T07:15:09.307993+02:00;standby;22.7;29.3;5.0;28.0;51.9;57.0;0;0;0;0;16480.76;11280.08;5200.68;32441.359
2026-08-06T07:16:10.807555+02:00;standby;22.7;29.4;5.0;28.0;51.9;57.0;0;0;0;0;16480.76;11280.08;5200.68;32441.359
2026-08-06T07:17:11.264201+02:00;standby;22.7;29.3;5.0;28.0;51.7;57.0;0;0;0;0;16480.76;11280.08;5200.68;32441.359
2026-08-06T07:18:11.734364+02:00;standby;22.7;29.3;5.0;28.0;51.5;57.0;0;0;0;0;16480.76;11280.08;5200.68;32441.359
2026-08-06T07:19:12.154753+02:00;standby;22.7;29.3;5.0;28.0;51.5;57.0;0;0;0;0;16480.76;11280.08;5200.68;32441.359
2026-08-06T07:20:12.673329+02:00;standby;22.7;29.3;5.0;28.0;51.5;57.0;0;0;0;0;16480.76;11280.08;5200.68;32441.359
2026-08-06T07:21:13.090424+02:00;standby;22.7;29.3;5.0;28.0;51.4;57.0;0;0;0;0;16480.76;11280.08;5200.68;32441.359
2026-08-06T07:22:13.609077+02:00;standby;22.7;29.3;5.0;28.0;51.4;57.0;0;0;0;0;16480.76;11280.08;5200.68;32441.359
2026-08-06T07:23:14.141545+02:00;standby;22.7;29.3;5.0;28.0;51.4;57.0;0;0;0;0;16480.76;11280.08;5200.68;32441.359
2026-08-06T07:24:14.858002+02:00;standby;22.7;29.3;5.0;28.0;51.4;57.0;0;0;0;0;16480.76;11280.08;5200.68;32441.359
2026-08-06T07:25:16.260530+02:00;standby;22.7;29.3;5.0;28.0;51.4;57.0;0;0;0;0;16480.76;11280.08;5200.68;32441.359
2026-08-06T07:26:16.707940+02:00;standby;23.0;29.3;5.0;28.0;51.4;57.0;0;0;0;0;16480.76;11280.08;5200.68;32441.359
2026-08-06T07:27:17.262792+02:00;standby;23.0;29.3;5.0;28.0;51.4;57.0;0;0;0;0;16480.76;11280.08;5200.68;32441.359
2026-08-06T07:28:17.703015+02:00;standby;23.0;29.3;5.0;28.0;51.4;57.0;0;0;0;0;16480.76;11280.08;5200.68;32441.359
2026-08-06T07:29:18.177107+02:00;standby;23.0;29.3;5.0;28.0;51.3;57.0;0;0;0;0;16480.76;11280.08;5200.68;32441.359
2026-08-06T07:30:18.730463+02:00;standby;23.0;29.3;5.0;28.0;51.3;57.0;0;0;0;0;16480.76;11280.08;5200.68;32441.359
2026-08-06T07:31:19.353016+02:00;standby;23.0;29.3;5.0;28.0;51.3;57.0;0;0;0;0;16480.76;11280.08;5200.68;32441.359
2026-08-06T07:32:19.935850+02:00;standby;23.0;29.3;5.0;28.0;51.3;57.0;0;0;0;0;16480.76;11280.08;5200.68;32441.359
2026-08-06T07:33:21.119510+02:00;standby;23.0;29.3;5.0;28.0;51.3;57.0;0;0;0;0;16480.76;11280.08;5200.68;32441.359
2026-08-06T07:34:21.823872+02:00;standby;23.0;29.3;5.0;28.0;51.3;57.0;0;0;0;0;16480.76;11280.08;5200.68;32441.359
2026-08-06T07:35:22.265301+02:00;standby;23.0;29.3;5.0;28.0;51.3;57.0;0;0;0;0;16480.76;11280.08;5200.68;32441.359
2026-08-06T07:36:22.720404+02:00;standby;23.0;29.3;5.0;28.0;51.3;57.0;0;0;0;0;16480.76;11280.08;5200.68;32441.359
2026-08-06T07:37:23.141339+02:00;standby;23.0;29.3;5.0;28.0;51.3;57.0;0;0;0;0;16480.76;11280.08;5200.68;32441.359
2026-08-06T07:38:23.693763+02:00;standby;23.0;29.3;5.0;28.0;51.3;57.0;0;0;0;0;16480.76;11280.08;5200.68;32441.359
2026-08-06T07:39:24.497111+02:00;standby;23.0;29.3;5.0;28.0;51.3;57.0;0;0;0;0;16480.76;11280.08;5200.68;32441.359
2026-08-06T07:40:25.002060+02:00;standby;23.0;29.3;5.0;28.0;51.2;57.0;0;0;0;0;16480.76;11280.08;5200.68;32441.359
2026-08-06T07:41:25.932855+02:00;standby;23.0;29.3;5.0;28.0;51.2;57.0;0;0;0;0;16480.76;11280.08;5200.68;32441.359
2026-08-06T07:42:26.403523+02:00;standby;23.0;29.3;5.0;28.0;51.3;57.0;0;0;0;0;16480.76;11280.08;5200.68;32441.359
2026-08-06T07:43:27.073738+02:00;standby;23.0;29.3;5.0;28.0;51.2;57.0;0;0;0;0;16480.76;11280.08;5200.68;32441.359
2026-08-06T07:44:27.735533+02:00;standby;23.0;29.3;5.0;28.0;51.2;57.0;0;0;0;0;16480.76;11280.08;5200.68;32441.359
2026-08-06T07:45:28.316507+02:00;standby;23.0;29.3;5.0;28.0;51.2;57.0;0;0;0;0;16480.76;11280.08;5200.68;32441.359
2026-08-06T07:46:28.939096+02:00;standby;23.0;29.3;5.0;28.0;51.2;57.0;0;0;0;0;16480.76;11280.08;5200.68;32441.359
2026-08-06T07:47:29.795025+02:00;standby;23.0;29.3;5.0;28.0;51.2;57.0;0;0;0;0;16480.76;11280.08;5200.68;32441.359
2026-08-06T07:48:30.251035+02:00;standby;23.0;29.3;5.0;28.0;51.2;57.0;0;0;0;0;16480.76;11280.08;5200.68;32441.359
2026-08-06T07:49:30.901400+02:00;standby;23.0;29.3;5.0;28.0;51.2;57.0;0;0;0;0;16480.76;11280.08;5200.68;32441.359
2026-08-06T07:50:31.530196+02:00;standby;23.0;29.3;5.0;28.0;51.2;57.0;0;0;0;0;16480.76;11280.08;5200.68;32441.359
2026-08-06T07:51:32.155653+02:00;standby;23.0;29.3;5.0;28.0;51.2;57.0;0;0;0;0;16480.76;11280.08;5200.68;32441.359
2026-08-06T07:52:32.901394+02:00;standby;23.0;29.3;5.0;28.0;51.2;57.0;0;0;0;0;16480.76;11280.08;5200.68;32441.359
2026-08-06T07:53:33.420129+02:00;standby;23.0;29.3;5.0;28.0;51.1;57.0;0;0;0;0;16480.76;11280.08;5200.68;32441.359
2026-08-06T07:54:34.017017+02:00;standby;23.0;29.3;5.0;28.0;51.1;57.0;0;0;0;0;16480.76;11280.08;5200.68;32441.359
2026-08-06T07:55:34.529413+02:00;standby;23.0;29.3;5.0;28.0;51.1;57.0;0;0;0;0;16480.76;11280.08;5200.68;32441.359
2026-08-06T07:56:34.976479+02:00;standby;23.0;29.3;5.0;28.0;51.1;57.0;0;0;0;0;16480.76;11280.08;5200.68;32441.359
2026-08-06T07:57:35.533225+02:00;standby;23.0;29.3;5.0;28.0;51.1;57.0;0;0;0;0;16480.76;11280.08;5200.68;32441.359
2026-08-06T07:58:35.992540+02:00;standby;23.0;29.3;5.0;28.0;51.1;57.0;0;0;0;0;16480.76;11280.08;5200.68;32441.359
2026-08-06T07:59:37.017110+02:00;standby;23.0;29.3;5.0;28.0;51.1;57.0;0;0;0;0;16480.76;11280.08;5200.68;32441.359
2026-08-06T08:00:37.724749+02:00;standby;23.0;29.3;5.0;28.0;51.1;57.0;0;0;0;0;16480.76;11280.08;5200.68;32441.359
2026-08-06T08:01:38.362473+02:00;standby;23.0;29.3;5.0;28.0;51.1;57.0;0;0;0;0;16480.76;11280.08;5200.68;32441.359
2026-08-06T08:02:38.953657+02:00;standby;23.0;29.2;5.0;28.0;51.1;57.0;0;0;0;0;16480.76;11280.08;5200.68;32441.359
2026-08-06T08:03:39.715838+02:00;standby;23.0;29.2;5.0;28.0;51.1;57.0;0;0;0;0;16480.76;11280.08;5200.68;32441.359
2026-08-06T08:04:40.565526+02:00;standby;23.0;29.2;5.0;28.0;50.9;57.0;0;0;0;0;16480.76;11280.08;5200.68;32441.359
2026-08-06T08:05:41.058197+02:00;standby;23.0;29.3;5.0;28.0;50.9;57.0;0;0;0;0;16480.76;11280.08;5200.68;32441.359
2026-08-06T08:06:42.156563+02:00;standby;23.0;29.2;5.0;28.0;50.9;57.0;0;0;0;0;16480.76;11280.08;5200.68;32441.359
2026-08-06T08:07:42.672293+02:00;standby;23.0;29.2;5.0;28.0;50.9;57.0;0;0;0;0;16480.76;11280.08;5200.68;32441.359
2026-08-06T08:08:43.168437+02:00;standby;23.0;29.2;5.0;28.0;50.9;57.0;0;0;0;0;16480.76;11280.08;5200.68;32441.359
2026-08-06T08:09:43.645052+02:00;standby;23.0;29.2;5.0;28.0;50.9;57.0;0;0;0;0;16480.76;11280.08;5200.68;32441.359
2026-08-06T08:10:44.397858+02:00;standby;23.0;29.2;5.0;28.0;50.9;57.0;0;0;0;0;16480.76;11280.08;5200.68;32441.359
2026-08-06T08:11:44.872170+02:00;standby;23.0;29.2;5.0;28.0;50.9;57.0;0;0;0;0;16480.76;11280.08;5200.68;32441.359
2026-08-06T08:12:45.555124+02:00;standby;23.0;29.2;5.0;28.0;50.9;57.0;0;0;0;0;16480.76;11280.08;5200.68;32441.359
2026-08-06T08:13:46.141804+02:00;standby;23.0;29.2;5.0;28.0;50.9;57.0;0;0;0;0;16480.76;11280.08;5200.68;32441.359
2026-08-06T08:14:47.540990+02:00;standby;23.0;29.2;5.0;28.0;50.9;57.0;0;0;0;0;16480.76;11280.08;5200.68;32441.359
2026-08-06T08:15:47.993304+02:00;standby;23.0;29.2;5.0;28.0;50.9;57.0;0;0;0;0;16480.76;11280.08;5200.68;32441.359
2026-08-06T08:16:48.594296+02:00;standby;23.0;29.2;5.0;28.0;50.9;57.0;0;0;0;0;16480.76;11280.08;5200.68;32441.359
2026-08-06T08:17:49.091527+02:00;standby;23.0;29.2;5.0;28.0;50.8;57.0;0;0;0;0;16480.76;11280.08;5200.68;32441.359
2026-08-06T08:18:49.556463+02:00;standby;23.0;29.2;5.0;28.0;50.8;57.0;0;0;0;0;16480.76;11280.08;5200.68;32441.359
2026-08-06T08:19:49.966943+02:00;standby;23.0;29.2;5.0;28.0;50.8;57.0;0;0;0;0;16480.76;11280.08;5200.68;32441.359
2026-08-06T08:20:50.531489+02:00;standby;23.0;29.2;5.0;28.0;50.8;57.0;0;0;0;0;16480.76;11280.08;5200.68;32441.359
2026-08-06T08:21:51.058338+02:00;standby;23.0;29.2;5.0;28.0;50.8;57.0;0;0;0;0;16480.76;11280.08;5200.68;32441.359
2026-08-06T08:22:51.796500+02:00;standby;23.0;29.2;5.0;28.0;50.8;57.0;0;0;0;0;16480.76;11280.08;5200.68;32441.359
2026-08-06T08:23:52.492761+02:00;standby;23.0;29.2;5.0;28.0;50.8;57.0;0;0;0;0;16480.76;11280.08;5200.68;32441.359
2026-08-06T08:24:53.082017+02:00;standby;23.0;29.2;5.0;28.0;50.8;57.0;0;0;0;0;16480.76;11280.08;5200.68;32441.359
2026-08-06T08:25:53.600641+02:00;standby;23.0;29.2;5.0;28.0;50.8;57.0;0;0;0;0;16480.76;11280.08;5200.68;32441.359
2026-08-06T08:26:54.115181+02:00;standby;24.2;29.2;5.0;28.0;50.8;57.0;0;0;0;0;16480.76;11280.08;5200.68;32441.359
2026-08-06T08:27:55.169998+02:00;standby;24.2;29.2;5.0;28.0;50.8;57.0;0;0;0;0;16480.76;11280.08;5200.68;32441.359
2026-08-06T08:28:56.240328+02:00;standby;24.2;29.2;5.0;28.0;50.8;57.0;0;0;0;0;16480.76;11280.08;5200.68;32441.359
2026-08-06T08:29:56.858433+02:00;standby;24.2;29.2;5.0;28.0;50.8;57.0;0;0;0;0;16480.76;11280.08;5200.68;32441.359
2026-08-06T08:30:57.341320+02:00;standby;24.2;29.2;5.0;28.0;50.8;57.0;0;0;0;0;16480.76;11280.08;5200.68;32441.359
2026-08-06T08:31:57.864412+02:00;standby;24.2;29.2;5.0;28.0;50.7;57.0;0;0;0;0;16480.76;11280.08;5200.68;32441.359
2026-08-06T08:32:58.337617+02:00;standby;24.2;29.2;5.0;28.0;50.7;57.0;0;0;0;0;16480.76;11280.08;5200.68;32441.359
2026-08-06T08:33:58.754049+02:00;standby;24.2;29.2;5.0;28.0;50.7;57.0;0;0;0;0;16480.76;11280.08;5200.68;32441.359
2026-08-06T08:34:59.643993+02:00;standby;24.2;29.2;5.0;28.0;50.7;57.0;0;0;0;0;16480.76;11280.08;5200.68;32441.359
2026-08-06T08:36:00.568528+02:00;standby;24.2;29.2;5.0;28.0;50.7;57.0;0;0;0;0;16480.76;11280.08;5200.68;32441.359
2026-08-06T08:37:01.647158+02:00;standby;24.2;29.2;5.0;28.0;50.7;57.0;0;0;0;0;16480.76;11280.08;5200.68;32441.359
2026-08-06T08:38:02.219065+02:00;standby;24.2;29.2;5.0;28.0;50.7;57.0;0;0;0;0;16480.76;11280.08;5200.68;32441.359
2026-08-06T08:39:02.834652+02:00;standby;24.2;29.2;5.0;28.0;50.7;57.0;0;0;0;0;16480.76;11280.08;5200.68;32441.359
2026-08-06T08:40:03.303502+02:00;standby;24.2;29.2;5.0;28.0;50.7;57.0;0;0;0;0;16480.76;11280.08;5200.68;32441.359
2026-08-06T08:41:04.078470+02:00;standby;24.2;29.2;5.0;28.0;50.7;57.0;0;0;0;0;16480.76;11280.08;5200.68;32441.359
2026-08-06T08:42:04.601994+02:00;standby;24.2;29.2;5.0;28.0;50.7;57.0;0;0;0;0;16480.76;11280.08;5200.68;32441.359
2026-08-06T08:43:05.086510+02:00;standby;24.2;29.2;5.0;28.0;50.6;57.0;0;0;0;0;16480.76;11280.08;5200.68;32441.359
2026-08-06T08:44:05.788767+02:00;standby;24.2;29.2;5.0;28.0;50.6;57.0;0;0;0;0;16480.76;11280.08;5200.68;32441.359
2026-08-06T08:45:06.231190+02:00;standby;24.2;29.2;5.0;28.0;50.6;57.0;0;0;0;0;16480.76;11280.08;5200.68;32441.359
2026-08-06T08:46:06.775517+02:00;standby;24.2;29.2;5.0;28.0;50.6;57.0;0;0;0;0;16480.76;11280.08;5200.68;32441.359
2026-08-06T08:47:07.290861+02:00;standby;24.2;29.2;5.0;28.0;50.6;57.0;0;0;0;0;16480.76;11280.08;5200.68;32441.359
2026-08-06T08:48:07.891532+02:00;standby;24.2;29.0;5.0;28.0;50.6;57.0;0;0;0;0;16480.76;11280.08;5200.68;32441.359
2026-08-06T08:49:08.411745+02:00;standby;24.2;29.0;5.0;28.0;50.6;57.0;0;0;0;0;16480.76;11280.08;5200.68;32441.359
2026-08-06T08:50:09.185138+02:00;standby;24.2;29.0;5.0;28.0;50.6;57.0;0;0;0;0;16480.76;11280.08;5200.68;32441.359
2026-08-06T08:51:09.636784+02:00;standby;24.2;29.0;5.0;28.0;50.6;57.0;0;0;0;0;16480.76;11280.08;5200.68;32441.359
2026-08-06T08:52:10.053779+02:00;standby;24.2;29.0;5.0;28.0;50.6;57.0;0;0;0;0;16480.76;11280.08;5200.68;32441.359
2026-08-06T08:53:10.831476+02:00;standby;24.2;29.0;5.0;28.0;50.6;57.0;0;0;0;0;16480.76;11280.08;5200.68;32441.359
2026-08-06T08:54:11.298211+02:00;standby;24.2;29.0;5.0;28.0;50.6;57.0;0;0;0;0;16480.76;11280.08;5200.68;32441.359
2026-08-06T08:55:11.792823+02:00;standby;24.2;29.0;5.0;28.0;50.6;57.0;0;0;0;0;16480.76;11280.08;5200.68;32441.359
2026-08-06T08:56:12.298888+02:00;standby;24.2;29.0;5.0;28.0;50.5;57.0;0;0;0;0;16480.76;11280.08;5200.68;32441.359
2026-08-06T08:57:12.791202+02:00;standby;24.2;29.0;5.0;28.0;50.5;57.0;0;0;0;0;16480.76;11280.08;5200.68;32441.359
2026-08-06T08:58:13.263983+02:00;standby;24.2;29.0;5.0;28.0;50.5;57.0;0;0;0;0;16480.76;11280.08;5200.68;32441.359
2026-08-06T08:59:13.769462+02:00;standby;24.2;29.0;5.0;28.0;50.5;57.0;0;0;0;0;16480.76;11280.08;5200.68;32441.359
2026-08-06T09:00:14.211861+02:00;standby;24.2;29.0;5.0;28.0;50.5;57.0;0;0;0;0;16480.76;11280.08;5200.68;32441.359
2026-08-06T09:01:14.620148+02:00;standby;24.2;29.0;5.0;28.0;50.5;57.0;0;0;0;0;16480.76;11280.08;5200.68;32441.359
2026-08-06T09:02:15.147511+02:00;standby;24.2;29.0;5.0;28.0;50.5;57.0;0;0;0;0;16480.76;11280.08;5200.68;32441.359
2026-08-06T09:03:15.970366+02:00;standby;24.2;29.0;5.0;28.0;50.5;57.0;0;0;0;0;16480.76;11280.08;5200.68;32441.359
2026-08-06T09:04:16.565705+02:00;standby;24.2;29.0;5.0;28.0;50.5;57.0;0;0;0;0;16480.76;11280.08;5200.68;32441.359
2026-08-06T09:05:17.052646+02:00;standby;24.2;29.0;5.0;28.0;50.5;57.0;0;0;0;0;16480.76;11280.08;5200.68;32441.359
2026-08-06T09:06:17.528553+02:00;standby;24.2;29.0;5.0;28.0;50.5;57.0;0;0;0;0;16480.76;11280.08;5200.68;32441.359
2026-08-06T09:07:17.940811+02:00;standby;24.2;29.0;5.0;28.0;50.5;57.0;0;0;0;0;16480.76;11280.08;5200.68;32441.359
2026-08-06T09:08:18.397631+02:00;standby;24.2;29.0;5.0;28.0;50.5;57.0;0;0;0;0;16480.76;11280.08;5200.68;32441.359
2026-08-06T09:09:18.814044+02:00;standby;24.2;29.0;5.0;28.0;50.4;57.0;0;0;0;0;16480.76;11280.08;5200.68;32441.359
2026-08-06T09:10:20.075324+02:00;standby;24.2;29.0;5.0;28.0;50.4;57.0;0;0;0;0;16480.76;11280.08;5200.68;32441.359
2026-08-06T09:11:20.590430+02:00;standby;24.2;29.0;5.0;28.0;50.4;57.0;0;0;0;0;16480.76;11280.08;5200.68;32441.359
2026-08-06T09:12:21.104416+02:00;standby;24.2;29.0;5.0;28.0;50.4;57.0;0;0;0;0;16480.76;11280.08;5200.68;32441.359
2026-08-06T09:13:21.570574+02:00;standby;24.2;29.0;5.0;28.0;50.4;57.0;0;0;0;0;16480.76;11280.08;5200.68;32441.359
2026-08-06T09:14:21.985450+02:00;standby;24.2;29.0;5.0;28.0;50.4;57.0;0;0;0;0;16480.76;11280.08;5200.68;32441.359
2026-08-06T09:15:22.610802+02:00;standby;24.2;29.0;5.0;28.0;50.4;57.0;0;0;0;0;16480.76;11280.08;5200.68;32441.359
2026-08-06T09:16:23.062609+02:00;standby;24.2;29.0;5.0;28.0;50.4;57.0;0;0;0;0;16480.76;11280.08;5200.68;32441.359
2026-08-06T09:17:23.525967+02:00;standby;24.2;29.0;5.0;28.0;50.4;57.0;0;0;0;0;16480.76;11280.08;5200.68;32441.359
2026-08-06T09:18:24.433320+02:00;standby;24.2;29.0;5.0;28.0;50.4;57.0;0;0;0;0;16480.76;11280.08;5200.68;32441.359
2026-08-06T09:19:24.885964+02:00;standby;24.2;29.0;5.0;28.0;50.4;57.0;0;0;0;0;16480.76;11280.08;5200.68;32441.359
2026-08-06T09:20:25.346526+02:00;standby;24.2;29.0;5.0;28.0;50.4;57.0;0;0;0;0;16480.76;11280.08;5200.68;32441.359
2026-08-06T09:21:25.822273+02:00;standby;24.2;29.0;5.0;28.0;50.4;57.0;0;0;0;0;16480.76;11280.08;5200.68;32441.359
2026-08-06T09:22:26.592618+02:00;standby;24.2;29.0;5.0;28.0;50.3;57.0;0;0;0;0;16480.76;11280.08;5200.68;32441.359
2026-08-06T09:23:27.005349+02:00;standby;24.2;29.0;5.0;28.0;50.4;57.0;0;0;0;0;16480.76;11280.08;5200.68;32441.359
2026-08-06T09:24:27.599400+02:00;standby;24.2;29.0;5.0;28.0;50.3;57.0;0;0;0;0;16480.76;11280.08;5200.68;32441.359
2026-08-06T09:25:28.357898+02:00;standby;24.2;29.0;5.0;28.0;50.3;57.0;0;0;0;0;16480.76;11280.08;5200.68;32441.359
2026-08-06T09:26:28.875077+02:00;standby;24.2;29.0;5.0;28.0;50.3;57.0;0;0;0;0;16480.76;11280.08;5200.68;32441.359
2026-08-06T09:27:29.360564+02:00;standby;25.7;29.0;5.0;28.0;50.3;57.0;0;0;0;0;16480.76;11280.08;5200.68;32441.359
2026-08-06T09:28:30.087820+02:00;standby;25.7;29.0;5.0;28.0;50.3;57.0;0;0;0;0;16480.76;11280.08;5200.68;32441.359
2026-08-06T09:29:30.794378+02:00;standby;25.7;29.0;5.0;28.0;50.3;57.0;0;0;0;0;16480.76;11280.08;5200.68;32441.359
2026-08-06T09:30:31.421965+02:00;standby;25.7;29.0;5.0;28.0;50.3;57.0;0;0;0;0;16480.76;11280.08;5200.68;32441.359
2026-08-06T09:31:31.839875+02:00;standby;25.7;29.0;5.0;28.0;50.3;57.0;0;0;0;0;16480.76;11280.08;5200.68;32441.359
2026-08-06T09:32:32.458625+02:00;standby;25.7;29.0;5.0;28.0;50.3;57.0;0;0;0;0;16480.76;11280.08;5200.68;32441.359
2026-08-06T09:33:33.075869+02:00;standby;25.7;28.9;5.0;28.0;50.3;57.0;0;0;0;0;16480.76;11280.08;5200.68;32441.359
2026-08-06T09:34:33.549291+02:00;standby;25.7;28.9;5.0;28.0;50.3;57.0;0;0;0;0;16480.76;11280.08;5200.68;32441.359
2026-08-06T09:35:34.065389+02:00;standby;25.7;28.9;5.0;28.0;50.2;57.0;0;0;0;0;16480.76;11280.08;5200.68;32441.359
2026-08-06T09:36:34.612837+02:00;standby;25.7;29.0;5.0;28.0;50.2;57.0;0;0;0;0;16480.76;11280.08;5200.68;32441.359
2026-08-06T09:37:35.100838+02:00;standby;25.7;28.9;5.0;28.0;50.2;57.0;0;0;0;0;16480.76;11280.08;5200.68;32441.359
2026-08-06T09:38:35.552301+02:00;standby;25.7;28.9;5.0;28.0;50.2;57.0;0;0;0;0;16480.76;11280.08;5200.68;32441.359
2026-08-06T09:39:36.035767+02:00;standby;25.7;28.9;5.0;28.0;50.2;57.0;0;0;0;0;16480.76;11280.08;5200.68;32441.359
2026-08-06T09:40:36.514580+02:00;standby;25.7;28.9;5.0;28.0;50.2;57.0;0;0;0;0;16480.76;11280.08;5200.68;32441.359
2026-08-06T09:41:36.936102+02:00;standby;25.7;28.9;5.0;28.0;50.2;57.0;0;0;0;0;16480.76;11280.08;5200.68;32441.359
2026-08-06T09:42:37.352622+02:00;standby;25.7;28.9;5.0;28.0;50.2;57.0;0;0;0;0;16480.76;11280.08;5200.68;32441.359
2026-08-06T09:43:37.815512+02:00;standby;25.7;29.0;5.0;28.0;50.2;57.0;0;0;0;0;16480.76;11280.08;5200.68;32441.359
2026-08-06T09:44:38.280871+02:00;standby;25.7;28.9;5.0;28.0;50.2;57.0;0;0;0;0;16480.76;11280.08;5200.68;32441.359
2026-08-06T09:45:38.699858+02:00;standby;25.7;28.9;5.0;28.0;50.2;57.0;0;0;0;0;16480.76;11280.08;5200.68;32441.359
2026-08-06T09:46:39.117330+02:00;standby;25.7;28.9;5.0;28.0;50.2;57.0;0;0;0;0;16480.76;11280.08;5200.68;32441.359
2026-08-06T09:47:39.880600+02:00;standby;25.7;28.9;5.0;28.0;50.2;57.0;0;0;0;0;16480.76;11280.08;5200.68;32441.359
2026-08-06T09:48:40.364129+02:00;standby;25.7;28.9;5.0;28.0;50.2;57.0;0;0;0;0;16480.76;11280.08;5200.68;32441.359
2026-08-06T09:49:40.889768+02:00;standby;25.7;28.9;5.0;28.0;50.2;57.0;0;0;0;0;16480.76;11280.08;5200.68;32441.359
2026-08-06T09:50:42.845415+02:00;standby;25.7;28.9;5.0;28.0;50.1;57.0;0;0;0;0;16480.76;11280.08;5200.68;32441.359
2026-08-06T09:51:43.294652+02:00;standby;25.7;28.9;5.0;28.0;50.1;57.0;0;0;0;0;16480.76;11280.08;5200.68;32441.359
2026-08-06T09:52:43.773072+02:00;standby;25.7;28.9;5.0;28.0;50.1;57.0;0;0;0;0;16480.76;11280.08;5200.68;32441.359
2026-08-06T09:53:44.336209+02:00;standby;25.7;28.9;5.0;28.0;50.1;57.0;0;0;0;0;16480.76;11280.08;5200.68;32441.359
2026-08-06T09:54:44.812318+02:00;standby;25.7;28.9;5.0;28.0;50.1;57.0;0;0;0;0;16480.76;11280.08;5200.68;32441.359
2026-08-06T09:55:45.223627+02:00;standby;25.7;28.9;5.0;28.0;50.1;57.0;0;0;0;0;16480.76;11280.08;5200.68;32441.359
2026-08-06T09:56:45.916639+02:00;standby;25.7;28.9;5.0;28.0;50.1;57.0;0;0;0;0;16480.76;11280.08;5200.68;32441.359
2026-08-06T09:57:46.417733+02:00;standby;25.7;28.9;5.0;28.0;50.1;57.0;0;0;0;0;16480.76;11280.08;5200.68;32441.359
2026-08-06T09:58:46.984264+02:00;standby;25.7;28.9;5.0;28.0;50.1;57.0;0;0;0;0;16480.76;11280.08;5200.68;32441.359
2026-08-06T09:59:47.447739+02:00;standby;25.7;28.9;5.0;28.0;50.1;57.0;0;0;0;0;16480.76;11280.08;5200.68;32441.359
2026-08-06T10:00:48.078851+02:00;standby;25.7;28.9;5.0;28.0;50.0;57.0;0;0;0;0;16480.76;11280.08;5200.68;32441.359
2026-08-06T10:01:48.652159+02:00;standby;25.7;28.9;5.0;28.0;50.0;57.0;0;0;0;0;16480.76;11280.08;5200.68;32441.359
2026-08-06T10:02:49.139795+02:00;standby;25.7;28.9;5.0;28.0;49.9;57.0;0;0;0;0;16480.76;11280.08;5200.68;32441.359
2026-08-06T10:03:49.661585+02:00;standby;25.7;28.9;5.0;28.0;49.9;57.0;0;0;0;0;16480.76;11280.08;5200.68;32441.359
2026-08-06T10:04:50.102388+02:00;standby;25.7;28.9;5.0;28.0;49.9;57.0;0;0;0;0;16480.76;11280.08;5200.68;32441.359
2026-08-06T10:05:50.689971+02:00;standby;25.7;28.9;5.0;28.0;49.9;57.0;0;0;0;0;16480.76;11280.08;5200.68;32441.359
2026-08-06T10:06:51.290191+02:00;standby;25.7;28.9;5.0;28.0;49.9;57.0;0;0;0;0;16480.76;11280.08;5200.68;32441.359
2026-08-06T10:07:51.815338+02:00;standby;25.7;28.9;5.0;28.0;49.8;57.0;0;0;0;0;16480.76;11280.08;5200.68;32441.359
2026-08-06T10:08:52.596904+02:00;standby;25.7;28.9;5.0;28.0;49.8;57.0;0;0;0;0;16480.76;11280.08;5200.68;32441.359
2026-08-06T10:09:53.070288+02:00;standby;25.7;28.9;5.0;28.0;49.7;57.0;0;0;0;0;16480.76;11280.08;5200.68;32441.359
2026-08-06T10:10:53.839273+02:00;standby;25.7;28.9;5.0;28.0;49.7;57.0;0;0;0;0;16480.76;11280.08;5200.68;32441.359
2026-08-06T10:11:54.300976+02:00;standby;25.7;28.9;5.0;28.0;49.7;57.0;0;0;0;0;16480.76;11280.08;5200.68;32441.359
2026-08-06T10:12:54.867726+02:00;standby;25.7;28.9;5.0;28.0;49.7;57.0;0;0;0;0;16480.76;11280.08;5200.68;32441.359
2026-08-06T10:13:55.546747+02:00;standby;25.7;28.9;5.0;28.0;49.7;57.0;0;0;0;0;16480.76;11280.08;5200.68;32441.359
2026-08-06T10:14:56.277002+02:00;standby;25.7;28.9;5.0;28.0;49.7;57.0;0;0;0;0;16480.76;11280.08;5200.68;32441.359
2026-08-06T10:15:57.531723+02:00;standby;25.7;28.9;5.0;28.0;49.7;57.0;0;0;0;0;16480.76;11280.08;5200.68;32441.359
2026-08-06T10:16:58.076642+02:00;standby;25.7;28.9;5.0;28.0;49.7;57.0;0;0;0;0;16480.76;11280.08;5200.68;32441.359
2026-08-06T10:17:58.545568+02:00;standby;25.7;28.9;5.0;28.0;49.6;57.0;0;0;0;0;16480.76;11280.08;5200.68;32441.359
2026-08-06T10:18:59.402143+02:00;standby;25.7;28.9;5.0;28.0;49.6;57.0;0;0;0;0;16480.76;11280.08;5200.68;32441.359
2026-08-06T10:20:00.051319+02:00;standby;25.7;28.9;5.0;28.0;49.6;57.0;0;0;0;0;16480.76;11280.08;5200.68;32441.359
2026-08-06T10:21:00.674758+02:00;standby;25.7;28.9;5.0;28.0;49.6;57.0;0;0;0;0;16480.76;11280.08;5200.68;32441.359
2026-08-06T10:22:01.188802+02:00;standby;25.7;28.9;5.0;28.0;49.6;57.0;0;0;0;0;16480.76;11280.08;5200.68;32441.359
2026-08-06T10:23:03.706780+02:00;standby;25.7;28.9;5.0;28.0;49.6;57.0;0;0;0;0;16480.76;11280.08;5200.68;32441.359
2026-08-06T10:24:04.184922+02:00;standby;25.7;28.9;5.0;28.0;49.6;57.0;0;0;0;0;16480.76;11280.08;5200.68;32441.359
2026-08-06T10:25:04.668528+02:00;standby;25.7;28.9;5.0;28.0;49.6;57.0;0;0;0;0;16480.76;11280.08;5200.68;32441.359
2026-08-06T10:26:05.121028+02:00;standby;25.7;28.9;5.0;28.0;49.6;57.0;0;0;0;0;16480.76;11280.08;5200.68;32441.359
2026-08-06T10:27:05.569070+02:00;standby;25.7;28.9;5.0;28.0;49.6;57.0;0;0;0;0;16480.76;11280.08;5200.68;32441.359
2026-08-06T10:28:06.088605+02:00;standby;25.6;28.9;5.0;28.0;49.6;57.0;0;0;0;0;16480.76;11280.08;5200.68;32441.359
2026-08-06T10:29:06.665865+02:00;standby;25.6;28.9;5.0;28.0;49.6;57.0;0;0;0;0;16480.76;11280.08;5200.68;32441.359
2026-08-06T10:30:07.132126+02:00;standby;25.6;28.9;5.0;28.0;49.6;57.0;0;0;0;0;16480.76;11280.08;5200.68;32441.359
2026-08-06T10:31:07.660623+02:00;standby;25.6;28.9;5.0;28.0;49.6;57.0;0;0;0;0;16480.76;11280.08;5200.68;32441.359
2026-08-06T10:32:08.131314+02:00;standby;25.6;28.9;5.0;28.0;49.6;57.0;0;0;0;0;16480.76;11280.08;5200.68;32441.359
2026-08-06T10:33:08.579176+02:00;standby;25.6;28.9;5.0;28.0;49.5;57.0;0;0;0;0;16480.76;11280.08;5200.68;32441.359
2026-08-06T10:34:09.315107+02:00;standby;25.6;28.9;5.0;28.0;49.5;57.0;0;0;0;0;16480.76;11280.08;5200.68;32441.359
2026-08-06T10:35:09.789994+02:00;standby;25.6;28.7;5.0;28.0;49.5;57.0;0;0;0;0;16480.76;11280.08;5200.68;32441.359
2026-08-06T10:36:10.249662+02:00;standby;25.6;28.7;5.0;28.0;49.5;57.0;0;0;0;0;16480.76;11280.08;5200.68;32441.359
2026-08-06T10:37:10.765889+02:00;standby;25.6;28.7;5.0;28.0;49.5;57.0;0;0;0;0;16480.76;11280.08;5200.68;32441.359
2026-08-06T10:38:11.211902+02:00;standby;25.6;28.9;5.0;28.0;49.5;57.0;0;0;0;0;16480.76;11280.08;5200.68;32441.359
2026-08-06T10:39:11.661920+02:00;standby;25.6;28.9;5.0;28.0;49.5;57.0;0;0;0;0;16480.76;11280.08;5200.68;32441.359
2026-08-06T10:40:12.328332+02:00;standby;25.6;28.9;5.0;28.0;49.5;57.0;0;0;0;0;16480.76;11280.08;5200.68;32441.359
2026-08-06T10:41:13.582758+02:00;standby;25.6;28.7;5.0;28.0;49.5;57.0;0;0;0;0;16480.76;11280.08;5200.68;32441.359
2026-08-06T10:42:14.044779+02:00;standby;25.6;28.9;5.0;28.0;49.5;57.0;0;0;0;0;16480.76;11280.08;5200.68;32441.359
2026-08-06T10:43:14.456547+02:00;standby;25.6;28.9;5.0;28.0;49.5;57.0;0;0;0;0;16480.76;11280.08;5200.68;32441.359
2026-08-06T10:44:14.904325+02:00;standby;25.6;28.9;5.0;28.0;49.5;57.0;0;0;0;0;16480.76;11280.08;5200.68;32441.359
2026-08-06T10:45:15.864247+02:00;standby;25.6;28.7;5.0;28.0;49.5;57.0;0;0;0;0;16480.76;11280.08;5200.68;32441.359
2026-08-06T10:46:16.315266+02:00;standby;25.6;28.7;5.0;28.0;49.4;57.0;0;0;0;0;16480.76;11280.08;5200.68;32441.359
2026-08-06T10:47:16.741305+02:00;standby;25.6;28.7;5.0;28.0;49.4;57.0;0;0;0;0;16480.76;11280.08;5200.68;32441.359
2026-08-06T10:48:18.421774+02:00;standby;25.6;28.7;5.0;28.0;49.4;57.0;0;0;0;0;16480.76;11280.08;5200.68;32441.359
2026-08-06T10:49:19.258735+02:00;standby;25.6;28.7;5.0;28.0;49.4;57.0;0;0;0;0;16480.76;11280.08;5200.68;32441.359
2026-08-06T10:50:19.732609+02:00;standby;25.6;28.7;5.0;28.0;49.4;57.0;0;0;0;0;16480.76;11280.08;5200.68;32441.359
2026-08-06T10:51:20.553959+02:00;standby;25.6;28.7;5.0;28.0;49.4;57.0;0;0;0;0;16480.76;11280.08;5200.68;32441.359
2026-08-06T10:52:21.008340+02:00;standby;25.6;28.7;5.0;28.0;49.4;57.0;0;0;0;0;16480.76;11280.08;5200.68;32441.359
2026-08-06T10:53:21.483521+02:00;standby;25.6;28.7;5.0;28.0;49.4;57.0;0;0;0;0;16480.76;11280.08;5200.68;32441.359
2026-08-06T10:54:21.940050+02:00;standby;25.6;28.7;5.0;28.0;49.4;57.0;0;0;0;0;16480.76;11280.08;5200.68;32441.359
2026-08-06T10:55:22.483801+02:00;standby;25.6;28.7;5.0;28.0;49.4;57.0;0;0;0;0;16480.76;11280.08;5200.68;32441.359
2026-08-06T10:56:22.977271+02:00;standby;25.6;28.7;5.0;28.0;49.4;57.0;0;0;0;0;16480.76;11280.08;5200.68;32441.359
2026-08-06T10:57:23.673831+02:00;standby;25.6;28.7;5.0;28.0;49.4;57.0;0;0;0;0;16480.76;11280.08;5200.68;32441.359
2026-08-06T10:58:24.120721+02:00;standby;25.6;28.7;5.0;28.0;49.4;57.0;0;0;0;0;16480.76;11280.08;5200.68;32441.359
2026-08-06T10:59:24.567546+02:00;standby;25.6;28.7;5.0;28.0;49.4;57.0;0;0;0;0;16480.76;11280.08;5200.68;32441.359
2026-08-06T11:00:25.015546+02:00;standby;25.6;28.7;5.0;28.0;49.4;57.0;0;0;0;0;16480.76;11280.08;5200.68;32441.359
2026-08-06T11:01:25.712315+02:00;standby;25.6;28.7;5.0;28.0;49.3;57.0;0;0;0;0;16480.76;11280.08;5200.68;32441.359
2026-08-06T11:02:26.259592+02:00;standby;25.6;28.7;5.0;28.0;49.3;57.0;0;0;0;0;16480.76;11280.08;5200.68;32441.359
2026-08-06T11:03:26.784491+02:00;standby;25.6;28.7;5.0;28.0;49.3;57.0;0;0;0;0;16480.76;11280.08;5200.68;32441.359
2026-08-06T11:04:27.539125+02:00;standby;25.6;28.7;5.0;28.0;49.3;57.0;0;0;0;0;16480.76;11280.08;5200.68;32441.359
2026-08-06T11:05:28.177217+02:00;standby;25.6;28.7;5.0;28.0;49.3;57.0;0;0;0;0;16480.76;11280.08;5200.68;32441.359
2026-08-06T11:06:29.060267+02:00;standby;25.6;28.7;5.0;28.0;49.3;57.0;0;0;0;0;16480.76;11280.08;5200.68;32441.359
2026-08-06T11:07:29.626086+02:00;standby;25.6;28.7;5.0;28.0;49.2;57.0;0;0;0;0;16480.76;11280.08;5200.68;32441.359
2026-08-06T11:08:30.099229+02:00;standby;25.6;28.7;5.0;28.0;49.2;57.0;0;0;0;0;16480.76;11280.08;5200.68;32441.359
2026-08-06T11:09:30.910465+02:00;standby;25.6;28.7;5.0;28.0;49.2;57.0;0;0;0;0;16480.76;11280.08;5200.68;32441.359
2026-08-06T11:10:31.373476+02:00;standby;25.6;28.7;5.0;28.0;49.2;57.0;0;0;0;0;16480.76;11280.08;5200.68;32441.359
2026-08-06T11:11:32.364261+02:00;standby;25.6;28.7;5.0;28.0;49.2;57.0;0;0;0;0;16480.76;11280.08;5200.68;32441.359
2026-08-06T11:12:32.824929+02:00;standby;25.6;28.7;5.0;28.0;49.2;57.0;0;0;0;0;16480.76;11280.08;5200.68;32441.359
2026-08-06T11:13:33.822254+02:00;standby;25.6;28.7;5.0;28.0;49.2;57.0;0;0;0;0;16480.76;11280.08;5200.68;32441.359
2026-08-06T11:14:34.237847+02:00;standby;25.6;28.7;5.0;28.0;49.2;57.0;0;0;0;0;16480.76;11280.08;5200.68;32441.359
2026-08-06T11:15:34.753990+02:00;standby;25.6;28.7;5.0;28.0;49.2;57.0;0;0;0;0;16480.76;11280.08;5200.68;32441.359
2026-08-06T11:16:35.264833+02:00;standby;25.6;28.7;5.0;28.0;49.2;57.0;0;0;0;0;16480.76;11280.08;5200.68;32441.359
2026-08-06T11:17:35.741651+02:00;standby;25.6;28.7;5.0;28.0;49.2;57.0;0;0;0;0;16480.76;11280.08;5200.68;32441.359
2026-08-06T11:18:36.306174+02:00;standby;25.6;28.7;5.0;28.0;49.2;57.0;0;0;0;0;16480.76;11280.08;5200.68;32441.359
2026-08-06T11:19:36.749388+02:00;standby;25.6;28.7;5.0;28.0;49.2;57.0;0;0;0;0;16480.76;11280.08;5200.68;32441.359
2026-08-06T11:20:37.401730+02:00;standby;25.6;28.7;5.0;28.0;49.1;57.0;0;0;0;0;16480.76;11280.08;5200.68;32441.359
2026-08-06T11:21:38.383562+02:00;standby;25.6;28.7;5.0;28.0;49.1;57.0;0;0;0;0;16480.76;11280.08;5200.68;32441.359
2026-08-06T11:22:39.094485+02:00;standby;25.6;28.7;5.0;28.0;49.1;57.0;0;0;0;0;16480.76;11280.08;5200.68;32441.359
2026-08-06T11:23:39.544851+02:00;standby;25.6;28.7;5.0;28.0;49.1;57.0;0;0;0;0;16480.76;11280.08;5200.68;32441.359
2026-08-06T11:24:40.191249+02:00;standby;25.6;28.7;5.0;28.0;49.0;57.0;0;0;0;0;16480.76;11280.08;5200.68;32441.359
2026-08-06T11:25:40.888707+02:00;standby;25.6;28.7;5.0;28.0;49.0;57.0;0;0;0;0;16480.76;11280.08;5200.68;32441.359
2026-08-06T11:26:41.538726+02:00;standby;25.6;28.7;5.0;28.0;48.9;57.0;0;0;0;0;16480.76;11280.08;5200.68;32441.359
2026-08-06T11:27:42.046526+02:00;standby;25.6;28.7;5.0;28.0;48.9;57.0;0;0;0;0;16480.76;11280.08;5200.68;32441.359
2026-08-06T11:28:42.726775+02:00;standby;26.7;28.7;5.0;28.0;48.9;57.0;0;0;0;0;16480.76;11280.08;5200.68;32441.359
2026-08-06T11:29:43.519960+02:00;standby;26.7;28.7;5.0;28.0;48.9;57.0;0;0;0;0;16480.76;11280.08;5200.68;32441.359
2026-08-06T11:30:44.106174+02:00;standby;26.7;28.7;5.0;28.0;48.9;57.0;0;0;0;0;16480.76;11280.08;5200.68;32441.359
2026-08-06T11:31:44.758519+02:00;standby;26.7;28.7;5.0;28.0;48.9;57.0;0;0;0;0;16480.76;11280.08;5200.68;32441.359
2026-08-06T11:32:45.417797+02:00;standby;26.7;28.7;5.0;28.0;48.9;57.0;0;0;0;0;16480.76;11280.08;5200.68;32441.359
2026-08-06T11:33:46.134820+02:00;standby;26.7;28.7;5.0;28.0;48.9;57.0;0;0;0;0;16480.76;11280.08;5200.68;32441.359
2026-08-06T11:34:46.792552+02:00;standby;26.7;28.7;5.0;28.0;48.9;57.0;0;0;0;0;16480.76;11280.08;5200.68;32441.359
2026-08-06T11:35:47.281710+02:00;standby;26.7;28.7;5.0;28.0;48.8;57.0;0;0;0;0;16480.76;11280.08;5200.68;32441.359
2026-08-06T11:36:47.775943+02:00;standby;26.7;28.7;5.0;28.0;48.8;57.0;0;0;0;0;16480.76;11280.08;5200.68;32441.359
2026-08-06T11:37:48.377448+02:00;standby;26.7;28.7;5.0;28.0;48.8;57.0;0;0;0;0;16480.76;11280.08;5200.68;32441.359
2026-08-06T11:38:49.458777+02:00;standby;26.7;28.7;5.0;28.0;48.8;57.0;0;0;0;0;16480.76;11280.08;5200.68;32441.359
2026-08-06T11:39:50.025146+02:00;standby;26.7;28.7;5.0;28.0;48.8;57.0;0;0;0;0;16480.76;11280.08;5200.68;32441.359
2026-08-06T11:40:50.468531+02:00;standby;26.7;28.7;5.0;28.0;48.8;57.0;0;0;0;0;16480.76;11280.08;5200.68;32441.359
2026-08-06T11:41:50.917165+02:00;standby;26.7;28.7;5.0;28.0;48.8;57.0;0;0;0;0;16480.76;11280.08;5200.68;32441.359
2026-08-06T11:42:51.489035+02:00;standby;26.7;28.7;5.0;28.0;48.8;57.0;0;0;0;0;16480.76;11280.08;5200.68;32441.359
2026-08-06T11:43:52.184857+02:00;standby;26.7;28.7;5.0;28.0;48.7;57.0;0;0;0;0;16480.76;11280.08;5200.68;32441.359
2026-08-06T11:44:52.678336+02:00;standby;26.7;28.7;5.0;28.0;48.7;57.0;0;0;0;0;16480.76;11280.08;5200.68;32441.359
2026-08-06T11:45:53.271145+02:00;standby;26.7;28.7;5.0;28.0;48.7;57.0;0;0;0;0;16480.76;11280.08;5200.68;32441.359
2026-08-06T11:46:54.078236+02:00;standby;26.7;28.7;5.0;28.0;48.7;57.0;0;0;0;0;16480.76;11280.08;5200.68;32441.359
2026-08-06T11:47:54.703856+02:00;standby;26.7;28.6;5.0;28.0;48.7;57.0;0;0;0;0;16480.76;11280.08;5200.68;32441.359
2026-08-06T11:48:55.503613+02:00;standby;26.7;28.7;5.0;28.0;48.7;57.0;0;0;0;0;16480.76;11280.08;5200.68;32441.359
2026-08-06T11:49:55.987899+02:00;standby;26.7;28.7;5.0;28.0;48.7;57.0;0;0;0;0;16480.76;11280.08;5200.68;32441.359
2026-08-06T11:50:56.521771+02:00;standby;26.7;28.7;5.0;28.0;48.7;57.0;0;0;0;0;16480.76;11280.08;5200.68;32441.359
2026-08-06T11:51:56.984330+02:00;standby;26.7;28.7;5.0;28.0;48.7;57.0;0;0;0;0;16480.76;11280.08;5200.68;32441.359
2026-08-06T11:52:57.499166+02:00;standby;26.7;28.7;5.0;28.0;48.7;57.0;0;0;0;0;16480.76;11280.08;5200.68;32441.359
2026-08-06T11:53:57.978368+02:00;standby;26.7;28.6;5.0;28.0;48.7;57.0;0;0;0;0;16480.76;11280.08;5200.68;32441.359
2026-08-06T11:54:58.765262+02:00;standby;26.7;28.7;5.0;28.0;48.6;57.0;0;0;0;0;16480.76;11280.08;5200.68;32441.359
2026-08-06T11:55:59.467644+02:00;standby;26.7;28.6;5.0;28.0;48.6;57.0;0;0;0;0;16480.76;11280.08;5200.68;32441.359
2026-08-06T11:57:00.103997+02:00;standby;26.7;28.6;5.0;28.0;48.6;57.0;0;0;0;0;16480.76;11280.08;5200.68;32441.359
2026-08-06T11:58:00.935812+02:00;standby;26.7;28.6;5.0;28.0;48.6;57.0;0;0;0;0;16480.76;11280.08;5200.68;32441.359
2026-08-06T11:59:01.661483+02:00;standby;26.7;28.6;5.0;28.0;48.6;57.0;0;0;0;0;16480.76;11280.08;5200.68;32441.359
2026-08-06T12:00:02.613313+02:00;standby;26.7;28.6;5.0;28.0;48.6;57.0;0;0;0;0;16480.76;11280.08;5200.68;32441.359
2026-08-06T12:01:03.046655+02:00;standby;26.7;28.7;5.0;28.0;48.6;57.0;0;0;0;0;16480.76;11280.08;5200.68;32441.359
2026-08-06T12:02:03.763476+02:00;standby;26.7;28.7;5.0;28.0;48.6;57.0;0;0;0;0;16480.76;11280.08;5200.68;32441.359
2026-08-06T12:03:04.537193+02:00;standby;26.7;28.7;5.0;28.0;48.6;57.0;0;0;0;0;16480.76;11280.08;5200.68;32441.359
2026-08-06T12:04:05.063441+02:00;standby;26.7;28.7;5.0;28.0;48.6;57.0;0;0;0;0;16480.76;11280.08;5200.68;32441.359
2026-08-06T12:05:05.576204+02:00;standby;26.7;28.6;5.0;28.0;48.6;57.0;0;0;0;0;16480.76;11280.08;5200.68;32441.359
2026-08-06T12:06:06.219992+02:00;standby;26.7;28.6;5.0;28.0;48.6;57.0;0;0;0;0;16480.76;11280.08;5200.68;32441.359
2026-08-06T12:07:07.028868+02:00;standby;26.7;28.6;5.0;28.0;48.6;57.0;0;0;0;0;16480.76;11280.08;5200.68;32441.359
2026-08-06T12:08:07.622651+02:00;standby;26.7;28.7;5.0;28.0;48.6;57.0;0;0;0;0;16480.76;11280.08;5200.68;32441.359
2026-08-06T12:09:08.349499+02:00;standby;26.7;28.6;5.0;28.0;48.6;57.0;0;0;0;0;16480.76;11280.08;5200.68;32441.359
2026-08-06T12:10:10.121521+02:00;standby;26.7;28.6;5.0;28.0;48.5;57.0;0;0;0;0;16480.76;11280.08;5200.68;32441.359
2026-08-06T12:11:10.752035+02:00;standby;26.7;28.6;5.0;28.0;48.5;57.0;0;0;0;0;16480.76;11280.08;5200.68;32441.359
2026-08-06T12:12:11.231903+02:00;standby;26.7;28.6;5.0;28.0;48.5;57.0;0;0;0;0;16480.76;11280.08;5200.68;32441.359
2026-08-06T12:13:11.792317+02:00;standby;26.7;28.6;5.0;28.0;48.5;57.0;0;0;0;0;16480.76;11280.08;5200.68;32441.359
2026-08-06T12:14:12.276340+02:00;standby;26.7;28.6;5.0;28.0;48.5;57.0;0;0;0;0;16480.76;11280.08;5200.68;32441.359
2026-08-06T12:15:12.685588+02:00;standby;26.7;28.6;5.0;28.0;48.5;57.0;0;0;0;0;16480.76;11280.08;5200.68;32441.359
2026-08-06T12:16:13.152182+02:00;standby;26.7;28.6;5.0;28.0;48.5;57.0;0;0;0;0;16480.76;11280.08;5200.68;32441.359
2026-08-06T12:17:13.966698+02:00;standby;26.7;28.6;5.0;28.0;48.5;57.0;0;0;0;0;16480.76;11280.08;5200.68;32441.359
2026-08-06T12:18:14.395012+02:00;standby;26.7;28.6;5.0;28.0;48.5;57.0;0;0;0;0;16480.76;11280.08;5200.68;32441.359
2026-08-06T12:19:14.844444+02:00;standby;26.7;28.6;5.0;28.0;48.5;57.0;0;0;0;0;16480.76;11280.08;5200.68;32441.359
2026-08-06T12:20:15.260766+02:00;standby;26.7;28.6;5.0;28.0;48.5;57.0;0;0;0;0;16480.76;11280.08;5200.68;32441.359
2026-08-06T12:21:16.161017+02:00;standby;26.7;28.6;5.0;28.0;48.5;57.0;0;0;0;0;16480.76;11280.08;5200.68;32441.359
2026-08-06T12:22:16.864516+02:00;standby;26.7;28.6;5.0;28.0;48.5;57.0;0;0;0;0;16480.76;11280.08;5200.68;32441.359
2026-08-06T12:23:17.364432+02:00;standby;26.7;28.6;5.0;28.0;48.5;57.0;0;0;0;0;16480.76;11280.08;5200.68;32441.359
2026-08-06T12:24:17.802563+02:00;standby;26.7;28.6;5.0;28.0;48.4;57.0;0;0;0;0;16480.76;11280.08;5200.68;32441.359
2026-08-06T12:25:18.695147+02:00;standby;26.7;28.6;5.0;28.0;48.4;57.0;0;0;0;0;16480.76;11280.08;5200.68;32441.359
2026-08-06T12:26:19.329298+02:00;standby;26.7;28.6;5.0;28.0;48.4;57.0;0;0;0;0;16480.76;11280.08;5200.68;32441.359
2026-08-06T12:27:19.812188+02:00;standby;26.7;28.6;5.0;28.0;48.4;57.0;0;0;0;0;16480.76;11280.08;5200.68;32441.359
2026-08-06T12:28:21.101508+02:00;standby;26.7;28.6;5.0;28.0;48.4;57.0;0;0;0;0;16480.76;11280.08;5200.68;32441.359
2026-08-06T12:29:21.559315+02:00;standby;26.9;28.6;5.0;28.0;48.4;57.0;0;0;0;0;16480.76;11280.08;5200.68;32441.359
2026-08-06T12:30:22.015382+02:00;standby;26.9;28.6;5.0;28.0;48.4;57.0;0;0;0;0;16480.76;11280.08;5200.68;32441.359
2026-08-06T12:31:22.435891+02:00;standby;26.9;28.6;5.0;28.0;48.4;57.0;0;0;0;0;16480.76;11280.08;5200.68;32441.359
2026-08-06T12:32:23.013581+02:00;standby;26.9;28.6;5.0;28.0;48.4;57.0;0;0;0;0;16480.76;11280.08;5200.68;32441.359
2026-08-06T12:33:23.460498+02:00;standby;26.9;28.6;5.0;28.0;48.4;57.0;0;0;0;0;16480.76;11280.08;5200.68;32441.359
2026-08-06T12:34:24.356429+02:00;standby;26.9;28.6;5.0;28.0;48.4;57.0;0;0;0;0;16480.76;11280.08;5200.68;32441.359
2026-08-06T12:35:25.023875+02:00;standby;26.9;28.6;5.0;28.0;48.4;57.0;0;0;0;0;16480.76;11280.08;5200.68;32441.359
2026-08-06T12:36:25.500659+02:00;standby;26.9;28.6;5.0;28.0;48.4;57.0;0;0;0;0;16480.76;11280.08;5200.68;32441.359
2026-08-06T12:37:26.103430+02:00;standby;26.9;28.6;5.0;28.0;48.4;57.0;0;0;0;0;16480.76;11280.08;5200.68;32441.359
2026-08-06T12:38:26.567898+02:00;standby;26.9;28.6;5.0;28.0;48.4;57.0;0;0;0;0;16480.76;11280.08;5200.68;32441.359
2026-08-06T12:39:27.098032+02:00;standby;26.9;28.6;5.0;28.0;48.2;57.0;0;0;0;0;16480.76;11280.08;5200.68;32441.359
2026-08-06T12:40:27.790894+02:00;standby;26.9;28.6;5.0;28.0;48.2;57.0;0;0;0;0;16480.76;11280.08;5200.68;32441.359
2026-08-06T12:41:28.366249+02:00;standby;26.9;28.6;5.0;28.0;48.2;57.0;0;0;0;0;16480.76;11280.08;5200.68;32441.359
2026-08-06T12:42:29.071468+02:00;standby;26.9;28.6;5.0;28.0;48.0;57.0;0;0;0;0;16480.76;11280.08;5200.68;32441.359
2026-08-06T12:43:29.504559+02:00;standby;26.9;28.6;5.0;28.0;47.9;57.0;0;0;0;0;16480.76;11280.08;5200.68;32441.359
2026-08-06T12:44:30.199462+02:00;standby;26.9;28.6;5.0;28.0;47.9;57.0;0;0;0;0;16480.76;11280.08;5200.68;32441.359
2026-08-06T12:45:30.885182+02:00;standby;26.9;28.6;5.0;28.0;47.8;57.0;0;0;0;0;16480.76;11280.08;5200.68;32441.359
2026-08-06T12:46:31.475847+02:00;standby;26.9;28.6;5.0;28.0;47.8;57.0;0;0;0;0;16480.76;11280.08;5200.68;32441.359
2026-08-06T12:47:32.144831+02:00;standby;26.9;28.6;5.0;28.0;47.8;57.0;0;0;0;0;16480.76;11280.08;5200.68;32441.359
2026-08-06T12:48:32.729663+02:00;standby;26.9;28.6;5.0;28.0;47.8;57.0;0;0;0;0;16480.76;11280.08;5200.68;32441.359
2026-08-06T12:49:33.349855+02:00;standby;26.9;28.6;5.0;28.0;47.8;57.0;0;0;0;0;16480.76;11280.08;5200.68;32441.359
2026-08-06T12:50:34.234570+02:00;standby;26.9;28.6;5.0;28.0;47.7;57.0;0;0;0;0;16480.76;11280.08;5200.68;32441.359
2026-08-06T12:51:34.693804+02:00;standby;26.9;28.6;5.0;28.0;47.7;57.0;0;0;0;0;16480.76;11280.08;5200.68;32441.359
2026-08-06T12:52:35.254006+02:00;standby;26.9;28.6;5.0;28.0;47.6;57.0;0;0;0;0;16480.76;11280.08;5200.68;32441.359
2026-08-06T12:53:35.767335+02:00;standby;26.9;28.6;5.0;28.0;47.5;57.0;0;0;0;0;16480.76;11280.08;5200.68;32441.359
2026-08-06T12:54:37.131471+02:00;standby;26.9;28.6;5.0;28.0;47.3;57.0;0;0;0;0;16480.76;11280.08;5200.68;32441.359
2026-08-06T12:55:37.614338+02:00;standby;26.9;28.6;5.0;28.0;47.1;57.0;0;0;0;0;16480.76;11280.08;5200.68;32441.359
2026-08-06T12:56:38.448221+02:00;standby;26.9;28.6;5.0;28.0;47.0;57.0;0;0;0;0;16480.76;11280.08;5200.68;32441.359
2026-08-06T12:57:38.994968+02:00;dhw;26.9;39.0;85.0;28.0;46.8;57.0;1;23;1;100;16480.81;11280.08;5200.73;32441.359
2026-08-06T12:57:49.657363+02:00;dhw;26.9;38.5;85.0;28.0;46.8;57.0;1;23;1;100;16480.81;11280.08;5200.74;32441.359
2026-08-06T12:58:00.295833+02:00;dhw;26.9;38.6;85.0;28.0;46.7;57.0;1;23;1;100;16480.82;11280.08;5200.75;32441.459
2026-08-06T12:58:11.027057+02:00;dhw;26.9;38.5;85.0;28.0;46.6;57.0;1;23;1;100;16480.83;11280.08;5200.76;32441.459
2026-08-06T12:58:21.607366+02:00;dhw;26.9;39.1;85.0;28.0;46.5;57.0;1;23;1;100;16480.84;11280.08;5200.76;32441.459
2026-08-06T12:58:32.184012+02:00;dhw;26.9;40.0;85.0;28.0;46.4;57.0;1;23;1;100;16480.85;11280.08;5200.78;32441.459
2026-08-06T12:58:42.689864+02:00;dhw;26.9;40.3;85.0;28.0;46.3;57.0;1;23;1;100;16480.86;11280.08;5200.78;32441.459
2026-08-06T12:58:53.437617+02:00;dhw;26.9;41.0;85.0;28.0;46.2;57.0;1;30;1;100;16480.87;11280.08;5200.79;32441.459
2026-08-06T12:59:04.088495+02:00;dhw;26.9;42.0;85.0;28.0;46.2;57.0;1;40;1;100;16480.88;11280.08;5200.8;32441.459
2026-08-06T12:59:14.886906+02:00;dhw;26.9;44.1;85.0;28.0;46.1;57.0;1;54;1;100;16480.9;11280.08;5200.83;32441.459
2026-08-06T12:59:25.530894+02:00;dhw;26.9;46.0;85.0;28.0;46.0;57.0;1;66;1;100;16480.93;11280.08;5200.85;32441.459
2026-08-06T12:59:36.013701+02:00;dhw;26.9;48.1;85.0;28.0;46.0;57.0;1;77;1;100;16480.96;11280.08;5200.88;32441.459
2026-08-06T12:59:46.731252+02:00;dhw;26.9;51.1;85.0;28.0;45.9;57.0;1;92;1;100;16481.0;11280.08;5200.92;32441.459
2026-08-06T12:59:57.284087+02:00;dhw;26.9;53.5;85.0;28.0;45.8;57.0;1;102;1;100;16481.04;11280.08;5200.96;32441.459
2026-08-06T13:00:07.753937+02:00;dhw;26.9;55.9;85.0;28.0;45.8;57.0;1;108;1;100;16481.08;11280.08;5201.0;32441.459
2026-08-06T13:00:18.608862+02:00;dhw;26.9;58.4;85.0;28.0;45.8;57.0;1;108;1;100;16481.13;11280.08;5201.05;32441.459
2026-08-06T13:00:29.203526+02:00;dhw;26.9;60.1;85.0;28.0;45.8;57.0;1;108;1;100;16481.16;11280.08;5201.09;32441.459
2026-08-06T13:00:41.029907+02:00;dhw;26.9;62.1;85.0;28.0;45.8;57.0;1;108;1;100;16481.21;11280.08;5201.13;32441.459
2026-08-06T13:00:51.529181+02:00;dhw;26.9;64.0;85.0;28.0;45.8;57.0;1;108;1;100;16481.26;11280.08;5201.19;32441.459
2026-08-06T13:01:02.273125+02:00;dhw;26.9;65.1;85.0;28.0;45.9;57.0;1;108;1;100;16481.29;11280.08;5201.21;32441.459
2026-08-06T13:01:12.815611+02:00;dhw;26.9;66.2;85.0;28.0;45.9;57.0;1;108;1;100;16481.34;11280.08;5201.26;32441.459
2026-08-06T13:01:23.458242+02:00;dhw;26.9;67.1;85.0;28.0;46.0;57.0;1;108;1;100;16481.37;11280.08;5201.29;32441.459
2026-08-06T13:01:34.216821+02:00;dhw;26.9;68.0;85.0;28.0;46.1;57.0;1;108;1;100;16481.41;11280.08;5201.34;32441.459
2026-08-06T13:01:45.729655+02:00;dhw;26.9;69.1;85.0;28.0;46.2;57.0;1;108;1;100;16481.47;11280.08;5201.4;32441.459
2026-08-06T13:01:56.857113+02:00;dhw;26.9;70.0;85.0;28.0;46.5;57.0;1;108;1;100;16481.54;11280.08;5201.46;32441.459
2026-08-06T13:02:07.677451+02:00;dhw;26.9;70.6;85.0;28.0;46.7;57.0;1;108;1;100;16481.58;11280.08;5201.51;32441.459
2026-08-06T13:02:18.559562+02:00;dhw;26.9;71.0;85.0;28.0;46.8;57.0;1;108;1;100;16481.62;11280.08;5201.55;32441.459
2026-08-06T13:02:30.235341+02:00;dhw;26.9;71.5;85.0;28.0;47.0;57.0;1;108;1;100;16481.67;11280.08;5201.59;32441.459
2026-08-06T13:02:41.769164+02:00;dhw;26.9;72.1;85.0;28.0;47.2;57.0;1;108;1;100;16481.73;11280.08;5201.65;32441.459
2026-08-06T13:02:52.512641+02:00;dhw;26.9;72.2;85.0;28.0;47.4;57.0;1;108;1;100;16481.75;11280.08;5201.67;32441.459
2026-08-06T13:03:03.965846+02:00;dhw;26.9;72.6;85.0;28.0;47.6;57.0;1;108;1;100;16481.79;11280.08;5201.71;32441.459
2026-08-06T13:03:14.499463+02:00;dhw;26.9;73.0;85.0;28.0;47.8;57.0;1;108;1;100;16481.84;11280.08;5201.77;32441.559
2026-08-06T13:03:25.211260+02:00;dhw;26.9;73.1;85.0;28.0;48.0;57.0;1;108;1;100;16481.87;11280.08;5201.8;32441.559
2026-08-06T13:03:35.814519+02:00;dhw;26.9;73.9;85.0;28.0;48.5;57.0;1;108;1;100;16481.96;11280.08;5201.88;32441.559
2026-08-06T13:03:46.328553+02:00;dhw;26.9;74.0;85.0;28.0;48.7;57.0;1;108;1;100;16482.0;11280.08;5201.92;32441.559
2026-08-06T13:03:57.314705+02:00;dhw;26.9;74.5;85.0;28.0;48.8;57.0;1;108;1;100;16482.04;11280.08;5201.97;32441.559
2026-08-06T13:04:07.862603+02:00;dhw;26.9;74.6;85.0;28.0;49.0;57.0;1;108;1;100;16482.09;11280.08;5202.01;32441.559
2026-08-06T13:04:18.609410+02:00;dhw;26.9;74.9;85.0;28.0;49.1;57.0;1;108;1;100;16482.13;11280.08;5202.05;32441.559
2026-08-06T13:04:29.219362+02:00;dhw;26.9;75.1;85.0;28.0;49.3;57.0;1;108;1;100;16482.17;11280.08;5202.09;32441.559
2026-08-06T13:04:40.356862+02:00;dhw;26.9;75.4;85.0;28.0;49.5;57.0;1;108;1;100;16482.21;11280.08;5202.13;32441.559
2026-08-06T13:04:50.920745+02:00;dhw;26.9;75.6;85.0;28.0;49.6;57.0;1;108;1;100;16482.25;11280.08;5202.18;32441.559
2026-08-06T13:05:01.580000+02:00;dhw;26.9;75.8;85.0;28.0;49.8;57.0;1;108;1;100;16482.29;11280.08;5202.22;32441.559
2026-08-06T13:05:12.119932+02:00;dhw;26.9;76.1;85.0;28.0;49.9;57.0;1;108;1;100;16482.33;11280.08;5202.26;32441.559
2026-08-06T13:05:22.974103+02:00;dhw;26.9;76.2;85.0;28.0;50.1;57.0;1;108;1;100;16482.38;11280.08;5202.3;32441.559
2026-08-06T13:05:34.245974+02:00;dhw;26.9;76.5;85.0;28.0;50.2;57.0;1;108;1;100;16482.42;11280.08;5202.34;32441.559
2026-08-06T13:05:44.837192+02:00;dhw;26.9;76.7;85.0;28.0;50.4;57.0;1;108;1;100;16482.46;11280.08;5202.38;32441.559
2026-08-06T13:05:55.918762+02:00;dhw;26.9;77.1;85.0;28.0;50.6;57.0;1;108;1;100;16482.54;11280.08;5202.47;32441.559
2026-08-06T13:06:06.439146+02:00;dhw;26.9;77.3;85.0;28.0;50.8;57.0;1;108;1;100;16482.59;11280.08;5202.51;32441.559
2026-08-06T13:06:17.885767+02:00;dhw;26.9;77.6;85.0;28.0;50.9;57.0;1;108;1;100;16482.63;11280.08;5202.55;32441.559
2026-08-06T13:06:28.595397+02:00;dhw;26.9;77.7;85.0;28.0;51.2;57.0;1;108;1;100;16482.67;11280.08;5202.59;32441.559
2026-08-06T13:06:39.159650+02:00;dhw;26.9;78.0;85.0;28.0;51.3;57.0;1;108;1;100;16482.72;11280.08;5202.64;32441.559
2026-08-06T13:06:49.745610+02:00;dhw;26.9;78.2;85.0;28.0;51.5;57.0;1;108;1;100;16482.75;11280.08;5202.68;32441.559
2026-08-06T13:07:00.358973+02:00;dhw;26.9;78.3;85.0;28.0;51.6;57.0;1;108;1;100;16482.8;11280.08;5202.72;32441.559
2026-08-06T13:07:10.857151+02:00;dhw;26.9;78.5;85.0;28.0;51.7;57.0;1;108;1;100;16482.84;11280.08;5202.76;32441.658
2026-08-06T13:07:21.362734+02:00;dhw;26.9;78.6;85.0;28.0;51.9;57.0;1;108;1;100;16482.88;11280.08;5202.8;32441.658
2026-08-06T13:07:32.069196+02:00;dhw;26.9;79.0;85.0;28.0;52.1;57.0;1;108;1;100;16482.92;11280.08;5202.85;32441.658
2026-08-06T13:07:42.618827+02:00;dhw;26.9;79.1;85.0;28.0;52.2;57.0;1;108;1;100;16482.96;11280.08;5202.88;32441.658
2026-08-06T13:07:53.106611+02:00;dhw;26.9;79.1;85.0;28.0;52.4;57.0;1;108;1;100;16483.0;11280.08;5202.93;32441.658
2026-08-06T13:08:03.897646+02:00;dhw;26.9;79.3;85.0;28.0;52.5;57.0;1;108;1;100;16483.05;11280.08;5202.97;32441.658
2026-08-06T13:08:14.431004+02:00;dhw;26.9;79.6;85.0;28.0;52.7;57.0;1;108;1;100;16483.13;11280.08;5203.05;32441.658
2026-08-06T13:08:25.155372+02:00;dhw;26.9;79.8;85.0;28.0;52.9;57.0;1;108;1;100;16483.17;11280.08;5203.1;32441.658
2026-08-06T13:08:35.710036+02:00;dhw;26.9;80.1;85.0;28.0;53.2;57.0;1;108;1;100;16483.22;11280.08;5203.14;32441.658
2026-08-06T13:08:46.282469+02:00;dhw;26.9;80.1;85.0;28.0;53.4;57.0;1;108;1;100;16483.25;11280.08;5203.18;32441.658
2026-08-06T13:08:57.094748+02:00;dhw;26.9;80.3;85.0;28.0;53.5;57.0;1;108;1;100;16483.3;11280.08;5203.22;32441.658
2026-08-06T13:09:07.923560+02:00;dhw;26.9;80.4;85.0;28.0;53.7;57.0;1;108;1;100;16483.34;11280.08;5203.26;32441.658
2026-08-06T13:09:18.816313+02:00;dhw;26.9;80.6;85.0;28.0;53.8;57.0;1;108;1;100;16483.38;11280.08;5203.31;32441.658
2026-08-06T13:09:29.424973+02:00;dhw;26.9;80.7;85.0;28.0;54.0;57.0;1;108;1;100;16483.42;11280.08;5203.35;32441.658
2026-08-06T13:09:40.141422+02:00;dhw;26.9;80.9;85.0;28.0;54.1;57.0;1;108;1;100;16483.46;11280.08;5203.39;32441.658
2026-08-06T13:09:51.786077+02:00;dhw;26.9;81.1;85.0;28.0;54.3;57.0;1;108;1;100;16483.51;11280.08;5203.43;32441.658
2026-08-06T13:10:02.499895+02:00;dhw;26.9;81.2;85.0;28.0;54.5;57.0;1;108;1;100;16483.55;11280.08;5203.47;32441.658
2026-08-06T13:10:13.092222+02:00;dhw;26.9;81.4;85.0;28.0;54.6;57.0;1;108;1;100;16483.59;11280.08;5203.52;32441.658
2026-08-06T13:10:24.719469+02:00;dhw;26.9;81.5;85.0;28.0;54.8;57.0;1;108;1;100;16483.63;11280.08;5203.56;32441.658
2026-08-06T13:10:35.969712+02:00;dhw;26.9;81.9;85.0;28.0;55.2;57.0;1;108;1;100;16483.72;11280.08;5203.64;32441.658
2026-08-06T13:10:48.579612+02:00;dhw;26.9;82.0;85.0;28.0;55.4;57.0;1;108;1;100;16483.76;11280.08;5203.68;32441.658
2026-08-06T13:10:59.158420+02:00;dhw;26.9;82.2;85.0;28.0;55.5;57.0;1;108;1;100;16483.8;11280.08;5203.72;32441.658
2026-08-06T13:11:09.829710+02:00;dhw;26.9;82.4;85.0;28.0;55.7;57.0;1;108;1;100;16483.84;11280.08;5203.77;32441.658
2026-08-06T13:11:20.565704+02:00;dhw;26.9;82.5;85.0;28.0;55.9;57.0;1;108;1;100;16483.88;11280.08;5203.81;32441.758
2026-08-06T13:11:31.382819+02:00;dhw;26.9;82.7;85.0;28.0;56.1;57.0;1;108;1;100;16483.92;11280.08;5203.85;32441.758
2026-08-06T13:11:42.081274+02:00;dhw;26.9;83.0;85.0;28.0;56.3;57.0;1;108;1;100;16483.98;11280.08;5203.91;32441.758
2026-08-06T13:11:52.830906+02:00;dhw;26.9;83.0;85.0;28.0;56.5;57.0;1;108;1;100;16484.01;11280.08;5203.93;32441.758
2026-08-06T13:12:04.561850+02:00;dhw;26.9;83.2;85.0;28.0;56.9;57.0;1;108;1;100;16484.05;11280.08;5203.97;32441.758
2026-08-06T13:12:15.262908+02:00;standby;26.9;83.5;85.0;28.0;57.1;57.0;0;0;1;100;16484.12;11280.08;5204.04;32441.758
2026-08-06T13:12:25.796480+02:00;standby;26.9;82.4;85.0;28.0;57.3;57.0;0;0;1;100;16484.12;11280.08;5204.04;32441.758
2026-08-06T13:12:36.241335+02:00;standby;26.9;80.5;85.0;28.0;57.5;57.0;0;0;1;100;16484.12;11280.08;5204.04;32441.758
2026-08-06T13:12:46.930882+02:00;standby;26.9;77.9;85.0;28.0;57.7;57.0;0;0;1;100;16484.12;11280.08;5204.04;32441.758
2026-08-06T13:12:57.382905+02:00;standby;26.9;75.7;85.0;28.0;57.9;57.0;0;0;1;100;16484.12;11280.08;5204.04;32441.758
2026-08-06T13:13:07.853303+02:00;standby;26.9;73.8;85.0;28.0;58.1;57.0;0;0;1;10;16484.12;11280.08;5204.04;32441.758
2026-08-06T13:14:08.290315+02:00;standby;26.9;66.7;5.0;28.0;58.8;57.0;0;0;1;10;16484.12;11280.08;5204.04;32441.758
2026-08-06T13:15:08.800167+02:00;standby;26.9;62.8;5.0;28.0;59.4;57.0;0;0;0;10;16484.12;11280.08;5204.04;32441.758
2026-08-06T13:16:09.377896+02:00;standby;26.9;63.5;5.0;28.0;59.6;57.0;0;0;0;0;16484.12;11280.08;5204.04;32441.758
2026-08-06T13:17:09.923330+02:00;standby;26.9;64.1;5.0;28.0;59.8;57.0;0;0;0;0;16484.12;11280.08;5204.04;32441.758
2026-08-06T13:18:10.378004+02:00;standby;26.9;64.2;5.0;28.0;59.8;57.0;0;0;0;0;16484.12;11280.08;5204.04;32441.758
2026-08-06T13:19:10.834270+02:00;standby;26.9;64.3;5.0;28.0;59.9;57.0;0;0;0;0;16484.12;11280.08;5204.04;32441.758
2026-08-06T13:20:11.319736+02:00;standby;26.9;64.3;5.0;28.0;59.9;57.0;0;0;0;0;16484.12;11280.08;5204.04;32441.758
2026-08-06T13:21:11.723462+02:00;standby;26.9;64.3;5.0;28.0;59.9;57.0;0;0;0;0;16484.12;11280.08;5204.04;32441.758
2026-08-06T13:22:12.288591+02:00;standby;26.9;64.2;5.0;28.0;59.9;57.0;0;0;0;0;16484.12;11280.08;5204.04;32441.758
2026-08-06T13:23:12.781259+02:00;standby;26.9;64.1;5.0;28.0;59.9;57.0;0;0;0;0;16484.12;11280.08;5204.04;32441.758
2026-08-06T13:24:13.469170+02:00;standby;26.9;64.0;5.0;28.0;59.9;57.0;0;0;0;0;16484.12;11280.08;5204.04;32441.758
2026-08-06T13:25:13.930190+02:00;standby;26.9;64.0;5.0;28.0;59.9;57.0;0;0;0;0;16484.12;11280.08;5204.04;32441.758
2026-08-06T13:26:14.495894+02:00;standby;26.9;63.8;5.0;28.0;59.9;57.0;0;0;0;0;16484.12;11280.08;5204.04;32441.758
2026-08-06T13:27:15.117465+02:00;standby;26.9;63.6;5.0;28.0;59.9;57.0;0;0;0;0;16484.12;11280.08;5204.04;32441.758
2026-08-06T13:28:16.182038+02:00;standby;26.9;63.5;5.0;28.0;59.9;57.0;0;0;0;0;16484.12;11280.08;5204.04;32441.758
2026-08-06T13:29:19.697480+02:00;standby;26.9;63.4;5.0;28.0;59.9;57.0;0;0;0;0;16484.12;11280.08;5204.04;32441.758
2026-08-06T13:30:20.132700+02:00;standby;27.1;63.3;5.0;28.0;59.8;57.0;0;0;0;0;16484.12;11280.08;5204.04;32441.758
2026-08-06T13:31:20.606533+02:00;standby;27.1;63.1;5.0;28.0;59.8;57.0;0;0;0;0;16484.12;11280.08;5204.04;32441.758
2026-08-06T13:32:21.438718+02:00;standby;27.1;63.0;5.0;28.0;59.8;57.0;0;0;0;0;16484.12;11280.08;5204.04;32441.758
2026-08-06T13:33:22.078919+02:00;standby;27.1;62.9;5.0;28.0;59.8;57.0;0;0;0;0;16484.12;11280.08;5204.04;32441.758
2026-08-06T13:34:22.721524+02:00;standby;27.1;62.8;5.0;28.0;59.8;57.0;0;0;0;0;16484.12;11280.08;5204.04;32441.758
2026-08-06T13:35:23.428893+02:00;standby;27.1;62.7;5.0;28.0;59.8;57.0;0;0;0;0;16484.12;11280.08;5204.04;32441.758
2026-08-06T13:36:23.937284+02:00;standby;27.1;62.6;5.0;28.0;59.8;57.0;0;0;0;0;16484.12;11280.08;5204.04;32441.758
2026-08-06T13:37:24.622427+02:00;standby;27.1;62.4;5.0;28.0;59.8;57.0;0;0;0;0;16484.12;11280.08;5204.04;32441.758
2026-08-06T13:38:25.420558+02:00;standby;27.1;62.2;5.0;28.0;59.8;57.0;0;0;0;0;16484.12;11280.08;5204.04;32441.758
2026-08-06T13:39:25.831467+02:00;standby;27.1;62.1;5.0;28.0;59.8;57.0;0;0;0;0;16484.12;11280.08;5204.04;32441.758
2026-08-06T13:40:26.580705+02:00;standby;27.1;62.0;5.0;28.0;59.8;57.0;0;0;0;0;16484.12;11280.08;5204.04;32441.758
2026-08-06T13:41:27.438648+02:00;standby;27.1;61.9;5.0;28.0;59.8;57.0;0;0;0;0;16484.12;11280.08;5204.04;32441.758
2026-08-06T13:42:27.971105+02:00;standby;27.1;61.7;5.0;28.0;59.8;57.0;0;0;0;0;16484.12;11280.08;5204.04;32441.758
2026-08-06T13:43:29.323799+02:00;standby;27.1;61.6;5.0;28.0;59.7;57.0;0;0;0;0;16484.12;11280.08;5204.04;32441.758
2026-08-06T13:44:30.198326+02:00;standby;27.1;61.4;5.0;28.0;59.7;57.0;0;0;0;0;16484.12;11280.08;5204.04;32441.758
2026-08-06T13:45:30.700967+02:00;standby;27.1;61.3;5.0;28.0;59.7;57.0;0;0;0;0;16484.12;11280.08;5204.04;32441.758
2026-08-06T13:46:31.137803+02:00;standby;27.1;61.2;5.0;28.0;59.7;57.0;0;0;0;0;16484.12;11280.08;5204.04;32441.758
2026-08-06T13:47:31.547386+02:00;standby;27.1;61.0;5.0;28.0;59.7;57.0;0;0;0;0;16484.12;11280.08;5204.04;32441.758
2026-08-06T13:48:31.995539+02:00;standby;27.1;60.9;5.0;28.0;59.7;57.0;0;0;0;0;16484.12;11280.08;5204.04;32441.758
2026-08-06T13:49:32.500284+02:00;standby;27.1;60.7;5.0;28.0;59.7;57.0;0;0;0;0;16484.12;11280.08;5204.04;32441.758
2026-08-06T13:50:32.987733+02:00;standby;27.1;60.6;5.0;28.0;59.7;57.0;0;0;0;0;16484.12;11280.08;5204.04;32441.758
2026-08-06T13:51:34.459607+02:00;standby;27.1;60.5;5.0;28.0;59.7;57.0;0;0;0;0;16484.12;11280.08;5204.04;32441.758
2026-08-06T13:52:34.940145+02:00;standby;27.1;60.3;5.0;28.0;59.7;57.0;0;0;0;0;16484.12;11280.08;5204.04;32441.758
2026-08-06T13:53:35.381103+02:00;standby;27.1;60.1;5.0;28.0;59.7;57.0;0;0;0;0;16484.12;11280.08;5204.04;32441.758
2026-08-06T13:54:35.912578+02:00;standby;27.1;60.0;5.0;28.0;59.7;57.0;0;0;0;0;16484.12;11280.08;5204.04;32441.758
2026-08-06T13:55:36.370215+02:00;standby;27.1;59.9;5.0;28.0;59.7;57.0;0;0;0;0;16484.12;11280.08;5204.04;32441.758
2026-08-06T13:56:36.790854+02:00;standby;27.1;59.8;5.0;28.0;59.7;57.0;0;0;0;0;16484.12;11280.08;5204.04;32441.758
2026-08-06T13:57:37.251077+02:00;standby;27.1;59.5;5.0;28.0;59.7;57.0;0;0;0;0;16484.12;11280.08;5204.04;32441.758
2026-08-06T13:58:38.591127+02:00;standby;27.1;59.4;5.0;28.0;59.6;57.0;0;0;0;0;16484.12;11280.08;5204.04;32441.758
2026-08-06T13:59:39.139743+02:00;standby;27.1;59.3;5.0;28.0;59.6;57.0;0;0;0;0;16484.12;11280.08;5204.04;32441.758
2026-08-06T14:00:39.729248+02:00;standby;27.1;59.2;5.0;28.0;59.6;57.0;0;0;0;0;16484.12;11280.08;5204.04;32441.758
2026-08-06T14:01:40.232033+02:00;standby;27.1;59.0;5.0;28.0;59.6;57.0;0;0;0;0;16484.12;11280.08;5204.04;32441.758
2026-08-06T14:02:40.668181+02:00;standby;27.1;58.9;5.0;28.0;59.6;57.0;0;0;0;0;16484.12;11280.08;5204.04;32441.758
2026-08-06T14:03:41.114058+02:00;standby;27.1;58.7;5.0;28.0;59.6;57.0;0;0;0;0;16484.12;11280.08;5204.04;32441.758
2026-08-06T14:04:41.995777+02:00;standby;27.1;58.5;5.0;28.0;59.6;57.0;0;0;0;0;16484.12;11280.08;5204.04;32441.758
2026-08-06T14:05:42.528884+02:00;standby;27.1;58.4;5.0;28.0;59.6;57.0;0;0;0;0;16484.12;11280.08;5204.04;32441.758
2026-08-06T14:06:43.259045+02:00;standby;27.1;58.3;5.0;28.0;59.6;57.0;0;0;0;0;16484.12;11280.08;5204.04;32441.758
2026-08-06T14:07:43.723947+02:00;standby;27.1;58.2;5.0;28.0;59.6;57.0;0;0;0;0;16484.12;11280.08;5204.04;32441.758
2026-08-06T14:08:44.273111+02:00;standby;27.1;58.0;5.0;28.0;59.6;57.0;0;0;0;0;16484.12;11280.08;5204.04;32441.758
2026-08-06T14:09:45.330629+02:00;standby;27.1;57.8;5.0;28.0;59.6;57.0;0;0;0;0;16484.12;11280.08;5204.04;32441.758
2026-08-06T14:10:46.056299+02:00;standby;27.1;57.7;5.0;28.0;59.6;57.0;0;0;0;0;16484.12;11280.08;5204.04;32441.758
2026-08-06T14:11:46.494423+02:00;standby;27.1;57.6;5.0;28.0;59.5;57.0;0;0;0;0;16484.12;11280.08;5204.04;32441.758
2026-08-06T14:12:46.934037+02:00;standby;27.1;57.4;5.0;28.0;59.5;57.0;0;0;0;0;16484.12;11280.08;5204.04;32441.758
2026-08-06T14:13:47.611950+02:00;standby;27.1;57.3;5.0;28.0;59.5;57.0;0;0;0;0;16484.12;11280.08;5204.04;32441.758
2026-08-06T14:14:48.514240+02:00;standby;27.1;57.2;5.0;28.0;59.5;57.0;0;0;0;0;16484.12;11280.08;5204.04;32441.758
2026-08-06T14:15:48.954087+02:00;standby;27.1;57.0;5.0;28.0;59.5;57.0;0;0;0;0;16484.12;11280.08;5204.04;32441.758
2026-08-06T14:16:49.467386+02:00;standby;27.1;56.9;5.0;28.0;59.5;57.0;0;0;0;0;16484.12;11280.08;5204.04;32441.758
2026-08-06T14:17:50.300729+02:00;standby;27.1;56.7;5.0;28.0;59.5;57.0;0;0;0;0;16484.12;11280.08;5204.04;32441.758
2026-08-06T14:18:50.814464+02:00;standby;27.1;56.6;5.0;28.0;59.5;57.0;0;0;0;0;16484.12;11280.08;5204.04;32441.758
2026-08-06T14:19:51.422312+02:00;standby;27.1;56.5;5.0;28.0;59.5;57.0;0;0;0;0;16484.12;11280.08;5204.04;32441.758
2026-08-06T14:20:51.865268+02:00;standby;27.1;56.2;5.0;28.0;59.5;57.0;0;0;0;0;16484.12;11280.08;5204.04;32441.758
2026-08-06T14:21:52.374327+02:00;standby;27.1;56.1;5.0;28.0;59.5;57.0;0;0;0;0;16484.12;11280.08;5204.04;32441.758
2026-08-06T14:22:52.845696+02:00;standby;27.1;56.0;5.0;28.0;59.5;57.0;0;0;0;0;16484.12;11280.08;5204.04;32441.758
2026-08-06T14:23:53.465505+02:00;standby;27.1;55.9;5.0;28.0;59.5;57.0;0;0;0;0;16484.12;11280.08;5204.04;32441.758
2026-08-06T14:24:54.605701+02:00;standby;27.1;55.8;5.0;28.0;59.4;57.0;0;0;0;0;16484.12;11280.08;5204.04;32441.758
2026-08-06T14:25:55.114402+02:00;standby;27.1;55.7;5.0;28.0;59.4;57.0;0;0;0;0;16484.12;11280.08;5204.04;32441.758
2026-08-06T14:26:56.097558+02:00;standby;27.1;55.5;5.0;28.0;59.4;57.0;0;0;0;0;16484.12;11280.08;5204.04;32441.758
2026-08-06T14:27:56.512075+02:00;standby;27.1;55.3;5.0;28.0;59.4;57.0;0;0;0;0;16484.12;11280.08;5204.04;32441.758
2026-08-06T14:28:57.270562+02:00;standby;27.1;55.2;5.0;28.0;59.4;57.0;0;0;0;0;16484.12;11280.08;5204.04;32441.758
2026-08-06T14:29:57.803739+02:00;standby;27.1;55.1;5.0;28.0;59.4;57.0;0;0;0;0;16484.12;11280.08;5204.04;32441.758
2026-08-06T14:30:59.058891+02:00;standby;28.1;54.9;5.0;28.0;59.4;57.0;0;0;0;0;16484.12;11280.08;5204.04;32441.758
2026-08-06T14:31:59.523864+02:00;standby;28.1;54.8;5.0;28.0;59.4;57.0;0;0;0;0;16484.12;11280.08;5204.04;32441.758
2026-08-06T14:33:00.016987+02:00;standby;28.1;54.7;5.0;28.0;59.4;57.0;0;0;0;0;16484.12;11280.08;5204.04;32441.758
2026-08-06T14:34:00.686609+02:00;standby;28.1;54.6;5.0;28.0;59.4;57.0;0;0;0;0;16484.12;11280.08;5204.04;32441.758
2026-08-06T14:35:01.178126+02:00;standby;28.1;54.4;5.0;28.0;59.4;57.0;0;0;0;0;16484.12;11280.08;5204.04;32441.758
2026-08-06T14:36:01.635661+02:00;standby;28.1;54.3;5.0;28.0;59.4;57.0;0;0;0;0;16484.12;11280.08;5204.04;32441.758
2026-08-06T14:37:02.257971+02:00;standby;28.1;54.2;5.0;28.0;59.4;57.0;0;0;0;0;16484.12;11280.08;5204.04;32441.758
2026-08-06T14:38:02.802495+02:00;standby;28.1;54.0;5.0;28.0;59.3;57.0;0;0;0;0;16484.12;11280.08;5204.04;32441.758
2026-08-06T14:39:03.567542+02:00;standby;28.1;53.9;5.0;28.0;59.3;57.0;0;0;0;0;16484.12;11280.08;5204.04;32441.758
2026-08-06T14:40:04.078870+02:00;standby;28.1;53.8;5.0;28.0;59.3;57.0;0;0;0;0;16484.12;11280.08;5204.04;32441.758
2026-08-06T14:41:04.947445+02:00;standby;28.1;53.7;5.0;28.0;59.3;57.0;0;0;0;0;16484.12;11280.08;5204.04;32441.758
2026-08-06T14:42:05.529002+02:00;standby;28.1;53.6;5.0;28.0;59.3;57.0;0;0;0;0;16484.12;11280.08;5204.04;32441.758
2026-08-06T14:43:06.095775+02:00;standby;28.1;53.4;5.0;28.0;59.3;57.0;0;0;0;0;16484.12;11280.08;5204.04;32441.758
2026-08-06T14:44:06.667873+02:00;standby;28.1;53.3;5.0;28.0;59.3;57.0;0;0;0;0;16484.12;11280.08;5204.04;32441.758
2026-08-06T14:45:07.195574+02:00;standby;28.1;53.1;5.0;28.0;59.3;57.0;0;0;0;0;16484.12;11280.08;5204.04;32441.758
2026-08-06T14:46:07.920799+02:00;standby;28.1;53.0;5.0;28.0;59.3;57.0;0;0;0;0;16484.12;11280.08;5204.04;32441.758
2026-08-06T14:47:08.434162+02:00;standby;28.1;52.9;5.0;28.0;59.3;57.0;0;0;0;0;16484.12;11280.08;5204.04;32441.758
2026-08-06T14:48:08.959106+02:00;standby;28.1;52.8;5.0;28.0;59.3;57.0;0;0;0;0;16484.12;11280.08;5204.04;32441.758
2026-08-06T14:49:09.832158+02:00;standby;28.1;52.7;5.0;28.0;59.3;57.0;0;0;0;0;16484.12;11280.08;5204.04;32441.758
2026-08-06T14:50:10.791786+02:00;standby;28.1;52.6;5.0;28.0;59.3;57.0;0;0;0;0;16484.12;11280.08;5204.04;32441.758
2026-08-06T14:51:11.225380+02:00;standby;28.1;52.4;5.0;28.0;59.3;57.0;0;0;0;0;16484.12;11280.08;5204.04;32441.758
2026-08-06T14:52:11.741507+02:00;standby;28.1;52.3;5.0;28.0;59.3;57.0;0;0;0;0;16484.12;11280.08;5204.04;32441.758
2026-08-06T14:53:12.207928+02:00;standby;28.1;52.2;5.0;28.0;59.2;57.0;0;0;0;0;16484.12;11280.08;5204.04;32441.758
2026-08-06T14:54:12.830925+02:00;standby;28.1;52.1;5.0;28.0;59.2;57.0;0;0;0;0;16484.12;11280.08;5204.04;32441.758
2026-08-06T14:55:13.617403+02:00;standby;28.1;52.0;5.0;28.0;59.2;57.0;0;0;0;0;16484.12;11280.08;5204.04;32441.758
2026-08-06T14:56:14.593258+02:00;standby;28.1;51.9;5.0;28.0;59.2;57.0;0;0;0;0;16484.12;11280.08;5204.04;32441.758
2026-08-06T14:57:15.089505+02:00;standby;28.1;51.8;5.0;28.0;59.2;57.0;0;0;0;0;16484.12;11280.08;5204.04;32441.758
2026-08-06T14:58:15.749163+02:00;standby;28.1;51.7;5.0;28.0;59.2;57.0;0;0;0;0;16484.12;11280.08;5204.04;32441.758
2026-08-06T14:59:16.557709+02:00;standby;28.1;51.6;5.0;28.0;59.2;57.0;0;0;0;0;16484.12;11280.08;5204.04;32441.758
2026-08-06T15:00:17.597891+02:00;standby;28.1;51.4;5.0;28.0;59.2;57.0;0;0;0;0;16484.12;11280.08;5204.04;32441.758
2026-08-06T15:01:18.056491+02:00;standby;28.1;51.3;5.0;28.0;59.2;57.0;0;0;0;0;16484.12;11280.08;5204.04;32441.758
2026-08-06T15:02:18.854144+02:00;standby;28.1;51.2;5.0;28.0;59.2;57.0;0;0;0;0;16484.12;11280.08;5204.04;32441.758
2026-08-06T15:03:19.404006+02:00;standby;28.1;51.0;5.0;28.0;59.2;57.0;0;0;0;0;16484.12;11280.08;5204.04;32441.758
2026-08-06T15:04:19.879394+02:00;standby;28.1;51.0;5.0;28.0;59.2;57.0;0;0;0;0;16484.12;11280.08;5204.04;32441.758
2026-08-06T15:05:20.342254+02:00;standby;28.1;50.9;5.0;28.0;59.2;57.0;0;0;0;0;16484.12;11280.08;5204.04;32441.758
2026-08-06T15:06:21.000877+02:00;standby;28.1;50.7;5.0;28.0;59.2;57.0;0;0;0;0;16484.12;11280.08;5204.04;32441.758
2026-08-06T15:07:21.513878+02:00;standby;28.1;50.7;5.0;28.0;59.1;57.0;0;0;0;0;16484.12;11280.08;5204.04;32441.758
2026-08-06T15:08:22.231264+02:00;standby;28.1;50.6;5.0;28.0;59.1;57.0;0;0;0;0;16484.12;11280.08;5204.04;32441.758
2026-08-06T15:09:22.720895+02:00;standby;28.1;50.4;5.0;28.0;59.1;57.0;0;0;0;0;16484.12;11280.08;5204.04;32441.758
2026-08-06T15:10:23.651217+02:00;standby;28.1;50.3;5.0;28.0;59.1;57.0;0;0;0;0;16484.12;11280.08;5204.04;32441.758
2026-08-06T15:11:24.075896+02:00;standby;28.1;50.2;5.0;28.0;59.1;57.0;0;0;0;0;16484.12;11280.08;5204.04;32441.758
2026-08-06T15:12:24.690811+02:00;standby;28.1;50.1;5.0;28.0;59.1;57.0;0;0;0;0;16484.12;11280.08;5204.04;32441.758
2026-08-06T15:13:25.339748+02:00;standby;28.1;50.0;5.0;28.0;59.1;57.0;0;0;0;0;16484.12;11280.08;5204.04;32441.758
2026-08-06T15:14:25.902925+02:00;standby;28.1;49.9;5.0;28.0;59.1;57.0;0;0;0;0;16484.12;11280.08;5204.04;32441.758
2026-08-06T15:15:26.465089+02:00;standby;28.1;49.8;5.0;28.0;59.1;57.0;0;0;0;0;16484.12;11280.08;5204.04;32441.758
2026-08-06T15:16:27.128033+02:00;standby;28.1;49.7;5.0;28.0;59.1;57.0;0;0;0;0;16484.12;11280.08;5204.04;32441.758
2026-08-06T15:17:27.598183+02:00;standby;28.1;49.5;5.0;28.0;59.1;57.0;0;0;0;0;16484.12;11280.08;5204.04;32441.758
2026-08-06T15:18:28.320169+02:00;standby;28.1;49.4;5.0;28.0;59.1;57.0;0;0;0;0;16484.12;11280.08;5204.04;32441.758
2026-08-06T15:19:28.762693+02:00;standby;28.1;49.3;5.0;28.0;59.1;57.0;0;0;0;0;16484.12;11280.08;5204.04;32441.758
2026-08-06T15:20:29.666314+02:00;standby;28.1;49.2;5.0;28.0;59.1;57.0;0;0;0;0;16484.12;11280.08;5204.04;32441.758
2026-08-06T15:21:30.083604+02:00;standby;28.1;49.2;5.0;28.0;59.1;57.0;0;0;0;0;16484.12;11280.08;5204.04;32441.758
2026-08-06T15:22:30.649772+02:00;standby;28.1;49.1;5.0;28.0;58.9;57.0;0;0;0;0;16484.12;11280.08;5204.04;32441.758
2026-08-06T15:23:31.248274+02:00;standby;28.1;49.0;5.0;28.0;58.9;57.0;0;0;0;0;16484.12;11280.08;5204.04;32441.758
2026-08-06T15:24:31.914429+02:00;standby;28.1;48.9;5.0;28.0;58.9;57.0;0;0;0;0;16484.12;11280.08;5204.04;32441.758
2026-08-06T15:25:33.035080+02:00;standby;28.1;48.7;5.0;28.0;58.9;57.0;0;0;0;0;16484.12;11280.08;5204.04;32441.758
2026-08-06T15:26:33.527603+02:00;standby;28.1;48.6;5.0;28.0;58.9;57.0;0;0;0;0;16484.12;11280.08;5204.04;32441.758
2026-08-06T15:27:34.041806+02:00;standby;28.1;48.5;5.0;28.0;58.9;57.0;0;0;0;0;16484.12;11280.08;5204.04;32441.758
2026-08-06T15:28:34.909963+02:00;standby;28.1;48.4;5.0;28.0;58.9;57.0;0;0;0;0;16484.12;11280.08;5204.04;32441.758
2026-08-06T15:29:35.503928+02:00;standby;28.1;48.4;5.0;28.0;58.9;57.0;0;0;0;0;16484.12;11280.08;5204.04;32441.758
2026-08-06T15:30:36.192945+02:00;standby;28.1;48.3;5.0;28.0;58.9;57.0;0;0;0;0;16484.12;11280.08;5204.04;32441.758
2026-08-06T15:31:37.081044+02:00;standby;28.7;48.2;5.0;28.0;58.9;57.0;0;0;0;0;16484.12;11280.08;5204.04;32441.758
2026-08-06T15:32:37.705943+02:00;standby;28.7;48.1;5.0;28.0;58.9;57.0;0;0;0;0;16484.12;11280.08;5204.04;32441.758
2026-08-06T15:33:38.214004+02:00;standby;28.7;48.0;5.0;28.0;58.9;57.0;0;0;0;0;16484.12;11280.08;5204.04;32441.758
2026-08-06T15:34:38.712305+02:00;standby;28.7;47.8;5.0;28.0;58.9;57.0;0;0;0;0;16484.12;11280.08;5204.04;32441.758
2026-08-06T15:35:39.313471+02:00;standby;28.7;47.8;5.0;28.0;58.9;57.0;0;0;0;0;16484.12;11280.08;5204.04;32441.758
2026-08-06T15:36:39.842112+02:00;standby;28.7;47.7;5.0;28.0;58.9;57.0;0;0;0;0;16484.12;11280.08;5204.04;32441.758
2026-08-06T15:37:40.765998+02:00;standby;28.7;47.6;5.0;28.0;58.8;57.0;0;0;0;0;16484.12;11280.08;5204.04;32441.758
2026-08-06T15:38:41.507003+02:00;standby;28.7;47.5;5.0;28.0;58.8;57.0;0;0;0;0;16484.12;11280.08;5204.04;32441.758
2026-08-06T15:39:42.103997+02:00;standby;28.7;47.4;5.0;28.0;58.8;57.0;0;0;0;0;16484.12;11280.08;5204.04;32441.758
2026-08-06T15:40:42.603055+02:00;standby;28.7;47.3;5.0;28.0;58.8;57.0;0;0;0;0;16484.12;11280.08;5204.04;32441.758
2026-08-06T15:41:43.152762+02:00;standby;28.7;47.3;5.0;28.0;58.8;57.0;0;0;0;0;16484.12;11280.08;5204.04;32441.758
2026-08-06T15:42:43.656983+02:00;standby;28.7;47.2;5.0;28.0;58.8;57.0;0;0;0;0;16484.12;11280.08;5204.04;32441.758
2026-08-06T15:43:44.183289+02:00;standby;28.7;47.0;5.0;28.0;58.8;57.0;0;0;0;0;16484.12;11280.08;5204.04;32441.758
2026-08-06T15:44:44.702018+02:00;standby;28.7;46.9;5.0;28.0;58.8;57.0;0;0;0;0;16484.12;11280.08;5204.04;32441.758
2026-08-06T15:45:45.623366+02:00;standby;28.7;46.8;5.0;28.0;58.8;57.0;0;0;0;0;16484.12;11280.08;5204.04;32441.758
2026-08-06T15:46:46.326521+02:00;standby;28.7;46.8;5.0;28.0;58.8;57.0;0;0;0;0;16484.12;11280.08;5204.04;32441.758
2026-08-06T15:47:46.812307+02:00;standby;28.7;46.7;5.0;28.0;58.8;57.0;0;0;0;0;16484.12;11280.08;5204.04;32441.758
2026-08-06T15:48:47.594203+02:00;standby;28.7;46.6;5.0;28.0;58.8;57.0;0;0;0;0;16484.12;11280.08;5204.04;32441.758
2026-08-06T15:49:48.392824+02:00;standby;28.7;46.5;5.0;28.0;58.8;57.0;0;0;0;0;16484.12;11280.08;5204.04;32441.758
2026-08-06T15:50:49.272652+02:00;standby;28.7;46.5;5.0;28.0;58.7;57.0;0;0;0;0;16484.12;11280.08;5204.04;32441.758
2026-08-06T15:51:49.757123+02:00;standby;28.7;46.4;5.0;28.0;58.7;57.0;0;0;0;0;16484.12;11280.08;5204.04;32441.758
2026-08-06T15:52:50.248730+02:00;standby;28.7;46.2;5.0;28.0;58.7;57.0;0;0;0;0;16484.12;11280.08;5204.04;32441.758
2026-08-06T15:53:51.111436+02:00;standby;28.7;46.1;5.0;28.0;58.7;57.0;0;0;0;0;16484.12;11280.08;5204.04;32441.758
2026-08-06T15:54:51.642543+02:00;standby;28.7;46.1;5.0;28.0;58.7;57.0;0;0;0;0;16484.12;11280.08;5204.04;32441.758
2026-08-06T15:55:52.261041+02:00;standby;28.7;46.0;5.0;28.0;58.7;57.0;0;0;0;0;16484.12;11280.08;5204.04;32441.758
2026-08-06T15:56:52.718038+02:00;standby;28.7;45.9;5.0;28.0;58.7;57.0;0;0;0;0;16484.12;11280.08;5204.04;32441.758
2026-08-06T15:57:53.383452+02:00;standby;28.7;45.9;5.0;28.0;58.7;57.0;0;0;0;0;16484.12;11280.08;5204.04;32441.758
2026-08-06T15:58:53.898772+02:00;standby;28.7;45.8;5.0;28.0;58.7;57.0;0;0;0;0;16484.12;11280.08;5204.04;32441.758
2026-08-06T15:59:54.391244+02:00;standby;28.7;45.7;5.0;28.0;58.7;57.0;0;0;0;0;16484.12;11280.08;5204.04;32441.758
2026-08-06T16:00:54.849647+02:00;standby;28.7;45.6;5.0;28.0;58.7;57.0;0;0;0;0;16484.12;11280.08;5204.04;32441.758
2026-08-06T16:01:55.597882+02:00;standby;28.7;45.6;5.0;28.0;58.7;57.0;0;0;0;0;16484.12;11280.08;5204.04;32441.758
2026-08-06T16:02:56.319981+02:00;standby;28.7;45.5;5.0;28.0;58.7;57.0;0;0;0;0;16484.12;11280.08;5204.04;32441.758
2026-08-06T16:03:57.529782+02:00;standby;28.7;45.3;5.0;28.0;58.7;57.0;0;0;0;0;16484.12;11280.08;5204.04;32441.758
2026-08-06T16:04:58.316731+02:00;standby;28.7;45.3;5.0;28.0;58.6;57.0;0;0;0;0;16484.12;11280.08;5204.04;32441.758
2026-08-06T16:05:58.771239+02:00;standby;28.7;45.2;5.0;28.0;58.6;57.0;0;0;0;0;16484.12;11280.08;5204.04;32441.758
2026-08-06T16:06:59.296539+02:00;standby;28.7;45.1;5.0;28.0;58.6;57.0;0;0;0;0;16484.12;11280.08;5204.04;32441.758
2026-08-06T16:07:59.798521+02:00;standby;28.7;45.0;5.0;28.0;58.6;57.0;0;0;0;0;16484.12;11280.08;5204.04;32441.758
2026-08-06T16:09:00.317620+02:00;standby;28.7;45.0;5.0;28.0;58.6;57.0;0;0;0;0;16484.12;11280.08;5204.04;32441.758
2026-08-06T16:10:00.837181+02:00;standby;28.7;44.9;5.0;28.0;58.6;57.0;0;0;0;0;16484.12;11280.08;5204.04;32441.758
2026-08-06T16:11:01.332417+02:00;standby;28.7;44.9;5.0;28.0;58.6;57.0;0;0;0;0;16484.12;11280.08;5204.04;32441.758
2026-08-06T16:12:01.777874+02:00;standby;28.7;44.8;5.0;28.0;58.6;57.0;0;0;0;0;16484.12;11280.08;5204.04;32441.758
2026-08-06T16:13:02.403351+02:00;standby;28.7;44.7;5.0;28.0;58.6;57.0;0;0;0;0;16484.12;11280.08;5204.04;32441.758
2026-08-06T16:14:02.912244+02:00;standby;28.7;44.5;5.0;28.0;58.6;57.0;0;0;0;0;16484.12;11280.08;5204.04;32441.758
2026-08-06T16:15:03.581947+02:00;standby;28.7;44.5;5.0;28.0;58.6;57.0;0;0;0;0;16484.12;11280.08;5204.04;32441.758
2026-08-06T16:16:04.309705+02:00;standby;28.7;44.4;5.0;28.0;58.6;57.0;0;0;0;0;16484.12;11280.08;5204.04;32441.758
2026-08-06T16:17:05.309715+02:00;standby;28.7;44.4;5.0;28.0;58.6;57.0;0;0;0;0;16484.12;11280.08;5204.04;32441.758
2026-08-06T16:18:05.937628+02:00;standby;28.7;44.3;5.0;28.0;58.6;57.0;0;0;0;0;16484.12;11280.08;5204.04;32441.758
2026-08-06T16:19:06.535044+02:00;standby;28.7;44.2;5.0;28.0;58.5;57.0;0;0;0;0;16484.12;11280.08;5204.04;32441.758
2026-08-06T16:20:07.095908+02:00;standby;28.7;44.2;5.0;28.0;58.5;57.0;0;0;0;0;16484.12;11280.08;5204.04;32441.758
2026-08-06T16:21:07.706589+02:00;standby;28.7;44.1;5.0;28.0;58.5;57.0;0;0;0;0;16484.12;11280.08;5204.04;32441.758
2026-08-06T16:22:08.195113+02:00;standby;28.7;44.0;5.0;28.0;58.5;57.0;0;0;0;0;16484.12;11280.08;5204.04;32441.758
2026-08-06T16:23:09.048944+02:00;standby;28.7;44.0;5.0;28.0;58.5;57.0;0;0;0;0;16484.12;11280.08;5204.04;32441.758
2026-08-06T16:24:09.566617+02:00;standby;28.7;43.9;5.0;28.0;58.5;57.0;0;0;0;0;16484.12;11280.08;5204.04;32441.758
2026-08-06T16:25:10.673549+02:00;standby;28.7;43.9;5.0;28.0;58.5;57.0;0;0;0;0;16484.12;11280.08;5204.04;32441.758
2026-08-06T16:26:11.298351+02:00;standby;28.7;43.7;5.0;28.0;58.5;57.0;0;0;0;0;16484.12;11280.08;5204.04;32441.758
2026-08-06T16:27:11.824135+02:00;standby;28.7;43.6;5.0;28.0;58.5;57.0;0;0;0;0;16484.12;11280.08;5204.04;32441.758
2026-08-06T16:28:12.455214+02:00;standby;28.7;43.6;5.0;28.0;58.5;57.0;0;0;0;0;16484.12;11280.08;5204.04;32441.758
2026-08-06T16:29:12.948423+02:00;standby;28.7;43.5;5.0;28.0;58.5;57.0;0;0;0;0;16484.12;11280.08;5204.04;32441.758
2026-08-06T16:30:13.833155+02:00;standby;28.7;43.5;5.0;28.0;58.5;57.0;0;0;0;0;16484.12;11280.08;5204.04;32441.758
2026-08-06T16:31:14.298939+02:00;standby;28.7;43.4;5.0;28.0;58.5;57.0;0;0;0;0;16484.12;11280.08;5204.04;32441.758
2026-08-06T16:32:14.819294+02:00;standby;28.7;43.3;5.0;28.0;58.4;57.0;0;0;0;0;16484.12;11280.08;5204.04;32441.758
2026-08-06T16:33:15.353036+02:00;standby;28.7;43.3;5.0;28.0;58.4;57.0;0;0;0;0;16484.12;11280.08;5204.04;32441.758
2026-08-06T16:34:16.582443+02:00;standby;28.7;43.2;5.0;28.0;58.4;57.0;0;0;0;0;16484.12;11280.08;5204.04;32441.758
2026-08-06T16:35:17.114503+02:00;standby;28.7;43.2;5.0;28.0;58.4;57.0;0;0;0;0;16484.12;11280.08;5204.04;32441.758
2026-08-06T16:36:17.823119+02:00;standby;28.7;43.1;5.0;28.0;58.4;57.0;0;0;0;0;16484.12;11280.08;5204.04;32441.758
2026-08-06T16:37:18.352066+02:00;standby;28.7;43.1;5.0;28.0;58.4;57.0;0;0;0;0;16484.12;11280.08;5204.04;32441.758
2026-08-06T16:38:18.804698+02:00;standby;28.7;43.0;5.0;28.0;58.4;57.0;0;0;0;0;16484.12;11280.08;5204.04;32441.758
2026-08-06T16:39:19.365571+02:00;standby;28.7;42.8;5.0;28.0;58.4;57.0;0;0;0;0;16484.12;11280.08;5204.04;32441.758
2026-08-06T16:40:19.900545+02:00;standby;28.7;42.8;5.0;28.0;58.4;57.0;0;0;0;0;16484.12;11280.08;5204.04;32441.758
2026-08-06T16:41:20.511556+02:00;standby;28.7;42.7;5.0;28.0;58.4;57.0;0;0;0;0;16484.12;11280.08;5204.04;32441.758
2026-08-06T16:42:21.059757+02:00;standby;28.7;42.7;5.0;28.0;58.4;57.0;0;0;0;0;16484.12;11280.08;5204.04;32441.758
2026-08-06T16:43:21.576394+02:00;standby;28.7;42.6;5.0;28.0;58.4;57.0;0;0;0;0;16484.12;11280.08;5204.04;32441.758
2026-08-06T16:44:22.281637+02:00;standby;28.7;42.6;5.0;28.0;58.4;57.0;0;0;0;0;16484.12;11280.08;5204.04;32441.758
2026-08-06T16:45:22.805062+02:00;standby;28.7;42.5;5.0;28.0;58.4;57.0;0;0;0;0;16484.12;11280.08;5204.04;32441.758
2026-08-06T16:46:23.670732+02:00;standby;28.7;42.4;5.0;28.0;58.3;57.0;0;0;0;0;16484.12;11280.08;5204.04;32441.758
2026-08-06T16:47:24.158827+02:00;standby;28.7;42.4;5.0;28.0;58.3;57.0;0;0;0;0;16484.12;11280.08;5204.04;32441.758
2026-08-06T16:48:25.194660+02:00;standby;28.7;42.3;5.0;28.0;58.3;57.0;0;0;0;0;16484.12;11280.08;5204.04;32441.758
2026-08-06T16:49:25.730852+02:00;standby;28.7;42.3;5.0;28.0;58.3;57.0;0;0;0;0;16484.12;11280.08;5204.04;32441.758
2026-08-06T16:50:26.334161+02:00;standby;28.7;42.2;5.0;28.0;58.3;57.0;0;0;0;0;16484.12;11280.08;5204.04;32441.758
2026-08-06T16:51:27.504868+02:00;standby;28.7;42.2;5.0;28.0;58.3;57.0;0;0;0;0;16484.12;11280.08;5204.04;32441.758
2026-08-06T16:52:28.329498+02:00;standby;28.7;42.0;5.0;28.0;58.3;57.0;0;0;0;0;16484.12;11280.08;5204.04;32441.758
2026-08-06T16:53:28.823265+02:00;standby;28.7;42.0;5.0;28.0;58.3;57.0;0;0;0;0;16484.12;11280.08;5204.04;32441.758
2026-08-06T16:54:29.493493+02:00;standby;28.7;41.9;5.0;28.0;58.3;57.0;0;0;0;0;16484.12;11280.08;5204.04;32441.758
2026-08-06T16:55:29.960309+02:00;standby;28.7;41.9;5.0;28.0;58.3;57.0;0;0;0;0;16484.12;11280.08;5204.04;32441.758
2026-08-06T16:56:30.545541+02:00;standby;28.7;41.8;5.0;28.0;58.3;57.0;0;0;0;0;16484.12;11280.08;5204.04;32441.758
2026-08-06T16:57:31.013094+02:00;standby;28.7;41.8;5.0;28.0;58.3;57.0;0;0;0;0;16484.12;11280.08;5204.04;32441.758
2026-08-06T16:58:31.540751+02:00;standby;28.7;41.7;5.0;28.0;58.3;57.0;0;0;0;0;16484.12;11280.08;5204.04;32441.758
2026-08-06T16:59:32.166217+02:00;standby;28.7;41.7;5.0;28.0;58.3;57.0;0;0;0;0;16484.12;11280.08;5204.04;32441.758
2026-08-06T17:00:32.675180+02:00;standby;28.7;41.6;5.0;28.0;58.3;57.0;0;0;0;0;16484.12;11280.08;5204.04;32441.758
2026-08-06T17:01:33.196518+02:00;standby;28.7;41.5;5.0;28.0;58.2;57.0;0;0;0;0;16484.12;11280.08;5204.04;32441.758
2026-08-06T17:02:33.727455+02:00;standby;28.7;41.5;5.0;28.0;58.2;57.0;0;0;0;0;16484.12;11280.08;5204.04;32441.758
2026-08-06T17:03:34.254108+02:00;standby;28.7;41.4;5.0;28.0;58.2;57.0;0;0;0;0;16484.12;11280.08;5204.04;32441.758
2026-08-06T17:04:34.760299+02:00;standby;28.7;41.4;5.0;28.0;58.2;57.0;0;0;0;0;16484.12;11280.08;5204.04;32441.758
2026-08-06T17:05:35.375446+02:00;standby;28.7;41.4;5.0;28.0;58.2;57.0;0;0;0;0;16484.12;11280.08;5204.04;32441.758
2026-08-06T17:06:36.134333+02:00;standby;28.7;41.2;5.0;28.0;58.2;57.0;0;0;0;0;16484.12;11280.08;5204.04;32441.758
2026-08-06T17:07:36.745366+02:00;standby;28.7;41.2;5.0;28.0;58.2;57.0;0;0;0;0;16484.12;11280.08;5204.04;32441.758
2026-08-06T17:08:37.466657+02:00;standby;28.7;41.1;5.0;28.0;58.2;57.0;0;0;0;0;16484.12;11280.08;5204.04;32441.758
2026-08-06T17:09:38.120363+02:00;standby;28.7;41.1;5.0;28.0;58.2;57.0;0;0;0;0;16484.12;11280.08;5204.04;32441.758
2026-08-06T17:10:38.911113+02:00;standby;28.7;41.0;5.0;28.0;58.2;57.0;0;0;0;0;16484.12;11280.08;5204.04;32441.758
2026-08-06T17:11:39.426060+02:00;standby;28.7;41.0;5.0;28.0;58.2;57.0;0;0;0;0;16484.12;11280.08;5204.04;32441.758
2026-08-06T17:12:39.952185+02:00;standby;28.7;40.9;5.0;28.0;58.2;57.0;0;0;0;0;16484.12;11280.08;5204.04;32441.758
2026-08-06T17:13:40.763265+02:00;standby;28.7;40.9;5.0;28.0;58.2;57.0;0;0;0;0;16484.12;11280.08;5204.04;32441.758
2026-08-06T17:14:41.290028+02:00;standby;28.7;40.8;5.0;28.0;58.1;57.0;0;0;0;0;16484.12;11280.08;5204.04;32441.758
2026-08-06T17:15:41.910597+02:00;standby;28.7;40.8;5.0;28.0;58.1;57.0;0;0;0;0;16484.12;11280.08;5204.04;32441.758
2026-08-06T17:16:42.837876+02:00;standby;28.7;40.7;5.0;28.0;58.1;57.0;0;0;0;0;16484.12;11280.08;5204.04;32441.758
2026-08-06T17:17:43.572601+02:00;standby;28.7;40.7;5.0;28.0;58.1;57.0;0;0;0;0;16484.12;11280.08;5204.04;32441.758
2026-08-06T17:18:44.045949+02:00;standby;28.7;40.6;5.0;28.0;58.1;57.0;0;0;0;0;16484.12;11280.08;5204.04;32441.758
2026-08-06T17:19:44.565753+02:00;standby;28.7;40.6;5.0;28.0;58.1;57.0;0;0;0;0;16484.12;11280.08;5204.04;32441.758
2026-08-06T17:20:45.473891+02:00;standby;28.7;40.5;5.0;28.0;58.1;57.0;0;0;0;0;16484.12;11280.08;5204.04;32441.758
2026-08-06T17:21:45.988049+02:00;standby;28.7;40.5;5.0;28.0;58.1;57.0;0;0;0;0;16484.12;11280.08;5204.04;32441.758
2026-08-06T17:22:46.688514+02:00;standby;28.7;40.5;5.0;28.0;58.1;57.0;0;0;0;0;16484.12;11280.08;5204.04;32441.758
2026-08-06T17:23:47.601070+02:00;standby;28.7;40.3;5.0;28.0;58.1;57.0;0;0;0;0;16484.12;11280.08;5204.04;32441.758
2026-08-06T17:24:48.258522+02:00;standby;28.7;40.3;5.0;28.0;58.1;57.0;0;0;0;0;16484.12;11280.08;5204.04;32441.758
2026-08-06T17:25:48.855982+02:00;standby;28.7;40.2;5.0;28.0;58.1;57.0;0;0;0;0;16484.12;11280.08;5204.04;32441.758
2026-08-06T17:26:49.469574+02:00;standby;28.7;40.2;5.0;28.0;58.1;57.0;0;0;0;0;16484.12;11280.08;5204.04;32441.758
2026-08-06T17:27:50.002389+02:00;standby;28.7;40.1;5.0;28.0;58.1;57.0;0;0;0;0;16484.12;11280.08;5204.04;32441.758
2026-08-06T17:28:50.596418+02:00;standby;28.7;40.1;5.0;28.0;58.0;57.0;0;0;0;0;16484.12;11280.08;5204.04;32441.758
2026-08-06T17:29:51.187595+02:00;standby;28.7;40.1;5.0;28.0;58.0;57.0;0;0;0;0;16484.12;11280.08;5204.04;32441.758
2026-08-06T17:30:52.176466+02:00;standby;28.7;40.0;5.0;28.0;58.0;57.0;0;0;0;0;16484.12;11280.08;5204.04;32441.758
2026-08-06T17:31:53.075624+02:00;standby;28.7;40.0;5.0;28.0;58.0;57.0;0;0;0;0;16484.12;11280.08;5204.04;32441.758
2026-08-06T17:32:53.567187+02:00;standby;28.4;39.9;5.0;28.0;58.0;57.0;0;0;0;0;16484.12;11280.08;5204.04;32441.758
2026-08-06T17:33:53.983438+02:00;standby;28.4;39.9;5.0;28.0;58.0;57.0;0;0;0;0;16484.12;11280.08;5204.04;32441.758
2026-08-06T17:34:54.679005+02:00;standby;28.4;39.8;5.0;28.0;58.0;57.0;0;0;0;0;16484.12;11280.08;5204.04;32441.758
2026-08-06T17:35:55.172958+02:00;standby;28.4;39.8;5.0;28.0;58.0;57.0;0;0;0;0;16484.12;11280.08;5204.04;32441.758
2026-08-06T17:36:55.901359+02:00;standby;28.4;39.8;5.0;28.0;58.0;57.0;0;0;0;0;16484.12;11280.08;5204.04;32441.758
2026-08-06T17:37:56.603850+02:00;standby;28.4;39.6;5.0;28.0;58.0;57.0;0;0;0;0;16484.12;11280.08;5204.04;32441.758
2026-08-06T17:39:03.213218+02:00;standby;28.4;;;28.0;;;0;;0;;;;;32441.758
2026-08-06T17:40:03.709325+02:00;standby;28.4;39.5;5.0;28.0;58.0;57.0;0;0;0;0;16484.12;11280.08;5204.04;32441.758
2026-08-06T17:41:04.221924+02:00;standby;28.4;39.5;5.0;28.0;57.9;57.0;0;0;0;0;16484.12;11280.08;5204.04;32441.758
2026-08-06T17:42:04.667240+02:00;standby;28.4;39.5;5.0;28.0;58.0;57.0;0;0;0;0;16484.12;11280.08;5204.04;32441.758
2026-08-06T17:43:05.158545+02:00;standby;28.4;39.4;5.0;28.0;57.9;57.0;0;0;0;0;16484.12;11280.08;5204.04;32441.758
2026-08-06T17:44:05.666381+02:00;standby;28.4;39.4;5.0;28.0;57.9;57.0;0;0;0;0;16484.12;11280.08;5204.04;32441.758
2026-08-06T17:45:06.488234+02:00;standby;28.4;39.3;5.0;28.0;57.9;57.0;0;0;0;0;16484.12;11280.08;5204.04;32441.758
2026-08-06T17:46:07.227390+02:00;standby;28.4;39.3;5.0;28.0;57.9;57.0;0;0;0;0;16484.12;11280.08;5204.04;32441.758
2026-08-06T17:47:07.761213+02:00;standby;28.4;39.3;5.0;28.0;57.9;57.0;0;0;0;0;16484.12;11280.08;5204.04;32441.758
2026-08-06T17:48:08.219286+02:00;standby;28.4;39.1;5.0;28.0;57.9;57.0;0;0;0;0;16484.12;11280.08;5204.04;32441.758
2026-08-06T17:49:08.668346+02:00;standby;28.4;39.1;5.0;28.0;57.9;57.0;0;0;0;0;16484.12;11280.08;5204.04;32441.758
2026-08-06T17:50:09.303083+02:00;standby;28.4;39.0;5.0;28.0;57.9;57.0;0;0;0;0;16484.12;11280.08;5204.04;32441.758
2026-08-06T17:51:09.767225+02:00;standby;28.4;39.0;5.0;28.0;57.9;57.0;0;0;0;0;16484.12;11280.08;5204.04;32441.758
2026-08-06T17:52:10.277517+02:00;standby;28.4;39.0;5.0;28.0;57.9;57.0;0;0;0;0;16484.12;11280.08;5204.04;32441.758
2026-08-06T17:53:10.978972+02:00;standby;28.4;38.9;5.0;28.0;57.9;57.0;0;0;0;0;16484.12;11280.08;5204.04;32441.758
2026-08-06T17:54:11.715975+02:00;standby;28.4;38.9;5.0;28.0;57.9;57.0;0;0;0;0;16484.12;11280.08;5204.04;32441.758
2026-08-06T17:55:12.449586+02:00;standby;28.4;38.9;5.0;28.0;57.9;57.0;0;0;0;0;16484.12;11280.08;5204.04;32441.758
2026-08-06T17:56:13.946534+02:00;standby;28.4;38.8;5.0;28.0;57.9;57.0;0;0;0;0;16484.12;11280.08;5204.04;32441.758
2026-08-06T17:57:14.581788+02:00;standby;28.4;38.8;5.0;28.0;57.8;57.0;0;0;0;0;16484.12;11280.08;5204.04;32441.758
2026-08-06T17:58:15.089210+02:00;standby;28.4;38.6;5.0;28.0;57.8;57.0;0;0;0;0;16484.12;11280.08;5204.04;32441.758
2026-08-06T17:59:16.178044+02:00;standby;28.4;38.6;5.0;28.0;57.8;57.0;0;0;0;0;16484.12;11280.08;5204.04;32441.758
2026-08-06T18:00:16.596450+02:00;standby;28.4;38.6;5.0;28.0;57.8;57.0;0;0;0;0;16484.12;11280.08;5204.04;32441.758
2026-08-06T18:01:17.302547+02:00;standby;28.4;38.5;5.0;28.0;57.8;57.0;0;0;0;0;16484.12;11280.08;5204.04;32441.758
2026-08-06T18:02:17.766807+02:00;standby;28.4;38.5;5.0;28.0;57.8;57.0;0;0;0;0;16484.12;11280.08;5204.04;32441.758
2026-08-06T18:03:18.430431+02:00;standby;28.4;38.5;5.0;28.0;57.8;57.0;0;0;0;0;16484.12;11280.08;5204.04;32441.758
2026-08-06T18:04:18.943233+02:00;standby;28.4;38.4;5.0;28.0;57.8;57.0;0;0;0;0;16484.12;11280.08;5204.04;32441.758
2026-08-06T18:05:19.433696+02:00;standby;28.4;38.4;5.0;28.0;57.8;57.0;0;0;0;0;16484.12;11280.08;5204.04;32441.758
2026-08-06T18:06:19.945591+02:00;standby;28.4;38.4;5.0;28.0;57.8;57.0;0;0;0;0;16484.12;11280.08;5204.04;32441.758
2026-08-06T18:07:20.576452+02:00;standby;28.4;38.3;5.0;28.0;57.8;57.0;0;0;0;0;16484.12;11280.08;5204.04;32441.758
2026-08-06T18:08:21.199360+02:00;standby;28.4;38.3;5.0;28.0;57.8;57.0;0;0;0;0;16484.12;11280.08;5204.04;32441.758
2026-08-06T18:09:21.727198+02:00;standby;28.4;38.1;5.0;28.0;57.7;57.0;0;0;0;0;16484.12;11280.08;5204.04;32441.758
2026-08-06T18:10:23.280361+02:00;standby;28.4;38.1;5.0;28.0;57.8;57.0;0;0;0;0;16484.12;11280.08;5204.04;32441.758
2026-08-06T18:11:23.785366+02:00;standby;28.4;38.1;5.0;28.0;57.7;57.0;0;0;0;0;16484.12;11280.08;5204.04;32441.758
2026-08-06T18:12:24.292087+02:00;standby;28.4;38.1;5.0;28.0;57.7;57.0;0;0;0;0;16484.12;11280.08;5204.04;32441.758
2026-08-06T18:13:25.022538+02:00;standby;28.4;38.0;5.0;28.0;57.7;57.0;0;0;0;0;16484.12;11280.08;5204.04;32441.758
2026-08-06T18:14:25.531105+02:00;standby;28.4;38.0;5.0;28.0;57.7;57.0;0;0;0;0;16484.12;11280.08;5204.04;32441.758
2026-08-06T18:15:26.281219+02:00;standby;28.4;37.9;5.0;28.0;57.7;57.0;0;0;0;0;16484.12;11280.08;5204.04;32441.758
2026-08-06T18:16:26.876263+02:00;standby;28.4;37.9;5.0;28.0;57.7;57.0;0;0;0;0;16484.12;11280.08;5204.04;32441.758
2026-08-06T18:17:27.495353+02:00;standby;28.4;37.9;5.0;28.0;57.7;57.0;0;0;0;0;16484.12;11280.08;5204.04;32441.758
2026-08-06T18:18:28.087920+02:00;standby;28.4;37.8;5.0;28.0;57.7;57.0;0;0;0;0;16484.12;11280.08;5204.04;32441.758
2026-08-06T18:19:28.542891+02:00;standby;28.4;37.8;5.0;28.0;57.7;57.0;0;0;0;0;16484.12;11280.08;5204.04;32441.758
2026-08-06T18:20:29.203962+02:00;standby;28.4;37.8;5.0;28.0;57.7;57.0;0;0;0;0;16484.12;11280.08;5204.04;32441.758
2026-08-06T18:21:29.840227+02:00;standby;28.4;37.7;5.0;28.0;57.7;57.0;0;0;0;0;16484.12;11280.08;5204.04;32441.758
2026-08-06T18:22:30.369749+02:00;standby;28.4;37.7;5.0;28.0;57.7;57.0;0;0;0;0;16484.12;11280.08;5204.04;32441.758
2026-08-06T18:23:30.826517+02:00;standby;28.4;37.7;5.0;28.0;57.7;57.0;0;0;0;0;16484.12;11280.08;5204.04;32441.758
2026-08-06T18:24:31.408065+02:00;standby;28.4;37.5;5.0;28.0;57.7;57.0;0;0;0;0;16484.12;11280.08;5204.04;32441.758
2026-08-06T18:25:31.867746+02:00;standby;28.4;37.5;5.0;28.0;57.6;57.0;0;0;0;0;16484.12;11280.08;5204.04;32441.758
2026-08-06T18:26:32.387755+02:00;standby;28.4;37.5;5.0;28.0;57.6;57.0;0;0;0;0;16484.12;11280.08;5204.04;32441.758
2026-08-06T18:27:32.897534+02:00;standby;28.4;37.5;5.0;28.0;57.6;57.0;0;0;0;0;16484.12;11280.08;5204.04;32441.758
2026-08-06T18:28:33.425453+02:00;standby;28.4;37.4;5.0;28.0;57.6;57.0;0;0;0;0;16484.12;11280.08;5204.04;32441.758
2026-08-06T18:29:33.968760+02:00;standby;28.4;37.4;5.0;28.0;57.6;57.0;0;0;0;0;16484.12;11280.08;5204.04;32441.758
2026-08-06T18:30:34.451556+02:00;standby;28.4;37.4;5.0;28.0;57.6;57.0;0;0;0;0;16484.12;11280.08;5204.04;32441.758
2026-08-06T18:31:34.991916+02:00;standby;28.4;37.3;5.0;28.0;57.6;57.0;0;0;0;0;16484.12;11280.08;5204.04;32441.758
2026-08-06T18:32:36.445725+02:00;standby;28.4;37.3;5.0;28.0;57.6;57.0;0;0;0;0;16484.12;11280.08;5204.04;32441.758
2026-08-06T18:33:37.049478+02:00;standby;28.3;37.3;5.0;28.0;57.6;57.0;0;0;0;0;16484.12;11280.08;5204.04;32441.758
2026-08-06T18:34:37.553341+02:00;standby;28.3;37.2;5.0;28.0;57.6;57.0;0;0;0;0;16484.12;11280.08;5204.04;32441.758
2026-08-06T18:35:38.193515+02:00;standby;28.3;37.2;5.0;28.0;57.6;57.0;0;0;0;0;16484.12;11280.08;5204.04;32441.758
2026-08-06T18:36:38.812468+02:00;standby;28.3;37.2;5.0;28.0;57.6;57.0;0;0;0;0;16484.12;11280.08;5204.04;32441.758
2026-08-06T18:37:39.429986+02:00;standby;28.3;37.0;5.0;28.0;57.6;57.0;0;0;0;0;16484.12;11280.08;5204.04;32441.758
2026-08-06T18:38:39.935963+02:00;standby;28.3;37.0;5.0;28.0;57.5;57.0;0;0;0;0;16484.12;11280.08;5204.04;32441.758
2026-08-06T18:39:40.870543+02:00;standby;28.3;37.0;5.0;28.0;57.5;57.0;0;0;0;0;16484.12;11280.08;5204.04;32441.758
2026-08-06T18:40:41.488989+02:00;standby;28.3;36.9;5.0;28.0;57.5;57.0;0;0;0;0;16484.12;11280.08;5204.04;32441.758
2026-08-06T18:41:42.321132+02:00;standby;28.3;36.9;5.0;28.0;57.5;57.0;0;0;0;0;16484.12;11280.08;5204.04;32441.758
2026-08-06T18:42:42.835027+02:00;standby;28.3;36.9;5.0;28.0;57.5;57.0;0;0;0;0;16484.12;11280.08;5204.04;32441.758
2026-08-06T18:43:43.368501+02:00;standby;28.3;36.9;5.0;28.0;57.5;57.0;0;0;0;0;16484.12;11280.08;5204.04;32441.758
2026-08-06T18:44:43.913492+02:00;standby;28.3;36.8;5.0;28.0;57.5;57.0;0;0;0;0;16484.12;11280.08;5204.04;32441.758
2026-08-06T18:45:44.595035+02:00;standby;28.3;36.8;5.0;28.0;57.5;57.0;0;0;0;0;16484.12;11280.08;5204.04;32441.758
2026-08-06T18:46:45.356518+02:00;standby;28.3;36.8;5.0;28.0;57.5;57.0;0;0;0;0;16484.12;11280.08;5204.04;32441.758
2026-08-06T18:47:45.949424+02:00;standby;28.3;36.7;5.0;28.0;57.5;57.0;0;0;0;0;16484.12;11280.08;5204.04;32441.758
2026-08-06T18:48:46.565048+02:00;standby;28.3;36.7;5.0;28.0;57.5;57.0;0;0;0;0;16484.12;11280.08;5204.04;32441.758
2026-08-06T18:49:47.213238+02:00;standby;28.3;36.7;5.0;28.0;57.5;57.0;0;0;0;0;16484.12;11280.08;5204.04;32441.758
2026-08-06T18:50:47.709282+02:00;standby;28.3;36.7;5.0;28.0;57.5;57.0;0;0;0;0;16484.12;11280.08;5204.04;32441.758
2026-08-06T18:51:48.236961+02:00;standby;28.3;36.5;5.0;28.0;57.4;57.0;0;0;0;0;16484.12;11280.08;5204.04;32441.758
2026-08-06T18:52:49.086352+02:00;standby;28.3;36.5;5.0;28.0;57.4;57.0;0;0;0;0;16484.12;11280.08;5204.04;32441.758
2026-08-06T18:53:50.606874+02:00;standby;28.3;36.5;5.0;28.0;57.4;57.0;0;0;0;0;16484.12;11280.08;5204.04;32441.758
2026-08-06T18:54:51.119079+02:00;standby;28.3;36.4;5.0;28.0;57.4;57.0;0;0;0;0;16484.12;11280.08;5204.04;32441.758
2026-08-06T18:55:51.842756+02:00;standby;28.3;36.4;5.0;28.0;57.4;57.0;0;0;0;0;16484.12;11280.08;5204.04;32441.758
2026-08-06T18:56:52.367069+02:00;standby;28.3;36.4;5.0;28.0;57.4;57.0;0;0;0;0;16484.12;11280.08;5204.04;32441.758
2026-08-06T18:57:53.007716+02:00;standby;28.3;36.4;5.0;28.0;57.4;57.0;0;0;0;0;16484.12;11280.08;5204.04;32441.758
2026-08-06T18:58:53.519841+02:00;standby;28.3;36.3;5.0;28.0;57.4;57.0;0;0;0;0;16484.12;11280.08;5204.04;32441.758
2026-08-06T18:59:54.073511+02:00;standby;28.3;36.3;5.0;28.0;57.4;57.0;0;0;0;0;16484.12;11280.08;5204.04;32441.758
2026-08-06T19:00:54.552358+02:00;standby;28.3;36.3;5.0;28.0;57.4;57.0;0;0;0;0;16484.12;11280.08;5204.04;32441.758
2026-08-06T19:01:55.480321+02:00;standby;28.3;36.3;5.0;28.0;57.4;57.0;0;0;0;0;16484.12;11280.08;5204.04;32441.758
2026-08-06T19:02:55.994640+02:00;standby;28.3;36.2;5.0;28.0;57.4;57.0;0;0;0;0;16484.12;11280.08;5204.04;32441.758
2026-08-06T19:03:56.489763+02:00;standby;28.3;36.2;5.0;28.0;57.4;57.0;0;0;0;0;16484.12;11280.08;5204.04;32441.758
2026-08-06T19:04:59.432858+02:00;standby;28.3;36.2;5.0;28.0;57.3;57.0;0;0;0;0;16484.12;11280.08;5204.04;32441.758
2026-08-06T19:05:59.968345+02:00;standby;28.3;36.0;5.0;28.0;57.3;57.0;0;0;0;0;16484.12;11280.08;5204.04;32441.758
2026-08-06T19:07:01.484812+02:00;standby;28.3;36.0;5.0;28.0;57.3;57.0;0;0;0;0;16484.12;11280.08;5204.04;32441.758
2026-08-06T19:08:01.947456+02:00;standby;28.3;36.0;5.0;28.0;57.3;57.0;0;0;0;0;16484.12;11280.08;5204.04;32441.758
2026-08-06T19:09:02.482571+02:00;standby;28.3;36.0;5.0;28.0;57.3;57.0;0;0;0;0;16484.12;11280.08;5204.04;32441.758
2026-08-06T19:10:03.007516+02:00;standby;28.3;35.9;5.0;28.0;57.3;57.0;0;0;0;0;16484.12;11280.08;5204.04;32441.758
2026-08-06T19:11:03.589750+02:00;standby;28.3;35.9;5.0;28.0;57.3;57.0;0;0;0;0;16484.12;11280.08;5204.04;32441.758
2026-08-06T19:12:04.471639+02:00;standby;28.3;35.9;5.0;28.0;57.3;57.0;0;0;0;0;16484.12;11280.08;5204.04;32441.758
2026-08-06T19:13:04.933854+02:00;standby;28.3;35.9;5.0;28.0;57.3;57.0;0;0;0;0;16484.12;11280.08;5204.04;32441.758
2026-08-06T19:14:05.454127+02:00;standby;28.3;35.8;5.0;28.0;57.3;57.0;0;0;0;0;16484.12;11280.08;5204.04;32441.758
2026-08-06T19:15:06.129123+02:00;standby;28.3;35.8;5.0;28.0;57.3;57.0;0;0;0;0;16484.12;11280.08;5204.04;32441.758
2026-08-06T19:16:06.902373+02:00;standby;28.3;35.8;5.0;28.0;57.3;57.0;0;0;0;0;16484.12;11280.08;5204.04;32441.758
2026-08-06T19:17:07.580654+02:00;standby;28.3;35.8;5.0;28.0;57.3;57.0;0;0;0;0;16484.12;11280.08;5204.04;32441.758
2026-08-06T19:18:08.078613+02:00;standby;28.3;35.7;5.0;28.0;57.3;57.0;0;0;0;0;16484.12;11280.08;5204.04;32441.758
2026-08-06T19:19:08.712697+02:00;standby;28.3;35.7;5.0;28.0;57.2;57.0;0;0;0;0;16484.12;11280.08;5204.04;32441.758
2026-08-06T19:20:09.241356+02:00;standby;28.3;35.7;5.0;28.0;57.2;57.0;0;0;0;0;16484.12;11280.08;5204.04;32441.758
2026-08-06T19:21:09.738184+02:00;standby;28.3;35.6;5.0;28.0;57.2;57.0;0;0;0;0;16484.12;11280.08;5204.04;32441.758
2026-08-06T19:22:10.444731+02:00;standby;28.3;35.6;5.0;28.0;57.2;57.0;0;0;0;0;16484.12;11280.08;5204.04;32441.758
2026-08-06T19:23:11.034153+02:00;standby;28.3;35.6;5.0;28.0;57.2;57.0;0;0;0;0;16484.12;11280.08;5204.04;32441.758
2026-08-06T19:24:11.527790+02:00;standby;28.3;35.6;5.0;28.0;57.2;57.0;0;0;0;0;16484.12;11280.08;5204.04;32441.758
2026-08-06T19:25:12.433091+02:00;standby;28.3;35.6;5.0;28.0;57.2;57.0;0;0;0;0;16484.12;11280.08;5204.04;32441.758
2026-08-06T19:26:12.930989+02:00;standby;28.3;35.4;5.0;28.0;57.2;57.0;0;0;0;0;16484.12;11280.08;5204.04;32441.758
2026-08-06T19:27:13.457001+02:00;standby;28.3;35.4;5.0;28.0;57.2;57.0;0;0;0;0;16484.12;11280.08;5204.04;32441.758
2026-08-06T19:28:14.097924+02:00;standby;28.3;35.4;5.0;28.0;57.2;57.0;0;0;0;0;16484.12;11280.08;5204.04;32441.758
2026-08-06T19:29:14.866473+02:00;standby;28.3;35.4;5.0;28.0;57.2;57.0;0;0;0;0;16484.12;11280.08;5204.04;32441.758
2026-08-06T19:30:15.825984+02:00;standby;28.3;35.3;5.0;28.0;57.2;57.0;0;0;0;0;16484.12;11280.08;5204.04;32441.758
2026-08-06T19:31:16.685298+02:00;standby;28.3;35.3;5.0;28.0;57.2;57.0;0;0;0;0;16484.12;11280.08;5204.04;32441.758
2026-08-06T19:32:17.202468+02:00;standby;28.3;35.3;5.0;28.0;57.1;57.0;0;0;0;0;16484.12;11280.08;5204.04;32441.758
2026-08-06T19:33:17.741514+02:00;standby;28.3;35.3;5.0;28.0;57.1;57.0;0;0;0;0;16484.12;11280.08;5204.04;32441.758
2026-08-06T19:34:18.193907+02:00;standby;27.2;35.3;5.0;28.0;57.1;57.0;0;0;0;0;16484.12;11280.08;5204.04;32441.758
2026-08-06T19:35:18.730459+02:00;standby;27.2;35.2;5.0;28.0;57.1;57.0;0;0;0;0;16484.12;11280.08;5204.04;32441.758
2026-08-06T19:36:19.563348+02:00;standby;27.2;35.2;5.0;28.0;57.1;57.0;0;0;0;0;16484.12;11280.08;5204.04;32441.758
2026-08-06T19:37:20.043637+02:00;standby;27.2;35.2;5.0;28.0;57.1;57.0;0;0;0;0;16484.12;11280.08;5204.04;32441.758
2026-08-06T19:38:21.004840+02:00;standby;27.2;35.1;5.0;28.0;57.1;57.0;0;0;0;0;16484.12;11280.08;5204.04;32441.758
2026-08-06T19:39:21.549276+02:00;standby;27.2;35.1;5.0;28.0;57.1;57.0;0;0;0;0;16484.12;11280.08;5204.04;32441.758
2026-08-06T19:40:22.145140+02:00;standby;27.2;35.1;5.0;28.0;57.1;57.0;0;0;0;0;16484.12;11280.08;5204.04;32441.758
2026-08-06T19:41:22.730965+02:00;standby;27.2;35.1;5.0;28.0;57.1;57.0;0;0;0;0;16484.12;11280.08;5204.04;32441.758
2026-08-06T19:42:23.167825+02:00;standby;27.2;35.1;5.0;28.0;57.1;57.0;0;0;0;0;16484.12;11280.08;5204.04;32441.758
2026-08-06T19:43:23.709495+02:00;standby;27.2;34.9;5.0;28.0;57.1;57.0;0;0;0;0;16484.12;11280.08;5204.04;32441.758
2026-08-06T19:44:24.264105+02:00;standby;27.2;34.9;5.0;28.0;57.1;57.0;0;0;0;0;16484.12;11280.08;5204.04;32441.758
2026-08-06T19:45:24.784064+02:00;standby;27.2;34.9;5.0;28.0;57.1;57.0;0;0;0;0;16484.12;11280.08;5204.04;32441.758
2026-08-06T19:46:25.292248+02:00;standby;27.2;34.9;5.0;28.0;56.9;57.0;0;0;0;0;16484.12;11280.08;5204.04;32441.758
2026-08-06T19:47:25.764223+02:00;standby;27.2;34.9;5.0;28.0;56.9;57.0;0;0;0;0;16484.12;11280.08;5204.04;32441.758
2026-08-06T19:48:28.813125+02:00;standby;27.2;34.8;5.0;28.0;56.9;57.0;0;0;0;0;16484.12;11280.08;5204.04;32441.758
2026-08-06T19:49:29.415200+02:00;standby;27.2;34.8;5.0;28.0;56.9;57.0;0;0;0;0;16484.12;11280.08;5204.04;32441.758
2026-08-06T19:50:29.958433+02:00;standby;27.2;34.8;5.0;28.0;56.9;57.0;0;0;0;0;16484.12;11280.08;5204.04;32441.758
2026-08-06T19:51:30.567097+02:00;standby;27.2;34.8;5.0;28.0;56.9;57.0;0;0;0;0;16484.12;11280.08;5204.04;32441.758
2026-08-06T19:52:31.040917+02:00;standby;27.2;34.8;5.0;28.0;56.9;57.0;0;0;0;0;16484.12;11280.08;5204.04;32441.758
2026-08-06T19:53:31.565374+02:00;standby;27.2;34.7;5.0;28.0;56.9;57.0;0;0;0;0;16484.12;11280.08;5204.04;32441.758
2026-08-06T19:54:32.060615+02:00;standby;27.2;34.7;5.0;28.0;56.9;57.0;0;0;0;0;16484.12;11280.08;5204.04;32441.758
2026-08-06T19:55:32.546939+02:00;standby;27.2;34.7;5.0;28.0;56.9;57.0;0;0;0;0;16484.12;11280.08;5204.04;32441.758
2026-08-06T19:56:33.017474+02:00;standby;27.2;34.7;5.0;28.0;56.8;57.0;0;0;0;0;16484.12;11280.08;5204.04;32441.758
2026-08-06T19:57:34.362043+02:00;standby;27.2;34.6;5.0;28.0;56.9;57.0;0;0;0;0;16484.12;11280.08;5204.04;32441.758
2026-08-06T19:58:35.390557+02:00;standby;27.2;34.6;5.0;28.0;56.8;57.0;0;0;0;0;16484.12;11280.08;5204.04;32441.758
2026-08-06T19:59:35.905713+02:00;standby;27.2;34.6;5.0;28.0;56.8;57.0;0;0;0;0;16484.12;11280.08;5204.04;32441.758
2026-08-06T20:00:36.424113+02:00;standby;27.2;34.6;5.0;28.0;56.8;57.0;0;0;0;0;16484.12;11280.08;5204.04;32441.758
2026-08-06T20:01:36.974769+02:00;standby;27.2;34.4;5.0;28.0;56.8;57.0;0;0;0;0;16484.12;11280.08;5204.04;32441.758
2026-08-06T20:02:37.568446+02:00;standby;27.2;34.4;5.0;28.0;56.8;57.0;0;0;0;0;16484.12;11280.08;5204.04;32441.758
2026-08-06T20:03:38.184367+02:00;standby;27.2;34.4;5.0;28.0;56.8;57.0;0;0;0;0;16484.12;11280.08;5204.04;32441.758
2026-08-06T20:04:38.819166+02:00;standby;27.2;34.4;5.0;28.0;56.8;57.0;0;0;0;0;16484.12;11280.08;5204.04;32441.758
2026-08-06T20:05:39.563819+02:00;standby;27.2;34.4;5.0;28.0;56.8;57.0;0;0;0;0;16484.12;11280.08;5204.04;32441.758
2026-08-06T20:06:40.032305+02:00;standby;27.2;34.4;5.0;28.0;56.8;57.0;0;0;0;0;16484.12;11280.08;5204.04;32441.758
2026-08-06T20:07:40.568577+02:00;standby;27.2;34.3;5.0;28.0;56.8;57.0;0;0;0;0;16484.12;11280.08;5204.04;32441.758
2026-08-06T20:08:40.989523+02:00;standby;27.2;34.3;5.0;28.0;56.7;57.0;0;0;0;0;16484.12;11280.08;5204.04;32441.758
2026-08-06T20:09:41.976524+02:00;standby;27.2;34.3;5.0;28.0;56.7;57.0;0;0;0;0;16484.12;11280.08;5204.04;32441.758
2026-08-06T20:10:42.433363+02:00;standby;27.2;34.3;5.0;28.0;56.7;57.0;0;0;0;0;16484.12;11280.08;5204.04;32441.758
2026-08-06T20:11:43.115947+02:00;standby;27.2;34.3;5.0;28.0;56.7;57.0;0;0;0;0;16484.12;11280.08;5204.04;32441.758
2026-08-06T20:12:43.576037+02:00;standby;27.2;34.3;5.0;28.0;56.7;57.0;0;0;0;0;16484.12;11280.08;5204.04;32441.758
2026-08-06T20:13:44.095221+02:00;standby;27.2;34.2;5.0;28.0;56.7;57.0;0;0;0;0;16484.12;11280.08;5204.04;32441.758
2026-08-06T20:14:44.612549+02:00;standby;27.2;34.2;5.0;28.0;56.7;57.0;0;0;0;0;16484.12;11280.08;5204.04;32441.758
2026-08-06T20:15:45.146190+02:00;standby;27.2;34.2;5.0;28.0;56.7;57.0;0;0;0;0;16484.12;11280.08;5204.04;32441.758
2026-08-06T20:16:45.664930+02:00;standby;27.2;34.2;5.0;28.0;56.7;57.0;0;0;0;0;16484.12;11280.08;5204.04;32441.758
2026-08-06T20:17:46.170483+02:00;standby;27.2;34.1;5.0;28.0;56.7;57.0;0;0;0;0;16484.12;11280.08;5204.04;32441.758
2026-08-06T20:18:46.597505+02:00;standby;27.2;34.1;5.0;28.0;56.7;57.0;0;0;0;0;16484.12;11280.08;5204.04;32441.758
2026-08-06T20:19:47.116853+02:00;standby;27.2;34.1;5.0;28.0;56.7;57.0;0;0;0;0;16484.12;11280.08;5204.04;32441.758
2026-08-06T20:20:47.731041+02:00;standby;27.2;34.1;5.0;28.0;56.7;57.0;0;0;0;0;16484.12;11280.08;5204.04;32441.758
2026-08-06T20:21:48.260855+02:00;standby;27.2;34.1;5.0;28.0;56.7;57.0;0;0;0;0;16484.12;11280.08;5204.04;32441.758
2026-08-06T20:22:48.778466+02:00;standby;27.2;34.1;5.0;28.0;56.7;57.0;0;0;0;0;16484.12;11280.08;5204.04;32441.758
2026-08-06T20:23:49.399962+02:00;standby;27.2;34.0;5.0;28.0;56.6;57.0;0;0;0;0;16484.12;11280.08;5204.04;32441.758
2026-08-06T20:24:49.855612+02:00;standby;27.2;34.0;5.0;28.0;56.6;57.0;0;0;0;0;16484.12;11280.08;5204.04;32441.758
2026-08-06T20:25:50.381283+02:00;standby;27.2;34.0;5.0;28.0;56.6;57.0;0;0;0;0;16484.12;11280.08;5204.04;32441.758
2026-08-06T20:26:50.946051+02:00;standby;27.2;34.0;5.0;28.0;56.6;57.0;0;0;0;0;16484.12;11280.08;5204.04;32441.758
2026-08-06T20:27:51.786992+02:00;standby;27.2;34.0;5.0;28.0;56.6;57.0;0;0;0;0;16484.12;11280.08;5204.04;32441.758
2026-08-06T20:28:52.444033+02:00;standby;27.2;33.8;5.0;28.0;56.6;57.0;0;0;0;0;16484.12;11280.08;5204.04;32441.758
2026-08-06T20:29:52.923974+02:00;standby;27.2;33.8;5.0;28.0;56.6;57.0;0;0;0;0;16484.12;11280.08;5204.04;32441.758
2026-08-06T20:30:53.439295+02:00;standby;27.2;33.8;5.0;28.0;56.6;57.0;0;0;0;0;16484.12;11280.08;5204.04;32441.758
2026-08-06T20:31:53.894332+02:00;standby;27.2;33.8;5.0;28.0;56.6;57.0;0;0;0;0;16484.12;11280.08;5204.04;32441.758
2026-08-06T20:32:54.843935+02:00;standby;27.2;33.8;5.0;28.0;56.6;57.0;0;0;0;0;16484.12;11280.08;5204.04;32441.758
2026-08-06T20:33:55.714245+02:00;standby;27.2;33.8;5.0;28.0;56.6;57.0;0;0;0;0;16484.12;11280.08;5204.04;32441.758
2026-08-06T20:34:56.392288+02:00;standby;26.2;33.7;5.0;28.0;56.6;57.0;0;0;0;0;16484.12;11280.08;5204.04;32441.758
2026-08-06T20:35:59.006713+02:00;standby;26.2;33.7;5.0;28.0;56.5;57.0;0;0;0;0;16484.12;11280.08;5204.04;32441.758
2026-08-06T20:36:59.733135+02:00;standby;26.2;33.7;5.0;28.0;56.5;57.0;0;0;0;0;16484.12;11280.08;5204.04;32441.758
2026-08-06T20:38:00.248013+02:00;standby;26.2;33.7;5.0;28.0;56.5;57.0;0;0;0;0;16484.12;11280.08;5204.04;32441.758
2026-08-06T20:39:00.870593+02:00;standby;26.2;33.7;5.0;28.0;56.5;57.0;0;0;0;0;16484.12;11280.08;5204.04;32441.758
2026-08-06T20:40:01.525987+02:00;standby;26.2;33.6;5.0;28.0;56.5;57.0;0;0;0;0;16484.12;11280.08;5204.04;32441.758
2026-08-06T20:41:01.943646+02:00;standby;26.2;33.6;5.0;28.0;56.5;57.0;0;0;0;0;16484.12;11280.08;5204.04;32441.758
2026-08-06T20:42:02.424143+02:00;standby;26.2;33.6;5.0;28.0;56.5;57.0;0;0;0;0;16484.12;11280.08;5204.04;32441.758
2026-08-06T20:43:02.949431+02:00;standby;26.2;33.6;5.0;28.0;56.5;57.0;0;0;0;0;16484.12;11280.08;5204.04;32441.758
2026-08-06T20:44:03.470403+02:00;standby;26.2;33.6;5.0;28.0;56.5;57.0;0;0;0;0;16484.12;11280.08;5204.04;32441.758
2026-08-06T20:45:03.985577+02:00;standby;26.2;33.6;5.0;28.0;56.5;57.0;0;0;0;0;16484.12;11280.08;5204.04;32441.758
2026-08-06T20:46:04.505944+02:00;standby;26.2;33.6;5.0;28.0;56.5;57.0;0;0;0;0;16484.12;11280.08;5204.04;32441.758
2026-08-06T20:47:05.025882+02:00;standby;26.2;33.5;5.0;28.0;56.5;57.0;0;0;0;0;16484.12;11280.08;5204.04;32441.758
2026-08-06T20:48:07.229577+02:00;standby;26.2;33.5;5.0;28.0;56.5;57.0;0;0;0;0;16484.12;11280.08;5204.04;32441.758
2026-08-06T20:49:07.806000+02:00;standby;26.2;33.5;5.0;28.0;56.5;57.0;0;0;0;0;16484.12;11280.08;5204.04;32441.758
2026-08-06T20:50:08.323392+02:00;standby;26.2;33.5;5.0;28.0;56.5;57.0;0;0;0;0;16484.12;11280.08;5204.04;32441.758
2026-08-06T20:51:08.785947+02:00;standby;26.2;33.5;5.0;28.0;56.4;57.0;0;0;0;0;16484.12;11280.08;5204.04;32441.758
2026-08-06T20:52:09.258270+02:00;standby;26.2;33.5;5.0;28.0;56.4;57.0;0;0;0;0;16484.12;11280.08;5204.04;32441.758
2026-08-06T20:53:10.641173+02:00;standby;26.2;33.5;5.0;28.0;56.4;57.0;0;0;0;0;16484.12;11280.08;5204.04;32441.758
2026-08-06T20:54:11.218533+02:00;standby;26.2;33.3;5.0;28.0;56.4;57.0;0;0;0;0;16484.12;11280.08;5204.04;32441.758
2026-08-06T20:55:11.732060+02:00;standby;26.2;33.3;5.0;28.0;56.4;57.0;0;0;0;0;16484.12;11280.08;5204.04;32441.758
2026-08-06T20:56:12.263753+02:00;standby;26.2;33.3;5.0;28.0;56.4;57.0;0;0;0;0;16484.12;11280.08;5204.04;32441.758
2026-08-06T20:57:12.791814+02:00;standby;26.2;33.3;5.0;28.0;56.4;57.0;0;0;0;0;16484.12;11280.08;5204.04;32441.758
2026-08-06T20:58:13.552525+02:00;standby;26.2;33.3;5.0;28.0;56.4;57.0;0;0;0;0;16484.12;11280.08;5204.04;32441.758
2026-08-06T20:59:14.274543+02:00;standby;26.2;33.3;5.0;28.0;56.4;57.0;0;0;0;0;16484.12;11280.08;5204.04;32441.758
2026-08-06T21:00:14.700562+02:00;standby;26.2;33.2;5.0;28.0;56.4;57.0;0;0;0;0;16484.12;11280.08;5204.04;32441.758
2026-08-06T21:01:15.165980+02:00;standby;26.2;33.2;5.0;28.0;56.4;57.0;0;0;0;0;16484.12;11280.08;5204.04;32441.758
2026-08-06T21:02:15.674436+02:00;standby;26.2;33.2;5.0;28.0;56.4;57.0;0;0;0;0;16484.12;11280.08;5204.04;32441.758
2026-08-06T21:03:16.621475+02:00;standby;26.2;33.2;5.0;28.0;56.4;57.0;0;0;0;0;16484.12;11280.08;5204.04;32441.758
2026-08-06T21:04:17.070744+02:00;standby;26.2;33.2;5.0;28.0;56.3;57.0;0;0;0;0;16484.12;11280.08;5204.04;32441.758
2026-08-06T21:05:17.546474+02:00;standby;26.2;33.1;5.0;28.0;56.3;57.0;0;0;0;0;16484.12;11280.08;5204.04;32441.758
2026-08-06T21:06:18.005860+02:00;standby;26.2;33.1;5.0;28.0;56.3;57.0;0;0;0;0;16484.12;11280.08;5204.04;32441.758
2026-08-06T21:07:18.442512+02:00;standby;26.2;33.1;5.0;28.0;56.3;57.0;0;0;0;0;16484.12;11280.08;5204.04;32441.758
2026-08-06T21:08:18.893654+02:00;standby;26.2;33.1;5.0;28.0;56.3;57.0;0;0;0;0;16484.12;11280.08;5204.04;32441.758
2026-08-06T21:09:19.483953+02:00;standby;26.2;33.1;5.0;28.0;56.3;57.0;0;0;0;0;16484.12;11280.08;5204.04;32441.758
2026-08-06T21:10:21.174511+02:00;standby;26.2;33.1;5.0;28.0;56.3;57.0;0;0;0;0;16484.12;11280.08;5204.04;32441.758
2026-08-06T21:11:21.648691+02:00;standby;26.2;33.1;5.0;28.0;56.3;57.0;0;0;0;0;16484.12;11280.08;5204.04;32441.758
2026-08-06T21:12:22.102178+02:00;standby;26.2;33.0;5.0;28.0;56.3;57.0;0;0;0;0;16484.12;11280.08;5204.04;32441.758
2026-08-06T21:13:22.536381+02:00;standby;26.2;33.0;5.0;28.0;56.3;57.0;0;0;0;0;16484.12;11280.08;5204.04;32441.758
2026-08-06T21:14:23.252821+02:00;standby;26.2;33.0;5.0;28.0;56.3;57.0;0;0;0;0;16484.12;11280.08;5204.04;32441.758
2026-08-06T21:15:23.718470+02:00;standby;26.2;33.0;5.0;28.0;56.3;57.0;0;0;0;0;16484.12;11280.08;5204.04;32441.758
2026-08-06T21:16:24.135338+02:00;standby;26.2;33.0;5.0;28.0;56.3;57.0;0;0;0;0;16484.12;11280.08;5204.04;32441.758
2026-08-06T21:17:24.555370+02:00;standby;26.2;33.0;5.0;28.0;56.2;57.0;0;0;0;0;16484.12;11280.08;5204.04;32441.758
2026-08-06T21:18:25.005903+02:00;standby;26.2;33.0;5.0;28.0;56.2;57.0;0;0;0;0;16484.12;11280.08;5204.04;32441.758
2026-08-06T21:19:25.483519+02:00;standby;26.2;33.0;5.0;28.0;56.2;57.0;0;0;0;0;16484.12;11280.08;5204.04;32441.758
2026-08-06T21:20:26.007195+02:00;standby;26.2;32.8;5.0;28.0;56.2;57.0;0;0;0;0;16484.12;11280.08;5204.04;32441.758
2026-08-06T21:21:26.481155+02:00;standby;26.2;32.8;5.0;28.0;56.2;57.0;0;0;0;0;16484.12;11280.08;5204.04;32441.758
2026-08-06T21:22:27.205744+02:00;standby;26.2;32.8;5.0;28.0;56.2;57.0;0;0;0;0;16484.12;11280.08;5204.04;32441.758
2026-08-06T21:23:27.707273+02:00;standby;26.2;32.8;5.0;28.0;56.2;57.0;0;0;0;0;16484.12;11280.08;5204.04;32441.758
2026-08-06T21:24:28.269973+02:00;standby;26.2;32.8;5.0;28.0;56.2;57.0;0;0;0;0;16484.12;11280.08;5204.04;32441.758
2026-08-06T21:25:28.855751+02:00;standby;26.2;32.8;5.0;28.0;56.2;57.0;0;0;0;0;16484.12;11280.08;5204.04;32441.758
2026-08-06T21:26:29.422575+02:00;standby;26.2;32.8;5.0;28.0;56.2;57.0;0;0;0;0;16484.12;11280.08;5204.04;32441.758
2026-08-06T21:27:29.906427+02:00;standby;26.2;32.7;5.0;28.0;56.2;57.0;0;0;0;0;16484.12;11280.08;5204.04;32441.758
2026-08-06T21:28:30.525581+02:00;standby;26.2;32.7;5.0;28.0;56.2;57.0;0;0;0;0;16484.12;11280.08;5204.04;32441.758
2026-08-06T21:29:31.303744+02:00;standby;26.2;32.7;5.0;28.0;56.2;57.0;0;0;0;0;16484.12;11280.08;5204.04;32441.758
2026-08-06T21:30:31.765798+02:00;standby;26.2;32.7;5.0;28.0;56.1;57.0;0;0;0;0;16484.12;11280.08;5204.04;32441.758
2026-08-06T21:31:32.689792+02:00;standby;26.2;32.7;5.0;28.0;56.1;57.0;0;0;0;0;16484.12;11280.08;5204.04;32441.758
2026-08-06T21:32:33.214036+02:00;standby;26.2;32.7;5.0;28.0;56.1;57.0;0;0;0;0;16484.12;11280.08;5204.04;32441.758
2026-08-06T21:33:33.882462+02:00;standby;26.2;32.7;5.0;28.0;56.1;57.0;0;0;0;0;16484.12;11280.08;5204.04;32441.758
2026-08-06T21:34:34.354574+02:00;standby;26.2;32.6;5.0;28.0;56.1;57.0;0;0;0;0;16484.12;11280.08;5204.04;32441.758
2026-08-06T21:35:34.832023+02:00;standby;25.1;32.6;5.0;28.0;56.1;57.0;0;0;0;0;16484.12;11280.08;5204.04;32441.758
2026-08-06T21:36:35.607490+02:00;standby;25.1;32.6;5.0;28.0;56.1;57.0;0;0;0;0;16484.12;11280.08;5204.04;32441.758
2026-08-06T21:37:36.223427+02:00;standby;25.1;32.6;5.0;28.0;56.1;57.0;0;0;0;0;16484.12;11280.08;5204.04;32441.758
2026-08-06T21:38:36.834357+02:00;standby;25.1;32.6;5.0;28.0;56.1;57.0;0;0;0;0;16484.12;11280.08;5204.04;32441.758
2026-08-06T21:39:37.624443+02:00;standby;25.1;32.6;5.0;28.0;56.1;57.0;0;0;0;0;16484.12;11280.08;5204.04;32441.758
2026-08-06T21:40:38.187427+02:00;standby;25.1;32.6;5.0;28.0;56.1;57.0;0;0;0;0;16484.12;11280.08;5204.04;32441.758
2026-08-06T21:41:39.015263+02:00;standby;25.1;32.6;5.0;28.0;56.1;57.0;0;0;0;0;16484.12;11280.08;5204.04;32441.758
2026-08-06T21:42:39.630717+02:00;standby;25.1;32.5;5.0;28.0;56.0;57.0;0;0;0;0;16484.12;11280.08;5204.04;32441.758
2026-08-06T21:43:40.151843+02:00;standby;25.1;32.5;5.0;28.0;56.0;57.0;0;0;0;0;16484.12;11280.08;5204.04;32441.758
2026-08-06T21:44:40.669143+02:00;standby;25.1;32.5;5.0;28.0;56.0;57.0;0;0;0;0;16484.12;11280.08;5204.04;32441.758
2026-08-06T21:45:41.140826+02:00;standby;25.1;32.5;5.0;28.0;56.0;57.0;0;0;0;0;16484.12;11280.08;5204.04;32441.758
2026-08-06T21:46:41.705645+02:00;standby;25.1;32.5;5.0;28.0;56.0;57.0;0;0;0;0;16484.12;11280.08;5204.04;32441.758
2026-08-06T21:47:42.124383+02:00;standby;25.1;32.5;5.0;28.0;56.0;57.0;0;0;0;0;16484.12;11280.08;5204.04;32441.758
2026-08-06T21:48:42.644050+02:00;standby;25.1;32.5;5.0;28.0;56.0;57.0;0;0;0;0;16484.12;11280.08;5204.04;32441.758
2026-08-06T21:49:43.160867+02:00;standby;25.1;32.5;5.0;28.0;56.0;57.0;0;0;0;0;16484.12;11280.08;5204.04;32441.758
2026-08-06T21:50:44.252923+02:00;standby;25.1;32.3;5.0;28.0;56.0;57.0;0;0;0;0;16484.12;11280.08;5204.04;32441.758
2026-08-06T21:51:44.914631+02:00;standby;25.1;32.3;5.0;28.0;56.0;57.0;0;0;0;0;16484.12;11280.08;5204.04;32441.758
2026-08-06T21:52:45.485874+02:00;standby;25.1;32.3;5.0;28.0;56.0;57.0;0;0;0;0;16484.12;11280.08;5204.04;32441.758
2026-08-06T21:53:46.168304+02:00;standby;25.1;32.3;5.0;28.0;56.0;57.0;0;0;0;0;16484.12;11280.08;5204.04;32441.758
2026-08-06T21:54:46.787702+02:00;standby;25.1;32.3;5.0;28.0;56.0;57.0;0;0;0;0;16484.12;11280.08;5204.04;32441.758
2026-08-06T21:55:48.477327+02:00;standby;25.1;32.3;5.0;28.0;55.9;57.0;0;0;0;0;16484.12;11280.08;5204.04;32441.758
2026-08-06T21:56:49.041043+02:00;standby;25.1;32.3;5.0;28.0;56.0;57.0;0;0;0;0;16484.12;11280.08;5204.04;32441.758
2026-08-06T21:57:49.876997+02:00;standby;25.1;32.2;5.0;28.0;55.9;57.0;0;0;0;0;16484.12;11280.08;5204.04;32441.758
2026-08-06T21:58:50.608371+02:00;standby;25.1;32.2;5.0;28.0;55.9;57.0;0;0;0;0;16484.12;11280.08;5204.04;32441.758
2026-08-06T21:59:51.064557+02:00;standby;25.1;32.2;5.0;28.0;55.9;57.0;0;0;0;0;16484.12;11280.08;5204.04;32441.758
2026-08-06T22:00:51.528491+02:00;standby;25.1;32.2;5.0;28.0;55.9;57.0;0;0;0;0;16484.12;11280.08;5204.04;32441.758
2026-08-06T22:01:52.011581+02:00;standby;25.1;32.2;5.0;28.0;55.9;57.0;0;0;0;0;16484.12;11280.08;5204.04;32441.758
2026-08-06T22:02:52.476188+02:00;standby;25.1;32.2;5.0;28.0;55.9;57.0;0;0;0;0;16484.12;11280.08;5204.04;32441.758
2026-08-06T22:03:52.930325+02:00;standby;25.1;32.2;5.0;28.0;55.9;57.0;0;0;0;0;16484.12;11280.08;5204.04;32441.758
2026-08-06T22:04:54.082114+02:00;standby;25.1;32.2;5.0;28.0;55.9;57.0;0;0;0;0;16484.12;11280.08;5204.04;32441.758
2026-08-06T22:05:54.851892+02:00;standby;25.1;32.2;5.0;28.0;55.9;57.0;0;0;0;0;16484.12;11280.08;5204.04;32441.758
2026-08-06T22:06:55.630769+02:00;standby;25.1;32.1;5.0;28.0;55.9;57.0;0;0;0;0;16484.12;11280.08;5204.04;32441.758
2026-08-06T22:07:57.319937+02:00;standby;25.1;32.1;5.0;28.0;55.9;57.0;0;0;0;0;16484.12;11280.08;5204.04;32441.758
2026-08-06T22:08:58.395859+02:00;standby;25.1;32.1;5.0;28.0;55.9;57.0;0;0;0;0;16484.12;11280.08;5204.04;32441.758
2026-08-06T22:09:58.935295+02:00;standby;25.1;32.1;5.0;28.0;55.8;57.0;0;0;0;0;16484.12;11280.08;5204.04;32441.758
2026-08-06T22:10:59.556831+02:00;standby;25.1;32.1;5.0;28.0;55.8;57.0;0;0;0;0;16484.12;11280.08;5204.04;32441.758
2026-08-06T22:12:00.752323+02:00;standby;25.1;32.1;5.0;28.0;55.8;57.0;0;0;0;0;16484.12;11280.08;5204.04;32441.758
2026-08-06T22:13:01.414159+02:00;standby;25.1;32.1;5.0;28.0;55.8;57.0;0;0;0;0;16484.12;11280.08;5204.04;32441.758
2026-08-06T22:14:01.830724+02:00;standby;25.1;32.1;5.0;28.0;55.8;57.0;0;0;0;0;16484.12;11280.08;5204.04;32441.758
2026-08-06T22:15:02.337517+02:00;standby;25.1;32.0;5.0;28.0;55.8;57.0;0;0;0;0;16484.12;11280.08;5204.04;32441.758
2026-08-06T22:16:04.862236+02:00;standby;25.1;32.1;5.0;28.0;55.8;57.0;0;0;0;0;16484.12;11280.08;5204.04;32441.758
2026-08-06T22:17:05.369478+02:00;standby;25.1;32.0;5.0;28.0;55.8;57.0;0;0;0;0;16484.12;11280.08;5204.04;32441.758
2026-08-06T22:18:06.010299+02:00;standby;25.1;32.0;5.0;28.0;55.8;57.0;0;0;0;0;16484.12;11280.08;5204.04;32441.758
2026-08-06T22:19:06.577660+02:00;standby;25.1;32.0;5.0;28.0;55.8;57.0;0;0;0;0;16484.12;11280.08;5204.04;32441.758
2026-08-06T22:20:07.396483+02:00;standby;25.1;32.0;5.0;28.0;55.8;57.0;0;0;0;0;16484.12;11280.08;5204.04;32441.758
2026-08-06T22:21:08.067783+02:00;standby;25.1;32.0;5.0;28.0;55.8;57.0;0;0;0;0;16484.12;11280.08;5204.04;32441.758
2026-08-06T22:22:09.246361+02:00;standby;25.1;32.0;5.0;28.0;55.8;57.0;0;0;0;0;16484.12;11280.08;5204.04;32441.758
2026-08-06T22:23:09.921064+02:00;standby;25.1;32.0;5.0;28.0;55.7;57.0;0;0;0;0;16484.12;11280.08;5204.04;32441.758
2026-08-06T22:24:10.774044+02:00;standby;25.1;32.0;5.0;28.0;55.7;57.0;0;0;0;0;16484.12;11280.08;5204.04;32441.758
2026-08-06T22:25:11.230498+02:00;standby;25.1;31.9;5.0;28.0;55.7;57.0;0;0;0;0;16484.12;11280.08;5204.04;32441.758
2026-08-06T22:26:11.700012+02:00;standby;25.1;31.9;5.0;28.0;55.7;57.0;0;0;0;0;16484.12;11280.08;5204.04;32441.758
2026-08-06T22:27:12.516722+02:00;standby;25.1;31.9;5.0;28.0;55.7;57.0;0;0;0;0;16484.12;11280.08;5204.04;32441.758
2026-08-06T22:28:15.547179+02:00;standby;25.1;31.9;5.0;28.0;55.7;57.0;0;0;0;0;16484.12;11280.08;5204.04;32441.758
2026-08-06T22:29:16.377954+02:00;standby;25.1;31.9;5.0;28.0;55.7;57.0;0;0;0;0;16484.12;11280.08;5204.04;32441.758
2026-08-06T22:30:16.952241+02:00;standby;25.1;31.9;5.0;28.0;55.7;57.0;0;0;0;0;16484.12;11280.08;5204.04;32441.758
2026-08-06T22:31:17.419055+02:00;standby;25.1;31.9;5.0;28.0;55.7;57.0;0;0;0;0;16484.12;11280.08;5204.04;32441.758
2026-08-06T22:32:18.280813+02:00;standby;25.1;31.9;5.0;28.0;55.7;57.0;0;0;0;0;16484.12;11280.08;5204.04;32441.758
2026-08-06T22:33:18.852045+02:00;standby;25.1;31.9;5.0;28.0;55.7;57.0;0;0;0;0;16484.12;11280.08;5204.04;32441.758
2026-08-06T22:34:19.313919+02:00;standby;25.1;31.9;5.0;28.0;55.6;57.0;0;0;0;0;16484.12;11280.08;5204.04;32441.758
2026-08-06T22:35:19.734811+02:00;standby;25.1;31.7;5.0;28.0;55.7;57.0;0;0;0;0;16484.12;11280.08;5204.04;32441.758
2026-08-06T22:36:20.382004+02:00;standby;24.9;31.7;5.0;28.0;55.6;57.0;0;0;0;0;16484.12;11280.08;5204.04;32441.758
2026-08-06T22:37:21.143085+02:00;standby;24.9;31.7;5.0;28.0;55.6;57.0;0;0;0;0;16484.12;11280.08;5204.04;32441.758
2026-08-06T22:38:21.806231+02:00;standby;24.9;31.7;5.0;28.0;55.6;57.0;0;0;0;0;16484.12;11280.08;5204.04;32441.758
2026-08-06T22:39:22.358267+02:00;standby;24.9;31.7;5.0;28.0;55.6;57.0;0;0;0;0;16484.12;11280.08;5204.04;32441.758
2026-08-06T22:40:22.839651+02:00;standby;24.9;31.7;5.0;28.0;55.6;57.0;0;0;0;0;16484.12;11280.08;5204.04;32441.758
2026-08-06T22:41:23.325787+02:00;standby;24.9;31.7;5.0;28.0;55.6;57.0;0;0;0;0;16484.12;11280.08;5204.04;32441.758
2026-08-06T22:42:23.995711+02:00;standby;24.9;31.7;5.0;28.0;55.6;57.0;0;0;0;0;16484.12;11280.08;5204.04;32441.758
2026-08-06T22:43:24.506510+02:00;standby;24.9;31.6;5.0;28.0;55.6;57.0;0;0;0;0;16484.12;11280.08;5204.04;32441.758
2026-08-06T22:44:25.023976+02:00;standby;24.9;31.6;5.0;28.0;55.6;57.0;0;0;0;0;16484.12;11280.08;5204.04;32441.758
2026-08-06T22:45:26.181626+02:00;standby;24.9;31.6;5.0;28.0;55.6;57.0;0;0;0;0;16484.12;11280.08;5204.04;32441.758
2026-08-06T22:46:27.154697+02:00;standby;24.9;31.6;5.0;28.0;55.6;57.0;0;0;0;0;16484.12;11280.08;5204.04;32441.758
2026-08-06T22:47:27.806374+02:00;standby;24.9;31.6;5.0;28.0;55.6;57.0;0;0;0;0;16484.12;11280.08;5204.04;32441.758
2026-08-06T22:48:28.573618+02:00;standby;24.9;31.6;5.0;28.0;55.6;57.0;0;0;0;0;16484.12;11280.08;5204.04;32441.758
2026-08-06T22:49:29.736701+02:00;standby;24.9;31.6;5.0;28.0;55.5;57.0;0;0;0;0;16484.12;11280.08;5204.04;32441.758
2026-08-06T22:50:30.350563+02:00;standby;24.9;31.6;5.0;28.0;55.5;57.0;0;0;0;0;16484.12;11280.08;5204.04;32441.758
2026-08-06T22:51:30.768891+02:00;standby;24.9;31.6;5.0;28.0;55.5;57.0;0;0;0;0;16484.12;11280.08;5204.04;32441.758
2026-08-06T22:52:31.219304+02:00;standby;24.9;31.6;5.0;28.0;55.5;57.0;0;0;0;0;16484.12;11280.08;5204.04;32441.758
2026-08-06T22:53:31.956538+02:00;standby;24.9;31.6;5.0;28.0;55.5;57.0;0;0;0;0;16484.12;11280.08;5204.04;32441.758
2026-08-06T22:54:32.476050+02:00;standby;24.9;31.6;5.0;28.0;55.5;57.0;0;0;0;0;16484.12;11280.08;5204.04;32441.758
2026-08-06T22:55:33.412533+02:00;standby;24.9;31.5;5.0;28.0;55.5;57.0;0;0;0;0;16484.12;11280.08;5204.04;32441.758
2026-08-06T22:56:36.006574+02:00;standby;24.9;31.5;5.0;28.0;55.5;57.0;0;0;0;0;16484.12;11280.08;5204.04;32441.758
2026-08-06T22:57:36.541591+02:00;standby;24.9;31.5;5.0;28.0;55.5;57.0;0;0;0;0;16484.12;11280.08;5204.04;32441.758
2026-08-06T22:58:37.216410+02:00;standby;24.9;31.5;5.0;28.0;55.5;57.0;0;0;0;0;16484.12;11280.08;5204.04;32441.758
2026-08-06T22:59:38.106553+02:00;standby;24.9;31.5;5.0;28.0;55.5;57.0;0;0;0;0;16484.12;11280.08;5204.04;32441.758
2026-08-06T23:00:38.558878+02:00;standby;24.9;31.5;5.0;28.0;55.5;57.0;0;0;0;0;16484.12;11280.08;5204.04;32441.758
2026-08-06T23:01:39.093154+02:00;standby;24.9;31.5;5.0;25.0;55.5;57.0;0;0;0;0;16484.12;11280.08;5204.04;32441.758
2026-08-06T23:02:40.435581+02:00;standby;24.9;31.5;5.0;25.0;55.4;57.0;0;0;0;0;16484.12;11280.08;5204.04;32441.758
2026-08-06T23:03:41.033836+02:00;standby;24.9;31.5;5.0;25.0;55.4;57.0;0;0;0;0;16484.12;11280.08;5204.04;32441.758
2026-08-06T23:04:41.558090+02:00;standby;24.9;31.5;5.0;25.0;55.4;57.0;0;0;0;0;16484.12;11280.08;5204.04;32441.758
2026-08-06T23:05:42.174751+02:00;standby;24.9;31.5;5.0;25.0;55.4;57.0;0;0;0;0;16484.12;11280.08;5204.04;32441.758
2026-08-06T23:06:43.104983+02:00;standby;24.9;31.4;5.0;25.0;55.4;57.0;0;0;0;0;16484.12;11280.08;5204.04;32441.758
2026-08-06T23:07:43.624649+02:00;standby;24.9;31.4;5.0;25.0;55.4;57.0;0;0;0;0;16484.12;11280.08;5204.04;32441.758
2026-08-06T23:08:44.135413+02:00;standby;24.9;31.4;5.0;25.0;55.4;57.0;0;0;0;0;16484.12;11280.08;5204.04;32441.758
2026-08-06T23:09:44.617454+02:00;standby;24.9;31.4;5.0;25.0;55.4;57.0;0;0;0;0;16484.12;11280.08;5204.04;32441.758
2026-08-06T23:10:45.040273+02:00;standby;24.9;31.4;5.0;25.0;55.4;57.0;0;0;0;0;16484.12;11280.08;5204.04;32441.758
2026-08-06T23:11:45.693182+02:00;standby;24.9;31.4;5.0;25.0;55.4;57.0;0;0;0;0;16484.12;11280.08;5204.04;32441.758
2026-08-06T23:12:48.842409+02:00;standby;24.9;31.4;5.0;25.0;55.4;57.0;0;0;0;0;16484.12;11280.08;5204.04;32441.758
2026-08-06T23:13:49.400616+02:00;standby;24.9;31.4;5.0;25.0;55.4;57.0;0;0;0;0;16484.12;11280.08;5204.04;32441.758
2026-08-06T23:14:50.152876+02:00;standby;24.9;31.4;5.0;25.0;55.3;57.0;0;0;0;0;16484.12;11280.08;5204.04;32441.758
2026-08-06T23:15:50.749984+02:00;standby;24.9;31.4;5.0;25.0;55.3;57.0;0;0;0;0;16484.12;11280.08;5204.04;32441.758
2026-08-06T23:16:51.427322+02:00;standby;24.9;31.4;5.0;25.0;55.3;57.0;0;0;0;0;16484.12;11280.08;5204.04;32441.758
2026-08-06T23:17:51.894010+02:00;standby;24.9;31.4;5.0;25.0;55.3;57.0;0;0;0;0;16484.12;11280.08;5204.04;32441.758
2026-08-06T23:18:52.367414+02:00;standby;24.9;31.2;5.0;25.0;55.3;57.0;0;0;0;0;16484.12;11280.08;5204.04;32441.758
2026-08-06T23:19:52.859923+02:00;standby;24.9;31.2;5.0;25.0;55.3;57.0;0;0;0;0;16484.12;11280.08;5204.04;32441.758
2026-08-06T23:20:53.460366+02:00;standby;24.9;31.2;5.0;25.0;55.3;57.0;0;0;0;0;16484.12;11280.08;5204.04;32441.758
2026-08-06T23:21:54.076437+02:00;standby;24.9;31.2;5.0;25.0;55.3;57.0;0;0;0;0;16484.12;11280.08;5204.04;32441.758
2026-08-06T23:22:54.589699+02:00;standby;24.9;31.2;5.0;25.0;55.3;57.0;0;0;0;0;16484.12;11280.08;5204.04;32441.758
2026-08-06T23:23:55.064799+02:00;standby;24.9;31.2;5.0;25.0;55.3;57.0;0;0;0;0;16484.12;11280.08;5204.04;32441.758
2026-08-06T23:24:55.555604+02:00;standby;24.9;31.2;5.0;25.0;55.3;57.0;0;0;0;0;16484.12;11280.08;5204.04;32441.758
2026-08-06T23:25:56.069895+02:00;standby;24.9;31.2;5.0;25.0;55.3;57.0;0;0;0;0;16484.12;11280.08;5204.04;32441.758
2026-08-06T23:26:56.666787+02:00;standby;24.9;31.2;5.0;25.0;55.3;57.0;0;0;0;0;16484.12;11280.08;5204.04;32441.758
2026-08-06T23:27:57.604863+02:00;standby;24.9;31.2;5.0;25.0;55.3;57.0;0;0;0;0;16484.12;11280.08;5204.04;32441.758
2026-08-06T23:28:58.323803+02:00;standby;24.9;31.1;5.0;25.0;55.2;57.0;0;0;0;0;16484.12;11280.08;5204.04;32441.758
2026-08-06T23:29:59.247577+02:00;standby;24.9;31.1;5.0;25.0;55.2;57.0;0;0;0;0;16484.12;11280.08;5204.04;32441.758
2026-08-06T23:30:59.804446+02:00;standby;24.9;31.1;5.0;25.0;55.1;57.0;0;0;0;0;16484.12;11280.08;5204.04;32441.758
2026-08-06T23:32:01.242682+02:00;standby;24.9;31.1;5.0;25.0;55.1;57.0;0;0;0;0;16484.12;11280.08;5204.04;32441.758
2026-08-06T23:33:01.825435+02:00;standby;24.9;31.1;5.0;25.0;55.1;57.0;0;0;0;0;16484.12;11280.08;5204.04;32441.758
2026-08-06T23:34:02.440468+02:00;standby;24.9;31.1;5.0;25.0;55.1;57.0;0;0;0;0;16484.12;11280.08;5204.04;32441.758
2026-08-06T23:35:02.967655+02:00;standby;24.9;31.1;5.0;25.0;54.9;57.0;0;0;0;0;16484.12;11280.08;5204.04;32441.758
2026-08-06T23:36:03.529141+02:00;standby;24.9;31.1;5.0;25.0;54.9;57.0;0;0;0;0;16484.12;11280.08;5204.04;32441.758
2026-08-06T23:37:04.001433+02:00;standby;24.2;31.1;5.0;25.0;54.9;57.0;0;0;0;0;16484.12;11280.08;5204.04;32441.758
2026-08-06T23:38:04.492108+02:00;standby;24.2;31.1;5.0;25.0;54.9;57.0;0;0;0;0;16484.12;11280.08;5204.04;32441.758
2026-08-06T23:39:05.248710+02:00;standby;24.2;31.1;5.0;25.0;54.9;57.0;0;0;0;0;16484.12;11280.08;5204.04;32441.758
2026-08-06T23:40:05.770120+02:00;standby;24.2;31.1;5.0;25.0;54.9;57.0;0;0;0;0;16484.12;11280.08;5204.04;32441.758
2026-08-06T23:41:06.539762+02:00;standby;24.2;31.1;5.0;25.0;54.9;57.0;0;0;0;0;16484.12;11280.08;5204.04;32441.758
2026-08-06T23:42:07.109848+02:00;standby;24.2;31.1;5.0;25.0;54.9;57.0;0;0;0;0;16484.12;11280.08;5204.04;32441.758
2026-08-06T23:43:07.649467+02:00;standby;24.2;31.1;5.0;25.0;54.9;57.0;0;0;0;0;16484.12;11280.08;5204.04;32441.758
2026-08-06T23:44:08.190601+02:00;standby;24.2;31.1;5.0;25.0;54.9;57.0;0;0;0;0;16484.12;11280.08;5204.04;32441.758
2026-08-06T23:45:08.672830+02:00;standby;24.2;31.0;5.0;25.0;54.8;57.0;0;0;0;0;16484.12;11280.08;5204.04;32441.758
2026-08-06T23:46:09.261037+02:00;standby;24.2;31.0;5.0;25.0;54.8;10.0;0;0;0;0;16484.12;11280.08;5204.04;32441.758
2026-08-06T23:47:10.332874+02:00;standby;24.2;31.0;5.0;25.0;54.8;10.0;0;0;0;0;16484.12;11280.08;5204.04;32441.758
2026-08-06T23:48:10.912608+02:00;standby;24.2;31.0;5.0;25.0;54.8;10.0;0;0;0;0;16484.12;11280.08;5204.04;32441.758
2026-08-06T23:49:11.578637+02:00;standby;24.2;31.0;5.0;25.0;54.8;10.0;0;0;0;0;16484.12;11280.08;5204.04;32441.758
2026-08-06T23:50:12.087742+02:00;standby;24.2;31.0;5.0;25.0;54.8;10.0;0;0;0;0;16484.12;11280.08;5204.04;32441.758
2026-08-06T23:51:12.651140+02:00;standby;24.2;31.0;5.0;25.0;54.8;10.0;0;0;0;0;16484.12;11280.08;5204.04;32441.758
2026-08-06T23:52:13.554609+02:00;standby;24.2;31.0;5.0;25.0;54.8;10.0;0;0;0;0;16484.12;11280.08;5204.04;32441.758
2026-08-06T23:53:14.472481+02:00;standby;24.2;31.0;5.0;25.0;54.8;10.0;0;0;0;0;16484.12;11280.08;5204.04;32441.758
2026-08-06T23:54:15.186512+02:00;standby;24.2;31.0;5.0;25.0;54.8;10.0;0;0;0;0;16484.12;11280.08;5204.04;32441.758
2026-08-06T23:55:16.062293+02:00;standby;24.2;31.0;5.0;25.0;54.8;10.0;0;0;0;0;16484.12;11280.08;5204.04;32441.758
2026-08-06T23:56:16.952117+02:00;standby;24.2;31.0;5.0;25.0;54.7;10.0;0;0;0;0;16484.12;11280.08;5204.04;32441.758
2026-08-06T23:57:17.976416+02:00;standby;24.2;31.0;5.0;25.0;54.7;10.0;0;0;0;0;16484.12;11280.08;5204.04;32441.758
2026-08-06T23:58:18.810886+02:00;standby;24.2;30.9;5.0;25.0;54.7;10.0;0;0;0;0;16484.12;11280.08;5204.04;32441.758
2026-08-06T23:59:19.349443+02:00;standby;24.2;30.9;5.0;25.0;54.7;10.0;0;0;0;0;16484.12;11280.08;5204.04;32441.758
2026-08-07T00:00:19.836521+02:00;standby;24.2;30.9;5.0;25.0;54.7;10.0;0;0;0;0;16484.12;11280.08;5204.04;32441.758
2026-08-07T00:01:20.478210+02:00;standby;24.2;30.9;5.0;25.0;54.7;10.0;0;0;0;0;16484.12;11280.08;5204.04;32441.758
2026-08-07T00:02:20.946989+02:00;standby;24.2;30.9;5.0;25.0;54.7;10.0;0;0;0;0;16484.12;11280.08;5204.04;32441.758
2026-08-07T00:03:21.414425+02:00;standby;24.2;30.9;5.0;25.0;54.7;10.0;0;0;0;0;16484.12;11280.08;5204.04;32441.758
2026-08-07T00:04:22.542642+02:00;standby;24.2;30.9;5.0;25.0;54.7;10.0;0;0;0;0;16484.12;11280.08;5204.04;32441.758
2026-08-07T00:05:23.267242+02:00;standby;24.2;30.9;5.0;25.0;54.7;10.0;0;0;0;0;16484.12;11280.08;5204.04;32441.758
2026-08-07T00:06:23.771335+02:00;standby;24.2;30.9;5.0;25.0;54.7;10.0;0;0;0;0;16484.12;11280.08;5204.04;32441.758
2026-08-07T00:07:24.297748+02:00;standby;24.2;30.9;5.0;25.0;54.7;10.0;0;0;0;0;16484.12;11280.08;5204.04;32441.758
2026-08-07T00:08:25.271836+02:00;standby;24.2;30.9;5.0;25.0;54.6;10.0;0;0;0;0;16484.12;11280.08;5204.04;32441.758
2026-08-07T00:09:25.709804+02:00;standby;24.2;30.9;5.0;25.0;54.6;10.0;0;0;0;0;16484.12;11280.08;5204.04;32441.758
2026-08-07T00:10:26.692714+02:00;standby;24.2;30.9;5.0;25.0;54.6;10.0;0;0;0;0;16484.12;11280.08;5204.04;32441.758
2026-08-07T00:11:27.298806+02:00;standby;24.2;30.9;5.0;25.0;54.6;10.0;0;0;0;0;16484.12;11280.08;5204.04;32441.758
2026-08-07T00:12:28.126124+02:00;standby;24.2;30.9;5.0;25.0;54.6;10.0;0;0;0;0;16484.12;11280.08;5204.04;32441.758
2026-08-07T00:13:29.069400+02:00;standby;24.2;30.9;5.0;25.0;54.6;10.0;0;0;0;0;16484.12;11280.08;5204.04;32441.758
2026-08-07T00:14:29.692423+02:00;standby;24.2;30.7;5.0;25.0;54.6;10.0;0;0;0;0;16484.12;11280.08;5204.04;32441.758
2026-08-07T00:15:30.335317+02:00;standby;24.2;30.7;5.0;25.0;54.6;10.0;0;0;0;0;16484.12;11280.08;5204.04;32441.758
2026-08-07T00:16:31.313087+02:00;standby;24.2;30.7;5.0;25.0;54.6;10.0;0;0;0;0;16484.12;11280.08;5204.04;32441.758
2026-08-07T00:17:31.875876+02:00;standby;24.2;30.7;5.0;25.0;54.6;10.0;0;0;0;0;16484.12;11280.08;5204.04;32441.758
2026-08-07T00:18:32.504451+02:00;standby;24.2;30.7;5.0;25.0;54.6;10.0;0;0;0;0;16484.12;11280.08;5204.04;32441.758
2026-08-07T00:19:33.504093+02:00;standby;24.2;30.7;5.0;25.0;54.6;10.0;0;0;0;0;16484.12;11280.08;5204.04;32441.758
2026-08-07T00:20:34.172914+02:00;standby;24.2;30.7;5.0;25.0;54.5;10.0;0;0;0;0;16484.12;11280.08;5204.04;32441.758
2026-08-07T00:21:36.109309+02:00;standby;24.2;30.7;5.0;25.0;54.5;10.0;0;0;0;0;16484.12;11280.08;5204.04;32441.758
2026-08-07T00:22:36.735645+02:00;standby;24.2;30.7;5.0;25.0;54.5;10.0;0;0;0;0;16484.12;11280.08;5204.04;32441.758
2026-08-07T00:23:37.332561+02:00;standby;24.2;30.7;5.0;25.0;54.5;10.0;0;0;0;0;16484.12;11280.08;5204.04;32441.758
2026-08-07T00:24:37.832824+02:00;standby;24.2;30.7;5.0;25.0;54.5;10.0;0;0;0;0;16484.12;11280.08;5204.04;32441.758
2026-08-07T00:25:38.559879+02:00;standby;24.2;30.7;5.0;25.0;54.5;10.0;0;0;0;0;16484.12;11280.08;5204.04;32441.758
2026-08-07T00:26:39.099916+02:00;standby;24.2;30.7;5.0;25.0;54.5;10.0;0;0;0;0;16484.12;11280.08;5204.04;32441.758
2026-08-07T00:27:39.547511+02:00;standby;24.2;30.7;5.0;25.0;54.5;10.0;0;0;0;0;16484.12;11280.08;5204.04;32441.758
2026-08-07T00:28:40.023970+02:00;standby;24.2;30.6;5.0;25.0;54.5;10.0;0;0;0;0;16484.12;11280.08;5204.04;32441.758
2026-08-07T00:29:40.742413+02:00;standby;24.2;30.6;5.0;25.0;54.5;10.0;0;0;0;0;16484.12;11280.08;5204.04;32441.758
2026-08-07T00:30:41.351765+02:00;standby;24.2;30.7;5.0;25.0;54.5;10.0;0;0;0;0;16484.12;11280.08;5204.04;32441.758
2026-08-07T00:31:41.933908+02:00;standby;24.2;30.6;5.0;25.0;54.5;10.0;0;0;0;0;16484.12;11280.08;5204.04;32441.758
2026-08-07T00:32:42.435755+02:00;standby;24.2;30.6;5.0;25.0;54.4;10.0;0;0;0;0;16484.12;11280.08;5204.04;32441.758
2026-08-07T00:33:43.024414+02:00;standby;24.2;30.6;5.0;25.0;54.5;10.0;0;0;0;0;16484.12;11280.08;5204.04;32441.758
2026-08-07T00:34:43.744130+02:00;standby;24.2;30.6;5.0;25.0;54.4;10.0;0;0;0;0;16484.12;11280.08;5204.04;32441.758
2026-08-07T00:35:44.221507+02:00;standby;24.2;30.6;5.0;25.0;54.4;10.0;0;0;0;0;16484.12;11280.08;5204.04;32441.758
2026-08-07T00:36:44.892229+02:00;standby;24.2;30.6;5.0;25.0;54.4;10.0;0;0;0;0;16484.12;11280.08;5204.04;32441.758
2026-08-07T00:37:45.401520+02:00;standby;22.4;30.6;5.0;25.0;54.4;10.0;0;0;0;0;16484.12;11280.08;5204.04;32441.758
2026-08-07T00:38:45.980578+02:00;standby;22.4;30.6;5.0;25.0;54.4;10.0;0;0;0;0;16484.12;11280.08;5204.04;32441.758
2026-08-07T00:39:46.597298+02:00;standby;22.4;30.6;5.0;25.0;54.4;10.0;0;0;0;0;16484.12;11280.08;5204.04;32441.758
2026-08-07T00:40:47.192404+02:00;standby;22.4;30.6;5.0;25.0;54.4;10.0;0;0;0;0;16484.12;11280.08;5204.04;32441.758
2026-08-07T00:41:47.691467+02:00;standby;22.4;30.6;5.0;25.0;54.4;10.0;0;0;0;0;16484.12;11280.08;5204.04;32441.758
2026-08-07T00:42:48.202970+02:00;standby;22.4;30.6;5.0;25.0;54.4;10.0;0;0;0;0;16484.12;11280.08;5204.04;32441.758
2026-08-07T00:43:48.826315+02:00;standby;22.4;30.6;5.0;25.0;54.4;10.0;0;0;0;0;16484.12;11280.08;5204.04;32441.758
2026-08-07T00:44:49.663388+02:00;standby;22.4;30.5;5.0;25.0;54.4;10.0;0;0;0;0;16484.12;11280.08;5204.04;32441.758
2026-08-07T00:45:50.174244+02:00;standby;22.4;30.5;5.0;25.0;54.3;10.0;0;0;0;0;16484.12;11280.08;5204.04;32441.758
2026-08-07T00:46:50.688683+02:00;standby;22.4;30.5;5.0;25.0;54.3;10.0;0;0;0;0;16484.12;11280.08;5204.04;32441.758
2026-08-07T00:47:51.642122+02:00;standby;22.4;30.5;5.0;25.0;54.3;10.0;0;0;0;0;16484.12;11280.08;5204.04;32441.758
2026-08-07T00:48:52.090486+02:00;standby;22.4;30.5;5.0;25.0;54.3;10.0;0;0;0;0;16484.12;11280.08;5204.04;32441.758
2026-08-07T00:49:57.371367+02:00;standby;22.4;;;25.0;;;0;;0;;;;;32441.758
2026-08-07T00:51:06.809528+02:00;standby;22.4;;;25.0;;;0;;0;;;;;32441.758
2026-08-07T00:52:08.293421+02:00;standby;22.4;30.5;5.0;25.0;54.3;10.0;0;0;0;0;16484.12;11280.08;5204.04;32441.758
2026-08-07T00:53:08.979483+02:00;standby;22.4;30.5;5.0;25.0;54.3;10.0;0;0;0;0;16484.12;11280.08;5204.04;32441.758
2026-08-07T00:54:09.512096+02:00;standby;22.4;30.5;5.0;25.0;54.3;10.0;0;0;0;0;16484.12;11280.08;5204.04;32441.758
2026-08-07T00:55:10.049709+02:00;standby;22.4;30.5;5.0;25.0;54.3;10.0;0;0;0;0;16484.12;11280.08;5204.04;32441.758
2026-08-07T00:56:11.453527+02:00;standby;22.4;30.5;5.0;25.0;54.3;10.0;0;0;0;0;16484.12;11280.08;5204.04;32441.758
2026-08-07T00:57:11.971537+02:00;standby;22.4;30.5;5.0;25.0;54.2;10.0;0;0;0;0;16484.12;11280.08;5204.04;32441.758
2026-08-07T00:58:12.880718+02:00;standby;22.4;30.5;5.0;25.0;54.2;10.0;0;0;0;0;16484.12;11280.08;5204.04;32441.758
2026-08-07T00:59:13.840259+02:00;standby;22.4;30.5;5.0;25.0;54.2;10.0;0;0;0;0;16484.12;11280.08;5204.04;32441.758
2026-08-07T01:00:14.291845+02:00;standby;22.4;30.5;5.0;25.0;54.2;10.0;0;0;0;0;16484.12;11280.08;5204.04;32441.758
2026-08-07T01:01:14.813997+02:00;standby;22.4;30.5;5.0;25.0;54.2;10.0;0;0;0;0;16484.12;11280.08;5204.04;32441.758
2026-08-07T01:02:15.273495+02:00;standby;22.4;30.5;5.0;25.0;54.2;10.0;0;0;0;0;16484.12;11280.08;5204.04;32441.758
2026-08-07T01:03:15.804209+02:00;standby;22.4;30.4;5.0;25.0;54.2;10.0;0;0;0;0;16484.12;11280.08;5204.04;32441.758
2026-08-07T01:04:16.779558+02:00;standby;22.4;30.4;5.0;25.0;54.2;10.0;0;0;0;0;16484.12;11280.08;5204.04;32441.758
2026-08-07T01:05:17.338516+02:00;standby;22.4;30.4;5.0;25.0;54.2;10.0;0;0;0;0;16484.12;11280.08;5204.04;32441.758
2026-08-07T01:06:18.072696+02:00;standby;22.4;30.4;5.0;25.0;54.2;10.0;0;0;0;0;16484.12;11280.08;5204.04;32441.758
2026-08-07T01:07:19.267323+02:00;standby;22.4;30.4;5.0;25.0;54.2;10.0;0;0;0;0;16484.12;11280.08;5204.04;32441.758
2026-08-07T01:08:19.925331+02:00;standby;22.4;30.4;5.0;25.0;54.2;10.0;0;0;0;0;16484.12;11280.08;5204.04;32441.758
2026-08-07T01:09:20.486583+02:00;standby;22.4;30.4;5.0;25.0;54.2;10.0;0;0;0;0;16484.12;11280.08;5204.04;32441.758
2026-08-07T01:10:21.311499+02:00;standby;22.4;30.4;5.0;25.0;54.2;10.0;0;0;0;0;16484.12;11280.08;5204.04;32441.758
2026-08-07T01:11:21.916230+02:00;standby;22.4;30.4;5.0;25.0;54.1;10.0;0;0;0;0;16484.12;11280.08;5204.04;32441.758
2026-08-07T01:12:22.760074+02:00;standby;22.4;30.4;5.0;25.0;54.1;10.0;0;0;0;0;16484.12;11280.08;5204.04;32441.758
2026-08-07T01:13:23.253494+02:00;standby;22.4;30.4;5.0;25.0;54.1;10.0;0;0;0;0;16484.12;11280.08;5204.04;32441.758
2026-08-07T01:14:23.913589+02:00;standby;22.4;30.4;5.0;25.0;54.1;10.0;0;0;0;0;16484.12;11280.08;5204.04;32441.758
2026-08-07T01:15:24.479850+02:00;standby;22.4;30.4;5.0;25.0;54.1;10.0;0;0;0;0;16484.12;11280.08;5204.04;32441.758
2026-08-07T01:16:25.016286+02:00;standby;22.4;30.4;5.0;25.0;54.1;10.0;0;0;0;0;16484.12;11280.08;5204.04;32441.758
2026-08-07T01:17:25.646146+02:00;standby;22.4;30.4;5.0;25.0;54.1;10.0;0;0;0;0;16484.12;11280.08;5204.04;32441.758
2026-08-07T01:18:26.350039+02:00;standby;22.4;30.4;5.0;25.0;54.1;10.0;0;0;0;0;16484.12;11280.08;5204.04;32441.758
2026-08-07T01:19:27.276739+02:00;standby;22.4;30.4;5.0;25.0;54.1;10.0;0;0;0;0;16484.12;11280.08;5204.04;32441.758
2026-08-07T01:20:28.059194+02:00;standby;22.4;30.4;5.0;25.0;54.1;10.0;0;0;0;0;16484.12;11280.08;5204.04;32441.758
2026-08-07T01:21:28.634437+02:00;standby;22.4;30.4;5.0;25.0;54.1;10.0;0;0;0;0;16484.12;11280.08;5204.04;32441.758
2026-08-07T01:22:29.258342+02:00;standby;22.4;30.4;5.0;25.0;54.1;10.0;0;0;0;0;16484.12;11280.08;5204.04;32441.758
2026-08-07T01:23:29.725020+02:00;standby;22.4;30.2;5.0;25.0;54.0;10.0;0;0;0;0;16484.12;11280.08;5204.04;32441.758
2026-08-07T01:24:30.320973+02:00;standby;22.4;30.2;5.0;25.0;54.0;10.0;0;0;0;0;16484.12;11280.08;5204.04;32441.758
2026-08-07T01:25:31.112643+02:00;standby;22.4;30.2;5.0;25.0;54.0;10.0;0;0;0;0;16484.12;11280.08;5204.04;32441.758
2026-08-07T01:26:32.200615+02:00;standby;22.4;30.2;5.0;25.0;54.0;10.0;0;0;0;0;16484.12;11280.08;5204.04;32441.758
2026-08-07T01:27:33.132640+02:00;standby;22.4;30.2;5.0;25.0;54.0;10.0;0;0;0;0;16484.12;11280.08;5204.04;32441.758
2026-08-07T01:28:33.806731+02:00;standby;22.4;30.2;5.0;25.0;54.0;10.0;0;0;0;0;16484.12;11280.08;5204.04;32441.758
2026-08-07T01:29:34.580035+02:00;standby;22.4;30.2;5.0;25.0;54.0;10.0;0;0;0;0;16484.12;11280.08;5204.04;32441.758
2026-08-07T01:30:35.143582+02:00;standby;22.4;30.2;5.0;25.0;54.0;10.0;0;0;0;0;16484.12;11280.08;5204.04;32441.758
2026-08-07T01:31:35.682837+02:00;standby;22.4;30.2;5.0;25.0;54.0;10.0;0;0;0;0;16484.12;11280.08;5204.04;32441.758
2026-08-07T01:32:36.328554+02:00;standby;22.4;30.2;5.0;25.0;54.0;10.0;0;0;0;0;16484.12;11280.08;5204.04;32441.758
2026-08-07T01:33:37.207229+02:00;standby;22.4;30.2;5.0;25.0;54.0;10.0;0;0;0;0;16484.12;11280.08;5204.04;32441.758
2026-08-07T01:34:38.056000+02:00;standby;22.4;30.2;5.0;25.0;53.9;10.0;0;0;0;0;16484.12;11280.08;5204.04;32441.758
2026-08-07T01:35:38.557864+02:00;standby;22.4;30.2;5.0;25.0;53.9;10.0;0;0;0;0;16484.12;11280.08;5204.04;32441.758
2026-08-07T01:36:39.080265+02:00;standby;22.4;30.2;5.0;25.0;53.9;10.0;0;0;0;0;16484.12;11280.08;5204.04;32441.758
2026-08-07T01:37:39.899757+02:00;standby;22.4;30.2;5.0;25.0;53.9;10.0;0;0;0;0;16484.12;11280.08;5204.04;32441.758
2026-08-07T01:38:40.468838+02:00;standby;21.6;30.2;5.0;25.0;53.9;10.0;0;0;0;0;16484.12;11280.08;5204.04;32441.758
2026-08-07T01:39:41.712564+02:00;standby;21.6;30.2;5.0;25.0;53.9;10.0;0;0;0;0;16484.12;11280.08;5204.04;32441.758
2026-08-07T01:40:42.200967+02:00;standby;21.6;30.2;5.0;25.0;53.9;10.0;0;0;0;0;16484.12;11280.08;5204.04;32441.758
2026-08-07T01:41:43.100088+02:00;standby;21.6;30.2;5.0;25.0;53.9;10.0;0;0;0;0;16484.12;11280.08;5204.04;32441.758
2026-08-07T01:42:43.749143+02:00;standby;21.6;30.2;5.0;25.0;53.9;10.0;0;0;0;0;16484.12;11280.08;5204.04;32441.758
2026-08-07T01:43:44.651657+02:00;standby;21.6;30.1;5.0;25.0;53.9;10.0;0;0;0;0;16484.12;11280.08;5204.04;32441.758
2026-08-07T01:44:45.373909+02:00;standby;21.6;30.1;5.0;25.0;53.9;10.0;0;0;0;0;16484.12;11280.08;5204.04;32441.758
2026-08-07T01:45:45.943381+02:00;standby;21.6;30.1;5.0;25.0;53.9;10.0;0;0;0;0;16484.12;11280.08;5204.04;32441.758
2026-08-07T01:46:47.148218+02:00;standby;21.6;30.1;5.0;25.0;53.9;10.0;0;0;0;0;16484.12;11280.08;5204.04;32441.758
2026-08-07T01:47:48.005572+02:00;standby;21.6;30.1;5.0;25.0;53.8;10.0;0;0;0;0;16484.12;11280.08;5204.04;32441.758
2026-08-07T01:48:48.731576+02:00;standby;21.6;30.1;5.0;25.0;53.8;10.0;0;0;0;0;16484.12;11280.08;5204.04;32441.758
2026-08-07T01:49:49.429788+02:00;standby;21.6;30.1;5.0;25.0;53.8;10.0;0;0;0;0;16484.12;11280.08;5204.04;32441.758
2026-08-07T01:50:50.183240+02:00;standby;21.6;30.1;5.0;25.0;53.8;10.0;0;0;0;0;16484.12;11280.08;5204.04;32441.758
2026-08-07T01:51:50.896441+02:00;standby;21.6;30.1;5.0;25.0;53.8;10.0;0;0;0;0;16484.12;11280.08;5204.04;32441.758
2026-08-07T01:52:51.431961+02:00;standby;21.6;30.1;5.0;25.0;53.8;10.0;0;0;0;0;16484.12;11280.08;5204.04;32441.758
2026-08-07T01:53:53.064021+02:00;standby;21.6;30.1;5.0;25.0;53.8;10.0;0;0;0;0;16484.12;11280.08;5204.04;32441.758
2026-08-07T01:54:53.544038+02:00;standby;21.6;30.1;5.0;25.0;53.8;10.0;0;0;0;0;16484.12;11280.08;5204.04;32441.758
2026-08-07T01:55:54.267918+02:00;standby;21.6;30.1;5.0;25.0;53.8;10.0;0;0;0;0;16484.12;11280.08;5204.04;32441.758
2026-08-07T01:56:54.785299+02:00;standby;21.6;30.1;5.0;25.0;53.8;10.0;0;0;0;0;16484.12;11280.08;5204.04;32441.758
2026-08-07T01:57:55.328827+02:00;standby;21.6;30.1;5.0;25.0;53.8;10.0;0;0;0;0;16484.12;11280.08;5204.04;32441.758
2026-08-07T01:58:55.927969+02:00;standby;21.6;30.1;5.0;25.0;53.8;10.0;0;0;0;0;16484.12;11280.08;5204.04;32441.758
2026-08-07T01:59:56.591879+02:00;standby;21.6;30.1;5.0;25.0;53.8;10.0;0;0;0;0;16484.12;11280.08;5204.04;32441.758
2026-08-07T02:00:57.407639+02:00;standby;21.6;30.1;5.0;25.0;53.7;10.0;0;0;0;0;16484.12;11280.08;5204.04;32441.758
2026-08-07T02:01:58.007526+02:00;standby;21.6;30.1;5.0;25.0;53.7;10.0;0;0;0;0;16484.12;11280.08;5204.04;32441.758
2026-08-07T02:02:58.510079+02:00;standby;21.6;30.1;5.0;25.0;53.7;10.0;0;0;0;0;16484.12;11280.08;5204.04;32441.758
2026-08-07T02:03:59.032608+02:00;standby;21.6;30.0;5.0;25.0;53.7;10.0;0;0;0;0;16484.12;11280.08;5204.04;32441.758
2026-08-07T02:04:59.548210+02:00;standby;21.6;30.1;5.0;25.0;53.7;10.0;0;0;0;0;16484.12;11280.08;5204.04;32441.758
2026-08-07T02:06:00.198039+02:00;standby;21.6;30.0;5.0;25.0;53.7;10.0;0;0;0;0;16484.12;11280.08;5204.04;32441.758
2026-08-07T02:07:01.099317+02:00;standby;21.6;30.0;5.0;25.0;53.7;10.0;0;0;0;0;16484.12;11280.08;5204.04;32441.758
2026-08-07T02:08:01.824918+02:00;standby;21.6;30.0;5.0;25.0;53.7;10.0;0;0;0;0;16484.12;11280.08;5204.04;32441.758
2026-08-07T02:09:03.515750+02:00;standby;21.6;30.0;5.0;25.0;53.7;10.0;0;0;0;0;16484.12;11280.08;5204.04;32441.758
2026-08-07T02:10:03.988501+02:00;standby;21.6;30.0;5.0;25.0;53.7;10.0;0;0;0;0;16484.12;11280.08;5204.04;32441.758
2026-08-07T02:11:04.514315+02:00;standby;21.6;30.0;5.0;25.0;53.7;10.0;0;0;0;0;16484.12;11280.08;5204.04;32441.758
2026-08-07T02:12:04.926739+02:00;standby;21.6;30.0;5.0;25.0;53.7;10.0;0;0;0;0;16484.12;11280.08;5204.04;32441.758
2026-08-07T02:13:05.343639+02:00;standby;21.6;30.0;5.0;25.0;53.6;10.0;0;0;0;0;16484.12;11280.08;5204.04;32441.758
2026-08-07T02:14:05.869918+02:00;standby;21.6;30.0;5.0;25.0;53.6;10.0;0;0;0;0;16484.12;11280.08;5204.04;32441.758
2026-08-07T02:15:06.526379+02:00;standby;21.6;30.0;5.0;25.0;53.6;10.0;0;0;0;0;16484.12;11280.08;5204.04;32441.758
2026-08-07T02:16:06.998069+02:00;standby;21.6;30.0;5.0;25.0;53.6;10.0;0;0;0;0;16484.12;11280.08;5204.04;32441.758
2026-08-07T02:17:07.654302+02:00;standby;21.6;30.0;5.0;25.0;53.6;10.0;0;0;0;0;16484.12;11280.08;5204.04;32441.758
2026-08-07T02:18:08.207592+02:00;standby;21.6;30.0;5.0;25.0;53.6;10.0;0;0;0;0;16484.12;11280.08;5204.04;32441.758
2026-08-07T02:19:08.814020+02:00;standby;21.6;30.0;5.0;25.0;53.6;10.0;0;0;0;0;16484.12;11280.08;5204.04;32441.758
2026-08-07T02:20:09.426102+02:00;standby;21.6;30.0;5.0;25.0;53.6;10.0;0;0;0;0;16484.12;11280.08;5204.04;32441.758
2026-08-07T02:21:10.013560+02:00;standby;21.6;30.0;5.0;25.0;53.6;10.0;0;0;0;0;16484.12;11280.08;5204.04;32441.758
2026-08-07T02:22:10.776748+02:00;standby;21.6;30.0;5.0;25.0;53.6;10.0;0;0;0;0;16484.12;11280.08;5204.04;32441.758
2026-08-07T02:23:11.719793+02:00;standby;21.6;30.0;5.0;25.0;53.6;10.0;0;0;0;0;16484.12;11280.08;5204.04;32441.758
2026-08-07T02:24:12.535376+02:00;standby;21.6;30.0;5.0;25.0;53.6;10.0;0;0;0;0;16484.12;11280.08;5204.04;32441.758
2026-08-07T02:25:13.278954+02:00;standby;21.6;30.0;5.0;25.0;53.6;10.0;0;0;0;0;16484.12;11280.08;5204.04;32441.758
2026-08-07T02:26:14.201452+02:00;standby;21.6;30.0;5.0;25.0;53.5;10.0;0;0;0;0;16484.12;11280.08;5204.04;32441.758
2026-08-07T02:27:14.778646+02:00;standby;21.6;29.9;5.0;25.0;53.5;10.0;0;0;0;0;16484.12;11280.08;5204.04;32441.758
2026-08-07T02:28:15.385412+02:00;standby;21.6;29.9;5.0;25.0;53.5;10.0;0;0;0;0;16484.12;11280.08;5204.04;32441.758
2026-08-07T02:29:19.740816+02:00;standby;21.6;30.0;5.0;25.0;53.5;10.0;0;0;0;0;16484.12;11280.08;5204.04;32441.758
2026-08-07T02:30:20.823714+02:00;standby;21.6;29.9;5.0;25.0;53.5;10.0;0;0;0;0;16484.12;11280.08;5204.04;32441.758
2026-08-07T02:31:21.787638+02:00;standby;21.6;29.9;5.0;25.0;53.5;10.0;0;0;0;0;16484.12;11280.08;5204.04;32441.758
2026-08-07T02:32:22.274491+02:00;standby;21.6;29.9;5.0;25.0;53.5;10.0;0;0;0;0;16484.12;11280.08;5204.04;32441.758
2026-08-07T02:33:22.811184+02:00;standby;21.6;29.9;5.0;25.0;53.5;10.0;0;0;0;0;16484.12;11280.08;5204.04;32441.758
2026-08-07T02:34:23.532488+02:00;standby;21.6;29.9;5.0;25.0;53.5;10.0;0;0;0;0;16484.12;11280.08;5204.04;32441.758
2026-08-07T02:35:24.069655+02:00;standby;21.6;29.9;5.0;25.0;53.5;10.0;0;0;0;0;16484.12;11280.08;5204.04;32441.758
2026-08-07T02:36:24.592630+02:00;standby;21.6;29.9;5.0;25.0;53.5;10.0;0;0;0;0;16484.12;11280.08;5204.04;32441.758
2026-08-07T02:37:25.328745+02:00;standby;21.6;29.9;5.0;25.0;53.5;10.0;0;0;0;0;16484.12;11280.08;5204.04;32441.758
2026-08-07T02:38:25.925800+02:00;standby;21.6;29.9;5.0;25.0;53.4;10.0;0;0;0;0;16484.12;11280.08;5204.04;32441.758
2026-08-07T02:39:26.584724+02:00;standby;21.9;29.9;5.0;25.0;53.4;10.0;0;0;0;0;16484.12;11280.08;5204.04;32441.758
2026-08-07T02:40:27.069589+02:00;standby;21.9;29.9;5.0;25.0;53.4;10.0;0;0;0;0;16484.12;11280.08;5204.04;32441.758
2026-08-07T02:41:27.618144+02:00;standby;21.9;29.9;5.0;25.0;53.4;10.0;0;0;0;0;16484.12;11280.08;5204.04;32441.758
2026-08-07T02:42:28.396761+02:00;standby;21.9;29.9;5.0;25.0;53.4;10.0;0;0;0;0;16484.12;11280.08;5204.04;32441.758
2026-08-07T02:43:28.920738+02:00;standby;21.9;29.9;5.0;25.0;53.4;10.0;0;0;0;0;16484.12;11280.08;5204.04;32441.758
2026-08-07T02:44:29.763166+02:00;standby;21.9;29.9;5.0;25.0;53.4;10.0;0;0;0;0;16484.12;11280.08;5204.04;32441.758
2026-08-07T02:45:30.267364+02:00;standby;21.9;29.9;5.0;25.0;53.4;10.0;0;0;0;0;16484.12;11280.08;5204.04;32441.758
2026-08-07T02:46:31.016266+02:00;standby;21.9;29.9;5.0;25.0;53.4;10.0;0;0;0;0;16484.12;11280.08;5204.04;32441.758
2026-08-07T02:47:32.175305+02:00;standby;21.9;29.9;5.0;25.0;53.4;10.0;0;0;0;0;16484.12;11280.08;5204.04;32441.758
2026-08-07T02:48:32.762460+02:00;standby;21.9;29.9;5.0;25.0;53.4;10.0;0;0;0;0;16484.12;11280.08;5204.04;32441.758
2026-08-07T02:49:33.493633+02:00;standby;21.9;29.9;5.0;25.0;53.4;10.0;0;0;0;0;16484.12;11280.08;5204.04;32441.758
2026-08-07T02:50:34.090595+02:00;standby;21.9;29.9;5.0;25.0;53.4;10.0;0;0;0;0;16484.12;11280.08;5204.04;32441.758
2026-08-07T02:51:34.653504+02:00;standby;21.9;29.9;5.0;25.0;53.3;10.0;0;0;0;0;16484.12;11280.08;5204.04;32441.758
2026-08-07T02:52:35.231360+02:00;standby;21.9;29.9;5.0;25.0;53.3;10.0;0;0;0;0;16484.12;11280.08;5204.04;32441.758
2026-08-07T02:53:35.861562+02:00;standby;21.9;29.9;5.0;25.0;53.3;10.0;0;0;0;0;16484.12;11280.08;5204.04;32441.758
2026-08-07T02:54:36.565490+02:00;standby;21.9;29.9;5.0;25.0;53.3;10.0;0;0;0;0;16484.12;11280.08;5204.04;32441.758
2026-08-07T02:55:37.408876+02:00;standby;21.9;29.9;5.0;25.0;53.3;10.0;0;0;0;0;16484.12;11280.08;5204.04;32441.758
2026-08-07T02:56:38.047688+02:00;standby;21.9;29.9;5.0;25.0;53.3;10.0;0;0;0;0;16484.12;11280.08;5204.04;32441.758
2026-08-07T02:57:38.538948+02:00;standby;21.9;29.9;5.0;25.0;53.3;10.0;0;0;0;0;16484.12;11280.08;5204.04;32441.758
2026-08-07T02:58:39.399970+02:00;standby;21.9;29.9;5.0;25.0;53.3;10.0;0;0;0;0;16484.12;11280.08;5204.04;32441.758
2026-08-07T02:59:39.998157+02:00;standby;21.9;29.7;5.0;25.0;53.3;10.0;0;0;0;0;16484.12;11280.08;5204.04;32441.758
2026-08-07T03:00:40.610973+02:00;standby;21.9;29.7;5.0;25.0;53.3;10.0;0;0;0;0;16484.12;11280.08;5204.04;32441.758
2026-08-07T03:01:42.896782+02:00;standby;21.9;29.9;5.0;25.0;53.3;10.0;0;0;0;0;16484.12;11280.08;5204.04;32441.758
2026-08-07T03:02:43.402056+02:00;standby;21.9;29.7;5.0;25.0;53.3;10.0;0;0;0;0;16484.12;11280.08;5204.04;32441.758
2026-08-07T03:03:43.931491+02:00;standby;21.9;29.7;5.0;25.0;53.3;10.0;0;0;0;0;16484.12;11280.08;5204.04;32441.758
2026-08-07T03:04:44.425903+02:00;standby;21.9;29.7;5.0;25.0;53.2;10.0;0;0;0;0;16484.12;11280.08;5204.04;32441.758
2026-08-07T03:05:45.173387+02:00;standby;21.9;29.7;5.0;25.0;53.2;10.0;0;0;0;0;16484.12;11280.08;5204.04;32441.758
2026-08-07T03:06:45.794918+02:00;standby;21.9;29.7;5.0;25.0;53.2;10.0;0;0;0;0;16484.12;11280.08;5204.04;32441.758
2026-08-07T03:07:46.532145+02:00;standby;21.9;29.7;5.0;25.0;53.2;10.0;0;0;0;0;16484.12;11280.08;5204.04;32441.758
2026-08-07T03:08:47.028337+02:00;standby;21.9;29.7;5.0;25.0;53.2;10.0;0;0;0;0;16484.12;11280.08;5204.04;32441.758
2026-08-07T03:09:47.977442+02:00;standby;21.9;29.7;5.0;25.0;53.2;10.0;0;0;0;0;16484.12;11280.08;5204.04;32441.758
2026-08-07T03:10:48.836081+02:00;standby;21.9;29.7;5.0;25.0;53.2;10.0;0;0;0;0;16484.12;11280.08;5204.04;32441.758
2026-08-07T03:11:49.239777+02:00;standby;21.9;29.7;5.0;25.0;53.2;10.0;0;0;0;0;16484.12;11280.08;5204.04;32441.758
2026-08-07T03:12:51.356257+02:00;standby;21.9;29.7;5.0;25.0;53.2;10.0;0;0;0;0;16484.12;11280.08;5204.04;32441.758
2026-08-07T03:13:51.993022+02:00;standby;21.9;29.7;5.0;25.0;53.2;10.0;0;0;0;0;16484.12;11280.08;5204.04;32441.758
2026-08-07T03:14:52.634186+02:00;standby;21.9;29.7;5.0;25.0;53.2;10.0;0;0;0;0;16484.12;11280.08;5204.04;32441.758
2026-08-07T03:15:53.228881+02:00;standby;21.9;29.7;5.0;25.0;53.2;10.0;0;0;0;0;16484.12;11280.08;5204.04;32441.758
2026-08-07T03:16:53.897739+02:00;standby;21.9;29.7;5.0;25.0;53.2;10.0;0;0;0;0;16484.12;11280.08;5204.04;32441.758
2026-08-07T03:17:54.767643+02:00;standby;21.9;29.7;5.0;25.0;53.1;10.0;0;0;0;0;16484.12;11280.08;5204.04;32441.758
2026-08-07T03:18:55.613812+02:00;standby;21.9;29.7;5.0;25.0;53.1;10.0;0;0;0;0;16484.12;11280.08;5204.04;32441.758
2026-08-07T03:19:57.278338+02:00;standby;21.9;29.7;5.0;25.0;53.1;10.0;0;0;0;0;16484.12;11280.08;5204.04;32441.758
2026-08-07T03:20:57.970699+02:00;standby;21.9;29.7;5.0;25.0;53.1;10.0;0;0;0;0;16484.12;11280.08;5204.04;32441.758
2026-08-07T03:21:58.581386+02:00;standby;21.9;29.7;5.0;25.0;53.1;10.0;0;0;0;0;16484.12;11280.08;5204.04;32441.758
2026-08-07T03:22:59.111861+02:00;standby;21.9;29.7;5.0;25.0;53.1;10.0;0;0;0;0;16484.12;11280.08;5204.04;32441.758
2026-08-07T03:23:59.642605+02:00;standby;21.9;29.7;5.0;25.0;53.1;10.0;0;0;0;0;16484.12;11280.08;5204.04;32441.758
2026-08-07T03:25:00.148330+02:00;standby;21.9;29.7;5.0;25.0;53.1;10.0;0;0;0;0;16484.12;11280.08;5204.04;32441.758
2026-08-07T03:26:00.792926+02:00;standby;21.9;29.6;5.0;25.0;53.1;10.0;0;0;0;0;16484.12;11280.08;5204.04;32441.758
2026-08-07T03:27:01.292195+02:00;standby;21.9;29.6;5.0;25.0;53.1;10.0;0;0;0;0;16484.12;11280.08;5204.04;32441.758
2026-08-07T03:28:01.824337+02:00;standby;21.9;29.6;5.0;25.0;53.1;10.0;0;0;0;0;16484.12;11280.08;5204.04;32441.758
2026-08-07T03:29:02.641785+02:00;standby;21.9;29.6;5.0;25.0;53.1;10.0;0;0;0;0;16484.12;11280.08;5204.04;32441.758
2026-08-07T03:30:03.400032+02:00;standby;21.9;29.6;5.0;25.0;52.9;10.0;0;0;0;0;16484.12;11280.08;5204.04;32441.758
2026-08-07T03:31:03.880349+02:00;standby;21.9;29.6;5.0;25.0;52.9;10.0;0;0;0;0;16484.12;11280.08;5204.04;32441.758
2026-08-07T03:32:04.351235+02:00;standby;21.9;29.6;5.0;25.0;52.9;10.0;0;0;0;0;16484.12;11280.08;5204.04;32441.758
2026-08-07T03:33:04.925399+02:00;standby;21.9;29.6;5.0;25.0;52.9;10.0;0;0;0;0;16484.12;11280.08;5204.04;32441.758
2026-08-07T03:34:05.430054+02:00;standby;21.9;29.6;5.0;25.0;52.9;10.0;0;0;0;0;16484.12;11280.08;5204.04;32441.758
2026-08-07T03:35:06.312559+02:00;standby;21.9;29.6;5.0;25.0;52.9;10.0;0;0;0;0;16484.12;11280.08;5204.04;32441.758
2026-08-07T03:36:06.976602+02:00;standby;21.9;29.6;5.0;25.0;52.9;10.0;0;0;0;0;16484.12;11280.08;5204.04;32441.758
2026-08-07T03:37:07.604295+02:00;standby;21.9;29.6;5.0;25.0;52.9;10.0;0;0;0;0;16484.12;11280.08;5204.04;32441.758
2026-08-07T03:38:08.258850+02:00;standby;21.9;29.6;5.0;25.0;52.9;10.0;0;0;0;0;16484.12;11280.08;5204.04;32441.758
2026-08-07T03:39:08.750588+02:00;standby;21.9;29.6;5.0;25.0;52.9;10.0;0;0;0;0;16484.12;11280.08;5204.04;32441.758
2026-08-07T03:40:09.463569+02:00;standby;21.4;29.6;5.0;25.0;52.9;10.0;0;0;0;0;16484.12;11280.08;5204.04;32441.758
2026-08-07T03:41:10.090077+02:00;standby;21.4;29.6;5.0;25.0;52.9;10.0;0;0;0;0;16484.12;11280.08;5204.04;32441.758
2026-08-07T03:42:10.656711+02:00;standby;21.4;29.6;5.0;25.0;52.9;10.0;0;0;0;0;16484.12;11280.08;5204.04;32441.758
2026-08-07T03:43:11.230852+02:00;standby;21.4;29.6;5.0;25.0;52.9;10.0;0;0;0;0;16484.12;11280.08;5204.04;32441.758
2026-08-07T03:44:11.746535+02:00;standby;21.4;29.6;5.0;25.0;52.8;10.0;0;0;0;0;16484.12;11280.08;5204.04;32441.758
2026-08-07T03:45:12.382168+02:00;standby;21.4;29.6;5.0;25.0;52.8;10.0;0;0;0;0;16484.12;11280.08;5204.04;32441.758
2026-08-07T03:46:12.963657+02:00;standby;21.4;29.6;5.0;25.0;52.8;10.0;0;0;0;0;16484.12;11280.08;5204.04;32441.758
2026-08-07T03:47:13.512975+02:00;standby;21.4;29.6;5.0;25.0;52.8;10.0;0;0;0;0;16484.12;11280.08;5204.04;32441.758
2026-08-07T03:48:18.871185+02:00;standby;21.4;29.6;5.0;25.0;52.8;10.0;0;0;0;0;16484.12;11280.08;5204.04;32441.758
2026-08-07T03:49:19.402769+02:00;standby;21.4;29.6;5.0;25.0;52.8;10.0;0;0;0;0;16484.12;11280.08;5204.04;32441.758
2026-08-07T03:50:19.896876+02:00;standby;21.4;29.6;5.0;25.0;52.8;10.0;0;0;0;0;16484.12;11280.08;5204.04;32441.758
2026-08-07T03:51:20.408353+02:00;standby;21.4;29.6;5.0;25.0;52.8;10.0;0;0;0;0;16484.12;11280.08;5204.04;32441.758
2026-08-07T03:52:21.592163+02:00;standby;21.4;29.4;5.0;25.0;52.8;10.0;0;0;0;0;16484.12;11280.08;5204.04;32441.758
2026-08-07T03:53:22.379866+02:00;standby;21.4;29.4;5.0;25.0;52.8;10.0;0;0;0;0;16484.12;11280.08;5204.04;32441.758
2026-08-07T03:54:23.278430+02:00;standby;21.4;29.4;5.0;25.0;52.8;10.0;0;0;0;0;16484.12;11280.08;5204.04;32441.758
2026-08-07T03:55:24.144791+02:00;standby;21.4;29.4;5.0;25.0;52.8;10.0;0;0;0;0;16484.12;11280.08;5204.04;32441.758
2026-08-07T03:56:24.739521+02:00;standby;21.4;29.4;5.0;25.0;52.7;10.0;0;0;0;0;16484.12;11280.08;5204.04;32441.758
2026-08-07T03:57:25.259267+02:00;standby;21.4;29.4;5.0;25.0;52.7;10.0;0;0;0;0;16484.12;11280.08;5204.04;32441.758
2026-08-07T03:58:25.928143+02:00;standby;21.4;29.4;5.0;25.0;52.7;10.0;0;0;0;0;16484.12;11280.08;5204.04;32441.758
2026-08-07T03:59:27.160427+02:00;standby;21.4;29.4;5.0;25.0;52.7;10.0;0;0;0;0;16484.12;11280.08;5204.04;32441.758
2026-08-07T04:00:27.860922+02:00;standby;21.4;29.4;5.0;25.0;52.7;10.0;0;0;0;0;16484.12;11280.08;5204.04;32441.758
2026-08-07T04:01:28.686857+02:00;standby;21.4;29.4;5.0;25.0;52.7;57.0;0;0;0;0;16484.12;11280.08;5204.04;32441.758
2026-08-07T04:02:29.504170+02:00;standby;21.4;29.4;5.0;25.0;52.7;57.0;0;0;0;0;16484.12;11280.08;5204.04;32441.758
2026-08-07T04:03:30.540855+02:00;standby;21.4;29.4;5.0;25.0;52.7;57.0;0;0;0;0;16484.12;11280.08;5204.04;32441.758
2026-08-07T04:04:31.405345+02:00;standby;21.4;29.4;5.0;25.0;52.7;57.0;0;0;0;0;16484.12;11280.08;5204.04;32441.758
2026-08-07T04:05:31.894025+02:00;standby;21.4;29.4;5.0;25.0;52.7;57.0;0;0;0;0;16484.12;11280.08;5204.04;32441.758
2026-08-07T04:06:32.431895+02:00;standby;21.4;29.4;5.0;25.0;52.7;57.0;0;0;0;0;16484.12;11280.08;5204.04;32441.758
2026-08-07T04:07:33.253112+02:00;standby;21.4;29.4;5.0;25.0;52.7;57.0;0;0;0;0;16484.12;11280.08;5204.04;32441.758
2026-08-07T04:08:34.353829+02:00;standby;21.4;29.4;5.0;25.0;52.7;57.0;0;0;0;0;16484.12;11280.08;5204.04;32441.758
2026-08-07T04:09:35.000767+02:00;standby;21.4;29.4;5.0;25.0;52.7;57.0;0;0;0;0;16484.12;11280.08;5204.04;32441.758
2026-08-07T04:10:36.342466+02:00;standby;21.4;29.4;5.0;25.0;52.6;57.0;0;0;0;0;16484.12;11280.08;5204.04;32441.758
2026-08-07T04:11:36.915433+02:00;standby;21.4;29.4;5.0;25.0;52.6;57.0;0;0;0;0;16484.12;11280.08;5204.04;32441.758
2026-08-07T04:12:37.494283+02:00;standby;21.4;29.4;5.0;25.0;52.6;57.0;0;0;0;0;16484.12;11280.08;5204.04;32441.758
2026-08-07T04:13:38.051307+02:00;standby;21.4;29.4;5.0;25.0;52.6;57.0;0;0;0;0;16484.12;11280.08;5204.04;32441.758
2026-08-07T04:14:38.829405+02:00;standby;21.4;29.4;5.0;25.0;52.6;57.0;0;0;0;0;16484.12;11280.08;5204.04;32441.758
2026-08-07T04:15:39.703765+02:00;standby;21.4;29.4;5.0;25.0;52.6;57.0;0;0;0;0;16484.12;11280.08;5204.04;32441.758
2026-08-07T04:16:40.325884+02:00;standby;21.4;29.4;5.0;25.0;52.6;57.0;0;0;0;0;16484.12;11280.08;5204.04;32441.758
2026-08-07T04:17:40.750696+02:00;standby;21.4;29.4;5.0;25.0;52.6;57.0;0;0;0;0;16484.12;11280.08;5204.04;32441.758
2026-08-07T04:18:41.363611+02:00;standby;21.4;29.4;5.0;25.0;52.6;57.0;0;0;0;0;16484.12;11280.08;5204.04;32441.758
2026-08-07T04:19:41.805385+02:00;standby;21.4;29.4;5.0;25.0;52.6;57.0;0;0;0;0;16484.12;11280.08;5204.04;32441.758
2026-08-07T04:20:42.327886+02:00;standby;21.4;29.4;5.0;25.0;52.6;57.0;0;0;0;0;16484.12;11280.08;5204.04;32441.758
2026-08-07T04:21:42.974843+02:00;standby;21.4;29.4;5.0;25.0;52.6;57.0;0;0;0;0;16484.12;11280.08;5204.04;32441.758
2026-08-07T04:22:43.477176+02:00;standby;21.4;29.4;5.0;25.0;52.6;57.0;0;0;0;0;16484.12;11280.08;5204.04;32441.758
2026-08-07T04:23:43.967517+02:00;standby;21.4;29.4;5.0;25.0;52.5;57.0;0;0;0;0;16484.12;11280.08;5204.04;32441.758
2026-08-07T04:24:44.634382+02:00;standby;21.4;29.4;5.0;25.0;52.5;57.0;0;0;0;0;16484.12;11280.08;5204.04;32441.758
2026-08-07T04:25:45.267989+02:00;standby;21.4;29.4;5.0;25.0;52.5;57.0;0;0;0;0;16484.12;11280.08;5204.04;32441.758
2026-08-07T04:26:46.490049+02:00;standby;21.4;29.3;5.0;25.0;52.5;57.0;0;0;0;0;16484.12;11280.08;5204.04;32441.758
2026-08-07T04:27:47.107456+02:00;standby;21.4;29.4;5.0;25.0;52.5;57.0;0;0;0;0;16484.12;11280.08;5204.04;32441.758
2026-08-07T04:28:48.225323+02:00;standby;21.4;29.3;5.0;25.0;52.5;57.0;0;0;0;0;16484.12;11280.08;5204.04;32441.758
2026-08-07T04:29:48.859413+02:00;standby;21.4;29.3;5.0;25.0;52.5;57.0;0;0;0;0;16484.12;11280.08;5204.04;32441.758
2026-08-07T04:30:50.100276+02:00;standby;21.4;29.3;5.0;25.0;52.5;57.0;0;0;0;0;16484.12;11280.08;5204.04;32441.758
2026-08-07T04:31:51.226863+02:00;standby;21.4;29.3;5.0;25.0;52.5;57.0;0;0;0;0;16484.12;11280.08;5204.04;32441.758
2026-08-07T04:32:52.336068+02:00;standby;21.4;29.3;5.0;25.0;52.5;57.0;0;0;0;0;16484.12;11280.08;5204.04;32441.758
2026-08-07T04:33:52.891826+02:00;standby;21.4;29.3;5.0;25.0;52.5;57.0;0;0;0;0;16484.12;11280.08;5204.04;32441.758
2026-08-07T04:34:53.835266+02:00;standby;21.4;29.3;5.0;25.0;52.5;57.0;0;0;0;0;16484.12;11280.08;5204.04;32441.758
2026-08-07T04:35:54.282393+02:00;standby;21.4;29.3;5.0;25.0;52.5;57.0;0;0;0;0;16484.12;11280.08;5204.04;32441.758
2026-08-07T04:36:55.021503+02:00;standby;21.4;29.3;5.0;25.0;52.4;57.0;0;0;0;0;16484.12;11280.08;5204.04;32441.758
2026-08-07T04:37:55.587864+02:00;standby;21.4;29.3;5.0;25.0;52.4;57.0;0;0;0;0;16484.12;11280.08;5204.04;32441.758
2026-08-07T04:38:56.810129+02:00;standby;21.4;29.3;5.0;25.0;52.4;57.0;0;0;0;0;16484.12;11280.08;5204.04;32441.758
2026-08-07T04:39:57.395109+02:00;standby;21.4;29.3;5.0;25.0;52.4;57.0;0;0;0;0;16484.12;11280.08;5204.04;32441.758
2026-08-07T04:40:57.863219+02:00;standby;21.0;29.3;5.0;25.0;52.4;57.0;0;0;0;0;16484.12;11280.08;5204.04;32441.758
2026-08-07T04:41:58.333210+02:00;standby;21.0;29.3;5.0;25.0;52.4;57.0;0;0;0;0;16484.12;11280.08;5204.04;32441.758
2026-08-07T04:42:58.858833+02:00;standby;21.0;29.3;5.0;25.0;52.4;57.0;0;0;0;0;16484.12;11280.08;5204.04;32441.758
2026-08-07T04:43:59.398985+02:00;standby;21.0;29.3;5.0;25.0;52.4;57.0;0;0;0;0;16484.12;11280.08;5204.04;32441.758
2026-08-07T04:44:59.859924+02:00;standby;21.0;29.3;5.0;25.0;52.4;57.0;0;0;0;0;16484.12;11280.08;5204.04;32441.758
2026-08-07T04:46:00.765994+02:00;standby;21.0;29.3;5.0;25.0;52.4;57.0;0;0;0;0;16484.12;11280.08;5204.04;32441.758
2026-08-07T04:47:01.370893+02:00;standby;21.0;29.3;5.0;25.0;52.4;57.0;0;0;0;0;16484.12;11280.08;5204.04;32441.758
2026-08-07T04:48:02.116186+02:00;standby;21.0;29.3;5.0;25.0;52.4;57.0;0;0;0;0;16484.12;11280.08;5204.04;32441.758
2026-08-07T04:49:02.620394+02:00;standby;21.0;29.3;5.0;25.0;52.4;57.0;0;0;0;0;16484.12;11280.08;5204.04;32441.758
2026-08-07T04:50:03.246077+02:00;standby;21.0;29.3;5.0;25.0;52.4;57.0;0;0;0;0;16484.12;11280.08;5204.04;32441.758
2026-08-07T04:51:03.721463+02:00;standby;21.0;29.3;5.0;25.0;52.3;57.0;0;0;0;0;16484.12;11280.08;5204.04;32441.758
2026-08-07T04:52:04.291039+02:00;standby;21.0;29.3;5.0;25.0;52.3;57.0;0;0;0;0;16484.12;11280.08;5204.04;32441.758
2026-08-07T04:53:05.176639+02:00;standby;21.0;29.3;5.0;25.0;52.3;57.0;0;0;0;0;16484.12;11280.08;5204.04;32441.758
2026-08-07T04:54:05.899048+02:00;standby;21.0;29.3;5.0;25.0;52.3;57.0;0;0;0;0;16484.12;11280.08;5204.04;32441.758
2026-08-07T04:55:06.557897+02:00;standby;21.0;29.3;5.0;25.0;52.3;57.0;0;0;0;0;16484.12;11280.08;5204.04;32441.758
2026-08-07T04:56:07.249424+02:00;standby;21.0;29.3;5.0;25.0;52.3;57.0;0;0;0;0;16484.12;11280.08;5204.04;32441.758
2026-08-07T04:57:07.814523+02:00;standby;21.0;29.3;5.0;25.0;52.3;57.0;0;0;0;0;16484.12;11280.08;5204.04;32441.758
2026-08-07T04:58:08.389340+02:00;standby;21.0;29.3;5.0;25.0;52.3;57.0;0;0;0;0;16484.12;11280.08;5204.04;32441.758
2026-08-07T04:59:09.010087+02:00;standby;21.0;29.3;5.0;25.0;52.3;57.0;0;0;0;0;16484.12;11280.08;5204.04;32441.758
2026-08-07T05:00:10.574871+02:00;standby;21.0;29.3;5.0;25.0;52.3;57.0;0;0;0;0;16484.12;11280.08;5204.04;32441.758
2026-08-07T05:01:11.175306+02:00;standby;21.0;29.3;5.0;25.0;52.3;57.0;0;0;0;0;16484.12;11280.08;5204.04;32441.758
2026-08-07T05:02:11.641078+02:00;standby;21.0;29.3;5.0;25.0;52.3;57.0;0;0;0;0;16484.12;11280.08;5204.04;32441.758
2026-08-07T05:03:12.111468+02:00;standby;21.0;29.3;5.0;25.0;52.2;57.0;0;0;0;0;16484.12;11280.08;5204.04;32441.758
2026-08-07T05:04:12.626354+02:00;standby;21.0;29.3;5.0;25.0;52.2;57.0;0;0;0;0;16484.12;11280.08;5204.04;32441.758
2026-08-07T05:05:13.478695+02:00;standby;21.0;29.2;5.0;25.0;52.2;57.0;0;0;0;0;16484.12;11280.08;5204.04;32441.758
2026-08-07T05:06:14.178429+02:00;standby;21.0;29.3;5.0;25.0;52.2;57.0;0;0;0;0;16484.12;11280.08;5204.04;32441.758
2026-08-07T05:07:14.790802+02:00;standby;21.0;29.2;5.0;25.0;52.2;57.0;0;0;0;0;16484.12;11280.08;5204.04;32441.758
2026-08-07T05:08:15.375287+02:00;standby;21.0;29.2;5.0;25.0;52.2;57.0;0;0;0;0;16484.12;11280.08;5204.04;32441.758
2026-08-07T05:09:15.885793+02:00;standby;21.0;29.2;5.0;25.0;52.2;57.0;0;0;0;0;16484.12;11280.08;5204.04;32441.758
2026-08-07T05:10:16.690252+02:00;standby;21.0;29.2;5.0;25.0;52.2;57.0;0;0;0;0;16484.12;11280.08;5204.04;32441.758
2026-08-07T05:11:17.626789+02:00;standby;21.0;29.2;5.0;25.0;52.2;57.0;0;0;0;0;16484.12;11280.08;5204.04;32441.758
2026-08-07T05:12:18.102660+02:00;standby;21.0;29.2;5.0;25.0;52.2;57.0;0;0;0;0;16484.12;11280.08;5204.04;32441.758
2026-08-07T05:13:18.679229+02:00;standby;21.0;29.2;5.0;25.0;52.2;57.0;0;0;0;0;16484.12;11280.08;5204.04;32441.758
2026-08-07T05:14:19.361434+02:00;standby;21.0;29.2;5.0;25.0;52.2;57.0;0;0;0;0;16484.12;11280.08;5204.04;32441.758
2026-08-07T05:15:19.865337+02:00;standby;21.0;29.2;5.0;25.0;52.1;57.0;0;0;0;0;16484.12;11280.08;5204.04;32441.758
2026-08-07T05:16:20.396820+02:00;standby;21.0;29.2;5.0;25.0;52.1;57.0;0;0;0;0;16484.12;11280.08;5204.04;32441.758
2026-08-07T05:17:20.912890+02:00;standby;21.0;29.2;5.0;25.0;52.1;57.0;0;0;0;0;16484.12;11280.08;5204.04;32441.758
2026-08-07T05:18:21.437893+02:00;standby;21.0;29.2;5.0;25.0;52.1;57.0;0;0;0;0;16484.12;11280.08;5204.04;32441.758
2026-08-07T05:19:21.985622+02:00;standby;21.0;29.2;5.0;25.0;52.1;57.0;0;0;0;0;16484.12;11280.08;5204.04;32441.758
2026-08-07T05:20:22.635847+02:00;standby;21.0;29.2;5.0;25.0;52.1;57.0;0;0;0;0;16484.12;11280.08;5204.04;32441.758
2026-08-07T05:21:23.139140+02:00;standby;21.0;29.2;5.0;25.0;52.1;57.0;0;0;0;0;16484.12;11280.08;5204.04;32441.758
2026-08-07T05:22:23.619814+02:00;standby;21.0;29.2;5.0;25.0;52.1;57.0;0;0;0;0;16484.12;11280.08;5204.04;32441.758
2026-08-07T05:23:24.116050+02:00;standby;21.0;29.2;5.0;25.0;52.1;57.0;0;0;0;0;16484.12;11280.08;5204.04;32441.758
2026-08-07T05:24:24.653502+02:00;standby;21.0;29.2;5.0;25.0;52.1;57.0;0;0;0;0;16484.12;11280.08;5204.04;32441.758
2026-08-07T05:25:25.270047+02:00;standby;21.0;29.2;5.0;25.0;52.1;57.0;0;0;0;0;16484.12;11280.08;5204.04;32441.758
2026-08-07T05:26:25.786514+02:00;standby;21.0;29.2;5.0;25.0;52.1;57.0;0;0;0;0;16484.12;11280.08;5204.04;32441.758
2026-08-07T05:27:26.442289+02:00;standby;21.0;29.2;5.0;25.0;52.1;57.0;0;0;0;0;16484.12;11280.08;5204.04;32441.758
2026-08-07T05:28:27.142058+02:00;standby;21.0;29.2;5.0;25.0;52.1;57.0;0;0;0;0;16484.12;11280.08;5204.04;32441.758
2026-08-07T05:29:27.651771+02:00;standby;21.0;29.2;5.0;25.0;52.1;57.0;0;0;0;0;16484.12;11280.08;5204.04;32441.758
2026-08-07T05:30:28.408183+02:00;standby;21.0;29.2;5.0;25.0;52.0;57.0;0;0;0;0;16484.12;11280.08;5204.04;32441.758
2026-08-07T05:31:28.950142+02:00;standby;21.0;29.2;5.0;30.0;52.0;57.0;0;0;0;0;16484.12;11280.08;5204.04;32441.758
2026-08-07T05:32:29.941168+02:00;standby;21.0;29.2;5.0;30.0;52.0;57.0;0;0;0;0;16484.12;11280.08;5204.04;32441.758
2026-08-07T05:33:30.758884+02:00;standby;21.0;29.2;5.0;30.0;52.0;57.0;0;0;0;0;16484.12;11280.08;5204.04;32441.758
2026-08-07T05:34:31.530111+02:00;standby;21.0;29.2;5.0;30.0;52.0;57.0;0;0;0;0;16484.12;11280.08;5204.04;32441.758
2026-08-07T05:35:32.108777+02:00;standby;21.0;29.2;5.0;30.0;52.0;57.0;0;0;0;0;16484.12;11280.08;5204.04;32441.758
2026-08-07T05:36:32.573077+02:00;standby;21.0;29.2;5.0;29.0;52.0;57.0;0;0;0;0;16484.12;11280.08;5204.04;32441.758
2026-08-07T05:37:33.489569+02:00;standby;21.0;29.2;5.0;29.0;52.0;57.0;0;0;0;0;16484.12;11280.08;5204.04;32441.758
2026-08-07T05:38:34.036236+02:00;standby;21.0;29.2;5.0;29.0;52.0;57.0;0;0;0;0;16484.12;11280.08;5204.04;32441.758
2026-08-07T05:39:35.000365+02:00;standby;21.0;29.2;5.0;29.0;52.0;57.0;0;0;0;0;16484.12;11280.08;5204.04;32441.758
2026-08-07T05:40:35.627165+02:00;standby;21.0;29.2;5.0;29.0;52.0;57.0;0;0;0;0;16484.12;11280.08;5204.04;32441.758
2026-08-07T05:41:36.148232+02:00;standby;20.7;29.2;5.0;29.0;52.0;57.0;0;0;0;0;16484.12;11280.08;5204.04;32441.758
2026-08-07T05:42:36.647634+02:00;standby;20.7;29.2;5.0;29.0;51.9;57.0;0;0;0;0;16484.12;11280.08;5204.04;32441.758
2026-08-07T05:43:37.600981+02:00;standby;20.7;29.2;5.0;29.0;52.0;57.0;0;0;0;0;16484.12;11280.08;5204.04;32441.758
2026-08-07T05:44:38.371842+02:00;standby;20.7;29.2;5.0;29.0;51.9;57.0;0;0;0;0;16484.12;11280.08;5204.04;32441.758
2026-08-07T05:45:39.190397+02:00;standby;20.7;29.0;5.0;29.0;51.9;57.0;0;0;0;0;16484.12;11280.08;5204.04;32441.758
2026-08-07T05:46:39.755170+02:00;standby;20.7;29.2;5.0;29.0;51.9;57.0;0;0;0;0;16484.12;11280.08;5204.04;32441.758
2026-08-07T05:47:40.321517+02:00;standby;20.7;29.2;5.0;29.0;51.9;57.0;0;0;0;0;16484.12;11280.08;5204.04;32441.758
2026-08-07T05:48:40.912801+02:00;standby;20.7;29.2;5.0;29.0;51.9;57.0;0;0;0;0;16484.12;11280.08;5204.04;32441.758
2026-08-07T05:49:41.519745+02:00;standby;20.7;29.2;5.0;29.0;51.9;57.0;0;0;0;0;16484.12;11280.08;5204.04;32441.758
2026-08-07T05:50:42.050028+02:00;standby;20.7;29.0;5.0;29.0;51.9;57.0;0;0;0;0;16484.12;11280.08;5204.04;32441.758
2026-08-07T05:51:43.171159+02:00;standby;20.7;29.0;5.0;29.0;51.9;57.0;0;0;0;0;16484.12;11280.08;5204.04;32441.758
2026-08-07T05:52:44.057657+02:00;standby;20.7;29.0;5.0;29.0;51.9;57.0;0;0;0;0;16484.12;11280.08;5204.04;32441.758
2026-08-07T05:53:44.943603+02:00;standby;20.7;29.0;5.0;29.0;51.9;57.0;0;0;0;0;16484.12;11280.08;5204.04;32441.758
2026-08-07T05:54:45.612644+02:00;standby;20.7;29.0;5.0;29.0;51.9;57.0;0;0;0;0;16484.12;11280.08;5204.04;32441.758
2026-08-07T05:55:46.273761+02:00;standby;20.7;29.0;5.0;29.0;51.9;57.0;0;0;0;0;16484.12;11280.08;5204.04;32441.758
2026-08-07T05:56:46.930393+02:00;standby;20.7;29.0;5.0;29.0;51.8;57.0;0;0;0;0;16484.12;11280.08;5204.04;32441.758
2026-08-07T05:57:47.759094+02:00;standby;20.7;29.0;5.0;29.0;51.8;57.0;0;0;0;0;16484.12;11280.08;5204.04;32441.758
2026-08-07T05:58:49.006630+02:00;standby;20.7;29.0;5.0;29.0;51.8;57.0;0;0;0;0;16484.12;11280.08;5204.04;32441.758
2026-08-07T05:59:49.538602+02:00;standby;20.7;29.0;5.0;29.0;51.8;57.0;0;0;0;0;16484.12;11280.08;5204.04;32441.758
2026-08-07T06:00:50.508804+02:00;standby;20.7;29.0;5.0;29.0;51.8;57.0;0;0;0;0;16484.12;11280.08;5204.04;32441.758
2026-08-07T06:01:51.092744+02:00;standby;20.7;29.0;5.0;29.0;51.8;57.0;0;0;0;0;16484.12;11280.08;5204.04;32441.758
2026-08-07T06:02:52.263353+02:00;standby;20.7;29.0;5.0;29.0;51.8;57.0;0;0;0;0;16484.12;11280.08;5204.04;32441.758
2026-08-07T06:03:53.050049+02:00;standby;20.7;29.0;5.0;29.0;51.8;57.0;0;0;0;0;16484.12;11280.08;5204.04;32441.758
2026-08-07T06:04:53.606128+02:00;standby;20.7;29.0;5.0;29.0;51.8;57.0;0;0;0;0;16484.12;11280.08;5204.04;32441.758
2026-08-07T06:05:54.289491+02:00;standby;20.7;29.0;5.0;30.0;51.8;57.0;0;0;0;0;16484.12;11280.08;5204.04;32441.758
2026-08-07T06:06:54.746547+02:00;standby;20.7;29.0;5.0;30.0;51.8;57.0;0;0;0;0;16484.12;11280.08;5204.04;32441.758
2026-08-07T06:07:55.475381+02:00;standby;20.7;29.0;5.0;30.0;51.8;57.0;0;0;0;0;16484.12;11280.08;5204.04;32441.758
2026-08-07T06:08:56.186721+02:00;standby;20.7;29.0;5.0;30.0;51.8;57.0;0;0;0;0;16484.12;11280.08;5204.04;32441.758
2026-08-07T06:09:56.875062+02:00;standby;20.7;29.0;5.0;30.0;51.8;57.0;0;0;0;0;16484.12;11280.08;5204.04;32441.758
2026-08-07T06:10:57.441429+02:00;standby;20.7;29.0;5.0;30.0;51.7;57.0;0;0;0;0;16484.12;11280.08;5204.04;32441.758
2026-08-07T06:11:58.057199+02:00;standby;20.7;29.0;5.0;30.0;51.7;57.0;0;0;0;0;16484.12;11280.08;5204.04;32441.758
2026-08-07T06:12:58.623976+02:00;standby;20.7;29.0;5.0;30.0;51.7;57.0;0;0;0;0;16484.12;11280.08;5204.04;32441.758
2026-08-07T06:13:59.403348+02:00;standby;20.7;29.0;5.0;30.0;51.7;57.0;0;0;0;0;16484.12;11280.08;5204.04;32441.758
2026-08-07T06:14:59.878851+02:00;standby;20.7;29.0;5.0;30.0;51.7;57.0;0;0;0;0;16484.12;11280.08;5204.04;32441.758
2026-08-07T06:16:00.500309+02:00;standby;20.7;29.0;5.0;30.0;51.7;57.0;0;0;0;0;16484.12;11280.08;5204.04;32441.758
2026-08-07T06:17:01.328219+02:00;standby;20.7;29.0;5.0;30.0;51.7;57.0;0;0;0;0;16484.12;11280.08;5204.04;32441.758
2026-08-07T06:18:01.853109+02:00;standby;20.7;29.0;5.0;30.0;51.7;57.0;0;0;0;0;16484.12;11280.08;5204.04;32441.758
2026-08-07T06:19:02.729875+02:00;standby;20.7;29.0;5.0;30.0;51.7;57.0;0;0;0;0;16484.12;11280.08;5204.04;32441.758
2026-08-07T06:20:03.306301+02:00;standby;20.7;29.0;5.0;30.0;51.7;57.0;0;0;0;0;16484.12;11280.08;5204.04;32441.758
2026-08-07T06:21:04.064773+02:00;standby;20.7;29.0;5.0;30.0;51.7;57.0;0;0;0;0;16484.12;11280.08;5204.04;32441.758
2026-08-07T06:22:04.745515+02:00;standby;20.7;29.0;5.0;30.0;51.7;57.0;0;0;0;0;16484.12;11280.08;5204.04;32441.758
2026-08-07T06:23:05.462017+02:00;standby;20.7;29.0;5.0;30.0;51.7;57.0;0;0;0;0;16484.12;11280.08;5204.04;32441.758
2026-08-07T06:24:06.411132+02:00;standby;20.7;29.0;5.0;30.0;51.6;57.0;0;0;0;0;16484.12;11280.08;5204.04;32441.758
2026-08-07T06:25:07.119968+02:00;standby;20.7;29.0;5.0;30.0;51.6;57.0;0;0;0;0;16484.12;11280.08;5204.04;32441.758
2026-08-07T06:26:07.641087+02:00;standby;20.7;29.0;5.0;30.0;51.6;57.0;0;0;0;0;16484.12;11280.08;5204.04;32441.758
2026-08-07T06:27:08.204377+02:00;standby;20.7;29.0;5.0;30.0;51.6;57.0;0;0;0;0;16484.12;11280.08;5204.04;32441.758
2026-08-07T06:28:08.740845+02:00;standby;20.7;29.0;5.0;30.0;51.6;57.0;0;0;0;0;16484.12;11280.08;5204.04;32441.758
2026-08-07T06:29:09.295803+02:00;standby;20.7;29.0;5.0;30.0;51.6;57.0;0;0;0;0;16484.12;11280.08;5204.04;32441.758
2026-08-07T06:30:09.831354+02:00;standby;20.7;29.0;5.0;30.0;51.6;57.0;0;0;0;0;16484.12;11280.08;5204.04;32441.758
2026-08-07T06:31:10.352101+02:00;standby;20.7;29.0;5.0;30.0;51.6;57.0;0;0;0;0;16484.12;11280.08;5204.04;32441.758
2026-08-07T06:32:10.907244+02:00;standby;20.7;29.0;5.0;30.0;51.6;57.0;0;0;0;0;16484.12;11280.08;5204.04;32441.758
2026-08-07T06:33:11.514442+02:00;standby;20.7;29.0;5.0;30.0;51.6;57.0;0;0;0;0;16484.12;11280.08;5204.04;32441.758
2026-08-07T06:34:12.059495+02:00;standby;20.7;29.0;5.0;30.0;51.6;57.0;0;0;0;0;16484.12;11280.08;5204.04;32441.758
2026-08-07T06:35:13.026878+02:00;standby;20.7;29.0;5.0;30.0;51.6;57.0;0;0;0;0;16484.12;11280.08;5204.04;32441.758
2026-08-07T06:36:13.746980+02:00;standby;20.7;28.9;5.0;30.0;51.5;57.0;0;0;0;0;16484.12;11280.08;5204.04;32441.758
2026-08-07T06:37:14.264514+02:00;standby;20.7;29.0;5.0;30.0;51.5;57.0;0;0;0;0;16484.12;11280.08;5204.04;32441.758
2026-08-07T06:38:15.155224+02:00;standby;20.7;28.9;5.0;30.0;51.5;57.0;0;0;0;0;16484.12;11280.08;5204.04;32441.758
2026-08-07T06:39:15.716931+02:00;standby;20.7;28.9;5.0;30.0;51.5;57.0;0;0;0;0;16484.12;11280.08;5204.04;32441.758
2026-08-07T06:40:16.581402+02:00;standby;20.7;29.0;5.0;30.0;51.5;57.0;0;0;0;0;16484.12;11280.08;5204.04;32441.758
2026-08-07T06:41:17.547796+02:00;standby;20.7;29.0;5.0;30.0;51.5;57.0;0;0;0;0;16484.12;11280.08;5204.04;32441.758
2026-08-07T06:42:18.775951+02:00;standby;20.4;28.9;5.0;30.0;51.5;57.0;0;0;0;0;16484.12;11280.08;5204.04;32441.758
2026-08-07T06:43:19.330021+02:00;standby;20.4;28.9;5.0;30.0;51.5;57.0;0;0;0;0;16484.12;11280.08;5204.04;32441.758
2026-08-07T06:44:19.792776+02:00;standby;20.4;28.9;5.0;30.0;51.5;57.0;0;0;0;0;16484.12;11280.08;5204.04;32441.758
2026-08-07T06:45:20.277235+02:00;standby;20.4;28.9;5.0;30.0;51.5;57.0;0;0;0;0;16484.12;11280.08;5204.04;32441.758
2026-08-07T06:46:21.060059+02:00;standby;20.4;28.9;5.0;30.0;51.5;57.0;0;0;0;0;16484.12;11280.08;5204.04;32441.758
2026-08-07T06:47:21.760809+02:00;standby;20.4;28.9;5.0;30.0;51.5;57.0;0;0;0;0;16484.12;11280.08;5204.04;32441.758
2026-08-07T06:48:23.053955+02:00;standby;20.4;28.9;5.0;30.0;51.5;57.0;0;0;0;0;16484.12;11280.08;5204.04;32441.758
2026-08-07T06:49:23.730046+02:00;standby;20.4;28.9;5.0;30.0;51.5;57.0;0;0;0;0;16484.12;11280.08;5204.04;32441.758
2026-08-07T06:50:24.549706+02:00;standby;20.4;28.9;5.0;30.0;51.5;57.0;0;0;0;0;16484.12;11280.08;5204.04;32441.758
2026-08-07T06:51:25.034548+02:00;standby;20.4;28.9;5.0;30.0;51.4;57.0;0;0;0;0;16484.12;11280.08;5204.04;32441.758
2026-08-07T06:52:25.955509+02:00;standby;20.4;28.9;5.0;30.0;51.4;57.0;0;0;0;0;16484.12;11280.08;5204.04;32441.758
2026-08-07T06:53:27.299978+02:00;standby;20.4;28.9;5.0;30.0;51.4;57.0;0;0;0;0;16484.12;11280.08;5204.04;32441.758
2026-08-07T06:54:27.920061+02:00;standby;20.4;28.9;5.0;30.0;51.4;57.0;0;0;0;0;16484.12;11280.08;5204.04;32441.758
2026-08-07T06:55:28.480162+02:00;standby;20.4;28.9;5.0;30.0;51.4;57.0;0;0;0;0;16484.12;11280.08;5204.04;32441.758
2026-08-07T06:56:29.206644+02:00;standby;20.4;28.9;5.0;30.0;51.4;57.0;0;0;0;0;16484.12;11280.08;5204.04;32441.758
2026-08-07T06:57:29.765600+02:00;standby;20.4;28.9;5.0;30.0;51.4;57.0;0;0;0;0;16484.12;11280.08;5204.04;32441.758
2026-08-07T06:58:30.346317+02:00;standby;20.4;28.9;5.0;30.0;51.4;57.0;0;0;0;0;16484.12;11280.08;5204.04;32441.758
2026-08-07T06:59:30.874134+02:00;standby;20.4;28.9;5.0;30.0;51.4;57.0;0;0;0;0;16484.12;11280.08;5204.04;32441.758
2026-08-07T07:00:32.534987+02:00;standby;20.4;28.9;5.0;30.0;51.4;57.0;0;0;0;0;16484.12;11280.08;5204.04;32441.758
2026-08-07T07:01:33.039571+02:00;standby;20.4;28.9;5.0;30.0;51.4;57.0;0;0;0;0;16484.12;11280.08;5204.04;32441.758
2026-08-07T07:02:33.538495+02:00;standby;20.4;28.9;5.0;30.0;51.4;57.0;0;0;0;0;16484.12;11280.08;5204.04;32441.758
2026-08-07T07:03:34.100435+02:00;standby;20.4;28.9;5.0;30.0;51.4;57.0;0;0;0;0;16484.12;11280.08;5204.04;32441.758
2026-08-07T07:04:34.579636+02:00;standby;20.4;28.9;5.0;30.0;51.3;57.0;0;0;0;0;16484.12;11280.08;5204.04;32441.758
2026-08-07T07:05:35.115957+02:00;standby;20.4;28.9;5.0;30.0;51.3;57.0;0;0;0;0;16484.12;11280.08;5204.04;32441.758
2026-08-07T07:06:35.677782+02:00;standby;20.4;28.9;5.0;30.0;51.3;57.0;0;0;0;0;16484.12;11280.08;5204.04;32441.758
2026-08-07T07:07:37.476628+02:00;standby;20.4;28.9;5.0;30.0;51.3;57.0;0;0;0;0;16484.12;11280.08;5204.04;32441.758
2026-08-07T07:08:37.943292+02:00;standby;20.4;28.9;5.0;30.0;51.3;57.0;0;0;0;0;16484.12;11280.08;5204.04;32441.758
2026-08-07T07:09:38.668036+02:00;standby;20.4;28.9;5.0;30.0;51.3;57.0;0;0;0;0;16484.12;11280.08;5204.04;32441.758
2026-08-07T07:10:39.240622+02:00;standby;20.4;28.9;5.0;30.0;51.3;57.0;0;0;0;0;16484.12;11280.08;5204.04;32441.758
2026-08-07T07:11:40.094890+02:00;standby;20.4;28.9;5.0;30.0;51.3;57.0;0;0;0;0;16484.12;11280.08;5204.04;32441.758
2026-08-07T07:12:40.584518+02:00;standby;20.4;28.9;5.0;30.0;51.3;57.0;0;0;0;0;16484.12;11280.08;5204.04;32441.758
2026-08-07T07:13:41.829094+02:00;standby;20.4;28.9;5.0;30.0;51.3;57.0;0;0;0;0;16484.12;11280.08;5204.04;32441.758
2026-08-07T07:14:42.551922+02:00;standby;20.4;28.9;5.0;30.0;51.3;57.0;0;0;0;0;16484.12;11280.08;5204.04;32441.758
2026-08-07T07:15:43.312891+02:00;standby;20.4;28.9;5.0;30.0;51.3;57.0;0;0;0;0;16484.12;11280.08;5204.04;32441.758
2026-08-07T07:16:44.224829+02:00;standby;20.4;28.9;5.0;30.0;51.3;57.0;0;0;0;0;16484.12;11280.08;5204.04;32441.758
2026-08-07T07:17:45.281963+02:00;standby;20.4;28.9;5.0;30.0;51.3;57.0;0;0;0;0;16484.12;11280.08;5204.04;32441.758
2026-08-07T07:18:46.167042+02:00;standby;20.4;28.9;5.0;30.0;51.2;57.0;0;0;0;0;16484.12;11280.08;5204.04;32441.758
2026-08-07T07:19:46.779778+02:00;standby;20.4;28.9;5.0;30.0;51.2;57.0;0;0;0;0;16484.12;11280.08;5204.04;32441.758
2026-08-07T07:20:47.307124+02:00;standby;20.4;28.9;5.0;30.0;51.2;57.0;0;0;0;0;16484.12;11280.08;5204.04;32441.758
2026-08-07T07:21:47.937172+02:00;standby;20.4;28.9;5.0;30.0;51.2;57.0;0;0;0;0;16484.12;11280.08;5204.04;32441.758
2026-08-07T07:22:48.611658+02:00;standby;20.4;28.9;5.0;30.0;51.2;57.0;0;0;0;0;16484.12;11280.08;5204.04;32441.758
2026-08-07T07:23:49.224845+02:00;standby;20.4;28.9;5.0;30.0;51.2;57.0;0;0;0;0;16484.12;11280.08;5204.04;32441.758
2026-08-07T07:24:50.253836+02:00;standby;20.4;28.9;5.0;30.0;51.2;57.0;0;0;0;0;16484.12;11280.08;5204.04;32441.758
2026-08-07T07:25:50.872215+02:00;standby;20.4;28.9;5.0;29.0;51.2;57.0;0;0;0;0;16484.12;11280.08;5204.04;32441.758
2026-08-07T07:26:51.379575+02:00;standby;20.4;28.9;5.0;29.0;51.2;57.0;0;0;0;0;16484.12;11280.08;5204.04;32441.758
2026-08-07T07:27:55.144840+02:00;standby;20.4;28.7;5.0;29.0;51.2;57.0;0;0;0;0;16484.12;11280.08;5204.04;32441.758
2026-08-07T07:28:55.717256+02:00;standby;20.4;28.7;5.0;29.0;51.2;57.0;0;0;0;0;16484.12;11280.08;5204.04;32441.758
2026-08-07T07:29:56.905073+02:00;standby;20.4;28.9;5.0;29.0;51.2;57.0;0;0;0;0;16484.12;11280.08;5204.04;32441.758
2026-08-07T07:30:57.674903+02:00;standby;20.4;28.7;5.0;29.0;51.1;57.0;0;0;0;0;16484.12;11280.08;5204.04;32441.758
2026-08-07T07:31:58.200168+02:00;standby;20.4;28.9;5.0;29.0;51.2;57.0;0;0;0;0;16484.12;11280.08;5204.04;32441.758
2026-08-07T07:32:58.890063+02:00;standby;20.4;28.9;5.0;29.0;51.1;57.0;0;0;0;0;16484.12;11280.08;5204.04;32441.758
2026-08-07T07:33:59.432038+02:00;standby;20.4;28.7;5.0;29.0;51.1;57.0;0;0;0;0;16484.12;11280.08;5204.04;32441.758
2026-08-07T07:35:00.036411+02:00;standby;20.4;28.7;5.0;29.0;51.1;57.0;0;0;0;0;16484.12;11280.08;5204.04;32441.758
2026-08-07T07:36:00.627617+02:00;standby;20.4;28.7;5.0;29.0;51.1;57.0;0;0;0;0;16484.12;11280.08;5204.04;32441.758
2026-08-07T07:37:01.624131+02:00;standby;20.4;28.7;5.0;29.0;51.1;57.0;0;0;0;0;16484.12;11280.08;5204.04;32441.758
2026-08-07T07:38:02.170416+02:00;standby;20.4;28.7;5.0;29.0;51.1;57.0;0;0;0;0;16484.12;11280.08;5204.04;32441.758
2026-08-07T07:39:02.729632+02:00;standby;20.4;28.7;5.0;29.0;51.1;57.0;0;0;0;0;16484.12;11280.08;5204.04;32441.758
2026-08-07T07:40:03.329427+02:00;standby;20.4;28.7;5.0;29.0;51.1;57.0;0;0;0;0;16484.12;11280.08;5204.04;32441.758
2026-08-07T07:41:03.793542+02:00;standby;20.4;28.7;5.0;29.0;51.1;57.0;0;0;0;0;16484.12;11280.08;5204.04;32441.758
2026-08-07T07:42:04.249528+02:00;standby;20.4;28.7;5.0;29.0;51.1;57.0;0;0;0;0;16484.12;11280.08;5204.04;32441.758
2026-08-07T07:43:04.726749+02:00;standby;21.0;28.7;5.0;29.0;51.1;57.0;0;0;0;0;16484.12;11280.08;5204.04;32441.758
2026-08-07T07:44:05.280875+02:00;standby;21.0;28.7;5.0;29.0;51.1;57.0;0;0;0;0;16484.12;11280.08;5204.04;32441.758
2026-08-07T07:45:05.810927+02:00;standby;21.0;28.7;5.0;29.0;51.1;57.0;0;0;0;0;16484.12;11280.08;5204.04;32441.758
2026-08-07T07:46:06.564013+02:00;standby;21.0;28.7;5.0;29.0;51.1;57.0;0;0;0;0;16484.12;11280.08;5204.04;32441.758
2026-08-07T07:47:07.116051+02:00;standby;21.0;28.7;5.0;29.0;50.9;57.0;0;0;0;0;16484.12;11280.08;5204.04;32441.758
2026-08-07T07:48:07.673431+02:00;standby;21.0;28.7;5.0;29.0;50.9;57.0;0;0;0;0;16484.12;11280.08;5204.04;32441.758
2026-08-07T07:49:08.349294+02:00;standby;21.0;28.7;5.0;29.0;50.9;57.0;0;0;0;0;16484.12;11280.08;5204.04;32441.758
2026-08-07T07:50:09.129883+02:00;standby;21.0;28.7;5.0;29.0;50.9;57.0;0;0;0;0;16484.12;11280.08;5204.04;32441.758
2026-08-07T07:51:09.780659+02:00;standby;21.0;28.7;5.0;29.0;50.9;57.0;0;0;0;0;16484.12;11280.08;5204.04;32441.758
2026-08-07T07:52:10.255480+02:00;standby;21.0;28.7;5.0;29.0;50.9;57.0;0;0;0;0;16484.12;11280.08;5204.04;32441.758
2026-08-07T07:53:10.777207+02:00;standby;21.0;28.7;5.0;29.0;50.9;57.0;0;0;0;0;16484.12;11280.08;5204.04;32441.758
2026-08-07T07:54:11.297472+02:00;standby;21.0;28.7;5.0;29.0;50.9;57.0;0;0;0;0;16484.12;11280.08;5204.04;32441.758
2026-08-07T07:55:12.146099+02:00;standby;21.0;28.7;5.0;29.0;50.9;57.0;0;0;0;0;16484.12;11280.08;5204.04;32441.758
2026-08-07T07:56:12.880035+02:00;standby;21.0;28.7;5.0;29.0;50.9;57.0;0;0;0;0;16484.12;11280.08;5204.04;32441.758
2026-08-07T07:57:13.572015+02:00;standby;21.0;28.7;5.0;29.0;50.9;57.0;0;0;0;0;16484.12;11280.08;5204.04;32441.758
2026-08-07T07:58:14.401768+02:00;standby;21.0;28.7;5.0;29.0;50.9;57.0;0;0;0;0;16484.12;11280.08;5204.04;32441.758
2026-08-07T07:59:14.913203+02:00;standby;21.0;28.7;5.0;29.0;50.8;57.0;0;0;0;0;16484.12;11280.08;5204.04;32441.758
2026-08-07T08:00:15.544256+02:00;standby;21.0;28.7;5.0;29.0;50.9;57.0;0;0;0;0;16484.12;11280.08;5204.04;32441.758
2026-08-07T08:01:16.191972+02:00;standby;21.0;28.7;5.0;29.0;50.8;57.0;0;0;0;0;16484.12;11280.08;5204.04;32441.758
2026-08-07T08:02:17.209914+02:00;standby;21.0;28.7;5.0;29.0;50.8;57.0;0;0;0;0;16484.12;11280.08;5204.04;32441.758
2026-08-07T08:03:18.018320+02:00;standby;21.0;28.7;5.0;29.0;50.8;57.0;0;0;0;0;16484.12;11280.08;5204.04;32441.758
2026-08-07T08:04:18.653855+02:00;standby;21.0;28.7;5.0;28.0;50.8;57.0;0;0;0;0;16484.12;11280.08;5204.04;32441.758
2026-08-07T08:05:19.260479+02:00;standby;21.0;28.7;5.0;28.0;50.8;57.0;0;0;0;0;16484.12;11280.08;5204.04;32441.758
2026-08-07T08:06:19.880994+02:00;standby;21.0;28.7;5.0;28.0;50.8;57.0;0;0;0;0;16484.12;11280.08;5204.04;32441.758
2026-08-07T08:07:20.470078+02:00;standby;21.0;28.7;5.0;28.0;50.8;57.0;0;0;0;0;16484.12;11280.08;5204.04;32441.758
2026-08-07T08:08:20.983766+02:00;standby;21.0;28.7;5.0;28.0;50.8;57.0;0;0;0;0;16484.12;11280.08;5204.04;32441.758
2026-08-07T08:09:22.185532+02:00;standby;21.0;28.7;5.0;28.0;50.8;57.0;0;0;0;0;16484.12;11280.08;5204.04;32441.758
2026-08-07T08:10:22.895620+02:00;standby;21.0;28.7;5.0;28.0;50.8;57.0;0;0;0;0;16484.12;11280.08;5204.04;32441.758
2026-08-07T08:11:23.402819+02:00;standby;21.0;28.7;5.0;28.0;50.8;57.0;0;0;0;0;16484.12;11280.08;5204.04;32441.758
2026-08-07T08:12:24.150321+02:00;standby;21.0;28.7;5.0;28.0;50.8;57.0;0;0;0;0;16484.12;11280.08;5204.04;32441.758
2026-08-07T08:13:24.641828+02:00;standby;21.0;28.7;5.0;28.0;50.8;57.0;0;0;0;0;16484.12;11280.08;5204.04;32441.758
2026-08-07T08:14:25.161264+02:00;standby;21.0;28.7;5.0;28.0;50.7;57.0;0;0;0;0;16484.12;11280.08;5204.04;32441.758
2026-08-07T08:15:25.685470+02:00;standby;21.0;28.7;5.0;28.0;50.7;57.0;0;0;0;0;16484.12;11280.08;5204.04;32441.758
2026-08-07T08:16:30.464275+02:00;standby;21.0;28.7;5.0;28.0;50.7;57.0;0;0;0;0;16484.12;11280.08;5204.04;32441.758
2026-08-07T08:17:31.153304+02:00;standby;21.0;28.7;5.0;28.0;50.7;57.0;0;0;0;0;16484.12;11280.08;5204.04;32441.758
2026-08-07T08:18:32.103098+02:00;standby;21.0;28.7;5.0;28.0;50.7;57.0;0;0;0;0;16484.12;11280.08;5204.04;32441.758
2026-08-07T08:19:32.593976+02:00;standby;21.0;28.7;5.0;28.0;50.7;57.0;0;0;0;0;16484.12;11280.08;5204.04;32441.758
2026-08-07T08:20:33.448308+02:00;standby;21.0;28.7;5.0;28.0;50.7;57.0;0;0;0;0;16484.12;11280.08;5204.04;32441.758
2026-08-07T08:21:34.013591+02:00;standby;21.0;28.7;5.0;28.0;50.7;57.0;0;0;0;0;16484.12;11280.08;5204.04;32441.758
2026-08-07T08:22:34.964863+02:00;standby;21.0;28.7;5.0;28.0;50.7;57.0;0;0;0;0;16484.12;11280.08;5204.04;32441.758
2026-08-07T08:23:35.878186+02:00;standby;21.0;28.7;5.0;28.0;50.7;57.0;0;0;0;0;16484.12;11280.08;5204.04;32441.758
2026-08-07T08:24:36.438831+02:00;standby;21.0;28.7;5.0;28.0;50.7;57.0;0;0;0;0;16484.12;11280.08;5204.04;32441.758
2026-08-07T08:25:37.323202+02:00;standby;21.0;28.7;5.0;28.0;50.7;57.0;0;0;0;0;16484.12;11280.08;5204.04;32441.758
2026-08-07T08:26:38.091949+02:00;standby;21.0;28.7;5.0;28.0;50.6;57.0;0;0;0;0;16484.12;11280.08;5204.04;32441.758
2026-08-07T08:27:38.771786+02:00;standby;21.0;28.7;5.0;28.0;50.6;57.0;0;0;0;0;16484.12;11280.08;5204.04;32441.758
2026-08-07T08:28:39.509566+02:00;standby;21.0;28.7;5.0;28.0;50.6;57.0;0;0;0;0;16484.12;11280.08;5204.04;32441.758
2026-08-07T08:29:40.022120+02:00;standby;21.0;28.7;5.0;28.0;50.6;57.0;0;0;0;0;16484.12;11280.08;5204.04;32441.758
2026-08-07T08:30:40.646994+02:00;standby;21.0;28.7;5.0;28.0;50.6;57.0;0;0;0;0;16484.12;11280.08;5204.04;32441.758
2026-08-07T08:31:41.874241+02:00;standby;21.0;28.7;5.0;28.0;50.6;57.0;0;0;0;0;16484.12;11280.08;5204.04;32441.758
2026-08-07T08:32:42.603841+02:00;standby;21.0;28.7;5.0;28.0;50.6;57.0;0;0;0;0;16484.12;11280.08;5204.04;32441.758
2026-08-07T08:33:43.116488+02:00;standby;21.0;28.7;5.0;28.0;50.6;57.0;0;0;0;0;16484.12;11280.08;5204.04;32441.758
2026-08-07T08:34:44.199331+02:00;standby;21.0;28.7;5.0;28.0;50.6;57.0;0;0;0;0;16484.12;11280.08;5204.04;32441.758
2026-08-07T08:35:44.673845+02:00;standby;21.0;28.7;5.0;28.0;50.6;57.0;0;0;0;0;16484.12;11280.08;5204.04;32441.758
2026-08-07T08:36:45.443484+02:00;standby;21.0;28.7;5.0;28.0;50.6;57.0;0;0;0;0;16484.12;11280.08;5204.04;32441.758
2026-08-07T08:37:46.018739+02:00;standby;21.0;28.7;5.0;28.0;50.6;57.0;0;0;0;0;16484.12;11280.08;5204.04;32441.758
2026-08-07T08:38:46.845811+02:00;standby;21.0;28.7;5.0;28.0;50.6;57.0;0;0;0;0;16484.12;11280.08;5204.04;32441.758
2026-08-07T08:39:47.566497+02:00;standby;21.0;28.7;5.0;28.0;50.5;57.0;0;0;0;0;16484.12;11280.08;5204.04;32441.758
2026-08-07T08:40:48.301625+02:00;standby;21.0;28.7;5.0;28.0;50.5;57.0;0;0;0;0;16484.12;11280.08;5204.04;32441.758
2026-08-07T08:41:48.964272+02:00;standby;21.0;28.7;5.0;28.0;50.5;57.0;0;0;0;0;16484.12;11280.08;5204.04;32441.758
2026-08-07T08:42:49.766216+02:00;standby;21.0;28.6;5.0;28.0;50.5;57.0;0;0;0;0;16484.12;11280.08;5204.04;32441.758
2026-08-07T08:43:51.008598+02:00;standby;22.2;28.7;5.0;28.0;50.5;57.0;0;0;0;0;16484.12;11280.08;5204.04;32441.758
2026-08-07T08:44:52.054193+02:00;standby;22.2;28.6;5.0;28.0;50.5;57.0;0;0;0;0;16484.12;11280.08;5204.04;32441.758
2026-08-07T08:45:52.840009+02:00;standby;22.2;28.6;5.0;28.0;50.5;57.0;0;0;0;0;16484.12;11280.08;5204.04;32441.758
2026-08-07T08:46:53.344229+02:00;standby;22.2;28.6;5.0;28.0;50.5;57.0;0;0;0;0;16484.12;11280.08;5204.04;32441.758
2026-08-07T08:47:53.977250+02:00;standby;22.2;28.6;5.0;28.0;50.4;57.0;0;0;0;0;16484.12;11280.08;5204.04;32441.758
2026-08-07T08:48:54.693813+02:00;standby;22.2;28.6;5.0;28.0;50.4;57.0;0;0;0;0;16484.12;11280.08;5204.04;32441.758
2026-08-07T08:49:55.628564+02:00;standby;22.2;28.6;5.0;28.0;50.4;57.0;0;0;0;0;16484.12;11280.08;5204.04;32441.758
2026-08-07T08:50:56.817011+02:00;standby;22.2;28.7;5.0;28.0;50.4;57.0;0;0;0;0;16484.12;11280.08;5204.04;32441.758
2026-08-07T08:51:57.499830+02:00;standby;22.2;28.6;5.0;28.0;50.4;57.0;0;0;0;0;16484.12;11280.08;5204.04;32441.758
2026-08-07T08:52:58.111356+02:00;standby;22.2;28.6;5.0;28.0;50.4;57.0;0;0;0;0;16484.12;11280.08;5204.04;32441.758
2026-08-07T08:53:58.655208+02:00;standby;22.2;28.7;5.0;28.0;50.3;57.0;0;0;0;0;16484.12;11280.08;5204.04;32441.758
2026-08-07T08:54:59.182992+02:00;standby;22.2;28.6;5.0;28.0;50.3;57.0;0;0;0;0;16484.12;11280.08;5204.04;32441.758
2026-08-07T08:55:59.678734+02:00;standby;22.2;28.6;5.0;28.0;50.3;57.0;0;0;0;0;16484.12;11280.08;5204.04;32441.758
2026-08-07T08:57:00.384313+02:00;standby;22.2;28.6;5.0;28.0;50.3;57.0;0;0;0;0;16484.12;11280.08;5204.04;32441.758
2026-08-07T08:58:00.904283+02:00;standby;22.2;28.6;5.0;28.0;50.3;57.0;0;0;0;0;16484.12;11280.08;5204.04;32441.758
2026-08-07T08:59:01.739031+02:00;standby;22.2;28.6;5.0;28.0;50.3;57.0;0;0;0;0;16484.12;11280.08;5204.04;32441.758
2026-08-07T09:00:04.133782+02:00;standby;22.2;28.6;5.0;28.0;50.3;57.0;0;0;0;0;16484.12;11280.08;5204.04;32441.758
2026-08-07T09:01:04.741376+02:00;standby;22.2;28.6;5.0;28.0;50.3;57.0;0;0;0;0;16484.12;11280.08;5204.04;32441.758
2026-08-07T09:02:05.382040+02:00;standby;22.2;28.6;5.0;28.0;50.3;57.0;0;0;0;0;16484.12;11280.08;5204.04;32441.758
2026-08-07T09:03:05.855355+02:00;standby;22.2;28.6;5.0;28.0;50.3;57.0;0;0;0;0;16484.12;11280.08;5204.04;32441.758
2026-08-07T09:04:06.790384+02:00;standby;22.2;28.6;5.0;28.0;50.2;57.0;0;0;0;0;16484.12;11280.08;5204.04;32441.758
2026-08-07T09:05:07.350844+02:00;standby;22.2;28.6;5.0;28.0;50.2;57.0;0;0;0;0;16484.12;11280.08;5204.04;32441.758
2026-08-07T09:06:07.875187+02:00;standby;22.2;28.6;5.0;28.0;50.2;57.0;0;0;0;0;16484.12;11280.08;5204.04;32441.758
2026-08-07T09:07:08.448353+02:00;standby;22.2;28.6;5.0;28.0;50.2;57.0;0;0;0;0;16484.12;11280.08;5204.04;32441.758
2026-08-07T09:08:09.077834+02:00;standby;22.2;28.6;5.0;28.0;50.2;57.0;0;0;0;0;16484.12;11280.08;5204.04;32441.758
2026-08-07T09:09:09.804016+02:00;standby;22.2;28.6;5.0;28.0;50.2;57.0;0;0;0;0;16484.12;11280.08;5204.04;32441.758
2026-08-07T09:10:11.887216+02:00;standby;22.2;28.6;5.0;28.0;50.2;57.0;0;0;0;0;16484.12;11280.08;5204.04;32441.758
2026-08-07T09:11:12.425955+02:00;standby;22.2;28.6;5.0;28.0;50.2;57.0;0;0;0;0;16484.12;11280.08;5204.04;32441.758
2026-08-07T09:12:12.908355+02:00;standby;22.2;28.6;5.0;28.0;50.2;57.0;0;0;0;0;16484.12;11280.08;5204.04;32441.758
2026-08-07T09:13:13.651316+02:00;standby;22.2;28.6;5.0;28.0;50.2;57.0;0;0;0;0;16484.12;11280.08;5204.04;32441.758
2026-08-07T09:14:15.411426+02:00;standby;22.2;28.6;5.0;28.0;50.2;57.0;0;0;0;0;16484.12;11280.08;5204.04;32441.758
2026-08-07T09:15:15.970479+02:00;standby;22.2;28.6;5.0;28.0;50.2;57.0;0;0;0;0;16484.12;11280.08;5204.04;32441.758
2026-08-07T09:16:16.905055+02:00;standby;22.2;28.6;5.0;28.0;50.2;57.0;0;0;0;0;16484.12;11280.08;5204.04;32441.758
2026-08-07T09:17:18.201813+02:00;standby;22.2;28.6;5.0;28.0;50.2;57.0;0;0;0;0;16484.12;11280.08;5204.04;32441.758
2026-08-07T09:18:18.764090+02:00;standby;22.2;28.6;5.0;28.0;50.1;57.0;0;0;0;0;16484.12;11280.08;5204.04;32441.758
2026-08-07T09:19:19.583306+02:00;standby;22.2;28.6;5.0;28.0;50.1;57.0;0;0;0;0;16484.12;11280.08;5204.04;32441.758
2026-08-07T09:20:20.337744+02:00;standby;22.2;28.6;5.0;28.0;50.1;57.0;0;0;0;0;16484.12;11280.08;5204.04;32441.758
2026-08-07T09:21:21.706918+02:00;standby;22.2;28.6;5.0;28.0;50.1;57.0;0;0;0;0;16484.12;11280.08;5204.04;32441.758
2026-08-07T09:22:22.394899+02:00;standby;22.2;28.6;5.0;28.0;50.1;57.0;0;0;0;0;16484.12;11280.08;5204.04;32441.758
2026-08-07T09:23:22.949918+02:00;standby;22.2;28.6;5.0;28.0;50.1;57.0;0;0;0;0;16484.12;11280.08;5204.04;32441.758
2026-08-07T09:24:23.615979+02:00;standby;22.2;28.6;5.0;28.0;49.9;57.0;0;0;0;0;16484.12;11280.08;5204.04;32441.758
2026-08-07T09:25:24.556121+02:00;standby;22.2;28.6;5.0;28.0;49.9;57.0;0;0;0;0;16484.12;11280.08;5204.04;32441.758
2026-08-07T09:26:25.078573+02:00;standby;22.2;28.6;5.0;28.0;49.8;57.0;0;0;0;0;16484.12;11280.08;5204.04;32441.758
2026-08-07T09:27:25.708131+02:00;standby;22.2;28.6;5.0;28.0;49.8;57.0;0;0;0;0;16484.12;11280.08;5204.04;32441.758
2026-08-07T09:28:26.221647+02:00;standby;22.2;28.6;5.0;28.0;49.8;57.0;0;0;0;0;16484.12;11280.08;5204.04;32441.758
2026-08-07T09:29:26.954862+02:00;standby;22.2;28.6;5.0;28.0;49.8;57.0;0;0;0;0;16484.12;11280.08;5204.04;32441.758
2026-08-07T09:30:27.710501+02:00;standby;22.2;28.6;5.0;28.0;49.8;57.0;0;0;0;0;16484.12;11280.08;5204.04;32441.758
2026-08-07T09:31:28.746512+02:00;standby;22.2;28.6;5.0;28.0;49.8;57.0;0;0;0;0;16484.12;11280.08;5204.04;32441.758
2026-08-07T09:32:29.240509+02:00;standby;22.2;28.6;5.0;28.0;49.8;57.0;0;0;0;0;16484.12;11280.08;5204.04;32441.758
2026-08-07T09:33:29.731618+02:00;standby;22.2;28.6;5.0;28.0;49.8;57.0;0;0;0;0;16484.12;11280.08;5204.04;32441.758
2026-08-07T09:34:30.262347+02:00;standby;22.2;28.6;5.0;28.0;49.8;57.0;0;0;0;0;16484.12;11280.08;5204.04;32441.758
2026-08-07T09:35:30.798344+02:00;standby;22.2;28.6;5.0;28.0;49.7;57.0;0;0;0;0;16484.12;11280.08;5204.04;32441.758
2026-08-07T09:36:31.905803+02:00;standby;22.2;28.6;5.0;28.0;49.7;57.0;0;0;0;0;16484.12;11280.08;5204.04;32441.758
2026-08-07T09:37:32.522855+02:00;standby;22.2;28.6;5.0;28.0;49.7;57.0;0;0;0;0;16484.12;11280.08;5204.04;32441.758
2026-08-07T09:38:33.039626+02:00;standby;22.2;28.6;5.0;28.0;49.7;57.0;0;0;0;0;16484.12;11280.08;5204.04;32441.758
2026-08-07T09:39:33.567896+02:00;standby;22.2;28.6;5.0;28.0;49.7;57.0;0;0;0;0;16484.12;11280.08;5204.04;32441.758
2026-08-07T09:40:34.079425+02:00;standby;22.2;28.6;5.0;28.0;49.6;57.0;0;0;0;0;16484.12;11280.08;5204.04;32441.758
2026-08-07T09:41:34.540016+02:00;standby;22.2;28.6;5.0;28.0;49.6;57.0;0;0;0;0;16484.12;11280.08;5204.04;32441.758
2026-08-07T09:42:35.018284+02:00;standby;22.2;28.6;5.0;28.0;49.6;57.0;0;0;0;0;16484.12;11280.08;5204.04;32441.758
2026-08-07T09:43:35.548597+02:00;standby;22.2;28.6;5.0;28.0;49.6;57.0;0;0;0;0;16484.12;11280.08;5204.04;32441.758
2026-08-07T09:44:37.314561+02:00;standby;23.6;28.6;5.0;28.0;49.6;57.0;0;0;0;0;16484.12;11280.08;5204.04;32441.758
2026-08-07T09:45:37.808401+02:00;standby;23.6;28.6;5.0;28.0;49.6;57.0;0;0;0;0;16484.12;11280.08;5204.04;32441.758
2026-08-07T09:46:38.443774+02:00;standby;23.6;28.6;5.0;28.0;49.5;57.0;0;0;0;0;16484.12;11280.08;5204.04;32441.758
2026-08-07T09:47:38.946411+02:00;standby;23.6;28.6;5.0;28.0;49.4;57.0;0;0;0;0;16484.12;11280.08;5204.04;32441.758
2026-08-07T09:48:39.478231+02:00;standby;23.6;28.6;5.0;28.0;49.3;57.0;0;0;0;0;16484.12;11280.08;5204.04;32441.758
2026-08-07T09:49:39.999928+02:00;standby;23.6;28.6;5.0;28.0;49.3;57.0;0;0;0;0;16484.12;11280.08;5204.04;32441.758
2026-08-07T09:50:40.615255+02:00;standby;23.6;28.6;5.0;28.0;49.3;57.0;0;0;0;0;16484.12;11280.08;5204.04;32441.758
2026-08-07T09:51:41.122074+02:00;standby;23.6;28.6;5.0;28.0;49.3;57.0;0;0;0;0;16484.12;11280.08;5204.04;32441.758
2026-08-07T09:52:41.670888+02:00;standby;23.6;28.6;5.0;28.0;49.3;57.0;0;0;0;0;16484.12;11280.08;5204.04;32441.758
2026-08-07T09:53:42.113931+02:00;standby;23.6;28.6;5.0;28.0;49.3;57.0;0;0;0;0;16484.12;11280.08;5204.04;32441.758
2026-08-07T09:54:42.583300+02:00;standby;23.6;28.6;5.0;28.0;49.3;57.0;0;0;0;0;16484.12;11280.08;5204.04;32441.758
2026-08-07T09:55:43.096311+02:00;standby;23.6;28.6;5.0;28.0;49.3;57.0;0;0;0;0;16484.12;11280.08;5204.04;32441.758
2026-08-07T09:56:43.622468+02:00;standby;23.6;28.6;5.0;28.0;49.2;57.0;0;0;0;0;16484.12;11280.08;5204.04;32441.758
2026-08-07T09:57:44.095596+02:00;standby;23.6;28.6;5.0;28.0;49.2;57.0;0;0;0;0;16484.12;11280.08;5204.04;32441.758
2026-08-07T09:58:44.551734+02:00;standby;23.6;28.6;5.0;28.0;49.2;57.0;0;0;0;0;16484.12;11280.08;5204.04;32441.758
2026-08-07T09:59:45.104288+02:00;standby;23.6;28.6;5.0;28.0;49.2;57.0;0;0;0;0;16484.12;11280.08;5204.04;32441.758
2026-08-07T10:00:45.891774+02:00;standby;23.6;28.6;5.0;28.0;49.2;57.0;0;0;0;0;16484.12;11280.08;5204.04;32441.758
2026-08-07T10:01:46.369954+02:00;standby;23.6;28.6;5.0;28.0;49.2;57.0;0;0;0;0;16484.12;11280.08;5204.04;32441.758
2026-08-07T10:02:47.140539+02:00;standby;23.6;28.6;5.0;28.0;49.2;57.0;0;0;0;0;16484.12;11280.08;5204.04;32441.758
2026-08-07T10:03:47.664550+02:00;standby;23.6;28.6;5.0;28.0;49.2;57.0;0;0;0;0;16484.12;11280.08;5204.04;32441.758
2026-08-07T10:04:48.184743+02:00;standby;23.6;28.6;5.0;28.0;49.2;57.0;0;0;0;0;16484.12;11280.08;5204.04;32441.758
2026-08-07T10:05:48.798906+02:00;standby;23.6;28.6;5.0;28.0;49.2;57.0;0;0;0;0;16484.12;11280.08;5204.04;32441.758
2026-08-07T10:06:49.224765+02:00;standby;23.6;28.6;5.0;28.0;49.2;57.0;0;0;0;0;16484.12;11280.08;5204.04;32441.758
2026-08-07T10:07:49.992148+02:00;standby;23.6;28.5;5.0;28.0;49.2;57.0;0;0;0;0;16484.12;11280.08;5204.04;32441.758
2026-08-07T10:08:50.514807+02:00;standby;23.6;28.5;5.0;28.0;49.2;57.0;0;0;0;0;16484.12;11280.08;5204.04;32441.758
2026-08-07T10:09:51.186879+02:00;standby;23.6;28.6;5.0;28.0;49.2;57.0;0;0;0;0;16484.12;11280.08;5204.04;32441.758
2026-08-07T10:10:51.662718+02:00;standby;23.6;28.5;5.0;28.0;49.1;57.0;0;0;0;0;16484.12;11280.08;5204.04;32441.758
2026-08-07T10:11:52.117475+02:00;standby;23.6;28.5;5.0;28.0;49.1;57.0;0;0;0;0;16484.12;11280.08;5204.04;32441.758
2026-08-07T10:12:52.635144+02:00;standby;23.6;28.5;5.0;28.0;49.1;57.0;0;0;0;0;16484.12;11280.08;5204.04;32441.758
2026-08-07T10:13:53.092490+02:00;standby;23.6;28.5;5.0;28.0;49.1;57.0;0;0;0;0;16484.12;11280.08;5204.04;32441.758
2026-08-07T10:14:53.573454+02:00;standby;23.6;28.5;5.0;28.0;49.1;57.0;0;0;0;0;16484.12;11280.08;5204.04;32441.758
2026-08-07T10:15:54.045974+02:00;standby;23.6;28.5;5.0;28.0;49.1;57.0;0;0;0;0;16484.12;11280.08;5204.04;32441.758
2026-08-07T10:16:54.509844+02:00;standby;23.6;28.5;5.0;28.0;49.1;57.0;0;0;0;0;16484.12;11280.08;5204.04;32441.758
2026-08-07T10:17:55.035641+02:00;standby;23.6;28.5;5.0;28.0;49.1;57.0;0;0;0;0;16484.12;11280.08;5204.04;32441.758
2026-08-07T10:18:55.715256+02:00;standby;23.6;28.6;5.0;28.0;49.1;57.0;0;0;0;0;16484.12;11280.08;5204.04;32441.758
2026-08-07T10:19:56.171820+02:00;standby;23.6;28.5;5.0;28.0;49.1;57.0;0;0;0;0;16484.12;11280.08;5204.04;32441.758
2026-08-07T10:20:56.755775+02:00;standby;23.6;28.6;5.0;28.0;49.1;57.0;0;0;0;0;16484.12;11280.08;5204.04;32441.758
2026-08-07T10:21:57.252695+02:00;standby;23.6;28.5;5.0;28.0;49.1;57.0;0;0;0;0;16484.12;11280.08;5204.04;32441.758
2026-08-07T10:22:57.694546+02:00;standby;23.6;28.5;5.0;28.0;49.1;57.0;0;0;0;0;16484.12;11280.08;5204.04;32441.758
2026-08-07T10:23:58.209938+02:00;standby;23.6;28.5;5.0;28.0;49.1;57.0;0;0;0;0;16484.12;11280.08;5204.04;32441.758
2026-08-07T10:24:58.915234+02:00;standby;23.6;28.5;5.0;28.0;49.1;57.0;0;0;0;0;16484.12;11280.08;5204.04;32441.758
2026-08-07T10:25:59.696560+02:00;standby;23.6;28.5;5.0;28.0;49.0;57.0;0;0;0;0;16484.12;11280.08;5204.04;32441.758
2026-08-07T10:27:00.180527+02:00;standby;23.6;28.5;5.0;28.0;49.0;57.0;0;0;0;0;16484.12;11280.08;5204.04;32441.758
2026-08-07T10:28:00.763122+02:00;standby;23.6;28.5;5.0;28.0;49.0;57.0;0;0;0;0;16484.12;11280.08;5204.04;32441.758
2026-08-07T10:29:01.379160+02:00;standby;23.6;28.5;5.0;28.0;48.9;57.0;0;0;0;0;16484.12;11280.08;5204.04;32441.758
2026-08-07T10:30:01.882381+02:00;standby;23.6;28.5;5.0;28.0;48.8;57.0;0;0;0;0;16484.12;11280.08;5204.04;32441.758
2026-08-07T10:31:02.393613+02:00;standby;23.6;28.5;5.0;28.0;48.8;57.0;0;0;0;0;16484.12;11280.08;5204.04;32441.758
2026-08-07T10:32:02.980624+02:00;standby;23.6;28.5;5.0;28.0;48.8;57.0;0;0;0;0;16484.12;11280.08;5204.04;32441.758
2026-08-07T10:33:03.540708+02:00;standby;23.6;28.5;5.0;28.0;48.8;57.0;0;0;0;0;16484.12;11280.08;5204.04;32441.758
2026-08-07T10:34:04.015493+02:00;standby;23.6;28.5;5.0;28.0;48.8;57.0;0;0;0;0;16484.12;11280.08;5204.04;32441.758
2026-08-07T10:35:04.547538+02:00;standby;23.6;28.5;5.0;28.0;48.7;57.0;0;0;0;0;16484.12;11280.08;5204.04;32441.758
2026-08-07T10:36:05.201954+02:00;standby;23.6;28.5;5.0;28.0;48.7;57.0;0;0;0;0;16484.12;11280.08;5204.04;32441.758
2026-08-07T10:37:06.023278+02:00;standby;23.6;28.5;5.0;28.0;48.7;57.0;0;0;0;0;16484.12;11280.08;5204.04;32441.758
2026-08-07T10:38:06.587490+02:00;standby;23.6;28.5;5.0;28.0;48.7;57.0;0;0;0;0;16484.12;11280.08;5204.04;32441.758
2026-08-07T10:39:07.075098+02:00;standby;23.6;28.5;5.0;28.0;48.7;57.0;0;0;0;0;16484.12;11280.08;5204.04;32441.758
2026-08-07T10:40:07.808047+02:00;standby;23.6;28.5;5.0;28.0;48.7;57.0;0;0;0;0;16484.12;11280.08;5204.04;32441.758
2026-08-07T10:41:08.336219+02:00;standby;23.6;28.5;5.0;28.0;48.7;57.0;0;0;0;0;16484.12;11280.08;5204.04;32441.758
2026-08-07T10:42:11.125096+02:00;standby;23.6;28.5;5.0;28.0;48.7;57.0;0;0;0;0;16484.12;11280.08;5204.04;32441.758
2026-08-07T10:43:11.599430+02:00;standby;23.6;28.5;5.0;28.0;48.6;57.0;0;0;0;0;16484.12;11280.08;5204.04;32441.758
2026-08-07T10:44:12.145523+02:00;standby;23.6;28.5;5.0;28.0;48.6;57.0;0;0;0;0;16484.12;11280.08;5204.04;32441.758
2026-08-07T10:45:12.646229+02:00;standby;24.0;28.5;5.0;28.0;48.6;57.0;0;0;0;0;16484.12;11280.08;5204.04;32441.758
2026-08-07T10:46:13.406428+02:00;standby;24.0;28.5;5.0;28.0;48.6;57.0;0;0;0;0;16484.12;11280.08;5204.04;32441.758
2026-08-07T10:47:13.886572+02:00;standby;24.0;28.5;5.0;28.0;48.6;57.0;0;0;0;0;16484.12;11280.08;5204.04;32441.758
2026-08-07T10:48:14.422656+02:00;standby;24.0;28.5;5.0;28.0;48.6;57.0;0;0;0;0;16484.12;11280.08;5204.04;32441.758
2026-08-07T10:49:14.882945+02:00;standby;24.0;28.5;5.0;28.0;48.5;57.0;0;0;0;0;16484.12;11280.08;5204.04;32441.758
2026-08-07T10:50:15.468938+02:00;standby;24.0;28.5;5.0;28.0;48.5;57.0;0;0;0;0;16484.12;11280.08;5204.04;32441.758
2026-08-07T10:51:15.902342+02:00;standby;24.0;28.5;5.0;28.0;48.5;57.0;0;0;0;0;16484.12;11280.08;5204.04;32441.758
2026-08-07T10:52:16.386796+02:00;standby;24.0;28.5;5.0;28.0;48.5;57.0;0;0;0;0;16484.12;11280.08;5204.04;32441.758
2026-08-07T10:53:17.007253+02:00;standby;24.0;28.5;5.0;28.0;48.5;57.0;0;0;0;0;16484.12;11280.08;5204.04;32441.758
2026-08-07T10:54:17.519486+02:00;standby;24.0;28.5;5.0;28.0;48.5;57.0;0;0;0;0;16484.12;11280.08;5204.04;32441.758
2026-08-07T10:55:17.936508+02:00;standby;24.0;28.5;5.0;28.0;48.5;57.0;0;0;0;0;16484.12;11280.08;5204.04;32441.758
2026-08-07T10:56:18.492892+02:00;standby;24.0;28.5;5.0;28.0;48.5;57.0;0;0;0;0;16484.12;11280.08;5204.04;32441.758
2026-08-07T10:57:18.977470+02:00;standby;24.0;28.5;5.0;28.0;48.5;57.0;0;0;0;0;16484.12;11280.08;5204.04;32441.758
2026-08-07T10:58:19.690585+02:00;standby;24.0;28.5;5.0;28.0;48.5;57.0;0;0;0;0;16484.12;11280.08;5204.04;32441.758
2026-08-07T10:59:20.219396+02:00;standby;24.0;28.5;5.0;28.0;48.5;57.0;0;0;0;0;16484.12;11280.08;5204.04;32441.758
2026-08-07T11:00:20.772952+02:00;standby;24.0;28.5;5.0;28.0;48.5;57.0;0;0;0;0;16484.12;11280.08;5204.04;32441.758
2026-08-07T11:01:21.685822+02:00;standby;24.0;28.5;5.0;28.0;48.5;57.0;0;0;0;0;16484.12;11280.08;5204.04;32441.758
2026-08-07T11:02:22.183394+02:00;standby;24.0;28.5;5.0;28.0;48.5;57.0;0;0;0;0;16484.12;11280.08;5204.04;32441.758
2026-08-07T11:03:22.705636+02:00;standby;24.0;28.5;5.0;28.0;48.4;57.0;0;0;0;0;16484.12;11280.08;5204.04;32441.758
2026-08-07T11:04:23.236881+02:00;standby;24.0;28.5;5.0;28.0;48.4;57.0;0;0;0;0;16484.12;11280.08;5204.04;32441.758
2026-08-07T11:05:23.896634+02:00;standby;24.0;28.5;5.0;28.0;48.4;57.0;0;0;0;0;16484.12;11280.08;5204.04;32441.758
2026-08-07T11:06:42.513536+02:00;standby;24.2;28.5;5.0;28.0;48.4;57.0;0;0;0;0;16484.12;11280.08;5204.04;32441.758
2026-08-07T11:07:43.136031+02:00;standby;24.2;28.5;5.0;28.0;48.4;57.0;0;0;0;0;16484.12;11280.08;5204.04;32441.758
2026-08-07T11:08:43.684786+02:00;standby;24.2;28.5;5.0;28.0;48.4;57.0;0;0;0;0;16484.12;11280.08;5204.04;32441.758
2026-08-07T11:09:44.581280+02:00;standby;24.2;28.5;5.0;28.0;48.4;57.0;0;0;0;0;16484.12;11280.08;5204.04;32441.758
2026-08-07T11:10:45.081348+02:00;standby;24.2;28.5;5.0;28.0;48.4;57.0;0;0;0;0;16484.12;11280.08;5204.04;32441.758
2026-08-07T11:11:45.501024+02:00;standby;24.2;28.5;5.0;28.0;48.4;57.0;0;0;0;0;16484.12;11280.08;5204.04;32441.758
2026-08-07T11:12:46.136642+02:00;standby;24.2;28.5;5.0;28.0;48.4;57.0;0;0;0;0;16484.12;11280.08;5204.04;32441.758
2026-08-07T11:13:46.591167+02:00;standby;24.2;28.5;5.0;28.0;48.2;57.0;0;0;0;0;16484.12;11280.08;5204.04;32441.758
2026-08-07T11:14:47.498018+02:00;standby;24.2;28.5;5.0;28.0;48.1;57.0;0;0;0;0;16484.12;11280.08;5204.04;32441.758
2026-08-07T11:15:48.101385+02:00;standby;24.2;28.5;5.0;28.0;48.0;57.0;0;0;0;0;16484.12;11280.08;5204.04;32441.758
2026-08-07T11:16:48.580267+02:00;standby;24.2;28.5;5.0;28.0;47.9;57.0;0;0;0;0;16484.12;11280.08;5204.04;32441.758
2026-08-07T11:17:49.228812+02:00;standby;24.2;28.5;5.0;28.0;47.8;57.0;0;0;0;0;16484.12;11280.08;5204.04;32441.758
2026-08-07T11:18:49.952899+02:00;standby;24.2;28.5;5.0;28.0;47.7;57.0;0;0;0;0;16484.12;11280.08;5204.04;32441.758
2026-08-07T11:19:50.999091+02:00;standby;24.2;28.5;5.0;28.0;47.6;57.0;0;0;0;0;16484.12;11280.08;5204.04;32441.758
2026-08-07T11:20:52.621715+02:00;standby;24.2;28.5;5.0;28.0;47.6;57.0;0;0;0;0;16484.12;11280.08;5204.04;32441.758
2026-08-07T11:21:53.120585+02:00;standby;24.2;28.5;5.0;28.0;47.6;57.0;0;0;0;0;16484.12;11280.08;5204.04;32441.758
2026-08-07T11:22:53.569808+02:00;standby;24.2;28.5;5.0;28.0;47.6;57.0;0;0;0;0;16484.12;11280.08;5204.04;32441.758
2026-08-07T11:23:54.086362+02:00;standby;24.2;28.5;5.0;28.0;47.6;57.0;0;0;0;0;16484.12;11280.08;5204.04;32441.758
2026-08-07T11:24:54.576911+02:00;standby;24.2;28.5;5.0;28.0;47.6;57.0;0;0;0;0;16484.12;11280.08;5204.04;32441.758
2026-08-07T11:25:55.022270+02:00;standby;24.2;28.5;5.0;28.0;47.6;57.0;0;0;0;0;16484.12;11280.08;5204.04;32441.758
2026-08-07T11:26:55.643375+02:00;standby;24.2;28.5;5.0;28.0;47.6;57.0;0;0;0;0;16484.12;11280.08;5204.04;32441.758
2026-08-07T11:27:56.157266+02:00;standby;24.2;28.5;5.0;28.0;47.6;57.0;0;0;0;0;16484.12;11280.08;5204.04;32441.758
2026-08-07T11:28:56.581277+02:00;standby;24.2;28.5;5.0;28.0;47.5;57.0;0;0;0;0;16484.12;11280.08;5204.04;32441.758
2026-08-07T11:29:57.103406+02:00;standby;24.2;28.5;5.0;28.0;47.5;57.0;0;0;0;0;16484.12;11280.08;5204.04;32441.758
2026-08-07T11:30:57.615570+02:00;standby;24.2;28.5;5.0;28.0;47.5;57.0;0;0;0;0;16484.12;11280.08;5204.04;32441.758
2026-08-07T11:31:58.288893+02:00;standby;24.2;28.5;5.0;28.0;47.5;57.0;0;0;0;0;16484.12;11280.08;5204.04;32441.758
2026-08-07T11:32:58.817344+02:00;standby;24.2;28.5;5.0;28.0;47.5;57.0;0;0;0;0;16484.12;11280.08;5204.04;32441.758
2026-08-07T11:33:59.389459+02:00;standby;24.2;28.5;5.0;28.0;47.4;57.0;0;0;0;0;16484.12;11280.08;5204.04;32441.758
2026-08-07T11:35:00.305474+02:00;standby;24.2;28.5;5.0;28.0;47.3;57.0;0;0;0;0;16484.12;11280.08;5204.04;32441.758
2026-08-07T11:36:00.861810+02:00;standby;24.2;28.5;5.0;28.0;47.3;57.0;0;0;0;0;16484.12;11280.08;5204.04;32441.758
2026-08-07T11:37:01.381515+02:00;standby;24.2;28.5;5.0;28.0;47.2;57.0;0;0;0;0;16484.12;11280.08;5204.04;32441.758
2026-08-07T11:38:02.273038+02:00;standby;24.2;28.5;5.0;28.0;47.2;57.0;0;0;0;0;16484.12;11280.08;5204.04;32441.758
2026-08-07T11:39:02.790556+02:00;standby;24.2;28.5;5.0;28.0;47.2;57.0;0;0;0;0;16484.12;11280.08;5204.04;32441.758
2026-08-07T11:40:03.456390+02:00;standby;24.2;28.5;5.0;28.0;47.2;57.0;0;0;0;0;16484.12;11280.08;5204.04;32441.758
2026-08-07T11:41:03.935321+02:00;standby;24.2;28.5;5.0;28.0;47.1;57.0;0;0;0;0;16484.12;11280.08;5204.04;32441.758
2026-08-07T11:42:04.477096+02:00;standby;24.2;28.5;5.0;28.0;47.1;57.0;0;0;0;0;16484.12;11280.08;5204.04;32441.758
2026-08-07T11:43:05.175951+02:00;standby;24.2;28.5;5.0;28.0;47.1;57.0;0;0;0;0;16484.12;11280.08;5204.04;32441.758
2026-08-07T11:44:06.013127+02:00;standby;24.2;28.5;5.0;28.0;47.1;57.0;0;0;0;0;16484.12;11280.08;5204.04;32441.758
2026-08-07T11:45:06.530455+02:00;standby;24.2;28.5;5.0;28.0;47.1;57.0;0;0;0;0;16484.12;11280.08;5204.04;32441.758
2026-08-07T11:46:07.389192+02:00;standby;24.2;28.5;5.0;28.0;47.1;57.0;0;0;0;0;16484.12;11280.08;5204.04;32441.758
2026-08-07T11:47:07.839237+02:00;standby;24.2;28.5;5.0;28.0;47.0;57.0;0;0;0;0;16484.12;11280.08;5204.04;32441.758
2026-08-07T11:48:08.493854+02:00;standby;24.2;28.5;5.0;28.0;47.0;57.0;0;0;0;0;16484.12;11280.08;5204.04;32441.758
2026-08-07T11:49:09.007494+02:00;standby;24.2;28.5;5.0;28.0;47.0;57.0;0;0;0;0;16484.12;11280.08;5204.04;32441.758
2026-08-07T11:50:09.601769+02:00;standby;24.2;28.5;5.0;28.0;47.0;57.0;0;0;0;0;16484.12;11280.08;5204.04;32441.758
2026-08-07T11:51:10.474639+02:00;standby;24.2;28.5;5.0;28.0;47.0;57.0;0;0;0;0;16484.12;11280.08;5204.04;32441.758
2026-08-07T11:52:10.993378+02:00;standby;24.2;28.5;5.0;28.0;47.0;57.0;0;0;0;0;16484.12;11280.08;5204.04;32441.758
2026-08-07T11:53:12.023596+02:00;standby;24.2;28.5;5.0;28.0;47.0;57.0;0;0;0;0;16484.12;11280.08;5204.04;32441.758
2026-08-07T11:54:12.837477+02:00;standby;24.2;28.5;5.0;28.0;47.0;57.0;0;0;0;0;16484.12;11280.08;5204.04;32441.758
2026-08-07T11:55:13.483875+02:00;standby;24.2;28.3;5.0;28.0;47.0;57.0;0;0;0;0;16484.12;11280.08;5204.04;32441.758
2026-08-07T11:56:14.081364+02:00;standby;24.2;28.5;85.0;28.0;47.0;57.0;1;0;1;0;16484.12;11280.08;5204.04;32441.758
2026-08-07T11:56:24.733266+02:00;dhw;24.2;30.5;85.0;28.0;47.0;57.0;1;48;1;0;16484.13;11280.08;5204.05;32441.758
2026-08-07T11:56:35.417818+02:00;dhw;24.2;38.1;85.0;28.0;47.0;57.0;1;23;1;0;16484.15;11280.08;5204.07;32441.758
2026-08-07T11:56:46.032697+02:00;dhw;24.2;37.7;85.0;28.0;47.0;57.0;1;23;1;0;16484.15;11280.08;5204.08;32441.758
2026-08-07T11:56:56.821758+02:00;dhw;24.2;38.5;85.0;28.0;46.9;57.0;1;23;1;100;16484.16;11280.08;5204.09;32441.758
2026-08-07T11:57:07.977409+02:00;dhw;24.2;38.7;85.0;28.0;46.9;57.0;1;23;1;100;16484.17;11280.08;5204.09;32441.758
2026-08-07T11:57:19.650399+02:00;dhw;24.2;38.5;85.0;28.0;46.8;57.0;1;23;1;100;16484.18;11280.08;5204.1;32441.758
2026-08-07T11:57:30.795758+02:00;dhw;24.2;38.5;85.0;28.0;46.7;57.0;1;23;1;100;16484.19;11280.08;5204.11;32441.758
2026-08-07T11:57:43.394562+02:00;dhw;24.2;38.8;85.0;28.0;46.6;57.0;1;23;1;100;16484.2;11280.08;5204.12;32441.758
2026-08-07T11:57:53.919432+02:00;dhw;24.2;40.2;85.0;28.0;46.6;57.0;1;23;1;100;16484.22;11280.08;5204.14;32441.758
2026-08-07T11:58:04.511015+02:00;dhw;24.2;40.7;85.0;28.0;46.4;57.0;1;25;1;100;16484.23;11280.08;5204.15;32441.758
2026-08-07T11:58:15.164908+02:00;dhw;24.2;41.5;85.0;28.0;46.3;57.0;1;36;1;100;16484.24;11280.08;5204.16;32441.758
2026-08-07T11:58:25.819717+02:00;dhw;24.2;43.0;85.0;28.0;46.2;57.0;1;46;1;100;16484.25;11280.08;5204.18;32441.758
2026-08-07T11:58:36.625832+02:00;dhw;24.2;45.0;85.0;28.0;46.2;57.0;1;59;1;100;16484.28;11280.08;5204.2;32441.758
2026-08-07T11:58:47.792790+02:00;dhw;24.2;47.0;85.0;28.0;46.1;57.0;1;71;1;100;16484.3;11280.08;5204.23;32441.758
2026-08-07T11:58:58.358654+02:00;dhw;24.2;49.1;85.0;28.0;46.1;57.0;1;82;1;100;16484.33;11280.08;5204.25;32441.758
2026-08-07T11:59:09.087048+02:00;dhw;24.2;51.1;85.0;28.0;46.0;57.0;1;92;1;100;16484.36;11280.08;5204.28;32441.758
2026-08-07T11:59:19.967875+02:00;dhw;24.2;54.2;85.0;28.0;46.0;57.0;1;106;1;100;16484.41;11280.08;5204.33;32441.758
2026-08-07T11:59:30.794385+02:00;dhw;24.2;56.1;85.0;28.0;46.0;57.0;1;108;1;100;16484.44;11280.08;5204.37;32441.758
2026-08-07T11:59:41.452433+02:00;dhw;24.2;59.0;85.0;28.0;45.9;57.0;1;108;1;100;16484.5;11280.08;5204.42;32441.758
2026-08-07T11:59:52.345903+02:00;dhw;24.2;61.0;85.0;28.0;45.9;57.0;1;108;1;100;16484.54;11280.08;5204.46;32441.758
2026-08-07T12:00:03.386000+02:00;dhw;24.2;63.0;85.0;28.0;45.9;57.0;1;108;1;100;16484.59;11280.08;5204.51;32441.758
2026-08-07T12:00:14.840044+02:00;dhw;24.2;64.7;85.0;28.0;46.0;57.0;1;108;1;100;16484.64;11280.08;5204.56;32441.758
2026-08-07T12:00:25.476168+02:00;dhw;24.2;66.1;85.0;28.0;46.1;57.0;1;108;1;100;16484.69;11280.08;5204.61;32441.758
2026-08-07T12:00:36.078550+02:00;dhw;24.2;67.0;85.0;28.0;46.1;57.0;1;108;1;100;16484.72;11280.08;5204.65;32441.758
2026-08-07T12:00:46.888357+02:00;dhw;24.2;68.0;85.0;28.0;46.2;57.0;1;108;1;100;16484.77;11280.08;5204.69;32441.758
2026-08-07T12:00:57.442784+02:00;dhw;24.2;68.7;85.0;28.0;46.3;57.0;1;108;1;100;16484.8;11280.08;5204.73;32441.758
2026-08-07T12:01:08.126103+02:00;dhw;24.2;69.5;85.0;28.0;46.5;57.0;1;108;1;100;16484.84;11280.08;5204.77;32441.857
2026-08-07T12:01:18.796110+02:00;dhw;24.2;70.0;85.0;28.0;46.6;57.0;1;108;1;100;16484.89;11280.08;5204.81;32441.857
2026-08-07T12:01:29.380290+02:00;dhw;24.2;71.0;85.0;28.0;46.8;57.0;1;108;1;100;16484.95;11280.08;5204.88;32441.857
2026-08-07T12:01:40.537660+02:00;dhw;24.2;71.1;85.0;28.0;46.9;57.0;1;108;1;100;16484.97;11280.08;5204.89;32441.857
2026-08-07T12:01:51.832408+02:00;dhw;24.2;71.5;85.0;28.0;47.1;57.0;1;108;1;100;16485.01;11280.08;5204.94;32441.857
2026-08-07T12:02:02.761898+02:00;dhw;24.2;72.1;85.0;28.0;47.3;57.0;1;108;1;100;16485.06;11280.08;5204.98;32441.857
2026-08-07T12:02:13.354021+02:00;dhw;24.2;72.7;85.0;28.0;47.7;57.0;1;108;1;100;16485.14;11280.08;5205.06;32441.857
2026-08-07T12:02:24.161140+02:00;dhw;24.2;73.0;85.0;28.0;47.8;57.0;1;108;1;100;16485.18;11280.08;5205.1;32441.857
2026-08-07T12:02:35.067785+02:00;dhw;24.2;73.4;85.0;28.0;48.0;57.0;1;108;1;100;16485.22;11280.08;5205.15;32441.857
2026-08-07T12:02:45.763770+02:00;dhw;24.2;73.7;85.0;28.0;48.2;57.0;1;108;1;100;16485.27;11280.08;5205.19;32441.857
2026-08-07T12:02:56.741254+02:00;dhw;24.2;74.0;85.0;28.0;48.5;57.0;1;108;1;100;16485.31;11280.08;5205.24;32441.857
2026-08-07T12:03:07.404447+02:00;dhw;24.2;74.3;85.0;28.0;48.6;57.0;1;108;1;100;16485.35;11280.08;5205.27;32441.857
2026-08-07T12:03:18.030201+02:00;dhw;24.2;74.6;85.0;28.0;48.8;57.0;1;108;1;100;16485.39;11280.08;5205.31;32441.857
2026-08-07T12:03:28.668426+02:00;dhw;24.2;74.9;85.0;28.0;48.9;57.0;1;108;1;100;16485.43;11280.08;5205.36;32441.857
2026-08-07T12:03:39.266043+02:00;dhw;24.2;75.1;85.0;28.0;49.1;57.0;1;108;1;100;16485.47;11280.08;5205.4;32441.857
2026-08-07T12:03:50.329408+02:00;dhw;24.2;75.4;85.0;28.0;49.2;57.0;1;108;1;100;16485.52;11280.08;5205.44;32441.857
2026-08-07T12:04:01.134216+02:00;dhw;24.2;75.6;85.0;28.0;49.4;57.0;1;108;1;100;16485.56;11280.08;5205.48;32441.857
2026-08-07T12:04:11.938732+02:00;dhw;24.2;75.8;85.0;28.0;49.5;57.0;1;108;1;100;16485.6;11280.08;5205.52;32441.857
2026-08-07T12:04:22.740529+02:00;dhw;24.2;76.2;85.0;28.0;49.8;57.0;1;108;1;100;16485.68;11280.08;5205.6;32441.857
2026-08-07T12:04:33.698587+02:00;dhw;24.2;76.4;85.0;28.0;50.0;57.0;1;108;1;100;16485.72;11280.08;5205.65;32441.857
2026-08-07T12:04:44.468018+02:00;dhw;24.2;76.7;85.0;28.0;50.1;57.0;1;108;1;100;16485.77;11280.08;5205.69;32441.857
2026-08-07T12:04:55.005940+02:00;dhw;24.2;77.0;85.0;28.0;50.2;57.0;1;108;1;100;16485.82;11280.08;5205.74;32441.857
2026-08-07T12:05:06.272151+02:00;dhw;24.2;77.0;85.0;28.0;50.4;57.0;1;108;1;100;16485.85;11280.08;5205.77;32441.857
2026-08-07T12:05:17.904957+02:00;dhw;24.2;77.3;85.0;28.0;50.5;57.0;1;108;1;100;16485.89;11280.08;5205.82;32441.857
2026-08-07T12:05:28.514882+02:00;dhw;24.2;77.4;85.0;28.0;50.6;57.0;1;108;1;100;16485.93;11280.08;5205.86;32441.957
2026-08-07T12:05:39.237176+02:00;dhw;24.2;77.6;85.0;28.0;50.8;57.0;1;108;1;100;16485.97;11280.08;5205.9;32441.957
2026-08-07T12:05:50.932722+02:00;dhw;24.2;77.9;85.0;28.0;50.9;57.0;1;108;1;100;16486.05;11280.08;5205.97;32441.957
2026-08-07T12:06:01.978390+02:00;dhw;24.2;78.0;85.0;28.0;51.2;57.0;1;108;1;100;16486.06;11280.08;5205.98;32441.957
2026-08-07T12:06:12.561101+02:00;dhw;24.2;78.3;85.0;28.0;51.5;57.0;1;108;1;100;16486.14;11280.08;5206.07;32441.957
2026-08-07T12:06:23.291796+02:00;dhw;24.2;78.6;85.0;28.0;51.7;57.0;1;108;1;100;16486.19;11280.08;5206.11;32441.957
2026-08-07T12:06:33.970720+02:00;dhw;24.2;78.8;85.0;28.0;51.8;57.0;1;108;1;100;16486.23;11280.08;5206.15;32441.957
2026-08-07T12:06:44.675072+02:00;dhw;24.9;79.0;85.0;28.0;52.0;57.0;1;108;1;100;16486.27;11280.08;5206.19;32441.957
2026-08-07T12:06:55.754086+02:00;dhw;24.9;79.1;85.0;28.0;52.2;57.0;1;108;1;100;16486.31;11280.08;5206.24;32441.957
2026-08-07T12:07:07.308733+02:00;dhw;24.9;79.3;85.0;28.0;52.3;57.0;1;108;1;100;16486.35;11280.08;5206.28;32441.957
2026-08-07T12:07:17.994883+02:00;dhw;24.9;79.6;85.0;28.0;52.5;57.0;1;108;1;100;16486.39;11280.08;5206.32;32441.957
2026-08-07T12:07:28.812261+02:00;dhw;24.9;79.8;85.0;28.0;52.6;57.0;1;108;1;100;16486.44;11280.08;5206.36;32441.957
2026-08-07T12:07:39.367361+02:00;dhw;24.9;80.1;85.0;28.0;52.8;57.0;1;108;1;100;16486.51;11280.08;5206.43;32441.957
2026-08-07T12:07:50.152609+02:00;dhw;24.9;80.1;85.0;28.0;52.9;57.0;1;108;1;100;16486.52;11280.08;5206.44;32441.957
2026-08-07T12:08:00.751444+02:00;dhw;24.9;80.3;85.0;28.0;53.2;57.0;1;108;1;100;16486.56;11280.08;5206.49;32441.957
2026-08-07T12:08:11.640422+02:00;dhw;24.9;80.6;85.0;28.0;53.3;57.0;1;108;1;100;16486.64;11280.08;5206.57;32441.957
2026-08-07T12:08:22.306631+02:00;dhw;24.9;80.7;85.0;28.0;53.6;57.0;1;108;1;100;16486.69;11280.08;5206.61;32441.957
2026-08-07T12:08:33.014699+02:00;dhw;24.9;80.9;85.0;28.0;53.8;57.0;1;108;1;100;16486.73;11280.08;5206.65;32441.957
2026-08-07T12:08:43.710916+02:00;dhw;24.9;81.2;85.0;28.0;54.0;57.0;1;108;1;100;16486.77;11280.08;5206.69;32441.957
2026-08-07T12:08:54.424593+02:00;dhw;24.9;81.4;85.0;28.0;54.2;57.0;1;108;1;100;16486.81;11280.08;5206.74;32441.957
2026-08-07T12:09:04.960894+02:00;dhw;24.9;81.5;85.0;28.0;54.4;57.0;1;108;1;100;16486.86;11280.08;5206.78;32441.957
2026-08-07T12:09:15.708356+02:00;dhw;24.9;81.7;85.0;28.0;54.6;57.0;1;108;1;100;16486.9;11280.08;5206.82;32441.957
2026-08-07T12:09:26.271398+02:00;dhw;24.9;81.9;85.0;28.0;54.8;57.0;1;108;1;100;16486.94;11280.08;5206.86;32442.057
2026-08-07T12:09:37.166164+02:00;dhw;24.9;82.0;85.0;28.0;54.9;57.0;1;108;1;100;16486.98;11280.08;5206.9;32442.057
2026-08-07T12:09:47.788234+02:00;dhw;24.9;82.2;85.0;28.0;55.2;57.0;1;108;1;100;16487.02;11280.08;5206.94;32442.057
2026-08-07T12:09:58.550372+02:00;dhw;24.9;82.4;85.0;28.0;55.4;57.0;1;108;1;100;16487.07;11280.08;5206.99;32442.057
2026-08-07T12:10:09.164285+02:00;dhw;24.9;82.5;85.0;28.0;55.6;57.0;1;108;1;100;16487.11;11280.08;5207.03;32442.057
2026-08-07T12:10:19.761172+02:00;dhw;24.9;82.7;85.0;28.0;55.8;57.0;1;108;1;100;16487.15;11280.08;5207.07;32442.057
2026-08-07T12:10:30.508255+02:00;dhw;24.9;83.0;85.0;28.0;56.0;57.0;1;108;1;100;16487.21;11280.08;5207.14;32442.057
2026-08-07T12:10:41.114244+02:00;dhw;24.9;83.2;85.0;28.0;56.4;57.0;1;108;1;100;16487.27;11280.08;5207.2;32442.057
2026-08-07T12:10:51.661607+02:00;dhw;24.9;83.4;85.0;28.0;56.6;57.0;1;108;1;100;16487.32;11280.08;5207.24;32442.057
2026-08-07T12:11:02.220016+02:00;dhw;24.9;83.5;85.0;28.0;56.8;57.0;1;108;1;100;16487.36;11280.08;5207.28;32442.057
2026-08-07T12:11:12.864429+02:00;standby;24.9;83.9;85.0;28.0;57.1;57.0;0;0;1;100;16487.39;11280.08;5207.32;32442.057
2026-08-07T12:11:23.766495+02:00;standby;24.9;82.7;85.0;28.0;57.2;57.0;0;0;1;100;16487.39;11280.08;5207.32;32442.057
2026-08-07T12:11:34.271987+02:00;standby;24.9;80.9;85.0;28.0;57.4;57.0;0;0;1;100;16487.39;11280.08;5207.32;32442.057
2026-08-07T12:11:44.708657+02:00;standby;24.9;78.7;85.0;28.0;57.5;57.0;0;0;1;100;16487.39;11280.08;5207.32;32442.057
2026-08-07T12:11:55.272488+02:00;standby;24.9;75.7;85.0;28.0;57.7;57.0;0;0;1;10;16487.39;11280.08;5207.32;32442.057
2026-08-07T12:12:05.802966+02:00;standby;24.9;74.7;85.0;28.0;57.9;57.0;0;0;1;10;16487.39;11280.08;5207.32;32442.057
2026-08-07T12:13:06.293455+02:00;standby;24.9;66.9;5.0;28.0;58.7;57.0;0;0;1;10;16487.39;11280.08;5207.32;32442.057
2026-08-07T12:14:06.735385+02:00;standby;24.9;63.4;5.0;28.0;59.3;57.0;0;0;1;10;16487.39;11280.08;5207.32;32442.057
2026-08-07T12:15:07.224751+02:00;standby;24.9;63.6;5.0;28.0;59.6;57.0;0;0;0;0;16487.39;11280.08;5207.32;32442.057
2026-08-07T12:16:07.948513+02:00;standby;24.9;64.1;5.0;28.0;59.7;57.0;0;0;0;0;16487.39;11280.08;5207.32;32442.057
2026-08-07T12:17:08.639713+02:00;standby;24.9;64.3;5.0;28.0;59.8;57.0;0;0;0;0;16487.39;11280.08;5207.32;32442.057
2026-08-07T12:18:09.342226+02:00;standby;24.9;64.4;5.0;28.0;59.8;57.0;0;0;0;0;16487.39;11280.08;5207.32;32442.057
2026-08-07T12:19:10.160751+02:00;standby;24.9;64.4;5.0;28.0;59.9;57.0;0;0;0;0;16487.39;11280.08;5207.32;32442.057
2026-08-07T12:20:10.784253+02:00;standby;24.9;64.3;5.0;28.0;59.9;57.0;0;0;0;0;16487.39;11280.08;5207.32;32442.057
2026-08-07T12:21:11.263614+02:00;standby;24.9;64.3;5.0;28.0;59.9;57.0;0;0;0;0;16487.39;11280.08;5207.32;32442.057
2026-08-07T12:22:11.779914+02:00;standby;24.9;64.2;5.0;28.0;59.9;57.0;0;0;0;0;16487.39;11280.08;5207.32;32442.057
2026-08-07T12:23:12.346872+02:00;standby;24.9;64.1;5.0;28.0;59.9;57.0;0;0;0;0;16487.39;11280.08;5207.32;32442.057
2026-08-07T12:24:12.980368+02:00;standby;24.9;64.0;5.0;28.0;59.9;57.0;0;0;0;0;16487.39;11280.08;5207.32;32442.057
2026-08-07T12:25:13.480936+02:00;standby;24.9;63.8;5.0;28.0;59.9;57.0;0;0;0;0;16487.39;11280.08;5207.32;32442.057
2026-08-07T12:26:13.998902+02:00;standby;24.9;63.7;5.0;28.0;59.9;57.0;0;0;0;0;16487.39;11280.08;5207.32;32442.057
2026-08-07T12:27:14.732876+02:00;standby;24.9;63.6;5.0;28.0;59.8;57.0;0;0;0;0;16487.39;11280.08;5207.32;32442.057
2026-08-07T12:28:15.286928+02:00;standby;24.9;63.5;5.0;28.0;59.8;57.0;0;0;0;0;16487.39;11280.08;5207.32;32442.057
2026-08-07T12:29:15.724714+02:00;standby;24.9;63.4;5.0;28.0;59.8;57.0;0;0;0;0;16487.39;11280.08;5207.32;32442.057
2026-08-07T12:30:16.297022+02:00;standby;24.9;63.3;5.0;28.0;59.8;57.0;0;0;0;0;16487.39;11280.08;5207.32;32442.057
2026-08-07T12:31:16.912270+02:00;standby;24.9;63.1;5.0;28.0;59.8;57.0;0;0;0;0;16487.39;11280.08;5207.32;32442.057
2026-08-07T12:32:17.725017+02:00;standby;24.9;63.0;5.0;28.0;59.8;57.0;0;0;0;0;16487.39;11280.08;5207.32;32442.057
2026-08-07T12:33:18.458988+02:00;standby;24.9;62.9;5.0;28.0;59.8;57.0;0;0;0;0;16487.39;11280.08;5207.32;32442.057
2026-08-07T12:34:19.190896+02:00;standby;24.9;62.8;5.0;28.0;59.8;57.0;0;0;0;0;16487.39;11280.08;5207.32;32442.057
2026-08-07T12:35:19.911131+02:00;standby;24.9;62.6;5.0;28.0;59.8;57.0;0;0;0;0;16487.39;11280.08;5207.32;32442.057
2026-08-07T12:36:20.767234+02:00;standby;24.9;62.4;5.0;28.0;59.8;57.0;0;0;0;0;16487.39;11280.08;5207.32;32442.057
2026-08-07T12:37:22.573807+02:00;standby;24.9;62.3;5.0;28.0;59.8;57.0;0;0;0;0;16487.39;11280.08;5207.32;32442.057
2026-08-07T12:38:23.078530+02:00;standby;24.9;62.2;5.0;28.0;59.7;57.0;0;0;0;0;16487.39;11280.08;5207.32;32442.057
2026-08-07T12:39:23.613117+02:00;standby;24.9;62.1;5.0;28.0;59.7;57.0;0;0;0;0;16487.39;11280.08;5207.32;32442.057
2026-08-07T12:40:24.115570+02:00;standby;24.9;61.9;5.0;28.0;59.7;57.0;0;0;0;0;16487.39;11280.08;5207.32;32442.057
2026-08-07T12:41:24.531993+02:00;standby;24.9;61.7;5.0;28.0;59.7;57.0;0;0;0;0;16487.39;11280.08;5207.32;32442.057
2026-08-07T12:42:25.077040+02:00;standby;24.9;61.6;5.0;28.0;59.7;57.0;0;0;0;0;16487.39;11280.08;5207.32;32442.057
2026-08-07T12:43:25.594216+02:00;standby;24.9;61.5;5.0;28.0;59.7;57.0;0;0;0;0;16487.39;11280.08;5207.32;32442.057
2026-08-07T12:44:26.131607+02:00;standby;24.9;61.4;5.0;28.0;59.7;57.0;0;0;0;0;16487.39;11280.08;5207.32;32442.057
2026-08-07T12:45:26.649388+02:00;standby;24.9;61.3;5.0;28.0;59.7;57.0;0;0;0;0;16487.39;11280.08;5207.32;32442.057
2026-08-07T12:46:27.436109+02:00;standby;24.9;61.0;5.0;28.0;59.7;57.0;0;0;0;0;16487.39;11280.08;5207.32;32442.057
2026-08-07T12:47:28.092109+02:00;standby;24.9;60.9;5.0;28.0;59.7;57.0;0;0;0;0;16487.39;11280.08;5207.32;32442.057
2026-08-07T12:48:28.782505+02:00;standby;24.9;60.8;5.0;28.0;59.7;57.0;0;0;0;0;16487.39;11280.08;5207.32;32442.057
2026-08-07T12:49:29.260661+02:00;standby;24.9;60.7;5.0;28.0;59.7;57.0;0;0;0;0;16487.39;11280.08;5207.32;32442.057
2026-08-07T12:50:29.924780+02:00;standby;24.9;60.5;5.0;28.0;59.7;57.0;0;0;0;0;16487.39;11280.08;5207.32;32442.057
2026-08-07T12:51:30.547912+02:00;standby;24.9;60.3;5.0;28.0;59.6;57.0;0;0;0;0;16487.39;11280.08;5207.32;32442.057
2026-08-07T12:52:31.105769+02:00;standby;24.9;60.2;5.0;28.0;59.6;57.0;0;0;0;0;16487.39;11280.08;5207.32;32442.057
2026-08-07T12:53:31.603844+02:00;standby;24.9;60.1;5.0;28.0;59.6;57.0;0;0;0;0;16487.39;11280.08;5207.32;32442.057
2026-08-07T12:54:32.106560+02:00;standby;24.9;59.9;5.0;28.0;59.6;57.0;0;0;0;0;16487.39;11280.08;5207.32;32442.057
2026-08-07T12:55:33.029226+02:00;standby;24.9;59.8;5.0;28.0;59.6;57.0;0;0;0;0;16487.39;11280.08;5207.32;32442.057
2026-08-07T12:56:34.337411+02:00;standby;24.9;59.7;5.0;28.0;59.6;57.0;0;0;0;0;16487.39;11280.08;5207.32;32442.057
2026-08-07T12:57:34.822476+02:00;standby;24.9;59.5;5.0;28.0;59.6;57.0;0;0;0;0;16487.39;11280.08;5207.32;32442.057
2026-08-07T12:58:35.426726+02:00;standby;24.9;59.3;5.0;28.0;59.6;57.0;0;0;0;0;16487.39;11280.08;5207.32;32442.057
2026-08-07T12:59:36.058380+02:00;standby;24.9;59.2;5.0;28.0;59.6;57.0;0;0;0;0;16487.39;11280.08;5207.32;32442.057
2026-08-07T13:00:36.531710+02:00;standby;24.9;59.1;5.0;28.0;59.6;57.0;0;0;0;0;16487.39;11280.08;5207.32;32442.057
2026-08-07T13:01:36.966915+02:00;standby;24.9;59.0;5.0;28.0;59.6;57.0;0;0;0;0;16487.39;11280.08;5207.32;32442.057
2026-08-07T13:02:37.512388+02:00;standby;24.9;58.7;5.0;28.0;59.6;57.0;0;0;0;0;16487.39;11280.08;5207.32;32442.057
2026-08-07T13:03:37.984430+02:00;standby;24.9;58.6;5.0;28.0;59.6;57.0;0;0;0;0;16487.39;11280.08;5207.32;32442.057
2026-08-07T13:04:38.449426+02:00;standby;24.9;58.5;5.0;28.0;59.5;57.0;0;0;0;0;16487.39;11280.08;5207.32;32442.057
2026-08-07T13:05:39.152810+02:00;standby;24.9;58.3;5.0;28.0;59.5;57.0;0;0;0;0;16487.39;11280.08;5207.32;32442.057
2026-08-07T13:06:39.813391+02:00;standby;24.9;58.2;5.0;28.0;59.5;57.0;0;0;0;0;16487.39;11280.08;5207.32;32442.057
2026-08-07T13:07:40.315289+02:00;standby;26.7;58.1;5.0;28.0;59.5;57.0;0;0;0;0;16487.39;11280.08;5207.32;32442.057
2026-08-07T13:08:40.945289+02:00;standby;26.7;57.8;5.0;28.0;59.5;57.0;0;0;0;0;16487.39;11280.08;5207.32;32442.057
2026-08-07T13:09:41.529816+02:00;standby;26.7;57.7;5.0;28.0;59.5;57.0;0;0;0;0;16487.39;11280.08;5207.32;32442.057
2026-08-07T13:10:42.046984+02:00;standby;26.7;57.6;5.0;28.0;59.5;57.0;0;0;0;0;16487.39;11280.08;5207.32;32442.057
2026-08-07T13:11:43.293753+02:00;standby;26.7;57.5;5.0;28.0;59.5;57.0;0;0;0;0;16487.39;11280.08;5207.32;32442.057
2026-08-07T13:12:43.803007+02:00;standby;26.7;57.3;5.0;28.0;59.5;57.0;0;0;0;0;16487.39;11280.08;5207.32;32442.057
2026-08-07T13:13:44.328041+02:00;standby;26.7;57.2;5.0;28.0;59.5;57.0;0;0;0;0;16487.39;11280.08;5207.32;32442.057
2026-08-07T13:14:44.883932+02:00;standby;26.7;57.0;5.0;28.0;59.5;57.0;0;0;0;0;16487.39;11280.08;5207.32;32442.057
2026-08-07T13:15:47.210907+02:00;standby;26.7;56.9;5.0;28.0;59.5;57.0;0;0;0;0;16487.39;11280.08;5207.32;32442.057
2026-08-07T13:16:47.827965+02:00;standby;26.7;56.7;5.0;28.0;59.5;57.0;0;0;0;0;16487.39;11280.08;5207.32;32442.057
2026-08-07T13:17:48.375211+02:00;standby;26.7;56.6;5.0;28.0;59.5;57.0;0;0;0;0;16487.39;11280.08;5207.32;32442.057
2026-08-07T13:18:48.869437+02:00;standby;26.7;56.5;5.0;28.0;59.4;57.0;0;0;0;0;16487.39;11280.08;5207.32;32442.057
2026-08-07T13:19:49.691001+02:00;standby;26.7;56.4;5.0;28.0;59.4;57.0;0;0;0;0;16487.39;11280.08;5207.32;32442.057
2026-08-07T13:20:50.216484+02:00;standby;26.7;56.2;5.0;28.0;59.4;57.0;0;0;0;0;16487.39;11280.08;5207.32;32442.057
2026-08-07T13:21:50.980928+02:00;standby;26.7;56.0;5.0;28.0;59.4;57.0;0;0;0;0;16487.39;11280.08;5207.32;32442.057
2026-08-07T13:22:51.510103+02:00;standby;26.7;55.9;5.0;28.0;59.4;57.0;0;0;0;0;16487.39;11280.08;5207.32;32442.057
2026-08-07T13:23:52.026994+02:00;standby;26.7;55.8;5.0;28.0;59.4;57.0;0;0;0;0;16487.39;11280.08;5207.32;32442.057
2026-08-07T13:24:52.501411+02:00;standby;26.7;55.7;5.0;28.0;59.4;57.0;0;0;0;0;16487.39;11280.08;5207.32;32442.057
2026-08-07T13:25:52.915200+02:00;standby;26.7;55.6;5.0;28.0;59.4;57.0;0;0;0;0;16487.39;11280.08;5207.32;32442.057
2026-08-07T13:26:53.376782+02:00;standby;26.7;55.3;5.0;28.0;59.4;57.0;0;0;0;0;16487.39;11280.08;5207.32;32442.057
2026-08-07T13:27:53.933870+02:00;standby;26.7;55.2;5.0;28.0;59.4;57.0;0;0;0;0;16487.39;11280.08;5207.32;32442.057
2026-08-07T13:28:54.436494+02:00;standby;26.7;55.1;5.0;28.0;59.4;57.0;0;0;0;0;16487.39;11280.08;5207.32;32442.057
2026-08-07T13:29:54.992420+02:00;standby;26.7;54.9;5.0;28.0;59.4;57.0;0;0;0;0;16487.39;11280.08;5207.32;32442.057
2026-08-07T13:30:55.410336+02:00;standby;26.7;54.8;5.0;28.0;59.4;57.0;0;0;0;0;16487.39;11280.08;5207.32;32442.057
2026-08-07T13:31:55.978234+02:00;standby;26.7;54.7;5.0;28.0;59.4;57.0;0;0;0;0;16487.39;11280.08;5207.32;32442.057
2026-08-07T13:32:56.500837+02:00;standby;26.7;54.6;5.0;28.0;59.3;57.0;0;0;0;0;16487.39;11280.08;5207.32;32442.057
2026-08-07T13:33:57.109179+02:00;standby;26.7;54.4;5.0;28.0;59.3;57.0;0;0;0;0;16487.39;11280.08;5207.32;32442.057
2026-08-07T13:34:57.589109+02:00;standby;26.7;54.3;5.0;28.0;59.3;57.0;0;0;0;0;16487.39;11280.08;5207.32;32442.057
2026-08-07T13:35:58.144611+02:00;standby;26.7;54.2;5.0;28.0;59.3;57.0;0;0;0;0;16487.39;11280.08;5207.32;32442.057
2026-08-07T13:36:59.037569+02:00;standby;26.7;54.1;5.0;28.0;59.3;57.0;0;0;0;0;16487.39;11280.08;5207.32;32442.057
2026-08-07T13:37:59.607533+02:00;standby;26.7;53.9;5.0;28.0;59.3;57.0;0;0;0;0;16487.39;11280.08;5207.32;32442.057
2026-08-07T13:39:00.174408+02:00;standby;26.7;53.8;5.0;28.0;59.3;57.0;0;0;0;0;16487.39;11280.08;5207.32;32442.057
2026-08-07T13:40:00.727624+02:00;standby;26.7;53.7;5.0;28.0;59.3;57.0;0;0;0;0;16487.39;11280.08;5207.32;32442.057
2026-08-07T13:41:01.317102+02:00;standby;26.7;53.6;5.0;28.0;59.3;57.0;0;0;0;0;16487.39;11280.08;5207.32;32442.057
2026-08-07T13:42:01.840720+02:00;standby;26.7;53.4;5.0;28.0;59.2;57.0;0;0;0;0;16487.39;11280.08;5207.32;32442.057
2026-08-07T13:43:03.012899+02:00;standby;26.7;53.3;5.0;28.0;59.2;57.0;0;0;0;0;16487.39;11280.08;5207.32;32442.057
2026-08-07T13:44:03.527404+02:00;standby;26.7;53.2;5.0;28.0;59.2;57.0;0;0;0;0;16487.39;11280.08;5207.32;32442.057
2026-08-07T13:45:04.017130+02:00;standby;26.7;53.1;5.0;28.0;59.2;57.0;0;0;0;0;16487.39;11280.08;5207.32;32442.057
2026-08-07T13:46:04.509660+02:00;standby;26.7;52.9;5.0;28.0;59.2;57.0;0;0;0;0;16487.39;11280.08;5207.32;32442.057
2026-08-07T13:47:05.361533+02:00;standby;26.7;52.8;5.0;28.0;59.2;57.0;0;0;0;0;16487.39;11280.08;5207.32;32442.057
2026-08-07T13:48:05.830323+02:00;standby;26.7;52.7;5.0;28.0;59.2;57.0;0;0;0;0;16487.39;11280.08;5207.32;32442.057
2026-08-07T13:49:06.554216+02:00;standby;26.7;52.6;5.0;28.0;59.2;57.0;0;0;0;0;16487.39;11280.08;5207.32;32442.057
2026-08-07T13:50:07.421417+02:00;standby;26.7;52.4;5.0;28.0;59.2;57.0;0;0;0;0;16487.39;11280.08;5207.32;32442.057
2026-08-07T13:51:08.042245+02:00;standby;26.7;52.3;5.0;28.0;59.2;57.0;0;0;0;0;16487.39;11280.08;5207.32;32442.057
2026-08-07T13:52:09.137101+02:00;standby;26.7;52.2;5.0;28.0;59.2;57.0;0;0;0;0;16487.39;11280.08;5207.32;32442.057
2026-08-07T13:53:09.843163+02:00;standby;26.7;52.1;5.0;28.0;59.2;57.0;0;0;0;0;16487.39;11280.08;5207.32;32442.057
2026-08-07T13:54:10.323139+02:00;standby;26.7;52.0;5.0;28.0;59.1;57.0;0;0;0;0;16487.39;11280.08;5207.32;32442.057
2026-08-07T13:55:10.835403+02:00;standby;26.7;51.9;5.0;28.0;59.1;57.0;0;0;0;0;16487.39;11280.08;5207.32;32442.057
2026-08-07T13:56:11.357608+02:00;standby;26.7;51.8;5.0;28.0;59.1;57.0;0;0;0;0;16487.39;11280.08;5207.32;32442.057
2026-08-07T13:57:11.878310+02:00;standby;26.7;51.7;5.0;28.0;59.1;57.0;0;0;0;0;16487.39;11280.08;5207.32;32442.057
2026-08-07T13:58:12.376852+02:00;standby;26.7;51.6;5.0;28.0;59.1;57.0;0;0;0;0;16487.39;11280.08;5207.32;32442.057
2026-08-07T13:59:12.913299+02:00;standby;26.7;51.4;5.0;28.0;59.1;57.0;0;0;0;0;16487.39;11280.08;5207.32;32442.057
2026-08-07T14:00:13.331538+02:00;standby;26.7;51.3;5.0;28.0;59.1;57.0;0;0;0;0;16487.39;11280.08;5207.32;32442.057
2026-08-07T14:01:14.054855+02:00;standby;26.7;51.2;5.0;28.0;59.1;57.0;0;0;0;0;16487.39;11280.08;5207.32;32442.057
2026-08-07T14:02:14.679822+02:00;standby;26.7;51.1;5.0;28.0;59.1;57.0;0;0;0;0;16487.39;11280.08;5207.32;32442.057
2026-08-07T14:03:15.467291+02:00;standby;26.7;51.0;5.0;28.0;59.1;57.0;0;0;0;0;16487.39;11280.08;5207.32;32442.057
2026-08-07T14:04:16.124174+02:00;standby;26.7;50.9;5.0;28.0;59.1;57.0;0;0;0;0;16487.39;11280.08;5207.32;32442.057
2026-08-07T14:05:16.850260+02:00;standby;26.7;50.8;5.0;28.0;59.1;57.0;0;0;0;0;16487.39;11280.08;5207.32;32442.057
2026-08-07T14:06:17.829494+02:00;standby;26.7;50.7;5.0;28.0;59.1;57.0;0;0;0;0;16487.39;11280.08;5207.32;32442.057
2026-08-07T14:07:18.334429+02:00;standby;26.7;50.6;5.0;28.0;59.1;57.0;0;0;0;0;16487.39;11280.08;5207.32;32442.057
2026-08-07T14:08:18.860090+02:00;standby;27.2;50.4;5.0;28.0;58.9;57.0;0;0;0;0;16487.39;11280.08;5207.32;32442.057
2026-08-07T14:09:19.340778+02:00;standby;27.2;50.3;5.0;28.0;58.9;57.0;0;0;0;0;16487.39;11280.08;5207.32;32442.057
2026-08-07T14:10:21.025303+02:00;standby;27.2;50.2;5.0;28.0;58.9;57.0;0;0;0;0;16487.39;11280.08;5207.32;32442.057
2026-08-07T14:11:21.545125+02:00;standby;27.2;50.1;5.0;28.0;58.9;57.0;0;0;0;0;16487.39;11280.08;5207.32;32442.057
2026-08-07T14:12:22.018118+02:00;standby;27.2;50.0;5.0;28.0;58.9;57.0;0;0;0;0;16487.39;11280.08;5207.32;32442.057
2026-08-07T14:13:22.435913+02:00;standby;27.2;49.9;5.0;28.0;58.9;57.0;0;0;0;0;16487.39;11280.08;5207.32;32442.057
2026-08-07T14:14:24.509013+02:00;standby;27.2;49.8;5.0;28.0;58.9;57.0;0;0;0;0;16487.39;11280.08;5207.32;32442.057
2026-08-07T14:15:25.570296+02:00;standby;27.2;49.7;5.0;28.0;58.9;57.0;0;0;0;0;16487.39;11280.08;5207.32;32442.057
2026-08-07T14:16:26.796521+02:00;standby;27.2;49.5;5.0;28.0;58.9;57.0;0;0;0;0;16487.39;11280.08;5207.32;32442.057
2026-08-07T14:17:27.337256+02:00;standby;27.2;49.4;5.0;28.0;58.9;57.0;0;0;0;0;16487.39;11280.08;5207.32;32442.057
2026-08-07T14:18:28.005303+02:00;standby;27.2;49.3;5.0;28.0;58.9;57.0;0;0;0;0;16487.39;11280.08;5207.32;32442.057
2026-08-07T14:19:28.580985+02:00;standby;27.2;49.2;5.0;28.0;58.8;57.0;0;0;0;0;16487.39;11280.08;5207.32;32442.057
2026-08-07T14:20:29.454208+02:00;standby;27.2;49.2;5.0;28.0;58.8;57.0;0;0;0;0;16487.39;11280.08;5207.32;32442.057
2026-08-07T14:21:29.917052+02:00;standby;27.2;49.1;5.0;28.0;58.8;57.0;0;0;0;0;16487.39;11280.08;5207.32;32442.057
2026-08-07T14:22:30.495655+02:00;standby;27.2;49.0;5.0;28.0;58.8;57.0;0;0;0;0;16487.39;11280.08;5207.32;32442.057
2026-08-07T14:23:31.209762+02:00;standby;27.2;48.9;5.0;28.0;58.8;57.0;0;0;0;0;16487.39;11280.08;5207.32;32442.057
2026-08-07T14:24:31.814346+02:00;standby;27.2;48.7;5.0;28.0;58.8;57.0;0;0;0;0;16487.39;11280.08;5207.32;32442.057
2026-08-07T14:25:32.440787+02:00;standby;27.2;48.6;5.0;28.0;58.8;57.0;0;0;0;0;16487.39;11280.08;5207.32;32442.057
2026-08-07T14:26:33.011875+02:00;standby;27.2;48.5;5.0;28.0;58.8;57.0;0;0;0;0;16487.39;11280.08;5207.32;32442.057
2026-08-07T14:27:33.547039+02:00;standby;27.2;48.4;5.0;28.0;58.8;57.0;0;0;0;0;16487.39;11280.08;5207.32;32442.057
2026-08-07T14:28:34.372087+02:00;standby;27.2;48.3;5.0;28.0;58.8;57.0;0;0;0;0;16487.39;11280.08;5207.32;32442.057
2026-08-07T14:29:35.301311+02:00;standby;27.2;48.3;5.0;28.0;58.8;57.0;0;0;0;0;16487.39;11280.08;5207.32;32442.057
2026-08-07T14:30:35.974363+02:00;standby;27.2;48.2;5.0;28.0;58.8;57.0;0;0;0;0;16487.39;11280.08;5207.32;32442.057
2026-08-07T14:31:36.444925+02:00;standby;27.2;48.1;5.0;28.0;58.8;57.0;0;0;0;0;16487.39;11280.08;5207.32;32442.057
2026-08-07T14:32:37.888395+02:00;standby;27.2;48.0;5.0;28.0;58.8;57.0;0;0;0;0;16487.39;11280.08;5207.32;32442.057
2026-08-07T14:33:38.437359+02:00;standby;27.2;47.8;5.0;28.0;58.7;57.0;0;0;0;0;16487.39;11280.08;5207.32;32442.057
2026-08-07T14:34:38.953654+02:00;standby;27.2;47.7;5.0;28.0;58.7;57.0;0;0;0;0;16487.39;11280.08;5207.32;32442.057
2026-08-07T14:35:39.395016+02:00;standby;27.2;47.6;5.0;28.0;58.7;57.0;0;0;0;0;16487.39;11280.08;5207.32;32442.057
2026-08-07T14:36:39.909446+02:00;standby;27.2;47.6;5.0;28.0;58.7;57.0;0;0;0;0;16487.39;11280.08;5207.32;32442.057
2026-08-07T14:37:40.328163+02:00;standby;27.2;47.5;5.0;28.0;58.7;57.0;0;0;0;0;16487.39;11280.08;5207.32;32442.057
2026-08-07T14:38:40.845146+02:00;standby;27.2;47.4;5.0;28.0;58.7;57.0;0;0;0;0;16487.39;11280.08;5207.32;32442.057
2026-08-07T14:39:41.325893+02:00;standby;27.2;47.3;5.0;28.0;58.7;57.0;0;0;0;0;16487.39;11280.08;5207.32;32442.057
2026-08-07T14:40:41.882175+02:00;standby;27.2;47.3;5.0;28.0;58.7;57.0;0;0;0;0;16487.39;11280.08;5207.32;32442.057
2026-08-07T14:41:42.557328+02:00;standby;27.2;47.2;5.0;28.0;58.7;57.0;0;0;0;0;16487.39;11280.08;5207.32;32442.057
2026-08-07T14:42:43.150621+02:00;standby;27.2;47.0;5.0;28.0;58.7;57.0;0;0;0;0;16487.39;11280.08;5207.32;32442.057
2026-08-07T14:43:43.799643+02:00;standby;27.2;46.9;5.0;28.0;58.7;57.0;0;0;0;0;16487.39;11280.08;5207.32;32442.057
2026-08-07T14:44:44.416367+02:00;standby;27.2;46.8;5.0;28.0;58.7;57.0;0;0;0;0;16487.39;11280.08;5207.32;32442.057
2026-08-07T14:45:44.891536+02:00;standby;27.2;46.8;5.0;28.0;58.7;57.0;0;0;0;0;16487.39;11280.08;5207.32;32442.057
2026-08-07T14:46:45.657242+02:00;standby;27.2;46.7;5.0;28.0;58.6;57.0;0;0;0;0;16487.39;11280.08;5207.32;32442.057
2026-08-07T14:47:46.438340+02:00;standby;27.2;46.6;5.0;28.0;58.6;57.0;0;0;0;0;16487.39;11280.08;5207.32;32442.057
2026-08-07T14:48:46.959945+02:00;standby;27.2;46.5;5.0;28.0;58.6;57.0;0;0;0;0;16487.39;11280.08;5207.32;32442.057
2026-08-07T14:49:47.478035+02:00;standby;27.2;46.4;5.0;28.0;58.6;57.0;0;0;0;0;16487.39;11280.08;5207.32;32442.057
2026-08-07T14:50:49.035575+02:00;standby;27.2;46.4;5.0;28.0;58.6;57.0;0;0;0;0;16487.39;11280.08;5207.32;32442.057
2026-08-07T14:51:49.628271+02:00;standby;27.2;46.2;5.0;28.0;58.6;57.0;0;0;0;0;16487.39;11280.08;5207.32;32442.057
2026-08-07T14:52:50.083327+02:00;standby;27.2;46.1;5.0;28.0;58.6;57.0;0;0;0;0;16487.39;11280.08;5207.32;32442.057
2026-08-07T14:53:50.632697+02:00;standby;27.2;46.0;5.0;28.0;58.6;57.0;0;0;0;0;16487.39;11280.08;5207.32;32442.057
2026-08-07T14:54:51.204724+02:00;standby;27.2;46.0;5.0;28.0;58.6;57.0;0;0;0;0;16487.39;11280.08;5207.32;32442.057
2026-08-07T14:55:51.780870+02:00;standby;27.2;45.9;5.0;28.0;58.6;57.0;0;0;0;0;16487.39;11280.08;5207.32;32442.057
2026-08-07T14:56:52.203995+02:00;standby;27.2;45.8;5.0;28.0;58.6;57.0;0;0;0;0;16487.39;11280.08;5207.32;32442.057
2026-08-07T14:57:52.866443+02:00;standby;27.2;45.8;5.0;28.0;58.6;57.0;0;0;0;0;16487.39;11280.08;5207.32;32442.057
2026-08-07T14:58:53.344300+02:00;standby;27.2;45.7;5.0;28.0;58.6;57.0;0;0;0;0;16487.39;11280.08;5207.32;32442.057
2026-08-07T14:59:54.254557+02:00;standby;27.2;45.6;5.0;28.0;58.5;57.0;0;0;0;0;16487.39;11280.08;5207.32;32442.057
2026-08-07T15:00:54.741969+02:00;standby;27.2;45.5;5.0;28.0;58.5;57.0;0;0;0;0;16487.39;11280.08;5207.32;32442.057
2026-08-07T15:01:56.540636+02:00;standby;27.2;45.5;5.0;28.0;58.5;57.0;0;0;0;0;16487.39;11280.08;5207.32;32442.057
2026-08-07T15:02:57.351778+02:00;standby;27.2;45.3;5.0;28.0;58.5;57.0;0;0;0;0;16487.39;11280.08;5207.32;32442.057
2026-08-07T15:03:58.081477+02:00;standby;27.2;45.2;5.0;28.0;58.5;57.0;0;0;0;0;16487.39;11280.08;5207.32;32442.057
2026-08-07T15:04:58.606426+02:00;standby;27.2;45.2;5.0;28.0;58.5;57.0;0;0;0;0;16487.39;11280.08;5207.32;32442.057
2026-08-07T15:05:59.071516+02:00;standby;27.2;45.1;5.0;28.0;58.5;57.0;0;0;0;0;16487.39;11280.08;5207.32;32442.057
2026-08-07T15:06:59.981993+02:00;standby;27.2;45.0;5.0;28.0;58.5;57.0;0;0;0;0;16487.39;11280.08;5207.32;32442.057
2026-08-07T15:08:00.684321+02:00;standby;27.2;44.9;5.0;28.0;58.5;57.0;0;0;0;0;16487.39;11280.08;5207.32;32442.057
2026-08-07T15:09:01.241609+02:00;standby;27.8;44.9;5.0;28.0;58.5;57.0;0;0;0;0;16487.39;11280.08;5207.32;32442.057
2026-08-07T15:10:01.722427+02:00;standby;27.8;44.8;5.0;28.0;58.5;57.0;0;0;0;0;16487.39;11280.08;5207.32;32442.057
2026-08-07T15:11:02.329186+02:00;standby;27.8;44.8;5.0;28.0;58.5;57.0;0;0;0;0;16487.39;11280.08;5207.32;32442.057
2026-08-07T15:12:03.023765+02:00;standby;27.8;44.7;5.0;28.0;58.4;57.0;0;0;0;0;16487.39;11280.08;5207.32;32442.057
2026-08-07T15:13:03.532887+02:00;standby;27.8;44.5;5.0;28.0;58.4;57.0;0;0;0;0;16487.39;11280.08;5207.32;32442.057
2026-08-07T15:14:04.105348+02:00;standby;27.8;44.5;5.0;28.0;58.4;57.0;0;0;0;0;16487.39;11280.08;5207.32;32442.057
2026-08-07T15:15:04.818477+02:00;standby;27.8;44.4;5.0;28.0;58.4;57.0;0;0;0;0;16487.39;11280.08;5207.32;32442.057
2026-08-07T15:16:05.799288+02:00;standby;27.8;44.3;5.0;28.0;58.4;57.0;0;0;0;0;16487.39;11280.08;5207.32;32442.057
2026-08-07T15:17:06.278115+02:00;standby;27.8;44.3;5.0;28.0;58.4;57.0;0;0;0;0;16487.39;11280.08;5207.32;32442.057
2026-08-07T15:18:06.837736+02:00;standby;27.8;44.2;5.0;28.0;58.4;57.0;0;0;0;0;16487.39;11280.08;5207.32;32442.057
2026-08-07T15:19:07.421944+02:00;standby;27.8;44.1;5.0;28.0;58.4;57.0;0;0;0;0;16487.39;11280.08;5207.32;32442.057
2026-08-07T15:20:08.339034+02:00;standby;27.8;44.1;5.0;28.0;58.4;57.0;0;0;0;0;16487.39;11280.08;5207.32;32442.057
2026-08-07T15:21:08.889504+02:00;standby;27.8;44.0;5.0;28.0;58.4;57.0;0;0;0;0;16487.39;11280.08;5207.32;32442.057
2026-08-07T15:22:09.579293+02:00;standby;27.8;44.0;5.0;28.0;58.4;57.0;0;0;0;0;16487.39;11280.08;5207.32;32442.057
2026-08-07T15:23:10.062221+02:00;standby;27.8;43.9;5.0;28.0;58.4;57.0;0;0;0;0;16487.39;11280.08;5207.32;32442.057
2026-08-07T15:24:10.797293+02:00;standby;27.8;43.7;5.0;28.0;58.3;57.0;0;0;0;0;16487.39;11280.08;5207.32;32442.057
2026-08-07T15:25:11.307655+02:00;standby;27.8;43.7;5.0;28.0;58.3;57.0;0;0;0;0;16487.39;11280.08;5207.32;32442.057
2026-08-07T15:26:11.965802+02:00;standby;27.8;43.6;5.0;28.0;58.3;57.0;0;0;0;0;16487.39;11280.08;5207.32;32442.057
2026-08-07T15:27:12.459748+02:00;standby;27.8;43.5;5.0;28.0;58.3;57.0;0;0;0;0;16487.39;11280.08;5207.32;32442.057
2026-08-07T15:28:13.086645+02:00;standby;27.8;43.5;5.0;28.0;58.3;57.0;0;0;0;0;16487.39;11280.08;5207.32;32442.057
2026-08-07T15:29:13.662781+02:00;standby;27.8;43.4;5.0;28.0;58.3;57.0;0;0;0;0;16487.39;11280.08;5207.32;32442.057
2026-08-07T15:30:14.281213+02:00;standby;27.8;43.4;5.0;28.0;58.3;57.0;0;0;0;0;16487.39;11280.08;5207.32;32442.057
2026-08-07T15:31:14.767522+02:00;standby;27.8;43.3;5.0;28.0;58.3;57.0;0;0;0;0;16487.39;11280.08;5207.32;32442.057
2026-08-07T15:32:15.290730+02:00;standby;27.8;43.2;5.0;28.0;58.3;57.0;0;0;0;0;16487.39;11280.08;5207.32;32442.057
2026-08-07T15:33:15.757317+02:00;standby;27.8;43.2;5.0;28.0;58.3;57.0;0;0;0;0;16487.39;11280.08;5207.32;32442.057
2026-08-07T15:34:16.628395+02:00;standby;27.8;43.1;5.0;28.0;58.3;57.0;0;0;0;0;16487.39;11280.08;5207.32;32442.057
2026-08-07T15:35:17.182037+02:00;standby;27.8;43.1;5.0;28.0;58.3;57.0;0;0;0;0;16487.39;11280.08;5207.32;32442.057
2026-08-07T15:36:17.957754+02:00;standby;27.8;43.0;5.0;28.0;58.3;57.0;0;0;0;0;16487.39;11280.08;5207.32;32442.057
2026-08-07T15:37:18.500773+02:00;standby;27.8;43.0;5.0;28.0;58.2;57.0;0;0;0;0;16487.39;11280.08;5207.32;32442.057
2026-08-07T15:38:18.917012+02:00;standby;27.8;42.8;5.0;28.0;58.2;57.0;0;0;0;0;16487.39;11280.08;5207.32;32442.057
2026-08-07T15:39:19.668884+02:00;standby;27.8;42.7;5.0;28.0;58.2;57.0;0;0;0;0;16487.39;11280.08;5207.32;32442.057
2026-08-07T15:40:20.130238+02:00;standby;27.8;42.7;5.0;28.0;58.2;57.0;0;0;0;0;16487.39;11280.08;5207.32;32442.057
2026-08-07T15:41:20.978939+02:00;standby;27.8;42.6;5.0;28.0;58.2;57.0;0;0;0;0;16487.39;11280.08;5207.32;32442.057
2026-08-07T15:42:21.445077+02:00;standby;27.8;42.6;5.0;28.0;58.2;57.0;0;0;0;0;16487.39;11280.08;5207.32;32442.057
2026-08-07T15:43:21.912759+02:00;standby;27.8;42.5;5.0;28.0;58.2;57.0;0;0;0;0;16487.39;11280.08;5207.32;32442.057
2026-08-07T15:44:22.406028+02:00;standby;27.8;42.5;5.0;28.0;58.2;57.0;0;0;0;0;16487.39;11280.08;5207.32;32442.057
2026-08-07T15:45:22.906690+02:00;standby;27.8;42.4;5.0;28.0;58.2;57.0;0;0;0;0;16487.39;11280.08;5207.32;32442.057
2026-08-07T15:46:23.958173+02:00;standby;27.8;42.3;5.0;28.0;58.2;57.0;0;0;0;0;16487.39;11280.08;5207.32;32442.057
2026-08-07T15:47:24.406340+02:00;standby;27.8;42.3;5.0;28.0;58.2;57.0;0;0;0;0;16487.39;11280.08;5207.32;32442.057
2026-08-07T15:48:25.095782+02:00;standby;27.8;42.2;5.0;28.0;58.1;57.0;0;0;0;0;16487.39;11280.08;5207.32;32442.057
2026-08-07T15:49:26.002030+02:00;standby;27.8;42.2;5.0;28.0;58.1;57.0;0;0;0;0;16487.39;11280.08;5207.32;32442.057
2026-08-07T15:50:26.625794+02:00;standby;27.8;42.0;5.0;28.0;58.1;57.0;0;0;0;0;16487.39;11280.08;5207.32;32442.057
2026-08-07T15:51:27.198891+02:00;standby;27.8;42.0;5.0;28.0;58.1;57.0;0;0;0;0;16487.39;11280.08;5207.32;32442.057
2026-08-07T15:52:27.982932+02:00;standby;27.8;41.9;5.0;28.0;58.1;57.0;0;0;0;0;16487.39;11280.08;5207.32;32442.057
2026-08-07T15:53:28.774053+02:00;standby;27.8;41.9;5.0;28.0;58.1;57.0;0;0;0;0;16487.39;11280.08;5207.32;32442.057
2026-08-07T15:54:29.215761+02:00;standby;27.8;41.8;5.0;28.0;58.1;57.0;0;0;0;0;16487.39;11280.08;5207.32;32442.057
2026-08-07T15:55:29.961649+02:00;standby;27.8;41.8;5.0;28.0;58.1;57.0;0;0;0;0;16487.39;11280.08;5207.32;32442.057
2026-08-07T15:56:30.458461+02:00;standby;27.8;41.7;5.0;28.0;58.1;57.0;0;0;0;0;16487.39;11280.08;5207.32;32442.057
2026-08-07T15:57:31.134459+02:00;standby;27.8;41.7;5.0;28.0;58.1;57.0;0;0;0;0;16487.39;11280.08;5207.32;32442.057
2026-08-07T15:58:31.716717+02:00;standby;27.8;41.6;5.0;28.0;58.1;57.0;0;0;0;0;16487.39;11280.08;5207.32;32442.057
2026-08-07T15:59:32.219771+02:00;standby;27.8;41.6;5.0;28.0;58.1;57.0;0;0;0;0;16487.39;11280.08;5207.32;32442.057
2026-08-07T16:00:32.743093+02:00;standby;27.8;41.5;5.0;28.0;58.1;57.0;0;0;0;0;16487.39;11280.08;5207.32;32442.057
2026-08-07T16:01:33.271544+02:00;standby;27.8;41.5;5.0;28.0;58.0;57.0;0;0;0;0;16487.39;11280.08;5207.32;32442.057
2026-08-07T16:02:33.757040+02:00;standby;27.8;41.4;5.0;28.0;58.0;57.0;0;0;0;0;16487.39;11280.08;5207.32;32442.057
2026-08-07T16:03:34.215360+02:00;standby;27.8;41.4;5.0;28.0;58.0;57.0;0;0;0;0;16487.39;11280.08;5207.32;32442.057
2026-08-07T16:04:37.066787+02:00;standby;27.8;41.2;5.0;28.0;58.0;57.0;0;0;0;0;16487.39;11280.08;5207.32;32442.057
2026-08-07T16:05:37.593031+02:00;standby;27.8;41.2;5.0;28.0;58.0;57.0;0;0;0;0;16487.39;11280.08;5207.32;32442.057
2026-08-07T16:06:38.106591+02:00;standby;27.8;41.1;5.0;28.0;58.0;57.0;0;0;0;0;16487.39;11280.08;5207.32;32442.057
2026-08-07T16:07:38.607267+02:00;standby;27.8;41.1;5.0;28.0;58.0;57.0;0;0;0;0;16487.39;11280.08;5207.32;32442.057
2026-08-07T16:08:39.223903+02:00;standby;27.8;41.0;5.0;28.0;58.0;57.0;0;0;0;0;16487.39;11280.08;5207.32;32442.057
2026-08-07T16:09:39.769035+02:00;standby;28.0;41.0;5.0;28.0;58.0;57.0;0;0;0;0;16487.39;11280.08;5207.32;32442.057
2026-08-07T16:10:40.236265+02:00;standby;28.0;40.9;5.0;28.0;58.0;57.0;0;0;0;0;16487.39;11280.08;5207.32;32442.057
2026-08-07T16:11:41.027085+02:00;standby;28.0;40.9;5.0;28.0;57.9;57.0;0;0;0;0;16487.39;11280.08;5207.32;32442.057
2026-08-07T16:12:41.484787+02:00;standby;28.0;40.8;5.0;28.0;57.9;57.0;0;0;0;0;16487.39;11280.08;5207.32;32442.057
2026-08-07T16:13:42.156205+02:00;standby;28.0;40.8;5.0;28.0;57.9;57.0;0;0;0;0;16487.39;11280.08;5207.32;32442.057
2026-08-07T16:14:42.701449+02:00;standby;28.0;40.7;5.0;28.0;57.9;57.0;0;0;0;0;16487.39;11280.08;5207.32;32442.057
2026-08-07T16:15:43.295154+02:00;standby;28.0;40.7;5.0;28.0;57.9;57.0;0;0;0;0;16487.39;11280.08;5207.32;32442.057
2026-08-07T16:16:43.811198+02:00;standby;28.0;40.7;5.0;28.0;57.9;57.0;0;0;0;0;16487.39;11280.08;5207.32;32442.057
2026-08-07T16:17:44.247849+02:00;standby;28.0;40.6;5.0;28.0;57.9;57.0;0;0;0;0;16487.39;11280.08;5207.32;32442.057
2026-08-07T16:18:44.776618+02:00;standby;28.0;40.5;5.0;28.0;57.9;57.0;0;0;0;0;16487.39;11280.08;5207.32;32442.057
2026-08-07T16:19:45.403428+02:00;standby;28.0;40.5;5.0;28.0;57.9;57.0;0;0;0;0;16487.39;11280.08;5207.32;32442.057
2026-08-07T16:20:45.903237+02:00;standby;28.0;40.5;5.0;28.0;57.9;57.0;0;0;0;0;16487.39;11280.08;5207.32;32442.057
2026-08-07T16:21:46.730237+02:00;standby;28.0;40.3;5.0;28.0;57.9;57.0;0;0;0;0;16487.39;11280.08;5207.32;32442.057
2026-08-07T16:22:47.210166+02:00;standby;28.0;40.3;5.0;28.0;57.9;57.0;0;0;0;0;16487.39;11280.08;5207.32;32442.057
2026-08-07T16:23:48.161233+02:00;standby;28.0;40.2;5.0;28.0;57.9;57.0;0;0;0;0;16487.39;11280.08;5207.32;32442.057
2026-08-07T16:24:48.688170+02:00;standby;28.0;40.2;5.0;28.0;57.8;57.0;0;0;0;0;16487.39;11280.08;5207.32;32442.057
2026-08-07T16:25:49.360101+02:00;standby;28.0;40.1;5.0;28.0;57.8;57.0;0;0;0;0;16487.39;11280.08;5207.32;32442.057
2026-08-07T16:26:49.981306+02:00;standby;28.0;40.1;5.0;28.0;57.8;57.0;0;0;0;0;16487.39;11280.08;5207.32;32442.057
2026-08-07T16:27:51.791068+02:00;standby;28.0;40.1;5.0;28.0;57.8;57.0;0;0;0;0;16487.39;11280.08;5207.32;32442.057
2026-08-07T16:28:52.249213+02:00;standby;28.0;40.0;5.0;28.0;57.8;57.0;0;0;0;0;16487.39;11280.08;5207.32;32442.057
2026-08-07T16:29:52.662396+02:00;standby;28.0;40.0;5.0;28.0;57.8;57.0;0;0;0;0;16487.39;11280.08;5207.32;32442.057
2026-08-07T16:30:53.136862+02:00;standby;28.0;39.9;5.0;28.0;57.8;57.0;0;0;0;0;16487.39;11280.08;5207.32;32442.057
2026-08-07T16:31:53.705460+02:00;standby;28.0;39.9;5.0;28.0;57.8;57.0;0;0;0;0;16487.39;11280.08;5207.32;32442.057
2026-08-07T16:32:54.240245+02:00;standby;28.0;39.8;5.0;28.0;57.8;57.0;0;0;0;0;16487.39;11280.08;5207.32;32442.057
2026-08-07T16:33:54.793881+02:00;standby;28.0;39.8;5.0;28.0;57.8;57.0;0;0;0;0;16487.39;11280.08;5207.32;32442.057
2026-08-07T16:34:55.305662+02:00;standby;28.0;39.8;5.0;28.0;57.8;57.0;0;0;0;0;16487.39;11280.08;5207.32;32442.057
2026-08-07T16:35:55.972652+02:00;standby;28.0;39.6;5.0;28.0;57.7;57.0;0;0;0;0;16487.39;11280.08;5207.32;32442.057
2026-08-07T16:36:56.521382+02:00;standby;28.0;39.6;5.0;28.0;57.7;57.0;0;0;0;0;16487.39;11280.08;5207.32;32442.057
2026-08-07T16:37:57.025597+02:00;standby;28.0;39.5;5.0;28.0;57.7;57.0;0;0;0;0;16487.39;11280.08;5207.32;32442.057
2026-08-07T16:38:58.730074+02:00;standby;28.0;39.5;5.0;28.0;57.7;57.0;0;0;0;0;16487.39;11280.08;5207.32;32442.057
2026-08-07T16:39:59.263163+02:00;standby;28.0;39.5;5.0;28.0;57.7;57.0;0;0;0;0;16487.39;11280.08;5207.32;32442.057
2026-08-07T16:40:59.764811+02:00;standby;28.0;39.4;5.0;28.0;57.7;57.0;0;0;0;0;16487.39;11280.08;5207.32;32442.057
2026-08-07T16:42:00.462003+02:00;standby;28.0;39.4;5.0;28.0;57.7;57.0;0;0;0;0;16487.39;11280.08;5207.32;32442.057
2026-08-07T16:43:01.082871+02:00;standby;28.0;39.3;5.0;28.0;57.7;57.0;0;0;0;0;16487.39;11280.08;5207.32;32442.057
2026-08-07T16:44:01.795028+02:00;standby;28.0;39.3;5.0;28.0;57.7;57.0;0;0;0;0;16487.39;11280.08;5207.32;32442.057
2026-08-07T16:45:02.225144+02:00;standby;28.0;39.3;5.0;28.0;57.7;57.0;0;0;0;0;16487.39;11280.08;5207.32;32442.057
2026-08-07T16:46:02.763550+02:00;standby;28.0;39.1;5.0;28.0;57.7;57.0;0;0;0;0;16487.39;11280.08;5207.32;32442.057
2026-08-07T16:47:03.385853+02:00;standby;28.0;39.1;5.0;28.0;57.7;57.0;0;0;0;0;16487.39;11280.08;5207.32;32442.057
2026-08-07T16:48:04.026877+02:00;standby;28.0;39.0;5.0;28.0;57.6;57.0;0;0;0;0;16487.39;11280.08;5207.32;32442.057
2026-08-07T16:49:04.525717+02:00;standby;28.0;39.0;5.0;28.0;57.6;57.0;0;0;0;0;16487.39;11280.08;5207.32;32442.057
2026-08-07T16:50:05.162295+02:00;standby;28.0;39.0;5.0;28.0;57.6;57.0;0;0;0;0;16487.39;11280.08;5207.32;32442.057
2026-08-07T16:51:05.704169+02:00;standby;28.0;38.9;5.0;28.0;57.6;57.0;0;0;0;0;16487.39;11280.08;5207.32;32442.057
2026-08-07T16:52:06.197134+02:00;standby;28.0;38.9;5.0;28.0;57.6;57.0;0;0;0;0;16487.39;11280.08;5207.32;32442.057
2026-08-07T16:53:06.830291+02:00;standby;28.0;38.9;5.0;28.0;57.6;57.0;0;0;0;0;16487.39;11280.08;5207.32;32442.057
2026-08-07T16:54:07.306360+02:00;standby;28.0;38.8;5.0;28.0;57.6;57.0;0;0;0;0;16487.39;11280.08;5207.32;32442.057
2026-08-07T16:55:08.049045+02:00;standby;28.0;38.8;5.0;28.0;57.6;57.0;0;0;0;0;16487.39;11280.08;5207.32;32442.057
2026-08-07T16:56:08.569177+02:00;standby;28.0;38.6;5.0;28.0;57.6;57.0;0;0;0;0;16487.39;11280.08;5207.32;32442.057
2026-08-07T16:57:09.419798+02:00;standby;28.0;38.6;5.0;28.0;57.5;57.0;0;0;0;0;16487.39;11280.08;5207.32;32442.057
2026-08-07T16:58:10.018173+02:00;standby;28.0;38.6;5.0;28.0;57.5;57.0;0;0;0;0;16487.39;11280.08;5207.32;32442.057
2026-08-07T16:59:10.516652+02:00;standby;28.0;38.5;5.0;28.0;57.5;57.0;0;0;0;0;16487.39;11280.08;5207.32;32442.057
2026-08-07T17:00:11.033273+02:00;standby;28.0;38.5;5.0;28.0;57.5;57.0;0;0;0;0;16487.39;11280.08;5207.32;32442.057
2026-08-07T17:01:11.779511+02:00;standby;28.0;38.5;5.0;28.0;57.5;57.0;0;0;0;0;16487.39;11280.08;5207.32;32442.057
2026-08-07T17:02:12.218845+02:00;standby;28.0;38.4;5.0;28.0;57.5;57.0;0;0;0;0;16487.39;11280.08;5207.32;32442.057
2026-08-07T17:03:12.729615+02:00;standby;28.0;38.4;5.0;28.0;57.5;57.0;0;0;0;0;16487.39;11280.08;5207.32;32442.057
2026-08-07T17:04:13.319075+02:00;standby;28.0;38.3;5.0;28.0;57.5;57.0;0;0;0;0;16487.39;11280.08;5207.32;32442.057
2026-08-07T17:05:13.777630+02:00;standby;28.0;38.3;5.0;28.0;57.5;57.0;0;0;0;0;16487.39;11280.08;5207.32;32442.057
2026-08-07T17:06:14.255583+02:00;standby;28.0;38.3;5.0;28.0;57.5;57.0;0;0;0;0;16487.39;11280.08;5207.32;32442.057
2026-08-07T17:07:14.877548+02:00;standby;28.0;38.1;5.0;28.0;57.5;57.0;0;0;0;0;16487.39;11280.08;5207.32;32442.057
2026-08-07T17:08:15.297841+02:00;standby;28.0;38.1;5.0;28.0;57.5;57.0;0;0;0;0;16487.39;11280.08;5207.32;32442.057
2026-08-07T17:09:16.123242+02:00;standby;28.0;38.1;5.0;28.0;57.4;57.0;0;0;0;0;16487.39;11280.08;5207.32;32442.057
2026-08-07T17:10:16.663472+02:00;standby;28.4;38.0;5.0;28.0;57.4;57.0;0;0;0;0;16487.39;11280.08;5207.32;32442.057
2026-08-07T17:11:17.718431+02:00;standby;28.4;38.0;5.0;28.0;57.4;57.0;0;0;0;0;16487.39;11280.08;5207.32;32442.057
2026-08-07T17:12:18.393169+02:00;standby;28.4;38.0;5.0;28.0;57.4;57.0;0;0;0;0;16487.39;11280.08;5207.32;32442.057
2026-08-07T17:13:18.887847+02:00;standby;28.4;37.9;5.0;28.0;57.4;57.0;0;0;0;0;16487.39;11280.08;5207.32;32442.057
2026-08-07T17:14:19.330784+02:00;standby;28.4;37.9;5.0;28.0;57.4;57.0;0;0;0;0;16487.39;11280.08;5207.32;32442.057
2026-08-07T17:15:20.406384+02:00;standby;28.4;37.9;5.0;28.0;57.4;57.0;0;0;0;0;16487.39;11280.08;5207.32;32442.057
2026-08-07T17:16:21.222404+02:00;standby;28.4;37.8;5.0;28.0;57.4;57.0;0;0;0;0;16487.39;11280.08;5207.32;32442.057
2026-08-07T17:17:21.746254+02:00;standby;28.4;37.8;5.0;28.0;57.4;57.0;0;0;0;0;16487.39;11280.08;5207.32;32442.057
2026-08-07T17:18:22.226784+02:00;standby;28.4;37.8;5.0;28.0;57.4;57.0;0;0;0;0;16487.39;11280.08;5207.32;32442.057
2026-08-07T17:19:22.672121+02:00;standby;28.4;37.7;5.0;28.0;57.3;57.0;0;0;0;0;16487.39;11280.08;5207.32;32442.057
2026-08-07T17:20:23.188911+02:00;standby;28.4;37.7;5.0;28.0;57.3;57.0;0;0;0;0;16487.39;11280.08;5207.32;32442.057
2026-08-07T17:21:23.702936+02:00;standby;28.4;37.5;5.0;28.0;57.3;57.0;0;0;0;0;16487.39;11280.08;5207.32;32442.057
2026-08-07T17:22:24.205979+02:00;standby;28.4;37.5;5.0;28.0;57.3;57.0;0;0;0;0;16487.39;11280.08;5207.32;32442.057
2026-08-07T17:23:24.739945+02:00;standby;28.4;37.5;5.0;28.0;57.3;57.0;0;0;0;0;16487.39;11280.08;5207.32;32442.057
2026-08-07T17:24:25.266368+02:00;standby;28.4;37.5;5.0;28.0;57.3;57.0;0;0;0;0;16487.39;11280.08;5207.32;32442.057
2026-08-07T17:25:25.864728+02:00;standby;28.4;37.4;5.0;28.0;57.3;57.0;0;0;0;0;16487.39;11280.08;5207.32;32442.057
2026-08-07T17:26:26.383511+02:00;standby;28.4;37.4;5.0;28.0;57.3;57.0;0;0;0;0;16487.39;11280.08;5207.32;32442.057
2026-08-07T17:27:27.070244+02:00;standby;28.4;37.4;5.0;28.0;57.3;57.0;0;0;0;0;16487.39;11280.08;5207.32;32442.057
2026-08-07T17:28:27.871134+02:00;standby;28.4;37.3;5.0;28.0;57.3;57.0;0;0;0;0;16487.39;11280.08;5207.32;32442.057
2026-08-07T17:29:28.708038+02:00;standby;28.4;37.3;5.0;28.0;57.3;57.0;0;0;0;0;16487.39;11280.08;5207.32;32442.057
2026-08-07T17:30:29.170609+02:00;standby;28.4;37.3;5.0;28.0;57.3;57.0;0;0;0;0;16487.39;11280.08;5207.32;32442.057
2026-08-07T17:31:29.831614+02:00;standby;28.4;37.2;5.0;28.0;57.2;57.0;0;0;0;0;16487.39;11280.08;5207.32;32442.057
2026-08-07T17:32:30.318935+02:00;standby;28.4;37.2;5.0;28.0;57.2;57.0;0;0;0;0;16487.39;11280.08;5207.32;32442.057
2026-08-07T17:33:31.296847+02:00;standby;28.4;37.2;5.0;28.0;57.2;57.0;0;0;0;0;16487.39;11280.08;5207.32;32442.057
2026-08-07T17:34:31.824526+02:00;standby;28.4;37.0;5.0;28.0;57.2;57.0;0;0;0;0;16487.39;11280.08;5207.32;32442.057
2026-08-07T17:35:32.509027+02:00;standby;28.4;37.0;5.0;28.0;57.2;57.0;0;0;0;0;16487.39;11280.08;5207.32;32442.057
2026-08-07T17:36:33.066481+02:00;standby;28.4;37.0;5.0;28.0;57.2;57.0;0;0;0;0;16487.39;11280.08;5207.32;32442.057
2026-08-07T17:37:33.548531+02:00;standby;28.4;37.0;5.0;28.0;57.2;57.0;0;0;0;0;16487.39;11280.08;5207.32;32442.057
2026-08-07T17:38:34.185074+02:00;standby;28.4;36.9;5.0;28.0;57.2;57.0;0;0;0;0;16487.39;11280.08;5207.32;32442.057
2026-08-07T17:39:34.691719+02:00;standby;28.4;36.9;5.0;28.0;57.2;57.0;0;0;0;0;16487.39;11280.08;5207.32;32442.057
2026-08-07T17:40:35.538303+02:00;standby;28.4;36.9;5.0;28.0;57.2;57.0;0;0;0;0;16487.39;11280.08;5207.32;32442.057
2026-08-07T17:41:36.034243+02:00;standby;28.4;36.8;5.0;28.0;57.2;57.0;0;0;0;0;16487.39;11280.08;5207.32;32442.057
2026-08-07T17:42:36.556476+02:00;standby;28.4;36.8;5.0;28.0;57.2;57.0;0;0;0;0;16487.39;11280.08;5207.32;32442.057
2026-08-07T17:43:37.110320+02:00;standby;28.4;36.8;5.0;28.0;57.1;57.0;0;0;0;0;16487.39;11280.08;5207.32;32442.057
2026-08-07T17:44:37.613015+02:00;standby;28.4;36.7;5.0;28.0;57.1;57.0;0;0;0;0;16487.39;11280.08;5207.32;32442.057
2026-08-07T17:45:38.212436+02:00;standby;28.4;36.7;5.0;28.0;57.1;57.0;0;0;0;0;16487.39;11280.08;5207.32;32442.057
2026-08-07T17:46:38.845456+02:00;standby;28.4;36.7;5.0;28.0;57.1;57.0;0;0;0;0;16487.39;11280.08;5207.32;32442.057
2026-08-07T17:47:39.470853+02:00;standby;28.4;36.7;5.0;28.0;57.1;57.0;0;0;0;0;16487.39;11280.08;5207.32;32442.057
2026-08-07T17:48:39.977371+02:00;standby;28.4;36.5;5.0;28.0;57.1;57.0;0;0;0;0;16487.39;11280.08;5207.32;32442.057
2026-08-07T17:49:40.811885+02:00;standby;28.4;36.5;5.0;28.0;57.1;57.0;0;0;0;0;16487.39;11280.08;5207.32;32442.057
2026-08-07T17:50:41.302180+02:00;standby;28.4;36.5;5.0;28.0;57.1;57.0;0;0;0;0;16487.39;11280.08;5207.32;32442.057
2026-08-07T17:51:42.152228+02:00;standby;28.4;36.4;5.0;28.0;57.1;57.0;0;0;0;0;16487.39;11280.08;5207.32;32442.057
2026-08-07T17:52:42.684933+02:00;standby;28.4;36.4;5.0;28.0;57.1;57.0;0;0;0;0;16487.39;11280.08;5207.32;32442.057
2026-08-07T17:53:43.187016+02:00;standby;28.4;36.4;5.0;28.0;57.1;57.0;0;0;0;0;16487.39;11280.08;5207.32;32442.057
2026-08-07T17:54:43.825595+02:00;standby;28.4;36.4;5.0;28.0;56.9;57.0;0;0;0;0;16487.39;11280.08;5207.32;32442.057
2026-08-07T17:55:44.300761+02:00;standby;28.4;36.3;5.0;28.0;56.9;57.0;0;0;0;0;16487.39;11280.08;5207.32;32442.057
2026-08-07T17:56:44.760712+02:00;standby;28.4;36.3;5.0;28.0;56.9;57.0;0;0;0;0;16487.39;11280.08;5207.32;32442.057
2026-08-07T17:57:45.477611+02:00;standby;28.4;36.3;5.0;28.0;56.9;57.0;0;0;0;0;16487.39;11280.08;5207.32;32442.057
2026-08-07T17:58:46.414865+02:00;standby;28.4;36.3;5.0;28.0;56.9;57.0;0;0;0;0;16487.39;11280.08;5207.32;32442.057
2026-08-07T17:59:47.457103+02:00;standby;28.4;36.2;5.0;28.0;56.9;57.0;0;0;0;0;16487.39;11280.08;5207.32;32442.057
2026-08-07T18:00:47.951026+02:00;standby;28.4;36.2;5.0;28.0;56.9;57.0;0;0;0;0;16487.39;11280.08;5207.32;32442.057
2026-08-07T18:01:48.466358+02:00;standby;28.4;36.2;5.0;28.0;56.9;57.0;0;0;0;0;16487.39;11280.08;5207.32;32442.057
2026-08-07T18:02:49.203588+02:00;standby;28.4;36.0;5.0;28.0;56.9;57.0;0;0;0;0;16487.39;11280.08;5207.32;32442.057
2026-08-07T18:03:49.707869+02:00;standby;28.4;36.0;5.0;28.0;56.9;57.0;0;0;0;0;16487.39;11280.08;5207.32;32442.057
2026-08-07T18:04:50.430661+02:00;standby;28.4;36.0;5.0;28.0;56.8;57.0;0;0;0;0;16487.39;11280.08;5207.32;32442.057
2026-08-07T18:05:51.470421+02:00;standby;28.4;36.0;5.0;28.0;56.8;57.0;0;0;0;0;16487.39;11280.08;5207.32;32442.057
2026-08-07T18:06:52.394602+02:00;standby;28.4;35.9;5.0;28.0;56.8;57.0;0;0;0;0;16487.39;11280.08;5207.32;32442.057
2026-08-07T18:07:52.917727+02:00;standby;28.4;35.9;5.0;28.0;56.8;57.0;0;0;0;0;16487.39;11280.08;5207.32;32442.057
2026-08-07T18:08:53.436334+02:00;standby;28.4;35.9;5.0;28.0;56.8;57.0;0;0;0;0;16487.39;11280.08;5207.32;32442.057
2026-08-07T18:09:54.076449+02:00;standby;28.4;35.9;5.0;28.0;56.8;57.0;0;0;0;0;16487.39;11280.08;5207.32;32442.057
2026-08-07T18:10:54.569743+02:00;standby;28.0;35.8;5.0;28.0;56.8;57.0;0;0;0;0;16487.39;11280.08;5207.32;32442.057
2026-08-07T18:11:55.044071+02:00;standby;28.0;35.8;5.0;28.0;56.8;57.0;0;0;0;0;16487.39;11280.08;5207.32;32442.057
2026-08-07T18:12:55.612969+02:00;standby;28.0;35.8;5.0;28.0;56.8;57.0;0;0;0;0;16487.39;11280.08;5207.32;32442.057
2026-08-07T18:13:56.230861+02:00;standby;28.0;35.7;5.0;28.0;56.8;57.0;0;0;0;0;16487.39;11280.08;5207.32;32442.057
2026-08-07T18:14:56.788291+02:00;standby;28.0;35.7;5.0;28.0;56.8;57.0;0;0;0;0;16487.39;11280.08;5207.32;32442.057
2026-08-07T18:15:57.372118+02:00;standby;28.0;35.7;5.0;28.0;56.7;57.0;0;0;0;0;16487.39;11280.08;5207.32;32442.057
2026-08-07T18:16:58.103779+02:00;standby;28.0;35.7;5.0;28.0;56.7;57.0;0;0;0;0;16487.39;11280.08;5207.32;32442.057
2026-08-07T18:17:58.733429+02:00;standby;28.0;35.7;5.0;28.0;56.7;57.0;0;0;0;0;16487.39;11280.08;5207.32;32442.057
2026-08-07T18:18:59.351015+02:00;standby;28.0;35.6;5.0;28.0;56.7;57.0;0;0;0;0;16487.39;11280.08;5207.32;32442.057
2026-08-07T18:19:59.857947+02:00;standby;28.0;35.6;5.0;28.0;56.7;57.0;0;0;0;0;16487.39;11280.08;5207.32;32442.057
2026-08-07T18:21:00.582527+02:00;standby;28.0;35.6;5.0;28.0;56.7;57.0;0;0;0;0;16487.39;11280.08;5207.32;32442.057
2026-08-07T18:22:01.101108+02:00;standby;28.0;35.6;5.0;28.0;56.7;57.0;0;0;0;0;16487.39;11280.08;5207.32;32442.057
2026-08-07T18:23:01.622053+02:00;standby;28.0;35.4;5.0;28.0;56.7;57.0;0;0;0;0;16487.39;11280.08;5207.32;32442.057
2026-08-07T18:24:03.091220+02:00;standby;28.0;35.4;5.0;28.0;56.7;57.0;0;0;0;0;16487.39;11280.08;5207.32;32442.057
2026-08-07T18:25:03.703036+02:00;standby;28.0;35.4;5.0;28.0;56.7;57.0;0;0;0;0;16487.39;11280.08;5207.32;32442.057
2026-08-07T18:26:04.307810+02:00;standby;28.0;35.4;5.0;28.0;56.7;57.0;0;0;0;0;16487.39;11280.08;5207.32;32442.057
2026-08-07T18:27:05.157282+02:00;standby;28.0;35.3;5.0;28.0;56.7;57.0;0;0;0;0;16487.39;11280.08;5207.32;32442.057
2026-08-07T18:28:05.657020+02:00;standby;28.0;35.3;5.0;28.0;56.6;57.0;0;0;0;0;16487.39;11280.08;5207.32;32442.057
2026-08-07T18:29:06.280755+02:00;standby;28.0;35.3;5.0;28.0;56.6;57.0;0;0;0;0;16487.39;11280.08;5207.32;32442.057
2026-08-07T18:30:06.942215+02:00;standby;28.0;35.3;5.0;28.0;56.6;57.0;0;0;0;0;16487.39;11280.08;5207.32;32442.057
2026-08-07T18:31:07.625513+02:00;standby;28.0;35.2;5.0;28.0;56.6;57.0;0;0;0;0;16487.39;11280.08;5207.32;32442.057
2026-08-07T18:32:08.140107+02:00;standby;28.0;35.2;5.0;28.0;56.6;57.0;0;0;0;0;16487.39;11280.08;5207.32;32442.057
2026-08-07T18:33:08.679750+02:00;standby;28.0;35.2;5.0;28.0;56.6;57.0;0;0;0;0;16487.39;11280.08;5207.32;32442.057
2026-08-07T18:34:09.520791+02:00;standby;28.0;35.2;5.0;28.0;56.6;57.0;0;0;0;0;16487.39;11280.08;5207.32;32442.057
2026-08-07T18:35:10.054377+02:00;standby;28.0;35.1;5.0;28.0;56.6;57.0;0;0;0;0;16487.39;11280.08;5207.32;32442.057
2026-08-07T18:36:10.757521+02:00;standby;28.0;35.1;5.0;28.0;56.6;57.0;0;0;0;0;16487.39;11280.08;5207.32;32442.057
2026-08-07T18:37:11.249084+02:00;standby;28.0;35.1;5.0;28.0;56.6;57.0;0;0;0;0;16487.39;11280.08;5207.32;32442.057
2026-08-07T18:38:11.881838+02:00;standby;28.0;35.1;5.0;28.0;56.5;57.0;0;0;0;0;16487.39;11280.08;5207.32;32442.057
2026-08-07T18:39:12.389406+02:00;standby;28.0;35.1;5.0;28.0;56.5;57.0;0;0;0;0;16487.39;11280.08;5207.32;32442.057
2026-08-07T18:40:13.007147+02:00;standby;28.0;34.9;5.0;28.0;56.5;57.0;0;0;0;0;16487.39;11280.08;5207.32;32442.057
2026-08-07T18:41:13.481781+02:00;standby;28.0;34.9;5.0;28.0;56.5;57.0;0;0;0;0;16487.39;11280.08;5207.32;32442.057
2026-08-07T18:42:13.958807+02:00;standby;28.0;34.9;5.0;28.0;56.5;57.0;0;0;0;0;16487.39;11280.08;5207.32;32442.057
2026-08-07T18:43:14.446434+02:00;standby;28.0;34.9;5.0;28.0;56.5;57.0;0;0;0;0;16487.39;11280.08;5207.32;32442.057
2026-08-07T18:44:14.990551+02:00;standby;28.0;34.8;5.0;28.0;56.5;57.0;0;0;0;0;16487.39;11280.08;5207.32;32442.057
2026-08-07T18:45:15.918093+02:00;standby;28.0;34.8;5.0;28.0;56.5;57.0;0;0;0;0;16487.39;11280.08;5207.32;32442.057
2026-08-07T18:46:16.486327+02:00;standby;28.0;34.8;5.0;28.0;56.5;57.0;0;0;0;0;16487.39;11280.08;5207.32;32442.057
2026-08-07T18:47:17.154071+02:00;standby;28.0;34.8;5.0;28.0;56.5;57.0;0;0;0;0;16487.39;11280.08;5207.32;32442.057
2026-08-07T18:48:18.111332+02:00;standby;28.0;34.8;5.0;28.0;56.5;57.0;0;0;0;0;16487.39;11280.08;5207.32;32442.057
2026-08-07T18:49:18.845455+02:00;standby;28.0;34.7;5.0;28.0;56.5;57.0;0;0;0;0;16487.39;11280.08;5207.32;32442.057
2026-08-07T18:50:19.331856+02:00;standby;28.0;34.7;5.0;28.0;56.4;57.0;0;0;0;0;16487.39;11280.08;5207.32;32442.057
2026-08-07T18:51:19.954080+02:00;standby;28.0;34.7;5.0;28.0;56.4;57.0;0;0;0;0;16487.39;11280.08;5207.32;32442.057
2026-08-07T18:52:20.468524+02:00;standby;28.0;34.7;5.0;28.0;56.4;57.0;0;0;0;0;16487.39;11280.08;5207.32;32442.057
2026-08-07T18:53:21.199218+02:00;standby;28.0;34.6;5.0;28.0;56.4;57.0;0;0;0;0;16487.39;11280.08;5207.32;32442.057
2026-08-07T18:54:21.719539+02:00;standby;28.0;34.6;5.0;28.0;56.4;57.0;0;0;0;0;16487.39;11280.08;5207.32;32442.057
2026-08-07T18:55:22.245550+02:00;standby;28.0;34.6;5.0;28.0;56.4;57.0;0;0;0;0;16487.39;11280.08;5207.32;32442.057
2026-08-07T18:56:22.752599+02:00;standby;28.0;34.6;5.0;28.0;56.4;57.0;0;0;0;0;16487.39;11280.08;5207.32;32442.057
2026-08-07T18:57:23.375502+02:00;standby;28.0;34.6;5.0;28.0;56.4;57.0;0;0;0;0;16487.39;11280.08;5207.32;32442.057
2026-08-07T18:58:23.898229+02:00;standby;28.0;34.4;5.0;28.0;56.4;57.0;0;0;0;0;16487.39;11280.08;5207.32;32442.057
2026-08-07T18:59:24.626194+02:00;standby;28.0;34.4;5.0;28.0;56.4;57.0;0;0;0;0;16487.39;11280.08;5207.32;32442.057
2026-08-07T19:00:25.675162+02:00;standby;28.0;34.4;5.0;28.0;56.3;57.0;0;0;0;0;16487.39;11280.08;5207.32;32442.057
2026-08-07T19:01:26.253720+02:00;standby;28.0;34.4;5.0;28.0;56.4;57.0;0;0;0;0;16487.39;11280.08;5207.32;32442.057
2026-08-07T19:02:27.446102+02:00;standby;28.0;34.4;5.0;28.0;56.3;57.0;0;0;0;0;16487.39;11280.08;5207.32;32442.057
2026-08-07T19:03:28.182093+02:00;standby;28.0;34.3;5.0;28.0;56.3;57.0;0;0;0;0;16487.39;11280.08;5207.32;32442.057
2026-08-07T19:04:28.654843+02:00;standby;28.0;34.3;5.0;28.0;56.3;57.0;0;0;0;0;16487.39;11280.08;5207.32;32442.057
2026-08-07T19:05:29.175278+02:00;standby;28.0;34.3;5.0;28.0;56.3;57.0;0;0;0;0;16487.39;11280.08;5207.32;32442.057
2026-08-07T19:06:29.691424+02:00;standby;28.0;34.3;5.0;28.0;56.3;57.0;0;0;0;0;16487.39;11280.08;5207.32;32442.057
2026-08-07T19:07:31.339965+02:00;standby;28.0;34.3;5.0;28.0;56.3;57.0;0;0;0;0;16487.39;11280.08;5207.32;32442.057
2026-08-07T19:08:31.954952+02:00;standby;28.0;34.2;5.0;28.0;56.3;57.0;0;0;0;0;16487.39;11280.08;5207.32;32442.057
2026-08-07T19:09:32.547711+02:00;standby;28.0;34.2;5.0;28.0;56.3;57.0;0;0;0;0;16487.39;11280.08;5207.32;32442.057
2026-08-07T19:10:32.991098+02:00;standby;28.0;34.2;5.0;28.0;56.3;57.0;0;0;0;0;16487.39;11280.08;5207.32;32442.057
2026-08-07T19:11:33.527087+02:00;standby;27.7;34.2;5.0;28.0;56.3;57.0;0;0;0;0;16487.39;11280.08;5207.32;32442.057
2026-08-07T19:12:34.032404+02:00;standby;27.7;34.2;5.0;28.0;56.2;57.0;0;0;0;0;16487.39;11280.08;5207.32;32442.057
2026-08-07T19:13:34.549879+02:00;standby;27.7;34.1;5.0;28.0;56.2;57.0;0;0;0;0;16487.39;11280.08;5207.32;32442.057
2026-08-07T19:14:35.728881+02:00;standby;27.7;34.1;5.0;28.0;56.2;57.0;0;0;0;0;16487.39;11280.08;5207.32;32442.057
2026-08-07T19:15:36.463089+02:00;standby;27.7;34.1;5.0;28.0;56.2;57.0;0;0;0;0;16487.39;11280.08;5207.32;32442.057
2026-08-07T19:16:37.040832+02:00;standby;27.7;34.1;5.0;28.0;56.2;57.0;0;0;0;0;16487.39;11280.08;5207.32;32442.057
2026-08-07T19:17:37.553899+02:00;standby;27.7;34.1;5.0;28.0;56.2;57.0;0;0;0;0;16487.39;11280.08;5207.32;32442.057
2026-08-07T19:18:38.226056+02:00;standby;27.7;34.0;5.0;28.0;56.2;57.0;0;0;0;0;16487.39;11280.08;5207.32;32442.057
2026-08-07T19:19:38.688472+02:00;standby;27.7;34.0;5.0;28.0;56.2;57.0;0;0;0;0;16487.39;11280.08;5207.32;32442.057
2026-08-07T19:20:39.329634+02:00;standby;27.7;34.0;5.0;28.0;56.2;57.0;0;0;0;0;16487.39;11280.08;5207.32;32442.057
2026-08-07T19:21:39.865903+02:00;standby;27.7;34.0;5.0;28.0;56.2;57.0;0;0;0;0;16487.39;11280.08;5207.32;32442.057
2026-08-07T19:22:40.457866+02:00;standby;27.7;34.0;5.0;28.0;56.2;57.0;0;0;0;0;16487.39;11280.08;5207.32;32442.057
2026-08-07T19:23:40.942459+02:00;standby;27.7;33.8;5.0;28.0;56.1;57.0;0;0;0;0;16487.39;11280.08;5207.32;32442.057
2026-08-07T19:24:41.391126+02:00;standby;27.7;33.8;5.0;28.0;56.1;57.0;0;0;0;0;16487.39;11280.08;5207.32;32442.057
2026-08-07T19:25:42.061463+02:00;standby;27.7;33.8;5.0;28.0;56.1;57.0;0;0;0;0;16487.39;11280.08;5207.32;32442.057
2026-08-07T19:26:42.535491+02:00;standby;27.7;33.8;5.0;28.0;56.1;57.0;0;0;0;0;16487.39;11280.08;5207.32;32442.057
2026-08-07T19:27:43.051203+02:00;standby;27.7;33.8;5.0;28.0;56.1;57.0;0;0;0;0;16487.39;11280.08;5207.32;32442.057
2026-08-07T19:28:43.772937+02:00;standby;27.7;33.8;5.0;28.0;56.1;57.0;0;0;0;0;16487.39;11280.08;5207.32;32442.057
2026-08-07T19:29:44.826820+02:00;standby;27.7;33.7;5.0;28.0;56.1;57.0;0;0;0;0;16487.39;11280.08;5207.32;32442.057
2026-08-07T19:30:45.473028+02:00;standby;27.7;33.7;5.0;28.0;56.1;57.0;0;0;0;0;16487.39;11280.08;5207.32;32442.057
2026-08-07T19:31:46.294392+02:00;standby;27.7;33.7;5.0;28.0;56.1;57.0;0;0;0;0;16487.39;11280.08;5207.32;32442.057
2026-08-07T19:32:47.202315+02:00;standby;27.7;33.7;5.0;28.0;56.1;57.0;0;0;0;0;16487.39;11280.08;5207.32;32442.057
2026-08-07T19:33:47.702572+02:00;standby;27.7;33.7;5.0;28.0;56.1;57.0;0;0;0;0;16487.39;11280.08;5207.32;32442.057
2026-08-07T19:34:48.360309+02:00;standby;27.7;33.7;5.0;28.0;56.0;57.0;0;0;0;0;16487.39;11280.08;5207.32;32442.057
2026-08-07T19:35:49.401747+02:00;standby;27.7;33.6;5.0;28.0;56.0;57.0;0;0;0;0;16487.39;11280.08;5207.32;32442.057
2026-08-07T19:36:49.873055+02:00;standby;27.7;33.6;5.0;28.0;56.0;57.0;0;0;0;0;16487.39;11280.08;5207.32;32442.057
2026-08-07T19:37:50.496363+02:00;standby;27.7;33.6;5.0;28.0;56.0;57.0;0;0;0;0;16487.39;11280.08;5207.32;32442.057
2026-08-07T19:38:51.441297+02:00;standby;27.7;33.6;5.0;28.0;56.0;57.0;0;0;0;0;16487.39;11280.08;5207.32;32442.057
2026-08-07T19:39:51.950407+02:00;standby;27.7;33.6;5.0;28.0;56.0;57.0;0;0;0;0;16487.39;11280.08;5207.32;32442.057
2026-08-07T19:40:52.434007+02:00;standby;27.7;33.6;5.0;28.0;56.0;57.0;0;0;0;0;16487.39;11280.08;5207.32;32442.057
2026-08-07T19:41:52.888009+02:00;standby;27.7;33.5;5.0;28.0;56.0;57.0;0;0;0;0;16487.39;11280.08;5207.32;32442.057
2026-08-07T19:42:53.410395+02:00;standby;27.7;33.5;5.0;28.0;56.0;57.0;0;0;0;0;16487.39;11280.08;5207.32;32442.057
2026-08-07T19:43:53.928898+02:00;standby;27.7;33.5;5.0;28.0;56.0;57.0;0;0;0;0;16487.39;11280.08;5207.32;32442.057
2026-08-07T19:44:54.435102+02:00;standby;27.7;33.5;5.0;28.0;55.9;57.0;0;0;0;0;16487.39;11280.08;5207.32;32442.057
2026-08-07T19:45:55.072768+02:00;standby;27.7;33.5;5.0;28.0;55.9;57.0;0;0;0;0;16487.39;11280.08;5207.32;32442.057
2026-08-07T19:46:55.692293+02:00;standby;27.7;33.3;5.0;28.0;55.9;57.0;0;0;0;0;16487.39;11280.08;5207.32;32442.057
2026-08-07T19:47:56.408426+02:00;standby;27.7;33.3;5.0;28.0;55.9;57.0;0;0;0;0;16487.39;11280.08;5207.32;32442.057
2026-08-07T19:48:56.931877+02:00;standby;27.7;33.3;5.0;28.0;55.9;57.0;0;0;0;0;16487.39;11280.08;5207.32;32442.057
2026-08-07T19:49:57.751273+02:00;standby;27.7;33.3;5.0;28.0;55.9;57.0;0;0;0;0;16487.39;11280.08;5207.32;32442.057
2026-08-07T19:50:58.271439+02:00;standby;27.7;33.3;5.0;28.0;55.9;57.0;0;0;0;0;16487.39;11280.08;5207.32;32442.057
2026-08-07T19:51:58.800598+02:00;standby;27.7;33.3;5.0;28.0;55.9;57.0;0;0;0;0;16487.39;11280.08;5207.32;32442.057
2026-08-07T19:52:59.316738+02:00;standby;27.7;33.2;5.0;28.0;55.9;57.0;0;0;0;0;16487.39;11280.08;5207.32;32442.057
2026-08-07T19:53:59.940986+02:00;standby;27.7;33.2;5.0;28.0;55.8;57.0;0;0;0;0;16487.39;11280.08;5207.32;32442.057
2026-08-07T19:55:00.583699+02:00;standby;27.7;33.2;5.0;28.0;55.8;57.0;0;0;0;0;16487.39;11280.08;5207.32;32442.057
2026-08-07T19:56:01.143081+02:00;standby;27.7;33.2;5.0;28.0;55.8;57.0;0;0;0;0;16487.39;11280.08;5207.32;32442.057
2026-08-07T19:57:01.805968+02:00;standby;27.7;33.2;5.0;28.0;55.8;57.0;0;0;0;0;16487.39;11280.08;5207.32;32442.057
2026-08-07T19:58:02.278760+02:00;standby;27.7;33.2;5.0;28.0;55.8;57.0;0;0;0;0;16487.39;11280.08;5207.32;32442.057
2026-08-07T19:59:02.696081+02:00;standby;27.7;33.2;5.0;28.0;55.7;57.0;0;0;0;0;16487.39;11280.08;5207.32;32442.057
2026-08-07T20:00:03.150261+02:00;standby;27.7;33.1;5.0;28.0;55.7;57.0;0;0;0;0;16487.39;11280.08;5207.32;32442.057
2026-08-07T20:01:03.922431+02:00;standby;27.7;33.1;5.0;28.0;55.7;57.0;0;0;0;0;16487.39;11280.08;5207.32;32442.057
2026-08-07T20:02:04.402662+02:00;standby;27.7;33.1;5.0;28.0;55.6;57.0;0;0;0;0;16487.39;11280.08;5207.32;32442.057
2026-08-07T20:03:05.325618+02:00;standby;27.7;33.1;5.0;28.0;55.6;57.0;0;0;0;0;16487.39;11280.08;5207.32;32442.057
2026-08-07T20:04:06.484519+02:00;standby;27.7;33.1;5.0;28.0;55.5;57.0;0;0;0;0;16487.39;11280.08;5207.32;32442.057
2026-08-07T20:05:07.096307+02:00;standby;27.7;33.1;5.0;28.0;55.5;57.0;0;0;0;0;16487.39;11280.08;5207.32;32442.057
2026-08-07T20:06:07.715541+02:00;standby;27.7;33.1;5.0;28.0;55.5;57.0;0;0;0;0;16487.39;11280.08;5207.32;32442.057
2026-08-07T20:07:08.217017+02:00;standby;27.7;33.0;5.0;28.0;55.5;57.0;0;0;0;0;16487.39;11280.08;5207.32;32442.057
2026-08-07T20:08:08.733762+02:00;standby;27.7;33.0;5.0;28.0;55.5;57.0;0;0;0;0;16487.39;11280.08;5207.32;32442.057
2026-08-07T20:09:09.533957+02:00;standby;27.7;33.0;5.0;28.0;55.5;57.0;0;0;0;0;16487.39;11280.08;5207.32;32442.057
2026-08-07T20:10:09.978248+02:00;standby;27.7;33.0;5.0;28.0;55.5;57.0;0;0;0;0;16487.39;11280.08;5207.32;32442.057
2026-08-07T20:11:10.503068+02:00;standby;27.7;33.0;5.0;28.0;55.5;57.0;0;0;0;0;16487.39;11280.08;5207.32;32442.057
2026-08-07T20:12:11.045582+02:00;standby;27.0;33.0;5.0;28.0;55.5;57.0;0;0;0;0;16487.39;11280.08;5207.32;32442.057
2026-08-07T20:13:11.542691+02:00;standby;27.0;32.8;5.0;28.0;55.5;57.0;0;0;0;0;16487.39;11280.08;5207.32;32442.057
2026-08-07T20:14:12.079306+02:00;standby;27.0;32.8;5.0;28.0;55.5;57.0;0;0;0;0;16487.39;11280.08;5207.32;32442.057
2026-08-07T20:15:12.551548+02:00;standby;27.0;32.8;5.0;28.0;55.4;57.0;0;0;0;0;16487.39;11280.08;5207.32;32442.057
2026-08-07T20:16:13.070884+02:00;standby;27.0;32.8;5.0;28.0;55.4;57.0;0;0;0;0;16487.39;11280.08;5207.32;32442.057
2026-08-07T20:17:13.486849+02:00;standby;27.0;32.8;5.0;28.0;55.4;57.0;0;0;0;0;16487.39;11280.08;5207.32;32442.057
2026-08-07T20:18:14.156963+02:00;standby;27.0;32.8;5.0;28.0;55.4;57.0;0;0;0;0;16487.39;11280.08;5207.32;32442.057
2026-08-07T20:19:14.773388+02:00;standby;27.0;32.8;5.0;28.0;55.4;57.0;0;0;0;0;16487.39;11280.08;5207.32;32442.057
2026-08-07T20:20:15.303211+02:00;standby;27.0;32.8;5.0;28.0;55.4;57.0;0;0;0;0;16487.39;11280.08;5207.32;32442.057
2026-08-07T20:21:16.014226+02:00;standby;27.0;32.7;5.0;28.0;55.4;57.0;0;0;0;0;16487.39;11280.08;5207.32;32442.057
2026-08-07T20:22:16.646010+02:00;standby;27.0;32.7;5.0;28.0;55.4;57.0;0;0;0;0;16487.39;11280.08;5207.32;32442.057
2026-08-07T20:23:17.208844+02:00;standby;27.0;32.7;5.0;28.0;55.4;57.0;0;0;0;0;16487.39;11280.08;5207.32;32442.057
2026-08-07T20:24:18.217926+02:00;standby;27.0;32.7;5.0;28.0;55.4;57.0;0;0;0;0;16487.39;11280.08;5207.32;32442.057
2026-08-07T20:25:18.672837+02:00;standby;27.0;32.7;5.0;28.0;55.3;57.0;0;0;0;0;16487.39;11280.08;5207.32;32442.057
2026-08-07T20:26:19.211109+02:00;standby;27.0;32.7;5.0;28.0;55.3;57.0;0;0;0;0;16487.39;11280.08;5207.32;32442.057
2026-08-07T20:27:19.829362+02:00;standby;27.0;32.7;5.0;28.0;55.3;57.0;0;0;0;0;16487.39;11280.08;5207.32;32442.057
2026-08-07T20:28:20.355575+02:00;standby;27.0;32.6;5.0;28.0;55.3;57.0;0;0;0;0;16487.39;11280.08;5207.32;32442.057
2026-08-07T20:29:21.187920+02:00;standby;27.0;32.6;5.0;28.0;55.3;57.0;0;0;0;0;16487.39;11280.08;5207.32;32442.057
2026-08-07T20:30:21.808083+02:00;standby;27.0;32.6;5.0;28.0;55.3;57.0;0;0;0;0;16487.39;11280.08;5207.32;32442.057
2026-08-07T20:31:22.295206+02:00;standby;27.0;32.6;5.0;28.0;55.3;57.0;0;0;0;0;16487.39;11280.08;5207.32;32442.057
2026-08-07T20:32:22.851588+02:00;standby;27.0;32.6;5.0;28.0;55.3;57.0;0;0;0;0;16487.39;11280.08;5207.32;32442.057
2026-08-07T20:33:23.528338+02:00;standby;27.0;32.6;5.0;28.0;55.3;57.0;0;0;0;0;16487.39;11280.08;5207.32;32442.057
2026-08-07T20:34:24.184610+02:00;standby;27.0;32.5;5.0;28.0;55.2;57.0;0;0;0;0;16487.39;11280.08;5207.32;32442.057
2026-08-07T20:35:24.750295+02:00;standby;27.0;32.5;5.0;28.0;55.2;57.0;0;0;0;0;16487.39;11280.08;5207.32;32442.057
2026-08-07T20:36:25.237388+02:00;standby;27.0;32.5;5.0;28.0;55.2;57.0;0;0;0;0;16487.39;11280.08;5207.32;32442.057
2026-08-07T20:37:26.126913+02:00;standby;27.0;32.5;5.0;28.0;55.2;57.0;0;0;0;0;16487.39;11280.08;5207.32;32442.057
2026-08-07T20:38:26.746423+02:00;standby;27.0;32.5;5.0;28.0;55.2;57.0;0;0;0;0;16487.39;11280.08;5207.32;32442.057
2026-08-07T20:39:27.619858+02:00;standby;27.0;32.5;5.0;28.0;55.2;57.0;0;0;0;0;16487.39;11280.08;5207.32;32442.057
2026-08-07T20:40:28.137880+02:00;standby;27.0;32.5;5.0;28.0;55.2;57.0;0;0;0;0;16487.39;11280.08;5207.32;32442.057
2026-08-07T20:41:28.756022+02:00;standby;27.0;32.5;5.0;28.0;55.2;57.0;0;0;0;0;16487.39;11280.08;5207.32;32442.057
2026-08-07T20:42:29.477854+02:00;standby;27.0;32.5;5.0;28.0;55.2;57.0;0;0;0;0;16487.39;11280.08;5207.32;32442.057
2026-08-07T20:43:30.009796+02:00;standby;27.0;32.3;5.0;28.0;55.2;57.0;0;0;0;0;16487.39;11280.08;5207.32;32442.057
2026-08-07T20:44:30.477427+02:00;standby;27.0;32.3;5.0;28.0;55.1;57.0;0;0;0;0;16487.39;11280.08;5207.32;32442.057
2026-08-07T20:45:31.036157+02:00;standby;27.0;32.3;5.0;28.0;55.1;57.0;0;0;0;0;16487.39;11280.08;5207.32;32442.057
2026-08-07T20:46:31.725603+02:00;standby;27.0;32.3;5.0;28.0;55.1;57.0;0;0;0;0;16487.39;11280.08;5207.32;32442.057
2026-08-07T20:47:32.337517+02:00;standby;27.0;32.3;5.0;28.0;55.1;57.0;0;0;0;0;16487.39;11280.08;5207.32;32442.057
2026-08-07T20:48:32.912864+02:00;standby;27.0;32.3;5.0;28.0;55.1;57.0;0;0;0;0;16487.39;11280.08;5207.32;32442.057
2026-08-07T20:49:33.433606+02:00;standby;27.0;32.3;5.0;28.0;55.1;57.0;0;0;0;0;16487.39;11280.08;5207.32;32442.057
2026-08-07T20:50:33.972066+02:00;standby;27.0;32.2;5.0;28.0;55.1;57.0;0;0;0;0;16487.39;11280.08;5207.32;32442.057
2026-08-07T20:51:34.672415+02:00;standby;27.0;32.2;5.0;28.0;55.1;57.0;0;0;0;0;16487.39;11280.08;5207.32;32442.057
2026-08-07T20:52:35.397319+02:00;standby;27.0;32.2;5.0;28.0;55.1;57.0;0;0;0;0;16487.39;11280.08;5207.32;32442.057
2026-08-07T20:53:36.330758+02:00;standby;27.0;32.2;5.0;28.0;55.1;57.0;0;0;0;0;16487.39;11280.08;5207.32;32442.057
2026-08-07T20:54:37.069839+02:00;standby;27.0;32.2;5.0;28.0;54.9;57.0;0;0;0;0;16487.39;11280.08;5207.32;32442.057
2026-08-07T20:55:37.658834+02:00;standby;27.0;32.2;5.0;28.0;54.9;57.0;0;0;0;0;16487.39;11280.08;5207.32;32442.057
2026-08-07T20:56:38.344765+02:00;standby;27.0;32.2;5.0;28.0;54.9;57.0;0;0;0;0;16487.39;11280.08;5207.32;32442.057
2026-08-07T20:57:39.065279+02:00;standby;27.0;32.1;5.0;28.0;54.9;57.0;0;0;0;0;16487.39;11280.08;5207.32;32442.057
2026-08-07T20:58:39.698281+02:00;standby;27.0;32.1;5.0;28.0;54.9;57.0;0;0;0;0;16487.39;11280.08;5207.32;32442.057
2026-08-07T20:59:40.145477+02:00;standby;27.0;32.1;5.0;28.0;54.9;57.0;0;0;0;0;16487.39;11280.08;5207.32;32442.057
2026-08-07T21:00:40.765517+02:00;standby;27.0;32.1;5.0;28.0;54.9;57.0;0;0;0;0;16487.39;11280.08;5207.32;32442.057
2026-08-07T21:01:41.519111+02:00;standby;27.0;32.1;5.0;28.0;54.9;57.0;0;0;0;0;16487.39;11280.08;5207.32;32442.057
2026-08-07T21:02:41.980021+02:00;standby;27.0;32.1;5.0;28.0;54.9;57.0;0;0;0;0;16487.39;11280.08;5207.32;32442.057
2026-08-07T21:03:42.489443+02:00;standby;27.0;32.1;5.0;28.0;54.9;57.0;0;0;0;0;16487.39;11280.08;5207.32;32442.057
2026-08-07T21:04:43.529699+02:00;standby;27.0;32.1;5.0;28.0;54.8;57.0;0;0;0;0;16487.39;11280.08;5207.32;32442.057
2026-08-07T21:05:44.602168+02:00;standby;27.0;32.1;5.0;28.0;54.8;57.0;0;0;0;0;16487.39;11280.08;5207.32;32442.057
2026-08-07T21:06:45.215040+02:00;standby;27.0;32.0;5.0;28.0;54.8;57.0;0;0;0;0;16487.39;11280.08;5207.32;32442.057
2026-08-07T21:07:46.003174+02:00;standby;27.0;32.1;5.0;28.0;54.8;57.0;0;0;0;0;16487.39;11280.08;5207.32;32442.057
2026-08-07T21:08:48.569868+02:00;standby;27.0;32.0;5.0;28.0;54.8;57.0;0;0;0;0;16487.39;11280.08;5207.32;32442.057
2026-08-07T21:09:49.295518+02:00;standby;27.0;32.0;5.0;28.0;54.8;57.0;0;0;0;0;16487.39;11280.08;5207.32;32442.057
2026-08-07T21:10:49.758616+02:00;standby;27.0;32.0;5.0;28.0;54.8;57.0;0;0;0;0;16487.39;11280.08;5207.32;32442.057
2026-08-07T21:11:50.230952+02:00;standby;27.0;32.0;5.0;28.0;54.8;57.0;0;0;0;0;16487.39;11280.08;5207.32;32442.057
2026-08-07T21:12:51.230391+02:00;standby;25.2;32.0;5.0;28.0;54.8;57.0;0;0;0;0;16487.39;11280.08;5207.32;32442.057
2026-08-07T21:13:51.716083+02:00;standby;25.2;32.0;5.0;28.0;54.8;57.0;0;0;0;0;16487.39;11280.08;5207.32;32442.057
2026-08-07T21:14:52.144364+02:00;standby;25.2;32.0;5.0;28.0;54.7;57.0;0;0;0;0;16487.39;11280.08;5207.32;32442.057
2026-08-07T21:15:52.777988+02:00;standby;25.2;32.0;5.0;28.0;54.8;57.0;0;0;0;0;16487.39;11280.08;5207.32;32442.057
2026-08-07T21:16:53.592658+02:00;standby;25.2;32.0;5.0;28.0;54.7;57.0;0;0;0;0;16487.39;11280.08;5207.32;32442.057
2026-08-07T21:17:54.742085+02:00;standby;25.2;31.9;5.0;28.0;54.7;57.0;0;0;0;0;16487.39;11280.08;5207.32;32442.057
2026-08-07T21:18:55.352432+02:00;standby;25.2;31.9;5.0;28.0;54.7;57.0;0;0;0;0;16487.39;11280.08;5207.32;32442.057
2026-08-07T21:19:56.686093+02:00;standby;25.2;31.9;5.0;28.0;54.7;57.0;0;0;0;0;16487.39;11280.08;5207.32;32442.057
2026-08-07T21:20:58.322067+02:00;standby;25.2;31.9;5.0;28.0;54.7;57.0;0;0;0;0;16487.39;11280.08;5207.32;32442.057
2026-08-07T21:21:58.962904+02:00;standby;25.2;31.9;5.0;28.0;54.7;57.0;0;0;0;0;16487.39;11280.08;5207.32;32442.057
2026-08-07T21:22:59.737908+02:00;standby;25.2;31.9;5.0;28.0;54.7;57.0;0;0;0;0;16487.39;11280.08;5207.32;32442.057
2026-08-07T21:24:00.496316+02:00;standby;25.2;31.9;5.0;28.0;54.7;57.0;0;0;0;0;16487.39;11280.08;5207.32;32442.057
2026-08-07T21:25:00.974443+02:00;standby;25.2;31.9;5.0;28.0;54.7;57.0;0;0;0;0;16487.39;11280.08;5207.32;32442.057
2026-08-07T21:26:01.636558+02:00;standby;25.2;31.7;5.0;28.0;54.6;57.0;0;0;0;0;16487.39;11280.08;5207.32;32442.057
2026-08-07T21:27:02.362814+02:00;standby;25.2;31.7;5.0;28.0;54.6;57.0;0;0;0;0;16487.39;11280.08;5207.32;32442.057
2026-08-07T21:28:02.893475+02:00;standby;25.2;31.7;5.0;28.0;54.6;57.0;0;0;0;0;16487.39;11280.08;5207.32;32442.057
2026-08-07T21:29:03.405080+02:00;standby;25.2;31.7;5.0;28.0;54.6;57.0;0;0;0;0;16487.39;11280.08;5207.32;32442.057
2026-08-07T21:30:03.983837+02:00;standby;25.2;31.7;5.0;28.0;54.6;57.0;0;0;0;0;16487.39;11280.08;5207.32;32442.057
2026-08-07T21:31:06.190535+02:00;standby;25.2;31.7;5.0;28.0;54.6;57.0;0;0;0;0;16487.39;11280.08;5207.32;32442.057
2026-08-07T21:32:07.320987+02:00;standby;25.2;31.7;5.0;28.0;54.6;57.0;0;0;0;0;16487.39;11280.08;5207.32;32442.057
2026-08-07T21:33:08.345705+02:00;standby;25.2;31.7;5.0;28.0;54.6;57.0;0;0;0;0;16487.39;11280.08;5207.32;32442.057
2026-08-07T21:34:08.869390+02:00;standby;25.2;31.7;5.0;28.0;54.6;57.0;0;0;0;0;16487.39;11280.08;5207.32;32442.057
2026-08-07T21:35:09.746391+02:00;standby;25.2;31.6;5.0;28.0;54.6;57.0;0;0;0;0;16487.39;11280.08;5207.32;32442.057
2026-08-07T21:36:10.418705+02:00;standby;25.2;31.7;5.0;28.0;54.6;57.0;0;0;0;0;16487.39;11280.08;5207.32;32442.057
2026-08-07T21:37:10.936131+02:00;standby;25.2;31.6;5.0;28.0;54.5;57.0;0;0;0;0;16487.39;11280.08;5207.32;32442.057
2026-08-07T21:38:12.794743+02:00;standby;25.2;31.6;5.0;28.0;54.5;57.0;0;0;0;0;16487.39;11280.08;5207.32;32442.057
2026-08-07T21:39:13.313625+02:00;standby;25.2;31.6;5.0;28.0;54.5;57.0;0;0;0;0;16487.39;11280.08;5207.32;32442.057
2026-08-07T21:40:13.782127+02:00;standby;25.2;31.6;5.0;28.0;54.5;57.0;0;0;0;0;16487.39;11280.08;5207.32;32442.057
2026-08-07T21:41:14.344965+02:00;standby;25.2;31.6;5.0;28.0;54.5;57.0;0;0;0;0;16487.39;11280.08;5207.32;32442.057
2026-08-07T21:42:14.873046+02:00;standby;25.2;31.6;5.0;28.0;54.5;57.0;0;0;0;0;16487.39;11280.08;5207.32;32442.057
2026-08-07T21:43:15.585168+02:00;standby;25.2;31.6;5.0;28.0;54.5;57.0;0;0;0;0;16487.39;11280.08;5207.32;32442.057
2026-08-07T21:44:16.338362+02:00;standby;25.2;31.6;5.0;28.0;54.5;57.0;0;0;0;0;16487.39;11280.08;5207.32;32442.057
2026-08-07T21:45:16.895788+02:00;standby;25.2;31.6;5.0;28.0;54.5;57.0;0;0;0;0;16487.39;11280.08;5207.32;32442.057
2026-08-07T21:46:17.932403+02:00;standby;25.2;31.6;5.0;28.0;54.4;57.0;0;0;0;0;16487.39;11280.08;5207.32;32442.057
2026-08-07T21:47:18.592982+02:00;standby;25.2;31.5;5.0;28.0;54.4;57.0;0;0;0;0;16487.39;11280.08;5207.32;32442.057
2026-08-07T21:48:19.339843+02:00;standby;25.2;31.5;5.0;28.0;54.4;57.0;0;0;0;0;16487.39;11280.08;5207.32;32442.057
2026-08-07T21:49:19.931135+02:00;standby;25.2;31.5;5.0;28.0;54.4;57.0;0;0;0;0;16487.39;11280.08;5207.32;32442.057
2026-08-07T21:50:20.447992+02:00;standby;25.2;31.5;5.0;28.0;54.4;57.0;0;0;0;0;16487.39;11280.08;5207.32;32442.057
2026-08-07T21:51:21.135784+02:00;standby;25.2;31.5;5.0;28.0;54.4;57.0;0;0;0;0;16487.39;11280.08;5207.32;32442.057
2026-08-07T21:52:21.677026+02:00;standby;25.2;31.5;5.0;28.0;54.4;57.0;0;0;0;0;16487.39;11280.08;5207.32;32442.057
2026-08-07T21:53:22.092617+02:00;standby;25.2;31.5;5.0;28.0;54.4;57.0;0;0;0;0;16487.39;11280.08;5207.32;32442.057
2026-08-07T21:54:22.635869+02:00;standby;25.2;31.5;5.0;28.0;54.4;57.0;0;0;0;0;16487.39;11280.08;5207.32;32442.057
2026-08-07T21:55:23.281042+02:00;standby;25.2;31.5;5.0;28.0;54.4;57.0;0;0;0;0;16487.39;11280.08;5207.32;32442.057
2026-08-07T21:56:23.780270+02:00;standby;25.2;31.5;5.0;28.0;54.4;57.0;0;0;0;0;16487.39;11280.08;5207.32;32442.057
2026-08-07T21:57:24.523133+02:00;standby;25.2;31.4;5.0;28.0;54.3;57.0;0;0;0;0;16487.39;11280.08;5207.32;32442.057
2026-08-07T21:58:25.333539+02:00;standby;25.2;31.4;5.0;28.0;54.3;57.0;0;0;0;0;16487.39;11280.08;5207.32;32442.057
2026-08-07T21:59:25.970913+02:00;standby;25.2;31.4;5.0;28.0;54.3;57.0;0;0;0;0;16487.39;11280.08;5207.32;32442.057
2026-08-07T22:00:26.684283+02:00;standby;25.2;31.4;5.0;28.0;54.3;57.0;0;0;0;0;16487.39;11280.08;5207.32;32442.057
2026-08-07T22:01:28.729041+02:00;standby;25.2;31.4;5.0;28.0;54.3;57.0;0;0;0;0;16487.39;11280.08;5207.32;32442.057
2026-08-07T22:02:29.329166+02:00;standby;25.2;31.4;5.0;28.0;54.3;57.0;0;0;0;0;16487.39;11280.08;5207.32;32442.057
2026-08-07T22:03:29.884679+02:00;standby;25.2;31.4;5.0;28.0;54.3;57.0;0;0;0;0;16487.39;11280.08;5207.32;32442.057
2026-08-07T22:04:30.519095+02:00;standby;25.2;31.4;5.0;28.0;54.3;57.0;0;0;0;0;16487.39;11280.08;5207.32;32442.057
2026-08-07T22:05:31.031566+02:00;standby;25.2;31.4;5.0;28.0;54.3;57.0;0;0;0;0;16487.39;11280.08;5207.32;32442.057
2026-08-07T22:06:31.894859+02:00;standby;25.2;31.4;5.0;28.0;54.3;57.0;0;0;0;0;16487.39;11280.08;5207.32;32442.057
2026-08-07T22:07:32.365614+02:00;standby;25.2;31.4;5.0;28.0;54.2;57.0;0;0;0;0;16487.39;11280.08;5207.32;32442.057
2026-08-07T22:08:32.878388+02:00;standby;25.2;31.2;5.0;28.0;54.2;57.0;0;0;0;0;16487.39;11280.08;5207.32;32442.057
2026-08-07T22:09:33.812183+02:00;standby;25.2;31.4;5.0;28.0;54.2;57.0;0;0;0;0;16487.39;11280.08;5207.32;32442.057
2026-08-07T22:10:34.741598+02:00;standby;25.2;31.2;5.0;28.0;54.2;57.0;0;0;0;0;16487.39;11280.08;5207.32;32442.057
2026-08-07T22:11:35.279793+02:00;standby;25.2;31.2;5.0;28.0;54.2;57.0;0;0;0;0;16487.39;11280.08;5207.32;32442.057
2026-08-07T22:12:35.716199+02:00;standby;25.2;31.2;5.0;28.0;54.2;57.0;0;0;0;0;16487.39;11280.08;5207.32;32442.057
2026-08-07T22:13:36.376617+02:00;standby;24.0;31.2;5.0;28.0;54.2;57.0;0;0;0;0;16487.39;11280.08;5207.32;32442.057
2026-08-07T22:14:36.934958+02:00;standby;24.0;31.2;5.0;28.0;54.2;57.0;0;0;0;0;16487.39;11280.08;5207.32;32442.057
2026-08-07T22:15:37.658576+02:00;standby;24.0;31.2;5.0;28.0;54.2;57.0;0;0;0;0;16487.39;11280.08;5207.32;32442.057
2026-08-07T22:16:38.346702+02:00;standby;24.0;31.2;5.0;28.0;54.2;57.0;0;0;0;0;16487.39;11280.08;5207.32;32442.057
2026-08-07T22:17:39.191730+02:00;standby;24.0;31.2;5.0;28.0;54.2;57.0;0;0;0;0;16487.39;11280.08;5207.32;32442.057
2026-08-07T22:18:39.706061+02:00;standby;24.0;31.2;5.0;28.0;54.1;57.0;0;0;0;0;16487.39;11280.08;5207.32;32442.057
2026-08-07T22:19:40.535510+02:00;standby;24.0;31.1;5.0;28.0;54.1;57.0;0;0;0;0;16487.39;11280.08;5207.32;32442.057
2026-08-07T22:20:41.017510+02:00;standby;24.0;31.1;5.0;28.0;54.1;57.0;0;0;0;0;16487.39;11280.08;5207.32;32442.057
2026-08-07T22:21:41.672218+02:00;standby;24.0;31.1;5.0;28.0;54.1;57.0;0;0;0;0;16487.39;11280.08;5207.32;32442.057
2026-08-07T22:22:42.237465+02:00;standby;24.0;31.1;5.0;28.0;54.1;57.0;0;0;0;0;16487.39;11280.08;5207.32;32442.057
2026-08-07T22:23:43.122139+02:00;standby;24.0;31.1;5.0;28.0;54.1;57.0;0;0;0;0;16487.39;11280.08;5207.32;32442.057
2026-08-07T22:24:44.477020+02:00;standby;24.0;31.1;5.0;28.0;54.1;57.0;0;0;0;0;16487.39;11280.08;5207.32;32442.057
2026-08-07T22:25:45.402263+02:00;standby;24.0;31.1;5.0;28.0;54.1;57.0;0;0;0;0;16487.39;11280.08;5207.32;32442.057
2026-08-07T22:26:45.926460+02:00;standby;24.0;31.1;5.0;28.0;54.1;57.0;0;0;0;0;16487.39;11280.08;5207.32;32442.057
2026-08-07T22:27:46.748704+02:00;standby;24.0;31.1;5.0;28.0;54.1;57.0;0;0;0;0;16487.39;11280.08;5207.32;32442.057
2026-08-07T22:28:47.378318+02:00;standby;24.0;31.1;5.0;28.0;54.0;57.0;0;0;0;0;16487.39;11280.08;5207.32;32442.057
2026-08-07T22:29:47.974520+02:00;standby;24.0;31.1;5.0;28.0;54.0;57.0;0;0;0;0;16487.39;11280.08;5207.32;32442.057
2026-08-07T22:30:48.677441+02:00;standby;24.0;31.1;5.0;28.0;54.0;57.0;0;0;0;0;16487.39;11280.08;5207.32;32442.057
2026-08-07T22:31:49.629802+02:00;standby;24.0;31.1;5.0;28.0;54.0;57.0;0;0;0;0;16487.39;11280.08;5207.32;32442.057
2026-08-07T22:32:50.127237+02:00;standby;24.0;31.1;5.0;28.0;54.0;57.0;0;0;0;0;16487.39;11280.08;5207.32;32442.057
2026-08-07T22:33:50.675102+02:00;standby;24.0;31.1;5.0;28.0;54.0;57.0;0;0;0;0;16487.39;11280.08;5207.32;32442.057
2026-08-07T22:34:51.146827+02:00;standby;24.0;31.0;5.0;28.0;54.0;57.0;0;0;0;0;16487.39;11280.08;5207.32;32442.057
2026-08-07T22:35:51.621489+02:00;standby;24.0;31.0;5.0;28.0;54.0;57.0;0;0;0;0;16487.39;11280.08;5207.32;32442.057
2026-08-07T22:36:52.274400+02:00;standby;24.0;31.0;5.0;28.0;54.0;57.0;0;0;0;0;16487.39;11280.08;5207.32;32442.057
2026-08-07T22:37:52.807366+02:00;standby;24.0;31.0;5.0;28.0;54.0;57.0;0;0;0;0;16487.39;11280.08;5207.32;32442.057
2026-08-07T22:38:53.454607+02:00;standby;24.0;31.0;5.0;28.0;53.9;57.0;0;0;0;0;16487.39;11280.08;5207.32;32442.057
2026-08-07T22:39:53.864607+02:00;standby;24.0;31.0;5.0;28.0;53.9;57.0;0;0;0;0;16487.39;11280.08;5207.32;32442.057
2026-08-07T22:40:55.029416+02:00;standby;24.0;31.0;5.0;28.0;53.9;57.0;0;0;0;0;16487.39;11280.08;5207.32;32442.057
2026-08-07T22:41:55.542098+02:00;standby;24.0;31.0;5.0;28.0;53.9;57.0;0;0;0;0;16487.39;11280.08;5207.32;32442.057
2026-08-07T22:42:57.604434+02:00;standby;24.0;31.0;5.0;28.0;53.9;57.0;0;0;0;0;16487.39;11280.08;5207.32;32442.057
2026-08-07T22:43:58.548415+02:00;standby;24.0;31.0;5.0;28.0;53.9;57.0;0;0;0;0;16487.39;11280.08;5207.32;32442.057
2026-08-07T22:44:59.052985+02:00;standby;24.0;31.0;5.0;28.0;53.9;57.0;0;0;0;0;16487.39;11280.08;5207.32;32442.057
2026-08-07T22:45:59.517284+02:00;standby;24.0;31.0;5.0;28.0;53.9;57.0;0;0;0;0;16487.39;11280.08;5207.32;32442.057
2026-08-07T22:47:00.162160+02:00;standby;24.0;31.0;5.0;28.0;53.9;57.0;0;0;0;0;16487.39;11280.08;5207.32;32442.057
2026-08-07T22:48:00.703982+02:00;standby;24.0;31.0;5.0;28.0;53.9;57.0;0;0;0;0;16487.39;11280.08;5207.32;32442.057
2026-08-07T22:49:01.552954+02:00;standby;24.0;30.9;5.0;28.0;53.8;57.0;0;0;0;0;16487.39;11280.08;5207.32;32442.057
2026-08-07T22:50:02.258540+02:00;standby;24.0;30.9;5.0;28.0;53.8;57.0;0;0;0;0;16487.39;11280.08;5207.32;32442.057
2026-08-07T22:51:03.164489+02:00;standby;24.0;30.9;5.0;28.0;53.8;57.0;0;0;0;0;16487.39;11280.08;5207.32;32442.057
2026-08-07T22:52:03.654812+02:00;standby;24.0;30.9;5.0;28.0;53.8;57.0;0;0;0;0;16487.39;11280.08;5207.32;32442.057
2026-08-07T22:53:04.273972+02:00;standby;24.0;30.9;5.0;28.0;53.8;57.0;0;0;0;0;16487.39;11280.08;5207.32;32442.057
2026-08-07T22:54:06.199837+02:00;standby;24.0;30.9;5.0;28.0;53.8;57.0;0;0;0;0;16487.39;11280.08;5207.32;32442.057
2026-08-07T22:55:06.774469+02:00;standby;24.0;30.9;5.0;28.0;53.8;57.0;0;0;0;0;16487.39;11280.08;5207.32;32442.057
2026-08-07T22:56:07.560352+02:00;standby;24.0;30.9;5.0;28.0;53.8;57.0;0;0;0;0;16487.39;11280.08;5207.32;32442.057
2026-08-07T22:57:08.123498+02:00;standby;24.0;30.9;5.0;28.0;53.8;57.0;0;0;0;0;16487.39;11280.08;5207.32;32442.057
2026-08-07T22:58:08.788309+02:00;standby;24.0;30.9;5.0;28.0;53.8;57.0;0;0;0;0;16487.39;11280.08;5207.32;32442.057
2026-08-07T22:59:09.468548+02:00;standby;24.0;30.9;5.0;28.0;53.7;57.0;0;0;0;0;16487.39;11280.08;5207.32;32442.057
2026-08-07T23:00:10.133593+02:00;standby;24.0;30.9;5.0;28.0;53.7;57.0;0;0;0;0;16487.39;11280.08;5207.32;32442.057
2026-08-07T23:01:11.150276+02:00;standby;24.0;30.9;5.0;25.0;53.7;57.0;0;0;0;0;16487.39;11280.08;5207.32;32442.057
2026-08-07T23:02:11.674711+02:00;standby;24.0;30.7;5.0;25.0;53.7;57.0;0;0;0;0;16487.39;11280.08;5207.32;32442.057
2026-08-07T23:03:12.184372+02:00;standby;24.0;30.7;5.0;25.0;53.7;57.0;0;0;0;0;16487.39;11280.08;5207.32;32442.057
2026-08-07T23:04:12.779975+02:00;standby;24.0;30.7;5.0;25.0;53.7;57.0;0;0;0;0;16487.39;11280.08;5207.32;32442.057
2026-08-07T23:05:13.477766+02:00;standby;24.0;30.7;5.0;25.0;53.7;57.0;0;0;0;0;16487.39;11280.08;5207.32;32442.057
2026-08-07T23:06:13.918343+02:00;standby;24.0;30.7;5.0;25.0;53.7;57.0;0;0;0;0;16487.39;11280.08;5207.32;32442.057
2026-08-07T23:07:14.414560+02:00;standby;24.0;30.7;5.0;25.0;53.7;57.0;0;0;0;0;16487.39;11280.08;5207.32;32442.057
2026-08-07T23:08:14.864320+02:00;standby;24.0;30.7;5.0;25.0;53.7;57.0;0;0;0;0;16487.39;11280.08;5207.32;32442.057
2026-08-07T23:09:15.357951+02:00;standby;24.0;30.7;5.0;25.0;53.7;57.0;0;0;0;0;16487.39;11280.08;5207.32;32442.057
2026-08-07T23:10:16.389774+02:00;standby;24.0;30.7;5.0;25.0;53.6;57.0;0;0;0;0;16487.39;11280.08;5207.32;32442.057
2026-08-07T23:11:16.952250+02:00;standby;24.0;30.7;5.0;25.0;53.6;57.0;0;0;0;0;16487.39;11280.08;5207.32;32442.057
2026-08-07T23:12:17.451260+02:00;standby;24.0;30.7;5.0;25.0;53.6;57.0;0;0;0;0;16487.39;11280.08;5207.32;32442.057
2026-08-07T23:13:18.277136+02:00;standby;24.0;30.7;5.0;25.0;53.6;57.0;0;0;0;0;16487.39;11280.08;5207.32;32442.057
2026-08-07T23:14:18.697863+02:00;standby;23.0;30.7;5.0;25.0;53.6;57.0;0;0;0;0;16487.39;11280.08;5207.32;32442.057
2026-08-07T23:15:19.669477+02:00;standby;23.0;30.7;5.0;25.0;53.6;57.0;0;0;0;0;16487.39;11280.08;5207.32;32442.057
2026-08-07T23:16:20.204906+02:00;standby;23.0;30.6;5.0;25.0;53.6;57.0;0;0;0;0;16487.39;11280.08;5207.32;32442.057
2026-08-07T23:17:20.701844+02:00;standby;23.0;30.7;5.0;25.0;53.6;57.0;0;0;0;0;16487.39;11280.08;5207.32;32442.057
2026-08-07T23:18:21.116294+02:00;standby;23.0;30.6;5.0;25.0;53.5;57.0;0;0;0;0;16487.39;11280.08;5207.32;32442.057
2026-08-07T23:19:21.635226+02:00;standby;23.0;30.6;5.0;25.0;53.6;57.0;0;0;0;0;16487.39;11280.08;5207.32;32442.057
2026-08-07T23:20:22.658154+02:00;standby;23.0;30.6;5.0;25.0;53.6;57.0;0;0;0;0;16487.39;11280.08;5207.32;32442.057
2026-08-07T23:21:23.084358+02:00;standby;23.0;30.6;5.0;25.0;53.6;57.0;0;0;0;0;16487.39;11280.08;5207.32;32442.057
2026-08-07T23:22:23.528156+02:00;standby;23.0;30.6;5.0;25.0;53.5;57.0;0;0;0;0;16487.39;11280.08;5207.32;32442.057
2026-08-07T23:23:23.950743+02:00;standby;23.0;30.6;5.0;25.0;53.5;57.0;0;0;0;0;16487.39;11280.08;5207.32;32442.057
2026-08-07T23:24:24.874816+02:00;standby;23.0;30.6;5.0;25.0;53.5;57.0;0;0;0;0;16487.39;11280.08;5207.32;32442.057
2026-08-07T23:25:25.632719+02:00;standby;23.0;30.6;5.0;25.0;53.2;57.0;0;0;0;0;16487.39;11280.08;5207.32;32442.057
2026-08-07T23:26:26.088241+02:00;standby;23.0;30.6;5.0;25.0;52.9;57.0;0;0;0;0;16487.39;11280.08;5207.32;32442.057
2026-08-07T23:27:26.612278+02:00;standby;23.0;30.6;5.0;25.0;52.7;57.0;0;0;0;0;16487.39;11280.08;5207.32;32442.057
2026-08-07T23:28:27.300841+02:00;standby;23.0;30.6;5.0;25.0;52.5;57.0;0;0;0;0;16487.39;11280.08;5207.32;32442.057
2026-08-07T23:29:28.295872+02:00;standby;23.0;30.6;5.0;25.0;52.5;57.0;0;0;0;0;16487.39;11280.08;5207.32;32442.057
2026-08-07T23:30:28.711912+02:00;standby;23.0;30.6;5.0;25.0;52.5;57.0;0;0;0;0;16487.39;11280.08;5207.32;32442.057
2026-08-07T23:31:29.163175+02:00;standby;23.0;30.6;5.0;25.0;52.4;57.0;0;0;0;0;16487.39;11280.08;5207.32;32442.057
2026-08-07T23:32:29.675762+02:00;standby;23.0;30.5;5.0;25.0;52.4;57.0;0;0;0;0;16487.39;11280.08;5207.32;32442.057
2026-08-07T23:33:30.101737+02:00;standby;23.0;30.5;5.0;25.0;52.4;57.0;0;0;0;0;16487.39;11280.08;5207.32;32442.057
2026-08-07T23:34:30.555873+02:00;standby;23.0;30.5;5.0;25.0;52.4;57.0;0;0;0;0;16487.39;11280.08;5207.32;32442.057
2026-08-07T23:35:31.143903+02:00;standby;23.0;30.5;5.0;25.0;52.4;57.0;0;0;0;0;16487.39;11280.08;5207.32;32442.057
2026-08-07T23:36:32.304561+02:00;standby;23.0;30.5;5.0;25.0;52.4;57.0;0;0;0;0;16487.39;11280.08;5207.32;32442.057
2026-08-07T23:37:33.378695+02:00;standby;23.0;30.5;5.0;25.0;52.4;57.0;0;0;0;0;16487.39;11280.08;5207.32;32442.057
2026-08-07T23:38:33.846454+02:00;standby;23.0;30.5;5.0;25.0;52.4;57.0;0;0;0;0;16487.39;11280.08;5207.32;32442.057
2026-08-07T23:39:34.614386+02:00;standby;23.0;30.5;5.0;25.0;52.3;57.0;0;0;0;0;16487.39;11280.08;5207.32;32442.057
2026-08-07T23:40:35.578890+02:00;standby;23.0;30.5;5.0;25.0;52.3;57.0;0;0;0;0;16487.39;11280.08;5207.32;32442.057
2026-08-07T23:41:36.002195+02:00;standby;23.0;30.5;5.0;25.0;52.3;57.0;0;0;0;0;16487.39;11280.08;5207.32;32442.057
2026-08-07T23:42:36.814660+02:00;standby;23.0;30.5;5.0;25.0;52.3;57.0;0;0;0;0;16487.39;11280.08;5207.32;32442.057
2026-08-07T23:43:37.411353+02:00;standby;23.0;30.5;5.0;25.0;52.3;57.0;0;0;0;0;16487.39;11280.08;5207.32;32442.057
2026-08-07T23:44:37.972859+02:00;standby;23.0;30.5;5.0;25.0;52.3;57.0;0;0;0;0;16487.39;11280.08;5207.32;32442.057
2026-08-07T23:45:38.434023+02:00;standby;23.0;30.5;5.0;25.0;52.3;57.0;0;0;0;0;16487.39;11280.08;5207.32;32442.057
2026-08-07T23:46:39.101831+02:00;standby;23.0;30.5;5.0;25.0;52.3;10.0;0;0;0;0;16487.39;11280.08;5207.32;32442.057
2026-08-07T23:47:39.717577+02:00;standby;23.0;30.5;5.0;25.0;52.3;10.0;0;0;0;0;16487.39;11280.08;5207.32;32442.057
2026-08-07T23:48:40.184145+02:00;standby;23.0;30.5;5.0;25.0;52.3;10.0;0;0;0;0;16487.39;11280.08;5207.32;32442.057
2026-08-07T23:49:40.635008+02:00;standby;23.0;30.5;5.0;25.0;52.2;10.0;0;0;0;0;16487.39;11280.08;5207.32;32442.057
2026-08-07T23:50:41.177089+02:00;standby;23.0;30.4;5.0;25.0;52.2;10.0;0;0;0;0;16487.39;11280.08;5207.32;32442.057
2026-08-07T23:51:41.617398+02:00;standby;23.0;30.5;5.0;25.0;52.2;10.0;0;0;0;0;16487.39;11280.08;5207.32;32442.057
2026-08-07T23:52:42.121491+02:00;standby;23.0;30.4;5.0;25.0;52.2;10.0;0;0;0;0;16487.39;11280.08;5207.32;32442.057
2026-08-07T23:53:42.567581+02:00;standby;23.0;30.4;5.0;25.0;52.2;10.0;0;0;0;0;16487.39;11280.08;5207.32;32442.057
2026-08-07T23:54:43.020636+02:00;standby;23.0;30.4;5.0;25.0;52.2;10.0;0;0;0;0;16487.39;11280.08;5207.32;32442.057
2026-08-07T23:55:43.642870+02:00;standby;23.0;30.4;5.0;25.0;52.2;10.0;0;0;0;0;16487.39;11280.08;5207.32;32442.057
2026-08-07T23:56:44.577017+02:00;standby;23.0;30.4;5.0;25.0;52.2;10.0;0;0;0;0;16487.39;11280.08;5207.32;32442.057
2026-08-07T23:57:46.227073+02:00;standby;23.0;30.4;5.0;25.0;52.2;10.0;0;0;0;0;16487.39;11280.08;5207.32;32442.057
2026-08-07T23:58:47.497008+02:00;standby;23.0;30.4;5.0;25.0;52.2;10.0;0;0;0;0;16487.39;11280.08;5207.32;32442.057
2026-08-07T23:59:47.958210+02:00;standby;23.0;30.4;5.0;25.0;52.2;10.0;0;0;0;0;16487.39;11280.08;5207.32;32442.057
2026-08-08T00:00:48.620137+02:00;standby;23.0;30.4;5.0;25.0;52.1;10.0;0;0;0;0;16487.39;11280.08;5207.32;32442.057
2026-08-08T00:01:49.212588+02:00;standby;23.0;30.4;5.0;25.0;52.1;10.0;0;0;0;0;16487.39;11280.08;5207.32;32442.057
2026-08-08T00:02:49.924404+02:00;standby;23.0;30.4;5.0;25.0;52.1;10.0;0;0;0;0;16487.39;11280.08;5207.32;32442.057
2026-08-08T00:03:50.379009+02:00;standby;23.0;30.4;5.0;25.0;52.1;10.0;0;0;0;0;16487.39;11280.08;5207.32;32442.057
2026-08-08T00:04:50.860066+02:00;standby;23.0;30.4;5.0;25.0;52.1;10.0;0;0;0;0;16487.39;11280.08;5207.32;32442.057
2026-08-08T00:05:51.402437+02:00;standby;23.0;30.4;5.0;25.0;52.1;10.0;0;0;0;0;16487.39;11280.08;5207.32;32442.057
2026-08-08T00:06:51.873416+02:00;standby;23.0;30.4;5.0;25.0;52.1;10.0;0;0;0;0;16487.39;11280.08;5207.32;32442.057
2026-08-08T00:07:52.317340+02:00;standby;23.0;30.2;5.0;25.0;52.1;10.0;0;0;0;0;16487.39;11280.08;5207.32;32442.057
2026-08-08T00:08:53.250736+02:00;standby;23.0;30.2;5.0;25.0;52.1;10.0;0;0;0;0;16487.39;11280.08;5207.32;32442.057
2026-08-08T00:09:53.710795+02:00;standby;23.0;30.2;5.0;25.0;52.1;10.0;0;0;0;0;16487.39;11280.08;5207.32;32442.057
2026-08-08T00:10:55.012106+02:00;standby;23.0;30.2;5.0;25.0;52.0;10.0;0;0;0;0;16487.39;11280.08;5207.32;32442.057
2026-08-08T00:11:55.557967+02:00;standby;23.0;30.2;5.0;25.0;52.0;10.0;0;0;0;0;16487.39;11280.08;5207.32;32442.057
2026-08-08T00:12:56.382578+02:00;standby;23.0;30.2;5.0;25.0;52.0;10.0;0;0;0;0;16487.39;11280.08;5207.32;32442.057
2026-08-08T00:13:56.940309+02:00;standby;23.0;30.2;5.0;25.0;52.0;10.0;0;0;0;0;16487.39;11280.08;5207.32;32442.057
2026-08-08T00:14:57.537729+02:00;standby;22.4;30.2;5.0;25.0;52.0;10.0;0;0;0;0;16487.39;11280.08;5207.32;32442.057
2026-08-08T00:15:58.539415+02:00;standby;22.4;30.2;5.0;25.0;52.0;10.0;0;0;0;0;16487.39;11280.08;5207.32;32442.057
2026-08-08T00:16:59.810827+02:00;standby;22.4;30.2;5.0;25.0;52.0;10.0;0;0;0;0;16487.39;11280.08;5207.32;32442.057
2026-08-08T00:18:00.575867+02:00;standby;22.4;30.2;5.0;25.0;52.0;10.0;0;0;0;0;16487.39;11280.08;5207.32;32442.057
2026-08-08T00:19:00.999969+02:00;standby;22.4;30.2;5.0;25.0;52.0;10.0;0;0;0;0;16487.39;11280.08;5207.32;32442.057
2026-08-08T00:20:01.525763+02:00;standby;22.4;30.2;5.0;25.0;51.9;10.0;0;0;0;0;16487.39;11280.08;5207.32;32442.057
2026-08-08T00:21:02.192564+02:00;standby;22.4;30.2;5.0;25.0;52.0;10.0;0;0;0;0;16487.39;11280.08;5207.32;32442.057
2026-08-08T00:22:02.707954+02:00;standby;22.4;30.2;5.0;25.0;51.9;10.0;0;0;0;0;16487.39;11280.08;5207.32;32442.057
2026-08-08T00:23:03.188519+02:00;standby;22.4;30.2;5.0;25.0;51.9;10.0;0;0;0;0;16487.39;11280.08;5207.32;32442.057
2026-08-08T00:24:05.044792+02:00;standby;22.4;30.2;5.0;25.0;51.9;10.0;0;0;0;0;16487.39;11280.08;5207.32;32442.057
2026-08-08T00:25:05.803788+02:00;standby;22.4;30.2;5.0;25.0;51.9;10.0;0;0;0;0;16487.39;11280.08;5207.32;32442.057
2026-08-08T00:26:06.423988+02:00;standby;22.4;30.2;5.0;25.0;51.9;10.0;0;0;0;0;16487.39;11280.08;5207.32;32442.057
2026-08-08T00:27:06.908458+02:00;standby;22.4;30.1;5.0;25.0;51.9;10.0;0;0;0;0;16487.39;11280.08;5207.32;32442.057
2026-08-08T00:28:07.553181+02:00;standby;22.4;30.1;5.0;25.0;51.9;10.0;0;0;0;0;16487.39;11280.08;5207.32;32442.057
2026-08-08T00:29:08.603114+02:00;standby;22.4;30.1;5.0;25.0;51.9;10.0;0;0;0;0;16487.39;11280.08;5207.32;32442.057
2026-08-08T00:30:09.190037+02:00;standby;22.4;30.1;5.0;25.0;51.9;10.0;0;0;0;0;16487.39;11280.08;5207.32;32442.057
2026-08-08T00:31:09.732822+02:00;standby;22.4;30.1;5.0;25.0;51.9;10.0;0;0;0;0;16487.39;11280.08;5207.32;32442.057
2026-08-08T00:32:10.204211+02:00;standby;22.4;30.1;5.0;25.0;51.8;10.0;0;0;0;0;16487.39;11280.08;5207.32;32442.057
2026-08-08T00:33:10.987230+02:00;standby;22.4;30.1;5.0;25.0;51.8;10.0;0;0;0;0;16487.39;11280.08;5207.32;32442.057
2026-08-08T00:34:11.776318+02:00;standby;22.4;30.1;5.0;25.0;51.8;10.0;0;0;0;0;16487.39;11280.08;5207.32;32442.057
2026-08-08T00:35:12.414310+02:00;standby;22.4;30.1;5.0;25.0;51.8;10.0;0;0;0;0;16487.39;11280.08;5207.32;32442.057
2026-08-08T00:36:12.893283+02:00;standby;22.4;30.1;5.0;25.0;51.8;10.0;0;0;0;0;16487.39;11280.08;5207.32;32442.057
2026-08-08T00:37:13.554833+02:00;standby;22.4;30.1;5.0;25.0;51.8;10.0;0;0;0;0;16487.39;11280.08;5207.32;32442.057
2026-08-08T00:38:14.119825+02:00;standby;22.4;30.1;5.0;25.0;51.8;10.0;0;0;0;0;16487.39;11280.08;5207.32;32442.057
2026-08-08T00:39:14.809108+02:00;standby;22.4;30.1;5.0;25.0;51.8;10.0;0;0;0;0;16487.39;11280.08;5207.32;32442.057
2026-08-08T00:40:15.283786+02:00;standby;22.4;30.1;5.0;25.0;51.8;10.0;0;0;0;0;16487.39;11280.08;5207.32;32442.057
2026-08-08T00:41:15.839882+02:00;standby;22.4;30.1;5.0;25.0;51.8;10.0;0;0;0;0;16487.39;11280.08;5207.32;32442.057
2026-08-08T00:42:16.577306+02:00;standby;22.4;30.1;5.0;25.0;51.7;10.0;0;0;0;0;16487.39;11280.08;5207.32;32442.057
2026-08-08T00:43:17.288013+02:00;standby;22.4;30.1;5.0;25.0;51.7;10.0;0;0;0;0;16487.39;11280.08;5207.32;32442.057
2026-08-08T00:44:17.909509+02:00;standby;22.4;30.1;5.0;25.0;51.7;10.0;0;0;0;0;16487.39;11280.08;5207.32;32442.057
2026-08-08T00:45:18.443176+02:00;standby;22.4;30.1;5.0;25.0;51.7;10.0;0;0;0;0;16487.39;11280.08;5207.32;32442.057
2026-08-08T00:46:19.065000+02:00;standby;22.4;30.1;5.0;25.0;51.7;10.0;0;0;0;0;16487.39;11280.08;5207.32;32442.057
2026-08-08T00:47:19.835876+02:00;standby;22.4;30.1;5.0;25.0;51.7;10.0;0;0;0;0;16487.39;11280.08;5207.32;32442.057
2026-08-08T00:48:20.365789+02:00;standby;22.4;30.1;5.0;25.0;51.7;10.0;0;0;0;0;16487.39;11280.08;5207.32;32442.057
2026-08-08T00:49:20.833602+02:00;standby;22.4;30.1;5.0;25.0;51.7;10.0;0;0;0;0;16487.39;11280.08;5207.32;32442.057
2026-08-08T00:50:21.395131+02:00;standby;22.4;30.0;5.0;25.0;51.7;10.0;0;0;0;0;16487.39;11280.08;5207.32;32442.057
2026-08-08T00:51:21.966436+02:00;standby;22.4;30.0;5.0;25.0;51.7;10.0;0;0;0;0;16487.39;11280.08;5207.32;32442.057
2026-08-08T00:52:22.483547+02:00;standby;22.4;30.0;5.0;25.0;51.7;10.0;0;0;0;0;16487.39;11280.08;5207.32;32442.057
2026-08-08T00:53:22.909537+02:00;standby;22.4;30.0;5.0;25.0;51.7;10.0;0;0;0;0;16487.39;11280.08;5207.32;32442.057
2026-08-08T00:54:23.536465+02:00;standby;22.4;30.0;5.0;25.0;51.6;10.0;0;0;0;0;16487.39;11280.08;5207.32;32442.057
2026-08-08T00:55:24.500090+02:00;standby;22.4;30.0;5.0;25.0;51.6;10.0;0;0;0;0;16487.39;11280.08;5207.32;32442.057
2026-08-08T00:56:25.145896+02:00;standby;22.4;30.0;5.0;25.0;51.6;10.0;0;0;0;0;16487.39;11280.08;5207.32;32442.057
2026-08-08T00:57:25.727639+02:00;standby;22.4;30.0;5.0;25.0;51.6;10.0;0;0;0;0;16487.39;11280.08;5207.32;32442.057
2026-08-08T00:58:26.584638+02:00;standby;22.4;30.0;5.0;25.0;51.6;10.0;0;0;0;0;16487.39;11280.08;5207.32;32442.057
2026-08-08T00:59:27.216797+02:00;standby;22.4;30.0;5.0;25.0;51.6;10.0;0;0;0;0;16487.39;11280.08;5207.32;32442.057
2026-08-08T01:00:27.779913+02:00;standby;22.4;30.0;5.0;25.0;51.6;10.0;0;0;0;0;16487.39;11280.08;5207.32;32442.057
2026-08-08T01:01:28.271468+02:00;standby;22.4;30.0;5.0;25.0;51.6;10.0;0;0;0;0;16487.39;11280.08;5207.32;32442.057
2026-08-08T01:02:28.875660+02:00;standby;22.4;30.0;5.0;25.0;51.6;10.0;0;0;0;0;16487.39;11280.08;5207.32;32442.057
2026-08-08T01:03:29.580586+02:00;standby;22.4;30.0;5.0;25.0;51.6;10.0;0;0;0;0;16487.39;11280.08;5207.32;32442.057
2026-08-08T01:04:30.040777+02:00;standby;22.4;30.0;5.0;25.0;51.5;10.0;0;0;0;0;16487.39;11280.08;5207.32;32442.057
2026-08-08T01:05:30.727978+02:00;standby;22.4;30.0;5.0;25.0;51.5;10.0;0;0;0;0;16487.39;11280.08;5207.32;32442.057
2026-08-08T01:06:31.348999+02:00;standby;22.4;30.0;5.0;25.0;51.5;10.0;0;0;0;0;16487.39;11280.08;5207.32;32442.057
2026-08-08T01:07:31.774518+02:00;standby;22.4;30.0;5.0;25.0;51.5;10.0;0;0;0;0;16487.39;11280.08;5207.32;32442.057
2026-08-08T01:08:32.320358+02:00;standby;22.4;30.0;5.0;25.0;51.5;10.0;0;0;0;0;16487.39;11280.08;5207.32;32442.057
2026-08-08T01:09:32.908567+02:00;standby;22.4;30.0;5.0;25.0;51.5;10.0;0;0;0;0;16487.39;11280.08;5207.32;32442.057
2026-08-08T01:10:33.536171+02:00;standby;22.4;30.0;5.0;25.0;51.5;10.0;0;0;0;0;16487.39;11280.08;5207.32;32442.057
2026-08-08T01:11:34.039538+02:00;standby;22.4;29.9;5.0;25.0;51.5;10.0;0;0;0;0;16487.39;11280.08;5207.32;32442.057
2026-08-08T01:12:34.602161+02:00;standby;22.4;29.9;5.0;25.0;51.5;10.0;0;0;0;0;16487.39;11280.08;5207.32;32442.057
2026-08-08T01:13:36.043446+02:00;standby;22.4;30.0;5.0;25.0;51.5;10.0;0;0;0;0;16487.39;11280.08;5207.32;32442.057
2026-08-08T01:14:36.561138+02:00;standby;22.4;29.9;5.0;25.0;51.5;10.0;0;0;0;0;16487.39;11280.08;5207.32;32442.057
2026-08-08T01:15:37.811377+02:00;standby;22.1;29.9;5.0;25.0;51.4;10.0;0;0;0;0;16487.39;11280.08;5207.32;32442.057
2026-08-08T01:16:38.432540+02:00;standby;22.1;29.9;5.0;25.0;51.4;10.0;0;0;0;0;16487.39;11280.08;5207.32;32442.057
2026-08-08T01:17:39.065146+02:00;standby;22.1;29.9;5.0;25.0;51.4;10.0;0;0;0;0;16487.39;11280.08;5207.32;32442.057
2026-08-08T01:18:39.543445+02:00;standby;22.1;29.9;5.0;25.0;51.4;10.0;0;0;0;0;16487.39;11280.08;5207.32;32442.057
2026-08-08T01:19:40.047408+02:00;standby;22.1;29.9;5.0;25.0;51.4;10.0;0;0;0;0;16487.39;11280.08;5207.32;32442.057
2026-08-08T01:20:40.599261+02:00;standby;22.1;29.9;5.0;25.0;51.4;10.0;0;0;0;0;16487.39;11280.08;5207.32;32442.057
2026-08-08T01:21:41.196391+02:00;standby;22.1;29.9;5.0;25.0;51.4;10.0;0;0;0;0;16487.39;11280.08;5207.32;32442.057
2026-08-08T01:22:41.803854+02:00;standby;22.1;29.9;5.0;25.0;51.4;10.0;0;0;0;0;16487.39;11280.08;5207.32;32442.057
2026-08-08T01:23:42.232595+02:00;standby;22.1;29.9;5.0;25.0;51.4;10.0;0;0;0;0;16487.39;11280.08;5207.32;32442.057
2026-08-08T01:24:42.740165+02:00;standby;22.1;29.9;5.0;25.0;51.4;10.0;0;0;0;0;16487.39;11280.08;5207.32;32442.057
2026-08-08T01:25:43.712822+02:00;standby;22.1;29.9;5.0;25.0;51.4;10.0;0;0;0;0;16487.39;11280.08;5207.32;32442.057
2026-08-08T01:26:44.234564+02:00;standby;22.1;29.9;5.0;25.0;51.4;10.0;0;0;0;0;16487.39;11280.08;5207.32;32442.057
2026-08-08T01:27:44.829738+02:00;standby;22.1;29.9;5.0;25.0;51.3;10.0;0;0;0;0;16487.39;11280.08;5207.32;32442.057
2026-08-08T01:28:45.698881+02:00;standby;22.1;29.9;5.0;25.0;51.3;10.0;0;0;0;0;16487.39;11280.08;5207.32;32442.057
2026-08-08T01:29:46.230152+02:00;standby;22.1;29.9;5.0;25.0;51.3;10.0;0;0;0;0;16487.39;11280.08;5207.32;32442.057
2026-08-08T01:30:46.923845+02:00;standby;22.1;29.9;5.0;25.0;51.3;10.0;0;0;0;0;16487.39;11280.08;5207.32;32442.057
2026-08-08T01:31:48.358854+02:00;standby;22.1;29.9;5.0;25.0;51.3;10.0;0;0;0;0;16487.39;11280.08;5207.32;32442.057
2026-08-08T01:32:48.844766+02:00;standby;22.1;29.9;5.0;25.0;51.3;10.0;0;0;0;0;16487.39;11280.08;5207.32;32442.057
2026-08-08T01:33:49.679771+02:00;standby;22.1;29.9;5.0;25.0;51.3;10.0;0;0;0;0;16487.39;11280.08;5207.32;32442.057
2026-08-08T01:34:50.187662+02:00;standby;22.1;29.9;5.0;25.0;51.3;10.0;0;0;0;0;16487.39;11280.08;5207.32;32442.057
2026-08-08T01:35:50.610827+02:00;standby;22.1;29.9;5.0;25.0;51.3;10.0;0;0;0;0;16487.39;11280.08;5207.32;32442.057
2026-08-08T01:36:51.132869+02:00;standby;22.1;29.7;5.0;25.0;51.2;10.0;0;0;0;0;16487.39;11280.08;5207.32;32442.057
2026-08-08T01:37:51.650852+02:00;standby;22.1;29.7;5.0;25.0;51.2;10.0;0;0;0;0;16487.39;11280.08;5207.32;32442.057
2026-08-08T01:38:52.282348+02:00;standby;22.1;29.7;5.0;25.0;51.2;10.0;0;0;0;0;16487.39;11280.08;5207.32;32442.057
2026-08-08T01:39:52.737962+02:00;standby;22.1;29.7;5.0;25.0;51.2;10.0;0;0;0;0;16487.39;11280.08;5207.32;32442.057
2026-08-08T01:40:53.158848+02:00;standby;22.1;29.7;5.0;25.0;51.2;10.0;0;0;0;0;16487.39;11280.08;5207.32;32442.057
2026-08-08T01:41:53.661305+02:00;standby;22.1;29.7;5.0;25.0;51.2;10.0;0;0;0;0;16487.39;11280.08;5207.32;32442.057
2026-08-08T01:42:54.258224+02:00;standby;22.1;29.9;5.0;25.0;51.2;10.0;0;0;0;0;16487.39;11280.08;5207.32;32442.057
2026-08-08T01:43:54.803612+02:00;standby;22.1;29.7;5.0;25.0;51.2;10.0;0;0;0;0;16487.39;11280.08;5207.32;32442.057
2026-08-08T01:44:55.322325+02:00;standby;22.1;29.7;5.0;25.0;51.2;10.0;0;0;0;0;16487.39;11280.08;5207.32;32442.057
2026-08-08T01:45:55.837431+02:00;standby;22.1;29.7;5.0;25.0;51.2;10.0;0;0;0;0;16487.39;11280.08;5207.32;32442.057
2026-08-08T01:46:56.674009+02:00;standby;22.1;29.7;5.0;25.0;51.2;10.0;0;0;0;0;16487.39;11280.08;5207.32;32442.057
2026-08-08T01:47:57.203125+02:00;standby;22.1;29.7;5.0;25.0;51.2;10.0;0;0;0;0;16487.39;11280.08;5207.32;32442.057
2026-08-08T01:48:57.719439+02:00;standby;22.1;29.7;5.0;25.0;51.1;10.0;0;0;0;0;16487.39;11280.08;5207.32;32442.057
2026-08-08T01:49:58.247208+02:00;standby;22.1;29.7;5.0;25.0;51.2;10.0;0;0;0;0;16487.39;11280.08;5207.32;32442.057
2026-08-08T01:50:58.712982+02:00;standby;22.1;29.7;5.0;25.0;51.1;10.0;0;0;0;0;16487.39;11280.08;5207.32;32442.057
2026-08-08T01:51:59.533862+02:00;standby;22.1;29.7;5.0;25.0;51.1;10.0;0;0;0;0;16487.39;11280.08;5207.32;32442.057
2026-08-08T01:53:00.186125+02:00;standby;22.1;29.7;5.0;25.0;51.1;10.0;0;0;0;0;16487.39;11280.08;5207.32;32442.057
2026-08-08T01:54:00.892353+02:00;standby;22.1;29.7;5.0;25.0;51.1;10.0;0;0;0;0;16487.39;11280.08;5207.32;32442.057
2026-08-08T01:55:01.428349+02:00;standby;22.1;29.7;5.0;25.0;51.1;10.0;0;0;0;0;16487.39;11280.08;5207.32;32442.057
2026-08-08T01:56:01.869897+02:00;standby;22.1;29.7;5.0;25.0;51.1;10.0;0;0;0;0;16487.39;11280.08;5207.32;32442.057
2026-08-08T01:57:02.371370+02:00;standby;22.1;29.7;5.0;25.0;51.1;10.0;0;0;0;0;16487.39;11280.08;5207.32;32442.057
2026-08-08T01:58:02.958601+02:00;standby;22.1;29.7;5.0;25.0;51.1;10.0;0;0;0;0;16487.39;11280.08;5207.32;32442.057
2026-08-08T01:59:03.737394+02:00;standby;22.1;29.7;5.0;25.0;51.1;10.0;0;0;0;0;16487.39;11280.08;5207.32;32442.057
2026-08-08T02:00:04.199123+02:00;standby;22.1;29.7;5.0;25.0;51.1;10.0;0;0;0;0;16487.39;11280.08;5207.32;32442.057
2026-08-08T02:01:04.763701+02:00;standby;22.1;29.7;5.0;25.0;50.9;10.0;0;0;0;0;16487.39;11280.08;5207.32;32442.057
2026-08-08T02:02:08.144798+02:00;standby;22.1;29.7;5.0;25.0;51.1;10.0;0;0;0;0;16487.39;11280.08;5207.32;32442.057
2026-08-08T02:03:08.637944+02:00;standby;22.1;29.7;5.0;25.0;50.9;10.0;0;0;0;0;16487.39;11280.08;5207.32;32442.057
2026-08-08T02:04:09.714659+02:00;standby;22.1;29.7;5.0;25.0;50.9;10.0;0;0;0;0;16487.39;11280.08;5207.32;32442.057
2026-08-08T02:05:10.145510+02:00;standby;22.1;29.7;5.0;25.0;50.9;10.0;0;0;0;0;16487.39;11280.08;5207.32;32442.057
2026-08-08T02:06:10.637854+02:00;standby;22.1;29.6;5.0;25.0;50.9;10.0;0;0;0;0;16487.39;11280.08;5207.32;32442.057
2026-08-08T02:07:11.106934+02:00;standby;22.1;29.6;5.0;25.0;50.9;10.0;0;0;0;0;16487.39;11280.08;5207.32;32442.057
2026-08-08T02:08:11.679032+02:00;standby;22.1;29.6;5.0;25.0;50.9;10.0;0;0;0;0;16487.39;11280.08;5207.32;32442.057
2026-08-08T02:09:12.198189+02:00;standby;22.1;29.6;5.0;25.0;50.9;10.0;0;0;0;0;16487.39;11280.08;5207.32;32442.057
2026-08-08T02:10:12.670993+02:00;standby;22.1;29.6;5.0;25.0;50.9;10.0;0;0;0;0;16487.39;11280.08;5207.32;32442.057
2026-08-08T02:11:13.203439+02:00;standby;22.1;29.6;5.0;25.0;50.9;10.0;0;0;0;0;16487.39;11280.08;5207.32;32442.057
2026-08-08T02:12:14.048675+02:00;standby;22.1;29.6;5.0;25.0;50.9;10.0;0;0;0;0;16487.39;11280.08;5207.32;32442.057
2026-08-08T02:13:14.570842+02:00;standby;22.1;29.6;5.0;25.0;50.8;10.0;0;0;0;0;16487.39;11280.08;5207.32;32442.057
2026-08-08T02:14:15.261974+02:00;standby;22.1;29.6;5.0;25.0;50.8;10.0;0;0;0;0;16487.39;11280.08;5207.32;32442.057
2026-08-08T02:15:15.983944+02:00;standby;22.1;29.6;5.0;25.0;50.8;10.0;0;0;0;0;16487.39;11280.08;5207.32;32442.057
2026-08-08T02:16:16.408442+02:00;standby;21.2;29.6;5.0;25.0;50.8;10.0;0;0;0;0;16487.39;11280.08;5207.32;32442.057
2026-08-08T02:17:16.933158+02:00;standby;21.2;29.6;5.0;25.0;50.8;10.0;0;0;0;0;16487.39;11280.08;5207.32;32442.057
2026-08-08T02:18:17.595528+02:00;standby;21.2;29.6;5.0;25.0;50.8;10.0;0;0;0;0;16487.39;11280.08;5207.32;32442.057
2026-08-08T02:19:18.119350+02:00;standby;21.2;29.6;5.0;25.0;50.8;10.0;0;0;0;0;16487.39;11280.08;5207.32;32442.057
2026-08-08T02:20:18.592223+02:00;standby;21.2;29.6;5.0;25.0;50.8;10.0;0;0;0;0;16487.39;11280.08;5207.32;32442.057
2026-08-08T02:21:19.242049+02:00;standby;21.2;29.6;5.0;25.0;50.8;10.0;0;0;0;0;16487.39;11280.08;5207.32;32442.057
2026-08-08T02:22:19.819440+02:00;standby;21.2;29.6;5.0;25.0;50.8;10.0;0;0;0;0;16487.39;11280.08;5207.32;32442.057
2026-08-08T02:23:20.282525+02:00;standby;21.2;29.6;5.0;25.0;50.8;10.0;0;0;0;0;16487.39;11280.08;5207.32;32442.057
2026-08-08T02:24:20.770609+02:00;standby;21.2;29.6;5.0;25.0;50.7;10.0;0;0;0;0;16487.39;11280.08;5207.32;32442.057
2026-08-08T02:25:21.698264+02:00;standby;21.2;29.6;5.0;25.0;50.7;10.0;0;0;0;0;16487.39;11280.08;5207.32;32442.057
2026-08-08T02:26:22.203122+02:00;standby;21.2;29.6;5.0;25.0;50.7;10.0;0;0;0;0;16487.39;11280.08;5207.32;32442.057
2026-08-08T02:27:22.656886+02:00;standby;21.2;29.6;5.0;25.0;50.7;10.0;0;0;0;0;16487.39;11280.08;5207.32;32442.057
2026-08-08T02:28:23.384612+02:00;standby;21.2;29.6;5.0;25.0;50.7;10.0;0;0;0;0;16487.39;11280.08;5207.32;32442.057
2026-08-08T02:29:23.866045+02:00;standby;21.2;29.4;5.0;25.0;50.7;10.0;0;0;0;0;16487.39;11280.08;5207.32;32442.057
2026-08-08T02:30:24.493154+02:00;standby;21.2;29.6;5.0;25.0;50.7;10.0;0;0;0;0;16487.39;11280.08;5207.32;32442.057
2026-08-08T02:31:25.122400+02:00;standby;21.2;29.6;5.0;25.0;50.7;10.0;0;0;0;0;16487.39;11280.08;5207.32;32442.057
2026-08-08T02:32:25.680333+02:00;standby;21.2;29.4;5.0;25.0;50.7;10.0;0;0;0;0;16487.39;11280.08;5207.32;32442.057
2026-08-08T02:33:26.172783+02:00;standby;21.2;29.6;5.0;25.0;50.7;10.0;0;0;0;0;16487.39;11280.08;5207.32;32442.057
2026-08-08T02:34:26.676721+02:00;standby;21.2;29.6;5.0;25.0;50.7;10.0;0;0;0;0;16487.39;11280.08;5207.32;32442.057
2026-08-08T02:35:27.434722+02:00;standby;21.2;29.4;5.0;25.0;50.6;10.0;0;0;0;0;16487.39;11280.08;5207.32;32442.057
2026-08-08T02:36:28.081063+02:00;standby;21.2;29.4;5.0;25.0;50.6;10.0;0;0;0;0;16487.39;11280.08;5207.32;32442.057
2026-08-08T02:37:28.661755+02:00;standby;21.2;29.4;5.0;25.0;50.6;10.0;0;0;0;0;16487.39;11280.08;5207.32;32442.057
2026-08-08T02:38:29.189178+02:00;standby;21.2;29.4;5.0;25.0;50.6;10.0;0;0;0;0;16487.39;11280.08;5207.32;32442.057
2026-08-08T02:39:29.812448+02:00;standby;21.2;29.4;5.0;25.0;50.6;10.0;0;0;0;0;16487.39;11280.08;5207.32;32442.057
2026-08-08T02:40:30.534972+02:00;standby;21.2;29.4;5.0;25.0;50.6;10.0;0;0;0;0;16487.39;11280.08;5207.32;32442.057
2026-08-08T02:41:31.018725+02:00;standby;21.2;29.4;5.0;25.0;50.6;10.0;0;0;0;0;16487.39;11280.08;5207.32;32442.057
2026-08-08T02:42:31.779534+02:00;standby;21.2;29.4;5.0;25.0;50.6;10.0;0;0;0;0;16487.39;11280.08;5207.32;32442.057
2026-08-08T02:43:32.267595+02:00;standby;21.2;29.4;5.0;25.0;50.6;10.0;0;0;0;0;16487.39;11280.08;5207.32;32442.057
2026-08-08T02:44:32.785793+02:00;standby;21.2;29.4;5.0;25.0;50.6;10.0;0;0;0;0;16487.39;11280.08;5207.32;32442.057
2026-08-08T02:45:33.456899+02:00;standby;21.2;29.4;5.0;25.0;50.6;10.0;0;0;0;0;16487.39;11280.08;5207.32;32442.057
2026-08-08T02:46:34.266345+02:00;standby;21.2;29.4;5.0;25.0;50.5;10.0;0;0;0;0;16487.39;11280.08;5207.32;32442.057
2026-08-08T02:47:35.210723+02:00;standby;21.2;29.4;5.0;25.0;50.5;10.0;0;0;0;0;16487.39;11280.08;5207.32;32442.057
2026-08-08T02:48:35.724051+02:00;standby;21.2;29.4;5.0;25.0;50.5;10.0;0;0;0;0;16487.39;11280.08;5207.32;32442.057
2026-08-08T02:49:36.208004+02:00;standby;21.2;29.4;5.0;25.0;50.5;10.0;0;0;0;0;16487.39;11280.08;5207.32;32442.057
2026-08-08T02:50:36.814200+02:00;standby;21.2;29.4;5.0;25.0;50.5;10.0;0;0;0;0;16487.39;11280.08;5207.32;32442.057
2026-08-08T02:51:37.401263+02:00;standby;21.2;29.4;5.0;25.0;50.5;10.0;0;0;0;0;16487.39;11280.08;5207.32;32442.057
2026-08-08T02:52:37.961224+02:00;standby;21.2;29.4;5.0;25.0;50.5;10.0;0;0;0;0;16487.39;11280.08;5207.32;32442.057
2026-08-08T02:53:38.619352+02:00;standby;21.2;29.4;5.0;25.0;50.5;10.0;0;0;0;0;16487.39;11280.08;5207.32;32442.057
2026-08-08T02:54:39.540790+02:00;standby;21.2;29.4;5.0;25.0;50.5;10.0;0;0;0;0;16487.39;11280.08;5207.32;32442.057
2026-08-08T02:55:40.060782+02:00;standby;21.2;29.4;5.0;25.0;50.5;10.0;0;0;0;0;16487.39;11280.08;5207.32;32442.057
2026-08-08T02:56:40.552706+02:00;standby;21.2;29.4;5.0;25.0;50.5;10.0;0;0;0;0;16487.39;11280.08;5207.32;32442.057
2026-08-08T02:57:41.309986+02:00;standby;21.2;29.4;5.0;25.0;50.5;10.0;0;0;0;0;16487.39;11280.08;5207.32;32442.057
2026-08-08T02:58:41.802138+02:00;standby;21.2;29.4;5.0;25.0;50.4;10.0;0;0;0;0;16487.39;11280.08;5207.32;32442.057
2026-08-08T02:59:43.268828+02:00;standby;21.2;29.4;5.0;25.0;50.4;10.0;0;0;0;0;16487.39;11280.08;5207.32;32442.057
2026-08-08T03:00:43.748089+02:00;standby;21.2;29.4;5.0;25.0;50.5;10.0;0;0;0;0;16487.39;11280.08;5207.32;32442.057
2026-08-08T03:01:44.268390+02:00;standby;21.2;29.3;5.0;25.0;50.4;10.0;0;0;0;0;16487.39;11280.08;5207.32;32442.057
2026-08-08T03:02:44.842234+02:00;standby;21.2;29.4;5.0;25.0;50.4;10.0;0;0;0;0;16487.39;11280.08;5207.32;32442.057
2026-08-08T03:03:45.725151+02:00;standby;21.2;29.4;5.0;25.0;50.4;10.0;0;0;0;0;16487.39;11280.08;5207.32;32442.057
2026-08-08T03:04:46.266442+02:00;standby;21.2;29.4;5.0;25.0;50.4;10.0;0;0;0;0;16487.39;11280.08;5207.32;32442.057
2026-08-08T03:05:46.766784+02:00;standby;21.2;29.4;5.0;25.0;50.4;10.0;0;0;0;0;16487.39;11280.08;5207.32;32442.057
2026-08-08T03:06:47.328768+02:00;standby;21.2;29.3;5.0;25.0;50.4;10.0;0;0;0;0;16487.39;11280.08;5207.32;32442.057
2026-08-08T03:07:47.802802+02:00;standby;21.2;29.4;5.0;25.0;50.4;10.0;0;0;0;0;16487.39;11280.08;5207.32;32442.057
2026-08-08T03:08:48.736855+02:00;standby;21.2;29.3;5.0;25.0;50.4;10.0;0;0;0;0;16487.39;11280.08;5207.32;32442.057
2026-08-08T03:09:49.252620+02:00;standby;21.2;29.4;5.0;25.0;50.4;10.0;0;0;0;0;16487.39;11280.08;5207.32;32442.057
2026-08-08T03:10:49.838516+02:00;standby;21.2;29.3;5.0;25.0;50.3;10.0;0;0;0;0;16487.39;11280.08;5207.32;32442.057
2026-08-08T03:11:50.543436+02:00;standby;21.2;29.3;5.0;25.0;50.3;10.0;0;0;0;0;16487.39;11280.08;5207.32;32442.057
2026-08-08T03:12:51.045996+02:00;standby;21.2;29.3;5.0;25.0;50.3;10.0;0;0;0;0;16487.39;11280.08;5207.32;32442.057
2026-08-08T03:13:51.743069+02:00;standby;21.2;29.3;5.0;25.0;50.3;10.0;0;0;0;0;16487.39;11280.08;5207.32;32442.057
2026-08-08T03:14:52.261133+02:00;standby;21.2;29.3;5.0;25.0;50.3;10.0;0;0;0;0;16487.39;11280.08;5207.32;32442.057
2026-08-08T03:15:52.802222+02:00;standby;21.2;29.3;5.0;25.0;50.3;10.0;0;0;0;0;16487.39;11280.08;5207.32;32442.057
2026-08-08T03:16:53.303005+02:00;standby;20.6;29.3;5.0;25.0;50.3;10.0;0;0;0;0;16487.39;11280.08;5207.32;32442.057
2026-08-08T03:17:53.790002+02:00;standby;20.6;29.3;5.0;25.0;50.3;10.0;0;0;0;0;16487.39;11280.08;5207.32;32442.057
2026-08-08T03:18:54.439207+02:00;standby;20.6;29.3;5.0;25.0;50.3;10.0;0;0;0;0;16487.39;11280.08;5207.32;32442.057
2026-08-08T03:19:55.152027+02:00;standby;20.6;29.3;5.0;25.0;50.3;10.0;0;0;0;0;16487.39;11280.08;5207.32;32442.057
2026-08-08T03:20:55.885413+02:00;standby;20.6;29.3;5.0;25.0;50.3;10.0;0;0;0;0;16487.39;11280.08;5207.32;32442.057
2026-08-08T03:21:56.433007+02:00;standby;20.6;29.3;5.0;25.0;50.3;10.0;0;0;0;0;16487.39;11280.08;5207.32;32442.057
2026-08-08T03:22:56.932164+02:00;standby;20.6;29.3;5.0;25.0;50.3;10.0;0;0;0;0;16487.39;11280.08;5207.32;32442.057
2026-08-08T03:23:57.568370+02:00;standby;20.6;29.3;5.0;25.0;50.2;10.0;0;0;0;0;16487.39;11280.08;5207.32;32442.057
2026-08-08T03:24:58.307816+02:00;standby;20.6;29.3;5.0;25.0;50.2;10.0;0;0;0;0;16487.39;11280.08;5207.32;32442.057
2026-08-08T03:25:59.087871+02:00;standby;20.6;29.3;5.0;25.0;50.2;10.0;0;0;0;0;16487.39;11280.08;5207.32;32442.057
2026-08-08T03:26:59.760541+02:00;standby;20.6;29.3;5.0;25.0;50.2;10.0;0;0;0;0;16487.39;11280.08;5207.32;32442.057
2026-08-08T03:28:00.234824+02:00;standby;20.6;29.3;5.0;25.0;50.2;10.0;0;0;0;0;16487.39;11280.08;5207.32;32442.057
2026-08-08T03:29:01.106435+02:00;standby;20.6;29.3;5.0;25.0;50.2;10.0;0;0;0;0;16487.39;11280.08;5207.32;32442.057
2026-08-08T03:30:01.578885+02:00;standby;20.6;29.3;5.0;25.0;50.2;10.0;0;0;0;0;16487.39;11280.08;5207.32;32442.057
2026-08-08T03:31:02.001812+02:00;standby;20.6;29.3;5.0;25.0;50.2;10.0;0;0;0;0;16487.39;11280.08;5207.32;32442.057
2026-08-08T03:32:02.656308+02:00;standby;20.6;29.3;5.0;25.0;50.2;10.0;0;0;0;0;16487.39;11280.08;5207.32;32442.057
2026-08-08T03:33:03.144535+02:00;standby;20.6;29.3;5.0;25.0;50.2;10.0;0;0;0;0;16487.39;11280.08;5207.32;32442.057
2026-08-08T03:34:03.634888+02:00;standby;20.6;29.3;5.0;25.0;50.2;10.0;0;0;0;0;16487.39;11280.08;5207.32;32442.057
2026-08-08T03:35:04.124141+02:00;standby;20.6;29.3;5.0;25.0;50.2;10.0;0;0;0;0;16487.39;11280.08;5207.32;32442.057
2026-08-08T03:36:04.704850+02:00;standby;20.6;29.3;5.0;25.0;50.1;10.0;0;0;0;0;16487.39;11280.08;5207.32;32442.057
2026-08-08T03:37:05.296966+02:00;standby;20.6;29.3;5.0;25.0;50.1;10.0;0;0;0;0;16487.39;11280.08;5207.32;32442.057
2026-08-08T03:38:05.948168+02:00;standby;20.6;29.3;5.0;25.0;50.1;10.0;0;0;0;0;16487.39;11280.08;5207.32;32442.057
2026-08-08T03:39:06.663456+02:00;standby;20.6;29.3;5.0;25.0;50.1;10.0;0;0;0;0;16487.39;11280.08;5207.32;32442.057
2026-08-08T03:40:07.421296+02:00;standby;20.6;29.3;5.0;25.0;50.1;10.0;0;0;0;0;16487.39;11280.08;5207.32;32442.057
2026-08-08T03:41:08.836458+02:00;standby;20.6;29.3;5.0;25.0;50.1;10.0;0;0;0;0;16487.39;11280.08;5207.32;32442.057
2026-08-08T03:42:09.372001+02:00;standby;20.6;29.3;5.0;25.0;50.1;10.0;0;0;0;0;16487.39;11280.08;5207.32;32442.057
2026-08-08T03:43:10.150470+02:00;standby;20.6;29.3;5.0;25.0;50.1;10.0;0;0;0;0;16487.39;11280.08;5207.32;32442.057
2026-08-08T03:44:10.573597+02:00;standby;20.6;29.2;5.0;25.0;50.1;10.0;0;0;0;0;16487.39;11280.08;5207.32;32442.057
2026-08-08T03:45:11.007892+02:00;standby;20.6;29.2;5.0;25.0;50.1;10.0;0;0;0;0;16487.39;11280.08;5207.32;32442.057
2026-08-08T03:46:11.714303+02:00;standby;20.6;29.2;5.0;25.0;50.1;10.0;0;0;0;0;16487.39;11280.08;5207.32;32442.057
2026-08-08T03:47:12.175456+02:00;standby;20.6;29.2;5.0;25.0;50.0;10.0;0;0;0;0;16487.39;11280.08;5207.32;32442.057
2026-08-08T03:48:13.141648+02:00;standby;20.6;29.2;5.0;25.0;50.0;10.0;0;0;0;0;16487.39;11280.08;5207.32;32442.057
2026-08-08T03:49:13.644568+02:00;standby;20.6;29.2;5.0;25.0;50.0;10.0;0;0;0;0;16487.39;11280.08;5207.32;32442.057
2026-08-08T03:50:14.303552+02:00;standby;20.6;29.2;5.0;25.0;50.0;10.0;0;0;0;0;16487.39;11280.08;5207.32;32442.057
2026-08-08T03:51:15.022121+02:00;standby;20.6;29.2;5.0;25.0;50.0;10.0;0;0;0;0;16487.39;11280.08;5207.32;32442.057
2026-08-08T03:52:15.775920+02:00;standby;20.6;29.2;5.0;25.0;50.0;10.0;0;0;0;0;16487.39;11280.08;5207.32;32442.057
2026-08-08T03:53:16.434075+02:00;standby;20.6;29.2;5.0;25.0;50.0;10.0;0;0;0;0;16487.39;11280.08;5207.32;32442.057
2026-08-08T03:54:16.954406+02:00;standby;20.6;29.2;5.0;25.0;50.0;10.0;0;0;0;0;16487.39;11280.08;5207.32;32442.057
2026-08-08T03:55:17.457006+02:00;standby;20.6;29.2;5.0;25.0;50.0;10.0;0;0;0;0;16487.39;11280.08;5207.32;32442.057
2026-08-08T03:56:17.924768+02:00;standby;20.6;29.2;5.0;25.0;50.0;10.0;0;0;0;0;16487.39;11280.08;5207.32;32442.057
2026-08-08T03:57:18.474827+02:00;standby;20.6;29.2;5.0;25.0;50.0;10.0;0;0;0;0;16487.39;11280.08;5207.32;32442.057
2026-08-08T03:58:19.136148+02:00;standby;20.6;29.2;5.0;25.0;50.0;10.0;0;0;0;0;16487.39;11280.08;5207.32;32442.057
2026-08-08T03:59:19.820513+02:00;standby;20.6;29.2;5.0;25.0;50.0;10.0;0;0;0;0;16487.39;11280.08;5207.32;32442.057
2026-08-08T04:00:20.340647+02:00;standby;20.6;29.2;5.0;25.0;49.9;10.0;0;0;0;0;16487.39;11280.08;5207.32;32442.057
2026-08-08T04:01:20.838121+02:00;standby;20.6;29.2;5.0;25.0;49.9;57.0;0;0;0;0;16487.39;11280.08;5207.32;32442.057
2026-08-08T04:02:21.275432+02:00;standby;20.6;29.2;5.0;25.0;49.9;57.0;0;0;0;0;16487.39;11280.08;5207.32;32442.057
2026-08-08T04:03:24.087426+02:00;standby;20.6;29.2;5.0;25.0;49.9;57.0;0;0;0;0;16487.39;11280.08;5207.32;32442.057
2026-08-08T04:04:24.794537+02:00;standby;20.6;29.2;5.0;25.0;49.9;57.0;0;0;0;0;16487.39;11280.08;5207.32;32442.057
2026-08-08T04:05:25.426951+02:00;standby;20.6;29.2;5.0;25.0;49.9;57.0;0;0;0;0;16487.39;11280.08;5207.32;32442.057
2026-08-08T04:06:26.358433+02:00;standby;20.6;29.2;5.0;25.0;49.9;57.0;0;0;0;0;16487.39;11280.08;5207.32;32442.057
2026-08-08T04:07:26.977550+02:00;standby;20.6;29.2;5.0;25.0;49.9;57.0;0;0;0;0;16487.39;11280.08;5207.32;32442.057
2026-08-08T04:08:27.585710+02:00;standby;20.6;29.2;5.0;25.0;49.9;57.0;0;0;0;0;16487.39;11280.08;5207.32;32442.057
2026-08-08T04:09:28.208242+02:00;standby;20.6;29.2;5.0;25.0;49.9;57.0;0;0;0;0;16487.39;11280.08;5207.32;32442.057
2026-08-08T04:10:28.878700+02:00;standby;20.6;29.2;5.0;25.0;49.9;57.0;0;0;0;0;16487.39;11280.08;5207.32;32442.057
2026-08-08T04:11:29.469494+02:00;standby;20.6;29.2;5.0;25.0;49.9;57.0;0;0;0;0;16487.39;11280.08;5207.32;32442.057
2026-08-08T04:12:29.965557+02:00;standby;20.6;29.2;5.0;25.0;49.9;57.0;0;0;0;0;16487.39;11280.08;5207.32;32442.057
2026-08-08T04:13:32.349226+02:00;standby;20.6;29.2;5.0;25.0;49.8;57.0;0;0;0;0;16487.39;11280.08;5207.32;32442.057
2026-08-08T04:14:32.880779+02:00;standby;20.6;29.2;5.0;25.0;49.8;57.0;0;0;0;0;16487.39;11280.08;5207.32;32442.057
2026-08-08T04:15:33.629638+02:00;standby;20.6;29.2;5.0;25.0;49.8;57.0;0;0;0;0;16487.39;11280.08;5207.32;32442.057
2026-08-08T04:16:34.608829+02:00;standby;20.6;29.2;5.0;25.0;49.8;57.0;0;0;0;0;16487.39;11280.08;5207.32;32442.057
2026-08-08T04:17:37.620345+02:00;standby;20.1;29.2;5.0;25.0;49.8;57.0;0;0;0;0;16487.39;11280.08;5207.32;32442.057
2026-08-08T04:18:38.056327+02:00;standby;20.1;29.2;5.0;25.0;49.8;57.0;0;0;0;0;16487.39;11280.08;5207.32;32442.057
2026-08-08T04:19:38.518762+02:00;standby;20.1;29.2;5.0;25.0;49.8;57.0;0;0;0;0;16487.39;11280.08;5207.32;32442.057
2026-08-08T04:20:39.191893+02:00;standby;20.1;29.2;5.0;25.0;49.8;57.0;0;0;0;0;16487.39;11280.08;5207.32;32442.057
2026-08-08T04:21:39.638990+02:00;standby;20.1;29.2;5.0;25.0;49.8;57.0;0;0;0;0;16487.39;11280.08;5207.32;32442.057
2026-08-08T04:22:40.157094+02:00;standby;20.1;29.2;5.0;25.0;49.8;57.0;0;0;0;0;16487.39;11280.08;5207.32;32442.057
2026-08-08T04:23:40.852102+02:00;standby;20.1;29.2;5.0;25.0;49.8;57.0;0;0;0;0;16487.39;11280.08;5207.32;32442.057
2026-08-08T04:24:41.302759+02:00;standby;20.1;29.2;5.0;25.0;49.8;57.0;0;0;0;0;16487.39;11280.08;5207.32;32442.057
2026-08-08T04:25:41.801974+02:00;standby;20.1;29.2;5.0;25.0;49.7;57.0;0;0;0;0;16487.39;11280.08;5207.32;32442.057
2026-08-08T04:26:42.258280+02:00;standby;20.1;29.2;5.0;25.0;49.8;57.0;0;0;0;0;16487.39;11280.08;5207.32;32442.057
2026-08-08T04:27:42.695994+02:00;standby;20.1;29.0;5.0;25.0;49.7;57.0;0;0;0;0;16487.39;11280.08;5207.32;32442.057
2026-08-08T04:28:43.151735+02:00;standby;20.1;29.0;5.0;25.0;49.7;57.0;0;0;0;0;16487.39;11280.08;5207.32;32442.057
2026-08-08T04:29:44.222326+02:00;standby;20.1;29.0;5.0;25.0;49.7;57.0;0;0;0;0;16487.39;11280.08;5207.32;32442.057
2026-08-08T04:30:44.846697+02:00;standby;20.1;29.0;5.0;25.0;49.7;57.0;0;0;0;0;16487.39;11280.08;5207.32;32442.057
2026-08-08T04:31:45.975025+02:00;standby;20.1;29.0;5.0;25.0;49.7;57.0;0;0;0;0;16487.39;11280.08;5207.32;32442.057
2026-08-08T04:32:46.654927+02:00;standby;20.1;29.0;5.0;25.0;49.7;57.0;0;0;0;0;16487.39;11280.08;5207.32;32442.057
2026-08-08T04:33:47.095271+02:00;standby;20.1;29.0;5.0;25.0;49.7;57.0;0;0;0;0;16487.39;11280.08;5207.32;32442.057
2026-08-08T04:34:47.666058+02:00;standby;20.1;29.0;5.0;25.0;49.7;57.0;0;0;0;0;16487.39;11280.08;5207.32;32442.057
2026-08-08T04:35:48.166436+02:00;standby;20.1;29.0;5.0;25.0;49.7;57.0;0;0;0;0;16487.39;11280.08;5207.32;32442.057
2026-08-08T04:36:48.747851+02:00;standby;20.1;29.0;5.0;25.0;49.7;57.0;0;0;0;0;16487.39;11280.08;5207.32;32442.057
2026-08-08T04:37:49.645094+02:00;standby;20.1;29.0;5.0;25.0;49.7;57.0;0;0;0;0;16487.39;11280.08;5207.32;32442.057
2026-08-08T04:38:50.091069+02:00;standby;20.1;29.0;5.0;25.0;49.6;57.0;0;0;0;0;16487.39;11280.08;5207.32;32442.057
2026-08-08T04:39:50.551343+02:00;standby;20.1;29.0;5.0;25.0;49.6;57.0;0;0;0;0;16487.39;11280.08;5207.32;32442.057
2026-08-08T04:40:51.060276+02:00;standby;20.1;29.0;5.0;25.0;49.6;57.0;0;0;0;0;16487.39;11280.08;5207.32;32442.057
2026-08-08T04:41:51.537517+02:00;standby;20.1;29.0;5.0;25.0;49.6;57.0;0;0;0;0;16487.39;11280.08;5207.32;32442.057
2026-08-08T04:42:51.979210+02:00;standby;20.1;29.0;5.0;25.0;49.6;57.0;0;0;0;0;16487.39;11280.08;5207.32;32442.057
2026-08-08T04:43:52.523501+02:00;standby;20.1;29.0;5.0;25.0;49.6;57.0;0;0;0;0;16487.39;11280.08;5207.32;32442.057
2026-08-08T04:44:53.042253+02:00;standby;20.1;29.0;5.0;25.0;49.6;57.0;0;0;0;0;16487.39;11280.08;5207.32;32442.057
2026-08-08T04:45:54.070375+02:00;standby;20.1;29.0;5.0;25.0;49.6;57.0;0;0;0;0;16487.39;11280.08;5207.32;32442.057
2026-08-08T04:46:54.655730+02:00;standby;20.1;29.0;5.0;25.0;49.6;57.0;0;0;0;0;16487.39;11280.08;5207.32;32442.057
2026-08-08T04:47:55.209318+02:00;standby;20.1;29.0;5.0;25.0;49.6;57.0;0;0;0;0;16487.39;11280.08;5207.32;32442.057
2026-08-08T04:48:56.107240+02:00;standby;20.1;29.0;5.0;25.0;49.6;57.0;0;0;0;0;16487.39;11280.08;5207.32;32442.057
2026-08-08T04:49:56.577138+02:00;standby;20.1;29.0;5.0;25.0;49.6;57.0;0;0;0;0;16487.39;11280.08;5207.32;32442.057
2026-08-08T04:50:57.073207+02:00;standby;20.1;29.0;5.0;25.0;49.5;57.0;0;0;0;0;16487.39;11280.08;5207.32;32442.057
2026-08-08T04:51:57.696563+02:00;standby;20.1;29.0;5.0;25.0;49.6;57.0;0;0;0;0;16487.39;11280.08;5207.32;32442.057
2026-08-08T04:52:58.469647+02:00;standby;20.1;29.0;5.0;25.0;49.5;57.0;0;0;0;0;16487.39;11280.08;5207.32;32442.057
2026-08-08T04:53:59.608294+02:00;standby;20.1;29.0;5.0;25.0;49.5;57.0;0;0;0;0;16487.39;11280.08;5207.32;32442.057
2026-08-08T04:55:00.072087+02:00;standby;20.1;29.0;5.0;25.0;49.5;57.0;0;0;0;0;16487.39;11280.08;5207.32;32442.057
2026-08-08T04:56:00.794438+02:00;standby;20.1;29.0;5.0;25.0;49.5;57.0;0;0;0;0;16487.39;11280.08;5207.32;32442.057
2026-08-08T04:57:01.488030+02:00;standby;20.1;29.0;5.0;25.0;49.5;57.0;0;0;0;0;16487.39;11280.08;5207.32;32442.057
2026-08-08T04:58:02.107709+02:00;standby;20.1;29.0;5.0;25.0;49.5;57.0;0;0;0;0;16487.39;11280.08;5207.32;32442.057
2026-08-08T04:59:02.557999+02:00;standby;20.1;29.0;5.0;25.0;49.5;57.0;0;0;0;0;16487.39;11280.08;5207.32;32442.057
2026-08-08T05:00:03.080818+02:00;standby;20.1;29.0;5.0;25.0;49.5;57.0;0;0;0;0;16487.39;11280.08;5207.32;32442.057
2026-08-08T05:01:03.696940+02:00;standby;20.1;29.0;5.0;25.0;49.5;57.0;0;0;0;0;16487.39;11280.08;5207.32;32442.057
2026-08-08T05:02:04.168826+02:00;standby;20.1;29.0;5.0;25.0;49.5;57.0;0;0;0;0;16487.39;11280.08;5207.32;32442.057
2026-08-08T05:03:04.745739+02:00;standby;20.1;29.0;5.0;25.0;49.5;57.0;0;0;0;0;16487.39;11280.08;5207.32;32442.057
2026-08-08T05:04:05.527991+02:00;standby;20.1;29.0;5.0;25.0;49.5;57.0;0;0;0;0;16487.39;11280.08;5207.32;32442.057
2026-08-08T05:05:06.088832+02:00;standby;20.1;29.0;5.0;25.0;49.4;57.0;0;0;0;0;16487.39;11280.08;5207.32;32442.057
2026-08-08T05:06:06.672772+02:00;standby;20.1;29.0;5.0;25.0;49.4;57.0;0;0;0;0;16487.39;11280.08;5207.32;32442.057
2026-08-08T05:07:09.182969+02:00;standby;20.1;29.0;5.0;25.0;49.4;57.0;0;0;0;0;16487.39;11280.08;5207.32;32442.057
2026-08-08T05:08:09.799743+02:00;standby;20.1;28.9;5.0;25.0;49.4;57.0;0;0;0;0;16487.39;11280.08;5207.32;32442.057
2026-08-08T05:09:10.263620+02:00;standby;20.1;29.0;5.0;25.0;49.4;57.0;0;0;0;0;16487.39;11280.08;5207.32;32442.057
2026-08-08T05:10:10.838595+02:00;standby;20.1;29.0;5.0;25.0;49.4;57.0;0;0;0;0;16487.39;11280.08;5207.32;32442.057
2026-08-08T05:11:11.353407+02:00;standby;20.1;28.9;5.0;25.0;49.4;57.0;0;0;0;0;16487.39;11280.08;5207.32;32442.057
2026-08-08T05:12:12.227306+02:00;standby;20.1;28.9;5.0;25.0;49.4;57.0;0;0;0;0;16487.39;11280.08;5207.32;32442.057
2026-08-08T05:13:12.711617+02:00;standby;20.1;28.9;5.0;25.0;49.4;57.0;0;0;0;0;16487.39;11280.08;5207.32;32442.057
2026-08-08T05:14:13.487485+02:00;standby;20.1;28.9;5.0;25.0;49.4;57.0;0;0;0;0;16487.39;11280.08;5207.32;32442.057
2026-08-08T05:15:14.048042+02:00;standby;20.1;28.9;5.0;25.0;49.4;57.0;0;0;0;0;16487.39;11280.08;5207.32;32442.057
2026-08-08T05:16:14.590485+02:00;standby;20.1;28.9;5.0;25.0;49.4;57.0;0;0;0;0;16487.39;11280.08;5207.32;32442.057
2026-08-08T05:17:15.150792+02:00;standby;20.1;28.9;5.0;25.0;49.4;57.0;0;0;0;0;16487.39;11280.08;5207.32;32442.057
2026-08-08T05:18:15.910818+02:00;standby;19.6;28.9;5.0;25.0;49.3;57.0;0;0;0;0;16487.39;11280.08;5207.32;32442.057
2026-08-08T05:19:16.390785+02:00;standby;19.6;28.9;5.0;25.0;49.3;57.0;0;0;0;0;16487.39;11280.08;5207.32;32442.057
2026-08-08T05:20:17.015422+02:00;standby;19.6;28.9;5.0;25.0;49.3;57.0;0;0;0;0;16487.39;11280.08;5207.32;32442.057
2026-08-08T05:21:17.527137+02:00;standby;19.6;28.9;5.0;25.0;49.3;57.0;0;0;0;0;16487.39;11280.08;5207.32;32442.057
2026-08-08T05:22:18.004875+02:00;standby;19.6;28.9;5.0;25.0;49.3;57.0;0;0;0;0;16487.39;11280.08;5207.32;32442.057
2026-08-08T05:23:18.480470+02:00;standby;19.6;28.9;5.0;25.0;49.3;57.0;0;0;0;0;16487.39;11280.08;5207.32;32442.057
2026-08-08T05:24:19.028316+02:00;standby;19.6;28.9;5.0;25.0;49.3;57.0;0;0;0;0;16487.39;11280.08;5207.32;32442.057
2026-08-08T05:25:19.543576+02:00;standby;19.6;28.9;5.0;25.0;49.3;57.0;0;0;0;0;16487.39;11280.08;5207.32;32442.057
2026-08-08T05:26:20.316208+02:00;standby;19.6;28.9;5.0;25.0;49.3;57.0;0;0;0;0;16487.39;11280.08;5207.32;32442.057
2026-08-08T05:27:20.803641+02:00;standby;19.6;28.9;5.0;25.0;49.3;57.0;0;0;0;0;16487.39;11280.08;5207.32;32442.057
2026-08-08T05:28:21.566235+02:00;standby;19.6;28.9;5.0;25.0;49.3;57.0;0;0;0;0;16487.39;11280.08;5207.32;32442.057
2026-08-08T05:29:22.007228+02:00;standby;19.6;28.9;5.0;25.0;49.3;57.0;0;0;0;0;16487.39;11280.08;5207.32;32442.057
2026-08-08T05:30:22.449533+02:00;standby;19.6;28.9;5.0;25.0;49.3;57.0;0;0;0;0;16487.39;11280.08;5207.32;32442.057
2026-08-08T05:31:23.249054+02:00;standby;19.6;28.9;5.0;25.0;49.2;57.0;0;0;0;0;16487.39;11280.08;5207.32;32442.057
2026-08-08T05:32:23.859344+02:00;standby;19.6;28.9;5.0;30.0;49.2;57.0;0;0;0;0;16487.39;11280.08;5207.32;32442.057
2026-08-08T05:33:24.389249+02:00;standby;19.6;28.9;5.0;30.0;49.2;57.0;0;0;0;0;16487.39;11280.08;5207.32;32442.057
2026-08-08T05:34:24.935435+02:00;standby;19.6;28.9;5.0;30.0;49.2;57.0;0;0;0;0;16487.39;11280.08;5207.32;32442.057
2026-08-08T05:35:25.422813+02:00;standby;19.6;28.9;5.0;30.0;49.2;57.0;0;0;0;0;16487.39;11280.08;5207.32;32442.057
2026-08-08T05:36:25.882600+02:00;standby;19.6;28.9;5.0;30.0;49.2;57.0;0;0;0;0;16487.39;11280.08;5207.32;32442.057
2026-08-08T05:37:26.505766+02:00;standby;19.6;28.9;5.0;30.0;49.2;57.0;0;0;0;0;16487.39;11280.08;5207.32;32442.057
2026-08-08T05:38:27.021071+02:00;standby;19.6;28.9;5.0;30.0;49.2;57.0;0;0;0;0;16487.39;11280.08;5207.32;32442.057
2026-08-08T05:39:27.495365+02:00;standby;19.6;28.9;5.0;30.0;49.2;57.0;0;0;0;0;16487.39;11280.08;5207.32;32442.057
2026-08-08T05:40:28.059596+02:00;standby;19.6;28.9;5.0;30.0;49.2;57.0;0;0;0;0;16487.39;11280.08;5207.32;32442.057
2026-08-08T05:41:28.636348+02:00;standby;19.6;28.9;5.0;30.0;49.2;57.0;0;0;0;0;16487.39;11280.08;5207.32;32442.057
2026-08-08T05:42:29.238206+02:00;standby;19.6;28.9;5.0;30.0;49.2;57.0;0;0;0;0;16487.39;11280.08;5207.32;32442.057
2026-08-08T05:43:29.721535+02:00;standby;19.6;28.9;5.0;30.0;49.1;57.0;0;0;0;0;16487.39;11280.08;5207.32;32442.057
2026-08-08T05:44:30.141725+02:00;standby;19.6;28.9;5.0;30.0;49.1;57.0;0;0;0;0;16487.39;11280.08;5207.32;32442.057
2026-08-08T05:45:30.610236+02:00;standby;19.6;28.9;5.0;30.0;49.1;57.0;0;0;0;0;16487.39;11280.08;5207.32;32442.057
2026-08-08T05:46:31.093240+02:00;standby;19.6;28.9;5.0;31.0;49.1;57.0;0;0;0;0;16487.39;11280.08;5207.32;32442.057
2026-08-08T05:47:31.589454+02:00;standby;19.6;28.9;5.0;31.0;49.1;57.0;0;0;0;0;16487.39;11280.08;5207.32;32442.057
2026-08-08T05:48:32.007900+02:00;standby;19.6;28.9;5.0;31.0;49.1;57.0;0;0;0;0;16487.39;11280.08;5207.32;32442.057
2026-08-08T05:49:32.480837+02:00;standby;19.6;28.9;5.0;31.0;49.1;57.0;0;0;0;0;16487.39;11280.08;5207.32;32442.057
2026-08-08T05:50:33.096880+02:00;standby;19.6;28.9;5.0;31.0;49.1;57.0;0;0;0;0;16487.39;11280.08;5207.32;32442.057
2026-08-08T05:51:33.656108+02:00;standby;19.6;28.9;5.0;31.0;49.1;57.0;0;0;0;0;16487.39;11280.08;5207.32;32442.057
2026-08-08T05:52:34.241465+02:00;standby;19.6;28.9;5.0;31.0;49.1;57.0;0;0;0;0;16487.39;11280.08;5207.32;32442.057
2026-08-08T05:53:34.712164+02:00;standby;19.6;28.9;5.0;31.0;49.1;57.0;0;0;0;0;16487.39;11280.08;5207.32;32442.057
2026-08-08T05:54:35.239514+02:00;standby;19.6;28.9;5.0;31.0;49.1;57.0;0;0;0;0;16487.39;11280.08;5207.32;32442.057
2026-08-08T05:55:35.910321+02:00;standby;19.6;28.9;5.0;31.0;49.1;57.0;0;0;0;0;16487.39;11280.08;5207.32;32442.057
2026-08-08T05:56:36.374704+02:00;standby;19.6;28.9;5.0;31.0;49.1;57.0;0;0;0;0;16487.39;11280.08;5207.32;32442.057
2026-08-08T05:57:36.825960+02:00;standby;19.6;28.9;5.0;31.0;49.1;57.0;0;0;0;0;16487.39;11280.08;5207.32;32442.057
2026-08-08T05:58:37.345926+02:00;standby;19.6;28.9;5.0;31.0;49.1;57.0;0;0;0;0;16487.39;11280.08;5207.32;32442.057
2026-08-08T05:59:37.890727+02:00;standby;19.6;28.9;5.0;31.0;49.0;57.0;0;0;0;0;16487.39;11280.08;5207.32;32442.057
2026-08-08T06:00:38.397924+02:00;standby;19.6;28.7;5.0;31.0;49.0;57.0;0;0;0;0;16487.39;11280.08;5207.32;32442.057
2026-08-08T06:01:39.031027+02:00;standby;19.6;28.7;5.0;31.0;49.0;57.0;0;0;0;0;16487.39;11280.08;5207.32;32442.057
2026-08-08T06:02:39.636607+02:00;standby;19.6;28.7;5.0;31.0;49.0;57.0;0;0;0;0;16487.39;11280.08;5207.32;32442.057
2026-08-08T06:03:40.056454+02:00;standby;19.6;28.7;5.0;31.0;49.0;57.0;0;0;0;0;16487.39;11280.08;5207.32;32442.057
2026-08-08T06:04:40.898930+02:00;standby;19.6;28.7;5.0;31.0;49.0;57.0;0;0;0;0;16487.39;11280.08;5207.32;32442.057
2026-08-08T06:05:41.515134+02:00;standby;19.6;28.7;5.0;31.0;49.0;57.0;0;0;0;0;16487.39;11280.08;5207.32;32442.057
2026-08-08T06:06:41.962328+02:00;standby;19.6;28.7;5.0;31.0;49.0;57.0;0;0;0;0;16487.39;11280.08;5207.32;32442.057
2026-08-08T06:07:42.381719+02:00;standby;19.6;28.9;5.0;31.0;49.0;57.0;0;0;0;0;16487.39;11280.08;5207.32;32442.057
2026-08-08T06:08:42.853886+02:00;standby;19.6;28.7;5.0;31.0;49.0;57.0;0;0;0;0;16487.39;11280.08;5207.32;32442.057
2026-08-08T06:09:43.284972+02:00;standby;19.6;28.7;5.0;31.0;49.0;57.0;0;0;0;0;16487.39;11280.08;5207.32;32442.057
2026-08-08T06:10:43.792612+02:00;standby;19.6;28.7;5.0;31.0;49.0;57.0;0;0;0;0;16487.39;11280.08;5207.32;32442.057
2026-08-08T06:11:44.305476+02:00;standby;19.6;28.7;5.0;31.0;48.9;57.0;0;0;0;0;16487.39;11280.08;5207.32;32442.057
2026-08-08T06:12:44.875764+02:00;standby;19.6;28.7;5.0;31.0;48.9;57.0;0;0;0;0;16487.39;11280.08;5207.32;32442.057
2026-08-08T06:13:45.504300+02:00;standby;19.6;28.7;5.0;31.0;48.9;57.0;0;0;0;0;16487.39;11280.08;5207.32;32442.057
2026-08-08T06:14:46.090044+02:00;standby;19.6;28.7;5.0;31.0;48.9;57.0;0;0;0;0;16487.39;11280.08;5207.32;32442.057
2026-08-08T06:15:46.643075+02:00;standby;19.6;28.7;5.0;31.0;48.9;57.0;0;0;0;0;16487.39;11280.08;5207.32;32442.057
2026-08-08T06:16:47.262146+02:00;standby;19.6;28.7;5.0;31.0;48.9;57.0;0;0;0;0;16487.39;11280.08;5207.32;32442.057
2026-08-08T06:17:48.702394+02:00;standby;19.6;28.7;5.0;31.0;48.9;57.0;0;0;0;0;16487.39;11280.08;5207.32;32442.057
2026-08-08T06:18:49.228769+02:00;standby;19.3;28.7;5.0;31.0;48.9;57.0;0;0;0;0;16487.39;11280.08;5207.32;32442.057
2026-08-08T06:19:50.530079+02:00;standby;19.3;28.7;5.0;31.0;48.9;57.0;0;0;0;0;16487.39;11280.08;5207.32;32442.057
2026-08-08T06:20:51.085984+02:00;standby;19.3;28.7;5.0;31.0;48.9;57.0;0;0;0;0;16487.39;11280.08;5207.32;32442.057
2026-08-08T06:21:51.516940+02:00;standby;19.3;28.7;5.0;31.0;48.9;57.0;0;0;0;0;16487.39;11280.08;5207.32;32442.057
2026-08-08T06:22:52.141657+02:00;standby;19.3;28.7;5.0;31.0;48.9;57.0;0;0;0;0;16487.39;11280.08;5207.32;32442.057
2026-08-08T06:23:52.958034+02:00;standby;19.3;28.7;5.0;31.0;48.9;57.0;0;0;0;0;16487.39;11280.08;5207.32;32442.057
2026-08-08T06:24:53.382501+02:00;standby;19.3;28.7;5.0;31.0;48.8;57.0;0;0;0;0;16487.39;11280.08;5207.32;32442.057
2026-08-08T06:25:54.311948+02:00;standby;19.3;28.7;5.0;31.0;48.8;57.0;0;0;0;0;16487.39;11280.08;5207.32;32442.057
2026-08-08T06:26:54.864333+02:00;standby;19.3;28.7;5.0;31.0;48.8;57.0;0;0;0;0;16487.39;11280.08;5207.32;32442.057
2026-08-08T06:27:55.336966+02:00;standby;19.3;28.7;5.0;31.0;48.8;57.0;0;0;0;0;16487.39;11280.08;5207.32;32442.057
2026-08-08T06:28:55.865914+02:00;standby;19.3;28.7;5.0;31.0;48.8;57.0;0;0;0;0;16487.39;11280.08;5207.32;32442.057
2026-08-08T06:29:56.373020+02:00;standby;19.3;28.7;5.0;31.0;48.8;57.0;0;0;0;0;16487.39;11280.08;5207.32;32442.057
2026-08-08T06:30:56.891603+02:00;standby;19.3;28.7;5.0;31.0;48.8;57.0;0;0;0;0;16487.39;11280.08;5207.32;32442.057
2026-08-08T06:31:57.375411+02:00;standby;19.3;28.7;5.0;31.0;48.8;57.0;0;0;0;0;16487.39;11280.08;5207.32;32442.057
2026-08-08T06:32:58.032879+02:00;standby;19.3;28.7;5.0;31.0;48.8;57.0;0;0;0;0;16487.39;11280.08;5207.32;32442.057
2026-08-08T06:33:58.978998+02:00;standby;19.3;28.7;5.0;31.0;48.8;57.0;0;0;0;0;16487.39;11280.08;5207.32;32442.057
2026-08-08T06:34:59.899241+02:00;standby;19.3;28.7;5.0;31.0;48.8;57.0;0;0;0;0;16487.39;11280.08;5207.32;32442.057
2026-08-08T06:36:00.323976+02:00;standby;19.3;28.7;5.0;31.0;48.8;57.0;0;0;0;0;16487.39;11280.08;5207.32;32442.057
2026-08-08T06:37:00.827187+02:00;standby;19.3;28.7;5.0;31.0;48.8;57.0;0;0;0;0;16487.39;11280.08;5207.32;32442.057
2026-08-08T06:38:01.258805+02:00;standby;19.3;28.7;5.0;31.0;48.8;57.0;0;0;0;0;16487.39;11280.08;5207.32;32442.057
2026-08-08T06:39:01.819780+02:00;standby;19.3;28.7;5.0;31.0;48.7;57.0;0;0;0;0;16487.39;11280.08;5207.32;32442.057
2026-08-08T06:40:02.634904+02:00;standby;19.3;28.7;5.0;31.0;48.7;57.0;0;0;0;0;16487.39;11280.08;5207.32;32442.057
2026-08-08T06:41:03.056977+02:00;standby;19.3;28.7;5.0;31.0;48.7;57.0;0;0;0;0;16487.39;11280.08;5207.32;32442.057
2026-08-08T06:42:03.490145+02:00;standby;19.3;28.7;5.0;31.0;48.7;57.0;0;0;0;0;16487.39;11280.08;5207.32;32442.057
2026-08-08T06:43:03.999872+02:00;standby;19.3;28.7;5.0;31.0;48.7;57.0;0;0;0;0;16487.39;11280.08;5207.32;32442.057
2026-08-08T06:44:04.513084+02:00;standby;19.3;28.7;5.0;31.0;48.7;57.0;0;0;0;0;16487.39;11280.08;5207.32;32442.057
2026-08-08T06:45:05.080727+02:00;standby;19.3;28.7;5.0;31.0;48.7;57.0;0;0;0;0;16487.39;11280.08;5207.32;32442.057
2026-08-08T06:46:05.578658+02:00;standby;19.3;28.7;5.0;31.0;48.7;57.0;0;0;0;0;16487.39;11280.08;5207.32;32442.057
2026-08-08T06:47:06.025994+02:00;standby;19.3;28.7;5.0;31.0;48.7;57.0;0;0;0;0;16487.39;11280.08;5207.32;32442.057
2026-08-08T06:48:06.638229+02:00;standby;19.3;28.7;5.0;31.0;48.7;57.0;0;0;0;0;16487.39;11280.08;5207.32;32442.057
2026-08-08T06:49:07.216724+02:00;standby;19.3;28.7;5.0;31.0;48.7;57.0;0;0;0;0;16487.39;11280.08;5207.32;32442.057
2026-08-08T06:50:07.883582+02:00;standby;19.3;28.7;5.0;31.0;48.7;57.0;0;0;0;0;16487.39;11280.08;5207.32;32442.057
2026-08-08T06:51:08.520987+02:00;standby;19.3;28.6;5.0;31.0;48.7;57.0;0;0;0;0;16487.39;11280.08;5207.32;32442.057
2026-08-08T06:52:09.081248+02:00;standby;19.3;28.6;5.0;31.0;48.6;57.0;0;0;0;0;16487.39;11280.08;5207.32;32442.057
2026-08-08T06:53:09.505610+02:00;standby;19.3;28.7;5.0;31.0;48.6;57.0;0;0;0;0;16487.39;11280.08;5207.32;32442.057
2026-08-08T06:54:09.973227+02:00;standby;19.3;28.7;5.0;31.0;48.6;57.0;0;0;0;0;16487.39;11280.08;5207.32;32442.057
2026-08-08T06:55:10.382623+02:00;standby;19.3;28.6;5.0;31.0;48.6;57.0;0;0;0;0;16487.39;11280.08;5207.32;32442.057
2026-08-08T06:56:10.846309+02:00;standby;19.3;28.6;5.0;31.0;48.6;57.0;0;0;0;0;16487.39;11280.08;5207.32;32442.057
2026-08-08T06:57:11.313599+02:00;standby;19.3;28.6;5.0;31.0;48.6;57.0;0;0;0;0;16487.39;11280.08;5207.32;32442.057
2026-08-08T06:58:11.787924+02:00;standby;19.3;28.6;5.0;31.0;48.6;57.0;0;0;0;0;16487.39;11280.08;5207.32;32442.057
2026-08-08T06:59:12.868632+02:00;standby;19.3;28.6;5.0;31.0;48.6;57.0;0;0;0;0;16487.39;11280.08;5207.32;32442.057
2026-08-08T07:00:13.297624+02:00;standby;19.3;28.6;5.0;31.0;48.6;57.0;0;0;0;0;16487.39;11280.08;5207.32;32442.057
2026-08-08T07:01:13.804360+02:00;standby;19.3;28.7;5.0;31.0;48.6;57.0;0;0;0;0;16487.39;11280.08;5207.32;32442.057
2026-08-08T07:02:14.525515+02:00;standby;19.3;28.6;5.0;31.0;48.6;57.0;0;0;0;0;16487.39;11280.08;5207.32;32442.057
2026-08-08T07:03:15.050647+02:00;standby;19.3;28.6;5.0;31.0;48.6;57.0;0;0;0;0;16487.39;11280.08;5207.32;32442.057
2026-08-08T07:04:15.533900+02:00;standby;19.3;28.6;5.0;31.0;48.6;57.0;0;0;0;0;16487.39;11280.08;5207.32;32442.057
2026-08-08T07:05:16.256117+02:00;standby;19.3;28.6;5.0;31.0;48.5;57.0;0;0;0;0;16487.39;11280.08;5207.32;32442.057
2026-08-08T07:06:16.955859+02:00;standby;19.3;28.6;5.0;31.0;48.5;57.0;0;0;0;0;16487.39;11280.08;5207.32;32442.057
2026-08-08T07:07:17.434773+02:00;standby;19.3;28.6;5.0;31.0;48.5;57.0;0;0;0;0;16487.39;11280.08;5207.32;32442.057
2026-08-08T07:08:17.848773+02:00;standby;19.3;28.6;5.0;31.0;48.5;57.0;0;0;0;0;16487.39;11280.08;5207.32;32442.057
2026-08-08T07:09:18.387194+02:00;standby;19.3;28.6;5.0;31.0;48.5;57.0;0;0;0;0;16487.39;11280.08;5207.32;32442.057
2026-08-08T07:10:19.128234+02:00;standby;19.3;28.6;5.0;31.0;48.5;57.0;0;0;0;0;16487.39;11280.08;5207.32;32442.057
2026-08-08T07:11:19.625317+02:00;standby;19.3;28.6;5.0;31.0;48.6;57.0;0;0;0;0;16487.39;11280.08;5207.32;32442.057
2026-08-08T07:12:20.180927+02:00;standby;19.3;28.6;5.0;31.0;48.5;57.0;0;0;0;0;16487.39;11280.08;5207.32;32442.057
2026-08-08T07:13:21.005091+02:00;standby;19.3;28.6;5.0;31.0;48.5;57.0;0;0;0;0;16487.39;11280.08;5207.32;32442.057
2026-08-08T07:14:21.488752+02:00;standby;19.3;28.6;5.0;30.0;48.5;57.0;0;0;0;0;16487.39;11280.08;5207.32;32442.057
2026-08-08T07:15:21.996584+02:00;standby;19.3;28.6;5.0;30.0;48.5;57.0;0;0;0;0;16487.39;11280.08;5207.32;32442.057
2026-08-08T07:16:22.423197+02:00;standby;19.3;28.6;5.0;30.0;48.5;57.0;0;0;0;0;16487.39;11280.08;5207.32;32442.057
2026-08-08T07:17:23.032655+02:00;standby;19.3;28.6;5.0;30.0;48.5;57.0;0;0;0;0;16487.39;11280.08;5207.32;32442.057
2026-08-08T07:18:23.449182+02:00;standby;19.3;28.6;5.0;30.0;48.5;57.0;0;0;0;0;16487.39;11280.08;5207.32;32442.057
2026-08-08T07:19:23.931595+02:00;standby;19.7;28.6;5.0;30.0;48.4;57.0;0;0;0;0;16487.39;11280.08;5207.32;32442.057
2026-08-08T07:20:26.853158+02:00;standby;19.7;28.6;5.0;30.0;48.4;57.0;0;0;0;0;16487.39;11280.08;5207.32;32442.057
2026-08-08T07:21:27.790318+02:00;standby;19.7;28.6;5.0;30.0;48.4;57.0;0;0;0;0;16487.39;11280.08;5207.32;32442.057
2026-08-08T07:22:28.343843+02:00;standby;19.7;28.6;5.0;30.0;48.4;57.0;0;0;0;0;16487.39;11280.08;5207.32;32442.057
2026-08-08T07:23:29.379155+02:00;standby;19.7;28.6;5.0;30.0;48.4;57.0;0;0;0;0;16487.39;11280.08;5207.32;32442.057
2026-08-08T07:24:30.163323+02:00;standby;19.7;28.6;5.0;30.0;48.4;57.0;0;0;0;0;16487.39;11280.08;5207.32;32442.057
2026-08-08T07:25:30.634149+02:00;standby;19.7;28.6;5.0;30.0;48.4;57.0;0;0;0;0;16487.39;11280.08;5207.32;32442.057
2026-08-08T07:26:31.202116+02:00;standby;19.7;28.6;5.0;30.0;48.4;57.0;0;0;0;0;16487.39;11280.08;5207.32;32442.057
2026-08-08T07:27:31.619499+02:00;standby;19.7;28.6;5.0;30.0;48.4;57.0;0;0;0;0;16487.39;11280.08;5207.32;32442.057
2026-08-08T07:28:32.545840+02:00;standby;19.7;28.6;5.0;30.0;48.4;57.0;0;0;0;0;16487.39;11280.08;5207.32;32442.057
2026-08-08T07:29:33.071098+02:00;standby;19.7;28.6;5.0;30.0;48.4;57.0;0;0;0;0;16487.39;11280.08;5207.32;32442.057
2026-08-08T07:30:33.558448+02:00;standby;19.7;28.6;5.0;30.0;48.4;57.0;0;0;0;0;16487.39;11280.08;5207.32;32442.057
2026-08-08T07:31:34.024216+02:00;standby;19.7;28.6;5.0;30.0;48.4;57.0;0;0;0;0;16487.39;11280.08;5207.32;32442.057
2026-08-08T07:32:34.493882+02:00;standby;19.7;28.6;5.0;30.0;48.4;57.0;0;0;0;0;16487.39;11280.08;5207.32;32442.057
2026-08-08T07:33:35.080599+02:00;standby;19.7;28.6;5.0;30.0;48.4;57.0;0;0;0;0;16487.39;11280.08;5207.32;32442.057
2026-08-08T07:34:35.567387+02:00;standby;19.7;28.6;5.0;30.0;48.2;57.0;0;0;0;0;16487.39;11280.08;5207.32;32442.057
2026-08-08T07:35:36.180220+02:00;standby;19.7;28.6;5.0;30.0;48.2;57.0;0;0;0;0;16487.39;11280.08;5207.32;32442.057
2026-08-08T07:36:36.797652+02:00;standby;19.7;28.6;5.0;30.0;48.2;57.0;0;0;0;0;16487.39;11280.08;5207.32;32442.057
2026-08-08T07:37:37.252076+02:00;standby;19.7;28.6;5.0;30.0;48.2;57.0;0;0;0;0;16487.39;11280.08;5207.32;32442.057
2026-08-08T07:38:38.051916+02:00;standby;19.7;28.6;5.0;30.0;48.2;57.0;0;0;0;0;16487.39;11280.08;5207.32;32442.057
2026-08-08T07:39:38.564183+02:00;standby;19.7;28.6;5.0;30.0;48.2;57.0;0;0;0;0;16487.39;11280.08;5207.32;32442.057
2026-08-08T07:40:39.181580+02:00;standby;19.7;28.6;5.0;30.0;48.2;57.0;0;0;0;0;16487.39;11280.08;5207.32;32442.057
2026-08-08T07:41:39.657074+02:00;standby;19.7;28.6;5.0;30.0;48.2;57.0;0;0;0;0;16487.39;11280.08;5207.32;32442.057
2026-08-08T07:42:40.130159+02:00;standby;19.7;28.6;5.0;30.0;48.2;57.0;0;0;0;0;16487.39;11280.08;5207.32;32442.057
2026-08-08T07:43:40.587731+02:00;standby;19.7;28.6;5.0;30.0;48.2;57.0;0;0;0;0;16487.39;11280.08;5207.32;32442.057
2026-08-08T07:44:41.059154+02:00;standby;19.7;28.6;5.0;30.0;48.2;57.0;0;0;0;0;16487.39;11280.08;5207.32;32442.057
2026-08-08T07:45:41.522095+02:00;standby;19.7;28.6;5.0;30.0;48.2;57.0;0;0;0;0;16487.39;11280.08;5207.32;32442.057
2026-08-08T07:46:41.989050+02:00;standby;19.7;28.6;5.0;30.0;48.2;57.0;0;0;0;0;16487.39;11280.08;5207.32;32442.057
2026-08-08T07:47:42.404366+02:00;standby;19.7;28.6;5.0;30.0;48.2;57.0;0;0;0;0;16487.39;11280.08;5207.32;32442.057
2026-08-08T07:48:43.064054+02:00;standby;19.7;28.6;5.0;30.0;48.2;57.0;0;0;0;0;16487.39;11280.08;5207.32;32442.057
2026-08-08T07:49:43.494255+02:00;standby;19.7;28.6;5.0;29.0;48.1;57.0;0;0;0;0;16487.39;11280.08;5207.32;32442.057
2026-08-08T07:50:43.974168+02:00;standby;19.7;28.6;5.0;29.0;48.1;57.0;0;0;0;0;16487.39;11280.08;5207.32;32442.057
2026-08-08T07:51:44.745965+02:00;standby;19.7;28.6;5.0;29.0;48.1;57.0;0;0;0;0;16487.39;11280.08;5207.32;32442.057
2026-08-08T07:52:45.391742+02:00;standby;19.7;28.5;5.0;29.0;48.1;57.0;0;0;0;0;16487.39;11280.08;5207.32;32442.057
2026-08-08T07:53:46.138512+02:00;standby;19.7;28.5;5.0;29.0;48.1;57.0;0;0;0;0;16487.39;11280.08;5207.32;32442.057
2026-08-08T07:54:46.557070+02:00;standby;19.7;28.6;5.0;29.0;48.1;57.0;0;0;0;0;16487.39;11280.08;5207.32;32442.057
2026-08-08T07:55:47.219526+02:00;standby;19.7;28.5;5.0;29.0;48.1;57.0;0;0;0;0;16487.39;11280.08;5207.32;32442.057
2026-08-08T07:56:47.856433+02:00;standby;19.7;28.5;5.0;29.0;48.1;57.0;0;0;0;0;16487.39;11280.08;5207.32;32442.057
2026-08-08T07:57:48.423330+02:00;standby;19.7;28.5;5.0;29.0;48.1;57.0;0;0;0;0;16487.39;11280.08;5207.32;32442.057
2026-08-08T07:58:48.942484+02:00;standby;19.7;28.6;5.0;29.0;48.1;57.0;0;0;0;0;16487.39;11280.08;5207.32;32442.057
2026-08-08T07:59:49.776609+02:00;standby;19.7;28.5;5.0;29.0;48.1;57.0;0;0;0;0;16487.39;11280.08;5207.32;32442.057
2026-08-08T08:00:50.285428+02:00;standby;19.7;28.5;5.0;29.0;48.1;57.0;0;0;0;0;16487.39;11280.08;5207.32;32442.057
2026-08-08T08:01:50.750929+02:00;standby;19.7;28.5;5.0;29.0;48.1;57.0;0;0;0;0;16487.39;11280.08;5207.32;32442.057
2026-08-08T08:02:51.267087+02:00;standby;19.7;28.5;5.0;29.0;48.1;57.0;0;0;0;0;16487.39;11280.08;5207.32;32442.057
2026-08-08T08:03:51.845611+02:00;standby;19.7;28.5;5.0;29.0;48.0;57.0;0;0;0;0;16487.39;11280.08;5207.32;32442.057
2026-08-08T08:04:52.366393+02:00;standby;19.7;28.5;5.0;29.0;48.0;57.0;0;0;0;0;16487.39;11280.08;5207.32;32442.057
2026-08-08T08:05:52.826776+02:00;standby;19.7;28.5;5.0;29.0;48.0;57.0;0;0;0;0;16487.39;11280.08;5207.32;32442.057
2026-08-08T08:06:53.279272+02:00;standby;19.7;28.5;5.0;29.0;48.0;57.0;0;0;0;0;16487.39;11280.08;5207.32;32442.057
2026-08-08T08:07:53.718755+02:00;standby;19.7;28.5;5.0;29.0;48.0;57.0;0;0;0;0;16487.39;11280.08;5207.32;32442.057
2026-08-08T08:08:54.193499+02:00;standby;19.7;28.5;5.0;29.0;48.0;57.0;0;0;0;0;16487.39;11280.08;5207.32;32442.057
2026-08-08T08:09:54.710313+02:00;standby;19.7;28.5;5.0;29.0;48.0;57.0;0;0;0;0;16487.39;11280.08;5207.32;32442.057
2026-08-08T08:10:55.234249+02:00;standby;19.7;28.5;5.0;29.0;48.0;57.0;0;0;0;0;16487.39;11280.08;5207.32;32442.057
2026-08-08T08:11:55.828973+02:00;standby;19.7;28.5;5.0;29.0;48.0;57.0;0;0;0;0;16487.39;11280.08;5207.32;32442.057
2026-08-08T08:12:56.390380+02:00;standby;19.7;28.5;5.0;29.0;48.0;57.0;0;0;0;0;16487.39;11280.08;5207.32;32442.057
2026-08-08T08:13:56.961762+02:00;standby;19.7;28.5;5.0;29.0;48.0;57.0;0;0;0;0;16487.39;11280.08;5207.32;32442.057
2026-08-08T08:14:57.484938+02:00;standby;19.7;28.5;5.0;29.0;48.0;57.0;0;0;0;0;16487.39;11280.08;5207.32;32442.057
2026-08-08T08:15:57.971832+02:00;standby;19.7;28.5;5.0;29.0;48.0;57.0;0;0;0;0;16487.39;11280.08;5207.32;32442.057
2026-08-08T08:16:58.617745+02:00;standby;19.7;28.5;5.0;29.0;47.9;57.0;0;0;0;0;16487.39;11280.08;5207.32;32442.057
2026-08-08T08:17:59.143008+02:00;standby;19.7;28.5;5.0;29.0;47.9;57.0;0;0;0;0;16487.39;11280.08;5207.32;32442.057
2026-08-08T08:19:00.195825+02:00;standby;19.7;28.5;5.0;29.0;47.9;57.0;0;0;0;0;16487.39;11280.08;5207.32;32442.057
2026-08-08T08:20:00.720424+02:00;standby;21.4;28.5;5.0;29.0;47.9;57.0;0;0;0;0;16487.39;11280.08;5207.32;32442.057
2026-08-08T08:21:01.594101+02:00;standby;21.4;28.5;5.0;29.0;47.9;57.0;0;0;0;0;16487.39;11280.08;5207.32;32442.057
2026-08-08T08:22:02.300549+02:00;standby;21.4;28.5;5.0;29.0;47.9;57.0;0;0;0;0;16487.39;11280.08;5207.32;32442.057
2026-08-08T08:23:02.786507+02:00;standby;21.4;28.5;5.0;29.0;47.9;57.0;0;0;0;0;16487.39;11280.08;5207.32;32442.057
2026-08-08T08:24:03.669040+02:00;standby;21.4;28.5;5.0;29.0;47.9;57.0;0;0;0;0;16487.39;11280.08;5207.32;32442.057
2026-08-08T08:25:04.630613+02:00;standby;21.4;28.5;5.0;29.0;47.9;57.0;0;0;0;0;16487.39;11280.08;5207.32;32442.057
2026-08-08T08:26:05.357192+02:00;standby;21.4;28.5;5.0;29.0;47.9;57.0;0;0;0;0;16487.39;11280.08;5207.32;32442.057
2026-08-08T08:27:05.880123+02:00;standby;21.4;28.5;5.0;29.0;47.9;57.0;0;0;0;0;16487.39;11280.08;5207.32;32442.057
2026-08-08T08:28:06.381167+02:00;standby;21.4;28.5;5.0;29.0;47.9;57.0;0;0;0;0;16487.39;11280.08;5207.32;32442.057
2026-08-08T08:29:07.117064+02:00;standby;21.4;28.5;5.0;29.0;47.9;57.0;0;0;0;0;16487.39;11280.08;5207.32;32442.057
2026-08-08T08:30:07.651104+02:00;standby;21.4;28.5;5.0;29.0;47.9;57.0;0;0;0;0;16487.39;11280.08;5207.32;32442.057
2026-08-08T08:31:08.092090+02:00;standby;21.4;28.5;5.0;29.0;47.8;57.0;0;0;0;0;16487.39;11280.08;5207.32;32442.057
2026-08-08T08:32:08.818204+02:00;standby;21.4;28.5;5.0;29.0;47.8;57.0;0;0;0;0;16487.39;11280.08;5207.32;32442.057
2026-08-08T08:33:09.241203+02:00;standby;21.4;28.5;5.0;29.0;47.8;57.0;0;0;0;0;16487.39;11280.08;5207.32;32442.057
2026-08-08T08:34:09.653890+02:00;standby;21.4;28.5;5.0;28.0;47.8;57.0;0;0;0;0;16487.39;11280.08;5207.32;32442.057
2026-08-08T08:35:10.127000+02:00;standby;21.4;28.5;5.0;28.0;47.8;57.0;0;0;0;0;16487.39;11280.08;5207.32;32442.057
2026-08-08T08:36:10.588011+02:00;standby;21.4;28.5;5.0;28.0;47.8;57.0;0;0;0;0;16487.39;11280.08;5207.32;32442.057
2026-08-08T08:37:11.052840+02:00;standby;21.4;28.5;5.0;28.0;47.8;57.0;0;0;0;0;16487.39;11280.08;5207.32;32442.057
2026-08-08T08:38:11.898502+02:00;standby;21.4;28.5;5.0;28.0;47.8;57.0;0;0;0;0;16487.39;11280.08;5207.32;32442.057
2026-08-08T08:39:12.808042+02:00;standby;21.4;28.5;5.0;28.0;47.8;57.0;0;0;0;0;16487.39;11280.08;5207.32;32442.057
2026-08-08T08:40:13.275351+02:00;standby;21.4;28.5;5.0;28.0;47.8;57.0;0;0;0;0;16487.39;11280.08;5207.32;32442.057
2026-08-08T08:41:13.796116+02:00;standby;21.4;28.5;5.0;28.0;47.8;57.0;0;0;0;0;16487.39;11280.08;5207.32;32442.057
2026-08-08T08:42:14.479443+02:00;standby;21.4;28.5;5.0;28.0;47.7;57.0;0;0;0;0;16487.39;11280.08;5207.32;32442.057
2026-08-08T08:43:14.990347+02:00;standby;21.4;28.5;5.0;28.0;47.7;57.0;0;0;0;0;16487.39;11280.08;5207.32;32442.057
2026-08-08T08:44:15.455363+02:00;standby;21.4;28.5;5.0;28.0;47.7;57.0;0;0;0;0;16487.39;11280.08;5207.32;32442.057
2026-08-08T08:45:16.082161+02:00;standby;21.4;28.5;5.0;28.0;47.7;57.0;0;0;0;0;16487.39;11280.08;5207.32;32442.057
2026-08-08T08:46:16.773554+02:00;standby;21.4;28.5;5.0;28.0;47.7;57.0;0;0;0;0;16487.39;11280.08;5207.32;32442.057
2026-08-08T08:47:17.216918+02:00;standby;21.4;28.5;5.0;28.0;47.7;57.0;0;0;0;0;16487.39;11280.08;5207.32;32442.057
2026-08-08T08:48:17.665816+02:00;standby;21.4;28.5;5.0;28.0;47.7;57.0;0;0;0;0;16487.39;11280.08;5207.32;32442.057
2026-08-08T08:49:18.106430+02:00;standby;21.4;28.5;5.0;28.0;47.7;57.0;0;0;0;0;16487.39;11280.08;5207.32;32442.057
2026-08-08T08:50:18.755048+02:00;standby;21.4;28.5;5.0;28.0;47.7;57.0;0;0;0;0;16487.39;11280.08;5207.32;32442.057
2026-08-08T08:51:19.198647+02:00;standby;21.4;28.5;5.0;28.0;47.7;57.0;0;0;0;0;16487.39;11280.08;5207.32;32442.057
2026-08-08T08:52:23.476412+02:00;standby;21.4;28.5;5.0;28.0;47.7;57.0;0;0;0;0;16487.39;11280.08;5207.32;32442.057
2026-08-08T08:53:23.962313+02:00;standby;21.4;28.5;5.0;28.0;47.7;57.0;0;0;0;0;16487.39;11280.08;5207.32;32442.057
2026-08-08T08:54:24.363884+02:00;standby;21.4;28.5;5.0;28.0;47.7;57.0;0;0;0;0;16487.39;11280.08;5207.32;32442.057
2026-08-08T08:55:24.804337+02:00;standby;21.4;28.5;5.0;28.0;47.6;57.0;0;0;0;0;16487.39;11280.08;5207.32;32442.057
2026-08-08T08:56:25.280039+02:00;standby;21.4;28.5;5.0;28.0;47.7;57.0;0;0;0;0;16487.39;11280.08;5207.32;32442.057
2026-08-08T08:57:25.703635+02:00;standby;21.4;28.5;5.0;28.0;47.6;57.0;0;0;0;0;16487.39;11280.08;5207.32;32442.057
2026-08-08T08:58:26.156802+02:00;standby;21.4;28.5;5.0;28.0;47.6;57.0;0;0;0;0;16487.39;11280.08;5207.32;32442.057
2026-08-08T08:59:26.638192+02:00;standby;21.4;28.5;5.0;28.0;47.6;57.0;0;0;0;0;16487.39;11280.08;5207.32;32442.057
2026-08-08T09:00:27.121388+02:00;standby;21.4;28.5;5.0;28.0;47.6;57.0;0;0;0;0;16487.39;11280.08;5207.32;32442.057
2026-08-08T09:01:27.606285+02:00;standby;21.4;28.3;5.0;28.0;47.6;57.0;0;0;0;0;16487.39;11280.08;5207.32;32442.057
2026-08-08T09:02:28.107789+02:00;standby;21.4;28.5;5.0;28.0;47.6;57.0;0;0;0;0;16487.39;11280.08;5207.32;32442.057
2026-08-08T09:03:28.643081+02:00;standby;21.4;28.3;5.0;28.0;47.6;57.0;0;0;0;0;16487.39;11280.08;5207.32;32442.057
2026-08-08T09:04:31.993837+02:00;standby;21.4;28.5;5.0;28.0;47.6;57.0;0;0;0;0;16487.39;11280.08;5207.32;32442.057
2026-08-08T09:05:32.563847+02:00;standby;21.4;28.5;5.0;28.0;47.6;57.0;0;0;0;0;16487.39;11280.08;5207.32;32442.057
2026-08-08T09:06:33.039345+02:00;standby;21.4;28.3;5.0;28.0;47.6;57.0;0;0;0;0;16487.39;11280.08;5207.32;32442.057
2026-08-08T09:07:33.503270+02:00;standby;21.4;28.3;5.0;28.0;47.6;57.0;0;0;0;0;16487.39;11280.08;5207.32;32442.057
2026-08-08T09:08:34.269882+02:00;standby;21.4;28.3;5.0;28.0;47.6;57.0;0;0;0;0;16487.39;11280.08;5207.32;32442.057
2026-08-08T09:09:34.699340+02:00;standby;21.4;28.3;5.0;28.0;47.6;57.0;0;0;0;0;16487.39;11280.08;5207.32;32442.057
2026-08-08T09:10:35.211215+02:00;standby;21.4;28.3;5.0;28.0;47.6;57.0;0;0;0;0;16487.39;11280.08;5207.32;32442.057
2026-08-08T09:11:35.727954+02:00;standby;21.4;28.3;5.0;28.0;47.6;57.0;0;0;0;0;16487.39;11280.08;5207.32;32442.057
2026-08-08T09:12:36.203718+02:00;standby;21.4;28.3;5.0;28.0;47.5;57.0;0;0;0;0;16487.39;11280.08;5207.32;32442.057
2026-08-08T09:13:36.733268+02:00;standby;21.4;28.3;5.0;28.0;47.5;57.0;0;0;0;0;16487.39;11280.08;5207.32;32442.057
2026-08-08T09:14:37.241590+02:00;standby;21.4;28.3;5.0;28.0;47.5;57.0;0;0;0;0;16487.39;11280.08;5207.32;32442.057
2026-08-08T09:15:38.087145+02:00;standby;21.4;28.5;5.0;28.0;47.5;57.0;0;0;0;0;16487.39;11280.08;5207.32;32442.057
2026-08-08T09:16:38.603821+02:00;standby;21.4;28.3;5.0;28.0;47.5;57.0;0;0;0;0;16487.39;11280.08;5207.32;32442.057
2026-08-08T09:17:39.108421+02:00;standby;21.4;28.3;5.0;28.0;47.5;57.0;0;0;0;0;16487.39;11280.08;5207.32;32442.057
2026-08-08T09:18:40.185564+02:00;standby;21.4;28.3;5.0;28.0;47.5;57.0;0;0;0;0;16487.39;11280.08;5207.32;32442.057
2026-08-08T09:19:40.658304+02:00;standby;21.4;28.3;5.0;28.0;47.5;57.0;0;0;0;0;16487.39;11280.08;5207.32;32442.057
2026-08-08T09:20:41.264473+02:00;standby;22.6;28.3;5.0;28.0;47.5;57.0;0;0;0;0;16487.39;11280.08;5207.32;32442.057
2026-08-08T09:21:41.743816+02:00;standby;22.6;28.3;5.0;28.0;47.5;57.0;0;0;0;0;16487.39;11280.08;5207.32;32442.057
2026-08-08T09:22:42.257095+02:00;standby;22.6;28.3;5.0;28.0;47.4;57.0;0;0;0;0;16487.39;11280.08;5207.32;32442.057
2026-08-08T09:23:42.720291+02:00;standby;22.6;28.3;5.0;28.0;47.3;57.0;0;0;0;0;16487.39;11280.08;5207.32;32442.057
2026-08-08T09:24:43.253993+02:00;standby;22.6;28.3;5.0;28.0;47.3;57.0;0;0;0;0;16487.39;11280.08;5207.32;32442.057
2026-08-08T09:25:43.868083+02:00;standby;22.6;28.3;5.0;28.0;47.1;57.0;0;0;0;0;16487.39;11280.08;5207.32;32442.057
2026-08-08T09:26:44.537757+02:00;standby;22.6;28.3;5.0;28.0;47.0;57.0;0;0;0;0;16487.39;11280.08;5207.32;32442.057
2026-08-08T09:27:46.156310+02:00;dhw;22.6;28.5;85.0;28.0;46.9;57.0;1;59;1;0;16487.39;11280.08;5207.32;32442.057
2026-08-08T09:27:59.403548+02:00;dhw;22.6;35.3;85.0;28.0;46.9;57.0;1;29;1;0;16487.42;11280.08;5207.34;32442.057
2026-08-08T09:28:10.455827+02:00;dhw;22.6;38.4;85.0;28.0;46.9;57.0;1;23;1;100;16487.42;11280.08;5207.34;32442.057
2026-08-08T09:28:21.832454+02:00;dhw;22.6;38.9;85.0;28.0;46.8;57.0;1;23;1;100;16487.44;11280.08;5207.36;32442.057
2026-08-08T09:28:32.588720+02:00;dhw;22.6;39.4;85.0;28.0;46.8;57.0;1;23;1;100;16487.45;11280.08;5207.37;32442.057
2026-08-08T09:28:43.583089+02:00;dhw;22.6;39.0;85.0;28.0;46.7;57.0;1;23;1;100;16487.46;11280.08;5207.38;32442.057
2026-08-08T09:28:56.034586+02:00;dhw;22.6;39.1;85.0;28.0;46.6;57.0;1;23;1;100;16487.46;11280.08;5207.39;32442.057
2026-08-08T09:29:08.796884+02:00;dhw;22.6;39.5;85.0;28.0;46.6;57.0;1;23;1;100;16487.47;11280.08;5207.4;32442.057
2026-08-08T09:29:20.455258+02:00;dhw;22.6;40.2;85.0;28.0;46.5;57.0;1;23;1;100;16487.48;11280.08;5207.4;32442.057
2026-08-08T09:29:31.703954+02:00;dhw;22.6;41.4;85.0;28.0;46.3;57.0;1;25;1;100;16487.5;11280.08;5207.42;32442.057
2026-08-08T09:29:42.475911+02:00;dhw;22.6;42.2;85.0;28.0;46.3;57.0;1;35;1;100;16487.51;11280.08;5207.43;32442.057
2026-08-08T09:29:53.165347+02:00;dhw;22.6;43.6;85.0;28.0;46.2;57.0;1;46;1;100;16487.52;11280.08;5207.45;32442.057
2026-08-08T09:30:05.325947+02:00;dhw;22.6;45.2;85.0;28.0;46.2;57.0;1;56;1;100;16487.54;11280.08;5207.47;32442.057
2026-08-08T09:30:17.586011+02:00;dhw;22.6;47.2;85.0;28.0;46.1;57.0;1;69;1;100;16487.57;11280.08;5207.49;32442.057
2026-08-08T09:30:29.419236+02:00;dhw;22.6;50.0;85.0;28.0;46.1;57.0;1;83;1;100;16487.61;11280.08;5207.53;32442.057
2026-08-08T09:30:40.637363+02:00;dhw;22.6;53.5;85.0;28.0;46.0;57.0;1;98;1;100;16487.66;11280.08;5207.58;32442.057
2026-08-08T09:30:52.160844+02:00;dhw;22.6;56.1;85.0;28.0;46.0;57.0;1;108;1;100;16487.7;11280.08;5207.63;32442.057
2026-08-08T09:31:03.104837+02:00;dhw;22.6;58.2;85.0;28.0;46.0;57.0;1;108;1;100;16487.74;11280.08;5207.67;32442.057
2026-08-08T09:31:14.438154+02:00;dhw;22.6;61.0;85.0;28.0;46.0;57.0;1;108;1;100;16487.8;11280.08;5207.72;32442.057
2026-08-08T09:31:26.056561+02:00;dhw;22.6;63.1;85.0;28.0;46.0;57.0;1;108;1;100;16487.85;11280.08;5207.77;32442.057
2026-08-08T09:31:37.158131+02:00;dhw;22.6;64.2;85.0;28.0;46.0;57.0;1;108;1;100;16487.87;11280.08;5207.8;32442.057
2026-08-08T09:31:48.515856+02:00;dhw;22.6;66.1;85.0;28.0;46.1;57.0;1;108;1;100;16487.93;11280.08;5207.86;32442.156
2026-08-08T09:31:59.842923+02:00;dhw;22.6;67.0;85.0;28.0;46.1;57.0;1;108;1;100;16487.97;11280.08;5207.89;32442.156
2026-08-08T09:32:11.514327+02:00;dhw;22.6;68.5;85.0;28.0;46.3;57.0;1;108;1;100;16488.03;11280.08;5207.96;32442.156
2026-08-08T09:32:22.357898+02:00;dhw;22.6;69.4;85.0;28.0;46.4;57.0;1;108;1;100;16488.08;11280.08;5208.0;32442.156
2026-08-08T09:32:35.842184+02:00;dhw;22.6;70.0;85.0;28.0;46.6;57.0;1;108;1;100;16488.12;11280.08;5208.05;32442.156
2026-08-08T09:32:49.559432+02:00;dhw;22.6;71.0;85.0;28.0;46.7;57.0;1;108;1;100;16488.18;11280.08;5208.11;32442.156
2026-08-08T09:33:01.796644+02:00;dhw;22.6;71.1;85.0;28.0;47.0;57.0;1;108;1;100;16488.2;11280.08;5208.12;32442.156
2026-08-08T09:33:13.115334+02:00;dhw;22.6;72.1;85.0;28.0;47.2;57.0;1;108;1;100;16488.29;11280.08;5208.21;32442.156
2026-08-08T09:33:24.123548+02:00;dhw;22.6;72.5;85.0;28.0;47.4;57.0;1;108;1;100;16488.33;11280.08;5208.25;32442.156
2026-08-08T09:33:35.119709+02:00;dhw;22.6;73.0;85.0;28.0;47.6;57.0;1;108;1;100;16488.39;11280.08;5208.31;32442.156
2026-08-08T09:33:48.645381+02:00;dhw;22.6;73.1;85.0;28.0;47.8;57.0;1;108;1;100;16488.41;11280.08;5208.33;32442.156
2026-08-08T09:34:02.789066+02:00;dhw;22.6;73.6;85.0;28.0;47.9;57.0;1;108;1;100;16488.45;11280.08;5208.38;32442.156
2026-08-08T09:34:14.858865+02:00;dhw;22.6;74.2;85.0;28.0;48.2;57.0;1;108;1;100;16488.54;11280.08;5208.46;32442.156
2026-08-08T09:34:27.455305+02:00;dhw;22.6;74.5;85.0;28.0;48.5;57.0;1;108;1;100;16488.58;11280.08;5208.5;32442.156
2026-08-08T09:34:39.866228+02:00;dhw;22.6;74.9;85.0;28.0;48.7;57.0;1;108;1;100;16488.65;11280.08;5208.58;32442.156
2026-08-08T09:34:52.440390+02:00;dhw;22.6;75.2;85.0;28.0;49.0;57.0;1;108;1;100;16488.7;11280.08;5208.63;32442.156
2026-08-08T09:35:03.345720+02:00;dhw;22.6;75.5;85.0;28.0;49.1;57.0;1;108;1;100;16488.75;11280.08;5208.67;32442.156
2026-08-08T09:35:16.198334+02:00;dhw;22.6;75.8;85.0;28.0;49.3;57.0;1;108;1;100;16488.79;11280.08;5208.71;32442.156
2026-08-08T09:35:31.196326+02:00;dhw;22.6;76.1;85.0;28.0;49.4;57.0;1;108;1;100;16488.84;11280.08;5208.76;32442.156
2026-08-08T09:35:44.252930+02:00;dhw;22.6;76.4;85.0;28.0;49.7;57.0;1;108;1;100;16488.91;11280.08;5208.84;32442.156
2026-08-08T09:35:54.907557+02:00;dhw;22.6;76.5;85.0;28.0;49.8;57.0;1;108;1;100;16488.96;11280.08;5208.88;32442.256
2026-08-08T09:36:08.308986+02:00;dhw;22.6;77.0;85.0;28.0;50.0;57.0;1;108;1;100;16489.02;11280.08;5208.94;32442.256
2026-08-08T09:36:19.996835+02:00;dhw;22.6;77.0;85.0;28.0;50.3;57.0;1;108;1;100;16489.04;11280.08;5208.96;32442.256
2026-08-08T09:36:31.310054+02:00;dhw;22.6;77.4;85.0;28.0;50.4;57.0;1;108;1;100;16489.12;11280.08;5209.05;32442.256
2026-08-08T09:36:43.193325+02:00;dhw;22.6;77.6;85.0;28.0;50.5;57.0;1;108;1;100;16489.16;11280.08;5209.09;32442.256
2026-08-08T09:36:54.084266+02:00;dhw;22.6;77.9;85.0;28.0;50.7;57.0;1;108;1;100;16489.21;11280.08;5209.13;32442.256
2026-08-08T09:37:05.452386+02:00;dhw;22.6;78.0;85.0;28.0;50.9;57.0;1;108;1;100;16489.25;11280.08;5209.17;32442.256
2026-08-08T09:37:16.362306+02:00;dhw;22.6;78.2;85.0;28.0;51.1;57.0;1;108;1;100;16489.29;11280.08;5209.21;32442.256
2026-08-08T09:37:29.320901+02:00;dhw;22.6;78.3;85.0;28.0;51.3;57.0;1;108;1;100;16489.33;11280.08;5209.26;32442.256
2026-08-08T09:37:40.071660+02:00;dhw;22.6;78.8;85.0;28.0;51.6;57.0;1;108;1;100;16489.41;11280.08;5209.34;32442.256
2026-08-08T09:37:51.258839+02:00;dhw;22.6;79.0;85.0;28.0;51.8;57.0;1;108;1;100;16489.46;11280.08;5209.38;32442.256
2026-08-08T09:38:05.664083+02:00;dhw;22.6;79.1;85.0;28.0;51.9;57.0;1;108;1;100;16489.5;11280.08;5209.42;32442.256
2026-08-08T09:38:17.761778+02:00;dhw;22.6;79.3;85.0;28.0;52.1;57.0;1;108;1;100;16489.54;11280.08;5209.47;32442.256
2026-08-08T09:38:31.425791+02:00;dhw;22.6;79.5;85.0;28.0;52.4;57.0;1;108;1;100;16489.58;11280.08;5209.51;32442.256
2026-08-08T09:38:42.221419+02:00;dhw;22.6;79.8;85.0;28.0;52.6;57.0;1;108;1;100;16489.67;11280.08;5209.59;32442.256
2026-08-08T09:38:52.878829+02:00;dhw;22.6;80.1;85.0;28.0;52.7;57.0;1;108;1;100;16489.72;11280.08;5209.64;32442.256
2026-08-08T09:39:05.373566+02:00;dhw;22.6;80.1;85.0;28.0;52.9;57.0;1;108;1;100;16489.75;11280.08;5209.67;32442.256
2026-08-08T09:39:17.813270+02:00;dhw;22.6;80.3;85.0;28.0;53.1;57.0;1;108;1;100;16489.79;11280.08;5209.71;32442.256
2026-08-08T09:39:29.888866+02:00;dhw;22.6;80.4;85.0;28.0;53.4;57.0;1;108;1;100;16489.83;11280.08;5209.76;32442.256
2026-08-08T09:39:40.999507+02:00;dhw;22.6;80.7;85.0;28.0;53.6;57.0;1;108;1;100;16489.92;11280.08;5209.84;32442.256
2026-08-08T09:39:52.479653+02:00;dhw;22.6;80.9;85.0;28.0;53.8;57.0;1;108;1;100;16489.96;11280.08;5209.88;32442.355
2026-08-08T09:40:03.081975+02:00;dhw;22.6;81.1;85.0;28.0;54.0;57.0;1;108;1;100;16490.0;11280.08;5209.92;32442.355
2026-08-08T09:40:14.648367+02:00;dhw;22.6;81.2;85.0;28.0;54.2;57.0;1;108;1;100;16490.04;11280.08;5209.97;32442.355
2026-08-08T09:40:28.577547+02:00;dhw;22.6;81.4;85.0;28.0;54.4;57.0;1;108;1;100;16490.09;11280.08;5210.01;32442.355
2026-08-08T09:40:39.572185+02:00;dhw;22.6;81.7;85.0;28.0;54.8;57.0;1;108;1;100;16490.17;11280.08;5210.09;32442.355
2026-08-08T09:40:51.102063+02:00;dhw;22.6;81.9;85.0;28.0;55.1;57.0;1;108;1;100;16490.21;11280.08;5210.13;32442.355
2026-08-08T09:41:01.911410+02:00;dhw;22.6;82.0;85.0;28.0;55.3;57.0;1;108;1;100;16490.25;11280.08;5210.17;32442.355
2026-08-08T09:41:13.121992+02:00;dhw;22.6;82.2;85.0;28.0;55.5;57.0;1;108;1;100;16490.29;11280.08;5210.22;32442.355
2026-08-08T09:41:24.067501+02:00;dhw;22.6;82.4;85.0;28.0;55.7;57.0;1;108;1;100;16490.34;11280.08;5210.26;32442.355
2026-08-08T09:41:36.829496+02:00;dhw;22.6;82.5;85.0;28.0;55.9;57.0;1;108;1;100;16490.38;11280.08;5210.3;32442.355
2026-08-08T09:41:49.374795+02:00;dhw;22.6;82.7;85.0;28.0;56.0;57.0;1;108;1;100;16490.42;11280.08;5210.34;32442.355
2026-08-08T09:42:01.105271+02:00;dhw;22.6;83.0;85.0;28.0;56.4;57.0;1;108;1;100;16490.5;11280.08;5210.43;32442.355
2026-08-08T09:42:12.461455+02:00;dhw;22.6;83.2;85.0;28.0;56.6;57.0;1;108;1;100;16490.54;11280.08;5210.47;32442.355
2026-08-08T09:42:23.456385+02:00;dhw;22.6;83.4;85.0;28.0;56.8;57.0;1;108;1;100;16490.59;11280.08;5210.51;32442.355
2026-08-08T09:42:37.087159+02:00;standby;22.6;83.8;85.0;28.0;57.1;57.0;0;0;1;100;16490.62;11280.08;5210.55;32442.355
2026-08-08T09:42:48.658441+02:00;standby;22.6;81.9;85.0;28.0;57.3;57.0;0;0;1;100;16490.62;11280.08;5210.55;32442.355
2026-08-08T09:42:59.154948+02:00;standby;22.6;79.3;85.0;28.0;57.6;57.0;0;0;1;10;16490.62;11280.08;5210.55;32442.355
2026-08-08T09:43:09.755566+02:00;standby;22.6;76.7;85.0;28.0;57.8;57.0;0;0;1;10;16490.62;11280.08;5210.55;32442.355
2026-08-08T09:43:20.341726+02:00;standby;22.6;74.7;85.0;28.0;57.9;57.0;0;0;1;10;16490.62;11280.08;5210.55;32442.355
2026-08-08T09:43:31.131285+02:00;standby;22.6;73.9;85.0;28.0;58.1;57.0;0;0;1;10;16490.62;11280.08;5210.55;32442.355
2026-08-08T09:44:31.725559+02:00;standby;22.6;66.5;5.0;28.0;58.8;57.0;0;0;1;10;16490.62;11280.08;5210.55;32442.355
2026-08-08T09:45:32.200711+02:00;standby;22.6;62.8;5.0;28.0;59.4;57.0;0;0;0;10;16490.62;11280.08;5210.55;32442.355
2026-08-08T09:46:33.645973+02:00;standby;22.6;63.7;5.0;28.0;59.6;57.0;0;0;0;0;16490.62;11280.08;5210.55;32442.355
2026-08-08T09:47:34.207043+02:00;standby;22.6;64.1;5.0;28.0;59.7;57.0;0;0;0;0;16490.62;11280.08;5210.55;32442.355
2026-08-08T09:48:34.747719+02:00;standby;22.6;64.3;5.0;28.0;59.8;57.0;0;0;0;0;16490.62;11280.08;5210.55;32442.355
2026-08-08T09:49:35.500286+02:00;standby;22.6;64.3;5.0;28.0;59.8;57.0;0;0;0;0;16490.62;11280.08;5210.55;32442.355
2026-08-08T09:50:36.222332+02:00;standby;22.6;64.3;5.0;28.0;59.9;57.0;0;0;0;0;16490.62;11280.08;5210.55;32442.355
2026-08-08T09:51:36.999971+02:00;standby;22.6;64.3;5.0;28.0;59.9;57.0;0;0;0;0;16490.62;11280.08;5210.55;32442.355
2026-08-08T09:52:37.479064+02:00;standby;22.6;64.2;5.0;28.0;59.9;57.0;0;0;0;0;16490.62;11280.08;5210.55;32442.355
2026-08-08T09:53:38.757644+02:00;standby;22.6;64.2;5.0;28.0;59.9;57.0;0;0;0;0;16490.62;11280.08;5210.55;32442.355
2026-08-08T09:54:39.219919+02:00;standby;22.6;64.1;5.0;28.0;59.8;57.0;0;0;0;0;16490.62;11280.08;5210.55;32442.355
2026-08-08T09:55:40.140931+02:00;standby;22.6;64.0;5.0;28.0;59.8;57.0;0;0;0;0;16490.62;11280.08;5210.55;32442.355
2026-08-08T09:56:40.789700+02:00;standby;22.6;63.8;5.0;28.0;59.8;57.0;0;0;0;0;16490.62;11280.08;5210.55;32442.355
2026-08-08T09:57:41.203244+02:00;standby;22.6;63.7;5.0;28.0;59.8;57.0;0;0;0;0;16490.62;11280.08;5210.55;32442.355
2026-08-08T09:58:41.715479+02:00;standby;22.6;63.6;5.0;28.0;59.8;57.0;0;0;0;0;16490.62;11280.08;5210.55;32442.355
2026-08-08T09:59:42.225702+02:00;standby;22.6;63.5;5.0;28.0;59.8;57.0;0;0;0;0;16490.62;11280.08;5210.55;32442.355
2026-08-08T10:00:42.860493+02:00;standby;22.6;63.3;5.0;28.0;59.8;57.0;0;0;0;0;16490.62;11280.08;5210.55;32442.355
2026-08-08T10:01:43.322685+02:00;standby;22.6;63.1;5.0;28.0;59.8;57.0;0;0;0;0;16490.62;11280.08;5210.55;32442.355
2026-08-08T10:02:43.797473+02:00;standby;22.6;63.0;5.0;28.0;59.8;57.0;0;0;0;0;16490.62;11280.08;5210.55;32442.355
2026-08-08T10:03:44.314877+02:00;standby;22.6;62.9;5.0;28.0;59.8;57.0;0;0;0;0;16490.62;11280.08;5210.55;32442.355
2026-08-08T10:04:44.792286+02:00;standby;22.6;62.8;5.0;28.0;59.8;57.0;0;0;0;0;16490.62;11280.08;5210.55;32442.355
2026-08-08T10:05:45.401641+02:00;standby;22.6;62.7;5.0;28.0;59.8;57.0;0;0;0;0;16490.62;11280.08;5210.55;32442.355
2026-08-08T10:06:45.920801+02:00;standby;22.6;62.6;5.0;28.0;59.8;57.0;0;0;0;0;16490.62;11280.08;5210.55;32442.355
2026-08-08T10:07:46.580326+02:00;standby;22.6;62.3;5.0;28.0;59.8;57.0;0;0;0;0;16490.62;11280.08;5210.55;32442.355
2026-08-08T10:08:47.096088+02:00;standby;22.6;62.2;5.0;28.0;59.7;57.0;0;0;0;0;16490.62;11280.08;5210.55;32442.355
2026-08-08T10:09:47.981833+02:00;standby;22.6;62.1;5.0;28.0;59.7;57.0;0;0;0;0;16490.62;11280.08;5210.55;32442.355
2026-08-08T10:10:48.458290+02:00;standby;22.6;62.0;5.0;28.0;59.7;57.0;0;0;0;0;16490.62;11280.08;5210.55;32442.355
2026-08-08T10:11:48.921556+02:00;standby;22.6;61.9;5.0;28.0;59.7;57.0;0;0;0;0;16490.62;11280.08;5210.55;32442.355
2026-08-08T10:12:49.338639+02:00;standby;22.6;61.7;5.0;28.0;59.7;57.0;0;0;0;0;16490.62;11280.08;5210.55;32442.355
2026-08-08T10:13:50.021177+02:00;standby;22.6;61.6;5.0;28.0;59.7;57.0;0;0;0;0;16490.62;11280.08;5210.55;32442.355
2026-08-08T10:14:50.484744+02:00;standby;22.6;61.4;5.0;28.0;59.7;57.0;0;0;0;0;16490.62;11280.08;5210.55;32442.355
2026-08-08T10:15:51.243887+02:00;standby;22.6;61.3;5.0;28.0;59.7;57.0;0;0;0;0;16490.62;11280.08;5210.55;32442.355
2026-08-08T10:16:51.890865+02:00;standby;22.6;61.2;5.0;28.0;59.7;57.0;0;0;0;0;16490.62;11280.08;5210.55;32442.355
2026-08-08T10:17:52.751484+02:00;standby;22.6;60.9;5.0;28.0;59.7;57.0;0;0;0;0;16490.62;11280.08;5210.55;32442.355
2026-08-08T10:18:53.291074+02:00;standby;22.6;60.8;5.0;28.0;59.7;57.0;0;0;0;0;16490.62;11280.08;5210.55;32442.355
2026-08-08T10:19:53.743560+02:00;standby;22.6;60.7;5.0;28.0;59.7;57.0;0;0;0;0;16490.62;11280.08;5210.55;32442.355
2026-08-08T10:20:54.476779+02:00;standby;23.5;60.6;5.0;28.0;59.7;57.0;0;0;0;0;16490.62;11280.08;5210.55;32442.355
2026-08-08T10:21:55.157203+02:00;standby;23.5;60.5;5.0;28.0;59.7;57.0;0;0;0;0;16490.62;11280.08;5210.55;32442.355
2026-08-08T10:22:56.393055+02:00;standby;23.5;60.2;5.0;28.0;59.6;57.0;0;0;0;0;16490.62;11280.08;5210.55;32442.355
2026-08-08T10:23:57.061513+02:00;standby;23.5;60.1;5.0;28.0;59.6;57.0;0;0;0;0;16490.62;11280.08;5210.55;32442.355
2026-08-08T10:24:57.480266+02:00;standby;23.5;60.0;5.0;28.0;59.6;57.0;0;0;0;0;16490.62;11280.08;5210.55;32442.355
2026-08-08T10:25:58.153273+02:00;standby;23.5;59.8;5.0;28.0;59.6;57.0;0;0;0;0;16490.62;11280.08;5210.55;32442.355
2026-08-08T10:26:58.757485+02:00;standby;23.5;59.7;5.0;28.0;59.6;57.0;0;0;0;0;16490.62;11280.08;5210.55;32442.355
2026-08-08T10:27:59.293000+02:00;standby;23.5;59.5;5.0;28.0;59.6;57.0;0;0;0;0;16490.62;11280.08;5210.55;32442.355
2026-08-08T10:29:00.122322+02:00;standby;23.5;59.4;5.0;28.0;59.6;57.0;0;0;0;0;16490.62;11280.08;5210.55;32442.355
2026-08-08T10:30:02.155939+02:00;standby;23.5;59.2;5.0;28.0;59.6;57.0;0;0;0;0;16490.62;11280.08;5210.55;32442.355
2026-08-08T10:31:02.587575+02:00;standby;23.5;59.1;5.0;28.0;59.6;57.0;0;0;0;0;16490.62;11280.08;5210.55;32442.355
2026-08-08T10:32:05.190585+02:00;standby;23.5;59.0;5.0;28.0;59.6;57.0;0;0;0;0;16490.62;11280.08;5210.55;32442.355
2026-08-08T10:33:05.919937+02:00;standby;23.5;58.9;5.0;28.0;59.6;57.0;0;0;0;0;16490.62;11280.08;5210.55;32442.355
2026-08-08T10:34:06.656016+02:00;standby;23.5;58.6;5.0;28.0;59.6;57.0;0;0;0;0;16490.62;11280.08;5210.55;32442.355
2026-08-08T10:35:07.164109+02:00;standby;23.5;58.5;5.0;28.0;59.6;57.0;0;0;0;0;16490.62;11280.08;5210.55;32442.355
2026-08-08T10:36:07.796507+02:00;standby;23.5;58.4;5.0;28.0;59.6;57.0;0;0;0;0;16490.62;11280.08;5210.55;32442.355
2026-08-08T10:37:08.298057+02:00;standby;23.5;58.2;5.0;28.0;59.6;57.0;0;0;0;0;16490.62;11280.08;5210.55;32442.355
2026-08-08T10:38:08.895403+02:00;standby;23.5;58.1;5.0;28.0;59.6;57.0;0;0;0;0;16490.62;11280.08;5210.55;32442.355
