ts;mode;outdoor_temp;flow_temp;flow_set_temp;target_flow_temp;dhw_temp;dhw_set_temp;burner_active;burner_power;pump_active;pump_modulation;energy_total_kwh;energy_heat_kwh;energy_dhw_kwh;gas_display_m3
2026-07-27T00:00:56.871973+02:00;standby;23.4;40.6;5.0;25.0;58.0;10.0;0;0;0;0;16439.98;11280.08;5159.9;32437.375
2026-07-27T00:01:57.415241+02:00;standby;23.4;40.6;5.0;25.0;58.0;10.0;0;0;0;0;16439.98;11280.08;5159.9;32437.375
2026-07-27T00:02:57.868443+02:00;standby;23.4;40.5;5.0;25.0;58.0;10.0;0;0;0;0;16439.98;11280.08;5159.9;32437.375
2026-07-27T00:03:58.315303+02:00;standby;23.4;40.5;5.0;25.0;57.9;10.0;0;0;0;0;16439.98;11280.08;5159.9;32437.375
2026-07-27T00:04:59.957429+02:00;standby;23.4;40.3;5.0;25.0;57.9;10.0;0;0;0;0;16439.98;11280.08;5159.9;32437.375
2026-07-27T00:06:00.803088+02:00;standby;23.4;40.3;5.0;25.0;57.9;10.0;0;0;0;0;16439.98;11280.08;5159.9;32437.375
2026-07-27T00:07:01.274498+02:00;standby;23.4;40.2;5.0;25.0;57.9;10.0;0;0;0;0;16439.98;11280.08;5159.9;32437.375
2026-07-27T00:08:01.852200+02:00;standby;23.4;40.2;5.0;25.0;57.9;10.0;0;0;0;0;16439.98;11280.08;5159.9;32437.375
2026-07-27T00:09:02.392744+02:00;standby;23.4;40.1;5.0;25.0;57.9;10.0;0;0;0;0;16439.98;11280.08;5159.9;32437.375
2026-07-27T00:10:02.985185+02:00;standby;23.4;40.1;5.0;25.0;57.9;10.0;0;0;0;0;16439.98;11280.08;5159.9;32437.375
2026-07-27T00:11:03.595545+02:00;standby;23.4;40.0;5.0;25.0;57.9;10.0;0;0;0;0;16439.98;11280.08;5159.9;32437.375
2026-07-27T00:12:04.437489+02:00;standby;23.4;40.0;5.0;25.0;57.9;10.0;0;0;0;0;16439.98;11280.08;5159.9;32437.375
2026-07-27T00:13:05.045770+02:00;standby;23.4;39.9;5.0;25.0;57.9;10.0;0;0;0;0;16439.98;11280.08;5159.9;32437.375
2026-07-27T00:14:05.656997+02:00;standby;23.4;39.9;5.0;25.0;57.9;10.0;0;0;0;0;16439.98;11280.08;5159.9;32437.375
2026-07-27T00:15:06.147021+02:00;standby;23.4;39.8;5.0;25.0;57.9;10.0;0;0;0;0;16439.98;11280.08;5159.9;32437.375
2026-07-27T00:16:07.631259+02:00;standby;23.4;39.8;5.0;25.0;57.9;10.0;0;0;0;0;16439.98;11280.08;5159.9;32437.375
2026-07-27T00:17:08.172423+02:00;standby;23.4;39.6;5.0;25.0;57.9;10.0;0;0;0;0;16439.98;11280.08;5159.9;32437.375
2026-07-27T00:18:08.867159+02:00;standby;23.4;39.6;5.0;25.0;57.8;10.0;0;0;0;0;16439.98;11280.08;5159.9;32437.375
2026-07-27T00:19:09.632410+02:00;standby;23.4;39.6;5.0;25.0;57.8;10.0;0;0;0;0;16439.98;11280.08;5159.9;32437.375
2026-07-27T00:20:10.156411+02:00;standby;23.2;39.5;5.0;25.0;57.8;10.0;0;0;0;0;16439.98;11280.08;5159.9;32437.375
2026-07-27T00:21:10.799359+02:00;standby;23.2;39.5;5.0;25.0;57.8;10.0;0;0;0;0;16439.98;11280.08;5159.9;32437.375
2026-07-27T00:22:11.216471+02:00;standby;23.2;39.4;5.0;25.0;57.8;10.0;0;0;0;0;16439.98;11280.08;5159.9;32437.375
2026-07-27T00:23:11.736398+02:00;standby;23.2;39.4;5.0;25.0;57.8;10.0;0;0;0;0;16439.98;11280.08;5159.9;32437.375
2026-07-27T00:24:12.294158+02:00;standby;23.2;39.3;5.0;25.0;57.8;10.0;0;0;0;0;16439.98;11280.08;5159.9;32437.375
2026-07-27T00:25:12.806406+02:00;standby;23.2;39.3;5.0;25.0;57.8;10.0;0;0;0;0;16439.98;11280.08;5159.9;32437.375
2026-07-27T00:26:13.309171+02:00;standby;23.2;39.3;5.0;25.0;57.8;10.0;0;0;0;0;16439.98;11280.08;5159.9;32437.375
2026-07-27T00:27:13.946434+02:00;standby;23.2;39.1;5.0;25.0;57.8;10.0;0;0;0;0;16439.98;11280.08;5159.9;32437.375
2026-07-27T00:28:14.586197+02:00;standby;23.2;39.1;5.0;25.0;57.8;10.0;0;0;0;0;16439.98;11280.08;5159.9;32437.375
2026-07-27T00:29:15.092741+02:00;standby;23.2;39.0;5.0;25.0;57.8;10.0;0;0;0;0;16439.98;11280.08;5159.9;32437.375
2026-07-27T00:30:15.677351+02:00;standby;23.2;39.0;5.0;25.0;57.7;10.0;0;0;0;0;16439.98;11280.08;5159.9;32437.375
2026-07-27T00:31:16.370862+02:00;standby;23.2;38.9;5.0;25.0;57.7;10.0;0;0;0;0;16439.98;11280.08;5159.9;32437.375
2026-07-27T00:32:16.917035+02:00;standby;23.2;38.9;5.0;25.0;57.7;10.0;0;0;0;0;16439.98;11280.08;5159.9;32437.375
2026-07-27T00:33:17.415685+02:00;standby;23.2;38.9;5.0;25.0;57.7;10.0;0;0;0;0;16439.98;11280.08;5159.9;32437.375
2026-07-27T00:34:17.932531+02:00;standby;23.2;38.8;5.0;25.0;57.7;10.0;0;0;0;0;16439.98;11280.08;5159.9;32437.375
2026-07-27T00:35:18.453056+02:00;standby;23.2;38.8;5.0;25.0;57.7;10.0;0;0;0;0;16439.98;11280.08;5159.9;32437.375
2026-07-27T00:36:19.134628+02:00;standby;23.2;38.6;5.0;25.0;57.7;10.0;0;0;0;0;16439.98;11280.08;5159.9;32437.375
2026-07-27T00:37:19.722502+02:00;standby;23.2;38.6;5.0;25.0;57.7;10.0;0;0;0;0;16439.98;11280.08;5159.9;32437.375
2026-07-27T00:38:20.975831+02:00;standby;23.2;38.5;5.0;25.0;57.7;10.0;0;0;0;0;16439.98;11280.08;5159.9;32437.375
2026-07-27T00:39:21.595142+02:00;standby;23.2;38.5;5.0;25.0;57.7;10.0;0;0;0;0;16439.98;11280.08;5159.9;32437.375
2026-07-27T00:40:22.233009+02:00;standby;23.2;38.4;5.0;25.0;57.7;10.0;0;0;0;0;16439.98;11280.08;5159.9;32437.375
2026-07-27T00:41:22.739576+02:00;standby;23.2;38.4;5.0;25.0;57.7;10.0;0;0;0;0;16439.98;11280.08;5159.9;32437.375
2026-07-27T00:42:23.181225+02:00;standby;23.2;38.4;5.0;25.0;57.6;10.0;0;0;0;0;16439.98;11280.08;5159.9;32437.375
2026-07-27T00:43:23.732379+02:00;standby;23.2;38.3;5.0;25.0;57.6;10.0;0;0;0;0;16439.98;11280.08;5159.9;32437.375
2026-07-27T00:44:24.376740+02:00;standby;23.2;38.3;5.0;25.0;57.6;10.0;0;0;0;0;16439.98;11280.08;5159.9;32437.375
2026-07-27T00:45:25.260121+02:00;standby;23.2;38.1;5.0;25.0;57.6;10.0;0;0;0;0;16439.98;11280.08;5159.9;32437.375
2026-07-27T00:46:25.867661+02:00;standby;23.2;38.1;5.0;25.0;57.6;10.0;0;0;0;0;16439.98;11280.08;5159.9;32437.375
2026-07-27T00:47:26.399429+02:00;standby;23.2;38.1;5.0;25.0;57.6;10.0;0;0;0;0;16439.98;11280.08;5159.9;32437.375
2026-07-27T00:48:27.127102+02:00;standby;23.2;38.0;5.0;25.0;57.6;10.0;0;0;0;0;16439.98;11280.08;5159.9;32437.375
2026-07-27T00:49:27.632005+02:00;standby;23.2;38.0;5.0;25.0;57.6;10.0;0;0;0;0;16439.98;11280.08;5159.9;32437.375
2026-07-27T00:50:28.130346+02:00;standby;23.2;37.9;5.0;25.0;57.6;10.0;0;0;0;0;16439.98;11280.08;5159.9;32437.375
2026-07-27T00:51:29.347372+02:00;standby;23.2;37.9;5.0;25.0;57.6;10.0;0;0;0;0;16439.98;11280.08;5159.9;32437.375
2026-07-27T00:52:29.983524+02:00;standby;23.2;37.9;5.0;25.0;57.6;10.0;0;0;0;0;16439.98;11280.08;5159.9;32437.375
2026-07-27T00:53:30.447538+02:00;standby;23.2;37.8;5.0;25.0;57.6;10.0;0;0;0;0;16439.98;11280.08;5159.9;32437.375
2026-07-27T00:54:31.144085+02:00;standby;23.2;37.8;5.0;25.0;57.6;10.0;0;0;0;0;16439.98;11280.08;5159.9;32437.375
2026-07-27T00:55:31.630040+02:00;standby;23.2;37.8;5.0;25.0;57.6;10.0;0;0;0;0;16439.98;11280.08;5159.9;32437.375
2026-07-27T00:56:32.211099+02:00;standby;23.2;37.7;5.0;25.0;57.5;10.0;0;0;0;0;16439.98;11280.08;5159.9;32437.375
2026-07-27T00:57:32.886789+02:00;standby;23.2;37.7;5.0;25.0;57.5;10.0;0;0;0;0;16439.98;11280.08;5159.9;32437.375
2026-07-27T00:58:33.410871+02:00;standby;23.2;37.5;5.0;25.0;57.5;10.0;0;0;0;0;16439.98;11280.08;5159.9;32437.375
2026-07-27T00:59:34.258711+02:00;standby;23.2;37.5;5.0;25.0;57.5;10.0;0;0;0;0;16439.98;11280.08;5159.9;32437.375
2026-07-27T01:00:34.773338+02:00;standby;23.2;37.5;5.0;25.0;57.5;10.0;0;0;0;0;16439.98;11280.08;5159.9;32437.375
2026-07-27T01:01:35.501376+02:00;standby;23.2;37.5;5.0;25.0;57.5;10.0;0;0;0;0;16439.98;11280.08;5159.9;32437.375
2026-07-27T01:02:36.083980+02:00;standby;23.2;37.4;5.0;25.0;57.5;10.0;0;0;0;0;16439.98;11280.08;5159.9;32437.375
2026-07-27T01:03:36.547863+02:00;standby;23.2;37.4;5.0;25.0;57.5;10.0;0;0;0;0;16439.98;11280.08;5159.9;32437.375
2026-07-27T01:04:37.072242+02:00;standby;23.2;37.3;5.0;25.0;57.5;10.0;0;0;0;0;16439.98;11280.08;5159.9;32437.375
2026-07-27T01:05:38.001158+02:00;standby;23.2;37.3;5.0;25.0;57.5;10.0;0;0;0;0;16439.98;11280.08;5159.9;32437.375
2026-07-27T01:06:38.488834+02:00;standby;23.2;37.3;5.0;25.0;57.5;10.0;0;0;0;0;16439.98;11280.08;5159.9;32437.375
2026-07-27T01:07:39.084853+02:00;standby;23.2;37.2;5.0;25.0;57.4;10.0;0;0;0;0;16439.98;11280.08;5159.9;32437.375
2026-07-27T01:08:39.502854+02:00;standby;23.2;37.2;5.0;25.0;57.4;10.0;0;0;0;0;16439.98;11280.08;5159.9;32437.375
2026-07-27T01:09:40.279745+02:00;standby;23.2;37.0;5.0;25.0;57.4;10.0;0;0;0;0;16439.98;11280.08;5159.9;32437.375
2026-07-27T01:10:40.973061+02:00;standby;23.2;37.0;5.0;25.0;57.4;10.0;0;0;0;0;16439.98;11280.08;5159.9;32437.375
2026-07-27T01:11:41.627692+02:00;standby;23.2;37.0;5.0;25.0;57.4;10.0;0;0;0;0;16439.98;11280.08;5159.9;32437.375
2026-07-27T01:12:42.561282+02:00;standby;23.2;36.9;5.0;25.0;57.4;10.0;0;0;0;0;16439.98;11280.08;5159.9;32437.375
2026-07-27T01:13:43.329197+02:00;standby;23.2;36.9;5.0;25.0;57.4;10.0;0;0;0;0;16439.98;11280.08;5159.9;32437.375
2026-07-27T01:14:44.053057+02:00;standby;23.2;36.9;5.0;25.0;57.4;10.0;0;0;0;0;16439.98;11280.08;5159.9;32437.375
2026-07-27T01:15:44.670046+02:00;standby;23.2;36.8;5.0;25.0;57.4;10.0;0;0;0;0;16439.98;11280.08;5159.9;32437.375
2026-07-27T01:16:45.158018+02:00;standby;23.2;36.8;5.0;25.0;57.4;10.0;0;0;0;0;16439.98;11280.08;5159.9;32437.375
2026-07-27T01:17:45.916490+02:00;standby;23.2;36.8;5.0;25.0;57.4;10.0;0;0;0;0;16439.98;11280.08;5159.9;32437.375
2026-07-27T01:18:46.398998+02:00;standby;23.2;36.7;5.0;25.0;57.4;10.0;0;0;0;0;16439.98;11280.08;5159.9;32437.375
2026-07-27T01:19:47.008101+02:00;standby;23.2;36.7;5.0;25.0;57.4;10.0;0;0;0;0;16439.98;11280.08;5159.9;32437.375
2026-07-27T01:20:47.623338+02:00;standby;22.6;36.7;5.0;25.0;57.4;10.0;0;0;0;0;16439.98;11280.08;5159.9;32437.375
2026-07-27T01:21:48.093301+02:00;standby;22.6;36.5;5.0;25.0;57.3;10.0;0;0;0;0;16439.98;11280.08;5159.9;32437.375
2026-07-27T01:22:48.537110+02:00;standby;22.6;36.5;5.0;25.0;57.3;10.0;0;0;0;0;16439.98;11280.08;5159.9;32437.375
2026-07-27T01:23:49.810921+02:00;standby;22.6;36.5;5.0;25.0;57.3;10.0;0;0;0;0;16439.98;11280.08;5159.9;32437.375
2026-07-27T01:24:50.390459+02:00;standby;22.6;36.4;5.0;25.0;57.3;10.0;0;0;0;0;16439.98;11280.08;5159.9;32437.375
2026-07-27T01:25:51.097080+02:00;standby;22.6;36.4;5.0;25.0;57.3;10.0;0;0;0;0;16439.98;11280.08;5159.9;32437.375
2026-07-27T01:26:51.513866+02:00;standby;22.6;36.4;5.0;25.0;57.3;10.0;0;0;0;0;16439.98;11280.08;5159.9;32437.375
2026-07-27T01:27:51.947920+02:00;standby;22.6;36.3;5.0;25.0;57.3;10.0;0;0;0;0;16439.98;11280.08;5159.9;32437.375
2026-07-27T01:28:52.549139+02:00;standby;22.6;36.3;5.0;25.0;57.3;10.0;0;0;0;0;16439.98;11280.08;5159.9;32437.375
2026-07-27T01:29:52.964623+02:00;standby;22.6;36.3;5.0;25.0;57.3;10.0;0;0;0;0;16439.98;11280.08;5159.9;32437.375
2026-07-27T01:30:53.432978+02:00;standby;22.6;36.3;5.0;25.0;57.3;10.0;0;0;0;0;16439.98;11280.08;5159.9;32437.375
2026-07-27T01:31:54.035794+02:00;standby;22.6;36.2;5.0;25.0;57.3;10.0;0;0;0;0;16439.98;11280.08;5159.9;32437.375
2026-07-27T01:32:54.506401+02:00;standby;22.6;36.2;5.0;25.0;57.3;10.0;0;0;0;0;16439.98;11280.08;5159.9;32437.375
2026-07-27T01:33:55.179710+02:00;standby;22.6;36.0;5.0;25.0;57.2;10.0;0;0;0;0;16439.98;11280.08;5159.9;32437.375
2026-07-27T01:34:55.793306+02:00;standby;22.6;36.0;5.0;25.0;57.2;10.0;0;0;0;0;16439.98;11280.08;5159.9;32437.375
2026-07-27T01:35:56.291959+02:00;standby;22.6;36.0;5.0;25.0;57.2;10.0;0;0;0;0;16439.98;11280.08;5159.9;32437.375
2026-07-27T01:36:57.065145+02:00;standby;22.6;36.0;5.0;25.0;57.2;10.0;0;0;0;0;16439.98;11280.08;5159.9;32437.375
2026-07-27T01:37:57.616184+02:00;standby;22.6;35.9;5.0;25.0;57.2;10.0;0;0;0;0;16439.98;11280.08;5159.9;32437.375
2026-07-27T01:38:58.054423+02:00;standby;22.6;35.9;5.0;25.0;57.2;10.0;0;0;0;0;16439.98;11280.08;5159.9;32437.375
2026-07-27T01:39:58.524382+02:00;standby;22.6;35.9;5.0;25.0;57.2;10.0;0;0;0;0;16439.98;11280.08;5159.9;32437.375
2026-07-27T01:40:58.988014+02:00;standby;22.6;35.8;5.0;25.0;57.2;10.0;0;0;0;0;16439.98;11280.08;5159.9;32437.375
2026-07-27T01:41:59.453728+02:00;standby;22.6;35.8;5.0;25.0;57.2;10.0;0;0;0;0;16439.98;11280.08;5159.9;32437.375
2026-07-27T01:42:59.946592+02:00;standby;22.6;35.8;5.0;25.0;57.2;10.0;0;0;0;0;16439.98;11280.08;5159.9;32437.375
2026-07-27T01:44:00.568390+02:00;standby;22.6;35.8;5.0;25.0;57.2;10.0;0;0;0;0;16439.98;11280.08;5159.9;32437.375
2026-07-27T01:45:01.013727+02:00;standby;22.6;35.7;5.0;25.0;57.2;10.0;0;0;0;0;16439.98;11280.08;5159.9;32437.375
2026-07-27T01:46:01.808994+02:00;standby;22.6;35.7;5.0;25.0;57.2;10.0;0;0;0;0;16439.98;11280.08;5159.9;32437.375
2026-07-27T01:47:02.281875+02:00;standby;22.6;35.7;5.0;25.0;57.1;10.0;0;0;0;0;16439.98;11280.08;5159.9;32437.375
2026-07-27T01:48:02.770313+02:00;standby;22.6;35.6;5.0;25.0;57.1;10.0;0;0;0;0;16439.98;11280.08;5159.9;32437.375
2026-07-27T01:49:03.826251+02:00;standby;22.6;35.6;5.0;25.0;57.1;10.0;0;0;0;0;16439.98;11280.08;5159.9;32437.375
2026-07-27T01:50:04.304638+02:00;standby;22.6;35.6;5.0;25.0;57.1;10.0;0;0;0;0;16439.98;11280.08;5159.9;32437.375
2026-07-27T01:51:05.817216+02:00;standby;22.6;35.6;5.0;25.0;57.1;10.0;0;0;0;0;16439.98;11280.08;5159.9;32437.375
2026-07-27T01:52:06.267830+02:00;standby;22.6;35.4;5.0;25.0;57.1;10.0;0;0;0;0;16439.98;11280.08;5159.9;32437.375
2026-07-27T01:53:07.653534+02:00;standby;22.6;35.4;5.0;25.0;57.1;10.0;0;0;0;0;16439.98;11280.08;5159.9;32437.375
2026-07-27T01:54:08.519567+02:00;standby;22.6;35.4;5.0;25.0;57.1;10.0;0;0;0;0;16439.98;11280.08;5159.9;32437.375
2026-07-27T01:55:09.052504+02:00;standby;22.6;35.3;5.0;25.0;57.1;10.0;0;0;0;0;16439.98;11280.08;5159.9;32437.375
2026-07-27T01:56:09.646720+02:00;standby;22.6;35.3;5.0;25.0;57.1;10.0;0;0;0;0;16439.98;11280.08;5159.9;32437.375
2026-07-27T01:57:10.368870+02:00;standby;22.6;35.3;5.0;25.0;57.1;10.0;0;0;0;0;16439.98;11280.08;5159.9;32437.375
2026-07-27T01:58:11.121448+02:00;standby;22.6;35.3;5.0;25.0;57.1;10.0;0;0;0;0;16439.98;11280.08;5159.9;32437.375
2026-07-27T01:59:11.819162+02:00;standby;22.6;35.2;5.0;25.0;57.1;10.0;0;0;0;0;16439.98;11280.08;5159.9;32437.375
2026-07-27T02:00:12.290718+02:00;standby;22.6;35.2;5.0;25.0;56.9;10.0;0;0;0;0;16439.98;11280.08;5159.9;32437.375
2026-07-27T02:01:12.782029+02:00;standby;22.6;35.2;5.0;25.0;56.9;10.0;0;0;0;0;16439.98;11280.08;5159.9;32437.375
2026-07-27T02:02:13.232611+02:00;standby;22.6;35.1;5.0;25.0;56.9;10.0;0;0;0;0;16439.98;11280.08;5159.9;32437.375
2026-07-27T02:03:14.047851+02:00;standby;22.6;35.1;5.0;25.0;56.9;10.0;0;0;0;0;16439.98;11280.08;5159.9;32437.375
2026-07-27T02:04:15.153170+02:00;standby;22.6;35.1;5.0;25.0;56.9;10.0;0;0;0;0;16439.98;11280.08;5159.9;32437.375
2026-07-27T02:05:15.625878+02:00;standby;22.6;35.1;5.0;25.0;56.9;10.0;0;0;0;0;16439.98;11280.08;5159.9;32437.375
2026-07-27T02:06:16.182955+02:00;standby;22.6;34.9;5.0;25.0;56.9;10.0;0;0;0;0;16439.98;11280.08;5159.9;32437.375
2026-07-27T02:07:17.114961+02:00;standby;22.6;34.9;5.0;25.0;56.9;10.0;0;0;0;0;16439.98;11280.08;5159.9;32437.375
2026-07-27T02:08:17.648098+02:00;standby;22.6;34.9;5.0;25.0;56.9;10.0;0;0;0;0;16439.98;11280.08;5159.9;32437.375
2026-07-27T02:09:18.156991+02:00;standby;22.6;34.9;5.0;25.0;56.9;10.0;0;0;0;0;16439.98;11280.08;5159.9;32437.375
2026-07-27T02:10:18.620218+02:00;standby;22.6;34.8;5.0;25.0;56.9;10.0;0;0;0;0;16439.98;11280.08;5159.9;32437.375
2026-07-27T02:11:20.051336+02:00;standby;22.6;34.8;5.0;25.0;56.8;10.0;0;0;0;0;16439.98;11280.08;5159.9;32437.375
2026-07-27T02:12:20.589326+02:00;standby;22.6;34.8;5.0;25.0;56.9;10.0;0;0;0;0;16439.98;11280.08;5159.9;32437.375
2026-07-27T02:13:21.133840+02:00;standby;22.6;34.8;5.0;25.0;56.8;10.0;0;0;0;0;16439.98;11280.08;5159.9;32437.375
2026-07-27T02:14:21.724026+02:00;standby;22.6;34.7;5.0;25.0;56.8;10.0;0;0;0;0;16439.98;11280.08;5159.9;32437.375
2026-07-27T02:15:22.194984+02:00;standby;22.6;34.7;5.0;25.0;56.8;10.0;0;0;0;0;16439.98;11280.08;5159.9;32437.375
2026-07-27T02:16:22.744058+02:00;standby;22.6;34.7;5.0;25.0;56.8;10.0;0;0;0;0;16439.98;11280.08;5159.9;32437.375
2026-07-27T02:17:23.951393+02:00;standby;22.6;34.7;5.0;25.0;56.8;10.0;0;0;0;0;16439.98;11280.08;5159.9;32437.375
2026-07-27T02:18:24.396286+02:00;standby;22.6;34.6;5.0;25.0;56.8;10.0;0;0;0;0;16439.98;11280.08;5159.9;32437.375
2026-07-27T02:19:24.837615+02:00;standby;22.6;34.6;5.0;25.0;56.8;10.0;0;0;0;0;16439.98;11280.08;5159.9;32437.375
2026-07-27T02:20:25.313554+02:00;standby;22.6;34.6;5.0;25.0;56.8;10.0;0;0;0;0;16439.98;11280.08;5159.9;32437.375
2026-07-27T02:21:26.177002+02:00;standby;22.2;34.6;5.0;25.0;56.8;10.0;0;0;0;0;16439.98;11280.08;5159.9;32437.375
2026-07-27T02:22:27.886735+02:00;standby;22.2;34.4;5.0;25.0;56.8;10.0;0;0;0;0;16439.98;11280.08;5159.9;32437.375
2026-07-27T02:23:28.427164+02:00;standby;22.2;34.4;5.0;25.0;56.8;10.0;0;0;0;0;16439.98;11280.08;5159.9;32437.375
2026-07-27T02:24:29.152817+02:00;standby;22.2;34.4;5.0;25.0;56.8;10.0;0;0;0;0;16439.98;11280.08;5159.9;32437.375
2026-07-27T02:25:29.672560+02:00;standby;22.2;34.4;5.0;25.0;56.8;10.0;0;0;0;0;16439.98;11280.08;5159.9;32437.375
2026-07-27T02:26:30.976834+02:00;standby;22.2;34.3;5.0;25.0;56.7;10.0;0;0;0;0;16439.98;11280.08;5159.9;32437.375
2026-07-27T02:27:31.453470+02:00;standby;22.2;34.3;5.0;25.0;56.7;10.0;0;0;0;0;16439.98;11280.08;5159.9;32437.375
2026-07-27T02:28:32.127129+02:00;standby;22.2;34.3;5.0;25.0;56.7;10.0;0;0;0;0;16439.98;11280.08;5159.9;32437.375
2026-07-27T02:29:32.684135+02:00;standby;22.2;34.3;5.0;25.0;56.7;10.0;0;0;0;0;16439.98;11280.08;5159.9;32437.375
2026-07-27T02:30:33.168690+02:00;standby;22.2;34.2;5.0;25.0;56.7;10.0;0;0;0;0;16439.98;11280.08;5159.9;32437.375
2026-07-27T02:31:33.650934+02:00;standby;22.2;34.2;5.0;25.0;56.7;10.0;0;0;0;0;16439.98;11280.08;5159.9;32437.375
2026-07-27T02:32:34.195949+02:00;standby;22.2;34.2;5.0;25.0;56.7;10.0;0;0;0;0;16439.98;11280.08;5159.9;32437.375
2026-07-27T02:33:34.967756+02:00;standby;22.2;34.2;5.0;25.0;56.7;10.0;0;0;0;0;16439.98;11280.08;5159.9;32437.375
2026-07-27T02:34:35.417174+02:00;standby;22.2;34.1;5.0;25.0;56.7;10.0;0;0;0;0;16439.98;11280.08;5159.9;32437.375
2026-07-27T02:35:35.919084+02:00;standby;22.2;34.1;5.0;25.0;56.7;10.0;0;0;0;0;16439.98;11280.08;5159.9;32437.375
2026-07-27T02:36:36.636573+02:00;standby;22.2;34.1;5.0;25.0;56.7;10.0;0;0;0;0;16439.98;11280.08;5159.9;32437.375
2026-07-27T02:37:37.204944+02:00;standby;22.2;34.1;5.0;25.0;56.7;10.0;0;0;0;0;16439.98;11280.08;5159.9;32437.375
2026-07-27T02:38:37.720976+02:00;standby;22.2;34.0;5.0;25.0;56.6;10.0;0;0;0;0;16439.98;11280.08;5159.9;32437.375
2026-07-27T02:39:38.559721+02:00;standby;22.2;34.0;5.0;25.0;56.6;10.0;0;0;0;0;16439.98;11280.08;5159.9;32437.375
2026-07-27T02:40:39.063048+02:00;standby;22.2;34.0;5.0;25.0;56.6;10.0;0;0;0;0;16439.98;11280.08;5159.9;32437.375
2026-07-27T02:41:39.502889+02:00;standby;22.2;34.0;5.0;25.0;56.6;10.0;0;0;0;0;16439.98;11280.08;5159.9;32437.375
2026-07-27T02:42:40.088792+02:00;standby;22.2;34.0;5.0;25.0;56.6;10.0;0;0;0;0;16439.98;11280.08;5159.9;32437.375
2026-07-27T02:43:40.728495+02:00;standby;22.2;33.8;5.0;25.0;56.6;10.0;0;0;0;0;16439.98;11280.08;5159.9;32437.375
2026-07-27T02:44:41.655061+02:00;standby;22.2;33.8;5.0;25.0;56.6;10.0;0;0;0;0;16439.98;11280.08;5159.9;32437.375
2026-07-27T02:45:42.627257+02:00;standby;22.2;33.8;5.0;25.0;56.6;10.0;0;0;0;0;16439.98;11280.08;5159.9;32437.375
2026-07-27T02:46:44.172307+02:00;standby;22.2;33.8;5.0;25.0;56.6;10.0;0;0;0;0;16439.98;11280.08;5159.9;32437.375
2026-07-27T02:47:44.961209+02:00;standby;22.2;33.8;5.0;25.0;56.6;10.0;0;0;0;0;16439.98;11280.08;5159.9;32437.375
2026-07-27T02:48:45.633567+02:00;standby;22.2;33.7;5.0;25.0;56.6;10.0;0;0;0;0;16439.98;11280.08;5159.9;32437.375
2026-07-27T02:49:46.098255+02:00;standby;22.2;33.7;5.0;25.0;56.6;10.0;0;0;0;0;16439.98;11280.08;5159.9;32437.375
2026-07-27T02:50:46.615889+02:00;standby;22.2;33.7;5.0;25.0;56.6;10.0;0;0;0;0;16439.98;11280.08;5159.9;32437.375
2026-07-27T02:51:47.911495+02:00;standby;22.2;33.6;5.0;25.0;56.5;10.0;0;0;0;0;16439.98;11280.08;5159.9;32437.375
2026-07-27T02:52:48.393078+02:00;standby;22.2;33.6;5.0;25.0;56.5;10.0;0;0;0;0;16439.98;11280.08;5159.9;32437.375
2026-07-27T02:53:48.948732+02:00;standby;22.2;33.6;5.0;25.0;56.5;10.0;0;0;0;0;16439.98;11280.08;5159.9;32437.375
2026-07-27T02:54:49.492014+02:00;standby;22.2;33.6;5.0;25.0;56.5;10.0;0;0;0;0;16439.98;11280.08;5159.9;32437.375
2026-07-27T02:55:49.974398+02:00;standby;22.2;33.6;5.0;25.0;56.5;10.0;0;0;0;0;16439.98;11280.08;5159.9;32437.375
2026-07-27T02:56:50.902432+02:00;standby;22.2;33.5;5.0;25.0;56.5;10.0;0;0;0;0;16439.98;11280.08;5159.9;32437.375
2026-07-27T02:57:52.177049+02:00;standby;22.2;33.5;5.0;25.0;56.5;10.0;0;0;0;0;16439.98;11280.08;5159.9;32437.375
2026-07-27T02:58:53.025587+02:00;standby;22.2;33.5;5.0;25.0;56.5;10.0;0;0;0;0;16439.98;11280.08;5159.9;32437.375
2026-07-27T02:59:53.600960+02:00;standby;22.2;33.5;5.0;25.0;56.5;10.0;0;0;0;0;16439.98;11280.08;5159.9;32437.375
2026-07-27T03:00:54.532096+02:00;standby;22.2;33.5;5.0;25.0;56.5;10.0;0;0;0;0;16439.98;11280.08;5159.9;32437.375
2026-07-27T03:01:55.959010+02:00;standby;22.2;33.5;5.0;25.0;56.5;10.0;0;0;0;0;16439.98;11280.08;5159.9;32437.375
2026-07-27T03:02:56.509945+02:00;standby;22.2;33.3;5.0;25.0;56.5;10.0;0;0;0;0;16439.98;11280.08;5159.9;32437.375
2026-07-27T03:03:57.034118+02:00;standby;22.2;33.3;5.0;25.0;56.5;10.0;0;0;0;0;16439.98;11280.08;5159.9;32437.375
2026-07-27T03:04:57.492495+02:00;standby;22.2;33.3;5.0;25.0;56.5;10.0;0;0;0;0;16439.98;11280.08;5159.9;32437.375
2026-07-27T03:05:58.174524+02:00;standby;22.2;33.3;5.0;25.0;56.4;10.0;0;0;0;0;16439.98;11280.08;5159.9;32437.375
2026-07-27T03:06:58.621657+02:00;standby;22.2;33.2;5.0;25.0;56.4;10.0;0;0;0;0;16439.98;11280.08;5159.9;32437.375
2026-07-27T03:08:00.097557+02:00;standby;22.2;33.2;5.0;25.0;56.4;10.0;0;0;0;0;16439.98;11280.08;5159.9;32437.375
2026-07-27T03:09:01.083021+02:00;standby;22.2;33.2;5.0;25.0;56.4;10.0;0;0;0;0;16439.98;11280.08;5159.9;32437.375
2026-07-27T03:10:01.550830+02:00;standby;22.2;33.2;5.0;25.0;56.4;10.0;0;0;0;0;16439.98;11280.08;5159.9;32437.375
2026-07-27T03:11:02.177836+02:00;standby;22.2;33.2;5.0;25.0;56.4;10.0;0;0;0;0;16439.98;11280.08;5159.9;32437.375
2026-07-27T03:12:03.465961+02:00;standby;22.2;33.1;5.0;25.0;56.4;10.0;0;0;0;0;16439.98;11280.08;5159.9;32437.375
2026-07-27T03:13:04.145551+02:00;standby;22.2;33.1;5.0;25.0;56.4;10.0;0;0;0;0;16439.98;11280.08;5159.9;32437.375
2026-07-27T03:14:04.657236+02:00;standby;22.2;33.1;5.0;25.0;56.4;10.0;0;0;0;0;16439.98;11280.08;5159.9;32437.375
2026-07-27T03:15:05.444230+02:00;standby;22.2;33.1;5.0;25.0;56.4;10.0;0;0;0;0;16439.98;11280.08;5159.9;32437.375
2026-07-27T03:16:06.071657+02:00;standby;22.2;33.1;5.0;25.0;56.4;10.0;0;0;0;0;16439.98;11280.08;5159.9;32437.375
2026-07-27T03:17:06.700120+02:00;standby;22.2;33.0;5.0;25.0;56.4;10.0;0;0;0;0;16439.98;11280.08;5159.9;32437.375
2026-07-27T03:18:07.625251+02:00;standby;22.2;33.0;5.0;25.0;56.3;10.0;0;0;0;0;16439.98;11280.08;5159.9;32437.375
2026-07-27T03:19:08.732779+02:00;standby;22.2;33.0;5.0;25.0;56.3;10.0;0;0;0;0;16439.98;11280.08;5159.9;32437.375
2026-07-27T03:20:09.355484+02:00;standby;22.2;33.0;5.0;25.0;56.3;10.0;0;0;0;0;16439.98;11280.08;5159.9;32437.375
2026-07-27T03:21:09.876156+02:00;standby;22.2;33.0;5.0;25.0;56.3;10.0;0;0;0;0;16439.98;11280.08;5159.9;32437.375
2026-07-27T03:22:10.521480+02:00;standby;22.6;33.0;5.0;25.0;56.3;10.0;0;0;0;0;16439.98;11280.08;5159.9;32437.375
2026-07-27T03:23:11.304710+02:00;standby;22.6;32.8;5.0;25.0;56.3;10.0;0;0;0;0;16439.98;11280.08;5159.9;32437.375
2026-07-27T03:24:12.104713+02:00;standby;22.6;32.8;5.0;25.0;56.3;10.0;0;0;0;0;16439.98;11280.08;5159.9;32437.375
2026-07-27T03:25:12.685209+02:00;standby;22.6;32.8;5.0;25.0;56.3;10.0;0;0;0;0;16439.98;11280.08;5159.9;32437.375
2026-07-27T03:26:13.725552+02:00;standby;22.6;32.8;5.0;25.0;56.3;10.0;0;0;0;0;16439.98;11280.08;5159.9;32437.375
2026-07-27T03:27:14.782140+02:00;standby;22.6;32.8;5.0;25.0;56.3;10.0;0;0;0;0;16439.98;11280.08;5159.9;32437.375
2026-07-27T03:28:15.415461+02:00;standby;22.6;32.7;5.0;25.0;56.3;10.0;0;0;0;0;16439.98;11280.08;5159.9;32437.375
2026-07-27T03:29:16.135580+02:00;standby;22.6;32.7;5.0;25.0;56.3;10.0;0;0;0;0;16439.98;11280.08;5159.9;32437.375
2026-07-27T03:30:16.719000+02:00;standby;22.6;32.7;5.0;25.0;56.2;10.0;0;0;0;0;16439.98;11280.08;5159.9;32437.375
2026-07-27T03:31:17.177155+02:00;standby;22.6;32.7;5.0;25.0;56.3;10.0;0;0;0;0;16439.98;11280.08;5159.9;32437.375
2026-07-27T03:32:17.742233+02:00;standby;22.6;32.7;5.0;25.0;56.2;10.0;0;0;0;0;16439.98;11280.08;5159.9;32437.375
2026-07-27T03:33:18.260052+02:00;standby;22.6;32.7;5.0;25.0;56.2;10.0;0;0;0;0;16439.98;11280.08;5159.9;32437.375
2026-07-27T03:34:18.790850+02:00;standby;22.6;32.6;5.0;25.0;56.2;10.0;0;0;0;0;16439.98;11280.08;5159.9;32437.375
2026-07-27T03:35:19.304427+02:00;standby;22.6;32.6;5.0;25.0;56.2;10.0;0;0;0;0;16439.98;11280.08;5159.9;32437.375
2026-07-27T03:36:19.916378+02:00;standby;22.6;32.6;5.0;25.0;56.2;10.0;0;0;0;0;16439.98;11280.08;5159.9;32437.375
2026-07-27T03:37:20.920611+02:00;standby;22.6;32.6;5.0;25.0;56.2;10.0;0;0;0;0;16439.98;11280.08;5159.9;32437.375
2026-07-27T03:38:21.410830+02:00;standby;22.6;32.6;5.0;25.0;56.2;10.0;0;0;0;0;16439.98;11280.08;5159.9;32437.375
2026-07-27T03:39:21.835964+02:00;standby;22.6;32.5;5.0;25.0;56.2;10.0;0;0;0;0;16439.98;11280.08;5159.9;32437.375
2026-07-27T03:40:22.345015+02:00;standby;22.6;32.5;5.0;25.0;56.2;10.0;0;0;0;0;16439.98;11280.08;5159.9;32437.375
2026-07-27T03:41:22.950005+02:00;standby;22.6;32.5;5.0;25.0;56.2;10.0;0;0;0;0;16439.98;11280.08;5159.9;32437.375
2026-07-27T03:42:23.413788+02:00;standby;22.6;32.5;5.0;25.0;56.2;10.0;0;0;0;0;16439.98;11280.08;5159.9;32437.375
2026-07-27T03:43:23.938315+02:00;standby;22.6;32.5;5.0;25.0;56.1;10.0;0;0;0;0;16439.98;11280.08;5159.9;32437.375
2026-07-27T03:44:24.580387+02:00;standby;22.6;32.5;5.0;25.0;56.1;10.0;0;0;0;0;16439.98;11280.08;5159.9;32437.375
2026-07-27T03:45:25.070977+02:00;standby;22.6;32.3;5.0;25.0;56.1;10.0;0;0;0;0;16439.98;11280.08;5159.9;32437.375
2026-07-27T03:46:25.531760+02:00;standby;22.6;32.3;5.0;25.0;56.1;10.0;0;0;0;0;16439.98;11280.08;5159.9;32437.375
2026-07-27T03:47:26.089310+02:00;standby;22.6;32.3;5.0;25.0;56.1;10.0;0;0;0;0;16439.98;11280.08;5159.9;32437.375
2026-07-27T03:48:26.531711+02:00;standby;22.6;32.3;5.0;25.0;56.1;10.0;0;0;0;0;16439.98;11280.08;5159.9;32437.375
2026-07-27T03:49:27.177526+02:00;standby;22.6;32.3;5.0;25.0;56.1;10.0;0;0;0;0;16439.98;11280.08;5159.9;32437.375
2026-07-27T03:50:27.624232+02:00;standby;22.6;32.2;5.0;25.0;56.1;10.0;0;0;0;0;16439.98;11280.08;5159.9;32437.375
2026-07-27T03:51:28.214937+02:00;standby;22.6;32.2;5.0;25.0;56.1;10.0;0;0;0;0;16439.98;11280.08;5159.9;32437.375
2026-07-27T03:52:28.734760+02:00;standby;22.6;32.2;5.0;25.0;56.1;10.0;0;0;0;0;16439.98;11280.08;5159.9;32437.375
2026-07-27T03:53:29.207041+02:00;standby;22.6;32.2;5.0;25.0;56.1;10.0;0;0;0;0;16439.98;11280.08;5159.9;32437.375
2026-07-27T03:54:29.919931+02:00;standby;22.6;32.2;5.0;25.0;56.1;10.0;0;0;0;0;16439.98;11280.08;5159.9;32437.375
2026-07-27T03:55:30.478234+02:00;standby;22.6;32.2;5.0;25.0;56.1;10.0;0;0;0;0;16439.98;11280.08;5159.9;32437.375
2026-07-27T03:56:30.969505+02:00;standby;22.6;32.1;5.0;25.0;56.0;10.0;0;0;0;0;16439.98;11280.08;5159.9;32437.375
2026-07-27T03:57:31.436368+02:00;standby;22.6;32.1;5.0;25.0;56.0;10.0;0;0;0;0;16439.98;11280.08;5159.9;32437.375
2026-07-27T03:58:31.903172+02:00;standby;22.6;32.1;5.0;25.0;56.0;10.0;0;0;0;0;16439.98;11280.08;5159.9;32437.375
2026-07-27T03:59:32.425209+02:00;standby;22.6;32.1;5.0;25.0;56.0;10.0;0;0;0;0;16439.98;11280.08;5159.9;32437.375
2026-07-27T04:00:33.064538+02:00;standby;22.6;32.1;5.0;25.0;56.0;10.0;0;0;0;0;16439.98;11280.08;5159.9;32437.375
2026-07-27T04:01:33.485647+02:00;standby;22.6;32.1;5.0;25.0;56.0;57.0;0;0;0;0;16439.98;11280.08;5159.9;32437.375
2026-07-27T04:02:34.415056+02:00;standby;22.6;32.1;5.0;25.0;56.0;57.0;0;0;0;0;16439.98;11280.08;5159.9;32437.375
2026-07-27T04:03:35.602817+02:00;standby;22.6;32.0;5.0;25.0;56.0;57.0;0;0;0;0;16439.98;11280.08;5159.9;32437.375
2026-07-27T04:04:36.456546+02:00;standby;22.6;32.0;5.0;25.0;56.0;57.0;0;0;0;0;16439.98;11280.08;5159.9;32437.375
2026-07-27T04:05:37.040333+02:00;standby;22.6;32.0;5.0;25.0;56.0;57.0;0;0;0;0;16439.98;11280.08;5159.9;32437.375
2026-07-27T04:06:37.642909+02:00;standby;22.6;32.0;5.0;25.0;56.0;57.0;0;0;0;0;16439.98;11280.08;5159.9;32437.375
2026-07-27T04:07:38.112751+02:00;standby;22.6;32.0;5.0;25.0;56.0;57.0;0;0;0;0;16439.98;11280.08;5159.9;32437.375
2026-07-27T04:08:38.550260+02:00;standby;22.6;32.0;5.0;25.0;56.0;57.0;0;0;0;0;16439.98;11280.08;5159.9;32437.375
2026-07-27T04:09:40.209721+02:00;standby;22.6;31.9;5.0;25.0;55.9;57.0;0;0;0;0;16439.98;11280.08;5159.9;32437.375
2026-07-27T04:10:40.610472+02:00;standby;22.6;31.9;5.0;25.0;55.9;57.0;0;0;0;0;16439.98;11280.08;5159.9;32437.375
2026-07-27T04:11:41.059931+02:00;standby;22.6;31.9;5.0;25.0;55.9;57.0;0;0;0;0;16439.98;11280.08;5159.9;32437.375
2026-07-27T04:12:41.495572+02:00;standby;22.6;31.9;5.0;25.0;55.9;57.0;0;0;0;0;16439.98;11280.08;5159.9;32437.375
2026-07-27T04:13:42.017980+02:00;standby;22.6;31.9;5.0;25.0;55.9;57.0;0;0;0;0;16439.98;11280.08;5159.9;32437.375
2026-07-27T04:14:42.996403+02:00;standby;22.6;31.9;5.0;25.0;55.9;57.0;0;0;0;0;16439.98;11280.08;5159.9;32437.375
2026-07-27T04:15:43.422722+02:00;standby;22.6;31.9;5.0;25.0;55.9;57.0;0;0;0;0;16439.98;11280.08;5159.9;32437.375
2026-07-27T04:16:43.937157+02:00;standby;22.6;31.9;5.0;25.0;55.9;57.0;0;0;0;0;16439.98;11280.08;5159.9;32437.375
2026-07-27T04:17:44.392102+02:00;standby;22.6;31.7;5.0;25.0;55.9;57.0;0;0;0;0;16439.98;11280.08;5159.9;32437.375
2026-07-27T04:18:44.997161+02:00;standby;22.6;31.7;5.0;25.0;55.9;57.0;0;0;0;0;16439.98;11280.08;5159.9;32437.375
2026-07-27T04:19:45.491951+02:00;standby;22.6;31.7;5.0;25.0;55.9;57.0;0;0;0;0;16439.98;11280.08;5159.9;32437.375
2026-07-27T04:20:46.089632+02:00;standby;22.6;31.7;5.0;25.0;55.9;57.0;0;0;0;0;16439.98;11280.08;5159.9;32437.375
2026-07-27T04:21:46.638924+02:00;standby;22.6;31.7;5.0;25.0;55.9;57.0;0;0;0;0;16439.98;11280.08;5159.9;32437.375
2026-07-27T04:22:47.132828+02:00;standby;22.7;31.7;5.0;25.0;55.8;57.0;0;0;0;0;16439.98;11280.08;5159.9;32437.375
2026-07-27T04:23:47.624123+02:00;standby;22.7;31.6;5.0;25.0;55.8;57.0;0;0;0;0;16439.98;11280.08;5159.9;32437.375
2026-07-27T04:24:48.338392+02:00;standby;22.7;31.6;5.0;25.0;55.8;57.0;0;0;0;0;16439.98;11280.08;5159.9;32437.375
2026-07-27T04:25:48.816737+02:00;standby;22.7;31.6;5.0;25.0;55.8;57.0;0;0;0;0;16439.98;11280.08;5159.9;32437.375
2026-07-27T04:26:49.251492+02:00;standby;22.7;31.6;5.0;25.0;55.8;57.0;0;0;0;0;16439.98;11280.08;5159.9;32437.375
2026-07-27T04:27:49.751951+02:00;standby;22.7;31.6;5.0;25.0;55.8;57.0;0;0;0;0;16439.98;11280.08;5159.9;32437.375
2026-07-27T04:28:50.307769+02:00;standby;22.7;31.6;5.0;25.0;55.8;57.0;0;0;0;0;16439.98;11280.08;5159.9;32437.375
2026-07-27T04:29:50.823406+02:00;standby;22.7;31.6;5.0;25.0;55.8;57.0;0;0;0;0;16439.98;11280.08;5159.9;32437.375
2026-07-27T04:30:51.404485+02:00;standby;22.7;31.6;5.0;25.0;55.8;57.0;0;0;0;0;16439.98;11280.08;5159.9;32437.375
2026-07-27T04:31:51.864754+02:00;standby;22.7;31.5;5.0;25.0;55.8;57.0;0;0;0;0;16439.98;11280.08;5159.9;32437.375
2026-07-27T04:32:52.347805+02:00;standby;22.7;31.5;5.0;25.0;55.8;57.0;0;0;0;0;16439.98;11280.08;5159.9;32437.375
2026-07-27T04:33:52.803570+02:00;standby;22.7;31.5;5.0;25.0;55.8;57.0;0;0;0;0;16439.98;11280.08;5159.9;32437.375
2026-07-27T04:34:53.836310+02:00;standby;22.7;31.5;5.0;25.0;55.8;57.0;0;0;0;0;16439.98;11280.08;5159.9;32437.375
2026-07-27T04:35:54.622295+02:00;standby;22.7;31.5;5.0;25.0;55.7;57.0;0;0;0;0;16439.98;11280.08;5159.9;32437.375
2026-07-27T04:36:55.267049+02:00;standby;22.7;31.5;5.0;25.0;55.7;57.0;0;0;0;0;16439.98;11280.08;5159.9;32437.375
2026-07-27T04:37:55.996137+02:00;standby;22.7;31.5;5.0;25.0;55.7;57.0;0;0;0;0;16439.98;11280.08;5159.9;32437.375
2026-07-27T04:38:56.486425+02:00;standby;22.7;31.5;5.0;25.0;55.7;57.0;0;0;0;0;16439.98;11280.08;5159.9;32437.375
2026-07-27T04:39:56.984245+02:00;standby;22.7;31.4;5.0;25.0;55.7;57.0;0;0;0;0;16439.98;11280.08;5159.9;32437.375
2026-07-27T04:40:57.563340+02:00;standby;22.7;31.4;5.0;25.0;55.7;57.0;0;0;0;0;16439.98;11280.08;5159.9;32437.375
2026-07-27T04:41:58.041849+02:00;standby;22.7;31.4;5.0;25.0;55.7;57.0;0;0;0;0;16439.98;11280.08;5159.9;32437.375
2026-07-27T04:42:58.557884+02:00;standby;22.7;31.4;5.0;25.0;55.7;57.0;0;0;0;0;16439.98;11280.08;5159.9;32437.375
2026-07-27T04:43:59.031434+02:00;standby;22.7;31.4;5.0;25.0;55.7;57.0;0;0;0;0;16439.98;11280.08;5159.9;32437.375
2026-07-27T04:44:59.934989+02:00;standby;22.7;31.4;5.0;25.0;55.7;57.0;0;0;0;0;16439.98;11280.08;5159.9;32437.375
2026-07-27T04:46:00.787202+02:00;standby;22.7;31.4;5.0;25.0;55.7;57.0;0;0;0;0;16439.98;11280.08;5159.9;32437.375
2026-07-27T04:47:01.359621+02:00;standby;22.7;31.2;5.0;25.0;55.7;57.0;0;0;0;0;16439.98;11280.08;5159.9;32437.375
2026-07-27T04:48:01.826840+02:00;standby;22.7;31.2;5.0;25.0;55.6;57.0;0;0;0;0;16439.98;11280.08;5159.9;32437.375
2026-07-27T04:49:02.390451+02:00;standby;22.7;31.2;5.0;25.0;55.6;57.0;0;0;0;0;16439.98;11280.08;5159.9;32437.375
2026-07-27T04:50:02.810655+02:00;standby;22.7;31.2;5.0;25.0;55.6;57.0;0;0;0;0;16439.98;11280.08;5159.9;32437.375
2026-07-27T04:51:03.330120+02:00;standby;22.7;31.2;5.0;25.0;55.6;57.0;0;0;0;0;16439.98;11280.08;5159.9;32437.375
2026-07-27T04:52:03.793228+02:00;standby;22.7;31.2;5.0;25.0;55.6;57.0;0;0;0;0;16439.98;11280.08;5159.9;32437.375
2026-07-27T04:53:04.310334+02:00;standby;22.7;31.2;5.0;25.0;55.6;57.0;0;0;0;0;16439.98;11280.08;5159.9;32437.375
2026-07-27T04:54:04.767059+02:00;standby;22.7;31.2;5.0;25.0;55.6;57.0;0;0;0;0;16439.98;11280.08;5159.9;32437.375
2026-07-27T04:55:05.230862+02:00;standby;22.7;31.1;5.0;25.0;55.6;57.0;0;0;0;0;16439.98;11280.08;5159.9;32437.375
2026-07-27T04:56:05.724586+02:00;standby;22.7;31.1;5.0;25.0;55.6;57.0;0;0;0;0;16439.98;11280.08;5159.9;32437.375
2026-07-27T04:57:06.249604+02:00;standby;22.7;31.1;5.0;25.0;55.6;57.0;0;0;0;0;16439.98;11280.08;5159.9;32437.375
2026-07-27T04:58:06.756439+02:00;standby;22.7;31.1;5.0;25.0;55.6;57.0;0;0;0;0;16439.98;11280.08;5159.9;32437.375
2026-07-27T04:59:07.202902+02:00;standby;22.7;31.1;5.0;25.0;55.6;57.0;0;0;0;0;16439.98;11280.08;5159.9;32437.375
2026-07-27T05:00:07.701910+02:00;standby;22.7;31.1;5.0;25.0;55.6;57.0;0;0;0;0;16439.98;11280.08;5159.9;32437.375
2026-07-27T05:01:08.422715+02:00;standby;22.7;31.1;5.0;25.0;55.5;57.0;0;0;0;0;16439.98;11280.08;5159.9;32437.375
2026-07-27T05:02:08.868384+02:00;standby;22.7;31.1;5.0;25.0;55.5;57.0;0;0;0;0;16439.98;11280.08;5159.9;32437.375
2026-07-27T05:03:09.502652+02:00;standby;22.7;31.0;5.0;25.0;55.5;57.0;0;0;0;0;16439.98;11280.08;5159.9;32437.375
2026-07-27T05:04:10.125457+02:00;standby;22.7;31.0;5.0;25.0;55.5;57.0;0;0;0;0;16439.98;11280.08;5159.9;32437.375
2026-07-27T05:05:10.624736+02:00;standby;22.7;31.0;5.0;25.0;55.5;57.0;0;0;0;0;16439.98;11280.08;5159.9;32437.375
2026-07-27T05:06:11.122583+02:00;standby;22.7;31.0;5.0;25.0;55.5;57.0;0;0;0;0;16439.98;11280.08;5159.9;32437.375
2026-07-27T05:07:11.794897+02:00;standby;22.7;31.0;5.0;25.0;55.5;57.0;0;0;0;0;16439.98;11280.08;5159.9;32437.375
2026-07-27T05:08:12.302535+02:00;standby;22.7;31.0;5.0;25.0;55.5;57.0;0;0;0;0;16439.98;11280.08;5159.9;32437.375
2026-07-27T05:09:12.804135+02:00;standby;22.7;31.0;5.0;25.0;55.5;57.0;0;0;0;0;16439.98;11280.08;5159.9;32437.375
2026-07-27T05:10:13.555622+02:00;standby;22.7;31.0;5.0;25.0;55.5;57.0;0;0;0;0;16439.98;11280.08;5159.9;32437.375
2026-07-27T05:11:14.028815+02:00;standby;22.7;31.0;5.0;25.0;55.5;57.0;0;0;0;0;16439.98;11280.08;5159.9;32437.375
2026-07-27T05:12:14.548132+02:00;standby;22.7;30.9;5.0;25.0;55.5;57.0;0;0;0;0;16439.98;11280.08;5159.9;32437.375
2026-07-27T05:13:15.508830+02:00;standby;22.7;30.9;5.0;25.0;55.5;57.0;0;0;0;0;16439.98;11280.08;5159.9;32437.375
2026-07-27T05:14:16.300199+02:00;standby;22.7;30.9;5.0;25.0;55.4;57.0;0;0;0;0;16439.98;11280.08;5159.9;32437.375
2026-07-27T05:15:16.766490+02:00;standby;22.7;30.9;5.0;25.0;55.4;57.0;0;0;0;0;16439.98;11280.08;5159.9;32437.375
2026-07-27T05:16:17.297616+02:00;standby;22.7;30.9;5.0;25.0;55.4;57.0;0;0;0;0;16439.98;11280.08;5159.9;32437.375
2026-07-27T05:17:18.063465+02:00;standby;22.7;30.9;5.0;25.0;55.4;57.0;0;0;0;0;16439.98;11280.08;5159.9;32437.375
2026-07-27T05:18:18.631372+02:00;standby;22.7;30.9;5.0;25.0;55.4;57.0;0;0;0;0;16439.98;11280.08;5159.9;32437.375
2026-07-27T05:19:19.102054+02:00;standby;22.7;30.9;5.0;25.0;55.4;57.0;0;0;0;0;16439.98;11280.08;5159.9;32437.375
2026-07-27T05:20:19.581338+02:00;standby;22.7;30.9;5.0;25.0;55.4;57.0;0;0;0;0;16439.98;11280.08;5159.9;32437.375
2026-07-27T05:21:20.134883+02:00;standby;22.7;30.7;5.0;25.0;55.4;57.0;0;0;0;0;16439.98;11280.08;5159.9;32437.375
2026-07-27T05:22:20.554283+02:00;standby;22.7;30.7;5.0;25.0;55.4;57.0;0;0;0;0;16439.98;11280.08;5159.9;32437.375
2026-07-27T05:23:21.079796+02:00;standby;22.5;30.7;5.0;25.0;55.4;57.0;0;0;0;0;16439.98;11280.08;5159.9;32437.375
2026-07-27T05:24:21.903544+02:00;standby;22.5;30.7;5.0;25.0;55.4;57.0;0;0;0;0;16439.98;11280.08;5159.9;32437.375
2026-07-27T05:25:22.525296+02:00;standby;22.5;30.7;5.0;25.0;55.4;57.0;0;0;0;0;16439.98;11280.08;5159.9;32437.375
2026-07-27T05:26:22.967398+02:00;standby;22.5;30.7;5.0;25.0;55.4;57.0;0;0;0;0;16439.98;11280.08;5159.9;32437.375
2026-07-27T05:27:23.732475+02:00;standby;22.5;30.7;5.0;25.0;55.4;57.0;0;0;0;0;16439.98;11280.08;5159.9;32437.375
2026-07-27T05:28:24.182435+02:00;standby;22.5;30.7;5.0;25.0;55.3;57.0;0;0;0;0;16439.98;11280.08;5159.9;32437.375
2026-07-27T05:29:24.605165+02:00;standby;22.5;30.6;5.0;25.0;55.3;57.0;0;0;0;0;16439.98;11280.08;5159.9;32437.375
2026-07-27T05:30:25.120270+02:00;standby;22.5;30.6;5.0;25.0;55.3;57.0;0;0;0;0;16439.98;11280.08;5159.9;32437.375
2026-07-27T05:31:25.634255+02:00;standby;22.5;30.6;5.0;28.0;55.3;57.0;0;0;0;0;16439.98;11280.08;5159.9;32437.375
2026-07-27T05:32:26.163288+02:00;standby;22.5;30.6;5.0;28.0;55.3;57.0;0;0;0;0;16439.98;11280.08;5159.9;32437.375
2026-07-27T05:33:26.680923+02:00;standby;22.5;30.6;5.0;28.0;55.3;57.0;0;0;0;0;16439.98;11280.08;5159.9;32437.375
2026-07-27T05:34:27.324264+02:00;standby;22.5;30.6;5.0;28.0;55.3;57.0;0;0;0;0;16439.98;11280.08;5159.9;32437.375
2026-07-27T05:35:27.886896+02:00;standby;22.5;30.6;5.0;28.0;55.3;57.0;0;0;0;0;16439.98;11280.08;5159.9;32437.375
2026-07-27T05:36:28.361423+02:00;standby;22.5;30.6;5.0;28.0;55.3;57.0;0;0;0;0;16439.98;11280.08;5159.9;32437.375
2026-07-27T05:37:29.016242+02:00;standby;22.5;30.6;5.0;28.0;55.3;57.0;0;0;0;0;16439.98;11280.08;5159.9;32437.375
2026-07-27T05:38:29.507768+02:00;standby;22.5;30.6;5.0;28.0;55.3;57.0;0;0;0;0;16439.98;11280.08;5159.9;32437.375
2026-07-27T05:39:30.150427+02:00;standby;22.5;30.5;5.0;28.0;55.3;57.0;0;0;0;0;16439.98;11280.08;5159.9;32437.375
2026-07-27T05:40:30.622961+02:00;standby;22.5;30.5;5.0;28.0;55.2;57.0;0;0;0;0;16439.98;11280.08;5159.9;32437.375
2026-07-27T05:41:31.168828+02:00;standby;22.5;30.5;5.0;28.0;55.2;57.0;0;0;0;0;16439.98;11280.08;5159.9;32437.375
2026-07-27T05:42:31.679003+02:00;standby;22.5;30.5;5.0;28.0;55.2;57.0;0;0;0;0;16439.98;11280.08;5159.9;32437.375
2026-07-27T05:43:32.201341+02:00;standby;22.5;30.5;5.0;28.0;55.2;57.0;0;0;0;0;16439.98;11280.08;5159.9;32437.375
2026-07-27T05:44:32.742906+02:00;standby;22.5;30.5;5.0;28.0;55.2;57.0;0;0;0;0;16439.98;11280.08;5159.9;32437.375
2026-07-27T05:45:33.559141+02:00;standby;22.5;30.5;5.0;28.0;55.2;57.0;0;0;0;0;16439.98;11280.08;5159.9;32437.375
2026-07-27T05:46:34.248339+02:00;standby;22.5;30.5;5.0;28.0;55.2;57.0;0;0;0;0;16439.98;11280.08;5159.9;32437.375
2026-07-27T05:47:34.789154+02:00;standby;22.5;30.5;5.0;28.0;55.2;57.0;0;0;0;0;16439.98;11280.08;5159.9;32437.375
2026-07-27T05:48:35.557849+02:00;standby;22.5;30.4;5.0;28.0;55.2;57.0;0;0;0;0;16439.98;11280.08;5159.9;32437.375
2026-07-27T05:49:36.589954+02:00;standby;22.5;30.5;5.0;28.0;55.2;57.0;0;0;0;0;16439.98;11280.08;5159.9;32437.375
2026-07-27T05:50:37.274047+02:00;standby;22.5;30.4;5.0;28.0;55.2;57.0;0;0;0;0;16439.98;11280.08;5159.9;32437.375
2026-07-27T05:51:37.793840+02:00;standby;22.5;30.4;5.0;28.0;55.2;57.0;0;0;0;0;16439.98;11280.08;5159.9;32437.375
2026-07-27T05:52:38.335762+02:00;standby;22.5;30.4;5.0;28.0;55.2;57.0;0;0;0;0;16439.98;11280.08;5159.9;32437.375
2026-07-27T05:53:39.138101+02:00;standby;22.5;30.4;5.0;28.0;55.1;57.0;0;0;0;0;16439.98;11280.08;5159.9;32437.375
2026-07-27T05:54:39.654779+02:00;standby;22.5;30.4;5.0;28.0;55.1;57.0;0;0;0;0;16439.98;11280.08;5159.9;32437.375
2026-07-27T05:55:40.192834+02:00;standby;22.5;30.4;5.0;28.0;55.1;57.0;0;0;0;0;16439.98;11280.08;5159.9;32437.375
2026-07-27T05:56:40.697400+02:00;standby;22.5;30.4;5.0;28.0;55.1;57.0;0;0;0;0;16439.98;11280.08;5159.9;32437.375
2026-07-27T05:57:41.311574+02:00;standby;22.5;30.4;5.0;28.0;55.1;57.0;0;0;0;0;16439.98;11280.08;5159.9;32437.375
2026-07-27T05:58:41.978594+02:00;standby;22.5;30.4;5.0;28.0;55.1;57.0;0;0;0;0;16439.98;11280.08;5159.9;32437.375
2026-07-27T05:59:42.997077+02:00;standby;22.5;30.2;5.0;28.0;55.1;57.0;0;0;0;0;16439.98;11280.08;5159.9;32437.375
2026-07-27T06:00:43.586815+02:00;standby;22.5;30.2;5.0;28.0;55.1;57.0;0;0;0;0;16439.98;11280.08;5159.9;32437.375
2026-07-27T06:01:44.109950+02:00;standby;22.5;30.2;5.0;28.0;55.1;57.0;0;0;0;0;16439.98;11280.08;5159.9;32437.375
2026-07-27T06:02:44.879559+02:00;standby;22.5;30.2;5.0;28.0;55.1;57.0;0;0;0;0;16439.98;11280.08;5159.9;32437.375
2026-07-27T06:03:45.501554+02:00;standby;22.5;30.2;5.0;28.0;55.1;57.0;0;0;0;0;16439.98;11280.08;5159.9;32437.375
2026-07-27T06:04:45.996301+02:00;standby;22.5;30.2;5.0;28.0;55.1;57.0;0;0;0;0;16439.98;11280.08;5159.9;32437.375
2026-07-27T06:05:46.535442+02:00;standby;22.5;30.2;5.0;28.0;55.1;57.0;0;0;0;0;16439.98;11280.08;5159.9;32437.375
2026-07-27T06:06:47.115077+02:00;standby;22.5;30.2;5.0;28.0;54.9;57.0;0;0;0;0;16439.98;11280.08;5159.9;32437.375
2026-07-27T06:07:48.057020+02:00;standby;22.5;30.2;5.0;28.0;54.9;57.0;0;0;0;0;16439.98;11280.08;5159.9;32437.375
2026-07-27T06:08:48.572861+02:00;standby;22.5;30.2;5.0;28.0;54.9;57.0;0;0;0;0;16439.98;11280.08;5159.9;32437.375
2026-07-27T06:09:49.079422+02:00;standby;22.5;30.2;5.0;28.0;54.9;57.0;0;0;0;0;16439.98;11280.08;5159.9;32437.375
2026-07-27T06:10:50.059366+02:00;standby;22.5;30.2;5.0;28.0;54.9;57.0;0;0;0;0;16439.98;11280.08;5159.9;32437.375
2026-07-27T06:11:50.644184+02:00;standby;22.5;30.1;5.0;28.0;54.9;57.0;0;0;0;0;16439.98;11280.08;5159.9;32437.375
2026-07-27T06:12:51.168490+02:00;standby;22.5;30.1;5.0;28.0;54.9;57.0;0;0;0;0;16439.98;11280.08;5159.9;32437.375
2026-07-27T06:13:51.688566+02:00;standby;22.5;30.1;5.0;28.0;54.9;57.0;0;0;0;0;16439.98;11280.08;5159.9;32437.375
2026-07-27T06:14:52.395217+02:00;standby;22.5;30.1;5.0;28.0;54.9;57.0;0;0;0;0;16439.98;11280.08;5159.9;32437.375
2026-07-27T06:15:53.120445+02:00;standby;22.5;30.1;5.0;28.0;54.9;57.0;0;0;0;0;16439.98;11280.08;5159.9;32437.375
2026-07-27T06:16:53.762370+02:00;standby;22.5;30.1;5.0;28.0;54.9;57.0;0;0;0;0;16439.98;11280.08;5159.9;32437.375
2026-07-27T06:17:54.602409+02:00;standby;22.5;30.1;5.0;28.0;54.9;57.0;0;0;0;0;16439.98;11280.08;5159.9;32437.375
2026-07-27T06:18:55.106755+02:00;standby;22.5;30.1;5.0;28.0;54.9;57.0;0;0;0;0;16439.98;11280.08;5159.9;32437.375
2026-07-27T06:19:55.708796+02:00;standby;22.5;30.1;5.0;28.0;54.9;57.0;0;0;0;0;16439.98;11280.08;5159.9;32437.375
2026-07-27T06:20:56.349458+02:00;standby;22.5;30.1;5.0;28.0;54.8;57.0;0;0;0;0;16439.98;11280.08;5159.9;32437.375
2026-07-27T06:21:57.378821+02:00;standby;22.5;30.1;5.0;28.0;54.8;57.0;0;0;0;0;16439.98;11280.08;5159.9;32437.375
2026-07-27T06:22:57.882339+02:00;standby;22.5;30.1;5.0;28.0;54.8;57.0;0;0;0;0;16439.98;11280.08;5159.9;32437.375
2026-07-27T06:23:58.411444+02:00;standby;22.7;30.1;5.0;28.0;54.8;57.0;0;0;0;0;16439.98;11280.08;5159.9;32437.375
2026-07-27T06:24:58.932737+02:00;standby;22.7;30.0;5.0;28.0;54.8;57.0;0;0;0;0;16439.98;11280.08;5159.9;32437.375
2026-07-27T06:25:59.444044+02:00;standby;22.7;30.0;5.0;28.0;54.8;57.0;0;0;0;0;16439.98;11280.08;5159.9;32437.375
2026-07-27T06:26:59.998946+02:00;standby;22.7;30.0;5.0;28.0;54.8;57.0;0;0;0;0;16439.98;11280.08;5159.9;32437.375
2026-07-27T06:28:00.891841+02:00;standby;22.7;30.0;5.0;28.0;54.8;57.0;0;0;0;0;16439.98;11280.08;5159.9;32437.375
2026-07-27T06:29:01.612489+02:00;standby;22.7;30.0;5.0;28.0;54.7;57.0;0;0;0;0;16439.98;11280.08;5159.9;32437.375
2026-07-27T06:30:02.129620+02:00;standby;22.7;30.0;5.0;28.0;54.7;57.0;0;0;0;0;16439.98;11280.08;5159.9;32437.375
2026-07-27T06:31:02.759241+02:00;standby;22.7;30.0;5.0;28.0;54.7;57.0;0;0;0;0;16439.98;11280.08;5159.9;32437.375
2026-07-27T06:32:03.372188+02:00;standby;22.7;30.0;5.0;28.0;54.7;57.0;0;0;0;0;16439.98;11280.08;5159.9;32437.375
2026-07-27T06:33:03.874800+02:00;standby;22.7;30.0;5.0;28.0;54.7;57.0;0;0;0;0;16439.98;11280.08;5159.9;32437.375
2026-07-27T06:34:04.410017+02:00;standby;22.7;30.0;5.0;28.0;54.7;57.0;0;0;0;0;16439.98;11280.08;5159.9;32437.375
2026-07-27T06:35:04.949409+02:00;standby;22.7;29.9;5.0;28.0;54.7;57.0;0;0;0;0;16439.98;11280.08;5159.9;32437.375
2026-07-27T06:36:05.973361+02:00;standby;22.7;29.9;5.0;28.0;54.7;57.0;0;0;0;0;16439.98;11280.08;5159.9;32437.375
2026-07-27T06:37:06.500128+02:00;standby;22.7;29.9;5.0;28.0;54.7;57.0;0;0;0;0;16439.98;11280.08;5159.9;32437.375
2026-07-27T06:38:07.127437+02:00;standby;22.7;29.9;5.0;28.0;54.7;57.0;0;0;0;0;16439.98;11280.08;5159.9;32437.375
2026-07-27T06:39:07.626177+02:00;standby;22.7;29.9;5.0;28.0;54.6;57.0;0;0;0;0;16439.98;11280.08;5159.9;32437.375
2026-07-27T06:40:08.575599+02:00;standby;22.7;29.9;5.0;28.0;54.6;57.0;0;0;0;0;16439.98;11280.08;5159.9;32437.375
2026-07-27T06:41:09.201490+02:00;standby;22.7;29.9;5.0;28.0;54.6;57.0;0;0;0;0;16439.98;11280.08;5159.9;32437.375
2026-07-27T06:42:09.924148+02:00;standby;22.7;29.9;5.0;28.0;54.6;57.0;0;0;0;0;16439.98;11280.08;5159.9;32437.375
2026-07-27T06:43:10.757909+02:00;standby;22.7;29.9;5.0;28.0;54.6;57.0;0;0;0;0;16439.98;11280.08;5159.9;32437.375
2026-07-27T06:44:11.349420+02:00;standby;22.7;29.9;5.0;28.0;54.6;57.0;0;0;0;0;16439.98;11280.08;5159.9;32437.375
2026-07-27T06:45:11.989109+02:00;standby;22.7;29.9;5.0;28.0;54.6;57.0;0;0;0;0;16439.98;11280.08;5159.9;32437.375
2026-07-27T06:46:13.323498+02:00;standby;22.7;29.9;5.0;28.0;54.6;57.0;0;0;0;0;16439.98;11280.08;5159.9;32437.375
2026-07-27T06:47:13.847054+02:00;standby;22.7;29.9;5.0;28.0;54.6;57.0;0;0;0;0;16439.98;11280.08;5159.9;32437.375
2026-07-27T06:48:14.455629+02:00;standby;22.7;29.9;5.0;28.0;54.5;57.0;0;0;0;0;16439.98;11280.08;5159.9;32437.375
2026-07-27T06:49:14.970040+02:00;standby;22.7;29.9;5.0;28.0;54.6;57.0;0;0;0;0;16439.98;11280.08;5159.9;32437.375
2026-07-27T06:50:15.487345+02:00;standby;22.7;29.7;5.0;28.0;54.5;57.0;0;0;0;0;16439.98;11280.08;5159.9;32437.375
2026-07-27T06:51:15.984389+02:00;standby;22.7;29.9;5.0;28.0;54.5;57.0;0;0;0;0;16439.98;11280.08;5159.9;32437.375
2026-07-27T06:52:16.527140+02:00;standby;22.7;29.7;5.0;28.0;54.5;57.0;0;0;0;0;16439.98;11280.08;5159.9;32437.375
2026-07-27T06:53:17.082715+02:00;standby;22.7;29.7;5.0;28.0;54.5;57.0;0;0;0;0;16439.98;11280.08;5159.9;32437.375
2026-07-27T06:54:17.606314+02:00;standby;22.7;29.7;5.0;28.0;54.5;57.0;0;0;0;0;16439.98;11280.08;5159.9;32437.375
2026-07-27T06:55:18.082606+02:00;standby;22.7;29.7;5.0;28.0;54.5;57.0;0;0;0;0;16439.98;11280.08;5159.9;32437.375
2026-07-27T06:56:18.599491+02:00;standby;22.7;29.7;5.0;28.0;54.5;57.0;0;0;0;0;16439.98;11280.08;5159.9;32437.375
2026-07-27T06:57:19.428836+02:00;standby;22.7;29.7;5.0;28.0;54.5;57.0;0;0;0;0;16439.98;11280.08;5159.9;32437.375
2026-07-27T06:58:20.067899+02:00;standby;22.7;29.7;5.0;28.0;54.5;57.0;0;0;0;0;16439.98;11280.08;5159.9;32437.375
2026-07-27T06:59:20.572143+02:00;standby;22.7;29.7;5.0;28.0;54.5;57.0;0;0;0;0;16439.98;11280.08;5159.9;32437.375
2026-07-27T07:00:21.193114+02:00;standby;22.7;29.7;5.0;28.0;54.5;57.0;0;0;0;0;16439.98;11280.08;5159.9;32437.375
2026-07-27T07:01:21.706015+02:00;standby;22.7;29.7;5.0;28.0;54.5;57.0;0;0;0;0;16439.98;11280.08;5159.9;32437.375
2026-07-27T07:02:22.232440+02:00;standby;22.7;29.7;5.0;28.0;54.4;57.0;0;0;0;0;16439.98;11280.08;5159.9;32437.375
2026-07-27T07:03:22.743738+02:00;standby;22.7;29.7;5.0;28.0;54.4;57.0;0;0;0;0;16439.98;11280.08;5159.9;32437.375
2026-07-27T07:04:23.366519+02:00;standby;22.7;29.6;5.0;28.0;54.4;57.0;0;0;0;0;16439.98;11280.08;5159.9;32437.375
2026-07-27T07:05:23.840645+02:00;standby;22.7;29.6;5.0;28.0;54.4;57.0;0;0;0;0;16439.98;11280.08;5159.9;32437.375
2026-07-27T07:06:24.488962+02:00;standby;22.7;29.6;5.0;28.0;54.4;57.0;0;0;0;0;16439.98;11280.08;5159.9;32437.375
2026-07-27T07:07:25.379251+02:00;standby;22.7;29.6;5.0;28.0;54.4;57.0;0;0;0;0;16439.98;11280.08;5159.9;32437.375
2026-07-27T07:08:25.960348+02:00;standby;22.7;29.6;5.0;28.0;54.4;57.0;0;0;0;0;16439.98;11280.08;5159.9;32437.375
2026-07-27T07:09:26.512359+02:00;standby;22.7;29.6;5.0;28.0;54.4;57.0;0;0;0;0;16439.98;11280.08;5159.9;32437.375
2026-07-27T07:10:27.403528+02:00;standby;22.7;29.6;5.0;28.0;54.4;57.0;0;0;0;0;16439.98;11280.08;5159.9;32437.375
2026-07-27T07:11:28.331395+02:00;standby;22.7;29.6;5.0;28.0;54.4;57.0;0;0;0;0;16439.98;11280.08;5159.9;32437.375
2026-07-27T07:12:28.895788+02:00;standby;22.7;29.6;5.0;28.0;54.4;57.0;0;0;0;0;16439.98;11280.08;5159.9;32437.375
2026-07-27T07:13:29.372786+02:00;standby;22.7;29.6;5.0;28.0;54.4;57.0;0;0;0;0;16439.98;11280.08;5159.9;32437.375
2026-07-27T07:14:29.918195+02:00;standby;22.7;29.6;5.0;28.0;54.3;57.0;0;0;0;0;16439.98;11280.08;5159.9;32437.375
2026-07-27T07:15:30.628308+02:00;standby;22.7;29.6;5.0;28.0;54.3;57.0;0;0;0;0;16439.98;11280.08;5159.9;32437.375
2026-07-27T07:16:31.348363+02:00;standby;22.7;29.6;5.0;28.0;54.3;57.0;0;0;0;0;16439.98;11280.08;5159.9;32437.375
2026-07-27T07:17:32.015936+02:00;standby;22.7;29.6;5.0;28.0;54.3;57.0;0;0;0;0;16439.98;11280.08;5159.9;32437.375
2026-07-27T07:18:32.832552+02:00;standby;22.7;29.6;5.0;28.0;54.3;57.0;0;0;0;0;16439.98;11280.08;5159.9;32437.375
2026-07-27T07:19:33.347433+02:00;standby;22.7;29.4;5.0;28.0;54.3;57.0;0;0;0;0;16439.98;11280.08;5159.9;32437.375
2026-07-27T07:20:33.807234+02:00;standby;22.7;29.4;5.0;28.0;54.3;57.0;0;0;0;0;16439.98;11280.08;5159.9;32437.375
2026-07-27T07:21:34.531927+02:00;standby;22.7;29.4;5.0;28.0;54.3;57.0;0;0;0;0;16439.98;11280.08;5159.9;32437.375
2026-07-27T07:22:35.186047+02:00;standby;22.7;29.4;5.0;28.0;54.3;57.0;0;0;0;0;16439.98;11280.08;5159.9;32437.375
2026-07-27T07:23:35.707832+02:00;standby;22.7;29.4;5.0;28.0;54.3;57.0;0;0;0;0;16439.98;11280.08;5159.9;32437.375
2026-07-27T07:24:36.238755+02:00;standby;22.9;29.4;5.0;28.0;54.3;57.0;0;0;0;0;16439.98;11280.08;5159.9;32437.375
2026-07-27T07:25:36.831972+02:00;standby;22.9;29.4;5.0;28.0;54.3;57.0;0;0;0;0;16439.98;11280.08;5159.9;32437.375
2026-07-27T07:26:37.466881+02:00;standby;22.9;29.4;5.0;28.0;54.2;57.0;0;0;0;0;16439.98;11280.08;5159.9;32437.375
2026-07-27T07:27:38.160219+02:00;standby;22.9;29.4;5.0;28.0;54.2;57.0;0;0;0;0;16439.98;11280.08;5159.9;32437.375
2026-07-27T07:28:38.781778+02:00;standby;22.9;29.4;5.0;28.0;54.2;57.0;0;0;0;0;16439.98;11280.08;5159.9;32437.375
2026-07-27T07:29:39.534410+02:00;standby;22.9;29.4;5.0;28.0;54.2;57.0;0;0;0;0;16439.98;11280.08;5159.9;32437.375
2026-07-27T07:30:40.143777+02:00;standby;22.9;29.4;5.0;28.0;54.2;57.0;0;0;0;0;16439.98;11280.08;5159.9;32437.375
2026-07-27T07:31:40.665786+02:00;standby;22.9;29.4;5.0;28.0;54.2;57.0;0;0;0;0;16439.98;11280.08;5159.9;32437.375
2026-07-27T07:32:41.190362+02:00;standby;22.9;29.4;5.0;28.0;54.2;57.0;0;0;0;0;16439.98;11280.08;5159.9;32437.375
2026-07-27T07:33:41.718813+02:00;standby;22.9;29.4;5.0;28.0;54.2;57.0;0;0;0;0;16439.98;11280.08;5159.9;32437.375
2026-07-27T07:34:42.430258+02:00;standby;22.9;29.4;5.0;28.0;54.2;57.0;0;0;0;0;16439.98;11280.08;5159.9;32437.375
2026-07-27T07:35:43.457910+02:00;standby;22.9;29.4;5.0;28.0;54.2;57.0;0;0;0;0;16439.98;11280.08;5159.9;32437.375
2026-07-27T07:36:43.975763+02:00;standby;22.9;29.3;5.0;28.0;54.2;57.0;0;0;0;0;16439.98;11280.08;5159.9;32437.375
2026-07-27T07:37:44.715376+02:00;standby;22.9;29.3;5.0;28.0;54.2;57.0;0;0;0;0;16439.98;11280.08;5159.9;32437.375
2026-07-27T07:38:45.251496+02:00;standby;22.9;29.3;5.0;28.0;54.2;57.0;0;0;0;0;16439.98;11280.08;5159.9;32437.375
2026-07-27T07:39:45.745610+02:00;standby;22.9;29.3;5.0;28.0;54.1;57.0;0;0;0;0;16439.98;11280.08;5159.9;32437.375
2026-07-27T07:40:46.259395+02:00;standby;22.9;29.3;5.0;28.0;54.1;57.0;0;0;0;0;16439.98;11280.08;5159.9;32437.375
2026-07-27T07:41:47.404447+02:00;standby;22.9;29.3;5.0;28.0;54.1;57.0;0;0;0;0;16439.98;11280.08;5159.9;32437.375
2026-07-27T07:42:48.026762+02:00;standby;22.9;29.3;5.0;28.0;54.1;57.0;0;0;0;0;16439.98;11280.08;5159.9;32437.375
2026-07-27T07:43:48.547581+02:00;standby;22.9;29.3;5.0;28.0;54.1;57.0;0;0;0;0;16439.98;11280.08;5159.9;32437.375
2026-07-27T07:44:49.074904+02:00;standby;22.9;29.3;5.0;28.0;54.1;57.0;0;0;0;0;16439.98;11280.08;5159.9;32437.375
2026-07-27T07:45:49.584235+02:00;standby;22.9;29.3;5.0;28.0;54.1;57.0;0;0;0;0;16439.98;11280.08;5159.9;32437.375
2026-07-27T07:46:50.103369+02:00;standby;22.9;29.3;5.0;28.0;54.1;57.0;0;0;0;0;16439.98;11280.08;5159.9;32437.375
2026-07-27T07:47:51.243914+02:00;standby;22.9;29.3;5.0;28.0;54.1;57.0;0;0;0;0;16439.98;11280.08;5159.9;32437.375
2026-07-27T07:48:52.074368+02:00;standby;22.9;29.3;5.0;28.0;54.1;57.0;0;0;0;0;16439.98;11280.08;5159.9;32437.375
2026-07-27T07:49:52.587031+02:00;standby;22.9;29.3;5.0;28.0;54.1;57.0;0;0;0;0;16439.98;11280.08;5159.9;32437.375
2026-07-27T07:50:53.104734+02:00;standby;22.9;29.3;5.0;28.0;54.1;57.0;0;0;0;0;16439.98;11280.08;5159.9;32437.375
2026-07-27T07:51:53.611529+02:00;standby;22.9;29.3;5.0;28.0;54.0;57.0;0;0;0;0;16439.98;11280.08;5159.9;32437.375
2026-07-27T07:52:54.077391+02:00;standby;22.9;29.3;5.0;28.0;54.0;57.0;0;0;0;0;16439.98;11280.08;5159.9;32437.375
2026-07-27T07:53:54.614362+02:00;standby;22.9;29.3;5.0;28.0;54.0;57.0;0;0;0;0;16439.98;11280.08;5159.9;32437.375
2026-07-27T07:54:55.101834+02:00;standby;22.9;29.2;5.0;28.0;54.0;57.0;0;0;0;0;16439.98;11280.08;5159.9;32437.375
2026-07-27T07:55:55.589346+02:00;standby;22.9;29.2;5.0;28.0;54.0;57.0;0;0;0;0;16439.98;11280.08;5159.9;32437.375
2026-07-27T07:56:56.276639+02:00;standby;22.9;29.2;5.0;28.0;54.0;57.0;0;0;0;0;16439.98;11280.08;5159.9;32437.375
2026-07-27T07:57:57.152582+02:00;standby;22.9;29.2;5.0;28.0;54.0;57.0;0;0;0;0;16439.98;11280.08;5159.9;32437.375
2026-07-27T07:58:57.826582+02:00;standby;22.9;29.2;5.0;28.0;54.0;57.0;0;0;0;0;16439.98;11280.08;5159.9;32437.375
2026-07-27T07:59:58.383354+02:00;standby;22.9;29.2;5.0;28.0;54.0;57.0;0;0;0;0;16439.98;11280.08;5159.9;32437.375
2026-07-27T08:00:59.101054+02:00;standby;22.9;29.2;5.0;28.0;54.0;57.0;0;0;0;0;16439.98;11280.08;5159.9;32437.375
2026-07-27T08:01:59.643412+02:00;standby;22.9;29.2;5.0;28.0;54.0;57.0;0;0;0;0;16439.98;11280.08;5159.9;32437.375
2026-07-27T08:03:00.364357+02:00;standby;22.9;29.2;5.0;28.0;54.0;57.0;0;0;0;0;16439.98;11280.08;5159.9;32437.375
2026-07-27T08:04:01.740748+02:00;standby;22.9;29.2;5.0;28.0;53.9;57.0;0;0;0;0;16439.98;11280.08;5159.9;32437.375
2026-07-27T08:05:02.326880+02:00;standby;22.9;29.2;5.0;28.0;53.9;57.0;0;0;0;0;16439.98;11280.08;5159.9;32437.375
2026-07-27T08:06:02.866262+02:00;standby;22.9;29.2;5.0;28.0;53.9;57.0;0;0;0;0;16439.98;11280.08;5159.9;32437.375
2026-07-27T08:07:03.344083+02:00;standby;22.9;29.2;5.0;28.0;53.9;57.0;0;0;0;0;16439.98;11280.08;5159.9;32437.375
2026-07-27T08:08:03.892236+02:00;standby;22.9;29.2;5.0;28.0;53.9;57.0;0;0;0;0;16439.98;11280.08;5159.9;32437.375
2026-07-27T08:09:04.590424+02:00;standby;22.9;29.2;5.0;28.0;53.9;57.0;0;0;0;0;16439.98;11280.08;5159.9;32437.375
2026-07-27T08:10:05.211294+02:00;standby;22.9;29.2;5.0;28.0;53.9;57.0;0;0;0;0;16439.98;11280.08;5159.9;32437.375
2026-07-27T08:11:05.730166+02:00;standby;22.9;29.2;5.0;28.0;53.9;57.0;0;0;0;0;16439.98;11280.08;5159.9;32437.375
2026-07-27T08:12:06.262144+02:00;standby;22.9;29.2;5.0;28.0;53.9;57.0;0;0;0;0;16439.98;11280.08;5159.9;32437.375
2026-07-27T08:13:06.735155+02:00;standby;22.9;29.0;5.0;28.0;53.9;57.0;0;0;0;0;16439.98;11280.08;5159.9;32437.375
2026-07-27T08:14:07.400018+02:00;standby;22.9;29.2;5.0;28.0;53.9;57.0;0;0;0;0;16439.98;11280.08;5159.9;32437.375
2026-07-27T08:15:09.884491+02:00;standby;22.9;29.0;5.0;28.0;53.9;57.0;0;0;0;0;16439.98;11280.08;5159.9;32437.375
2026-07-27T08:16:10.421794+02:00;standby;22.9;29.0;5.0;28.0;53.9;57.0;0;0;0;0;16439.98;11280.08;5159.9;32437.375
2026-07-27T08:17:10.913118+02:00;standby;22.9;29.0;5.0;28.0;53.8;57.0;0;0;0;0;16439.98;11280.08;5159.9;32437.375
2026-07-27T08:18:11.427393+02:00;standby;22.9;29.0;5.0;28.0;53.8;57.0;0;0;0;0;16439.98;11280.08;5159.9;32437.375
2026-07-27T08:19:12.253801+02:00;standby;22.9;29.0;5.0;28.0;53.8;57.0;0;0;0;0;16439.98;11280.08;5159.9;32437.375
2026-07-27T08:20:12.885764+02:00;standby;22.9;29.0;5.0;28.0;53.8;57.0;0;0;0;0;16439.98;11280.08;5159.9;32437.375
2026-07-27T08:21:13.526777+02:00;standby;22.9;29.0;5.0;28.0;53.8;57.0;0;0;0;0;16439.98;11280.08;5159.9;32437.375
2026-07-27T08:22:14.016927+02:00;standby;22.9;29.0;5.0;28.0;53.8;57.0;0;0;0;0;16439.98;11280.08;5159.9;32437.375
2026-07-27T08:23:14.525919+02:00;standby;22.9;29.0;5.0;28.0;53.8;57.0;0;0;0;0;16439.98;11280.08;5159.9;32437.375
2026-07-27T08:24:15.086793+02:00;standby;22.9;29.0;5.0;28.0;53.8;57.0;0;0;0;0;16439.98;11280.08;5159.9;32437.375
2026-07-27T08:25:15.530383+02:00;standby;23.5;29.0;5.0;28.0;53.8;57.0;0;0;0;0;16439.98;11280.08;5159.9;32437.375
2026-07-27T08:26:16.002319+02:00;standby;23.5;29.0;5.0;28.0;53.8;57.0;0;0;0;0;16439.98;11280.08;5159.9;32437.375
2026-07-27T08:27:16.446422+02:00;standby;23.5;29.0;5.0;28.0;53.8;57.0;0;0;0;0;16439.98;11280.08;5159.9;32437.375
2026-07-27T08:28:16.916621+02:00;standby;23.5;29.0;5.0;28.0;53.8;57.0;0;0;0;0;16439.98;11280.08;5159.9;32437.375
2026-07-27T08:29:17.446746+02:00;standby;23.5;29.0;5.0;28.0;53.8;57.0;0;0;0;0;16439.98;11280.08;5159.9;32437.375
2026-07-27T08:30:17.929974+02:00;standby;23.5;29.0;5.0;28.0;53.7;57.0;0;0;0;0;16439.98;11280.08;5159.9;32437.375
2026-07-27T08:31:18.474238+02:00;standby;23.5;29.0;5.0;28.0;53.7;57.0;0;0;0;0;16439.98;11280.08;5159.9;32437.375
2026-07-27T08:32:19.044909+02:00;standby;23.5;29.0;5.0;28.0;53.7;57.0;0;0;0;0;16439.98;11280.08;5159.9;32437.375
2026-07-27T08:33:19.822620+02:00;standby;23.5;29.0;5.0;28.0;53.7;57.0;0;0;0;0;16439.98;11280.08;5159.9;32437.375
2026-07-27T08:34:20.443535+02:00;standby;23.5;28.9;5.0;28.0;53.7;57.0;0;0;0;0;16439.98;11280.08;5159.9;32437.375
2026-07-27T08:35:20.977726+02:00;standby;23.5;29.0;5.0;28.0;53.7;57.0;0;0;0;0;16439.98;11280.08;5159.9;32437.375
2026-07-27T08:36:21.454243+02:00;standby;23.5;28.9;5.0;28.0;53.7;57.0;0;0;0;0;16439.98;11280.08;5159.9;32437.375
2026-07-27T08:37:21.910224+02:00;standby;23.5;28.9;5.0;28.0;53.7;57.0;0;0;0;0;16439.98;11280.08;5159.9;32437.375
2026-07-27T08:38:22.529881+02:00;standby;23.5;28.9;5.0;28.0;53.7;57.0;0;0;0;0;16439.98;11280.08;5159.9;32437.375
2026-07-27T08:39:23.036351+02:00;standby;23.5;28.9;5.0;28.0;53.7;57.0;0;0;0;0;16439.98;11280.08;5159.9;32437.375
2026-07-27T08:40:23.570257+02:00;standby;23.5;28.9;5.0;28.0;53.7;57.0;0;0;0;0;16439.98;11280.08;5159.9;32437.375
2026-07-27T08:41:24.305360+02:00;standby;23.5;28.9;5.0;28.0;53.7;57.0;0;0;0;0;16439.98;11280.08;5159.9;32437.375
2026-07-27T08:42:25.019027+02:00;standby;23.5;28.9;5.0;28.0;53.7;57.0;0;0;0;0;16439.98;11280.08;5159.9;32437.375
2026-07-27T08:43:27.857369+02:00;standby;23.5;28.9;5.0;28.0;53.6;57.0;0;0;0;0;16439.98;11280.08;5159.9;32437.375
2026-07-27T08:44:28.303341+02:00;standby;23.5;28.9;5.0;28.0;53.6;57.0;0;0;0;0;16439.98;11280.08;5159.9;32437.375
2026-07-27T08:45:29.170846+02:00;standby;23.5;28.9;5.0;28.0;53.6;57.0;0;0;0;0;16439.98;11280.08;5159.9;32437.375
2026-07-27T08:46:29.711756+02:00;standby;23.5;28.9;5.0;28.0;53.6;57.0;0;0;0;0;16439.98;11280.08;5159.9;32437.375
2026-07-27T08:47:30.311098+02:00;standby;23.5;28.9;5.0;28.0;53.6;57.0;0;0;0;0;16439.98;11280.08;5159.9;32437.375
2026-07-27T08:48:30.822150+02:00;standby;23.5;28.9;5.0;28.0;53.6;57.0;0;0;0;0;16439.98;11280.08;5159.9;32437.375
2026-07-27T08:49:31.524247+02:00;standby;23.5;28.9;5.0;28.0;53.6;57.0;0;0;0;0;16439.98;11280.08;5159.9;32437.375
2026-07-27T08:50:31.970262+02:00;standby;23.5;28.9;5.0;28.0;53.6;57.0;0;0;0;0;16439.98;11280.08;5159.9;32437.375
2026-07-27T08:51:32.588272+02:00;standby;23.5;28.9;5.0;28.0;53.6;57.0;0;0;0;0;16439.98;11280.08;5159.9;32437.375
2026-07-27T08:52:33.101301+02:00;standby;23.5;28.9;5.0;28.0;53.6;57.0;0;0;0;0;16439.98;11280.08;5159.9;32437.375
2026-07-27T08:53:33.558485+02:00;standby;23.5;28.9;5.0;28.0;53.6;57.0;0;0;0;0;16439.98;11280.08;5159.9;32437.375
2026-07-27T08:54:34.580292+02:00;standby;23.5;28.9;5.0;28.0;53.6;57.0;0;0;0;0;16439.98;11280.08;5159.9;32437.375
2026-07-27T08:55:35.059539+02:00;standby;23.5;28.9;5.0;28.0;53.6;57.0;0;0;0;0;16439.98;11280.08;5159.9;32437.375
2026-07-27T08:56:35.471048+02:00;standby;23.5;28.9;5.0;28.0;53.6;57.0;0;0;0;0;16439.98;11280.08;5159.9;32437.375
2026-07-27T08:57:35.939462+02:00;standby;23.5;28.7;5.0;28.0;53.5;57.0;0;0;0;0;16439.98;11280.08;5159.9;32437.375
2026-07-27T08:58:36.464122+02:00;standby;23.5;28.7;5.0;28.0;53.5;57.0;0;0;0;0;16439.98;11280.08;5159.9;32437.375
2026-07-27T08:59:37.284099+02:00;standby;23.5;28.7;5.0;28.0;53.5;57.0;0;0;0;0;16439.98;11280.08;5159.9;32437.375
2026-07-27T09:00:37.745992+02:00;standby;23.5;28.7;5.0;28.0;53.5;57.0;0;0;0;0;16439.98;11280.08;5159.9;32437.375
2026-07-27T09:01:38.214222+02:00;standby;23.5;28.7;5.0;28.0;53.5;57.0;0;0;0;0;16439.98;11280.08;5159.9;32437.375
2026-07-27T09:02:38.645064+02:00;standby;23.5;28.7;5.0;28.0;53.5;57.0;0;0;0;0;16439.98;11280.08;5159.9;32437.375
2026-07-27T09:03:39.118813+02:00;standby;23.5;28.7;5.0;28.0;53.5;57.0;0;0;0;0;16439.98;11280.08;5159.9;32437.375
2026-07-27T09:04:39.711803+02:00;standby;23.5;28.7;5.0;28.0;53.5;57.0;0;0;0;0;16439.98;11280.08;5159.9;32437.375
2026-07-27T09:05:40.615929+02:00;standby;23.5;28.7;5.0;28.0;53.5;57.0;0;0;0;0;16439.98;11280.08;5159.9;32437.375
2026-07-27T09:06:41.063624+02:00;standby;23.5;28.7;5.0;28.0;53.5;57.0;0;0;0;0;16439.98;11280.08;5159.9;32437.375
2026-07-27T09:07:41.570036+02:00;standby;23.5;28.7;5.0;28.0;53.5;57.0;0;0;0;0;16439.98;11280.08;5159.9;32437.375
2026-07-27T09:08:42.158503+02:00;standby;23.5;28.7;5.0;28.0;53.5;57.0;0;0;0;0;16439.98;11280.08;5159.9;32437.375
2026-07-27T09:09:43.164833+02:00;standby;23.5;28.7;5.0;28.0;53.5;57.0;0;0;0;0;16439.98;11280.08;5159.9;32437.375
2026-07-27T09:10:43.614886+02:00;standby;23.5;28.7;5.0;28.0;53.4;57.0;0;0;0;0;16439.98;11280.08;5159.9;32437.375
2026-07-27T09:11:44.292293+02:00;standby;23.5;28.7;5.0;28.0;53.4;57.0;0;0;0;0;16439.98;11280.08;5159.9;32437.375
2026-07-27T09:12:45.030697+02:00;standby;23.5;28.7;5.0;28.0;53.4;57.0;0;0;0;0;16439.98;11280.08;5159.9;32437.375
2026-07-27T09:13:45.571371+02:00;standby;23.5;28.7;5.0;28.0;53.4;57.0;0;0;0;0;16439.98;11280.08;5159.9;32437.375
2026-07-27T09:14:46.059883+02:00;standby;23.5;28.7;5.0;28.0;53.4;57.0;0;0;0;0;16439.98;11280.08;5159.9;32437.375
2026-07-27T09:15:46.546503+02:00;standby;23.5;28.7;5.0;28.0;53.4;57.0;0;0;0;0;16439.98;11280.08;5159.9;32437.375
2026-07-27T09:16:47.029476+02:00;standby;23.5;28.7;5.0;28.0;53.4;57.0;0;0;0;0;16439.98;11280.08;5159.9;32437.375
2026-07-27T09:17:47.562157+02:00;standby;23.5;28.7;5.0;28.0;53.4;57.0;0;0;0;0;16439.98;11280.08;5159.9;32437.375
2026-07-27T09:18:48.427649+02:00;standby;23.5;28.7;5.0;28.0;53.4;57.0;0;0;0;0;16439.98;11280.08;5159.9;32437.375
2026-07-27T09:19:48.999019+02:00;standby;23.5;28.7;5.0;28.0;53.4;57.0;0;0;0;0;16439.98;11280.08;5159.9;32437.375
2026-07-27T09:20:49.680588+02:00;standby;23.5;28.7;5.0;28.0;53.4;57.0;0;0;0;0;16439.98;11280.08;5159.9;32437.375
2026-07-27T09:21:50.187711+02:00;standby;23.5;28.6;5.0;28.0;53.3;57.0;0;0;0;0;16439.98;11280.08;5159.9;32437.375
2026-07-27T09:22:50.866822+02:00;standby;23.5;28.6;5.0;28.0;53.4;57.0;0;0;0;0;16439.98;11280.08;5159.9;32437.375
2026-07-27T09:23:52.412641+02:00;standby;23.5;28.7;5.0;28.0;53.3;57.0;0;0;0;0;16439.98;11280.08;5159.9;32437.375
2026-07-27T09:24:52.858546+02:00;standby;23.5;28.6;5.0;28.0;53.3;57.0;0;0;0;0;16439.98;11280.08;5159.9;32437.375
2026-07-27T09:25:53.341991+02:00;standby;24.2;28.6;5.0;28.0;53.3;57.0;0;0;0;0;16439.98;11280.08;5159.9;32437.375
2026-07-27T09:26:53.770767+02:00;standby;24.2;28.6;5.0;28.0;53.3;57.0;0;0;0;0;16439.98;11280.08;5159.9;32437.375
2026-07-27T09:27:54.323561+02:00;standby;24.2;28.6;5.0;28.0;53.3;57.0;0;0;0;0;16439.98;11280.08;5159.9;32437.375
2026-07-27T09:28:54.808323+02:00;standby;24.2;28.6;5.0;28.0;53.3;57.0;0;0;0;0;16439.98;11280.08;5159.9;32437.375
2026-07-27T09:29:55.326724+02:00;standby;24.2;28.6;5.0;28.0;53.3;57.0;0;0;0;0;16439.98;11280.08;5159.9;32437.375
2026-07-27T09:30:55.970364+02:00;standby;24.2;28.6;5.0;28.0;53.3;57.0;0;0;0;0;16439.98;11280.08;5159.9;32437.375
2026-07-27T09:31:56.499224+02:00;standby;24.2;28.6;5.0;28.0;53.3;57.0;0;0;0;0;16439.98;11280.08;5159.9;32437.375
2026-07-27T09:32:57.144093+02:00;standby;24.2;28.6;5.0;28.0;53.3;57.0;0;0;0;0;16439.98;11280.08;5159.9;32437.375
2026-07-27T09:33:57.740877+02:00;standby;24.2;28.6;5.0;28.0;53.3;57.0;0;0;0;0;16439.98;11280.08;5159.9;32437.375
2026-07-27T09:34:58.362631+02:00;standby;24.2;28.6;5.0;28.0;53.3;57.0;0;0;0;0;16439.98;11280.08;5159.9;32437.375
2026-07-27T09:35:58.835279+02:00;standby;24.2;28.6;5.0;28.0;53.3;57.0;0;0;0;0;16439.98;11280.08;5159.9;32437.375
2026-07-27T09:36:59.292069+02:00;standby;24.2;28.6;5.0;28.0;53.2;57.0;0;0;0;0;16439.98;11280.08;5159.9;32437.375
2026-07-27T09:38:00.456694+02:00;standby;24.2;28.6;5.0;28.0;53.2;57.0;0;0;0;0;16439.98;11280.08;5159.9;32437.375
2026-07-27T09:39:00.966188+02:00;standby;24.2;28.6;5.0;28.0;53.2;57.0;0;0;0;0;16439.98;11280.08;5159.9;32437.375
2026-07-27T09:40:01.485565+02:00;standby;24.2;28.5;5.0;28.0;53.2;57.0;0;0;0;0;16439.98;11280.08;5159.9;32437.375
2026-07-27T09:41:02.002057+02:00;standby;24.2;28.6;5.0;28.0;53.2;57.0;0;0;0;0;16439.98;11280.08;5159.9;32437.375
2026-07-27T09:42:02.714283+02:00;standby;24.2;28.6;5.0;28.0;53.2;57.0;0;0;0;0;16439.98;11280.08;5159.9;32437.375
2026-07-27T09:43:03.450430+02:00;standby;24.2;28.6;5.0;28.0;53.2;57.0;0;0;0;0;16439.98;11280.08;5159.9;32437.375
2026-07-27T09:44:03.959136+02:00;standby;24.2;28.6;5.0;28.0;53.2;57.0;0;0;0;0;16439.98;11280.08;5159.9;32437.375
2026-07-27T09:45:04.491785+02:00;standby;24.2;28.6;5.0;28.0;53.2;57.0;0;0;0;0;16439.98;11280.08;5159.9;32437.375
2026-07-27T09:46:05.134699+02:00;standby;24.2;28.6;5.0;28.0;53.2;57.0;0;0;0;0;16439.98;11280.08;5159.9;32437.375
2026-07-27T09:47:05.580955+02:00;standby;24.2;28.6;5.0;28.0;53.2;57.0;0;0;0;0;16439.98;11280.08;5159.9;32437.375
2026-07-27T09:48:06.167056+02:00;standby;24.2;28.5;5.0;28.0;53.2;57.0;0;0;0;0;16439.98;11280.08;5159.9;32437.375
2026-07-27T09:49:06.812650+02:00;standby;24.2;28.5;5.0;28.0;53.1;57.0;0;0;0;0;16439.98;11280.08;5159.9;32437.375
2026-07-27T09:50:07.585010+02:00;standby;24.2;28.5;5.0;28.0;53.1;57.0;0;0;0;0;16439.98;11280.08;5159.9;32437.375
2026-07-27T09:51:08.420065+02:00;standby;24.2;28.5;5.0;28.0;53.2;57.0;0;0;0;0;16439.98;11280.08;5159.9;32437.375
2026-07-27T09:52:08.886477+02:00;standby;24.2;28.5;5.0;28.0;53.1;57.0;0;0;0;0;16439.98;11280.08;5159.9;32437.375
2026-07-27T09:53:09.671089+02:00;standby;24.2;28.5;5.0;28.0;53.1;57.0;0;0;0;0;16439.98;11280.08;5159.9;32437.375
2026-07-27T09:54:10.243722+02:00;standby;24.2;28.5;5.0;28.0;53.1;57.0;0;0;0;0;16439.98;11280.08;5159.9;32437.375
2026-07-27T09:55:11.031267+02:00;standby;24.2;28.5;5.0;28.0;53.1;57.0;0;0;0;0;16439.98;11280.08;5159.9;32437.375
2026-07-27T09:56:11.630059+02:00;standby;24.2;28.5;5.0;28.0;53.1;57.0;0;0;0;0;16439.98;11280.08;5159.9;32437.375
2026-07-27T09:57:12.079003+02:00;standby;24.2;28.5;5.0;28.0;53.1;57.0;0;0;0;0;16439.98;11280.08;5159.9;32437.375
2026-07-27T09:58:12.975058+02:00;standby;24.2;28.5;5.0;28.0;53.1;57.0;0;0;0;0;16439.98;11280.08;5159.9;32437.375
2026-07-27T09:59:13.510916+02:00;standby;24.2;28.5;5.0;28.0;53.1;57.0;0;0;0;0;16439.98;11280.08;5159.9;32437.375
2026-07-27T10:00:14.021791+02:00;standby;24.2;28.5;5.0;28.0;53.1;57.0;0;0;0;0;16439.98;11280.08;5159.9;32437.375
2026-07-27T10:01:14.683253+02:00;standby;24.2;28.5;5.0;28.0;53.1;57.0;0;0;0;0;16439.98;11280.08;5159.9;32437.375
2026-07-27T10:02:15.419285+02:00;standby;24.2;28.5;5.0;28.0;53.1;57.0;0;0;0;0;16439.98;11280.08;5159.9;32437.375
2026-07-27T10:03:16.087596+02:00;standby;24.2;28.5;5.0;28.0;52.9;57.0;0;0;0;0;16439.98;11280.08;5159.9;32437.375
2026-07-27T10:04:16.654133+02:00;standby;24.2;28.5;5.0;28.0;52.9;57.0;0;0;0;0;16439.98;11280.08;5159.9;32437.375
2026-07-27T10:05:17.228035+02:00;standby;24.2;28.5;5.0;28.0;52.9;57.0;0;0;0;0;16439.98;11280.08;5159.9;32437.375
2026-07-27T10:06:17.844857+02:00;standby;24.2;28.5;5.0;28.0;52.9;57.0;0;0;0;0;16439.98;11280.08;5159.9;32437.375
2026-07-27T10:07:18.419944+02:00;standby;24.2;28.5;5.0;28.0;52.9;57.0;0;0;0;0;16439.98;11280.08;5159.9;32437.375
2026-07-27T10:08:19.354974+02:00;standby;24.2;28.5;5.0;28.0;52.9;57.0;0;0;0;0;16439.98;11280.08;5159.9;32437.375
2026-07-27T10:09:19.844948+02:00;standby;24.2;28.5;5.0;28.0;52.9;57.0;0;0;0;0;16439.98;11280.08;5159.9;32437.375
2026-07-27T10:10:20.280710+02:00;standby;24.2;28.5;5.0;28.0;52.9;57.0;0;0;0;0;16439.98;11280.08;5159.9;32437.375
2026-07-27T10:11:20.960645+02:00;standby;24.2;28.5;5.0;28.0;52.9;57.0;0;0;0;0;16439.98;11280.08;5159.9;32437.375
2026-07-27T10:12:21.684586+02:00;standby;24.2;28.5;5.0;28.0;52.9;57.0;0;0;0;0;16439.98;11280.08;5159.9;32437.375
2026-07-27T10:13:22.504837+02:00;standby;24.2;28.3;5.0;28.0;52.9;57.0;0;0;0;0;16439.98;11280.08;5159.9;32437.375
2026-07-27T10:14:22.987109+02:00;standby;24.2;28.5;5.0;28.0;52.9;57.0;0;0;0;0;16439.98;11280.08;5159.9;32437.375
2026-07-27T10:15:24.166466+02:00;standby;24.2;28.5;5.0;28.0;52.9;57.0;0;0;0;0;16439.98;11280.08;5159.9;32437.375
2026-07-27T10:16:24.676410+02:00;standby;24.2;28.3;5.0;28.0;52.8;57.0;0;0;0;0;16439.98;11280.08;5159.9;32437.375
2026-07-27T10:17:25.154149+02:00;standby;24.2;28.3;5.0;28.0;52.8;57.0;0;0;0;0;16439.98;11280.08;5159.9;32437.375
2026-07-27T10:18:25.671290+02:00;standby;24.2;28.5;5.0;28.0;52.8;57.0;0;0;0;0;16439.98;11280.08;5159.9;32437.375
2026-07-27T10:19:26.163551+02:00;standby;24.2;28.3;5.0;28.0;52.8;57.0;0;0;0;0;16439.98;11280.08;5159.9;32437.375
2026-07-27T10:20:26.749870+02:00;standby;24.2;28.3;5.0;28.0;52.8;57.0;0;0;0;0;16439.98;11280.08;5159.9;32437.375
2026-07-27T10:21:27.296730+02:00;standby;24.2;28.3;5.0;28.0;52.8;57.0;0;0;0;0;16439.98;11280.08;5159.9;32437.375
2026-07-27T10:22:28.119355+02:00;standby;24.2;28.3;5.0;28.0;52.8;57.0;0;0;0;0;16439.98;11280.08;5159.9;32437.375
2026-07-27T10:23:28.783225+02:00;standby;24.2;28.3;5.0;28.0;52.8;57.0;0;0;0;0;16439.98;11280.08;5159.9;32437.375
2026-07-27T10:24:29.243333+02:00;standby;24.2;28.3;5.0;28.0;52.8;57.0;0;0;0;0;16439.98;11280.08;5159.9;32437.375
2026-07-27T10:25:29.866051+02:00;standby;24.2;28.3;5.0;28.0;52.8;57.0;0;0;0;0;16439.98;11280.08;5159.9;32437.375
2026-07-27T10:26:31.041752+02:00;standby;24.7;28.3;5.0;28.0;52.8;57.0;0;0;0;0;16439.98;11280.08;5159.9;32437.375
2026-07-27T10:27:32.491240+02:00;standby;24.7;28.3;5.0;28.0;52.8;57.0;0;0;0;0;16439.98;11280.08;5159.9;32437.375
2026-07-27T10:28:32.950631+02:00;standby;24.7;28.3;5.0;28.0;52.8;57.0;0;0;0;0;16439.98;11280.08;5159.9;32437.375
2026-07-27T10:29:33.436153+02:00;standby;24.7;28.3;5.0;28.0;52.8;57.0;0;0;0;0;16439.98;11280.08;5159.9;32437.375
2026-07-27T10:30:33.892866+02:00;standby;24.7;28.3;5.0;28.0;52.8;57.0;0;0;0;0;16439.98;11280.08;5159.9;32437.375
2026-07-27T10:31:34.413527+02:00;standby;24.7;28.3;5.0;28.0;52.7;57.0;0;0;0;0;16439.98;11280.08;5159.9;32437.375
2026-07-27T10:32:34.881490+02:00;standby;24.7;28.3;5.0;28.0;52.7;57.0;0;0;0;0;16439.98;11280.08;5159.9;32437.375
2026-07-27T10:33:35.296827+02:00;standby;24.7;28.3;5.0;28.0;52.7;57.0;0;0;0;0;16439.98;11280.08;5159.9;32437.375
2026-07-27T10:34:35.759752+02:00;standby;24.7;28.3;5.0;28.0;52.7;57.0;0;0;0;0;16439.98;11280.08;5159.9;32437.375
2026-07-27T10:35:36.193494+02:00;standby;24.7;28.3;5.0;28.0;52.7;57.0;0;0;0;0;16439.98;11280.08;5159.9;32437.375
2026-07-27T10:36:36.803760+02:00;standby;24.7;28.3;5.0;28.0;52.7;57.0;0;0;0;0;16439.98;11280.08;5159.9;32437.375
2026-07-27T10:37:37.479874+02:00;standby;24.7;28.3;5.0;28.0;52.7;57.0;0;0;0;0;16439.98;11280.08;5159.9;32437.375
2026-07-27T10:38:38.173763+02:00;standby;24.7;28.3;5.0;28.0;52.7;57.0;0;0;0;0;16439.98;11280.08;5159.9;32437.375
2026-07-27T10:39:38.864892+02:00;standby;24.7;28.3;5.0;28.0;52.7;57.0;0;0;0;0;16439.98;11280.08;5159.9;32437.375
2026-07-27T10:40:39.604388+02:00;standby;24.7;28.3;5.0;28.0;52.7;57.0;0;0;0;0;16439.98;11280.08;5159.9;32437.375
2026-07-27T10:41:40.314235+02:00;standby;24.7;28.3;5.0;28.0;52.7;57.0;0;0;0;0;16439.98;11280.08;5159.9;32437.375
2026-07-27T10:42:40.892860+02:00;standby;24.7;28.3;5.0;28.0;52.6;57.0;0;0;0;0;16439.98;11280.08;5159.9;32437.375
2026-07-27T10:43:41.354552+02:00;standby;24.7;28.3;5.0;28.0;52.6;57.0;0;0;0;0;16439.98;11280.08;5159.9;32437.375
2026-07-27T10:44:42.083627+02:00;standby;24.7;28.3;5.0;28.0;52.6;57.0;0;0;0;0;16439.98;11280.08;5159.9;32437.375
2026-07-27T10:45:43.377869+02:00;standby;24.7;28.3;5.0;28.0;52.6;57.0;0;0;0;0;16439.98;11280.08;5159.9;32437.375
2026-07-27T10:46:43.845826+02:00;standby;24.7;28.3;5.0;28.0;52.6;57.0;0;0;0;0;16439.98;11280.08;5159.9;32437.375
2026-07-27T10:47:44.466682+02:00;standby;24.7;28.3;5.0;28.0;52.6;57.0;0;0;0;0;16439.98;11280.08;5159.9;32437.375
2026-07-27T10:48:45.349441+02:00;standby;24.7;28.2;5.0;28.0;52.6;57.0;0;0;0;0;16439.98;11280.08;5159.9;32437.375
2026-07-27T10:49:45.803078+02:00;standby;24.7;28.2;5.0;28.0;52.6;57.0;0;0;0;0;16439.98;11280.08;5159.9;32437.375
2026-07-27T10:50:46.333534+02:00;standby;24.7;28.3;5.0;28.0;52.6;57.0;0;0;0;0;16439.98;11280.08;5159.9;32437.375
2026-07-27T10:51:46.849604+02:00;standby;24.7;28.2;5.0;28.0;52.6;57.0;0;0;0;0;16439.98;11280.08;5159.9;32437.375
2026-07-27T10:52:48.090544+02:00;standby;24.7;28.2;5.0;28.0;52.6;57.0;0;0;0;0;16439.98;11280.08;5159.9;32437.375
2026-07-27T10:53:48.602967+02:00;standby;24.7;28.2;5.0;28.0;52.6;57.0;0;0;0;0;16439.98;11280.08;5159.9;32437.375
2026-07-27T10:54:49.129803+02:00;standby;24.7;28.2;5.0;28.0;52.6;57.0;0;0;0;0;16439.98;11280.08;5159.9;32437.375
2026-07-27T10:55:49.651553+02:00;standby;24.7;28.2;5.0;28.0;52.6;57.0;0;0;0;0;16439.98;11280.08;5159.9;32437.375
2026-07-27T10:56:50.161204+02:00;standby;24.7;28.2;5.0;28.0;52.5;57.0;0;0;0;0;16439.98;11280.08;5159.9;32437.375
2026-07-27T10:57:50.884734+02:00;standby;24.7;28.2;5.0;28.0;52.5;57.0;0;0;0;0;16439.98;11280.08;5159.9;32437.375
2026-07-27T10:58:51.359781+02:00;standby;24.7;28.2;5.0;28.0;52.5;57.0;0;0;0;0;16439.98;11280.08;5159.9;32437.375
2026-07-27T10:59:51.819926+02:00;standby;24.7;28.2;5.0;28.0;52.5;57.0;0;0;0;0;16439.98;11280.08;5159.9;32437.375
2026-07-27T11:00:52.364021+02:00;standby;24.7;28.2;5.0;28.0;52.5;57.0;0;0;0;0;16439.98;11280.08;5159.9;32437.375
2026-07-27T11:01:53.539526+02:00;standby;24.7;28.2;5.0;28.0;52.5;57.0;0;0;0;0;16439.98;11280.08;5159.9;32437.375
2026-07-27T11:02:54.198141+02:00;standby;24.7;28.2;5.0;28.0;52.5;57.0;0;0;0;0;16439.98;11280.08;5159.9;32437.375
2026-07-27T11:03:54.828014+02:00;standby;24.7;28.2;5.0;28.0;52.5;57.0;0;0;0;0;16439.98;11280.08;5159.9;32437.375
2026-07-27T11:04:55.393456+02:00;standby;24.7;28.2;5.0;28.0;52.5;57.0;0;0;0;0;16439.98;11280.08;5159.9;32437.375
2026-07-27T11:05:55.884743+02:00;standby;24.7;28.2;5.0;28.0;52.5;57.0;0;0;0;0;16439.98;11280.08;5159.9;32437.375
2026-07-27T11:06:56.462487+02:00;standby;24.7;28.2;5.0;28.0;52.5;57.0;0;0;0;0;16439.98;11280.08;5159.9;32437.375
2026-07-27T11:07:56.947641+02:00;standby;24.7;28.2;5.0;28.0;52.5;57.0;0;0;0;0;16439.98;11280.08;5159.9;32437.375
2026-07-27T11:08:57.467241+02:00;standby;24.7;28.2;5.0;28.0;52.5;57.0;0;0;0;0;16439.98;11280.08;5159.9;32437.375
2026-07-27T11:09:58.050314+02:00;standby;24.7;28.2;5.0;28.0;52.4;57.0;0;0;0;0;16439.98;11280.08;5159.9;32437.375
2026-07-27T11:10:58.820531+02:00;standby;24.7;28.2;5.0;28.0;52.4;57.0;0;0;0;0;16439.98;11280.08;5159.9;32437.375
2026-07-27T11:11:59.535939+02:00;standby;24.7;28.2;5.0;28.0;52.4;57.0;0;0;0;0;16439.98;11280.08;5159.9;32437.375
2026-07-27T11:13:00.131739+02:00;standby;24.7;28.2;5.0;28.0;52.4;57.0;0;0;0;0;16439.98;11280.08;5159.9;32437.375
2026-07-27T11:14:00.713028+02:00;standby;24.7;28.2;5.0;28.0;52.4;57.0;0;0;0;0;16439.98;11280.08;5159.9;32437.375
2026-07-27T11:15:01.227711+02:00;standby;24.7;28.2;5.0;28.0;52.4;57.0;0;0;0;0;16439.98;11280.08;5159.9;32437.375
2026-07-27T11:16:01.793514+02:00;standby;24.7;28.2;5.0;28.0;52.4;57.0;0;0;0;0;16439.98;11280.08;5159.9;32437.375
2026-07-27T11:17:02.440932+02:00;standby;24.7;28.2;5.0;28.0;52.4;57.0;0;0;0;0;16439.98;11280.08;5159.9;32437.375
2026-07-27T11:18:03.217456+02:00;standby;24.7;28.2;5.0;28.0;52.4;57.0;0;0;0;0;16439.98;11280.08;5159.9;32437.375
2026-07-27T11:19:03.696992+02:00;standby;24.7;28.2;5.0;28.0;52.4;57.0;0;0;0;0;16439.98;11280.08;5159.9;32437.375
2026-07-27T11:20:04.512103+02:00;standby;24.7;28.2;5.0;28.0;52.4;57.0;0;0;0;0;16439.98;11280.08;5159.9;32437.375
2026-07-27T11:21:04.939229+02:00;standby;24.7;28.2;5.0;28.0;52.4;57.0;0;0;0;0;16439.98;11280.08;5159.9;32437.375
2026-07-27T11:22:05.458464+02:00;standby;24.7;28.2;5.0;28.0;52.4;57.0;0;0;0;0;16439.98;11280.08;5159.9;32437.375
2026-07-27T11:23:06.024900+02:00;standby;24.7;28.2;5.0;28.0;52.3;57.0;0;0;0;0;16439.98;11280.08;5159.9;32437.375
2026-07-27T11:24:06.753156+02:00;standby;24.7;28.2;5.0;28.0;52.3;57.0;0;0;0;0;16439.98;11280.08;5159.9;32437.375
2026-07-27T11:25:07.373718+02:00;standby;24.7;28.2;5.0;28.0;52.3;57.0;0;0;0;0;16439.98;11280.08;5159.9;32437.375
2026-07-27T11:26:07.993370+02:00;standby;24.7;28.0;5.0;28.0;52.3;57.0;0;0;0;0;16439.98;11280.08;5159.9;32437.375
2026-07-27T11:27:08.928543+02:00;standby;25.6;28.0;5.0;28.0;52.3;57.0;0;0;0;0;16439.98;11280.08;5159.9;32437.375
2026-07-27T11:28:09.421126+02:00;standby;25.6;28.0;5.0;28.0;52.3;57.0;0;0;0;0;16439.98;11280.08;5159.9;32437.375
2026-07-27T11:29:10.472836+02:00;standby;25.6;28.0;5.0;28.0;52.3;57.0;0;0;0;0;16439.98;11280.08;5159.9;32437.375
2026-07-27T11:30:10.938735+02:00;standby;25.6;28.0;5.0;28.0;52.3;57.0;0;0;0;0;16439.98;11280.08;5159.9;32437.375
2026-07-27T11:31:11.385574+02:00;standby;25.6;28.0;5.0;28.0;52.3;57.0;0;0;0;0;16439.98;11280.08;5159.9;32437.375
2026-07-27T11:32:14.569986+02:00;standby;25.6;28.0;5.0;28.0;52.2;57.0;0;0;0;0;16439.98;11280.08;5159.9;32437.375
2026-07-27T11:33:15.333545+02:00;standby;25.6;28.0;5.0;28.0;52.2;57.0;0;0;0;0;16439.98;11280.08;5159.9;32437.375
2026-07-27T11:34:15.839066+02:00;standby;25.6;28.0;5.0;28.0;52.2;57.0;0;0;0;0;16439.98;11280.08;5159.9;32437.375
2026-07-27T11:35:16.399043+02:00;standby;25.6;28.0;5.0;28.0;52.2;57.0;0;0;0;0;16439.98;11280.08;5159.9;32437.375
2026-07-27T11:36:17.116283+02:00;standby;25.6;28.0;5.0;28.0;52.1;57.0;0;0;0;0;16439.98;11280.08;5159.9;32437.375
2026-07-27T11:37:18.002427+02:00;standby;25.6;28.0;5.0;28.0;52.1;57.0;0;0;0;0;16439.98;11280.08;5159.9;32437.375
2026-07-27T11:38:18.871029+02:00;standby;25.6;28.0;5.0;28.0;52.1;57.0;0;0;0;0;16439.98;11280.08;5159.9;32437.375
2026-07-27T11:39:19.759787+02:00;standby;25.6;28.0;5.0;28.0;52.1;57.0;0;0;0;0;16439.98;11280.08;5159.9;32437.375
2026-07-27T11:40:20.214860+02:00;standby;25.6;28.0;5.0;28.0;52.1;57.0;0;0;0;0;16439.98;11280.08;5159.9;32437.375
2026-07-27T11:41:20.694393+02:00;standby;25.6;28.0;5.0;28.0;52.1;57.0;0;0;0;0;16439.98;11280.08;5159.9;32437.375
2026-07-27T11:42:21.621404+02:00;standby;25.6;28.0;5.0;28.0;52.1;57.0;0;0;0;0;16439.98;11280.08;5159.9;32437.375
2026-07-27T11:43:22.120792+02:00;standby;25.6;28.0;5.0;28.0;52.1;57.0;0;0;0;0;16439.98;11280.08;5159.9;32437.375
2026-07-27T11:44:22.660936+02:00;standby;25.6;28.0;5.0;28.0;52.1;57.0;0;0;0;0;16439.98;11280.08;5159.9;32437.375
2026-07-27T11:45:23.649569+02:00;standby;25.6;28.0;5.0;28.0;52.1;57.0;0;0;0;0;16439.98;11280.08;5159.9;32437.375
2026-07-27T11:46:24.676786+02:00;standby;25.6;28.0;5.0;28.0;52.1;57.0;0;0;0;0;16439.98;11280.08;5159.9;32437.375
2026-07-27T11:47:25.139388+02:00;standby;25.6;28.0;5.0;28.0;52.0;57.0;0;0;0;0;16439.98;11280.08;5159.9;32437.375
2026-07-27T11:48:25.661061+02:00;standby;25.6;28.0;5.0;28.0;52.0;57.0;0;0;0;0;16439.98;11280.08;5159.9;32437.375
2026-07-27T11:49:26.180357+02:00;standby;25.6;28.0;5.0;28.0;52.0;57.0;0;0;0;0;16439.98;11280.08;5159.9;32437.375
2026-07-27T11:50:27.397198+02:00;standby;25.6;28.0;5.0;28.0;52.0;57.0;0;0;0;0;16439.98;11280.08;5159.9;32437.375
2026-07-27T11:51:27.851365+02:00;standby;25.6;28.0;5.0;28.0;52.0;57.0;0;0;0;0;16439.98;11280.08;5159.9;32437.375
2026-07-27T11:52:28.406408+02:00;standby;25.6;28.0;5.0;28.0;52.0;57.0;0;0;0;0;16439.98;11280.08;5159.9;32437.375
2026-07-27T11:53:28.870430+02:00;standby;25.6;28.0;5.0;28.0;52.0;57.0;0;0;0;0;16439.98;11280.08;5159.9;32437.375
2026-07-27T11:54:29.302089+02:00;standby;25.6;28.0;5.0;28.0;52.0;57.0;0;0;0;0;16439.98;11280.08;5159.9;32437.375
2026-07-27T11:55:30.118097+02:00;standby;25.6;28.0;5.0;28.0;51.9;57.0;0;0;0;0;16439.98;11280.08;5159.9;32437.375
2026-07-27T11:56:30.919589+02:00;standby;25.6;28.0;5.0;28.0;51.9;57.0;0;0;0;0;16439.98;11280.08;5159.9;32437.375
2026-07-27T11:57:31.772711+02:00;standby;25.6;28.0;5.0;28.0;51.9;57.0;0;0;0;0;16439.98;11280.08;5159.9;32437.375
2026-07-27T11:58:32.338317+02:00;standby;25.6;28.0;5.0;28.0;51.9;57.0;0;0;0;0;16439.98;11280.08;5159.9;32437.375
2026-07-27T11:59:32.787607+02:00;standby;25.6;28.0;5.0;28.0;51.9;57.0;0;0;0;0;16439.98;11280.08;5159.9;32437.375
2026-07-27T12:00:33.329830+02:00;standby;25.6;28.0;5.0;28.0;51.8;57.0;0;0;0;0;16439.98;11280.08;5159.9;32437.375
2026-07-27T12:01:33.925136+02:00;standby;25.6;28.0;5.0;28.0;51.8;57.0;0;0;0;0;16439.98;11280.08;5159.9;32437.375
2026-07-27T12:02:34.366789+02:00;standby;25.6;28.0;5.0;28.0;51.8;57.0;0;0;0;0;16439.98;11280.08;5159.9;32437.375
2026-07-27T12:03:34.969922+02:00;standby;25.6;28.0;5.0;28.0;51.7;57.0;0;0;0;0;16439.98;11280.08;5159.9;32437.375
2026-07-27T12:04:35.870379+02:00;standby;25.6;28.0;5.0;28.0;51.7;57.0;0;0;0;0;16439.98;11280.08;5159.9;32437.375
2026-07-27T12:05:36.594884+02:00;standby;25.6;28.0;5.0;28.0;51.7;57.0;0;0;0;0;16439.98;11280.08;5159.9;32437.375
2026-07-27T12:06:37.409063+02:00;standby;25.6;28.0;5.0;28.0;51.7;57.0;0;0;0;0;16439.98;11280.08;5159.9;32437.375
2026-07-27T12:07:37.919127+02:00;standby;25.6;27.9;5.0;28.0;51.7;57.0;0;0;0;0;16439.98;11280.08;5159.9;32437.375
2026-07-27T12:08:38.508765+02:00;standby;25.6;28.0;5.0;28.0;51.6;57.0;0;0;0;0;16439.98;11280.08;5159.9;32437.375
2026-07-27T12:09:39.616262+02:00;standby;25.6;28.0;5.0;28.0;51.6;57.0;0;0;0;0;16439.98;11280.08;5159.9;32437.375
2026-07-27T12:10:40.374489+02:00;standby;25.6;28.0;5.0;28.0;51.6;57.0;0;0;0;0;16439.98;11280.08;5159.9;32437.375
2026-07-27T12:11:41.301416+02:00;standby;25.6;28.0;5.0;28.0;51.6;57.0;0;0;0;0;16439.98;11280.08;5159.9;32437.375
2026-07-27T12:12:41.764799+02:00;standby;25.6;27.9;5.0;28.0;51.6;57.0;0;0;0;0;16439.98;11280.08;5159.9;32437.375
2026-07-27T12:13:43.516138+02:00;standby;25.6;27.9;5.0;28.0;51.6;57.0;0;0;0;0;16439.98;11280.08;5159.9;32437.375
2026-07-27T12:14:44.093165+02:00;standby;25.6;27.9;5.0;28.0;51.6;57.0;0;0;0;0;16439.98;11280.08;5159.9;32437.375
2026-07-27T12:15:45.126528+02:00;standby;25.6;27.9;5.0;28.0;51.6;57.0;0;0;0;0;16439.98;11280.08;5159.9;32437.375
2026-07-27T12:16:45.735877+02:00;standby;25.6;27.9;5.0;28.0;51.6;57.0;0;0;0;0;16439.98;11280.08;5159.9;32437.375
2026-07-27T12:17:46.205043+02:00;standby;25.6;27.9;5.0;28.0;51.6;57.0;0;0;0;0;16439.98;11280.08;5159.9;32437.375
2026-07-27T12:18:48.424534+02:00;standby;25.6;27.9;5.0;28.0;51.6;57.0;0;0;0;0;16439.98;11280.08;5159.9;32437.375
2026-07-27T12:19:48.902703+02:00;standby;25.6;27.9;5.0;28.0;51.6;57.0;0;0;0;0;16439.98;11280.08;5159.9;32437.375
2026-07-27T12:20:49.799095+02:00;standby;25.6;27.9;5.0;28.0;51.6;57.0;0;0;0;0;16439.98;11280.08;5159.9;32437.375
2026-07-27T12:21:50.586365+02:00;standby;25.6;27.9;5.0;28.0;51.5;57.0;0;0;0;0;16439.98;11280.08;5159.9;32437.375
2026-07-27T12:22:51.076106+02:00;standby;25.6;27.9;5.0;28.0;51.5;57.0;0;0;0;0;16439.98;11280.08;5159.9;32437.375
2026-07-27T12:23:51.555978+02:00;standby;25.6;27.9;5.0;28.0;51.5;57.0;0;0;0;0;16439.98;11280.08;5159.9;32437.375
2026-07-27T12:24:52.041621+02:00;standby;25.6;27.9;5.0;28.0;51.5;57.0;0;0;0;0;16439.98;11280.08;5159.9;32437.375
2026-07-27T12:25:52.612618+02:00;standby;25.6;27.9;5.0;28.0;51.5;57.0;0;0;0;0;16439.98;11280.08;5159.9;32437.375
2026-07-27T12:26:53.088961+02:00;standby;25.6;27.9;5.0;28.0;51.5;57.0;0;0;0;0;16439.98;11280.08;5159.9;32437.375
2026-07-27T12:27:56.129626+02:00;standby;24.4;27.9;5.0;28.0;51.5;57.0;0;0;0;0;16439.98;11280.08;5159.9;32437.375
2026-07-27T12:28:56.917920+02:00;standby;24.4;27.9;5.0;28.0;51.5;57.0;0;0;0;0;16439.98;11280.08;5159.9;32437.375
2026-07-27T12:29:57.451303+02:00;standby;24.4;27.9;5.0;28.0;51.5;57.0;0;0;0;0;16439.98;11280.08;5159.9;32437.375
2026-07-27T12:30:57.965244+02:00;standby;24.4;27.9;5.0;28.0;51.5;57.0;0;0;0;0;16439.98;11280.08;5159.9;32437.375
2026-07-27T12:31:58.576310+02:00;standby;24.4;27.9;5.0;28.0;51.5;57.0;0;0;0;0;16439.98;11280.08;5159.9;32437.375
2026-07-27T12:32:59.130502+02:00;standby;24.4;27.9;5.0;28.0;51.4;57.0;0;0;0;0;16439.98;11280.08;5159.9;32437.375
2026-07-27T12:33:59.819380+02:00;standby;24.4;27.9;5.0;28.0;51.4;57.0;0;0;0;0;16439.98;11280.08;5159.9;32437.375
2026-07-27T12:35:00.377757+02:00;standby;24.4;27.9;5.0;28.0;51.4;57.0;0;0;0;0;16439.98;11280.08;5159.9;32437.375
2026-07-27T12:36:00.974218+02:00;standby;24.4;27.9;5.0;28.0;51.4;57.0;0;0;0;0;16439.98;11280.08;5159.9;32437.375
2026-07-27T12:37:01.830736+02:00;standby;24.4;27.9;5.0;28.0;51.4;57.0;0;0;0;0;16439.98;11280.08;5159.9;32437.375
2026-07-27T12:38:02.447407+02:00;standby;24.4;27.9;5.0;28.0;51.4;57.0;0;0;0;0;16439.98;11280.08;5159.9;32437.375
2026-07-27T12:39:02.940432+02:00;standby;24.4;27.9;5.0;28.0;51.4;57.0;0;0;0;0;16439.98;11280.08;5159.9;32437.375
2026-07-27T12:40:03.496031+02:00;standby;24.4;27.9;5.0;28.0;51.4;57.0;0;0;0;0;16439.98;11280.08;5159.9;32437.375
2026-07-27T12:41:04.353515+02:00;standby;24.4;27.9;5.0;28.0;51.4;57.0;0;0;0;0;16439.98;11280.08;5159.9;32437.375
2026-07-27T12:42:04.789559+02:00;standby;24.4;27.9;5.0;28.0;51.4;57.0;0;0;0;0;16439.98;11280.08;5159.9;32437.375
2026-07-27T12:43:05.568180+02:00;standby;24.4;27.9;5.0;28.0;51.4;57.0;0;0;0;0;16439.98;11280.08;5159.9;32437.375
2026-07-27T12:44:06.015951+02:00;standby;24.4;27.9;5.0;28.0;51.3;57.0;0;0;0;0;16439.98;11280.08;5159.9;32437.375
2026-07-27T12:45:06.771569+02:00;standby;24.4;27.9;5.0;28.0;51.4;57.0;0;0;0;0;16439.98;11280.08;5159.9;32437.375
2026-07-27T12:46:07.217374+02:00;standby;24.4;27.9;5.0;28.0;51.3;57.0;0;0;0;0;16439.98;11280.08;5159.9;32437.375
2026-07-27T12:47:07.911973+02:00;standby;24.4;27.9;5.0;28.0;51.3;57.0;0;0;0;0;16439.98;11280.08;5159.9;32437.375
2026-07-27T12:48:08.521494+02:00;standby;24.4;27.9;5.0;28.0;51.3;57.0;0;0;0;0;16439.98;11280.08;5159.9;32437.375
2026-07-27T12:49:09.092285+02:00;standby;24.4;27.9;5.0;28.0;51.3;57.0;0;0;0;0;16439.98;11280.08;5159.9;32437.375
2026-07-27T12:50:10.011118+02:00;standby;24.4;27.9;5.0;28.0;51.3;57.0;0;0;0;0;16439.98;11280.08;5159.9;32437.375
2026-07-27T12:51:10.448321+02:00;standby;24.4;27.9;5.0;28.0;51.3;57.0;0;0;0;0;16439.98;11280.08;5159.9;32437.375
2026-07-27T12:52:11.191291+02:00;standby;24.4;27.9;5.0;28.0;51.2;57.0;0;0;0;0;16439.98;11280.08;5159.9;32437.375
2026-07-27T12:53:11.954830+02:00;standby;24.4;27.9;5.0;28.0;51.2;57.0;0;0;0;0;16439.98;11280.08;5159.9;32437.375
2026-07-27T12:54:12.565066+02:00;standby;24.4;27.9;5.0;28.0;51.2;57.0;0;0;0;0;16439.98;11280.08;5159.9;32437.375
2026-07-27T12:55:13.101481+02:00;standby;24.4;27.9;5.0;28.0;51.2;57.0;0;0;0;0;16439.98;11280.08;5159.9;32437.375
2026-07-27T12:56:13.702036+02:00;standby;24.4;27.9;5.0;28.0;51.2;57.0;0;0;0;0;16439.98;11280.08;5159.9;32437.375
2026-07-27T12:57:14.270152+02:00;standby;24.4;27.9;5.0;28.0;51.2;57.0;0;0;0;0;16439.98;11280.08;5159.9;32437.375
2026-07-27T12:58:15.064916+02:00;standby;24.4;27.9;5.0;28.0;51.2;57.0;0;0;0;0;16439.98;11280.08;5159.9;32437.375
2026-07-27T12:59:15.672061+02:00;standby;24.4;27.9;5.0;28.0;51.2;57.0;0;0;0;0;16439.98;11280.08;5159.9;32437.375
2026-07-27T13:00:16.167558+02:00;standby;24.4;27.9;5.0;28.0;51.1;57.0;0;0;0;0;16439.98;11280.08;5159.9;32437.375
2026-07-27T13:01:16.932705+02:00;standby;24.4;27.9;5.0;28.0;51.1;57.0;0;0;0;0;16439.98;11280.08;5159.9;32437.375
2026-07-27T13:02:17.574962+02:00;standby;24.4;27.9;5.0;28.0;51.1;57.0;0;0;0;0;16439.98;11280.08;5159.9;32437.375
2026-07-27T13:03:18.112527+02:00;standby;24.4;27.9;5.0;28.0;51.1;57.0;0;0;0;0;16439.98;11280.08;5159.9;32437.375
2026-07-27T13:04:18.751157+02:00;standby;24.4;27.9;5.0;28.0;50.9;57.0;0;0;0;0;16439.98;11280.08;5159.9;32437.375
2026-07-27T13:05:19.354531+02:00;standby;24.4;27.9;5.0;28.0;50.8;57.0;0;0;0;0;16439.98;11280.08;5159.9;32437.375
2026-07-27T13:06:20.169329+02:00;standby;24.4;27.9;5.0;28.0;50.7;57.0;0;0;0;0;16439.98;11280.08;5159.9;32437.375
2026-07-27T13:07:21.029321+02:00;standby;24.4;27.9;5.0;28.0;50.7;57.0;0;0;0;0;16439.98;11280.08;5159.9;32437.375
2026-07-27T13:08:21.485391+02:00;standby;24.4;27.9;5.0;28.0;50.6;57.0;0;0;0;0;16439.98;11280.08;5159.9;32437.375
2026-07-27T13:09:21.999468+02:00;standby;24.4;27.9;5.0;28.0;50.6;57.0;0;0;0;0;16439.98;11280.08;5159.9;32437.375
2026-07-27T13:10:22.859890+02:00;standby;24.4;27.9;5.0;28.0;50.5;57.0;0;0;0;0;16439.98;11280.08;5159.9;32437.375
2026-07-27T13:11:23.488812+02:00;standby;24.4;27.9;5.0;28.0;50.5;57.0;0;0;0;0;16439.98;11280.08;5159.9;32437.375
2026-07-27T13:12:24.263658+02:00;standby;24.4;27.9;5.0;28.0;50.5;57.0;0;0;0;0;16439.98;11280.08;5159.9;32437.375
2026-07-27T13:13:24.905117+02:00;standby;24.4;27.9;5.0;28.0;50.5;57.0;0;0;0;0;16439.98;11280.08;5159.9;32437.375
2026-07-27T13:14:25.410258+02:00;standby;24.4;27.7;5.0;28.0;50.4;57.0;0;0;0;0;16439.98;11280.08;5159.9;32437.375
2026-07-27T13:15:25.968374+02:00;standby;24.4;27.7;5.0;28.0;50.4;57.0;0;0;0;0;16439.98;11280.08;5159.9;32437.375
2026-07-27T13:16:26.402859+02:00;standby;24.4;27.7;5.0;28.0;50.4;57.0;0;0;0;0;16439.98;11280.08;5159.9;32437.375
2026-07-27T13:17:27.071185+02:00;standby;24.4;27.7;5.0;28.0;50.4;57.0;0;0;0;0;16439.98;11280.08;5159.9;32437.375
2026-07-27T13:18:27.791908+02:00;standby;24.4;27.9;5.0;28.0;50.4;57.0;0;0;0;0;16439.98;11280.08;5159.9;32437.375
2026-07-27T13:19:28.368600+02:00;standby;24.4;27.7;5.0;28.0;50.4;57.0;0;0;0;0;16439.98;11280.08;5159.9;32437.375
2026-07-27T13:20:28.932116+02:00;standby;24.4;27.7;5.0;28.0;50.4;57.0;0;0;0;0;16439.98;11280.08;5159.9;32437.375
2026-07-27T13:21:29.872364+02:00;standby;24.4;27.7;5.0;28.0;50.4;57.0;0;0;0;0;16439.98;11280.08;5159.9;32437.375
2026-07-27T13:22:30.522420+02:00;standby;24.4;27.7;5.0;28.0;50.3;57.0;0;0;0;0;16439.98;11280.08;5159.9;32437.375
2026-07-27T13:23:30.951830+02:00;standby;24.4;27.7;5.0;28.0;50.2;57.0;0;0;0;0;16439.98;11280.08;5159.9;32437.375
2026-07-27T13:24:31.528302+02:00;standby;24.4;27.7;5.0;28.0;50.1;57.0;0;0;0;0;16439.98;11280.08;5159.9;32437.375
2026-07-27T13:25:32.086382+02:00;standby;24.4;27.7;5.0;28.0;50.1;57.0;0;0;0;0;16439.98;11280.08;5159.9;32437.375
2026-07-27T13:26:32.974202+02:00;standby;24.4;27.7;5.0;28.0;50.1;57.0;0;0;0;0;16439.98;11280.08;5159.9;32437.375
2026-07-27T13:27:33.485086+02:00;standby;24.4;27.7;5.0;28.0;50.1;57.0;0;0;0;0;16439.98;11280.08;5159.9;32437.375
2026-07-27T13:28:34.170133+02:00;standby;24.0;27.7;5.0;28.0;50.1;57.0;0;0;0;0;16439.98;11280.08;5159.9;32437.375
2026-07-27T13:29:34.669896+02:00;standby;24.0;27.7;5.0;28.0;50.0;57.0;0;0;0;0;16439.98;11280.08;5159.9;32437.375
2026-07-27T13:30:35.252323+02:00;standby;24.0;27.7;5.0;28.0;50.1;57.0;0;0;0;0;16439.98;11280.08;5159.9;32437.375
2026-07-27T13:31:36.127990+02:00;standby;24.0;27.7;5.0;28.0;50.0;57.0;0;0;0;0;16439.98;11280.08;5159.9;32437.375
2026-07-27T13:32:36.596689+02:00;standby;24.0;27.7;5.0;28.0;50.0;57.0;0;0;0;0;16439.98;11280.08;5159.9;32437.375
2026-07-27T13:33:37.149730+02:00;standby;24.0;27.7;5.0;28.0;49.9;57.0;0;0;0;0;16439.98;11280.08;5159.9;32437.375
2026-07-27T13:34:37.684221+02:00;standby;24.0;27.7;5.0;28.0;49.8;57.0;0;0;0;0;16439.98;11280.08;5159.9;32437.375
2026-07-27T13:35:38.285971+02:00;standby;24.0;27.7;5.0;28.0;49.7;57.0;0;0;0;0;16439.98;11280.08;5159.9;32437.375
2026-07-27T13:36:38.931312+02:00;standby;24.0;27.7;5.0;28.0;49.6;57.0;0;0;0;0;16439.98;11280.08;5159.9;32437.375
2026-07-27T13:37:39.760928+02:00;standby;24.0;27.7;5.0;28.0;49.5;57.0;0;0;0;0;16439.98;11280.08;5159.9;32437.375
2026-07-27T13:38:40.433271+02:00;standby;24.0;27.7;5.0;28.0;49.4;57.0;0;0;0;0;16439.98;11280.08;5159.9;32437.375
2026-07-27T13:39:41.043616+02:00;standby;24.0;27.7;5.0;28.0;49.2;57.0;0;0;0;0;16439.98;11280.08;5159.9;32437.375
2026-07-27T13:40:41.729500+02:00;standby;24.0;27.7;5.0;28.0;49.1;57.0;0;0;0;0;16439.98;11280.08;5159.9;32437.375
2026-07-27T13:41:42.450449+02:00;standby;24.0;27.7;5.0;28.0;49.1;57.0;0;0;0;0;16439.98;11280.08;5159.9;32437.375
2026-07-27T13:42:43.466853+02:00;standby;24.0;27.7;5.0;28.0;49.1;57.0;0;0;0;0;16439.98;11280.08;5159.9;32437.375
2026-07-27T13:43:43.903182+02:00;standby;24.0;27.7;5.0;28.0;49.0;57.0;0;0;0;0;16439.98;11280.08;5159.9;32437.375
2026-07-27T13:44:44.471835+02:00;standby;24.0;27.7;5.0;28.0;49.0;57.0;0;0;0;0;16439.98;11280.08;5159.9;32437.375
2026-07-27T13:45:44.931873+02:00;standby;24.0;27.7;5.0;28.0;49.0;57.0;0;0;0;0;16439.98;11280.08;5159.9;32437.375
2026-07-27T13:46:45.402370+02:00;standby;24.0;27.7;5.0;28.0;49.0;57.0;0;0;0;0;16439.98;11280.08;5159.9;32437.375
2026-07-27T13:47:46.017619+02:00;standby;24.0;27.7;5.0;28.0;49.0;57.0;0;0;0;0;16439.98;11280.08;5159.9;32437.375
2026-07-27T13:48:46.827162+02:00;standby;24.0;27.7;5.0;28.0;49.0;57.0;0;0;0;0;16439.98;11280.08;5159.9;32437.375
2026-07-27T13:49:47.886268+02:00;standby;24.0;27.7;5.0;28.0;49.0;57.0;0;0;0;0;16439.98;11280.08;5159.9;32437.375
2026-07-27T13:50:48.397091+02:00;standby;24.0;27.7;5.0;28.0;49.0;57.0;0;0;0;0;16439.98;11280.08;5159.9;32437.375
2026-07-27T13:51:49.377027+02:00;standby;24.0;27.7;5.0;28.0;49.0;57.0;0;0;0;0;16439.98;11280.08;5159.9;32437.375
2026-07-27T13:52:49.980269+02:00;standby;24.0;27.7;5.0;28.0;49.0;57.0;0;0;0;0;16439.98;11280.08;5159.9;32437.375
2026-07-27T13:53:50.530710+02:00;standby;24.0;27.7;5.0;28.0;49.0;57.0;0;0;0;0;16439.98;11280.08;5159.9;32437.375
2026-07-27T13:54:50.981338+02:00;standby;24.0;27.7;5.0;28.0;48.9;57.0;0;0;0;0;16439.98;11280.08;5159.9;32437.375
2026-07-27T13:55:51.417577+02:00;standby;24.0;27.7;5.0;28.0;48.9;57.0;0;0;0;0;16439.98;11280.08;5159.9;32437.375
2026-07-27T13:56:51.934407+02:00;standby;24.0;27.7;5.0;28.0;48.9;57.0;0;0;0;0;16439.98;11280.08;5159.9;32437.375
2026-07-27T13:57:52.852708+02:00;standby;24.0;27.7;5.0;28.0;48.9;57.0;0;0;0;0;16439.98;11280.08;5159.9;32437.375
2026-07-27T13:58:53.373502+02:00;standby;24.0;27.7;5.0;28.0;48.9;57.0;0;0;0;0;16439.98;11280.08;5159.9;32437.375
2026-07-27T13:59:53.926168+02:00;standby;24.0;27.7;5.0;28.0;48.9;57.0;0;0;0;0;16439.98;11280.08;5159.9;32437.375
2026-07-27T14:00:54.523384+02:00;standby;24.0;27.7;5.0;28.0;48.9;57.0;0;0;0;0;16439.98;11280.08;5159.9;32437.375
2026-07-27T14:01:55.030224+02:00;standby;24.0;27.7;5.0;28.0;48.8;57.0;0;0;0;0;16439.98;11280.08;5159.9;32437.375
2026-07-27T14:02:55.751442+02:00;standby;24.0;27.7;5.0;28.0;48.8;57.0;0;0;0;0;16439.98;11280.08;5159.9;32437.375
2026-07-27T14:03:56.223713+02:00;standby;24.0;27.7;5.0;28.0;48.8;57.0;0;0;0;0;16439.98;11280.08;5159.9;32437.375
2026-07-27T14:04:56.935759+02:00;standby;24.0;27.7;5.0;28.0;48.8;57.0;0;0;0;0;16439.98;11280.08;5159.9;32437.375
2026-07-27T14:05:57.721095+02:00;standby;24.0;27.7;5.0;28.0;48.8;57.0;0;0;0;0;16439.98;11280.08;5159.9;32437.375
2026-07-27T14:06:58.294841+02:00;standby;24.0;27.7;5.0;28.0;48.8;57.0;0;0;0;0;16439.98;11280.08;5159.9;32437.375
2026-07-27T14:07:59.106723+02:00;standby;24.0;27.7;5.0;28.0;48.8;57.0;0;0;0;0;16439.98;11280.08;5159.9;32437.375
2026-07-27T14:08:59.700360+02:00;standby;24.0;27.7;5.0;28.0;48.7;57.0;0;0;0;0;16439.98;11280.08;5159.9;32437.375
2026-07-27T14:10:00.308286+02:00;standby;24.0;27.7;5.0;28.0;48.7;57.0;0;0;0;0;16439.98;11280.08;5159.9;32437.375
2026-07-27T14:11:00.885720+02:00;standby;24.0;27.7;5.0;28.0;48.7;57.0;0;0;0;0;16439.98;11280.08;5159.9;32437.375
2026-07-27T14:12:01.454113+02:00;standby;24.0;27.7;5.0;28.0;48.7;57.0;0;0;0;0;16439.98;11280.08;5159.9;32437.375
2026-07-27T14:13:02.027904+02:00;standby;24.0;27.7;5.0;28.0;48.7;57.0;0;0;0;0;16439.98;11280.08;5159.9;32437.375
2026-07-27T14:14:02.488857+02:00;standby;24.0;27.7;5.0;28.0;48.7;57.0;0;0;0;0;16439.98;11280.08;5159.9;32437.375
2026-07-27T14:15:03.068894+02:00;standby;24.0;27.7;5.0;28.0;48.7;57.0;0;0;0;0;16439.98;11280.08;5159.9;32437.375
2026-07-27T14:16:03.732418+02:00;standby;24.0;27.7;5.0;28.0;48.7;57.0;0;0;0;0;16439.98;11280.08;5159.9;32437.375
2026-07-27T14:17:04.670826+02:00;standby;24.0;27.7;5.0;28.0;48.7;57.0;0;0;0;0;16439.98;11280.08;5159.9;32437.375
2026-07-27T14:18:06.032919+02:00;standby;24.0;27.7;5.0;28.0;48.7;57.0;0;0;0;0;16439.98;11280.08;5159.9;32437.375
2026-07-27T14:19:06.660494+02:00;standby;24.0;27.7;5.0;28.0;48.7;57.0;0;0;0;0;16439.98;11280.08;5159.9;32437.375
2026-07-27T14:20:07.139860+02:00;standby;24.0;27.7;5.0;28.0;48.7;57.0;0;0;0;0;16439.98;11280.08;5159.9;32437.375
2026-07-27T14:21:07.615790+02:00;standby;24.0;27.7;5.0;28.0;48.7;57.0;0;0;0;0;16439.98;11280.08;5159.9;32437.375
2026-07-27T14:22:08.093115+02:00;standby;24.0;27.7;5.0;28.0;48.7;57.0;0;0;0;0;16439.98;11280.08;5159.9;32437.375
2026-07-27T14:23:08.762419+02:00;standby;24.0;27.7;5.0;28.0;48.7;57.0;0;0;0;0;16439.98;11280.08;5159.9;32437.375
2026-07-27T14:24:09.329501+02:00;standby;24.0;27.7;5.0;28.0;48.6;57.0;0;0;0;0;16439.98;11280.08;5159.9;32437.375
2026-07-27T14:25:09.858826+02:00;standby;24.0;27.7;5.0;28.0;48.6;57.0;0;0;0;0;16439.98;11280.08;5159.9;32437.375
2026-07-27T14:26:10.378694+02:00;standby;24.0;27.7;5.0;28.0;48.6;57.0;0;0;0;0;16439.98;11280.08;5159.9;32437.375
2026-07-27T14:27:11.096167+02:00;standby;24.0;27.7;5.0;28.0;48.6;57.0;0;0;0;0;16439.98;11280.08;5159.9;32437.375
2026-07-27T14:28:11.605877+02:00;standby;24.0;27.7;5.0;28.0;48.6;57.0;0;0;0;0;16439.98;11280.08;5159.9;32437.375
2026-07-27T14:29:12.179443+02:00;standby;25.3;27.7;5.0;28.0;48.6;57.0;0;0;0;0;16439.98;11280.08;5159.9;32437.375
2026-07-27T14:30:12.795906+02:00;standby;25.3;27.6;5.0;28.0;48.6;57.0;0;0;0;0;16439.98;11280.08;5159.9;32437.375
2026-07-27T14:31:13.510923+02:00;standby;25.3;27.7;5.0;28.0;48.6;57.0;0;0;0;0;16439.98;11280.08;5159.9;32437.375
2026-07-27T14:32:14.036055+02:00;standby;25.3;27.6;5.0;28.0;48.6;57.0;0;0;0;0;16439.98;11280.08;5159.9;32437.375
2026-07-27T14:33:14.627093+02:00;standby;25.3;27.7;5.0;28.0;48.6;57.0;0;0;0;0;16439.98;11280.08;5159.9;32437.375
2026-07-27T14:34:15.598941+02:00;standby;25.3;27.7;5.0;28.0;48.6;57.0;0;0;0;0;16439.98;11280.08;5159.9;32437.375
2026-07-27T14:35:16.375005+02:00;standby;25.3;27.6;5.0;28.0;48.5;57.0;0;0;0;0;16439.98;11280.08;5159.9;32437.375
2026-07-27T14:36:17.041272+02:00;standby;25.3;27.6;5.0;28.0;48.6;57.0;0;0;0;0;16439.98;11280.08;5159.9;32437.375
2026-07-27T14:37:17.556898+02:00;standby;25.3;27.6;5.0;28.0;48.5;57.0;0;0;0;0;16439.98;11280.08;5159.9;32437.375
2026-07-27T14:38:18.549824+02:00;standby;25.3;27.6;5.0;28.0;48.5;57.0;0;0;0;0;16439.98;11280.08;5159.9;32437.375
2026-07-27T14:39:19.006053+02:00;standby;25.3;27.6;5.0;28.0;48.5;57.0;0;0;0;0;16439.98;11280.08;5159.9;32437.375
2026-07-27T14:40:19.900628+02:00;standby;25.3;27.6;5.0;28.0;48.5;57.0;0;0;0;0;16439.98;11280.08;5159.9;32437.375
2026-07-27T14:41:20.647390+02:00;standby;25.3;27.7;5.0;28.0;48.5;57.0;0;0;0;0;16439.98;11280.08;5159.9;32437.375
2026-07-27T14:42:21.436267+02:00;standby;25.3;27.6;5.0;28.0;48.5;57.0;0;0;0;0;16439.98;11280.08;5159.9;32437.375
2026-07-27T14:43:21.863811+02:00;standby;25.3;27.6;5.0;28.0;48.5;57.0;0;0;0;0;16439.98;11280.08;5159.9;32437.375
2026-07-27T14:44:22.435571+02:00;standby;25.3;27.6;5.0;28.0;48.5;57.0;0;0;0;0;16439.98;11280.08;5159.9;32437.375
2026-07-27T14:45:22.902287+02:00;standby;25.3;27.6;5.0;28.0;48.5;57.0;0;0;0;0;16439.98;11280.08;5159.9;32437.375
2026-07-27T14:46:24.386280+02:00;standby;25.3;27.6;5.0;28.0;48.5;57.0;0;0;0;0;16439.98;11280.08;5159.9;32437.375
2026-07-27T14:47:24.852065+02:00;standby;25.3;27.6;5.0;28.0;48.5;57.0;0;0;0;0;16439.98;11280.08;5159.9;32437.375
2026-07-27T14:48:26.022038+02:00;standby;25.3;27.6;5.0;28.0;48.5;57.0;0;0;0;0;16439.98;11280.08;5159.9;32437.375
2026-07-27T14:49:26.549837+02:00;standby;25.3;27.6;5.0;28.0;48.5;57.0;0;0;0;0;16439.98;11280.08;5159.9;32437.375
2026-07-27T14:50:27.128140+02:00;standby;25.3;27.6;5.0;28.0;48.5;57.0;0;0;0;0;16439.98;11280.08;5159.9;32437.375
2026-07-27T14:51:27.860492+02:00;standby;25.3;27.6;5.0;28.0;48.4;57.0;0;0;0;0;16439.98;11280.08;5159.9;32437.375
2026-07-27T14:52:28.442243+02:00;standby;25.3;27.6;5.0;28.0;48.4;57.0;0;0;0;0;16439.98;11280.08;5159.9;32437.375
2026-07-27T14:53:29.006354+02:00;standby;25.3;27.6;5.0;28.0;48.4;57.0;0;0;0;0;16439.98;11280.08;5159.9;32437.375
2026-07-27T14:54:29.510654+02:00;standby;25.3;27.6;5.0;28.0;48.4;57.0;0;0;0;0;16439.98;11280.08;5159.9;32437.375
2026-07-27T14:55:29.964325+02:00;standby;25.3;27.6;5.0;28.0;48.4;57.0;0;0;0;0;16439.98;11280.08;5159.9;32437.375
2026-07-27T14:56:30.552429+02:00;standby;25.3;27.6;5.0;28.0;48.4;57.0;0;0;0;0;16439.98;11280.08;5159.9;32437.375
2026-07-27T14:57:30.975818+02:00;standby;25.3;27.6;5.0;28.0;48.4;57.0;0;0;0;0;16439.98;11280.08;5159.9;32437.375
2026-07-27T14:58:31.523049+02:00;standby;25.3;27.6;5.0;28.0;48.4;57.0;0;0;0;0;16439.98;11280.08;5159.9;32437.375
2026-07-27T14:59:32.009900+02:00;standby;25.3;27.6;5.0;28.0;48.4;57.0;0;0;0;0;16439.98;11280.08;5159.9;32437.375
2026-07-27T15:00:32.491579+02:00;standby;25.3;27.6;5.0;28.0;48.4;57.0;0;0;0;0;16439.98;11280.08;5159.9;32437.375
2026-07-27T15:01:33.060072+02:00;standby;25.3;27.6;5.0;28.0;48.2;57.0;0;0;0;0;16439.98;11280.08;5159.9;32437.375
2026-07-27T15:02:34.127065+02:00;standby;25.3;27.6;5.0;28.0;48.4;57.0;0;0;0;0;16439.98;11280.08;5159.9;32437.375
2026-07-27T15:03:34.641780+02:00;standby;25.3;27.6;5.0;28.0;48.4;57.0;0;0;0;0;16439.98;11280.08;5159.9;32437.375
2026-07-27T15:04:35.150377+02:00;standby;25.3;27.6;5.0;28.0;48.2;57.0;0;0;0;0;16439.98;11280.08;5159.9;32437.375
2026-07-27T15:05:35.636914+02:00;standby;25.3;27.6;5.0;28.0;48.2;57.0;0;0;0;0;16439.98;11280.08;5159.9;32437.375
2026-07-27T15:06:36.362649+02:00;standby;25.3;27.6;5.0;28.0;48.2;57.0;0;0;0;0;16439.98;11280.08;5159.9;32437.375
2026-07-27T15:07:36.785531+02:00;standby;25.3;27.6;5.0;28.0;48.2;57.0;0;0;0;0;16439.98;11280.08;5159.9;32437.375
2026-07-27T15:08:37.304859+02:00;standby;25.3;27.6;5.0;28.0;48.2;57.0;0;0;0;0;16439.98;11280.08;5159.9;32437.375
2026-07-27T15:09:37.867268+02:00;standby;25.3;27.6;5.0;28.0;48.2;57.0;0;0;0;0;16439.98;11280.08;5159.9;32437.375
2026-07-27T15:10:38.398400+02:00;standby;25.3;27.6;5.0;28.0;48.2;57.0;0;0;0;0;16439.98;11280.08;5159.9;32437.375
2026-07-27T15:11:38.948197+02:00;standby;25.3;27.6;5.0;28.0;48.2;57.0;0;0;0;0;16439.98;11280.08;5159.9;32437.375
2026-07-27T15:12:39.427274+02:00;standby;25.3;27.6;5.0;28.0;48.2;57.0;0;0;0;0;16439.98;11280.08;5159.9;32437.375
2026-07-27T15:13:40.309518+02:00;standby;25.3;27.6;5.0;28.0;48.2;57.0;0;0;0;0;16439.98;11280.08;5159.9;32437.375
2026-07-27T15:14:40.719538+02:00;standby;25.3;27.6;5.0;28.0;48.2;57.0;0;0;0;0;16439.98;11280.08;5159.9;32437.375
2026-07-27T15:15:41.376642+02:00;standby;25.3;27.6;5.0;28.0;48.2;57.0;0;0;0;0;16439.98;11280.08;5159.9;32437.375
2026-07-27T15:16:42.067572+02:00;standby;25.3;27.6;5.0;28.0;48.2;57.0;0;0;0;0;16439.98;11280.08;5159.9;32437.375
2026-07-27T15:17:42.546583+02:00;standby;25.3;27.6;5.0;28.0;48.1;57.0;0;0;0;0;16439.98;11280.08;5159.9;32437.375
2026-07-27T15:18:43.558465+02:00;standby;25.3;27.6;5.0;28.0;48.1;57.0;0;0;0;0;16439.98;11280.08;5159.9;32437.375
2026-07-27T15:19:44.138450+02:00;standby;25.3;27.6;5.0;28.0;48.1;57.0;0;0;0;0;16439.98;11280.08;5159.9;32437.375
2026-07-27T15:20:44.664357+02:00;standby;25.3;27.6;5.0;28.0;48.1;57.0;0;0;0;0;16439.98;11280.08;5159.9;32437.375
2026-07-27T15:21:45.413095+02:00;standby;25.3;27.6;5.0;28.0;48.1;57.0;0;0;0;0;16439.98;11280.08;5159.9;32437.375
2026-07-27T15:22:45.903304+02:00;standby;25.3;27.6;5.0;28.0;48.1;57.0;0;0;0;0;16439.98;11280.08;5159.9;32437.375
2026-07-27T15:23:46.520881+02:00;standby;25.3;27.6;5.0;28.0;48.1;57.0;0;0;0;0;16439.98;11280.08;5159.9;32437.375
2026-07-27T15:24:46.947582+02:00;standby;25.3;27.6;5.0;28.0;48.1;57.0;0;0;0;0;16439.98;11280.08;5159.9;32437.375
2026-07-27T15:25:47.666563+02:00;standby;25.3;27.6;5.0;28.0;48.1;57.0;0;0;0;0;16439.98;11280.08;5159.9;32437.375
2026-07-27T15:26:48.699791+02:00;standby;25.3;27.6;5.0;28.0;48.1;57.0;0;0;0;0;16439.98;11280.08;5159.9;32437.375
2026-07-27T15:27:49.937990+02:00;standby;25.3;27.6;5.0;28.0;48.1;57.0;0;0;0;0;16439.98;11280.08;5159.9;32437.375
2026-07-27T15:28:50.504342+02:00;standby;25.3;27.6;5.0;28.0;48.1;57.0;0;0;0;0;16439.98;11280.08;5159.9;32437.375
2026-07-27T15:29:50.974288+02:00;standby;25.6;27.6;5.0;28.0;48.1;57.0;0;0;0;0;16439.98;11280.08;5159.9;32437.375
2026-07-27T15:30:51.520328+02:00;standby;25.6;27.6;5.0;28.0;48.1;57.0;0;0;0;0;16439.98;11280.08;5159.9;32437.375
2026-07-27T15:31:52.038074+02:00;standby;25.6;27.6;5.0;28.0;48.0;57.0;0;0;0;0;16439.98;11280.08;5159.9;32437.375
2026-07-27T15:32:52.638020+02:00;standby;25.6;27.6;5.0;28.0;48.0;57.0;0;0;0;0;16439.98;11280.08;5159.9;32437.375
2026-07-27T15:33:53.111363+02:00;standby;25.6;27.6;5.0;28.0;48.0;57.0;0;0;0;0;16439.98;11280.08;5159.9;32437.375
2026-07-27T15:34:53.732368+02:00;standby;25.6;27.6;5.0;28.0;48.0;57.0;0;0;0;0;16439.98;11280.08;5159.9;32437.375
2026-07-27T15:35:54.190155+02:00;standby;25.6;27.6;5.0;28.0;48.0;57.0;0;0;0;0;16439.98;11280.08;5159.9;32437.375
2026-07-27T15:36:54.878769+02:00;standby;25.6;27.6;5.0;28.0;48.0;57.0;0;0;0;0;16439.98;11280.08;5159.9;32437.375
2026-07-27T15:37:55.496076+02:00;standby;25.6;27.6;5.0;28.0;48.0;57.0;0;0;0;0;16439.98;11280.08;5159.9;32437.375
2026-07-27T15:38:56.154404+02:00;standby;25.6;27.6;5.0;28.0;48.0;57.0;0;0;0;0;16439.98;11280.08;5159.9;32437.375
2026-07-27T15:39:57.037318+02:00;standby;25.6;27.6;5.0;28.0;48.0;57.0;0;0;0;0;16439.98;11280.08;5159.9;32437.375
2026-07-27T15:40:57.558429+02:00;standby;25.6;27.6;5.0;28.0;48.0;57.0;0;0;0;0;16439.98;11280.08;5159.9;32437.375
2026-07-27T15:41:58.265868+02:00;standby;25.6;27.6;5.0;28.0;48.0;57.0;0;0;0;0;16439.98;11280.08;5159.9;32437.375
2026-07-27T15:42:59.465820+02:00;standby;25.6;27.6;5.0;28.0;48.0;57.0;0;0;0;0;16439.98;11280.08;5159.9;32437.375
2026-07-27T15:44:00.288484+02:00;standby;25.6;27.6;5.0;28.0;48.0;57.0;0;0;0;0;16439.98;11280.08;5159.9;32437.375
2026-07-27T15:45:01.155076+02:00;standby;25.6;27.6;5.0;28.0;47.9;57.0;0;0;0;0;16439.98;11280.08;5159.9;32437.375
2026-07-27T15:46:01.632223+02:00;standby;25.6;27.5;5.0;28.0;47.9;57.0;0;0;0;0;16439.98;11280.08;5159.9;32437.375
2026-07-27T15:47:02.102562+02:00;standby;25.6;27.5;5.0;28.0;47.9;57.0;0;0;0;0;16439.98;11280.08;5159.9;32437.375
2026-07-27T15:48:02.573555+02:00;standby;25.6;27.5;5.0;28.0;47.9;57.0;0;0;0;0;16439.98;11280.08;5159.9;32437.375
2026-07-27T15:49:03.240824+02:00;standby;25.6;27.5;5.0;28.0;47.9;57.0;0;0;0;0;16439.98;11280.08;5159.9;32437.375
2026-07-27T15:50:04.120820+02:00;standby;25.6;27.6;5.0;28.0;47.9;57.0;0;0;0;0;16439.98;11280.08;5159.9;32437.375
2026-07-27T15:51:04.766179+02:00;standby;25.6;27.5;5.0;28.0;47.8;57.0;0;0;0;0;16439.98;11280.08;5159.9;32437.375
2026-07-27T15:52:05.261324+02:00;standby;25.6;27.6;5.0;28.0;47.7;57.0;0;0;0;0;16439.98;11280.08;5159.9;32437.375
2026-07-27T15:53:06.085527+02:00;standby;25.6;27.5;5.0;28.0;47.7;57.0;0;0;0;0;16439.98;11280.08;5159.9;32437.375
2026-07-27T15:54:06.716746+02:00;standby;25.6;27.5;5.0;28.0;47.7;57.0;0;0;0;0;16439.98;11280.08;5159.9;32437.375
2026-07-27T15:55:07.194648+02:00;standby;25.6;27.5;5.0;28.0;47.7;57.0;0;0;0;0;16439.98;11280.08;5159.9;32437.375
2026-07-27T15:56:08.086175+02:00;standby;25.6;27.5;5.0;28.0;47.7;57.0;0;0;0;0;16439.98;11280.08;5159.9;32437.375
2026-07-27T15:57:09.096538+02:00;standby;25.6;27.5;5.0;28.0;47.7;57.0;0;0;0;0;16439.98;11280.08;5159.9;32437.375
2026-07-27T15:58:09.756082+02:00;standby;25.6;27.5;5.0;28.0;47.6;57.0;0;0;0;0;16439.98;11280.08;5159.9;32437.375
2026-07-27T15:59:10.223594+02:00;standby;25.6;27.5;5.0;28.0;47.6;57.0;0;0;0;0;16439.98;11280.08;5159.9;32437.375
2026-07-27T16:00:10.746449+02:00;standby;25.6;27.5;5.0;28.0;47.6;57.0;0;0;0;0;16439.98;11280.08;5159.9;32437.375
2026-07-27T16:01:11.209951+02:00;standby;25.6;27.5;5.0;28.0;47.6;57.0;0;0;0;0;16439.98;11280.08;5159.9;32437.375
2026-07-27T16:02:11.731915+02:00;standby;25.6;27.5;5.0;28.0;47.6;57.0;0;0;0;0;16439.98;11280.08;5159.9;32437.375
2026-07-27T16:03:12.297882+02:00;standby;25.6;27.5;5.0;28.0;47.6;57.0;0;0;0;0;16439.98;11280.08;5159.9;32437.375
2026-07-27T16:04:13.195144+02:00;standby;25.6;27.5;5.0;28.0;47.6;57.0;0;0;0;0;16439.98;11280.08;5159.9;32437.375
2026-07-27T16:05:13.899950+02:00;standby;25.6;27.5;5.0;28.0;47.6;57.0;0;0;0;0;16439.98;11280.08;5159.9;32437.375
2026-07-27T16:06:14.372639+02:00;standby;25.6;27.5;5.0;28.0;47.6;57.0;0;0;0;0;16439.98;11280.08;5159.9;32437.375
2026-07-27T16:07:14.937484+02:00;standby;25.6;27.5;5.0;28.0;47.6;57.0;0;0;0;0;16439.98;11280.08;5159.9;32437.375
2026-07-27T16:08:15.520823+02:00;standby;25.6;27.5;5.0;28.0;47.6;57.0;0;0;0;0;16439.98;11280.08;5159.9;32437.375
2026-07-27T16:09:16.089569+02:00;standby;25.6;27.5;5.0;28.0;47.6;57.0;0;0;0;0;16439.98;11280.08;5159.9;32437.375
2026-07-27T16:10:16.716016+02:00;standby;25.6;27.5;5.0;28.0;47.5;57.0;0;0;0;0;16439.98;11280.08;5159.9;32437.375
2026-07-27T16:11:17.637759+02:00;standby;25.6;27.5;5.0;28.0;47.5;57.0;0;0;0;0;16439.98;11280.08;5159.9;32437.375
2026-07-27T16:12:18.208748+02:00;standby;25.6;27.5;5.0;28.0;47.5;57.0;0;0;0;0;16439.98;11280.08;5159.9;32437.375
2026-07-27T16:13:19.334444+02:00;standby;25.6;27.5;5.0;28.0;47.5;57.0;0;0;0;0;16439.98;11280.08;5159.9;32437.375
2026-07-27T16:14:20.125200+02:00;standby;25.6;27.5;5.0;28.0;47.5;57.0;0;0;0;0;16439.98;11280.08;5159.9;32437.375
2026-07-27T16:15:20.646581+02:00;standby;25.6;27.5;5.0;28.0;47.5;57.0;0;0;0;0;16439.98;11280.08;5159.9;32437.375
2026-07-27T16:16:21.145733+02:00;standby;25.6;27.5;5.0;28.0;47.5;57.0;0;0;0;0;16439.98;11280.08;5159.9;32437.375
2026-07-27T16:17:21.770813+02:00;standby;25.6;27.5;5.0;28.0;47.5;57.0;0;0;0;0;16439.98;11280.08;5159.9;32437.375
2026-07-27T16:18:22.243824+02:00;standby;25.6;27.5;5.0;28.0;47.5;57.0;0;0;0;0;16439.98;11280.08;5159.9;32437.375
2026-07-27T16:19:22.933088+02:00;standby;25.6;27.5;5.0;28.0;47.5;57.0;0;0;0;0;16439.98;11280.08;5159.9;32437.375
2026-07-27T16:20:23.430356+02:00;standby;25.6;27.5;5.0;28.0;47.5;57.0;0;0;0;0;16439.98;11280.08;5159.9;32437.375
2026-07-27T16:21:24.056852+02:00;standby;25.6;27.5;5.0;28.0;47.5;57.0;0;0;0;0;16439.98;11280.08;5159.9;32437.375
2026-07-27T16:22:24.505795+02:00;standby;25.6;27.5;5.0;28.0;47.5;57.0;0;0;0;0;16439.98;11280.08;5159.9;32437.375
2026-07-27T16:23:25.141829+02:00;standby;25.6;27.5;5.0;28.0;47.5;57.0;0;0;0;0;16439.98;11280.08;5159.9;32437.375
2026-07-27T16:24:25.605385+02:00;standby;25.6;27.5;5.0;28.0;47.5;57.0;0;0;0;0;16439.98;11280.08;5159.9;32437.375
2026-07-27T16:25:26.107118+02:00;standby;25.6;27.5;5.0;28.0;47.5;57.0;0;0;0;0;16439.98;11280.08;5159.9;32437.375
2026-07-27T16:26:26.767591+02:00;standby;25.6;27.5;5.0;28.0;47.4;57.0;0;0;0;0;16439.98;11280.08;5159.9;32437.375
2026-07-27T16:27:27.627623+02:00;standby;25.6;27.5;5.0;28.0;47.4;57.0;0;0;0;0;16439.98;11280.08;5159.9;32437.375
2026-07-27T16:28:28.458244+02:00;standby;25.6;27.5;5.0;28.0;47.4;57.0;0;0;0;0;16439.98;11280.08;5159.9;32437.375
2026-07-27T16:29:28.985068+02:00;standby;25.6;27.5;5.0;28.0;47.4;57.0;0;0;0;0;16439.98;11280.08;5159.9;32437.375
2026-07-27T16:30:30.372936+02:00;standby;26.0;27.5;5.0;28.0;47.4;57.0;0;0;0;0;16439.98;11280.08;5159.9;32437.375
2026-07-27T16:31:30.939649+02:00;standby;26.0;27.5;5.0;28.0;47.4;57.0;0;0;0;0;16439.98;11280.08;5159.9;32437.375
2026-07-27T16:32:31.561072+02:00;standby;26.0;27.5;5.0;28.0;47.4;57.0;0;0;0;0;16439.98;11280.08;5159.9;32437.375
2026-07-27T16:33:32.185834+02:00;standby;26.0;27.5;5.0;28.0;47.4;57.0;0;0;0;0;16439.98;11280.08;5159.9;32437.375
2026-07-27T16:34:33.216211+02:00;standby;26.0;27.5;5.0;28.0;47.4;57.0;0;0;0;0;16439.98;11280.08;5159.9;32437.375
2026-07-27T16:35:33.833641+02:00;standby;26.0;27.5;5.0;28.0;47.4;57.0;0;0;0;0;16439.98;11280.08;5159.9;32437.375
2026-07-27T16:36:34.355567+02:00;standby;26.0;27.5;5.0;28.0;47.4;57.0;0;0;0;0;16439.98;11280.08;5159.9;32437.375
2026-07-27T16:37:34.870806+02:00;standby;26.0;27.5;5.0;28.0;47.4;57.0;0;0;0;0;16439.98;11280.08;5159.9;32437.375
2026-07-27T16:38:35.397453+02:00;standby;26.0;27.5;5.0;28.0;47.3;57.0;0;0;0;0;16439.98;11280.08;5159.9;32437.375
2026-07-27T16:39:35.851486+02:00;standby;26.0;27.5;5.0;28.0;47.3;57.0;0;0;0;0;16439.98;11280.08;5159.9;32437.375
2026-07-27T16:40:36.378374+02:00;standby;26.0;27.5;5.0;28.0;47.3;57.0;0;0;0;0;16439.98;11280.08;5159.9;32437.375
2026-07-27T16:41:36.948533+02:00;standby;26.0;27.5;5.0;28.0;47.3;57.0;0;0;0;0;16439.98;11280.08;5159.9;32437.375
2026-07-27T16:42:37.518970+02:00;standby;26.0;27.5;5.0;28.0;47.3;57.0;0;0;0;0;16439.98;11280.08;5159.9;32437.375
2026-07-27T16:43:38.133255+02:00;standby;26.0;27.5;5.0;28.0;47.3;57.0;0;0;0;0;16439.98;11280.08;5159.9;32437.375
2026-07-27T16:44:39.256947+02:00;standby;26.0;27.5;5.0;28.0;47.3;57.0;0;0;0;0;16439.98;11280.08;5159.9;32437.375
2026-07-27T16:45:39.955039+02:00;standby;26.0;27.5;5.0;28.0;47.1;57.0;0;0;0;0;16439.98;11280.08;5159.9;32437.375
2026-07-27T16:46:41.438324+02:00;standby;26.0;27.3;5.0;28.0;47.1;57.0;0;0;0;0;16439.98;11280.08;5159.9;32437.375
2026-07-27T16:47:42.014224+02:00;standby;26.0;27.3;5.0;28.0;47.1;57.0;0;0;0;0;16439.98;11280.08;5159.9;32437.375
2026-07-27T16:48:43.044962+02:00;standby;26.0;27.3;5.0;28.0;47.1;57.0;0;0;0;0;16439.98;11280.08;5159.9;32437.375
2026-07-27T16:49:44.126771+02:00;standby;26.0;27.5;5.0;28.0;47.1;57.0;0;0;0;0;16439.98;11280.08;5159.9;32437.375
2026-07-27T16:50:44.642442+02:00;standby;26.0;27.5;5.0;28.0;47.0;57.0;0;0;0;0;16439.98;11280.08;5159.9;32437.375
2026-07-27T16:51:45.421072+02:00;standby;26.0;27.5;5.0;28.0;47.0;57.0;0;0;0;0;16439.98;11280.08;5159.9;32437.375
2026-07-27T16:52:45.943923+02:00;standby;26.0;27.5;5.0;28.0;47.0;57.0;0;0;0;0;16439.98;11280.08;5159.9;32437.375
2026-07-27T16:53:46.465110+02:00;standby;26.0;27.3;5.0;28.0;47.0;57.0;0;0;0;0;16439.98;11280.08;5159.9;32437.375
2026-07-27T16:54:46.913590+02:00;standby;26.0;27.3;5.0;28.0;47.0;57.0;0;0;0;0;16439.98;11280.08;5159.9;32437.375
2026-07-27T16:55:47.842913+02:00;standby;26.0;27.3;5.0;28.0;47.0;57.0;0;0;0;0;16439.98;11280.08;5159.9;32437.375
2026-07-27T16:56:48.411354+02:00;standby;26.0;27.3;5.0;28.0;47.0;57.0;0;0;0;0;16439.98;11280.08;5159.9;32437.375
2026-07-27T16:57:48.849619+02:00;standby;26.0;27.3;5.0;28.0;47.0;57.0;0;0;0;0;16439.98;11280.08;5159.9;32437.375
2026-07-27T16:58:51.361788+02:00;standby;26.0;27.3;5.0;28.0;47.0;57.0;0;0;0;0;16439.98;11280.08;5159.9;32437.375
2026-07-27T16:59:52.484138+02:00;dhw;26.0;37.3;85.0;28.0;47.0;57.0;1;23;1;100;16440.01;11280.08;5159.94;32437.375
2026-07-27T17:00:03.281851+02:00;dhw;26.0;37.2;85.0;28.0;46.9;57.0;1;23;1;100;16440.02;11280.08;5159.94;32437.375
2026-07-27T17:00:14.055423+02:00;dhw;26.0;38.2;85.0;28.0;46.9;57.0;1;23;1;100;16440.03;11280.08;5159.95;32437.375
2026-07-27T17:00:24.951152+02:00;dhw;26.0;37.6;85.0;28.0;46.8;57.0;1;23;1;100;16440.04;11280.08;5159.96;32437.375
2026-07-27T17:00:35.541242+02:00;dhw;26.0;37.8;85.0;28.0;46.8;57.0;1;23;1;100;16440.05;11280.08;5159.97;32437.375
2026-07-27T17:00:46.210090+02:00;dhw;26.0;38.0;85.0;28.0;46.7;57.0;1;23;1;100;16440.06;11280.08;5159.98;32437.375
2026-07-27T17:00:56.990053+02:00;dhw;26.0;38.6;85.0;28.0;46.6;57.0;1;23;1;100;16440.07;11280.08;5159.99;32437.375
2026-07-27T17:01:08.272602+02:00;dhw;26.0;39.2;85.0;28.0;46.5;57.0;1;23;1;100;16440.07;11280.08;5160.0;32437.375
2026-07-27T17:01:18.877961+02:00;dhw;26.0;40.0;85.0;28.0;46.4;57.0;1;26;1;100;16440.09;11280.08;5160.01;32437.375
2026-07-27T17:01:29.859963+02:00;dhw;26.0;41.0;85.0;28.0;46.3;57.0;1;37;1;100;16440.1;11280.08;5160.02;32437.475
2026-07-27T17:01:40.381032+02:00;dhw;26.0;42.1;85.0;28.0;46.3;57.0;1;46;1;100;16440.11;11280.08;5160.04;32437.475
2026-07-27T17:01:53.306199+02:00;dhw;26.0;44.1;85.0;28.0;46.2;57.0;1;59;1;100;16440.14;11280.08;5160.06;32437.475
2026-07-27T17:02:04.367121+02:00;dhw;26.0;47.1;85.0;28.0;46.1;57.0;1;75;1;100;16440.18;11280.08;5160.1;32437.475
2026-07-27T17:02:15.329715+02:00;dhw;26.0;49.1;85.0;28.0;46.0;57.0;1;86;1;100;16440.21;11280.08;5160.13;32437.475
2026-07-27T17:02:29.120781+02:00;dhw;26.0;52.1;85.0;28.0;46.0;57.0;1;100;1;100;16440.25;11280.08;5160.17;32437.475
2026-07-27T17:02:40.647805+02:00;dhw;26.0;55.1;85.0;28.0;45.9;57.0;1;108;1;100;16440.3;11280.08;5160.22;32437.475
2026-07-27T17:02:51.794350+02:00;dhw;26.0;57.9;85.0;28.0;45.9;57.0;1;108;1;100;16440.35;11280.08;5160.28;32437.475
2026-07-27T17:03:02.588446+02:00;dhw;26.0;60.1;85.0;28.0;45.9;57.0;1;108;1;100;16440.4;11280.08;5160.32;32437.475
2026-07-27T17:03:13.340009+02:00;dhw;26.0;62.0;85.0;28.0;45.9;57.0;1;108;1;100;16440.45;11280.08;5160.37;32437.475
2026-07-27T17:03:23.986796+02:00;dhw;26.0;63.3;85.0;28.0;45.9;57.0;1;108;1;100;16440.48;11280.08;5160.4;32437.475
2026-07-27T17:03:34.803125+02:00;dhw;26.0;64.7;85.0;28.0;45.9;57.0;1;108;1;100;16440.52;11280.08;5160.45;32437.475
2026-07-27T17:03:45.414061+02:00;dhw;26.0;66.1;85.0;28.0;46.0;57.0;1;108;1;100;16440.58;11280.08;5160.5;32437.475
2026-07-27T17:03:56.191047+02:00;dhw;26.0;67.0;85.0;28.0;46.1;57.0;1;108;1;100;16440.61;11280.08;5160.54;32437.475
2026-07-27T17:04:07.145516+02:00;dhw;26.0;68.0;85.0;28.0;46.2;57.0;1;108;1;100;16440.66;11280.08;5160.59;32437.475
2026-07-27T17:04:18.524653+02:00;dhw;26.0;68.4;85.0;28.0;46.3;57.0;1;108;1;100;16440.69;11280.08;5160.61;32437.475
2026-07-27T17:04:29.587249+02:00;dhw;26.0;69.1;85.0;28.0;46.4;57.0;1;108;1;100;16440.73;11280.08;5160.65;32437.475
2026-07-27T17:04:40.751022+02:00;dhw;26.0;70.2;85.0;28.0;46.6;57.0;1;108;1;100;16440.81;11280.08;5160.74;32437.475
2026-07-27T17:04:51.382404+02:00;dhw;26.0;70.7;85.0;28.0;46.9;57.0;1;108;1;100;16440.86;11280.08;5160.78;32437.475
2026-07-27T17:05:02.031006+02:00;dhw;26.0;71.1;85.0;28.0;47.1;57.0;1;108;1;100;16440.9;11280.08;5160.82;32437.475
2026-07-27T17:05:12.595483+02:00;dhw;26.0;71.5;85.0;28.0;47.2;57.0;1;108;1;100;16440.94;11280.08;5160.86;32437.475
2026-07-27T17:05:23.230028+02:00;dhw;26.0;71.9;85.0;28.0;47.4;57.0;1;108;1;100;16440.98;11280.08;5160.91;32437.475
2026-07-27T17:05:33.887995+02:00;dhw;26.0;72.2;85.0;28.0;47.6;57.0;1;108;1;100;16441.02;11280.08;5160.95;32437.475
2026-07-27T17:05:45.052258+02:00;dhw;26.0;72.6;85.0;28.0;47.8;57.0;1;108;1;100;16441.07;11280.08;5160.99;32437.475
2026-07-27T17:05:56.219120+02:00;dhw;26.0;73.0;85.0;28.0;48.0;57.0;1;108;1;100;16441.13;11280.08;5161.05;32437.574
2026-07-27T17:06:07.501546+02:00;dhw;26.0;73.1;85.0;28.0;48.2;57.0;1;108;1;100;16441.15;11280.08;5161.07;32437.574
2026-07-27T17:06:18.198085+02:00;dhw;26.0;73.4;85.0;28.0;48.4;57.0;1;108;1;100;16441.19;11280.08;5161.12;32437.574
2026-07-27T17:06:28.768517+02:00;dhw;26.0;73.7;85.0;28.0;48.6;57.0;1;108;1;100;16441.24;11280.08;5161.16;32437.574
2026-07-27T17:06:39.370352+02:00;dhw;26.0;74.0;85.0;28.0;48.7;57.0;1;108;1;100;16441.28;11280.08;5161.2;32437.574
2026-07-27T17:06:49.966247+02:00;dhw;26.0;74.2;85.0;28.0;48.9;57.0;1;108;1;100;16441.32;11280.08;5161.24;32437.574
2026-07-27T17:07:02.560606+02:00;dhw;26.0;74.8;85.0;28.0;49.2;57.0;1;108;1;100;16441.4;11280.08;5161.32;32437.574
2026-07-27T17:07:13.347312+02:00;dhw;26.0;75.1;85.0;28.0;49.3;57.0;1;108;1;100;16441.45;11280.08;5161.37;32437.574
2026-07-27T17:07:24.221599+02:00;dhw;26.0;75.2;85.0;28.0;49.5;57.0;1;108;1;100;16441.48;11280.08;5161.41;32437.574
2026-07-27T17:07:34.923288+02:00;dhw;26.0;75.4;85.0;28.0;49.6;57.0;1;108;1;100;16441.53;11280.08;5161.45;32437.574
2026-07-27T17:07:46.032804+02:00;dhw;26.0;75.6;85.0;28.0;49.8;57.0;1;108;1;100;16441.57;11280.08;5161.49;32437.574
2026-07-27T17:07:56.734654+02:00;dhw;26.0;75.8;85.0;28.0;49.9;57.0;1;108;1;100;16441.61;11280.08;5161.54;32437.574
2026-07-27T17:08:07.412497+02:00;dhw;26.0;76.1;85.0;28.0;50.1;57.0;1;108;1;100;16441.66;11280.08;5161.58;32437.574
2026-07-27T17:08:23.582962+02:00;dhw;26.0;76.4;85.0;28.0;50.3;57.0;1;108;1;100;16441.74;11280.08;5161.66;32437.574
2026-07-27T17:08:34.370489+02:00;dhw;26.0;76.7;85.0;28.0;50.4;57.0;1;108;1;100;16441.78;11280.08;5161.7;32437.574
2026-07-27T17:08:45.101118+02:00;dhw;26.0;77.0;85.0;28.0;50.6;57.0;1;108;1;100;16441.84;11280.08;5161.76;32437.574
2026-07-27T17:08:56.140640+02:00;dhw;26.0;77.0;85.0;28.0;50.7;57.0;1;108;1;100;16441.86;11280.08;5161.78;32437.574
2026-07-27T17:09:08.627500+02:00;dhw;26.0;77.3;85.0;28.0;50.9;57.0;1;108;1;100;16441.9;11280.08;5161.83;32437.574
2026-07-27T17:09:19.577468+02:00;dhw;26.0;77.4;85.0;28.0;51.1;57.0;1;108;1;100;16441.95;11280.08;5161.87;32437.574
2026-07-27T17:09:30.277698+02:00;dhw;26.0;77.9;85.0;28.0;51.4;57.0;1;108;1;100;16442.03;11280.08;5161.95;32437.574
2026-07-27T17:09:41.667789+02:00;dhw;26.0;78.0;85.0;28.0;51.5;57.0;1;108;1;100;16442.07;11280.08;5161.99;32437.574
2026-07-27T17:09:52.355313+02:00;dhw;26.0;78.2;85.0;28.0;51.7;57.0;1;108;1;100;16442.11;11280.08;5162.03;32437.674
2026-07-27T17:10:02.991080+02:00;dhw;26.0;78.3;85.0;28.0;51.8;57.0;1;108;1;100;16442.16;11280.08;5162.08;32437.674
2026-07-27T17:10:13.555769+02:00;dhw;26.0;78.5;85.0;28.0;52.0;57.0;1;108;1;100;16442.2;11280.08;5162.12;32437.674
2026-07-27T17:10:24.191378+02:00;dhw;26.0;78.6;85.0;28.0;52.1;57.0;1;108;1;100;16442.24;11280.08;5162.16;32437.674
2026-07-27T17:10:34.853245+02:00;dhw;26.0;79.0;85.0;28.0;52.3;57.0;1;108;1;100;16442.28;11280.08;5162.2;32437.674
2026-07-27T17:10:45.465417+02:00;dhw;26.0;79.1;85.0;28.0;52.4;57.0;1;108;1;100;16442.32;11280.08;5162.25;32437.674
2026-07-27T17:10:56.189125+02:00;dhw;26.0;79.3;85.0;28.0;52.6;57.0;1;108;1;100;16442.37;11280.08;5162.29;32437.674
2026-07-27T17:11:07.009439+02:00;dhw;26.0;79.5;85.0;28.0;52.7;57.0;1;108;1;100;16442.41;11280.08;5162.33;32437.674
2026-07-27T17:11:18.186383+02:00;dhw;26.0;79.6;85.0;28.0;52.9;57.0;1;108;1;100;16442.45;11280.08;5162.37;32437.674
2026-07-27T17:11:29.026136+02:00;dhw;26.0;80.1;85.0;28.0;53.1;57.0;1;108;1;100;16442.53;11280.08;5162.45;32437.674
2026-07-27T17:11:39.916447+02:00;dhw;26.0;80.3;85.0;28.0;53.4;57.0;1;108;1;100;16442.57;11280.08;5162.5;32437.674
2026-07-27T17:11:50.519095+02:00;dhw;26.0;80.4;85.0;28.0;53.6;57.0;1;108;1;100;16442.62;11280.08;5162.54;32437.674
2026-07-27T17:12:01.296982+02:00;dhw;26.0;80.6;85.0;28.0;53.8;57.0;1;108;1;100;16442.66;11280.08;5162.58;32437.674
2026-07-27T17:12:11.992185+02:00;dhw;26.0;80.7;85.0;28.0;53.9;57.0;1;108;1;100;16442.7;11280.08;5162.62;32437.674
2026-07-27T17:12:22.541339+02:00;dhw;26.0;80.9;85.0;28.0;54.1;57.0;1;108;1;100;16442.74;11280.08;5162.66;32437.674
2026-07-27T17:12:33.215807+02:00;dhw;26.0;81.1;85.0;28.0;54.3;57.0;1;108;1;100;16442.78;11280.08;5162.7;32437.674
2026-07-27T17:12:43.968286+02:00;dhw;26.0;81.2;85.0;28.0;54.4;57.0;1;108;1;100;16442.83;11280.08;5162.75;32437.674
2026-07-27T17:12:56.513818+02:00;dhw;26.0;81.4;85.0;28.0;54.6;57.0;1;108;1;100;16442.87;11280.08;5162.79;32437.674
2026-07-27T17:13:07.551060+02:00;dhw;26.0;81.5;85.0;28.0;54.8;57.0;1;108;1;100;16442.91;11280.08;5162.83;32437.674
2026-07-27T17:13:18.245153+02:00;dhw;26.0;82.0;85.0;28.0;55.1;57.0;1;108;1;100;16442.99;11280.08;5162.91;32437.674
2026-07-27T17:13:28.896414+02:00;dhw;26.0;82.0;85.0;28.0;55.5;57.0;1;108;1;100;16442.99;11280.08;5162.91;32437.674
2026-07-27T17:13:39.441635+02:00;dhw;26.0;82.2;85.0;28.0;55.7;57.0;1;108;1;100;16443.03;11280.08;5162.96;32437.674
2026-07-27T17:13:50.113136+02:00;dhw;26.0;82.5;85.0;28.0;55.8;57.0;1;108;1;100;16443.12;11280.08;5163.04;32437.674
2026-07-27T17:14:00.871949+02:00;dhw;26.0;82.7;85.0;28.0;56.0;57.0;1;108;1;100;16443.16;11280.08;5163.08;32437.773
2026-07-27T17:14:11.490276+02:00;dhw;26.0;82.8;85.0;28.0;56.2;57.0;1;108;1;100;16443.2;11280.08;5163.12;32437.773
2026-07-27T17:14:22.142161+02:00;dhw;26.0;83.0;85.0;28.0;56.4;57.0;1;108;1;100;16443.24;11280.08;5163.16;32437.773
2026-07-27T17:14:32.929602+02:00;dhw;26.0;83.2;85.0;28.0;56.5;57.0;1;108;1;100;16443.28;11280.08;5163.21;32437.773
2026-07-27T17:14:44.288327+02:00;dhw;26.0;83.4;85.0;28.0;56.7;57.0;1;108;1;100;16443.33;11280.08;5163.25;32437.773
2026-07-27T17:14:55.016890+02:00;standby;26.0;83.7;85.0;28.0;56.9;57.0;0;0;1;100;16443.38;11280.08;5163.3;32437.773
2026-07-27T17:15:05.868208+02:00;standby;26.0;82.8;85.0;28.0;57.2;57.0;0;0;1;100;16443.38;11280.08;5163.3;32437.773
2026-07-27T17:15:16.294214+02:00;standby;26.0;80.9;85.0;28.0;57.4;57.0;0;0;1;100;16443.38;11280.08;5163.3;32437.773
2026-07-27T17:15:26.734378+02:00;standby;26.0;78.7;85.0;28.0;57.5;57.0;0;0;1;100;16443.38;11280.08;5163.3;32437.773
2026-07-27T17:15:37.228575+02:00;standby;26.0;75.9;85.0;28.0;57.7;57.0;0;0;1;100;16443.38;11280.08;5163.3;32437.773
2026-07-27T17:15:48.261107+02:00;standby;26.0;73.8;85.0;28.0;57.9;57.0;0;0;1;10;16443.38;11280.08;5163.3;32437.773
2026-07-27T17:16:49.167558+02:00;standby;26.0;66.7;5.0;28.0;58.9;57.0;0;0;1;10;16443.38;11280.08;5163.3;32437.773
2026-07-27T17:17:49.633519+02:00;standby;26.0;63.1;5.0;28.0;59.4;57.0;0;0;1;10;16443.38;11280.08;5163.3;32437.773
2026-07-27T17:18:50.165559+02:00;standby;26.0;63.7;5.0;28.0;59.7;57.0;0;0;0;0;16443.38;11280.08;5163.3;32437.773
2026-07-27T17:19:50.778615+02:00;standby;26.0;64.1;5.0;28.0;59.8;57.0;0;0;0;0;16443.38;11280.08;5163.3;32437.773
2026-07-27T17:20:51.392897+02:00;standby;26.0;64.3;5.0;28.0;59.9;57.0;0;0;0;0;16443.38;11280.08;5163.3;32437.773
2026-07-27T17:21:51.890026+02:00;standby;26.0;64.4;5.0;28.0;59.9;57.0;0;0;0;0;16443.38;11280.08;5163.3;32437.773
2026-07-27T17:22:52.534686+02:00;standby;26.0;64.4;5.0;28.0;59.9;57.0;0;0;0;0;16443.38;11280.08;5163.3;32437.773
2026-07-27T17:23:53.886063+02:00;standby;26.0;64.3;5.0;28.0;59.9;57.0;0;0;0;0;16443.38;11280.08;5163.3;32437.773
2026-07-27T17:24:54.394075+02:00;standby;26.0;64.2;5.0;28.0;59.9;57.0;0;0;0;0;16443.38;11280.08;5163.3;32437.773
2026-07-27T17:25:54.931552+02:00;standby;26.0;64.2;5.0;28.0;59.9;57.0;0;0;0;0;16443.38;11280.08;5163.3;32437.773
2026-07-27T17:26:55.486471+02:00;standby;26.0;64.1;5.0;28.0;59.9;57.0;0;0;0;0;16443.38;11280.08;5163.3;32437.773
2026-07-27T17:27:55.944017+02:00;standby;26.0;64.0;5.0;28.0;59.9;57.0;0;0;0;0;16443.38;11280.08;5163.3;32437.773
2026-07-27T17:28:56.359902+02:00;standby;26.0;63.8;5.0;28.0;59.9;57.0;0;0;0;0;16443.38;11280.08;5163.3;32437.773
2026-07-27T17:29:56.945344+02:00;standby;26.0;63.7;5.0;28.0;59.9;57.0;0;0;0;0;16443.38;11280.08;5163.3;32437.773
2026-07-27T17:30:57.502827+02:00;standby;26.6;63.6;5.0;28.0;59.9;57.0;0;0;0;0;16443.38;11280.08;5163.3;32437.773
2026-07-27T17:31:58.208188+02:00;standby;26.6;63.5;5.0;28.0;59.9;57.0;0;0;0;0;16443.38;11280.08;5163.3;32437.773
2026-07-27T17:32:58.644067+02:00;standby;26.6;63.3;5.0;28.0;59.9;57.0;0;0;0;0;16443.38;11280.08;5163.3;32437.773
2026-07-27T17:33:59.572061+02:00;standby;26.6;63.1;5.0;28.0;59.9;57.0;0;0;0;0;16443.38;11280.08;5163.3;32437.773
2026-07-27T17:35:00.204948+02:00;standby;26.6;63.0;5.0;28.0;59.9;57.0;0;0;0;0;16443.38;11280.08;5163.3;32437.773
2026-07-27T17:36:00.619213+02:00;standby;26.6;62.9;5.0;28.0;59.9;57.0;0;0;0;0;16443.38;11280.08;5163.3;32437.773
2026-07-27T17:37:01.341233+02:00;standby;26.6;62.8;5.0;28.0;59.9;57.0;0;0;0;0;16443.38;11280.08;5163.3;32437.773
2026-07-27T17:38:02.078055+02:00;standby;26.6;62.7;5.0;28.0;59.9;57.0;0;0;0;0;16443.38;11280.08;5163.3;32437.773
2026-07-27T17:39:02.609141+02:00;standby;26.6;62.6;5.0;28.0;59.8;57.0;0;0;0;0;16443.38;11280.08;5163.3;32437.773
2026-07-27T17:40:03.364876+02:00;standby;26.6;62.3;5.0;28.0;59.8;57.0;0;0;0;0;16443.38;11280.08;5163.3;32437.773
2026-07-27T17:41:03.831652+02:00;standby;26.6;62.2;5.0;28.0;59.8;57.0;0;0;0;0;16443.38;11280.08;5163.3;32437.773
2026-07-27T17:42:04.304993+02:00;standby;26.6;62.1;5.0;28.0;59.8;57.0;0;0;0;0;16443.38;11280.08;5163.3;32437.773
2026-07-27T17:43:04.764446+02:00;standby;26.6;62.0;5.0;28.0;59.8;57.0;0;0;0;0;16443.38;11280.08;5163.3;32437.773
2026-07-27T17:44:05.588428+02:00;standby;26.6;61.7;5.0;28.0;59.8;57.0;0;0;0;0;16443.38;11280.08;5163.3;32437.773
2026-07-27T17:45:06.313255+02:00;standby;26.6;61.6;5.0;28.0;59.8;57.0;0;0;0;0;16443.38;11280.08;5163.3;32437.773
2026-07-27T17:46:06.969571+02:00;standby;26.6;61.5;5.0;28.0;59.8;57.0;0;0;0;0;16443.38;11280.08;5163.3;32437.773
2026-07-27T17:47:07.969101+02:00;standby;26.6;61.4;5.0;28.0;59.8;57.0;0;0;0;0;16443.38;11280.08;5163.3;32437.773
2026-07-27T17:48:08.481008+02:00;standby;26.6;61.3;5.0;28.0;59.8;57.0;0;0;0;0;16443.38;11280.08;5163.3;32437.773
2026-07-27T17:49:09.103005+02:00;standby;26.6;61.0;5.0;28.0;59.8;57.0;0;0;0;0;16443.38;11280.08;5163.3;32437.773
2026-07-27T17:50:09.651298+02:00;standby;26.6;60.9;5.0;28.0;59.8;57.0;0;0;0;0;16443.38;11280.08;5163.3;32437.773
2026-07-27T17:51:10.140439+02:00;standby;26.6;60.8;5.0;28.0;59.7;57.0;0;0;0;0;16443.38;11280.08;5163.3;32437.773
2026-07-27T17:52:11.178101+02:00;standby;26.6;60.6;5.0;28.0;59.7;57.0;0;0;0;0;16443.38;11280.08;5163.3;32437.773
2026-07-27T17:53:11.806784+02:00;standby;26.6;60.5;5.0;28.0;59.7;57.0;0;0;0;0;16443.38;11280.08;5163.3;32437.773
2026-07-27T17:54:12.271146+02:00;standby;26.6;60.3;5.0;28.0;59.7;57.0;0;0;0;0;16443.38;11280.08;5163.3;32437.773
2026-07-27T17:55:12.938582+02:00;standby;26.6;60.2;5.0;28.0;59.7;57.0;0;0;0;0;16443.38;11280.08;5163.3;32437.773
2026-07-27T17:56:13.460952+02:00;standby;26.6;60.0;5.0;28.0;59.7;57.0;0;0;0;0;16443.38;11280.08;5163.3;32437.773
2026-07-27T17:57:13.941426+02:00;standby;26.6;59.9;5.0;28.0;59.7;57.0;0;0;0;0;16443.38;11280.08;5163.3;32437.773
2026-07-27T17:58:14.498351+02:00;standby;26.6;59.8;5.0;28.0;59.7;57.0;0;0;0;0;16443.38;11280.08;5163.3;32437.773
2026-07-27T17:59:15.427921+02:00;standby;26.6;59.7;5.0;28.0;59.7;57.0;0;0;0;0;16443.38;11280.08;5163.3;32437.773
2026-07-27T18:00:16.015576+02:00;standby;26.6;59.4;5.0;28.0;59.7;57.0;0;0;0;0;16443.38;11280.08;5163.3;32437.773
2026-07-27T18:01:16.981878+02:00;standby;26.6;59.3;5.0;28.0;59.7;57.0;0;0;0;0;16443.38;11280.08;5163.3;32437.773
2026-07-27T18:02:17.553971+02:00;standby;26.6;59.1;5.0;28.0;59.7;57.0;0;0;0;0;16443.38;11280.08;5163.3;32437.773
2026-07-27T18:03:18.088023+02:00;standby;26.6;59.0;5.0;28.0;59.7;57.0;0;0;0;0;16443.38;11280.08;5163.3;32437.773
2026-07-27T18:04:18.537396+02:00;standby;26.6;58.9;5.0;28.0;59.7;57.0;0;0;0;0;16443.38;11280.08;5163.3;32437.773
2026-07-27T18:05:19.057013+02:00;standby;26.6;58.6;5.0;28.0;59.6;57.0;0;0;0;0;16443.38;11280.08;5163.3;32437.773
2026-07-27T18:06:19.696119+02:00;standby;26.6;58.5;5.0;28.0;59.6;57.0;0;0;0;0;16443.38;11280.08;5163.3;32437.773
2026-07-27T18:07:20.264010+02:00;standby;26.6;58.4;5.0;28.0;59.6;57.0;0;0;0;0;16443.38;11280.08;5163.3;32437.773
2026-07-27T18:08:20.927612+02:00;standby;26.6;58.3;5.0;28.0;59.6;57.0;0;0;0;0;16443.38;11280.08;5163.3;32437.773
2026-07-27T18:09:22.055936+02:00;standby;26.6;58.1;5.0;28.0;59.6;57.0;0;0;0;0;16443.38;11280.08;5163.3;32437.773
2026-07-27T18:10:22.625963+02:00;standby;26.6;58.0;5.0;28.0;59.6;57.0;0;0;0;0;16443.38;11280.08;5163.3;32437.773
2026-07-27T18:11:23.198118+02:00;standby;26.6;57.8;5.0;28.0;59.6;57.0;0;0;0;0;16443.38;11280.08;5163.3;32437.773
2026-07-27T18:12:24.026352+02:00;standby;26.6;57.7;5.0;28.0;59.6;57.0;0;0;0;0;16443.38;11280.08;5163.3;32437.773
2026-07-27T18:13:24.494792+02:00;standby;26.6;57.5;5.0;28.0;59.6;57.0;0;0;0;0;16443.38;11280.08;5163.3;32437.773
2026-07-27T18:14:24.965814+02:00;standby;26.6;57.4;5.0;28.0;59.6;57.0;0;0;0;0;16443.38;11280.08;5163.3;32437.773
2026-07-27T18:15:25.441897+02:00;standby;26.6;57.2;5.0;28.0;59.6;57.0;0;0;0;0;16443.38;11280.08;5163.3;32437.773
2026-07-27T18:16:26.319866+02:00;standby;26.6;57.0;5.0;28.0;59.6;57.0;0;0;0;0;16443.38;11280.08;5163.3;32437.773
2026-07-27T18:17:26.930936+02:00;standby;26.6;56.9;5.0;28.0;59.5;57.0;0;0;0;0;16443.38;11280.08;5163.3;32437.773
2026-07-27T18:18:27.542368+02:00;standby;26.6;56.7;5.0;28.0;59.6;57.0;0;0;0;0;16443.38;11280.08;5163.3;32437.773
2026-07-27T18:19:27.961477+02:00;standby;26.6;56.6;5.0;28.0;59.5;57.0;0;0;0;0;16443.38;11280.08;5163.3;32437.773
2026-07-27T18:20:28.703276+02:00;standby;26.6;56.5;5.0;28.0;59.5;57.0;0;0;0;0;16443.38;11280.08;5163.3;32437.773
2026-07-27T18:21:29.486225+02:00;standby;26.6;56.4;5.0;28.0;59.5;57.0;0;0;0;0;16443.38;11280.08;5163.3;32437.773
2026-07-27T18:22:29.992026+02:00;standby;26.6;56.1;5.0;28.0;59.5;57.0;0;0;0;0;16443.38;11280.08;5163.3;32437.773
2026-07-27T18:23:30.713944+02:00;standby;26.6;56.0;5.0;28.0;59.5;57.0;0;0;0;0;16443.38;11280.08;5163.3;32437.773
2026-07-27T18:24:31.551744+02:00;standby;26.6;55.9;5.0;28.0;59.5;57.0;0;0;0;0;16443.38;11280.08;5163.3;32437.773
2026-07-27T18:25:32.103269+02:00;standby;26.6;55.8;5.0;28.0;59.5;57.0;0;0;0;0;16443.38;11280.08;5163.3;32437.773
2026-07-27T18:26:32.730539+02:00;standby;26.6;55.6;5.0;28.0;59.5;57.0;0;0;0;0;16443.38;11280.08;5163.3;32437.773
2026-07-27T18:27:33.244979+02:00;standby;26.6;55.5;5.0;28.0;59.5;57.0;0;0;0;0;16443.38;11280.08;5163.3;32437.773
2026-07-27T18:28:33.925071+02:00;standby;26.6;55.3;5.0;28.0;59.5;57.0;0;0;0;0;16443.38;11280.08;5163.3;32437.773
2026-07-27T18:29:34.385984+02:00;standby;26.6;55.2;5.0;28.0;59.5;57.0;0;0;0;0;16443.38;11280.08;5163.3;32437.773
2026-07-27T18:30:34.920490+02:00;standby;26.6;55.0;5.0;28.0;59.5;57.0;0;0;0;0;16443.38;11280.08;5163.3;32437.773
2026-07-27T18:31:35.582775+02:00;standby;26.5;54.9;5.0;28.0;59.5;57.0;0;0;0;0;16443.38;11280.08;5163.3;32437.773
2026-07-27T18:32:36.148161+02:00;standby;26.5;54.8;5.0;28.0;59.4;57.0;0;0;0;0;16443.38;11280.08;5163.3;32437.773
2026-07-27T18:33:36.974704+02:00;standby;26.5;54.7;5.0;28.0;59.4;57.0;0;0;0;0;16443.38;11280.08;5163.3;32437.773
2026-07-27T18:34:37.857596+02:00;standby;26.5;54.6;5.0;28.0;59.4;57.0;0;0;0;0;16443.38;11280.08;5163.3;32437.773
2026-07-27T18:35:38.280211+02:00;standby;26.5;54.3;5.0;28.0;59.4;57.0;0;0;0;0;16443.38;11280.08;5163.3;32437.773
2026-07-27T18:36:38.996472+02:00;standby;26.5;54.2;5.0;28.0;59.4;57.0;0;0;0;0;16443.38;11280.08;5163.3;32437.773
2026-07-27T18:37:39.624615+02:00;standby;26.5;54.1;5.0;28.0;59.4;57.0;0;0;0;0;16443.38;11280.08;5163.3;32437.773
2026-07-27T18:38:40.086570+02:00;standby;26.5;54.0;5.0;28.0;59.4;57.0;0;0;0;0;16443.38;11280.08;5163.3;32437.773
2026-07-27T18:39:41.943898+02:00;standby;26.5;53.8;5.0;28.0;59.4;57.0;0;0;0;0;16443.38;11280.08;5163.3;32437.773
2026-07-27T18:40:42.421294+02:00;standby;26.5;53.7;5.0;28.0;59.4;57.0;0;0;0;0;16443.38;11280.08;5163.3;32437.773
2026-07-27T18:41:42.880074+02:00;standby;26.5;53.6;5.0;28.0;59.4;57.0;0;0;0;0;16443.38;11280.08;5163.3;32437.773
2026-07-27T18:42:43.760370+02:00;standby;26.5;53.4;5.0;28.0;59.4;57.0;0;0;0;0;16443.38;11280.08;5163.3;32437.773
2026-07-27T18:43:44.175274+02:00;standby;26.5;53.3;5.0;28.0;59.4;57.0;0;0;0;0;16443.38;11280.08;5163.3;32437.773
2026-07-27T18:44:44.598517+02:00;standby;26.5;53.1;5.0;28.0;59.3;57.0;0;0;0;0;16443.38;11280.08;5163.3;32437.773
2026-07-27T18:45:45.059753+02:00;standby;26.5;53.1;5.0;28.0;59.3;57.0;0;0;0;0;16443.38;11280.08;5163.3;32437.773
2026-07-27T18:46:45.587936+02:00;standby;26.5;52.9;5.0;28.0;59.3;57.0;0;0;0;0;16443.38;11280.08;5163.3;32437.773
2026-07-27T18:47:46.192431+02:00;standby;26.5;52.8;5.0;28.0;59.3;57.0;0;0;0;0;16443.38;11280.08;5163.3;32437.773
2026-07-27T18:48:47.140102+02:00;standby;26.5;52.7;5.0;28.0;59.3;57.0;0;0;0;0;16443.38;11280.08;5163.3;32437.773
2026-07-27T18:49:47.843240+02:00;standby;26.5;52.6;5.0;28.0;59.3;57.0;0;0;0;0;16443.38;11280.08;5163.3;32437.773
2026-07-27T18:50:48.268002+02:00;standby;26.5;52.4;5.0;28.0;59.3;57.0;0;0;0;0;16443.38;11280.08;5163.3;32437.773
2026-07-27T18:51:48.744372+02:00;standby;26.5;52.2;5.0;28.0;59.3;57.0;0;0;0;0;16443.38;11280.08;5163.3;32437.773
2026-07-27T18:52:49.516267+02:00;standby;26.5;52.1;5.0;28.0;59.3;57.0;0;0;0;0;16443.38;11280.08;5163.3;32437.773
2026-07-27T18:53:49.981399+02:00;standby;26.5;52.0;5.0;28.0;59.3;57.0;0;0;0;0;16443.38;11280.08;5163.3;32437.773
2026-07-27T18:54:50.568633+02:00;standby;26.5;51.9;5.0;28.0;59.3;57.0;0;0;0;0;16443.38;11280.08;5163.3;32437.773
2026-07-27T18:55:51.059321+02:00;standby;26.5;51.8;5.0;28.0;59.3;57.0;0;0;0;0;16443.38;11280.08;5163.3;32437.773
2026-07-27T18:56:51.673814+02:00;standby;26.5;51.7;5.0;28.0;59.3;57.0;0;0;0;0;16443.38;11280.08;5163.3;32437.773
2026-07-27T18:57:52.263729+02:00;standby;26.5;51.6;5.0;28.0;59.3;57.0;0;0;0;0;16443.38;11280.08;5163.3;32437.773
2026-07-27T18:58:53.102548+02:00;standby;26.5;51.4;5.0;28.0;59.3;57.0;0;0;0;0;16443.38;11280.08;5163.3;32437.773
2026-07-27T18:59:53.621711+02:00;standby;26.5;51.3;5.0;28.0;59.2;57.0;0;0;0;0;16443.38;11280.08;5163.3;32437.773
2026-07-27T19:00:54.068562+02:00;standby;26.5;51.2;5.0;28.0;59.2;57.0;0;0;0;0;16443.38;11280.08;5163.3;32437.773
2026-07-27T19:01:54.533354+02:00;standby;26.5;51.1;5.0;28.0;59.2;57.0;0;0;0;0;16443.38;11280.08;5163.3;32437.773
2026-07-27T19:02:55.899177+02:00;standby;26.5;51.0;5.0;28.0;59.2;57.0;0;0;0;0;16443.38;11280.08;5163.3;32437.773
2026-07-27T19:03:56.359114+02:00;standby;26.5;50.9;5.0;28.0;59.2;57.0;0;0;0;0;16443.38;11280.08;5163.3;32437.773
2026-07-27T19:04:59.534532+02:00;standby;26.5;50.7;5.0;28.0;59.2;57.0;0;0;0;0;16443.38;11280.08;5163.3;32437.773
2026-07-27T19:06:00.422366+02:00;standby;26.5;50.7;5.0;28.0;59.2;57.0;0;0;0;0;16443.38;11280.08;5163.3;32437.773
2026-07-27T19:07:00.898286+02:00;standby;26.5;50.4;5.0;28.0;59.2;57.0;0;0;0;0;16443.38;11280.08;5163.3;32437.773
2026-07-27T19:08:01.359068+02:00;standby;26.5;50.3;5.0;28.0;59.2;57.0;0;0;0;0;16443.38;11280.08;5163.3;32437.773
2026-07-27T19:09:01.985596+02:00;standby;26.5;50.3;5.0;28.0;59.2;57.0;0;0;0;0;16443.38;11280.08;5163.3;32437.773
2026-07-27T19:10:02.546661+02:00;standby;26.5;50.1;5.0;28.0;59.2;57.0;0;0;0;0;16443.38;11280.08;5163.3;32437.773
2026-07-27T19:11:03.228784+02:00;standby;26.5;50.0;5.0;28.0;59.2;57.0;0;0;0;0;16443.38;11280.08;5163.3;32437.773
2026-07-27T19:12:03.671017+02:00;standby;26.5;49.9;5.0;28.0;59.2;57.0;0;0;0;0;16443.38;11280.08;5163.3;32437.773
2026-07-27T19:13:04.602267+02:00;standby;26.5;49.8;5.0;28.0;59.1;57.0;0;0;0;0;16443.38;11280.08;5163.3;32437.773
2026-07-27T19:14:05.188339+02:00;standby;26.5;49.7;5.0;28.0;59.1;57.0;0;0;0;0;16443.38;11280.08;5163.3;32437.773
2026-07-27T19:15:05.993732+02:00;standby;26.5;49.5;5.0;28.0;59.1;57.0;0;0;0;0;16443.38;11280.08;5163.3;32437.773
2026-07-27T19:16:07.206110+02:00;standby;26.5;49.4;5.0;28.0;59.1;57.0;0;0;0;0;16443.38;11280.08;5163.3;32437.773
2026-07-27T19:17:09.407387+02:00;standby;26.5;49.3;5.0;28.0;59.1;57.0;0;0;0;0;16443.38;11280.08;5163.3;32437.773
2026-07-27T19:18:09.832068+02:00;standby;26.5;49.3;5.0;28.0;59.1;57.0;0;0;0;0;16443.38;11280.08;5163.3;32437.773
2026-07-27T19:19:10.293250+02:00;standby;26.5;49.2;5.0;28.0;59.1;57.0;0;0;0;0;16443.38;11280.08;5163.3;32437.773
2026-07-27T19:20:10.807216+02:00;standby;26.5;49.0;5.0;28.0;59.1;57.0;0;0;0;0;16443.38;11280.08;5163.3;32437.773
2026-07-27T19:21:11.228869+02:00;standby;26.5;49.0;5.0;28.0;59.1;57.0;0;0;0;0;16443.38;11280.08;5163.3;32437.773
2026-07-27T19:22:11.705154+02:00;standby;26.5;48.9;5.0;28.0;59.1;57.0;0;0;0;0;16443.38;11280.08;5163.3;32437.773
2026-07-27T19:23:12.150833+02:00;standby;26.5;48.7;5.0;28.0;59.1;57.0;0;0;0;0;16443.38;11280.08;5163.3;32437.773
2026-07-27T19:24:12.573978+02:00;standby;26.5;48.6;5.0;28.0;58.9;57.0;0;0;0;0;16443.38;11280.08;5163.3;32437.773
2026-07-27T19:25:13.039190+02:00;standby;26.5;48.5;5.0;28.0;59.1;57.0;0;0;0;0;16443.38;11280.08;5163.3;32437.773
2026-07-27T19:26:13.463763+02:00;standby;26.5;48.4;5.0;28.0;58.9;57.0;0;0;0;0;16443.38;11280.08;5163.3;32437.773
2026-07-27T19:27:14.097640+02:00;standby;26.5;48.3;5.0;28.0;58.9;57.0;0;0;0;0;16443.38;11280.08;5163.3;32437.773
2026-07-27T19:28:14.856361+02:00;standby;26.5;48.2;5.0;28.0;58.9;57.0;0;0;0;0;16443.38;11280.08;5163.3;32437.773
2026-07-27T19:29:15.329098+02:00;standby;26.5;48.1;5.0;28.0;58.9;57.0;0;0;0;0;16443.38;11280.08;5163.3;32437.773
2026-07-27T19:30:15.842406+02:00;standby;26.5;48.0;5.0;28.0;58.9;57.0;0;0;0;0;16443.38;11280.08;5163.3;32437.773
2026-07-27T19:31:16.358353+02:00;standby;26.5;47.8;5.0;28.0;58.9;57.0;0;0;0;0;16443.38;11280.08;5163.3;32437.773
2026-07-27T19:32:16.840244+02:00;standby;25.9;47.8;5.0;28.0;58.9;57.0;0;0;0;0;16443.38;11280.08;5163.3;32437.773
2026-07-27T19:33:17.726150+02:00;standby;25.9;47.7;5.0;28.0;58.9;57.0;0;0;0;0;16443.38;11280.08;5163.3;32437.773
2026-07-27T19:34:18.224637+02:00;standby;25.9;47.6;5.0;28.0;58.9;57.0;0;0;0;0;16443.38;11280.08;5163.3;32437.773
2026-07-27T19:35:19.300036+02:00;standby;25.9;47.5;5.0;28.0;58.9;57.0;0;0;0;0;16443.38;11280.08;5163.3;32437.773
2026-07-27T19:36:19.730014+02:00;standby;25.9;47.4;5.0;28.0;58.9;57.0;0;0;0;0;16443.38;11280.08;5163.3;32437.773
2026-07-27T19:37:20.252771+02:00;standby;25.9;47.3;5.0;28.0;58.9;57.0;0;0;0;0;16443.38;11280.08;5163.3;32437.773
2026-07-27T19:38:20.829809+02:00;standby;25.9;47.3;5.0;28.0;58.9;57.0;0;0;0;0;16443.38;11280.08;5163.3;32437.773
2026-07-27T19:39:21.541266+02:00;standby;25.9;47.2;5.0;28.0;58.8;57.0;0;0;0;0;16443.38;11280.08;5163.3;32437.773
2026-07-27T19:40:22.058325+02:00;standby;25.9;47.0;5.0;28.0;58.8;57.0;0;0;0;0;16443.38;11280.08;5163.3;32437.773
2026-07-27T19:41:22.529227+02:00;standby;25.9;46.9;5.0;28.0;58.8;57.0;0;0;0;0;16443.38;11280.08;5163.3;32437.773
2026-07-27T19:42:23.050919+02:00;standby;25.9;46.8;5.0;28.0;58.8;57.0;0;0;0;0;16443.38;11280.08;5163.3;32437.773
2026-07-27T19:43:23.781643+02:00;standby;25.9;46.7;5.0;28.0;58.8;57.0;0;0;0;0;16443.38;11280.08;5163.3;32437.773
2026-07-27T19:44:24.433584+02:00;standby;25.9;46.7;5.0;28.0;58.8;57.0;0;0;0;0;16443.38;11280.08;5163.3;32437.773
2026-07-27T19:45:25.020519+02:00;standby;25.9;46.6;5.0;28.0;58.8;57.0;0;0;0;0;16443.38;11280.08;5163.3;32437.773
2026-07-27T19:46:26.765544+02:00;standby;25.9;46.5;5.0;28.0;58.8;57.0;0;0;0;0;16443.38;11280.08;5163.3;32437.773
2026-07-27T19:47:27.180147+02:00;standby;25.9;46.4;5.0;28.0;58.8;57.0;0;0;0;0;16443.38;11280.08;5163.3;32437.773
2026-07-27T19:48:27.746402+02:00;standby;25.9;46.2;5.0;28.0;58.8;57.0;0;0;0;0;16443.38;11280.08;5163.3;32437.773
2026-07-27T19:49:28.322543+02:00;standby;25.9;46.1;5.0;28.0;58.8;57.0;0;0;0;0;16443.38;11280.08;5163.3;32437.773
2026-07-27T19:50:28.847575+02:00;standby;25.9;46.1;5.0;28.0;58.8;57.0;0;0;0;0;16443.38;11280.08;5163.3;32437.773
2026-07-27T19:51:29.304303+02:00;standby;25.9;46.0;5.0;28.0;58.8;57.0;0;0;0;0;16443.38;11280.08;5163.3;32437.773
2026-07-27T19:52:29.948804+02:00;standby;25.9;45.9;5.0;28.0;58.8;57.0;0;0;0;0;16443.38;11280.08;5163.3;32437.773
2026-07-27T19:53:30.399280+02:00;standby;25.9;45.8;5.0;28.0;58.7;57.0;0;0;0;0;16443.38;11280.08;5163.3;32437.773
2026-07-27T19:54:30.826997+02:00;standby;25.9;45.7;5.0;28.0;58.7;57.0;0;0;0;0;16443.38;11280.08;5163.3;32437.773
2026-07-27T19:55:31.444696+02:00;standby;25.9;45.7;5.0;28.0;58.7;57.0;0;0;0;0;16443.38;11280.08;5163.3;32437.773
2026-07-27T19:56:32.209507+02:00;standby;25.9;45.6;5.0;28.0;58.7;57.0;0;0;0;0;16443.38;11280.08;5163.3;32437.773
2026-07-27T19:57:33.194796+02:00;standby;25.9;45.5;5.0;28.0;58.7;57.0;0;0;0;0;16443.38;11280.08;5163.3;32437.773
2026-07-27T19:58:33.666062+02:00;standby;25.9;45.3;5.0;28.0;58.7;57.0;0;0;0;0;16443.38;11280.08;5163.3;32437.773
2026-07-27T19:59:34.291910+02:00;standby;25.9;45.3;5.0;28.0;58.7;57.0;0;0;0;0;16443.38;11280.08;5163.3;32437.773
2026-07-27T20:00:35.261881+02:00;standby;25.9;45.2;5.0;28.0;58.7;57.0;0;0;0;0;16443.38;11280.08;5163.3;32437.773
2026-07-27T20:01:35.722545+02:00;standby;25.9;45.1;5.0;28.0;58.7;57.0;0;0;0;0;16443.38;11280.08;5163.3;32437.773
2026-07-27T20:02:36.154525+02:00;standby;25.9;45.0;5.0;28.0;58.7;57.0;0;0;0;0;16443.38;11280.08;5163.3;32437.773
2026-07-27T20:03:36.777299+02:00;standby;25.9;45.0;5.0;28.0;58.7;57.0;0;0;0;0;16443.38;11280.08;5163.3;32437.773
2026-07-27T20:04:37.453464+02:00;standby;25.9;44.9;5.0;28.0;58.6;57.0;0;0;0;0;16443.38;11280.08;5163.3;32437.773
2026-07-27T20:05:39.142484+02:00;standby;25.9;44.8;5.0;28.0;58.6;57.0;0;0;0;0;16443.38;11280.08;5163.3;32437.773
2026-07-27T20:06:39.597119+02:00;standby;25.9;44.8;5.0;28.0;58.6;57.0;0;0;0;0;16443.38;11280.08;5163.3;32437.773
2026-07-27T20:07:40.222868+02:00;standby;25.9;44.7;5.0;28.0;58.6;57.0;0;0;0;0;16443.38;11280.08;5163.3;32437.773
2026-07-27T20:08:40.659305+02:00;standby;25.9;44.5;5.0;28.0;58.6;57.0;0;0;0;0;16443.38;11280.08;5163.3;32437.773
2026-07-27T20:09:41.160971+02:00;standby;25.9;44.4;5.0;28.0;58.6;57.0;0;0;0;0;16443.38;11280.08;5163.3;32437.773
2026-07-27T20:10:41.643013+02:00;standby;25.9;44.4;5.0;28.0;58.6;57.0;0;0;0;0;16443.38;11280.08;5163.3;32437.773
2026-07-27T20:11:42.101935+02:00;standby;25.9;44.3;5.0;28.0;58.6;57.0;0;0;0;0;16443.38;11280.08;5163.3;32437.773
2026-07-27T20:12:42.514851+02:00;standby;25.9;44.2;5.0;28.0;58.6;57.0;0;0;0;0;16443.38;11280.08;5163.3;32437.773
2026-07-27T20:13:43.247450+02:00;standby;25.9;44.1;5.0;28.0;58.6;57.0;0;0;0;0;16443.38;11280.08;5163.3;32437.773
2026-07-27T20:14:44.236033+02:00;standby;25.9;44.1;5.0;28.0;58.6;57.0;0;0;0;0;16443.38;11280.08;5163.3;32437.773
2026-07-27T20:15:44.692137+02:00;standby;25.9;44.0;5.0;28.0;58.6;57.0;0;0;0;0;16443.38;11280.08;5163.3;32437.773
2026-07-27T20:16:45.220514+02:00;standby;25.9;44.0;5.0;28.0;58.6;57.0;0;0;0;0;16443.38;11280.08;5163.3;32437.773
2026-07-27T20:17:46.004230+02:00;standby;25.9;43.9;5.0;28.0;58.6;57.0;0;0;0;0;16443.38;11280.08;5163.3;32437.773
2026-07-27T20:18:46.863434+02:00;standby;25.9;43.7;5.0;28.0;58.6;57.0;0;0;0;0;16443.38;11280.08;5163.3;32437.773
2026-07-27T20:19:47.280950+02:00;standby;25.9;43.7;5.0;28.0;58.6;57.0;0;0;0;0;16443.38;11280.08;5163.3;32437.773
2026-07-27T20:20:47.799625+02:00;standby;25.9;43.6;5.0;28.0;58.5;57.0;0;0;0;0;16443.38;11280.08;5163.3;32437.773
2026-07-27T20:21:48.283852+02:00;standby;25.9;43.5;5.0;28.0;58.5;57.0;0;0;0;0;16443.38;11280.08;5163.3;32437.773
2026-07-27T20:22:48.731050+02:00;standby;25.9;43.5;5.0;28.0;58.5;57.0;0;0;0;0;16443.38;11280.08;5163.3;32437.773
2026-07-27T20:23:49.193635+02:00;standby;25.9;43.4;5.0;28.0;58.5;57.0;0;0;0;0;16443.38;11280.08;5163.3;32437.773
2026-07-27T20:24:49.825229+02:00;standby;25.9;43.3;5.0;28.0;58.5;57.0;0;0;0;0;16443.38;11280.08;5163.3;32437.773
2026-07-27T20:25:50.493539+02:00;standby;25.9;43.3;5.0;28.0;58.5;57.0;0;0;0;0;16443.38;11280.08;5163.3;32437.773
2026-07-27T20:26:51.343504+02:00;standby;25.9;43.2;5.0;28.0;58.5;57.0;0;0;0;0;16443.38;11280.08;5163.3;32437.773
2026-07-27T20:27:51.810471+02:00;standby;25.9;43.2;5.0;28.0;58.5;57.0;0;0;0;0;16443.38;11280.08;5163.3;32437.773
2026-07-27T20:28:52.430043+02:00;standby;25.9;43.1;5.0;28.0;58.5;57.0;0;0;0;0;16443.38;11280.08;5163.3;32437.773
2026-07-27T20:29:53.094108+02:00;standby;25.9;43.0;5.0;28.0;58.5;57.0;0;0;0;0;16443.38;11280.08;5163.3;32437.773
2026-07-27T20:30:54.114393+02:00;standby;25.9;43.0;5.0;28.0;58.5;57.0;0;0;0;0;16443.38;11280.08;5163.3;32437.773
2026-07-27T20:31:54.534357+02:00;standby;25.9;42.8;5.0;28.0;58.5;57.0;0;0;0;0;16443.38;11280.08;5163.3;32437.773
2026-07-27T20:32:55.006990+02:00;standby;25.0;42.7;5.0;28.0;58.4;57.0;0;0;0;0;16443.38;11280.08;5163.3;32437.773
2026-07-27T20:33:55.568390+02:00;standby;25.0;42.7;5.0;28.0;58.4;57.0;0;0;0;0;16443.38;11280.08;5163.3;32437.773
2026-07-27T20:34:56.158435+02:00;standby;25.0;42.6;5.0;28.0;58.4;57.0;0;0;0;0;16443.38;11280.08;5163.3;32437.773
2026-07-27T20:35:56.717548+02:00;standby;25.0;42.5;5.0;28.0;58.4;57.0;0;0;0;0;16443.38;11280.08;5163.3;32437.773
2026-07-27T20:36:57.453069+02:00;standby;25.0;42.5;5.0;28.0;58.4;57.0;0;0;0;0;16443.38;11280.08;5163.3;32437.773
2026-07-27T20:37:58.177352+02:00;standby;25.0;42.4;5.0;28.0;58.4;57.0;0;0;0;0;16443.38;11280.08;5163.3;32437.773
2026-07-27T20:38:58.643034+02:00;standby;25.0;42.3;5.0;28.0;58.4;57.0;0;0;0;0;16443.38;11280.08;5163.3;32437.773
2026-07-27T20:39:59.557712+02:00;standby;25.0;42.3;5.0;28.0;58.4;57.0;0;0;0;0;16443.38;11280.08;5163.3;32437.773
2026-07-27T20:41:00.128357+02:00;standby;25.0;42.3;5.0;28.0;58.4;57.0;0;0;0;0;16443.38;11280.08;5163.3;32437.773
2026-07-27T20:42:00.598341+02:00;standby;25.0;42.2;5.0;28.0;58.4;57.0;0;0;0;0;16443.38;11280.08;5163.3;32437.773
2026-07-27T20:43:01.079643+02:00;standby;25.0;42.0;5.0;28.0;58.4;57.0;0;0;0;0;16443.38;11280.08;5163.3;32437.773
2026-07-27T20:44:01.595008+02:00;standby;25.0;42.0;5.0;28.0;58.4;57.0;0;0;0;0;16443.38;11280.08;5163.3;32437.773
2026-07-27T20:45:02.313768+02:00;standby;25.0;41.9;5.0;28.0;58.4;57.0;0;0;0;0;16443.38;11280.08;5163.3;32437.773
2026-07-27T20:46:03.140827+02:00;standby;25.0;41.9;5.0;28.0;58.4;57.0;0;0;0;0;16443.38;11280.08;5163.3;32437.773
2026-07-27T20:47:04.107752+02:00;standby;25.0;41.8;5.0;28.0;58.3;57.0;0;0;0;0;16443.38;11280.08;5163.3;32437.773
2026-07-27T20:48:04.540856+02:00;standby;25.0;41.7;5.0;28.0;58.3;57.0;0;0;0;0;16443.38;11280.08;5163.3;32437.773
2026-07-27T20:49:05.114949+02:00;standby;25.0;41.7;5.0;28.0;58.3;57.0;0;0;0;0;16443.38;11280.08;5163.3;32437.773
2026-07-27T20:50:06.147179+02:00;standby;25.0;41.6;5.0;28.0;58.3;57.0;0;0;0;0;16443.38;11280.08;5163.3;32437.773
2026-07-27T20:51:06.662414+02:00;standby;25.0;41.6;5.0;28.0;58.3;57.0;0;0;0;0;16443.38;11280.08;5163.3;32437.773
2026-07-27T20:52:07.076592+02:00;standby;25.0;41.5;5.0;28.0;58.3;57.0;0;0;0;0;16443.38;11280.08;5163.3;32437.773
2026-07-27T20:53:07.860553+02:00;standby;25.0;41.5;5.0;28.0;58.3;57.0;0;0;0;0;16443.38;11280.08;5163.3;32437.773
2026-07-27T20:54:08.628506+02:00;standby;25.0;41.4;5.0;28.0;58.3;57.0;0;0;0;0;16443.38;11280.08;5163.3;32437.773
2026-07-27T20:55:09.190856+02:00;standby;25.0;41.4;5.0;28.0;58.3;57.0;0;0;0;0;16443.38;11280.08;5163.3;32437.773
2026-07-27T20:56:09.666063+02:00;standby;25.0;41.2;5.0;28.0;58.3;57.0;0;0;0;0;16443.38;11280.08;5163.3;32437.773
2026-07-27T20:57:10.135053+02:00;standby;25.0;41.2;5.0;28.0;58.3;57.0;0;0;0;0;16443.38;11280.08;5163.3;32437.773
2026-07-27T20:58:10.601883+02:00;standby;25.0;41.1;5.0;28.0;58.3;57.0;0;0;0;0;16443.38;11280.08;5163.3;32437.773
2026-07-27T20:59:11.120362+02:00;standby;25.0;41.0;5.0;28.0;58.3;57.0;0;0;0;0;16443.38;11280.08;5163.3;32437.773
2026-07-27T21:00:11.624376+02:00;standby;25.0;41.0;5.0;28.0;58.3;57.0;0;0;0;0;16443.38;11280.08;5163.3;32437.773
2026-07-27T21:01:12.681024+02:00;standby;25.0;40.9;5.0;28.0;58.2;57.0;0;0;0;0;16443.38;11280.08;5163.3;32437.773
2026-07-27T21:02:13.601481+02:00;standby;25.0;40.9;5.0;28.0;58.2;57.0;0;0;0;0;16443.38;11280.08;5163.3;32437.773
2026-07-27T21:03:14.031146+02:00;standby;25.0;40.8;5.0;28.0;58.2;57.0;0;0;0;0;16443.38;11280.08;5163.3;32437.773
2026-07-27T21:04:14.583315+02:00;standby;25.0;40.8;5.0;28.0;58.2;57.0;0;0;0;0;16443.38;11280.08;5163.3;32437.773
2026-07-27T21:05:15.683444+02:00;standby;25.0;40.7;5.0;28.0;58.2;57.0;0;0;0;0;16443.38;11280.08;5163.3;32437.773
2026-07-27T21:06:16.360297+02:00;standby;25.0;40.7;5.0;28.0;58.2;57.0;0;0;0;0;16443.38;11280.08;5163.3;32437.773
2026-07-27T21:07:16.794709+02:00;standby;25.0;40.6;5.0;28.0;58.2;57.0;0;0;0;0;16443.38;11280.08;5163.3;32437.773
2026-07-27T21:08:17.392961+02:00;standby;25.0;40.6;5.0;28.0;58.2;57.0;0;0;0;0;16443.38;11280.08;5163.3;32437.773
2026-07-27T21:09:17.957798+02:00;standby;25.0;40.5;5.0;28.0;58.2;57.0;0;0;0;0;16443.38;11280.08;5163.3;32437.773
2026-07-27T21:10:18.560014+02:00;standby;25.0;40.5;5.0;28.0;58.2;57.0;0;0;0;0;16443.38;11280.08;5163.3;32437.773
2026-07-27T21:11:19.143469+02:00;standby;25.0;40.3;5.0;28.0;58.2;57.0;0;0;0;0;16443.38;11280.08;5163.3;32437.773
2026-07-27T21:12:20.032863+02:00;standby;25.0;40.3;5.0;28.0;58.2;57.0;0;0;0;0;16443.38;11280.08;5163.3;32437.773
2026-07-27T21:13:20.574831+02:00;standby;25.0;40.2;5.0;28.0;58.2;57.0;0;0;0;0;16443.38;11280.08;5163.3;32437.773
2026-07-27T21:14:21.175100+02:00;standby;25.0;40.2;5.0;28.0;58.1;57.0;0;0;0;0;16443.38;11280.08;5163.3;32437.773
2026-07-27T21:15:21.693479+02:00;standby;25.0;40.1;5.0;28.0;58.1;57.0;0;0;0;0;16443.38;11280.08;5163.3;32437.773
2026-07-27T21:16:22.212141+02:00;standby;25.0;40.1;5.0;28.0;58.1;57.0;0;0;0;0;16443.38;11280.08;5163.3;32437.773
2026-07-27T21:17:22.727934+02:00;standby;25.0;40.0;5.0;28.0;58.1;57.0;0;0;0;0;16443.38;11280.08;5163.3;32437.773
2026-07-27T21:18:23.248391+02:00;standby;25.0;40.0;5.0;28.0;58.1;57.0;0;0;0;0;16443.38;11280.08;5163.3;32437.773
2026-07-27T21:19:24.086440+02:00;standby;25.0;39.9;5.0;28.0;58.1;57.0;0;0;0;0;16443.38;11280.08;5163.3;32437.773
2026-07-27T21:20:24.650857+02:00;standby;25.0;39.9;5.0;28.0;58.1;57.0;0;0;0;0;16443.38;11280.08;5163.3;32437.773
2026-07-27T21:21:25.164362+02:00;standby;25.0;39.8;5.0;28.0;58.1;57.0;0;0;0;0;16443.38;11280.08;5163.3;32437.773
2026-07-27T21:22:25.952099+02:00;standby;25.0;39.8;5.0;28.0;58.1;57.0;0;0;0;0;16443.38;11280.08;5163.3;32437.773
2026-07-27T21:23:26.457201+02:00;standby;25.0;39.6;5.0;28.0;58.1;57.0;0;0;0;0;16443.38;11280.08;5163.3;32437.773
2026-07-27T21:24:26.884764+02:00;standby;25.0;39.6;5.0;28.0;58.1;57.0;0;0;0;0;16443.38;11280.08;5163.3;32437.773
2026-07-27T21:25:27.499250+02:00;standby;25.0;39.6;5.0;28.0;58.1;57.0;0;0;0;0;16443.38;11280.08;5163.3;32437.773
2026-07-27T21:26:28.048409+02:00;standby;25.0;39.5;5.0;28.0;58.1;57.0;0;0;0;0;16443.38;11280.08;5163.3;32437.773
2026-07-27T21:27:28.818709+02:00;standby;25.0;39.5;5.0;28.0;58.0;57.0;0;0;0;0;16443.38;11280.08;5163.3;32437.773
2026-07-27T21:28:29.580593+02:00;standby;25.0;39.4;5.0;28.0;58.0;57.0;0;0;0;0;16443.38;11280.08;5163.3;32437.773
2026-07-27T21:29:30.189985+02:00;standby;25.0;39.4;5.0;28.0;58.0;57.0;0;0;0;0;16443.38;11280.08;5163.3;32437.773
2026-07-27T21:30:30.667645+02:00;standby;25.0;39.3;5.0;28.0;58.0;57.0;0;0;0;0;16443.38;11280.08;5163.3;32437.773
2026-07-27T21:31:31.315704+02:00;standby;25.0;39.3;5.0;28.0;58.0;57.0;0;0;0;0;16443.38;11280.08;5163.3;32437.773
2026-07-27T21:32:31.747632+02:00;standby;25.0;39.3;5.0;28.0;58.0;57.0;0;0;0;0;16443.38;11280.08;5163.3;32437.773
2026-07-27T21:33:32.421805+02:00;standby;23.6;39.1;5.0;28.0;58.0;57.0;0;0;0;0;16443.38;11280.08;5163.3;32437.773
2026-07-27T21:34:33.135644+02:00;standby;23.6;39.0;5.0;28.0;58.0;57.0;0;0;0;0;16443.38;11280.08;5163.3;32437.773
2026-07-27T21:35:33.644398+02:00;standby;23.6;39.0;5.0;28.0;58.0;57.0;0;0;0;0;16443.38;11280.08;5163.3;32437.773
2026-07-27T21:36:34.385568+02:00;standby;23.6;39.0;5.0;28.0;58.0;57.0;0;0;0;0;16443.38;11280.08;5163.3;32437.773
2026-07-27T21:37:35.320242+02:00;standby;23.6;38.9;5.0;28.0;58.0;57.0;0;0;0;0;16443.38;11280.08;5163.3;32437.773
2026-07-27T21:38:35.837025+02:00;standby;23.6;38.9;5.0;28.0;58.0;57.0;0;0;0;0;16443.38;11280.08;5163.3;32437.773
2026-07-27T21:39:36.363821+02:00;standby;23.6;38.9;5.0;28.0;58.0;57.0;0;0;0;0;16443.38;11280.08;5163.3;32437.773
2026-07-27T21:40:36.978867+02:00;standby;23.6;38.8;5.0;28.0;57.9;57.0;0;0;0;0;16443.38;11280.08;5163.3;32437.773
2026-07-27T21:41:37.549477+02:00;standby;23.6;38.8;5.0;28.0;57.9;57.0;0;0;0;0;16443.38;11280.08;5163.3;32437.773
2026-07-27T21:42:38.224923+02:00;standby;23.6;38.6;5.0;28.0;57.9;57.0;0;0;0;0;16443.38;11280.08;5163.3;32437.773
2026-07-27T21:43:38.952864+02:00;standby;23.6;38.6;5.0;28.0;57.9;57.0;0;0;0;0;16443.38;11280.08;5163.3;32437.773
2026-07-27T21:44:39.768482+02:00;standby;23.6;38.5;5.0;28.0;57.9;57.0;0;0;0;0;16443.38;11280.08;5163.3;32437.773
2026-07-27T21:45:40.347082+02:00;standby;23.6;38.5;5.0;28.0;57.9;57.0;0;0;0;0;16443.38;11280.08;5163.3;32437.773
2026-07-27T21:46:42.372821+02:00;standby;23.6;38.5;5.0;28.0;57.9;57.0;0;0;0;0;16443.38;11280.08;5163.3;32437.773
2026-07-27T21:47:42.857154+02:00;standby;23.6;38.4;5.0;28.0;57.9;57.0;0;0;0;0;16443.38;11280.08;5163.3;32437.773
2026-07-27T21:48:43.331993+02:00;standby;23.6;38.4;5.0;28.0;57.9;57.0;0;0;0;0;16443.38;11280.08;5163.3;32437.773
2026-07-27T21:49:44.392521+02:00;standby;23.6;38.3;5.0;28.0;57.9;57.0;0;0;0;0;16443.38;11280.08;5163.3;32437.773
2026-07-27T21:50:45.391382+02:00;standby;23.6;38.3;5.0;28.0;57.9;57.0;0;0;0;0;16443.38;11280.08;5163.3;32437.773
2026-07-27T21:51:46.350459+02:00;standby;23.6;38.1;5.0;28.0;57.9;57.0;0;0;0;0;16443.38;11280.08;5163.3;32437.773
2026-07-27T21:52:46.779450+02:00;standby;23.6;38.1;5.0;28.0;57.8;57.0;0;0;0;0;16443.38;11280.08;5163.3;32437.773
2026-07-27T21:53:48.229377+02:00;standby;23.6;38.1;5.0;28.0;57.8;57.0;0;0;0;0;16443.38;11280.08;5163.3;32437.773
2026-07-27T21:54:49.570013+02:00;standby;23.6;38.0;5.0;28.0;57.8;57.0;0;0;0;0;16443.38;11280.08;5163.3;32437.773
2026-07-27T21:55:50.038098+02:00;standby;23.6;38.0;5.0;28.0;57.8;57.0;0;0;0;0;16443.38;11280.08;5163.3;32437.773
2026-07-27T21:56:50.694276+02:00;standby;23.6;37.9;5.0;28.0;57.8;57.0;0;0;0;0;16443.38;11280.08;5163.3;32437.773
2026-07-27T21:57:51.429947+02:00;standby;23.6;37.9;5.0;28.0;57.8;57.0;0;0;0;0;16443.38;11280.08;5163.3;32437.773
2026-07-27T21:58:51.907005+02:00;standby;23.6;37.9;5.0;28.0;57.8;57.0;0;0;0;0;16443.38;11280.08;5163.3;32437.773
2026-07-27T21:59:52.448753+02:00;standby;23.6;37.9;5.0;28.0;57.8;57.0;0;0;0;0;16443.38;11280.08;5163.3;32437.773
2026-07-27T22:00:52.993592+02:00;standby;23.6;37.8;5.0;28.0;57.8;57.0;0;0;0;0;16443.38;11280.08;5163.3;32437.773
2026-07-27T22:01:54.208721+02:00;standby;23.6;37.8;5.0;28.0;57.8;57.0;0;0;0;0;16443.38;11280.08;5163.3;32437.773
2026-07-27T22:02:54.721569+02:00;standby;23.6;37.7;5.0;28.0;57.8;57.0;0;0;0;0;16443.38;11280.08;5163.3;32437.773
2026-07-27T22:03:55.235128+02:00;standby;23.6;37.7;5.0;28.0;57.8;57.0;0;0;0;0;16443.38;11280.08;5163.3;32437.773
2026-07-27T22:04:55.854385+02:00;standby;23.6;37.5;5.0;28.0;57.8;57.0;0;0;0;0;16443.38;11280.08;5163.3;32437.773
2026-07-27T22:05:56.743021+02:00;standby;23.6;37.5;5.0;28.0;57.8;57.0;0;0;0;0;16443.38;11280.08;5163.3;32437.773
2026-07-27T22:06:57.214422+02:00;standby;23.6;37.5;5.0;28.0;57.7;57.0;0;0;0;0;16443.38;11280.08;5163.3;32437.773
2026-07-27T22:07:57.675398+02:00;standby;23.6;37.5;5.0;28.0;57.7;57.0;0;0;0;0;16443.38;11280.08;5163.3;32437.773
2026-07-27T22:08:58.195866+02:00;standby;23.6;37.4;5.0;28.0;57.7;57.0;0;0;0;0;16443.38;11280.08;5163.3;32437.773
2026-07-27T22:09:58.674706+02:00;standby;23.6;37.4;5.0;28.0;57.7;57.0;0;0;0;0;16443.38;11280.08;5163.3;32437.773
2026-07-27T22:10:59.158802+02:00;standby;23.6;37.4;5.0;28.0;57.7;57.0;0;0;0;0;16443.38;11280.08;5163.3;32437.773
2026-07-27T22:12:00.214468+02:00;standby;23.6;37.3;5.0;28.0;57.7;57.0;0;0;0;0;16443.38;11280.08;5163.3;32437.773
2026-07-27T22:13:00.752032+02:00;standby;23.6;37.3;5.0;28.0;57.7;57.0;0;0;0;0;16443.38;11280.08;5163.3;32437.773
2026-07-27T22:14:01.266697+02:00;standby;23.6;37.2;5.0;28.0;57.7;57.0;0;0;0;0;16443.38;11280.08;5163.3;32437.773
2026-07-27T22:15:01.760353+02:00;standby;23.6;37.2;5.0;28.0;57.7;57.0;0;0;0;0;16443.38;11280.08;5163.3;32437.773
2026-07-27T22:16:02.259319+02:00;standby;23.6;37.0;5.0;28.0;57.7;57.0;0;0;0;0;16443.38;11280.08;5163.3;32437.773
2026-07-27T22:17:03.111969+02:00;standby;23.6;37.0;5.0;28.0;57.7;57.0;0;0;0;0;16443.38;11280.08;5163.3;32437.773
2026-07-27T22:18:03.573918+02:00;standby;23.6;37.0;5.0;28.0;57.7;57.0;0;0;0;0;16443.38;11280.08;5163.3;32437.773
2026-07-27T22:19:04.072336+02:00;standby;23.6;37.0;5.0;28.0;57.6;57.0;0;0;0;0;16443.38;11280.08;5163.3;32437.773
2026-07-27T22:20:05.006123+02:00;standby;23.6;36.9;5.0;28.0;57.7;57.0;0;0;0;0;16443.38;11280.08;5163.3;32437.773
2026-07-27T22:21:05.616231+02:00;standby;23.6;36.9;5.0;28.0;57.6;57.0;0;0;0;0;16443.38;11280.08;5163.3;32437.773
2026-07-27T22:22:06.303000+02:00;standby;23.6;36.9;5.0;28.0;57.6;57.0;0;0;0;0;16443.38;11280.08;5163.3;32437.773
2026-07-27T22:23:06.966379+02:00;standby;23.6;36.8;5.0;28.0;57.6;57.0;0;0;0;0;16443.38;11280.08;5163.3;32437.773
2026-07-27T22:24:07.497713+02:00;standby;23.6;36.8;5.0;28.0;57.6;57.0;0;0;0;0;16443.38;11280.08;5163.3;32437.773
2026-07-27T22:25:08.133533+02:00;standby;23.6;36.8;5.0;28.0;57.6;57.0;0;0;0;0;16443.38;11280.08;5163.3;32437.773
2026-07-27T22:26:08.942418+02:00;standby;23.6;36.7;5.0;28.0;57.6;57.0;0;0;0;0;16443.38;11280.08;5163.3;32437.773
2026-07-27T22:27:09.799370+02:00;standby;23.6;36.7;5.0;28.0;57.6;57.0;0;0;0;0;16443.38;11280.08;5163.3;32437.773
2026-07-27T22:28:10.520180+02:00;standby;23.6;36.5;5.0;28.0;57.6;57.0;0;0;0;0;16443.38;11280.08;5163.3;32437.773
2026-07-27T22:29:11.316139+02:00;standby;23.6;36.5;5.0;28.0;57.6;57.0;0;0;0;0;16443.38;11280.08;5163.3;32437.773
2026-07-27T22:30:12.027630+02:00;standby;23.6;36.5;5.0;28.0;57.6;57.0;0;0;0;0;16443.38;11280.08;5163.3;32437.773
2026-07-27T22:31:12.848483+02:00;standby;23.6;36.5;5.0;28.0;57.6;57.0;0;0;0;0;16443.38;11280.08;5163.3;32437.773
2026-07-27T22:32:13.610432+02:00;standby;23.6;36.4;5.0;28.0;57.6;57.0;0;0;0;0;16443.38;11280.08;5163.3;32437.773
2026-07-27T22:33:14.110033+02:00;standby;23.6;36.4;5.0;28.0;57.5;57.0;0;0;0;0;16443.38;11280.08;5163.3;32437.773
2026-07-27T22:34:14.582972+02:00;standby;22.9;36.3;5.0;28.0;57.5;57.0;0;0;0;0;16443.38;11280.08;5163.3;32437.773
2026-07-27T22:35:15.440853+02:00;standby;22.9;36.3;5.0;28.0;57.5;57.0;0;0;0;0;16443.38;11280.08;5163.3;32437.773
2026-07-27T22:36:16.015454+02:00;standby;22.9;36.3;5.0;28.0;57.5;57.0;0;0;0;0;16443.38;11280.08;5163.3;32437.773
2026-07-27T22:37:16.481270+02:00;standby;22.9;36.3;5.0;28.0;57.5;57.0;0;0;0;0;16443.38;11280.08;5163.3;32437.773
2026-07-27T22:38:17.291115+02:00;standby;22.9;36.2;5.0;28.0;57.5;57.0;0;0;0;0;16443.38;11280.08;5163.3;32437.773
2026-07-27T22:39:18.075811+02:00;standby;22.9;36.2;5.0;28.0;57.5;57.0;0;0;0;0;16443.38;11280.08;5163.3;32437.773
2026-07-27T22:40:18.761260+02:00;standby;22.9;36.2;5.0;28.0;57.5;57.0;0;0;0;0;16443.38;11280.08;5163.3;32437.773
2026-07-27T22:41:19.820044+02:00;standby;22.9;36.0;5.0;28.0;57.5;57.0;0;0;0;0;16443.38;11280.08;5163.3;32437.773
2026-07-27T22:42:20.556162+02:00;standby;22.9;36.0;5.0;28.0;57.5;57.0;0;0;0;0;16443.38;11280.08;5163.3;32437.773
2026-07-27T22:43:21.436928+02:00;standby;22.9;36.0;5.0;28.0;57.4;57.0;0;0;0;0;16443.38;11280.08;5163.3;32437.773
2026-07-27T22:44:22.007050+02:00;standby;22.9;35.9;5.0;28.0;57.5;57.0;0;0;0;0;16443.38;11280.08;5163.3;32437.773
2026-07-27T22:45:22.580863+02:00;standby;22.9;35.9;5.0;28.0;57.5;57.0;0;0;0;0;16443.38;11280.08;5163.3;32437.773
2026-07-27T22:46:23.136621+02:00;standby;22.9;35.9;5.0;28.0;57.4;57.0;0;0;0;0;16443.38;11280.08;5163.3;32437.773
2026-07-27T22:47:23.704997+02:00;standby;22.9;35.8;5.0;28.0;57.4;57.0;0;0;0;0;16443.38;11280.08;5163.3;32437.773
2026-07-27T22:48:25.217124+02:00;standby;22.9;35.8;5.0;28.0;57.4;57.0;0;0;0;0;16443.38;11280.08;5163.3;32437.773
2026-07-27T22:49:25.800300+02:00;standby;22.9;35.8;5.0;28.0;57.4;57.0;0;0;0;0;16443.38;11280.08;5163.3;32437.773
2026-07-27T22:50:26.601500+02:00;standby;22.9;35.8;5.0;28.0;57.4;57.0;0;0;0;0;16443.38;11280.08;5163.3;32437.773
2026-07-27T22:51:27.454575+02:00;standby;22.9;35.7;5.0;28.0;57.4;57.0;0;0;0;0;16443.38;11280.08;5163.3;32437.773
2026-07-27T22:52:28.146920+02:00;standby;22.9;35.7;5.0;28.0;57.4;57.0;0;0;0;0;16443.38;11280.08;5163.3;32437.773
2026-07-27T22:53:28.587385+02:00;standby;22.9;35.7;5.0;28.0;57.4;57.0;0;0;0;0;16443.38;11280.08;5163.3;32437.773
2026-07-27T22:54:29.133295+02:00;standby;22.9;35.6;5.0;28.0;57.4;57.0;0;0;0;0;16443.38;11280.08;5163.3;32437.773
2026-07-27T22:55:29.602252+02:00;standby;22.9;35.6;5.0;28.0;57.4;57.0;0;0;0;0;16443.38;11280.08;5163.3;32437.773
2026-07-27T22:56:31.167097+02:00;standby;22.9;35.6;5.0;28.0;57.4;57.0;0;0;0;0;16443.38;11280.08;5163.3;32437.773
2026-07-27T22:57:31.663292+02:00;standby;22.9;35.6;5.0;28.0;57.4;57.0;0;0;0;0;16443.38;11280.08;5163.3;32437.773
2026-07-27T22:58:32.501743+02:00;standby;22.9;35.4;5.0;28.0;57.3;57.0;0;0;0;0;16443.38;11280.08;5163.3;32437.773
2026-07-27T22:59:33.554631+02:00;standby;22.9;35.4;5.0;28.0;57.3;57.0;0;0;0;0;16443.38;11280.08;5163.3;32437.773
2026-07-27T23:00:34.113132+02:00;standby;22.9;35.4;5.0;28.0;57.3;57.0;0;0;0;0;16443.38;11280.08;5163.3;32437.773
2026-07-27T23:01:34.620418+02:00;standby;22.9;35.3;5.0;25.0;57.4;57.0;0;0;0;0;16443.38;11280.08;5163.3;32437.773
2026-07-27T23:02:35.097607+02:00;standby;22.9;35.3;5.0;25.0;57.3;57.0;0;0;0;0;16443.38;11280.08;5163.3;32437.773
2026-07-27T23:03:35.610816+02:00;standby;22.9;35.3;5.0;25.0;57.3;57.0;0;0;0;0;16443.38;11280.08;5163.3;32437.773
2026-07-27T23:04:36.246847+02:00;standby;22.9;35.3;5.0;25.0;57.3;57.0;0;0;0;0;16443.38;11280.08;5163.3;32437.773
2026-07-27T23:05:36.854638+02:00;standby;22.9;35.2;5.0;25.0;57.3;57.0;0;0;0;0;16443.38;11280.08;5163.3;32437.773
2026-07-27T23:06:37.936689+02:00;standby;22.9;35.2;5.0;25.0;57.3;57.0;0;0;0;0;16443.38;11280.08;5163.3;32437.773
2026-07-27T23:07:38.403874+02:00;standby;22.9;35.2;5.0;25.0;57.3;57.0;0;0;0;0;16443.38;11280.08;5163.3;32437.773
2026-07-27T23:08:39.231836+02:00;standby;22.9;35.1;5.0;25.0;57.3;57.0;0;0;0;0;16443.38;11280.08;5163.3;32437.773
2026-07-27T23:09:39.789945+02:00;standby;22.9;35.1;5.0;25.0;57.3;57.0;0;0;0;0;16443.38;11280.08;5163.3;32437.773
2026-07-27T23:10:40.229327+02:00;standby;22.9;35.1;5.0;25.0;57.2;57.0;0;0;0;0;16443.38;11280.08;5163.3;32437.773
2026-07-27T23:11:40.732710+02:00;standby;22.9;35.1;5.0;25.0;57.2;57.0;0;0;0;0;16443.38;11280.08;5163.3;32437.773
2026-07-27T23:12:41.308474+02:00;standby;22.9;34.9;5.0;25.0;57.2;57.0;0;0;0;0;16443.38;11280.08;5163.3;32437.773
2026-07-27T23:13:41.778193+02:00;standby;22.9;34.9;5.0;25.0;57.2;57.0;0;0;0;0;16443.38;11280.08;5163.3;32437.773
2026-07-27T23:14:42.512045+02:00;standby;22.9;34.9;5.0;25.0;57.2;57.0;0;0;0;0;16443.38;11280.08;5163.3;32437.773
2026-07-27T23:15:43.015946+02:00;standby;22.9;34.9;5.0;25.0;57.2;57.0;0;0;0;0;16443.38;11280.08;5163.3;32437.773
2026-07-27T23:16:43.484286+02:00;standby;22.9;34.8;5.0;25.0;57.2;57.0;0;0;0;0;16443.38;11280.08;5163.3;32437.773
2026-07-27T23:17:44.576599+02:00;standby;22.9;34.8;5.0;25.0;57.2;57.0;0;0;0;0;16443.38;11280.08;5163.3;32437.773
2026-07-27T23:18:45.608112+02:00;standby;22.9;34.8;5.0;25.0;57.2;57.0;0;0;0;0;16443.38;11280.08;5163.3;32437.773
2026-07-27T23:19:46.128279+02:00;standby;22.9;34.8;5.0;25.0;57.2;57.0;0;0;0;0;16443.38;11280.08;5163.3;32437.773
2026-07-27T23:20:46.581528+02:00;standby;22.9;34.7;5.0;25.0;57.2;57.0;0;0;0;0;16443.38;11280.08;5163.3;32437.773
2026-07-27T23:21:47.375020+02:00;standby;22.9;34.7;5.0;25.0;57.2;57.0;0;0;0;0;16443.38;11280.08;5163.3;32437.773
2026-07-27T23:22:48.095332+02:00;standby;22.9;34.7;5.0;25.0;57.2;57.0;0;0;0;0;16443.38;11280.08;5163.3;32437.773
2026-07-27T23:23:48.662178+02:00;standby;22.9;34.6;5.0;25.0;57.2;57.0;0;0;0;0;16443.38;11280.08;5163.3;32437.773
2026-07-27T23:24:49.133459+02:00;standby;22.9;34.6;5.0;25.0;57.1;57.0;0;0;0;0;16443.38;11280.08;5163.3;32437.773
2026-07-27T23:25:49.643318+02:00;standby;22.9;34.6;5.0;25.0;57.1;57.0;0;0;0;0;16443.38;11280.08;5163.3;32437.773
2026-07-27T23:26:50.120519+02:00;standby;22.9;34.6;5.0;25.0;57.1;57.0;0;0;0;0;16443.38;11280.08;5163.3;32437.773
2026-07-27T23:27:50.588719+02:00;standby;22.9;34.6;5.0;25.0;57.1;57.0;0;0;0;0;16443.38;11280.08;5163.3;32437.773
2026-07-27T23:28:51.352266+02:00;standby;22.9;34.4;5.0;25.0;57.1;57.0;0;0;0;0;16443.38;11280.08;5163.3;32437.773
2026-07-27T23:29:51.831736+02:00;standby;22.9;34.4;5.0;25.0;57.1;57.0;0;0;0;0;16443.38;11280.08;5163.3;32437.773
2026-07-27T23:30:52.442987+02:00;standby;22.9;34.4;5.0;25.0;56.9;57.0;0;0;0;0;16443.38;11280.08;5163.3;32437.773
2026-07-27T23:31:52.912109+02:00;standby;22.9;34.4;5.0;25.0;56.9;57.0;0;0;0;0;16443.38;11280.08;5163.3;32437.773
2026-07-27T23:32:53.428641+02:00;standby;22.9;34.3;5.0;25.0;56.9;57.0;0;0;0;0;16443.38;11280.08;5163.3;32437.773
2026-07-27T23:33:54.209615+02:00;standby;22.9;34.3;5.0;25.0;56.9;57.0;0;0;0;0;16443.38;11280.08;5163.3;32437.773
2026-07-27T23:34:55.137525+02:00;standby;22.4;34.3;5.0;25.0;56.9;57.0;0;0;0;0;16443.38;11280.08;5163.3;32437.773
2026-07-27T23:35:55.726902+02:00;standby;22.4;34.3;5.0;25.0;56.9;57.0;0;0;0;0;16443.38;11280.08;5163.3;32437.773
2026-07-27T23:36:56.684878+02:00;standby;22.4;34.2;5.0;25.0;56.9;57.0;0;0;0;0;16443.38;11280.08;5163.3;32437.773
2026-07-27T23:37:57.117383+02:00;standby;22.4;34.2;5.0;25.0;56.9;57.0;0;0;0;0;16443.38;11280.08;5163.3;32437.773
2026-07-27T23:38:57.782640+02:00;standby;22.4;34.2;5.0;25.0;56.9;57.0;0;0;0;0;16443.38;11280.08;5163.3;32437.773
2026-07-27T23:39:58.300067+02:00;standby;22.4;34.2;5.0;25.0;56.9;57.0;0;0;0;0;16443.38;11280.08;5163.3;32437.773
2026-07-27T23:41:00.252806+02:00;standby;22.4;34.1;5.0;25.0;56.9;57.0;0;0;0;0;16443.38;11280.08;5163.3;32437.773
2026-07-27T23:42:00.873118+02:00;standby;22.4;34.1;5.0;25.0;56.8;57.0;0;0;0;0;16443.38;11280.08;5163.3;32437.773
2026-07-27T23:43:01.486959+02:00;standby;22.4;34.1;5.0;25.0;56.8;57.0;0;0;0;0;16443.38;11280.08;5163.3;32437.773
2026-07-27T23:44:02.124875+02:00;standby;22.4;34.1;5.0;25.0;56.8;57.0;0;0;0;0;16443.38;11280.08;5163.3;32437.773
2026-07-27T23:45:02.845986+02:00;standby;22.4;34.0;5.0;25.0;56.8;57.0;0;0;0;0;16443.38;11280.08;5163.3;32437.773
2026-07-27T23:46:03.479765+02:00;standby;22.4;34.0;5.0;25.0;56.8;10.0;0;0;0;0;16443.38;11280.08;5163.3;32437.773
2026-07-27T23:47:03.985134+02:00;standby;22.4;34.0;5.0;25.0;56.8;10.0;0;0;0;0;16443.38;11280.08;5163.3;32437.773
2026-07-27T23:48:04.762317+02:00;standby;22.4;34.0;5.0;25.0;56.8;10.0;0;0;0;0;16443.38;11280.08;5163.3;32437.773
2026-07-27T23:49:05.289324+02:00;standby;22.4;34.0;5.0;25.0;56.8;10.0;0;0;0;0;16443.38;11280.08;5163.3;32437.773
2026-07-27T23:50:05.742870+02:00;standby;22.4;33.8;5.0;25.0;56.8;10.0;0;0;0;0;16443.38;11280.08;5163.3;32437.773
2026-07-27T23:51:06.372417+02:00;standby;22.4;33.8;5.0;25.0;56.8;10.0;0;0;0;0;16443.38;11280.08;5163.3;32437.773
2026-07-27T23:52:07.515865+02:00;standby;22.4;33.8;5.0;25.0;56.8;10.0;0;0;0;0;16443.38;11280.08;5163.3;32437.773
2026-07-27T23:53:08.180096+02:00;standby;22.4;33.8;5.0;25.0;56.8;10.0;0;0;0;0;16443.38;11280.08;5163.3;32437.773
2026-07-27T23:54:08.637694+02:00;standby;22.4;33.7;5.0;25.0;56.7;10.0;0;0;0;0;16443.38;11280.08;5163.3;32437.773
2026-07-27T23:55:09.311917+02:00;standby;22.4;33.7;5.0;25.0;56.7;10.0;0;0;0;0;16443.38;11280.08;5163.3;32437.773
2026-07-27T23:56:09.941327+02:00;standby;22.4;33.7;5.0;25.0;56.7;10.0;0;0;0;0;16443.38;11280.08;5163.3;32437.773
2026-07-27T23:57:10.412871+02:00;standby;22.4;33.7;5.0;25.0;56.7;10.0;0;0;0;0;16443.38;11280.08;5163.3;32437.773
2026-07-27T23:58:11.073169+02:00;standby;22.4;33.6;5.0;25.0;56.7;10.0;0;0;0;0;16443.38;11280.08;5163.3;32437.773
2026-07-27T23:59:12.429838+02:00;standby;22.4;33.6;5.0;25.0;56.7;10.0;0;0;0;0;16443.38;11280.08;5163.3;32437.773
2026-07-28T00:00:12.980927+02:00;standby;22.4;33.6;5.0;25.0;56.7;10.0;0;0;0;0;16443.38;11280.08;5163.3;32437.773
2026-07-28T00:01:13.704398+02:00;standby;22.4;33.6;5.0;25.0;56.7;10.0;0;0;0;0;16443.38;11280.08;5163.3;32437.773
2026-07-28T00:02:14.175941+02:00;standby;22.4;33.6;5.0;25.0;56.7;10.0;0;0;0;0;16443.38;11280.08;5163.3;32437.773
2026-07-28T00:03:14.650826+02:00;standby;22.4;33.5;5.0;25.0;56.7;10.0;0;0;0;0;16443.38;11280.08;5163.3;32437.773
2026-07-28T00:04:15.175522+02:00;standby;22.4;33.5;5.0;25.0;56.7;10.0;0;0;0;0;16443.38;11280.08;5163.3;32437.773
2026-07-28T00:05:16.003397+02:00;standby;22.4;33.5;5.0;25.0;56.7;10.0;0;0;0;0;16443.38;11280.08;5163.3;32437.773
2026-07-28T00:06:16.671625+02:00;standby;22.4;33.5;5.0;25.0;56.7;10.0;0;0;0;0;16443.38;11280.08;5163.3;32437.773
2026-07-28T00:07:17.144569+02:00;standby;22.4;33.3;5.0;25.0;56.6;10.0;0;0;0;0;16443.38;11280.08;5163.3;32437.773
2026-07-28T00:08:17.652434+02:00;standby;22.4;33.5;5.0;25.0;56.6;10.0;0;0;0;0;16443.38;11280.08;5163.3;32437.773
2026-07-28T00:09:19.163327+02:00;standby;22.4;33.3;5.0;25.0;56.6;10.0;0;0;0;0;16443.38;11280.08;5163.3;32437.773
2026-07-28T00:10:21.352207+02:00;standby;22.4;33.3;5.0;25.0;56.6;10.0;0;0;0;0;16443.38;11280.08;5163.3;32437.773
2026-07-28T00:11:22.218239+02:00;standby;22.4;33.3;5.0;25.0;56.6;10.0;0;0;0;0;16443.38;11280.08;5163.3;32437.773
2026-07-28T00:12:22.712243+02:00;standby;22.4;33.2;5.0;25.0;56.6;10.0;0;0;0;0;16443.38;11280.08;5163.3;32437.773
2026-07-28T00:13:23.422889+02:00;standby;22.4;33.2;5.0;25.0;56.6;10.0;0;0;0;0;16443.38;11280.08;5163.3;32437.773
2026-07-28T00:14:24.102863+02:00;standby;22.4;33.2;5.0;25.0;56.6;10.0;0;0;0;0;16443.38;11280.08;5163.3;32437.773
2026-07-28T00:15:24.986454+02:00;standby;22.4;33.2;5.0;25.0;56.6;10.0;0;0;0;0;16443.38;11280.08;5163.3;32437.773
2026-07-28T00:16:25.645834+02:00;standby;22.4;33.2;5.0;25.0;56.6;10.0;0;0;0;0;16443.38;11280.08;5163.3;32437.773
2026-07-28T00:17:26.738307+02:00;standby;22.4;33.1;5.0;25.0;56.6;10.0;0;0;0;0;16443.38;11280.08;5163.3;32437.773
2026-07-28T00:18:27.347605+02:00;standby;22.4;33.1;5.0;25.0;56.6;10.0;0;0;0;0;16443.38;11280.08;5163.3;32437.773
2026-07-28T00:19:27.836854+02:00;standby;22.4;33.1;5.0;25.0;56.6;10.0;0;0;0;0;16443.38;11280.08;5163.3;32437.773
2026-07-28T00:20:30.272472+02:00;standby;22.4;33.1;5.0;25.0;56.6;10.0;0;0;0;0;16443.38;11280.08;5163.3;32437.773
2026-07-28T00:21:30.918020+02:00;standby;22.4;33.1;5.0;25.0;56.5;10.0;0;0;0;0;16443.38;11280.08;5163.3;32437.773
2026-07-28T00:22:31.478609+02:00;standby;22.4;33.1;5.0;25.0;56.5;10.0;0;0;0;0;16443.38;11280.08;5163.3;32437.773
2026-07-28T00:23:31.953184+02:00;standby;22.4;33.0;5.0;25.0;56.5;10.0;0;0;0;0;16443.38;11280.08;5163.3;32437.773
2026-07-28T00:24:32.410367+02:00;standby;22.4;33.0;5.0;25.0;56.5;10.0;0;0;0;0;16443.38;11280.08;5163.3;32437.773
2026-07-28T00:25:32.835313+02:00;standby;22.4;33.0;5.0;25.0;56.5;10.0;0;0;0;0;16443.38;11280.08;5163.3;32437.773
2026-07-28T00:26:33.457786+02:00;standby;22.4;33.0;5.0;25.0;56.5;10.0;0;0;0;0;16443.38;11280.08;5163.3;32437.773
2026-07-28T00:27:34.181550+02:00;standby;22.4;33.0;5.0;25.0;56.5;10.0;0;0;0;0;16443.38;11280.08;5163.3;32437.773
2026-07-28T00:28:34.652869+02:00;standby;22.4;33.0;5.0;25.0;56.5;10.0;0;0;0;0;16443.38;11280.08;5163.3;32437.773
2026-07-28T00:29:35.130410+02:00;standby;22.4;32.8;5.0;25.0;56.5;10.0;0;0;0;0;16443.38;11280.08;5163.3;32437.773
2026-07-28T00:30:35.694920+02:00;standby;22.4;32.8;5.0;25.0;56.5;10.0;0;0;0;0;16443.38;11280.08;5163.3;32437.773
2026-07-28T00:31:36.208059+02:00;standby;22.4;32.8;5.0;25.0;56.5;10.0;0;0;0;0;16443.38;11280.08;5163.3;32437.773
2026-07-28T00:32:36.768053+02:00;standby;22.4;32.8;5.0;25.0;56.4;10.0;0;0;0;0;16443.38;11280.08;5163.3;32437.773
2026-07-28T00:33:37.239494+02:00;standby;22.4;32.8;5.0;25.0;56.4;10.0;0;0;0;0;16443.38;11280.08;5163.3;32437.773
2026-07-28T00:34:38.851586+02:00;standby;22.4;32.7;5.0;25.0;56.4;10.0;0;0;0;0;16443.38;11280.08;5163.3;32437.773
2026-07-28T00:35:39.416179+02:00;standby;21.7;32.7;5.0;25.0;56.4;10.0;0;0;0;0;16443.38;11280.08;5163.3;32437.773
2026-07-28T00:36:42.910803+02:00;standby;21.7;32.7;5.0;25.0;56.4;10.0;0;0;0;0;16443.38;11280.08;5163.3;32437.773
2026-07-28T00:37:43.824783+02:00;standby;21.7;32.7;5.0;25.0;56.4;10.0;0;0;0;0;16443.38;11280.08;5163.3;32437.773
2026-07-28T00:38:45.580094+02:00;standby;21.7;32.6;5.0;25.0;56.4;10.0;0;0;0;0;16443.38;11280.08;5163.3;32437.773
2026-07-28T00:39:46.060404+02:00;standby;21.7;32.6;5.0;25.0;56.4;10.0;0;0;0;0;16443.38;11280.08;5163.3;32437.773
2026-07-28T00:40:46.713138+02:00;standby;21.7;32.6;5.0;25.0;56.4;10.0;0;0;0;0;16443.38;11280.08;5163.3;32437.773
2026-07-28T00:41:47.551087+02:00;standby;21.7;32.6;5.0;25.0;56.4;10.0;0;0;0;0;16443.38;11280.08;5163.3;32437.773
2026-07-28T00:42:47.964138+02:00;standby;21.7;32.6;5.0;25.0;56.4;10.0;0;0;0;0;16443.38;11280.08;5163.3;32437.773
2026-07-28T00:43:48.428954+02:00;standby;21.7;32.6;5.0;25.0;56.3;10.0;0;0;0;0;16443.38;11280.08;5163.3;32437.773
2026-07-28T00:44:48.946095+02:00;standby;21.7;32.5;5.0;25.0;56.3;10.0;0;0;0;0;16443.38;11280.08;5163.3;32437.773
2026-07-28T00:45:49.679422+02:00;standby;21.7;32.5;5.0;25.0;56.3;10.0;0;0;0;0;16443.38;11280.08;5163.3;32437.773
2026-07-28T00:46:50.247218+02:00;standby;21.7;32.5;5.0;25.0;56.3;10.0;0;0;0;0;16443.38;11280.08;5163.3;32437.773
2026-07-28T00:47:50.829823+02:00;standby;21.7;32.5;5.0;25.0;56.3;10.0;0;0;0;0;16443.38;11280.08;5163.3;32437.773
2026-07-28T00:48:51.331283+02:00;standby;21.7;32.5;5.0;25.0;56.3;10.0;0;0;0;0;16443.38;11280.08;5163.3;32437.773
2026-07-28T00:49:51.749319+02:00;standby;21.7;32.5;5.0;25.0;56.3;10.0;0;0;0;0;16443.38;11280.08;5163.3;32437.773
2026-07-28T00:50:52.473538+02:00;standby;21.7;32.5;5.0;25.0;56.3;10.0;0;0;0;0;16443.38;11280.08;5163.3;32437.773
2026-07-28T00:51:53.153263+02:00;standby;21.7;32.3;5.0;25.0;56.3;10.0;0;0;0;0;16443.38;11280.08;5163.3;32437.773
2026-07-28T00:52:53.714995+02:00;standby;21.7;32.3;5.0;25.0;56.3;10.0;0;0;0;0;16443.38;11280.08;5163.3;32437.773
2026-07-28T00:53:54.190185+02:00;standby;21.7;32.3;5.0;25.0;56.3;10.0;0;0;0;0;16443.38;11280.08;5163.3;32437.773
2026-07-28T00:54:54.662062+02:00;standby;21.7;32.3;5.0;25.0;56.3;10.0;0;0;0;0;16443.38;11280.08;5163.3;32437.773
2026-07-28T00:55:55.330694+02:00;standby;21.7;32.3;5.0;25.0;56.3;10.0;0;0;0;0;16443.38;11280.08;5163.3;32437.773
2026-07-28T00:56:56.143172+02:00;standby;21.7;32.2;5.0;25.0;56.2;10.0;0;0;0;0;16443.38;11280.08;5163.3;32437.773
2026-07-28T00:57:56.679847+02:00;standby;21.7;32.2;5.0;25.0;56.2;10.0;0;0;0;0;16443.38;11280.08;5163.3;32437.773
2026-07-28T00:58:57.244551+02:00;standby;21.7;32.2;5.0;25.0;56.2;10.0;0;0;0;0;16443.38;11280.08;5163.3;32437.773
2026-07-28T00:59:57.868264+02:00;standby;21.7;32.2;5.0;25.0;56.2;10.0;0;0;0;0;16443.38;11280.08;5163.3;32437.773
2026-07-28T01:00:58.687693+02:00;standby;21.7;32.2;5.0;25.0;56.2;10.0;0;0;0;0;16443.38;11280.08;5163.3;32437.773
2026-07-28T01:01:59.212251+02:00;standby;21.7;32.2;5.0;25.0;56.2;10.0;0;0;0;0;16443.38;11280.08;5163.3;32437.773
2026-07-28T01:02:59.784287+02:00;standby;21.7;32.1;5.0;25.0;56.2;10.0;0;0;0;0;16443.38;11280.08;5163.3;32437.773
2026-07-28T01:04:00.563769+02:00;standby;21.7;32.1;5.0;25.0;56.2;10.0;0;0;0;0;16443.38;11280.08;5163.3;32437.773
2026-07-28T01:05:01.170823+02:00;standby;21.7;32.1;5.0;25.0;56.2;10.0;0;0;0;0;16443.38;11280.08;5163.3;32437.773
2026-07-28T01:06:02.006599+02:00;standby;21.7;32.1;5.0;25.0;56.2;10.0;0;0;0;0;16443.38;11280.08;5163.3;32437.773
2026-07-28T01:07:02.474424+02:00;standby;21.7;32.1;5.0;25.0;56.2;10.0;0;0;0;0;16443.38;11280.08;5163.3;32437.773
2026-07-28T01:08:02.937833+02:00;standby;21.7;32.1;5.0;25.0;56.2;10.0;0;0;0;0;16443.38;11280.08;5163.3;32437.773
2026-07-28T01:09:03.665791+02:00;standby;21.7;32.0;5.0;25.0;56.2;10.0;0;0;0;0;16443.38;11280.08;5163.3;32437.773
2026-07-28T01:10:05.263417+02:00;standby;21.7;32.0;5.0;25.0;56.1;10.0;0;0;0;0;16443.38;11280.08;5163.3;32437.773
2026-07-28T01:11:05.819884+02:00;standby;21.7;32.0;5.0;25.0;56.1;10.0;0;0;0;0;16443.38;11280.08;5163.3;32437.773
2026-07-28T01:12:06.349561+02:00;standby;21.7;32.0;5.0;25.0;56.1;10.0;0;0;0;0;16443.38;11280.08;5163.3;32437.773
2026-07-28T01:13:06.857372+02:00;standby;21.7;32.0;5.0;25.0;56.1;10.0;0;0;0;0;16443.38;11280.08;5163.3;32437.773
2026-07-28T01:14:07.418937+02:00;standby;21.7;32.0;5.0;25.0;56.1;10.0;0;0;0;0;16443.38;11280.08;5163.3;32437.773
2026-07-28T01:15:08.320958+02:00;standby;21.7;32.0;5.0;25.0;56.1;10.0;0;0;0;0;16443.38;11280.08;5163.3;32437.773
2026-07-28T01:16:08.780060+02:00;standby;21.7;32.0;5.0;25.0;56.1;10.0;0;0;0;0;16443.38;11280.08;5163.3;32437.773
2026-07-28T01:17:09.241224+02:00;standby;21.7;31.9;5.0;25.0;56.1;10.0;0;0;0;0;16443.38;11280.08;5163.3;32437.773
2026-07-28T01:18:09.769786+02:00;standby;21.7;31.9;5.0;25.0;56.1;10.0;0;0;0;0;16443.38;11280.08;5163.3;32437.773
2026-07-28T01:19:10.243279+02:00;standby;21.7;31.9;5.0;25.0;56.1;10.0;0;0;0;0;16443.38;11280.08;5163.3;32437.773
2026-07-28T01:20:10.867080+02:00;standby;21.7;31.9;5.0;25.0;56.1;10.0;0;0;0;0;16443.38;11280.08;5163.3;32437.773
2026-07-28T01:21:11.894545+02:00;standby;21.7;31.9;5.0;25.0;56.1;10.0;0;0;0;0;16443.38;11280.08;5163.3;32437.773
2026-07-28T01:22:12.362856+02:00;standby;21.7;31.9;5.0;25.0;56.0;10.0;0;0;0;0;16443.38;11280.08;5163.3;32437.773
2026-07-28T01:23:12.879030+02:00;standby;21.7;31.7;5.0;25.0;56.0;10.0;0;0;0;0;16443.38;11280.08;5163.3;32437.773
2026-07-28T01:24:15.694997+02:00;standby;21.7;31.7;5.0;25.0;56.0;10.0;0;0;0;0;16443.38;11280.08;5163.3;32437.773
2026-07-28T01:25:16.318659+02:00;standby;21.7;31.7;5.0;25.0;56.0;10.0;0;0;0;0;16443.38;11280.08;5163.3;32437.773
2026-07-28T01:26:16.891149+02:00;standby;21.7;31.7;5.0;25.0;56.0;10.0;0;0;0;0;16443.38;11280.08;5163.3;32437.773
2026-07-28T01:27:17.784461+02:00;standby;21.7;31.7;5.0;25.0;56.0;10.0;0;0;0;0;16443.38;11280.08;5163.3;32437.773
2026-07-28T01:28:18.249196+02:00;standby;21.7;31.7;5.0;25.0;56.0;10.0;0;0;0;0;16443.38;11280.08;5163.3;32437.773
2026-07-28T01:29:18.839013+02:00;standby;21.7;31.6;5.0;25.0;56.0;10.0;0;0;0;0;16443.38;11280.08;5163.3;32437.773
2026-07-28T01:30:19.392360+02:00;standby;21.7;31.6;5.0;25.0;56.0;10.0;0;0;0;0;16443.38;11280.08;5163.3;32437.773
2026-07-28T01:31:19.947127+02:00;standby;21.7;31.6;5.0;25.0;56.0;10.0;0;0;0;0;16443.38;11280.08;5163.3;32437.773
2026-07-28T01:32:20.364282+02:00;standby;21.7;31.6;5.0;25.0;56.0;10.0;0;0;0;0;16443.38;11280.08;5163.3;32437.773
2026-07-28T01:33:21.487619+02:00;standby;21.7;31.6;5.0;25.0;56.0;10.0;0;0;0;0;16443.38;11280.08;5163.3;32437.773
2026-07-28T01:34:21.922106+02:00;standby;21.7;31.6;5.0;25.0;56.0;10.0;0;0;0;0;16443.38;11280.08;5163.3;32437.773
2026-07-28T01:35:22.637023+02:00;standby;21.7;31.6;5.0;25.0;55.9;10.0;0;0;0;0;16443.38;11280.08;5163.3;32437.773
2026-07-28T01:36:23.068268+02:00;standby;21.0;31.6;5.0;25.0;55.9;10.0;0;0;0;0;16443.38;11280.08;5163.3;32437.773
2026-07-28T01:37:23.870298+02:00;standby;21.0;31.6;5.0;25.0;55.9;10.0;0;0;0;0;16443.38;11280.08;5163.3;32437.773
2026-07-28T01:38:25.011260+02:00;standby;21.0;31.5;5.0;25.0;55.9;10.0;0;0;0;0;16443.38;11280.08;5163.3;32437.773
2026-07-28T01:39:25.485427+02:00;standby;21.0;31.5;5.0;25.0;55.9;10.0;0;0;0;0;16443.38;11280.08;5163.3;32437.773
2026-07-28T01:40:26.858299+02:00;standby;21.0;31.5;5.0;25.0;55.9;10.0;0;0;0;0;16443.38;11280.08;5163.3;32437.773
2026-07-28T01:41:27.397983+02:00;standby;21.0;31.5;5.0;25.0;55.9;10.0;0;0;0;0;16443.38;11280.08;5163.3;32437.773
2026-07-28T01:42:27.863400+02:00;standby;21.0;31.5;5.0;25.0;55.9;10.0;0;0;0;0;16443.38;11280.08;5163.3;32437.773
2026-07-28T01:43:28.330251+02:00;standby;21.0;31.5;5.0;25.0;55.9;10.0;0;0;0;0;16443.38;11280.08;5163.3;32437.773
2026-07-28T01:44:28.946182+02:00;standby;21.0;31.5;5.0;25.0;55.9;10.0;0;0;0;0;16443.38;11280.08;5163.3;32437.773
2026-07-28T01:45:29.421832+02:00;standby;21.0;31.4;5.0;25.0;55.8;10.0;0;0;0;0;16443.38;11280.08;5163.3;32437.773
2026-07-28T01:46:29.845315+02:00;standby;21.0;31.4;5.0;25.0;55.8;10.0;0;0;0;0;16443.38;11280.08;5163.3;32437.773
2026-07-28T01:47:30.366601+02:00;standby;21.0;31.4;5.0;25.0;55.8;10.0;0;0;0;0;16443.38;11280.08;5163.3;32437.773
2026-07-28T01:48:30.976461+02:00;standby;21.0;31.4;5.0;25.0;55.8;10.0;0;0;0;0;16443.38;11280.08;5163.3;32437.773
2026-07-28T01:49:31.480378+02:00;standby;21.0;31.4;5.0;25.0;55.8;10.0;0;0;0;0;16443.38;11280.08;5163.3;32437.773
2026-07-28T01:50:32.360750+02:00;standby;21.0;31.4;5.0;25.0;55.8;10.0;0;0;0;0;16443.38;11280.08;5163.3;32437.773
2026-07-28T01:51:32.850127+02:00;standby;21.0;31.4;5.0;25.0;55.8;10.0;0;0;0;0;16443.38;11280.08;5163.3;32437.773
2026-07-28T01:52:33.369641+02:00;standby;21.0;31.2;5.0;25.0;55.8;10.0;0;0;0;0;16443.38;11280.08;5163.3;32437.773
2026-07-28T01:53:33.828661+02:00;standby;21.0;31.2;5.0;25.0;55.8;10.0;0;0;0;0;16443.38;11280.08;5163.3;32437.773
2026-07-28T01:54:34.821218+02:00;standby;21.0;31.2;5.0;25.0;55.8;10.0;0;0;0;0;16443.38;11280.08;5163.3;32437.773
2026-07-28T01:55:35.278281+02:00;standby;21.0;31.2;5.0;25.0;55.8;10.0;0;0;0;0;16443.38;11280.08;5163.3;32437.773
2026-07-28T01:56:35.703304+02:00;standby;21.0;31.2;5.0;25.0;55.8;10.0;0;0;0;0;16443.38;11280.08;5163.3;32437.773
2026-07-28T01:57:36.430470+02:00;standby;21.0;31.2;5.0;25.0;55.8;10.0;0;0;0;0;16443.38;11280.08;5163.3;32437.773
2026-07-28T01:58:37.096729+02:00;standby;21.0;31.2;5.0;25.0;55.8;10.0;0;0;0;0;16443.38;11280.08;5163.3;32437.773
2026-07-28T01:59:37.669376+02:00;standby;21.0;31.1;5.0;25.0;55.7;10.0;0;0;0;0;16443.38;11280.08;5163.3;32437.773
2026-07-28T02:00:39.579951+02:00;standby;21.0;31.1;5.0;25.0;55.7;10.0;0;0;0;0;16443.38;11280.08;5163.3;32437.773
2026-07-28T02:01:40.030860+02:00;standby;21.0;31.1;5.0;25.0;55.7;10.0;0;0;0;0;16443.38;11280.08;5163.3;32437.773
2026-07-28T02:02:40.639857+02:00;standby;21.0;31.1;5.0;25.0;55.7;10.0;0;0;0;0;16443.38;11280.08;5163.3;32437.773
2026-07-28T02:03:41.642033+02:00;standby;21.0;31.1;5.0;25.0;55.7;10.0;0;0;0;0;16443.38;11280.08;5163.3;32437.773
2026-07-28T02:04:42.060041+02:00;standby;21.0;31.1;5.0;25.0;55.7;10.0;0;0;0;0;16443.38;11280.08;5163.3;32437.773
2026-07-28T02:05:42.577380+02:00;standby;21.0;31.1;5.0;25.0;55.7;10.0;0;0;0;0;16443.38;11280.08;5163.3;32437.773
2026-07-28T02:06:43.584815+02:00;standby;21.0;31.1;5.0;25.0;55.7;10.0;0;0;0;0;16443.38;11280.08;5163.3;32437.773
2026-07-28T02:07:44.548626+02:00;standby;21.0;31.1;5.0;25.0;55.7;10.0;0;0;0;0;16443.38;11280.08;5163.3;32437.773
2026-07-28T02:08:45.415732+02:00;standby;21.0;31.1;5.0;25.0;55.7;10.0;0;0;0;0;16443.38;11280.08;5163.3;32437.773
2026-07-28T02:09:45.960779+02:00;standby;21.0;31.0;5.0;25.0;55.7;10.0;0;0;0;0;16443.38;11280.08;5163.3;32437.773
2026-07-28T02:10:46.636798+02:00;standby;21.0;31.0;5.0;25.0;55.7;10.0;0;0;0;0;16443.38;11280.08;5163.3;32437.773
2026-07-28T02:11:47.587978+02:00;standby;21.0;31.0;5.0;25.0;55.6;10.0;0;0;0;0;16443.38;11280.08;5163.3;32437.773
2026-07-28T02:12:48.052694+02:00;standby;21.0;31.0;5.0;25.0;55.6;10.0;0;0;0;0;16443.38;11280.08;5163.3;32437.773
2026-07-28T02:13:48.811950+02:00;standby;21.0;31.0;5.0;25.0;55.6;10.0;0;0;0;0;16443.38;11280.08;5163.3;32437.773
2026-07-28T02:14:49.581415+02:00;standby;21.0;31.0;5.0;25.0;55.6;10.0;0;0;0;0;16443.38;11280.08;5163.3;32437.773
2026-07-28T02:15:50.168307+02:00;standby;21.0;31.0;5.0;25.0;55.6;10.0;0;0;0;0;16443.38;11280.08;5163.3;32437.773
2026-07-28T02:16:50.726496+02:00;standby;21.0;31.0;5.0;25.0;55.6;10.0;0;0;0;0;16443.38;11280.08;5163.3;32437.773
2026-07-28T02:17:52.608021+02:00;standby;21.0;31.0;5.0;25.0;55.6;10.0;0;0;0;0;16443.38;11280.08;5163.3;32437.773
2026-07-28T02:18:53.051500+02:00;standby;21.0;30.9;5.0;25.0;55.6;10.0;0;0;0;0;16443.38;11280.08;5163.3;32437.773
2026-07-28T02:19:53.644169+02:00;standby;21.0;30.9;5.0;25.0;55.6;10.0;0;0;0;0;16443.38;11280.08;5163.3;32437.773
2026-07-28T02:20:54.390239+02:00;standby;21.0;30.9;5.0;25.0;55.6;10.0;0;0;0;0;16443.38;11280.08;5163.3;32437.773
2026-07-28T02:21:54.878430+02:00;standby;21.0;30.9;5.0;25.0;55.6;10.0;0;0;0;0;16443.38;11280.08;5163.3;32437.773
2026-07-28T02:22:55.719094+02:00;standby;21.0;30.9;5.0;25.0;55.6;10.0;0;0;0;0;16443.38;11280.08;5163.3;32437.773
2026-07-28T02:23:57.798854+02:00;standby;21.0;30.9;5.0;25.0;55.6;10.0;0;0;0;0;16443.38;11280.08;5163.3;32437.773
2026-07-28T02:24:58.226546+02:00;standby;21.0;30.9;5.0;25.0;55.5;10.0;0;0;0;0;16443.38;11280.08;5163.3;32437.773
2026-07-28T02:25:58.676384+02:00;standby;21.0;30.9;5.0;25.0;55.5;10.0;0;0;0;0;16443.38;11280.08;5163.3;32437.773
2026-07-28T02:26:59.528262+02:00;standby;21.0;30.9;5.0;25.0;55.5;10.0;0;0;0;0;16443.38;11280.08;5163.3;32437.773
2026-07-28T02:28:00.096205+02:00;standby;21.0;30.7;5.0;25.0;55.5;10.0;0;0;0;0;16443.38;11280.08;5163.3;32437.773
2026-07-28T02:29:00.701126+02:00;standby;21.0;30.7;5.0;25.0;55.5;10.0;0;0;0;0;16443.38;11280.08;5163.3;32437.773
2026-07-28T02:30:01.673647+02:00;standby;21.0;30.7;5.0;25.0;55.5;10.0;0;0;0;0;16443.38;11280.08;5163.3;32437.773
2026-07-28T02:31:02.259450+02:00;standby;21.0;30.7;5.0;25.0;55.5;10.0;0;0;0;0;16443.38;11280.08;5163.3;32437.773
2026-07-28T02:32:02.783910+02:00;standby;21.0;30.7;5.0;25.0;55.5;10.0;0;0;0;0;16443.38;11280.08;5163.3;32437.773
2026-07-28T02:33:03.713446+02:00;standby;21.0;30.7;5.0;25.0;55.5;10.0;0;0;0;0;16443.38;11280.08;5163.3;32437.773
2026-07-28T02:34:04.183879+02:00;standby;21.0;30.7;5.0;25.0;55.5;10.0;0;0;0;0;16443.38;11280.08;5163.3;32437.773
2026-07-28T02:35:04.744107+02:00;standby;21.0;30.7;5.0;25.0;55.5;10.0;0;0;0;0;16443.38;11280.08;5163.3;32437.773
2026-07-28T02:36:05.434119+02:00;standby;21.0;30.6;5.0;25.0;55.5;10.0;0;0;0;0;16443.38;11280.08;5163.3;32437.773
2026-07-28T02:37:05.921935+02:00;standby;20.6;30.6;5.0;25.0;55.4;10.0;0;0;0;0;16443.38;11280.08;5163.3;32437.773
2026-07-28T02:38:06.777919+02:00;standby;20.6;30.6;5.0;25.0;55.4;10.0;0;0;0;0;16443.38;11280.08;5163.3;32437.773
2026-07-28T02:39:07.522910+02:00;standby;20.6;30.6;5.0;25.0;55.4;10.0;0;0;0;0;16443.38;11280.08;5163.3;32437.773
2026-07-28T02:40:08.092394+02:00;standby;20.6;30.6;5.0;25.0;55.4;10.0;0;0;0;0;16443.38;11280.08;5163.3;32437.773
2026-07-28T02:41:08.719555+02:00;standby;20.6;30.6;5.0;25.0;55.4;10.0;0;0;0;0;16443.38;11280.08;5163.3;32437.773
2026-07-28T02:42:09.204020+02:00;standby;20.6;30.6;5.0;25.0;55.4;10.0;0;0;0;0;16443.38;11280.08;5163.3;32437.773
2026-07-28T02:43:09.678294+02:00;standby;20.6;30.6;5.0;25.0;55.4;10.0;0;0;0;0;16443.38;11280.08;5163.3;32437.773
2026-07-28T02:44:10.425370+02:00;standby;20.6;30.6;5.0;25.0;55.4;10.0;0;0;0;0;16443.38;11280.08;5163.3;32437.773
2026-07-28T02:45:10.900492+02:00;standby;20.6;30.6;5.0;25.0;55.4;10.0;0;0;0;0;16443.38;11280.08;5163.3;32437.773
2026-07-28T02:46:11.551661+02:00;standby;20.6;30.6;5.0;25.0;55.4;10.0;0;0;0;0;16443.38;11280.08;5163.3;32437.773
2026-07-28T02:47:12.035552+02:00;standby;20.6;30.6;5.0;25.0;55.4;10.0;0;0;0;0;16443.38;11280.08;5163.3;32437.773
2026-07-28T02:48:12.522751+02:00;standby;20.6;30.5;5.0;25.0;55.4;10.0;0;0;0;0;16443.38;11280.08;5163.3;32437.773
2026-07-28T02:49:12.949427+02:00;standby;20.6;30.5;5.0;25.0;55.3;10.0;0;0;0;0;16443.38;11280.08;5163.3;32437.773
2026-07-28T02:50:13.415079+02:00;standby;20.6;30.5;5.0;25.0;55.3;10.0;0;0;0;0;16443.38;11280.08;5163.3;32437.773
2026-07-28T02:51:14.631839+02:00;standby;20.6;30.5;5.0;25.0;55.3;10.0;0;0;0;0;16443.38;11280.08;5163.3;32437.773
2026-07-28T02:52:15.049007+02:00;standby;20.6;30.5;5.0;25.0;55.3;10.0;0;0;0;0;16443.38;11280.08;5163.3;32437.773
2026-07-28T02:53:15.512823+02:00;standby;20.6;30.5;5.0;25.0;55.3;10.0;0;0;0;0;16443.38;11280.08;5163.3;32437.773
2026-07-28T02:54:16.450789+02:00;standby;20.6;30.5;5.0;25.0;55.3;10.0;0;0;0;0;16443.38;11280.08;5163.3;32437.773
2026-07-28T02:55:17.088233+02:00;standby;20.6;30.5;5.0;25.0;55.3;10.0;0;0;0;0;16443.38;11280.08;5163.3;32437.773
2026-07-28T02:56:17.844301+02:00;standby;20.6;30.4;5.0;25.0;55.3;10.0;0;0;0;0;16443.38;11280.08;5163.3;32437.773
2026-07-28T02:57:18.417056+02:00;standby;20.6;30.4;5.0;25.0;55.3;10.0;0;0;0;0;16443.38;11280.08;5163.3;32437.773
2026-07-28T02:58:19.139113+02:00;standby;20.6;30.4;5.0;25.0;55.3;10.0;0;0;0;0;16443.38;11280.08;5163.3;32437.773
2026-07-28T02:59:19.595288+02:00;standby;20.6;30.4;5.0;25.0;55.3;10.0;0;0;0;0;16443.38;11280.08;5163.3;32437.773
2026-07-28T03:00:20.040812+02:00;standby;20.6;30.4;5.0;25.0;55.3;10.0;0;0;0;0;16443.38;11280.08;5163.3;32437.773
2026-07-28T03:01:20.890096+02:00;standby;20.6;30.4;5.0;25.0;55.2;10.0;0;0;0;0;16443.38;11280.08;5163.3;32437.773
2026-07-28T03:02:21.355072+02:00;standby;20.6;30.4;5.0;25.0;55.2;10.0;0;0;0;0;16443.38;11280.08;5163.3;32437.773
2026-07-28T03:03:21.950835+02:00;standby;20.6;30.4;5.0;25.0;55.2;10.0;0;0;0;0;16443.38;11280.08;5163.3;32437.773
2026-07-28T03:04:22.401524+02:00;standby;20.6;30.4;5.0;25.0;55.2;10.0;0;0;0;0;16443.38;11280.08;5163.3;32437.773
2026-07-28T03:05:22.885419+02:00;standby;20.6;30.4;5.0;25.0;55.2;10.0;0;0;0;0;16443.38;11280.08;5163.3;32437.773
2026-07-28T03:06:23.365222+02:00;standby;20.6;30.4;5.0;25.0;55.2;10.0;0;0;0;0;16443.38;11280.08;5163.3;32437.773
2026-07-28T03:07:24.311163+02:00;standby;20.6;30.2;5.0;25.0;55.2;10.0;0;0;0;0;16443.38;11280.08;5163.3;32437.773
2026-07-28T03:08:24.731593+02:00;standby;20.6;30.2;5.0;25.0;55.2;10.0;0;0;0;0;16443.38;11280.08;5163.3;32437.773
2026-07-28T03:09:25.276991+02:00;standby;20.6;30.2;5.0;25.0;55.2;10.0;0;0;0;0;16443.38;11280.08;5163.3;32437.773
2026-07-28T03:10:26.075344+02:00;standby;20.6;30.2;5.0;25.0;55.2;10.0;0;0;0;0;16443.38;11280.08;5163.3;32437.773
2026-07-28T03:11:26.641806+02:00;standby;20.6;30.2;5.0;25.0;55.2;10.0;0;0;0;0;16443.38;11280.08;5163.3;32437.773
2026-07-28T03:12:27.067585+02:00;standby;20.6;30.2;5.0;25.0;55.2;10.0;0;0;0;0;16443.38;11280.08;5163.3;32437.773
2026-07-28T03:13:27.840047+02:00;standby;20.6;30.2;5.0;25.0;55.1;10.0;0;0;0;0;16443.38;11280.08;5163.3;32437.773
2026-07-28T03:14:28.379183+02:00;standby;20.6;30.2;5.0;25.0;55.1;10.0;0;0;0;0;16443.38;11280.08;5163.3;32437.773
2026-07-28T03:15:28.835179+02:00;standby;20.6;30.2;5.0;25.0;55.1;10.0;0;0;0;0;16443.38;11280.08;5163.3;32437.773
2026-07-28T03:16:29.319798+02:00;standby;20.6;30.2;5.0;25.0;55.1;10.0;0;0;0;0;16443.38;11280.08;5163.3;32437.773
2026-07-28T03:17:29.973769+02:00;standby;20.6;30.2;5.0;25.0;55.1;10.0;0;0;0;0;16443.38;11280.08;5163.3;32437.773
2026-07-28T03:18:30.637196+02:00;standby;20.6;30.2;5.0;25.0;55.1;10.0;0;0;0;0;16443.38;11280.08;5163.3;32437.773
2026-07-28T03:19:31.051600+02:00;standby;20.6;30.1;5.0;25.0;55.1;10.0;0;0;0;0;16443.38;11280.08;5163.3;32437.773
2026-07-28T03:20:31.521282+02:00;standby;20.6;30.1;5.0;25.0;55.1;10.0;0;0;0;0;16443.38;11280.08;5163.3;32437.773
2026-07-28T03:21:31.994266+02:00;standby;20.6;30.1;5.0;25.0;55.1;10.0;0;0;0;0;16443.38;11280.08;5163.3;32437.773
2026-07-28T03:22:33.048550+02:00;standby;20.6;30.1;5.0;25.0;55.1;10.0;0;0;0;0;16443.38;11280.08;5163.3;32437.773
2026-07-28T03:23:34.997547+02:00;standby;20.6;30.1;5.0;25.0;55.1;10.0;0;0;0;0;16443.38;11280.08;5163.3;32437.773
2026-07-28T03:24:35.507028+02:00;standby;20.6;30.1;5.0;25.0;54.9;10.0;0;0;0;0;16443.38;11280.08;5163.3;32437.773
2026-07-28T03:25:36.015092+02:00;standby;20.6;30.1;5.0;25.0;54.9;10.0;0;0;0;0;16443.38;11280.08;5163.3;32437.773
2026-07-28T03:26:36.512133+02:00;standby;20.6;30.1;5.0;25.0;54.9;10.0;0;0;0;0;16443.38;11280.08;5163.3;32437.773
2026-07-28T03:27:36.948186+02:00;standby;20.6;30.1;5.0;25.0;54.9;10.0;0;0;0;0;16443.38;11280.08;5163.3;32437.773
2026-07-28T03:28:37.628283+02:00;standby;20.6;30.1;5.0;25.0;54.9;10.0;0;0;0;0;16443.38;11280.08;5163.3;32437.773
2026-07-28T03:29:38.247996+02:00;standby;20.6;30.1;5.0;25.0;54.9;10.0;0;0;0;0;16443.38;11280.08;5163.3;32437.773
2026-07-28T03:30:39.000512+02:00;standby;20.6;30.1;5.0;25.0;54.9;10.0;0;0;0;0;16443.38;11280.08;5163.3;32437.773
2026-07-28T03:31:39.455303+02:00;standby;20.6;30.0;5.0;25.0;54.9;10.0;0;0;0;0;16443.38;11280.08;5163.3;32437.773
2026-07-28T03:32:39.941584+02:00;standby;20.6;30.0;5.0;25.0;54.9;10.0;0;0;0;0;16443.38;11280.08;5163.3;32437.773
2026-07-28T03:33:40.386584+02:00;standby;20.6;30.0;5.0;25.0;54.9;10.0;0;0;0;0;16443.38;11280.08;5163.3;32437.773
2026-07-28T03:34:40.941442+02:00;standby;20.6;30.0;5.0;25.0;54.9;10.0;0;0;0;0;16443.38;11280.08;5163.3;32437.773
2026-07-28T03:35:41.620190+02:00;standby;20.6;30.0;5.0;25.0;54.9;10.0;0;0;0;0;16443.38;11280.08;5163.3;32437.773
2026-07-28T03:36:42.033603+02:00;standby;20.6;30.0;5.0;25.0;54.9;10.0;0;0;0;0;16443.38;11280.08;5163.3;32437.773
2026-07-28T03:37:42.639476+02:00;standby;19.4;30.0;5.0;25.0;54.9;10.0;0;0;0;0;16443.38;11280.08;5163.3;32437.773
2026-07-28T03:38:43.077355+02:00;standby;19.4;30.0;5.0;25.0;54.8;10.0;0;0;0;0;16443.38;11280.08;5163.3;32437.773
2026-07-28T03:39:43.577428+02:00;standby;19.4;30.0;5.0;25.0;54.8;10.0;0;0;0;0;16443.38;11280.08;5163.3;32437.773
2026-07-28T03:40:44.386038+02:00;standby;19.4;30.0;5.0;25.0;54.8;10.0;0;0;0;0;16443.38;11280.08;5163.3;32437.773
2026-07-28T03:41:44.790918+02:00;standby;19.4;30.0;5.0;25.0;54.8;10.0;0;0;0;0;16443.38;11280.08;5163.3;32437.773
2026-07-28T03:42:45.617723+02:00;standby;19.4;30.0;5.0;25.0;54.8;10.0;0;0;0;0;16443.38;11280.08;5163.3;32437.773
2026-07-28T03:43:46.081439+02:00;standby;19.4;29.9;5.0;25.0;54.8;10.0;0;0;0;0;16443.38;11280.08;5163.3;32437.773
2026-07-28T03:44:47.550240+02:00;standby;19.4;29.9;5.0;25.0;54.8;10.0;0;0;0;0;16443.38;11280.08;5163.3;32437.773
2026-07-28T03:45:48.306227+02:00;standby;19.4;29.9;5.0;25.0;54.8;10.0;0;0;0;0;16443.38;11280.08;5163.3;32437.773
2026-07-28T03:46:48.765293+02:00;standby;19.4;29.9;5.0;25.0;54.8;10.0;0;0;0;0;16443.38;11280.08;5163.3;32437.773
2026-07-28T03:47:49.190464+02:00;standby;19.4;29.9;5.0;25.0;54.8;10.0;0;0;0;0;16443.38;11280.08;5163.3;32437.773
2026-07-28T03:48:49.626205+02:00;standby;19.4;29.9;5.0;25.0;54.7;10.0;0;0;0;0;16443.38;11280.08;5163.3;32437.773
2026-07-28T03:49:50.072971+02:00;standby;19.4;29.9;5.0;25.0;54.7;10.0;0;0;0;0;16443.38;11280.08;5163.3;32437.773
2026-07-28T03:50:50.547345+02:00;standby;19.4;29.9;5.0;25.0;54.7;10.0;0;0;0;0;16443.38;11280.08;5163.3;32437.773
2026-07-28T03:51:51.109469+02:00;standby;19.4;29.9;5.0;25.0;54.7;10.0;0;0;0;0;16443.38;11280.08;5163.3;32437.773
2026-07-28T03:52:51.574068+02:00;standby;19.4;29.9;5.0;25.0;54.7;10.0;0;0;0;0;16443.38;11280.08;5163.3;32437.773
2026-07-28T03:53:52.038126+02:00;standby;19.4;29.9;5.0;25.0;54.7;10.0;0;0;0;0;16443.38;11280.08;5163.3;32437.773
2026-07-28T03:54:52.476714+02:00;standby;19.4;29.9;5.0;25.0;54.7;10.0;0;0;0;0;16443.38;11280.08;5163.3;32437.773
2026-07-28T03:55:52.931591+02:00;standby;19.4;29.9;5.0;25.0;54.7;10.0;0;0;0;0;16443.38;11280.08;5163.3;32437.773
2026-07-28T03:56:53.406858+02:00;standby;19.4;29.9;5.0;25.0;54.7;10.0;0;0;0;0;16443.38;11280.08;5163.3;32437.773
2026-07-28T03:57:54.179041+02:00;standby;19.4;29.9;5.0;25.0;54.7;10.0;0;0;0;0;16443.38;11280.08;5163.3;32437.773
2026-07-28T03:58:54.903224+02:00;standby;19.4;29.7;5.0;25.0;54.7;10.0;0;0;0;0;16443.38;11280.08;5163.3;32437.773
2026-07-28T03:59:55.385538+02:00;standby;19.4;29.7;5.0;25.0;54.7;10.0;0;0;0;0;16443.38;11280.08;5163.3;32437.773
2026-07-28T04:00:55.883331+02:00;standby;19.4;29.7;5.0;25.0;54.6;57.0;0;0;0;0;16443.38;11280.08;5163.3;32437.773
2026-07-28T04:01:56.363394+02:00;standby;19.4;29.7;5.0;25.0;54.7;57.0;0;0;0;0;16443.38;11280.08;5163.3;32437.773
2026-07-28T04:02:56.889373+02:00;standby;19.4;29.7;5.0;25.0;54.6;57.0;0;0;0;0;16443.38;11280.08;5163.3;32437.773
2026-07-28T04:03:57.636114+02:00;standby;19.4;29.7;5.0;25.0;54.6;57.0;0;0;0;0;16443.38;11280.08;5163.3;32437.773
2026-07-28T04:04:58.329296+02:00;standby;19.4;29.7;5.0;25.0;54.6;57.0;0;0;0;0;16443.38;11280.08;5163.3;32437.773
2026-07-28T04:05:58.805768+02:00;standby;19.4;29.7;5.0;25.0;54.6;57.0;0;0;0;0;16443.38;11280.08;5163.3;32437.773
2026-07-28T04:06:59.264705+02:00;standby;19.4;29.7;5.0;25.0;54.6;57.0;0;0;0;0;16443.38;11280.08;5163.3;32437.773
2026-07-28T04:07:59.736172+02:00;standby;19.4;29.7;5.0;25.0;54.6;57.0;0;0;0;0;16443.38;11280.08;5163.3;32437.773
2026-07-28T04:09:00.400906+02:00;standby;19.4;29.7;5.0;25.0;54.6;57.0;0;0;0;0;16443.38;11280.08;5163.3;32437.773
2026-07-28T04:10:00.910593+02:00;standby;19.4;29.7;5.0;25.0;54.6;57.0;0;0;0;0;16443.38;11280.08;5163.3;32437.773
2026-07-28T04:11:01.555997+02:00;standby;19.4;29.7;5.0;25.0;54.6;57.0;0;0;0;0;16443.38;11280.08;5163.3;32437.773
2026-07-28T04:12:02.060995+02:00;standby;19.4;29.7;5.0;25.0;54.6;57.0;0;0;0;0;16443.38;11280.08;5163.3;32437.773
2026-07-28T04:13:02.596834+02:00;standby;19.4;29.7;5.0;25.0;54.6;57.0;0;0;0;0;16443.38;11280.08;5163.3;32437.773
2026-07-28T04:14:03.714089+02:00;standby;19.4;29.6;5.0;25.0;54.6;57.0;0;0;0;0;16443.38;11280.08;5163.3;32437.773
2026-07-28T04:15:04.129484+02:00;standby;19.4;29.6;5.0;25.0;54.5;57.0;0;0;0;0;16443.38;11280.08;5163.3;32437.773
2026-07-28T04:16:04.599610+02:00;standby;19.4;29.6;5.0;25.0;54.5;57.0;0;0;0;0;16443.38;11280.08;5163.3;32437.773
2026-07-28T04:17:05.536110+02:00;standby;19.4;29.6;5.0;25.0;54.5;57.0;0;0;0;0;16443.38;11280.08;5163.3;32437.773
2026-07-28T04:18:05.999538+02:00;standby;19.4;29.6;5.0;25.0;54.5;57.0;0;0;0;0;16443.38;11280.08;5163.3;32437.773
2026-07-28T04:19:06.663223+02:00;standby;19.4;29.6;5.0;25.0;54.5;57.0;0;0;0;0;16443.38;11280.08;5163.3;32437.773
2026-07-28T04:20:07.356297+02:00;standby;19.4;29.6;5.0;25.0;54.5;57.0;0;0;0;0;16443.38;11280.08;5163.3;32437.773
2026-07-28T04:21:07.955456+02:00;standby;19.4;29.6;5.0;25.0;54.5;57.0;0;0;0;0;16443.38;11280.08;5163.3;32437.773
2026-07-28T04:22:08.588249+02:00;standby;19.4;29.6;5.0;25.0;54.5;57.0;0;0;0;0;16443.38;11280.08;5163.3;32437.773
2026-07-28T04:23:09.309070+02:00;standby;19.4;29.6;5.0;25.0;54.5;57.0;0;0;0;0;16443.38;11280.08;5163.3;32437.773
2026-07-28T04:24:09.771644+02:00;standby;19.4;29.4;5.0;25.0;54.5;57.0;0;0;0;0;16443.38;11280.08;5163.3;32437.773
2026-07-28T04:25:10.233985+02:00;standby;19.4;29.6;5.0;25.0;54.5;57.0;0;0;0;0;16443.38;11280.08;5163.3;32437.773
2026-07-28T04:26:10.725533+02:00;standby;19.4;29.6;5.0;25.0;54.5;57.0;0;0;0;0;16443.38;11280.08;5163.3;32437.773
2026-07-28T04:27:11.136962+02:00;standby;19.4;29.4;5.0;25.0;54.4;57.0;0;0;0;0;16443.38;11280.08;5163.3;32437.773
2026-07-28T04:28:11.591220+02:00;standby;19.4;29.4;5.0;25.0;54.4;57.0;0;0;0;0;16443.38;11280.08;5163.3;32437.773
2026-07-28T04:29:12.161581+02:00;standby;19.4;29.4;5.0;25.0;54.4;57.0;0;0;0;0;16443.38;11280.08;5163.3;32437.773
2026-07-28T04:30:12.639985+02:00;standby;19.4;29.4;5.0;25.0;54.4;57.0;0;0;0;0;16443.38;11280.08;5163.3;32437.773
2026-07-28T04:31:13.269605+02:00;standby;19.4;29.4;5.0;25.0;54.4;57.0;0;0;0;0;16443.38;11280.08;5163.3;32437.773
2026-07-28T04:32:14.140221+02:00;standby;19.4;29.4;5.0;25.0;54.4;57.0;0;0;0;0;16443.38;11280.08;5163.3;32437.773
2026-07-28T04:33:14.654940+02:00;standby;19.4;29.4;5.0;25.0;54.4;57.0;0;0;0;0;16443.38;11280.08;5163.3;32437.773
2026-07-28T04:34:15.125614+02:00;standby;19.4;29.4;5.0;25.0;54.4;57.0;0;0;0;0;16443.38;11280.08;5163.3;32437.773
2026-07-28T04:35:15.600461+02:00;standby;19.4;29.4;5.0;25.0;54.4;57.0;0;0;0;0;16443.38;11280.08;5163.3;32437.773
2026-07-28T04:36:16.114890+02:00;standby;19.4;29.4;5.0;25.0;54.4;57.0;0;0;0;0;16443.38;11280.08;5163.3;32437.773
2026-07-28T04:37:16.584342+02:00;standby;19.4;29.4;5.0;25.0;54.4;57.0;0;0;0;0;16443.38;11280.08;5163.3;32437.773
2026-07-28T04:38:17.048479+02:00;standby;18.7;29.4;5.0;25.0;54.4;57.0;0;0;0;0;16443.38;11280.08;5163.3;32437.773
2026-07-28T04:39:17.526608+02:00;standby;18.7;29.4;5.0;25.0;54.4;57.0;0;0;0;0;16443.38;11280.08;5163.3;32437.773
2026-07-28T04:40:17.990654+02:00;standby;18.7;29.4;5.0;25.0;54.3;57.0;0;0;0;0;16443.38;11280.08;5163.3;32437.773
2026-07-28T04:41:18.499722+02:00;standby;18.7;29.4;5.0;25.0;54.3;57.0;0;0;0;0;16443.38;11280.08;5163.3;32437.773
2026-07-28T04:42:19.284570+02:00;standby;18.7;29.4;5.0;25.0;54.3;57.0;0;0;0;0;16443.38;11280.08;5163.3;32437.773
2026-07-28T04:43:19.796533+02:00;standby;18.7;29.3;5.0;25.0;54.3;57.0;0;0;0;0;16443.38;11280.08;5163.3;32437.773
2026-07-28T04:44:20.308157+02:00;standby;18.7;29.3;5.0;25.0;54.3;57.0;0;0;0;0;16443.38;11280.08;5163.3;32437.773
2026-07-28T04:45:20.836837+02:00;standby;18.7;29.3;5.0;25.0;54.3;57.0;0;0;0;0;16443.38;11280.08;5163.3;32437.773
2026-07-28T04:46:21.292689+02:00;standby;18.7;29.3;5.0;25.0;54.3;57.0;0;0;0;0;16443.38;11280.08;5163.3;32437.773
2026-07-28T04:47:22.021040+02:00;standby;18.7;29.3;5.0;25.0;54.3;57.0;0;0;0;0;16443.38;11280.08;5163.3;32437.773
2026-07-28T04:48:22.496247+02:00;standby;18.7;29.3;5.0;25.0;54.3;57.0;0;0;0;0;16443.38;11280.08;5163.3;32437.773
2026-07-28T04:49:23.384660+02:00;standby;18.7;29.3;5.0;25.0;54.3;57.0;0;0;0;0;16443.38;11280.08;5163.3;32437.773
2026-07-28T04:50:23.855152+02:00;standby;18.7;29.3;5.0;25.0;54.3;57.0;0;0;0;0;16443.38;11280.08;5163.3;32437.773
2026-07-28T04:51:24.298580+02:00;standby;18.7;29.3;5.0;25.0;54.3;57.0;0;0;0;0;16443.38;11280.08;5163.3;32437.773
2026-07-28T04:52:24.866232+02:00;standby;18.7;29.3;5.0;25.0;54.2;57.0;0;0;0;0;16443.38;11280.08;5163.3;32437.773
2026-07-28T04:53:25.296071+02:00;standby;18.7;29.3;5.0;25.0;54.2;57.0;0;0;0;0;16443.38;11280.08;5163.3;32437.773
2026-07-28T04:54:25.712812+02:00;standby;18.7;29.3;5.0;25.0;54.2;57.0;0;0;0;0;16443.38;11280.08;5163.3;32437.773
2026-07-28T04:55:26.162023+02:00;standby;18.7;29.3;5.0;25.0;54.2;57.0;0;0;0;0;16443.38;11280.08;5163.3;32437.773
2026-07-28T04:56:26.760443+02:00;standby;18.7;29.3;5.0;25.0;54.2;57.0;0;0;0;0;16443.38;11280.08;5163.3;32437.773
2026-07-28T04:57:27.237358+02:00;standby;18.7;29.3;5.0;25.0;54.2;57.0;0;0;0;0;16443.38;11280.08;5163.3;32437.773
2026-07-28T04:58:27.687005+02:00;standby;18.7;29.3;5.0;25.0;54.2;57.0;0;0;0;0;16443.38;11280.08;5163.3;32437.773
2026-07-28T04:59:28.205780+02:00;standby;18.7;29.3;5.0;25.0;54.2;57.0;0;0;0;0;16443.38;11280.08;5163.3;32437.773
2026-07-28T05:00:28.621337+02:00;standby;18.7;29.3;5.0;25.0;54.2;57.0;0;0;0;0;16443.38;11280.08;5163.3;32437.773
2026-07-28T05:01:29.109859+02:00;standby;18.7;29.2;5.0;25.0;54.2;57.0;0;0;0;0;16443.38;11280.08;5163.3;32437.773
2026-07-28T05:02:29.981460+02:00;standby;18.7;29.2;5.0;25.0;54.2;57.0;0;0;0;0;16443.38;11280.08;5163.3;32437.773
2026-07-28T05:03:32.743653+02:00;standby;18.7;29.2;5.0;25.0;54.2;57.0;0;0;0;0;16443.38;11280.08;5163.3;32437.773
2026-07-28T05:04:33.256598+02:00;standby;18.7;29.2;5.0;25.0;54.2;57.0;0;0;0;0;16443.38;11280.08;5163.3;32437.773
2026-07-28T05:05:33.975386+02:00;standby;18.7;29.2;5.0;25.0;54.1;57.0;0;0;0;0;16443.38;11280.08;5163.3;32437.773
2026-07-28T05:06:34.514596+02:00;standby;18.7;29.2;5.0;25.0;54.1;57.0;0;0;0;0;16443.38;11280.08;5163.3;32437.773
2026-07-28T05:07:35.216994+02:00;standby;18.7;29.2;5.0;25.0;54.1;57.0;0;0;0;0;16443.38;11280.08;5163.3;32437.773
2026-07-28T05:08:36.092924+02:00;standby;18.7;29.2;5.0;25.0;54.1;57.0;0;0;0;0;16443.38;11280.08;5163.3;32437.773
2026-07-28T05:09:36.572662+02:00;standby;18.7;29.2;5.0;25.0;54.1;57.0;0;0;0;0;16443.38;11280.08;5163.3;32437.773
2026-07-28T05:10:37.282810+02:00;standby;18.7;29.2;5.0;25.0;54.1;57.0;0;0;0;0;16443.38;11280.08;5163.3;32437.773
2026-07-28T05:11:37.774009+02:00;standby;18.7;29.2;5.0;25.0;54.1;57.0;0;0;0;0;16443.38;11280.08;5163.3;32437.773
2026-07-28T05:12:38.235974+02:00;standby;18.7;29.2;5.0;25.0;54.1;57.0;0;0;0;0;16443.38;11280.08;5163.3;32437.773
2026-07-28T05:13:38.658073+02:00;standby;18.7;29.2;5.0;25.0;54.1;57.0;0;0;0;0;16443.38;11280.08;5163.3;32437.773
2026-07-28T05:14:39.200998+02:00;standby;18.7;29.2;5.0;25.0;54.0;57.0;0;0;0;0;16443.38;11280.08;5163.3;32437.773
2026-07-28T05:15:39.959731+02:00;standby;18.7;29.2;5.0;25.0;54.0;57.0;0;0;0;0;16443.38;11280.08;5163.3;32437.773
2026-07-28T05:16:40.459189+02:00;standby;18.7;29.2;5.0;25.0;54.0;57.0;0;0;0;0;16443.38;11280.08;5163.3;32437.773
2026-07-28T05:17:40.877227+02:00;standby;18.7;29.2;5.0;25.0;54.0;57.0;0;0;0;0;16443.38;11280.08;5163.3;32437.773
2026-07-28T05:18:41.353135+02:00;standby;18.7;29.0;5.0;25.0;54.0;57.0;0;0;0;0;16443.38;11280.08;5163.3;32437.773
2026-07-28T05:19:41.977247+02:00;standby;18.7;29.0;5.0;25.0;54.0;57.0;0;0;0;0;16443.38;11280.08;5163.3;32437.773
2026-07-28T05:20:42.628942+02:00;standby;18.7;29.0;5.0;25.0;54.0;57.0;0;0;0;0;16443.38;11280.08;5163.3;32437.773
2026-07-28T05:21:43.115873+02:00;standby;18.7;29.0;5.0;25.0;54.0;57.0;0;0;0;0;16443.38;11280.08;5163.3;32437.773
2026-07-28T05:22:43.592308+02:00;standby;18.7;29.0;5.0;25.0;54.0;57.0;0;0;0;0;16443.38;11280.08;5163.3;32437.773
2026-07-28T05:23:44.710959+02:00;standby;18.7;29.0;5.0;25.0;54.0;57.0;0;0;0;0;16443.38;11280.08;5163.3;32437.773
2026-07-28T05:24:45.186076+02:00;standby;18.7;29.0;5.0;25.0;54.0;57.0;0;0;0;0;16443.38;11280.08;5163.3;32437.773
2026-07-28T05:25:45.639255+02:00;standby;18.7;29.0;5.0;25.0;54.0;57.0;0;0;0;0;16443.38;11280.08;5163.3;32437.773
2026-07-28T05:26:46.578579+02:00;standby;18.7;29.0;5.0;25.0;54.0;57.0;0;0;0;0;16443.38;11280.08;5163.3;32437.773
2026-07-28T05:27:47.108768+02:00;standby;18.7;29.0;5.0;25.0;54.0;57.0;0;0;0;0;16443.38;11280.08;5163.3;32437.773
2026-07-28T05:28:47.576534+02:00;standby;18.7;29.0;5.0;25.0;53.9;57.0;0;0;0;0;16443.38;11280.08;5163.3;32437.773
2026-07-28T05:29:47.988767+02:00;standby;18.7;29.0;5.0;25.0;53.9;57.0;0;0;0;0;16443.38;11280.08;5163.3;32437.773
2026-07-28T05:30:48.620072+02:00;standby;18.7;29.0;5.0;25.0;53.9;57.0;0;0;0;0;16443.38;11280.08;5163.3;32437.773
2026-07-28T05:31:50.050996+02:00;standby;18.7;29.0;5.0;32.0;53.9;57.0;0;0;0;0;16443.38;11280.08;5163.3;32437.773
2026-07-28T05:32:50.582870+02:00;standby;18.7;29.0;5.0;32.0;53.9;57.0;0;0;0;0;16443.38;11280.08;5163.3;32437.773
2026-07-28T05:33:51.206705+02:00;standby;18.7;29.0;5.0;32.0;53.9;57.0;0;0;0;0;16443.38;11280.08;5163.3;32437.773
2026-07-28T05:34:51.642098+02:00;standby;18.7;29.0;5.0;32.0;53.9;57.0;0;0;0;0;16443.38;11280.08;5163.3;32437.773
2026-07-28T05:35:52.201766+02:00;standby;18.7;29.0;5.0;32.0;53.9;57.0;0;0;0;0;16443.38;11280.08;5163.3;32437.773
2026-07-28T05:36:52.686861+02:00;standby;18.7;29.0;5.0;32.0;53.9;57.0;0;0;0;0;16443.38;11280.08;5163.3;32437.773
2026-07-28T05:37:53.362884+02:00;standby;18.7;29.0;5.0;32.0;53.9;57.0;0;0;0;0;16443.38;11280.08;5163.3;32437.773
2026-07-28T05:38:53.828213+02:00;standby;18.2;29.0;5.0;32.0;53.9;57.0;0;0;0;0;16443.38;11280.08;5163.3;32437.773
2026-07-28T05:39:54.266000+02:00;standby;18.2;28.9;5.0;32.0;53.9;57.0;0;0;0;0;16443.38;11280.08;5163.3;32437.773
2026-07-28T05:40:54.958322+02:00;standby;18.2;28.9;5.0;32.0;53.9;57.0;0;0;0;0;16443.38;11280.08;5163.3;32437.773
2026-07-28T05:41:55.495390+02:00;standby;18.2;28.9;5.0;32.0;53.8;57.0;0;0;0;0;16443.38;11280.08;5163.3;32437.773
2026-07-28T05:42:56.123136+02:00;standby;18.2;28.9;5.0;32.0;53.9;57.0;0;0;0;0;16443.38;11280.08;5163.3;32437.773
2026-07-28T05:43:56.590658+02:00;standby;18.2;28.9;5.0;32.0;53.8;57.0;0;0;0;0;16443.38;11280.08;5163.3;32437.773
2026-07-28T05:44:57.004865+02:00;standby;18.2;28.9;5.0;32.0;53.8;57.0;0;0;0;0;16443.38;11280.08;5163.3;32437.773
2026-07-28T05:45:57.484424+02:00;standby;18.2;28.9;5.0;32.0;53.8;57.0;0;0;0;0;16443.38;11280.08;5163.3;32437.773
2026-07-28T05:46:57.969414+02:00;standby;18.2;28.9;5.0;32.0;53.8;57.0;0;0;0;0;16443.38;11280.08;5163.3;32437.773
2026-07-28T05:47:58.530928+02:00;standby;18.2;28.9;5.0;32.0;53.8;57.0;0;0;0;0;16443.38;11280.08;5163.3;32437.773
2026-07-28T05:48:58.982421+02:00;standby;18.2;28.9;5.0;32.0;53.8;57.0;0;0;0;0;16443.38;11280.08;5163.3;32437.773
2026-07-28T05:49:59.540067+02:00;standby;18.2;28.9;5.0;32.0;53.8;57.0;0;0;0;0;16443.38;11280.08;5163.3;32437.773
2026-07-28T05:51:00.131737+02:00;standby;18.2;28.9;5.0;32.0;53.8;57.0;0;0;0;0;16443.38;11280.08;5163.3;32437.773
2026-07-28T05:52:02.623911+02:00;standby;18.2;28.9;5.0;32.0;53.7;57.0;0;0;0;0;16443.38;11280.08;5163.3;32437.773
2026-07-28T05:53:03.054407+02:00;standby;18.2;28.9;5.0;32.0;53.7;57.0;0;0;0;0;16443.38;11280.08;5163.3;32437.773
2026-07-28T05:54:03.677594+02:00;standby;18.2;28.9;5.0;32.0;53.7;57.0;0;0;0;0;16443.38;11280.08;5163.3;32437.773
2026-07-28T05:55:04.140306+02:00;standby;18.2;28.9;5.0;32.0;53.7;57.0;0;0;0;0;16443.38;11280.08;5163.3;32437.773
2026-07-28T05:56:04.564329+02:00;standby;18.2;28.9;5.0;32.0;53.7;57.0;0;0;0;0;16443.38;11280.08;5163.3;32437.773
2026-07-28T05:57:04.986329+02:00;standby;18.2;28.9;5.0;32.0;53.7;57.0;0;0;0;0;16443.38;11280.08;5163.3;32437.773
2026-07-28T05:58:05.428367+02:00;standby;18.2;28.9;5.0;32.0;53.7;57.0;0;0;0;0;16443.38;11280.08;5163.3;32437.773
2026-07-28T05:59:05.922022+02:00;standby;18.2;28.9;5.0;32.0;53.7;57.0;0;0;0;0;16443.38;11280.08;5163.3;32437.773
2026-07-28T06:00:06.482399+02:00;standby;18.2;28.9;5.0;32.0;53.7;57.0;0;0;0;0;16443.38;11280.08;5163.3;32437.773
2026-07-28T06:01:07.053290+02:00;standby;18.2;28.9;5.0;32.0;53.7;57.0;0;0;0;0;16443.38;11280.08;5163.3;32437.773
2026-07-28T06:02:07.518821+02:00;standby;18.2;28.9;5.0;32.0;53.7;57.0;0;0;0;0;16443.38;11280.08;5163.3;32437.773
2026-07-28T06:03:08.096386+02:00;standby;18.2;28.9;5.0;32.0;53.7;57.0;0;0;0;0;16443.38;11280.08;5163.3;32437.773
2026-07-28T06:04:08.653405+02:00;standby;18.2;28.9;5.0;32.0;53.7;57.0;0;0;0;0;16443.38;11280.08;5163.3;32437.773
2026-07-28T06:05:09.133078+02:00;standby;18.2;28.9;5.0;32.0;53.7;57.0;0;0;0;0;16443.38;11280.08;5163.3;32437.773
2026-07-28T06:06:09.598701+02:00;standby;18.2;28.7;5.0;32.0;53.6;57.0;0;0;0;0;16443.38;11280.08;5163.3;32437.773
2026-07-28T06:07:10.171444+02:00;standby;18.2;28.7;5.0;32.0;53.6;57.0;0;0;0;0;16443.38;11280.08;5163.3;32437.773
2026-07-28T06:08:10.801005+02:00;standby;18.2;28.7;5.0;32.0;53.6;57.0;0;0;0;0;16443.38;11280.08;5163.3;32437.773
2026-07-28T06:09:11.312496+02:00;standby;18.2;28.7;5.0;32.0;53.6;57.0;0;0;0;0;16443.38;11280.08;5163.3;32437.773
2026-07-28T06:10:11.782627+02:00;standby;18.2;28.7;5.0;32.0;53.6;57.0;0;0;0;0;16443.38;11280.08;5163.3;32437.773
2026-07-28T06:11:12.387886+02:00;standby;18.2;28.7;5.0;32.0;53.6;57.0;0;0;0;0;16443.38;11280.08;5163.3;32437.773
2026-07-28T06:12:13.077074+02:00;standby;18.2;28.7;5.0;32.0;53.6;57.0;0;0;0;0;16443.38;11280.08;5163.3;32437.773
2026-07-28T06:13:13.555393+02:00;standby;18.2;28.7;5.0;32.0;53.6;57.0;0;0;0;0;16443.38;11280.08;5163.3;32437.773
2026-07-28T06:14:14.007280+02:00;standby;18.2;28.7;5.0;32.0;53.6;57.0;0;0;0;0;16443.38;11280.08;5163.3;32437.773
2026-07-28T06:15:14.531879+02:00;standby;18.2;28.7;5.0;32.0;53.6;57.0;0;0;0;0;16443.38;11280.08;5163.3;32437.773
2026-07-28T06:16:15.768365+02:00;standby;18.2;28.7;5.0;32.0;53.6;57.0;0;0;0;0;16443.38;11280.08;5163.3;32437.773
2026-07-28T06:17:16.390306+02:00;standby;18.2;28.7;5.0;32.0;53.6;57.0;0;0;0;0;16443.38;11280.08;5163.3;32437.773
2026-07-28T06:18:17.119856+02:00;standby;18.2;28.7;5.0;32.0;53.6;57.0;0;0;0;0;16443.38;11280.08;5163.3;32437.773
2026-07-28T06:19:17.939160+02:00;standby;18.2;28.7;5.0;32.0;53.5;57.0;0;0;0;0;16443.38;11280.08;5163.3;32437.773
2026-07-28T06:20:18.501824+02:00;standby;18.2;28.7;5.0;32.0;53.5;57.0;0;0;0;0;16443.38;11280.08;5163.3;32437.773
2026-07-28T06:21:19.116870+02:00;standby;18.2;28.7;5.0;32.0;53.5;57.0;0;0;0;0;16443.38;11280.08;5163.3;32437.773
2026-07-28T06:22:19.640554+02:00;standby;18.2;28.7;5.0;32.0;53.5;57.0;0;0;0;0;16443.38;11280.08;5163.3;32437.773
2026-07-28T06:23:20.329572+02:00;standby;18.2;28.7;5.0;32.0;53.5;57.0;0;0;0;0;16443.38;11280.08;5163.3;32437.773
2026-07-28T06:24:21.148153+02:00;standby;18.2;28.7;5.0;32.0;53.5;57.0;0;0;0;0;16443.38;11280.08;5163.3;32437.773
2026-07-28T06:25:21.770350+02:00;standby;18.2;28.7;5.0;32.0;53.5;57.0;0;0;0;0;16443.38;11280.08;5163.3;32437.773
2026-07-28T06:26:22.501909+02:00;standby;18.2;28.7;5.0;32.0;53.5;57.0;0;0;0;0;16443.38;11280.08;5163.3;32437.773
2026-07-28T06:27:23.016235+02:00;standby;18.2;28.7;5.0;32.0;53.5;57.0;0;0;0;0;16443.38;11280.08;5163.3;32437.773
2026-07-28T06:28:23.528657+02:00;standby;18.2;28.7;5.0;32.0;53.5;57.0;0;0;0;0;16443.38;11280.08;5163.3;32437.773
2026-07-28T06:29:24.184651+02:00;standby;18.2;28.6;5.0;32.0;53.5;57.0;0;0;0;0;16443.38;11280.08;5163.3;32437.773
2026-07-28T06:30:24.786660+02:00;standby;18.2;28.6;5.0;32.0;53.5;57.0;0;0;0;0;16443.38;11280.08;5163.3;32437.773
2026-07-28T06:31:25.611353+02:00;standby;18.2;28.6;5.0;32.0;53.4;57.0;0;0;0;0;16443.38;11280.08;5163.3;32437.773
2026-07-28T06:32:26.329439+02:00;standby;18.2;28.6;5.0;32.0;53.4;57.0;0;0;0;0;16443.38;11280.08;5163.3;32437.773
2026-07-28T06:33:26.849560+02:00;standby;18.2;28.6;5.0;32.0;53.4;57.0;0;0;0;0;16443.38;11280.08;5163.3;32437.773
2026-07-28T06:34:27.367376+02:00;standby;18.2;28.6;5.0;32.0;53.4;57.0;0;0;0;0;16443.38;11280.08;5163.3;32437.773
2026-07-28T06:35:27.994538+02:00;standby;18.2;28.6;5.0;32.0;53.4;57.0;0;0;0;0;16443.38;11280.08;5163.3;32437.773
2026-07-28T06:36:28.918074+02:00;standby;18.2;28.6;5.0;32.0;53.4;57.0;0;0;0;0;16443.38;11280.08;5163.3;32437.773
2026-07-28T06:37:29.340878+02:00;standby;18.2;28.6;5.0;32.0;53.4;57.0;0;0;0;0;16443.38;11280.08;5163.3;32437.773
2026-07-28T06:38:30.094038+02:00;standby;18.2;28.6;5.0;32.0;53.4;57.0;0;0;0;0;16443.38;11280.08;5163.3;32437.773
2026-07-28T06:39:30.606719+02:00;standby;17.9;28.6;5.0;32.0;53.4;57.0;0;0;0;0;16443.38;11280.08;5163.3;32437.773
2026-07-28T06:40:31.231422+02:00;standby;17.9;28.6;5.0;32.0;53.4;57.0;0;0;0;0;16443.38;11280.08;5163.3;32437.773
2026-07-28T06:41:32.181371+02:00;standby;17.9;28.6;5.0;32.0;53.4;57.0;0;0;0;0;16443.38;11280.08;5163.3;32437.773
2026-07-28T06:42:33.267107+02:00;standby;17.9;28.6;5.0;32.0;53.4;57.0;0;0;0;0;16443.38;11280.08;5163.3;32437.773
2026-07-28T06:43:33.684941+02:00;standby;17.9;28.6;5.0;32.0;53.4;57.0;0;0;0;0;16443.38;11280.08;5163.3;32437.773
2026-07-28T06:44:34.139117+02:00;standby;17.9;28.6;5.0;32.0;53.3;57.0;0;0;0;0;16443.38;11280.08;5163.3;32437.773
2026-07-28T06:45:34.685894+02:00;standby;17.9;28.6;5.0;32.0;53.3;57.0;0;0;0;0;16443.38;11280.08;5163.3;32437.773
2026-07-28T06:46:35.239945+02:00;standby;17.9;28.6;5.0;32.0;53.3;57.0;0;0;0;0;16443.38;11280.08;5163.3;32437.773
2026-07-28T06:47:35.760802+02:00;standby;17.9;28.6;5.0;32.0;53.3;57.0;0;0;0;0;16443.38;11280.08;5163.3;32437.773
2026-07-28T06:48:36.378763+02:00;standby;17.9;28.6;5.0;32.0;53.3;57.0;0;0;0;0;16443.38;11280.08;5163.3;32437.773
2026-07-28T06:49:36.938723+02:00;standby;17.9;28.5;5.0;32.0;53.3;57.0;0;0;0;0;16443.38;11280.08;5163.3;32437.773
2026-07-28T06:50:37.451319+02:00;standby;17.9;28.6;5.0;32.0;53.3;57.0;0;0;0;0;16443.38;11280.08;5163.3;32437.773
2026-07-28T06:51:38.277325+02:00;standby;17.9;28.6;5.0;32.0;53.3;57.0;0;0;0;0;16443.38;11280.08;5163.3;32437.773
2026-07-28T06:52:38.772573+02:00;standby;17.9;28.6;5.0;32.0;53.3;57.0;0;0;0;0;16443.38;11280.08;5163.3;32437.773
2026-07-28T06:53:39.491183+02:00;standby;17.9;28.6;5.0;32.0;53.3;57.0;0;0;0;0;16443.38;11280.08;5163.3;32437.773
2026-07-28T06:54:40.009946+02:00;standby;17.9;28.5;5.0;32.0;53.3;57.0;0;0;0;0;16443.38;11280.08;5163.3;32437.773
2026-07-28T06:55:40.740131+02:00;standby;17.9;28.6;5.0;32.0;53.3;57.0;0;0;0;0;16443.38;11280.08;5163.3;32437.773
2026-07-28T06:56:41.394781+02:00;standby;17.9;28.6;5.0;32.0;53.3;57.0;0;0;0;0;16443.38;11280.08;5163.3;32437.773
2026-07-28T06:57:42.081032+02:00;standby;17.9;28.6;5.0;32.0;53.2;57.0;0;0;0;0;16443.38;11280.08;5163.3;32437.773
2026-07-28T06:58:42.583047+02:00;standby;17.9;28.6;5.0;32.0;53.2;57.0;0;0;0;0;16443.38;11280.08;5163.3;32437.773
2026-07-28T06:59:43.261570+02:00;standby;17.9;28.6;5.0;32.0;53.2;57.0;0;0;0;0;16443.38;11280.08;5163.3;32437.773
2026-07-28T07:00:43.769940+02:00;standby;17.9;28.6;5.0;32.0;53.2;57.0;0;0;0;0;16443.38;11280.08;5163.3;32437.773
2026-07-28T07:01:44.815010+02:00;standby;17.9;28.6;5.0;32.0;53.2;57.0;0;0;0;0;16443.38;11280.08;5163.3;32437.773
2026-07-28T07:02:45.327411+02:00;standby;17.9;28.6;5.0;32.0;53.2;57.0;0;0;0;0;16443.38;11280.08;5163.3;32437.773
2026-07-28T07:03:45.838909+02:00;standby;17.9;28.6;5.0;32.0;53.2;57.0;0;0;0;0;16443.38;11280.08;5163.3;32437.773
2026-07-28T07:04:46.801426+02:00;standby;17.9;28.6;5.0;32.0;53.2;57.0;0;0;0;0;16443.38;11280.08;5163.3;32437.773
2026-07-28T07:05:47.421770+02:00;standby;17.9;28.6;5.0;32.0;53.2;57.0;0;0;0;0;16443.38;11280.08;5163.3;32437.773
2026-07-28T07:06:47.882723+02:00;standby;17.9;28.6;5.0;32.0;53.2;57.0;0;0;0;0;16443.38;11280.08;5163.3;32437.773
2026-07-28T07:07:48.456264+02:00;standby;17.9;28.5;5.0;32.0;53.2;57.0;0;0;0;0;16443.38;11280.08;5163.3;32437.773
2026-07-28T07:08:49.374853+02:00;standby;17.9;28.5;5.0;32.0;53.2;57.0;0;0;0;0;16443.38;11280.08;5163.3;32437.773
2026-07-28T07:09:49.833130+02:00;standby;17.9;28.5;5.0;32.0;53.1;57.0;0;0;0;0;16443.38;11280.08;5163.3;32437.773
2026-07-28T07:10:50.266118+02:00;standby;17.9;28.5;5.0;32.0;53.1;57.0;0;0;0;0;16443.38;11280.08;5163.3;32437.773
2026-07-28T07:11:50.990016+02:00;standby;17.9;28.5;5.0;32.0;53.1;57.0;0;0;0;0;16443.38;11280.08;5163.3;32437.773
2026-07-28T07:12:51.648316+02:00;standby;17.9;28.5;5.0;31.0;53.1;57.0;0;0;0;0;16443.38;11280.08;5163.3;32437.773
2026-07-28T07:13:52.466939+02:00;standby;17.9;28.5;5.0;31.0;53.1;57.0;0;0;0;0;16443.38;11280.08;5163.3;32437.773
2026-07-28T07:14:53.084352+02:00;standby;17.9;28.5;5.0;31.0;53.1;57.0;0;0;0;0;16443.38;11280.08;5163.3;32437.773
2026-07-28T07:15:53.617509+02:00;standby;17.9;28.5;5.0;31.0;53.1;57.0;0;0;0;0;16443.38;11280.08;5163.3;32437.773
2026-07-28T07:16:54.098420+02:00;standby;17.9;28.5;5.0;31.0;53.1;57.0;0;0;0;0;16443.38;11280.08;5163.3;32437.773
2026-07-28T07:17:55.060653+02:00;standby;17.9;28.5;5.0;31.0;53.1;57.0;0;0;0;0;16443.38;11280.08;5163.3;32437.773
2026-07-28T07:18:55.610845+02:00;standby;17.9;28.5;5.0;31.0;53.1;57.0;0;0;0;0;16443.38;11280.08;5163.3;32437.773
2026-07-28T07:19:56.189758+02:00;standby;17.9;28.5;5.0;31.0;53.1;57.0;0;0;0;0;16443.38;11280.08;5163.3;32437.773
2026-07-28T07:20:56.814135+02:00;standby;17.9;28.5;5.0;31.0;53.1;57.0;0;0;0;0;16443.38;11280.08;5163.3;32437.773
2026-07-28T07:21:57.336007+02:00;standby;17.9;28.5;5.0;31.0;52.9;57.0;0;0;0;0;16443.38;11280.08;5163.3;32437.773
2026-07-28T07:22:57.951299+02:00;standby;17.9;28.5;5.0;31.0;53.1;57.0;0;0;0;0;16443.38;11280.08;5163.3;32437.773
2026-07-28T07:23:58.507588+02:00;standby;17.9;28.5;5.0;31.0;52.9;57.0;0;0;0;0;16443.38;11280.08;5163.3;32437.773
2026-07-28T07:24:59.057028+02:00;standby;17.9;28.3;5.0;31.0;52.9;57.0;0;0;0;0;16443.38;11280.08;5163.3;32437.773
2026-07-28T07:25:59.511416+02:00;standby;17.9;28.3;5.0;31.0;52.9;57.0;0;0;0;0;16443.38;11280.08;5163.3;32437.773
2026-07-28T07:27:00.300556+02:00;standby;17.9;28.3;5.0;31.0;52.9;57.0;0;0;0;0;16443.38;11280.08;5163.3;32437.773
2026-07-28T07:28:01.279410+02:00;standby;17.9;28.3;5.0;31.0;52.9;57.0;0;0;0;0;16443.38;11280.08;5163.3;32437.773
2026-07-28T07:29:01.725939+02:00;standby;17.9;28.3;5.0;31.0;52.9;57.0;0;0;0;0;16443.38;11280.08;5163.3;32437.773
2026-07-28T07:30:02.531211+02:00;standby;17.9;28.3;5.0;31.0;52.9;57.0;0;0;0;0;16443.38;11280.08;5163.3;32437.773
2026-07-28T07:31:03.131347+02:00;standby;17.9;28.3;5.0;31.0;52.9;57.0;0;0;0;0;16443.38;11280.08;5163.3;32437.773
2026-07-28T07:32:03.666588+02:00;standby;17.9;28.3;5.0;30.0;52.9;57.0;0;0;0;0;16443.38;11280.08;5163.3;32437.773
2026-07-28T07:33:05.058620+02:00;standby;17.9;28.3;5.0;30.0;52.9;57.0;0;0;0;0;16443.38;11280.08;5163.3;32437.773
2026-07-28T07:34:05.514568+02:00;standby;17.9;28.3;5.0;30.0;52.9;57.0;0;0;0;0;16443.38;11280.08;5163.3;32437.773
2026-07-28T07:35:06.136768+02:00;standby;17.9;28.3;5.0;30.0;52.8;57.0;0;0;0;0;16443.38;11280.08;5163.3;32437.773
2026-07-28T07:36:06.653474+02:00;standby;17.9;28.3;5.0;30.0;52.8;57.0;0;0;0;0;16443.38;11280.08;5163.3;32437.773
2026-07-28T07:37:07.256562+02:00;standby;17.9;28.3;5.0;30.0;52.8;57.0;0;0;0;0;16443.38;11280.08;5163.3;32437.773
2026-07-28T07:38:07.796270+02:00;standby;17.9;28.2;5.0;30.0;52.8;57.0;0;0;0;0;16443.38;11280.08;5163.3;32437.773
2026-07-28T07:39:08.372835+02:00;standby;17.9;28.3;5.0;30.0;52.8;57.0;0;0;0;0;16443.38;11280.08;5163.3;32437.773
2026-07-28T07:40:09.736534+02:00;standby;19.9;28.2;5.0;30.0;52.8;57.0;0;0;0;0;16443.38;11280.08;5163.3;32437.773
2026-07-28T07:41:10.168531+02:00;standby;19.9;28.2;5.0;30.0;52.8;57.0;0;0;0;0;16443.38;11280.08;5163.3;32437.773
2026-07-28T07:42:10.648366+02:00;standby;19.9;28.2;5.0;30.0;52.8;57.0;0;0;0;0;16443.38;11280.08;5163.3;32437.773
2026-07-28T07:43:11.234312+02:00;standby;19.9;28.2;5.0;30.0;52.8;57.0;0;0;0;0;16443.38;11280.08;5163.3;32437.773
2026-07-28T07:44:11.687153+02:00;standby;19.9;28.2;5.0;30.0;52.8;57.0;0;0;0;0;16443.38;11280.08;5163.3;32437.773
2026-07-28T07:45:12.616901+02:00;standby;19.9;28.2;5.0;30.0;52.8;57.0;0;0;0;0;16443.38;11280.08;5163.3;32437.773
2026-07-28T07:46:13.139091+02:00;standby;19.9;28.2;5.0;30.0;52.8;57.0;0;0;0;0;16443.38;11280.08;5163.3;32437.773
2026-07-28T07:47:13.939606+02:00;standby;19.9;28.2;5.0;30.0;52.8;57.0;0;0;0;0;16443.38;11280.08;5163.3;32437.773
2026-07-28T07:48:14.386534+02:00;standby;19.9;28.2;5.0;30.0;52.7;57.0;0;0;0;0;16443.38;11280.08;5163.3;32437.773
2026-07-28T07:49:15.048179+02:00;standby;19.9;28.2;5.0;30.0;52.7;57.0;0;0;0;0;16443.38;11280.08;5163.3;32437.773
2026-07-28T07:50:15.525145+02:00;standby;19.9;28.2;5.0;30.0;52.7;57.0;0;0;0;0;16443.38;11280.08;5163.3;32437.773
2026-07-28T07:51:16.245954+02:00;standby;19.9;28.2;5.0;30.0;52.7;57.0;0;0;0;0;16443.38;11280.08;5163.3;32437.773
2026-07-28T07:52:16.840121+02:00;standby;19.9;28.2;5.0;30.0;52.7;57.0;0;0;0;0;16443.38;11280.08;5163.3;32437.773
2026-07-28T07:53:17.323602+02:00;standby;19.9;28.2;5.0;30.0;52.7;57.0;0;0;0;0;16443.38;11280.08;5163.3;32437.773
2026-07-28T07:54:17.908365+02:00;standby;19.9;28.2;5.0;30.0;52.7;57.0;0;0;0;0;16443.38;11280.08;5163.3;32437.773
2026-07-28T07:55:18.470066+02:00;standby;19.9;28.2;5.0;30.0;52.7;57.0;0;0;0;0;16443.38;11280.08;5163.3;32437.773
2026-07-28T07:56:19.087652+02:00;standby;19.9;28.2;5.0;30.0;52.7;57.0;0;0;0;0;16443.38;11280.08;5163.3;32437.773
2026-07-28T07:57:19.560191+02:00;standby;19.9;28.2;5.0;30.0;52.7;57.0;0;0;0;0;16443.38;11280.08;5163.3;32437.773
2026-07-28T07:58:20.025074+02:00;standby;19.9;28.2;5.0;30.0;52.7;57.0;0;0;0;0;16443.38;11280.08;5163.3;32437.773
2026-07-28T07:59:20.508992+02:00;standby;19.9;28.2;5.0;30.0;52.7;57.0;0;0;0;0;16443.38;11280.08;5163.3;32437.773
2026-07-28T08:00:21.285865+02:00;standby;19.9;28.2;5.0;30.0;52.7;57.0;0;0;0;0;16443.38;11280.08;5163.3;32437.773
2026-07-28T08:01:22.223323+02:00;standby;19.9;28.0;5.0;30.0;52.6;57.0;0;0;0;0;16443.38;11280.08;5163.3;32437.773
2026-07-28T08:02:22.751547+02:00;standby;19.9;28.0;5.0;30.0;52.6;57.0;0;0;0;0;16443.38;11280.08;5163.3;32437.773
2026-07-28T08:03:23.350951+02:00;standby;19.9;28.0;5.0;30.0;52.6;57.0;0;0;0;0;16443.38;11280.08;5163.3;32437.773
2026-07-28T08:04:24.014989+02:00;standby;19.9;28.0;5.0;30.0;52.6;57.0;0;0;0;0;16443.38;11280.08;5163.3;32437.773
2026-07-28T08:05:24.597102+02:00;standby;19.9;28.0;5.0;30.0;52.6;57.0;0;0;0;0;16443.38;11280.08;5163.3;32437.773
2026-07-28T08:06:25.258601+02:00;standby;19.9;28.0;5.0;30.0;52.6;57.0;0;0;0;0;16443.38;11280.08;5163.3;32437.773
2026-07-28T08:07:25.756558+02:00;standby;19.9;28.0;5.0;30.0;52.6;57.0;0;0;0;0;16443.38;11280.08;5163.3;32437.773
2026-07-28T08:08:26.240042+02:00;standby;19.9;28.0;5.0;30.0;52.6;57.0;0;0;0;0;16443.38;11280.08;5163.3;32437.773
2026-07-28T08:09:26.784607+02:00;standby;19.9;28.0;5.0;30.0;52.6;57.0;0;0;0;0;16443.38;11280.08;5163.3;32437.773
2026-07-28T08:10:27.248558+02:00;standby;19.9;28.0;5.0;30.0;52.6;57.0;0;0;0;0;16443.38;11280.08;5163.3;32437.773
2026-07-28T08:11:27.664346+02:00;standby;19.9;28.0;5.0;30.0;52.6;57.0;0;0;0;0;16443.38;11280.08;5163.3;32437.773
2026-07-28T08:12:28.080723+02:00;standby;19.9;28.0;5.0;30.0;52.6;57.0;0;0;0;0;16443.38;11280.08;5163.3;32437.773
2026-07-28T08:13:28.600498+02:00;standby;19.9;28.0;5.0;30.0;52.5;57.0;0;0;0;0;16443.38;11280.08;5163.3;32437.773
2026-07-28T08:14:29.049628+02:00;standby;19.9;28.0;5.0;30.0;52.6;57.0;0;0;0;0;16443.38;11280.08;5163.3;32437.773
2026-07-28T08:15:29.629752+02:00;standby;19.9;28.0;5.0;30.0;52.5;57.0;0;0;0;0;16443.38;11280.08;5163.3;32437.773
2026-07-28T08:16:30.049601+02:00;standby;19.9;28.0;5.0;30.0;52.5;57.0;0;0;0;0;16443.38;11280.08;5163.3;32437.773
2026-07-28T08:17:30.648142+02:00;standby;19.9;28.0;5.0;30.0;52.5;57.0;0;0;0;0;16443.38;11280.08;5163.3;32437.773
2026-07-28T08:18:31.138144+02:00;standby;19.9;28.0;5.0;30.0;52.5;57.0;0;0;0;0;16443.38;11280.08;5163.3;32437.773
2026-07-28T08:19:31.966703+02:00;standby;19.9;27.9;5.0;30.0;52.5;57.0;0;0;0;0;16443.38;11280.08;5163.3;32437.773
2026-07-28T08:20:32.698370+02:00;standby;19.9;27.9;5.0;29.0;52.5;57.0;0;0;0;0;16443.38;11280.08;5163.3;32437.773
2026-07-28T08:21:33.156448+02:00;standby;19.9;27.9;5.0;29.0;52.5;57.0;0;0;0;0;16443.38;11280.08;5163.3;32437.773
2026-07-28T08:22:33.979096+02:00;standby;19.9;27.9;5.0;29.0;52.5;57.0;0;0;0;0;16443.38;11280.08;5163.3;32437.773
2026-07-28T08:23:34.447022+02:00;standby;19.9;27.9;5.0;29.0;52.5;57.0;0;0;0;0;16443.38;11280.08;5163.3;32437.773
2026-07-28T08:24:34.968187+02:00;standby;19.9;27.9;5.0;29.0;52.5;57.0;0;0;0;0;16443.38;11280.08;5163.3;32437.773
2026-07-28T08:25:35.431887+02:00;standby;19.9;27.9;5.0;29.0;52.4;57.0;0;0;0;0;16443.38;11280.08;5163.3;32437.773
2026-07-28T08:26:36.262756+02:00;standby;19.9;27.9;5.0;29.0;52.4;57.0;0;0;0;0;16443.38;11280.08;5163.3;32437.773
2026-07-28T08:27:36.755514+02:00;standby;19.9;27.9;5.0;29.0;52.4;57.0;0;0;0;0;16443.38;11280.08;5163.3;32437.773
2026-07-28T08:28:37.207184+02:00;standby;19.9;27.9;5.0;29.0;52.4;57.0;0;0;0;0;16443.38;11280.08;5163.3;32437.773
2026-07-28T08:29:37.623287+02:00;standby;19.9;27.9;5.0;29.0;52.4;57.0;0;0;0;0;16443.38;11280.08;5163.3;32437.773
2026-07-28T08:30:38.085369+02:00;standby;19.9;27.9;5.0;29.0;52.4;57.0;0;0;0;0;16443.38;11280.08;5163.3;32437.773
2026-07-28T08:31:38.665388+02:00;standby;19.9;27.9;5.0;29.0;52.4;57.0;0;0;0;0;16443.38;11280.08;5163.3;32437.773
2026-07-28T08:32:39.079572+02:00;standby;19.9;27.9;5.0;29.0;52.4;57.0;0;0;0;0;16443.38;11280.08;5163.3;32437.773
2026-07-28T08:33:39.684717+02:00;standby;19.9;27.9;5.0;29.0;52.4;57.0;0;0;0;0;16443.38;11280.08;5163.3;32437.773
2026-07-28T08:34:40.105961+02:00;standby;19.9;27.9;5.0;29.0;52.4;57.0;0;0;0;0;16443.38;11280.08;5163.3;32437.773
2026-07-28T08:35:40.588991+02:00;standby;19.9;27.9;5.0;29.0;52.4;57.0;0;0;0;0;16443.38;11280.08;5163.3;32437.773
2026-07-28T08:36:41.257255+02:00;standby;19.9;27.9;5.0;29.0;52.4;57.0;0;0;0;0;16443.38;11280.08;5163.3;32437.773
2026-07-28T08:37:41.878161+02:00;standby;19.9;27.9;5.0;29.0;52.4;57.0;0;0;0;0;16443.38;11280.08;5163.3;32437.773
2026-07-28T08:38:42.536923+02:00;standby;19.9;27.9;5.0;29.0;52.3;57.0;0;0;0;0;16443.38;11280.08;5163.3;32437.773
2026-07-28T08:39:43.267595+02:00;standby;19.9;27.9;5.0;29.0;52.3;57.0;0;0;0;0;16443.38;11280.08;5163.3;32437.773
2026-07-28T08:40:43.781963+02:00;standby;21.0;27.9;5.0;29.0;52.3;57.0;0;0;0;0;16443.38;11280.08;5163.3;32437.773
2026-07-28T08:41:45.251316+02:00;standby;21.0;27.9;5.0;29.0;52.3;57.0;0;0;0;0;16443.38;11280.08;5163.3;32437.773
2026-07-28T08:42:45.745959+02:00;standby;21.0;27.9;5.0;29.0;52.3;57.0;0;0;0;0;16443.38;11280.08;5163.3;32437.773
2026-07-28T08:43:46.222767+02:00;standby;21.0;27.7;5.0;29.0;52.3;57.0;0;0;0;0;16443.38;11280.08;5163.3;32437.773
2026-07-28T08:44:46.690434+02:00;standby;21.0;27.7;5.0;29.0;52.3;57.0;0;0;0;0;16443.38;11280.08;5163.3;32437.773
2026-07-28T08:45:47.194810+02:00;standby;21.0;27.7;5.0;29.0;52.3;57.0;0;0;0;0;16443.38;11280.08;5163.3;32437.773
2026-07-28T08:46:47.722527+02:00;standby;21.0;27.7;5.0;29.0;52.3;57.0;0;0;0;0;16443.38;11280.08;5163.3;32437.773
2026-07-28T08:47:48.289039+02:00;standby;21.0;27.7;5.0;29.0;52.3;57.0;0;0;0;0;16443.38;11280.08;5163.3;32437.773
2026-07-28T08:48:48.911897+02:00;standby;21.0;27.7;5.0;29.0;52.2;57.0;0;0;0;0;16443.38;11280.08;5163.3;32437.773
2026-07-28T08:49:49.374338+02:00;standby;21.0;27.7;5.0;29.0;52.3;57.0;0;0;0;0;16443.38;11280.08;5163.3;32437.773
2026-07-28T08:50:50.065058+02:00;standby;21.0;27.7;5.0;29.0;52.2;57.0;0;0;0;0;16443.38;11280.08;5163.3;32437.773
2026-07-28T08:51:50.634183+02:00;standby;21.0;27.7;5.0;29.0;52.2;57.0;0;0;0;0;16443.38;11280.08;5163.3;32437.773
2026-07-28T08:52:51.191355+02:00;standby;21.0;27.7;5.0;29.0;52.2;57.0;0;0;0;0;16443.38;11280.08;5163.3;32437.773
2026-07-28T08:53:52.461217+02:00;standby;21.0;27.7;5.0;29.0;52.2;57.0;0;0;0;0;16443.38;11280.08;5163.3;32437.773
2026-07-28T08:54:52.946880+02:00;standby;21.0;27.7;5.0;29.0;52.2;57.0;0;0;0;0;16443.38;11280.08;5163.3;32437.773
2026-07-28T08:55:53.405095+02:00;standby;21.0;27.7;5.0;29.0;52.2;57.0;0;0;0;0;16443.38;11280.08;5163.3;32437.773
2026-07-28T08:56:54.038459+02:00;standby;21.0;27.7;5.0;29.0;52.2;57.0;0;0;0;0;16443.38;11280.08;5163.3;32437.773
2026-07-28T08:57:54.652388+02:00;standby;21.0;27.7;5.0;29.0;52.2;57.0;0;0;0;0;16443.38;11280.08;5163.3;32437.773
2026-07-28T08:58:55.340917+02:00;standby;21.0;27.7;5.0;29.0;52.2;57.0;0;0;0;0;16443.38;11280.08;5163.3;32437.773
2026-07-28T08:59:56.544115+02:00;standby;21.0;27.7;5.0;29.0;52.2;57.0;0;0;0;0;16443.38;11280.08;5163.3;32437.773
2026-07-28T09:00:57.087347+02:00;standby;21.0;27.7;5.0;29.0;52.2;57.0;0;0;0;0;16443.38;11280.08;5163.3;32437.773
2026-07-28T09:01:57.552917+02:00;standby;21.0;27.7;5.0;29.0;52.2;57.0;0;0;0;0;16443.38;11280.08;5163.3;32437.773
2026-07-28T09:02:58.127892+02:00;standby;21.0;27.7;5.0;29.0;52.2;57.0;0;0;0;0;16443.38;11280.08;5163.3;32437.773
2026-07-28T09:03:58.550290+02:00;standby;21.0;27.7;5.0;29.0;52.1;57.0;0;0;0;0;16443.38;11280.08;5163.3;32437.773
2026-07-28T09:04:59.107461+02:00;standby;21.0;27.7;5.0;29.0;52.1;57.0;0;0;0;0;16443.38;11280.08;5163.3;32437.773
2026-07-28T09:05:59.588262+02:00;standby;21.0;27.7;5.0;29.0;52.1;57.0;0;0;0;0;16443.38;11280.08;5163.3;32437.773
2026-07-28T09:07:01.034467+02:00;standby;21.0;27.7;5.0;29.0;52.1;57.0;0;0;0;0;16443.38;11280.08;5163.3;32437.773
2026-07-28T09:08:01.449280+02:00;standby;21.0;27.7;5.0;29.0;52.1;57.0;0;0;0;0;16443.38;11280.08;5163.3;32437.773
2026-07-28T09:09:01.928921+02:00;standby;21.0;27.7;5.0;29.0;52.1;57.0;0;0;0;0;16443.38;11280.08;5163.3;32437.773
2026-07-28T09:10:02.376819+02:00;standby;21.0;27.7;5.0;29.0;52.1;57.0;0;0;0;0;16443.38;11280.08;5163.3;32437.773
2026-07-28T09:11:02.855137+02:00;standby;21.0;27.7;5.0;29.0;52.0;57.0;0;0;0;0;16443.38;11280.08;5163.3;32437.773
2026-07-28T09:12:03.563740+02:00;standby;21.0;27.7;5.0;29.0;52.0;57.0;0;0;0;0;16443.38;11280.08;5163.3;32437.773
2026-07-28T09:13:04.256947+02:00;standby;21.0;27.7;5.0;29.0;52.0;57.0;0;0;0;0;16443.38;11280.08;5163.3;32437.773
2026-07-28T09:14:04.724597+02:00;standby;21.0;27.7;5.0;29.0;52.0;57.0;0;0;0;0;16443.38;11280.08;5163.3;32437.773
2026-07-28T09:15:05.320933+02:00;standby;21.0;27.6;5.0;29.0;52.0;57.0;0;0;0;0;16443.38;11280.08;5163.3;32437.773
2026-07-28T09:16:05.864905+02:00;standby;21.0;27.7;5.0;29.0;52.0;57.0;0;0;0;0;16443.38;11280.08;5163.3;32437.773
2026-07-28T09:17:06.363734+02:00;standby;21.0;27.6;5.0;29.0;52.0;57.0;0;0;0;0;16443.38;11280.08;5163.3;32437.773
2026-07-28T09:18:06.954445+02:00;standby;21.0;27.6;5.0;29.0;52.0;57.0;0;0;0;0;16443.38;11280.08;5163.3;32437.773
2026-07-28T09:19:08.639755+02:00;standby;21.0;27.6;5.0;29.0;52.0;57.0;0;0;0;0;16443.38;11280.08;5163.3;32437.773
2026-07-28T09:20:09.277484+02:00;standby;21.0;27.6;5.0;29.0;52.0;57.0;0;0;0;0;16443.38;11280.08;5163.3;32437.773
2026-07-28T09:21:09.727971+02:00;standby;21.0;27.6;5.0;28.0;52.0;57.0;0;0;0;0;16443.38;11280.08;5163.3;32437.773
2026-07-28T09:22:10.196206+02:00;standby;21.0;27.6;5.0;28.0;52.0;57.0;0;0;0;0;16443.38;11280.08;5163.3;32437.773
2026-07-28T09:23:10.722425+02:00;standby;21.0;27.6;5.0;28.0;51.9;57.0;0;0;0;0;16443.38;11280.08;5163.3;32437.773
2026-07-28T09:24:11.443251+02:00;standby;21.0;27.6;5.0;28.0;51.9;57.0;0;0;0;0;16443.38;11280.08;5163.3;32437.773
2026-07-28T09:25:11.965584+02:00;standby;21.0;27.6;5.0;28.0;51.9;57.0;0;0;0;0;16443.38;11280.08;5163.3;32437.773
2026-07-28T09:26:13.633204+02:00;standby;21.0;27.6;5.0;28.0;51.9;57.0;0;0;0;0;16443.38;11280.08;5163.3;32437.773
2026-07-28T09:27:14.234044+02:00;standby;21.0;27.6;5.0;28.0;51.9;57.0;0;0;0;0;16443.38;11280.08;5163.3;32437.773
2026-07-28T09:28:14.698411+02:00;standby;21.0;27.6;5.0;28.0;51.9;57.0;0;0;0;0;16443.38;11280.08;5163.3;32437.773
2026-07-28T09:29:15.214868+02:00;standby;21.0;27.6;5.0;28.0;51.9;57.0;0;0;0;0;16443.38;11280.08;5163.3;32437.773
2026-07-28T09:30:15.730745+02:00;standby;21.0;27.6;5.0;28.0;51.9;57.0;0;0;0;0;16443.38;11280.08;5163.3;32437.773
2026-07-28T09:31:16.256573+02:00;standby;21.0;27.6;5.0;28.0;51.9;57.0;0;0;0;0;16443.38;11280.08;5163.3;32437.773
2026-07-28T09:32:16.735267+02:00;standby;21.0;27.6;5.0;28.0;51.9;57.0;0;0;0;0;16443.38;11280.08;5163.3;32437.773
2026-07-28T09:33:17.239206+02:00;standby;21.0;27.6;5.0;28.0;51.9;57.0;0;0;0;0;16443.38;11280.08;5163.3;32437.773
2026-07-28T09:34:17.718566+02:00;standby;21.0;27.6;5.0;28.0;51.9;57.0;0;0;0;0;16443.38;11280.08;5163.3;32437.773
2026-07-28T09:35:18.496399+02:00;standby;21.0;27.6;5.0;28.0;51.9;57.0;0;0;0;0;16443.38;11280.08;5163.3;32437.773
2026-07-28T09:36:19.058758+02:00;standby;21.0;27.6;5.0;28.0;51.8;57.0;0;0;0;0;16443.38;11280.08;5163.3;32437.773
2026-07-28T09:37:19.623262+02:00;standby;21.0;27.6;5.0;28.0;51.8;57.0;0;0;0;0;16443.38;11280.08;5163.3;32437.773
2026-07-28T09:38:20.239404+02:00;standby;21.0;27.6;5.0;28.0;51.8;57.0;0;0;0;0;16443.38;11280.08;5163.3;32437.773
2026-07-28T09:39:20.720714+02:00;standby;21.0;27.6;5.0;28.0;51.8;57.0;0;0;0;0;16443.38;11280.08;5163.3;32437.773
2026-07-28T09:40:21.449103+02:00;standby;21.0;27.6;5.0;28.0;51.8;57.0;0;0;0;0;16443.38;11280.08;5163.3;32437.773
2026-07-28T09:41:22.564068+02:00;standby;21.9;27.6;5.0;28.0;51.8;57.0;0;0;0;0;16443.38;11280.08;5163.3;32437.773
2026-07-28T09:42:23.041182+02:00;standby;21.9;27.6;5.0;28.0;51.8;57.0;0;0;0;0;16443.38;11280.08;5163.3;32437.773
2026-07-28T09:43:23.504183+02:00;standby;21.9;27.6;5.0;28.0;51.8;57.0;0;0;0;0;16443.38;11280.08;5163.3;32437.773
2026-07-28T09:44:24.025453+02:00;standby;21.9;27.6;5.0;28.0;51.8;57.0;0;0;0;0;16443.38;11280.08;5163.3;32437.773
2026-07-28T09:45:24.498022+02:00;standby;21.9;27.6;5.0;28.0;51.8;57.0;0;0;0;0;16443.38;11280.08;5163.3;32437.773
2026-07-28T09:46:26.594091+02:00;standby;21.9;27.6;5.0;28.0;51.8;57.0;0;0;0;0;16443.38;11280.08;5163.3;32437.773
2026-07-28T09:47:28.256935+02:00;standby;21.9;27.5;5.0;28.0;51.8;57.0;0;0;0;0;16443.38;11280.08;5163.3;32437.773
2026-07-28T09:48:28.724347+02:00;standby;21.9;27.5;5.0;28.0;51.7;57.0;0;0;0;0;16443.38;11280.08;5163.3;32437.773
2026-07-28T09:49:29.394626+02:00;standby;21.9;27.6;5.0;28.0;51.7;57.0;0;0;0;0;16443.38;11280.08;5163.3;32437.773
2026-07-28T09:50:29.817153+02:00;standby;21.9;27.5;5.0;28.0;51.7;57.0;0;0;0;0;16443.38;11280.08;5163.3;32437.773
2026-07-28T09:51:30.301924+02:00;standby;21.9;27.6;5.0;28.0;51.7;57.0;0;0;0;0;16443.38;11280.08;5163.3;32437.773
2026-07-28T09:52:30.948422+02:00;standby;21.9;27.5;5.0;28.0;51.7;57.0;0;0;0;0;16443.38;11280.08;5163.3;32437.773
2026-07-28T09:53:31.609738+02:00;standby;21.9;27.5;5.0;28.0;51.7;57.0;0;0;0;0;16443.38;11280.08;5163.3;32437.773
2026-07-28T09:54:32.032493+02:00;standby;21.9;27.5;5.0;28.0;51.7;57.0;0;0;0;0;16443.38;11280.08;5163.3;32437.773
2026-07-28T09:55:32.502977+02:00;standby;21.9;27.6;5.0;28.0;51.7;57.0;0;0;0;0;16443.38;11280.08;5163.3;32437.773
2026-07-28T09:56:32.974433+02:00;standby;21.9;27.5;5.0;28.0;51.7;57.0;0;0;0;0;16443.38;11280.08;5163.3;32437.773
2026-07-28T09:57:33.748451+02:00;standby;21.9;27.5;5.0;28.0;51.7;57.0;0;0;0;0;16443.38;11280.08;5163.3;32437.773
2026-07-28T09:58:34.230560+02:00;standby;21.9;27.5;5.0;28.0;51.7;57.0;0;0;0;0;16443.38;11280.08;5163.3;32437.773
2026-07-28T09:59:34.957801+02:00;standby;21.9;27.5;5.0;28.0;51.7;57.0;0;0;0;0;16443.38;11280.08;5163.3;32437.773
2026-07-28T10:00:35.419977+02:00;standby;21.9;27.5;5.0;28.0;51.7;57.0;0;0;0;0;16443.38;11280.08;5163.3;32437.773
2026-07-28T10:01:36.234111+02:00;standby;21.9;27.5;5.0;28.0;51.7;57.0;0;0;0;0;16443.38;11280.08;5163.3;32437.773
2026-07-28T10:02:36.713000+02:00;standby;21.9;27.5;5.0;28.0;51.6;57.0;0;0;0;0;16443.38;11280.08;5163.3;32437.773
2026-07-28T10:03:37.223630+02:00;standby;21.9;27.5;5.0;28.0;51.6;57.0;0;0;0;0;16443.38;11280.08;5163.3;32437.773
2026-07-28T10:04:38.042769+02:00;standby;21.9;27.5;5.0;28.0;51.6;57.0;0;0;0;0;16443.38;11280.08;5163.3;32437.773
2026-07-28T10:05:38.673716+02:00;standby;21.9;27.5;5.0;28.0;51.6;57.0;0;0;0;0;16443.38;11280.08;5163.3;32437.773
2026-07-28T10:06:39.182742+02:00;standby;21.9;27.5;5.0;28.0;51.6;57.0;0;0;0;0;16443.38;11280.08;5163.3;32437.773
2026-07-28T10:07:39.657905+02:00;standby;21.9;27.5;5.0;28.0;51.6;57.0;0;0;0;0;16443.38;11280.08;5163.3;32437.773
2026-07-28T10:08:40.482548+02:00;standby;21.9;27.5;5.0;28.0;51.6;57.0;0;0;0;0;16443.38;11280.08;5163.3;32437.773
2026-07-28T10:09:40.961636+02:00;standby;21.9;27.5;5.0;28.0;51.6;57.0;0;0;0;0;16443.38;11280.08;5163.3;32437.773
2026-07-28T10:10:41.719202+02:00;standby;21.9;27.5;5.0;28.0;51.6;57.0;0;0;0;0;16443.38;11280.08;5163.3;32437.773
2026-07-28T10:11:42.616400+02:00;standby;21.9;27.5;5.0;28.0;51.6;57.0;0;0;0;0;16443.38;11280.08;5163.3;32437.773
2026-07-28T10:12:43.431602+02:00;standby;21.9;27.5;5.0;28.0;51.6;57.0;0;0;0;0;16443.38;11280.08;5163.3;32437.773
2026-07-28T10:13:44.268519+02:00;standby;21.9;27.5;5.0;28.0;51.6;57.0;0;0;0;0;16443.38;11280.08;5163.3;32437.773
2026-07-28T10:14:45.142245+02:00;standby;21.9;27.5;5.0;28.0;51.6;57.0;0;0;0;0;16443.38;11280.08;5163.3;32437.773
2026-07-28T10:15:47.147589+02:00;standby;21.9;27.5;5.0;28.0;51.6;57.0;0;0;0;0;16443.38;11280.08;5163.3;32437.773
2026-07-28T10:16:47.664003+02:00;standby;21.9;27.5;5.0;28.0;51.6;57.0;0;0;0;0;16443.38;11280.08;5163.3;32437.773
2026-07-28T10:17:48.254864+02:00;standby;21.9;27.5;5.0;28.0;51.5;57.0;0;0;0;0;16443.38;11280.08;5163.3;32437.773
2026-07-28T10:18:48.754984+02:00;standby;21.9;27.5;5.0;28.0;51.5;57.0;0;0;0;0;16443.38;11280.08;5163.3;32437.773
2026-07-28T10:19:49.318963+02:00;standby;21.9;27.5;5.0;28.0;51.5;57.0;0;0;0;0;16443.38;11280.08;5163.3;32437.773
2026-07-28T10:20:49.862591+02:00;standby;21.9;27.5;5.0;28.0;51.5;57.0;0;0;0;0;16443.38;11280.08;5163.3;32437.773
2026-07-28T10:21:51.105402+02:00;standby;21.9;27.5;5.0;28.0;51.5;57.0;0;0;0;0;16443.38;11280.08;5163.3;32437.773
2026-07-28T10:22:53.026884+02:00;standby;21.9;27.5;5.0;28.0;51.5;57.0;0;0;0;0;16443.38;11280.08;5163.3;32437.773
2026-07-28T10:23:53.486967+02:00;standby;21.9;27.5;5.0;28.0;51.5;57.0;0;0;0;0;16443.38;11280.08;5163.3;32437.773
2026-07-28T10:24:53.970534+02:00;standby;21.9;27.5;5.0;28.0;51.5;57.0;0;0;0;0;16443.38;11280.08;5163.3;32437.773
2026-07-28T10:25:54.436875+02:00;standby;21.9;27.5;5.0;28.0;51.5;57.0;0;0;0;0;16443.38;11280.08;5163.3;32437.773
2026-07-28T10:26:55.063753+02:00;standby;21.9;27.5;5.0;28.0;51.5;57.0;0;0;0;0;16443.38;11280.08;5163.3;32437.773
2026-07-28T10:27:55.534621+02:00;standby;21.9;27.5;5.0;28.0;51.4;57.0;0;0;0;0;16443.38;11280.08;5163.3;32437.773
2026-07-28T10:28:56.206051+02:00;standby;21.9;27.5;5.0;28.0;51.4;57.0;0;0;0;0;16443.38;11280.08;5163.3;32437.773
2026-07-28T10:29:56.656279+02:00;standby;21.9;27.5;5.0;28.0;51.4;57.0;0;0;0;0;16443.38;11280.08;5163.3;32437.773
2026-07-28T10:30:57.130853+02:00;standby;21.9;27.5;5.0;28.0;51.4;57.0;0;0;0;0;16443.38;11280.08;5163.3;32437.773
2026-07-28T10:31:57.595154+02:00;standby;21.9;27.3;5.0;28.0;51.4;57.0;0;0;0;0;16443.38;11280.08;5163.3;32437.773
2026-07-28T10:32:58.262818+02:00;standby;21.9;27.3;5.0;28.0;51.4;57.0;0;0;0;0;16443.38;11280.08;5163.3;32437.773
2026-07-28T10:33:58.860140+02:00;standby;21.9;27.5;5.0;28.0;51.4;57.0;0;0;0;0;16443.38;11280.08;5163.3;32437.773
2026-07-28T10:34:59.362440+02:00;standby;21.9;27.3;5.0;28.0;51.4;57.0;0;0;0;0;16443.38;11280.08;5163.3;32437.773
2026-07-28T10:35:59.820234+02:00;standby;21.9;27.3;5.0;28.0;51.4;57.0;0;0;0;0;16443.38;11280.08;5163.3;32437.773
2026-07-28T10:37:00.782828+02:00;standby;21.9;27.5;5.0;28.0;51.4;57.0;0;0;0;0;16443.38;11280.08;5163.3;32437.773
2026-07-28T10:38:01.651455+02:00;standby;21.9;27.3;5.0;28.0;51.4;57.0;0;0;0;0;16443.38;11280.08;5163.3;32437.773
2026-07-28T10:39:02.176621+02:00;standby;21.9;27.3;5.0;28.0;51.4;57.0;0;0;0;0;16443.38;11280.08;5163.3;32437.773
2026-07-28T10:40:02.630335+02:00;standby;21.9;27.3;5.0;28.0;51.4;57.0;0;0;0;0;16443.38;11280.08;5163.3;32437.773
2026-07-28T10:41:03.413087+02:00;standby;21.9;27.3;5.0;28.0;51.3;57.0;0;0;0;0;16443.38;11280.08;5163.3;32437.773
2026-07-28T10:42:03.924174+02:00;standby;23.1;27.3;5.0;28.0;51.3;57.0;0;0;0;0;16443.38;11280.08;5163.3;32437.773
2026-07-28T10:43:04.410659+02:00;standby;23.1;27.3;5.0;28.0;51.3;57.0;0;0;0;0;16443.38;11280.08;5163.3;32437.773
2026-07-28T10:44:04.911628+02:00;standby;23.1;27.3;5.0;28.0;51.3;57.0;0;0;0;0;16443.38;11280.08;5163.3;32437.773
2026-07-28T10:45:05.327349+02:00;standby;23.1;27.3;5.0;28.0;51.3;57.0;0;0;0;0;16443.38;11280.08;5163.3;32437.773
2026-07-28T10:46:05.768860+02:00;standby;23.1;27.3;5.0;28.0;51.2;57.0;0;0;0;0;16443.38;11280.08;5163.3;32437.773
2026-07-28T10:47:06.522993+02:00;standby;23.1;27.3;5.0;28.0;51.2;57.0;0;0;0;0;16443.38;11280.08;5163.3;32437.773
2026-07-28T10:48:07.135392+02:00;standby;23.1;27.3;5.0;28.0;51.1;57.0;0;0;0;0;16443.38;11280.08;5163.3;32437.773
2026-07-28T10:49:07.701421+02:00;standby;23.1;27.3;5.0;28.0;51.1;57.0;0;0;0;0;16443.38;11280.08;5163.3;32437.773
2026-07-28T10:50:08.172237+02:00;standby;23.1;27.3;5.0;28.0;51.1;57.0;0;0;0;0;16443.38;11280.08;5163.3;32437.773
2026-07-28T10:51:08.940033+02:00;standby;23.1;27.3;5.0;28.0;51.1;57.0;0;0;0;0;16443.38;11280.08;5163.3;32437.773
2026-07-28T10:52:09.544932+02:00;standby;23.1;27.3;5.0;28.0;51.1;57.0;0;0;0;0;16443.38;11280.08;5163.3;32437.773
2026-07-28T10:53:10.220505+02:00;standby;23.1;27.3;5.0;28.0;51.1;57.0;0;0;0;0;16443.38;11280.08;5163.3;32437.773
2026-07-28T10:54:10.982532+02:00;standby;23.1;27.3;5.0;28.0;51.1;57.0;0;0;0;0;16443.38;11280.08;5163.3;32437.773
2026-07-28T10:55:11.696048+02:00;standby;23.1;27.3;5.0;28.0;51.1;57.0;0;0;0;0;16443.38;11280.08;5163.3;32437.773
2026-07-28T10:56:12.186661+02:00;standby;23.1;27.3;5.0;28.0;51.1;57.0;0;0;0;0;16443.38;11280.08;5163.3;32437.773
2026-07-28T10:57:12.811150+02:00;standby;23.1;27.3;5.0;28.0;51.1;57.0;0;0;0;0;16443.38;11280.08;5163.3;32437.773
2026-07-28T10:58:13.683908+02:00;standby;23.1;27.3;5.0;28.0;51.1;57.0;0;0;0;0;16443.38;11280.08;5163.3;32437.773
2026-07-28T10:59:14.131498+02:00;standby;23.1;27.3;5.0;28.0;51.1;57.0;0;0;0;0;16443.38;11280.08;5163.3;32437.773
2026-07-28T11:00:14.593058+02:00;standby;23.1;27.3;5.0;28.0;50.9;57.0;0;0;0;0;16443.38;11280.08;5163.3;32437.773
2026-07-28T11:01:15.086720+02:00;standby;23.1;27.3;5.0;28.0;50.9;57.0;0;0;0;0;16443.38;11280.08;5163.3;32437.773
2026-07-28T11:02:15.659880+02:00;standby;23.1;27.3;5.0;28.0;50.9;57.0;0;0;0;0;16443.38;11280.08;5163.3;32437.773
2026-07-28T11:03:16.332967+02:00;standby;23.1;27.3;5.0;28.0;50.8;57.0;0;0;0;0;16443.38;11280.08;5163.3;32437.773
2026-07-28T11:04:17.642853+02:00;standby;23.1;27.3;5.0;28.0;50.8;57.0;0;0;0;0;16443.38;11280.08;5163.3;32437.773
2026-07-28T11:05:18.140962+02:00;standby;23.1;27.3;5.0;28.0;50.7;57.0;0;0;0;0;16443.38;11280.08;5163.3;32437.773
2026-07-28T11:06:18.844487+02:00;standby;23.1;27.3;5.0;28.0;50.7;57.0;0;0;0;0;16443.38;11280.08;5163.3;32437.773
2026-07-28T11:07:19.328632+02:00;standby;23.1;27.3;5.0;28.0;50.7;57.0;0;0;0;0;16443.38;11280.08;5163.3;32437.773
2026-07-28T11:08:19.772328+02:00;standby;23.1;27.3;5.0;28.0;50.7;57.0;0;0;0;0;16443.38;11280.08;5163.3;32437.773
2026-07-28T11:09:20.807004+02:00;standby;23.1;27.3;5.0;28.0;50.7;57.0;0;0;0;0;16443.38;11280.08;5163.3;32437.773
2026-07-28T11:10:21.279490+02:00;standby;23.1;27.3;5.0;28.0;50.7;57.0;0;0;0;0;16443.38;11280.08;5163.3;32437.773
2026-07-28T11:11:22.102101+02:00;standby;23.1;27.3;5.0;28.0;50.7;57.0;0;0;0;0;16443.38;11280.08;5163.3;32437.773
2026-07-28T11:12:22.540638+02:00;standby;23.1;27.3;5.0;28.0;50.7;57.0;0;0;0;0;16443.38;11280.08;5163.3;32437.773
2026-07-28T11:13:23.041122+02:00;standby;23.1;27.3;5.0;28.0;50.6;57.0;0;0;0;0;16443.38;11280.08;5163.3;32437.773
2026-07-28T11:14:23.553458+02:00;standby;23.1;27.3;5.0;28.0;50.6;57.0;0;0;0;0;16443.38;11280.08;5163.3;32437.773
2026-07-28T11:15:24.461520+02:00;standby;23.1;27.3;5.0;28.0;50.6;57.0;0;0;0;0;16443.38;11280.08;5163.3;32437.773
2026-07-28T11:16:25.385954+02:00;standby;23.1;27.3;5.0;28.0;50.6;57.0;0;0;0;0;16443.38;11280.08;5163.3;32437.773
2026-07-28T11:17:26.452356+02:00;standby;23.1;27.3;5.0;28.0;50.6;57.0;0;0;0;0;16443.38;11280.08;5163.3;32437.773
2026-07-28T11:18:26.928540+02:00;standby;23.1;27.3;5.0;28.0;50.6;57.0;0;0;0;0;16443.38;11280.08;5163.3;32437.773
2026-07-28T11:19:28.106057+02:00;standby;23.1;27.3;5.0;28.0;50.6;57.0;0;0;0;0;16443.38;11280.08;5163.3;32437.773
2026-07-28T11:20:28.552960+02:00;standby;23.1;27.3;5.0;28.0;50.6;57.0;0;0;0;0;16443.38;11280.08;5163.3;32437.773
2026-07-28T11:21:29.233131+02:00;standby;23.1;27.3;5.0;28.0;50.6;57.0;0;0;0;0;16443.38;11280.08;5163.3;32437.773
2026-07-28T11:22:29.818693+02:00;standby;23.1;27.3;5.0;28.0;50.6;57.0;0;0;0;0;16443.38;11280.08;5163.3;32437.773
2026-07-28T11:23:30.510806+02:00;standby;23.1;27.3;5.0;28.0;50.6;57.0;0;0;0;0;16443.38;11280.08;5163.3;32437.773
2026-07-28T11:24:31.034026+02:00;standby;23.1;27.3;5.0;28.0;50.6;57.0;0;0;0;0;16443.38;11280.08;5163.3;32437.773
2026-07-28T11:25:31.560287+02:00;standby;23.1;27.3;5.0;28.0;50.5;57.0;0;0;0;0;16443.38;11280.08;5163.3;32437.773
2026-07-28T11:26:32.250963+02:00;standby;23.1;27.3;5.0;28.0;50.5;57.0;0;0;0;0;16443.38;11280.08;5163.3;32437.773
2026-07-28T11:27:32.662367+02:00;standby;23.1;27.3;5.0;28.0;50.5;57.0;0;0;0;0;16443.38;11280.08;5163.3;32437.773
2026-07-28T11:28:33.134954+02:00;standby;23.1;27.3;5.0;28.0;50.5;57.0;0;0;0;0;16443.38;11280.08;5163.3;32437.773
2026-07-28T11:29:33.800593+02:00;standby;23.1;27.3;5.0;28.0;50.5;57.0;0;0;0;0;16443.38;11280.08;5163.3;32437.773
2026-07-28T11:30:34.257081+02:00;standby;23.1;27.3;5.0;28.0;50.5;57.0;0;0;0;0;16443.38;11280.08;5163.3;32437.773
2026-07-28T11:31:34.673056+02:00;standby;23.1;27.3;5.0;28.0;50.5;57.0;0;0;0;0;16443.38;11280.08;5163.3;32437.773
2026-07-28T11:32:35.095911+02:00;standby;23.1;27.3;5.0;28.0;50.5;57.0;0;0;0;0;16443.38;11280.08;5163.3;32437.773
2026-07-28T11:33:35.785505+02:00;standby;23.1;27.3;5.0;28.0;50.5;57.0;0;0;0;0;16443.38;11280.08;5163.3;32437.773
2026-07-28T11:34:36.233834+02:00;standby;23.1;27.3;5.0;28.0;50.5;57.0;0;0;0;0;16443.38;11280.08;5163.3;32437.773
2026-07-28T11:35:36.980355+02:00;standby;23.1;27.3;5.0;28.0;50.5;57.0;0;0;0;0;16443.38;11280.08;5163.3;32437.773
2026-07-28T11:36:37.716342+02:00;standby;23.1;27.3;5.0;28.0;50.4;57.0;0;0;0;0;16443.38;11280.08;5163.3;32437.773
2026-07-28T11:37:38.394903+02:00;standby;23.1;27.3;5.0;28.0;50.5;57.0;0;0;0;0;16443.38;11280.08;5163.3;32437.773
2026-07-28T11:38:38.863715+02:00;standby;23.1;27.3;5.0;28.0;50.4;57.0;0;0;0;0;16443.38;11280.08;5163.3;32437.773
2026-07-28T11:39:39.481692+02:00;standby;23.1;27.3;5.0;28.0;50.4;57.0;0;0;0;0;16443.38;11280.08;5163.3;32437.773
2026-07-28T11:40:40.062006+02:00;standby;23.1;27.3;5.0;28.0;50.4;57.0;0;0;0;0;16443.38;11280.08;5163.3;32437.773
2026-07-28T11:41:40.546554+02:00;standby;23.1;27.3;5.0;28.0;50.3;57.0;0;0;0;0;16443.38;11280.08;5163.3;32437.773
2026-07-28T11:42:41.094635+02:00;standby;24.2;27.3;5.0;28.0;50.3;57.0;0;0;0;0;16443.38;11280.08;5163.3;32437.773
2026-07-28T11:43:41.557891+02:00;standby;24.2;27.3;5.0;28.0;50.3;57.0;0;0;0;0;16443.38;11280.08;5163.3;32437.773
2026-07-28T11:44:41.979619+02:00;standby;24.2;27.3;5.0;28.0;50.2;57.0;0;0;0;0;16443.38;11280.08;5163.3;32437.773
2026-07-28T11:45:42.588294+02:00;standby;24.2;27.3;5.0;28.0;50.2;57.0;0;0;0;0;16443.38;11280.08;5163.3;32437.773
2026-07-28T11:46:43.339299+02:00;standby;24.2;27.3;5.0;28.0;50.2;57.0;0;0;0;0;16443.38;11280.08;5163.3;32437.773
2026-07-28T11:47:44.140913+02:00;standby;24.2;27.3;5.0;28.0;50.1;57.0;0;0;0;0;16443.38;11280.08;5163.3;32437.773
2026-07-28T11:48:45.039029+02:00;standby;24.2;27.3;5.0;28.0;50.1;57.0;0;0;0;0;16443.38;11280.08;5163.3;32437.773
2026-07-28T11:49:45.720643+02:00;standby;24.2;27.3;5.0;28.0;50.1;57.0;0;0;0;0;16443.38;11280.08;5163.3;32437.773
2026-07-28T11:50:46.576201+02:00;standby;24.2;27.3;5.0;28.0;50.1;57.0;0;0;0;0;16443.38;11280.08;5163.3;32437.773
2026-07-28T11:51:47.142008+02:00;standby;24.2;27.3;5.0;28.0;50.1;57.0;0;0;0;0;16443.38;11280.08;5163.3;32437.773
2026-07-28T11:52:47.655997+02:00;standby;24.2;27.3;5.0;28.0;50.1;57.0;0;0;0;0;16443.38;11280.08;5163.3;32437.773
2026-07-28T11:53:48.421215+02:00;standby;24.2;27.3;5.0;28.0;50.1;57.0;0;0;0;0;16443.38;11280.08;5163.3;32437.773
2026-07-28T11:54:49.441865+02:00;standby;24.2;27.2;5.0;28.0;50.1;57.0;0;0;0;0;16443.38;11280.08;5163.3;32437.773
2026-07-28T11:55:50.194651+02:00;standby;24.2;27.3;5.0;28.0;50.0;57.0;0;0;0;0;16443.38;11280.08;5163.3;32437.773
2026-07-28T11:56:51.119912+02:00;standby;24.2;27.3;5.0;28.0;50.0;57.0;0;0;0;0;16443.38;11280.08;5163.3;32437.773
2026-07-28T11:57:51.623287+02:00;standby;24.2;27.3;5.0;28.0;50.0;57.0;0;0;0;0;16443.38;11280.08;5163.3;32437.773
2026-07-28T11:58:52.061733+02:00;standby;24.2;27.3;5.0;28.0;49.9;57.0;0;0;0;0;16443.38;11280.08;5163.3;32437.773
2026-07-28T11:59:52.486282+02:00;standby;24.2;27.3;5.0;28.0;50.0;57.0;0;0;0;0;16443.38;11280.08;5163.3;32437.773
2026-07-28T12:00:52.941294+02:00;standby;24.2;27.3;5.0;28.0;49.9;57.0;0;0;0;0;16443.38;11280.08;5163.3;32437.773
2026-07-28T12:01:54.405750+02:00;standby;24.2;27.3;5.0;28.0;49.9;57.0;0;0;0;0;16443.38;11280.08;5163.3;32437.773
2026-07-28T12:02:54.891973+02:00;standby;24.2;27.2;5.0;28.0;49.9;57.0;0;0;0;0;16443.38;11280.08;5163.3;32437.773
2026-07-28T12:03:55.923644+02:00;standby;24.2;27.3;5.0;28.0;49.9;57.0;0;0;0;0;16443.38;11280.08;5163.3;32437.773
2026-07-28T12:04:56.528170+02:00;standby;24.2;27.3;5.0;28.0;49.9;57.0;0;0;0;0;16443.38;11280.08;5163.3;32437.773
2026-07-28T12:05:57.029714+02:00;standby;24.2;27.2;5.0;28.0;49.9;57.0;0;0;0;0;16443.38;11280.08;5163.3;32437.773
2026-07-28T12:06:57.615314+02:00;standby;24.2;27.2;5.0;28.0;49.8;57.0;0;0;0;0;16443.38;11280.08;5163.3;32437.773
2026-07-28T12:07:58.478765+02:00;standby;24.2;27.2;5.0;28.0;49.8;57.0;0;0;0;0;16443.38;11280.08;5163.3;32437.773
2026-07-28T12:08:58.973414+02:00;standby;24.2;27.2;5.0;28.0;49.8;57.0;0;0;0;0;16443.38;11280.08;5163.3;32437.773
2026-07-28T12:09:59.495035+02:00;standby;24.2;27.2;5.0;28.0;49.8;57.0;0;0;0;0;16443.38;11280.08;5163.3;32437.773
2026-07-28T12:11:00.006787+02:00;standby;24.2;27.2;5.0;28.0;49.8;57.0;0;0;0;0;16443.38;11280.08;5163.3;32437.773
2026-07-28T12:12:00.574055+02:00;standby;24.2;27.2;5.0;28.0;49.8;57.0;0;0;0;0;16443.38;11280.08;5163.3;32437.773
2026-07-28T12:13:01.045279+02:00;standby;24.2;27.2;5.0;28.0;49.7;57.0;0;0;0;0;16443.38;11280.08;5163.3;32437.773
2026-07-28T12:14:01.568742+02:00;standby;24.2;27.2;5.0;28.0;49.7;57.0;0;0;0;0;16443.38;11280.08;5163.3;32437.773
2026-07-28T12:15:02.156636+02:00;standby;24.2;27.2;5.0;28.0;49.7;57.0;0;0;0;0;16443.38;11280.08;5163.3;32437.773
2026-07-28T12:16:02.572542+02:00;standby;24.2;27.2;5.0;28.0;49.6;57.0;0;0;0;0;16443.38;11280.08;5163.3;32437.773
2026-07-28T12:17:03.185802+02:00;standby;24.2;27.2;5.0;28.0;49.6;57.0;0;0;0;0;16443.38;11280.08;5163.3;32437.773
2026-07-28T12:18:03.613238+02:00;standby;24.2;27.2;5.0;28.0;49.6;57.0;0;0;0;0;16443.38;11280.08;5163.3;32437.773
2026-07-28T12:19:04.048465+02:00;standby;24.2;27.2;5.0;28.0;49.6;57.0;0;0;0;0;16443.38;11280.08;5163.3;32437.773
2026-07-28T12:20:04.645969+02:00;standby;24.2;27.2;5.0;28.0;49.6;57.0;0;0;0;0;16443.38;11280.08;5163.3;32437.773
2026-07-28T12:21:05.373769+02:00;standby;24.2;27.2;5.0;28.0;49.6;57.0;0;0;0;0;16443.38;11280.08;5163.3;32437.773
2026-07-28T12:22:06.227564+02:00;standby;24.2;27.2;5.0;28.0;49.6;57.0;0;0;0;0;16443.38;11280.08;5163.3;32437.773
2026-07-28T12:23:06.947753+02:00;standby;24.2;27.2;5.0;28.0;49.6;57.0;0;0;0;0;16443.38;11280.08;5163.3;32437.773
2026-07-28T12:24:07.877614+02:00;standby;24.2;27.2;5.0;28.0;49.6;57.0;0;0;0;0;16443.38;11280.08;5163.3;32437.773
2026-07-28T12:25:08.396412+02:00;standby;24.2;27.2;5.0;28.0;49.6;57.0;0;0;0;0;16443.38;11280.08;5163.3;32437.773
2026-07-28T12:26:09.059073+02:00;standby;24.2;27.2;5.0;28.0;49.6;57.0;0;0;0;0;16443.38;11280.08;5163.3;32437.773
2026-07-28T12:27:09.752829+02:00;standby;24.2;27.2;5.0;28.0;49.6;57.0;0;0;0;0;16443.38;11280.08;5163.3;32437.773
2026-07-28T12:28:10.409621+02:00;standby;24.2;27.2;5.0;28.0;49.5;57.0;0;0;0;0;16443.38;11280.08;5163.3;32437.773
2026-07-28T12:29:10.967427+02:00;standby;24.2;27.2;5.0;28.0;49.5;57.0;0;0;0;0;16443.38;11280.08;5163.3;32437.773
2026-07-28T12:30:11.442880+02:00;standby;24.2;27.2;5.0;28.0;49.5;57.0;0;0;0;0;16443.38;11280.08;5163.3;32437.773
2026-07-28T12:31:12.178859+02:00;standby;24.2;27.2;5.0;28.0;49.5;57.0;0;0;0;0;16443.38;11280.08;5163.3;32437.773
2026-07-28T12:32:12.641817+02:00;standby;24.2;27.2;5.0;28.0;49.5;57.0;0;0;0;0;16443.38;11280.08;5163.3;32437.773
2026-07-28T12:33:13.167779+02:00;standby;24.2;27.2;5.0;28.0;49.5;57.0;0;0;0;0;16443.38;11280.08;5163.3;32437.773
2026-07-28T12:34:13.581733+02:00;standby;24.2;27.2;5.0;28.0;49.5;57.0;0;0;0;0;16443.38;11280.08;5163.3;32437.773
2026-07-28T12:35:14.131058+02:00;standby;24.2;27.2;5.0;28.0;49.5;57.0;0;0;0;0;16443.38;11280.08;5163.3;32437.773
2026-07-28T12:36:14.626997+02:00;standby;24.2;27.2;5.0;28.0;49.5;57.0;0;0;0;0;16443.38;11280.08;5163.3;32437.773
2026-07-28T12:37:15.500115+02:00;standby;24.2;27.2;5.0;28.0;49.5;57.0;0;0;0;0;16443.38;11280.08;5163.3;32437.773
2026-07-28T12:38:16.276545+02:00;standby;24.2;27.2;5.0;28.0;49.5;57.0;0;0;0;0;16443.38;11280.08;5163.3;32437.773
2026-07-28T12:39:16.799433+02:00;standby;24.2;27.2;5.0;28.0;49.4;57.0;0;0;0;0;16443.38;11280.08;5163.3;32437.773
2026-07-28T12:40:17.542835+02:00;standby;24.2;27.2;5.0;28.0;49.4;57.0;0;0;0;0;16443.38;11280.08;5163.3;32437.773
2026-07-28T12:41:18.193867+02:00;standby;24.2;27.2;5.0;28.0;49.4;57.0;0;0;0;0;16443.38;11280.08;5163.3;32437.773
2026-07-28T12:42:18.913187+02:00;standby;24.2;27.2;5.0;28.0;49.4;57.0;0;0;0;0;16443.38;11280.08;5163.3;32437.773
2026-07-28T12:43:19.462098+02:00;standby;25.6;27.2;5.0;28.0;49.4;57.0;0;0;0;0;16443.38;11280.08;5163.3;32437.773
2026-07-28T12:44:19.901387+02:00;standby;25.6;27.2;5.0;28.0;49.4;57.0;0;0;0;0;16443.38;11280.08;5163.3;32437.773
2026-07-28T12:45:20.529084+02:00;standby;25.6;27.2;5.0;28.0;49.4;57.0;0;0;0;0;16443.38;11280.08;5163.3;32437.773
2026-07-28T12:46:21.793625+02:00;standby;25.6;27.2;5.0;28.0;49.4;57.0;0;0;0;0;16443.38;11280.08;5163.3;32437.773
2026-07-28T12:47:22.279230+02:00;standby;25.6;27.2;5.0;28.0;49.4;57.0;0;0;0;0;16443.38;11280.08;5163.3;32437.773
2026-07-28T12:48:22.805025+02:00;standby;25.6;27.2;5.0;28.0;49.3;57.0;0;0;0;0;16443.38;11280.08;5163.3;32437.773
2026-07-28T12:49:23.295004+02:00;standby;25.6;27.2;5.0;28.0;49.3;57.0;0;0;0;0;16443.38;11280.08;5163.3;32437.773
2026-07-28T12:50:24.246101+02:00;standby;25.6;27.2;5.0;28.0;49.3;57.0;0;0;0;0;16443.38;11280.08;5163.3;32437.773
2026-07-28T12:51:24.743424+02:00;standby;25.6;27.2;5.0;28.0;49.2;57.0;0;0;0;0;16443.38;11280.08;5163.3;32437.773
2026-07-28T12:52:25.180413+02:00;standby;25.6;27.2;5.0;28.0;49.2;57.0;0;0;0;0;16443.38;11280.08;5163.3;32437.773
2026-07-28T12:53:25.904575+02:00;standby;25.6;27.2;5.0;28.0;49.2;57.0;0;0;0;0;16443.38;11280.08;5163.3;32437.773
2026-07-28T12:54:26.681484+02:00;standby;25.6;27.2;5.0;28.0;49.2;57.0;0;0;0;0;16443.38;11280.08;5163.3;32437.773
2026-07-28T12:55:27.145945+02:00;standby;25.6;27.2;5.0;28.0;49.1;57.0;0;0;0;0;16443.38;11280.08;5163.3;32437.773
2026-07-28T12:56:27.748162+02:00;standby;25.6;27.2;5.0;28.0;49.1;57.0;0;0;0;0;16443.38;11280.08;5163.3;32437.773
2026-07-28T12:57:28.187769+02:00;standby;25.6;27.2;5.0;28.0;49.1;57.0;0;0;0;0;16443.38;11280.08;5163.3;32437.773
2026-07-28T12:58:28.810282+02:00;standby;25.6;27.2;5.0;28.0;49.1;57.0;0;0;0;0;16443.38;11280.08;5163.3;32437.773
2026-07-28T12:59:30.053088+02:00;standby;25.6;27.2;5.0;28.0;49.1;57.0;0;0;0;0;16443.38;11280.08;5163.3;32437.773
2026-07-28T13:00:30.513761+02:00;standby;25.6;27.2;5.0;28.0;49.1;57.0;0;0;0;0;16443.38;11280.08;5163.3;32437.773
2026-07-28T13:01:30.986982+02:00;standby;25.6;27.2;5.0;28.0;49.0;57.0;0;0;0;0;16443.38;11280.08;5163.3;32437.773
2026-07-28T13:02:31.717640+02:00;standby;25.6;27.2;5.0;28.0;49.0;57.0;0;0;0;0;16443.38;11280.08;5163.3;32437.773
2026-07-28T13:03:32.274304+02:00;standby;25.6;27.2;5.0;28.0;49.0;57.0;0;0;0;0;16443.38;11280.08;5163.3;32437.773
2026-07-28T13:04:32.931412+02:00;standby;25.6;27.2;5.0;28.0;48.9;57.0;0;0;0;0;16443.38;11280.08;5163.3;32437.773
2026-07-28T13:05:33.678782+02:00;standby;25.6;27.2;5.0;28.0;48.9;57.0;0;0;0;0;16443.38;11280.08;5163.3;32437.773
2026-07-28T13:06:34.224195+02:00;standby;25.6;27.2;5.0;28.0;48.9;57.0;0;0;0;0;16443.38;11280.08;5163.3;32437.773
2026-07-28T13:07:34.687242+02:00;standby;25.6;27.2;5.0;28.0;48.8;57.0;0;0;0;0;16443.38;11280.08;5163.3;32437.773
2026-07-28T13:08:35.126159+02:00;standby;25.6;27.2;5.0;28.0;48.6;57.0;0;0;0;0;16443.38;11280.08;5163.3;32437.773
2026-07-28T13:09:35.694115+02:00;standby;25.6;27.2;5.0;28.0;48.5;57.0;0;0;0;0;16443.38;11280.08;5163.3;32437.773
2026-07-28T13:10:36.473008+02:00;standby;25.6;27.2;5.0;28.0;48.4;57.0;0;0;0;0;16443.38;11280.08;5163.3;32437.773
2026-07-28T13:11:37.402566+02:00;standby;25.6;27.2;5.0;28.0;48.4;57.0;0;0;0;0;16443.38;11280.08;5163.3;32437.773
2026-07-28T13:12:37.817566+02:00;standby;25.6;27.2;5.0;28.0;48.4;57.0;0;0;0;0;16443.38;11280.08;5163.3;32437.773
2026-07-28T13:13:38.953348+02:00;standby;25.6;27.2;5.0;28.0;48.4;57.0;0;0;0;0;16443.38;11280.08;5163.3;32437.773
2026-07-28T13:14:39.370834+02:00;standby;25.6;27.2;5.0;28.0;48.4;57.0;0;0;0;0;16443.38;11280.08;5163.3;32437.773
2026-07-28T13:15:39.785780+02:00;standby;25.6;27.2;5.0;28.0;48.4;57.0;0;0;0;0;16443.38;11280.08;5163.3;32437.773
2026-07-28T13:16:41.701958+02:00;standby;25.6;27.2;5.0;28.0;48.2;57.0;0;0;0;0;16443.38;11280.08;5163.3;32437.773
2026-07-28T13:17:42.161965+02:00;standby;25.6;27.2;5.0;28.0;48.2;57.0;0;0;0;0;16443.38;11280.08;5163.3;32437.773
2026-07-28T13:18:42.689435+02:00;standby;25.6;27.2;5.0;28.0;48.2;57.0;0;0;0;0;16443.38;11280.08;5163.3;32437.773
2026-07-28T13:19:43.175106+02:00;standby;25.6;27.2;5.0;28.0;48.2;57.0;0;0;0;0;16443.38;11280.08;5163.3;32437.773
2026-07-28T13:20:43.615212+02:00;standby;25.6;27.2;5.0;28.0;48.0;57.0;0;0;0;0;16443.38;11280.08;5163.3;32437.773
2026-07-28T13:21:44.077465+02:00;standby;25.6;27.2;5.0;28.0;47.9;57.0;0;0;0;0;16443.38;11280.08;5163.3;32437.773
2026-07-28T13:22:44.992172+02:00;standby;25.6;27.2;5.0;28.0;47.9;57.0;0;0;0;0;16443.38;11280.08;5163.3;32437.773
2026-07-28T13:23:45.584222+02:00;standby;25.6;27.2;5.0;28.0;47.8;57.0;0;0;0;0;16443.38;11280.08;5163.3;32437.773
2026-07-28T13:24:46.104018+02:00;standby;25.6;27.2;5.0;28.0;47.8;57.0;0;0;0;0;16443.38;11280.08;5163.3;32437.773
2026-07-28T13:25:46.574132+02:00;standby;25.6;27.2;5.0;28.0;47.8;57.0;0;0;0;0;16443.38;11280.08;5163.3;32437.773
2026-07-28T13:26:47.241494+02:00;standby;25.6;27.2;5.0;28.0;47.8;57.0;0;0;0;0;16443.38;11280.08;5163.3;32437.773
2026-07-28T13:27:47.664022+02:00;standby;25.6;27.2;5.0;28.0;47.8;57.0;0;0;0;0;16443.38;11280.08;5163.3;32437.773
2026-07-28T13:28:48.176442+02:00;standby;25.6;27.2;5.0;28.0;47.8;57.0;0;0;0;0;16443.38;11280.08;5163.3;32437.773
2026-07-28T13:29:48.698452+02:00;standby;25.6;27.2;5.0;28.0;47.8;57.0;0;0;0;0;16443.38;11280.08;5163.3;32437.773
2026-07-28T13:30:49.855744+02:00;standby;25.6;27.2;5.0;28.0;47.8;57.0;0;0;0;0;16443.38;11280.08;5163.3;32437.773
2026-07-28T13:31:50.347461+02:00;standby;25.6;27.2;5.0;28.0;47.7;57.0;0;0;0;0;16443.38;11280.08;5163.3;32437.773
2026-07-28T13:32:50.809072+02:00;standby;25.6;27.2;5.0;28.0;47.7;57.0;0;0;0;0;16443.38;11280.08;5163.3;32437.773
2026-07-28T13:33:51.367006+02:00;standby;25.6;27.2;5.0;28.0;47.7;57.0;0;0;0;0;16443.38;11280.08;5163.3;32437.773
2026-07-28T13:34:52.092485+02:00;standby;25.6;27.2;5.0;28.0;47.7;57.0;0;0;0;0;16443.38;11280.08;5163.3;32437.773
2026-07-28T13:35:52.530042+02:00;standby;25.6;27.2;5.0;28.0;47.7;57.0;0;0;0;0;16443.38;11280.08;5163.3;32437.773
2026-07-28T13:36:53.200070+02:00;standby;25.6;27.2;5.0;28.0;47.6;57.0;0;0;0;0;16443.38;11280.08;5163.3;32437.773
2026-07-28T13:37:53.781016+02:00;standby;25.6;27.2;5.0;28.0;47.6;57.0;0;0;0;0;16443.38;11280.08;5163.3;32437.773
2026-07-28T13:38:54.336768+02:00;standby;25.6;27.2;5.0;28.0;47.6;57.0;0;0;0;0;16443.38;11280.08;5163.3;32437.773
2026-07-28T13:39:54.913559+02:00;standby;25.6;27.2;5.0;28.0;47.6;57.0;0;0;0;0;16443.38;11280.08;5163.3;32437.773
2026-07-28T13:40:55.640381+02:00;standby;25.6;27.2;5.0;28.0;47.6;57.0;0;0;0;0;16443.38;11280.08;5163.3;32437.773
2026-07-28T13:41:56.563311+02:00;standby;25.6;27.2;5.0;28.0;47.6;57.0;0;0;0;0;16443.38;11280.08;5163.3;32437.773
2026-07-28T13:42:57.096444+02:00;standby;25.6;27.2;5.0;28.0;47.5;57.0;0;0;0;0;16443.38;11280.08;5163.3;32437.773
2026-07-28T13:43:57.600502+02:00;standby;26.4;27.2;5.0;28.0;47.4;57.0;0;0;0;0;16443.38;11280.08;5163.3;32437.773
2026-07-28T13:44:58.442277+02:00;standby;26.4;27.2;5.0;28.0;47.4;57.0;0;0;0;0;16443.38;11280.08;5163.3;32437.773
2026-07-28T13:45:58.946036+02:00;standby;26.4;27.2;5.0;28.0;47.4;57.0;0;0;0;0;16443.38;11280.08;5163.3;32437.773
2026-07-28T13:46:59.475205+02:00;standby;26.4;27.2;5.0;28.0;47.3;57.0;0;0;0;0;16443.38;11280.08;5163.3;32437.773
2026-07-28T13:48:00.250223+02:00;standby;26.4;27.2;5.0;28.0;47.3;57.0;0;0;0;0;16443.38;11280.08;5163.3;32437.773
2026-07-28T13:49:00.817513+02:00;standby;26.4;27.2;5.0;28.0;47.2;57.0;0;0;0;0;16443.38;11280.08;5163.3;32437.773
2026-07-28T13:50:01.368527+02:00;standby;26.4;27.2;5.0;28.0;47.2;57.0;0;0;0;0;16443.38;11280.08;5163.3;32437.773
2026-07-28T13:51:01.851048+02:00;standby;26.4;27.2;5.0;28.0;47.2;57.0;0;0;0;0;16443.38;11280.08;5163.3;32437.773
2026-07-28T13:52:02.661424+02:00;standby;26.4;27.2;5.0;28.0;47.2;57.0;0;0;0;0;16443.38;11280.08;5163.3;32437.773
2026-07-28T13:53:03.137922+02:00;standby;26.4;27.2;5.0;28.0;47.1;57.0;0;0;0;0;16443.38;11280.08;5163.3;32437.773
2026-07-28T13:54:03.926163+02:00;standby;26.4;27.2;5.0;28.0;47.1;57.0;0;0;0;0;16443.38;11280.08;5163.3;32437.773
2026-07-28T13:55:04.504212+02:00;standby;26.4;27.2;5.0;28.0;47.0;57.0;0;0;0;0;16443.38;11280.08;5163.3;32437.773
2026-07-28T13:56:05.168461+02:00;dhw;26.4;27.2;85.0;28.0;46.9;57.0;1;59;1;0;16443.38;11280.08;5163.3;32437.773
2026-07-28T13:56:15.864190+02:00;dhw;26.4;36.1;85.0;28.0;46.9;57.0;1;23;1;0;16443.4;11280.08;5163.33;32437.773
2026-07-28T13:56:26.635716+02:00;dhw;26.4;36.5;85.0;28.0;46.9;57.0;1;23;1;0;16443.41;11280.08;5163.34;32437.773
2026-07-28T13:56:37.222813+02:00;dhw;26.4;37.3;85.0;28.0;46.9;57.0;1;23;1;0;16443.42;11280.08;5163.35;32437.773
2026-07-28T13:56:47.772163+02:00;dhw;26.4;37.8;85.0;28.0;46.8;57.0;1;23;1;0;16443.43;11280.08;5163.35;32437.773
2026-07-28T13:56:58.456872+02:00;dhw;26.4;37.6;85.0;28.0;46.8;57.0;1;23;1;100;16443.44;11280.08;5163.36;32437.773
2026-07-28T13:57:09.440690+02:00;dhw;26.4;37.6;85.0;28.0;46.7;57.0;1;23;1;100;16443.45;11280.08;5163.37;32437.773
2026-07-28T13:57:19.930768+02:00;dhw;26.4;38.0;85.0;28.0;46.6;57.0;1;23;1;100;16443.46;11280.08;5163.38;32437.773
2026-07-28T13:57:30.567792+02:00;dhw;26.4;38.5;85.0;28.0;46.5;57.0;1;23;1;100;16443.47;11280.08;5163.39;32437.773
2026-07-28T13:57:42.274363+02:00;dhw;26.4;39.0;85.0;28.0;46.4;57.0;1;23;1;100;16443.48;11280.08;5163.4;32437.773
2026-07-28T13:57:53.139017+02:00;dhw;26.4;40.0;85.0;28.0;46.3;57.0;1;31;1;100;16443.49;11280.08;5163.41;32437.773
2026-07-28T13:58:03.656145+02:00;dhw;26.4;40.3;85.0;28.0;46.1;57.0;1;34;1;100;16443.5;11280.08;5163.42;32437.773
2026-07-28T13:58:14.199425+02:00;dhw;26.4;42.1;85.0;28.0;46.0;57.0;1;48;1;100;16443.51;11280.08;5163.44;32437.773
2026-07-28T13:58:25.315855+02:00;dhw;26.4;44.0;85.0;28.0;45.9;57.0;1;61;1;100;16443.54;11280.08;5163.46;32437.773
2026-07-28T13:58:36.048957+02:00;dhw;26.4;46.8;85.0;28.0;45.8;57.0;1;76;1;100;16443.58;11280.08;5163.5;32437.773
2026-07-28T13:58:46.685909+02:00;dhw;26.4;49.0;85.0;28.0;45.7;57.0;1;88;1;100;16443.61;11280.08;5163.53;32437.773
2026-07-28T13:58:57.505487+02:00;dhw;26.4;51.2;85.0;28.0;45.6;57.0;1;97;1;100;16443.64;11280.08;5163.57;32437.773
2026-07-28T13:59:08.022069+02:00;dhw;26.4;53.6;85.0;28.0;45.5;57.0;1;108;1;100;16443.68;11280.08;5163.61;32437.773
2026-07-28T13:59:18.853093+02:00;dhw;26.4;56.1;85.0;28.0;45.5;57.0;1;108;1;100;16443.73;11280.08;5163.65;32437.773
2026-07-28T13:59:31.750211+02:00;dhw;26.4;59.1;85.0;28.0;45.4;57.0;1;108;1;100;16443.79;11280.08;5163.71;32437.773
2026-07-28T13:59:42.356793+02:00;dhw;26.4;61.1;85.0;28.0;45.4;57.0;1;108;1;100;16443.84;11280.08;5163.76;32437.773
2026-07-28T13:59:53.009554+02:00;dhw;26.4;62.0;85.0;28.0;45.4;57.0;1;108;1;100;16443.86;11280.08;5163.78;32437.773
2026-07-28T14:00:03.655863+02:00;dhw;26.4;64.0;85.0;28.0;45.4;57.0;1;108;1;100;16443.92;11280.08;5163.85;32437.773
2026-07-28T14:00:14.409898+02:00;dhw;26.4;65.1;85.0;28.0;45.4;57.0;1;108;1;100;16443.96;11280.08;5163.88;32437.773
2026-07-28T14:00:24.906406+02:00;dhw;26.4;66.3;85.0;28.0;45.4;57.0;1;108;1;100;16444.02;11280.08;5163.94;32437.773
2026-07-28T14:00:35.657782+02:00;dhw;26.4;67.2;85.0;28.0;45.6;57.0;1;108;1;100;16444.06;11280.08;5163.98;32437.773
2026-07-28T14:00:46.605636+02:00;dhw;26.4;68.0;85.0;28.0;45.7;57.0;1;108;1;100;16444.1;11280.08;5164.03;32437.773
2026-07-28T14:00:57.486488+02:00;dhw;26.4;68.7;85.0;28.0;45.8;57.0;1;108;1;100;16444.14;11280.08;5164.06;32437.773
2026-07-28T14:01:08.171333+02:00;dhw;26.4;69.2;85.0;28.0;45.9;57.0;1;108;1;100;16444.18;11280.08;5164.11;32437.873
2026-07-28T14:01:18.721467+02:00;dhw;26.4;69.8;85.0;28.0;46.0;57.0;1;108;1;100;16444.23;11280.08;5164.15;32437.873
2026-07-28T14:01:30.322528+02:00;dhw;26.4;70.2;85.0;28.0;46.2;57.0;1;108;1;100;16444.27;11280.08;5164.19;32437.873
2026-07-28T14:01:41.697823+02:00;dhw;26.4;70.6;85.0;28.0;46.3;57.0;1;108;1;100;16444.31;11280.08;5164.23;32437.873
2026-07-28T14:01:52.244777+02:00;dhw;26.4;71.0;85.0;28.0;46.5;57.0;1;108;1;100;16444.35;11280.08;5164.28;32437.873
2026-07-28T14:02:02.781240+02:00;dhw;26.4;71.2;85.0;28.0;46.7;57.0;1;108;1;100;16444.39;11280.08;5164.32;32437.873
2026-07-28T14:02:13.341820+02:00;dhw;26.4;71.6;85.0;28.0;46.9;57.0;1;108;1;100;16444.43;11280.08;5164.36;32437.873
2026-07-28T14:02:23.954154+02:00;dhw;26.4;72.1;85.0;28.0;47.1;57.0;1;108;1;100;16444.49;11280.08;5164.41;32437.873
2026-07-28T14:02:34.700659+02:00;dhw;26.4;72.2;85.0;28.0;47.5;57.0;1;108;1;100;16444.52;11280.08;5164.44;32437.873
2026-07-28T14:02:46.279815+02:00;dhw;26.4;72.7;85.0;28.0;47.7;57.0;1;108;1;100;16444.6;11280.08;5164.53;32437.873
2026-07-28T14:02:57.065908+02:00;dhw;26.4;73.0;85.0;28.0;47.9;57.0;1;108;1;100;16444.64;11280.08;5164.57;32437.873
2026-07-28T14:03:07.676399+02:00;dhw;26.4;73.3;85.0;28.0;48.0;57.0;1;108;1;100;16444.68;11280.08;5164.61;32437.873
2026-07-28T14:03:18.591874+02:00;dhw;26.4;73.4;85.0;28.0;48.2;57.0;1;108;1;100;16444.73;11280.08;5164.65;32437.873
2026-07-28T14:03:30.126959+02:00;dhw;26.4;73.7;85.0;28.0;48.5;57.0;1;108;1;100;16444.77;11280.08;5164.69;32437.873
2026-07-28T14:03:40.714316+02:00;dhw;26.4;74.0;85.0;28.0;48.7;57.0;1;108;1;100;16444.81;11280.08;5164.73;32437.873
2026-07-28T14:03:51.644825+02:00;dhw;26.4;74.2;85.0;28.0;48.8;57.0;1;108;1;100;16444.85;11280.08;5164.78;32437.873
2026-07-28T14:04:02.280300+02:00;dhw;26.4;74.5;85.0;28.0;49.0;57.0;1;108;1;100;16444.9;11280.08;5164.82;32437.873
2026-07-28T14:04:12.903126+02:00;dhw;26.4;74.8;85.0;28.0;49.1;57.0;1;108;1;100;16444.94;11280.08;5164.86;32437.873
2026-07-28T14:04:23.592308+02:00;dhw;26.4;75.1;85.0;28.0;49.3;57.0;1;108;1;100;16444.99;11280.08;5164.91;32437.873
2026-07-28T14:04:34.436942+02:00;dhw;26.4;75.2;85.0;28.0;49.6;57.0;1;108;1;100;16445.02;11280.08;5164.94;32437.873
2026-07-28T14:04:45.431512+02:00;dhw;26.4;75.6;85.0;28.0;49.7;57.0;1;108;1;100;16445.11;11280.08;5165.03;32437.873
2026-07-28T14:04:56.048874+02:00;dhw;26.4;75.8;85.0;28.0;49.9;57.0;1;108;1;100;16445.15;11280.08;5165.07;32437.873
2026-07-28T14:05:06.667151+02:00;dhw;26.4;76.1;85.0;28.0;50.0;57.0;1;108;1;100;16445.19;11280.08;5165.11;32437.973
2026-07-28T14:05:17.413479+02:00;dhw;26.4;76.2;85.0;28.0;50.2;57.0;1;108;1;100;16445.23;11280.08;5165.15;32437.973
2026-07-28T14:05:27.903616+02:00;dhw;26.4;76.4;85.0;28.0;50.4;57.0;1;108;1;100;16445.27;11280.08;5165.19;32437.973
2026-07-28T14:05:38.968350+02:00;dhw;26.4;76.7;85.0;28.0;50.5;57.0;1;108;1;100;16445.32;11280.08;5165.24;32437.973
2026-07-28T14:05:49.705442+02:00;dhw;26.4;77.0;85.0;28.0;50.6;57.0;1;108;1;100;16445.37;11280.08;5165.3;32437.973
2026-07-28T14:06:00.669392+02:00;dhw;26.4;77.0;85.0;28.0;50.8;57.0;1;108;1;100;16445.4;11280.08;5165.32;32437.973
2026-07-28T14:06:11.788530+02:00;dhw;26.4;77.3;85.0;28.0;50.9;57.0;1;108;1;100;16445.44;11280.08;5165.36;32437.973
2026-07-28T14:06:22.586071+02:00;dhw;26.4;77.4;85.0;28.0;51.2;57.0;1;108;1;100;16445.48;11280.08;5165.4;32437.973
2026-07-28T14:06:33.193904+02:00;dhw;26.4;77.6;85.0;28.0;51.3;57.0;1;108;1;100;16445.52;11280.08;5165.45;32437.973
2026-07-28T14:06:44.111972+02:00;dhw;26.4;77.7;85.0;28.0;51.6;57.0;1;108;1;100;16445.56;11280.08;5165.49;32437.973
2026-07-28T14:06:54.695132+02:00;dhw;26.4;78.2;85.0;28.0;51.6;57.0;1;108;1;100;16445.65;11280.08;5165.57;32437.973
2026-07-28T14:07:05.376179+02:00;dhw;26.4;78.3;85.0;28.0;51.8;57.0;1;108;1;100;16445.69;11280.08;5165.61;32437.973
2026-07-28T14:07:15.894294+02:00;dhw;26.4;78.5;85.0;28.0;52.0;57.0;1;108;1;100;16445.73;11280.08;5165.65;32437.973
2026-07-28T14:07:27.707819+02:00;dhw;26.4;78.8;85.0;28.0;52.2;57.0;1;108;1;100;16445.78;11280.08;5165.7;32437.973
2026-07-28T14:07:38.318153+02:00;dhw;26.4;79.0;85.0;28.0;52.3;57.0;1;108;1;100;16445.81;11280.08;5165.74;32437.973
2026-07-28T14:07:49.548273+02:00;dhw;26.4;79.1;85.0;28.0;52.4;57.0;1;108;1;100;16445.86;11280.08;5165.78;32437.973
2026-07-28T14:08:00.541719+02:00;dhw;26.4;79.3;85.0;28.0;52.6;57.0;1;108;1;100;16445.9;11280.08;5165.83;32437.973
2026-07-28T14:08:11.196291+02:00;dhw;26.4;79.6;85.0;28.0;52.7;57.0;1;108;1;100;16445.94;11280.08;5165.87;32437.973
2026-07-28T14:08:22.095099+02:00;dhw;26.4;79.8;85.0;28.0;52.9;57.0;1;108;1;100;16445.98;11280.08;5165.91;32437.973
2026-07-28T14:08:33.206940+02:00;dhw;26.4;80.1;85.0;28.0;53.2;57.0;1;108;1;100;16446.05;11280.08;5165.98;32437.973
2026-07-28T14:08:44.431462+02:00;dhw;26.4;80.3;85.0;28.0;53.4;57.0;1;108;1;100;16446.11;11280.08;5166.03;32437.973
2026-07-28T14:08:55.268422+02:00;dhw;26.4;80.4;85.0;28.0;53.6;57.0;1;108;1;100;16446.15;11280.08;5166.08;32437.973
2026-07-28T14:09:05.973539+02:00;dhw;26.4;80.6;85.0;28.0;53.7;57.0;1;108;1;100;16446.19;11280.08;5166.12;32437.973
2026-07-28T14:09:16.522128+02:00;dhw;26.4;80.7;85.0;28.0;53.9;57.0;1;108;1;100;16446.23;11280.08;5166.16;32438.072
2026-07-28T14:09:27.101792+02:00;dhw;26.4;81.1;85.0;28.0;54.0;57.0;1;108;1;100;16446.29;11280.08;5166.21;32438.072
2026-07-28T14:09:37.765370+02:00;dhw;26.4;81.1;85.0;28.0;54.2;57.0;1;108;1;100;16446.32;11280.08;5166.24;32438.072
2026-07-28T14:09:48.326607+02:00;dhw;26.4;81.2;85.0;28.0;54.4;57.0;1;108;1;100;16446.36;11280.08;5166.28;32438.072
2026-07-28T14:09:59.078408+02:00;dhw;26.4;81.4;85.0;28.0;54.6;57.0;1;108;1;100;16446.4;11280.08;5166.33;32438.072
2026-07-28T14:10:10.139259+02:00;dhw;26.4;81.5;85.0;28.0;54.7;57.0;1;108;1;100;16446.44;11280.08;5166.37;32438.072
2026-07-28T14:10:21.245132+02:00;dhw;26.4;81.7;85.0;28.0;54.9;57.0;1;108;1;100;16446.48;11280.08;5166.41;32438.072
2026-07-28T14:10:32.303358+02:00;dhw;26.4;82.0;85.0;28.0;55.2;57.0;1;108;1;100;16446.53;11280.08;5166.45;32438.072
2026-07-28T14:10:43.055502+02:00;dhw;26.4;82.2;85.0;28.0;55.6;57.0;1;108;1;100;16446.57;11280.08;5166.49;32438.072
2026-07-28T14:10:53.631257+02:00;dhw;26.4;82.5;85.0;28.0;55.6;57.0;1;108;1;100;16446.65;11280.08;5166.57;32438.072
2026-07-28T14:11:04.175716+02:00;dhw;26.4;82.7;85.0;28.0;56.0;57.0;1;108;1;100;16446.69;11280.08;5166.62;32438.072
2026-07-28T14:11:14.742781+02:00;dhw;26.4;82.8;85.0;28.0;56.1;57.0;1;108;1;100;16446.74;11280.08;5166.66;32438.072
2026-07-28T14:11:25.392369+02:00;dhw;26.4;83.0;85.0;28.0;56.3;57.0;1;108;1;100;16446.78;11280.08;5166.7;32438.072
2026-07-28T14:11:36.052324+02:00;dhw;26.4;83.2;85.0;28.0;56.5;57.0;1;108;1;100;16446.82;11280.08;5166.74;32438.072
2026-07-28T14:11:46.853083+02:00;dhw;26.4;83.4;85.0;28.0;56.7;57.0;1;108;1;100;16446.86;11280.08;5166.79;32438.072
2026-07-28T14:11:57.428146+02:00;dhw;26.4;83.5;85.0;28.0;56.9;57.0;1;108;1;100;16446.9;11280.08;5166.83;32438.072
2026-07-28T14:12:08.083875+02:00;standby;26.4;83.9;85.0;28.0;57.1;57.0;0;0;1;100;16446.93;11280.08;5166.86;32438.072
2026-07-28T14:12:18.697492+02:00;standby;26.4;82.9;85.0;28.0;57.3;57.0;0;0;1;100;16446.93;11280.08;5166.86;32438.072
2026-07-28T14:12:30.305960+02:00;standby;26.4;79.7;85.0;28.0;57.5;57.0;0;0;1;100;16446.93;11280.08;5166.86;32438.072
2026-07-28T14:12:41.044973+02:00;standby;26.4;76.8;85.0;28.0;57.7;57.0;0;0;1;100;16446.93;11280.08;5166.86;32438.072
2026-07-28T14:12:51.568444+02:00;standby;26.4;74.9;85.0;28.0;57.8;57.0;0;0;1;100;16446.93;11280.08;5166.86;32438.072
2026-07-28T14:13:02.244462+02:00;standby;26.4;73.9;85.0;28.0;58.0;57.0;0;0;1;10;16446.93;11280.08;5166.86;32438.072
2026-07-28T14:14:02.742114+02:00;standby;26.4;66.4;5.0;28.0;59.1;57.0;0;0;1;10;16446.93;11280.08;5166.86;32438.072
2026-07-28T14:15:03.617218+02:00;standby;26.4;62.9;5.0;28.0;59.5;57.0;0;0;0;10;16446.93;11280.08;5166.86;32438.072
2026-07-28T14:16:04.142245+02:00;standby;26.4;63.7;5.0;28.0;59.7;57.0;0;0;0;0;16446.93;11280.08;5166.86;32438.072
2026-07-28T14:17:04.807063+02:00;standby;26.4;64.2;5.0;28.0;59.8;57.0;0;0;0;0;16446.93;11280.08;5166.86;32438.072
2026-07-28T14:18:05.361451+02:00;standby;26.4;64.3;5.0;28.0;59.9;57.0;0;0;0;0;16446.93;11280.08;5166.86;32438.072
2026-07-28T14:19:06.194330+02:00;standby;26.4;64.4;5.0;28.0;59.9;57.0;0;0;0;0;16446.93;11280.08;5166.86;32438.072
2026-07-28T14:20:06.699457+02:00;standby;26.4;64.4;5.0;28.0;59.9;57.0;0;0;0;0;16446.93;11280.08;5166.86;32438.072
2026-07-28T14:21:07.323448+02:00;standby;26.4;64.3;5.0;28.0;60.0;57.0;0;0;0;0;16446.93;11280.08;5166.86;32438.072
2026-07-28T14:22:08.347916+02:00;standby;26.4;64.3;5.0;28.0;59.9;57.0;0;0;0;0;16446.93;11280.08;5166.86;32438.072
2026-07-28T14:23:09.088579+02:00;standby;26.4;64.2;5.0;28.0;59.9;57.0;0;0;0;0;16446.93;11280.08;5166.86;32438.072
2026-07-28T14:24:09.571403+02:00;standby;26.4;64.1;5.0;28.0;59.9;57.0;0;0;0;0;16446.93;11280.08;5166.86;32438.072
2026-07-28T14:25:10.007797+02:00;standby;26.4;64.0;5.0;28.0;59.9;57.0;0;0;0;0;16446.93;11280.08;5166.86;32438.072
2026-07-28T14:26:10.600147+02:00;standby;26.4;63.8;5.0;28.0;59.9;57.0;0;0;0;0;16446.93;11280.08;5166.86;32438.072
2026-07-28T14:27:11.122411+02:00;standby;26.4;63.7;5.0;28.0;59.9;57.0;0;0;0;0;16446.93;11280.08;5166.86;32438.072
2026-07-28T14:28:11.537049+02:00;standby;26.4;63.6;5.0;28.0;59.9;57.0;0;0;0;0;16446.93;11280.08;5166.86;32438.072
2026-07-28T14:29:12.058930+02:00;standby;26.4;63.5;5.0;28.0;59.9;57.0;0;0;0;0;16446.93;11280.08;5166.86;32438.072
2026-07-28T14:30:12.601499+02:00;standby;26.4;63.4;5.0;28.0;59.9;57.0;0;0;0;0;16446.93;11280.08;5166.86;32438.072
2026-07-28T14:31:13.100980+02:00;standby;26.4;63.3;5.0;28.0;59.9;57.0;0;0;0;0;16446.93;11280.08;5166.86;32438.072
2026-07-28T14:32:13.517052+02:00;standby;26.4;63.1;5.0;28.0;59.9;57.0;0;0;0;0;16446.93;11280.08;5166.86;32438.072
2026-07-28T14:33:13.929842+02:00;standby;26.4;62.9;5.0;28.0;59.9;57.0;0;0;0;0;16446.93;11280.08;5166.86;32438.072
2026-07-28T14:34:14.500765+02:00;standby;26.4;62.8;5.0;28.0;59.9;57.0;0;0;0;0;16446.93;11280.08;5166.86;32438.072
2026-07-28T14:35:15.000709+02:00;standby;26.4;62.7;5.0;28.0;59.9;57.0;0;0;0;0;16446.93;11280.08;5166.86;32438.072
2026-07-28T14:36:15.488520+02:00;standby;26.4;62.6;5.0;28.0;59.9;57.0;0;0;0;0;16446.93;11280.08;5166.86;32438.072
2026-07-28T14:37:16.263865+02:00;standby;26.4;62.4;5.0;28.0;59.9;57.0;0;0;0;0;16446.93;11280.08;5166.86;32438.072
2026-07-28T14:38:16.967660+02:00;standby;26.4;62.2;5.0;28.0;59.8;57.0;0;0;0;0;16446.93;11280.08;5166.86;32438.072
2026-07-28T14:39:17.460620+02:00;standby;26.4;62.1;5.0;28.0;59.8;57.0;0;0;0;0;16446.93;11280.08;5166.86;32438.072
2026-07-28T14:40:17.864788+02:00;standby;26.4;62.0;5.0;28.0;59.8;57.0;0;0;0;0;16446.93;11280.08;5166.86;32438.072
2026-07-28T14:41:18.978211+02:00;standby;26.4;61.9;5.0;28.0;59.8;57.0;0;0;0;0;16446.93;11280.08;5166.86;32438.072
2026-07-28T14:42:19.449080+02:00;standby;26.4;61.7;5.0;28.0;59.8;57.0;0;0;0;0;16446.93;11280.08;5166.86;32438.072
2026-07-28T14:43:19.947130+02:00;standby;26.4;61.6;5.0;28.0;59.8;57.0;0;0;0;0;16446.93;11280.08;5166.86;32438.072
2026-07-28T14:44:20.439251+02:00;standby;27.2;61.4;5.0;28.0;59.8;57.0;0;0;0;0;16446.93;11280.08;5166.86;32438.072
2026-07-28T14:45:21.009172+02:00;standby;27.2;61.3;5.0;28.0;59.8;57.0;0;0;0;0;16446.93;11280.08;5166.86;32438.072
2026-07-28T14:46:22.116294+02:00;standby;27.2;61.2;5.0;28.0;59.8;57.0;0;0;0;0;16446.93;11280.08;5166.86;32438.072
2026-07-28T14:47:22.637909+02:00;standby;27.2;60.9;5.0;28.0;59.8;57.0;0;0;0;0;16446.93;11280.08;5166.86;32438.072
2026-07-28T14:48:23.802475+02:00;standby;27.2;60.8;5.0;28.0;59.8;57.0;0;0;0;0;16446.93;11280.08;5166.86;32438.072
2026-07-28T14:49:24.263010+02:00;standby;27.2;60.7;5.0;28.0;59.8;57.0;0;0;0;0;16446.93;11280.08;5166.86;32438.072
2026-07-28T14:50:24.705569+02:00;standby;27.2;60.6;5.0;28.0;59.8;57.0;0;0;0;0;16446.93;11280.08;5166.86;32438.072
2026-07-28T14:51:25.171091+02:00;standby;27.2;60.3;5.0;28.0;59.7;57.0;0;0;0;0;16446.93;11280.08;5166.86;32438.072
2026-07-28T14:52:25.748122+02:00;standby;27.2;60.2;5.0;28.0;59.7;57.0;0;0;0;0;16446.93;11280.08;5166.86;32438.072
2026-07-28T14:53:26.365294+02:00;standby;27.2;60.1;5.0;28.0;59.7;57.0;0;0;0;0;16446.93;11280.08;5166.86;32438.072
2026-07-28T14:54:27.033597+02:00;standby;27.2;60.0;5.0;28.0;59.7;57.0;0;0;0;0;16446.93;11280.08;5166.86;32438.072
2026-07-28T14:55:27.839313+02:00;standby;27.2;59.8;5.0;28.0;59.7;57.0;0;0;0;0;16446.93;11280.08;5166.86;32438.072
2026-07-28T14:56:28.702748+02:00;standby;27.2;59.7;5.0;28.0;59.7;57.0;0;0;0;0;16446.93;11280.08;5166.86;32438.072
2026-07-28T14:57:29.542226+02:00;standby;27.2;59.5;5.0;28.0;59.7;57.0;0;0;0;0;16446.93;11280.08;5166.86;32438.072
2026-07-28T14:58:30.224719+02:00;standby;27.2;59.3;5.0;28.0;59.7;57.0;0;0;0;0;16446.93;11280.08;5166.86;32438.072
2026-07-28T14:59:30.765028+02:00;standby;27.2;59.2;5.0;28.0;59.7;57.0;0;0;0;0;16446.93;11280.08;5166.86;32438.072
2026-07-28T15:00:31.273927+02:00;standby;27.2;59.1;5.0;28.0;59.7;57.0;0;0;0;0;16446.93;11280.08;5166.86;32438.072
2026-07-28T15:01:31.749137+02:00;standby;27.2;58.9;5.0;28.0;59.7;57.0;0;0;0;0;16446.93;11280.08;5166.86;32438.072
2026-07-28T15:02:32.371318+02:00;standby;27.2;58.7;5.0;28.0;59.7;57.0;0;0;0;0;16446.93;11280.08;5166.86;32438.072
2026-07-28T15:03:32.959432+02:00;standby;27.2;58.6;5.0;28.0;59.7;57.0;0;0;0;0;16446.93;11280.08;5166.86;32438.072
2026-07-28T15:04:33.435589+02:00;standby;27.2;58.4;5.0;28.0;59.6;57.0;0;0;0;0;16446.93;11280.08;5166.86;32438.072
2026-07-28T15:05:33.901436+02:00;standby;27.2;58.3;5.0;28.0;59.6;57.0;0;0;0;0;16446.93;11280.08;5166.86;32438.072
2026-07-28T15:06:34.477271+02:00;standby;27.2;58.2;5.0;28.0;59.6;57.0;0;0;0;0;16446.93;11280.08;5166.86;32438.072
2026-07-28T15:07:35.215825+02:00;standby;27.2;58.0;5.0;28.0;59.6;57.0;0;0;0;0;16446.93;11280.08;5166.86;32438.072
2026-07-28T15:08:35.662168+02:00;standby;27.2;57.8;5.0;28.0;59.6;57.0;0;0;0;0;16446.93;11280.08;5166.86;32438.072
2026-07-28T15:09:36.238786+02:00;standby;27.2;57.7;5.0;28.0;59.6;57.0;0;0;0;0;16446.93;11280.08;5166.86;32438.072
2026-07-28T15:10:36.729792+02:00;standby;27.2;57.5;5.0;28.0;59.6;57.0;0;0;0;0;16446.93;11280.08;5166.86;32438.072
2026-07-28T15:11:37.185882+02:00;standby;27.2;57.4;5.0;28.0;59.6;57.0;0;0;0;0;16446.93;11280.08;5166.86;32438.072
2026-07-28T15:12:37.741428+02:00;standby;27.2;57.3;5.0;28.0;59.6;57.0;0;0;0;0;16446.93;11280.08;5166.86;32438.072
2026-07-28T15:13:38.548655+02:00;standby;27.2;57.2;5.0;28.0;59.6;57.0;0;0;0;0;16446.93;11280.08;5166.86;32438.072
2026-07-28T15:14:39.178499+02:00;standby;27.2;56.9;5.0;28.0;59.6;57.0;0;0;0;0;16446.93;11280.08;5166.86;32438.072
2026-07-28T15:15:39.695861+02:00;standby;27.2;56.8;5.0;28.0;59.6;57.0;0;0;0;0;16446.93;11280.08;5166.86;32438.072
2026-07-28T15:16:40.155987+02:00;standby;27.2;56.6;5.0;28.0;59.5;57.0;0;0;0;0;16446.93;11280.08;5166.86;32438.072
2026-07-28T15:17:40.596993+02:00;standby;27.2;56.5;5.0;28.0;59.6;57.0;0;0;0;0;16446.93;11280.08;5166.86;32438.072
2026-07-28T15:18:41.127512+02:00;standby;27.2;56.4;5.0;28.0;59.5;57.0;0;0;0;0;16446.93;11280.08;5166.86;32438.072
2026-07-28T15:19:41.790124+02:00;standby;27.2;56.2;5.0;28.0;59.5;57.0;0;0;0;0;16446.93;11280.08;5166.86;32438.072
2026-07-28T15:20:42.287098+02:00;standby;27.2;56.0;5.0;28.0;59.5;57.0;0;0;0;0;16446.93;11280.08;5166.86;32438.072
2026-07-28T15:21:43.031957+02:00;standby;27.2;55.9;5.0;28.0;59.5;57.0;0;0;0;0;16446.93;11280.08;5166.86;32438.072
2026-07-28T15:22:43.507420+02:00;standby;27.2;55.8;5.0;28.0;59.5;57.0;0;0;0;0;16446.93;11280.08;5166.86;32438.072
2026-07-28T15:23:44.026590+02:00;standby;27.2;55.7;5.0;28.0;59.5;57.0;0;0;0;0;16446.93;11280.08;5166.86;32438.072
2026-07-28T15:24:44.554091+02:00;standby;27.2;55.5;5.0;28.0;59.5;57.0;0;0;0;0;16446.93;11280.08;5166.86;32438.072
2026-07-28T15:25:45.280863+02:00;standby;27.2;55.3;5.0;28.0;59.5;57.0;0;0;0;0;16446.93;11280.08;5166.86;32438.072
2026-07-28T15:26:45.778431+02:00;standby;27.2;55.2;5.0;28.0;59.5;57.0;0;0;0;0;16446.93;11280.08;5166.86;32438.072
2026-07-28T15:27:46.211549+02:00;standby;27.2;55.1;5.0;28.0;59.5;57.0;0;0;0;0;16446.93;11280.08;5166.86;32438.072
2026-07-28T15:28:46.745004+02:00;standby;27.2;54.9;5.0;28.0;59.5;57.0;0;0;0;0;16446.93;11280.08;5166.86;32438.072
2026-07-28T15:29:47.273828+02:00;standby;27.2;54.8;5.0;28.0;59.5;57.0;0;0;0;0;16446.93;11280.08;5166.86;32438.072
2026-07-28T15:30:47.778504+02:00;standby;27.2;54.7;5.0;28.0;59.4;57.0;0;0;0;0;16446.93;11280.08;5166.86;32438.072
2026-07-28T15:31:48.591980+02:00;standby;27.2;54.6;5.0;28.0;59.4;57.0;0;0;0;0;16446.93;11280.08;5166.86;32438.072
2026-07-28T15:32:49.145056+02:00;standby;27.2;54.4;5.0;28.0;59.4;57.0;0;0;0;0;16446.93;11280.08;5166.86;32438.072
2026-07-28T15:33:49.630829+02:00;standby;27.2;54.2;5.0;28.0;59.4;57.0;0;0;0;0;16446.93;11280.08;5166.86;32438.072
2026-07-28T15:34:50.357221+02:00;standby;27.2;54.1;5.0;28.0;59.4;57.0;0;0;0;0;16446.93;11280.08;5166.86;32438.072
2026-07-28T15:35:50.875908+02:00;standby;27.2;54.0;5.0;28.0;59.4;57.0;0;0;0;0;16446.93;11280.08;5166.86;32438.072
2026-07-28T15:36:54.019483+02:00;standby;27.2;53.9;5.0;28.0;59.4;57.0;0;0;0;0;16446.93;11280.08;5166.86;32438.072
2026-07-28T15:37:54.467979+02:00;standby;27.2;53.7;5.0;28.0;59.4;57.0;0;0;0;0;16446.93;11280.08;5166.86;32438.072
2026-07-28T15:38:55.232805+02:00;standby;27.2;53.6;5.0;28.0;59.4;57.0;0;0;0;0;16446.93;11280.08;5166.86;32438.072
2026-07-28T15:39:55.712958+02:00;standby;27.2;53.4;5.0;28.0;59.4;57.0;0;0;0;0;16446.93;11280.08;5166.86;32438.072
2026-07-28T15:40:56.966773+02:00;standby;27.2;53.3;5.0;28.0;59.4;57.0;0;0;0;0;16446.93;11280.08;5166.86;32438.072
2026-07-28T15:41:57.471978+02:00;standby;27.2;53.2;5.0;28.0;59.4;57.0;0;0;0;0;16446.93;11280.08;5166.86;32438.072
2026-07-28T15:42:57.999037+02:00;standby;27.2;53.1;5.0;28.0;59.4;57.0;0;0;0;0;16446.93;11280.08;5166.86;32438.072
2026-07-28T15:43:58.504855+02:00;standby;27.2;53.0;5.0;28.0;59.4;57.0;0;0;0;0;16446.93;11280.08;5166.86;32438.072
2026-07-28T15:44:59.136041+02:00;standby;27.8;52.9;5.0;28.0;59.4;57.0;0;0;0;0;16446.93;11280.08;5166.86;32438.072
2026-07-28T15:46:00.393371+02:00;standby;27.8;52.7;5.0;28.0;59.3;57.0;0;0;0;0;16446.93;11280.08;5166.86;32438.072
2026-07-28T15:47:00.899947+02:00;standby;27.8;52.6;5.0;28.0;59.3;57.0;0;0;0;0;16446.93;11280.08;5166.86;32438.072
2026-07-28T15:48:01.444051+02:00;standby;27.8;52.4;5.0;28.0;59.3;57.0;0;0;0;0;16446.93;11280.08;5166.86;32438.072
2026-07-28T15:49:01.919520+02:00;standby;27.8;52.3;5.0;28.0;59.3;57.0;0;0;0;0;16446.93;11280.08;5166.86;32438.072
2026-07-28T15:50:02.439078+02:00;standby;27.8;52.2;5.0;28.0;59.3;57.0;0;0;0;0;16446.93;11280.08;5166.86;32438.072
2026-07-28T15:51:02.978586+02:00;standby;27.8;52.1;5.0;28.0;59.3;57.0;0;0;0;0;16446.93;11280.08;5166.86;32438.072
2026-07-28T15:52:03.491468+02:00;standby;27.8;51.9;5.0;28.0;59.3;57.0;0;0;0;0;16446.93;11280.08;5166.86;32438.072
2026-07-28T15:53:04.334543+02:00;standby;27.8;51.8;5.0;28.0;59.3;57.0;0;0;0;0;16446.93;11280.08;5166.86;32438.072
2026-07-28T15:54:04.831284+02:00;standby;27.8;51.7;5.0;28.0;59.3;57.0;0;0;0;0;16446.93;11280.08;5166.86;32438.072
2026-07-28T15:55:05.565296+02:00;standby;27.8;51.6;5.0;28.0;59.3;57.0;0;0;0;0;16446.93;11280.08;5166.86;32438.072
