ts;mode;outdoor_temp;flow_temp;flow_set_temp;target_flow_temp;dhw_temp;dhw_set_temp;burner_active;burner_power;pump_active;pump_modulation;energy_total_kwh;energy_heat_kwh;energy_dhw_kwh;gas_display_m3
2026-07-06T00:00:32.237318+02:00;standby;21.0;29.3;5.0;25.0;51.1;10.0;0;0;0;0;16356.05;11280.08;5075.97;32429.008
2026-07-06T00:01:32.859475+02:00;standby;21.0;29.3;5.0;25.0;51.1;10.0;0;0;0;0;16356.05;11280.08;5075.97;32429.008
2026-07-06T00:02:33.407425+02:00;standby;21.0;29.3;5.0;25.0;51.1;10.0;0;0;0;0;16356.05;11280.08;5075.97;32429.008
2026-07-06T00:03:33.866791+02:00;standby;21.0;29.3;5.0;25.0;51.1;10.0;0;0;0;0;16356.05;11280.08;5075.97;32429.008
2026-07-06T00:04:34.431909+02:00;standby;21.0;29.2;5.0;25.0;51.1;10.0;0;0;0;0;16356.05;11280.08;5075.97;32429.008
2026-07-06T00:05:34.958399+02:00;standby;21.0;29.2;5.0;25.0;51.1;10.0;0;0;0;0;16356.05;11280.08;5075.97;32429.008
2026-07-06T00:06:35.436379+02:00;standby;21.0;29.2;5.0;25.0;50.9;10.0;0;0;0;0;16356.05;11280.08;5075.97;32429.008
2026-07-06T00:07:36.051533+02:00;standby;21.0;29.2;5.0;25.0;50.9;10.0;0;0;0;0;16356.05;11280.08;5075.97;32429.008
2026-07-06T00:08:36.924577+02:00;standby;21.0;29.2;5.0;25.0;50.9;10.0;0;0;0;0;16356.05;11280.08;5075.97;32429.008
2026-07-06T00:09:37.949598+02:00;standby;21.0;29.2;5.0;25.0;50.9;10.0;0;0;0;0;16356.05;11280.08;5075.97;32429.008
2026-07-06T00:10:38.845813+02:00;standby;21.0;29.2;5.0;25.0;50.9;10.0;0;0;0;0;16356.05;11280.08;5075.97;32429.008
2026-07-06T00:11:40.419173+02:00;standby;21.0;29.2;5.0;25.0;50.9;10.0;0;0;0;0;16356.05;11280.08;5075.97;32429.008
2026-07-06T00:12:41.010101+02:00;standby;21.0;29.2;5.0;25.0;50.9;10.0;0;0;0;0;16356.05;11280.08;5075.97;32429.008
2026-07-06T00:13:41.526967+02:00;standby;21.0;29.2;5.0;25.0;50.9;10.0;0;0;0;0;16356.05;11280.08;5075.97;32429.008
2026-07-06T00:14:42.049400+02:00;standby;21.0;29.2;5.0;25.0;50.9;10.0;0;0;0;0;16356.05;11280.08;5075.97;32429.008
2026-07-06T00:15:42.671238+02:00;standby;21.0;29.2;5.0;25.0;50.9;10.0;0;0;0;0;16356.05;11280.08;5075.97;32429.008
2026-07-06T00:16:43.202804+02:00;standby;21.0;29.2;5.0;25.0;50.8;10.0;0;0;0;0;16356.05;11280.08;5075.97;32429.008
2026-07-06T00:17:43.711588+02:00;standby;21.0;29.2;5.0;25.0;50.8;10.0;0;0;0;0;16356.05;11280.08;5075.97;32429.008
2026-07-06T00:18:45.593592+02:00;standby;21.2;29.2;5.0;25.0;50.8;10.0;0;0;0;0;16356.05;11280.08;5075.97;32429.008
2026-07-06T00:19:46.038284+02:00;standby;21.2;29.2;5.0;25.0;50.8;10.0;0;0;0;0;16356.05;11280.08;5075.97;32429.008
2026-07-06T00:20:46.513917+02:00;standby;21.2;29.2;5.0;25.0;50.8;10.0;0;0;0;0;16356.05;11280.08;5075.97;32429.008
2026-07-06T00:21:47.013479+02:00;standby;21.2;29.2;5.0;25.0;50.8;10.0;0;0;0;0;16356.05;11280.08;5075.97;32429.008
2026-07-06T00:22:47.526361+02:00;standby;21.2;29.2;5.0;25.0;50.8;10.0;0;0;0;0;16356.05;11280.08;5075.97;32429.008
2026-07-06T00:23:48.047445+02:00;standby;21.2;29.2;5.0;25.0;50.8;10.0;0;0;0;0;16356.05;11280.08;5075.97;32429.008
2026-07-06T00:24:48.944744+02:00;standby;21.2;29.2;5.0;25.0;50.8;10.0;0;0;0;0;16356.05;11280.08;5075.97;32429.008
2026-07-06T00:25:49.549444+02:00;standby;21.2;29.2;5.0;25.0;50.8;10.0;0;0;0;0;16356.05;11280.08;5075.97;32429.008
2026-07-06T00:26:49.983926+02:00;standby;21.2;29.2;5.0;25.0;50.8;10.0;0;0;0;0;16356.05;11280.08;5075.97;32429.008
2026-07-06T00:27:50.431286+02:00;standby;21.2;29.2;5.0;25.0;50.7;10.0;0;0;0;0;16356.05;11280.08;5075.97;32429.008
2026-07-06T00:28:50.945705+02:00;standby;21.2;29.0;5.0;25.0;50.7;10.0;0;0;0;0;16356.05;11280.08;5075.97;32429.008
2026-07-06T00:29:51.627030+02:00;standby;21.2;29.0;5.0;25.0;50.7;10.0;0;0;0;0;16356.05;11280.08;5075.97;32429.008
2026-07-06T00:30:52.089148+02:00;standby;21.2;29.2;5.0;25.0;50.7;10.0;0;0;0;0;16356.05;11280.08;5075.97;32429.008
2026-07-06T00:31:52.616738+02:00;standby;21.2;29.0;5.0;25.0;50.7;10.0;0;0;0;0;16356.05;11280.08;5075.97;32429.008
2026-07-06T00:32:53.133781+02:00;standby;21.2;29.0;5.0;25.0;50.7;10.0;0;0;0;0;16356.05;11280.08;5075.97;32429.008
2026-07-06T00:33:53.691473+02:00;standby;21.2;29.0;5.0;25.0;50.7;10.0;0;0;0;0;16356.05;11280.08;5075.97;32429.008
2026-07-06T00:34:54.134555+02:00;standby;21.2;29.0;5.0;25.0;50.7;10.0;0;0;0;0;16356.05;11280.08;5075.97;32429.008
2026-07-06T00:35:54.639792+02:00;standby;21.2;29.0;5.0;25.0;50.7;10.0;0;0;0;0;16356.05;11280.08;5075.97;32429.008
2026-07-06T00:36:55.845240+02:00;standby;21.2;29.0;5.0;25.0;50.7;10.0;0;0;0;0;16356.05;11280.08;5075.97;32429.008
2026-07-06T00:37:56.354747+02:00;standby;21.2;29.0;5.0;25.0;50.6;10.0;0;0;0;0;16356.05;11280.08;5075.97;32429.008
2026-07-06T00:38:57.078467+02:00;standby;21.2;29.0;5.0;25.0;50.6;10.0;0;0;0;0;16356.05;11280.08;5075.97;32429.008
2026-07-06T00:39:57.713234+02:00;standby;21.2;29.0;5.0;25.0;50.6;10.0;0;0;0;0;16356.05;11280.08;5075.97;32429.008
2026-07-06T00:40:58.222021+02:00;standby;21.2;29.0;5.0;25.0;50.6;10.0;0;0;0;0;16356.05;11280.08;5075.97;32429.008
2026-07-06T00:41:58.742924+02:00;standby;21.2;29.0;5.0;25.0;50.6;10.0;0;0;0;0;16356.05;11280.08;5075.97;32429.008
2026-07-06T00:42:59.360396+02:00;standby;21.2;29.0;5.0;25.0;50.6;10.0;0;0;0;0;16356.05;11280.08;5075.97;32429.008
2026-07-06T00:43:59.913159+02:00;standby;21.2;29.0;5.0;25.0;50.6;10.0;0;0;0;0;16356.05;11280.08;5075.97;32429.008
2026-07-06T00:45:00.388710+02:00;standby;21.2;29.0;5.0;25.0;50.6;10.0;0;0;0;0;16356.05;11280.08;5075.97;32429.008
2026-07-06T00:46:01.020062+02:00;standby;21.2;29.0;5.0;25.0;50.6;10.0;0;0;0;0;16356.05;11280.08;5075.97;32429.008
2026-07-06T00:47:01.647464+02:00;standby;21.2;29.0;5.0;25.0;50.6;10.0;0;0;0;0;16356.05;11280.08;5075.97;32429.008
2026-07-06T00:48:02.248513+02:00;standby;21.2;29.0;5.0;25.0;50.6;10.0;0;0;0;0;16356.05;11280.08;5075.97;32429.008
2026-07-06T00:49:02.914514+02:00;standby;21.2;29.0;5.0;25.0;50.5;10.0;0;0;0;0;16356.05;11280.08;5075.97;32429.008
2026-07-06T00:50:03.395638+02:00;standby;21.2;29.0;5.0;25.0;50.5;10.0;0;0;0;0;16356.05;11280.08;5075.97;32429.008
2026-07-06T00:51:04.641112+02:00;standby;21.2;29.0;5.0;25.0;50.5;10.0;0;0;0;0;16356.05;11280.08;5075.97;32429.008
2026-07-06T00:52:05.495881+02:00;standby;21.2;29.0;5.0;25.0;50.5;10.0;0;0;0;0;16356.05;11280.08;5075.97;32429.008
2026-07-06T00:53:05.943909+02:00;standby;21.2;28.9;5.0;25.0;50.5;10.0;0;0;0;0;16356.05;11280.08;5075.97;32429.008
2026-07-06T00:54:06.401624+02:00;standby;21.2;29.0;5.0;25.0;50.5;10.0;0;0;0;0;16356.05;11280.08;5075.97;32429.008
2026-07-06T00:55:06.986041+02:00;standby;21.2;28.9;5.0;25.0;50.5;10.0;0;0;0;0;16356.05;11280.08;5075.97;32429.008
2026-07-06T00:56:07.497781+02:00;standby;21.2;28.9;5.0;25.0;50.5;10.0;0;0;0;0;16356.05;11280.08;5075.97;32429.008
2026-07-06T00:57:08.065889+02:00;standby;21.2;28.9;5.0;25.0;50.5;10.0;0;0;0;0;16356.05;11280.08;5075.97;32429.008
2026-07-06T00:58:08.536627+02:00;standby;21.2;28.9;5.0;25.0;50.5;10.0;0;0;0;0;16356.05;11280.08;5075.97;32429.008
2026-07-06T00:59:08.998689+02:00;standby;21.2;28.9;5.0;25.0;50.5;10.0;0;0;0;0;16356.05;11280.08;5075.97;32429.008
2026-07-06T01:00:09.481320+02:00;standby;21.2;28.9;5.0;25.0;50.5;10.0;0;0;0;0;16356.05;11280.08;5075.97;32429.008
2026-07-06T01:01:10.239102+02:00;standby;21.2;28.9;5.0;25.0;50.4;10.0;0;0;0;0;16356.05;11280.08;5075.97;32429.008
2026-07-06T01:02:10.803024+02:00;standby;21.2;28.9;5.0;25.0;50.4;10.0;0;0;0;0;16356.05;11280.08;5075.97;32429.008
2026-07-06T01:03:11.444659+02:00;standby;21.2;28.9;5.0;25.0;50.4;10.0;0;0;0;0;16356.05;11280.08;5075.97;32429.008
2026-07-06T01:04:11.915967+02:00;standby;21.2;28.9;5.0;25.0;50.4;10.0;0;0;0;0;16356.05;11280.08;5075.97;32429.008
2026-07-06T01:05:12.378905+02:00;standby;21.2;28.9;5.0;25.0;50.4;10.0;0;0;0;0;16356.05;11280.08;5075.97;32429.008
2026-07-06T01:06:12.956490+02:00;standby;21.2;28.9;5.0;25.0;50.4;10.0;0;0;0;0;16356.05;11280.08;5075.97;32429.008
2026-07-06T01:07:13.983886+02:00;standby;21.2;28.9;5.0;25.0;50.4;10.0;0;0;0;0;16356.05;11280.08;5075.97;32429.008
2026-07-06T01:08:14.445104+02:00;standby;21.2;28.9;5.0;25.0;50.4;10.0;0;0;0;0;16356.05;11280.08;5075.97;32429.008
2026-07-06T01:09:14.965002+02:00;standby;21.2;28.9;5.0;25.0;50.4;10.0;0;0;0;0;16356.05;11280.08;5075.97;32429.008
2026-07-06T01:10:15.435070+02:00;standby;21.2;28.9;5.0;25.0;50.4;10.0;0;0;0;0;16356.05;11280.08;5075.97;32429.008
2026-07-06T01:11:16.044191+02:00;standby;21.2;28.9;5.0;25.0;50.4;10.0;0;0;0;0;16356.05;11280.08;5075.97;32429.008
2026-07-06T01:12:16.571298+02:00;standby;21.2;28.9;5.0;25.0;50.3;10.0;0;0;0;0;16356.05;11280.08;5075.97;32429.008
2026-07-06T01:13:17.098525+02:00;standby;21.2;28.9;5.0;25.0;50.3;10.0;0;0;0;0;16356.05;11280.08;5075.97;32429.008
2026-07-06T01:14:17.625332+02:00;standby;21.2;28.9;5.0;25.0;50.3;10.0;0;0;0;0;16356.05;11280.08;5075.97;32429.008
2026-07-06T01:15:19.903893+02:00;standby;21.2;28.9;5.0;25.0;50.3;10.0;0;0;0;0;16356.05;11280.08;5075.97;32429.008
2026-07-06T01:16:20.398292+02:00;standby;21.2;28.9;5.0;25.0;50.3;10.0;0;0;0;0;16356.05;11280.08;5075.97;32429.008
2026-07-06T01:17:21.004652+02:00;standby;21.2;28.9;5.0;25.0;50.3;10.0;0;0;0;0;16356.05;11280.08;5075.97;32429.008
2026-07-06T01:18:21.528622+02:00;standby;21.2;28.9;5.0;25.0;50.3;10.0;0;0;0;0;16356.05;11280.08;5075.97;32429.008
2026-07-06T01:19:22.082574+02:00;standby;21.5;28.9;5.0;25.0;50.3;10.0;0;0;0;0;16356.05;11280.08;5075.97;32429.008
2026-07-06T01:20:22.775978+02:00;standby;21.5;28.9;5.0;25.0;50.3;10.0;0;0;0;0;16356.05;11280.08;5075.97;32429.008
2026-07-06T01:21:23.254473+02:00;standby;21.5;28.7;5.0;25.0;50.3;10.0;0;0;0;0;16356.05;11280.08;5075.97;32429.008
2026-07-06T01:22:24.177237+02:00;standby;21.5;28.9;5.0;25.0;50.3;10.0;0;0;0;0;16356.05;11280.08;5075.97;32429.008
2026-07-06T01:23:24.648517+02:00;standby;21.5;28.9;5.0;25.0;50.2;10.0;0;0;0;0;16356.05;11280.08;5075.97;32429.008
2026-07-06T01:24:25.356302+02:00;standby;21.5;28.7;5.0;25.0;50.2;10.0;0;0;0;0;16356.05;11280.08;5075.97;32429.008
2026-07-06T01:25:25.872385+02:00;standby;21.5;28.7;5.0;25.0;50.2;10.0;0;0;0;0;16356.05;11280.08;5075.97;32429.008
2026-07-06T01:26:26.360571+02:00;standby;21.5;28.7;5.0;25.0;50.2;10.0;0;0;0;0;16356.05;11280.08;5075.97;32429.008
2026-07-06T01:27:26.882015+02:00;standby;21.5;28.7;5.0;25.0;50.2;10.0;0;0;0;0;16356.05;11280.08;5075.97;32429.008
2026-07-06T01:28:27.327447+02:00;standby;21.5;28.7;5.0;25.0;50.2;10.0;0;0;0;0;16356.05;11280.08;5075.97;32429.008
2026-07-06T01:29:27.748745+02:00;standby;21.5;28.7;5.0;25.0;50.2;10.0;0;0;0;0;16356.05;11280.08;5075.97;32429.008
2026-07-06T01:30:28.370499+02:00;standby;21.5;28.7;5.0;25.0;50.2;10.0;0;0;0;0;16356.05;11280.08;5075.97;32429.008
2026-07-06T01:31:28.854272+02:00;standby;21.5;28.7;5.0;25.0;50.2;10.0;0;0;0;0;16356.05;11280.08;5075.97;32429.008
2026-07-06T01:32:29.313234+02:00;standby;21.5;28.7;5.0;25.0;50.2;10.0;0;0;0;0;16356.05;11280.08;5075.97;32429.008
2026-07-06T01:33:30.243304+02:00;standby;21.5;28.7;5.0;25.0;50.2;10.0;0;0;0;0;16356.05;11280.08;5075.97;32429.008
2026-07-06T01:34:30.915997+02:00;standby;21.5;28.7;5.0;25.0;50.1;10.0;0;0;0;0;16356.05;11280.08;5075.97;32429.008
2026-07-06T01:35:31.781906+02:00;standby;21.5;28.7;5.0;25.0;50.1;10.0;0;0;0;0;16356.05;11280.08;5075.97;32429.008
2026-07-06T01:36:32.311357+02:00;standby;21.5;28.7;5.0;25.0;50.1;10.0;0;0;0;0;16356.05;11280.08;5075.97;32429.008
2026-07-06T01:37:32.842610+02:00;standby;21.5;28.7;5.0;25.0;50.1;10.0;0;0;0;0;16356.05;11280.08;5075.97;32429.008
2026-07-06T01:38:33.301270+02:00;standby;21.5;28.7;5.0;25.0;50.1;10.0;0;0;0;0;16356.05;11280.08;5075.97;32429.008
2026-07-06T01:39:33.767867+02:00;standby;21.5;28.7;5.0;25.0;50.1;10.0;0;0;0;0;16356.05;11280.08;5075.97;32429.008
2026-07-06T01:40:34.713991+02:00;standby;21.5;28.7;5.0;25.0;50.1;10.0;0;0;0;0;16356.05;11280.08;5075.97;32429.008
2026-07-06T01:41:35.174503+02:00;standby;21.5;28.7;5.0;25.0;50.1;10.0;0;0;0;0;16356.05;11280.08;5075.97;32429.008
2026-07-06T01:42:35.727897+02:00;standby;21.5;28.7;5.0;25.0;50.1;10.0;0;0;0;0;16356.05;11280.08;5075.97;32429.008
2026-07-06T01:43:36.342566+02:00;standby;21.5;28.7;5.0;25.0;50.1;10.0;0;0;0;0;16356.05;11280.08;5075.97;32429.008
2026-07-06T01:44:37.270031+02:00;standby;21.5;28.7;5.0;25.0;50.1;10.0;0;0;0;0;16356.05;11280.08;5075.97;32429.008
2026-07-06T01:45:37.826941+02:00;standby;21.5;28.7;5.0;25.0;50.1;10.0;0;0;0;0;16356.05;11280.08;5075.97;32429.008
2026-07-06T01:46:38.435221+02:00;standby;21.5;28.7;5.0;25.0;50.0;10.0;0;0;0;0;16356.05;11280.08;5075.97;32429.008
2026-07-06T01:47:39.203530+02:00;standby;21.5;28.7;5.0;25.0;50.0;10.0;0;0;0;0;16356.05;11280.08;5075.97;32429.008
2026-07-06T01:48:39.622801+02:00;standby;21.5;28.7;5.0;25.0;50.0;10.0;0;0;0;0;16356.05;11280.08;5075.97;32429.008
2026-07-06T01:49:40.099812+02:00;standby;21.5;28.7;5.0;25.0;50.0;10.0;0;0;0;0;16356.05;11280.08;5075.97;32429.008
2026-07-06T01:50:40.713348+02:00;standby;21.5;28.7;5.0;25.0;50.0;10.0;0;0;0;0;16356.05;11280.08;5075.97;32429.008
2026-07-06T01:51:41.233558+02:00;standby;21.5;28.6;5.0;25.0;50.0;10.0;0;0;0;0;16356.05;11280.08;5075.97;32429.008
2026-07-06T01:52:41.767158+02:00;standby;21.5;28.6;5.0;25.0;50.0;10.0;0;0;0;0;16356.05;11280.08;5075.97;32429.008
2026-07-06T01:53:42.261658+02:00;standby;21.5;28.6;5.0;25.0;50.0;10.0;0;0;0;0;16356.05;11280.08;5075.97;32429.008
2026-07-06T01:54:44.727841+02:00;standby;21.5;28.6;5.0;25.0;50.0;10.0;0;0;0;0;16356.05;11280.08;5075.97;32429.008
2026-07-06T01:55:45.240414+02:00;standby;21.5;28.6;5.0;25.0;50.0;10.0;0;0;0;0;16356.05;11280.08;5075.97;32429.008
2026-07-06T01:56:45.789056+02:00;standby;21.5;28.6;5.0;25.0;50.0;10.0;0;0;0;0;16356.05;11280.08;5075.97;32429.008
2026-07-06T01:57:46.222325+02:00;standby;21.5;28.6;5.0;25.0;49.9;10.0;0;0;0;0;16356.05;11280.08;5075.97;32429.008
2026-07-06T01:58:47.277299+02:00;standby;21.5;28.6;5.0;25.0;49.9;10.0;0;0;0;0;16356.05;11280.08;5075.97;32429.008
2026-07-06T01:59:47.737483+02:00;standby;21.5;28.6;5.0;25.0;49.9;10.0;0;0;0;0;16356.05;11280.08;5075.97;32429.008
2026-07-06T02:00:48.252563+02:00;standby;21.5;28.6;5.0;25.0;49.9;10.0;0;0;0;0;16356.05;11280.08;5075.97;32429.008
2026-07-06T02:01:48.794398+02:00;standby;21.5;28.6;5.0;25.0;49.9;10.0;0;0;0;0;16356.05;11280.08;5075.97;32429.008
2026-07-06T02:02:49.284506+02:00;standby;21.5;28.6;5.0;25.0;49.9;10.0;0;0;0;0;16356.05;11280.08;5075.97;32429.008
2026-07-06T02:03:50.117443+02:00;standby;21.5;28.6;5.0;25.0;49.9;10.0;0;0;0;0;16356.05;11280.08;5075.97;32429.008
2026-07-06T02:04:50.673949+02:00;standby;21.5;28.6;5.0;25.0;49.9;10.0;0;0;0;0;16356.05;11280.08;5075.97;32429.008
2026-07-06T02:05:51.258861+02:00;standby;21.5;28.6;5.0;25.0;49.9;10.0;0;0;0;0;16356.05;11280.08;5075.97;32429.008
2026-07-06T02:06:51.871367+02:00;standby;21.5;28.6;5.0;25.0;49.9;10.0;0;0;0;0;16356.05;11280.08;5075.97;32429.008
2026-07-06T02:07:52.350039+02:00;standby;21.5;28.6;5.0;25.0;49.9;10.0;0;0;0;0;16356.05;11280.08;5075.97;32429.008
2026-07-06T02:08:53.075729+02:00;standby;21.5;28.6;5.0;25.0;49.9;10.0;0;0;0;0;16356.05;11280.08;5075.97;32429.008
2026-07-06T02:09:53.541718+02:00;standby;21.5;28.6;5.0;25.0;49.8;10.0;0;0;0;0;16356.05;11280.08;5075.97;32429.008
2026-07-06T02:10:54.156588+02:00;standby;21.5;28.6;5.0;25.0;49.8;10.0;0;0;0;0;16356.05;11280.08;5075.97;32429.008
2026-07-06T02:11:54.671297+02:00;standby;21.5;28.6;5.0;25.0;49.8;10.0;0;0;0;0;16356.05;11280.08;5075.97;32429.008
2026-07-06T02:12:55.162194+02:00;standby;21.5;28.6;5.0;25.0;49.8;10.0;0;0;0;0;16356.05;11280.08;5075.97;32429.008
2026-07-06T02:13:55.614188+02:00;standby;21.5;28.6;5.0;25.0;49.8;10.0;0;0;0;0;16356.05;11280.08;5075.97;32429.008
2026-07-06T02:14:56.089481+02:00;standby;21.5;28.6;5.0;25.0;49.8;10.0;0;0;0;0;16356.05;11280.08;5075.97;32429.008
2026-07-06T02:15:56.543904+02:00;standby;21.5;28.6;5.0;25.0;49.8;10.0;0;0;0;0;16356.05;11280.08;5075.97;32429.008
2026-07-06T02:16:57.392154+02:00;standby;21.5;28.6;5.0;25.0;49.8;10.0;0;0;0;0;16356.05;11280.08;5075.97;32429.008
2026-07-06T02:17:57.960653+02:00;standby;21.5;28.6;5.0;25.0;49.8;10.0;0;0;0;0;16356.05;11280.08;5075.97;32429.008
2026-07-06T02:18:58.479843+02:00;standby;21.5;28.6;5.0;25.0;49.8;10.0;0;0;0;0;16356.05;11280.08;5075.97;32429.008
2026-07-06T02:19:59.272871+02:00;standby;21.2;28.6;5.0;25.0;49.8;10.0;0;0;0;0;16356.05;11280.08;5075.97;32429.008
2026-07-06T02:21:00.026508+02:00;standby;21.2;28.5;5.0;25.0;49.8;10.0;0;0;0;0;16356.05;11280.08;5075.97;32429.008
2026-07-06T02:22:00.623105+02:00;standby;21.2;28.5;5.0;25.0;49.7;10.0;0;0;0;0;16356.05;11280.08;5075.97;32429.008
2026-07-06T02:23:01.115094+02:00;standby;21.2;28.5;5.0;25.0;49.7;10.0;0;0;0;0;16356.05;11280.08;5075.97;32429.008
2026-07-06T02:24:01.914022+02:00;standby;21.2;28.6;5.0;25.0;49.7;10.0;0;0;0;0;16356.05;11280.08;5075.97;32429.008
2026-07-06T02:25:02.410135+02:00;standby;21.2;28.5;5.0;25.0;49.7;10.0;0;0;0;0;16356.05;11280.08;5075.97;32429.008
2026-07-06T02:26:03.594015+02:00;standby;21.2;28.5;5.0;25.0;49.7;10.0;0;0;0;0;16356.05;11280.08;5075.97;32429.008
2026-07-06T02:27:04.117760+02:00;standby;21.2;28.5;5.0;25.0;49.7;10.0;0;0;0;0;16356.05;11280.08;5075.97;32429.008
2026-07-06T02:28:04.929929+02:00;standby;21.2;28.5;5.0;25.0;49.7;10.0;0;0;0;0;16356.05;11280.08;5075.97;32429.008
2026-07-06T02:29:05.451524+02:00;standby;21.2;28.5;5.0;25.0;49.7;10.0;0;0;0;0;16356.05;11280.08;5075.97;32429.008
2026-07-06T02:30:05.971788+02:00;standby;21.2;28.5;5.0;25.0;49.7;10.0;0;0;0;0;16356.05;11280.08;5075.97;32429.008
2026-07-06T02:31:06.553786+02:00;standby;21.2;28.5;5.0;25.0;49.7;10.0;0;0;0;0;16356.05;11280.08;5075.97;32429.008
2026-07-06T02:32:06.992024+02:00;standby;21.2;28.5;5.0;25.0;49.7;10.0;0;0;0;0;16356.05;11280.08;5075.97;32429.008
2026-07-06T02:33:07.494489+02:00;standby;21.2;28.5;5.0;25.0;49.6;10.0;0;0;0;0;16356.05;11280.08;5075.97;32429.008
2026-07-06T02:34:08.044857+02:00;standby;21.2;28.5;5.0;25.0;49.6;10.0;0;0;0;0;16356.05;11280.08;5075.97;32429.008
2026-07-06T02:35:09.297766+02:00;standby;21.2;28.5;5.0;25.0;49.6;10.0;0;0;0;0;16356.05;11280.08;5075.97;32429.008
2026-07-06T02:36:09.930878+02:00;standby;21.2;28.5;5.0;25.0;49.6;10.0;0;0;0;0;16356.05;11280.08;5075.97;32429.008
2026-07-06T02:37:10.459204+02:00;standby;21.2;28.5;5.0;25.0;49.6;10.0;0;0;0;0;16356.05;11280.08;5075.97;32429.008
2026-07-06T02:38:11.049033+02:00;standby;21.2;28.5;5.0;25.0;49.6;10.0;0;0;0;0;16356.05;11280.08;5075.97;32429.008
2026-07-06T02:39:11.527068+02:00;standby;21.2;28.5;5.0;25.0;49.6;10.0;0;0;0;0;16356.05;11280.08;5075.97;32429.008
2026-07-06T02:40:12.087896+02:00;standby;21.2;28.5;5.0;25.0;49.6;10.0;0;0;0;0;16356.05;11280.08;5075.97;32429.008
2026-07-06T02:41:12.689770+02:00;standby;21.2;28.5;5.0;25.0;49.6;10.0;0;0;0;0;16356.05;11280.08;5075.97;32429.008
2026-07-06T02:42:13.449502+02:00;standby;21.2;28.5;5.0;25.0;49.6;10.0;0;0;0;0;16356.05;11280.08;5075.97;32429.008
2026-07-06T02:43:14.441715+02:00;standby;21.2;28.5;5.0;25.0;49.6;10.0;0;0;0;0;16356.05;11280.08;5075.97;32429.008
2026-07-06T02:44:14.992285+02:00;standby;21.2;28.5;5.0;25.0;49.6;10.0;0;0;0;0;16356.05;11280.08;5075.97;32429.008
2026-07-06T02:45:15.561050+02:00;standby;21.2;28.5;5.0;25.0;49.5;10.0;0;0;0;0;16356.05;11280.08;5075.97;32429.008
2026-07-06T02:46:16.353399+02:00;standby;21.2;28.5;5.0;25.0;49.5;10.0;0;0;0;0;16356.05;11280.08;5075.97;32429.008
2026-07-06T02:47:16.967582+02:00;standby;21.2;28.5;5.0;25.0;49.5;10.0;0;0;0;0;16356.05;11280.08;5075.97;32429.008
2026-07-06T02:48:17.609559+02:00;standby;21.2;28.5;5.0;25.0;49.5;10.0;0;0;0;0;16356.05;11280.08;5075.97;32429.008
2026-07-06T02:49:18.148644+02:00;standby;21.2;28.5;5.0;25.0;49.5;10.0;0;0;0;0;16356.05;11280.08;5075.97;32429.008
2026-07-06T02:50:18.954532+02:00;standby;21.2;28.5;5.0;25.0;49.5;10.0;0;0;0;0;16356.05;11280.08;5075.97;32429.008
2026-07-06T02:51:20.519152+02:00;standby;21.2;28.5;5.0;25.0;49.5;10.0;0;0;0;0;16356.05;11280.08;5075.97;32429.008
2026-07-06T02:52:20.955993+02:00;standby;21.2;28.3;5.0;25.0;49.5;10.0;0;0;0;0;16356.05;11280.08;5075.97;32429.008
2026-07-06T02:53:21.629163+02:00;standby;21.2;28.5;5.0;25.0;49.5;10.0;0;0;0;0;16356.05;11280.08;5075.97;32429.008
2026-07-06T02:54:22.277412+02:00;standby;21.2;28.3;5.0;25.0;49.5;10.0;0;0;0;0;16356.05;11280.08;5075.97;32429.008
2026-07-06T02:55:23.562647+02:00;standby;21.2;28.3;5.0;25.0;49.4;10.0;0;0;0;0;16356.05;11280.08;5075.97;32429.008
2026-07-06T02:56:24.061947+02:00;standby;21.2;28.5;5.0;25.0;49.5;10.0;0;0;0;0;16356.05;11280.08;5075.97;32429.008
2026-07-06T02:57:24.847603+02:00;standby;21.2;28.3;5.0;25.0;49.5;10.0;0;0;0;0;16356.05;11280.08;5075.97;32429.008
2026-07-06T02:58:25.456703+02:00;standby;21.2;28.3;5.0;25.0;49.4;10.0;0;0;0;0;16356.05;11280.08;5075.97;32429.008
2026-07-06T02:59:26.109939+02:00;standby;21.2;28.3;5.0;25.0;49.4;10.0;0;0;0;0;16356.05;11280.08;5075.97;32429.008
2026-07-06T03:00:26.895830+02:00;standby;21.2;28.3;5.0;25.0;49.4;10.0;0;0;0;0;16356.05;11280.08;5075.97;32429.008
2026-07-06T03:01:27.374862+02:00;standby;21.2;28.3;5.0;25.0;49.4;10.0;0;0;0;0;16356.05;11280.08;5075.97;32429.008
2026-07-06T03:02:27.847105+02:00;standby;21.2;28.3;5.0;25.0;49.4;10.0;0;0;0;0;16356.05;11280.08;5075.97;32429.008
2026-07-06T03:03:28.306729+02:00;standby;21.2;28.3;5.0;25.0;49.4;10.0;0;0;0;0;16356.05;11280.08;5075.97;32429.008
2026-07-06T03:04:28.930319+02:00;standby;21.2;28.3;5.0;25.0;49.4;10.0;0;0;0;0;16356.05;11280.08;5075.97;32429.008
2026-07-06T03:05:29.653356+02:00;standby;21.2;28.3;5.0;25.0;49.4;10.0;0;0;0;0;16356.05;11280.08;5075.97;32429.008
2026-07-06T03:06:30.790077+02:00;standby;21.2;28.3;5.0;25.0;49.4;10.0;0;0;0;0;16356.05;11280.08;5075.97;32429.008
2026-07-06T03:07:31.453639+02:00;standby;21.2;28.3;5.0;25.0;49.4;10.0;0;0;0;0;16356.05;11280.08;5075.97;32429.008
2026-07-06T03:08:32.707701+02:00;standby;21.2;28.3;5.0;25.0;49.4;10.0;0;0;0;0;16356.05;11280.08;5075.97;32429.008
2026-07-06T03:09:33.204225+02:00;standby;21.2;28.3;5.0;25.0;49.4;10.0;0;0;0;0;16356.05;11280.08;5075.97;32429.008
2026-07-06T03:10:33.717374+02:00;standby;21.2;28.3;5.0;25.0;49.3;10.0;0;0;0;0;16356.05;11280.08;5075.97;32429.008
2026-07-06T03:11:34.559623+02:00;standby;21.2;28.3;5.0;25.0;49.3;10.0;0;0;0;0;16356.05;11280.08;5075.97;32429.008
2026-07-06T03:12:35.420733+02:00;standby;21.2;28.3;5.0;25.0;49.3;10.0;0;0;0;0;16356.05;11280.08;5075.97;32429.008
2026-07-06T03:13:35.908636+02:00;standby;21.2;28.3;5.0;25.0;49.3;10.0;0;0;0;0;16356.05;11280.08;5075.97;32429.008
2026-07-06T03:14:36.476012+02:00;standby;21.2;28.3;5.0;25.0;49.3;10.0;0;0;0;0;16356.05;11280.08;5075.97;32429.008
2026-07-06T03:15:37.145476+02:00;standby;21.2;28.3;5.0;25.0;49.3;10.0;0;0;0;0;16356.05;11280.08;5075.97;32429.008
2026-07-06T03:16:37.771739+02:00;standby;21.2;28.3;5.0;25.0;49.3;10.0;0;0;0;0;16356.05;11280.08;5075.97;32429.008
2026-07-06T03:17:38.400004+02:00;standby;21.2;28.3;5.0;25.0;49.3;10.0;0;0;0;0;16356.05;11280.08;5075.97;32429.008
2026-07-06T03:18:39.271851+02:00;standby;21.2;28.3;5.0;25.0;49.3;10.0;0;0;0;0;16356.05;11280.08;5075.97;32429.008
2026-07-06T03:19:39.904001+02:00;standby;21.2;28.3;5.0;25.0;49.3;10.0;0;0;0;0;16356.05;11280.08;5075.97;32429.008
2026-07-06T03:20:42.933241+02:00;standby;21.2;28.3;5.0;25.0;49.3;10.0;0;0;0;0;16356.05;11280.08;5075.97;32429.008
2026-07-06T03:21:43.594924+02:00;standby;21.2;28.3;5.0;25.0;49.3;10.0;0;0;0;0;16356.05;11280.08;5075.97;32429.008
2026-07-06T03:22:44.483801+02:00;standby;21.2;28.3;5.0;25.0;49.3;10.0;0;0;0;0;16356.05;11280.08;5075.97;32429.008
2026-07-06T03:23:45.047053+02:00;standby;21.2;28.3;5.0;25.0;49.2;10.0;0;0;0;0;16356.05;11280.08;5075.97;32429.008
2026-07-06T03:24:45.543305+02:00;standby;21.2;28.3;5.0;25.0;49.2;10.0;0;0;0;0;16356.05;11280.08;5075.97;32429.008
2026-07-06T03:25:46.059141+02:00;standby;21.2;28.3;5.0;25.0;49.2;10.0;0;0;0;0;16356.05;11280.08;5075.97;32429.008
2026-07-06T03:26:46.651404+02:00;standby;21.2;28.3;5.0;25.0;49.2;10.0;0;0;0;0;16356.05;11280.08;5075.97;32429.008
2026-07-06T03:27:47.461021+02:00;standby;21.2;28.3;5.0;25.0;49.2;10.0;0;0;0;0;16356.05;11280.08;5075.97;32429.008
2026-07-06T03:28:48.252490+02:00;standby;21.2;28.3;5.0;25.0;49.2;10.0;0;0;0;0;16356.05;11280.08;5075.97;32429.008
2026-07-06T03:29:49.040026+02:00;standby;21.2;28.3;5.0;25.0;49.2;10.0;0;0;0;0;16356.05;11280.08;5075.97;32429.008
2026-07-06T03:30:49.599113+02:00;standby;21.2;28.3;5.0;25.0;49.2;10.0;0;0;0;0;16356.05;11280.08;5075.97;32429.008
2026-07-06T03:31:50.202606+02:00;standby;21.2;28.3;5.0;25.0;49.2;10.0;0;0;0;0;16356.05;11280.08;5075.97;32429.008
2026-07-06T03:32:50.739663+02:00;standby;21.2;28.3;5.0;25.0;49.2;10.0;0;0;0;0;16356.05;11280.08;5075.97;32429.008
2026-07-06T03:33:51.360612+02:00;standby;21.2;28.2;5.0;25.0;49.2;10.0;0;0;0;0;16356.05;11280.08;5075.97;32429.008
2026-07-06T03:34:51.860494+02:00;standby;21.2;28.2;5.0;25.0;49.1;10.0;0;0;0;0;16356.05;11280.08;5075.97;32429.008
2026-07-06T03:35:52.966685+02:00;standby;21.2;28.3;5.0;25.0;49.1;10.0;0;0;0;0;16356.05;11280.08;5075.97;32429.008
2026-07-06T03:36:53.923884+02:00;standby;21.2;28.2;5.0;25.0;49.1;10.0;0;0;0;0;16356.05;11280.08;5075.97;32429.008
2026-07-06T03:37:54.545392+02:00;standby;21.2;28.2;5.0;25.0;49.1;10.0;0;0;0;0;16356.05;11280.08;5075.97;32429.008
2026-07-06T03:38:54.961524+02:00;standby;21.2;28.2;5.0;25.0;49.1;10.0;0;0;0;0;16356.05;11280.08;5075.97;32429.008
2026-07-06T03:39:55.501363+02:00;standby;21.2;28.2;5.0;25.0;49.1;10.0;0;0;0;0;16356.05;11280.08;5075.97;32429.008
2026-07-06T03:40:55.963380+02:00;standby;21.2;28.2;5.0;25.0;49.1;10.0;0;0;0;0;16356.05;11280.08;5075.97;32429.008
2026-07-06T03:41:56.605398+02:00;standby;21.2;28.2;5.0;25.0;49.1;10.0;0;0;0;0;16356.05;11280.08;5075.97;32429.008
2026-07-06T03:42:57.092886+02:00;standby;21.2;28.2;5.0;25.0;49.1;10.0;0;0;0;0;16356.05;11280.08;5075.97;32429.008
2026-07-06T03:43:57.580904+02:00;standby;21.2;28.2;5.0;25.0;49.1;10.0;0;0;0;0;16356.05;11280.08;5075.97;32429.008
2026-07-06T03:44:58.360645+02:00;standby;21.2;28.2;5.0;25.0;49.1;10.0;0;0;0;0;16356.05;11280.08;5075.97;32429.008
2026-07-06T03:45:58.926446+02:00;standby;21.2;28.2;5.0;25.0;49.1;10.0;0;0;0;0;16356.05;11280.08;5075.97;32429.008
2026-07-06T03:47:01.495904+02:00;standby;21.2;28.2;5.0;25.0;49.1;10.0;0;0;0;0;16356.05;11280.08;5075.97;32429.008
2026-07-06T03:48:02.017235+02:00;standby;21.2;28.2;5.0;25.0;49.0;10.0;0;0;0;0;16356.05;11280.08;5075.97;32429.008
2026-07-06T03:49:02.574377+02:00;standby;21.2;28.2;5.0;25.0;49.0;10.0;0;0;0;0;16356.05;11280.08;5075.97;32429.008
2026-07-06T03:50:03.338896+02:00;standby;21.2;28.2;5.0;25.0;49.0;10.0;0;0;0;0;16356.05;11280.08;5075.97;32429.008
2026-07-06T03:51:03.922258+02:00;standby;21.2;28.2;5.0;25.0;49.0;10.0;0;0;0;0;16356.05;11280.08;5075.97;32429.008
2026-07-06T03:52:04.958872+02:00;standby;21.2;28.2;5.0;25.0;49.0;10.0;0;0;0;0;16356.05;11280.08;5075.97;32429.008
2026-07-06T03:53:05.404131+02:00;standby;21.2;28.2;5.0;25.0;49.0;10.0;0;0;0;0;16356.05;11280.08;5075.97;32429.008
2026-07-06T03:54:06.188881+02:00;standby;21.2;28.2;5.0;25.0;49.0;10.0;0;0;0;0;16356.05;11280.08;5075.97;32429.008
2026-07-06T03:55:06.732994+02:00;standby;21.2;28.2;5.0;25.0;49.0;10.0;0;0;0;0;16356.05;11280.08;5075.97;32429.008
2026-07-06T03:56:07.170247+02:00;standby;21.2;28.2;5.0;25.0;49.0;10.0;0;0;0;0;16356.05;11280.08;5075.97;32429.008
2026-07-06T03:57:07.602642+02:00;standby;21.2;28.2;5.0;25.0;49.0;10.0;0;0;0;0;16356.05;11280.08;5075.97;32429.008
2026-07-06T03:58:08.105708+02:00;standby;21.2;28.2;5.0;25.0;49.0;10.0;0;0;0;0;16356.05;11280.08;5075.97;32429.008
2026-07-06T03:59:08.645929+02:00;standby;21.2;28.2;5.0;25.0;48.9;10.0;0;0;0;0;16356.05;11280.08;5075.97;32429.008
2026-07-06T04:00:09.166397+02:00;standby;21.2;28.2;5.0;25.0;49.0;10.0;0;0;0;0;16356.05;11280.08;5075.97;32429.008
2026-07-06T04:01:10.548399+02:00;standby;21.2;28.2;5.0;25.0;48.9;57.0;0;0;0;0;16356.05;11280.08;5075.97;32429.008
2026-07-06T04:02:11.203282+02:00;standby;21.2;28.2;5.0;25.0;48.9;57.0;0;0;0;0;16356.05;11280.08;5075.97;32429.008
2026-07-06T04:03:11.746222+02:00;standby;21.2;28.2;5.0;25.0;48.9;57.0;0;0;0;0;16356.05;11280.08;5075.97;32429.008
2026-07-06T04:04:12.366296+02:00;standby;21.2;28.2;5.0;25.0;48.9;57.0;0;0;0;0;16356.05;11280.08;5075.97;32429.008
2026-07-06T04:05:12.892645+02:00;standby;21.2;28.2;5.0;25.0;48.9;57.0;0;0;0;0;16356.05;11280.08;5075.97;32429.008
2026-07-06T04:06:13.509816+02:00;standby;21.2;28.2;5.0;25.0;48.9;57.0;0;0;0;0;16356.05;11280.08;5075.97;32429.008
2026-07-06T04:07:14.174080+02:00;standby;21.2;28.2;5.0;25.0;48.9;57.0;0;0;0;0;16356.05;11280.08;5075.97;32429.008
2026-07-06T04:08:14.692752+02:00;standby;21.2;28.2;5.0;25.0;48.9;57.0;0;0;0;0;16356.05;11280.08;5075.97;32429.008
2026-07-06T04:09:15.333259+02:00;standby;21.2;28.2;5.0;25.0;48.9;57.0;0;0;0;0;16356.05;11280.08;5075.97;32429.008
2026-07-06T04:10:15.833093+02:00;standby;21.2;28.2;5.0;25.0;48.9;57.0;0;0;0;0;16356.05;11280.08;5075.97;32429.008
2026-07-06T04:11:16.287999+02:00;standby;21.2;28.0;5.0;25.0;48.9;57.0;0;0;0;0;16356.05;11280.08;5075.97;32429.008
2026-07-06T04:12:16.988902+02:00;standby;21.2;28.2;5.0;25.0;48.9;57.0;0;0;0;0;16356.05;11280.08;5075.97;32429.008
2026-07-06T04:13:17.449275+02:00;standby;21.2;28.2;5.0;25.0;48.8;57.0;0;0;0;0;16356.05;11280.08;5075.97;32429.008
2026-07-06T04:14:18.220212+02:00;standby;21.2;28.0;5.0;25.0;48.9;57.0;0;0;0;0;16356.05;11280.08;5075.97;32429.008
2026-07-06T04:15:18.691833+02:00;standby;21.2;28.2;5.0;25.0;48.8;57.0;0;0;0;0;16356.05;11280.08;5075.97;32429.008
2026-07-06T04:16:19.166821+02:00;standby;21.2;28.0;5.0;25.0;48.8;57.0;0;0;0;0;16356.05;11280.08;5075.97;32429.008
2026-07-06T04:17:20.364049+02:00;standby;21.2;28.0;5.0;25.0;48.8;57.0;0;0;0;0;16356.05;11280.08;5075.97;32429.008
2026-07-06T04:18:21.736801+02:00;standby;21.2;28.0;5.0;25.0;48.8;57.0;0;0;0;0;16356.05;11280.08;5075.97;32429.008
2026-07-06T04:19:22.428157+02:00;standby;21.2;28.0;5.0;25.0;48.8;57.0;0;0;0;0;16356.05;11280.08;5075.97;32429.008
2026-07-06T04:20:23.029910+02:00;standby;21.2;28.0;5.0;25.0;48.8;57.0;0;0;0;0;16356.05;11280.08;5075.97;32429.008
2026-07-06T04:21:23.452149+02:00;standby;21.1;28.0;5.0;25.0;48.8;57.0;0;0;0;0;16356.05;11280.08;5075.97;32429.008
2026-07-06T04:22:24.073713+02:00;standby;21.1;28.0;5.0;25.0;48.8;57.0;0;0;0;0;16356.05;11280.08;5075.97;32429.008
2026-07-06T04:23:24.564718+02:00;standby;21.1;28.2;5.0;25.0;48.8;57.0;0;0;0;0;16356.05;11280.08;5075.97;32429.008
2026-07-06T04:24:25.145234+02:00;standby;21.1;28.0;5.0;25.0;48.8;57.0;0;0;0;0;16356.05;11280.08;5075.97;32429.008
2026-07-06T04:25:25.586462+02:00;standby;21.1;28.0;5.0;25.0;48.8;57.0;0;0;0;0;16356.05;11280.08;5075.97;32429.008
2026-07-06T04:26:26.455730+02:00;standby;21.1;28.0;5.0;25.0;48.7;57.0;0;0;0;0;16356.05;11280.08;5075.97;32429.008
2026-07-06T04:27:27.013457+02:00;standby;21.1;28.0;5.0;25.0;48.7;57.0;0;0;0;0;16356.05;11280.08;5075.97;32429.008
2026-07-06T04:28:27.648104+02:00;standby;21.1;28.0;5.0;25.0;48.7;57.0;0;0;0;0;16356.05;11280.08;5075.97;32429.008
2026-07-06T04:29:28.232660+02:00;standby;21.1;28.0;5.0;25.0;48.7;57.0;0;0;0;0;16356.05;11280.08;5075.97;32429.008
2026-07-06T04:30:29.065864+02:00;standby;21.1;28.0;5.0;25.0;48.7;57.0;0;0;0;0;16356.05;11280.08;5075.97;32429.008
2026-07-06T04:31:29.524171+02:00;standby;21.1;28.0;5.0;25.0;48.7;57.0;0;0;0;0;16356.05;11280.08;5075.97;32429.008
2026-07-06T04:32:30.093934+02:00;standby;21.1;28.0;5.0;25.0;48.7;57.0;0;0;0;0;16356.05;11280.08;5075.97;32429.008
2026-07-06T04:33:30.666083+02:00;standby;21.1;28.0;5.0;25.0;48.7;57.0;0;0;0;0;16356.05;11280.08;5075.97;32429.008
2026-07-06T04:34:31.273796+02:00;standby;21.1;28.0;5.0;25.0;48.7;57.0;0;0;0;0;16356.05;11280.08;5075.97;32429.008
2026-07-06T04:35:31.702296+02:00;standby;21.1;28.0;5.0;25.0;48.7;57.0;0;0;0;0;16356.05;11280.08;5075.97;32429.008
2026-07-06T04:36:32.159611+02:00;standby;21.1;28.0;5.0;25.0;48.7;57.0;0;0;0;0;16356.05;11280.08;5075.97;32429.008
2026-07-06T04:37:32.659264+02:00;standby;21.1;28.0;5.0;25.0;48.7;57.0;0;0;0;0;16356.05;11280.08;5075.97;32429.008
2026-07-06T04:38:33.510015+02:00;standby;21.1;28.0;5.0;25.0;48.6;57.0;0;0;0;0;16356.05;11280.08;5075.97;32429.008
2026-07-06T04:39:34.088799+02:00;standby;21.1;28.0;5.0;25.0;48.6;57.0;0;0;0;0;16356.05;11280.08;5075.97;32429.008
2026-07-06T04:40:35.618233+02:00;standby;21.1;28.0;5.0;25.0;48.6;57.0;0;0;0;0;16356.05;11280.08;5075.97;32429.008
2026-07-06T04:41:36.702627+02:00;standby;21.1;28.0;5.0;25.0;48.6;57.0;0;0;0;0;16356.05;11280.08;5075.97;32429.008
2026-07-06T04:42:37.262893+02:00;standby;21.1;28.0;5.0;25.0;48.6;57.0;0;0;0;0;16356.05;11280.08;5075.97;32429.008
2026-07-06T04:43:37.908084+02:00;standby;21.1;28.0;5.0;25.0;48.6;57.0;0;0;0;0;16356.05;11280.08;5075.97;32429.008
2026-07-06T04:44:38.424029+02:00;standby;21.1;28.0;5.0;25.0;48.6;57.0;0;0;0;0;16356.05;11280.08;5075.97;32429.008
2026-07-06T04:45:40.111859+02:00;standby;21.1;28.0;5.0;25.0;48.6;57.0;0;0;0;0;16356.05;11280.08;5075.97;32429.008
2026-07-06T04:46:40.576586+02:00;standby;21.1;28.0;5.0;25.0;48.6;57.0;0;0;0;0;16356.05;11280.08;5075.97;32429.008
2026-07-06T04:47:41.164982+02:00;standby;21.1;28.0;5.0;25.0;48.6;57.0;0;0;0;0;16356.05;11280.08;5075.97;32429.008
2026-07-06T04:48:41.625463+02:00;standby;21.1;28.0;5.0;25.0;48.6;57.0;0;0;0;0;16356.05;11280.08;5075.97;32429.008
2026-07-06T04:49:42.452798+02:00;standby;21.1;28.0;5.0;25.0;48.6;57.0;0;0;0;0;16356.05;11280.08;5075.97;32429.008
2026-07-06T04:50:43.020695+02:00;standby;21.1;28.0;5.0;25.0;48.6;57.0;0;0;0;0;16356.05;11280.08;5075.97;32429.008
2026-07-06T04:51:43.489936+02:00;standby;21.1;28.0;5.0;25.0;48.6;57.0;0;0;0;0;16356.05;11280.08;5075.97;32429.008
2026-07-06T04:52:43.962198+02:00;standby;21.1;28.0;5.0;25.0;48.5;57.0;0;0;0;0;16356.05;11280.08;5075.97;32429.008
2026-07-06T04:53:44.497049+02:00;standby;21.1;28.0;5.0;25.0;48.5;57.0;0;0;0;0;16356.05;11280.08;5075.97;32429.008
2026-07-06T04:54:44.944548+02:00;standby;21.1;28.0;5.0;25.0;48.5;57.0;0;0;0;0;16356.05;11280.08;5075.97;32429.008
2026-07-06T04:55:45.621561+02:00;standby;21.1;28.0;5.0;25.0;48.5;57.0;0;0;0;0;16356.05;11280.08;5075.97;32429.008
2026-07-06T04:56:46.137243+02:00;standby;21.1;28.0;5.0;25.0;48.5;57.0;0;0;0;0;16356.05;11280.08;5075.97;32429.008
2026-07-06T04:57:46.705133+02:00;standby;21.1;28.0;5.0;25.0;48.5;57.0;0;0;0;0;16356.05;11280.08;5075.97;32429.008
2026-07-06T04:58:47.432261+02:00;standby;21.1;28.0;5.0;25.0;48.5;57.0;0;0;0;0;16356.05;11280.08;5075.97;32429.008
2026-07-06T04:59:47.892185+02:00;standby;21.1;28.0;5.0;25.0;48.5;57.0;0;0;0;0;16356.05;11280.08;5075.97;32429.008
2026-07-06T05:00:48.517618+02:00;standby;21.1;28.0;5.0;25.0;48.5;57.0;0;0;0;0;16356.05;11280.08;5075.97;32429.008
2026-07-06T05:01:49.137070+02:00;standby;21.1;28.0;5.0;25.0;48.5;57.0;0;0;0;0;16356.05;11280.08;5075.97;32429.008
2026-07-06T05:02:49.608280+02:00;standby;21.1;28.0;5.0;25.0;48.5;57.0;0;0;0;0;16356.05;11280.08;5075.97;32429.008
2026-07-06T05:03:50.219186+02:00;standby;21.1;27.9;5.0;25.0;48.5;57.0;0;0;0;0;16356.05;11280.08;5075.97;32429.008
2026-07-06T05:04:50.641144+02:00;standby;21.1;27.9;5.0;25.0;48.5;57.0;0;0;0;0;16356.05;11280.08;5075.97;32429.008
2026-07-06T05:05:51.324908+02:00;standby;21.1;27.9;5.0;25.0;48.4;57.0;0;0;0;0;16356.05;11280.08;5075.97;32429.008
2026-07-06T05:06:51.843810+02:00;standby;21.1;27.9;5.0;25.0;48.4;57.0;0;0;0;0;16356.05;11280.08;5075.97;32429.008
2026-07-06T05:07:52.363513+02:00;standby;21.1;27.9;5.0;25.0;48.4;57.0;0;0;0;0;16356.05;11280.08;5075.97;32429.008
2026-07-06T05:08:52.937701+02:00;standby;21.1;27.9;5.0;25.0;48.4;57.0;0;0;0;0;16356.05;11280.08;5075.97;32429.008
2026-07-06T05:09:53.828783+02:00;standby;21.1;27.9;5.0;25.0;48.4;57.0;0;0;0;0;16356.05;11280.08;5075.97;32429.008
2026-07-06T05:10:54.274341+02:00;standby;21.1;27.9;5.0;25.0;48.4;57.0;0;0;0;0;16356.05;11280.08;5075.97;32429.008
2026-07-06T05:11:54.967162+02:00;standby;21.1;27.9;5.0;25.0;48.4;57.0;0;0;0;0;16356.05;11280.08;5075.97;32429.008
2026-07-06T05:12:55.830162+02:00;standby;21.1;27.9;5.0;25.0;48.4;57.0;0;0;0;0;16356.05;11280.08;5075.97;32429.008
2026-07-06T05:13:56.291532+02:00;standby;21.1;27.9;5.0;25.0;48.4;57.0;0;0;0;0;16356.05;11280.08;5075.97;32429.008
2026-07-06T05:14:56.760057+02:00;standby;21.1;27.9;5.0;25.0;48.4;57.0;0;0;0;0;16356.05;11280.08;5075.97;32429.008
2026-07-06T05:15:57.278113+02:00;standby;21.1;27.9;5.0;25.0;48.4;57.0;0;0;0;0;16356.05;11280.08;5075.97;32429.008
2026-07-06T05:16:57.962709+02:00;standby;21.1;27.9;5.0;25.0;48.4;57.0;0;0;0;0;16356.05;11280.08;5075.97;32429.008
2026-07-06T05:17:58.429268+02:00;standby;21.1;27.9;5.0;25.0;48.2;57.0;0;0;0;0;16356.05;11280.08;5075.97;32429.008
2026-07-06T05:18:58.841025+02:00;standby;21.1;27.9;5.0;25.0;48.2;57.0;0;0;0;0;16356.05;11280.08;5075.97;32429.008
2026-07-06T05:19:59.386107+02:00;standby;21.1;27.9;5.0;25.0;48.2;57.0;0;0;0;0;16356.05;11280.08;5075.97;32429.008
2026-07-06T05:20:59.823126+02:00;standby;21.1;27.9;5.0;25.0;48.2;57.0;0;0;0;0;16356.05;11280.08;5075.97;32429.008
2026-07-06T05:22:00.342642+02:00;standby;20.7;27.9;5.0;25.0;48.2;57.0;0;0;0;0;16356.05;11280.08;5075.97;32429.008
2026-07-06T05:23:00.810106+02:00;standby;20.7;27.9;5.0;25.0;48.2;57.0;0;0;0;0;16356.05;11280.08;5075.97;32429.008
2026-07-06T05:24:01.380080+02:00;standby;20.7;27.9;5.0;25.0;48.2;57.0;0;0;0;0;16356.05;11280.08;5075.97;32429.008
2026-07-06T05:25:01.847569+02:00;standby;20.7;27.9;5.0;25.0;48.2;57.0;0;0;0;0;16356.05;11280.08;5075.97;32429.008
2026-07-06T05:26:02.271656+02:00;standby;20.7;27.9;5.0;25.0;48.2;57.0;0;0;0;0;16356.05;11280.08;5075.97;32429.008
2026-07-06T05:27:02.793059+02:00;standby;20.7;27.9;5.0;25.0;48.2;57.0;0;0;0;0;16356.05;11280.08;5075.97;32429.008
2026-07-06T05:28:03.302524+02:00;standby;20.7;27.9;5.0;25.0;48.2;57.0;0;0;0;0;16356.05;11280.08;5075.97;32429.008
2026-07-06T05:29:03.728273+02:00;standby;20.7;27.9;5.0;25.0;48.2;57.0;0;0;0;0;16356.05;11280.08;5075.97;32429.008
2026-07-06T05:30:04.185447+02:00;standby;20.7;27.9;5.0;25.0;48.2;57.0;0;0;0;0;16356.05;11280.08;5075.97;32429.008
2026-07-06T05:31:05.843258+02:00;standby;20.7;27.9;5.0;30.0;48.2;57.0;0;0;0;0;16356.05;11280.08;5075.97;32429.008
2026-07-06T05:32:06.304767+02:00;standby;20.7;27.9;5.0;29.0;48.2;57.0;0;0;0;0;16356.05;11280.08;5075.97;32429.008
2026-07-06T05:33:06.767460+02:00;standby;20.7;27.9;5.0;29.0;48.1;57.0;0;0;0;0;16356.05;11280.08;5075.97;32429.008
2026-07-06T05:34:07.261275+02:00;standby;20.7;27.9;5.0;30.0;48.2;57.0;0;0;0;0;16356.05;11280.08;5075.97;32429.008
2026-07-06T05:35:07.814408+02:00;standby;20.7;27.9;5.0;30.0;48.1;57.0;0;0;0;0;16356.05;11280.08;5075.97;32429.008
2026-07-06T05:36:08.280338+02:00;standby;20.7;27.9;5.0;30.0;48.1;57.0;0;0;0;0;16356.05;11280.08;5075.97;32429.008
2026-07-06T05:37:08.794371+02:00;standby;20.7;27.9;5.0;30.0;48.1;57.0;0;0;0;0;16356.05;11280.08;5075.97;32429.008
2026-07-06T05:38:09.460396+02:00;standby;20.7;27.9;5.0;30.0;48.1;57.0;0;0;0;0;16356.05;11280.08;5075.97;32429.008
2026-07-06T05:39:10.005877+02:00;standby;20.7;27.9;5.0;30.0;48.1;57.0;0;0;0;0;16356.05;11280.08;5075.97;32429.008
2026-07-06T05:40:10.629174+02:00;standby;20.7;27.9;5.0;30.0;48.1;57.0;0;0;0;0;16356.05;11280.08;5075.97;32429.008
2026-07-06T05:41:11.559520+02:00;standby;20.7;27.9;5.0;30.0;48.1;57.0;0;0;0;0;16356.05;11280.08;5075.97;32429.008
2026-07-06T05:42:12.012458+02:00;standby;20.7;27.9;5.0;30.0;48.1;57.0;0;0;0;0;16356.05;11280.08;5075.97;32429.008
2026-07-06T05:43:12.469937+02:00;standby;20.7;27.9;5.0;30.0;48.1;57.0;0;0;0;0;16356.05;11280.08;5075.97;32429.008
2026-07-06T05:44:13.378461+02:00;standby;20.7;27.9;5.0;30.0;48.1;57.0;0;0;0;0;16356.05;11280.08;5075.97;32429.008
2026-07-06T05:45:13.875380+02:00;standby;20.7;27.9;5.0;30.0;48.1;57.0;0;0;0;0;16356.05;11280.08;5075.97;32429.008
2026-07-06T05:46:14.313718+02:00;standby;20.7;27.9;5.0;30.0;48.0;57.0;0;0;0;0;16356.05;11280.08;5075.97;32429.008
2026-07-06T05:47:14.808426+02:00;standby;20.7;27.9;5.0;30.0;48.0;57.0;0;0;0;0;16356.05;11280.08;5075.97;32429.008
2026-07-06T05:48:15.456040+02:00;standby;20.7;27.9;5.0;30.0;48.0;57.0;0;0;0;0;16356.05;11280.08;5075.97;32429.008
2026-07-06T05:49:16.562427+02:00;standby;20.7;27.9;5.0;30.0;48.0;57.0;0;0;0;0;16356.05;11280.08;5075.97;32429.008
2026-07-06T05:50:16.946272+02:00;standby;20.7;27.9;5.0;30.0;48.0;57.0;0;0;0;0;16356.05;11280.08;5075.97;32429.008
2026-07-06T05:51:17.419295+02:00;standby;20.7;27.9;5.0;30.0;48.0;57.0;0;0;0;0;16356.05;11280.08;5075.97;32429.008
2026-07-06T05:52:17.938788+02:00;standby;20.7;27.9;5.0;30.0;48.0;57.0;0;0;0;0;16356.05;11280.08;5075.97;32429.008
2026-07-06T05:53:18.531982+02:00;standby;20.7;27.9;5.0;30.0;48.0;57.0;0;0;0;0;16356.05;11280.08;5075.97;32429.008
2026-07-06T05:54:19.313560+02:00;standby;20.7;27.9;5.0;30.0;48.0;57.0;0;0;0;0;16356.05;11280.08;5075.97;32429.008
2026-07-06T05:55:20.111120+02:00;standby;20.7;27.9;5.0;30.0;48.0;57.0;0;0;0;0;16356.05;11280.08;5075.97;32429.008
2026-07-06T05:56:20.656704+02:00;standby;20.7;27.7;5.0;30.0;48.0;57.0;0;0;0;0;16356.05;11280.08;5075.97;32429.008
2026-07-06T05:57:21.276439+02:00;standby;20.7;27.7;5.0;30.0;48.0;57.0;0;0;0;0;16356.05;11280.08;5075.97;32429.008
2026-07-06T05:58:21.850533+02:00;standby;20.7;27.7;5.0;30.0;47.9;57.0;0;0;0;0;16356.05;11280.08;5075.97;32429.008
2026-07-06T05:59:22.621112+02:00;standby;20.7;27.9;5.0;30.0;47.9;57.0;0;0;0;0;16356.05;11280.08;5075.97;32429.008
2026-07-06T06:00:23.116155+02:00;standby;20.7;27.9;5.0;30.0;47.9;57.0;0;0;0;0;16356.05;11280.08;5075.97;32429.008
2026-07-06T06:01:23.736858+02:00;standby;20.7;27.7;5.0;30.0;47.9;57.0;0;0;0;0;16356.05;11280.08;5075.97;32429.008
2026-07-06T06:02:24.133853+02:00;standby;20.7;27.7;5.0;30.0;47.9;57.0;0;0;0;0;16356.05;11280.08;5075.97;32429.008
2026-07-06T06:03:24.908063+02:00;standby;20.7;27.7;5.0;30.0;47.9;57.0;0;0;0;0;16356.05;11280.08;5075.97;32429.008
2026-07-06T06:04:25.461129+02:00;standby;20.7;27.7;5.0;30.0;47.9;57.0;0;0;0;0;16356.05;11280.08;5075.97;32429.008
2026-07-06T06:05:26.025342+02:00;standby;20.7;27.7;5.0;30.0;47.9;57.0;0;0;0;0;16356.05;11280.08;5075.97;32429.008
2026-07-06T06:06:26.568616+02:00;standby;20.7;27.7;5.0;30.0;47.9;57.0;0;0;0;0;16356.05;11280.08;5075.97;32429.008
2026-07-06T06:07:27.389648+02:00;standby;20.7;27.7;5.0;30.0;47.9;57.0;0;0;0;0;16356.05;11280.08;5075.97;32429.008
2026-07-06T06:08:27.991712+02:00;standby;20.7;27.7;5.0;30.0;47.9;57.0;0;0;0;0;16356.05;11280.08;5075.97;32429.008
2026-07-06T06:09:28.486797+02:00;standby;20.7;27.7;5.0;30.0;47.9;57.0;0;0;0;0;16356.05;11280.08;5075.97;32429.008
2026-07-06T06:10:29.332449+02:00;standby;20.7;27.7;5.0;30.0;47.9;57.0;0;0;0;0;16356.05;11280.08;5075.97;32429.008
2026-07-06T06:11:30.036747+02:00;standby;20.7;27.7;5.0;30.0;47.8;57.0;0;0;0;0;16356.05;11280.08;5075.97;32429.008
2026-07-06T06:12:30.759374+02:00;standby;20.7;27.7;5.0;30.0;47.9;57.0;0;0;0;0;16356.05;11280.08;5075.97;32429.008
2026-07-06T06:13:31.222970+02:00;standby;20.7;27.7;5.0;30.0;47.8;57.0;0;0;0;0;16356.05;11280.08;5075.97;32429.008
2026-07-06T06:14:31.924449+02:00;standby;20.7;27.7;5.0;30.0;47.8;57.0;0;0;0;0;16356.05;11280.08;5075.97;32429.008
2026-07-06T06:15:32.936778+02:00;standby;20.7;27.7;5.0;30.0;47.8;57.0;0;0;0;0;16356.05;11280.08;5075.97;32429.008
2026-07-06T06:16:33.472531+02:00;standby;20.7;27.7;5.0;30.0;47.8;57.0;0;0;0;0;16356.05;11280.08;5075.97;32429.008
2026-07-06T06:17:33.925509+02:00;standby;20.7;27.7;5.0;30.0;47.8;57.0;0;0;0;0;16356.05;11280.08;5075.97;32429.008
2026-07-06T06:18:34.436816+02:00;standby;20.7;27.7;5.0;30.0;47.8;57.0;0;0;0;0;16356.05;11280.08;5075.97;32429.008
2026-07-06T06:19:35.214213+02:00;standby;20.7;27.7;5.0;30.0;47.8;57.0;0;0;0;0;16356.05;11280.08;5075.97;32429.008
2026-07-06T06:20:35.987116+02:00;standby;20.7;27.7;5.0;30.0;47.8;57.0;0;0;0;0;16356.05;11280.08;5075.97;32429.008
2026-07-06T06:21:36.561536+02:00;standby;20.7;27.7;5.0;30.0;47.8;57.0;0;0;0;0;16356.05;11280.08;5075.97;32429.008
2026-07-06T06:22:37.029566+02:00;standby;20.6;27.7;5.0;30.0;47.8;57.0;0;0;0;0;16356.05;11280.08;5075.97;32429.008
2026-07-06T06:23:37.536026+02:00;standby;20.6;27.7;5.0;30.0;47.8;57.0;0;0;0;0;16356.05;11280.08;5075.97;32429.008
2026-07-06T06:24:38.244050+02:00;standby;20.6;27.7;5.0;30.0;47.8;57.0;0;0;0;0;16356.05;11280.08;5075.97;32429.008
2026-07-06T06:25:39.196230+02:00;standby;20.6;27.7;5.0;30.0;47.7;57.0;0;0;0;0;16356.05;11280.08;5075.97;32429.008
2026-07-06T06:26:39.691252+02:00;standby;20.6;27.7;5.0;30.0;47.8;57.0;0;0;0;0;16356.05;11280.08;5075.97;32429.008
2026-07-06T06:27:40.270177+02:00;standby;20.6;27.7;5.0;29.0;47.7;57.0;0;0;0;0;16356.05;11280.08;5075.97;32429.008
2026-07-06T06:28:40.811593+02:00;standby;20.6;27.7;5.0;30.0;47.7;57.0;0;0;0;0;16356.05;11280.08;5075.97;32429.008
2026-07-06T06:29:41.431012+02:00;standby;20.6;27.7;5.0;30.0;47.7;57.0;0;0;0;0;16356.05;11280.08;5075.97;32429.008
2026-07-06T06:30:42.157353+02:00;standby;20.6;27.7;5.0;29.0;47.7;57.0;0;0;0;0;16356.05;11280.08;5075.97;32429.008
2026-07-06T06:31:42.695742+02:00;standby;20.6;27.7;5.0;30.0;47.7;57.0;0;0;0;0;16356.05;11280.08;5075.97;32429.008
2026-07-06T06:32:43.298426+02:00;standby;20.6;27.7;5.0;29.0;47.7;57.0;0;0;0;0;16356.05;11280.08;5075.97;32429.008
2026-07-06T06:33:43.981234+02:00;standby;20.6;27.7;5.0;30.0;47.7;57.0;0;0;0;0;16356.05;11280.08;5075.97;32429.008
2026-07-06T06:34:44.438096+02:00;standby;20.6;27.7;5.0;30.0;47.7;57.0;0;0;0;0;16356.05;11280.08;5075.97;32429.008
2026-07-06T06:35:45.031442+02:00;standby;20.6;27.7;5.0;29.0;47.7;57.0;0;0;0;0;16356.05;11280.08;5075.97;32429.008
2026-07-06T06:36:45.684383+02:00;standby;20.6;27.7;5.0;29.0;47.7;57.0;0;0;0;0;16356.05;11280.08;5075.97;32429.008
2026-07-06T06:37:46.575796+02:00;standby;20.6;27.7;5.0;29.0;47.7;57.0;0;0;0;0;16356.05;11280.08;5075.97;32429.008
2026-07-06T06:38:47.416355+02:00;standby;20.6;27.7;5.0;29.0;47.7;57.0;0;0;0;0;16356.05;11280.08;5075.97;32429.008
2026-07-06T06:39:47.857166+02:00;standby;20.6;27.7;5.0;29.0;47.6;57.0;0;0;0;0;16356.05;11280.08;5075.97;32429.008
2026-07-06T06:40:48.377772+02:00;standby;20.6;27.7;5.0;29.0;47.6;57.0;0;0;0;0;16356.05;11280.08;5075.97;32429.008
2026-07-06T06:41:49.069096+02:00;standby;20.6;27.7;5.0;29.0;47.6;57.0;0;0;0;0;16356.05;11280.08;5075.97;32429.008
2026-07-06T06:42:49.705456+02:00;standby;20.6;27.7;5.0;29.0;47.6;57.0;0;0;0;0;16356.05;11280.08;5075.97;32429.008
2026-07-06T06:43:50.257261+02:00;standby;20.6;27.7;5.0;29.0;47.6;57.0;0;0;0;0;16356.05;11280.08;5075.97;32429.008
2026-07-06T06:44:51.374961+02:00;standby;20.6;27.7;5.0;29.0;47.6;57.0;0;0;0;0;16356.05;11280.08;5075.97;32429.008
2026-07-06T06:45:51.791467+02:00;standby;20.6;27.7;5.0;29.0;47.6;57.0;0;0;0;0;16356.05;11280.08;5075.97;32429.008
2026-07-06T06:46:52.561054+02:00;standby;20.6;27.6;5.0;29.0;47.6;57.0;0;0;0;0;16356.05;11280.08;5075.97;32429.008
2026-07-06T06:47:53.359096+02:00;standby;20.6;27.7;5.0;29.0;47.6;57.0;0;0;0;0;16356.05;11280.08;5075.97;32429.008
2026-07-06T06:48:53.926940+02:00;standby;20.6;27.7;5.0;29.0;47.6;57.0;0;0;0;0;16356.05;11280.08;5075.97;32429.008
2026-07-06T06:49:54.398527+02:00;standby;20.6;27.7;5.0;29.0;47.6;57.0;0;0;0;0;16356.05;11280.08;5075.97;32429.008
2026-07-06T06:50:54.917492+02:00;standby;20.6;27.7;5.0;29.0;47.6;57.0;0;0;0;0;16356.05;11280.08;5075.97;32429.008
2026-07-06T06:51:55.490711+02:00;standby;20.6;27.7;5.0;29.0;47.6;57.0;0;0;0;0;16356.05;11280.08;5075.97;32429.008
2026-07-06T06:52:56.111626+02:00;standby;20.6;27.7;5.0;29.0;47.5;57.0;0;0;0;0;16356.05;11280.08;5075.97;32429.008
2026-07-06T06:53:56.664432+02:00;standby;20.6;27.7;5.0;29.0;47.5;57.0;0;0;0;0;16356.05;11280.08;5075.97;32429.008
2026-07-06T06:54:57.491650+02:00;standby;20.6;27.7;5.0;29.0;47.5;57.0;0;0;0;0;16356.05;11280.08;5075.97;32429.008
2026-07-06T06:55:57.922708+02:00;standby;20.6;27.6;5.0;29.0;47.5;57.0;0;0;0;0;16356.05;11280.08;5075.97;32429.008
2026-07-06T06:56:58.812377+02:00;standby;20.6;27.7;5.0;29.0;47.5;57.0;0;0;0;0;16356.05;11280.08;5075.97;32429.008
2026-07-06T06:57:59.290495+02:00;standby;20.6;27.6;5.0;29.0;47.5;57.0;0;0;0;0;16356.05;11280.08;5075.97;32429.008
2026-07-06T06:58:59.976619+02:00;standby;20.6;27.6;5.0;29.0;47.5;57.0;0;0;0;0;16356.05;11280.08;5075.97;32429.008
2026-07-06T07:00:00.598852+02:00;standby;20.6;27.6;5.0;29.0;47.5;57.0;0;0;0;0;16356.05;11280.08;5075.97;32429.008
2026-07-06T07:01:01.472505+02:00;standby;20.6;27.6;5.0;29.0;47.5;57.0;0;0;0;0;16356.05;11280.08;5075.97;32429.008
2026-07-06T07:02:01.992127+02:00;standby;20.6;27.6;5.0;29.0;47.5;57.0;0;0;0;0;16356.05;11280.08;5075.97;32429.008
2026-07-06T07:03:02.856628+02:00;standby;20.6;27.6;5.0;29.0;47.5;57.0;0;0;0;0;16356.05;11280.08;5075.97;32429.008
2026-07-06T07:04:03.327231+02:00;standby;20.6;27.6;5.0;29.0;47.5;57.0;0;0;0;0;16356.05;11280.08;5075.97;32429.008
2026-07-06T07:05:03.829868+02:00;standby;20.6;27.6;5.0;29.0;47.5;57.0;0;0;0;0;16356.05;11280.08;5075.97;32429.008
2026-07-06T07:06:04.451109+02:00;standby;20.6;27.6;5.0;29.0;47.5;57.0;0;0;0;0;16356.05;11280.08;5075.97;32429.008
2026-07-06T07:07:05.002455+02:00;standby;20.6;27.6;5.0;29.0;47.5;57.0;0;0;0;0;16356.05;11280.08;5075.97;32429.008
2026-07-06T07:08:05.590600+02:00;standby;20.6;27.6;5.0;29.0;47.5;57.0;0;0;0;0;16356.05;11280.08;5075.97;32429.008
2026-07-06T07:09:06.229419+02:00;standby;20.6;27.6;5.0;29.0;47.4;57.0;0;0;0;0;16356.05;11280.08;5075.97;32429.008
2026-07-06T07:10:06.937279+02:00;standby;20.6;27.6;5.0;29.0;47.4;57.0;0;0;0;0;16356.05;11280.08;5075.97;32429.008
2026-07-06T07:11:07.453840+02:00;standby;20.6;27.6;5.0;28.0;47.4;57.0;0;0;0;0;16356.05;11280.08;5075.97;32429.008
2026-07-06T07:12:07.869761+02:00;standby;20.6;27.6;5.0;28.0;47.4;57.0;0;0;0;0;16356.05;11280.08;5075.97;32429.008
2026-07-06T07:13:08.492757+02:00;standby;20.6;27.6;5.0;28.0;47.4;57.0;0;0;0;0;16356.05;11280.08;5075.97;32429.008
2026-07-06T07:14:09.361855+02:00;standby;20.6;27.6;5.0;28.0;47.4;57.0;0;0;0;0;16356.05;11280.08;5075.97;32429.008
2026-07-06T07:15:09.856419+02:00;standby;20.6;27.6;5.0;28.0;47.4;57.0;0;0;0;0;16356.05;11280.08;5075.97;32429.008
2026-07-06T07:16:10.683502+02:00;standby;20.6;27.6;5.0;28.0;47.4;57.0;0;0;0;0;16356.05;11280.08;5075.97;32429.008
2026-07-06T07:17:11.561657+02:00;standby;20.6;27.6;5.0;28.0;47.4;57.0;0;0;0;0;16356.05;11280.08;5075.97;32429.008
2026-07-06T07:18:12.584325+02:00;standby;20.6;27.6;5.0;28.0;47.4;57.0;0;0;0;0;16356.05;11280.08;5075.97;32429.008
2026-07-06T07:19:13.097309+02:00;standby;20.6;27.6;5.0;28.0;47.4;57.0;0;0;0;0;16356.05;11280.08;5075.97;32429.008
2026-07-06T07:20:13.558748+02:00;standby;20.6;27.6;5.0;28.0;47.3;57.0;0;0;0;0;16356.05;11280.08;5075.97;32429.008
2026-07-06T07:21:13.979631+02:00;standby;20.6;27.6;5.0;28.0;47.3;57.0;0;0;0;0;16356.05;11280.08;5075.97;32429.008
2026-07-06T07:22:14.600645+02:00;standby;20.6;27.6;5.0;28.0;47.3;57.0;0;0;0;0;16356.05;11280.08;5075.97;32429.008
2026-07-06T07:23:15.347716+02:00;standby;22.5;27.6;5.0;28.0;47.3;57.0;0;0;0;0;16356.05;11280.08;5075.97;32429.008
2026-07-06T07:24:15.912423+02:00;standby;22.5;27.6;5.0;28.0;47.3;57.0;0;0;0;0;16356.05;11280.08;5075.97;32429.008
2026-07-06T07:25:16.723483+02:00;standby;22.5;27.6;5.0;28.0;47.3;57.0;0;0;0;0;16356.05;11280.08;5075.97;32429.008
2026-07-06T07:26:17.450275+02:00;standby;22.5;27.6;5.0;28.0;47.3;57.0;0;0;0;0;16356.05;11280.08;5075.97;32429.008
2026-07-06T07:27:17.914122+02:00;standby;22.5;27.6;5.0;28.0;47.3;57.0;0;0;0;0;16356.05;11280.08;5075.97;32429.008
2026-07-06T07:28:18.434449+02:00;standby;22.5;27.6;5.0;28.0;47.3;57.0;0;0;0;0;16356.05;11280.08;5075.97;32429.008
2026-07-06T07:29:19.363017+02:00;standby;22.5;27.6;5.0;28.0;47.3;57.0;0;0;0;0;16356.05;11280.08;5075.97;32429.008
2026-07-06T07:30:19.777057+02:00;standby;22.5;27.6;5.0;28.0;47.3;57.0;0;0;0;0;16356.05;11280.08;5075.97;32429.008
2026-07-06T07:31:20.347170+02:00;standby;22.5;27.6;5.0;28.0;47.3;57.0;0;0;0;0;16356.05;11280.08;5075.97;32429.008
2026-07-06T07:32:21.250741+02:00;standby;22.5;27.6;5.0;28.0;47.3;57.0;0;0;0;0;16356.05;11280.08;5075.97;32429.008
2026-07-06T07:33:21.863557+02:00;standby;22.5;27.6;5.0;28.0;47.3;57.0;0;0;0;0;16356.05;11280.08;5075.97;32429.008
2026-07-06T07:34:22.384318+02:00;standby;22.5;27.6;5.0;28.0;47.2;57.0;0;0;0;0;16356.05;11280.08;5075.97;32429.008
2026-07-06T07:35:22.884203+02:00;standby;22.5;27.6;5.0;28.0;47.2;57.0;0;0;0;0;16356.05;11280.08;5075.97;32429.008
2026-07-06T07:36:23.852734+02:00;standby;22.5;27.6;5.0;28.0;47.2;57.0;0;0;0;0;16356.05;11280.08;5075.97;32429.008
2026-07-06T07:37:24.307787+02:00;standby;22.5;27.6;5.0;28.0;47.2;57.0;0;0;0;0;16356.05;11280.08;5075.97;32429.008
2026-07-06T07:38:24.925160+02:00;standby;22.5;27.6;5.0;28.0;47.2;57.0;0;0;0;0;16356.05;11280.08;5075.97;32429.008
2026-07-06T07:39:25.510209+02:00;standby;22.5;27.6;5.0;28.0;47.2;57.0;0;0;0;0;16356.05;11280.08;5075.97;32429.008
2026-07-06T07:40:26.010591+02:00;standby;22.5;27.6;5.0;28.0;47.2;57.0;0;0;0;0;16356.05;11280.08;5075.97;32429.008
2026-07-06T07:41:26.544749+02:00;standby;22.5;27.6;5.0;28.0;47.2;57.0;0;0;0;0;16356.05;11280.08;5075.97;32429.008
2026-07-06T07:42:27.081128+02:00;standby;22.5;27.6;5.0;28.0;47.2;57.0;0;0;0;0;16356.05;11280.08;5075.97;32429.008
2026-07-06T07:43:27.989702+02:00;standby;22.5;27.6;5.0;28.0;47.2;57.0;0;0;0;0;16356.05;11280.08;5075.97;32429.008
2026-07-06T07:44:28.523422+02:00;standby;22.5;27.6;5.0;28.0;47.2;57.0;0;0;0;0;16356.05;11280.08;5075.97;32429.008
2026-07-06T07:45:29.077631+02:00;standby;22.5;27.6;5.0;28.0;47.2;57.0;0;0;0;0;16356.05;11280.08;5075.97;32429.008
2026-07-06T07:46:29.758281+02:00;standby;22.5;27.6;5.0;28.0;47.2;57.0;0;0;0;0;16356.05;11280.08;5075.97;32429.008
2026-07-06T07:47:30.606979+02:00;standby;22.5;27.6;5.0;28.0;47.2;57.0;0;0;0;0;16356.05;11280.08;5075.97;32429.008
2026-07-06T07:48:31.089559+02:00;standby;22.5;27.6;5.0;28.0;47.2;57.0;0;0;0;0;16356.05;11280.08;5075.97;32429.008
2026-07-06T07:49:31.645854+02:00;standby;22.5;27.6;5.0;28.0;47.1;57.0;0;0;0;0;16356.05;11280.08;5075.97;32429.008
2026-07-06T07:50:32.554887+02:00;standby;22.5;27.6;5.0;28.0;47.1;57.0;0;0;0;0;16356.05;11280.08;5075.97;32429.008
2026-07-06T07:51:33.107962+02:00;standby;22.5;27.6;5.0;28.0;47.1;57.0;0;0;0;0;16356.05;11280.08;5075.97;32429.008
2026-07-06T07:52:33.557882+02:00;standby;22.5;27.6;5.0;28.0;47.1;57.0;0;0;0;0;16356.05;11280.08;5075.97;32429.008
2026-07-06T07:53:33.970410+02:00;standby;22.5;27.6;5.0;28.0;47.1;57.0;0;0;0;0;16356.05;11280.08;5075.97;32429.008
2026-07-06T07:54:34.651234+02:00;standby;22.5;27.6;5.0;28.0;47.1;57.0;0;0;0;0;16356.05;11280.08;5075.97;32429.008
2026-07-06T07:55:35.397926+02:00;standby;22.5;27.6;5.0;28.0;47.1;57.0;0;0;0;0;16356.05;11280.08;5075.97;32429.008
2026-07-06T07:56:36.199088+02:00;standby;22.5;27.6;5.0;28.0;47.1;57.0;0;0;0;0;16356.05;11280.08;5075.97;32429.008
2026-07-06T07:57:36.627631+02:00;standby;22.5;27.5;5.0;28.0;47.1;57.0;0;0;0;0;16356.05;11280.08;5075.97;32429.008
2026-07-06T07:58:37.533906+02:00;standby;22.5;27.6;5.0;28.0;47.1;57.0;0;0;0;0;16356.05;11280.08;5075.97;32429.008
2026-07-06T07:59:38.035627+02:00;standby;22.5;27.6;5.0;28.0;47.1;57.0;0;0;0;0;16356.05;11280.08;5075.97;32429.008
2026-07-06T08:00:38.817254+02:00;standby;22.5;27.6;5.0;28.0;47.1;57.0;0;0;0;0;16356.05;11280.08;5075.97;32429.008
2026-07-06T08:01:39.970362+02:00;standby;22.5;27.5;5.0;28.0;47.1;57.0;0;0;0;0;16356.05;11280.08;5075.97;32429.008
2026-07-06T08:02:40.468088+02:00;standby;22.5;27.5;5.0;28.0;47.0;57.0;0;0;0;0;16356.05;11280.08;5075.97;32429.008
2026-07-06T08:03:40.935031+02:00;standby;22.5;27.6;5.0;28.0;47.0;57.0;0;0;0;0;16356.05;11280.08;5075.97;32429.008
2026-07-06T08:04:41.528534+02:00;standby;22.5;27.5;5.0;28.0;47.0;57.0;0;0;0;0;16356.05;11280.08;5075.97;32429.008
2026-07-06T08:05:42.394479+02:00;standby;22.5;27.5;5.0;28.0;47.0;57.0;0;0;0;0;16356.05;11280.08;5075.97;32429.008
2026-07-06T08:06:42.893446+02:00;standby;22.5;27.5;5.0;28.0;47.0;57.0;0;0;0;0;16356.05;11280.08;5075.97;32429.008
2026-07-06T08:07:43.288415+02:00;standby;22.5;27.5;5.0;28.0;47.0;57.0;0;0;0;0;16356.05;11280.08;5075.97;32429.008
2026-07-06T08:08:43.985515+02:00;standby;22.5;27.5;5.0;28.0;47.0;57.0;0;0;0;0;16356.05;11280.08;5075.97;32429.008
2026-07-06T08:09:44.533731+02:00;dhw;22.5;35.6;85.0;28.0;47.0;57.0;1;26;1;0;16356.07;11280.08;5076.0;32429.008
2026-07-06T08:09:55.209875+02:00;dhw;22.5;37.8;85.0;28.0;47.0;57.0;1;23;1;0;16356.08;11280.08;5076.01;32429.008
2026-07-06T08:10:05.858470+02:00;dhw;22.5;38.0;85.0;28.0;47.0;57.0;1;23;1;0;16356.09;11280.08;5076.01;32429.008
2026-07-06T08:10:18.818502+02:00;dhw;22.5;38.8;85.0;28.0;46.9;57.0;1;23;1;100;16356.1;11280.08;5076.02;32429.008
2026-07-06T08:10:30.041438+02:00;dhw;22.5;38.4;85.0;28.0;46.9;57.0;1;23;1;100;16356.11;11280.08;5076.03;32429.008
2026-07-06T08:10:40.584777+02:00;dhw;22.5;38.6;85.0;28.0;46.8;57.0;1;23;1;100;16356.12;11280.08;5076.04;32429.008
2026-07-06T08:10:51.070218+02:00;dhw;22.5;39.0;85.0;28.0;46.7;57.0;1;23;1;100;16356.13;11280.08;5076.05;32429.008
2026-07-06T08:11:01.765779+02:00;dhw;22.5;40.0;85.0;28.0;46.7;57.0;1;23;1;100;16356.14;11280.08;5076.06;32429.008
2026-07-06T08:11:12.819702+02:00;dhw;22.5;40.2;85.0;28.0;46.6;57.0;1;23;1;100;16356.14;11280.08;5076.07;32429.008
2026-07-06T08:11:23.522089+02:00;dhw;22.5;41.0;85.0;28.0;46.5;57.0;1;24;1;100;16356.16;11280.08;5076.08;32429.008
2026-07-06T08:11:34.158047+02:00;dhw;22.5;42.7;85.0;28.0;46.4;57.0;1;42;1;100;16356.18;11280.08;5076.1;32429.008
2026-07-06T08:11:44.754726+02:00;dhw;22.5;44.2;85.0;28.0;46.3;57.0;1;53;1;100;16356.19;11280.08;5076.12;32429.008
2026-07-06T08:11:55.536090+02:00;dhw;22.5;46.2;85.0;28.0;46.3;57.0;1;66;1;100;16356.22;11280.08;5076.14;32429.008
2026-07-06T08:12:06.894171+02:00;dhw;22.5;48.1;85.0;28.0;46.2;57.0;1;75;1;100;16356.24;11280.08;5076.17;32429.008
2026-07-06T08:12:17.501552+02:00;dhw;22.5;51.0;85.0;28.0;46.2;57.0;1;89;1;100;16356.28;11280.08;5076.21;32429.008
2026-07-06T08:12:28.273795+02:00;dhw;22.5;53.0;85.0;28.0;46.1;57.0;1;98;1;100;16356.32;11280.08;5076.24;32429.107
2026-07-06T08:12:39.452470+02:00;dhw;22.5;55.0;85.0;28.0;46.1;57.0;1;107;1;100;16356.35;11280.08;5076.27;32429.107
2026-07-06T08:12:50.060940+02:00;dhw;22.5;58.0;85.0;28.0;46.1;57.0;1;108;1;100;16356.4;11280.08;5076.32;32429.107
2026-07-06T08:13:01.739109+02:00;dhw;22.5;60.1;85.0;28.0;46.1;57.0;1;108;1;100;16356.44;11280.08;5076.37;32429.107
2026-07-06T08:13:12.258564+02:00;dhw;22.5;62.0;85.0;28.0;46.1;57.0;1;108;1;100;16356.48;11280.08;5076.41;32429.107
2026-07-06T08:13:22.871099+02:00;dhw;22.5;64.0;85.0;28.0;46.1;57.0;1;108;1;100;16356.54;11280.08;5076.46;32429.107
2026-07-06T08:13:33.547841+02:00;dhw;22.5;65.8;85.0;28.0;46.2;57.0;1;108;1;100;16356.59;11280.08;5076.52;32429.107
2026-07-06T08:13:44.285991+02:00;dhw;22.5;67.0;85.0;28.0;46.3;57.0;1;108;1;100;16356.64;11280.08;5076.56;32429.107
2026-07-06T08:13:54.822626+02:00;dhw;22.5;68.0;85.0;28.0;46.4;57.0;1;108;1;100;16356.68;11280.08;5076.6;32429.107
2026-07-06T08:14:05.672700+02:00;dhw;22.5;68.7;85.0;28.0;46.5;57.0;1;108;1;100;16356.72;11280.08;5076.64;32429.107
2026-07-06T08:14:16.139268+02:00;dhw;22.5;69.5;85.0;28.0;46.6;57.0;1;108;1;100;16356.76;11280.08;5076.68;32429.107
2026-07-06T08:14:26.855412+02:00;dhw;22.5;70.2;85.0;28.0;46.8;57.0;1;108;1;100;16356.8;11280.08;5076.73;32429.107
2026-07-06T08:14:37.438723+02:00;dhw;22.5;71.0;85.0;28.0;46.9;57.0;1;108;1;100;16356.86;11280.08;5076.78;32429.107
2026-07-06T08:14:47.980133+02:00;dhw;22.5;71.2;85.0;28.0;47.1;57.0;1;108;1;100;16356.89;11280.08;5076.81;32429.107
2026-07-06T08:14:58.950822+02:00;dhw;22.5;71.6;85.0;28.0;47.2;57.0;1;108;1;100;16356.93;11280.08;5076.85;32429.107
2026-07-06T08:15:09.530152+02:00;dhw;22.5;72.1;85.0;28.0;47.4;57.0;1;108;1;100;16356.97;11280.08;5076.89;32429.107
2026-07-06T08:15:20.238732+02:00;dhw;22.5;72.5;85.0;28.0;47.6;57.0;1;108;1;100;16357.02;11280.08;5076.94;32429.107
2026-07-06T08:15:30.903380+02:00;dhw;22.5;72.9;85.0;28.0;47.8;57.0;1;108;1;100;16357.07;11280.08;5076.99;32429.107
2026-07-06T08:15:42.199416+02:00;dhw;22.5;73.1;85.0;28.0;47.9;57.0;1;108;1;100;16357.1;11280.08;5077.02;32429.107
2026-07-06T08:15:52.901749+02:00;dhw;22.5;73.6;85.0;28.0;48.1;57.0;1;108;1;100;16357.14;11280.08;5077.06;32429.107
2026-07-06T08:16:03.558525+02:00;dhw;22.5;74.2;85.0;28.0;48.5;57.0;1;108;1;100;16357.22;11280.08;5077.14;32429.107
2026-07-06T08:16:14.411829+02:00;dhw;22.5;74.5;85.0;28.0;48.6;57.0;1;108;1;100;16357.27;11280.08;5077.19;32429.107
2026-07-06T08:16:25.201052+02:00;dhw;22.5;74.8;85.0;28.0;48.8;57.0;1;108;1;100;16357.31;11280.08;5077.23;32429.207
2026-07-06T08:16:35.793167+02:00;dhw;22.5;75.1;85.0;28.0;48.9;57.0;1;108;1;100;16357.35;11280.08;5077.27;32429.207
2026-07-06T08:16:46.349372+02:00;dhw;22.5;75.2;85.0;28.0;49.1;57.0;1;108;1;100;16357.39;11280.08;5077.31;32429.207
2026-07-06T08:16:56.902408+02:00;dhw;22.5;75.5;85.0;28.0;49.2;57.0;1;108;1;100;16357.43;11280.08;5077.35;32429.207
2026-07-06T08:17:07.602099+02:00;dhw;22.5;75.6;85.0;28.0;49.4;57.0;1;108;1;100;16357.47;11280.08;5077.4;32429.207
2026-07-06T08:17:18.318325+02:00;dhw;22.5;76.1;85.0;28.0;49.5;57.0;1;108;1;100;16357.53;11280.08;5077.45;32429.207
2026-07-06T08:17:29.210741+02:00;dhw;22.5;76.2;85.0;28.0;49.6;57.0;1;108;1;100;16357.56;11280.08;5077.48;32429.207
2026-07-06T08:17:39.835038+02:00;dhw;22.5;76.4;85.0;28.0;49.8;57.0;1;108;1;100;16357.6;11280.08;5077.52;32429.207
2026-07-06T08:17:50.351439+02:00;dhw;22.5;76.5;85.0;28.0;49.9;57.0;1;108;1;100;16357.64;11280.08;5077.57;32429.207
2026-07-06T08:18:01.558735+02:00;dhw;22.5;77.0;85.0;28.0;50.0;57.0;1;108;1;100;16357.71;11280.08;5077.63;32429.207
2026-07-06T08:18:12.428625+02:00;dhw;22.5;77.0;85.0;28.0;50.3;57.0;1;108;1;100;16357.72;11280.08;5077.65;32429.207
2026-07-06T08:18:22.964910+02:00;dhw;22.5;77.4;85.0;28.0;50.4;57.0;1;108;1;100;16357.81;11280.08;5077.73;32429.207
2026-07-06T08:18:33.577020+02:00;dhw;22.5;77.6;85.0;28.0;50.6;57.0;1;108;1;100;16357.85;11280.08;5077.77;32429.207
2026-07-06T08:18:44.134622+02:00;dhw;22.5;77.7;85.0;28.0;50.7;57.0;1;108;1;100;16357.89;11280.08;5077.81;32429.207
2026-07-06T08:18:54.769485+02:00;dhw;22.5;78.0;85.0;28.0;50.9;57.0;1;108;1;100;16357.93;11280.08;5077.86;32429.207
2026-07-06T08:19:05.506902+02:00;dhw;22.5;78.2;85.0;28.0;51.1;57.0;1;108;1;100;16357.98;11280.08;5077.9;32429.207
2026-07-06T08:19:16.055611+02:00;dhw;22.5;78.3;85.0;28.0;51.3;57.0;1;108;1;100;16358.02;11280.08;5077.94;32429.207
2026-07-06T08:19:26.711986+02:00;dhw;22.5;78.5;85.0;28.0;51.4;57.0;1;108;1;100;16358.06;11280.08;5077.98;32429.207
2026-07-06T08:19:37.812644+02:00;dhw;22.5;78.6;85.0;28.0;51.6;57.0;1;108;1;100;16358.1;11280.08;5078.02;32429.207
2026-07-06T08:19:48.570559+02:00;dhw;22.5;79.0;85.0;28.0;51.8;57.0;1;108;1;100;16358.15;11280.08;5078.07;32429.207
2026-07-06T08:19:59.520525+02:00;dhw;22.5;79.1;85.0;28.0;51.9;57.0;1;108;1;100;16358.18;11280.08;5078.11;32429.207
2026-07-06T08:20:10.276165+02:00;dhw;22.5;79.3;85.0;28.0;52.1;57.0;1;108;1;100;16358.23;11280.08;5078.15;32429.207
2026-07-06T08:20:20.991823+02:00;dhw;22.5;79.5;85.0;28.0;52.3;57.0;1;108;1;100;16358.27;11280.08;5078.19;32429.307
2026-07-06T08:20:32.409216+02:00;dhw;22.5;79.8;85.0;28.0;52.4;57.0;1;108;1;100;16358.35;11280.08;5078.27;32429.307
2026-07-06T08:20:43.215316+02:00;dhw;22.5;79.9;85.0;28.0;52.7;57.0;1;108;1;100;16358.39;11280.08;5078.32;32429.307
2026-07-06T08:20:53.766458+02:00;dhw;22.5;80.1;85.0;28.0;52.9;57.0;1;108;1;100;16358.44;11280.08;5078.36;32429.307
2026-07-06T08:21:04.623427+02:00;dhw;22.5;80.4;85.0;28.0;53.1;57.0;1;108;1;100;16358.48;11280.08;5078.4;32429.307
2026-07-06T08:21:15.463148+02:00;dhw;22.5;80.6;85.0;28.0;53.3;57.0;1;108;1;100;16358.52;11280.08;5078.45;32429.307
2026-07-06T08:21:26.561827+02:00;dhw;22.5;80.7;85.0;28.0;53.5;57.0;1;108;1;100;16358.56;11280.08;5078.49;32429.307
2026-07-06T08:21:37.304169+02:00;dhw;22.5;81.1;85.0;28.0;53.7;57.0;1;108;1;100;16358.63;11280.08;5078.55;32429.307
2026-07-06T08:21:48.018334+02:00;dhw;22.5;81.1;85.0;28.0;53.8;57.0;1;108;1;100;16358.64;11280.08;5078.57;32429.307
2026-07-06T08:21:58.973182+02:00;dhw;22.5;81.2;85.0;28.0;54.0;57.0;1;108;1;100;16358.69;11280.08;5078.61;32429.307
2026-07-06T08:22:09.752900+02:00;dhw;22.5;81.4;85.0;28.0;54.2;57.0;1;108;1;100;16358.73;11280.08;5078.65;32429.307
2026-07-06T08:22:20.564909+02:00;dhw;22.5;81.5;85.0;28.0;54.4;57.0;1;108;1;100;16358.77;11280.08;5078.69;32429.307
2026-07-06T08:22:31.588815+02:00;dhw;22.5;81.7;85.0;28.0;54.8;57.0;1;108;1;100;16358.81;11280.08;5078.73;32429.307
2026-07-06T08:22:42.306533+02:00;dhw;22.5;82.0;85.0;28.0;55.1;57.0;1;108;1;100;16358.9;11280.08;5078.82;32429.307
2026-07-06T08:22:53.213441+02:00;dhw;22.5;82.4;85.0;28.0;55.2;57.0;1;108;1;100;16358.94;11280.08;5078.86;32429.307
2026-07-06T08:23:03.904537+02:00;dhw;22.5;82.5;85.0;28.0;55.4;57.0;1;108;1;100;16358.98;11280.08;5078.9;32429.307
2026-07-06T08:23:14.655463+02:00;dhw;22.5;82.5;85.0;28.0;55.6;57.0;1;108;1;100;16359.02;11280.08;5078.94;32429.307
2026-07-06T08:23:25.834532+02:00;dhw;23.7;82.7;85.0;28.0;55.8;57.0;1;108;1;100;16359.06;11280.08;5078.99;32429.307
2026-07-06T08:23:36.461828+02:00;dhw;23.7;83.0;85.0;28.0;56.0;57.0;1;108;1;100;16359.11;11280.08;5079.04;32429.307
2026-07-06T08:23:47.423318+02:00;dhw;23.7;83.2;85.0;28.0;56.2;57.0;1;108;1;100;16359.15;11280.08;5079.07;32429.307
2026-07-06T08:23:57.966215+02:00;dhw;23.7;83.2;85.0;28.0;56.3;57.0;1;108;1;100;16359.19;11280.08;5079.11;32429.307
2026-07-06T08:24:08.496279+02:00;dhw;23.7;83.4;85.0;28.0;56.6;57.0;1;108;1;100;16359.23;11280.08;5079.16;32429.307
2026-07-06T08:24:19.222096+02:00;dhw;23.7;83.5;85.0;28.0;56.8;57.0;1;108;1;100;16359.27;11280.08;5079.19;32429.307
2026-07-06T08:24:29.964550+02:00;standby;23.7;84.0;85.0;28.0;56.9;57.0;0;0;1;100;16359.32;11280.08;5079.24;32429.307
2026-07-06T08:24:40.826401+02:00;standby;23.7;82.2;85.0;28.0;57.2;57.0;0;0;1;100;16359.32;11280.08;5079.24;32429.307
2026-07-06T08:24:51.439032+02:00;standby;23.7;79.9;85.0;28.0;57.6;57.0;0;0;1;100;16359.32;11280.08;5079.24;32429.307
2026-07-06T08:25:01.864728+02:00;standby;23.7;77.2;85.0;28.0;57.8;57.0;0;0;1;100;16359.32;11280.08;5079.24;32429.307
2026-07-06T08:25:12.637204+02:00;standby;23.7;74.9;85.0;28.0;58.1;57.0;0;0;1;10;16359.32;11280.08;5079.24;32429.307
2026-07-06T08:25:23.073274+02:00;standby;23.7;74.0;85.0;28.0;58.2;57.0;0;0;1;10;16359.32;11280.08;5079.24;32429.307
2026-07-06T08:26:23.586837+02:00;standby;23.7;66.7;5.0;28.0;58.9;57.0;0;0;1;10;16359.32;11280.08;5079.24;32429.307
2026-07-06T08:27:24.116243+02:00;standby;23.7;63.1;5.0;28.0;59.5;57.0;0;0;0;10;16359.32;11280.08;5079.24;32429.307
2026-07-06T08:28:24.739028+02:00;standby;23.7;63.8;5.0;28.0;59.7;57.0;0;0;0;0;16359.32;11280.08;5079.24;32429.307
2026-07-06T08:29:25.265199+02:00;standby;23.7;64.3;5.0;28.0;59.9;57.0;0;0;0;0;16359.32;11280.08;5079.24;32429.307
2026-07-06T08:30:25.771749+02:00;standby;23.7;64.4;5.0;28.0;59.9;57.0;0;0;0;0;16359.32;11280.08;5079.24;32429.307
2026-07-06T08:31:26.297694+02:00;standby;23.7;64.5;5.0;28.0;60.0;57.0;0;0;0;0;16359.32;11280.08;5079.24;32429.307
2026-07-06T08:32:26.811577+02:00;standby;23.7;64.5;5.0;28.0;60.0;57.0;0;0;0;0;16359.32;11280.08;5079.24;32429.307
2026-07-06T08:33:27.438840+02:00;standby;23.7;64.4;5.0;28.0;60.0;57.0;0;0;0;0;16359.32;11280.08;5079.24;32429.307
2026-07-06T08:34:28.052966+02:00;standby;23.7;64.3;5.0;28.0;60.0;57.0;0;0;0;0;16359.32;11280.08;5079.24;32429.307
2026-07-06T08:35:29.810628+02:00;standby;23.7;64.2;5.0;28.0;60.0;57.0;0;0;0;0;16359.32;11280.08;5079.24;32429.307
2026-07-06T08:36:30.425662+02:00;standby;23.7;64.2;5.0;28.0;60.0;57.0;0;0;0;0;16359.32;11280.08;5079.24;32429.307
2026-07-06T08:37:30.944698+02:00;standby;23.7;64.1;5.0;28.0;60.0;57.0;0;0;0;0;16359.32;11280.08;5079.24;32429.307
2026-07-06T08:38:31.680950+02:00;standby;23.7;64.0;5.0;28.0;60.0;57.0;0;0;0;0;16359.32;11280.08;5079.24;32429.307
2026-07-06T08:39:32.191051+02:00;standby;23.7;63.7;5.0;28.0;60.0;57.0;0;0;0;0;16359.32;11280.08;5079.24;32429.307
2026-07-06T08:40:32.713525+02:00;standby;23.7;63.7;5.0;28.0;60.0;57.0;0;0;0;0;16359.32;11280.08;5079.24;32429.307
2026-07-06T08:41:33.348785+02:00;standby;23.7;63.5;5.0;28.0;60.0;57.0;0;0;0;0;16359.32;11280.08;5079.24;32429.307
2026-07-06T08:42:33.863880+02:00;standby;23.7;63.4;5.0;28.0;60.0;57.0;0;0;0;0;16359.32;11280.08;5079.24;32429.307
2026-07-06T08:43:34.411292+02:00;standby;23.7;63.3;5.0;28.0;60.0;57.0;0;0;0;0;16359.32;11280.08;5079.24;32429.307
2026-07-06T08:44:34.885783+02:00;standby;23.7;63.1;5.0;28.0;59.9;57.0;0;0;0;0;16359.32;11280.08;5079.24;32429.307
2026-07-06T08:45:35.415948+02:00;standby;23.7;63.0;5.0;28.0;59.9;57.0;0;0;0;0;16359.32;11280.08;5079.24;32429.307
2026-07-06T08:46:36.027429+02:00;standby;23.7;62.9;5.0;28.0;59.9;57.0;0;0;0;0;16359.32;11280.08;5079.24;32429.307
2026-07-06T08:47:36.559878+02:00;standby;23.7;62.7;5.0;28.0;59.9;57.0;0;0;0;0;16359.32;11280.08;5079.24;32429.307
2026-07-06T08:48:37.062950+02:00;standby;23.7;62.6;5.0;28.0;59.9;57.0;0;0;0;0;16359.32;11280.08;5079.24;32429.307
2026-07-06T08:49:37.594099+02:00;standby;23.7;62.4;5.0;28.0;59.9;57.0;0;0;0;0;16359.32;11280.08;5079.24;32429.307
2026-07-06T08:50:38.110428+02:00;standby;23.7;62.3;5.0;28.0;59.9;57.0;0;0;0;0;16359.32;11280.08;5079.24;32429.307
2026-07-06T08:51:38.742619+02:00;standby;23.7;62.2;5.0;28.0;59.9;57.0;0;0;0;0;16359.32;11280.08;5079.24;32429.307
2026-07-06T08:52:39.594290+02:00;standby;23.7;62.0;5.0;28.0;59.9;57.0;0;0;0;0;16359.32;11280.08;5079.24;32429.307
2026-07-06T08:53:40.023548+02:00;standby;23.7;61.9;5.0;28.0;59.9;57.0;0;0;0;0;16359.32;11280.08;5079.24;32429.307
2026-07-06T08:54:40.492313+02:00;standby;23.7;61.7;5.0;28.0;59.9;57.0;0;0;0;0;16359.32;11280.08;5079.24;32429.307
2026-07-06T08:55:41.012003+02:00;standby;23.7;61.6;5.0;28.0;59.9;57.0;0;0;0;0;16359.32;11280.08;5079.24;32429.307
2026-07-06T08:56:41.654114+02:00;standby;23.7;61.5;5.0;28.0;59.9;57.0;0;0;0;0;16359.32;11280.08;5079.24;32429.307
2026-07-06T08:57:42.252697+02:00;standby;23.7;61.4;5.0;28.0;59.8;57.0;0;0;0;0;16359.32;11280.08;5079.24;32429.307
2026-07-06T08:58:42.776713+02:00;standby;23.7;61.2;5.0;28.0;59.8;57.0;0;0;0;0;16359.32;11280.08;5079.24;32429.307
2026-07-06T08:59:43.292101+02:00;standby;23.7;61.0;5.0;28.0;59.8;57.0;0;0;0;0;16359.32;11280.08;5079.24;32429.307
2026-07-06T09:00:45.071081+02:00;standby;23.7;60.9;5.0;28.0;59.8;57.0;0;0;0;0;16359.32;11280.08;5079.24;32429.307
2026-07-06T09:01:45.504013+02:00;standby;23.7;60.7;5.0;28.0;59.8;57.0;0;0;0;0;16359.32;11280.08;5079.24;32429.307
2026-07-06T09:02:45.984320+02:00;standby;23.7;60.6;5.0;28.0;59.8;57.0;0;0;0;0;16359.32;11280.08;5079.24;32429.307
2026-07-06T09:03:46.490993+02:00;standby;23.7;60.5;5.0;28.0;59.8;57.0;0;0;0;0;16359.32;11280.08;5079.24;32429.307
2026-07-06T09:04:47.016981+02:00;standby;23.7;60.2;5.0;28.0;59.8;57.0;0;0;0;0;16359.32;11280.08;5079.24;32429.307
2026-07-06T09:05:47.624462+02:00;standby;23.7;60.1;5.0;28.0;59.8;57.0;0;0;0;0;16359.32;11280.08;5079.24;32429.307
2026-07-06T09:06:48.047929+02:00;standby;23.7;60.0;5.0;28.0;59.8;57.0;0;0;0;0;16359.32;11280.08;5079.24;32429.307
2026-07-06T09:07:48.671223+02:00;standby;23.7;59.9;5.0;28.0;59.8;57.0;0;0;0;0;16359.32;11280.08;5079.24;32429.307
2026-07-06T09:08:49.333476+02:00;standby;23.7;59.7;5.0;28.0;59.8;57.0;0;0;0;0;16359.32;11280.08;5079.24;32429.307
2026-07-06T09:09:49.811655+02:00;standby;23.7;59.5;5.0;28.0;59.8;57.0;0;0;0;0;16359.32;11280.08;5079.24;32429.307
2026-07-06T09:10:50.283798+02:00;standby;23.7;59.3;5.0;28.0;59.8;57.0;0;0;0;0;16359.32;11280.08;5079.24;32429.307
2026-07-06T09:11:50.747783+02:00;standby;23.7;59.2;5.0;28.0;59.8;57.0;0;0;0;0;16359.32;11280.08;5079.24;32429.307
2026-07-06T09:12:51.829053+02:00;standby;23.7;59.1;5.0;28.0;59.7;57.0;0;0;0;0;16359.32;11280.08;5079.24;32429.307
2026-07-06T09:13:52.401814+02:00;standby;23.7;58.9;5.0;28.0;59.7;57.0;0;0;0;0;16359.32;11280.08;5079.24;32429.307
2026-07-06T09:14:52.969317+02:00;standby;23.7;58.7;5.0;28.0;59.7;57.0;0;0;0;0;16359.32;11280.08;5079.24;32429.307
2026-07-06T09:15:53.646872+02:00;standby;23.7;58.6;5.0;28.0;59.7;57.0;0;0;0;0;16359.32;11280.08;5079.24;32429.307
2026-07-06T09:16:54.314591+02:00;standby;23.7;58.5;5.0;28.0;59.7;57.0;0;0;0;0;16359.32;11280.08;5079.24;32429.307
2026-07-06T09:17:54.839994+02:00;standby;23.7;58.3;5.0;28.0;59.7;57.0;0;0;0;0;16359.32;11280.08;5079.24;32429.307
2026-07-06T09:18:55.510764+02:00;standby;23.7;58.2;5.0;28.0;59.7;57.0;0;0;0;0;16359.32;11280.08;5079.24;32429.307
2026-07-06T09:19:56.653589+02:00;standby;23.7;58.1;5.0;28.0;59.7;57.0;0;0;0;0;16359.32;11280.08;5079.24;32429.307
2026-07-06T09:20:57.181770+02:00;standby;23.7;57.8;5.0;28.0;59.7;57.0;0;0;0;0;16359.32;11280.08;5079.24;32429.307
2026-07-06T09:21:57.684388+02:00;standby;23.7;57.7;5.0;28.0;59.7;57.0;0;0;0;0;16359.32;11280.08;5079.24;32429.307
2026-07-06T09:22:58.197907+02:00;standby;23.7;57.6;5.0;28.0;59.7;57.0;0;0;0;0;16359.32;11280.08;5079.24;32429.307
2026-07-06T09:23:58.730770+02:00;standby;24.0;57.4;5.0;28.0;59.7;57.0;0;0;0;0;16359.32;11280.08;5079.24;32429.307
2026-07-06T09:24:59.248703+02:00;standby;24.0;57.3;5.0;28.0;59.7;57.0;0;0;0;0;16359.32;11280.08;5079.24;32429.307
2026-07-06T09:26:00.298577+02:00;standby;24.0;57.2;5.0;28.0;59.7;57.0;0;0;0;0;16359.32;11280.08;5079.24;32429.307
2026-07-06T09:27:03.055194+02:00;standby;24.0;56.9;5.0;28.0;59.6;57.0;0;0;0;0;16359.32;11280.08;5079.24;32429.307
2026-07-06T09:28:03.674229+02:00;standby;24.0;56.8;5.0;28.0;59.6;57.0;0;0;0;0;16359.32;11280.08;5079.24;32429.307
2026-07-06T09:29:04.301865+02:00;standby;24.0;56.7;5.0;28.0;59.6;57.0;0;0;0;0;16359.32;11280.08;5079.24;32429.307
2026-07-06T09:30:04.793060+02:00;standby;24.0;56.6;5.0;28.0;59.6;57.0;0;0;0;0;16359.32;11280.08;5079.24;32429.307
2026-07-06T09:31:05.361802+02:00;standby;24.0;56.4;5.0;28.0;59.6;57.0;0;0;0;0;16359.32;11280.08;5079.24;32429.307
2026-07-06T09:32:06.380957+02:00;standby;24.0;56.2;5.0;28.0;59.6;57.0;0;0;0;0;16359.32;11280.08;5079.24;32429.307
2026-07-06T09:33:07.078747+02:00;standby;24.0;56.1;5.0;28.0;59.6;57.0;0;0;0;0;16359.32;11280.08;5079.24;32429.307
2026-07-06T09:34:07.751833+02:00;standby;24.0;55.9;5.0;28.0;59.6;57.0;0;0;0;0;16359.32;11280.08;5079.24;32429.307
2026-07-06T09:35:08.230211+02:00;standby;24.0;55.8;5.0;28.0;59.6;57.0;0;0;0;0;16359.32;11280.08;5079.24;32429.307
2026-07-06T09:36:08.837955+02:00;standby;24.0;55.7;5.0;28.0;59.6;57.0;0;0;0;0;16359.32;11280.08;5079.24;32429.307
2026-07-06T09:37:09.502325+02:00;standby;24.0;55.6;5.0;28.0;59.6;57.0;0;0;0;0;16359.32;11280.08;5079.24;32429.307
2026-07-06T09:38:09.976977+02:00;standby;24.0;55.5;5.0;28.0;59.6;57.0;0;0;0;0;16359.32;11280.08;5079.24;32429.307
2026-07-06T09:39:10.611657+02:00;standby;24.0;55.2;5.0;28.0;59.6;57.0;0;0;0;0;16359.32;11280.08;5079.24;32429.307
2026-07-06T09:40:11.745139+02:00;standby;24.0;55.1;5.0;28.0;59.5;57.0;0;0;0;0;16359.32;11280.08;5079.24;32429.307
2026-07-06T09:41:12.706142+02:00;standby;24.0;55.0;5.0;28.0;59.5;57.0;0;0;0;0;16359.32;11280.08;5079.24;32429.307
2026-07-06T09:42:13.845055+02:00;standby;24.0;54.9;5.0;28.0;59.5;57.0;0;0;0;0;16359.32;11280.08;5079.24;32429.307
2026-07-06T09:43:14.335427+02:00;standby;24.0;54.7;5.0;28.0;59.5;57.0;0;0;0;0;16359.32;11280.08;5079.24;32429.307
2026-07-06T09:44:14.940330+02:00;standby;24.0;54.6;5.0;28.0;59.5;57.0;0;0;0;0;16359.32;11280.08;5079.24;32429.307
2026-07-06T09:45:15.463432+02:00;standby;24.0;54.4;5.0;28.0;59.5;57.0;0;0;0;0;16359.32;11280.08;5079.24;32429.307
2026-07-06T09:46:16.078393+02:00;standby;24.0;54.3;5.0;28.0;59.5;57.0;0;0;0;0;16359.32;11280.08;5079.24;32429.307
2026-07-06T09:47:16.634161+02:00;standby;24.0;54.2;5.0;28.0;59.5;57.0;0;0;0;0;16359.32;11280.08;5079.24;32429.307
2026-07-06T09:48:17.147656+02:00;standby;24.0;54.0;5.0;28.0;59.5;57.0;0;0;0;0;16359.32;11280.08;5079.24;32429.307
2026-07-06T09:49:17.764279+02:00;standby;24.0;53.9;5.0;28.0;59.5;57.0;0;0;0;0;16359.32;11280.08;5079.24;32429.307
2026-07-06T09:50:18.283497+02:00;standby;24.0;53.8;5.0;28.0;59.5;57.0;0;0;0;0;16359.32;11280.08;5079.24;32429.307
2026-07-06T09:51:18.781994+02:00;standby;24.0;53.7;5.0;28.0;59.5;57.0;0;0;0;0;16359.32;11280.08;5079.24;32429.307
2026-07-06T09:52:19.283556+02:00;standby;24.0;53.6;5.0;28.0;59.5;57.0;0;0;0;0;16359.32;11280.08;5079.24;32429.307
2026-07-06T09:53:19.863407+02:00;standby;24.0;53.4;5.0;28.0;59.4;57.0;0;0;0;0;16359.32;11280.08;5079.24;32429.307
2026-07-06T09:54:20.577401+02:00;standby;24.0;53.2;5.0;28.0;59.4;57.0;0;0;0;0;16359.32;11280.08;5079.24;32429.307
2026-07-06T09:55:23.245056+02:00;standby;24.0;53.1;5.0;28.0;59.4;57.0;0;0;0;0;16359.32;11280.08;5079.24;32429.307
2026-07-06T09:56:23.736983+02:00;standby;24.0;53.0;5.0;28.0;59.4;57.0;0;0;0;0;16359.32;11280.08;5079.24;32429.307
2026-07-06T09:57:24.373708+02:00;standby;24.0;52.9;5.0;28.0;59.4;57.0;0;0;0;0;16359.32;11280.08;5079.24;32429.307
2026-07-06T09:58:24.878059+02:00;standby;24.0;52.8;5.0;28.0;59.4;57.0;0;0;0;0;16359.32;11280.08;5079.24;32429.307
2026-07-06T09:59:25.592727+02:00;standby;24.0;52.7;5.0;28.0;59.4;57.0;0;0;0;0;16359.32;11280.08;5079.24;32429.307
2026-07-06T10:00:26.122395+02:00;standby;24.0;52.6;5.0;28.0;59.4;57.0;0;0;0;0;16359.32;11280.08;5079.24;32429.307
2026-07-06T10:01:26.653092+02:00;standby;24.0;52.3;5.0;28.0;59.4;57.0;0;0;0;0;16359.32;11280.08;5079.24;32429.307
2026-07-06T10:02:27.182997+02:00;standby;24.0;52.2;5.0;28.0;59.3;57.0;0;0;0;0;16359.32;11280.08;5079.24;32429.307
2026-07-06T10:03:27.683047+02:00;standby;24.0;52.1;5.0;28.0;59.3;57.0;0;0;0;0;16359.32;11280.08;5079.24;32429.307
2026-07-06T10:04:28.232697+02:00;standby;24.0;52.0;5.0;28.0;59.3;57.0;0;0;0;0;16359.32;11280.08;5079.24;32429.307
2026-07-06T10:05:28.921780+02:00;standby;24.0;51.9;5.0;28.0;59.3;57.0;0;0;0;0;16359.32;11280.08;5079.24;32429.307
2026-07-06T10:06:29.446467+02:00;standby;24.0;51.8;5.0;28.0;59.3;57.0;0;0;0;0;16359.32;11280.08;5079.24;32429.307
2026-07-06T10:07:29.959573+02:00;standby;24.0;51.7;5.0;28.0;59.3;57.0;0;0;0;0;16359.32;11280.08;5079.24;32429.307
2026-07-06T10:08:30.473741+02:00;standby;24.0;51.6;5.0;28.0;59.3;57.0;0;0;0;0;16359.32;11280.08;5079.24;32429.307
2026-07-06T10:09:32.571226+02:00;standby;24.0;51.4;5.0;28.0;59.3;57.0;0;0;0;0;16359.32;11280.08;5079.24;32429.307
2026-07-06T10:10:33.207154+02:00;standby;24.0;51.3;5.0;28.0;59.3;57.0;0;0;0;0;16359.32;11280.08;5079.24;32429.307
2026-07-06T10:11:33.775141+02:00;standby;24.0;51.1;5.0;28.0;59.3;57.0;0;0;0;0;16359.32;11280.08;5079.24;32429.307
2026-07-06T10:12:34.422118+02:00;standby;24.0;51.0;5.0;28.0;59.3;57.0;0;0;0;0;16359.32;11280.08;5079.24;32429.307
2026-07-06T10:13:34.925272+02:00;standby;24.0;51.0;5.0;28.0;59.3;57.0;0;0;0;0;16359.32;11280.08;5079.24;32429.307
2026-07-06T10:14:35.788334+02:00;standby;24.0;50.8;5.0;28.0;59.2;57.0;0;0;0;0;16359.32;11280.08;5079.24;32429.307
2026-07-06T10:15:36.586982+02:00;standby;24.0;50.7;5.0;28.0;59.2;57.0;0;0;0;0;16359.32;11280.08;5079.24;32429.307
2026-07-06T10:16:37.318754+02:00;standby;24.0;50.6;5.0;28.0;59.2;57.0;0;0;0;0;16359.32;11280.08;5079.24;32429.307
2026-07-06T10:17:37.850514+02:00;standby;24.0;50.4;5.0;28.0;59.2;57.0;0;0;0;0;16359.32;11280.08;5079.24;32429.307
2026-07-06T10:18:38.649537+02:00;standby;24.0;50.3;5.0;28.0;59.2;57.0;0;0;0;0;16359.32;11280.08;5079.24;32429.307
2026-07-06T10:19:39.575579+02:00;standby;24.0;50.2;5.0;28.0;59.2;57.0;0;0;0;0;16359.32;11280.08;5079.24;32429.307
2026-07-06T10:20:40.101452+02:00;standby;24.0;50.1;5.0;28.0;59.2;57.0;0;0;0;0;16359.32;11280.08;5079.24;32429.307
2026-07-06T10:21:40.938731+02:00;standby;24.0;50.0;5.0;28.0;59.2;57.0;0;0;0;0;16359.32;11280.08;5079.24;32429.307
2026-07-06T10:22:41.389662+02:00;standby;24.0;49.9;5.0;28.0;59.2;57.0;0;0;0;0;16359.32;11280.08;5079.24;32429.307
2026-07-06T10:23:41.808002+02:00;standby;24.0;49.8;5.0;28.0;59.2;57.0;0;0;0;0;16359.32;11280.08;5079.24;32429.307
2026-07-06T10:24:42.297194+02:00;standby;25.5;49.7;5.0;28.0;59.2;57.0;0;0;0;0;16359.32;11280.08;5079.24;32429.307
2026-07-06T10:25:42.897388+02:00;standby;25.5;49.5;5.0;28.0;59.2;57.0;0;0;0;0;16359.32;11280.08;5079.24;32429.307
2026-07-06T10:26:43.513262+02:00;standby;25.5;49.4;5.0;28.0;59.1;57.0;0;0;0;0;16359.32;11280.08;5079.24;32429.307
2026-07-06T10:27:44.453467+02:00;standby;25.5;49.3;5.0;28.0;59.1;57.0;0;0;0;0;16359.32;11280.08;5079.24;32429.307
2026-07-06T10:28:45.123337+02:00;standby;25.5;49.2;5.0;28.0;59.1;57.0;0;0;0;0;16359.32;11280.08;5079.24;32429.307
2026-07-06T10:29:45.638902+02:00;standby;25.5;49.1;5.0;28.0;59.1;57.0;0;0;0;0;16359.32;11280.08;5079.24;32429.307
2026-07-06T10:30:46.099548+02:00;standby;25.5;49.0;5.0;28.0;59.1;57.0;0;0;0;0;16359.32;11280.08;5079.24;32429.307
2026-07-06T10:31:46.829468+02:00;standby;25.5;48.9;5.0;28.0;59.1;57.0;0;0;0;0;16359.32;11280.08;5079.24;32429.307
2026-07-06T10:32:47.371244+02:00;standby;25.5;48.7;5.0;28.0;59.1;57.0;0;0;0;0;16359.32;11280.08;5079.24;32429.307
2026-07-06T10:33:47.875227+02:00;standby;25.5;48.7;5.0;28.0;59.1;57.0;0;0;0;0;16359.32;11280.08;5079.24;32429.307
2026-07-06T10:34:48.693056+02:00;standby;25.5;48.6;5.0;28.0;59.1;57.0;0;0;0;0;16359.32;11280.08;5079.24;32429.307
2026-07-06T10:35:49.231949+02:00;standby;25.5;48.5;5.0;28.0;59.1;57.0;0;0;0;0;16359.32;11280.08;5079.24;32429.307
2026-07-06T10:36:49.934571+02:00;standby;25.5;48.4;5.0;28.0;59.1;57.0;0;0;0;0;16359.32;11280.08;5079.24;32429.307
2026-07-06T10:37:51.396293+02:00;standby;25.5;48.3;5.0;28.0;59.1;57.0;0;0;0;0;16359.32;11280.08;5079.24;32429.307
2026-07-06T10:38:51.945421+02:00;standby;25.5;48.2;5.0;28.0;59.1;57.0;0;0;0;0;16359.32;11280.08;5079.24;32429.307
2026-07-06T10:39:52.337602+02:00;standby;25.5;48.1;5.0;28.0;58.9;57.0;0;0;0;0;16359.32;11280.08;5079.24;32429.307
2026-07-06T10:40:52.874655+02:00;standby;25.5;48.0;5.0;28.0;58.9;57.0;0;0;0;0;16359.32;11280.08;5079.24;32429.307
2026-07-06T10:41:53.353060+02:00;standby;25.5;47.8;5.0;28.0;58.9;57.0;0;0;0;0;16359.32;11280.08;5079.24;32429.307
2026-07-06T10:42:53.865742+02:00;standby;25.5;47.7;5.0;28.0;58.9;57.0;0;0;0;0;16359.32;11280.08;5079.24;32429.307
2026-07-06T10:43:54.644820+02:00;standby;25.5;47.7;5.0;28.0;58.9;57.0;0;0;0;0;16359.32;11280.08;5079.24;32429.307
2026-07-06T10:44:55.257879+02:00;standby;25.5;47.6;5.0;28.0;58.9;57.0;0;0;0;0;16359.32;11280.08;5079.24;32429.307
2026-07-06T10:45:55.839301+02:00;standby;25.5;47.5;5.0;28.0;58.9;57.0;0;0;0;0;16359.32;11280.08;5079.24;32429.307
2026-07-06T10:46:56.366769+02:00;standby;25.5;47.4;5.0;28.0;58.9;57.0;0;0;0;0;16359.32;11280.08;5079.24;32429.307
2026-07-06T10:47:56.972092+02:00;standby;25.5;47.3;5.0;28.0;58.9;57.0;0;0;0;0;16359.32;11280.08;5079.24;32429.307
2026-07-06T10:48:57.605641+02:00;standby;25.5;47.3;5.0;28.0;58.9;57.0;0;0;0;0;16359.32;11280.08;5079.24;32429.307
2026-07-06T10:49:58.596522+02:00;standby;25.5;47.0;5.0;28.0;58.9;57.0;0;0;0;0;16359.32;11280.08;5079.24;32429.307
2026-07-06T10:50:59.051012+02:00;standby;25.5;47.0;5.0;28.0;58.9;57.0;0;0;0;0;16359.32;11280.08;5079.24;32429.307
2026-07-06T10:51:59.635561+02:00;standby;25.5;46.9;5.0;28.0;58.8;57.0;0;0;0;0;16359.32;11280.08;5079.24;32429.307
2026-07-06T10:53:00.315954+02:00;standby;25.5;46.8;5.0;28.0;58.8;57.0;0;0;0;0;16359.32;11280.08;5079.24;32429.307
2026-07-06T10:54:01.137373+02:00;standby;25.5;46.7;5.0;28.0;58.8;57.0;0;0;0;0;16359.32;11280.08;5079.24;32429.307
2026-07-06T10:55:01.736594+02:00;standby;25.5;46.6;5.0;28.0;58.8;57.0;0;0;0;0;16359.32;11280.08;5079.24;32429.307
2026-07-06T10:56:02.255633+02:00;standby;25.5;46.6;5.0;28.0;58.8;57.0;0;0;0;0;16359.32;11280.08;5079.24;32429.307
2026-07-06T10:57:03.209641+02:00;standby;25.5;46.5;5.0;28.0;58.8;57.0;0;0;0;0;16359.32;11280.08;5079.24;32429.307
2026-07-06T10:58:03.701743+02:00;standby;25.5;46.4;5.0;28.0;58.8;57.0;0;0;0;0;16359.32;11280.08;5079.24;32429.307
2026-07-06T10:59:04.268207+02:00;standby;25.5;46.2;5.0;28.0;58.8;57.0;0;0;0;0;16359.32;11280.08;5079.24;32429.307
2026-07-06T11:00:04.764634+02:00;standby;25.5;46.1;5.0;28.0;58.8;57.0;0;0;0;0;16359.32;11280.08;5079.24;32429.307
2026-07-06T11:01:06.236341+02:00;standby;25.5;46.1;5.0;28.0;58.8;57.0;0;0;0;0;16359.32;11280.08;5079.24;32429.307
2026-07-06T11:02:06.703080+02:00;standby;25.5;46.0;5.0;28.0;58.8;57.0;0;0;0;0;16359.32;11280.08;5079.24;32429.307
2026-07-06T11:03:07.236890+02:00;standby;25.5;45.9;5.0;28.0;58.8;57.0;0;0;0;0;16359.32;11280.08;5079.24;32429.307
2026-07-06T11:04:07.737429+02:00;standby;25.5;45.8;5.0;28.0;58.8;57.0;0;0;0;0;16359.32;11280.08;5079.24;32429.307
2026-07-06T11:05:08.294406+02:00;standby;25.5;45.7;5.0;28.0;58.8;57.0;0;0;0;0;16359.32;11280.08;5079.24;32429.307
2026-07-06T11:06:08.878660+02:00;standby;25.5;45.7;5.0;28.0;58.7;57.0;0;0;0;0;16359.32;11280.08;5079.24;32429.307
2026-07-06T11:07:09.408378+02:00;standby;25.5;45.6;5.0;28.0;58.7;57.0;0;0;0;0;16359.32;11280.08;5079.24;32429.307
2026-07-06T11:08:10.152643+02:00;standby;25.5;45.5;5.0;28.0;58.7;57.0;0;0;0;0;16359.32;11280.08;5079.24;32429.307
2026-07-06T11:09:10.955288+02:00;standby;25.5;45.5;5.0;28.0;58.7;57.0;0;0;0;0;16359.32;11280.08;5079.24;32429.307
2026-07-06T11:10:11.582426+02:00;standby;25.5;45.3;5.0;28.0;58.7;57.0;0;0;0;0;16359.32;11280.08;5079.24;32429.307
2026-07-06T11:11:12.126483+02:00;standby;25.5;45.2;5.0;28.0;58.7;57.0;0;0;0;0;16359.32;11280.08;5079.24;32429.307
2026-07-06T11:12:12.665497+02:00;standby;25.5;45.1;5.0;28.0;58.7;57.0;0;0;0;0;16359.32;11280.08;5079.24;32429.307
2026-07-06T11:13:13.150417+02:00;standby;25.5;45.1;5.0;28.0;58.7;57.0;0;0;0;0;16359.32;11280.08;5079.24;32429.307
2026-07-06T11:14:13.654077+02:00;standby;25.5;45.0;5.0;28.0;58.7;57.0;0;0;0;0;16359.32;11280.08;5079.24;32429.307
2026-07-06T11:15:14.179259+02:00;standby;25.5;44.9;5.0;28.0;58.7;57.0;0;0;0;0;16359.32;11280.08;5079.24;32429.307
2026-07-06T11:16:14.941568+02:00;standby;25.5;44.8;5.0;28.0;58.7;57.0;0;0;0;0;16359.32;11280.08;5079.24;32429.307
2026-07-06T11:17:15.523897+02:00;standby;25.5;44.8;5.0;28.0;58.7;57.0;0;0;0;0;16359.32;11280.08;5079.24;32429.307
2026-07-06T11:18:17.721956+02:00;standby;25.5;44.7;5.0;28.0;58.7;57.0;0;0;0;0;16359.32;11280.08;5079.24;32429.307
2026-07-06T11:19:18.209619+02:00;standby;25.5;44.5;5.0;28.0;58.7;57.0;0;0;0;0;16359.32;11280.08;5079.24;32429.307
2026-07-06T11:20:18.819020+02:00;standby;25.5;44.5;5.0;28.0;58.6;57.0;0;0;0;0;16359.32;11280.08;5079.24;32429.307
2026-07-06T11:21:19.375572+02:00;standby;25.5;44.4;5.0;28.0;58.6;57.0;0;0;0;0;16359.32;11280.08;5079.24;32429.307
2026-07-06T11:22:19.849395+02:00;standby;25.5;44.3;5.0;28.0;58.6;57.0;0;0;0;0;16359.32;11280.08;5079.24;32429.307
2026-07-06T11:23:20.403112+02:00;standby;25.5;44.3;5.0;28.0;58.6;57.0;0;0;0;0;16359.32;11280.08;5079.24;32429.307
2026-07-06T11:24:20.917022+02:00;standby;25.5;44.2;5.0;28.0;58.6;57.0;0;0;0;0;16359.32;11280.08;5079.24;32429.307
2026-07-06T11:25:21.743330+02:00;standby;25.6;44.1;5.0;28.0;58.6;57.0;0;0;0;0;16359.32;11280.08;5079.24;32429.307
2026-07-06T11:26:22.245125+02:00;standby;25.6;44.1;5.0;28.0;58.6;57.0;0;0;0;0;16359.32;11280.08;5079.24;32429.307
2026-07-06T11:27:22.958326+02:00;standby;25.6;44.0;5.0;28.0;58.6;57.0;0;0;0;0;16359.32;11280.08;5079.24;32429.307
2026-07-06T11:28:23.505846+02:00;standby;25.6;43.9;5.0;28.0;58.6;57.0;0;0;0;0;16359.32;11280.08;5079.24;32429.307
2026-07-06T11:29:24.126731+02:00;standby;25.6;43.9;5.0;28.0;58.6;57.0;0;0;0;0;16359.32;11280.08;5079.24;32429.307
2026-07-06T11:30:24.599490+02:00;standby;25.6;43.7;5.0;28.0;58.6;57.0;0;0;0;0;16359.32;11280.08;5079.24;32429.307
2026-07-06T11:31:25.224248+02:00;standby;25.6;43.6;5.0;28.0;58.6;57.0;0;0;0;0;16359.32;11280.08;5079.24;32429.307
2026-07-06T11:32:25.865024+02:00;standby;25.6;43.6;5.0;28.0;58.5;57.0;0;0;0;0;16359.32;11280.08;5079.24;32429.307
2026-07-06T11:33:26.364320+02:00;standby;25.6;43.5;5.0;28.0;58.5;57.0;0;0;0;0;16359.32;11280.08;5079.24;32429.307
2026-07-06T11:34:26.956706+02:00;standby;25.6;43.4;5.0;28.0;58.5;57.0;0;0;0;0;16359.32;11280.08;5079.24;32429.307
2026-07-06T11:35:27.445633+02:00;standby;25.6;43.4;5.0;28.0;58.5;57.0;0;0;0;0;16359.32;11280.08;5079.24;32429.307
2026-07-06T11:36:27.925822+02:00;standby;25.6;43.3;5.0;28.0;58.5;57.0;0;0;0;0;16359.32;11280.08;5079.24;32429.307
2026-07-06T11:37:28.497319+02:00;standby;25.6;43.2;5.0;28.0;58.5;57.0;0;0;0;0;16359.32;11280.08;5079.24;32429.307
2026-07-06T11:38:28.998056+02:00;standby;25.6;43.2;5.0;28.0;58.5;57.0;0;0;0;0;16359.32;11280.08;5079.24;32429.307
2026-07-06T11:39:29.846295+02:00;standby;25.6;43.1;5.0;28.0;58.5;57.0;0;0;0;0;16359.32;11280.08;5079.24;32429.307
2026-07-06T11:40:30.674506+02:00;standby;25.6;43.0;5.0;28.0;58.5;57.0;0;0;0;0;16359.32;11280.08;5079.24;32429.307
2026-07-06T11:41:31.255534+02:00;standby;25.6;43.0;5.0;28.0;58.5;57.0;0;0;0;0;16359.32;11280.08;5079.24;32429.307
2026-07-06T11:42:31.886013+02:00;standby;25.6;42.8;5.0;28.0;58.5;57.0;0;0;0;0;16359.32;11280.08;5079.24;32429.307
2026-07-06T11:43:32.585100+02:00;standby;25.6;42.8;5.0;28.0;58.5;57.0;0;0;0;0;16359.32;11280.08;5079.24;32429.307
2026-07-06T11:44:33.022840+02:00;standby;25.6;42.7;5.0;28.0;58.5;57.0;0;0;0;0;16359.32;11280.08;5079.24;32429.307
2026-07-06T11:45:33.539038+02:00;standby;25.6;42.6;5.0;28.0;58.4;57.0;0;0;0;0;16359.32;11280.08;5079.24;32429.307
2026-07-06T11:46:34.080928+02:00;standby;25.6;42.6;5.0;28.0;58.4;57.0;0;0;0;0;16359.32;11280.08;5079.24;32429.307
2026-07-06T11:47:34.681134+02:00;standby;25.6;42.5;5.0;28.0;58.4;57.0;0;0;0;0;16359.32;11280.08;5079.24;32429.307
2026-07-06T11:48:35.312707+02:00;standby;25.6;42.5;5.0;28.0;58.4;57.0;0;0;0;0;16359.32;11280.08;5079.24;32429.307
2026-07-06T11:49:35.940438+02:00;standby;25.6;42.4;5.0;28.0;58.4;57.0;0;0;0;0;16359.32;11280.08;5079.24;32429.307
2026-07-06T11:50:36.527888+02:00;standby;25.6;42.3;5.0;28.0;58.4;57.0;0;0;0;0;16359.32;11280.08;5079.24;32429.307
2026-07-06T11:51:37.273576+02:00;standby;25.6;42.3;5.0;28.0;58.4;57.0;0;0;0;0;16359.32;11280.08;5079.24;32429.307
2026-07-06T11:52:38.185765+02:00;standby;25.6;42.2;5.0;28.0;58.4;57.0;0;0;0;0;16359.32;11280.08;5079.24;32429.307
2026-07-06T11:53:39.656904+02:00;standby;25.6;42.2;5.0;28.0;58.4;57.0;0;0;0;0;16359.32;11280.08;5079.24;32429.307
2026-07-06T11:54:40.141175+02:00;standby;25.6;42.0;5.0;28.0;58.3;57.0;0;0;0;0;16359.32;11280.08;5079.24;32429.307
2026-07-06T11:55:40.579662+02:00;standby;25.6;41.9;5.0;28.0;58.3;57.0;0;0;0;0;16359.32;11280.08;5079.24;32429.307
2026-07-06T11:56:41.182069+02:00;standby;25.6;41.9;5.0;28.0;58.3;57.0;0;0;0;0;16359.32;11280.08;5079.24;32429.307
2026-07-06T11:57:41.733373+02:00;standby;25.6;41.8;5.0;28.0;58.3;57.0;0;0;0;0;16359.32;11280.08;5079.24;32429.307
2026-07-06T11:58:42.314038+02:00;standby;25.6;41.8;5.0;28.0;58.3;57.0;0;0;0;0;16359.32;11280.08;5079.24;32429.307
2026-07-06T11:59:42.841911+02:00;standby;25.6;41.7;5.0;28.0;58.3;57.0;0;0;0;0;16359.32;11280.08;5079.24;32429.307
2026-07-06T12:00:43.608103+02:00;standby;25.6;41.7;5.0;28.0;58.3;57.0;0;0;0;0;16359.32;11280.08;5079.24;32429.307
2026-07-06T12:01:44.049972+02:00;standby;25.6;41.6;5.0;28.0;58.3;57.0;0;0;0;0;16359.32;11280.08;5079.24;32429.307
2026-07-06T12:02:44.751161+02:00;standby;25.6;41.6;5.0;28.0;58.3;57.0;0;0;0;0;16359.32;11280.08;5079.24;32429.307
2026-07-06T12:03:45.225767+02:00;standby;25.6;41.5;5.0;28.0;58.2;57.0;0;0;0;0;16359.32;11280.08;5079.24;32429.307
2026-07-06T12:04:45.845074+02:00;standby;25.6;41.4;5.0;28.0;58.2;57.0;0;0;0;0;16359.32;11280.08;5079.24;32429.307
2026-07-06T12:05:46.406702+02:00;standby;25.6;41.4;5.0;28.0;58.2;57.0;0;0;0;0;16359.32;11280.08;5079.24;32429.307
2026-07-06T12:06:46.884569+02:00;standby;25.6;41.4;5.0;28.0;58.2;57.0;0;0;0;0;16359.32;11280.08;5079.24;32429.307
2026-07-06T12:07:48.152380+02:00;standby;25.6;41.2;5.0;28.0;58.2;57.0;0;0;0;0;16359.32;11280.08;5079.24;32429.307
2026-07-06T12:08:48.863409+02:00;standby;25.6;41.2;5.0;28.0;58.2;57.0;0;0;0;0;16359.32;11280.08;5079.24;32429.307
2026-07-06T12:09:49.430565+02:00;standby;25.6;41.1;5.0;28.0;58.2;57.0;0;0;0;0;16359.32;11280.08;5079.24;32429.307
2026-07-06T12:10:50.427765+02:00;standby;25.6;41.0;5.0;28.0;58.2;57.0;0;0;0;0;16359.32;11280.08;5079.24;32429.307
2026-07-06T12:11:50.936503+02:00;standby;25.6;41.0;5.0;28.0;58.2;57.0;0;0;0;0;16359.32;11280.08;5079.24;32429.307
2026-07-06T12:12:51.474397+02:00;standby;25.6;40.9;5.0;28.0;58.1;57.0;0;0;0;0;16359.32;11280.08;5079.24;32429.307
2026-07-06T12:13:52.020410+02:00;standby;25.6;40.9;5.0;28.0;58.1;57.0;0;0;0;0;16359.32;11280.08;5079.24;32429.307
2026-07-06T12:14:53.110038+02:00;standby;25.6;40.8;5.0;28.0;58.1;57.0;0;0;0;0;16359.32;11280.08;5079.24;32429.307
2026-07-06T12:15:53.718288+02:00;standby;25.6;40.8;5.0;28.0;58.1;57.0;0;0;0;0;16359.32;11280.08;5079.24;32429.307
2026-07-06T12:16:54.220555+02:00;standby;25.6;40.7;5.0;28.0;58.1;57.0;0;0;0;0;16359.32;11280.08;5079.24;32429.307
2026-07-06T12:17:54.692092+02:00;standby;25.6;40.7;5.0;28.0;58.1;57.0;0;0;0;0;16359.32;11280.08;5079.24;32429.307
2026-07-06T12:18:55.315054+02:00;standby;25.6;40.6;5.0;28.0;58.1;57.0;0;0;0;0;16359.32;11280.08;5079.24;32429.307
2026-07-06T12:19:55.788474+02:00;standby;25.6;40.6;5.0;28.0;58.1;57.0;0;0;0;0;16359.32;11280.08;5079.24;32429.307
2026-07-06T12:20:56.201599+02:00;standby;25.6;40.5;5.0;28.0;58.1;57.0;0;0;0;0;16359.32;11280.08;5079.24;32429.307
2026-07-06T12:21:57.091846+02:00;standby;25.6;40.5;5.0;28.0;58.1;57.0;0;0;0;0;16359.32;11280.08;5079.24;32429.307
2026-07-06T12:22:57.571276+02:00;standby;25.6;40.3;5.0;28.0;58.1;57.0;0;0;0;0;16359.32;11280.08;5079.24;32429.307
2026-07-06T12:23:58.066791+02:00;standby;25.6;40.3;5.0;28.0;58.0;57.0;0;0;0;0;16359.32;11280.08;5079.24;32429.307
2026-07-06T12:24:59.100125+02:00;standby;25.6;40.2;5.0;28.0;58.0;57.0;0;0;0;0;16359.32;11280.08;5079.24;32429.307
2026-07-06T12:25:59.878746+02:00;standby;26.0;40.2;5.0;28.0;58.0;57.0;0;0;0;0;16359.32;11280.08;5079.24;32429.307
2026-07-06T12:27:00.594648+02:00;standby;26.0;40.1;5.0;28.0;58.0;57.0;0;0;0;0;16359.32;11280.08;5079.24;32429.307
2026-07-06T12:28:01.170901+02:00;standby;26.0;40.1;5.0;28.0;58.0;57.0;0;0;0;0;16359.32;11280.08;5079.24;32429.307
2026-07-06T12:29:02.669841+02:00;standby;26.0;40.0;5.0;28.0;58.0;57.0;0;0;0;0;16359.32;11280.08;5079.24;32429.307
2026-07-06T12:30:03.278736+02:00;standby;26.0;40.0;5.0;28.0;58.0;57.0;0;0;0;0;16359.32;11280.08;5079.24;32429.307
2026-07-06T12:31:03.948207+02:00;standby;26.0;40.0;5.0;28.0;58.0;57.0;0;0;0;0;16359.32;11280.08;5079.24;32429.307
2026-07-06T12:32:05.666423+02:00;standby;26.0;39.9;5.0;28.0;58.0;57.0;0;0;0;0;16359.32;11280.08;5079.24;32429.307
2026-07-06T12:33:06.156955+02:00;standby;26.0;39.8;5.0;28.0;57.9;57.0;0;0;0;0;16359.32;11280.08;5079.24;32429.307
2026-07-06T12:34:07.051039+02:00;standby;26.0;39.8;5.0;28.0;57.9;57.0;0;0;0;0;16359.32;11280.08;5079.24;32429.307
2026-07-06T12:35:08.187813+02:00;standby;26.0;39.8;5.0;28.0;57.9;57.0;0;0;0;0;16359.32;11280.08;5079.24;32429.307
2026-07-06T12:36:08.843367+02:00;standby;26.0;39.6;5.0;28.0;57.9;57.0;0;0;0;0;16359.32;11280.08;5079.24;32429.307
2026-07-06T12:37:09.325605+02:00;standby;26.0;39.5;5.0;28.0;57.9;57.0;0;0;0;0;16359.32;11280.08;5079.24;32429.307
2026-07-06T12:38:10.506242+02:00;standby;26.0;39.5;5.0;28.0;57.9;57.0;0;0;0;0;16359.32;11280.08;5079.24;32429.307
2026-07-06T12:39:10.976302+02:00;standby;26.0;39.5;5.0;28.0;57.9;57.0;0;0;0;0;16359.32;11280.08;5079.24;32429.307
2026-07-06T12:40:11.756367+02:00;standby;26.0;39.5;5.0;28.0;57.9;57.0;0;0;0;0;16359.32;11280.08;5079.24;32429.307
2026-07-06T12:41:12.213779+02:00;standby;26.0;39.4;5.0;28.0;57.8;57.0;0;0;0;0;16359.32;11280.08;5079.24;32429.307
2026-07-06T12:42:12.846750+02:00;standby;26.0;39.4;5.0;28.0;57.8;57.0;0;0;0;0;16359.32;11280.08;5079.24;32429.307
2026-07-06T12:43:13.364243+02:00;standby;26.0;39.3;5.0;28.0;57.8;57.0;0;0;0;0;16359.32;11280.08;5079.24;32429.307
2026-07-06T12:44:13.885104+02:00;standby;26.0;39.3;5.0;28.0;57.8;57.0;0;0;0;0;16359.32;11280.08;5079.24;32429.307
2026-07-06T12:45:14.298797+02:00;standby;26.0;39.1;5.0;28.0;57.8;57.0;0;0;0;0;16359.32;11280.08;5079.24;32429.307
2026-07-06T12:46:14.718918+02:00;standby;26.0;39.1;5.0;28.0;57.8;57.0;0;0;0;0;16359.32;11280.08;5079.24;32429.307
2026-07-06T12:47:15.228269+02:00;standby;26.0;39.0;5.0;28.0;57.8;57.0;0;0;0;0;16359.32;11280.08;5079.24;32429.307
2026-07-06T12:48:15.968719+02:00;standby;26.0;39.0;5.0;28.0;57.8;57.0;0;0;0;0;16359.32;11280.08;5079.24;32429.307
2026-07-06T12:49:16.483020+02:00;standby;26.0;38.9;5.0;28.0;57.8;57.0;0;0;0;0;16359.32;11280.08;5079.24;32429.307
2026-07-06T12:50:17.213580+02:00;standby;26.0;38.9;5.0;28.0;57.8;57.0;0;0;0;0;16359.32;11280.08;5079.24;32429.307
2026-07-06T12:51:17.772007+02:00;standby;26.0;38.9;5.0;28.0;57.7;57.0;0;0;0;0;16359.32;11280.08;5079.24;32429.307
2026-07-06T12:52:18.233911+02:00;standby;26.0;38.8;5.0;28.0;57.7;57.0;0;0;0;0;16359.32;11280.08;5079.24;32429.307
2026-07-06T12:53:18.865344+02:00;standby;26.0;38.8;5.0;28.0;57.7;57.0;0;0;0;0;16359.32;11280.08;5079.24;32429.307
2026-07-06T12:54:19.519522+02:00;standby;26.0;38.6;5.0;28.0;57.7;57.0;0;0;0;0;16359.32;11280.08;5079.24;32429.307
2026-07-06T12:55:20.314593+02:00;standby;26.0;38.6;5.0;28.0;57.7;57.0;0;0;0;0;16359.32;11280.08;5079.24;32429.307
2026-07-06T12:56:20.830912+02:00;standby;26.0;38.5;5.0;28.0;57.7;57.0;0;0;0;0;16359.32;11280.08;5079.24;32429.307
2026-07-06T12:57:22.013395+02:00;standby;26.0;38.5;5.0;28.0;57.7;57.0;0;0;0;0;16359.32;11280.08;5079.24;32429.307
2026-07-06T12:58:22.493136+02:00;standby;26.0;38.5;5.0;28.0;57.7;57.0;0;0;0;0;16359.32;11280.08;5079.24;32429.307
2026-07-06T12:59:23.043269+02:00;standby;26.0;38.4;5.0;28.0;57.6;57.0;0;0;0;0;16359.32;11280.08;5079.24;32429.307
2026-07-06T13:00:24.489249+02:00;standby;26.0;38.4;5.0;28.0;57.6;57.0;0;0;0;0;16359.32;11280.08;5079.24;32429.307
2026-07-06T13:01:24.994486+02:00;standby;26.0;38.4;5.0;28.0;57.6;57.0;0;0;0;0;16359.32;11280.08;5079.24;32429.307
2026-07-06T13:02:25.539640+02:00;standby;26.0;38.3;5.0;28.0;57.6;57.0;0;0;0;0;16359.32;11280.08;5079.24;32429.307
2026-07-06T13:03:25.993432+02:00;standby;26.0;38.3;5.0;28.0;57.6;57.0;0;0;0;0;16359.32;11280.08;5079.24;32429.307
2026-07-06T13:04:26.454139+02:00;standby;26.0;38.1;5.0;28.0;57.6;57.0;0;0;0;0;16359.32;11280.08;5079.24;32429.307
2026-07-06T13:05:26.998465+02:00;standby;26.0;38.1;5.0;28.0;57.6;57.0;0;0;0;0;16359.32;11280.08;5079.24;32429.307
2026-07-06T13:06:27.457469+02:00;standby;26.0;38.1;5.0;28.0;57.5;57.0;0;0;0;0;16359.32;11280.08;5079.24;32429.307
2026-07-06T13:07:27.924501+02:00;standby;26.0;38.0;5.0;28.0;57.5;57.0;0;0;0;0;16359.32;11280.08;5079.24;32429.307
2026-07-06T13:08:28.391462+02:00;standby;26.0;38.0;5.0;28.0;57.5;57.0;0;0;0;0;16359.32;11280.08;5079.24;32429.307
2026-07-06T13:09:28.808644+02:00;standby;26.0;38.0;5.0;28.0;57.4;57.0;0;0;0;0;16359.32;11280.08;5079.24;32429.307
2026-07-06T13:10:30.407232+02:00;standby;26.0;37.9;5.0;28.0;57.4;57.0;0;0;0;0;16359.32;11280.08;5079.24;32429.307
2026-07-06T13:11:30.880093+02:00;standby;26.0;37.9;5.0;28.0;57.4;57.0;0;0;0;0;16359.32;11280.08;5079.24;32429.307
2026-07-06T13:12:31.551376+02:00;standby;26.0;37.8;5.0;28.0;57.4;57.0;0;0;0;0;16359.32;11280.08;5079.24;32429.307
2026-07-06T13:13:32.214313+02:00;standby;26.0;37.8;5.0;28.0;57.4;57.0;0;0;0;0;16359.32;11280.08;5079.24;32429.307
2026-07-06T13:14:32.785286+02:00;standby;26.0;37.8;5.0;28.0;57.4;57.0;0;0;0;0;16359.32;11280.08;5079.24;32429.307
2026-07-06T13:15:33.302226+02:00;standby;26.0;37.7;5.0;28.0;57.3;57.0;0;0;0;0;16359.32;11280.08;5079.24;32429.307
2026-07-06T13:16:34.012405+02:00;standby;26.0;37.7;5.0;28.0;57.3;57.0;0;0;0;0;16359.32;11280.08;5079.24;32429.307
2026-07-06T13:17:34.442334+02:00;standby;26.0;37.5;5.0;28.0;57.2;57.0;0;0;0;0;16359.32;11280.08;5079.24;32429.307
2026-07-06T13:18:34.933600+02:00;standby;26.0;37.5;5.0;28.0;57.2;57.0;0;0;0;0;16359.32;11280.08;5079.24;32429.307
2026-07-06T13:19:35.448296+02:00;standby;26.0;37.5;5.0;28.0;57.2;57.0;0;0;0;0;16359.32;11280.08;5079.24;32429.307
2026-07-06T13:20:35.973448+02:00;standby;26.0;37.5;5.0;28.0;57.2;57.0;0;0;0;0;16359.32;11280.08;5079.24;32429.307
2026-07-06T13:21:36.467787+02:00;standby;26.0;37.4;5.0;28.0;57.2;57.0;0;0;0;0;16359.32;11280.08;5079.24;32429.307
2026-07-06T13:22:37.305905+02:00;standby;26.0;37.4;5.0;28.0;57.2;57.0;0;0;0;0;16359.32;11280.08;5079.24;32429.307
2026-07-06T13:23:37.880420+02:00;standby;26.0;37.3;5.0;28.0;57.1;57.0;0;0;0;0;16359.32;11280.08;5079.24;32429.307
2026-07-06T13:24:38.596793+02:00;standby;26.0;37.3;5.0;28.0;57.1;57.0;0;0;0;0;16359.32;11280.08;5079.24;32429.307
2026-07-06T13:25:39.112132+02:00;standby;26.0;37.3;5.0;28.0;57.1;57.0;0;0;0;0;16359.32;11280.08;5079.24;32429.307
2026-07-06T13:26:40.030599+02:00;standby;26.4;37.2;5.0;28.0;57.1;57.0;0;0;0;0;16359.32;11280.08;5079.24;32429.307
2026-07-06T13:27:40.820027+02:00;standby;26.4;37.2;5.0;28.0;57.1;57.0;0;0;0;0;16359.32;11280.08;5079.24;32429.307
2026-07-06T13:28:41.284088+02:00;standby;26.4;37.2;5.0;28.0;57.1;57.0;0;0;0;0;16359.32;11280.08;5079.24;32429.307
2026-07-06T13:29:41.764789+02:00;standby;26.4;37.0;5.0;28.0;57.1;57.0;0;0;0;0;16359.32;11280.08;5079.24;32429.307
2026-07-06T13:30:42.284715+02:00;standby;26.4;37.0;5.0;28.0;57.1;57.0;0;0;0;0;16359.32;11280.08;5079.24;32429.307
2026-07-06T13:31:42.795170+02:00;standby;26.4;37.0;5.0;28.0;57.1;57.0;0;0;0;0;16359.32;11280.08;5079.24;32429.307
2026-07-06T13:32:43.682261+02:00;standby;26.4;36.9;5.0;28.0;56.9;57.0;0;0;0;0;16359.32;11280.08;5079.24;32429.307
2026-07-06T13:33:44.155867+02:00;standby;26.4;36.9;5.0;28.0;56.9;57.0;0;0;0;0;16359.32;11280.08;5079.24;32429.307
2026-07-06T13:34:44.779473+02:00;standby;26.4;36.9;5.0;28.0;56.9;57.0;0;0;0;0;16359.32;11280.08;5079.24;32429.307
2026-07-06T13:35:45.320830+02:00;standby;26.4;36.8;5.0;28.0;56.9;57.0;0;0;0;0;16359.32;11280.08;5079.24;32429.307
2026-07-06T13:36:46.131595+02:00;standby;26.4;36.8;5.0;28.0;56.9;57.0;0;0;0;0;16359.32;11280.08;5079.24;32429.307
2026-07-06T13:37:46.731342+02:00;standby;26.4;36.8;5.0;28.0;56.9;57.0;0;0;0;0;16359.32;11280.08;5079.24;32429.307
2026-07-06T13:38:47.261791+02:00;standby;26.4;36.7;5.0;28.0;56.9;57.0;0;0;0;0;16359.32;11280.08;5079.24;32429.307
2026-07-06T13:39:47.884474+02:00;standby;26.4;36.7;5.0;28.0;56.9;57.0;0;0;0;0;16359.32;11280.08;5079.24;32429.307
2026-07-06T13:40:48.543011+02:00;standby;26.4;36.7;5.0;28.0;56.8;57.0;0;0;0;0;16359.32;11280.08;5079.24;32429.307
2026-07-06T13:41:49.543307+02:00;standby;26.4;36.5;5.0;28.0;56.8;57.0;0;0;0;0;16359.32;11280.08;5079.24;32429.307
2026-07-06T13:42:50.041730+02:00;standby;26.4;36.5;5.0;28.0;56.8;57.0;0;0;0;0;16359.32;11280.08;5079.24;32429.307
2026-07-06T13:43:50.663560+02:00;standby;26.4;36.5;5.0;28.0;56.8;57.0;0;0;0;0;16359.32;11280.08;5079.24;32429.307
2026-07-06T13:44:51.201340+02:00;standby;26.4;36.4;5.0;28.0;56.8;57.0;0;0;0;0;16359.32;11280.08;5079.24;32429.307
2026-07-06T13:45:51.801718+02:00;standby;26.4;36.4;5.0;28.0;56.8;57.0;0;0;0;0;16359.32;11280.08;5079.24;32429.307
2026-07-06T13:46:52.314659+02:00;standby;26.4;36.4;5.0;28.0;56.7;57.0;0;0;0;0;16359.32;11280.08;5079.24;32429.307
2026-07-06T13:47:52.900026+02:00;standby;26.4;36.3;5.0;28.0;56.7;57.0;0;0;0;0;16359.32;11280.08;5079.24;32429.307
2026-07-06T13:48:53.364085+02:00;standby;26.4;36.3;5.0;28.0;56.5;57.0;0;0;0;0;16359.32;11280.08;5079.24;32429.307
2026-07-06T13:49:53.879765+02:00;standby;26.4;36.3;5.0;28.0;56.4;57.0;0;0;0;0;16359.32;11280.08;5079.24;32429.307
2026-07-06T13:50:54.445631+02:00;standby;26.4;36.3;5.0;28.0;56.2;57.0;0;0;0;0;16359.32;11280.08;5079.24;32429.307
2026-07-06T13:51:54.925539+02:00;standby;26.4;36.2;5.0;28.0;56.2;57.0;0;0;0;0;16359.32;11280.08;5079.24;32429.307
2026-07-06T13:52:55.335131+02:00;standby;26.4;36.2;5.0;28.0;56.1;57.0;0;0;0;0;16359.32;11280.08;5079.24;32429.307
2026-07-06T13:53:55.799928+02:00;standby;26.4;36.2;5.0;28.0;56.1;57.0;0;0;0;0;16359.32;11280.08;5079.24;32429.307
2026-07-06T13:54:56.320764+02:00;standby;26.4;36.0;5.0;28.0;56.1;57.0;0;0;0;0;16359.32;11280.08;5079.24;32429.307
2026-07-06T13:55:56.795882+02:00;standby;26.4;36.0;5.0;28.0;56.0;57.0;0;0;0;0;16359.32;11280.08;5079.24;32429.307
2026-07-06T13:56:57.332057+02:00;standby;26.4;36.0;5.0;28.0;55.8;57.0;0;0;0;0;16359.32;11280.08;5079.24;32429.307
2026-07-06T13:57:57.841941+02:00;standby;26.4;35.9;5.0;28.0;55.6;57.0;0;0;0;0;16359.32;11280.08;5079.24;32429.307
2026-07-06T13:58:58.453700+02:00;standby;26.4;35.9;5.0;28.0;55.6;57.0;0;0;0;0;16359.32;11280.08;5079.24;32429.307
2026-07-06T13:59:59.023045+02:00;standby;26.4;35.9;5.0;28.0;55.5;57.0;0;0;0;0;16359.32;11280.08;5079.24;32429.307
2026-07-06T14:00:59.536604+02:00;standby;26.4;35.9;5.0;28.0;55.5;57.0;0;0;0;0;16359.32;11280.08;5079.24;32429.307
2026-07-06T14:02:00.880682+02:00;standby;26.4;35.8;5.0;28.0;55.5;57.0;0;0;0;0;16359.32;11280.08;5079.24;32429.307
2026-07-06T14:03:01.365097+02:00;standby;26.4;35.8;5.0;28.0;55.2;57.0;0;0;0;0;16359.32;11280.08;5079.24;32429.307
2026-07-06T14:04:01.885538+02:00;standby;26.4;35.8;5.0;28.0;55.1;57.0;0;0;0;0;16359.32;11280.08;5079.24;32429.307
2026-07-06T14:05:02.429699+02:00;standby;26.4;35.7;5.0;28.0;54.9;57.0;0;0;0;0;16359.32;11280.08;5079.24;32429.307
2026-07-06T14:06:02.965928+02:00;standby;26.4;35.7;5.0;28.0;54.9;57.0;0;0;0;0;16359.32;11280.08;5079.24;32429.307
2026-07-06T14:07:03.436712+02:00;standby;26.4;35.7;5.0;28.0;54.9;57.0;0;0;0;0;16359.32;11280.08;5079.24;32429.307
2026-07-06T14:08:03.954436+02:00;standby;26.4;35.7;5.0;28.0;54.7;57.0;0;0;0;0;16359.32;11280.08;5079.24;32429.307
2026-07-06T14:09:04.518083+02:00;standby;26.4;35.6;5.0;28.0;54.5;57.0;0;0;0;0;16359.32;11280.08;5079.24;32429.307
2026-07-06T14:10:05.811447+02:00;standby;26.4;35.6;5.0;28.0;54.2;57.0;0;0;0;0;16359.32;11280.08;5079.24;32429.307
2026-07-06T14:11:06.227689+02:00;standby;26.4;35.6;5.0;28.0;53.5;57.0;0;0;0;0;16359.32;11280.08;5079.24;32429.307
2026-07-06T14:12:06.734532+02:00;standby;26.4;35.4;5.0;28.0;53.2;57.0;0;0;0;0;16359.32;11280.08;5079.24;32429.307
2026-07-06T14:13:07.153486+02:00;standby;26.4;35.4;5.0;28.0;53.1;57.0;0;0;0;0;16359.32;11280.08;5079.24;32429.307
2026-07-06T14:14:07.687553+02:00;standby;26.4;35.4;5.0;28.0;52.9;57.0;0;0;0;0;16359.32;11280.08;5079.24;32429.307
2026-07-06T14:15:08.149164+02:00;standby;26.4;35.4;5.0;28.0;52.8;57.0;0;0;0;0;16359.32;11280.08;5079.24;32429.307
2026-07-06T14:16:08.635573+02:00;standby;26.4;35.3;5.0;28.0;52.7;57.0;0;0;0;0;16359.32;11280.08;5079.24;32429.307
2026-07-06T14:17:09.296205+02:00;standby;26.4;35.3;5.0;28.0;52.6;57.0;0;0;0;0;16359.32;11280.08;5079.24;32429.307
2026-07-06T14:18:09.770213+02:00;standby;26.4;35.3;5.0;28.0;52.6;57.0;0;0;0;0;16359.32;11280.08;5079.24;32429.307
2026-07-06T14:19:10.270743+02:00;standby;26.4;35.3;5.0;28.0;52.6;57.0;0;0;0;0;16359.32;11280.08;5079.24;32429.307
2026-07-06T14:20:11.656761+02:00;standby;26.4;35.2;5.0;28.0;52.6;57.0;0;0;0;0;16359.32;11280.08;5079.24;32429.307
2026-07-06T14:21:12.130207+02:00;standby;26.4;35.2;5.0;28.0;52.5;57.0;0;0;0;0;16359.32;11280.08;5079.24;32429.307
2026-07-06T14:22:12.660908+02:00;standby;26.4;35.2;5.0;28.0;52.1;57.0;0;0;0;0;16359.32;11280.08;5079.24;32429.307
2026-07-06T14:23:13.213644+02:00;standby;26.4;35.1;5.0;28.0;51.8;57.0;0;0;0;0;16359.32;11280.08;5079.24;32429.307
2026-07-06T14:24:13.706875+02:00;standby;26.4;35.1;5.0;28.0;51.4;57.0;0;0;0;0;16359.32;11280.08;5079.24;32429.307
2026-07-06T14:25:14.211310+02:00;standby;26.4;35.1;5.0;28.0;51.3;57.0;0;0;0;0;16359.32;11280.08;5079.24;32429.307
2026-07-06T14:26:14.766237+02:00;standby;26.4;35.1;5.0;28.0;51.3;57.0;0;0;0;0;16359.32;11280.08;5079.24;32429.307
2026-07-06T14:27:15.562306+02:00;standby;27.3;35.1;5.0;28.0;51.2;57.0;0;0;0;0;16359.32;11280.08;5079.24;32429.307
2026-07-06T14:28:16.085308+02:00;standby;27.3;34.9;5.0;28.0;51.1;57.0;0;0;0;0;16359.32;11280.08;5079.24;32429.307
2026-07-06T14:29:16.545020+02:00;standby;27.3;34.9;5.0;28.0;50.9;57.0;0;0;0;0;16359.32;11280.08;5079.24;32429.307
2026-07-06T14:30:17.009130+02:00;standby;27.3;34.9;5.0;28.0;50.8;57.0;0;0;0;0;16359.32;11280.08;5079.24;32429.307
2026-07-06T14:31:17.474084+02:00;standby;27.3;34.8;5.0;28.0;50.7;57.0;0;0;0;0;16359.32;11280.08;5079.24;32429.307
2026-07-06T14:32:17.938311+02:00;standby;27.3;34.8;5.0;28.0;50.6;57.0;0;0;0;0;16359.32;11280.08;5079.24;32429.307
2026-07-06T14:33:18.370126+02:00;standby;27.3;34.8;5.0;28.0;50.6;57.0;0;0;0;0;16359.32;11280.08;5079.24;32429.307
2026-07-06T14:34:19.394955+02:00;standby;27.3;34.8;5.0;28.0;50.6;57.0;0;0;0;0;16359.32;11280.08;5079.24;32429.307
2026-07-06T14:35:19.907377+02:00;standby;27.3;34.7;5.0;28.0;50.6;57.0;0;0;0;0;16359.32;11280.08;5079.24;32429.307
2026-07-06T14:36:20.342713+02:00;standby;27.3;34.7;5.0;28.0;50.5;57.0;0;0;0;0;16359.32;11280.08;5079.24;32429.307
2026-07-06T14:37:20.910530+02:00;standby;27.3;34.7;5.0;28.0;50.5;57.0;0;0;0;0;16359.32;11280.08;5079.24;32429.307
2026-07-06T14:38:21.388770+02:00;standby;27.3;34.7;5.0;28.0;50.5;57.0;0;0;0;0;16359.32;11280.08;5079.24;32429.307
2026-07-06T14:39:22.055862+02:00;standby;27.3;34.7;5.0;28.0;50.5;57.0;0;0;0;0;16359.32;11280.08;5079.24;32429.307
2026-07-06T14:40:22.929157+02:00;standby;27.3;34.6;5.0;28.0;50.5;57.0;0;0;0;0;16359.32;11280.08;5079.24;32429.307
2026-07-06T14:41:23.607075+02:00;standby;27.3;34.6;5.0;28.0;50.5;57.0;0;0;0;0;16359.32;11280.08;5079.24;32429.307
2026-07-06T14:42:24.366146+02:00;standby;27.3;34.6;5.0;28.0;50.5;57.0;0;0;0;0;16359.32;11280.08;5079.24;32429.307
2026-07-06T14:43:24.884372+02:00;standby;27.3;34.6;5.0;28.0;50.5;57.0;0;0;0;0;16359.32;11280.08;5079.24;32429.307
2026-07-06T14:44:25.408583+02:00;standby;27.3;34.4;5.0;28.0;50.4;57.0;0;0;0;0;16359.32;11280.08;5079.24;32429.307
2026-07-06T14:45:26.232322+02:00;standby;27.3;34.4;5.0;28.0;50.4;57.0;0;0;0;0;16359.32;11280.08;5079.24;32429.307
2026-07-06T14:46:26.795410+02:00;standby;27.3;34.4;5.0;28.0;50.4;57.0;0;0;0;0;16359.32;11280.08;5079.24;32429.307
2026-07-06T14:47:27.332983+02:00;standby;27.3;34.4;5.0;28.0;50.4;57.0;0;0;0;0;16359.32;11280.08;5079.24;32429.307
2026-07-06T14:48:27.987987+02:00;standby;27.3;34.3;5.0;28.0;50.4;57.0;0;0;0;0;16359.32;11280.08;5079.24;32429.307
2026-07-06T14:49:28.929110+02:00;standby;27.3;34.3;5.0;28.0;50.4;57.0;0;0;0;0;16359.32;11280.08;5079.24;32429.307
2026-07-06T14:50:29.442589+02:00;standby;27.3;34.3;5.0;28.0;50.3;57.0;0;0;0;0;16359.32;11280.08;5079.24;32429.307
2026-07-06T14:51:30.009280+02:00;standby;27.3;34.3;5.0;28.0;50.3;57.0;0;0;0;0;16359.32;11280.08;5079.24;32429.307
2026-07-06T14:52:30.815021+02:00;standby;27.3;34.3;5.0;28.0;50.3;57.0;0;0;0;0;16359.32;11280.08;5079.24;32429.307
2026-07-06T14:53:31.307935+02:00;standby;27.3;34.2;5.0;28.0;50.3;57.0;0;0;0;0;16359.32;11280.08;5079.24;32429.307
2026-07-06T14:54:31.886400+02:00;standby;27.3;34.2;5.0;28.0;50.3;57.0;0;0;0;0;16359.32;11280.08;5079.24;32429.307
2026-07-06T14:55:32.668743+02:00;standby;27.3;34.2;5.0;28.0;50.3;57.0;0;0;0;0;16359.32;11280.08;5079.24;32429.307
2026-07-06T14:56:33.184146+02:00;standby;27.3;34.1;5.0;28.0;50.2;57.0;0;0;0;0;16359.32;11280.08;5079.24;32429.307
2026-07-06T14:57:33.801906+02:00;standby;27.3;34.1;5.0;28.0;50.2;57.0;0;0;0;0;16359.32;11280.08;5079.24;32429.307
2026-07-06T14:58:34.642507+02:00;standby;27.3;34.1;5.0;28.0;50.2;57.0;0;0;0;0;16359.32;11280.08;5079.24;32429.307
2026-07-06T14:59:35.136729+02:00;standby;27.3;34.1;5.0;28.0;50.2;57.0;0;0;0;0;16359.32;11280.08;5079.24;32429.307
2026-07-06T15:00:35.821468+02:00;standby;27.3;34.1;5.0;28.0;50.2;57.0;0;0;0;0;16359.32;11280.08;5079.24;32429.307
2026-07-06T15:01:36.294553+02:00;standby;27.3;34.0;5.0;28.0;50.2;57.0;0;0;0;0;16359.32;11280.08;5079.24;32429.307
2026-07-06T15:02:36.899952+02:00;standby;27.3;34.0;5.0;28.0;50.1;57.0;0;0;0;0;16359.32;11280.08;5079.24;32429.307
2026-07-06T15:03:37.582558+02:00;standby;27.3;34.0;5.0;28.0;50.1;57.0;0;0;0;0;16359.32;11280.08;5079.24;32429.307
2026-07-06T15:04:38.273252+02:00;standby;27.3;34.0;5.0;28.0;50.1;57.0;0;0;0;0;16359.32;11280.08;5079.24;32429.307
2026-07-06T15:05:38.728009+02:00;standby;27.3;34.0;5.0;28.0;50.1;57.0;0;0;0;0;16359.32;11280.08;5079.24;32429.307
2026-07-06T15:06:39.923035+02:00;standby;27.3;33.8;5.0;28.0;50.0;57.0;0;0;0;0;16359.32;11280.08;5079.24;32429.307
2026-07-06T15:07:40.429273+02:00;standby;27.3;33.8;5.0;28.0;49.9;57.0;0;0;0;0;16359.32;11280.08;5079.24;32429.307
2026-07-06T15:08:40.944970+02:00;standby;27.3;33.8;5.0;28.0;49.3;57.0;0;0;0;0;16359.32;11280.08;5079.24;32429.307
2026-07-06T15:09:41.403572+02:00;standby;27.3;33.8;5.0;28.0;48.8;57.0;0;0;0;0;16359.32;11280.08;5079.24;32429.307
2026-07-06T15:10:42.184148+02:00;standby;27.3;33.7;5.0;28.0;48.6;57.0;0;0;0;0;16359.32;11280.08;5079.24;32429.307
2026-07-06T15:11:42.813198+02:00;standby;27.3;33.7;5.0;28.0;48.6;57.0;0;0;0;0;16359.32;11280.08;5079.24;32429.307
2026-07-06T15:12:43.324680+02:00;standby;27.3;33.7;5.0;28.0;48.5;57.0;0;0;0;0;16359.32;11280.08;5079.24;32429.307
2026-07-06T15:13:43.953004+02:00;standby;27.3;33.7;5.0;28.0;48.5;57.0;0;0;0;0;16359.32;11280.08;5079.24;32429.307
2026-07-06T15:14:44.578804+02:00;standby;27.3;33.7;5.0;28.0;48.5;57.0;0;0;0;0;16359.32;11280.08;5079.24;32429.307
2026-07-06T15:15:45.136174+02:00;standby;27.3;33.6;5.0;28.0;48.5;57.0;0;0;0;0;16359.32;11280.08;5079.24;32429.307
2026-07-06T15:16:45.757644+02:00;standby;27.3;33.6;5.0;28.0;48.5;57.0;0;0;0;0;16359.32;11280.08;5079.24;32429.307
2026-07-06T15:17:46.540421+02:00;standby;27.3;33.6;5.0;28.0;48.5;57.0;0;0;0;0;16359.32;11280.08;5079.24;32429.307
2026-07-06T15:18:47.158001+02:00;standby;27.3;33.6;5.0;28.0;48.4;57.0;0;0;0;0;16359.32;11280.08;5079.24;32429.307
2026-07-06T15:19:47.637405+02:00;standby;27.3;33.6;5.0;28.0;48.4;57.0;0;0;0;0;16359.32;11280.08;5079.24;32429.307
2026-07-06T15:20:48.318831+02:00;standby;27.3;33.5;5.0;28.0;48.4;57.0;0;0;0;0;16359.32;11280.08;5079.24;32429.307
2026-07-06T15:21:49.016841+02:00;standby;27.3;33.5;5.0;28.0;48.4;57.0;0;0;0;0;16359.32;11280.08;5079.24;32429.307
2026-07-06T15:22:49.529811+02:00;standby;27.3;33.5;5.0;28.0;48.4;57.0;0;0;0;0;16359.32;11280.08;5079.24;32429.307
2026-07-06T15:23:50.258013+02:00;standby;27.3;33.5;5.0;28.0;48.4;57.0;0;0;0;0;16359.32;11280.08;5079.24;32429.307
2026-07-06T15:24:50.936439+02:00;standby;27.3;33.5;5.0;28.0;48.4;57.0;0;0;0;0;16359.32;11280.08;5079.24;32429.307
2026-07-06T15:25:51.922132+02:00;standby;27.3;33.3;5.0;28.0;48.2;57.0;0;0;0;0;16359.32;11280.08;5079.24;32429.307
2026-07-06T15:26:52.502318+02:00;standby;27.3;33.3;5.0;28.0;48.2;57.0;0;0;0;0;16359.32;11280.08;5079.24;32429.307
2026-07-06T15:27:53.059527+02:00;standby;28.3;33.3;5.0;28.0;48.2;57.0;0;0;0;0;16359.32;11280.08;5079.24;32429.307
2026-07-06T15:28:54.044490+02:00;standby;28.3;33.3;5.0;28.0;48.2;57.0;0;0;0;0;16359.32;11280.08;5079.24;32429.307
2026-07-06T15:29:54.497255+02:00;standby;28.3;33.3;5.0;28.0;48.2;57.0;0;0;0;0;16359.32;11280.08;5079.24;32429.307
2026-07-06T15:30:54.980846+02:00;standby;28.3;33.2;5.0;28.0;48.2;57.0;0;0;0;0;16359.32;11280.08;5079.24;32429.307
2026-07-06T15:31:55.429680+02:00;standby;28.3;33.3;5.0;28.0;48.2;57.0;0;0;0;0;16359.32;11280.08;5079.24;32429.307
2026-07-06T15:32:56.120613+02:00;standby;28.3;33.2;5.0;28.0;48.2;57.0;0;0;0;0;16359.32;11280.08;5079.24;32429.307
2026-07-06T15:33:56.721530+02:00;standby;28.3;33.2;5.0;28.0;48.1;57.0;0;0;0;0;16359.32;11280.08;5079.24;32429.307
2026-07-06T15:34:57.267491+02:00;standby;28.3;33.2;5.0;28.0;48.1;57.0;0;0;0;0;16359.32;11280.08;5079.24;32429.307
2026-07-06T15:35:57.838125+02:00;standby;28.3;33.1;5.0;28.0;48.1;57.0;0;0;0;0;16359.32;11280.08;5079.24;32429.307
2026-07-06T15:36:58.334741+02:00;standby;28.3;33.1;5.0;28.0;48.1;57.0;0;0;0;0;16359.32;11280.08;5079.24;32429.307
2026-07-06T15:37:59.125344+02:00;standby;28.3;33.1;5.0;28.0;48.1;57.0;0;0;0;0;16359.32;11280.08;5079.24;32429.307
2026-07-06T15:38:59.955342+02:00;standby;28.3;33.1;5.0;28.0;48.1;57.0;0;0;0;0;16359.32;11280.08;5079.24;32429.307
2026-07-06T15:40:00.628854+02:00;standby;28.3;33.1;5.0;28.0;48.1;57.0;0;0;0;0;16359.32;11280.08;5079.24;32429.307
2026-07-06T15:41:01.092920+02:00;standby;28.3;33.1;5.0;28.0;48.1;57.0;0;0;0;0;16359.32;11280.08;5079.24;32429.307
2026-07-06T15:42:01.777503+02:00;standby;28.3;33.0;5.0;28.0;48.0;57.0;0;0;0;0;16359.32;11280.08;5079.24;32429.307
2026-07-06T15:43:02.384918+02:00;standby;28.3;33.0;5.0;28.0;48.0;57.0;0;0;0;0;16359.32;11280.08;5079.24;32429.307
2026-07-06T15:44:02.965920+02:00;standby;28.3;33.0;5.0;28.0;48.0;57.0;0;0;0;0;16359.32;11280.08;5079.24;32429.307
2026-07-06T15:45:03.635648+02:00;standby;28.3;33.0;5.0;28.0;48.0;57.0;0;0;0;0;16359.32;11280.08;5079.24;32429.307
2026-07-06T15:46:04.136274+02:00;standby;28.3;33.0;5.0;28.0;48.0;57.0;0;0;0;0;16359.32;11280.08;5079.24;32429.307
2026-07-06T15:47:04.825489+02:00;standby;28.3;33.0;5.0;28.0;48.0;57.0;0;0;0;0;16359.32;11280.08;5079.24;32429.307
2026-07-06T15:48:05.591723+02:00;standby;28.3;32.8;5.0;28.0;48.0;57.0;0;0;0;0;16359.32;11280.08;5079.24;32429.307
2026-07-06T15:49:06.107801+02:00;standby;28.3;32.8;5.0;28.0;48.0;57.0;0;0;0;0;16359.32;11280.08;5079.24;32429.307
2026-07-06T15:50:06.634045+02:00;standby;28.3;32.8;5.0;28.0;47.9;57.0;0;0;0;0;16359.32;11280.08;5079.24;32429.307
2026-07-06T15:51:07.308936+02:00;standby;28.3;32.8;5.0;28.0;47.9;57.0;0;0;0;0;16359.32;11280.08;5079.24;32429.307
2026-07-06T15:52:08.008075+02:00;standby;28.3;32.8;5.0;28.0;47.9;57.0;0;0;0;0;16359.32;11280.08;5079.24;32429.307
2026-07-06T15:53:08.962794+02:00;standby;28.3;32.8;5.0;28.0;47.9;57.0;0;0;0;0;16359.32;11280.08;5079.24;32429.307
2026-07-06T15:54:09.437524+02:00;standby;28.3;32.7;5.0;28.0;47.9;57.0;0;0;0;0;16359.32;11280.08;5079.24;32429.307
2026-07-06T15:55:10.006821+02:00;standby;28.3;32.7;5.0;28.0;47.9;57.0;0;0;0;0;16359.32;11280.08;5079.24;32429.307
2026-07-06T15:56:10.561974+02:00;standby;28.3;32.7;5.0;28.0;47.9;57.0;0;0;0;0;16359.32;11280.08;5079.24;32429.307
2026-07-06T15:57:11.282890+02:00;standby;28.3;32.7;5.0;28.0;47.9;57.0;0;0;0;0;16359.32;11280.08;5079.24;32429.307
2026-07-06T15:58:12.071820+02:00;standby;28.3;32.6;5.0;28.0;47.9;57.0;0;0;0;0;16359.32;11280.08;5079.24;32429.307
2026-07-06T15:59:12.520515+02:00;standby;28.3;32.6;5.0;28.0;47.8;57.0;0;0;0;0;16359.32;11280.08;5079.24;32429.307
2026-07-06T16:00:13.109458+02:00;standby;28.3;32.6;5.0;28.0;47.8;57.0;0;0;0;0;16359.32;11280.08;5079.24;32429.307
2026-07-06T16:01:13.661904+02:00;standby;28.3;32.6;5.0;28.0;47.8;57.0;0;0;0;0;16359.32;11280.08;5079.24;32429.307
2026-07-06T16:02:14.293376+02:00;standby;28.3;32.6;5.0;28.0;47.8;57.0;0;0;0;0;16359.32;11280.08;5079.24;32429.307
2026-07-06T16:03:15.324615+02:00;standby;28.3;32.6;5.0;28.0;47.8;57.0;0;0;0;0;16359.32;11280.08;5079.24;32429.307
2026-07-06T16:04:15.803749+02:00;standby;28.3;32.6;5.0;28.0;47.8;57.0;0;0;0;0;16359.32;11280.08;5079.24;32429.307
2026-07-06T16:05:16.252766+02:00;standby;28.3;32.5;5.0;28.0;47.8;57.0;0;0;0;0;16359.32;11280.08;5079.24;32429.307
2026-07-06T16:06:17.003961+02:00;standby;28.3;32.5;5.0;28.0;47.8;57.0;0;0;0;0;16359.32;11280.08;5079.24;32429.307
2026-07-06T16:07:17.505435+02:00;standby;28.3;32.5;5.0;28.0;47.8;57.0;0;0;0;0;16359.32;11280.08;5079.24;32429.307
2026-07-06T16:08:18.332434+02:00;standby;28.3;32.5;5.0;28.0;47.8;57.0;0;0;0;0;16359.32;11280.08;5079.24;32429.307
2026-07-06T16:09:19.122915+02:00;standby;28.3;32.5;5.0;28.0;47.7;57.0;0;0;0;0;16359.32;11280.08;5079.24;32429.307
2026-07-06T16:10:19.537473+02:00;standby;28.3;32.5;5.0;28.0;47.7;57.0;0;0;0;0;16359.32;11280.08;5079.24;32429.307
2026-07-06T16:11:20.221118+02:00;standby;28.3;32.5;5.0;28.0;47.7;57.0;0;0;0;0;16359.32;11280.08;5079.24;32429.307
2026-07-06T16:12:20.938998+02:00;standby;28.3;32.3;5.0;28.0;47.7;57.0;0;0;0;0;16359.32;11280.08;5079.24;32429.307
2026-07-06T16:13:21.440182+02:00;standby;28.3;32.3;5.0;28.0;47.7;57.0;0;0;0;0;16359.32;11280.08;5079.24;32429.307
2026-07-06T16:14:22.104378+02:00;standby;28.3;32.3;5.0;28.0;47.7;57.0;0;0;0;0;16359.32;11280.08;5079.24;32429.307
2026-07-06T16:15:22.808710+02:00;standby;28.3;32.3;5.0;28.0;47.7;57.0;0;0;0;0;16359.32;11280.08;5079.24;32429.307
2026-07-06T16:16:23.410912+02:00;standby;28.3;32.3;5.0;28.0;47.7;57.0;0;0;0;0;16359.32;11280.08;5079.24;32429.307
2026-07-06T16:17:24.032505+02:00;standby;28.3;32.3;5.0;28.0;47.7;57.0;0;0;0;0;16359.32;11280.08;5079.24;32429.307
2026-07-06T16:18:24.648475+02:00;standby;28.3;32.2;5.0;28.0;47.6;57.0;0;0;0;0;16359.32;11280.08;5079.24;32429.307
2026-07-06T16:19:25.497483+02:00;standby;28.3;32.2;5.0;28.0;47.6;57.0;0;0;0;0;16359.32;11280.08;5079.24;32429.307
2026-07-06T16:20:26.062909+02:00;standby;28.3;32.2;5.0;28.0;47.6;57.0;0;0;0;0;16359.32;11280.08;5079.24;32429.307
2026-07-06T16:21:26.741276+02:00;standby;28.3;32.2;5.0;28.0;47.6;57.0;0;0;0;0;16359.32;11280.08;5079.24;32429.307
2026-07-06T16:22:27.245773+02:00;standby;28.3;32.2;5.0;28.0;47.6;57.0;0;0;0;0;16359.32;11280.08;5079.24;32429.307
2026-07-06T16:23:27.796543+02:00;standby;28.3;32.2;5.0;28.0;47.6;57.0;0;0;0;0;16359.32;11280.08;5079.24;32429.307
2026-07-06T16:24:28.487591+02:00;standby;28.3;32.2;5.0;28.0;47.6;57.0;0;0;0;0;16359.32;11280.08;5079.24;32429.307
2026-07-06T16:25:28.993477+02:00;standby;28.3;32.1;5.0;28.0;47.6;57.0;0;0;0;0;16359.32;11280.08;5079.24;32429.307
2026-07-06T16:26:29.739409+02:00;standby;28.3;32.1;5.0;28.0;47.5;57.0;0;0;0;0;16359.32;11280.08;5079.24;32429.307
2026-07-06T16:27:30.259212+02:00;standby;28.3;32.1;5.0;28.0;47.6;57.0;0;0;0;0;16359.32;11280.08;5079.24;32429.307
2026-07-06T16:28:30.961854+02:00;standby;29.0;32.1;5.0;28.0;47.5;57.0;0;0;0;0;16359.32;11280.08;5079.24;32429.307
2026-07-06T16:29:31.942013+02:00;standby;29.0;32.1;5.0;28.0;47.5;57.0;0;0;0;0;16359.32;11280.08;5079.24;32429.307
2026-07-06T16:30:32.418759+02:00;standby;29.0;32.1;5.0;28.0;47.4;57.0;0;0;0;0;16359.32;11280.08;5079.24;32429.307
2026-07-06T16:31:32.948338+02:00;standby;29.0;32.1;5.0;28.0;47.4;57.0;0;0;0;0;16359.32;11280.08;5079.24;32429.307
2026-07-06T16:32:33.558609+02:00;standby;29.0;32.0;5.0;28.0;47.4;57.0;0;0;0;0;16359.32;11280.08;5079.24;32429.307
2026-07-06T16:33:34.179878+02:00;standby;29.0;32.0;5.0;28.0;47.4;57.0;0;0;0;0;16359.32;11280.08;5079.24;32429.307
2026-07-06T16:34:34.709473+02:00;standby;29.0;32.0;5.0;28.0;47.4;57.0;0;0;0;0;16359.32;11280.08;5079.24;32429.307
2026-07-06T16:35:35.424244+02:00;standby;29.0;32.0;5.0;28.0;47.4;57.0;0;0;0;0;16359.32;11280.08;5079.24;32429.307
2026-07-06T16:36:36.055573+02:00;standby;29.0;32.0;5.0;28.0;47.4;57.0;0;0;0;0;16359.32;11280.08;5079.24;32429.307
2026-07-06T16:37:36.592579+02:00;standby;29.0;32.0;5.0;28.0;47.4;57.0;0;0;0;0;16359.32;11280.08;5079.24;32429.307
2026-07-06T16:38:37.179548+02:00;standby;29.0;32.0;5.0;28.0;47.3;57.0;0;0;0;0;16359.32;11280.08;5079.24;32429.307
2026-07-06T16:39:37.725995+02:00;standby;29.0;31.9;5.0;28.0;47.3;57.0;0;0;0;0;16359.32;11280.08;5079.24;32429.307
2026-07-06T16:40:38.496500+02:00;standby;29.0;31.9;5.0;28.0;47.3;57.0;0;0;0;0;16359.32;11280.08;5079.24;32429.307
2026-07-06T16:41:39.055273+02:00;standby;29.0;31.9;5.0;28.0;47.3;57.0;0;0;0;0;16359.32;11280.08;5079.24;32429.307
2026-07-06T16:42:40.003945+02:00;standby;29.0;31.9;5.0;28.0;47.3;57.0;0;0;0;0;16359.32;11280.08;5079.24;32429.307
2026-07-06T16:43:40.547308+02:00;standby;29.0;31.9;5.0;28.0;47.3;57.0;0;0;0;0;16359.32;11280.08;5079.24;32429.307
2026-07-06T16:44:41.319402+02:00;standby;29.0;31.9;5.0;28.0;47.3;57.0;0;0;0;0;16359.32;11280.08;5079.24;32429.307
2026-07-06T16:45:41.868102+02:00;standby;29.0;31.9;5.0;28.0;47.3;57.0;0;0;0;0;16359.32;11280.08;5079.24;32429.307
2026-07-06T16:46:42.365099+02:00;standby;29.0;31.9;5.0;28.0;47.3;57.0;0;0;0;0;16359.32;11280.08;5079.24;32429.307
2026-07-06T16:47:42.926759+02:00;standby;29.0;31.7;5.0;28.0;47.2;57.0;0;0;0;0;16359.32;11280.08;5079.24;32429.307
2026-07-06T16:48:43.402358+02:00;standby;29.0;31.7;5.0;28.0;47.2;57.0;0;0;0;0;16359.32;11280.08;5079.24;32429.307
2026-07-06T16:49:44.138061+02:00;standby;29.0;31.7;5.0;28.0;47.2;57.0;0;0;0;0;16359.32;11280.08;5079.24;32429.307
2026-07-06T16:50:44.746786+02:00;standby;29.0;31.7;5.0;28.0;47.2;57.0;0;0;0;0;16359.32;11280.08;5079.24;32429.307
2026-07-06T16:51:46.504644+02:00;standby;29.0;31.7;5.0;28.0;47.2;57.0;0;0;0;0;16359.32;11280.08;5079.24;32429.307
2026-07-06T16:52:47.053200+02:00;standby;29.0;31.7;5.0;28.0;47.2;57.0;0;0;0;0;16359.32;11280.08;5079.24;32429.307
2026-07-06T16:53:47.672312+02:00;standby;29.0;31.6;5.0;28.0;47.2;57.0;0;0;0;0;16359.32;11280.08;5079.24;32429.307
2026-07-06T16:54:48.364953+02:00;standby;29.0;31.6;5.0;28.0;47.2;57.0;0;0;0;0;16359.32;11280.08;5079.24;32429.307
2026-07-06T16:55:48.888626+02:00;standby;29.0;31.6;5.0;28.0;47.2;57.0;0;0;0;0;16359.32;11280.08;5079.24;32429.307
2026-07-06T16:56:49.406151+02:00;standby;29.0;31.6;5.0;28.0;47.1;57.0;0;0;0;0;16359.32;11280.08;5079.24;32429.307
2026-07-06T16:57:50.038871+02:00;standby;29.0;31.6;5.0;28.0;47.2;57.0;0;0;0;0;16359.32;11280.08;5079.24;32429.307
2026-07-06T16:58:50.543834+02:00;standby;29.0;31.6;5.0;28.0;47.1;57.0;0;0;0;0;16359.32;11280.08;5079.24;32429.307
2026-07-06T16:59:51.065915+02:00;standby;29.0;31.6;5.0;28.0;47.1;57.0;0;0;0;0;16359.32;11280.08;5079.24;32429.307
2026-07-06T17:00:51.682907+02:00;standby;29.0;31.6;5.0;28.0;47.1;57.0;0;0;0;0;16359.32;11280.08;5079.24;32429.307
2026-07-06T17:01:52.313623+02:00;standby;29.0;31.6;5.0;28.0;47.1;57.0;0;0;0;0;16359.32;11280.08;5079.24;32429.307
2026-07-06T17:02:52.841762+02:00;standby;29.0;31.5;5.0;28.0;47.1;57.0;0;0;0;0;16359.32;11280.08;5079.24;32429.307
2026-07-06T17:03:53.345768+02:00;standby;29.0;31.5;5.0;28.0;47.1;57.0;0;0;0;0;16359.32;11280.08;5079.24;32429.307
2026-07-06T17:04:53.864401+02:00;standby;29.0;31.5;5.0;28.0;47.1;57.0;0;0;0;0;16359.32;11280.08;5079.24;32429.307
2026-07-06T17:05:54.847650+02:00;standby;29.0;31.5;5.0;28.0;47.1;57.0;0;0;0;0;16359.32;11280.08;5079.24;32429.307
2026-07-06T17:06:55.302114+02:00;standby;29.0;31.5;5.0;28.0;47.1;57.0;0;0;0;0;16359.32;11280.08;5079.24;32429.307
2026-07-06T17:07:55.829227+02:00;standby;29.0;31.5;5.0;28.0;47.0;57.0;0;0;0;0;16359.32;11280.08;5079.24;32429.307
2026-07-06T17:08:56.505041+02:00;standby;29.0;31.5;5.0;28.0;47.0;57.0;0;0;0;0;16359.32;11280.08;5079.24;32429.307
2026-07-06T17:09:56.973603+02:00;standby;29.0;31.5;5.0;28.0;47.0;57.0;0;0;0;0;16359.32;11280.08;5079.24;32429.307
2026-07-06T17:10:57.830927+02:00;standby;29.0;31.4;5.0;28.0;47.0;57.0;0;0;0;0;16359.32;11280.08;5079.24;32429.307
2026-07-06T17:11:58.422976+02:00;standby;29.0;31.4;5.0;28.0;47.0;57.0;0;0;0;0;16359.32;11280.08;5079.24;32429.307
2026-07-06T17:12:58.943864+02:00;standby;29.0;31.4;5.0;28.0;47.0;57.0;0;0;0;0;16359.32;11280.08;5079.24;32429.307
2026-07-06T17:13:59.654402+02:00;standby;29.0;31.4;5.0;28.0;47.0;57.0;0;0;0;0;16359.32;11280.08;5079.24;32429.307
2026-07-06T17:15:00.176974+02:00;standby;29.0;31.4;5.0;28.0;47.0;57.0;0;0;0;0;16359.32;11280.08;5079.24;32429.307
2026-07-06T17:16:01.324142+02:00;standby;29.0;31.4;5.0;28.0;47.0;57.0;0;0;0;0;16359.32;11280.08;5079.24;32429.307
2026-07-06T17:17:02.047460+02:00;dhw;29.0;37.1;85.0;28.0;46.7;57.0;1;23;1;100;16359.38;11280.08;5079.3;32429.406
2026-07-06T17:17:12.698725+02:00;dhw;29.0;37.2;85.0;28.0;46.6;57.0;1;23;1;100;16359.38;11280.08;5079.31;32429.406
2026-07-06T17:17:23.462606+02:00;dhw;29.0;37.0;85.0;28.0;46.5;57.0;1;23;1;100;16359.4;11280.08;5079.32;32429.406
2026-07-06T17:17:34.336539+02:00;dhw;29.0;37.4;85.0;28.0;46.4;57.0;1;23;1;100;16359.4;11280.08;5079.32;32429.406
2026-07-06T17:17:44.861010+02:00;dhw;29.0;38.0;85.0;28.0;46.3;57.0;1;23;1;100;16359.41;11280.08;5079.34;32429.406
2026-07-06T17:17:55.542438+02:00;dhw;29.0;38.3;85.0;28.0;46.2;57.0;1;23;1;100;16359.42;11280.08;5079.34;32429.406
2026-07-06T17:18:06.252335+02:00;dhw;29.0;39.0;85.0;28.0;46.1;57.0;1;32;1;100;16359.43;11280.08;5079.35;32429.406
2026-07-06T17:18:18.979892+02:00;dhw;29.0;40.0;85.0;28.0;46.0;57.0;1;42;1;100;16359.44;11280.08;5079.37;32429.406
2026-07-06T17:18:29.902247+02:00;dhw;29.0;42.9;85.0;28.0;45.9;57.0;1;61;1;100;16359.48;11280.08;5079.4;32429.406
2026-07-06T17:18:40.456429+02:00;dhw;29.0;44.7;85.0;28.0;45.7;57.0;1;71;1;100;16359.5;11280.08;5079.43;32429.406
2026-07-06T17:18:51.113586+02:00;dhw;29.0;46.6;85.0;28.0;45.6;57.0;1;82;1;100;16359.53;11280.08;5079.45;32429.406
2026-07-06T17:19:01.762597+02:00;dhw;29.0;49.0;85.0;28.0;45.5;57.0;1;94;1;100;16359.57;11280.08;5079.49;32429.406
2026-07-06T17:19:12.437352+02:00;dhw;29.0;51.3;85.0;28.0;45.4;57.0;1;105;1;100;16359.61;11280.08;5079.53;32429.406
2026-07-06T17:19:23.152882+02:00;dhw;29.0;53.2;85.0;28.0;45.4;57.0;1;108;1;100;16359.64;11280.08;5079.57;32429.406
2026-07-06T17:19:34.208321+02:00;dhw;29.0;56.0;85.0;28.0;45.3;57.0;1;108;1;100;16359.7;11280.08;5079.62;32429.406
2026-07-06T17:19:45.054211+02:00;dhw;29.0;58.1;85.0;28.0;45.3;57.0;1;108;1;100;16359.74;11280.08;5079.67;32429.406
2026-07-06T17:19:55.699480+02:00;dhw;29.0;60.0;85.0;28.0;45.3;57.0;1;108;1;100;16359.79;11280.08;5079.71;32429.406
2026-07-06T17:20:06.498599+02:00;dhw;29.0;61.0;85.0;28.0;45.3;57.0;1;108;1;100;16359.82;11280.08;5079.74;32429.406
2026-07-06T17:20:17.266716+02:00;dhw;29.0;63.0;85.0;28.0;45.3;57.0;1;108;1;100;16359.88;11280.08;5079.8;32429.406
2026-07-06T17:20:28.075201+02:00;dhw;29.0;64.0;85.0;28.0;45.3;57.0;1;108;1;100;16359.92;11280.08;5079.85;32429.406
2026-07-06T17:20:39.068877+02:00;dhw;29.0;65.1;85.0;28.0;45.4;57.0;1;108;1;100;16359.96;11280.08;5079.89;32429.406
2026-07-06T17:20:49.728317+02:00;dhw;29.0;66.1;85.0;28.0;45.6;57.0;1;108;1;100;16360.02;11280.08;5079.95;32429.406
2026-07-06T17:21:00.796414+02:00;dhw;29.0;66.7;85.0;28.0;45.7;57.0;1;108;1;100;16360.06;11280.08;5079.98;32429.406
2026-07-06T17:21:11.433783+02:00;dhw;29.0;67.4;85.0;28.0;45.8;57.0;1;108;1;100;16360.1;11280.08;5080.03;32429.406
2026-07-06T17:21:22.199068+02:00;dhw;29.0;68.0;85.0;28.0;46.0;57.0;1;108;1;100;16360.15;11280.08;5080.08;32429.406
2026-07-06T17:21:32.918127+02:00;dhw;29.0;68.4;85.0;28.0;46.1;57.0;1;108;1;100;16360.19;11280.08;5080.11;32429.406
2026-07-06T17:21:43.542399+02:00;dhw;29.0;69.1;85.0;28.0;46.2;57.0;1;108;1;100;16360.24;11280.08;5080.17;32429.406
2026-07-06T17:21:54.342587+02:00;dhw;29.0;69.4;85.0;28.0;46.4;57.0;1;108;1;100;16360.27;11280.08;5080.19;32429.406
2026-07-06T17:22:05.449468+02:00;dhw;29.0;69.8;85.0;28.0;46.6;57.0;1;108;1;100;16360.31;11280.08;5080.23;32429.506
2026-07-06T17:22:16.129500+02:00;dhw;29.0;70.2;85.0;28.0;46.8;57.0;1;108;1;100;16360.36;11280.08;5080.28;32429.506
2026-07-06T17:22:27.056252+02:00;dhw;29.0;70.4;85.0;28.0;47.0;57.0;1;108;1;100;16360.4;11280.08;5080.32;32429.506
2026-07-06T17:22:37.737654+02:00;dhw;29.0;70.8;85.0;28.0;47.2;57.0;1;108;1;100;16360.44;11280.08;5080.36;32429.506
2026-07-06T17:22:48.261927+02:00;dhw;29.0;71.1;85.0;28.0;47.6;57.0;1;108;1;100;16360.48;11280.08;5080.4;32429.506
2026-07-06T17:22:59.056579+02:00;dhw;29.0;71.4;85.0;28.0;47.8;57.0;1;108;1;100;16360.52;11280.08;5080.44;32429.506
2026-07-06T17:23:09.869155+02:00;dhw;29.0;71.9;85.0;28.0;47.8;57.0;1;108;1;100;16360.6;11280.08;5080.53;32429.506
2026-07-06T17:23:20.521391+02:00;dhw;29.0;72.2;85.0;28.0;48.4;57.0;1;108;1;100;16360.65;11280.08;5080.57;32429.506
2026-07-06T17:23:31.272522+02:00;dhw;29.0;72.5;85.0;28.0;48.6;57.0;1;108;1;100;16360.69;11280.08;5080.61;32429.506
2026-07-06T17:23:41.871913+02:00;dhw;29.0;72.7;85.0;28.0;48.8;57.0;1;108;1;100;16360.73;11280.08;5080.66;32429.506
2026-07-06T17:23:52.481945+02:00;dhw;29.0;73.0;85.0;28.0;49.1;57.0;1;108;1;100;16360.77;11280.08;5080.69;32429.506
2026-07-06T17:24:03.381703+02:00;dhw;29.0;73.3;85.0;28.0;49.3;57.0;1;108;1;100;16360.81;11280.08;5080.74;32429.506
2026-07-06T17:24:14.058655+02:00;dhw;29.0;73.6;85.0;28.0;49.5;57.0;1;108;1;100;16360.86;11280.08;5080.78;32429.506
2026-07-06T17:24:26.982692+02:00;dhw;29.0;74.0;85.0;28.0;49.7;57.0;1;108;1;100;16360.92;11280.08;5080.85;32429.506
2026-07-06T17:24:37.619127+02:00;dhw;29.0;74.0;85.0;28.0;50.0;57.0;1;108;1;100;16360.94;11280.08;5080.86;32429.506
2026-07-06T17:24:48.512821+02:00;dhw;29.0;74.6;85.0;28.0;50.4;57.0;1;108;1;100;16361.02;11280.08;5080.95;32429.506
2026-07-06T17:24:59.133208+02:00;dhw;29.0;74.8;85.0;28.0;50.7;57.0;1;108;1;100;16361.06;11280.08;5080.99;32429.506
2026-07-06T17:25:09.830630+02:00;dhw;29.0;75.1;85.0;28.0;50.9;57.0;1;108;1;100;16361.11;11280.08;5081.03;32429.506
2026-07-06T17:25:20.432228+02:00;dhw;29.0;75.4;85.0;28.0;51.2;57.0;1;108;1;100;16361.15;11280.08;5081.07;32429.506
2026-07-06T17:25:31.033547+02:00;dhw;29.0;75.5;85.0;28.0;51.4;57.0;1;108;1;100;16361.19;11280.08;5081.11;32429.506
2026-07-06T17:25:41.665561+02:00;dhw;29.0;75.8;85.0;28.0;51.7;57.0;1;108;1;100;16361.23;11280.08;5081.16;32429.506
2026-07-06T17:25:52.382992+02:00;dhw;29.0;76.1;85.0;28.0;51.9;57.0;1;108;1;100;16361.28;11280.08;5081.2;32429.506
2026-07-06T17:26:02.947917+02:00;dhw;29.0;76.2;85.0;28.0;52.1;57.0;1;108;1;100;16361.32;11280.08;5081.24;32429.506
2026-07-06T17:26:13.816501+02:00;dhw;29.0;76.5;85.0;28.0;52.3;57.0;1;108;1;100;16361.36;11280.08;5081.28;32429.605
2026-07-06T17:26:25.241652+02:00;dhw;29.0;76.7;85.0;28.0;52.5;57.0;1;108;1;100;16361.4;11280.08;5081.32;32429.605
2026-07-06T17:26:35.822185+02:00;dhw;29.0;77.0;85.0;28.0;52.7;57.0;1;108;1;100;16361.44;11280.08;5081.36;32429.605
2026-07-06T17:26:46.765256+02:00;dhw;29.0;77.3;85.0;28.0;52.9;57.0;1;108;1;100;16361.48;11280.08;5081.41;32429.605
2026-07-06T17:26:58.848946+02:00;dhw;29.0;77.7;85.0;28.0;53.2;57.0;1;108;1;100;16361.57;11280.08;5081.49;32429.605
2026-07-06T17:27:09.473519+02:00;dhw;29.0;77.9;85.0;28.0;53.5;57.0;1;108;1;100;16361.61;11280.08;5081.53;32429.605
2026-07-06T17:27:23.537209+02:00;dhw;29.0;78.0;85.0;28.0;53.7;57.0;1;108;1;100;16361.65;11280.08;5081.57;32429.605
2026-07-06T17:27:34.077239+02:00;dhw;29.0;78.3;85.0;28.0;53.8;57.0;1;108;1;100;16361.69;11280.08;5081.62;32429.605
2026-07-06T17:27:44.848873+02:00;dhw;29.0;78.6;85.0;28.0;54.0;57.0;1;108;1;100;16361.74;11280.08;5081.66;32429.605
2026-07-06T17:27:55.465527+02:00;dhw;29.0;79.0;85.0;28.0;54.2;57.0;1;108;1;100;16361.8;11280.08;5081.72;32429.605
2026-07-06T17:28:06.512912+02:00;dhw;29.0;79.0;85.0;28.0;54.3;57.0;1;108;1;100;16361.82;11280.08;5081.74;32429.605
2026-07-06T17:28:17.425176+02:00;dhw;29.0;79.3;85.0;28.0;54.4;57.0;1;108;1;100;16361.86;11280.08;5081.79;32429.605
2026-07-06T17:28:29.263598+02:00;dhw;29.0;79.6;85.0;28.0;54.7;57.0;1;108;1;100;16361.94;11280.08;5081.87;32429.605
2026-07-06T17:28:40.535595+02:00;dhw;28.0;79.9;85.0;28.0;54.8;57.0;1;108;1;100;16361.99;11280.08;5081.91;32429.605
2026-07-06T17:28:51.216333+02:00;dhw;28.0;80.1;85.0;28.0;55.1;57.0;1;108;1;100;16362.03;11280.08;5081.95;32429.605
2026-07-06T17:29:01.732874+02:00;dhw;28.0;80.3;85.0;28.0;55.2;57.0;1;108;1;100;16362.07;11280.08;5081.99;32429.605
2026-07-06T17:29:12.292035+02:00;dhw;28.0;80.6;85.0;28.0;55.4;57.0;1;108;1;100;16362.11;11280.08;5082.04;32429.605
2026-07-06T17:29:23.055874+02:00;dhw;28.0;80.7;85.0;28.0;55.5;57.0;1;108;1;100;16362.15;11280.08;5082.08;32429.605
2026-07-06T17:29:33.620732+02:00;dhw;28.0;80.9;85.0;28.0;55.6;57.0;1;108;1;100;16362.21;11280.08;5082.13;32429.605
2026-07-06T17:29:44.726026+02:00;dhw;28.0;80.9;85.0;28.0;55.8;57.0;1;108;1;100;16362.21;11280.08;5082.13;32429.605
2026-07-06T17:29:55.670005+02:00;dhw;28.0;81.4;85.0;28.0;55.9;57.0;1;108;1;100;16362.28;11280.08;5082.2;32429.605
2026-07-06T17:30:06.665824+02:00;dhw;28.0;81.5;85.0;28.0;56.0;57.0;1;108;1;100;16362.32;11280.08;5082.24;32429.605
2026-07-06T17:30:17.348819+02:00;dhw;28.0;81.9;85.0;28.0;56.4;57.0;1;108;1;100;16362.4;11280.08;5082.33;32429.705
2026-07-06T17:30:29.153956+02:00;dhw;28.0;82.2;85.0;28.0;56.5;57.0;1;108;1;100;16362.45;11280.08;5082.37;32429.705
2026-07-06T17:30:40.037503+02:00;dhw;28.0;82.4;85.0;28.0;56.6;57.0;1;108;1;100;16362.49;11280.08;5082.41;32429.705
2026-07-06T17:30:50.625923+02:00;dhw;28.0;82.5;85.0;28.0;56.8;57.0;1;108;1;100;16362.53;11280.08;5082.45;32429.705
2026-07-06T17:31:02.070753+02:00;standby;28.0;82.9;85.0;28.0;56.9;57.0;0;0;1;100;16362.58;11280.08;5082.51;32429.705
2026-07-06T17:31:12.591190+02:00;standby;28.0;81.9;85.0;28.0;57.2;57.0;0;0;1;10;16362.58;11280.08;5082.51;32429.705
2026-07-06T17:31:23.032061+02:00;standby;28.0;80.8;85.0;28.0;57.3;57.0;0;0;1;10;16362.58;11280.08;5082.51;32429.705
2026-07-06T17:31:33.472083+02:00;standby;28.0;77.8;85.0;28.0;57.4;57.0;0;0;1;10;16362.58;11280.08;5082.51;32429.705
2026-07-06T17:31:43.880595+02:00;standby;28.0;75.9;85.0;28.0;57.6;57.0;0;0;1;10;16362.58;11280.08;5082.51;32429.705
2026-07-06T17:31:54.422768+02:00;standby;28.0;73.9;85.0;28.0;57.8;57.0;0;0;1;10;16362.58;11280.08;5082.51;32429.705
2026-07-06T17:32:54.886365+02:00;standby;28.0;66.7;5.0;28.0;58.5;57.0;0;0;1;10;16362.58;11280.08;5082.51;32429.705
2026-07-06T17:33:55.365289+02:00;standby;28.0;62.6;5.0;28.0;58.9;57.0;0;0;1;10;16362.58;11280.08;5082.51;32429.705
2026-07-06T17:34:55.837935+02:00;standby;28.0;62.8;5.0;28.0;59.2;57.0;0;0;0;0;16362.58;11280.08;5082.51;32429.705
2026-07-06T17:35:56.346739+02:00;standby;28.0;63.3;5.0;28.0;59.3;57.0;0;0;0;0;16362.58;11280.08;5082.51;32429.705
2026-07-06T17:36:56.875591+02:00;standby;28.0;63.5;5.0;28.0;59.3;57.0;0;0;0;0;16362.58;11280.08;5082.51;32429.705
2026-07-06T17:37:57.384177+02:00;standby;28.0;63.5;5.0;28.0;59.4;57.0;0;0;0;0;16362.58;11280.08;5082.51;32429.705
2026-07-06T17:38:57.921609+02:00;standby;28.0;63.5;5.0;28.0;59.4;57.0;0;0;0;0;16362.58;11280.08;5082.51;32429.705
2026-07-06T17:39:58.458073+02:00;standby;28.0;63.5;5.0;28.0;59.4;57.0;0;0;0;0;16362.58;11280.08;5082.51;32429.705
2026-07-06T17:40:58.941415+02:00;standby;28.0;63.5;5.0;28.0;59.4;57.0;0;0;0;0;16362.58;11280.08;5082.51;32429.705
2026-07-06T17:41:59.453971+02:00;standby;28.0;63.4;5.0;28.0;59.4;57.0;0;0;0;0;16362.58;11280.08;5082.51;32429.705
2026-07-06T17:42:59.906058+02:00;standby;28.0;63.3;5.0;28.0;59.4;57.0;0;0;0;0;16362.58;11280.08;5082.51;32429.705
2026-07-06T17:44:00.409985+02:00;standby;28.0;63.1;5.0;28.0;59.4;57.0;0;0;0;0;16362.58;11280.08;5082.51;32429.705
2026-07-06T17:45:01.271195+02:00;standby;28.0;63.0;5.0;28.0;59.4;57.0;0;0;0;0;16362.58;11280.08;5082.51;32429.705
2026-07-06T17:46:01.741238+02:00;standby;28.0;62.9;5.0;28.0;59.4;57.0;0;0;0;0;16362.58;11280.08;5082.51;32429.705
2026-07-06T17:47:02.270971+02:00;standby;28.0;62.8;5.0;28.0;59.3;57.0;0;0;0;0;16362.58;11280.08;5082.51;32429.705
2026-07-06T17:48:02.728800+02:00;standby;28.0;62.7;5.0;28.0;59.3;57.0;0;0;0;0;16362.58;11280.08;5082.51;32429.705
2026-07-06T17:49:03.398998+02:00;standby;28.0;62.6;5.0;28.0;59.3;57.0;0;0;0;0;16362.58;11280.08;5082.51;32429.705
2026-07-06T17:50:03.919189+02:00;standby;28.0;62.4;5.0;28.0;59.3;57.0;0;0;0;0;16362.58;11280.08;5082.51;32429.705
2026-07-06T17:51:04.503126+02:00;standby;28.0;62.3;5.0;28.0;59.3;57.0;0;0;0;0;16362.58;11280.08;5082.51;32429.705
2026-07-06T17:52:04.993116+02:00;standby;28.0;62.2;5.0;28.0;59.3;57.0;0;0;0;0;16362.58;11280.08;5082.51;32429.705
2026-07-06T17:53:05.429902+02:00;standby;28.0;62.1;5.0;28.0;59.3;57.0;0;0;0;0;16362.58;11280.08;5082.51;32429.705
2026-07-06T17:54:05.829319+02:00;standby;28.0;62.0;5.0;28.0;59.3;57.0;0;0;0;0;16362.58;11280.08;5082.51;32429.705
2026-07-06T17:55:06.517759+02:00;standby;28.0;61.9;5.0;28.0;59.2;57.0;0;0;0;0;16362.58;11280.08;5082.51;32429.705
2026-07-06T17:56:07.188480+02:00;standby;28.0;61.7;5.0;28.0;59.2;57.0;0;0;0;0;16362.58;11280.08;5082.51;32429.705
2026-07-06T17:57:07.668931+02:00;standby;28.0;61.6;5.0;28.0;59.2;57.0;0;0;0;0;16362.58;11280.08;5082.51;32429.705
2026-07-06T17:58:08.135802+02:00;standby;28.0;61.4;5.0;28.0;59.2;57.0;0;0;0;0;16362.58;11280.08;5082.51;32429.705
2026-07-06T17:59:08.555228+02:00;standby;28.0;61.3;5.0;28.0;59.2;57.0;0;0;0;0;16362.58;11280.08;5082.51;32429.705
2026-07-06T18:00:09.030878+02:00;standby;28.0;61.2;5.0;28.0;59.2;57.0;0;0;0;0;16362.58;11280.08;5082.51;32429.705
2026-07-06T18:01:09.579720+02:00;standby;28.0;61.0;5.0;28.0;59.2;57.0;0;0;0;0;16362.58;11280.08;5082.51;32429.705
2026-07-06T18:02:10.038475+02:00;standby;28.0;60.9;5.0;28.0;59.2;57.0;0;0;0;0;16362.58;11280.08;5082.51;32429.705
2026-07-06T18:03:10.411233+02:00;standby;28.0;60.7;5.0;28.0;59.2;57.0;0;0;0;0;16362.58;11280.08;5082.51;32429.705
2026-07-06T18:04:10.973470+02:00;standby;28.0;60.6;5.0;28.0;59.2;57.0;0;0;0;0;16362.58;11280.08;5082.51;32429.705
2026-07-06T18:05:11.400865+02:00;standby;28.0;60.5;5.0;28.0;59.2;57.0;0;0;0;0;16362.58;11280.08;5082.51;32429.705
2026-07-06T18:06:11.847097+02:00;standby;28.0;60.3;5.0;28.0;59.2;57.0;0;0;0;0;16362.58;11280.08;5082.51;32429.705
2026-07-06T18:07:12.294474+02:00;standby;28.0;60.2;5.0;28.0;59.2;57.0;0;0;0;0;16362.58;11280.08;5082.51;32429.705
2026-07-06T18:08:12.794349+02:00;standby;28.0;60.1;5.0;28.0;59.2;57.0;0;0;0;0;16362.58;11280.08;5082.51;32429.705
2026-07-06T18:09:13.264028+02:00;standby;28.0;59.9;5.0;28.0;59.1;57.0;0;0;0;0;16362.58;11280.08;5082.51;32429.705
2026-07-06T18:10:13.839586+02:00;standby;28.0;59.8;5.0;28.0;59.1;57.0;0;0;0;0;16362.58;11280.08;5082.51;32429.705
2026-07-06T18:11:14.345892+02:00;standby;28.0;59.7;5.0;28.0;59.1;57.0;0;0;0;0;16362.58;11280.08;5082.51;32429.705
2026-07-06T18:12:14.896849+02:00;standby;28.0;59.5;5.0;28.0;59.1;57.0;0;0;0;0;16362.58;11280.08;5082.51;32429.705
2026-07-06T18:13:15.394075+02:00;standby;28.0;59.3;5.0;28.0;59.1;57.0;0;0;0;0;16362.58;11280.08;5082.51;32429.705
2026-07-06T18:14:16.181386+02:00;standby;28.0;59.2;5.0;28.0;59.1;57.0;0;0;0;0;16362.58;11280.08;5082.51;32429.705
2026-07-06T18:15:16.811906+02:00;standby;28.0;59.1;5.0;28.0;59.1;57.0;0;0;0;0;16362.58;11280.08;5082.51;32429.705
2026-07-06T18:16:17.329793+02:00;standby;28.0;59.0;5.0;28.0;59.1;57.0;0;0;0;0;16362.58;11280.08;5082.51;32429.705
2026-07-06T18:17:17.987761+02:00;standby;28.0;58.7;5.0;28.0;59.1;57.0;0;0;0;0;16362.58;11280.08;5082.51;32429.705
2026-07-06T18:18:18.788000+02:00;standby;28.0;58.6;5.0;28.0;59.1;57.0;0;0;0;0;16362.58;11280.08;5082.51;32429.705
2026-07-06T18:19:19.442349+02:00;standby;28.0;58.5;5.0;28.0;59.1;57.0;0;0;0;0;16362.58;11280.08;5082.51;32429.705
2026-07-06T18:20:20.319737+02:00;standby;28.0;58.4;5.0;28.0;59.1;57.0;0;0;0;0;16362.58;11280.08;5082.51;32429.705
2026-07-06T18:21:20.835505+02:00;standby;28.0;58.2;5.0;28.0;58.9;57.0;0;0;0;0;16362.58;11280.08;5082.51;32429.705
2026-07-06T18:22:21.604737+02:00;standby;28.0;58.1;5.0;28.0;58.9;57.0;0;0;0;0;16362.58;11280.08;5082.51;32429.705
2026-07-06T18:23:22.132190+02:00;standby;28.0;58.0;5.0;28.0;58.9;57.0;0;0;0;0;16362.58;11280.08;5082.51;32429.705
2026-07-06T18:24:23.121423+02:00;standby;28.0;57.8;5.0;28.0;58.9;57.0;0;0;0;0;16362.58;11280.08;5082.51;32429.705
2026-07-06T18:25:23.680603+02:00;standby;28.0;57.7;5.0;28.0;58.9;57.0;0;0;0;0;16362.58;11280.08;5082.51;32429.705
2026-07-06T18:26:24.165296+02:00;standby;28.0;57.5;5.0;28.0;58.9;57.0;0;0;0;0;16362.58;11280.08;5082.51;32429.705
2026-07-06T18:27:24.665128+02:00;standby;28.0;57.4;5.0;28.0;58.9;57.0;0;0;0;0;16362.58;11280.08;5082.51;32429.705
2026-07-06T18:28:25.716730+02:00;standby;28.0;57.3;5.0;28.0;58.9;57.0;0;0;0;0;16362.58;11280.08;5082.51;32429.705
2026-07-06T18:29:26.237380+02:00;standby;27.7;57.0;5.0;28.0;58.9;57.0;0;0;0;0;16362.58;11280.08;5082.51;32429.705
2026-07-06T18:30:26.890964+02:00;standby;27.7;56.9;5.0;28.0;58.9;57.0;0;0;0;0;16362.58;11280.08;5082.51;32429.705
2026-07-06T18:31:27.621490+02:00;standby;27.7;56.8;5.0;28.0;58.9;57.0;0;0;0;0;16362.58;11280.08;5082.51;32429.705
2026-07-06T18:32:28.123398+02:00;standby;27.7;56.7;5.0;28.0;58.9;57.0;0;0;0;0;16362.58;11280.08;5082.51;32429.705
2026-07-06T18:33:28.720508+02:00;standby;27.7;56.6;5.0;28.0;58.9;57.0;0;0;0;0;16362.58;11280.08;5082.51;32429.705
2026-07-06T18:34:29.644265+02:00;standby;27.7;56.4;5.0;28.0;58.9;57.0;0;0;0;0;16362.58;11280.08;5082.51;32429.705
2026-07-06T18:35:30.720751+02:00;standby;27.7;56.2;5.0;28.0;58.8;57.0;0;0;0;0;16362.58;11280.08;5082.51;32429.705
2026-07-06T18:36:31.285266+02:00;standby;27.7;56.1;5.0;28.0;58.8;57.0;0;0;0;0;16362.58;11280.08;5082.51;32429.705
2026-07-06T18:37:32.059797+02:00;standby;27.7;55.9;5.0;28.0;58.8;57.0;0;0;0;0;16362.58;11280.08;5082.51;32429.705
2026-07-06T18:38:32.550918+02:00;standby;27.7;55.8;5.0;28.0;58.8;57.0;0;0;0;0;16362.58;11280.08;5082.51;32429.705
2026-07-06T18:39:33.150406+02:00;standby;27.7;55.7;5.0;28.0;58.8;57.0;0;0;0;0;16362.58;11280.08;5082.51;32429.705
2026-07-06T18:40:33.813803+02:00;standby;27.7;55.6;5.0;28.0;58.8;57.0;0;0;0;0;16362.58;11280.08;5082.51;32429.705
2026-07-06T18:41:34.300983+02:00;standby;27.7;55.5;5.0;28.0;58.8;57.0;0;0;0;0;16362.58;11280.08;5082.51;32429.705
2026-07-06T18:42:34.852844+02:00;standby;27.7;55.2;5.0;28.0;58.8;57.0;0;0;0;0;16362.58;11280.08;5082.51;32429.705
2026-07-06T18:43:35.551220+02:00;standby;27.7;55.1;5.0;28.0;58.8;57.0;0;0;0;0;16362.58;11280.08;5082.51;32429.705
2026-07-06T18:44:36.050659+02:00;standby;27.7;55.0;5.0;28.0;58.8;57.0;0;0;0;0;16362.58;11280.08;5082.51;32429.705
2026-07-06T18:45:36.483692+02:00;standby;27.7;54.9;5.0;28.0;58.8;57.0;0;0;0;0;16362.58;11280.08;5082.51;32429.705
2026-07-06T18:46:37.203987+02:00;standby;27.7;54.8;5.0;28.0;58.8;57.0;0;0;0;0;16362.58;11280.08;5082.51;32429.705
2026-07-06T18:47:37.716458+02:00;standby;27.7;54.7;5.0;28.0;58.8;57.0;0;0;0;0;16362.58;11280.08;5082.51;32429.705
2026-07-06T18:48:38.245931+02:00;standby;27.7;54.6;5.0;28.0;58.8;57.0;0;0;0;0;16362.58;11280.08;5082.51;32429.705
2026-07-06T18:49:38.869957+02:00;standby;27.7;54.3;5.0;28.0;58.7;57.0;0;0;0;0;16362.58;11280.08;5082.51;32429.705
2026-07-06T18:50:39.488547+02:00;standby;27.7;54.2;5.0;28.0;58.7;57.0;0;0;0;0;16362.58;11280.08;5082.51;32429.705
2026-07-06T18:51:40.616344+02:00;standby;27.7;54.1;5.0;28.0;58.7;57.0;0;0;0;0;16362.58;11280.08;5082.51;32429.705
2026-07-06T18:52:41.150932+02:00;standby;27.7;54.0;5.0;28.0;58.7;57.0;0;0;0;0;16362.58;11280.08;5082.51;32429.705
2026-07-06T18:53:41.754182+02:00;standby;27.7;53.9;5.0;28.0;58.7;57.0;0;0;0;0;16362.58;11280.08;5082.51;32429.705
2026-07-06T18:54:42.231066+02:00;standby;27.7;53.7;5.0;28.0;58.7;57.0;0;0;0;0;16362.58;11280.08;5082.51;32429.705
2026-07-06T18:55:42.690654+02:00;standby;27.7;53.6;5.0;28.0;58.7;57.0;0;0;0;0;16362.58;11280.08;5082.51;32429.705
2026-07-06T18:56:43.751865+02:00;standby;27.7;53.4;5.0;28.0;58.7;57.0;0;0;0;0;16362.58;11280.08;5082.51;32429.705
2026-07-06T18:57:44.237583+02:00;standby;27.7;53.3;5.0;28.0;58.7;57.0;0;0;0;0;16362.58;11280.08;5082.51;32429.705
2026-07-06T18:58:44.657705+02:00;standby;27.7;53.2;5.0;28.0;58.7;57.0;0;0;0;0;16362.58;11280.08;5082.51;32429.705
2026-07-06T18:59:45.137363+02:00;standby;27.7;53.1;5.0;28.0;58.7;57.0;0;0;0;0;16362.58;11280.08;5082.51;32429.705
2026-07-06T19:00:45.595465+02:00;standby;27.7;53.0;5.0;28.0;58.7;57.0;0;0;0;0;16362.58;11280.08;5082.51;32429.705
2026-07-06T19:01:46.174335+02:00;standby;27.7;52.9;5.0;28.0;58.7;57.0;0;0;0;0;16362.58;11280.08;5082.51;32429.705
2026-07-06T19:02:46.970479+02:00;standby;27.7;52.7;5.0;28.0;58.7;57.0;0;0;0;0;16362.58;11280.08;5082.51;32429.705
2026-07-06T19:03:47.897759+02:00;standby;27.7;52.6;5.0;28.0;58.7;57.0;0;0;0;0;16362.58;11280.08;5082.51;32429.705
2026-07-06T19:04:48.382830+02:00;standby;27.7;52.4;5.0;28.0;58.6;57.0;0;0;0;0;16362.58;11280.08;5082.51;32429.705
2026-07-06T19:05:49.734034+02:00;standby;27.7;52.3;5.0;28.0;58.6;57.0;0;0;0;0;16362.58;11280.08;5082.51;32429.705
2026-07-06T19:06:50.252011+02:00;standby;27.7;52.2;5.0;28.0;58.6;57.0;0;0;0;0;16362.58;11280.08;5082.51;32429.705
2026-07-06T19:07:50.764901+02:00;standby;27.7;52.1;5.0;28.0;58.6;57.0;0;0;0;0;16362.58;11280.08;5082.51;32429.705
2026-07-06T19:08:51.381719+02:00;standby;27.7;52.0;5.0;28.0;58.6;57.0;0;0;0;0;16362.58;11280.08;5082.51;32429.705
2026-07-06T19:09:51.903064+02:00;standby;27.7;51.9;5.0;28.0;58.6;57.0;0;0;0;0;16362.58;11280.08;5082.51;32429.705
2026-07-06T19:10:52.384335+02:00;standby;27.7;51.8;5.0;28.0;58.6;57.0;0;0;0;0;16362.58;11280.08;5082.51;32429.705
2026-07-06T19:11:52.861062+02:00;standby;27.7;51.7;5.0;28.0;58.6;57.0;0;0;0;0;16362.58;11280.08;5082.51;32429.705
2026-07-06T19:12:53.502659+02:00;standby;27.7;51.6;5.0;28.0;58.6;57.0;0;0;0;0;16362.58;11280.08;5082.51;32429.705
2026-07-06T19:13:53.977146+02:00;standby;27.7;51.4;5.0;28.0;58.6;57.0;0;0;0;0;16362.58;11280.08;5082.51;32429.705
2026-07-06T19:14:54.633208+02:00;standby;27.7;51.3;5.0;28.0;58.6;57.0;0;0;0;0;16362.58;11280.08;5082.51;32429.705
2026-07-06T19:15:55.287803+02:00;standby;27.7;51.2;5.0;28.0;58.6;57.0;0;0;0;0;16362.58;11280.08;5082.51;32429.705
2026-07-06T19:16:55.857592+02:00;standby;27.7;51.1;5.0;28.0;58.6;57.0;0;0;0;0;16362.58;11280.08;5082.51;32429.705
2026-07-06T19:17:56.361294+02:00;standby;27.7;51.0;5.0;28.0;58.6;57.0;0;0;0;0;16362.58;11280.08;5082.51;32429.705
2026-07-06T19:18:56.834650+02:00;standby;27.7;50.9;5.0;28.0;58.5;57.0;0;0;0;0;16362.58;11280.08;5082.51;32429.705
2026-07-06T19:19:57.361275+02:00;standby;27.7;50.8;5.0;28.0;58.5;57.0;0;0;0;0;16362.58;11280.08;5082.51;32429.705
2026-07-06T19:20:57.951895+02:00;standby;27.7;50.7;5.0;28.0;58.5;57.0;0;0;0;0;16362.58;11280.08;5082.51;32429.705
2026-07-06T19:21:58.576551+02:00;standby;27.7;50.6;5.0;28.0;58.5;57.0;0;0;0;0;16362.58;11280.08;5082.51;32429.705
2026-07-06T19:22:59.286364+02:00;standby;27.7;50.4;5.0;28.0;58.5;57.0;0;0;0;0;16362.58;11280.08;5082.51;32429.705
2026-07-06T19:23:59.806397+02:00;standby;27.7;50.3;5.0;28.0;58.5;57.0;0;0;0;0;16362.58;11280.08;5082.51;32429.705
2026-07-06T19:25:00.641849+02:00;standby;27.7;50.2;5.0;28.0;58.5;57.0;0;0;0;0;16362.58;11280.08;5082.51;32429.705
2026-07-06T19:26:01.473587+02:00;standby;27.7;50.1;5.0;28.0;58.5;57.0;0;0;0;0;16362.58;11280.08;5082.51;32429.705
2026-07-06T19:27:01.981037+02:00;standby;27.7;50.0;5.0;28.0;58.5;57.0;0;0;0;0;16362.58;11280.08;5082.51;32429.705
2026-07-06T19:28:02.531917+02:00;standby;27.7;49.9;5.0;28.0;58.5;57.0;0;0;0;0;16362.58;11280.08;5082.51;32429.705
2026-07-06T19:29:03.666368+02:00;standby;27.7;49.8;5.0;28.0;58.5;57.0;0;0;0;0;16362.58;11280.08;5082.51;32429.705
2026-07-06T19:30:04.255646+02:00;standby;27.9;49.7;5.0;28.0;58.5;57.0;0;0;0;0;16362.58;11280.08;5082.51;32429.705
2026-07-06T19:31:04.781627+02:00;standby;27.9;49.5;5.0;28.0;58.5;57.0;0;0;0;0;16362.58;11280.08;5082.51;32429.705
2026-07-06T19:32:05.596770+02:00;standby;27.9;49.4;5.0;28.0;58.4;57.0;0;0;0;0;16362.58;11280.08;5082.51;32429.705
2026-07-06T19:33:06.054547+02:00;standby;27.9;49.3;5.0;28.0;58.4;57.0;0;0;0;0;16362.58;11280.08;5082.51;32429.705
2026-07-06T19:34:06.850277+02:00;standby;27.9;49.2;5.0;28.0;58.4;57.0;0;0;0;0;16362.58;11280.08;5082.51;32429.705
2026-07-06T19:35:07.548080+02:00;standby;27.9;49.1;5.0;28.0;58.4;57.0;0;0;0;0;16362.58;11280.08;5082.51;32429.705
2026-07-06T19:36:08.210873+02:00;standby;27.9;49.0;5.0;28.0;58.4;57.0;0;0;0;0;16362.58;11280.08;5082.51;32429.705
2026-07-06T19:37:08.705293+02:00;standby;27.9;48.9;5.0;28.0;58.4;57.0;0;0;0;0;16362.58;11280.08;5082.51;32429.705
2026-07-06T19:38:09.543574+02:00;standby;27.9;48.7;5.0;28.0;58.4;57.0;0;0;0;0;16362.58;11280.08;5082.51;32429.705
2026-07-06T19:39:10.045622+02:00;standby;27.9;48.7;5.0;28.0;58.4;57.0;0;0;0;0;16362.58;11280.08;5082.51;32429.705
2026-07-06T19:40:10.567599+02:00;standby;27.9;48.6;5.0;28.0;58.4;57.0;0;0;0;0;16362.58;11280.08;5082.51;32429.705
2026-07-06T19:41:11.175623+02:00;standby;27.9;48.5;5.0;28.0;58.4;57.0;0;0;0;0;16362.58;11280.08;5082.51;32429.705
2026-07-06T19:42:11.925883+02:00;standby;27.9;48.4;5.0;28.0;58.4;57.0;0;0;0;0;16362.58;11280.08;5082.51;32429.705
2026-07-06T19:43:12.413408+02:00;standby;27.9;48.3;5.0;28.0;58.3;57.0;0;0;0;0;16362.58;11280.08;5082.51;32429.705
2026-07-06T19:44:12.893060+02:00;standby;27.9;48.2;5.0;28.0;58.3;57.0;0;0;0;0;16362.58;11280.08;5082.51;32429.705
2026-07-06T19:45:13.514991+02:00;standby;27.9;48.1;5.0;28.0;58.3;57.0;0;0;0;0;16362.58;11280.08;5082.51;32429.705
2026-07-06T19:46:14.033575+02:00;standby;27.9;48.0;5.0;28.0;58.3;57.0;0;0;0;0;16362.58;11280.08;5082.51;32429.705
2026-07-06T19:47:14.817055+02:00;standby;27.9;48.0;5.0;28.0;58.3;57.0;0;0;0;0;16362.58;11280.08;5082.51;32429.705
2026-07-06T19:48:15.426804+02:00;standby;27.9;47.8;5.0;28.0;58.3;57.0;0;0;0;0;16362.58;11280.08;5082.51;32429.705
2026-07-06T19:49:16.053070+02:00;standby;27.9;47.7;5.0;28.0;58.3;57.0;0;0;0;0;16362.58;11280.08;5082.51;32429.705
2026-07-06T19:50:16.786213+02:00;standby;27.9;47.6;5.0;28.0;58.3;57.0;0;0;0;0;16362.58;11280.08;5082.51;32429.705
2026-07-06T19:51:17.722509+02:00;standby;27.9;47.5;5.0;28.0;58.3;57.0;0;0;0;0;16362.58;11280.08;5082.51;32429.705
2026-07-06T19:52:18.235911+02:00;standby;27.9;47.4;5.0;28.0;58.3;57.0;0;0;0;0;16362.58;11280.08;5082.51;32429.705
2026-07-06T19:53:18.751789+02:00;standby;27.9;47.3;5.0;28.0;58.3;57.0;0;0;0;0;16362.58;11280.08;5082.51;32429.705
2026-07-06T19:54:19.699044+02:00;standby;27.9;47.3;5.0;28.0;58.3;57.0;0;0;0;0;16362.58;11280.08;5082.51;32429.705
2026-07-06T19:55:20.200525+02:00;standby;27.9;47.2;5.0;28.0;58.3;57.0;0;0;0;0;16362.58;11280.08;5082.51;32429.705
2026-07-06T19:56:20.715237+02:00;standby;27.9;47.0;5.0;28.0;58.3;57.0;0;0;0;0;16362.58;11280.08;5082.51;32429.705
2026-07-06T19:57:21.236135+02:00;standby;27.9;46.9;5.0;28.0;58.2;57.0;0;0;0;0;16362.58;11280.08;5082.51;32429.705
2026-07-06T19:58:22.077527+02:00;standby;27.9;46.9;5.0;28.0;58.2;57.0;0;0;0;0;16362.58;11280.08;5082.51;32429.705
2026-07-06T19:59:22.588168+02:00;standby;27.9;46.8;5.0;28.0;58.2;57.0;0;0;0;0;16362.58;11280.08;5082.51;32429.705
2026-07-06T20:00:23.517232+02:00;standby;27.9;46.7;5.0;28.0;58.2;57.0;0;0;0;0;16362.58;11280.08;5082.51;32429.705
2026-07-06T20:01:24.237739+02:00;standby;27.9;46.6;5.0;28.0;58.2;57.0;0;0;0;0;16362.58;11280.08;5082.51;32429.705
2026-07-06T20:02:24.752439+02:00;standby;27.9;46.5;5.0;28.0;58.2;57.0;0;0;0;0;16362.58;11280.08;5082.51;32429.705
2026-07-06T20:03:25.382390+02:00;standby;27.9;46.4;5.0;28.0;58.2;57.0;0;0;0;0;16362.58;11280.08;5082.51;32429.705
2026-07-06T20:04:26.343100+02:00;standby;27.9;46.4;5.0;28.0;58.2;57.0;0;0;0;0;16362.58;11280.08;5082.51;32429.705
2026-07-06T20:05:26.853533+02:00;standby;27.9;46.2;5.0;28.0;58.2;57.0;0;0;0;0;16362.58;11280.08;5082.51;32429.705
2026-07-06T20:06:27.339954+02:00;standby;27.9;46.1;5.0;28.0;58.2;57.0;0;0;0;0;16362.58;11280.08;5082.51;32429.705
2026-07-06T20:07:27.858622+02:00;standby;27.9;46.1;5.0;28.0;58.2;57.0;0;0;0;0;16362.58;11280.08;5082.51;32429.705
2026-07-06T20:08:28.377405+02:00;standby;27.9;46.0;5.0;28.0;58.2;57.0;0;0;0;0;16362.58;11280.08;5082.51;32429.705
2026-07-06T20:09:28.908251+02:00;standby;27.9;45.9;5.0;28.0;58.1;57.0;0;0;0;0;16362.58;11280.08;5082.51;32429.705
2026-07-06T20:10:29.768185+02:00;standby;27.9;45.8;5.0;28.0;58.1;57.0;0;0;0;0;16362.58;11280.08;5082.51;32429.705
2026-07-06T20:11:30.253992+02:00;standby;27.9;45.8;5.0;28.0;58.1;57.0;0;0;0;0;16362.58;11280.08;5082.51;32429.705
2026-07-06T20:12:31.069952+02:00;standby;27.9;45.7;5.0;28.0;58.1;57.0;0;0;0;0;16362.58;11280.08;5082.51;32429.705
2026-07-06T20:13:31.481324+02:00;standby;27.9;45.6;5.0;28.0;58.1;57.0;0;0;0;0;16362.58;11280.08;5082.51;32429.705
2026-07-06T20:14:32.416467+02:00;standby;27.9;45.5;5.0;28.0;58.1;57.0;0;0;0;0;16362.58;11280.08;5082.51;32429.705
2026-07-06T20:15:32.942923+02:00;standby;27.9;45.5;5.0;28.0;58.1;57.0;0;0;0;0;16362.58;11280.08;5082.51;32429.705
2026-07-06T20:16:33.473975+02:00;standby;27.9;45.3;5.0;28.0;58.1;57.0;0;0;0;0;16362.58;11280.08;5082.51;32429.705
2026-07-06T20:17:34.075739+02:00;standby;27.9;45.2;5.0;28.0;58.1;57.0;0;0;0;0;16362.58;11280.08;5082.51;32429.705
2026-07-06T20:18:34.922333+02:00;standby;27.9;45.2;5.0;28.0;58.1;57.0;0;0;0;0;16362.58;11280.08;5082.51;32429.705
2026-07-06T20:19:35.537917+02:00;standby;27.9;45.1;5.0;28.0;58.1;57.0;0;0;0;0;16362.58;11280.08;5082.51;32429.705
2026-07-06T20:20:36.148279+02:00;standby;27.9;45.0;5.0;28.0;58.0;57.0;0;0;0;0;16362.58;11280.08;5082.51;32429.705
2026-07-06T20:21:36.666081+02:00;standby;27.9;44.9;5.0;28.0;58.0;57.0;0;0;0;0;16362.58;11280.08;5082.51;32429.705
2026-07-06T20:22:37.287136+02:00;standby;27.9;44.9;5.0;28.0;58.0;57.0;0;0;0;0;16362.58;11280.08;5082.51;32429.705
2026-07-06T20:23:37.784600+02:00;standby;27.9;44.8;5.0;28.0;58.0;57.0;0;0;0;0;16362.58;11280.08;5082.51;32429.705
2026-07-06T20:24:38.431198+02:00;standby;27.9;44.7;5.0;28.0;58.0;57.0;0;0;0;0;16362.58;11280.08;5082.51;32429.705
2026-07-06T20:25:39.050246+02:00;standby;27.9;44.5;5.0;28.0;58.0;57.0;0;0;0;0;16362.58;11280.08;5082.51;32429.705
2026-07-06T20:26:40.192512+02:00;standby;27.9;44.5;5.0;28.0;58.0;57.0;0;0;0;0;16362.58;11280.08;5082.51;32429.705
2026-07-06T20:27:40.711402+02:00;standby;27.9;44.4;5.0;28.0;58.0;57.0;0;0;0;0;16362.58;11280.08;5082.51;32429.705
2026-07-06T20:28:41.274595+02:00;standby;27.9;44.4;5.0;28.0;58.0;57.0;0;0;0;0;16362.58;11280.08;5082.51;32429.705
2026-07-06T20:29:41.867442+02:00;standby;27.9;44.3;5.0;28.0;58.0;57.0;0;0;0;0;16362.58;11280.08;5082.51;32429.705
2026-07-06T20:30:42.407995+02:00;standby;27.6;44.2;5.0;28.0;58.0;57.0;0;0;0;0;16362.58;11280.08;5082.51;32429.705
2026-07-06T20:31:42.994517+02:00;standby;27.6;44.2;5.0;28.0;57.9;57.0;0;0;0;0;16362.58;11280.08;5082.51;32429.705
2026-07-06T20:32:43.554752+02:00;standby;27.6;44.1;5.0;28.0;57.9;57.0;0;0;0;0;16362.58;11280.08;5082.51;32429.705
2026-07-06T20:33:44.036289+02:00;standby;27.6;44.1;5.0;28.0;57.9;57.0;0;0;0;0;16362.58;11280.08;5082.51;32429.705
2026-07-06T20:34:44.679034+02:00;standby;27.6;44.0;5.0;28.0;57.9;57.0;0;0;0;0;16362.58;11280.08;5082.51;32429.705
2026-07-06T20:35:45.261800+02:00;standby;27.6;43.9;5.0;28.0;57.9;57.0;0;0;0;0;16362.58;11280.08;5082.51;32429.705
2026-07-06T20:36:46.300880+02:00;standby;27.6;43.9;5.0;28.0;57.9;57.0;0;0;0;0;16362.58;11280.08;5082.51;32429.705
2026-07-06T20:37:47.025990+02:00;standby;27.6;43.7;5.0;28.0;57.9;57.0;0;0;0;0;16362.58;11280.08;5082.51;32429.705
2026-07-06T20:38:47.493633+02:00;standby;27.6;43.6;5.0;28.0;57.9;57.0;0;0;0;0;16362.58;11280.08;5082.51;32429.705
2026-07-06T20:39:48.066576+02:00;standby;27.6;43.6;5.0;28.0;57.9;57.0;0;0;0;0;16362.58;11280.08;5082.51;32429.705
2026-07-06T20:40:48.659747+02:00;standby;27.6;43.5;5.0;28.0;57.9;57.0;0;0;0;0;16362.58;11280.08;5082.51;32429.705
2026-07-06T20:41:49.106692+02:00;standby;27.6;43.4;5.0;28.0;57.9;57.0;0;0;0;0;16362.58;11280.08;5082.51;32429.705
2026-07-06T20:42:49.543951+02:00;standby;27.6;43.4;5.0;28.0;57.9;57.0;0;0;0;0;16362.58;11280.08;5082.51;32429.705
2026-07-06T20:43:50.035369+02:00;standby;27.6;43.3;5.0;28.0;57.9;57.0;0;0;0;0;16362.58;11280.08;5082.51;32429.705
2026-07-06T20:44:51.018299+02:00;standby;27.6;43.2;5.0;28.0;57.8;57.0;0;0;0;0;16362.58;11280.08;5082.51;32429.705
2026-07-06T20:45:51.794618+02:00;standby;27.6;43.2;5.0;28.0;57.8;57.0;0;0;0;0;16362.58;11280.08;5082.51;32429.705
2026-07-06T20:46:52.316543+02:00;standby;27.6;43.1;5.0;28.0;57.8;57.0;0;0;0;0;16362.58;11280.08;5082.51;32429.705
2026-07-06T20:47:52.783321+02:00;standby;27.6;43.1;5.0;28.0;57.8;57.0;0;0;0;0;16362.58;11280.08;5082.51;32429.705
2026-07-06T20:48:53.371232+02:00;standby;27.6;43.0;5.0;28.0;57.8;57.0;0;0;0;0;16362.58;11280.08;5082.51;32429.705
2026-07-06T20:49:54.007373+02:00;standby;27.6;43.0;5.0;28.0;57.8;57.0;0;0;0;0;16362.58;11280.08;5082.51;32429.705
2026-07-06T20:50:54.534636+02:00;standby;27.6;42.8;5.0;28.0;57.7;57.0;0;0;0;0;16362.58;11280.08;5082.51;32429.705
2026-07-06T20:51:55.545502+02:00;standby;27.6;42.7;5.0;28.0;57.7;57.0;0;0;0;0;16362.58;11280.08;5082.51;32429.705
2026-07-06T20:52:56.249363+02:00;standby;27.6;42.7;5.0;28.0;57.7;57.0;0;0;0;0;16362.58;11280.08;5082.51;32429.705
2026-07-06T20:53:56.840736+02:00;standby;27.6;42.6;5.0;28.0;57.7;57.0;0;0;0;0;16362.58;11280.08;5082.51;32429.705
2026-07-06T20:54:57.600176+02:00;standby;27.6;42.6;5.0;28.0;57.7;57.0;0;0;0;0;16362.58;11280.08;5082.51;32429.705
2026-07-06T20:55:58.237969+02:00;standby;27.6;42.5;5.0;28.0;57.7;57.0;0;0;0;0;16362.58;11280.08;5082.51;32429.705
2026-07-06T20:56:58.840112+02:00;standby;27.6;42.5;5.0;28.0;57.7;57.0;0;0;0;0;16362.58;11280.08;5082.51;32429.705
2026-07-06T20:57:59.357808+02:00;standby;27.6;42.4;5.0;28.0;57.7;57.0;0;0;0;0;16362.58;11280.08;5082.51;32429.705
2026-07-06T20:58:59.960315+02:00;standby;27.6;42.3;5.0;28.0;57.6;57.0;0;0;0;0;16362.58;11280.08;5082.51;32429.705
2026-07-06T21:00:00.699149+02:00;standby;27.6;42.3;5.0;28.0;57.6;57.0;0;0;0;0;16362.58;11280.08;5082.51;32429.705
2026-07-06T21:01:01.306365+02:00;standby;27.6;42.2;5.0;28.0;57.6;57.0;0;0;0;0;16362.58;11280.08;5082.51;32429.705
2026-07-06T21:02:01.993989+02:00;standby;27.6;42.2;5.0;28.0;57.6;57.0;0;0;0;0;16362.58;11280.08;5082.51;32429.705
2026-07-06T21:03:02.641564+02:00;standby;27.6;42.0;5.0;28.0;57.6;57.0;0;0;0;0;16362.58;11280.08;5082.51;32429.705
2026-07-06T21:04:05.289038+02:00;standby;27.6;41.9;5.0;28.0;57.6;57.0;0;0;0;0;16362.58;11280.08;5082.51;32429.705
2026-07-06T21:05:05.784509+02:00;standby;27.6;41.9;5.0;28.0;57.6;57.0;0;0;0;0;16362.58;11280.08;5082.51;32429.705
2026-07-06T21:06:06.293810+02:00;standby;27.6;41.8;5.0;28.0;57.6;57.0;0;0;0;0;16362.58;11280.08;5082.51;32429.705
2026-07-06T21:07:06.722491+02:00;standby;27.6;41.8;5.0;28.0;57.6;57.0;0;0;0;0;16362.58;11280.08;5082.51;32429.705
2026-07-06T21:08:07.252224+02:00;standby;27.6;41.7;5.0;28.0;57.6;57.0;0;0;0;0;16362.58;11280.08;5082.51;32429.705
2026-07-06T21:09:07.698951+02:00;standby;27.6;41.7;5.0;28.0;57.6;57.0;0;0;0;0;16362.58;11280.08;5082.51;32429.705
2026-07-06T21:10:08.220745+02:00;standby;27.6;41.6;5.0;28.0;57.5;57.0;0;0;0;0;16362.58;11280.08;5082.51;32429.705
2026-07-06T21:11:08.670756+02:00;standby;27.6;41.6;5.0;28.0;57.5;57.0;0;0;0;0;16362.58;11280.08;5082.51;32429.705
2026-07-06T21:12:09.165705+02:00;standby;27.6;41.5;5.0;28.0;57.5;57.0;0;0;0;0;16362.58;11280.08;5082.51;32429.705
2026-07-06T21:13:09.622288+02:00;standby;27.6;41.5;5.0;28.0;57.5;57.0;0;0;0;0;16362.58;11280.08;5082.51;32429.705
2026-07-06T21:14:10.092765+02:00;standby;27.6;41.4;5.0;28.0;57.5;57.0;0;0;0;0;16362.58;11280.08;5082.51;32429.705
2026-07-06T21:15:10.518088+02:00;standby;27.6;41.4;5.0;28.0;57.5;57.0;0;0;0;0;16362.58;11280.08;5082.51;32429.705
2026-07-06T21:16:10.976422+02:00;standby;27.6;41.2;5.0;28.0;57.5;57.0;0;0;0;0;16362.58;11280.08;5082.51;32429.705
2026-07-06T21:17:11.548142+02:00;standby;27.6;41.2;5.0;28.0;57.5;57.0;0;0;0;0;16362.58;11280.08;5082.51;32429.705
2026-07-06T21:18:12.254824+02:00;standby;27.6;41.1;5.0;28.0;57.5;57.0;0;0;0;0;16362.58;11280.08;5082.51;32429.705
2026-07-06T21:19:12.709443+02:00;standby;27.6;41.1;5.0;28.0;57.5;57.0;0;0;0;0;16362.58;11280.08;5082.51;32429.705
2026-07-06T21:20:13.218430+02:00;standby;27.6;41.0;5.0;28.0;57.5;57.0;0;0;0;0;16362.58;11280.08;5082.51;32429.705
2026-07-06T21:21:13.980861+02:00;standby;27.6;41.0;5.0;28.0;57.4;57.0;0;0;0;0;16362.58;11280.08;5082.51;32429.705
2026-07-06T21:22:14.458098+02:00;standby;27.6;40.9;5.0;28.0;57.4;57.0;0;0;0;0;16362.58;11280.08;5082.51;32429.705
2026-07-06T21:23:15.289795+02:00;standby;27.6;40.9;5.0;28.0;57.4;57.0;0;0;0;0;16362.58;11280.08;5082.51;32429.705
2026-07-06T21:24:15.799774+02:00;standby;27.6;40.8;5.0;28.0;57.4;57.0;0;0;0;0;16362.58;11280.08;5082.51;32429.705
2026-07-06T21:25:16.351551+02:00;standby;27.6;40.8;5.0;28.0;57.4;57.0;0;0;0;0;16362.58;11280.08;5082.51;32429.705
2026-07-06T21:26:17.055512+02:00;standby;27.6;40.7;5.0;28.0;57.4;57.0;0;0;0;0;16362.58;11280.08;5082.51;32429.705
2026-07-06T21:27:17.664401+02:00;standby;27.6;40.7;5.0;28.0;57.4;57.0;0;0;0;0;16362.58;11280.08;5082.51;32429.705
2026-07-06T21:28:18.593226+02:00;standby;27.6;40.6;5.0;28.0;57.4;57.0;0;0;0;0;16362.58;11280.08;5082.51;32429.705
2026-07-06T21:29:19.117289+02:00;standby;27.6;40.6;5.0;28.0;57.4;57.0;0;0;0;0;16362.58;11280.08;5082.51;32429.705
2026-07-06T21:30:19.637059+02:00;standby;27.6;40.5;5.0;28.0;57.4;57.0;0;0;0;0;16362.58;11280.08;5082.51;32429.705
2026-07-06T21:31:20.162938+02:00;standby;26.0;40.5;5.0;28.0;57.4;57.0;0;0;0;0;16362.58;11280.08;5082.51;32429.705
2026-07-06T21:32:24.918181+02:00;standby;26.0;40.3;5.0;28.0;57.3;57.0;0;0;0;0;16362.58;11280.08;5082.51;32429.705
2026-07-06T21:33:25.703030+02:00;standby;26.0;40.3;5.0;28.0;57.3;57.0;0;0;0;0;16362.58;11280.08;5082.51;32429.705
2026-07-06T21:34:26.218375+02:00;standby;26.0;40.2;5.0;28.0;57.3;57.0;0;0;0;0;16362.58;11280.08;5082.51;32429.705
2026-07-06T21:35:26.673172+02:00;standby;26.0;40.2;5.0;28.0;57.3;57.0;0;0;0;0;16362.58;11280.08;5082.51;32429.705
2026-07-06T21:36:27.281905+02:00;standby;26.0;40.1;5.0;28.0;57.3;57.0;0;0;0;0;16362.58;11280.08;5082.51;32429.705
2026-07-06T21:37:27.772371+02:00;standby;26.0;40.1;5.0;28.0;57.3;57.0;0;0;0;0;16362.58;11280.08;5082.51;32429.705
2026-07-06T21:38:28.215989+02:00;standby;26.0;40.1;5.0;28.0;57.3;57.0;0;0;0;0;16362.58;11280.08;5082.51;32429.705
2026-07-06T21:39:28.709765+02:00;standby;26.0;40.0;5.0;28.0;57.3;57.0;0;0;0;0;16362.58;11280.08;5082.51;32429.705
2026-07-06T21:40:29.152367+02:00;standby;26.0;40.0;5.0;28.0;57.3;57.0;0;0;0;0;16362.58;11280.08;5082.51;32429.705
2026-07-06T21:41:29.747814+02:00;standby;26.0;39.9;5.0;28.0;57.3;57.0;0;0;0;0;16362.58;11280.08;5082.51;32429.705
2026-07-06T21:42:30.267173+02:00;standby;26.0;39.9;5.0;28.0;57.3;57.0;0;0;0;0;16362.58;11280.08;5082.51;32429.705
2026-07-06T21:43:30.722331+02:00;standby;26.0;39.8;5.0;28.0;57.2;57.0;0;0;0;0;16362.58;11280.08;5082.51;32429.705
2026-07-06T21:44:31.315448+02:00;standby;26.0;39.8;5.0;28.0;57.2;57.0;0;0;0;0;16362.58;11280.08;5082.51;32429.705
2026-07-06T21:45:31.823659+02:00;standby;26.0;39.6;5.0;28.0;57.2;57.0;0;0;0;0;16362.58;11280.08;5082.51;32429.705
2026-07-06T21:46:32.291077+02:00;standby;26.0;39.6;5.0;28.0;57.2;57.0;0;0;0;0;16362.58;11280.08;5082.51;32429.705
2026-07-06T21:47:32.773429+02:00;standby;26.0;39.5;5.0;28.0;57.2;57.0;0;0;0;0;16362.58;11280.08;5082.51;32429.705
2026-07-06T21:48:33.179593+02:00;standby;26.0;39.5;5.0;28.0;57.2;57.0;0;0;0;0;16362.58;11280.08;5082.51;32429.705
2026-07-06T21:49:33.588782+02:00;standby;26.0;39.5;5.0;28.0;57.2;57.0;0;0;0;0;16362.58;11280.08;5082.51;32429.705
2026-07-06T21:50:34.045487+02:00;standby;26.0;39.4;5.0;28.0;57.2;57.0;0;0;0;0;16362.58;11280.08;5082.51;32429.705
2026-07-06T21:51:34.531994+02:00;standby;26.0;39.4;5.0;28.0;57.2;57.0;0;0;0;0;16362.58;11280.08;5082.51;32429.705
2026-07-06T21:52:35.189808+02:00;standby;26.0;39.3;5.0;28.0;57.2;57.0;0;0;0;0;16362.58;11280.08;5082.51;32429.705
2026-07-06T21:53:35.806410+02:00;standby;26.0;39.3;5.0;28.0;57.2;57.0;0;0;0;0;16362.58;11280.08;5082.51;32429.705
2026-07-06T21:54:36.335279+02:00;standby;26.0;39.3;5.0;28.0;57.1;57.0;0;0;0;0;16362.58;11280.08;5082.51;32429.705
2026-07-06T21:55:36.764755+02:00;standby;26.0;39.1;5.0;28.0;57.1;57.0;0;0;0;0;16362.58;11280.08;5082.51;32429.705
2026-07-06T21:56:37.292303+02:00;standby;26.0;39.1;5.0;28.0;57.1;57.0;0;0;0;0;16362.58;11280.08;5082.51;32429.705
2026-07-06T21:57:37.755964+02:00;standby;26.0;39.0;5.0;28.0;57.1;57.0;0;0;0;0;16362.58;11280.08;5082.51;32429.705
2026-07-06T21:58:38.837258+02:00;standby;26.0;39.0;5.0;28.0;57.1;57.0;0;0;0;0;16362.58;11280.08;5082.51;32429.705
2026-07-06T21:59:39.313908+02:00;standby;26.0;39.0;5.0;28.0;57.1;57.0;0;0;0;0;16362.58;11280.08;5082.51;32429.705
2026-07-06T22:00:40.271971+02:00;standby;26.0;38.9;5.0;28.0;57.1;57.0;0;0;0;0;16362.58;11280.08;5082.51;32429.705
2026-07-06T22:01:40.749640+02:00;standby;26.0;38.9;5.0;28.0;57.1;57.0;0;0;0;0;16362.58;11280.08;5082.51;32429.705
2026-07-06T22:02:41.268752+02:00;standby;26.0;38.8;5.0;28.0;57.1;57.0;0;0;0;0;16362.58;11280.08;5082.51;32429.705
2026-07-06T22:03:41.816434+02:00;standby;26.0;38.8;5.0;28.0;57.1;57.0;0;0;0;0;16362.58;11280.08;5082.51;32429.705
2026-07-06T22:04:42.399146+02:00;standby;26.0;38.8;5.0;28.0;56.9;57.0;0;0;0;0;16362.58;11280.08;5082.51;32429.705
2026-07-06T22:05:42.828036+02:00;standby;26.0;38.6;5.0;28.0;57.1;57.0;0;0;0;0;16362.58;11280.08;5082.51;32429.705
2026-07-06T22:06:43.317015+02:00;standby;26.0;38.6;5.0;28.0;56.9;57.0;0;0;0;0;16362.58;11280.08;5082.51;32429.705
2026-07-06T22:07:43.774474+02:00;standby;26.0;38.5;5.0;28.0;56.9;57.0;0;0;0;0;16362.58;11280.08;5082.51;32429.705
2026-07-06T22:08:44.319815+02:00;standby;26.0;38.5;5.0;28.0;56.9;57.0;0;0;0;0;16362.58;11280.08;5082.51;32429.705
2026-07-06T22:09:44.852323+02:00;standby;26.0;38.4;5.0;28.0;56.9;57.0;0;0;0;0;16362.58;11280.08;5082.51;32429.705
2026-07-06T22:10:45.583872+02:00;standby;26.0;38.4;5.0;28.0;56.9;57.0;0;0;0;0;16362.58;11280.08;5082.51;32429.705
2026-07-06T22:11:46.093023+02:00;standby;26.0;38.4;5.0;28.0;56.9;57.0;0;0;0;0;16362.58;11280.08;5082.51;32429.705
2026-07-06T22:12:46.577177+02:00;standby;26.0;38.3;5.0;28.0;56.9;57.0;0;0;0;0;16362.58;11280.08;5082.51;32429.705
2026-07-06T22:13:47.034530+02:00;standby;26.0;38.3;5.0;28.0;56.9;57.0;0;0;0;0;16362.58;11280.08;5082.51;32429.705
2026-07-06T22:14:47.496275+02:00;standby;26.0;38.3;5.0;28.0;56.8;57.0;0;0;0;0;16362.58;11280.08;5082.51;32429.705
2026-07-06T22:15:48.337561+02:00;standby;26.0;38.1;5.0;28.0;56.8;57.0;0;0;0;0;16362.58;11280.08;5082.51;32429.705
2026-07-06T22:16:48.775522+02:00;standby;26.0;38.1;5.0;28.0;56.8;57.0;0;0;0;0;16362.58;11280.08;5082.51;32429.705
2026-07-06T22:17:49.315720+02:00;standby;26.0;38.0;5.0;28.0;56.8;57.0;0;0;0;0;16362.58;11280.08;5082.51;32429.705
2026-07-06T22:18:49.831859+02:00;standby;26.0;38.0;5.0;28.0;56.8;57.0;0;0;0;0;16362.58;11280.08;5082.51;32429.705
2026-07-06T22:19:50.336640+02:00;standby;26.0;38.0;5.0;28.0;56.8;57.0;0;0;0;0;16362.58;11280.08;5082.51;32429.705
2026-07-06T22:20:50.914988+02:00;standby;26.0;37.9;5.0;28.0;56.8;57.0;0;0;0;0;16362.58;11280.08;5082.51;32429.705
2026-07-06T22:21:51.354842+02:00;standby;26.0;37.9;5.0;28.0;56.8;57.0;0;0;0;0;16362.58;11280.08;5082.51;32429.705
2026-07-06T22:22:51.814838+02:00;standby;26.0;37.9;5.0;28.0;56.8;57.0;0;0;0;0;16362.58;11280.08;5082.51;32429.705
2026-07-06T22:23:52.271884+02:00;standby;26.0;37.8;5.0;28.0;56.8;57.0;0;0;0;0;16362.58;11280.08;5082.51;32429.705
2026-07-06T22:24:53.057965+02:00;standby;26.0;37.8;5.0;28.0;56.8;57.0;0;0;0;0;16362.58;11280.08;5082.51;32429.705
2026-07-06T22:25:53.473855+02:00;standby;26.0;37.8;5.0;28.0;56.8;57.0;0;0;0;0;16362.58;11280.08;5082.51;32429.705
2026-07-06T22:26:53.985478+02:00;standby;26.0;37.7;5.0;28.0;56.7;57.0;0;0;0;0;16362.58;11280.08;5082.51;32429.705
2026-07-06T22:27:54.569255+02:00;standby;26.0;37.7;5.0;28.0;56.7;57.0;0;0;0;0;16362.58;11280.08;5082.51;32429.705
2026-07-06T22:28:55.087407+02:00;standby;26.0;37.5;5.0;28.0;56.7;57.0;0;0;0;0;16362.58;11280.08;5082.51;32429.705
2026-07-06T22:29:55.505740+02:00;standby;26.0;37.5;5.0;28.0;56.7;57.0;0;0;0;0;16362.58;11280.08;5082.51;32429.705
2026-07-06T22:30:56.011038+02:00;standby;26.0;37.5;5.0;28.0;56.7;57.0;0;0;0;0;16362.58;11280.08;5082.51;32429.705
2026-07-06T22:31:56.435835+02:00;standby;24.4;37.5;5.0;28.0;56.7;57.0;0;0;0;0;16362.58;11280.08;5082.51;32429.705
2026-07-06T22:32:57.024869+02:00;standby;24.4;37.4;5.0;28.0;56.7;57.0;0;0;0;0;16362.58;11280.08;5082.51;32429.705
2026-07-06T22:33:57.470003+02:00;standby;24.4;37.4;5.0;28.0;56.7;57.0;0;0;0;0;16362.58;11280.08;5082.51;32429.705
2026-07-06T22:34:57.898510+02:00;standby;24.4;37.4;5.0;28.0;56.7;57.0;0;0;0;0;16362.58;11280.08;5082.51;32429.705
2026-07-06T22:35:58.872429+02:00;standby;24.4;37.3;5.0;28.0;56.7;57.0;0;0;0;0;16362.58;11280.08;5082.51;32429.705
2026-07-06T22:36:59.331007+02:00;standby;24.4;37.3;5.0;28.0;56.7;57.0;0;0;0;0;16362.58;11280.08;5082.51;32429.705
2026-07-06T22:37:59.806536+02:00;standby;24.4;37.2;5.0;28.0;56.6;57.0;0;0;0;0;16362.58;11280.08;5082.51;32429.705
2026-07-06T22:39:00.413552+02:00;standby;24.4;37.2;5.0;28.0;56.6;57.0;0;0;0;0;16362.58;11280.08;5082.51;32429.705
2026-07-06T22:40:00.888188+02:00;standby;24.4;37.2;5.0;28.0;56.6;57.0;0;0;0;0;16362.58;11280.08;5082.51;32429.705
2026-07-06T22:41:01.314513+02:00;standby;24.4;37.0;5.0;28.0;56.6;57.0;0;0;0;0;16362.58;11280.08;5082.51;32429.705
2026-07-06T22:42:01.777302+02:00;standby;24.4;37.0;5.0;28.0;56.6;57.0;0;0;0;0;16362.58;11280.08;5082.51;32429.705
2026-07-06T22:43:02.371044+02:00;standby;24.4;37.0;5.0;28.0;56.6;57.0;0;0;0;0;16362.58;11280.08;5082.51;32429.705
2026-07-06T22:44:02.935354+02:00;standby;24.4;36.9;5.0;28.0;56.6;57.0;0;0;0;0;16362.58;11280.08;5082.51;32429.705
2026-07-06T22:45:03.376937+02:00;standby;24.4;36.9;5.0;28.0;56.6;57.0;0;0;0;0;16362.58;11280.08;5082.51;32429.705
2026-07-06T22:46:03.780439+02:00;standby;24.4;36.9;5.0;28.0;56.6;57.0;0;0;0;0;16362.58;11280.08;5082.51;32429.705
2026-07-06T22:47:04.211980+02:00;standby;24.4;36.9;5.0;28.0;56.6;57.0;0;0;0;0;16362.58;11280.08;5082.51;32429.705
2026-07-06T22:48:04.797827+02:00;standby;24.4;36.8;5.0;28.0;56.5;57.0;0;0;0;0;16362.58;11280.08;5082.51;32429.705
2026-07-06T22:49:05.261880+02:00;standby;24.4;36.8;5.0;28.0;56.5;57.0;0;0;0;0;16362.58;11280.08;5082.51;32429.705
2026-07-06T22:50:06.438879+02:00;standby;24.4;36.7;5.0;28.0;56.5;57.0;0;0;0;0;16362.58;11280.08;5082.51;32429.705
2026-07-06T22:51:06.903496+02:00;standby;24.4;36.7;5.0;28.0;56.5;57.0;0;0;0;0;16362.58;11280.08;5082.51;32429.705
2026-07-06T22:52:07.368833+02:00;standby;24.4;36.7;5.0;28.0;56.5;57.0;0;0;0;0;16362.58;11280.08;5082.51;32429.705
2026-07-06T22:53:07.854348+02:00;standby;24.4;36.5;5.0;28.0;56.5;57.0;0;0;0;0;16362.58;11280.08;5082.51;32429.705
2026-07-06T22:54:08.311736+02:00;standby;24.4;36.5;5.0;28.0;56.5;57.0;0;0;0;0;16362.58;11280.08;5082.51;32429.705
2026-07-06T22:55:08.782153+02:00;standby;24.4;36.5;5.0;28.0;56.5;57.0;0;0;0;0;16362.58;11280.08;5082.51;32429.705
2026-07-06T22:56:09.363917+02:00;standby;24.4;36.5;5.0;28.0;56.5;57.0;0;0;0;0;16362.58;11280.08;5082.51;32429.705
2026-07-06T22:57:09.899533+02:00;standby;24.4;36.4;5.0;28.0;56.5;57.0;0;0;0;0;16362.58;11280.08;5082.51;32429.705
2026-07-06T22:58:10.357516+02:00;standby;24.4;36.4;5.0;28.0;56.5;57.0;0;0;0;0;16362.58;11280.08;5082.51;32429.705
2026-07-06T22:59:10.811121+02:00;standby;24.4;36.4;5.0;28.0;56.4;57.0;0;0;0;0;16362.58;11280.08;5082.51;32429.705
2026-07-06T23:00:11.304754+02:00;standby;24.4;36.3;5.0;28.0;56.4;57.0;0;0;0;0;16362.58;11280.08;5082.51;32429.705
2026-07-06T23:01:12.019015+02:00;standby;24.4;36.3;5.0;25.0;56.4;57.0;0;0;0;0;16362.58;11280.08;5082.51;32429.705
2026-07-06T23:02:12.724484+02:00;standby;24.4;36.3;5.0;25.0;56.4;57.0;0;0;0;0;16362.58;11280.08;5082.51;32429.705
2026-07-06T23:03:13.243149+02:00;standby;24.4;36.2;5.0;25.0;56.4;57.0;0;0;0;0;16362.58;11280.08;5082.51;32429.705
2026-07-06T23:04:14.232618+02:00;standby;24.4;36.2;5.0;25.0;56.4;57.0;0;0;0;0;16362.58;11280.08;5082.51;32429.705
2026-07-06T23:05:14.686196+02:00;standby;24.4;36.2;5.0;25.0;56.4;57.0;0;0;0;0;16362.58;11280.08;5082.51;32429.705
2026-07-06T23:06:15.183401+02:00;standby;24.4;36.2;5.0;25.0;56.4;57.0;0;0;0;0;16362.58;11280.08;5082.51;32429.705
2026-07-06T23:07:15.678485+02:00;standby;24.4;36.0;5.0;25.0;56.4;57.0;0;0;0;0;16362.58;11280.08;5082.51;32429.705
2026-07-06T23:08:16.145520+02:00;standby;24.4;36.0;5.0;25.0;56.4;57.0;0;0;0;0;16362.58;11280.08;5082.51;32429.705
2026-07-06T23:09:16.616231+02:00;standby;24.4;36.0;5.0;25.0;56.3;57.0;0;0;0;0;16362.58;11280.08;5082.51;32429.705
2026-07-06T23:10:17.051267+02:00;standby;24.4;35.9;5.0;25.0;56.3;57.0;0;0;0;0;16362.58;11280.08;5082.51;32429.705
2026-07-06T23:11:17.514012+02:00;standby;24.4;35.9;5.0;25.0;56.3;57.0;0;0;0;0;16362.58;11280.08;5082.51;32429.705
2026-07-06T23:12:18.137270+02:00;standby;24.4;35.9;5.0;25.0;56.3;57.0;0;0;0;0;16362.58;11280.08;5082.51;32429.705
2026-07-06T23:13:18.896442+02:00;standby;24.4;35.9;5.0;25.0;56.3;57.0;0;0;0;0;16362.58;11280.08;5082.51;32429.705
2026-07-06T23:14:19.380437+02:00;standby;24.4;35.8;5.0;25.0;56.3;57.0;0;0;0;0;16362.58;11280.08;5082.51;32429.705
2026-07-06T23:15:19.832466+02:00;standby;24.4;35.8;5.0;25.0;56.3;57.0;0;0;0;0;16362.58;11280.08;5082.51;32429.705
2026-07-06T23:16:20.408103+02:00;standby;24.4;35.8;5.0;25.0;56.3;57.0;0;0;0;0;16362.58;11280.08;5082.51;32429.705
2026-07-06T23:17:20.880539+02:00;standby;24.4;35.7;5.0;25.0;56.3;57.0;0;0;0;0;16362.58;11280.08;5082.51;32429.705
2026-07-06T23:18:21.590439+02:00;standby;24.4;35.7;5.0;25.0;56.3;57.0;0;0;0;0;16362.58;11280.08;5082.51;32429.705
2026-07-06T23:19:22.019703+02:00;standby;24.4;35.7;5.0;25.0;56.2;57.0;0;0;0;0;16362.58;11280.08;5082.51;32429.705
2026-07-06T23:20:22.432547+02:00;standby;24.4;35.6;5.0;25.0;56.2;57.0;0;0;0;0;16362.58;11280.08;5082.51;32429.705
2026-07-06T23:21:22.861899+02:00;standby;24.4;35.6;5.0;25.0;56.2;57.0;0;0;0;0;16362.58;11280.08;5082.51;32429.705
2026-07-06T23:22:23.673797+02:00;standby;24.4;35.6;5.0;25.0;56.2;57.0;0;0;0;0;16362.58;11280.08;5082.51;32429.705
2026-07-06T23:23:24.108095+02:00;standby;24.4;35.6;5.0;25.0;56.2;57.0;0;0;0;0;16362.58;11280.08;5082.51;32429.705
2026-07-06T23:24:25.080240+02:00;standby;24.4;35.6;5.0;25.0;56.2;57.0;0;0;0;0;16362.58;11280.08;5082.51;32429.705
2026-07-06T23:25:25.584230+02:00;standby;24.4;35.4;5.0;25.0;56.2;57.0;0;0;0;0;16362.58;11280.08;5082.51;32429.705
2026-07-06T23:26:26.006026+02:00;standby;24.4;35.4;5.0;25.0;56.2;57.0;0;0;0;0;16362.58;11280.08;5082.51;32429.705
2026-07-06T23:27:26.471393+02:00;standby;24.4;35.4;5.0;25.0;56.2;57.0;0;0;0;0;16362.58;11280.08;5082.51;32429.705
2026-07-06T23:28:26.907489+02:00;standby;24.4;35.3;5.0;25.0;56.2;57.0;0;0;0;0;16362.58;11280.08;5082.51;32429.705
2026-07-06T23:29:27.364242+02:00;standby;24.4;35.3;5.0;25.0;56.2;57.0;0;0;0;0;16362.58;11280.08;5082.51;32429.705
2026-07-06T23:30:28.000255+02:00;standby;24.4;35.3;5.0;25.0;56.1;57.0;0;0;0;0;16362.58;11280.08;5082.51;32429.705
2026-07-06T23:31:28.450444+02:00;standby;24.4;35.3;5.0;25.0;56.1;57.0;0;0;0;0;16362.58;11280.08;5082.51;32429.705
2026-07-06T23:32:28.881018+02:00;standby;23.2;35.2;5.0;25.0;56.1;57.0;0;0;0;0;16362.58;11280.08;5082.51;32429.705
2026-07-06T23:33:29.345709+02:00;standby;23.2;35.2;5.0;25.0;56.1;57.0;0;0;0;0;16362.58;11280.08;5082.51;32429.705
2026-07-06T23:34:29.812473+02:00;standby;23.2;35.2;5.0;25.0;56.1;57.0;0;0;0;0;16362.58;11280.08;5082.51;32429.705
2026-07-06T23:35:30.233582+02:00;standby;23.2;35.2;5.0;25.0;56.1;57.0;0;0;0;0;16362.58;11280.08;5082.51;32429.705
2026-07-06T23:36:30.798185+02:00;standby;23.2;35.1;5.0;25.0;56.1;57.0;0;0;0;0;16362.58;11280.08;5082.51;32429.705
2026-07-06T23:37:31.258728+02:00;standby;23.2;35.1;5.0;25.0;56.1;57.0;0;0;0;0;16362.58;11280.08;5082.51;32429.705
2026-07-06T23:38:31.735465+02:00;standby;23.2;35.1;5.0;25.0;55.9;57.0;0;0;0;0;16362.58;11280.08;5082.51;32429.705
2026-07-06T23:39:32.359627+02:00;standby;23.2;35.1;5.0;25.0;55.7;57.0;0;0;0;0;16362.58;11280.08;5082.51;32429.705
2026-07-06T23:40:32.786507+02:00;standby;23.2;34.9;5.0;25.0;55.6;57.0;0;0;0;0;16362.58;11280.08;5082.51;32429.705
2026-07-06T23:41:33.551376+02:00;standby;23.2;34.9;5.0;25.0;55.6;57.0;0;0;0;0;16362.58;11280.08;5082.51;32429.705
2026-07-06T23:42:33.966938+02:00;standby;23.2;34.9;5.0;25.0;55.5;57.0;0;0;0;0;16362.58;11280.08;5082.51;32429.705
2026-07-06T23:43:34.416950+02:00;standby;23.2;34.9;5.0;25.0;55.5;57.0;0;0;0;0;16362.58;11280.08;5082.51;32429.705
2026-07-06T23:44:34.954647+02:00;standby;23.2;34.8;5.0;25.0;55.5;57.0;0;0;0;0;16362.58;11280.08;5082.51;32429.705
2026-07-06T23:45:35.424399+02:00;standby;23.2;34.8;5.0;25.0;55.5;10.0;0;0;0;0;16362.58;11280.08;5082.51;32429.705
2026-07-06T23:46:35.948496+02:00;standby;23.2;34.8;5.0;25.0;55.5;10.0;0;0;0;0;16362.58;11280.08;5082.51;32429.705
2026-07-06T23:47:37.731442+02:00;standby;23.2;34.8;5.0;25.0;55.5;10.0;0;0;0;0;16362.58;11280.08;5082.51;32429.705
2026-07-06T23:48:38.194732+02:00;standby;23.2;34.7;5.0;25.0;55.4;10.0;0;0;0;0;16362.58;11280.08;5082.51;32429.705
2026-07-06T23:49:38.679522+02:00;standby;23.2;34.7;5.0;25.0;55.4;10.0;0;0;0;0;16362.58;11280.08;5082.51;32429.705
2026-07-06T23:50:39.142160+02:00;standby;23.2;34.7;5.0;25.0;55.4;10.0;0;0;0;0;16362.58;11280.08;5082.51;32429.705
2026-07-06T23:51:40.492369+02:00;standby;23.2;34.7;5.0;25.0;55.4;10.0;0;0;0;0;16362.58;11280.08;5082.51;32429.705
2026-07-06T23:52:40.983287+02:00;standby;23.2;34.6;5.0;25.0;55.4;10.0;0;0;0;0;16362.58;11280.08;5082.51;32429.705
2026-07-06T23:53:41.428397+02:00;standby;23.2;34.6;5.0;25.0;55.4;10.0;0;0;0;0;16362.58;11280.08;5082.51;32429.705
2026-07-06T23:54:42.037075+02:00;standby;23.2;34.6;5.0;25.0;55.4;10.0;0;0;0;0;16362.58;11280.08;5082.51;32429.705
2026-07-06T23:55:42.633045+02:00;standby;23.2;34.6;5.0;25.0;55.4;10.0;0;0;0;0;16362.58;11280.08;5082.51;32429.705
2026-07-06T23:56:43.330048+02:00;standby;23.2;34.4;5.0;25.0;55.4;10.0;0;0;0;0;16362.58;11280.08;5082.51;32429.705
2026-07-06T23:57:43.809969+02:00;standby;23.2;34.4;5.0;25.0;55.3;10.0;0;0;0;0;16362.58;11280.08;5082.51;32429.705
2026-07-06T23:58:44.635871+02:00;standby;23.2;34.4;5.0;25.0;55.3;10.0;0;0;0;0;16362.58;11280.08;5082.51;32429.705
2026-07-06T23:59:45.080213+02:00;standby;23.2;34.4;5.0;25.0;55.3;10.0;0;0;0;0;16362.58;11280.08;5082.51;32429.705
2026-07-07T00:00:45.917923+02:00;standby;23.2;34.4;5.0;25.0;55.3;10.0;0;0;0;0;16362.58;11280.08;5082.51;32429.705
2026-07-07T00:01:46.435947+02:00;standby;23.2;34.3;5.0;25.0;55.3;10.0;0;0;0;0;16362.58;11280.08;5082.51;32429.705
2026-07-07T00:02:46.984576+02:00;standby;23.2;34.3;5.0;25.0;55.3;10.0;0;0;0;0;16362.58;11280.08;5082.51;32429.705
2026-07-07T00:03:47.480956+02:00;standby;23.2;34.3;5.0;25.0;55.3;10.0;0;0;0;0;16362.58;11280.08;5082.51;32429.705
2026-07-07T00:04:50.929605+02:00;standby;23.2;34.3;5.0;25.0;55.2;10.0;0;0;0;0;16362.58;11280.08;5082.51;32429.705
2026-07-07T00:05:52.250957+02:00;standby;23.2;34.2;5.0;25.0;55.3;10.0;0;0;0;0;16362.58;11280.08;5082.51;32429.705
2026-07-07T00:06:52.670540+02:00;standby;23.2;34.2;5.0;25.0;55.2;10.0;0;0;0;0;16362.58;11280.08;5082.51;32429.705
2026-07-07T00:07:53.238168+02:00;standby;23.2;34.2;5.0;25.0;55.2;10.0;0;0;0;0;16362.58;11280.08;5082.51;32429.705
2026-07-07T00:08:53.705945+02:00;standby;23.2;34.2;5.0;25.0;55.2;10.0;0;0;0;0;16362.58;11280.08;5082.51;32429.705
2026-07-07T00:09:54.187357+02:00;standby;23.2;34.1;5.0;25.0;55.2;10.0;0;0;0;0;16362.58;11280.08;5082.51;32429.705
2026-07-07T00:10:54.721450+02:00;standby;23.2;34.1;5.0;25.0;55.2;10.0;0;0;0;0;16362.58;11280.08;5082.51;32429.705
2026-07-07T00:11:55.223235+02:00;standby;23.2;34.1;5.0;25.0;55.2;10.0;0;0;0;0;16362.58;11280.08;5082.51;32429.705
2026-07-07T00:12:55.751008+02:00;standby;23.2;34.1;5.0;25.0;55.2;10.0;0;0;0;0;16362.58;11280.08;5082.51;32429.705
2026-07-07T00:13:56.206387+02:00;standby;23.2;34.1;5.0;25.0;55.1;10.0;0;0;0;0;16362.58;11280.08;5082.51;32429.705
2026-07-07T00:14:57.753792+02:00;standby;23.2;34.0;5.0;25.0;55.1;10.0;0;0;0;0;16362.58;11280.08;5082.51;32429.705
2026-07-07T00:15:58.177971+02:00;standby;23.2;34.0;5.0;25.0;55.1;10.0;0;0;0;0;16362.58;11280.08;5082.51;32429.705
2026-07-07T00:16:58.894302+02:00;standby;23.2;34.0;5.0;25.0;55.1;10.0;0;0;0;0;16362.58;11280.08;5082.51;32429.705
2026-07-07T00:17:59.354286+02:00;standby;23.2;34.0;5.0;25.0;55.1;10.0;0;0;0;0;16362.58;11280.08;5082.51;32429.705
2026-07-07T00:18:59.820747+02:00;standby;23.2;34.0;5.0;25.0;55.1;10.0;0;0;0;0;16362.58;11280.08;5082.51;32429.705
2026-07-07T00:20:01.919884+02:00;standby;23.2;33.8;5.0;25.0;55.1;10.0;0;0;0;0;16362.58;11280.08;5082.51;32429.705
2026-07-07T00:21:02.341783+02:00;standby;23.2;33.8;5.0;25.0;55.1;10.0;0;0;0;0;16362.58;11280.08;5082.51;32429.705
2026-07-07T00:22:02.915610+02:00;standby;23.2;33.8;5.0;25.0;55.1;10.0;0;0;0;0;16362.58;11280.08;5082.51;32429.705
2026-07-07T00:23:03.381865+02:00;standby;23.2;33.8;5.0;25.0;54.9;10.0;0;0;0;0;16362.58;11280.08;5082.51;32429.705
2026-07-07T00:24:04.475435+02:00;standby;23.2;33.7;5.0;25.0;54.9;10.0;0;0;0;0;16362.58;11280.08;5082.51;32429.705
2026-07-07T00:25:04.897545+02:00;standby;23.2;33.7;5.0;25.0;54.9;10.0;0;0;0;0;16362.58;11280.08;5082.51;32429.705
2026-07-07T00:26:05.304422+02:00;standby;23.2;33.7;5.0;25.0;54.9;10.0;0;0;0;0;16362.58;11280.08;5082.51;32429.705
2026-07-07T00:27:06.132261+02:00;standby;23.2;33.7;5.0;25.0;54.9;10.0;0;0;0;0;16362.58;11280.08;5082.51;32429.705
2026-07-07T00:28:06.595162+02:00;standby;23.2;33.7;5.0;25.0;54.9;10.0;0;0;0;0;16362.58;11280.08;5082.51;32429.705
2026-07-07T00:29:07.623889+02:00;standby;23.2;33.6;5.0;25.0;54.9;10.0;0;0;0;0;16362.58;11280.08;5082.51;32429.705
2026-07-07T00:30:08.100118+02:00;standby;23.2;33.6;5.0;25.0;54.9;10.0;0;0;0;0;16362.58;11280.08;5082.51;32429.705
2026-07-07T00:31:08.555693+02:00;standby;23.2;33.6;5.0;25.0;54.9;10.0;0;0;0;0;16362.58;11280.08;5082.51;32429.705
2026-07-07T00:32:09.076097+02:00;standby;23.2;33.6;5.0;25.0;54.8;10.0;0;0;0;0;16362.58;11280.08;5082.51;32429.705
2026-07-07T00:33:09.549026+02:00;standby;22.2;33.6;5.0;25.0;54.8;10.0;0;0;0;0;16362.58;11280.08;5082.51;32429.705
2026-07-07T00:34:10.689043+02:00;standby;22.2;33.5;5.0;25.0;54.8;10.0;0;0;0;0;16362.58;11280.08;5082.51;32429.705
2026-07-07T00:35:11.216054+02:00;standby;22.2;33.5;5.0;25.0;54.8;10.0;0;0;0;0;16362.58;11280.08;5082.51;32429.705
2026-07-07T00:36:11.629235+02:00;standby;22.2;33.5;5.0;25.0;54.8;10.0;0;0;0;0;16362.58;11280.08;5082.51;32429.705
2026-07-07T00:37:12.146654+02:00;standby;22.2;33.5;5.0;25.0;54.8;10.0;0;0;0;0;16362.58;11280.08;5082.51;32429.705
2026-07-07T00:38:12.807521+02:00;standby;22.2;33.5;5.0;25.0;54.8;10.0;0;0;0;0;16362.58;11280.08;5082.51;32429.705
2026-07-07T00:39:13.352077+02:00;standby;22.2;33.5;5.0;25.0;54.8;10.0;0;0;0;0;16362.58;11280.08;5082.51;32429.705
2026-07-07T00:40:13.954449+02:00;standby;22.2;33.3;5.0;25.0;54.8;10.0;0;0;0;0;16362.58;11280.08;5082.51;32429.705
2026-07-07T00:41:17.088439+02:00;standby;22.2;33.3;5.0;25.0;54.7;10.0;0;0;0;0;16362.58;11280.08;5082.51;32429.705
2026-07-07T00:42:17.542700+02:00;standby;22.2;33.3;5.0;25.0;54.7;10.0;0;0;0;0;16362.58;11280.08;5082.51;32429.705
2026-07-07T00:43:18.183631+02:00;standby;22.2;33.3;5.0;25.0;54.7;10.0;0;0;0;0;16362.58;11280.08;5082.51;32429.705
2026-07-07T00:44:18.655061+02:00;standby;22.2;33.3;5.0;25.0;54.7;10.0;0;0;0;0;16362.58;11280.08;5082.51;32429.705
2026-07-07T00:45:19.680893+02:00;standby;22.2;33.2;5.0;25.0;54.7;10.0;0;0;0;0;16362.58;11280.08;5082.51;32429.705
2026-07-07T00:46:20.093076+02:00;standby;22.2;33.2;5.0;25.0;54.7;10.0;0;0;0;0;16362.58;11280.08;5082.51;32429.705
2026-07-07T00:47:20.712804+02:00;standby;22.2;33.2;5.0;25.0;54.7;10.0;0;0;0;0;16362.58;11280.08;5082.51;32429.705
2026-07-07T00:48:21.214196+02:00;standby;22.2;33.2;5.0;25.0;54.7;10.0;0;0;0;0;16362.58;11280.08;5082.51;32429.705
2026-07-07T00:49:21.764401+02:00;standby;22.2;33.1;5.0;25.0;54.6;10.0;0;0;0;0;16362.58;11280.08;5082.51;32429.705
2026-07-07T00:50:22.251125+02:00;standby;22.2;33.1;5.0;25.0;54.6;10.0;0;0;0;0;16362.58;11280.08;5082.51;32429.705
2026-07-07T00:51:22.953883+02:00;standby;22.2;33.1;5.0;25.0;54.6;10.0;0;0;0;0;16362.58;11280.08;5082.51;32429.705
2026-07-07T00:52:23.455053+02:00;standby;22.2;33.1;5.0;25.0;54.6;10.0;0;0;0;0;16362.58;11280.08;5082.51;32429.705
2026-07-07T00:53:24.283483+02:00;standby;22.2;33.1;5.0;25.0;54.6;10.0;0;0;0;0;16362.58;11280.08;5082.51;32429.705
2026-07-07T00:54:24.797739+02:00;standby;22.2;33.1;5.0;25.0;54.6;10.0;0;0;0;0;16362.58;11280.08;5082.51;32429.705
2026-07-07T00:55:25.565449+02:00;standby;22.2;33.1;5.0;25.0;54.6;10.0;0;0;0;0;16362.58;11280.08;5082.51;32429.705
2026-07-07T00:56:26.008507+02:00;standby;22.2;33.0;5.0;25.0;54.6;10.0;0;0;0;0;16362.58;11280.08;5082.51;32429.705
2026-07-07T00:57:26.465846+02:00;standby;22.2;33.0;5.0;25.0;54.6;10.0;0;0;0;0;16362.58;11280.08;5082.51;32429.705
2026-07-07T00:58:27.046752+02:00;standby;22.2;33.0;5.0;25.0;54.5;10.0;0;0;0;0;16362.58;11280.08;5082.51;32429.705
2026-07-07T00:59:27.616850+02:00;standby;22.2;33.0;5.0;25.0;54.5;10.0;0;0;0;0;16362.58;11280.08;5082.51;32429.705
2026-07-07T01:00:28.125119+02:00;standby;22.2;33.0;5.0;25.0;54.5;10.0;0;0;0;0;16362.58;11280.08;5082.51;32429.705
2026-07-07T01:01:28.741509+02:00;standby;22.2;33.0;5.0;25.0;54.5;10.0;0;0;0;0;16362.58;11280.08;5082.51;32429.705
2026-07-07T01:02:29.361792+02:00;standby;22.2;32.8;5.0;25.0;54.5;10.0;0;0;0;0;16362.58;11280.08;5082.51;32429.705
2026-07-07T01:03:29.792750+02:00;standby;22.2;32.8;5.0;25.0;54.5;10.0;0;0;0;0;16362.58;11280.08;5082.51;32429.705
2026-07-07T01:04:30.363025+02:00;standby;22.2;32.8;5.0;25.0;54.5;10.0;0;0;0;0;16362.58;11280.08;5082.51;32429.705
2026-07-07T01:05:30.890657+02:00;standby;22.2;32.8;5.0;25.0;54.5;10.0;0;0;0;0;16362.58;11280.08;5082.51;32429.705
2026-07-07T01:06:31.714348+02:00;standby;22.2;32.8;5.0;25.0;54.5;10.0;0;0;0;0;16362.58;11280.08;5082.51;32429.705
2026-07-07T01:07:32.287901+02:00;standby;22.2;32.8;5.0;25.0;54.5;10.0;0;0;0;0;16362.58;11280.08;5082.51;32429.705
2026-07-07T01:08:32.835619+02:00;standby;22.2;32.7;5.0;25.0;54.4;10.0;0;0;0;0;16362.58;11280.08;5082.51;32429.705
2026-07-07T01:09:33.345297+02:00;standby;22.2;32.7;5.0;25.0;54.4;10.0;0;0;0;0;16362.58;11280.08;5082.51;32429.705
2026-07-07T01:10:33.792848+02:00;standby;22.2;32.7;5.0;25.0;54.4;10.0;0;0;0;0;16362.58;11280.08;5082.51;32429.705
2026-07-07T01:11:34.206372+02:00;standby;22.2;32.7;5.0;25.0;54.4;10.0;0;0;0;0;16362.58;11280.08;5082.51;32429.705
2026-07-07T01:12:34.970884+02:00;standby;22.2;32.7;5.0;25.0;54.4;10.0;0;0;0;0;16362.58;11280.08;5082.51;32429.705
2026-07-07T01:13:35.493517+02:00;standby;22.2;32.6;5.0;25.0;54.4;10.0;0;0;0;0;16362.58;11280.08;5082.51;32429.705
2026-07-07T01:14:36.016804+02:00;standby;22.2;32.6;5.0;25.0;54.4;10.0;0;0;0;0;16362.58;11280.08;5082.51;32429.705
2026-07-07T01:15:36.562102+02:00;standby;22.2;32.6;5.0;25.0;54.4;10.0;0;0;0;0;16362.58;11280.08;5082.51;32429.705
2026-07-07T01:16:37.008143+02:00;standby;22.2;32.6;5.0;25.0;54.3;10.0;0;0;0;0;16362.58;11280.08;5082.51;32429.705
2026-07-07T01:17:37.920079+02:00;standby;22.2;32.6;5.0;25.0;54.3;10.0;0;0;0;0;16362.58;11280.08;5082.51;32429.705
2026-07-07T01:18:38.490058+02:00;standby;22.2;32.6;5.0;25.0;54.3;10.0;0;0;0;0;16362.58;11280.08;5082.51;32429.705
2026-07-07T01:19:40.664138+02:00;standby;22.2;32.5;5.0;25.0;54.3;10.0;0;0;0;0;16362.58;11280.08;5082.51;32429.705
2026-07-07T01:20:41.176449+02:00;standby;22.2;32.5;5.0;25.0;54.3;10.0;0;0;0;0;16362.58;11280.08;5082.51;32429.705
2026-07-07T01:21:41.693811+02:00;standby;22.2;32.5;5.0;25.0;54.3;10.0;0;0;0;0;16362.58;11280.08;5082.51;32429.705
2026-07-07T01:22:42.233019+02:00;standby;22.2;32.5;5.0;25.0;54.3;10.0;0;0;0;0;16362.58;11280.08;5082.51;32429.705
2026-07-07T01:23:42.692219+02:00;standby;22.2;32.5;5.0;25.0;54.3;10.0;0;0;0;0;16362.58;11280.08;5082.51;32429.705
2026-07-07T01:24:43.143390+02:00;standby;22.2;32.5;5.0;25.0;54.3;10.0;0;0;0;0;16362.58;11280.08;5082.51;32429.705
2026-07-07T01:25:43.975725+02:00;standby;22.2;32.5;5.0;25.0;54.2;10.0;0;0;0;0;16362.58;11280.08;5082.51;32429.705
2026-07-07T01:26:44.488650+02:00;standby;22.2;32.3;5.0;25.0;54.2;10.0;0;0;0;0;16362.58;11280.08;5082.51;32429.705
2026-07-07T01:27:45.008312+02:00;standby;22.2;32.3;5.0;25.0;54.2;10.0;0;0;0;0;16362.58;11280.08;5082.51;32429.705
2026-07-07T01:28:45.627586+02:00;standby;22.2;32.3;5.0;25.0;54.2;10.0;0;0;0;0;16362.58;11280.08;5082.51;32429.705
2026-07-07T01:29:46.152854+02:00;standby;22.2;32.3;5.0;25.0;54.2;10.0;0;0;0;0;16362.58;11280.08;5082.51;32429.705
2026-07-07T01:30:46.869274+02:00;standby;22.2;32.3;5.0;25.0;54.2;10.0;0;0;0;0;16362.58;11280.08;5082.51;32429.705
2026-07-07T01:31:47.409717+02:00;standby;22.2;32.3;5.0;25.0;54.2;10.0;0;0;0;0;16362.58;11280.08;5082.51;32429.705
2026-07-07T01:32:47.980819+02:00;standby;22.2;32.2;5.0;25.0;54.2;10.0;0;0;0;0;16362.58;11280.08;5082.51;32429.705
2026-07-07T01:33:48.537438+02:00;standby;22.0;32.2;5.0;25.0;54.2;10.0;0;0;0;0;16362.58;11280.08;5082.51;32429.705
2026-07-07T01:34:49.050405+02:00;standby;22.0;32.2;5.0;25.0;54.1;10.0;0;0;0;0;16362.58;11280.08;5082.51;32429.705
2026-07-07T01:35:50.119752+02:00;standby;22.0;32.2;5.0;25.0;54.1;10.0;0;0;0;0;16362.58;11280.08;5082.51;32429.705
2026-07-07T01:36:50.601000+02:00;standby;22.0;32.2;5.0;25.0;54.1;10.0;0;0;0;0;16362.58;11280.08;5082.51;32429.705
2026-07-07T01:37:51.089725+02:00;standby;22.0;32.2;5.0;25.0;54.1;10.0;0;0;0;0;16362.58;11280.08;5082.51;32429.705
2026-07-07T01:38:51.608708+02:00;standby;22.0;32.1;5.0;25.0;54.1;10.0;0;0;0;0;16362.58;11280.08;5082.51;32429.705
2026-07-07T01:39:52.099078+02:00;standby;22.0;32.1;5.0;25.0;54.1;10.0;0;0;0;0;16362.58;11280.08;5082.51;32429.705
2026-07-07T01:40:52.710544+02:00;standby;22.0;32.1;5.0;25.0;54.1;10.0;0;0;0;0;16362.58;11280.08;5082.51;32429.705
2026-07-07T01:41:53.251816+02:00;standby;22.0;32.1;5.0;25.0;54.1;10.0;0;0;0;0;16362.58;11280.08;5082.51;32429.705
2026-07-07T01:42:53.923710+02:00;standby;22.0;32.1;5.0;25.0;54.1;10.0;0;0;0;0;16362.58;11280.08;5082.51;32429.705
2026-07-07T01:43:54.444873+02:00;standby;22.0;32.1;5.0;25.0;54.0;10.0;0;0;0;0;16362.58;11280.08;5082.51;32429.705
2026-07-07T01:44:54.913204+02:00;standby;22.0;32.1;5.0;25.0;54.0;10.0;0;0;0;0;16362.58;11280.08;5082.51;32429.705
2026-07-07T01:45:55.375877+02:00;standby;22.0;32.0;5.0;25.0;54.0;10.0;0;0;0;0;16362.58;11280.08;5082.51;32429.705
2026-07-07T01:46:56.480526+02:00;standby;22.0;32.0;5.0;25.0;54.0;10.0;0;0;0;0;16362.58;11280.08;5082.51;32429.705
2026-07-07T01:47:57.075253+02:00;standby;22.0;32.0;5.0;25.0;54.0;10.0;0;0;0;0;16362.58;11280.08;5082.51;32429.705
2026-07-07T01:48:57.519313+02:00;standby;22.0;32.0;5.0;25.0;54.0;10.0;0;0;0;0;16362.58;11280.08;5082.51;32429.705
2026-07-07T01:49:58.176356+02:00;standby;22.0;32.0;5.0;25.0;54.0;10.0;0;0;0;0;16362.58;11280.08;5082.51;32429.705
2026-07-07T01:50:58.898101+02:00;standby;22.0;32.0;5.0;25.0;54.0;10.0;0;0;0;0;16362.58;11280.08;5082.51;32429.705
2026-07-07T01:51:59.430629+02:00;standby;22.0;32.0;5.0;25.0;54.0;10.0;0;0;0;0;16362.58;11280.08;5082.51;32429.705
2026-07-07T01:52:59.971616+02:00;standby;22.0;31.9;5.0;25.0;53.9;10.0;0;0;0;0;16362.58;11280.08;5082.51;32429.705
2026-07-07T01:54:00.562612+02:00;standby;22.0;31.9;5.0;25.0;53.9;10.0;0;0;0;0;16362.58;11280.08;5082.51;32429.705
2026-07-07T01:55:01.072984+02:00;standby;22.0;31.9;5.0;25.0;53.9;10.0;0;0;0;0;16362.58;11280.08;5082.51;32429.705
2026-07-07T01:56:01.652045+02:00;standby;22.0;31.9;5.0;25.0;53.9;10.0;0;0;0;0;16362.58;11280.08;5082.51;32429.705
2026-07-07T01:57:02.349896+02:00;standby;22.0;31.9;5.0;25.0;53.9;10.0;0;0;0;0;16362.58;11280.08;5082.51;32429.705
2026-07-07T01:58:03.492937+02:00;standby;22.0;31.9;5.0;25.0;53.9;10.0;0;0;0;0;16362.58;11280.08;5082.51;32429.705
2026-07-07T01:59:04.175698+02:00;standby;22.0;31.9;5.0;25.0;53.9;10.0;0;0;0;0;16362.58;11280.08;5082.51;32429.705
2026-07-07T02:00:04.697428+02:00;standby;22.0;31.7;5.0;25.0;53.9;10.0;0;0;0;0;16362.58;11280.08;5082.51;32429.705
2026-07-07T02:01:05.355960+02:00;standby;22.0;31.7;5.0;25.0;53.8;10.0;0;0;0;0;16362.58;11280.08;5082.51;32429.705
2026-07-07T02:02:06.047744+02:00;standby;22.0;31.7;5.0;25.0;53.8;10.0;0;0;0;0;16362.58;11280.08;5082.51;32429.705
2026-07-07T02:03:06.592270+02:00;standby;22.0;31.7;5.0;25.0;53.8;10.0;0;0;0;0;16362.58;11280.08;5082.51;32429.705
2026-07-07T02:04:07.107937+02:00;standby;22.0;31.7;5.0;25.0;53.8;10.0;0;0;0;0;16362.58;11280.08;5082.51;32429.705
2026-07-07T02:05:07.635034+02:00;standby;22.0;31.7;5.0;25.0;53.8;10.0;0;0;0;0;16362.58;11280.08;5082.51;32429.705
2026-07-07T02:06:08.127164+02:00;standby;22.0;31.7;5.0;25.0;53.8;10.0;0;0;0;0;16362.58;11280.08;5082.51;32429.705
2026-07-07T02:07:08.651814+02:00;standby;22.0;31.7;5.0;25.0;53.8;10.0;0;0;0;0;16362.58;11280.08;5082.51;32429.705
2026-07-07T02:08:09.151413+02:00;standby;22.0;31.6;5.0;25.0;53.8;10.0;0;0;0;0;16362.58;11280.08;5082.51;32429.705
2026-07-07T02:09:09.568368+02:00;standby;22.0;31.6;5.0;25.0;53.8;10.0;0;0;0;0;16362.58;11280.08;5082.51;32429.705
2026-07-07T02:10:10.051025+02:00;standby;22.0;31.6;5.0;25.0;53.8;10.0;0;0;0;0;16362.58;11280.08;5082.51;32429.705
2026-07-07T02:11:10.838012+02:00;standby;22.0;31.6;5.0;25.0;53.7;10.0;0;0;0;0;16362.58;11280.08;5082.51;32429.705
2026-07-07T02:12:11.441784+02:00;standby;22.0;31.6;5.0;25.0;53.7;10.0;0;0;0;0;16362.58;11280.08;5082.51;32429.705
2026-07-07T02:13:11.965414+02:00;standby;22.0;31.5;5.0;25.0;53.7;10.0;0;0;0;0;16362.58;11280.08;5082.51;32429.705
2026-07-07T02:14:12.616818+02:00;standby;22.0;31.6;5.0;25.0;53.7;10.0;0;0;0;0;16362.58;11280.08;5082.51;32429.705
2026-07-07T02:15:13.037552+02:00;standby;22.0;31.6;5.0;25.0;53.7;10.0;0;0;0;0;16362.58;11280.08;5082.51;32429.705
2026-07-07T02:16:13.516972+02:00;standby;22.0;31.5;5.0;25.0;53.7;10.0;0;0;0;0;16362.58;11280.08;5082.51;32429.705
2026-07-07T02:17:14.162647+02:00;standby;22.0;31.5;5.0;25.0;53.7;10.0;0;0;0;0;16362.58;11280.08;5082.51;32429.705
2026-07-07T02:18:14.659939+02:00;standby;22.0;31.5;5.0;25.0;53.7;10.0;0;0;0;0;16362.58;11280.08;5082.51;32429.705
2026-07-07T02:19:15.177589+02:00;standby;22.0;31.5;5.0;25.0;53.7;10.0;0;0;0;0;16362.58;11280.08;5082.51;32429.705
2026-07-07T02:20:15.721091+02:00;standby;22.0;31.5;5.0;25.0;53.7;10.0;0;0;0;0;16362.58;11280.08;5082.51;32429.705
2026-07-07T02:21:16.255264+02:00;standby;22.0;31.5;5.0;25.0;53.6;10.0;0;0;0;0;16362.58;11280.08;5082.51;32429.705
2026-07-07T02:22:16.863889+02:00;standby;22.0;31.5;5.0;25.0;53.6;10.0;0;0;0;0;16362.58;11280.08;5082.51;32429.705
2026-07-07T02:23:17.758256+02:00;standby;22.0;31.5;5.0;25.0;53.6;10.0;0;0;0;0;16362.58;11280.08;5082.51;32429.705
2026-07-07T02:24:18.290371+02:00;standby;22.0;31.5;5.0;25.0;53.6;10.0;0;0;0;0;16362.58;11280.08;5082.51;32429.705
2026-07-07T02:25:18.821296+02:00;standby;22.0;31.4;5.0;25.0;53.6;10.0;0;0;0;0;16362.58;11280.08;5082.51;32429.705
2026-07-07T02:26:19.529830+02:00;standby;22.0;31.4;5.0;25.0;53.6;10.0;0;0;0;0;16362.58;11280.08;5082.51;32429.705
2026-07-07T02:27:22.013644+02:00;standby;22.0;31.4;5.0;25.0;53.6;10.0;0;0;0;0;16362.58;11280.08;5082.51;32429.705
2026-07-07T02:28:22.505030+02:00;standby;22.0;31.4;5.0;25.0;53.6;10.0;0;0;0;0;16362.58;11280.08;5082.51;32429.705
2026-07-07T02:29:23.501224+02:00;standby;22.0;31.4;5.0;25.0;53.5;10.0;0;0;0;0;16362.58;11280.08;5082.51;32429.705
2026-07-07T02:30:24.067990+02:00;standby;22.0;31.4;5.0;25.0;53.5;10.0;0;0;0;0;16362.58;11280.08;5082.51;32429.705
2026-07-07T02:31:24.595875+02:00;standby;22.0;31.4;5.0;25.0;53.5;10.0;0;0;0;0;16362.58;11280.08;5082.51;32429.705
2026-07-07T02:32:25.057889+02:00;standby;22.0;31.2;5.0;25.0;53.5;10.0;0;0;0;0;16362.58;11280.08;5082.51;32429.705
2026-07-07T02:33:25.537717+02:00;standby;22.0;31.2;5.0;25.0;53.5;10.0;0;0;0;0;16362.58;11280.08;5082.51;32429.705
2026-07-07T02:34:25.994359+02:00;standby;22.5;31.2;5.0;25.0;53.5;10.0;0;0;0;0;16362.58;11280.08;5082.51;32429.705
2026-07-07T02:35:26.656605+02:00;standby;22.5;31.2;5.0;25.0;53.5;10.0;0;0;0;0;16362.58;11280.08;5082.51;32429.705
2026-07-07T02:36:27.136471+02:00;standby;22.5;31.2;5.0;25.0;53.5;10.0;0;0;0;0;16362.58;11280.08;5082.51;32429.705
2026-07-07T02:37:27.598182+02:00;standby;22.5;31.2;5.0;25.0;53.5;10.0;0;0;0;0;16362.58;11280.08;5082.51;32429.705
2026-07-07T02:38:28.001431+02:00;standby;22.5;31.2;5.0;25.0;53.5;10.0;0;0;0;0;16362.58;11280.08;5082.51;32429.705
2026-07-07T02:39:28.440875+02:00;standby;22.5;31.2;5.0;25.0;53.4;10.0;0;0;0;0;16362.58;11280.08;5082.51;32429.705
2026-07-07T02:40:28.978858+02:00;standby;22.5;31.2;5.0;25.0;53.4;10.0;0;0;0;0;16362.58;11280.08;5082.51;32429.705
2026-07-07T02:41:29.782406+02:00;standby;22.5;31.1;5.0;25.0;53.4;10.0;0;0;0;0;16362.58;11280.08;5082.51;32429.705
2026-07-07T02:42:30.289733+02:00;standby;22.5;31.1;5.0;25.0;53.4;10.0;0;0;0;0;16362.58;11280.08;5082.51;32429.705
2026-07-07T02:43:30.826497+02:00;standby;22.5;31.1;5.0;25.0;53.4;10.0;0;0;0;0;16362.58;11280.08;5082.51;32429.705
2026-07-07T02:44:31.347403+02:00;standby;22.5;31.1;5.0;25.0;53.4;10.0;0;0;0;0;16362.58;11280.08;5082.51;32429.705
2026-07-07T02:45:31.848787+02:00;standby;22.5;31.1;5.0;25.0;53.4;10.0;0;0;0;0;16362.58;11280.08;5082.51;32429.705
2026-07-07T02:46:32.396791+02:00;standby;22.5;31.1;5.0;25.0;53.4;10.0;0;0;0;0;16362.58;11280.08;5082.51;32429.705
2026-07-07T02:47:33.121977+02:00;standby;22.5;31.1;5.0;25.0;53.4;10.0;0;0;0;0;16362.58;11280.08;5082.51;32429.705
2026-07-07T02:48:33.606715+02:00;standby;22.5;31.1;5.0;25.0;53.3;10.0;0;0;0;0;16362.58;11280.08;5082.51;32429.705
2026-07-07T02:49:34.021792+02:00;standby;22.5;31.1;5.0;25.0;53.4;10.0;0;0;0;0;16362.58;11280.08;5082.51;32429.705
2026-07-07T02:50:34.454809+02:00;standby;22.5;31.0;5.0;25.0;53.3;10.0;0;0;0;0;16362.58;11280.08;5082.51;32429.705
2026-07-07T02:51:35.097878+02:00;standby;22.5;31.0;5.0;25.0;53.3;10.0;0;0;0;0;16362.58;11280.08;5082.51;32429.705
2026-07-07T02:52:35.605070+02:00;standby;22.5;31.0;5.0;25.0;53.3;10.0;0;0;0;0;16362.58;11280.08;5082.51;32429.705
2026-07-07T02:53:36.059206+02:00;standby;22.5;31.0;5.0;25.0;53.3;10.0;0;0;0;0;16362.58;11280.08;5082.51;32429.705
2026-07-07T02:54:36.652019+02:00;standby;22.5;31.0;5.0;25.0;53.3;10.0;0;0;0;0;16362.58;11280.08;5082.51;32429.705
2026-07-07T02:55:37.136956+02:00;standby;22.5;31.0;5.0;25.0;53.3;10.0;0;0;0;0;16362.58;11280.08;5082.51;32429.705
2026-07-07T02:56:37.592624+02:00;standby;22.5;31.0;5.0;25.0;53.3;10.0;0;0;0;0;16362.58;11280.08;5082.51;32429.705
2026-07-07T02:57:38.046326+02:00;standby;22.5;31.0;5.0;25.0;53.3;10.0;0;0;0;0;16362.58;11280.08;5082.51;32429.705
2026-07-07T02:58:38.552601+02:00;standby;22.5;31.0;5.0;25.0;53.2;10.0;0;0;0;0;16362.58;11280.08;5082.51;32429.705
2026-07-07T02:59:39.010899+02:00;standby;22.5;31.0;5.0;25.0;53.2;10.0;0;0;0;0;16362.58;11280.08;5082.51;32429.705
2026-07-07T03:00:39.457607+02:00;standby;22.5;30.9;5.0;25.0;53.2;10.0;0;0;0;0;16362.58;11280.08;5082.51;32429.705
2026-07-07T03:01:40.631790+02:00;standby;22.5;30.9;5.0;25.0;53.2;10.0;0;0;0;0;16362.58;11280.08;5082.51;32429.705
2026-07-07T03:02:41.102104+02:00;standby;22.5;30.9;5.0;25.0;53.2;10.0;0;0;0;0;16362.58;11280.08;5082.51;32429.705
2026-07-07T03:03:41.613345+02:00;standby;22.5;30.9;5.0;25.0;53.2;10.0;0;0;0;0;16362.58;11280.08;5082.51;32429.705
2026-07-07T03:04:42.235453+02:00;standby;22.5;30.9;5.0;25.0;53.2;10.0;0;0;0;0;16362.58;11280.08;5082.51;32429.705
2026-07-07T03:05:42.775089+02:00;standby;22.5;30.9;5.0;25.0;53.2;10.0;0;0;0;0;16362.58;11280.08;5082.51;32429.705
2026-07-07T03:06:43.294505+02:00;standby;22.5;30.9;5.0;25.0;53.1;10.0;0;0;0;0;16362.58;11280.08;5082.51;32429.705
2026-07-07T03:07:43.791366+02:00;standby;22.5;30.9;5.0;25.0;53.1;10.0;0;0;0;0;16362.58;11280.08;5082.51;32429.705
2026-07-07T03:08:44.258446+02:00;standby;22.5;30.9;5.0;25.0;53.1;10.0;0;0;0;0;16362.58;11280.08;5082.51;32429.705
2026-07-07T03:09:44.925600+02:00;standby;22.5;30.7;5.0;25.0;53.1;10.0;0;0;0;0;16362.58;11280.08;5082.51;32429.705
2026-07-07T03:10:47.344545+02:00;standby;22.5;30.7;5.0;25.0;53.1;10.0;0;0;0;0;16362.58;11280.08;5082.51;32429.705
2026-07-07T03:11:48.024251+02:00;standby;22.5;30.7;5.0;25.0;53.1;10.0;0;0;0;0;16362.58;11280.08;5082.51;32429.705
2026-07-07T03:12:48.459922+02:00;standby;22.5;30.7;5.0;25.0;53.1;10.0;0;0;0;0;16362.58;11280.08;5082.51;32429.705
2026-07-07T03:13:48.965930+02:00;standby;22.5;30.7;5.0;25.0;53.1;10.0;0;0;0;0;16362.58;11280.08;5082.51;32429.705
2026-07-07T03:14:49.437398+02:00;standby;22.5;30.7;5.0;25.0;53.1;10.0;0;0;0;0;16362.58;11280.08;5082.51;32429.705
2026-07-07T03:15:49.890281+02:00;standby;22.5;30.7;5.0;25.0;53.1;10.0;0;0;0;0;16362.58;11280.08;5082.51;32429.705
2026-07-07T03:16:50.723154+02:00;standby;22.5;30.7;5.0;25.0;52.9;10.0;0;0;0;0;16362.58;11280.08;5082.51;32429.705
2026-07-07T03:17:51.343495+02:00;standby;22.5;30.7;5.0;25.0;53.1;10.0;0;0;0;0;16362.58;11280.08;5082.51;32429.705
2026-07-07T03:18:51.757199+02:00;standby;22.5;30.7;5.0;25.0;52.9;10.0;0;0;0;0;16362.58;11280.08;5082.51;32429.705
2026-07-07T03:19:52.210947+02:00;standby;22.5;30.7;5.0;25.0;53.1;10.0;0;0;0;0;16362.58;11280.08;5082.51;32429.705
2026-07-07T03:20:52.694104+02:00;standby;22.5;30.6;5.0;25.0;52.9;10.0;0;0;0;0;16362.58;11280.08;5082.51;32429.705
2026-07-07T03:21:53.159272+02:00;standby;22.5;30.6;5.0;25.0;52.9;10.0;0;0;0;0;16362.58;11280.08;5082.51;32429.705
2026-07-07T03:22:54.078867+02:00;standby;22.5;30.6;5.0;25.0;52.9;10.0;0;0;0;0;16362.58;11280.08;5082.51;32429.705
2026-07-07T03:23:54.791271+02:00;standby;22.5;30.6;5.0;25.0;52.9;10.0;0;0;0;0;16362.58;11280.08;5082.51;32429.705
2026-07-07T03:24:55.233978+02:00;standby;22.5;30.6;5.0;25.0;52.9;10.0;0;0;0;0;16362.58;11280.08;5082.51;32429.705
2026-07-07T03:25:55.655978+02:00;standby;22.5;30.6;5.0;25.0;52.9;10.0;0;0;0;0;16362.58;11280.08;5082.51;32429.705
2026-07-07T03:26:56.073572+02:00;standby;22.5;30.6;5.0;25.0;52.8;10.0;0;0;0;0;16362.58;11280.08;5082.51;32429.705
2026-07-07T03:27:56.493488+02:00;standby;22.5;30.6;5.0;25.0;52.8;10.0;0;0;0;0;16362.58;11280.08;5082.51;32429.705
2026-07-07T03:28:57.269312+02:00;standby;22.5;30.6;5.0;25.0;52.8;10.0;0;0;0;0;16362.58;11280.08;5082.51;32429.705
2026-07-07T03:29:57.803069+02:00;standby;22.5;30.5;5.0;25.0;52.8;10.0;0;0;0;0;16362.58;11280.08;5082.51;32429.705
2026-07-07T03:30:58.257519+02:00;standby;22.5;30.6;5.0;25.0;52.8;10.0;0;0;0;0;16362.58;11280.08;5082.51;32429.705
2026-07-07T03:31:58.726596+02:00;standby;22.5;30.5;5.0;25.0;52.8;10.0;0;0;0;0;16362.58;11280.08;5082.51;32429.705
2026-07-07T03:32:59.260995+02:00;standby;22.5;30.5;5.0;25.0;52.8;10.0;0;0;0;0;16362.58;11280.08;5082.51;32429.705
2026-07-07T03:33:59.708742+02:00;standby;22.5;30.5;5.0;25.0;52.8;10.0;0;0;0;0;16362.58;11280.08;5082.51;32429.705
2026-07-07T03:35:00.276856+02:00;standby;22.2;30.5;5.0;25.0;52.8;10.0;0;0;0;0;16362.58;11280.08;5082.51;32429.705
2026-07-07T03:36:00.787161+02:00;standby;22.2;30.5;5.0;25.0;52.8;10.0;0;0;0;0;16362.58;11280.08;5082.51;32429.705
2026-07-07T03:37:01.406570+02:00;standby;22.2;30.5;5.0;25.0;52.7;10.0;0;0;0;0;16362.58;11280.08;5082.51;32429.705
2026-07-07T03:38:01.841527+02:00;standby;22.2;30.5;5.0;25.0;52.7;10.0;0;0;0;0;16362.58;11280.08;5082.51;32429.705
2026-07-07T03:39:02.260594+02:00;standby;22.2;30.5;5.0;25.0;52.7;10.0;0;0;0;0;16362.58;11280.08;5082.51;32429.705
2026-07-07T03:40:02.717795+02:00;standby;22.2;30.5;5.0;25.0;52.7;10.0;0;0;0;0;16362.58;11280.08;5082.51;32429.705
2026-07-07T03:41:03.379505+02:00;standby;22.2;30.5;5.0;25.0;52.7;10.0;0;0;0;0;16362.58;11280.08;5082.51;32429.705
2026-07-07T03:42:03.797213+02:00;standby;22.2;30.4;5.0;25.0;52.7;10.0;0;0;0;0;16362.58;11280.08;5082.51;32429.705
2026-07-07T03:43:04.215303+02:00;standby;22.2;30.4;5.0;25.0;52.7;10.0;0;0;0;0;16362.58;11280.08;5082.51;32429.705
2026-07-07T03:44:04.645377+02:00;standby;22.2;30.4;5.0;25.0;52.7;10.0;0;0;0;0;16362.58;11280.08;5082.51;32429.705
2026-07-07T03:45:05.091548+02:00;standby;22.2;30.4;5.0;25.0;52.7;10.0;0;0;0;0;16362.58;11280.08;5082.51;32429.705
2026-07-07T03:46:05.564617+02:00;standby;22.2;30.4;5.0;25.0;52.7;10.0;0;0;0;0;16362.58;11280.08;5082.51;32429.705
2026-07-07T03:47:06.052327+02:00;standby;22.2;30.4;5.0;25.0;52.6;10.0;0;0;0;0;16362.58;11280.08;5082.51;32429.705
2026-07-07T03:48:06.515354+02:00;standby;22.2;30.4;5.0;25.0;52.6;10.0;0;0;0;0;16362.58;11280.08;5082.51;32429.705
2026-07-07T03:49:06.978260+02:00;standby;22.2;30.4;5.0;25.0;52.6;10.0;0;0;0;0;16362.58;11280.08;5082.51;32429.705
2026-07-07T03:50:07.439290+02:00;standby;22.2;30.4;5.0;25.0;52.6;10.0;0;0;0;0;16362.58;11280.08;5082.51;32429.705
2026-07-07T03:51:07.854599+02:00;standby;22.2;30.4;5.0;25.0;52.6;10.0;0;0;0;0;16362.58;11280.08;5082.51;32429.705
2026-07-07T03:52:08.287959+02:00;standby;22.2;30.4;5.0;25.0;52.6;10.0;0;0;0;0;16362.58;11280.08;5082.51;32429.705
2026-07-07T03:53:08.789097+02:00;standby;22.2;30.2;5.0;25.0;52.6;10.0;0;0;0;0;16362.58;11280.08;5082.51;32429.705
2026-07-07T03:54:09.431047+02:00;standby;22.2;30.2;5.0;25.0;52.6;10.0;0;0;0;0;16362.58;11280.08;5082.51;32429.705
2026-07-07T03:55:09.970009+02:00;standby;22.2;30.2;5.0;25.0;52.6;10.0;0;0;0;0;16362.58;11280.08;5082.51;32429.705
2026-07-07T03:56:10.487327+02:00;standby;22.2;30.2;5.0;25.0;52.5;10.0;0;0;0;0;16362.58;11280.08;5082.51;32429.705
2026-07-07T03:57:10.968076+02:00;standby;22.2;30.2;5.0;25.0;52.5;10.0;0;0;0;0;16362.58;11280.08;5082.51;32429.705
2026-07-07T03:58:11.754858+02:00;standby;22.2;30.2;5.0;25.0;52.5;10.0;0;0;0;0;16362.58;11280.08;5082.51;32429.705
2026-07-07T03:59:12.551787+02:00;standby;22.2;30.2;5.0;25.0;52.5;10.0;0;0;0;0;16362.58;11280.08;5082.51;32429.705
2026-07-07T04:00:13.044800+02:00;standby;22.2;30.2;5.0;25.0;52.5;10.0;0;0;0;0;16362.58;11280.08;5082.51;32429.705
2026-07-07T04:01:13.465502+02:00;standby;22.2;30.2;5.0;25.0;52.5;57.0;0;0;0;0;16362.58;11280.08;5082.51;32429.705
2026-07-07T04:02:13.991949+02:00;standby;22.2;30.2;5.0;25.0;52.5;57.0;0;0;0;0;16362.58;11280.08;5082.51;32429.705
2026-07-07T04:03:14.516920+02:00;standby;22.2;30.2;5.0;25.0;52.5;57.0;0;0;0;0;16362.58;11280.08;5082.51;32429.705
2026-07-07T04:04:14.972736+02:00;standby;22.2;30.2;5.0;25.0;52.5;57.0;0;0;0;0;16362.58;11280.08;5082.51;32429.705
2026-07-07T04:05:15.560205+02:00;standby;22.2;30.2;5.0;25.0;52.5;57.0;0;0;0;0;16362.58;11280.08;5082.51;32429.705
2026-07-07T04:06:16.012897+02:00;standby;22.2;30.1;5.0;25.0;52.5;57.0;0;0;0;0;16362.58;11280.08;5082.51;32429.705
2026-07-07T04:07:16.568502+02:00;standby;22.2;30.1;5.0;25.0;52.4;57.0;0;0;0;0;16362.58;11280.08;5082.51;32429.705
2026-07-07T04:08:16.992645+02:00;standby;22.2;30.1;5.0;25.0;52.4;57.0;0;0;0;0;16362.58;11280.08;5082.51;32429.705
2026-07-07T04:09:17.405132+02:00;standby;22.2;30.1;5.0;25.0;52.4;57.0;0;0;0;0;16362.58;11280.08;5082.51;32429.705
2026-07-07T04:10:17.821797+02:00;standby;22.2;30.1;5.0;25.0;52.4;57.0;0;0;0;0;16362.58;11280.08;5082.51;32429.705
2026-07-07T04:11:18.359613+02:00;standby;22.2;30.1;5.0;25.0;52.4;57.0;0;0;0;0;16362.58;11280.08;5082.51;32429.705
2026-07-07T04:12:18.858523+02:00;standby;22.2;30.1;5.0;25.0;52.4;57.0;0;0;0;0;16362.58;11280.08;5082.51;32429.705
2026-07-07T04:13:19.336166+02:00;standby;22.2;30.1;5.0;25.0;52.4;57.0;0;0;0;0;16362.58;11280.08;5082.51;32429.705
2026-07-07T04:14:19.807929+02:00;standby;22.2;30.1;5.0;25.0;52.4;57.0;0;0;0;0;16362.58;11280.08;5082.51;32429.705
2026-07-07T04:15:20.350321+02:00;standby;22.2;30.1;5.0;25.0;52.4;57.0;0;0;0;0;16362.58;11280.08;5082.51;32429.705
2026-07-07T04:16:20.802998+02:00;standby;22.2;30.1;5.0;25.0;52.4;57.0;0;0;0;0;16362.58;11280.08;5082.51;32429.705
2026-07-07T04:17:21.410435+02:00;standby;22.2;30.1;5.0;25.0;52.3;57.0;0;0;0;0;16362.58;11280.08;5082.51;32429.705
2026-07-07T04:18:22.085922+02:00;standby;22.2;30.0;5.0;25.0;52.3;57.0;0;0;0;0;16362.58;11280.08;5082.51;32429.705
2026-07-07T04:19:22.543408+02:00;standby;22.2;30.0;5.0;25.0;52.3;57.0;0;0;0;0;16362.58;11280.08;5082.51;32429.705
2026-07-07T04:20:22.974532+02:00;standby;22.2;30.0;5.0;25.0;52.3;57.0;0;0;0;0;16362.58;11280.08;5082.51;32429.705
2026-07-07T04:21:23.463757+02:00;standby;22.2;30.0;5.0;25.0;52.3;57.0;0;0;0;0;16362.58;11280.08;5082.51;32429.705
2026-07-07T04:22:23.969111+02:00;standby;22.2;30.0;5.0;25.0;52.3;57.0;0;0;0;0;16362.58;11280.08;5082.51;32429.705
2026-07-07T04:23:24.825099+02:00;standby;22.2;30.0;5.0;25.0;52.3;57.0;0;0;0;0;16362.58;11280.08;5082.51;32429.705
2026-07-07T04:24:25.298663+02:00;standby;22.2;30.0;5.0;25.0;52.3;57.0;0;0;0;0;16362.58;11280.08;5082.51;32429.705
2026-07-07T04:25:25.830526+02:00;standby;22.2;30.0;5.0;25.0;52.3;57.0;0;0;0;0;16362.58;11280.08;5082.51;32429.705
2026-07-07T04:26:26.346522+02:00;standby;22.2;30.0;5.0;25.0;52.3;57.0;0;0;0;0;16362.58;11280.08;5082.51;32429.705
2026-07-07T04:27:26.876532+02:00;standby;22.2;30.0;5.0;25.0;52.2;57.0;0;0;0;0;16362.58;11280.08;5082.51;32429.705
2026-07-07T04:28:27.501130+02:00;standby;22.2;30.0;5.0;25.0;52.2;57.0;0;0;0;0;16362.58;11280.08;5082.51;32429.705
2026-07-07T04:29:27.967765+02:00;standby;22.2;30.0;5.0;25.0;52.2;57.0;0;0;0;0;16362.58;11280.08;5082.51;32429.705
2026-07-07T04:30:28.536571+02:00;standby;22.2;30.0;5.0;25.0;52.2;57.0;0;0;0;0;16362.58;11280.08;5082.51;32429.705
2026-07-07T04:31:29.066895+02:00;standby;22.2;30.0;5.0;25.0;52.2;57.0;0;0;0;0;16362.58;11280.08;5082.51;32429.705
2026-07-07T04:32:29.572137+02:00;standby;22.2;30.0;5.0;25.0;52.2;57.0;0;0;0;0;16362.58;11280.08;5082.51;32429.705
2026-07-07T04:33:30.093791+02:00;standby;22.2;30.0;5.0;25.0;52.2;57.0;0;0;0;0;16362.58;11280.08;5082.51;32429.705
2026-07-07T04:34:30.919340+02:00;standby;22.2;30.0;5.0;25.0;52.2;57.0;0;0;0;0;16362.58;11280.08;5082.51;32429.705
2026-07-07T04:35:31.460046+02:00;standby;21.5;29.9;5.0;25.0;52.2;57.0;0;0;0;0;16362.58;11280.08;5082.51;32429.705
2026-07-07T04:36:31.960807+02:00;standby;21.5;29.9;5.0;25.0;52.2;57.0;0;0;0;0;16362.58;11280.08;5082.51;32429.705
2026-07-07T04:37:32.505315+02:00;standby;21.5;29.9;5.0;25.0;52.1;57.0;0;0;0;0;16362.58;11280.08;5082.51;32429.705
2026-07-07T04:38:33.198408+02:00;standby;21.5;29.9;5.0;25.0;52.1;57.0;0;0;0;0;16362.58;11280.08;5082.51;32429.705
2026-07-07T04:39:34.020794+02:00;standby;21.5;29.9;5.0;25.0;52.1;57.0;0;0;0;0;16362.58;11280.08;5082.51;32429.705
2026-07-07T04:40:34.552166+02:00;standby;21.5;29.9;5.0;25.0;52.1;57.0;0;0;0;0;16362.58;11280.08;5082.51;32429.705
2026-07-07T04:41:35.191031+02:00;standby;21.5;29.9;5.0;25.0;52.1;57.0;0;0;0;0;16362.58;11280.08;5082.51;32429.705
2026-07-07T04:42:35.689521+02:00;standby;21.5;29.9;5.0;25.0;52.1;57.0;0;0;0;0;16362.58;11280.08;5082.51;32429.705
2026-07-07T04:43:36.229893+02:00;standby;21.5;29.9;5.0;25.0;52.1;57.0;0;0;0;0;16362.58;11280.08;5082.51;32429.705
2026-07-07T04:44:36.922257+02:00;standby;21.5;29.9;5.0;25.0;52.1;57.0;0;0;0;0;16362.58;11280.08;5082.51;32429.705
2026-07-07T04:45:37.502271+02:00;standby;21.5;29.9;5.0;25.0;52.1;57.0;0;0;0;0;16362.58;11280.08;5082.51;32429.705
2026-07-07T04:46:37.959850+02:00;standby;21.5;29.9;5.0;25.0;52.0;57.0;0;0;0;0;16362.58;11280.08;5082.51;32429.705
2026-07-07T04:47:38.504527+02:00;standby;21.5;29.9;5.0;25.0;52.0;57.0;0;0;0;0;16362.58;11280.08;5082.51;32429.705
2026-07-07T04:48:39.034563+02:00;standby;21.5;29.9;5.0;25.0;52.0;57.0;0;0;0;0;16362.58;11280.08;5082.51;32429.705
2026-07-07T04:49:39.955163+02:00;standby;21.5;29.9;5.0;25.0;52.0;57.0;0;0;0;0;16362.58;11280.08;5082.51;32429.705
2026-07-07T04:50:40.865612+02:00;standby;21.5;29.7;5.0;25.0;52.0;57.0;0;0;0;0;16362.58;11280.08;5082.51;32429.705
2026-07-07T04:51:41.384125+02:00;standby;21.5;29.7;5.0;25.0;52.0;57.0;0;0;0;0;16362.58;11280.08;5082.51;32429.705
2026-07-07T04:52:41.954214+02:00;standby;21.5;29.7;5.0;25.0;52.0;57.0;0;0;0;0;16362.58;11280.08;5082.51;32429.705
2026-07-07T04:53:42.423355+02:00;standby;21.5;29.7;5.0;25.0;52.0;57.0;0;0;0;0;16362.58;11280.08;5082.51;32429.705
2026-07-07T04:54:43.035137+02:00;standby;21.5;29.7;5.0;25.0;52.0;57.0;0;0;0;0;16362.58;11280.08;5082.51;32429.705
2026-07-07T04:55:43.565875+02:00;standby;21.5;29.7;5.0;25.0;51.9;57.0;0;0;0;0;16362.58;11280.08;5082.51;32429.705
2026-07-07T04:56:44.504934+02:00;standby;21.5;29.7;5.0;25.0;51.9;57.0;0;0;0;0;16362.58;11280.08;5082.51;32429.705
2026-07-07T04:57:45.004538+02:00;standby;21.5;29.7;5.0;25.0;51.9;57.0;0;0;0;0;16362.58;11280.08;5082.51;32429.705
2026-07-07T04:58:45.432474+02:00;standby;21.5;29.7;5.0;25.0;51.9;57.0;0;0;0;0;16362.58;11280.08;5082.51;32429.705
2026-07-07T04:59:46.055101+02:00;standby;21.5;29.7;5.0;25.0;51.9;57.0;0;0;0;0;16362.58;11280.08;5082.51;32429.705
2026-07-07T05:00:46.578707+02:00;standby;21.5;29.7;5.0;25.0;51.9;57.0;0;0;0;0;16362.58;11280.08;5082.51;32429.705
2026-07-07T05:01:47.102316+02:00;standby;21.5;29.7;5.0;25.0;51.9;57.0;0;0;0;0;16362.58;11280.08;5082.51;32429.705
2026-07-07T05:02:47.701009+02:00;standby;21.5;29.7;5.0;25.0;51.9;57.0;0;0;0;0;16362.58;11280.08;5082.51;32429.705
2026-07-07T05:03:48.217311+02:00;standby;21.5;29.7;5.0;25.0;51.9;57.0;0;0;0;0;16362.58;11280.08;5082.51;32429.705
2026-07-07T05:04:48.773609+02:00;standby;21.5;29.7;5.0;25.0;51.9;57.0;0;0;0;0;16362.58;11280.08;5082.51;32429.705
2026-07-07T05:05:49.360692+02:00;standby;21.5;29.7;5.0;25.0;51.9;57.0;0;0;0;0;16362.58;11280.08;5082.51;32429.705
2026-07-07T05:06:50.086647+02:00;standby;21.5;29.6;5.0;25.0;51.9;57.0;0;0;0;0;16362.58;11280.08;5082.51;32429.705
2026-07-07T05:07:50.627177+02:00;standby;21.5;29.6;5.0;25.0;51.8;57.0;0;0;0;0;16362.58;11280.08;5082.51;32429.705
2026-07-07T05:08:51.126284+02:00;standby;21.5;29.6;5.0;25.0;51.8;57.0;0;0;0;0;16362.58;11280.08;5082.51;32429.705
2026-07-07T05:09:51.648754+02:00;standby;21.5;29.6;5.0;25.0;51.8;57.0;0;0;0;0;16362.58;11280.08;5082.51;32429.705
2026-07-07T05:10:53.021897+02:00;standby;21.5;29.6;5.0;25.0;51.8;57.0;0;0;0;0;16362.58;11280.08;5082.51;32429.705
2026-07-07T05:11:53.810047+02:00;standby;21.5;29.6;5.0;25.0;51.8;57.0;0;0;0;0;16362.58;11280.08;5082.51;32429.705
2026-07-07T05:12:54.335613+02:00;standby;21.5;29.6;5.0;25.0;51.8;57.0;0;0;0;0;16362.58;11280.08;5082.51;32429.705
2026-07-07T05:13:54.985019+02:00;standby;21.5;29.6;5.0;25.0;51.8;57.0;0;0;0;0;16362.58;11280.08;5082.51;32429.705
2026-07-07T05:14:55.467321+02:00;standby;21.5;29.6;5.0;25.0;51.8;57.0;0;0;0;0;16362.58;11280.08;5082.51;32429.705
2026-07-07T05:15:55.988003+02:00;standby;21.5;29.6;5.0;25.0;51.8;57.0;0;0;0;0;16362.58;11280.08;5082.51;32429.705
2026-07-07T05:16:56.528230+02:00;standby;21.5;29.6;5.0;25.0;51.7;57.0;0;0;0;0;16362.58;11280.08;5082.51;32429.705
2026-07-07T05:17:57.067482+02:00;standby;21.5;29.6;5.0;25.0;51.7;57.0;0;0;0;0;16362.58;11280.08;5082.51;32429.705
2026-07-07T05:18:57.555566+02:00;standby;21.5;29.6;5.0;25.0;51.7;57.0;0;0;0;0;16362.58;11280.08;5082.51;32429.705
2026-07-07T05:19:58.047796+02:00;standby;21.5;29.6;5.0;25.0;51.7;57.0;0;0;0;0;16362.58;11280.08;5082.51;32429.705
2026-07-07T05:20:58.627861+02:00;standby;21.5;29.4;5.0;25.0;51.7;57.0;0;0;0;0;16362.58;11280.08;5082.51;32429.705
2026-07-07T05:21:59.218179+02:00;standby;21.5;29.4;5.0;25.0;51.7;57.0;0;0;0;0;16362.58;11280.08;5082.51;32429.705
2026-07-07T05:22:59.726201+02:00;standby;21.5;29.4;5.0;25.0;51.7;57.0;0;0;0;0;16362.58;11280.08;5082.51;32429.705
2026-07-07T05:24:00.345047+02:00;standby;21.5;29.4;5.0;25.0;51.7;57.0;0;0;0;0;16362.58;11280.08;5082.51;32429.705
2026-07-07T05:25:01.080839+02:00;standby;21.5;29.4;5.0;25.0;51.7;57.0;0;0;0;0;16362.58;11280.08;5082.51;32429.705
2026-07-07T05:26:01.855171+02:00;standby;21.5;29.4;5.0;25.0;51.7;57.0;0;0;0;0;16362.58;11280.08;5082.51;32429.705
2026-07-07T05:27:02.628805+02:00;standby;21.5;29.4;5.0;25.0;51.7;57.0;0;0;0;0;16362.58;11280.08;5082.51;32429.705
2026-07-07T05:28:03.149189+02:00;standby;21.5;29.4;5.0;25.0;51.7;57.0;0;0;0;0;16362.58;11280.08;5082.51;32429.705
2026-07-07T05:29:04.094441+02:00;standby;21.5;29.4;5.0;25.0;51.6;57.0;0;0;0;0;16362.58;11280.08;5082.51;32429.705
2026-07-07T05:30:04.588281+02:00;standby;21.5;29.4;5.0;25.0;51.6;57.0;0;0;0;0;16362.58;11280.08;5082.51;32429.705
2026-07-07T05:31:05.243844+02:00;standby;21.5;29.4;5.0;28.0;51.6;57.0;0;0;0;0;16362.58;11280.08;5082.51;32429.705
2026-07-07T05:32:05.834596+02:00;standby;21.5;29.4;5.0;28.0;51.6;57.0;0;0;0;0;16362.58;11280.08;5082.51;32429.705
2026-07-07T05:33:06.335762+02:00;standby;21.5;29.4;5.0;28.0;51.6;57.0;0;0;0;0;16362.58;11280.08;5082.51;32429.705
2026-07-07T05:34:07.179874+02:00;standby;21.5;29.4;5.0;28.0;51.6;57.0;0;0;0;0;16362.58;11280.08;5082.51;32429.705
2026-07-07T05:35:07.703478+02:00;standby;21.5;29.4;5.0;28.0;51.6;57.0;0;0;0;0;16362.58;11280.08;5082.51;32429.705
2026-07-07T05:36:08.202472+02:00;standby;21.6;29.4;5.0;28.0;51.6;57.0;0;0;0;0;16362.58;11280.08;5082.51;32429.705
2026-07-07T05:37:08.721750+02:00;standby;21.6;29.4;5.0;28.0;51.6;57.0;0;0;0;0;16362.58;11280.08;5082.51;32429.705
2026-07-07T05:38:09.364499+02:00;standby;21.6;29.3;5.0;28.0;51.6;57.0;0;0;0;0;16362.58;11280.08;5082.51;32429.705
2026-07-07T05:39:10.004766+02:00;standby;21.6;29.3;5.0;28.0;51.5;57.0;0;0;0;0;16362.58;11280.08;5082.51;32429.705
2026-07-07T05:40:10.824746+02:00;standby;21.6;29.3;5.0;28.0;51.5;57.0;0;0;0;0;16362.58;11280.08;5082.51;32429.705
2026-07-07T05:41:11.344927+02:00;standby;21.6;29.3;5.0;28.0;51.5;57.0;0;0;0;0;16362.58;11280.08;5082.51;32429.705
2026-07-07T05:42:12.207183+02:00;standby;21.6;29.3;5.0;28.0;51.5;57.0;0;0;0;0;16362.58;11280.08;5082.51;32429.705
2026-07-07T05:43:13.005952+02:00;standby;21.6;29.3;5.0;28.0;51.5;57.0;0;0;0;0;16362.58;11280.08;5082.51;32429.705
2026-07-07T05:44:14.886488+02:00;standby;21.6;29.3;5.0;28.0;51.5;57.0;0;0;0;0;16362.58;11280.08;5082.51;32429.705
2026-07-07T05:45:15.359974+02:00;standby;21.6;29.3;5.0;28.0;51.5;57.0;0;0;0;0;16362.58;11280.08;5082.51;32429.705
2026-07-07T05:46:15.876060+02:00;standby;21.6;29.3;5.0;28.0;51.5;57.0;0;0;0;0;16362.58;11280.08;5082.51;32429.705
2026-07-07T05:47:16.369999+02:00;standby;21.6;29.3;5.0;28.0;51.5;57.0;0;0;0;0;16362.58;11280.08;5082.51;32429.705
2026-07-07T05:48:16.804711+02:00;standby;21.6;29.3;5.0;28.0;51.5;57.0;0;0;0;0;16362.58;11280.08;5082.51;32429.705
2026-07-07T05:49:17.428590+02:00;standby;21.6;29.3;5.0;28.0;51.4;57.0;0;0;0;0;16362.58;11280.08;5082.51;32429.705
2026-07-07T05:50:17.926563+02:00;standby;21.6;29.3;5.0;28.0;51.4;57.0;0;0;0;0;16362.58;11280.08;5082.51;32429.705
2026-07-07T05:51:18.348917+02:00;standby;21.6;29.3;5.0;28.0;51.4;57.0;0;0;0;0;16362.58;11280.08;5082.51;32429.705
2026-07-07T05:52:18.864823+02:00;standby;21.6;29.3;5.0;28.0;51.4;57.0;0;0;0;0;16362.58;11280.08;5082.51;32429.705
2026-07-07T05:53:19.383274+02:00;standby;21.6;29.3;5.0;28.0;51.4;57.0;0;0;0;0;16362.58;11280.08;5082.51;32429.705
2026-07-07T05:54:19.929788+02:00;standby;21.6;29.3;5.0;28.0;51.4;57.0;0;0;0;0;16362.58;11280.08;5082.51;32429.705
2026-07-07T05:55:20.427048+02:00;standby;21.6;29.3;5.0;28.0;51.4;57.0;0;0;0;0;16362.58;11280.08;5082.51;32429.705
2026-07-07T05:56:21.067149+02:00;standby;21.6;29.2;5.0;28.0;51.4;57.0;0;0;0;0;16362.58;11280.08;5082.51;32429.705
2026-07-07T05:57:21.713220+02:00;standby;21.6;29.2;5.0;28.0;51.4;57.0;0;0;0;0;16362.58;11280.08;5082.51;32429.705
2026-07-07T05:58:22.208696+02:00;standby;21.6;29.2;5.0;28.0;51.4;57.0;0;0;0;0;16362.58;11280.08;5082.51;32429.705
2026-07-07T05:59:22.704067+02:00;standby;21.6;29.2;5.0;28.0;51.4;57.0;0;0;0;0;16362.58;11280.08;5082.51;32429.705
2026-07-07T06:00:23.224770+02:00;standby;21.6;29.2;5.0;28.0;51.3;57.0;0;0;0;0;16362.58;11280.08;5082.51;32429.705
2026-07-07T06:01:23.788173+02:00;standby;21.6;29.2;5.0;28.0;51.3;57.0;0;0;0;0;16362.58;11280.08;5082.51;32429.705
2026-07-07T06:02:24.333615+02:00;standby;21.6;29.2;5.0;28.0;51.3;57.0;0;0;0;0;16362.58;11280.08;5082.51;32429.705
2026-07-07T06:03:24.921134+02:00;standby;21.6;29.2;5.0;28.0;51.3;57.0;0;0;0;0;16362.58;11280.08;5082.51;32429.705
2026-07-07T06:04:25.408505+02:00;standby;21.6;29.2;5.0;28.0;51.3;57.0;0;0;0;0;16362.58;11280.08;5082.51;32429.705
2026-07-07T06:05:25.823628+02:00;standby;21.6;29.2;5.0;28.0;51.3;57.0;0;0;0;0;16362.58;11280.08;5082.51;32429.705
2026-07-07T06:06:26.339540+02:00;standby;21.6;29.2;5.0;28.0;51.3;57.0;0;0;0;0;16362.58;11280.08;5082.51;32429.705
2026-07-07T06:07:27.115407+02:00;standby;21.6;29.2;5.0;28.0;51.3;57.0;0;0;0;0;16362.58;11280.08;5082.51;32429.705
2026-07-07T06:08:27.584477+02:00;standby;21.6;29.2;5.0;28.0;51.3;57.0;0;0;0;0;16362.58;11280.08;5082.51;32429.705
2026-07-07T06:09:28.228893+02:00;standby;21.6;29.2;5.0;28.0;51.3;57.0;0;0;0;0;16362.58;11280.08;5082.51;32429.705
2026-07-07T06:10:28.764519+02:00;standby;21.6;29.2;5.0;28.0;51.2;57.0;0;0;0;0;16362.58;11280.08;5082.51;32429.705
2026-07-07T06:11:29.241639+02:00;standby;21.6;29.2;5.0;28.0;51.2;57.0;0;0;0;0;16362.58;11280.08;5082.51;32429.705
2026-07-07T06:12:29.787950+02:00;standby;21.6;29.2;5.0;28.0;51.2;57.0;0;0;0;0;16362.58;11280.08;5082.51;32429.705
2026-07-07T06:13:30.325858+02:00;standby;21.6;29.2;5.0;28.0;51.2;57.0;0;0;0;0;16362.58;11280.08;5082.51;32429.705
2026-07-07T06:14:31.234759+02:00;standby;21.6;29.2;5.0;28.0;51.2;57.0;0;0;0;0;16362.58;11280.08;5082.51;32429.705
2026-07-07T06:15:31.757283+02:00;standby;21.6;29.2;5.0;28.0;51.2;57.0;0;0;0;0;16362.58;11280.08;5082.51;32429.705
2026-07-07T06:16:32.191454+02:00;standby;21.6;29.2;5.0;28.0;51.2;57.0;0;0;0;0;16362.58;11280.08;5082.51;32429.705
2026-07-07T06:17:33.142841+02:00;standby;21.6;29.2;5.0;28.0;51.2;57.0;0;0;0;0;16362.58;11280.08;5082.51;32429.705
2026-07-07T06:18:33.825199+02:00;standby;21.6;29.0;5.0;28.0;51.2;57.0;0;0;0;0;16362.58;11280.08;5082.51;32429.705
2026-07-07T06:19:34.341381+02:00;standby;21.6;29.0;5.0;28.0;51.2;57.0;0;0;0;0;16362.58;11280.08;5082.51;32429.705
2026-07-07T06:20:34.838275+02:00;standby;21.6;29.0;5.0;28.0;51.2;57.0;0;0;0;0;16362.58;11280.08;5082.51;32429.705
2026-07-07T06:21:35.355181+02:00;standby;21.6;29.2;5.0;28.0;51.1;57.0;0;0;0;0;16362.58;11280.08;5082.51;32429.705
2026-07-07T06:22:35.808785+02:00;standby;21.6;29.0;5.0;28.0;51.1;57.0;0;0;0;0;16362.58;11280.08;5082.51;32429.705
2026-07-07T06:23:36.322459+02:00;standby;21.6;29.0;5.0;28.0;51.1;57.0;0;0;0;0;16362.58;11280.08;5082.51;32429.705
2026-07-07T06:24:36.840328+02:00;standby;21.6;29.0;5.0;28.0;51.1;57.0;0;0;0;0;16362.58;11280.08;5082.51;32429.705
2026-07-07T06:25:37.300002+02:00;standby;21.6;29.0;5.0;28.0;51.1;57.0;0;0;0;0;16362.58;11280.08;5082.51;32429.705
2026-07-07T06:26:37.751180+02:00;standby;21.6;29.0;5.0;28.0;51.1;57.0;0;0;0;0;16362.58;11280.08;5082.51;32429.705
2026-07-07T06:27:38.169301+02:00;standby;21.6;29.0;5.0;28.0;51.1;57.0;0;0;0;0;16362.58;11280.08;5082.51;32429.705
2026-07-07T06:28:38.891385+02:00;standby;21.6;29.0;5.0;28.0;51.1;57.0;0;0;0;0;16362.58;11280.08;5082.51;32429.705
2026-07-07T06:29:39.405453+02:00;standby;21.6;29.0;5.0;28.0;51.1;57.0;0;0;0;0;16362.58;11280.08;5082.51;32429.705
2026-07-07T06:30:39.832545+02:00;standby;21.6;29.0;5.0;28.0;51.1;57.0;0;0;0;0;16362.58;11280.08;5082.51;32429.705
2026-07-07T06:31:40.348127+02:00;standby;21.6;29.0;5.0;28.0;51.1;57.0;0;0;0;0;16362.58;11280.08;5082.51;32429.705
2026-07-07T06:32:40.967516+02:00;standby;21.6;29.0;5.0;28.0;50.9;57.0;0;0;0;0;16362.58;11280.08;5082.51;32429.705
2026-07-07T06:33:41.455595+02:00;standby;21.6;29.0;5.0;28.0;50.9;57.0;0;0;0;0;16362.58;11280.08;5082.51;32429.705
2026-07-07T06:34:42.003392+02:00;standby;21.6;29.0;5.0;28.0;50.9;57.0;0;0;0;0;16362.58;11280.08;5082.51;32429.705
2026-07-07T06:35:42.579482+02:00;standby;21.6;29.0;5.0;28.0;50.9;57.0;0;0;0;0;16362.58;11280.08;5082.51;32429.705
2026-07-07T06:36:43.145451+02:00;standby;22.0;29.0;5.0;28.0;50.9;57.0;0;0;0;0;16362.58;11280.08;5082.51;32429.705
2026-07-07T06:37:43.661408+02:00;standby;22.0;29.0;5.0;28.0;50.9;57.0;0;0;0;0;16362.58;11280.08;5082.51;32429.705
2026-07-07T06:38:44.283607+02:00;standby;22.0;29.0;5.0;28.0;50.9;57.0;0;0;0;0;16362.58;11280.08;5082.51;32429.705
2026-07-07T06:39:45.423429+02:00;standby;22.0;29.0;5.0;28.0;50.9;57.0;0;0;0;0;16362.58;11280.08;5082.51;32429.705
2026-07-07T06:40:45.847354+02:00;standby;22.0;28.9;5.0;28.0;50.9;57.0;0;0;0;0;16362.58;11280.08;5082.51;32429.705
2026-07-07T06:41:46.306870+02:00;standby;22.0;28.9;5.0;28.0;50.9;57.0;0;0;0;0;16362.58;11280.08;5082.51;32429.705
2026-07-07T06:42:46.886955+02:00;standby;22.0;28.9;5.0;28.0;50.9;57.0;0;0;0;0;16362.58;11280.08;5082.51;32429.705
2026-07-07T06:43:47.599106+02:00;standby;22.0;28.9;5.0;28.0;50.8;57.0;0;0;0;0;16362.58;11280.08;5082.51;32429.705
2026-07-07T06:44:48.131566+02:00;standby;22.0;28.9;5.0;28.0;50.8;57.0;0;0;0;0;16362.58;11280.08;5082.51;32429.705
2026-07-07T06:45:48.649095+02:00;standby;22.0;28.9;5.0;28.0;50.8;57.0;0;0;0;0;16362.58;11280.08;5082.51;32429.705
2026-07-07T06:46:49.601454+02:00;standby;22.0;28.9;5.0;28.0;50.8;57.0;0;0;0;0;16362.58;11280.08;5082.51;32429.705
2026-07-07T06:47:50.193851+02:00;standby;22.0;28.9;5.0;28.0;50.8;57.0;0;0;0;0;16362.58;11280.08;5082.51;32429.705
2026-07-07T06:48:50.807436+02:00;standby;22.0;28.9;5.0;28.0;50.8;57.0;0;0;0;0;16362.58;11280.08;5082.51;32429.705
2026-07-07T06:49:51.435229+02:00;standby;22.0;28.9;5.0;28.0;50.8;57.0;0;0;0;0;16362.58;11280.08;5082.51;32429.705
2026-07-07T06:50:52.823617+02:00;standby;22.0;28.9;5.0;28.0;50.8;57.0;0;0;0;0;16362.58;11280.08;5082.51;32429.705
2026-07-07T06:51:53.271505+02:00;standby;22.0;28.9;5.0;28.0;50.8;57.0;0;0;0;0;16362.58;11280.08;5082.51;32429.705
2026-07-07T06:52:53.703227+02:00;standby;22.0;28.9;5.0;28.0;50.8;57.0;0;0;0;0;16362.58;11280.08;5082.51;32429.705
2026-07-07T06:53:54.127782+02:00;standby;22.0;28.9;5.0;28.0;50.8;57.0;0;0;0;0;16362.58;11280.08;5082.51;32429.705
2026-07-07T06:54:54.745713+02:00;standby;22.0;28.9;5.0;28.0;50.7;57.0;0;0;0;0;16362.58;11280.08;5082.51;32429.705
2026-07-07T06:55:55.261206+02:00;standby;22.0;28.9;5.0;28.0;50.7;57.0;0;0;0;0;16362.58;11280.08;5082.51;32429.705
2026-07-07T06:56:55.886917+02:00;standby;22.0;28.9;5.0;28.0;50.7;57.0;0;0;0;0;16362.58;11280.08;5082.51;32429.705
2026-07-07T06:57:56.504924+02:00;standby;22.0;28.9;5.0;28.0;50.7;57.0;0;0;0;0;16362.58;11280.08;5082.51;32429.705
2026-07-07T06:58:57.035473+02:00;standby;22.0;28.9;5.0;28.0;50.7;57.0;0;0;0;0;16362.58;11280.08;5082.51;32429.705
2026-07-07T06:59:57.695867+02:00;standby;22.0;28.9;5.0;28.0;50.7;57.0;0;0;0;0;16362.58;11280.08;5082.51;32429.705
2026-07-07T07:00:58.118598+02:00;standby;22.0;28.9;5.0;28.0;50.7;57.0;0;0;0;0;16362.58;11280.08;5082.51;32429.705
2026-07-07T07:01:58.633976+02:00;standby;22.0;28.9;5.0;28.0;50.7;57.0;0;0;0;0;16362.58;11280.08;5082.51;32429.705
2026-07-07T07:02:59.108122+02:00;standby;22.0;28.9;5.0;28.0;50.7;57.0;0;0;0;0;16362.58;11280.08;5082.51;32429.705
2026-07-07T07:03:59.579469+02:00;standby;22.0;28.9;5.0;28.0;50.7;57.0;0;0;0;0;16362.58;11280.08;5082.51;32429.705
2026-07-07T07:05:00.245990+02:00;standby;22.0;28.9;5.0;28.0;50.7;57.0;0;0;0;0;16362.58;11280.08;5082.51;32429.705
2026-07-07T07:06:00.705220+02:00;standby;22.0;28.7;5.0;28.0;50.6;57.0;0;0;0;0;16362.58;11280.08;5082.51;32429.705
2026-07-07T07:07:01.183875+02:00;standby;22.0;28.9;5.0;28.0;50.6;57.0;0;0;0;0;16362.58;11280.08;5082.51;32429.705
2026-07-07T07:08:01.663005+02:00;standby;22.0;28.7;5.0;28.0;50.6;57.0;0;0;0;0;16362.58;11280.08;5082.51;32429.705
2026-07-07T07:09:02.129985+02:00;standby;22.0;28.7;5.0;28.0;50.6;57.0;0;0;0;0;16362.58;11280.08;5082.51;32429.705
2026-07-07T07:10:02.589488+02:00;standby;22.0;28.7;5.0;28.0;50.6;57.0;0;0;0;0;16362.58;11280.08;5082.51;32429.705
2026-07-07T07:11:03.050159+02:00;standby;22.0;28.7;5.0;28.0;50.6;57.0;0;0;0;0;16362.58;11280.08;5082.51;32429.705
2026-07-07T07:12:03.481702+02:00;standby;22.0;28.7;5.0;28.0;50.6;57.0;0;0;0;0;16362.58;11280.08;5082.51;32429.705
2026-07-07T07:13:04.261906+02:00;standby;22.0;28.7;5.0;28.0;50.6;57.0;0;0;0;0;16362.58;11280.08;5082.51;32429.705
2026-07-07T07:14:04.727140+02:00;standby;22.0;28.7;5.0;28.0;50.6;57.0;0;0;0;0;16362.58;11280.08;5082.51;32429.705
2026-07-07T07:15:05.239427+02:00;standby;22.0;28.7;5.0;28.0;50.5;57.0;0;0;0;0;16362.58;11280.08;5082.51;32429.705
2026-07-07T07:16:05.770645+02:00;standby;22.0;28.7;5.0;28.0;50.5;57.0;0;0;0;0;16362.58;11280.08;5082.51;32429.705
2026-07-07T07:17:06.218799+02:00;standby;22.0;28.7;5.0;28.0;50.5;57.0;0;0;0;0;16362.58;11280.08;5082.51;32429.705
2026-07-07T07:18:06.741949+02:00;standby;22.0;28.7;5.0;28.0;50.5;57.0;0;0;0;0;16362.58;11280.08;5082.51;32429.705
2026-07-07T07:19:07.216556+02:00;standby;22.0;28.7;5.0;28.0;50.5;57.0;0;0;0;0;16362.58;11280.08;5082.51;32429.705
2026-07-07T07:20:07.942578+02:00;standby;22.0;28.7;5.0;28.0;50.5;57.0;0;0;0;0;16362.58;11280.08;5082.51;32429.705
2026-07-07T07:21:08.401058+02:00;standby;22.0;28.7;5.0;28.0;50.5;57.0;0;0;0;0;16362.58;11280.08;5082.51;32429.705
2026-07-07T07:22:09.013017+02:00;standby;22.0;28.7;5.0;28.0;50.5;57.0;0;0;0;0;16362.58;11280.08;5082.51;32429.705
2026-07-07T07:23:09.437039+02:00;standby;22.0;28.7;5.0;28.0;50.5;57.0;0;0;0;0;16362.58;11280.08;5082.51;32429.705
2026-07-07T07:24:10.024498+02:00;standby;22.0;28.7;5.0;28.0;50.5;57.0;0;0;0;0;16362.58;11280.08;5082.51;32429.705
2026-07-07T07:25:10.692731+02:00;standby;22.0;28.7;5.0;28.0;50.5;57.0;0;0;0;0;16362.58;11280.08;5082.51;32429.705
2026-07-07T07:26:11.095353+02:00;standby;22.0;28.7;5.0;28.0;50.5;57.0;0;0;0;0;16362.58;11280.08;5082.51;32429.705
2026-07-07T07:27:11.732506+02:00;standby;22.0;28.7;5.0;28.0;50.4;57.0;0;0;0;0;16362.58;11280.08;5082.51;32429.705
2026-07-07T07:28:12.597415+02:00;standby;22.0;28.7;5.0;28.0;50.4;57.0;0;0;0;0;16362.58;11280.08;5082.51;32429.705
2026-07-07T07:29:13.490177+02:00;standby;22.0;28.6;5.0;28.0;50.4;57.0;0;0;0;0;16362.58;11280.08;5082.51;32429.705
2026-07-07T07:30:13.995447+02:00;standby;22.0;28.6;5.0;28.0;50.4;57.0;0;0;0;0;16362.58;11280.08;5082.51;32429.705
2026-07-07T07:31:14.460436+02:00;standby;22.0;28.7;5.0;28.0;50.4;57.0;0;0;0;0;16362.58;11280.08;5082.51;32429.705
2026-07-07T07:32:15.247338+02:00;standby;22.0;28.6;5.0;28.0;50.4;57.0;0;0;0;0;16362.58;11280.08;5082.51;32429.705
2026-07-07T07:33:15.925002+02:00;standby;22.0;28.6;5.0;28.0;50.4;57.0;0;0;0;0;16362.58;11280.08;5082.51;32429.705
2026-07-07T07:34:16.543632+02:00;standby;22.0;28.7;5.0;28.0;50.4;57.0;0;0;0;0;16362.58;11280.08;5082.51;32429.705
2026-07-07T07:35:17.062021+02:00;standby;22.0;28.6;5.0;28.0;50.4;57.0;0;0;0;0;16362.58;11280.08;5082.51;32429.705
2026-07-07T07:36:17.631314+02:00;standby;22.0;28.6;5.0;28.0;50.4;57.0;0;0;0;0;16362.58;11280.08;5082.51;32429.705
2026-07-07T07:37:18.354863+02:00;standby;25.0;28.6;5.0;28.0;50.4;57.0;0;0;0;0;16362.58;11280.08;5082.51;32429.705
2026-07-07T07:38:19.028290+02:00;standby;25.0;28.6;5.0;28.0;50.3;57.0;0;0;0;0;16362.58;11280.08;5082.51;32429.705
2026-07-07T07:39:19.592459+02:00;standby;25.0;28.6;5.0;28.0;50.3;57.0;0;0;0;0;16362.58;11280.08;5082.51;32429.705
2026-07-07T07:40:20.118286+02:00;standby;25.0;28.6;5.0;28.0;50.3;57.0;0;0;0;0;16362.58;11280.08;5082.51;32429.705
2026-07-07T07:41:20.686081+02:00;standby;25.0;28.6;5.0;28.0;50.3;57.0;0;0;0;0;16362.58;11280.08;5082.51;32429.705
2026-07-07T07:42:21.364637+02:00;standby;25.0;28.6;5.0;28.0;50.3;57.0;0;0;0;0;16362.58;11280.08;5082.51;32429.705
2026-07-07T07:43:22.077555+02:00;standby;25.0;28.6;5.0;28.0;50.3;57.0;0;0;0;0;16362.58;11280.08;5082.51;32429.705
2026-07-07T07:44:22.702417+02:00;standby;25.0;28.6;5.0;28.0;50.3;57.0;0;0;0;0;16362.58;11280.08;5082.51;32429.705
2026-07-07T07:45:23.327086+02:00;standby;25.0;28.6;5.0;28.0;50.3;57.0;0;0;0;0;16362.58;11280.08;5082.51;32429.705
2026-07-07T07:46:24.101370+02:00;standby;25.0;28.6;5.0;28.0;50.3;57.0;0;0;0;0;16362.58;11280.08;5082.51;32429.705
2026-07-07T07:47:24.877878+02:00;standby;25.0;28.6;5.0;28.0;50.3;57.0;0;0;0;0;16362.58;11280.08;5082.51;32429.705
2026-07-07T07:48:25.338607+02:00;standby;25.0;28.6;5.0;28.0;50.3;57.0;0;0;0;0;16362.58;11280.08;5082.51;32429.705
2026-07-07T07:49:25.918085+02:00;standby;25.0;28.6;5.0;28.0;50.2;57.0;0;0;0;0;16362.58;11280.08;5082.51;32429.705
2026-07-07T07:50:26.578723+02:00;standby;25.0;28.6;5.0;28.0;50.2;57.0;0;0;0;0;16362.58;11280.08;5082.51;32429.705
2026-07-07T07:51:27.202880+02:00;standby;25.0;28.6;5.0;28.0;50.2;57.0;0;0;0;0;16362.58;11280.08;5082.51;32429.705
2026-07-07T07:52:27.828573+02:00;standby;25.0;28.6;5.0;28.0;50.2;57.0;0;0;0;0;16362.58;11280.08;5082.51;32429.705
2026-07-07T07:53:28.451132+02:00;standby;25.0;28.6;5.0;28.0;50.2;57.0;0;0;0;0;16362.58;11280.08;5082.51;32429.705
2026-07-07T07:54:28.966341+02:00;standby;25.0;28.6;5.0;28.0;50.2;57.0;0;0;0;0;16362.58;11280.08;5082.51;32429.705
2026-07-07T07:55:29.553243+02:00;standby;25.0;28.6;5.0;28.0;50.2;57.0;0;0;0;0;16362.58;11280.08;5082.51;32429.705
2026-07-07T07:56:30.164181+02:00;standby;25.0;28.6;5.0;28.0;50.2;57.0;0;0;0;0;16362.58;11280.08;5082.51;32429.705
2026-07-07T07:57:30.938479+02:00;standby;25.0;28.6;5.0;28.0;50.2;57.0;0;0;0;0;16362.58;11280.08;5082.51;32429.705
2026-07-07T07:58:31.508184+02:00;standby;25.0;28.6;5.0;28.0;50.2;57.0;0;0;0;0;16362.58;11280.08;5082.51;32429.705
2026-07-07T07:59:32.334475+02:00;standby;25.0;28.5;5.0;28.0;50.2;57.0;0;0;0;0;16362.58;11280.08;5082.51;32429.705
2026-07-07T08:00:32.958946+02:00;standby;25.0;28.5;5.0;28.0;50.2;57.0;0;0;0;0;16362.58;11280.08;5082.51;32429.705
2026-07-07T08:01:33.419242+02:00;standby;25.0;28.5;5.0;28.0;50.1;57.0;0;0;0;0;16362.58;11280.08;5082.51;32429.705
2026-07-07T08:02:33.951098+02:00;standby;25.0;28.5;5.0;28.0;50.1;57.0;0;0;0;0;16362.58;11280.08;5082.51;32429.705
2026-07-07T08:03:34.631216+02:00;standby;25.0;28.5;5.0;28.0;50.1;57.0;0;0;0;0;16362.58;11280.08;5082.51;32429.705
2026-07-07T08:04:35.179333+02:00;standby;25.0;28.5;5.0;28.0;50.1;57.0;0;0;0;0;16362.58;11280.08;5082.51;32429.705
2026-07-07T08:05:36.022068+02:00;standby;25.0;28.5;5.0;28.0;50.1;57.0;0;0;0;0;16362.58;11280.08;5082.51;32429.705
2026-07-07T08:06:36.798397+02:00;standby;25.0;28.5;5.0;28.0;50.1;57.0;0;0;0;0;16362.58;11280.08;5082.51;32429.705
2026-07-07T08:07:37.259256+02:00;standby;25.0;28.5;5.0;28.0;50.1;57.0;0;0;0;0;16362.58;11280.08;5082.51;32429.705
2026-07-07T08:08:38.337378+02:00;standby;25.0;28.5;5.0;28.0;50.1;57.0;0;0;0;0;16362.58;11280.08;5082.51;32429.705
2026-07-07T08:09:38.761429+02:00;standby;25.0;28.5;5.0;28.0;50.1;57.0;0;0;0;0;16362.58;11280.08;5082.51;32429.705
2026-07-07T08:10:39.349513+02:00;standby;25.0;28.5;5.0;28.0;50.1;57.0;0;0;0;0;16362.58;11280.08;5082.51;32429.705
2026-07-07T08:11:40.042558+02:00;standby;25.0;28.5;5.0;28.0;50.1;57.0;0;0;0;0;16362.58;11280.08;5082.51;32429.705
2026-07-07T08:12:41.282008+02:00;standby;25.0;28.5;5.0;28.0;50.1;57.0;0;0;0;0;16362.58;11280.08;5082.51;32429.705
2026-07-07T08:13:41.754142+02:00;standby;25.0;28.5;5.0;28.0;50.0;57.0;0;0;0;0;16362.58;11280.08;5082.51;32429.705
2026-07-07T08:14:42.169395+02:00;standby;25.0;28.5;5.0;28.0;49.9;57.0;0;0;0;0;16362.58;11280.08;5082.51;32429.705
2026-07-07T08:15:42.601949+02:00;standby;25.0;28.5;5.0;28.0;49.9;57.0;0;0;0;0;16362.58;11280.08;5082.51;32429.705
2026-07-07T08:16:43.151436+02:00;standby;25.0;28.5;5.0;28.0;49.9;57.0;0;0;0;0;16362.58;11280.08;5082.51;32429.705
2026-07-07T08:17:43.840309+02:00;standby;25.0;28.5;5.0;28.0;49.9;57.0;0;0;0;0;16362.58;11280.08;5082.51;32429.705
2026-07-07T08:18:44.355337+02:00;standby;25.0;28.5;5.0;28.0;49.8;57.0;0;0;0;0;16362.58;11280.08;5082.51;32429.705
2026-07-07T08:19:45.034353+02:00;standby;25.0;28.5;5.0;28.0;49.8;57.0;0;0;0;0;16362.58;11280.08;5082.51;32429.705
2026-07-07T08:20:45.597432+02:00;standby;25.0;28.5;5.0;28.0;49.8;57.0;0;0;0;0;16362.58;11280.08;5082.51;32429.705
2026-07-07T08:21:46.451348+02:00;standby;25.0;28.5;5.0;28.0;49.8;57.0;0;0;0;0;16362.58;11280.08;5082.51;32429.705
2026-07-07T08:22:47.049402+02:00;standby;25.0;28.5;5.0;28.0;49.8;57.0;0;0;0;0;16362.58;11280.08;5082.51;32429.705
2026-07-07T08:23:47.467634+02:00;standby;25.0;28.5;5.0;28.0;49.8;57.0;0;0;0;0;16362.58;11280.08;5082.51;32429.705
2026-07-07T08:24:48.086140+02:00;standby;25.0;28.5;5.0;28.0;49.8;57.0;0;0;0;0;16362.58;11280.08;5082.51;32429.705
2026-07-07T08:25:48.655209+02:00;standby;25.0;28.5;5.0;28.0;49.8;57.0;0;0;0;0;16362.58;11280.08;5082.51;32429.705
2026-07-07T08:26:49.681391+02:00;standby;25.0;28.5;5.0;28.0;49.8;57.0;0;0;0;0;16362.58;11280.08;5082.51;32429.705
2026-07-07T08:27:50.142806+02:00;standby;25.0;28.5;5.0;28.0;49.8;57.0;0;0;0;0;16362.58;11280.08;5082.51;32429.705
2026-07-07T08:28:50.568991+02:00;standby;25.0;28.3;5.0;28.0;49.8;57.0;0;0;0;0;16362.58;11280.08;5082.51;32429.705
2026-07-07T08:29:51.030375+02:00;standby;25.0;28.3;5.0;28.0;49.7;57.0;0;0;0;0;16362.58;11280.08;5082.51;32429.705
2026-07-07T08:30:51.822722+02:00;standby;25.0;28.5;5.0;28.0;49.7;57.0;0;0;0;0;16362.58;11280.08;5082.51;32429.705
2026-07-07T08:31:52.464197+02:00;standby;25.0;28.3;5.0;28.0;49.7;57.0;0;0;0;0;16362.58;11280.08;5082.51;32429.705
2026-07-07T08:32:53.322598+02:00;standby;25.0;28.3;5.0;28.0;49.7;57.0;0;0;0;0;16362.58;11280.08;5082.51;32429.705
2026-07-07T08:33:54.713868+02:00;standby;25.0;28.3;5.0;28.0;49.7;57.0;0;0;0;0;16362.58;11280.08;5082.51;32429.705
2026-07-07T08:34:55.264839+02:00;standby;25.0;28.3;5.0;28.0;49.7;57.0;0;0;0;0;16362.58;11280.08;5082.51;32429.705
2026-07-07T08:35:55.797999+02:00;standby;25.0;28.3;5.0;28.0;49.7;57.0;0;0;0;0;16362.58;11280.08;5082.51;32429.705
2026-07-07T08:36:56.275741+02:00;standby;25.0;28.3;5.0;28.0;49.7;57.0;0;0;0;0;16362.58;11280.08;5082.51;32429.705
2026-07-07T08:37:56.736016+02:00;standby;24.5;28.3;5.0;28.0;49.7;57.0;0;0;0;0;16362.58;11280.08;5082.51;32429.705
2026-07-07T08:38:57.153583+02:00;standby;24.5;28.3;5.0;28.0;49.7;57.0;0;0;0;0;16362.58;11280.08;5082.51;32429.705
2026-07-07T08:39:57.773335+02:00;standby;24.5;28.3;5.0;28.0;49.6;57.0;0;0;0;0;16362.58;11280.08;5082.51;32429.705
2026-07-07T08:40:58.347762+02:00;standby;24.5;28.3;5.0;28.0;49.6;57.0;0;0;0;0;16362.58;11280.08;5082.51;32429.705
2026-07-07T08:41:59.014026+02:00;standby;24.5;28.3;5.0;28.0;49.6;57.0;0;0;0;0;16362.58;11280.08;5082.51;32429.705
2026-07-07T08:42:59.476413+02:00;standby;24.5;28.3;5.0;28.0;49.6;57.0;0;0;0;0;16362.58;11280.08;5082.51;32429.705
2026-07-07T08:44:00.140876+02:00;standby;24.5;28.3;5.0;28.0;49.6;57.0;0;0;0;0;16362.58;11280.08;5082.51;32429.705
2026-07-07T08:45:00.978215+02:00;standby;24.5;28.3;5.0;28.0;49.4;57.0;0;0;0;0;16362.58;11280.08;5082.51;32429.705
2026-07-07T08:46:01.490625+02:00;standby;24.5;28.3;5.0;28.0;49.3;57.0;0;0;0;0;16362.58;11280.08;5082.51;32429.705
2026-07-07T08:47:02.227224+02:00;standby;24.5;28.3;5.0;28.0;49.1;57.0;0;0;0;0;16362.58;11280.08;5082.51;32429.705
2026-07-07T08:48:02.789647+02:00;standby;24.5;28.3;5.0;28.0;48.9;57.0;0;0;0;0;16362.58;11280.08;5082.51;32429.705
2026-07-07T08:49:03.357586+02:00;standby;24.5;28.3;5.0;28.0;48.8;57.0;0;0;0;0;16362.58;11280.08;5082.51;32429.705
2026-07-07T08:50:03.876839+02:00;standby;24.5;28.3;5.0;28.0;48.8;57.0;0;0;0;0;16362.58;11280.08;5082.51;32429.705
2026-07-07T08:51:04.567182+02:00;standby;24.5;28.3;5.0;28.0;48.7;57.0;0;0;0;0;16362.58;11280.08;5082.51;32429.705
2026-07-07T08:52:05.087195+02:00;standby;24.5;28.3;5.0;28.0;48.7;57.0;0;0;0;0;16362.58;11280.08;5082.51;32429.705
2026-07-07T08:53:05.861915+02:00;standby;24.5;28.3;5.0;28.0;48.7;57.0;0;0;0;0;16362.58;11280.08;5082.51;32429.705
2026-07-07T08:54:06.313912+02:00;standby;24.5;28.3;5.0;28.0;48.7;57.0;0;0;0;0;16362.58;11280.08;5082.51;32429.705
2026-07-07T08:55:06.981633+02:00;standby;24.5;28.3;5.0;28.0;48.7;57.0;0;0;0;0;16362.58;11280.08;5082.51;32429.705
2026-07-07T08:56:08.226643+02:00;standby;24.5;28.3;5.0;28.0;48.7;57.0;0;0;0;0;16362.58;11280.08;5082.51;32429.705
2026-07-07T08:57:08.702156+02:00;standby;24.5;28.3;5.0;28.0;48.7;57.0;0;0;0;0;16362.58;11280.08;5082.51;32429.705
2026-07-07T08:58:09.483028+02:00;standby;24.5;28.3;5.0;28.0;48.7;57.0;0;0;0;0;16362.58;11280.08;5082.51;32429.705
2026-07-07T08:59:09.991490+02:00;standby;24.5;28.3;5.0;28.0;48.6;57.0;0;0;0;0;16362.58;11280.08;5082.51;32429.705
2026-07-07T09:00:10.459818+02:00;standby;24.5;28.3;5.0;28.0;48.7;57.0;0;0;0;0;16362.58;11280.08;5082.51;32429.705
2026-07-07T09:01:11.021295+02:00;standby;24.5;28.3;5.0;28.0;48.6;57.0;0;0;0;0;16362.58;11280.08;5082.51;32429.705
2026-07-07T09:02:11.760300+02:00;standby;24.5;28.3;5.0;28.0;48.6;57.0;0;0;0;0;16362.58;11280.08;5082.51;32429.705
2026-07-07T09:03:12.476158+02:00;standby;24.5;28.3;5.0;28.0;48.6;57.0;0;0;0;0;16362.58;11280.08;5082.51;32429.705
2026-07-07T09:04:13.005125+02:00;standby;24.5;28.3;5.0;28.0;48.6;57.0;0;0;0;0;16362.58;11280.08;5082.51;32429.705
2026-07-07T09:05:13.592141+02:00;standby;24.5;28.3;5.0;28.0;48.6;57.0;0;0;0;0;16362.58;11280.08;5082.51;32429.705
2026-07-07T09:06:14.235050+02:00;standby;24.5;28.3;5.0;28.0;48.6;57.0;0;0;0;0;16362.58;11280.08;5082.51;32429.705
2026-07-07T09:07:14.788256+02:00;standby;24.5;28.3;5.0;28.0;48.6;57.0;0;0;0;0;16362.58;11280.08;5082.51;32429.705
2026-07-07T09:08:15.434530+02:00;standby;24.5;28.3;5.0;28.0;48.6;57.0;0;0;0;0;16362.58;11280.08;5082.51;32429.705
2026-07-07T09:09:15.997382+02:00;standby;24.5;28.2;5.0;28.0;48.6;57.0;0;0;0;0;16362.58;11280.08;5082.51;32429.705
2026-07-07T09:10:16.955549+02:00;standby;24.5;28.3;5.0;28.0;48.6;57.0;0;0;0;0;16362.58;11280.08;5082.51;32429.705
2026-07-07T09:11:17.501540+02:00;standby;24.5;28.3;5.0;28.0;48.5;57.0;0;0;0;0;16362.58;11280.08;5082.51;32429.705
2026-07-07T09:12:18.178523+02:00;standby;24.5;28.2;5.0;28.0;48.5;57.0;0;0;0;0;16362.58;11280.08;5082.51;32429.705
2026-07-07T09:13:18.804327+02:00;standby;24.5;28.2;5.0;28.0;48.5;57.0;0;0;0;0;16362.58;11280.08;5082.51;32429.705
2026-07-07T09:14:19.365305+02:00;standby;24.5;28.2;5.0;28.0;48.5;57.0;0;0;0;0;16362.58;11280.08;5082.51;32429.705
2026-07-07T09:15:20.250041+02:00;standby;24.5;28.2;5.0;28.0;48.5;57.0;0;0;0;0;16362.58;11280.08;5082.51;32429.705
2026-07-07T09:16:20.694429+02:00;standby;24.5;28.2;5.0;28.0;48.5;57.0;0;0;0;0;16362.58;11280.08;5082.51;32429.705
2026-07-07T09:17:21.547163+02:00;standby;24.5;28.2;5.0;28.0;48.5;57.0;0;0;0;0;16362.58;11280.08;5082.51;32429.705
2026-07-07T09:18:22.013191+02:00;standby;24.5;28.2;5.0;28.0;48.5;57.0;0;0;0;0;16362.58;11280.08;5082.51;32429.705
2026-07-07T09:19:22.455982+02:00;standby;24.5;28.2;5.0;28.0;48.4;57.0;0;0;0;0;16362.58;11280.08;5082.51;32429.705
2026-07-07T09:20:23.050087+02:00;standby;24.5;28.2;5.0;28.0;48.2;57.0;0;0;0;0;16362.58;11280.08;5082.51;32429.705
2026-07-07T09:21:23.657734+02:00;standby;24.5;28.2;5.0;28.0;48.1;57.0;0;0;0;0;16362.58;11280.08;5082.51;32429.705
2026-07-07T09:22:24.387341+02:00;standby;24.5;28.2;5.0;28.0;48.1;57.0;0;0;0;0;16362.58;11280.08;5082.51;32429.705
2026-07-07T09:23:25.087504+02:00;standby;24.5;28.2;5.0;28.0;47.8;57.0;0;0;0;0;16362.58;11280.08;5082.51;32429.705
2026-07-07T09:24:25.533318+02:00;standby;24.5;28.2;5.0;28.0;47.5;57.0;0;0;0;0;16362.58;11280.08;5082.51;32429.705
2026-07-07T09:25:26.143071+02:00;standby;24.5;28.2;5.0;28.0;47.5;57.0;0;0;0;0;16362.58;11280.08;5082.51;32429.705
2026-07-07T09:26:26.720977+02:00;standby;24.5;28.2;5.0;28.0;47.4;57.0;0;0;0;0;16362.58;11280.08;5082.51;32429.705
2026-07-07T09:27:27.351859+02:00;standby;24.5;28.2;5.0;28.0;47.4;57.0;0;0;0;0;16362.58;11280.08;5082.51;32429.705
2026-07-07T09:28:28.229648+02:00;standby;24.5;28.2;5.0;28.0;47.4;57.0;0;0;0;0;16362.58;11280.08;5082.51;32429.705
2026-07-07T09:29:28.742545+02:00;standby;24.5;28.2;5.0;28.0;47.4;57.0;0;0;0;0;16362.58;11280.08;5082.51;32429.705
2026-07-07T09:30:29.423240+02:00;standby;24.5;28.2;5.0;28.0;47.4;57.0;0;0;0;0;16362.58;11280.08;5082.51;32429.705
2026-07-07T09:31:29.985210+02:00;standby;24.5;28.2;5.0;28.0;47.3;57.0;0;0;0;0;16362.58;11280.08;5082.51;32429.705
2026-07-07T09:32:30.553452+02:00;standby;24.5;28.2;5.0;28.0;47.2;57.0;0;0;0;0;16362.58;11280.08;5082.51;32429.705
2026-07-07T09:33:31.556711+02:00;standby;24.5;28.2;5.0;28.0;47.2;57.0;0;0;0;0;16362.58;11280.08;5082.51;32429.705
2026-07-07T09:34:32.207805+02:00;standby;24.5;28.2;5.0;28.0;47.1;57.0;0;0;0;0;16362.58;11280.08;5082.51;32429.705
2026-07-07T09:35:32.731494+02:00;standby;24.5;28.2;5.0;28.0;47.1;57.0;0;0;0;0;16362.58;11280.08;5082.51;32429.705
2026-07-07T09:36:33.295390+02:00;standby;24.5;28.2;5.0;28.0;47.1;57.0;0;0;0;0;16362.58;11280.08;5082.51;32429.705
2026-07-07T09:37:34.126656+02:00;standby;24.5;28.2;5.0;28.0;47.1;57.0;0;0;0;0;16362.58;11280.08;5082.51;32429.705
2026-07-07T09:38:34.615372+02:00;standby;25.0;28.2;5.0;28.0;47.1;57.0;0;0;0;0;16362.58;11280.08;5082.51;32429.705
2026-07-07T09:39:35.084074+02:00;standby;25.0;28.2;5.0;28.0;47.1;57.0;0;0;0;0;16362.58;11280.08;5082.51;32429.705
2026-07-07T09:40:35.534364+02:00;standby;25.0;28.2;5.0;28.0;47.1;57.0;0;0;0;0;16362.58;11280.08;5082.51;32429.705
2026-07-07T09:41:36.054849+02:00;standby;25.0;28.2;5.0;28.0;47.1;57.0;0;0;0;0;16362.58;11280.08;5082.51;32429.705
2026-07-07T09:42:36.958894+02:00;standby;25.0;28.2;5.0;28.0;47.1;57.0;0;0;0;0;16362.58;11280.08;5082.51;32429.705
2026-07-07T09:43:37.546034+02:00;standby;25.0;28.2;5.0;28.0;47.1;57.0;0;0;0;0;16362.58;11280.08;5082.51;32429.705
2026-07-07T09:44:38.098478+02:00;standby;25.0;28.2;5.0;28.0;47.0;57.0;0;0;0;0;16362.58;11280.08;5082.51;32429.705
2026-07-07T09:45:38.683234+02:00;dhw;25.0;37.0;85.0;28.0;46.8;57.0;1;23;1;100;16362.62;11280.08;5082.55;32429.705
2026-07-07T09:45:49.190531+02:00;dhw;25.0;38.1;85.0;28.0;46.7;57.0;1;23;1;100;16362.63;11280.08;5082.55;32429.705
2026-07-07T09:46:00.110947+02:00;dhw;25.0;37.8;85.0;28.0;46.6;57.0;1;23;1;100;16362.64;11280.08;5082.56;32429.705
2026-07-07T09:46:10.874859+02:00;dhw;25.0;37.9;85.0;28.0;46.5;57.0;1;23;1;100;16362.65;11280.08;5082.57;32429.705
2026-07-07T09:46:21.691176+02:00;dhw;25.0;38.0;85.0;28.0;46.4;57.0;1;23;1;100;16362.66;11280.08;5082.58;32429.705
2026-07-07T09:46:32.441707+02:00;dhw;25.0;38.3;85.0;28.0;46.3;57.0;1;23;1;100;16362.67;11280.08;5082.59;32429.705
2026-07-07T09:46:42.996161+02:00;dhw;25.0;39.1;85.0;28.0;46.2;57.0;1;23;1;100;16362.68;11280.08;5082.6;32429.705
2026-07-07T09:46:53.869985+02:00;dhw;25.0;39.5;85.0;28.0;46.1;57.0;1;23;1;100;16362.68;11280.08;5082.61;32429.705
2026-07-07T09:47:04.494244+02:00;dhw;25.0;40.0;85.0;28.0;46.0;57.0;1;27;1;100;16362.69;11280.08;5082.61;32429.705
2026-07-07T09:47:15.044292+02:00;dhw;25.0;42.4;85.0;28.0;45.9;57.0;1;48;1;100;16362.72;11280.08;5082.64;32429.705
2026-07-07T09:47:25.649736+02:00;dhw;25.0;44.1;85.0;28.0;45.9;57.0;1;59;1;100;16362.74;11280.08;5082.66;32429.705
2026-07-07T09:47:36.275729+02:00;dhw;25.0;46.1;85.0;28.0;45.7;57.0;1;71;1;100;16362.76;11280.08;5082.69;32429.705
2026-07-07T09:47:46.905463+02:00;dhw;25.0;48.0;85.0;28.0;45.7;57.0;1;80;1;100;16362.79;11280.08;5082.72;32429.705
2026-07-07T09:47:57.462154+02:00;dhw;25.0;50.2;85.0;28.0;45.6;57.0;1;91;1;100;16362.82;11280.08;5082.75;32429.705
2026-07-07T09:48:08.228033+02:00;dhw;25.0;53.0;85.0;28.0;45.6;57.0;1;105;1;100;16362.87;11280.08;5082.79;32429.705
2026-07-07T09:48:18.854775+02:00;dhw;25.0;55.1;85.0;28.0;45.5;57.0;1;108;1;100;16362.91;11280.08;5082.83;32429.705
2026-07-07T09:48:29.321772+02:00;dhw;25.0;58.0;85.0;28.0;45.5;57.0;1;108;1;100;16362.96;11280.08;5082.88;32429.705
2026-07-07T09:48:39.940846+02:00;dhw;25.0;60.0;85.0;28.0;45.5;57.0;1;108;1;100;16363.0;11280.08;5082.93;32429.705
2026-07-07T09:48:50.484454+02:00;dhw;25.0;61.1;85.0;28.0;45.5;57.0;1;108;1;100;16363.03;11280.08;5082.95;32429.705
2026-07-07T09:49:01.107774+02:00;dhw;25.0;63.1;85.0;28.0;45.5;57.0;1;108;1;100;16363.08;11280.08;5083.0;32429.705
2026-07-07T09:49:11.678293+02:00;dhw;25.0;64.0;85.0;28.0;45.6;57.0;1;108;1;100;16363.11;11280.08;5083.03;32429.705
2026-07-07T09:49:22.202110+02:00;dhw;25.0;65.2;85.0;28.0;45.6;57.0;1;108;1;100;16363.15;11280.08;5083.08;32429.705
2026-07-07T09:49:32.794248+02:00;dhw;25.0;66.2;85.0;28.0;45.7;57.0;1;108;1;100;16363.19;11280.08;5083.12;32429.705
2026-07-07T09:49:43.634486+02:00;dhw;25.0;67.1;85.0;28.0;45.8;57.0;1;108;1;100;16363.23;11280.08;5083.16;32429.705
2026-07-07T09:49:54.436083+02:00;dhw;25.0;68.5;85.0;28.0;45.9;57.0;1;108;1;100;16363.32;11280.08;5083.24;32429.705
2026-07-07T09:50:05.094412+02:00;dhw;25.0;69.2;85.0;28.0;46.2;57.0;1;108;1;100;16363.36;11280.08;5083.28;32429.805
2026-07-07T09:50:15.678608+02:00;dhw;25.0;69.8;85.0;28.0;46.3;57.0;1;108;1;100;16363.4;11280.08;5083.32;32429.805
2026-07-07T09:50:26.224893+02:00;dhw;25.0;70.3;85.0;28.0;46.5;57.0;1;108;1;100;16363.44;11280.08;5083.37;32429.805
2026-07-07T09:50:36.809040+02:00;dhw;25.0;70.7;85.0;28.0;46.7;57.0;1;108;1;100;16363.48;11280.08;5083.41;32429.805
2026-07-07T09:50:47.488037+02:00;dhw;25.0;71.1;85.0;28.0;46.8;57.0;1;108;1;100;16363.53;11280.08;5083.45;32429.805
2026-07-07T09:50:58.299121+02:00;dhw;25.0;71.5;85.0;28.0;47.0;57.0;1;108;1;100;16363.57;11280.08;5083.49;32429.805
2026-07-07T09:51:09.032937+02:00;dhw;25.0;72.1;85.0;28.0;47.2;57.0;1;108;1;100;16363.63;11280.08;5083.55;32429.805
2026-07-07T09:51:19.657308+02:00;dhw;25.0;72.2;85.0;28.0;47.5;57.0;1;108;1;100;16363.65;11280.08;5083.57;32429.805
2026-07-07T09:51:30.250198+02:00;dhw;25.0;72.6;85.0;28.0;47.7;57.0;1;108;1;100;16363.7;11280.08;5083.62;32429.805
2026-07-07T09:51:41.181901+02:00;dhw;25.0;73.0;85.0;28.0;47.9;57.0;1;108;1;100;16363.76;11280.08;5083.68;32429.805
2026-07-07T09:51:51.869533+02:00;dhw;25.0;73.1;85.0;28.0;48.1;57.0;1;108;1;100;16363.78;11280.08;5083.7;32429.805
2026-07-07T09:52:02.460577+02:00;dhw;25.0;73.4;85.0;28.0;48.4;57.0;1;108;1;100;16363.82;11280.08;5083.74;32429.805
2026-07-07T09:52:13.155443+02:00;dhw;25.0;73.7;85.0;28.0;48.6;57.0;1;108;1;100;16363.86;11280.08;5083.79;32429.805
2026-07-07T09:52:23.778741+02:00;dhw;25.0;74.2;85.0;28.0;48.8;57.0;1;108;1;100;16363.94;11280.08;5083.87;32429.805
2026-07-07T09:52:34.428652+02:00;dhw;25.0;74.5;85.0;28.0;49.2;57.0;1;108;1;100;16363.99;11280.08;5083.91;32429.805
2026-07-07T09:52:45.184414+02:00;dhw;25.0;74.8;85.0;28.0;49.4;57.0;1;108;1;100;16364.03;11280.08;5083.95;32429.805
2026-07-07T09:52:55.772990+02:00;dhw;25.0;75.1;85.0;28.0;49.6;57.0;1;108;1;100;16364.07;11280.08;5084.0;32429.805
2026-07-07T09:53:06.482595+02:00;dhw;25.0;75.2;85.0;28.0;49.8;57.0;1;108;1;100;16364.11;11280.08;5084.03;32429.805
2026-07-07T09:53:17.009397+02:00;dhw;25.0;75.5;85.0;28.0;49.9;57.0;1;108;1;100;16364.15;11280.08;5084.08;32429.805
2026-07-07T09:53:27.658201+02:00;dhw;25.0;75.6;85.0;28.0;50.1;57.0;1;108;1;100;16364.2;11280.08;5084.12;32429.805
2026-07-07T09:53:38.126490+02:00;dhw;25.0;76.1;85.0;28.0;50.2;57.0;1;108;1;100;16364.25;11280.08;5084.18;32429.805
2026-07-07T09:53:50.356215+02:00;dhw;25.0;76.2;85.0;28.0;50.4;57.0;1;108;1;100;16364.28;11280.08;5084.2;32429.805
2026-07-07T09:54:01.181019+02:00;dhw;25.0;76.4;85.0;28.0;50.5;57.0;1;108;1;100;16364.32;11280.08;5084.24;32429.805
2026-07-07T09:54:11.822233+02:00;dhw;25.0;76.7;85.0;28.0;50.7;57.0;1;108;1;100;16364.36;11280.08;5084.29;32429.904
2026-07-07T09:54:22.403515+02:00;dhw;25.0;77.0;85.0;28.0;50.8;57.0;1;108;1;100;16364.43;11280.08;5084.35;32429.904
2026-07-07T09:54:33.144297+02:00;dhw;25.0;77.0;85.0;28.0;51.1;57.0;1;108;1;100;16364.45;11280.08;5084.37;32429.904
2026-07-07T09:54:43.668016+02:00;dhw;25.0;77.4;85.0;28.0;51.3;57.0;1;108;1;100;16364.53;11280.08;5084.45;32429.904
2026-07-07T09:54:54.208281+02:00;dhw;25.0;77.6;85.0;28.0;51.5;57.0;1;108;1;100;16364.57;11280.08;5084.5;32429.904
2026-07-07T09:55:04.941010+02:00;dhw;25.0;77.9;85.0;28.0;51.7;57.0;1;108;1;100;16364.61;11280.08;5084.54;32429.904
2026-07-07T09:55:15.941544+02:00;dhw;25.0;78.0;85.0;28.0;51.8;57.0;1;108;1;100;16364.66;11280.08;5084.58;32429.904
2026-07-07T09:55:26.941122+02:00;dhw;25.0;78.2;85.0;28.0;51.9;57.0;1;108;1;100;16364.7;11280.08;5084.62;32429.904
2026-07-07T09:55:37.605091+02:00;dhw;25.0;78.3;85.0;28.0;52.1;57.0;1;108;1;100;16364.74;11280.08;5084.66;32429.904
2026-07-07T09:55:48.174657+02:00;dhw;25.0;78.5;85.0;28.0;52.2;57.0;1;108;1;100;16364.78;11280.08;5084.7;32429.904
2026-07-07T09:55:58.720737+02:00;dhw;25.0;78.8;85.0;28.0;52.4;57.0;1;108;1;100;16364.82;11280.08;5084.75;32429.904
2026-07-07T09:56:09.228245+02:00;dhw;25.0;79.0;85.0;28.0;52.5;57.0;1;108;1;100;16364.86;11280.08;5084.79;32429.904
2026-07-07T09:56:19.833351+02:00;dhw;25.0;79.1;85.0;28.0;52.7;57.0;1;108;1;100;16364.91;11280.08;5084.83;32429.904
2026-07-07T09:56:30.575969+02:00;dhw;25.0;79.5;85.0;28.0;52.8;57.0;1;108;1;100;16364.95;11280.08;5084.88;32429.904
2026-07-07T09:56:41.872201+02:00;dhw;25.0;79.6;85.0;28.0;52.9;57.0;1;108;1;100;16364.99;11280.08;5084.92;32429.904
2026-07-07T09:56:52.481055+02:00;dhw;25.0;79.8;85.0;28.0;53.3;57.0;1;108;1;100;16365.03;11280.08;5084.96;32429.904
2026-07-07T09:57:03.058501+02:00;dhw;25.0;80.1;85.0;28.0;53.5;57.0;1;108;1;100;16365.12;11280.08;5085.04;32429.904
2026-07-07T09:57:13.702589+02:00;dhw;25.0;80.4;85.0;28.0;53.6;57.0;1;108;1;100;16365.16;11280.08;5085.08;32429.904
2026-07-07T09:57:24.373276+02:00;dhw;25.0;80.6;85.0;28.0;53.8;57.0;1;108;1;100;16365.2;11280.08;5085.13;32429.904
2026-07-07T09:57:34.976725+02:00;dhw;25.0;80.7;85.0;28.0;54.0;57.0;1;108;1;100;16365.24;11280.08;5085.17;32429.904
2026-07-07T09:57:45.489495+02:00;dhw;25.0;80.9;85.0;28.0;54.1;57.0;1;108;1;100;16365.28;11280.08;5085.21;32429.904
2026-07-07T09:57:56.282692+02:00;dhw;25.0;81.1;85.0;28.0;54.3;57.0;1;108;1;100;16365.33;11280.08;5085.25;32429.904
2026-07-07T09:58:06.939083+02:00;dhw;25.0;81.2;85.0;28.0;54.4;57.0;1;108;1;100;16365.37;11280.08;5085.29;32429.904
2026-07-07T09:58:17.474319+02:00;dhw;25.0;81.4;85.0;28.0;54.6;57.0;1;108;1;100;16365.41;11280.08;5085.33;32430.004
2026-07-07T09:58:28.123477+02:00;dhw;25.0;81.5;85.0;28.0;54.8;57.0;1;108;1;100;16365.45;11280.08;5085.37;32430.004
2026-07-07T09:58:38.571886+02:00;dhw;25.0;81.7;85.0;28.0;54.9;57.0;1;108;1;100;16365.49;11280.08;5085.42;32430.004
2026-07-07T09:58:49.383084+02:00;dhw;25.0;82.0;85.0;28.0;55.2;57.0;1;108;1;100;16365.56;11280.08;5085.48;32430.004
2026-07-07T09:58:59.876411+02:00;dhw;25.0;82.0;85.0;28.0;55.4;57.0;1;108;1;100;16365.58;11280.08;5085.5;32430.004
2026-07-07T09:59:10.318787+02:00;dhw;25.0;82.2;85.0;28.0;55.5;57.0;1;108;1;100;16365.62;11280.08;5085.54;32430.004
2026-07-07T09:59:20.879551+02:00;dhw;25.0;82.5;85.0;28.0;55.7;57.0;1;108;1;100;16365.66;11280.08;5085.58;32430.004
2026-07-07T09:59:32.104538+02:00;dhw;25.0;82.7;85.0;28.0;55.9;57.0;1;108;1;100;16365.74;11280.08;5085.67;32430.004
2026-07-07T09:59:42.654178+02:00;dhw;25.0;82.8;85.0;28.0;56.2;57.0;1;108;1;100;16365.79;11280.08;5085.71;32430.004
2026-07-07T09:59:53.239293+02:00;dhw;25.0;83.0;85.0;28.0;56.4;57.0;1;108;1;100;16365.83;11280.08;5085.75;32430.004
2026-07-07T10:00:03.765089+02:00;dhw;25.0;83.4;85.0;28.0;56.6;57.0;1;108;1;100;16365.87;11280.08;5085.79;32430.004
2026-07-07T10:00:14.380019+02:00;dhw;25.0;83.5;85.0;28.0;56.8;57.0;1;108;1;100;16365.91;11280.08;5085.84;32430.004
2026-07-07T10:00:24.964956+02:00;standby;25.0;83.8;85.0;28.0;57.1;57.0;0;0;1;10;16365.94;11280.08;5085.87;32430.004
2026-07-07T10:00:35.716259+02:00;standby;25.0;82.9;85.0;28.0;57.3;57.0;0;0;1;10;16365.94;11280.08;5085.87;32430.004
2026-07-07T10:00:46.141424+02:00;standby;25.0;80.8;85.0;28.0;57.4;57.0;0;0;1;10;16365.94;11280.08;5085.87;32430.004
2026-07-07T10:00:56.953225+02:00;standby;25.0;77.9;85.0;28.0;57.6;57.0;0;0;1;10;16365.94;11280.08;5085.87;32430.004
2026-07-07T10:01:07.442791+02:00;standby;25.0;75.9;85.0;28.0;57.8;57.0;0;0;1;10;16365.94;11280.08;5085.87;32430.004
2026-07-07T10:01:17.866290+02:00;standby;25.0;73.8;85.0;28.0;58.0;57.0;0;0;1;10;16365.94;11280.08;5085.87;32430.004
2026-07-07T10:02:18.591025+02:00;standby;25.0;66.9;5.0;28.0;58.8;57.0;0;0;1;10;16365.94;11280.08;5085.87;32430.004
2026-07-07T10:03:19.053583+02:00;standby;25.0;62.9;5.0;28.0;59.4;57.0;0;0;0;10;16365.94;11280.08;5085.87;32430.004
2026-07-07T10:04:19.649344+02:00;standby;25.0;63.6;5.0;28.0;59.6;57.0;0;0;0;0;16365.94;11280.08;5085.87;32430.004
2026-07-07T10:05:20.131263+02:00;standby;25.0;64.1;5.0;28.0;59.8;57.0;0;0;0;0;16365.94;11280.08;5085.87;32430.004
2026-07-07T10:06:20.583717+02:00;standby;25.0;64.2;5.0;28.0;59.8;57.0;0;0;0;0;16365.94;11280.08;5085.87;32430.004
2026-07-07T10:07:21.043445+02:00;standby;25.0;64.3;5.0;28.0;59.9;57.0;0;0;0;0;16365.94;11280.08;5085.87;32430.004
2026-07-07T10:08:21.564736+02:00;standby;25.0;64.3;5.0;28.0;59.9;57.0;0;0;0;0;16365.94;11280.08;5085.87;32430.004
2026-07-07T10:09:22.581405+02:00;standby;25.0;64.3;5.0;28.0;59.9;57.0;0;0;0;0;16365.94;11280.08;5085.87;32430.004
2026-07-07T10:10:23.088658+02:00;standby;25.0;64.2;5.0;28.0;59.9;57.0;0;0;0;0;16365.94;11280.08;5085.87;32430.004
2026-07-07T10:11:23.947308+02:00;standby;25.0;64.1;5.0;28.0;59.9;57.0;0;0;0;0;16365.94;11280.08;5085.87;32430.004
2026-07-07T10:12:24.479276+02:00;standby;25.0;64.0;5.0;28.0;59.9;57.0;0;0;0;0;16365.94;11280.08;5085.87;32430.004
2026-07-07T10:13:25.057035+02:00;standby;25.0;63.8;5.0;28.0;59.9;57.0;0;0;0;0;16365.94;11280.08;5085.87;32430.004
2026-07-07T10:14:25.539818+02:00;standby;25.0;63.7;5.0;28.0;59.9;57.0;0;0;0;0;16365.94;11280.08;5085.87;32430.004
2026-07-07T10:15:26.024601+02:00;standby;25.0;63.6;5.0;28.0;59.9;57.0;0;0;0;0;16365.94;11280.08;5085.87;32430.004
2026-07-07T10:16:26.493152+02:00;standby;25.0;63.5;5.0;28.0;59.9;57.0;0;0;0;0;16365.94;11280.08;5085.87;32430.004
2026-07-07T10:17:26.942702+02:00;standby;25.0;63.4;5.0;28.0;59.9;57.0;0;0;0;0;16365.94;11280.08;5085.87;32430.004
2026-07-07T10:18:27.447238+02:00;standby;25.0;63.3;5.0;28.0;59.8;57.0;0;0;0;0;16365.94;11280.08;5085.87;32430.004
2026-07-07T10:19:27.914067+02:00;standby;25.0;63.1;5.0;28.0;59.8;57.0;0;0;0;0;16365.94;11280.08;5085.87;32430.004
2026-07-07T10:20:28.388128+02:00;standby;25.0;63.0;5.0;28.0;59.8;57.0;0;0;0;0;16365.94;11280.08;5085.87;32430.004
2026-07-07T10:21:28.848871+02:00;standby;25.0;62.8;5.0;28.0;59.8;57.0;0;0;0;0;16365.94;11280.08;5085.87;32430.004
2026-07-07T10:22:29.302439+02:00;standby;25.0;62.7;5.0;28.0;59.8;57.0;0;0;0;0;16365.94;11280.08;5085.87;32430.004
2026-07-07T10:23:29.881284+02:00;standby;25.0;62.6;5.0;28.0;59.8;57.0;0;0;0;0;16365.94;11280.08;5085.87;32430.004
2026-07-07T10:24:31.731582+02:00;standby;25.0;62.4;5.0;28.0;59.8;57.0;0;0;0;0;16365.94;11280.08;5085.87;32430.004
2026-07-07T10:25:32.190233+02:00;standby;25.0;62.3;5.0;28.0;59.8;57.0;0;0;0;0;16365.94;11280.08;5085.87;32430.004
2026-07-07T10:26:32.621981+02:00;standby;25.0;62.2;5.0;28.0;59.8;57.0;0;0;0;0;16365.94;11280.08;5085.87;32430.004
2026-07-07T10:27:33.096261+02:00;standby;25.0;62.0;5.0;28.0;59.8;57.0;0;0;0;0;16365.94;11280.08;5085.87;32430.004
2026-07-07T10:28:33.567957+02:00;standby;25.0;61.9;5.0;28.0;59.8;57.0;0;0;0;0;16365.94;11280.08;5085.87;32430.004
2026-07-07T10:29:34.369285+02:00;standby;25.0;61.7;5.0;28.0;59.8;57.0;0;0;0;0;16365.94;11280.08;5085.87;32430.004
2026-07-07T10:30:35.527457+02:00;standby;25.0;61.6;5.0;28.0;59.7;57.0;0;0;0;0;16365.94;11280.08;5085.87;32430.004
2026-07-07T10:31:36.045127+02:00;standby;25.0;61.5;5.0;28.0;59.7;57.0;0;0;0;0;16365.94;11280.08;5085.87;32430.004
2026-07-07T10:32:36.543494+02:00;standby;25.0;61.3;5.0;28.0;59.7;57.0;0;0;0;0;16365.94;11280.08;5085.87;32430.004
2026-07-07T10:33:37.238060+02:00;standby;25.0;61.2;5.0;28.0;59.7;57.0;0;0;0;0;16365.94;11280.08;5085.87;32430.004
2026-07-07T10:34:37.681998+02:00;standby;25.0;61.0;5.0;28.0;59.7;57.0;0;0;0;0;16365.94;11280.08;5085.87;32430.004
2026-07-07T10:35:38.159275+02:00;standby;25.0;60.9;5.0;28.0;59.7;57.0;0;0;0;0;16365.94;11280.08;5085.87;32430.004
2026-07-07T10:36:38.589460+02:00;standby;25.0;60.7;5.0;28.0;59.7;57.0;0;0;0;0;16365.94;11280.08;5085.87;32430.004
2026-07-07T10:37:39.261405+02:00;standby;25.0;60.6;5.0;28.0;59.7;57.0;0;0;0;0;16365.94;11280.08;5085.87;32430.004
2026-07-07T10:38:39.831704+02:00;standby;26.4;60.5;5.0;28.0;59.7;57.0;0;0;0;0;16365.94;11280.08;5085.87;32430.004
2026-07-07T10:39:40.299411+02:00;standby;26.4;60.3;5.0;28.0;59.7;57.0;0;0;0;0;16365.94;11280.08;5085.87;32430.004
2026-07-07T10:40:41.164779+02:00;standby;26.4;60.1;5.0;28.0;59.7;57.0;0;0;0;0;16365.94;11280.08;5085.87;32430.004
2026-07-07T10:41:41.643115+02:00;standby;26.4;60.0;5.0;28.0;59.6;57.0;0;0;0;0;16365.94;11280.08;5085.87;32430.004
2026-07-07T10:42:42.164489+02:00;standby;26.4;59.9;5.0;28.0;59.7;57.0;0;0;0;0;16365.94;11280.08;5085.87;32430.004
2026-07-07T10:43:42.682423+02:00;standby;26.4;59.7;5.0;28.0;59.6;57.0;0;0;0;0;16365.94;11280.08;5085.87;32430.004
2026-07-07T10:44:43.212398+02:00;standby;26.4;59.5;5.0;28.0;59.6;57.0;0;0;0;0;16365.94;11280.08;5085.87;32430.004
2026-07-07T10:45:43.725856+02:00;standby;26.4;59.4;5.0;28.0;59.6;57.0;0;0;0;0;16365.94;11280.08;5085.87;32430.004
2026-07-07T10:46:44.241258+02:00;standby;26.4;59.2;5.0;28.0;59.6;57.0;0;0;0;0;16365.94;11280.08;5085.87;32430.004
2026-07-07T10:47:44.756634+02:00;standby;26.4;59.1;5.0;28.0;59.6;57.0;0;0;0;0;16365.94;11280.08;5085.87;32430.004
2026-07-07T10:48:45.429647+02:00;standby;26.4;59.0;5.0;28.0;59.6;57.0;0;0;0;0;16365.94;11280.08;5085.87;32430.004
2026-07-07T10:49:45.897877+02:00;standby;26.4;58.9;5.0;28.0;59.6;57.0;0;0;0;0;16365.94;11280.08;5085.87;32430.004
2026-07-07T10:50:46.733230+02:00;standby;26.4;58.6;5.0;28.0;59.6;57.0;0;0;0;0;16365.94;11280.08;5085.87;32430.004
2026-07-07T10:51:47.471993+02:00;standby;26.4;58.5;5.0;28.0;59.6;57.0;0;0;0;0;16365.94;11280.08;5085.87;32430.004
2026-07-07T10:52:48.015975+02:00;standby;26.4;58.4;5.0;28.0;59.6;57.0;0;0;0;0;16365.94;11280.08;5085.87;32430.004
2026-07-07T10:53:48.915260+02:00;standby;26.4;58.2;5.0;28.0;59.6;57.0;0;0;0;0;16365.94;11280.08;5085.87;32430.004
2026-07-07T10:54:49.640189+02:00;standby;26.4;58.1;5.0;28.0;59.6;57.0;0;0;0;0;16365.94;11280.08;5085.87;32430.004
2026-07-07T10:55:51.581663+02:00;standby;26.4;58.0;5.0;28.0;59.6;57.0;0;0;0;0;16365.94;11280.08;5085.87;32430.004
2026-07-07T10:56:52.148365+02:00;standby;26.4;57.7;5.0;28.0;59.6;57.0;0;0;0;0;16365.94;11280.08;5085.87;32430.004
2026-07-07T10:57:52.613131+02:00;standby;26.4;57.6;5.0;28.0;59.5;57.0;0;0;0;0;16365.94;11280.08;5085.87;32430.004
2026-07-07T10:58:53.054986+02:00;standby;26.4;57.5;5.0;28.0;59.5;57.0;0;0;0;0;16365.94;11280.08;5085.87;32430.004
2026-07-07T10:59:53.550741+02:00;standby;26.4;57.4;5.0;28.0;59.5;57.0;0;0;0;0;16365.94;11280.08;5085.87;32430.004
2026-07-07T11:00:54.018070+02:00;standby;26.4;57.2;5.0;28.0;59.5;57.0;0;0;0;0;16365.94;11280.08;5085.87;32430.004
2026-07-07T11:01:54.536006+02:00;standby;26.4;57.0;5.0;28.0;59.5;57.0;0;0;0;0;16365.94;11280.08;5085.87;32430.004
2026-07-07T11:02:55.524134+02:00;standby;26.4;56.9;5.0;28.0;59.5;57.0;0;0;0;0;16365.94;11280.08;5085.87;32430.004
2026-07-07T11:03:56.052735+02:00;standby;26.4;56.8;5.0;28.0;59.5;57.0;0;0;0;0;16365.94;11280.08;5085.87;32430.004
2026-07-07T11:04:56.585649+02:00;standby;26.4;56.6;5.0;28.0;59.5;57.0;0;0;0;0;16365.94;11280.08;5085.87;32430.004
2026-07-07T11:05:57.079359+02:00;standby;26.4;56.5;5.0;28.0;59.5;57.0;0;0;0;0;16365.94;11280.08;5085.87;32430.004
2026-07-07T11:06:57.598987+02:00;standby;26.4;56.4;5.0;28.0;59.5;57.0;0;0;0;0;16365.94;11280.08;5085.87;32430.004
2026-07-07T11:07:58.062001+02:00;standby;26.4;56.1;5.0;28.0;59.5;57.0;0;0;0;0;16365.94;11280.08;5085.87;32430.004
2026-07-07T11:08:58.651416+02:00;standby;26.4;56.0;5.0;28.0;59.5;57.0;0;0;0;0;16365.94;11280.08;5085.87;32430.004
2026-07-07T11:09:59.365935+02:00;standby;26.4;55.9;5.0;28.0;59.5;57.0;0;0;0;0;16365.94;11280.08;5085.87;32430.004
2026-07-07T11:10:59.908587+02:00;standby;26.4;55.8;5.0;28.0;59.4;57.0;0;0;0;0;16365.94;11280.08;5085.87;32430.004
2026-07-07T11:12:00.509822+02:00;standby;26.4;55.6;5.0;28.0;59.5;57.0;0;0;0;0;16365.94;11280.08;5085.87;32430.004
2026-07-07T11:13:01.137910+02:00;standby;26.4;55.5;5.0;28.0;59.4;57.0;0;0;0;0;16365.94;11280.08;5085.87;32430.004
2026-07-07T11:14:01.651377+02:00;standby;26.4;55.3;5.0;28.0;59.4;57.0;0;0;0;0;16365.94;11280.08;5085.87;32430.004
2026-07-07T11:15:02.318402+02:00;standby;26.4;55.2;5.0;28.0;59.4;57.0;0;0;0;0;16365.94;11280.08;5085.87;32430.004
2026-07-07T11:16:02.900486+02:00;standby;26.4;55.1;5.0;28.0;59.4;57.0;0;0;0;0;16365.94;11280.08;5085.87;32430.004
2026-07-07T11:17:03.638182+02:00;standby;26.4;54.9;5.0;28.0;59.4;57.0;0;0;0;0;16365.94;11280.08;5085.87;32430.004
2026-07-07T11:18:04.235425+02:00;standby;26.4;54.8;5.0;28.0;59.4;57.0;0;0;0;0;16365.94;11280.08;5085.87;32430.004
2026-07-07T11:19:04.768198+02:00;standby;26.4;54.7;5.0;28.0;59.4;57.0;0;0;0;0;16365.94;11280.08;5085.87;32430.004
2026-07-07T11:20:05.286194+02:00;standby;26.4;54.6;5.0;28.0;59.4;57.0;0;0;0;0;16365.94;11280.08;5085.87;32430.004
2026-07-07T11:21:05.790535+02:00;standby;26.4;54.3;5.0;28.0;59.4;57.0;0;0;0;0;16365.94;11280.08;5085.87;32430.004
2026-07-07T11:22:06.628979+02:00;standby;26.4;54.2;5.0;28.0;59.4;57.0;0;0;0;0;16365.94;11280.08;5085.87;32430.004
2026-07-07T11:23:07.252167+02:00;standby;26.4;54.1;5.0;28.0;59.4;57.0;0;0;0;0;16365.94;11280.08;5085.87;32430.004
2026-07-07T11:24:07.718015+02:00;standby;26.4;54.0;5.0;28.0;59.4;57.0;0;0;0;0;16365.94;11280.08;5085.87;32430.004
2026-07-07T11:25:08.421611+02:00;standby;26.4;53.9;5.0;28.0;59.4;57.0;0;0;0;0;16365.94;11280.08;5085.87;32430.004
2026-07-07T11:26:08.899914+02:00;standby;26.4;53.8;5.0;28.0;59.4;57.0;0;0;0;0;16365.94;11280.08;5085.87;32430.004
2026-07-07T11:27:09.420360+02:00;standby;26.4;53.6;5.0;28.0;59.3;57.0;0;0;0;0;16365.94;11280.08;5085.87;32430.004
2026-07-07T11:28:10.003204+02:00;standby;26.4;53.4;5.0;28.0;59.3;57.0;0;0;0;0;16365.94;11280.08;5085.87;32430.004
2026-07-07T11:29:10.775254+02:00;standby;26.4;53.3;5.0;28.0;59.3;57.0;0;0;0;0;16365.94;11280.08;5085.87;32430.004
2026-07-07T11:30:11.285984+02:00;standby;26.4;53.2;5.0;28.0;59.3;57.0;0;0;0;0;16365.94;11280.08;5085.87;32430.004
2026-07-07T11:31:11.765717+02:00;standby;26.4;53.1;5.0;28.0;59.3;57.0;0;0;0;0;16365.94;11280.08;5085.87;32430.004
2026-07-07T11:32:12.656643+02:00;standby;26.4;53.0;5.0;28.0;59.3;57.0;0;0;0;0;16365.94;11280.08;5085.87;32430.004
2026-07-07T11:33:13.210853+02:00;standby;26.4;52.9;5.0;28.0;59.3;57.0;0;0;0;0;16365.94;11280.08;5085.87;32430.004
2026-07-07T11:34:13.679489+02:00;standby;26.4;52.7;5.0;28.0;59.3;57.0;0;0;0;0;16365.94;11280.08;5085.87;32430.004
2026-07-07T11:35:14.193334+02:00;standby;26.4;52.6;5.0;28.0;59.3;57.0;0;0;0;0;16365.94;11280.08;5085.87;32430.004
2026-07-07T11:36:14.718565+02:00;standby;26.4;52.4;5.0;28.0;59.3;57.0;0;0;0;0;16365.94;11280.08;5085.87;32430.004
2026-07-07T11:37:15.286147+02:00;standby;26.4;52.3;5.0;28.0;59.3;57.0;0;0;0;0;16365.94;11280.08;5085.87;32430.004
2026-07-07T11:38:16.381316+02:00;standby;26.4;52.2;5.0;28.0;59.3;57.0;0;0;0;0;16365.94;11280.08;5085.87;32430.004
2026-07-07T11:39:17.196521+02:00;standby;27.6;52.1;5.0;28.0;59.3;57.0;0;0;0;0;16365.94;11280.08;5085.87;32430.004
2026-07-07T11:40:17.771880+02:00;standby;27.6;52.0;5.0;28.0;59.2;57.0;0;0;0;0;16365.94;11280.08;5085.87;32430.004
2026-07-07T11:41:18.222602+02:00;standby;27.6;51.9;5.0;28.0;59.2;57.0;0;0;0;0;16365.94;11280.08;5085.87;32430.004
2026-07-07T11:42:18.758368+02:00;standby;27.6;51.8;5.0;28.0;59.2;57.0;0;0;0;0;16365.94;11280.08;5085.87;32430.004
2026-07-07T11:43:19.287997+02:00;standby;27.6;51.6;5.0;28.0;59.2;57.0;0;0;0;0;16365.94;11280.08;5085.87;32430.004
2026-07-07T11:44:19.889544+02:00;standby;27.6;51.4;5.0;28.0;59.2;57.0;0;0;0;0;16365.94;11280.08;5085.87;32430.004
2026-07-07T11:45:20.413446+02:00;standby;27.6;51.3;5.0;28.0;59.2;57.0;0;0;0;0;16365.94;11280.08;5085.87;32430.004
2026-07-07T11:46:21.038785+02:00;standby;27.6;51.2;5.0;28.0;59.2;57.0;0;0;0;0;16365.94;11280.08;5085.87;32430.004
2026-07-07T11:47:21.603290+02:00;standby;27.6;51.1;5.0;28.0;59.2;57.0;0;0;0;0;16365.94;11280.08;5085.87;32430.004
2026-07-07T11:48:22.013646+02:00;standby;27.6;51.0;5.0;28.0;59.2;57.0;0;0;0;0;16365.94;11280.08;5085.87;32430.004
2026-07-07T11:49:22.482716+02:00;standby;27.6;50.9;5.0;28.0;59.2;57.0;0;0;0;0;16365.94;11280.08;5085.87;32430.004
2026-07-07T11:50:22.959589+02:00;standby;27.6;50.8;5.0;28.0;59.2;57.0;0;0;0;0;16365.94;11280.08;5085.87;32430.004
2026-07-07T11:51:23.421118+02:00;standby;27.6;50.7;5.0;28.0;59.2;57.0;0;0;0;0;16365.94;11280.08;5085.87;32430.004
2026-07-07T11:52:23.957212+02:00;standby;27.6;50.6;5.0;28.0;59.2;57.0;0;0;0;0;16365.94;11280.08;5085.87;32430.004
2026-07-07T11:53:24.695047+02:00;standby;27.6;50.4;5.0;28.0;59.1;57.0;0;0;0;0;16365.94;11280.08;5085.87;32430.004
2026-07-07T11:54:25.218141+02:00;standby;27.6;50.3;5.0;28.0;59.1;57.0;0;0;0;0;16365.94;11280.08;5085.87;32430.004
2026-07-07T11:55:25.697491+02:00;standby;27.6;50.2;5.0;28.0;59.1;57.0;0;0;0;0;16365.94;11280.08;5085.87;32430.004
2026-07-07T11:56:26.220343+02:00;standby;27.6;50.1;5.0;28.0;59.1;57.0;0;0;0;0;16365.94;11280.08;5085.87;32430.004
2026-07-07T11:57:26.744959+02:00;standby;27.6;50.0;5.0;28.0;59.1;57.0;0;0;0;0;16365.94;11280.08;5085.87;32430.004
2026-07-07T11:58:27.266375+02:00;standby;27.6;49.9;5.0;28.0;59.1;57.0;0;0;0;0;16365.94;11280.08;5085.87;32430.004
2026-07-07T11:59:27.786442+02:00;standby;27.6;49.8;5.0;28.0;59.1;57.0;0;0;0;0;16365.94;11280.08;5085.87;32430.004
2026-07-07T12:00:28.296459+02:00;standby;27.6;49.8;5.0;28.0;59.1;57.0;0;0;0;0;16365.94;11280.08;5085.87;32430.004
2026-07-07T12:01:28.815171+02:00;standby;27.6;49.5;5.0;28.0;59.1;57.0;0;0;0;0;16365.94;11280.08;5085.87;32430.004
2026-07-07T12:02:29.352853+02:00;standby;27.6;49.4;5.0;28.0;59.1;57.0;0;0;0;0;16365.94;11280.08;5085.87;32430.004
2026-07-07T12:03:30.085540+02:00;standby;27.6;49.4;5.0;28.0;59.1;57.0;0;0;0;0;16365.94;11280.08;5085.87;32430.004
2026-07-07T12:04:30.584453+02:00;standby;27.6;49.3;5.0;28.0;59.1;57.0;0;0;0;0;16365.94;11280.08;5085.87;32430.004
2026-07-07T12:05:31.115511+02:00;standby;27.6;49.1;5.0;28.0;59.1;57.0;0;0;0;0;16365.94;11280.08;5085.87;32430.004
2026-07-07T12:06:31.624202+02:00;standby;27.6;49.1;5.0;28.0;58.9;57.0;0;0;0;0;16365.94;11280.08;5085.87;32430.004
2026-07-07T12:07:32.255227+02:00;standby;27.6;49.0;5.0;28.0;58.9;57.0;0;0;0;0;16365.94;11280.08;5085.87;32430.004
2026-07-07T12:08:32.766619+02:00;standby;27.6;48.9;5.0;28.0;59.1;57.0;0;0;0;0;16365.94;11280.08;5085.87;32430.004
2026-07-07T12:09:33.385854+02:00;standby;27.6;48.7;5.0;28.0;58.9;57.0;0;0;0;0;16365.94;11280.08;5085.87;32430.004
2026-07-07T12:10:34.030363+02:00;standby;27.6;48.6;5.0;28.0;58.9;57.0;0;0;0;0;16365.94;11280.08;5085.87;32430.004
2026-07-07T12:11:34.527076+02:00;standby;27.6;48.5;5.0;28.0;58.9;57.0;0;0;0;0;16365.94;11280.08;5085.87;32430.004
2026-07-07T12:12:35.145821+02:00;standby;27.6;48.4;5.0;28.0;58.9;57.0;0;0;0;0;16365.94;11280.08;5085.87;32430.004
2026-07-07T12:13:36.006252+02:00;standby;27.6;48.3;5.0;28.0;58.9;57.0;0;0;0;0;16365.94;11280.08;5085.87;32430.004
2026-07-07T12:14:37.761187+02:00;standby;27.6;48.3;5.0;28.0;58.9;57.0;0;0;0;0;16365.94;11280.08;5085.87;32430.004
2026-07-07T12:15:38.401775+02:00;standby;27.6;48.1;5.0;28.0;58.9;57.0;0;0;0;0;16365.94;11280.08;5085.87;32430.004
2026-07-07T12:16:38.863316+02:00;standby;27.6;48.0;5.0;28.0;58.9;57.0;0;0;0;0;16365.94;11280.08;5085.87;32430.004
2026-07-07T12:17:39.373256+02:00;standby;27.6;48.0;5.0;28.0;58.9;57.0;0;0;0;0;16365.94;11280.08;5085.87;32430.004
2026-07-07T12:18:40.124926+02:00;standby;27.6;47.8;5.0;28.0;58.9;57.0;0;0;0;0;16365.94;11280.08;5085.87;32430.004
2026-07-07T12:19:40.576442+02:00;standby;27.6;47.7;5.0;28.0;58.9;57.0;0;0;0;0;16365.94;11280.08;5085.87;32430.004
2026-07-07T12:20:41.346193+02:00;standby;27.6;47.6;5.0;28.0;58.9;57.0;0;0;0;0;16365.94;11280.08;5085.87;32430.004
2026-07-07T12:21:41.857112+02:00;standby;27.6;47.5;5.0;28.0;58.8;57.0;0;0;0;0;16365.94;11280.08;5085.87;32430.004
2026-07-07T12:22:42.323008+02:00;standby;27.6;47.4;5.0;28.0;58.8;57.0;0;0;0;0;16365.94;11280.08;5085.87;32430.004
2026-07-07T12:23:42.791284+02:00;standby;27.6;47.4;5.0;28.0;58.8;57.0;0;0;0;0;16365.94;11280.08;5085.87;32430.004
2026-07-07T12:24:43.309328+02:00;standby;27.6;47.3;5.0;28.0;58.8;57.0;0;0;0;0;16365.94;11280.08;5085.87;32430.004
2026-07-07T12:25:44.067964+02:00;standby;27.6;47.2;5.0;28.0;58.8;57.0;0;0;0;0;16365.94;11280.08;5085.87;32430.004
2026-07-07T12:26:44.618813+02:00;standby;27.6;47.0;5.0;28.0;58.8;57.0;0;0;0;0;16365.94;11280.08;5085.87;32430.004
2026-07-07T12:27:45.090416+02:00;standby;27.6;46.9;5.0;28.0;58.8;57.0;0;0;0;0;16365.94;11280.08;5085.87;32430.004
2026-07-07T12:28:45.799993+02:00;standby;27.6;46.9;5.0;28.0;58.8;57.0;0;0;0;0;16365.94;11280.08;5085.87;32430.004
2026-07-07T12:29:46.227412+02:00;standby;27.6;46.8;5.0;28.0;58.8;57.0;0;0;0;0;16365.94;11280.08;5085.87;32430.004
2026-07-07T12:30:46.736169+02:00;standby;27.6;46.7;5.0;28.0;58.8;57.0;0;0;0;0;16365.94;11280.08;5085.87;32430.004
2026-07-07T12:31:47.386541+02:00;standby;27.6;46.6;5.0;28.0;58.8;57.0;0;0;0;0;16365.94;11280.08;5085.87;32430.004
2026-07-07T12:32:47.876495+02:00;standby;27.6;46.5;5.0;28.0;58.8;57.0;0;0;0;0;16365.94;11280.08;5085.87;32430.004
2026-07-07T12:33:48.307685+02:00;standby;27.6;46.4;5.0;28.0;58.8;57.0;0;0;0;0;16365.94;11280.08;5085.87;32430.004
2026-07-07T12:34:48.818300+02:00;standby;27.6;46.2;5.0;28.0;58.7;57.0;0;0;0;0;16365.94;11280.08;5085.87;32430.004
2026-07-07T12:35:49.499385+02:00;standby;27.6;46.2;5.0;28.0;58.7;57.0;0;0;0;0;16365.94;11280.08;5085.87;32430.004
2026-07-07T12:36:50.189397+02:00;standby;27.6;46.1;5.0;28.0;58.7;57.0;0;0;0;0;16365.94;11280.08;5085.87;32430.004
2026-07-07T12:37:50.707862+02:00;standby;27.6;46.0;5.0;28.0;58.7;57.0;0;0;0;0;16365.94;11280.08;5085.87;32430.004
2026-07-07T12:38:51.204529+02:00;standby;27.6;45.9;5.0;28.0;58.7;57.0;0;0;0;0;16365.94;11280.08;5085.87;32430.004
2026-07-07T12:39:51.720929+02:00;standby;28.8;45.9;5.0;28.0;58.7;57.0;0;0;0;0;16365.94;11280.08;5085.87;32430.004
2026-07-07T12:40:52.246921+02:00;standby;28.8;45.8;5.0;28.0;58.7;57.0;0;0;0;0;16365.94;11280.08;5085.87;32430.004
2026-07-07T12:41:52.783159+02:00;standby;28.8;45.7;5.0;28.0;58.7;57.0;0;0;0;0;16365.94;11280.08;5085.87;32430.004
2026-07-07T12:42:53.286210+02:00;standby;28.8;45.7;5.0;28.0;58.7;57.0;0;0;0;0;16365.94;11280.08;5085.87;32430.004
2026-07-07T12:43:53.798052+02:00;standby;28.8;45.6;5.0;28.0;58.7;57.0;0;0;0;0;16365.94;11280.08;5085.87;32430.004
2026-07-07T12:44:54.269731+02:00;standby;28.8;45.5;5.0;28.0;58.7;57.0;0;0;0;0;16365.94;11280.08;5085.87;32430.004
2026-07-07T12:45:54.689004+02:00;standby;28.8;45.3;5.0;28.0;58.7;57.0;0;0;0;0;16365.94;11280.08;5085.87;32430.004
2026-07-07T12:46:55.104508+02:00;standby;28.8;45.2;5.0;28.0;58.7;57.0;0;0;0;0;16365.94;11280.08;5085.87;32430.004
2026-07-07T12:47:55.520725+02:00;standby;28.8;45.2;5.0;28.0;58.7;57.0;0;0;0;0;16365.94;11280.08;5085.87;32430.004
2026-07-07T12:48:55.989387+02:00;standby;28.8;45.1;5.0;28.0;58.6;57.0;0;0;0;0;16365.94;11280.08;5085.87;32430.004
2026-07-07T12:49:56.511701+02:00;standby;28.8;45.0;5.0;28.0;58.6;57.0;0;0;0;0;16365.94;11280.08;5085.87;32430.004
2026-07-07T12:50:57.054912+02:00;standby;28.8;45.0;5.0;28.0;58.6;57.0;0;0;0;0;16365.94;11280.08;5085.87;32430.004
2026-07-07T12:51:57.505530+02:00;standby;28.8;44.9;5.0;28.0;58.6;57.0;0;0;0;0;16365.94;11280.08;5085.87;32430.004
2026-07-07T12:52:57.913601+02:00;standby;28.8;44.8;5.0;28.0;58.6;57.0;0;0;0;0;16365.94;11280.08;5085.87;32430.004
2026-07-07T12:53:58.682959+02:00;standby;28.8;44.8;5.0;28.0;58.6;57.0;0;0;0;0;16365.94;11280.08;5085.87;32430.004
2026-07-07T12:54:59.525459+02:00;standby;28.8;44.7;5.0;28.0;58.6;57.0;0;0;0;0;16365.94;11280.08;5085.87;32430.004
2026-07-07T12:56:00.065964+02:00;standby;28.8;44.5;5.0;28.0;58.6;57.0;0;0;0;0;16365.94;11280.08;5085.87;32430.004
2026-07-07T12:57:00.547862+02:00;standby;28.8;44.5;5.0;28.0;58.6;57.0;0;0;0;0;16365.94;11280.08;5085.87;32430.004
2026-07-07T12:58:01.042876+02:00;standby;28.8;44.4;5.0;28.0;58.6;57.0;0;0;0;0;16365.94;11280.08;5085.87;32430.004
2026-07-07T12:59:01.490805+02:00;standby;28.8;44.3;5.0;28.0;58.6;57.0;0;0;0;0;16365.94;11280.08;5085.87;32430.004
2026-07-07T13:00:01.998464+02:00;standby;28.8;44.2;5.0;28.0;58.6;57.0;0;0;0;0;16365.94;11280.08;5085.87;32430.004
2026-07-07T13:01:02.525982+02:00;standby;28.8;44.2;5.0;28.0;58.6;57.0;0;0;0;0;16365.94;11280.08;5085.87;32430.004
2026-07-07T13:02:02.989058+02:00;standby;28.8;44.1;5.0;28.0;58.5;57.0;0;0;0;0;16365.94;11280.08;5085.87;32430.004
2026-07-07T13:03:03.433380+02:00;standby;28.8;44.1;5.0;28.0;58.5;57.0;0;0;0;0;16365.94;11280.08;5085.87;32430.004
2026-07-07T13:04:03.925573+02:00;standby;28.8;44.0;5.0;28.0;58.5;57.0;0;0;0;0;16365.94;11280.08;5085.87;32430.004
2026-07-07T13:05:04.388520+02:00;standby;28.8;43.9;5.0;28.0;58.5;57.0;0;0;0;0;16365.94;11280.08;5085.87;32430.004
2026-07-07T13:06:04.787286+02:00;standby;28.8;43.7;5.0;28.0;58.5;57.0;0;0;0;0;16365.94;11280.08;5085.87;32430.004
2026-07-07T13:07:05.223419+02:00;standby;28.8;43.7;5.0;28.0;58.5;57.0;0;0;0;0;16365.94;11280.08;5085.87;32430.004
2026-07-07T13:08:05.845337+02:00;standby;28.8;43.6;5.0;28.0;58.5;57.0;0;0;0;0;16365.94;11280.08;5085.87;32430.004
2026-07-07T13:09:06.271120+02:00;standby;28.8;43.6;5.0;28.0;58.5;57.0;0;0;0;0;16365.94;11280.08;5085.87;32430.004
2026-07-07T13:10:06.743802+02:00;standby;28.8;43.5;5.0;28.0;58.5;57.0;0;0;0;0;16365.94;11280.08;5085.87;32430.004
2026-07-07T13:11:07.178286+02:00;standby;28.8;43.4;5.0;28.0;58.5;57.0;0;0;0;0;16365.94;11280.08;5085.87;32430.004
2026-07-07T13:12:07.635517+02:00;standby;28.8;43.4;5.0;28.0;58.5;57.0;0;0;0;0;16365.94;11280.08;5085.87;32430.004
2026-07-07T13:13:08.085827+02:00;standby;28.8;43.3;5.0;28.0;58.4;57.0;0;0;0;0;16365.94;11280.08;5085.87;32430.004
2026-07-07T13:14:08.509612+02:00;standby;28.8;43.2;5.0;28.0;58.4;57.0;0;0;0;0;16365.94;11280.08;5085.87;32430.004
2026-07-07T13:15:09.024113+02:00;standby;28.8;43.2;5.0;28.0;58.4;57.0;0;0;0;0;16365.94;11280.08;5085.87;32430.004
2026-07-07T13:16:09.673000+02:00;standby;28.8;43.1;5.0;28.0;58.4;57.0;0;0;0;0;16365.94;11280.08;5085.87;32430.004
2026-07-07T13:17:10.088625+02:00;standby;28.8;43.1;5.0;28.0;58.4;57.0;0;0;0;0;16365.94;11280.08;5085.87;32430.004
2026-07-07T13:18:10.640134+02:00;standby;28.8;43.0;5.0;28.0;58.4;57.0;0;0;0;0;16365.94;11280.08;5085.87;32430.004
2026-07-07T13:19:11.206186+02:00;standby;28.8;43.0;5.0;28.0;58.4;57.0;0;0;0;0;16365.94;11280.08;5085.87;32430.004
2026-07-07T13:20:11.647538+02:00;standby;28.8;42.8;5.0;28.0;58.4;57.0;0;0;0;0;16365.94;11280.08;5085.87;32430.004
2026-07-07T13:21:12.046864+02:00;standby;28.8;42.7;5.0;28.0;58.4;57.0;0;0;0;0;16365.94;11280.08;5085.87;32430.004
2026-07-07T13:22:12.478030+02:00;standby;28.8;42.7;5.0;28.0;58.4;57.0;0;0;0;0;16365.94;11280.08;5085.87;32430.004
2026-07-07T13:23:12.898661+02:00;standby;28.8;42.6;5.0;28.0;58.4;57.0;0;0;0;0;16365.94;11280.08;5085.87;32430.004
2026-07-07T13:24:13.556973+02:00;standby;28.8;42.5;5.0;28.0;58.4;57.0;0;0;0;0;16365.94;11280.08;5085.87;32430.004
2026-07-07T13:25:14.080155+02:00;standby;28.8;42.5;5.0;28.0;58.3;57.0;0;0;0;0;16365.94;11280.08;5085.87;32430.004
2026-07-07T13:26:14.555810+02:00;standby;28.8;42.4;5.0;28.0;58.3;57.0;0;0;0;0;16365.94;11280.08;5085.87;32430.004
2026-07-07T13:27:15.109713+02:00;standby;28.8;42.4;5.0;28.0;58.3;57.0;0;0;0;0;16365.94;11280.08;5085.87;32430.004
2026-07-07T13:28:15.595825+02:00;standby;28.8;42.3;5.0;28.0;58.3;57.0;0;0;0;0;16365.94;11280.08;5085.87;32430.004
2026-07-07T13:29:16.051170+02:00;standby;28.8;42.3;5.0;28.0;58.3;57.0;0;0;0;0;16365.94;11280.08;5085.87;32430.004
2026-07-07T13:30:16.513976+02:00;standby;28.8;42.2;5.0;28.0;58.3;57.0;0;0;0;0;16365.94;11280.08;5085.87;32430.004
2026-07-07T13:31:17.028991+02:00;standby;28.8;42.0;5.0;28.0;58.3;57.0;0;0;0;0;16365.94;11280.08;5085.87;32430.004
2026-07-07T13:32:17.876976+02:00;standby;28.8;42.0;5.0;28.0;58.3;57.0;0;0;0;0;16365.94;11280.08;5085.87;32430.004
2026-07-07T13:33:18.466888+02:00;standby;28.8;41.9;5.0;28.0;58.3;57.0;0;0;0;0;16365.94;11280.08;5085.87;32430.004
2026-07-07T13:34:18.912856+02:00;standby;28.8;41.9;5.0;28.0;58.3;57.0;0;0;0;0;16365.94;11280.08;5085.87;32430.004
2026-07-07T13:35:19.364273+02:00;standby;28.8;41.8;5.0;28.0;58.3;57.0;0;0;0;0;16365.94;11280.08;5085.87;32430.004
2026-07-07T13:36:19.876323+02:00;standby;28.8;41.8;5.0;28.0;58.3;57.0;0;0;0;0;16365.94;11280.08;5085.87;32430.004
2026-07-07T13:37:20.373230+02:00;standby;28.8;41.7;5.0;28.0;58.2;57.0;0;0;0;0;16365.94;11280.08;5085.87;32430.004
2026-07-07T13:38:20.809043+02:00;standby;28.8;41.7;5.0;28.0;58.2;57.0;0;0;0;0;16365.94;11280.08;5085.87;32430.004
2026-07-07T13:39:21.208706+02:00;standby;28.8;41.6;5.0;28.0;58.2;57.0;0;0;0;0;16365.94;11280.08;5085.87;32430.004
2026-07-07T13:40:21.787916+02:00;standby;30.5;41.5;5.0;28.0;58.2;57.0;0;0;0;0;16365.94;11280.08;5085.87;32430.004
2026-07-07T13:41:22.240329+02:00;standby;30.5;41.5;5.0;28.0;58.2;57.0;0;0;0;0;16365.94;11280.08;5085.87;32430.004
2026-07-07T13:42:22.864005+02:00;standby;30.5;41.4;5.0;28.0;58.2;57.0;0;0;0;0;16365.94;11280.08;5085.87;32430.004
2026-07-07T13:43:23.619943+02:00;standby;30.5;41.4;5.0;28.0;58.2;57.0;0;0;0;0;16365.94;11280.08;5085.87;32430.004
2026-07-07T13:44:24.275867+02:00;standby;30.5;41.2;5.0;28.0;58.2;57.0;0;0;0;0;16365.94;11280.08;5085.87;32430.004
2026-07-07T13:45:24.729948+02:00;standby;30.5;41.2;5.0;28.0;58.2;57.0;0;0;0;0;16365.94;11280.08;5085.87;32430.004
2026-07-07T13:46:25.274154+02:00;standby;30.5;41.1;5.0;28.0;58.2;57.0;0;0;0;0;16365.94;11280.08;5085.87;32430.004
2026-07-07T13:47:25.851870+02:00;standby;30.5;41.1;5.0;28.0;58.2;57.0;0;0;0;0;16365.94;11280.08;5085.87;32430.004
2026-07-07T13:48:26.364559+02:00;standby;30.5;41.0;5.0;28.0;58.2;57.0;0;0;0;0;16365.94;11280.08;5085.87;32430.004
2026-07-07T13:49:27.098085+02:00;standby;30.5;41.0;5.0;28.0;58.1;57.0;0;0;0;0;16365.94;11280.08;5085.87;32430.004
2026-07-07T13:50:27.766020+02:00;standby;30.5;40.9;5.0;28.0;58.1;57.0;0;0;0;0;16365.94;11280.08;5085.87;32430.004
2026-07-07T13:51:28.360627+02:00;standby;30.5;40.9;5.0;28.0;58.1;57.0;0;0;0;0;16365.94;11280.08;5085.87;32430.004
2026-07-07T13:52:28.811096+02:00;standby;30.5;40.8;5.0;28.0;58.1;57.0;0;0;0;0;16365.94;11280.08;5085.87;32430.004
2026-07-07T13:53:29.576505+02:00;standby;30.5;40.8;5.0;28.0;58.1;57.0;0;0;0;0;16365.94;11280.08;5085.87;32430.004
2026-07-07T13:54:30.491388+02:00;standby;30.5;40.7;5.0;28.0;58.1;57.0;0;0;0;0;16365.94;11280.08;5085.87;32430.004
2026-07-07T13:55:30.980081+02:00;standby;30.5;40.7;5.0;28.0;58.1;57.0;0;0;0;0;16365.94;11280.08;5085.87;32430.004
2026-07-07T13:56:31.827663+02:00;standby;30.5;40.6;5.0;28.0;58.1;57.0;0;0;0;0;16365.94;11280.08;5085.87;32430.004
2026-07-07T13:57:32.425962+02:00;standby;30.5;40.6;5.0;28.0;58.1;57.0;0;0;0;0;16365.94;11280.08;5085.87;32430.004
2026-07-07T13:58:32.889273+02:00;standby;30.5;40.5;5.0;28.0;58.1;57.0;0;0;0;0;16365.94;11280.08;5085.87;32430.004
2026-07-07T13:59:33.564168+02:00;standby;30.5;40.5;5.0;28.0;58.1;57.0;0;0;0;0;16365.94;11280.08;5085.87;32430.004
2026-07-07T14:00:34.116011+02:00;standby;30.5;40.3;5.0;28.0;58.1;57.0;0;0;0;0;16365.94;11280.08;5085.87;32430.004
2026-07-07T14:01:34.779360+02:00;standby;30.5;40.3;5.0;28.0;58.1;57.0;0;0;0;0;16365.94;11280.08;5085.87;32430.004
2026-07-07T14:02:35.437915+02:00;standby;30.5;40.2;5.0;28.0;58.0;57.0;0;0;0;0;16365.94;11280.08;5085.87;32430.004
2026-07-07T14:03:35.923230+02:00;standby;30.5;40.2;5.0;28.0;58.0;57.0;0;0;0;0;16365.94;11280.08;5085.87;32430.004
2026-07-07T14:04:36.410799+02:00;standby;30.5;40.1;5.0;28.0;58.0;57.0;0;0;0;0;16365.94;11280.08;5085.87;32430.004
2026-07-07T14:05:36.888736+02:00;standby;30.5;40.1;5.0;28.0;58.0;57.0;0;0;0;0;16365.94;11280.08;5085.87;32430.004
2026-07-07T14:06:37.403557+02:00;standby;30.5;40.0;5.0;28.0;58.0;57.0;0;0;0;0;16365.94;11280.08;5085.87;32430.004
2026-07-07T14:07:37.924373+02:00;standby;30.5;40.0;5.0;28.0;58.0;57.0;0;0;0;0;16365.94;11280.08;5085.87;32430.004
2026-07-07T14:08:38.451394+02:00;standby;30.5;40.0;5.0;28.0;58.0;57.0;0;0;0;0;16365.94;11280.08;5085.87;32430.004
2026-07-07T14:09:38.960335+02:00;standby;30.5;39.9;5.0;28.0;58.0;57.0;0;0;0;0;16365.94;11280.08;5085.87;32430.004
2026-07-07T14:10:39.552718+02:00;standby;30.5;39.9;5.0;28.0;58.0;57.0;0;0;0;0;16365.94;11280.08;5085.87;32430.004
2026-07-07T14:11:40.318559+02:00;standby;30.5;39.8;5.0;28.0;58.0;57.0;0;0;0;0;16365.94;11280.08;5085.87;32430.004
2026-07-07T14:12:41.075585+02:00;standby;30.5;39.8;5.0;28.0;58.0;57.0;0;0;0;0;16365.94;11280.08;5085.87;32430.004
2026-07-07T14:13:41.661171+02:00;standby;30.5;39.6;5.0;28.0;57.9;57.0;0;0;0;0;16365.94;11280.08;5085.87;32430.004
2026-07-07T14:14:42.208977+02:00;standby;30.5;39.6;5.0;28.0;57.9;57.0;0;0;0;0;16365.94;11280.08;5085.87;32430.004
2026-07-07T14:15:42.663907+02:00;standby;30.5;39.5;5.0;28.0;57.9;57.0;0;0;0;0;16365.94;11280.08;5085.87;32430.004
2026-07-07T14:16:43.083341+02:00;standby;30.5;39.5;5.0;28.0;57.9;57.0;0;0;0;0;16365.94;11280.08;5085.87;32430.004
2026-07-07T14:17:43.577916+02:00;standby;30.5;39.4;5.0;28.0;57.9;57.0;0;0;0;0;16365.94;11280.08;5085.87;32430.004
2026-07-07T14:18:44.015449+02:00;standby;30.5;39.4;5.0;28.0;57.9;57.0;0;0;0;0;16365.94;11280.08;5085.87;32430.004
2026-07-07T14:19:44.465880+02:00;standby;30.5;39.4;5.0;28.0;57.9;57.0;0;0;0;0;16365.94;11280.08;5085.87;32430.004
2026-07-07T14:20:44.949201+02:00;standby;30.5;39.3;5.0;28.0;57.9;57.0;0;0;0;0;16365.94;11280.08;5085.87;32430.004
2026-07-07T14:21:45.449466+02:00;standby;30.5;39.3;5.0;28.0;57.9;57.0;0;0;0;0;16365.94;11280.08;5085.87;32430.004
2026-07-07T14:22:45.890461+02:00;standby;30.5;39.1;5.0;28.0;57.9;57.0;0;0;0;0;16365.94;11280.08;5085.87;32430.004
2026-07-07T14:23:46.346724+02:00;standby;30.5;39.1;5.0;28.0;57.9;57.0;0;0;0;0;16365.94;11280.08;5085.87;32430.004
2026-07-07T14:24:46.821252+02:00;standby;30.5;39.1;5.0;28.0;57.9;57.0;0;0;0;0;16365.94;11280.08;5085.87;32430.004
2026-07-07T14:25:47.446188+02:00;standby;30.5;39.0;5.0;28.0;57.9;57.0;0;0;0;0;16365.94;11280.08;5085.87;32430.004
2026-07-07T14:26:47.897655+02:00;standby;30.5;39.0;5.0;28.0;57.8;57.0;0;0;0;0;16365.94;11280.08;5085.87;32430.004
2026-07-07T14:27:48.417250+02:00;standby;30.5;38.9;5.0;28.0;57.8;57.0;0;0;0;0;16365.94;11280.08;5085.87;32430.004
2026-07-07T14:28:49.347079+02:00;standby;30.5;38.9;5.0;28.0;57.8;57.0;0;0;0;0;16365.94;11280.08;5085.87;32430.004
2026-07-07T14:29:49.931427+02:00;standby;30.5;38.8;5.0;28.0;57.8;57.0;0;0;0;0;16365.94;11280.08;5085.87;32430.004
2026-07-07T14:30:50.351468+02:00;standby;30.5;38.8;5.0;28.0;57.8;57.0;0;0;0;0;16365.94;11280.08;5085.87;32430.004
2026-07-07T14:31:51.009330+02:00;standby;30.5;38.8;5.0;28.0;57.8;57.0;0;0;0;0;16365.94;11280.08;5085.87;32430.004
2026-07-07T14:32:51.644404+02:00;standby;30.5;38.6;5.0;28.0;57.8;57.0;0;0;0;0;16365.94;11280.08;5085.87;32430.004
2026-07-07T14:33:52.364464+02:00;standby;30.5;38.6;5.0;28.0;57.8;57.0;0;0;0;0;16365.94;11280.08;5085.87;32430.004
2026-07-07T14:34:52.839738+02:00;standby;30.5;38.5;5.0;28.0;57.8;57.0;0;0;0;0;16365.94;11280.08;5085.87;32430.004
2026-07-07T14:35:53.303832+02:00;standby;30.5;38.5;5.0;28.0;57.7;57.0;0;0;0;0;16365.94;11280.08;5085.87;32430.004
2026-07-07T14:36:53.809293+02:00;standby;30.5;38.5;5.0;28.0;57.7;57.0;0;0;0;0;16365.94;11280.08;5085.87;32430.004
2026-07-07T14:37:54.470109+02:00;standby;30.5;38.4;5.0;28.0;57.7;57.0;0;0;0;0;16365.94;11280.08;5085.87;32430.004
2026-07-07T14:38:55.321169+02:00;standby;30.5;38.4;5.0;28.0;57.7;57.0;0;0;0;0;16365.94;11280.08;5085.87;32430.004
2026-07-07T14:39:55.780969+02:00;standby;30.5;38.4;5.0;28.0;57.7;57.0;0;0;0;0;16365.94;11280.08;5085.87;32430.004
2026-07-07T14:40:57.456558+02:00;standby;30.2;38.3;5.0;28.0;57.7;57.0;0;0;0;0;16365.94;11280.08;5085.87;32430.004
2026-07-07T14:41:57.962994+02:00;standby;30.2;38.3;5.0;28.0;57.7;57.0;0;0;0;0;16365.94;11280.08;5085.87;32430.004
2026-07-07T14:42:58.696375+02:00;standby;30.2;38.1;5.0;28.0;57.7;57.0;0;0;0;0;16365.94;11280.08;5085.87;32430.004
2026-07-07T14:43:59.209874+02:00;standby;30.2;38.1;5.0;28.0;57.7;57.0;0;0;0;0;16365.94;11280.08;5085.87;32430.004
2026-07-07T14:44:59.822447+02:00;standby;30.2;38.1;5.0;28.0;57.7;57.0;0;0;0;0;16365.94;11280.08;5085.87;32430.004
2026-07-07T14:46:00.325798+02:00;standby;30.2;38.0;5.0;28.0;57.6;57.0;0;0;0;0;16365.94;11280.08;5085.87;32430.004
2026-07-07T14:47:00.808032+02:00;standby;30.2;38.0;5.0;28.0;57.6;57.0;0;0;0;0;16365.94;11280.08;5085.87;32430.004
2026-07-07T14:48:01.261425+02:00;standby;30.2;37.9;5.0;28.0;57.6;57.0;0;0;0;0;16365.94;11280.08;5085.87;32430.004
2026-07-07T14:49:01.746662+02:00;standby;30.2;37.9;5.0;28.0;57.6;57.0;0;0;0;0;16365.94;11280.08;5085.87;32430.004
2026-07-07T14:50:02.211654+02:00;standby;30.2;37.9;5.0;28.0;57.6;57.0;0;0;0;0;16365.94;11280.08;5085.87;32430.004
2026-07-07T14:51:02.931482+02:00;standby;30.2;37.8;5.0;28.0;57.6;57.0;0;0;0;0;16365.94;11280.08;5085.87;32430.004
2026-07-07T14:52:03.652718+02:00;standby;30.2;37.8;5.0;28.0;57.6;57.0;0;0;0;0;16365.94;11280.08;5085.87;32430.004
2026-07-07T14:53:04.373996+02:00;standby;30.2;37.8;5.0;28.0;57.6;57.0;0;0;0;0;16365.94;11280.08;5085.87;32430.004
2026-07-07T14:54:04.975261+02:00;standby;30.2;37.7;5.0;28.0;57.6;57.0;0;0;0;0;16365.94;11280.08;5085.87;32430.004
2026-07-07T14:55:05.639224+02:00;standby;30.2;37.7;5.0;28.0;57.6;57.0;0;0;0;0;16365.94;11280.08;5085.87;32430.004
2026-07-07T14:56:06.605701+02:00;standby;30.2;37.5;5.0;28.0;57.5;57.0;0;0;0;0;16365.94;11280.08;5085.87;32430.004
2026-07-07T14:57:07.021861+02:00;standby;30.2;37.5;5.0;28.0;57.5;57.0;0;0;0;0;16365.94;11280.08;5085.87;32430.004
2026-07-07T14:58:07.666275+02:00;standby;30.2;37.5;5.0;28.0;57.5;57.0;0;0;0;0;16365.94;11280.08;5085.87;32430.004
2026-07-07T14:59:08.162197+02:00;standby;30.2;37.4;5.0;28.0;57.5;57.0;0;0;0;0;16365.94;11280.08;5085.87;32430.004
2026-07-07T15:00:09.263120+02:00;standby;30.2;37.4;5.0;28.0;57.5;57.0;0;0;0;0;16365.94;11280.08;5085.87;32430.004
2026-07-07T15:01:09.770219+02:00;standby;30.2;37.4;5.0;28.0;57.5;57.0;0;0;0;0;16365.94;11280.08;5085.87;32430.004
2026-07-07T15:02:10.288900+02:00;standby;30.2;37.3;5.0;28.0;57.5;57.0;0;0;0;0;16365.94;11280.08;5085.87;32430.004
2026-07-07T15:03:10.752895+02:00;standby;30.2;37.3;5.0;28.0;57.5;57.0;0;0;0;0;16365.94;11280.08;5085.87;32430.004
2026-07-07T15:04:11.177228+02:00;standby;30.2;37.3;5.0;28.0;57.5;57.0;0;0;0;0;16365.94;11280.08;5085.87;32430.004
2026-07-07T15:05:12.288512+02:00;standby;30.2;37.2;5.0;28.0;57.5;57.0;0;0;0;0;16365.94;11280.08;5085.87;32430.004
2026-07-07T15:06:12.973783+02:00;standby;30.2;37.2;5.0;28.0;57.4;57.0;0;0;0;0;16365.94;11280.08;5085.87;32430.004
2026-07-07T15:07:13.468574+02:00;standby;30.2;37.0;5.0;28.0;57.4;57.0;0;0;0;0;16365.94;11280.08;5085.87;32430.004
2026-07-07T15:08:13.963021+02:00;standby;30.2;37.0;5.0;28.0;57.4;57.0;0;0;0;0;16365.94;11280.08;5085.87;32430.004
2026-07-07T15:09:14.436433+02:00;standby;30.2;37.0;5.0;28.0;57.4;57.0;0;0;0;0;16365.94;11280.08;5085.87;32430.004
2026-07-07T15:10:15.029796+02:00;standby;30.2;37.0;5.0;28.0;57.4;57.0;0;0;0;0;16365.94;11280.08;5085.87;32430.004
2026-07-07T15:11:15.669973+02:00;standby;30.2;36.9;5.0;28.0;57.4;57.0;0;0;0;0;16365.94;11280.08;5085.87;32430.004
2026-07-07T15:12:16.298300+02:00;standby;30.2;36.9;5.0;28.0;57.4;57.0;0;0;0;0;16365.94;11280.08;5085.87;32430.004
2026-07-07T15:13:16.771393+02:00;standby;30.2;36.9;5.0;28.0;57.4;57.0;0;0;0;0;16365.94;11280.08;5085.87;32430.004
2026-07-07T15:14:17.444778+02:00;standby;30.2;36.8;5.0;28.0;57.4;57.0;0;0;0;0;16365.94;11280.08;5085.87;32430.004
2026-07-07T15:15:17.933356+02:00;standby;30.2;36.8;5.0;28.0;57.4;57.0;0;0;0;0;16365.94;11280.08;5085.87;32430.004
2026-07-07T15:16:18.655108+02:00;standby;30.2;36.8;5.0;28.0;57.4;57.0;0;0;0;0;16365.94;11280.08;5085.87;32430.004
2026-07-07T15:17:19.482382+02:00;standby;30.2;36.7;5.0;28.0;57.4;57.0;0;0;0;0;16365.94;11280.08;5085.87;32430.004
2026-07-07T15:18:19.998067+02:00;standby;30.2;36.7;5.0;28.0;57.3;57.0;0;0;0;0;16365.94;11280.08;5085.87;32430.004
2026-07-07T15:19:20.502710+02:00;standby;30.2;36.7;5.0;28.0;57.3;57.0;0;0;0;0;16365.94;11280.08;5085.87;32430.004
2026-07-07T15:20:21.283248+02:00;standby;30.2;36.5;5.0;28.0;57.3;57.0;0;0;0;0;16365.94;11280.08;5085.87;32430.004
2026-07-07T15:21:21.713023+02:00;standby;30.2;36.5;5.0;28.0;57.3;57.0;0;0;0;0;16365.94;11280.08;5085.87;32430.004
2026-07-07T15:22:22.339435+02:00;standby;30.2;36.5;5.0;28.0;57.3;57.0;0;0;0;0;16365.94;11280.08;5085.87;32430.004
2026-07-07T15:23:22.843290+02:00;standby;30.2;36.5;5.0;28.0;57.3;57.0;0;0;0;0;16365.94;11280.08;5085.87;32430.004
2026-07-07T15:24:23.342424+02:00;standby;30.2;36.5;5.0;28.0;57.3;57.0;0;0;0;0;16365.94;11280.08;5085.87;32430.004
2026-07-07T15:25:23.759950+02:00;standby;30.2;36.4;5.0;28.0;57.3;57.0;0;0;0;0;16365.94;11280.08;5085.87;32430.004
2026-07-07T15:26:24.199150+02:00;standby;30.2;36.4;5.0;28.0;57.3;57.0;0;0;0;0;16365.94;11280.08;5085.87;32430.004
2026-07-07T15:27:24.737992+02:00;standby;30.2;36.3;5.0;28.0;57.3;57.0;0;0;0;0;16365.94;11280.08;5085.87;32430.004
2026-07-07T15:28:25.193719+02:00;standby;30.2;36.3;5.0;28.0;57.3;57.0;0;0;0;0;16365.94;11280.08;5085.87;32430.004
2026-07-07T15:29:25.712695+02:00;standby;30.2;36.3;5.0;28.0;57.3;57.0;0;0;0;0;16365.94;11280.08;5085.87;32430.004
2026-07-07T15:30:26.130711+02:00;standby;30.2;36.2;5.0;28.0;57.2;57.0;0;0;0;0;16365.94;11280.08;5085.87;32430.004
2026-07-07T15:31:26.688558+02:00;standby;30.2;36.2;5.0;28.0;57.2;57.0;0;0;0;0;16365.94;11280.08;5085.87;32430.004
2026-07-07T15:32:27.144403+02:00;standby;30.2;36.2;5.0;28.0;57.2;57.0;0;0;0;0;16365.94;11280.08;5085.87;32430.004
2026-07-07T15:33:27.611516+02:00;standby;30.2;36.0;5.0;28.0;57.2;57.0;0;0;0;0;16365.94;11280.08;5085.87;32430.004
2026-07-07T15:34:28.259650+02:00;standby;30.2;36.0;5.0;28.0;57.2;57.0;0;0;0;0;16365.94;11280.08;5085.87;32430.004
2026-07-07T15:35:28.747529+02:00;standby;30.2;36.0;5.0;28.0;57.2;57.0;0;0;0;0;16365.94;11280.08;5085.87;32430.004
2026-07-07T15:36:29.270098+02:00;standby;30.2;35.9;5.0;28.0;57.2;57.0;0;0;0;0;16365.94;11280.08;5085.87;32430.004
2026-07-07T15:37:29.687006+02:00;standby;30.2;35.9;5.0;28.0;57.2;57.0;0;0;0;0;16365.94;11280.08;5085.87;32430.004
2026-07-07T15:38:30.160428+02:00;standby;30.2;35.9;5.0;28.0;57.2;57.0;0;0;0;0;16365.94;11280.08;5085.87;32430.004
2026-07-07T15:39:30.846487+02:00;standby;30.2;35.9;5.0;28.0;57.2;57.0;0;0;0;0;16365.94;11280.08;5085.87;32430.004
2026-07-07T15:40:31.321004+02:00;standby;30.2;35.8;5.0;28.0;57.1;57.0;0;0;0;0;16365.94;11280.08;5085.87;32430.004
2026-07-07T15:41:31.885749+02:00;standby;30.9;35.8;5.0;28.0;57.1;57.0;0;0;0;0;16365.94;11280.08;5085.87;32430.004
2026-07-07T15:42:32.507898+02:00;standby;30.9;35.8;5.0;28.0;57.1;57.0;0;0;0;0;16365.94;11280.08;5085.87;32430.004
2026-07-07T15:43:32.980035+02:00;standby;30.9;35.8;5.0;28.0;57.1;57.0;0;0;0;0;16365.94;11280.08;5085.87;32430.004
2026-07-07T15:44:33.577349+02:00;standby;30.9;35.7;5.0;28.0;57.1;57.0;0;0;0;0;16365.94;11280.08;5085.87;32430.004
2026-07-07T15:45:34.308416+02:00;standby;30.9;35.7;5.0;28.0;57.1;57.0;0;0;0;0;16365.94;11280.08;5085.87;32430.004
2026-07-07T15:46:34.872197+02:00;standby;30.9;35.7;5.0;28.0;57.1;57.0;0;0;0;0;16365.94;11280.08;5085.87;32430.004
2026-07-07T15:47:35.502695+02:00;standby;30.9;35.6;5.0;28.0;57.1;57.0;0;0;0;0;16365.94;11280.08;5085.87;32430.004
2026-07-07T15:48:36.095864+02:00;standby;30.9;35.6;5.0;28.0;57.1;57.0;0;0;0;0;16365.94;11280.08;5085.87;32430.004
2026-07-07T15:49:36.858903+02:00;standby;30.9;35.6;5.0;28.0;57.1;57.0;0;0;0;0;16365.94;11280.08;5085.87;32430.004
2026-07-07T15:50:37.686506+02:00;standby;30.9;35.6;5.0;28.0;57.1;57.0;0;0;0;0;16365.94;11280.08;5085.87;32430.004
2026-07-07T15:51:38.167837+02:00;standby;30.9;35.4;5.0;28.0;57.1;57.0;0;0;0;0;16365.94;11280.08;5085.87;32430.004
2026-07-07T15:52:38.687200+02:00;standby;30.9;35.4;5.0;28.0;56.9;57.0;0;0;0;0;16365.94;11280.08;5085.87;32430.004
2026-07-07T15:53:39.140452+02:00;standby;30.9;35.4;5.0;28.0;56.9;57.0;0;0;0;0;16365.94;11280.08;5085.87;32430.004
2026-07-07T15:54:39.713939+02:00;standby;30.9;35.3;5.0;28.0;56.9;57.0;0;0;0;0;16365.94;11280.08;5085.87;32430.004
2026-07-07T15:55:40.168191+02:00;standby;30.9;35.3;5.0;28.0;56.9;57.0;0;0;0;0;16365.94;11280.08;5085.87;32430.004
2026-07-07T15:56:41.006516+02:00;standby;30.9;35.3;5.0;28.0;56.9;57.0;0;0;0;0;16365.94;11280.08;5085.87;32430.004
2026-07-07T15:57:41.641536+02:00;standby;30.9;35.3;5.0;28.0;56.9;57.0;0;0;0;0;16365.94;11280.08;5085.87;32430.004
2026-07-07T15:58:42.133484+02:00;standby;30.9;35.2;5.0;28.0;56.9;57.0;0;0;0;0;16365.94;11280.08;5085.87;32430.004
2026-07-07T15:59:43.278013+02:00;standby;30.9;35.2;5.0;28.0;56.9;57.0;0;0;0;0;16365.94;11280.08;5085.87;32430.004
2026-07-07T16:00:43.756750+02:00;standby;30.9;35.2;5.0;28.0;56.9;57.0;0;0;0;0;16365.94;11280.08;5085.87;32430.004
2026-07-07T16:01:44.480364+02:00;standby;30.9;35.2;5.0;28.0;56.9;57.0;0;0;0;0;16365.94;11280.08;5085.87;32430.004
2026-07-07T16:02:45.151269+02:00;standby;30.9;35.1;5.0;28.0;56.9;57.0;0;0;0;0;16365.94;11280.08;5085.87;32430.004
2026-07-07T16:03:45.873151+02:00;standby;30.9;35.1;5.0;28.0;56.9;57.0;0;0;0;0;16365.94;11280.08;5085.87;32430.004
2026-07-07T16:04:46.393854+02:00;standby;30.9;35.1;5.0;28.0;56.8;57.0;0;0;0;0;16365.94;11280.08;5085.87;32430.004
2026-07-07T16:05:47.043313+02:00;standby;30.9;35.1;5.0;28.0;56.8;57.0;0;0;0;0;16365.94;11280.08;5085.87;32430.004
2026-07-07T16:06:48.611396+02:00;standby;30.9;34.9;5.0;28.0;56.8;57.0;0;0;0;0;16365.94;11280.08;5085.87;32430.004
2026-07-07T16:07:49.028100+02:00;standby;30.9;34.9;5.0;28.0;56.8;57.0;0;0;0;0;16365.94;11280.08;5085.87;32430.004
2026-07-07T16:08:49.805637+02:00;standby;30.9;34.9;5.0;28.0;56.8;57.0;0;0;0;0;16365.94;11280.08;5085.87;32430.004
2026-07-07T16:09:50.274071+02:00;standby;30.9;34.9;5.0;28.0;56.8;57.0;0;0;0;0;16365.94;11280.08;5085.87;32430.004
2026-07-07T16:10:50.891470+02:00;standby;30.9;34.8;5.0;28.0;56.8;57.0;0;0;0;0;16365.94;11280.08;5085.87;32430.004
2026-07-07T16:11:51.451453+02:00;standby;30.9;34.8;5.0;28.0;56.8;57.0;0;0;0;0;16365.94;11280.08;5085.87;32430.004
2026-07-07T16:12:51.874113+02:00;standby;30.9;34.8;5.0;28.0;56.8;57.0;0;0;0;0;16365.94;11280.08;5085.87;32430.004
2026-07-07T16:13:52.391527+02:00;standby;30.9;34.8;5.0;28.0;56.8;57.0;0;0;0;0;16365.94;11280.08;5085.87;32430.004
2026-07-07T16:14:52.866836+02:00;standby;30.9;34.7;5.0;28.0;56.8;57.0;0;0;0;0;16365.94;11280.08;5085.87;32430.004
2026-07-07T16:15:53.287187+02:00;standby;30.9;34.7;5.0;28.0;56.7;57.0;0;0;0;0;16365.94;11280.08;5085.87;32430.004
2026-07-07T16:16:53.733832+02:00;standby;30.9;34.7;5.0;28.0;56.7;57.0;0;0;0;0;16365.94;11280.08;5085.87;32430.004
2026-07-07T16:17:54.766235+02:00;standby;30.9;34.7;5.0;28.0;56.7;57.0;0;0;0;0;16365.94;11280.08;5085.87;32430.004
2026-07-07T16:18:55.198436+02:00;standby;30.9;34.6;5.0;28.0;56.7;57.0;0;0;0;0;16365.94;11280.08;5085.87;32430.004
2026-07-07T16:19:55.667564+02:00;standby;30.9;34.6;5.0;28.0;56.7;57.0;0;0;0;0;16365.94;11280.08;5085.87;32430.004
2026-07-07T16:20:56.095478+02:00;standby;30.9;34.6;5.0;28.0;56.7;57.0;0;0;0;0;16365.94;11280.08;5085.87;32430.004
2026-07-07T16:21:56.911058+02:00;standby;30.9;34.6;5.0;28.0;56.7;57.0;0;0;0;0;16365.94;11280.08;5085.87;32430.004
2026-07-07T16:22:57.374047+02:00;standby;30.9;34.6;5.0;28.0;56.7;57.0;0;0;0;0;16365.94;11280.08;5085.87;32430.004
2026-07-07T16:23:57.808819+02:00;standby;30.9;34.4;5.0;28.0;56.7;57.0;0;0;0;0;16365.94;11280.08;5085.87;32430.004
2026-07-07T16:24:58.317590+02:00;standby;30.9;34.4;5.0;28.0;56.7;57.0;0;0;0;0;16365.94;11280.08;5085.87;32430.004
2026-07-07T16:25:58.726449+02:00;standby;30.9;34.4;5.0;28.0;56.7;57.0;0;0;0;0;16365.94;11280.08;5085.87;32430.004
2026-07-07T16:26:59.148032+02:00;standby;30.9;34.4;5.0;28.0;56.6;57.0;0;0;0;0;16365.94;11280.08;5085.87;32430.004
2026-07-07T16:27:59.738141+02:00;standby;30.9;34.3;5.0;28.0;56.6;57.0;0;0;0;0;16365.94;11280.08;5085.87;32430.004
2026-07-07T16:29:00.184382+02:00;standby;30.9;34.3;5.0;28.0;56.6;57.0;0;0;0;0;16365.94;11280.08;5085.87;32430.004
2026-07-07T16:30:00.873455+02:00;standby;30.9;34.3;5.0;28.0;56.6;57.0;0;0;0;0;16365.94;11280.08;5085.87;32430.004
2026-07-07T16:31:01.646584+02:00;standby;30.9;34.3;5.0;28.0;56.6;57.0;0;0;0;0;16365.94;11280.08;5085.87;32430.004
2026-07-07T16:32:02.207484+02:00;standby;30.9;34.2;5.0;28.0;56.6;57.0;0;0;0;0;16365.94;11280.08;5085.87;32430.004
2026-07-07T16:33:02.668388+02:00;standby;30.9;34.2;5.0;28.0;56.6;57.0;0;0;0;0;16365.94;11280.08;5085.87;32430.004
2026-07-07T16:34:03.083804+02:00;standby;30.9;34.2;5.0;28.0;56.6;57.0;0;0;0;0;16365.94;11280.08;5085.87;32430.004
2026-07-07T16:35:03.663288+02:00;standby;30.9;34.2;5.0;28.0;56.6;57.0;0;0;0;0;16365.94;11280.08;5085.87;32430.004
2026-07-07T16:36:04.233105+02:00;standby;30.9;34.1;5.0;28.0;56.6;57.0;0;0;0;0;16365.94;11280.08;5085.87;32430.004
2026-07-07T16:37:04.702780+02:00;standby;30.9;34.1;5.0;28.0;56.6;57.0;0;0;0;0;16365.94;11280.08;5085.87;32430.004
2026-07-07T16:38:05.136756+02:00;standby;30.9;34.1;5.0;28.0;56.5;57.0;0;0;0;0;16365.94;11280.08;5085.87;32430.004
2026-07-07T16:39:05.817856+02:00;standby;30.9;34.1;5.0;28.0;56.5;57.0;0;0;0;0;16365.94;11280.08;5085.87;32430.004
2026-07-07T16:40:06.262577+02:00;standby;30.9;34.1;5.0;28.0;56.5;57.0;0;0;0;0;16365.94;11280.08;5085.87;32430.004
2026-07-07T16:41:06.785220+02:00;standby;30.9;34.0;5.0;28.0;56.5;57.0;0;0;0;0;16365.94;11280.08;5085.87;32430.004
2026-07-07T16:42:07.350148+02:00;standby;30.4;34.0;5.0;28.0;56.5;57.0;0;0;0;0;16365.94;11280.08;5085.87;32430.004
2026-07-07T16:43:08.105528+02:00;standby;30.4;34.0;5.0;28.0;56.5;57.0;0;0;0;0;16365.94;11280.08;5085.87;32430.004
2026-07-07T16:44:08.745396+02:00;standby;30.4;34.0;5.0;28.0;56.5;57.0;0;0;0;0;16365.94;11280.08;5085.87;32430.004
2026-07-07T16:45:09.162774+02:00;standby;30.4;34.0;5.0;28.0;56.5;57.0;0;0;0;0;16365.94;11280.08;5085.87;32430.004
2026-07-07T16:46:09.726394+02:00;standby;30.4;33.8;5.0;28.0;56.5;57.0;0;0;0;0;16365.94;11280.08;5085.87;32430.004
2026-07-07T16:47:10.245333+02:00;standby;30.4;33.8;5.0;28.0;56.5;57.0;0;0;0;0;16365.94;11280.08;5085.87;32430.004
2026-07-07T16:48:10.664020+02:00;standby;30.4;33.8;5.0;28.0;56.5;57.0;0;0;0;0;16365.94;11280.08;5085.87;32430.004
2026-07-07T16:49:11.341478+02:00;standby;30.4;33.8;5.0;28.0;56.4;57.0;0;0;0;0;16365.94;11280.08;5085.87;32430.004
2026-07-07T16:50:11.910557+02:00;standby;30.4;33.7;5.0;28.0;56.4;57.0;0;0;0;0;16365.94;11280.08;5085.87;32430.004
2026-07-07T16:51:12.526155+02:00;standby;30.4;33.7;5.0;28.0;56.4;57.0;0;0;0;0;16365.94;11280.08;5085.87;32430.004
2026-07-07T16:52:13.264202+02:00;standby;30.4;33.7;5.0;28.0;56.4;57.0;0;0;0;0;16365.94;11280.08;5085.87;32430.004
2026-07-07T16:53:13.806468+02:00;standby;30.4;33.7;5.0;28.0;56.4;57.0;0;0;0;0;16365.94;11280.08;5085.87;32430.004
2026-07-07T16:54:17.940054+02:00;standby;30.4;33.7;5.0;28.0;56.4;57.0;0;0;0;0;16365.94;11280.08;5085.87;32430.004
2026-07-07T16:55:18.488311+02:00;standby;30.4;33.6;5.0;28.0;56.4;57.0;0;0;0;0;16365.94;11280.08;5085.87;32430.004
2026-07-07T16:56:18.967894+02:00;standby;30.4;33.6;5.0;28.0;56.4;57.0;0;0;0;0;16365.94;11280.08;5085.87;32430.004
2026-07-07T16:57:19.486412+02:00;standby;30.4;33.6;5.0;28.0;56.4;57.0;0;0;0;0;16365.94;11280.08;5085.87;32430.004
2026-07-07T16:58:20.005063+02:00;standby;30.4;33.6;5.0;28.0;56.4;57.0;0;0;0;0;16365.94;11280.08;5085.87;32430.004
2026-07-07T16:59:20.625977+02:00;standby;30.4;33.6;5.0;28.0;56.3;57.0;0;0;0;0;16365.94;11280.08;5085.87;32430.004
2026-07-07T17:00:21.557536+02:00;standby;30.4;33.6;5.0;28.0;56.4;57.0;0;0;0;0;16365.94;11280.08;5085.87;32430.004
2026-07-07T17:01:22.074876+02:00;standby;30.4;33.5;5.0;28.0;56.3;57.0;0;0;0;0;16365.94;11280.08;5085.87;32430.004
2026-07-07T17:02:22.492125+02:00;standby;30.4;33.5;5.0;28.0;56.3;57.0;0;0;0;0;16365.94;11280.08;5085.87;32430.004
2026-07-07T17:03:22.930990+02:00;standby;30.4;33.5;5.0;28.0;56.3;57.0;0;0;0;0;16365.94;11280.08;5085.87;32430.004
2026-07-07T17:04:23.714449+02:00;standby;30.4;33.5;5.0;28.0;56.3;57.0;0;0;0;0;16365.94;11280.08;5085.87;32430.004
2026-07-07T17:05:24.174899+02:00;standby;30.4;33.5;5.0;28.0;56.3;57.0;0;0;0;0;16365.94;11280.08;5085.87;32430.004
2026-07-07T17:06:24.684628+02:00;standby;30.4;33.3;5.0;28.0;56.3;57.0;0;0;0;0;16365.94;11280.08;5085.87;32430.004
2026-07-07T17:07:25.188592+02:00;standby;30.4;33.3;5.0;28.0;56.3;57.0;0;0;0;0;16365.94;11280.08;5085.87;32430.004
2026-07-07T17:08:25.712895+02:00;standby;30.4;33.3;5.0;28.0;56.3;57.0;0;0;0;0;16365.94;11280.08;5085.87;32430.004
2026-07-07T17:09:26.237615+02:00;standby;30.4;33.3;5.0;28.0;56.2;57.0;0;0;0;0;16365.94;11280.08;5085.87;32430.004
2026-07-07T17:10:26.751029+02:00;standby;30.4;33.3;5.0;28.0;56.2;57.0;0;0;0;0;16365.94;11280.08;5085.87;32430.004
2026-07-07T17:11:27.558663+02:00;standby;30.4;33.2;5.0;28.0;56.2;57.0;0;0;0;0;16365.94;11280.08;5085.87;32430.004
2026-07-07T17:12:28.015643+02:00;standby;30.4;33.2;5.0;28.0;56.2;57.0;0;0;0;0;16365.94;11280.08;5085.87;32430.004
2026-07-07T17:13:28.464310+02:00;standby;30.4;33.2;5.0;28.0;56.2;57.0;0;0;0;0;16365.94;11280.08;5085.87;32430.004
2026-07-07T17:14:28.911358+02:00;standby;30.4;33.2;5.0;28.0;56.2;57.0;0;0;0;0;16365.94;11280.08;5085.87;32430.004
2026-07-07T17:15:29.725921+02:00;standby;30.4;33.1;5.0;28.0;56.2;57.0;0;0;0;0;16365.94;11280.08;5085.87;32430.004
2026-07-07T17:16:30.180072+02:00;standby;30.4;33.1;5.0;28.0;56.2;57.0;0;0;0;0;16365.94;11280.08;5085.87;32430.004
2026-07-07T17:17:30.741116+02:00;standby;30.4;33.1;5.0;28.0;56.2;57.0;0;0;0;0;16365.94;11280.08;5085.87;32430.004
2026-07-07T17:18:31.356980+02:00;standby;30.4;33.1;5.0;28.0;56.2;57.0;0;0;0;0;16365.94;11280.08;5085.87;32430.004
2026-07-07T17:19:31.804437+02:00;standby;30.4;33.1;5.0;28.0;56.2;57.0;0;0;0;0;16365.94;11280.08;5085.87;32430.004
2026-07-07T17:20:32.251304+02:00;standby;30.4;33.1;5.0;28.0;56.2;57.0;0;0;0;0;16365.94;11280.08;5085.87;32430.004
2026-07-07T17:21:32.710603+02:00;standby;30.4;33.1;5.0;28.0;56.1;57.0;0;0;0;0;16365.94;11280.08;5085.87;32430.004
2026-07-07T17:22:33.137293+02:00;standby;30.4;33.0;5.0;28.0;56.1;57.0;0;0;0;0;16365.94;11280.08;5085.87;32430.004
2026-07-07T17:23:33.791752+02:00;standby;30.4;33.0;5.0;28.0;56.1;57.0;0;0;0;0;16365.94;11280.08;5085.87;32430.004
2026-07-07T17:24:34.228465+02:00;standby;30.4;33.0;5.0;28.0;56.1;57.0;0;0;0;0;16365.94;11280.08;5085.87;32430.004
2026-07-07T17:25:34.723324+02:00;standby;30.4;33.0;5.0;28.0;56.1;57.0;0;0;0;0;16365.94;11280.08;5085.87;32430.004
2026-07-07T17:26:35.669160+02:00;standby;30.4;33.0;5.0;28.0;56.1;57.0;0;0;0;0;16365.94;11280.08;5085.87;32430.004
2026-07-07T17:27:36.102946+02:00;standby;30.4;32.8;5.0;28.0;56.1;57.0;0;0;0;0;16365.94;11280.08;5085.87;32430.004
2026-07-07T17:28:36.587542+02:00;standby;30.4;32.8;5.0;28.0;56.1;57.0;0;0;0;0;16365.94;11280.08;5085.87;32430.004
2026-07-07T17:29:37.025805+02:00;standby;30.4;32.8;5.0;28.0;56.1;57.0;0;0;0;0;16365.94;11280.08;5085.87;32430.004
2026-07-07T17:30:37.500523+02:00;standby;30.4;32.8;5.0;28.0;56.1;57.0;0;0;0;0;16365.94;11280.08;5085.87;32430.004
2026-07-07T17:31:37.959800+02:00;standby;30.4;32.8;5.0;28.0;56.1;57.0;0;0;0;0;16365.94;11280.08;5085.87;32430.004
2026-07-07T17:32:38.460322+02:00;standby;30.4;32.8;5.0;28.0;56.0;57.0;0;0;0;0;16365.94;11280.08;5085.87;32430.004
2026-07-07T17:33:39.597166+02:00;standby;30.4;32.7;5.0;28.0;56.0;57.0;0;0;0;0;16365.94;11280.08;5085.87;32430.004
2026-07-07T17:34:40.031747+02:00;standby;30.4;32.7;5.0;28.0;56.0;57.0;0;0;0;0;16365.94;11280.08;5085.87;32430.004
2026-07-07T17:35:40.656717+02:00;standby;30.4;32.7;5.0;28.0;56.0;57.0;0;0;0;0;16365.94;11280.08;5085.87;32430.004
2026-07-07T17:36:41.682511+02:00;standby;30.4;32.7;5.0;28.0;56.0;57.0;0;0;0;0;16365.94;11280.08;5085.87;32430.004
2026-07-07T17:37:42.205929+02:00;standby;30.4;32.7;5.0;28.0;56.0;57.0;0;0;0;0;16365.94;11280.08;5085.87;32430.004
2026-07-07T17:38:42.677285+02:00;standby;30.4;32.7;5.0;28.0;56.0;57.0;0;0;0;0;16365.94;11280.08;5085.87;32430.004
2026-07-07T17:39:43.219439+02:00;standby;30.4;32.6;5.0;28.0;56.0;57.0;0;0;0;0;16365.94;11280.08;5085.87;32430.004
2026-07-07T17:40:43.886758+02:00;standby;30.4;32.6;5.0;28.0;56.0;57.0;0;0;0;0;16365.94;11280.08;5085.87;32430.004
2026-07-07T17:41:44.365987+02:00;standby;30.4;32.6;5.0;28.0;56.0;57.0;0;0;0;0;16365.94;11280.08;5085.87;32430.004
2026-07-07T17:42:45.433584+02:00;standby;30.3;32.6;5.0;28.0;56.0;57.0;0;0;0;0;16365.94;11280.08;5085.87;32430.004
2026-07-07T17:43:45.957589+02:00;standby;30.3;32.6;5.0;28.0;55.9;57.0;0;0;0;0;16365.94;11280.08;5085.87;32430.004
2026-07-07T17:44:46.401624+02:00;standby;30.3;32.5;5.0;28.0;55.9;57.0;0;0;0;0;16365.94;11280.08;5085.87;32430.004
2026-07-07T17:45:46.824085+02:00;standby;30.3;32.5;5.0;28.0;55.9;57.0;0;0;0;0;16365.94;11280.08;5085.87;32430.004
2026-07-07T17:46:47.613371+02:00;standby;30.3;32.5;5.0;28.0;55.9;57.0;0;0;0;0;16365.94;11280.08;5085.87;32430.004
2026-07-07T17:47:48.270875+02:00;standby;30.3;32.5;5.0;28.0;55.9;57.0;0;0;0;0;16365.94;11280.08;5085.87;32430.004
2026-07-07T17:48:48.789204+02:00;standby;30.3;32.5;5.0;28.0;55.9;57.0;0;0;0;0;16365.94;11280.08;5085.87;32430.004
2026-07-07T17:49:49.231354+02:00;standby;30.3;32.5;5.0;28.0;55.9;57.0;0;0;0;0;16365.94;11280.08;5085.87;32430.004
2026-07-07T17:50:49.982657+02:00;standby;30.3;32.5;5.0;28.0;55.9;57.0;0;0;0;0;16365.94;11280.08;5085.87;32430.004
2026-07-07T17:51:50.552934+02:00;standby;30.3;32.3;5.0;28.0;55.9;57.0;0;0;0;0;16365.94;11280.08;5085.87;32430.004
2026-07-07T17:52:51.224216+02:00;standby;30.3;32.3;5.0;28.0;55.9;57.0;0;0;0;0;16365.94;11280.08;5085.87;32430.004
2026-07-07T17:53:51.765301+02:00;standby;30.3;32.3;5.0;28.0;55.8;57.0;0;0;0;0;16365.94;11280.08;5085.87;32430.004
2026-07-07T17:54:52.715394+02:00;standby;30.3;32.3;5.0;28.0;55.8;57.0;0;0;0;0;16365.94;11280.08;5085.87;32430.004
2026-07-07T17:55:53.305934+02:00;standby;30.3;32.3;5.0;28.0;55.8;57.0;0;0;0;0;16365.94;11280.08;5085.87;32430.004
2026-07-07T17:56:53.862282+02:00;standby;30.3;32.3;5.0;28.0;55.8;57.0;0;0;0;0;16365.94;11280.08;5085.87;32430.004
2026-07-07T17:57:54.537300+02:00;standby;30.3;32.2;5.0;28.0;55.8;57.0;0;0;0;0;16365.94;11280.08;5085.87;32430.004
2026-07-07T17:58:55.590731+02:00;standby;30.3;32.2;5.0;28.0;55.8;57.0;0;0;0;0;16365.94;11280.08;5085.87;32430.004
2026-07-07T17:59:56.037196+02:00;standby;30.3;32.2;5.0;28.0;55.8;57.0;0;0;0;0;16365.94;11280.08;5085.87;32430.004
2026-07-07T18:00:56.477296+02:00;standby;30.3;32.2;5.0;28.0;55.8;57.0;0;0;0;0;16365.94;11280.08;5085.87;32430.004
2026-07-07T18:01:57.074017+02:00;standby;30.3;32.2;5.0;28.0;55.8;57.0;0;0;0;0;16365.94;11280.08;5085.87;32430.004
2026-07-07T18:02:58.181461+02:00;standby;30.3;32.2;5.0;28.0;55.8;57.0;0;0;0;0;16365.94;11280.08;5085.87;32430.004
2026-07-07T18:03:58.624758+02:00;standby;30.3;32.2;5.0;28.0;55.8;57.0;0;0;0;0;16365.94;11280.08;5085.87;32430.004
2026-07-07T18:04:59.832480+02:00;standby;30.3;32.1;5.0;28.0;55.7;57.0;0;0;0;0;16365.94;11280.08;5085.87;32430.004
2026-07-07T18:06:00.342868+02:00;standby;30.3;32.1;5.0;28.0;55.7;57.0;0;0;0;0;16365.94;11280.08;5085.87;32430.004
2026-07-07T18:07:00.965140+02:00;standby;30.3;32.1;5.0;28.0;55.7;57.0;0;0;0;0;16365.94;11280.08;5085.87;32430.004
2026-07-07T18:08:01.646983+02:00;standby;30.3;32.1;5.0;28.0;55.7;57.0;0;0;0;0;16365.94;11280.08;5085.87;32430.004
2026-07-07T18:09:02.107121+02:00;standby;30.3;32.1;5.0;28.0;55.7;57.0;0;0;0;0;16365.94;11280.08;5085.87;32430.004
2026-07-07T18:10:02.685488+02:00;standby;30.3;32.1;5.0;28.0;55.7;57.0;0;0;0;0;16365.94;11280.08;5085.87;32430.004
2026-07-07T18:11:03.101758+02:00;standby;30.3;32.1;5.0;28.0;55.7;57.0;0;0;0;0;16365.94;11280.08;5085.87;32430.004
2026-07-07T18:12:03.600079+02:00;standby;30.3;32.1;5.0;28.0;55.7;57.0;0;0;0;0;16365.94;11280.08;5085.87;32430.004
2026-07-07T18:13:05.115384+02:00;standby;30.3;32.0;5.0;28.0;55.7;57.0;0;0;0;0;16365.94;11280.08;5085.87;32430.004
2026-07-07T18:14:05.554001+02:00;standby;30.3;32.0;5.0;28.0;55.7;57.0;0;0;0;0;16365.94;11280.08;5085.87;32430.004
2026-07-07T18:15:05.978635+02:00;standby;30.3;32.0;5.0;28.0;55.7;57.0;0;0;0;0;16365.94;11280.08;5085.87;32430.004
2026-07-07T18:16:06.497612+02:00;standby;30.3;32.0;5.0;28.0;55.7;57.0;0;0;0;0;16365.94;11280.08;5085.87;32430.004
2026-07-07T18:17:07.730479+02:00;standby;30.3;32.0;5.0;28.0;55.6;57.0;0;0;0;0;16365.94;11280.08;5085.87;32430.004
2026-07-07T18:18:08.218788+02:00;standby;30.3;32.0;5.0;28.0;55.6;57.0;0;0;0;0;16365.94;11280.08;5085.87;32430.004
2026-07-07T18:19:08.799963+02:00;standby;30.3;31.9;5.0;28.0;55.6;57.0;0;0;0;0;16365.94;11280.08;5085.87;32430.004
2026-07-07T18:20:11.766509+02:00;standby;30.3;31.9;5.0;28.0;55.6;57.0;0;0;0;0;16365.94;11280.08;5085.87;32430.004
2026-07-07T18:21:12.234288+02:00;standby;30.3;31.9;5.0;28.0;55.6;57.0;0;0;0;0;16365.94;11280.08;5085.87;32430.004
2026-07-07T18:22:12.808440+02:00;standby;30.3;31.9;5.0;28.0;55.6;57.0;0;0;0;0;16365.94;11280.08;5085.87;32430.004
2026-07-07T18:23:13.406058+02:00;standby;30.3;31.9;5.0;28.0;55.6;57.0;0;0;0;0;16365.94;11280.08;5085.87;32430.004
2026-07-07T18:24:13.925287+02:00;standby;30.3;31.9;5.0;28.0;55.6;57.0;0;0;0;0;16365.94;11280.08;5085.87;32430.004
2026-07-07T18:25:14.402406+02:00;standby;30.3;31.9;5.0;28.0;55.6;57.0;0;0;0;0;16365.94;11280.08;5085.87;32430.004
2026-07-07T18:26:14.883240+02:00;standby;30.3;31.9;5.0;28.0;55.6;57.0;0;0;0;0;16365.94;11280.08;5085.87;32430.004
2026-07-07T18:27:15.662504+02:00;standby;30.3;31.7;5.0;28.0;55.6;57.0;0;0;0;0;16365.94;11280.08;5085.87;32430.004
2026-07-07T18:28:16.363244+02:00;standby;30.3;31.7;5.0;28.0;55.5;57.0;0;0;0;0;16365.94;11280.08;5085.87;32430.004
2026-07-07T18:29:16.962729+02:00;standby;30.3;31.7;5.0;28.0;55.5;57.0;0;0;0;0;16365.94;11280.08;5085.87;32430.004
2026-07-07T18:30:17.417851+02:00;standby;30.3;31.7;5.0;28.0;55.5;57.0;0;0;0;0;16365.94;11280.08;5085.87;32430.004
2026-07-07T18:31:17.897746+02:00;standby;30.3;31.7;5.0;28.0;55.5;57.0;0;0;0;0;16365.94;11280.08;5085.87;32430.004
2026-07-07T18:32:18.372902+02:00;standby;30.3;31.7;5.0;28.0;55.5;57.0;0;0;0;0;16365.94;11280.08;5085.87;32430.004
2026-07-07T18:33:18.829344+02:00;standby;30.3;31.6;5.0;28.0;55.5;57.0;0;0;0;0;16365.94;11280.08;5085.87;32430.004
2026-07-07T18:34:19.455744+02:00;standby;30.3;31.6;5.0;28.0;55.5;57.0;0;0;0;0;16365.94;11280.08;5085.87;32430.004
2026-07-07T18:35:19.969007+02:00;standby;30.3;31.6;5.0;28.0;55.5;57.0;0;0;0;0;16365.94;11280.08;5085.87;32430.004
2026-07-07T18:36:20.525179+02:00;standby;30.3;31.6;5.0;28.0;55.5;57.0;0;0;0;0;16365.94;11280.08;5085.87;32430.004
2026-07-07T18:37:21.010920+02:00;standby;30.3;31.6;5.0;28.0;55.5;57.0;0;0;0;0;16365.94;11280.08;5085.87;32430.004
2026-07-07T18:38:22.343444+02:00;standby;30.3;31.6;5.0;28.0;55.5;57.0;0;0;0;0;16365.94;11280.08;5085.87;32430.004
2026-07-07T18:39:22.912246+02:00;standby;30.3;31.6;5.0;28.0;55.4;57.0;0;0;0;0;16365.94;11280.08;5085.87;32430.004
2026-07-07T18:40:23.392355+02:00;standby;30.3;31.6;5.0;28.0;55.4;57.0;0;0;0;0;16365.94;11280.08;5085.87;32430.004
2026-07-07T18:41:23.900384+02:00;standby;30.3;31.6;5.0;28.0;55.4;57.0;0;0;0;0;16365.94;11280.08;5085.87;32430.004
2026-07-07T18:42:24.315627+02:00;standby;30.3;31.6;5.0;28.0;55.4;57.0;0;0;0;0;16365.94;11280.08;5085.87;32430.004
2026-07-07T18:43:24.735901+02:00;standby;30.0;31.5;5.0;28.0;55.4;57.0;0;0;0;0;16365.94;11280.08;5085.87;32430.004
2026-07-07T18:44:25.259517+02:00;standby;30.0;31.5;5.0;28.0;55.4;57.0;0;0;0;0;16365.94;11280.08;5085.87;32430.004
2026-07-07T18:45:26.085986+02:00;standby;30.0;31.5;5.0;28.0;55.4;57.0;0;0;0;0;16365.94;11280.08;5085.87;32430.004
2026-07-07T18:46:26.645750+02:00;standby;30.0;31.5;5.0;28.0;55.4;57.0;0;0;0;0;16365.94;11280.08;5085.87;32430.004
2026-07-07T18:47:27.119157+02:00;standby;30.0;31.5;5.0;28.0;55.4;57.0;0;0;0;0;16365.94;11280.08;5085.87;32430.004
2026-07-07T18:48:27.641918+02:00;standby;30.0;31.5;5.0;28.0;55.4;57.0;0;0;0;0;16365.94;11280.08;5085.87;32430.004
2026-07-07T18:49:28.165843+02:00;standby;30.0;31.5;5.0;28.0;55.3;57.0;0;0;0;0;16365.94;11280.08;5085.87;32430.004
2026-07-07T18:50:28.721201+02:00;standby;30.0;31.5;5.0;28.0;55.3;57.0;0;0;0;0;16365.94;11280.08;5085.87;32430.004
2026-07-07T18:51:29.193564+02:00;standby;30.0;31.4;5.0;28.0;55.3;57.0;0;0;0;0;16365.94;11280.08;5085.87;32430.004
2026-07-07T18:52:29.716529+02:00;standby;30.0;31.4;5.0;28.0;55.3;57.0;0;0;0;0;16365.94;11280.08;5085.87;32430.004
2026-07-07T18:53:30.183148+02:00;standby;30.0;31.4;5.0;28.0;55.3;57.0;0;0;0;0;16365.94;11280.08;5085.87;32430.004
2026-07-07T18:54:30.716164+02:00;standby;30.0;31.4;5.0;28.0;55.3;57.0;0;0;0;0;16365.94;11280.08;5085.87;32430.004
2026-07-07T18:55:31.132627+02:00;standby;30.0;31.4;5.0;28.0;55.3;57.0;0;0;0;0;16365.94;11280.08;5085.87;32430.004
2026-07-07T18:56:31.966235+02:00;standby;30.0;31.4;5.0;28.0;55.3;57.0;0;0;0;0;16365.94;11280.08;5085.87;32430.004
2026-07-07T18:57:32.448574+02:00;standby;30.0;31.4;5.0;28.0;55.3;57.0;0;0;0;0;16365.94;11280.08;5085.87;32430.004
2026-07-07T18:58:32.886763+02:00;standby;30.0;31.2;5.0;28.0;55.3;57.0;0;0;0;0;16365.94;11280.08;5085.87;32430.004
2026-07-07T18:59:33.391452+02:00;standby;30.0;31.2;5.0;28.0;55.2;57.0;0;0;0;0;16365.94;11280.08;5085.87;32430.004
2026-07-07T19:00:34.076883+02:00;standby;30.0;31.2;5.0;28.0;55.2;57.0;0;0;0;0;16365.94;11280.08;5085.87;32430.004
2026-07-07T19:01:34.726632+02:00;standby;30.0;31.2;5.0;28.0;55.2;57.0;0;0;0;0;16365.94;11280.08;5085.87;32430.004
2026-07-07T19:02:35.214162+02:00;standby;30.0;31.2;5.0;28.0;55.2;57.0;0;0;0;0;16365.94;11280.08;5085.87;32430.004
2026-07-07T19:03:36.497355+02:00;standby;30.0;31.2;5.0;28.0;55.2;57.0;0;0;0;0;16365.94;11280.08;5085.87;32430.004
2026-07-07T19:04:36.921817+02:00;standby;30.0;31.2;5.0;28.0;55.2;57.0;0;0;0;0;16365.94;11280.08;5085.87;32430.004
2026-07-07T19:05:37.423173+02:00;standby;30.0;31.2;5.0;28.0;55.2;57.0;0;0;0;0;16365.94;11280.08;5085.87;32430.004
2026-07-07T19:06:38.211869+02:00;standby;30.0;31.1;5.0;28.0;55.2;57.0;0;0;0;0;16365.94;11280.08;5085.87;32430.004
2026-07-07T19:07:38.863285+02:00;standby;30.0;31.1;5.0;28.0;55.2;57.0;0;0;0;0;16365.94;11280.08;5085.87;32430.004
2026-07-07T19:08:39.572148+02:00;standby;30.0;31.1;5.0;28.0;55.2;57.0;0;0;0;0;16365.94;11280.08;5085.87;32430.004
2026-07-07T19:09:40.112882+02:00;standby;30.0;31.1;5.0;28.0;55.2;57.0;0;0;0;0;16365.94;11280.08;5085.87;32430.004
2026-07-07T19:10:41.044418+02:00;standby;30.0;31.1;5.0;28.0;55.1;57.0;0;0;0;0;16365.94;11280.08;5085.87;32430.004
2026-07-07T19:11:41.759378+02:00;standby;30.0;31.1;5.0;28.0;55.1;57.0;0;0;0;0;16365.94;11280.08;5085.87;32430.004
2026-07-07T19:12:42.276328+02:00;standby;30.0;31.1;5.0;28.0;55.1;57.0;0;0;0;0;16365.94;11280.08;5085.87;32430.004
2026-07-07T19:13:42.872530+02:00;standby;30.0;31.1;5.0;28.0;55.1;57.0;0;0;0;0;16365.94;11280.08;5085.87;32430.004
2026-07-07T19:14:43.297449+02:00;standby;30.0;31.1;5.0;28.0;55.1;57.0;0;0;0;0;16365.94;11280.08;5085.87;32430.004
2026-07-07T19:15:43.718773+02:00;standby;30.0;31.1;5.0;28.0;55.1;57.0;0;0;0;0;16365.94;11280.08;5085.87;32430.004
2026-07-07T19:16:44.226758+02:00;standby;30.0;31.1;5.0;28.0;55.1;57.0;0;0;0;0;16365.94;11280.08;5085.87;32430.004
2026-07-07T19:17:44.879939+02:00;standby;30.0;31.1;5.0;28.0;55.1;57.0;0;0;0;0;16365.94;11280.08;5085.87;32430.004
2026-07-07T19:18:45.376116+02:00;standby;30.0;31.0;5.0;28.0;55.1;57.0;0;0;0;0;16365.94;11280.08;5085.87;32430.004
2026-07-07T19:19:46.641164+02:00;standby;30.0;31.0;5.0;28.0;55.1;57.0;0;0;0;0;16365.94;11280.08;5085.87;32430.004
2026-07-07T19:20:47.190572+02:00;standby;30.0;31.0;5.0;28.0;55.1;57.0;0;0;0;0;16365.94;11280.08;5085.87;32430.004
2026-07-07T19:21:47.774029+02:00;standby;30.0;31.0;5.0;28.0;54.9;57.0;0;0;0;0;16365.94;11280.08;5085.87;32430.004
2026-07-07T19:22:48.368010+02:00;standby;30.0;31.0;5.0;28.0;54.9;57.0;0;0;0;0;16365.94;11280.08;5085.87;32430.004
2026-07-07T19:23:48.813478+02:00;standby;30.0;31.0;5.0;28.0;54.9;57.0;0;0;0;0;16365.94;11280.08;5085.87;32430.004
2026-07-07T19:24:49.304751+02:00;standby;30.0;31.0;5.0;28.0;54.9;57.0;0;0;0;0;16365.94;11280.08;5085.87;32430.004
2026-07-07T19:25:49.927355+02:00;standby;30.0;31.0;5.0;28.0;54.9;57.0;0;0;0;0;16365.94;11280.08;5085.87;32430.004
2026-07-07T19:26:50.554415+02:00;standby;30.0;31.0;5.0;28.0;54.9;57.0;0;0;0;0;16365.94;11280.08;5085.87;32430.004
2026-07-07T19:27:51.230992+02:00;standby;30.0;30.9;5.0;28.0;54.9;57.0;0;0;0;0;16365.94;11280.08;5085.87;32430.004
2026-07-07T19:28:52.021925+02:00;standby;30.0;30.9;5.0;28.0;54.9;57.0;0;0;0;0;16365.94;11280.08;5085.87;32430.004
2026-07-07T19:29:52.545635+02:00;standby;30.0;30.9;5.0;28.0;54.9;57.0;0;0;0;0;16365.94;11280.08;5085.87;32430.004
2026-07-07T19:30:53.038217+02:00;standby;30.0;30.9;5.0;28.0;54.9;57.0;0;0;0;0;16365.94;11280.08;5085.87;32430.004
2026-07-07T19:31:53.579430+02:00;standby;30.0;30.9;5.0;28.0;54.8;57.0;0;0;0;0;16365.94;11280.08;5085.87;32430.004
2026-07-07T19:32:54.409860+02:00;standby;30.0;30.9;5.0;28.0;54.8;57.0;0;0;0;0;16365.94;11280.08;5085.87;32430.004
2026-07-07T19:33:54.945511+02:00;standby;30.0;30.9;5.0;28.0;54.8;57.0;0;0;0;0;16365.94;11280.08;5085.87;32430.004
2026-07-07T19:34:56.277186+02:00;standby;30.0;30.9;5.0;28.0;54.8;57.0;0;0;0;0;16365.94;11280.08;5085.87;32430.004
2026-07-07T19:35:56.861724+02:00;standby;30.0;30.9;5.0;28.0;54.8;57.0;0;0;0;0;16365.94;11280.08;5085.87;32430.004
2026-07-07T19:36:57.326892+02:00;standby;30.0;30.9;5.0;28.0;54.7;57.0;0;0;0;0;16365.94;11280.08;5085.87;32430.004
2026-07-07T19:37:57.796064+02:00;standby;30.0;30.7;5.0;28.0;54.7;57.0;0;0;0;0;16365.94;11280.08;5085.87;32430.004
2026-07-07T19:38:58.561119+02:00;standby;30.0;30.7;5.0;28.0;54.7;57.0;0;0;0;0;16365.94;11280.08;5085.87;32430.004
2026-07-07T19:39:59.354763+02:00;standby;30.0;30.7;5.0;28.0;54.7;57.0;0;0;0;0;16365.94;11280.08;5085.87;32430.004
2026-07-07T19:40:59.938294+02:00;standby;30.0;30.7;5.0;28.0;54.7;57.0;0;0;0;0;16365.94;11280.08;5085.87;32430.004
2026-07-07T19:42:00.407882+02:00;standby;30.0;30.7;5.0;28.0;54.7;57.0;0;0;0;0;16365.94;11280.08;5085.87;32430.004
2026-07-07T19:43:01.219318+02:00;standby;30.0;30.7;5.0;28.0;54.7;57.0;0;0;0;0;16365.94;11280.08;5085.87;32430.004
2026-07-07T19:44:01.738265+02:00;standby;29.9;30.7;5.0;28.0;54.7;57.0;0;0;0;0;16365.94;11280.08;5085.87;32430.004
2026-07-07T19:45:02.209517+02:00;standby;29.9;30.7;5.0;28.0;54.7;57.0;0;0;0;0;16365.94;11280.08;5085.87;32430.004
2026-07-07T19:46:02.671216+02:00;standby;29.9;30.6;5.0;28.0;54.7;57.0;0;0;0;0;16365.94;11280.08;5085.87;32430.004
2026-07-07T19:47:03.291532+02:00;standby;29.9;30.6;5.0;28.0;54.7;57.0;0;0;0;0;16365.94;11280.08;5085.87;32430.004
2026-07-07T19:48:03.830418+02:00;standby;29.9;30.6;5.0;28.0;54.6;57.0;0;0;0;0;16365.94;11280.08;5085.87;32430.004
2026-07-07T19:49:04.465222+02:00;standby;29.9;30.6;5.0;28.0;54.6;57.0;0;0;0;0;16365.94;11280.08;5085.87;32430.004
2026-07-07T19:50:04.922426+02:00;standby;29.9;30.6;5.0;28.0;54.6;57.0;0;0;0;0;16365.94;11280.08;5085.87;32430.004
2026-07-07T19:51:05.493598+02:00;standby;29.9;30.6;5.0;28.0;54.6;57.0;0;0;0;0;16365.94;11280.08;5085.87;32430.004
2026-07-07T19:52:06.061617+02:00;standby;29.9;30.6;5.0;28.0;54.6;57.0;0;0;0;0;16365.94;11280.08;5085.87;32430.004
2026-07-07T19:53:06.815746+02:00;standby;29.9;30.6;5.0;28.0;54.6;57.0;0;0;0;0;16365.94;11280.08;5085.87;32430.004
2026-07-07T19:54:07.507514+02:00;standby;29.9;30.6;5.0;28.0;54.6;57.0;0;0;0;0;16365.94;11280.08;5085.87;32430.004
2026-07-07T19:55:08.196321+02:00;standby;29.9;30.6;5.0;28.0;54.6;57.0;0;0;0;0;16365.94;11280.08;5085.87;32430.004
2026-07-07T19:56:08.850107+02:00;standby;29.9;30.6;5.0;28.0;54.6;57.0;0;0;0;0;16365.94;11280.08;5085.87;32430.004
2026-07-07T19:57:09.512344+02:00;standby;29.9;30.6;5.0;28.0;54.6;57.0;0;0;0;0;16365.94;11280.08;5085.87;32430.004
2026-07-07T19:58:10.152071+02:00;standby;29.9;30.6;5.0;28.0;54.5;57.0;0;0;0;0;16365.94;11280.08;5085.87;32430.004
2026-07-07T19:59:10.926646+02:00;standby;29.9;30.5;5.0;28.0;54.5;57.0;0;0;0;0;16365.94;11280.08;5085.87;32430.004
2026-07-07T20:00:11.521045+02:00;standby;29.9;30.5;5.0;28.0;54.5;57.0;0;0;0;0;16365.94;11280.08;5085.87;32430.004
2026-07-07T20:01:12.102174+02:00;standby;29.9;30.5;5.0;28.0;54.5;57.0;0;0;0;0;16365.94;11280.08;5085.87;32430.004
2026-07-07T20:02:12.616516+02:00;standby;29.9;30.5;5.0;28.0;54.5;57.0;0;0;0;0;16365.94;11280.08;5085.87;32430.004
2026-07-07T20:03:13.197865+02:00;standby;29.9;30.5;5.0;28.0;54.5;57.0;0;0;0;0;16365.94;11280.08;5085.87;32430.004
2026-07-07T20:04:13.883284+02:00;standby;29.9;30.5;5.0;28.0;54.5;57.0;0;0;0;0;16365.94;11280.08;5085.87;32430.004
2026-07-07T20:05:14.520138+02:00;standby;29.9;30.5;5.0;28.0;54.5;57.0;0;0;0;0;16365.94;11280.08;5085.87;32430.004
2026-07-07T20:06:15.003024+02:00;standby;29.9;30.5;5.0;28.0;54.5;57.0;0;0;0;0;16365.94;11280.08;5085.87;32430.004
2026-07-07T20:07:15.466530+02:00;standby;29.9;30.5;5.0;28.0;54.4;57.0;0;0;0;0;16365.94;11280.08;5085.87;32430.004
2026-07-07T20:08:16.178804+02:00;standby;29.9;30.5;5.0;28.0;54.4;57.0;0;0;0;0;16365.94;11280.08;5085.87;32430.004
2026-07-07T20:09:16.683288+02:00;standby;29.9;30.5;5.0;28.0;54.4;57.0;0;0;0;0;16365.94;11280.08;5085.87;32430.004
2026-07-07T20:10:17.182405+02:00;standby;29.9;30.4;5.0;28.0;54.3;57.0;0;0;0;0;16365.94;11280.08;5085.87;32430.004
2026-07-07T20:11:17.634964+02:00;standby;29.9;30.4;5.0;28.0;54.3;57.0;0;0;0;0;16365.94;11280.08;5085.87;32430.004
2026-07-07T20:12:18.122143+02:00;standby;29.9;30.4;5.0;28.0;54.2;57.0;0;0;0;0;16365.94;11280.08;5085.87;32430.004
2026-07-07T20:13:18.655694+02:00;standby;29.9;30.4;5.0;28.0;54.2;57.0;0;0;0;0;16365.94;11280.08;5085.87;32430.004
2026-07-07T20:14:19.175416+02:00;standby;29.9;30.4;5.0;28.0;54.1;57.0;0;0;0;0;16365.94;11280.08;5085.87;32430.004
2026-07-07T20:15:19.931610+02:00;standby;29.9;30.4;5.0;28.0;54.1;57.0;0;0;0;0;16365.94;11280.08;5085.87;32430.004
2026-07-07T20:16:20.403093+02:00;standby;29.9;30.4;5.0;28.0;54.1;57.0;0;0;0;0;16365.94;11280.08;5085.87;32430.004
2026-07-07T20:17:20.944877+02:00;standby;29.9;30.4;5.0;28.0;54.1;57.0;0;0;0;0;16365.94;11280.08;5085.87;32430.004
2026-07-07T20:18:21.467830+02:00;standby;29.9;30.4;5.0;28.0;54.1;57.0;0;0;0;0;16365.94;11280.08;5085.87;32430.004
2026-07-07T20:19:22.092575+02:00;standby;29.9;30.4;5.0;28.0;54.1;57.0;0;0;0;0;16365.94;11280.08;5085.87;32430.004
2026-07-07T20:20:22.603226+02:00;standby;29.9;30.4;5.0;28.0;54.1;57.0;0;0;0;0;16365.94;11280.08;5085.87;32430.004
2026-07-07T20:21:23.258648+02:00;standby;29.9;30.4;5.0;28.0;54.0;57.0;0;0;0;0;16365.94;11280.08;5085.87;32430.004
2026-07-07T20:22:23.740017+02:00;standby;29.9;30.4;5.0;28.0;54.0;57.0;0;0;0;0;16365.94;11280.08;5085.87;32430.004
2026-07-07T20:23:24.203074+02:00;standby;29.9;30.4;5.0;28.0;54.0;57.0;0;0;0;0;16365.94;11280.08;5085.87;32430.004
2026-07-07T20:24:24.678511+02:00;standby;29.9;30.2;5.0;28.0;54.0;57.0;0;0;0;0;16365.94;11280.08;5085.87;32430.004
2026-07-07T20:25:25.180414+02:00;standby;29.9;30.2;5.0;28.0;54.0;57.0;0;0;0;0;16365.94;11280.08;5085.87;32430.004
2026-07-07T20:26:25.936812+02:00;standby;29.9;30.2;5.0;28.0;54.0;57.0;0;0;0;0;16365.94;11280.08;5085.87;32430.004
2026-07-07T20:27:26.420555+02:00;standby;29.9;30.2;5.0;28.0;54.0;57.0;0;0;0;0;16365.94;11280.08;5085.87;32430.004
2026-07-07T20:28:27.174047+02:00;standby;29.9;30.2;5.0;28.0;54.0;57.0;0;0;0;0;16365.94;11280.08;5085.87;32430.004
2026-07-07T20:29:27.691642+02:00;standby;29.9;30.2;5.0;28.0;53.9;57.0;0;0;0;0;16365.94;11280.08;5085.87;32430.004
2026-07-07T20:30:28.306761+02:00;standby;29.9;30.2;5.0;28.0;53.9;57.0;0;0;0;0;16365.94;11280.08;5085.87;32430.004
2026-07-07T20:31:28.825084+02:00;standby;29.9;30.2;5.0;28.0;53.9;57.0;0;0;0;0;16365.94;11280.08;5085.87;32430.004
2026-07-07T20:32:29.460006+02:00;standby;29.9;30.2;5.0;28.0;53.9;57.0;0;0;0;0;16365.94;11280.08;5085.87;32430.004
2026-07-07T20:33:29.989513+02:00;standby;29.9;30.2;5.0;28.0;53.9;57.0;0;0;0;0;16365.94;11280.08;5085.87;32430.004
2026-07-07T20:34:30.499432+02:00;standby;29.9;30.2;5.0;28.0;53.9;57.0;0;0;0;0;16365.94;11280.08;5085.87;32430.004
2026-07-07T20:35:31.106907+02:00;standby;29.9;30.2;5.0;28.0;53.9;57.0;0;0;0;0;16365.94;11280.08;5085.87;32430.004
2026-07-07T20:36:31.608330+02:00;standby;29.9;30.2;5.0;28.0;53.9;57.0;0;0;0;0;16365.94;11280.08;5085.87;32430.004
2026-07-07T20:37:32.149493+02:00;standby;29.9;30.1;5.0;28.0;53.9;57.0;0;0;0;0;16365.94;11280.08;5085.87;32430.004
2026-07-07T20:38:32.765923+02:00;standby;29.9;30.1;5.0;28.0;53.8;57.0;0;0;0;0;16365.94;11280.08;5085.87;32430.004
2026-07-07T20:39:33.880237+02:00;standby;29.9;30.1;5.0;28.0;53.8;57.0;0;0;0;0;16365.94;11280.08;5085.87;32430.004
2026-07-07T20:40:34.298169+02:00;standby;29.9;30.1;5.0;28.0;53.8;57.0;0;0;0;0;16365.94;11280.08;5085.87;32430.004
2026-07-07T20:41:34.838084+02:00;standby;29.9;30.1;5.0;28.0;53.8;57.0;0;0;0;0;16365.94;11280.08;5085.87;32430.004
2026-07-07T20:42:35.363110+02:00;standby;29.9;30.1;5.0;28.0;53.8;57.0;0;0;0;0;16365.94;11280.08;5085.87;32430.004
2026-07-07T20:43:35.886520+02:00;standby;29.9;30.1;5.0;28.0;53.8;57.0;0;0;0;0;16365.94;11280.08;5085.87;32430.004
2026-07-07T20:44:36.373290+02:00;standby;28.6;30.1;5.0;28.0;53.8;57.0;0;0;0;0;16365.94;11280.08;5085.87;32430.004
2026-07-07T20:45:37.098645+02:00;standby;28.6;30.1;5.0;28.0;53.8;57.0;0;0;0;0;16365.94;11280.08;5085.87;32430.004
2026-07-07T20:46:37.889239+02:00;standby;28.6;30.1;5.0;28.0;53.8;57.0;0;0;0;0;16365.94;11280.08;5085.87;32430.004
2026-07-07T20:47:38.383735+02:00;standby;28.6;30.1;5.0;28.0;53.8;57.0;0;0;0;0;16365.94;11280.08;5085.87;32430.004
2026-07-07T20:48:38.983911+02:00;standby;28.6;30.1;5.0;28.0;53.8;57.0;0;0;0;0;16365.94;11280.08;5085.87;32430.004
2026-07-07T20:49:40.015602+02:00;standby;28.6;30.1;5.0;28.0;53.7;57.0;0;0;0;0;16365.94;11280.08;5085.87;32430.004
2026-07-07T20:50:41.059830+02:00;standby;28.6;30.1;5.0;28.0;53.7;57.0;0;0;0;0;16365.94;11280.08;5085.87;32430.004
2026-07-07T20:51:41.856402+02:00;standby;28.6;30.1;5.0;28.0;53.7;57.0;0;0;0;0;16365.94;11280.08;5085.87;32430.004
2026-07-07T20:52:42.399486+02:00;standby;28.6;30.0;5.0;28.0;53.7;57.0;0;0;0;0;16365.94;11280.08;5085.87;32430.004
2026-07-07T20:53:42.855846+02:00;standby;28.6;30.1;5.0;28.0;53.7;57.0;0;0;0;0;16365.94;11280.08;5085.87;32430.004
2026-07-07T20:54:43.276486+02:00;standby;28.6;30.0;5.0;28.0;53.7;57.0;0;0;0;0;16365.94;11280.08;5085.87;32430.004
2026-07-07T20:55:43.750041+02:00;standby;28.6;30.0;5.0;28.0;53.7;57.0;0;0;0;0;16365.94;11280.08;5085.87;32430.004
2026-07-07T20:56:44.246267+02:00;standby;28.6;30.0;5.0;28.0;53.7;57.0;0;0;0;0;16365.94;11280.08;5085.87;32430.004
2026-07-07T20:57:45.294195+02:00;standby;28.6;30.0;5.0;28.0;53.7;57.0;0;0;0;0;16365.94;11280.08;5085.87;32430.004
2026-07-07T20:58:45.965481+02:00;standby;28.6;30.0;5.0;28.0;53.7;57.0;0;0;0;0;16365.94;11280.08;5085.87;32430.004
2026-07-07T20:59:46.562425+02:00;standby;28.6;30.0;5.0;28.0;53.7;57.0;0;0;0;0;16365.94;11280.08;5085.87;32430.004
2026-07-07T21:00:47.042833+02:00;standby;28.6;30.0;5.0;28.0;53.6;57.0;0;0;0;0;16365.94;11280.08;5085.87;32430.004
2026-07-07T21:01:47.592218+02:00;standby;28.6;30.0;5.0;28.0;53.6;57.0;0;0;0;0;16365.94;11280.08;5085.87;32430.004
2026-07-07T21:02:48.099592+02:00;standby;28.6;30.0;5.0;28.0;53.6;57.0;0;0;0;0;16365.94;11280.08;5085.87;32430.004
2026-07-07T21:03:48.628549+02:00;standby;28.6;30.0;5.0;28.0;53.6;57.0;0;0;0;0;16365.94;11280.08;5085.87;32430.004
2026-07-07T21:04:49.454989+02:00;standby;28.6;30.0;5.0;28.0;53.6;57.0;0;0;0;0;16365.94;11280.08;5085.87;32430.004
2026-07-07T21:05:49.961951+02:00;standby;28.6;30.0;5.0;28.0;53.6;57.0;0;0;0;0;16365.94;11280.08;5085.87;32430.004
2026-07-07T21:06:50.466418+02:00;standby;28.6;30.0;5.0;28.0;53.6;57.0;0;0;0;0;16365.94;11280.08;5085.87;32430.004
2026-07-07T21:07:50.882419+02:00;standby;28.6;30.0;5.0;28.0;53.6;57.0;0;0;0;0;16365.94;11280.08;5085.87;32430.004
2026-07-07T21:08:51.631752+02:00;standby;28.6;30.0;5.0;28.0;53.6;57.0;0;0;0;0;16365.94;11280.08;5085.87;32430.004
2026-07-07T21:09:52.675403+02:00;standby;28.6;29.9;5.0;28.0;53.6;57.0;0;0;0;0;16365.94;11280.08;5085.87;32430.004
2026-07-07T21:10:53.154977+02:00;standby;28.6;29.9;5.0;28.0;53.5;57.0;0;0;0;0;16365.94;11280.08;5085.87;32430.004
2026-07-07T21:11:54.538062+02:00;standby;28.6;29.9;5.0;28.0;53.5;57.0;0;0;0;0;16365.94;11280.08;5085.87;32430.004
2026-07-07T21:12:55.031459+02:00;standby;28.6;29.9;5.0;28.0;53.5;57.0;0;0;0;0;16365.94;11280.08;5085.87;32430.004
2026-07-07T21:13:55.571837+02:00;standby;28.6;29.9;5.0;28.0;53.5;57.0;0;0;0;0;16365.94;11280.08;5085.87;32430.004
2026-07-07T21:14:56.179042+02:00;standby;28.6;29.9;5.0;28.0;53.5;57.0;0;0;0;0;16365.94;11280.08;5085.87;32430.004
2026-07-07T21:15:56.691076+02:00;standby;28.6;29.9;5.0;28.0;53.5;57.0;0;0;0;0;16365.94;11280.08;5085.87;32430.004
2026-07-07T21:16:57.191546+02:00;standby;28.6;29.9;5.0;28.0;53.5;57.0;0;0;0;0;16365.94;11280.08;5085.87;32430.004
2026-07-07T21:17:57.955863+02:00;standby;28.6;29.9;5.0;28.0;53.5;57.0;0;0;0;0;16365.94;11280.08;5085.87;32430.004
2026-07-07T21:18:58.495577+02:00;standby;28.6;29.9;5.0;28.0;53.5;57.0;0;0;0;0;16365.94;11280.08;5085.87;32430.004
2026-07-07T21:19:59.100465+02:00;standby;28.6;29.9;5.0;28.0;53.5;57.0;0;0;0;0;16365.94;11280.08;5085.87;32430.004
2026-07-07T21:20:59.609421+02:00;standby;28.6;29.9;5.0;28.0;53.4;57.0;0;0;0;0;16365.94;11280.08;5085.87;32430.004
2026-07-07T21:22:00.115107+02:00;standby;28.6;29.9;5.0;28.0;53.4;57.0;0;0;0;0;16365.94;11280.08;5085.87;32430.004
2026-07-07T21:23:00.655185+02:00;standby;28.6;29.9;5.0;28.0;53.4;57.0;0;0;0;0;16365.94;11280.08;5085.87;32430.004
2026-07-07T21:24:01.297892+02:00;standby;28.6;29.7;5.0;28.0;53.4;57.0;0;0;0;0;16365.94;11280.08;5085.87;32430.004
2026-07-07T21:25:01.880600+02:00;standby;28.6;29.7;5.0;28.0;53.4;57.0;0;0;0;0;16365.94;11280.08;5085.87;32430.004
2026-07-07T21:26:02.517386+02:00;standby;28.6;29.7;5.0;28.0;53.4;57.0;0;0;0;0;16365.94;11280.08;5085.87;32430.004
2026-07-07T21:27:03.071115+02:00;standby;28.6;29.7;5.0;28.0;53.4;57.0;0;0;0;0;16365.94;11280.08;5085.87;32430.004
2026-07-07T21:28:03.662359+02:00;standby;28.6;29.9;5.0;28.0;53.4;57.0;0;0;0;0;16365.94;11280.08;5085.87;32430.004
2026-07-07T21:29:04.228032+02:00;standby;28.6;29.7;5.0;28.0;53.4;57.0;0;0;0;0;16365.94;11280.08;5085.87;32430.004
2026-07-07T21:30:04.885883+02:00;standby;28.6;29.7;5.0;28.0;53.4;57.0;0;0;0;0;16365.94;11280.08;5085.87;32430.004
2026-07-07T21:31:06.159020+02:00;standby;28.6;29.7;5.0;28.0;53.3;57.0;0;0;0;0;16365.94;11280.08;5085.87;32430.004
2026-07-07T21:32:06.689289+02:00;standby;28.6;29.7;5.0;28.0;53.3;57.0;0;0;0;0;16365.94;11280.08;5085.87;32430.004
2026-07-07T21:33:07.569203+02:00;standby;28.6;29.7;5.0;28.0;53.3;57.0;0;0;0;0;16365.94;11280.08;5085.87;32430.004
2026-07-07T21:34:08.055731+02:00;standby;28.6;29.7;5.0;28.0;53.3;57.0;0;0;0;0;16365.94;11280.08;5085.87;32430.004
2026-07-07T21:35:08.488373+02:00;standby;28.6;29.7;5.0;28.0;53.3;57.0;0;0;0;0;16365.94;11280.08;5085.87;32430.004
2026-07-07T21:36:08.988441+02:00;standby;28.6;29.7;5.0;28.0;53.3;57.0;0;0;0;0;16365.94;11280.08;5085.87;32430.004
2026-07-07T21:37:09.405943+02:00;standby;28.6;29.7;5.0;28.0;53.3;57.0;0;0;0;0;16365.94;11280.08;5085.87;32430.004
2026-07-07T21:38:10.337519+02:00;standby;28.6;29.7;5.0;28.0;53.3;57.0;0;0;0;0;16365.94;11280.08;5085.87;32430.004
2026-07-07T21:39:10.787295+02:00;standby;28.6;29.7;5.0;28.0;53.3;57.0;0;0;0;0;16365.94;11280.08;5085.87;32430.004
2026-07-07T21:40:11.308449+02:00;standby;28.6;29.7;5.0;28.0;53.3;57.0;0;0;0;0;16365.94;11280.08;5085.87;32430.004
2026-07-07T21:41:11.911290+02:00;standby;28.6;29.7;5.0;28.0;53.3;57.0;0;0;0;0;16365.94;11280.08;5085.87;32430.004
2026-07-07T21:42:12.328119+02:00;standby;28.6;29.6;5.0;28.0;53.2;57.0;0;0;0;0;16365.94;11280.08;5085.87;32430.004
2026-07-07T21:43:13.140211+02:00;standby;28.6;29.6;5.0;28.0;53.2;57.0;0;0;0;0;16365.94;11280.08;5085.87;32430.004
2026-07-07T21:44:13.597632+02:00;standby;28.6;29.6;5.0;28.0;53.2;57.0;0;0;0;0;16365.94;11280.08;5085.87;32430.004
2026-07-07T21:45:14.073143+02:00;standby;27.9;29.6;5.0;28.0;53.2;57.0;0;0;0;0;16365.94;11280.08;5085.87;32430.004
2026-07-07T21:46:14.492029+02:00;standby;27.9;29.6;5.0;28.0;53.2;57.0;0;0;0;0;16365.94;11280.08;5085.87;32430.004
2026-07-07T21:47:14.920117+02:00;standby;27.9;29.6;5.0;28.0;53.2;57.0;0;0;0;0;16365.94;11280.08;5085.87;32430.004
2026-07-07T21:48:15.399562+02:00;standby;27.9;29.6;5.0;28.0;53.2;57.0;0;0;0;0;16365.94;11280.08;5085.87;32430.004
2026-07-07T21:49:16.202626+02:00;standby;27.9;29.6;5.0;28.0;53.2;57.0;0;0;0;0;16365.94;11280.08;5085.87;32430.004
2026-07-07T21:50:16.672589+02:00;standby;27.9;29.6;5.0;28.0;53.2;57.0;0;0;0;0;16365.94;11280.08;5085.87;32430.004
2026-07-07T21:51:19.820326+02:00;standby;27.9;29.6;5.0;28.0;53.2;57.0;0;0;0;0;16365.94;11280.08;5085.87;32430.004
2026-07-07T21:52:20.268488+02:00;standby;27.9;29.6;5.0;28.0;53.2;57.0;0;0;0;0;16365.94;11280.08;5085.87;32430.004
2026-07-07T21:53:20.685868+02:00;standby;27.9;29.6;5.0;28.0;53.1;57.0;0;0;0;0;16365.94;11280.08;5085.87;32430.004
2026-07-07T21:54:21.106197+02:00;standby;27.9;29.6;5.0;28.0;53.1;57.0;0;0;0;0;16365.94;11280.08;5085.87;32430.004
2026-07-07T21:55:21.617963+02:00;standby;27.9;29.6;5.0;28.0;53.1;57.0;0;0;0;0;16365.94;11280.08;5085.87;32430.004
2026-07-07T21:56:22.241452+02:00;standby;27.9;29.6;5.0;28.0;53.1;57.0;0;0;0;0;16365.94;11280.08;5085.87;32430.004
2026-07-07T21:57:22.904859+02:00;standby;27.9;29.4;5.0;28.0;53.1;57.0;0;0;0;0;16365.94;11280.08;5085.87;32430.004
2026-07-07T21:58:23.388830+02:00;standby;27.9;29.4;5.0;28.0;53.1;57.0;0;0;0;0;16365.94;11280.08;5085.87;32430.004
2026-07-07T21:59:23.943548+02:00;standby;27.9;29.4;5.0;28.0;53.1;57.0;0;0;0;0;16365.94;11280.08;5085.87;32430.004
2026-07-07T22:00:24.424783+02:00;standby;27.9;29.4;5.0;28.0;53.1;57.0;0;0;0;0;16365.94;11280.08;5085.87;32430.004
2026-07-07T22:01:25.228687+02:00;standby;27.9;29.4;5.0;28.0;53.1;57.0;0;0;0;0;16365.94;11280.08;5085.87;32430.004
2026-07-07T22:02:25.808614+02:00;standby;27.9;29.4;5.0;28.0;53.1;57.0;0;0;0;0;16365.94;11280.08;5085.87;32430.004
2026-07-07T22:03:26.294485+02:00;standby;27.9;29.4;5.0;28.0;52.9;57.0;0;0;0;0;16365.94;11280.08;5085.87;32430.004
2026-07-07T22:04:26.705467+02:00;standby;27.9;29.4;5.0;28.0;52.9;57.0;0;0;0;0;16365.94;11280.08;5085.87;32430.004
2026-07-07T22:05:27.159469+02:00;standby;27.9;29.4;5.0;28.0;52.9;57.0;0;0;0;0;16365.94;11280.08;5085.87;32430.004
2026-07-07T22:06:27.587743+02:00;standby;27.9;29.4;5.0;28.0;52.9;57.0;0;0;0;0;16365.94;11280.08;5085.87;32430.004
2026-07-07T22:07:28.405879+02:00;standby;27.9;29.4;5.0;28.0;52.9;57.0;0;0;0;0;16365.94;11280.08;5085.87;32430.004
2026-07-07T22:08:28.938695+02:00;standby;27.9;29.4;5.0;28.0;52.9;57.0;0;0;0;0;16365.94;11280.08;5085.87;32430.004
2026-07-07T22:09:29.689597+02:00;standby;27.9;29.4;5.0;28.0;52.9;57.0;0;0;0;0;16365.94;11280.08;5085.87;32430.004
2026-07-07T22:10:30.175556+02:00;standby;27.9;29.4;5.0;28.0;52.9;57.0;0;0;0;0;16365.94;11280.08;5085.87;32430.004
2026-07-07T22:11:31.207529+02:00;standby;27.9;29.4;5.0;28.0;52.9;57.0;0;0;0;0;16365.94;11280.08;5085.87;32430.004
2026-07-07T22:12:31.687700+02:00;standby;27.9;29.4;5.0;28.0;52.9;57.0;0;0;0;0;16365.94;11280.08;5085.87;32430.004
2026-07-07T22:13:32.242152+02:00;standby;27.9;29.4;5.0;28.0;52.9;57.0;0;0;0;0;16365.94;11280.08;5085.87;32430.004
2026-07-07T22:14:32.721094+02:00;standby;27.9;29.4;5.0;28.0;52.8;57.0;0;0;0;0;16365.94;11280.08;5085.87;32430.004
2026-07-07T22:15:33.141202+02:00;standby;27.9;29.4;5.0;28.0;52.8;57.0;0;0;0;0;16365.94;11280.08;5085.87;32430.004
2026-07-07T22:16:33.560223+02:00;standby;27.9;29.4;5.0;28.0;52.8;57.0;0;0;0;0;16365.94;11280.08;5085.87;32430.004
2026-07-07T22:17:34.344192+02:00;standby;27.9;29.4;5.0;28.0;52.8;57.0;0;0;0;0;16365.94;11280.08;5085.87;32430.004
2026-07-07T22:18:34.801001+02:00;standby;27.9;29.4;5.0;28.0;52.8;57.0;0;0;0;0;16365.94;11280.08;5085.87;32430.004
2026-07-07T22:19:35.973961+02:00;standby;27.9;29.3;5.0;28.0;52.8;57.0;0;0;0;0;16365.94;11280.08;5085.87;32430.004
2026-07-07T22:20:36.620495+02:00;standby;27.9;29.3;5.0;28.0;52.8;57.0;0;0;0;0;16365.94;11280.08;5085.87;32430.004
2026-07-07T22:21:37.448210+02:00;standby;27.9;29.3;5.0;28.0;52.8;57.0;0;0;0;0;16365.94;11280.08;5085.87;32430.004
2026-07-07T22:22:37.939250+02:00;standby;27.9;29.3;5.0;28.0;52.8;57.0;0;0;0;0;16365.94;11280.08;5085.87;32430.004
2026-07-07T22:23:38.689981+02:00;standby;27.9;29.3;5.0;28.0;52.8;57.0;0;0;0;0;16365.94;11280.08;5085.87;32430.004
2026-07-07T22:24:39.132660+02:00;standby;27.9;29.3;5.0;28.0;52.8;57.0;0;0;0;0;16365.94;11280.08;5085.87;32430.004
2026-07-07T22:25:39.611832+02:00;standby;27.9;29.3;5.0;28.0;52.8;57.0;0;0;0;0;16365.94;11280.08;5085.87;32430.004
2026-07-07T22:26:40.685694+02:00;standby;27.9;29.3;5.0;28.0;52.7;57.0;0;0;0;0;16365.94;11280.08;5085.87;32430.004
2026-07-07T22:27:41.116419+02:00;standby;27.9;29.3;5.0;28.0;52.7;57.0;0;0;0;0;16365.94;11280.08;5085.87;32430.004
2026-07-07T22:28:42.040535+02:00;standby;27.9;29.3;5.0;28.0;52.7;57.0;0;0;0;0;16365.94;11280.08;5085.87;32430.004
2026-07-07T22:29:42.456363+02:00;standby;27.9;29.3;5.0;28.0;52.7;57.0;0;0;0;0;16365.94;11280.08;5085.87;32430.004
2026-07-07T22:30:43.083980+02:00;standby;27.9;29.3;5.0;28.0;52.7;57.0;0;0;0;0;16365.94;11280.08;5085.87;32430.004
2026-07-07T22:31:43.972957+02:00;standby;27.9;29.3;5.0;28.0;52.7;57.0;0;0;0;0;16365.94;11280.08;5085.87;32430.004
2026-07-07T22:32:44.420572+02:00;standby;27.9;29.3;5.0;28.0;52.7;57.0;0;0;0;0;16365.94;11280.08;5085.87;32430.004
2026-07-07T22:33:45.291276+02:00;standby;27.9;29.3;5.0;28.0;52.7;57.0;0;0;0;0;16365.94;11280.08;5085.87;32430.004
2026-07-07T22:34:45.768704+02:00;standby;27.9;29.3;5.0;28.0;52.7;57.0;0;0;0;0;16365.94;11280.08;5085.87;32430.004
2026-07-07T22:35:46.282388+02:00;standby;27.9;29.3;5.0;28.0;52.7;57.0;0;0;0;0;16365.94;11280.08;5085.87;32430.004
2026-07-07T22:36:47.630070+02:00;standby;27.9;29.3;5.0;28.0;52.6;57.0;0;0;0;0;16365.94;11280.08;5085.87;32430.004
2026-07-07T22:37:48.218874+02:00;standby;27.9;29.3;5.0;28.0;52.6;57.0;0;0;0;0;16365.94;11280.08;5085.87;32430.004
2026-07-07T22:38:48.703192+02:00;standby;27.9;29.3;5.0;28.0;52.6;57.0;0;0;0;0;16365.94;11280.08;5085.87;32430.004
2026-07-07T22:39:49.187656+02:00;standby;27.9;29.2;5.0;28.0;52.6;57.0;0;0;0;0;16365.94;11280.08;5085.87;32430.004
2026-07-07T22:40:49.971803+02:00;standby;27.9;29.2;5.0;28.0;52.6;57.0;0;0;0;0;16365.94;11280.08;5085.87;32430.004
2026-07-07T22:41:50.807584+02:00;standby;27.9;29.2;5.0;28.0;52.6;57.0;0;0;0;0;16365.94;11280.08;5085.87;32430.004
2026-07-07T22:42:51.918101+02:00;standby;27.9;29.2;5.0;28.0;52.6;57.0;0;0;0;0;16365.94;11280.08;5085.87;32430.004
2026-07-07T22:43:53.077894+02:00;standby;27.9;29.2;5.0;28.0;52.6;57.0;0;0;0;0;16365.94;11280.08;5085.87;32430.004
2026-07-07T22:44:53.558922+02:00;standby;27.9;29.2;5.0;28.0;52.6;57.0;0;0;0;0;16365.94;11280.08;5085.87;32430.004
2026-07-07T22:45:53.985025+02:00;standby;27.8;29.2;5.0;28.0;52.6;57.0;0;0;0;0;16365.94;11280.08;5085.87;32430.004
2026-07-07T22:46:54.449097+02:00;standby;27.8;29.2;5.0;28.0;52.5;57.0;0;0;0;0;16365.94;11280.08;5085.87;32430.004
2026-07-07T22:47:56.033188+02:00;standby;27.8;29.2;5.0;28.0;52.5;57.0;0;0;0;0;16365.94;11280.08;5085.87;32430.004
2026-07-07T22:48:56.489493+02:00;standby;27.8;29.2;5.0;28.0;52.5;57.0;0;0;0;0;16365.94;11280.08;5085.87;32430.004
2026-07-07T22:49:57.111319+02:00;standby;27.8;29.2;5.0;28.0;52.5;57.0;0;0;0;0;16365.94;11280.08;5085.87;32430.004
2026-07-07T22:50:57.559715+02:00;standby;27.8;29.2;5.0;28.0;52.5;57.0;0;0;0;0;16365.94;11280.08;5085.87;32430.004
2026-07-07T22:51:58.072693+02:00;standby;27.8;29.2;5.0;28.0;52.5;57.0;0;0;0;0;16365.94;11280.08;5085.87;32430.004
2026-07-07T22:52:59.012825+02:00;standby;27.8;29.2;5.0;28.0;52.5;57.0;0;0;0;0;16365.94;11280.08;5085.87;32430.004
2026-07-07T22:53:59.457720+02:00;standby;27.8;29.2;5.0;28.0;52.5;57.0;0;0;0;0;16365.94;11280.08;5085.87;32430.004
2026-07-07T22:55:00.275886+02:00;standby;27.8;29.2;5.0;28.0;52.5;57.0;0;0;0;0;16365.94;11280.08;5085.87;32430.004
2026-07-07T22:56:00.814323+02:00;standby;27.8;29.2;5.0;28.0;52.5;57.0;0;0;0;0;16365.94;11280.08;5085.87;32430.004
2026-07-07T22:57:01.323622+02:00;standby;27.8;29.2;5.0;28.0;52.5;57.0;0;0;0;0;16365.94;11280.08;5085.87;32430.004
2026-07-07T22:58:02.117836+02:00;standby;27.8;29.2;5.0;28.0;52.5;57.0;0;0;0;0;16365.94;11280.08;5085.87;32430.004
2026-07-07T22:59:02.521813+02:00;standby;27.8;29.2;5.0;28.0;52.4;57.0;0;0;0;0;16365.94;11280.08;5085.87;32430.004
2026-07-07T23:00:03.006992+02:00;standby;27.8;29.2;5.0;28.0;52.4;57.0;0;0;0;0;16365.94;11280.08;5085.87;32430.004
2026-07-07T23:01:03.463192+02:00;standby;27.8;29.2;5.0;25.0;52.4;57.0;0;0;0;0;16365.94;11280.08;5085.87;32430.004
2026-07-07T23:02:04.031167+02:00;standby;27.8;29.2;5.0;25.0;52.4;57.0;0;0;0;0;16365.94;11280.08;5085.87;32430.004
2026-07-07T23:03:05.190689+02:00;standby;27.8;29.0;5.0;25.0;52.4;57.0;0;0;0;0;16365.94;11280.08;5085.87;32430.004
2026-07-07T23:04:05.733023+02:00;standby;27.8;29.0;5.0;25.0;52.4;57.0;0;0;0;0;16365.94;11280.08;5085.87;32430.004
2026-07-07T23:05:06.362969+02:00;standby;27.8;29.0;5.0;25.0;52.4;57.0;0;0;0;0;16365.94;11280.08;5085.87;32430.004
2026-07-07T23:06:07.187651+02:00;standby;27.8;29.0;5.0;25.0;52.4;57.0;0;0;0;0;16365.94;11280.08;5085.87;32430.004
2026-07-07T23:07:07.598689+02:00;standby;27.8;29.0;5.0;25.0;52.4;57.0;0;0;0;0;16365.94;11280.08;5085.87;32430.004
2026-07-07T23:08:08.374444+02:00;standby;27.8;29.0;5.0;25.0;52.4;57.0;0;0;0;0;16365.94;11280.08;5085.87;32430.004
2026-07-07T23:09:08.837465+02:00;standby;27.8;29.0;5.0;25.0;52.3;57.0;0;0;0;0;16365.94;11280.08;5085.87;32430.004
2026-07-07T23:10:09.364482+02:00;standby;27.8;29.0;5.0;25.0;52.3;57.0;0;0;0;0;16365.94;11280.08;5085.87;32430.004
2026-07-07T23:11:09.808052+02:00;standby;27.8;29.0;5.0;25.0;52.3;57.0;0;0;0;0;16365.94;11280.08;5085.87;32430.004
2026-07-07T23:12:10.440874+02:00;standby;27.8;29.0;5.0;25.0;52.3;57.0;0;0;0;0;16365.94;11280.08;5085.87;32430.004
2026-07-07T23:13:11.012582+02:00;standby;27.8;29.0;5.0;25.0;52.3;57.0;0;0;0;0;16365.94;11280.08;5085.87;32430.004
2026-07-07T23:14:11.954835+02:00;standby;27.8;29.0;5.0;25.0;52.3;57.0;0;0;0;0;16365.94;11280.08;5085.87;32430.004
2026-07-07T23:15:12.567142+02:00;standby;27.8;29.0;5.0;25.0;52.3;57.0;0;0;0;0;16365.94;11280.08;5085.87;32430.004
2026-07-07T23:16:12.990632+02:00;standby;27.8;29.0;5.0;25.0;52.3;57.0;0;0;0;0;16365.94;11280.08;5085.87;32430.004
2026-07-07T23:17:13.454832+02:00;standby;27.8;29.0;5.0;25.0;52.3;57.0;0;0;0;0;16365.94;11280.08;5085.87;32430.004
2026-07-07T23:18:14.695189+02:00;standby;27.8;29.0;5.0;25.0;52.3;57.0;0;0;0;0;16365.94;11280.08;5085.87;32430.004
2026-07-07T23:19:15.210292+02:00;standby;27.8;29.0;5.0;25.0;52.3;57.0;0;0;0;0;16365.94;11280.08;5085.87;32430.004
2026-07-07T23:20:15.783695+02:00;standby;27.8;29.0;5.0;25.0;52.2;57.0;0;0;0;0;16365.94;11280.08;5085.87;32430.004
2026-07-07T23:21:16.254942+02:00;standby;27.8;29.0;5.0;25.0;51.9;57.0;0;0;0;0;16365.94;11280.08;5085.87;32430.004
2026-07-07T23:22:16.859138+02:00;standby;27.8;29.0;5.0;25.0;51.6;57.0;0;0;0;0;16365.94;11280.08;5085.87;32430.004
2026-07-07T23:23:17.382186+02:00;standby;27.8;29.0;5.0;25.0;51.3;57.0;0;0;0;0;16365.94;11280.08;5085.87;32430.004
2026-07-07T23:24:18.039707+02:00;standby;27.8;29.0;5.0;25.0;51.2;57.0;0;0;0;0;16365.94;11280.08;5085.87;32430.004
2026-07-07T23:25:18.780370+02:00;standby;27.8;29.0;5.0;25.0;51.1;57.0;0;0;0;0;16365.94;11280.08;5085.87;32430.004
2026-07-07T23:26:19.503221+02:00;standby;27.8;29.0;5.0;25.0;51.1;57.0;0;0;0;0;16365.94;11280.08;5085.87;32430.004
2026-07-07T23:27:19.997854+02:00;standby;27.8;28.9;5.0;25.0;50.9;57.0;0;0;0;0;16365.94;11280.08;5085.87;32430.004
2026-07-07T23:28:21.263869+02:00;standby;27.8;29.0;5.0;25.0;50.8;57.0;0;0;0;0;16365.94;11280.08;5085.87;32430.004
2026-07-07T23:29:21.991482+02:00;standby;27.8;28.9;5.0;25.0;50.7;57.0;0;0;0;0;16365.94;11280.08;5085.87;32430.004
2026-07-07T23:30:22.463614+02:00;standby;27.8;28.9;5.0;25.0;50.7;57.0;0;0;0;0;16365.94;11280.08;5085.87;32430.004
2026-07-07T23:31:23.494137+02:00;standby;27.8;28.9;5.0;25.0;50.7;57.0;0;0;0;0;16365.94;11280.08;5085.87;32430.004
2026-07-07T23:32:24.878018+02:00;standby;27.8;28.9;5.0;25.0;50.7;57.0;0;0;0;0;16365.94;11280.08;5085.87;32430.004
2026-07-07T23:33:25.538234+02:00;standby;27.8;28.9;5.0;25.0;50.7;57.0;0;0;0;0;16365.94;11280.08;5085.87;32430.004
2026-07-07T23:34:26.475098+02:00;standby;27.8;28.9;5.0;25.0;50.7;57.0;0;0;0;0;16365.94;11280.08;5085.87;32430.004
2026-07-07T23:35:28.086174+02:00;standby;27.8;28.9;5.0;25.0;50.7;57.0;0;0;0;0;16365.94;11280.08;5085.87;32430.004
2026-07-07T23:36:30.288467+02:00;standby;27.8;28.9;5.0;25.0;50.6;57.0;0;0;0;0;16365.94;11280.08;5085.87;32430.004
2026-07-07T23:37:31.003184+02:00;standby;27.8;28.9;5.0;25.0;50.6;57.0;0;0;0;0;16365.94;11280.08;5085.87;32430.004
2026-07-07T23:38:32.454046+02:00;standby;27.8;28.9;5.0;25.0;50.6;57.0;0;0;0;0;16365.94;11280.08;5085.87;32430.004
2026-07-07T23:39:33.165976+02:00;standby;27.8;28.9;5.0;25.0;50.6;57.0;0;0;0;0;16365.94;11280.08;5085.87;32430.004
2026-07-07T23:40:33.702850+02:00;standby;27.8;28.9;5.0;25.0;50.6;57.0;0;0;0;0;16365.94;11280.08;5085.87;32430.004
2026-07-07T23:41:34.275165+02:00;standby;27.8;28.9;5.0;25.0;50.6;57.0;0;0;0;0;16365.94;11280.08;5085.87;32430.004
2026-07-07T23:42:34.761808+02:00;standby;27.8;28.9;5.0;25.0;50.6;57.0;0;0;0;0;16365.94;11280.08;5085.87;32430.004
2026-07-07T23:43:35.254067+02:00;standby;27.8;28.9;5.0;25.0;50.6;57.0;0;0;0;0;16365.94;11280.08;5085.87;32430.004
2026-07-07T23:44:35.770023+02:00;standby;27.8;28.9;5.0;25.0;50.6;57.0;0;0;0;0;16365.94;11280.08;5085.87;32430.004
2026-07-07T23:45:36.310795+02:00;standby;27.8;28.9;5.0;25.0;50.6;10.0;0;0;0;0;16365.94;11280.08;5085.87;32430.004
2026-07-07T23:46:36.770693+02:00;standby;27.4;28.9;5.0;25.0;50.6;10.0;0;0;0;0;16365.94;11280.08;5085.87;32430.004
2026-07-07T23:47:37.526478+02:00;standby;27.4;28.9;5.0;25.0;50.5;10.0;0;0;0;0;16365.94;11280.08;5085.87;32430.004
2026-07-07T23:48:38.217846+02:00;standby;27.4;28.9;5.0;25.0;50.5;10.0;0;0;0;0;16365.94;11280.08;5085.87;32430.004
2026-07-07T23:49:38.794410+02:00;standby;27.4;28.9;5.0;25.0;50.5;10.0;0;0;0;0;16365.94;11280.08;5085.87;32430.004
2026-07-07T23:50:39.399075+02:00;standby;27.4;28.9;5.0;25.0;50.5;10.0;0;0;0;0;16365.94;11280.08;5085.87;32430.004
2026-07-07T23:51:40.223939+02:00;standby;27.4;28.9;5.0;25.0;50.5;10.0;0;0;0;0;16365.94;11280.08;5085.87;32430.004
2026-07-07T23:52:40.744826+02:00;standby;27.4;28.9;5.0;25.0;50.5;10.0;0;0;0;0;16365.94;11280.08;5085.87;32430.004
2026-07-07T23:53:41.515950+02:00;standby;27.4;28.9;5.0;25.0;50.5;10.0;0;0;0;0;16365.94;11280.08;5085.87;32430.004
2026-07-07T23:54:42.250375+02:00;standby;27.4;28.9;5.0;25.0;50.5;10.0;0;0;0;0;16365.94;11280.08;5085.87;32430.004
2026-07-07T23:55:42.871046+02:00;standby;27.4;28.9;5.0;25.0;50.5;10.0;0;0;0;0;16365.94;11280.08;5085.87;32430.004
2026-07-07T23:56:43.334644+02:00;standby;27.4;28.7;5.0;25.0;50.5;10.0;0;0;0;0;16365.94;11280.08;5085.87;32430.004
2026-07-07T23:57:43.944169+02:00;standby;27.4;28.7;5.0;25.0;50.5;10.0;0;0;0;0;16365.94;11280.08;5085.87;32430.004
2026-07-07T23:58:45.250412+02:00;standby;27.4;28.9;5.0;25.0;50.4;10.0;0;0;0;0;16365.94;11280.08;5085.87;32430.004
2026-07-07T23:59:45.821329+02:00;standby;27.4;28.7;5.0;25.0;50.4;10.0;0;0;0;0;16365.94;11280.08;5085.87;32430.004
2026-07-08T00:00:46.329178+02:00;standby;27.4;28.7;5.0;25.0;50.4;10.0;0;0;0;0;16365.94;11280.08;5085.87;32430.004
2026-07-08T00:01:46.755738+02:00;standby;27.4;28.7;5.0;25.0;50.4;10.0;0;0;0;0;16365.94;11280.08;5085.87;32430.004
2026-07-08T00:02:47.490134+02:00;standby;27.4;28.7;5.0;25.0;50.4;10.0;0;0;0;0;16365.94;11280.08;5085.87;32430.004
2026-07-08T00:03:48.118395+02:00;standby;27.4;28.7;5.0;25.0;50.4;10.0;0;0;0;0;16365.94;11280.08;5085.87;32430.004
2026-07-08T00:04:48.621402+02:00;standby;27.4;28.7;5.0;25.0;50.4;10.0;0;0;0;0;16365.94;11280.08;5085.87;32430.004
2026-07-08T00:05:49.334301+02:00;standby;27.4;28.7;5.0;25.0;50.4;10.0;0;0;0;0;16365.94;11280.08;5085.87;32430.004
2026-07-08T00:06:49.753616+02:00;standby;27.4;28.7;5.0;25.0;50.4;10.0;0;0;0;0;16365.94;11280.08;5085.87;32430.004
2026-07-08T00:07:50.439158+02:00;standby;27.4;28.7;5.0;25.0;50.4;10.0;0;0;0;0;16365.94;11280.08;5085.87;32430.004
2026-07-08T00:08:51.213956+02:00;standby;27.4;28.7;5.0;25.0;50.4;10.0;0;0;0;0;16365.94;11280.08;5085.87;32430.004
2026-07-08T00:09:51.877736+02:00;standby;27.4;28.7;5.0;25.0;50.3;10.0;0;0;0;0;16365.94;11280.08;5085.87;32430.004
2026-07-08T00:10:52.297901+02:00;standby;27.4;28.7;5.0;25.0;50.3;10.0;0;0;0;0;16365.94;11280.08;5085.87;32430.004
2026-07-08T00:11:54.870014+02:00;standby;27.4;28.7;5.0;25.0;50.3;10.0;0;0;0;0;16365.94;11280.08;5085.87;32430.004
2026-07-08T00:12:55.438497+02:00;standby;27.4;28.7;5.0;25.0;50.3;10.0;0;0;0;0;16365.94;11280.08;5085.87;32430.004
2026-07-08T00:13:55.957030+02:00;standby;27.4;28.7;5.0;25.0;50.3;10.0;0;0;0;0;16365.94;11280.08;5085.87;32430.004
2026-07-08T00:14:56.875186+02:00;standby;27.4;28.7;5.0;25.0;50.3;10.0;0;0;0;0;16365.94;11280.08;5085.87;32430.004
2026-07-08T00:15:57.408278+02:00;standby;27.4;28.7;5.0;25.0;50.3;10.0;0;0;0;0;16365.94;11280.08;5085.87;32430.004
2026-07-08T00:17:01.777075+02:00;standby;27.4;28.7;5.0;25.0;50.3;10.0;0;0;0;0;16365.94;11280.08;5085.87;32430.004
2026-07-08T00:18:02.700213+02:00;standby;27.4;28.7;5.0;25.0;50.3;10.0;0;0;0;0;16365.94;11280.08;5085.87;32430.004
2026-07-08T00:19:03.357543+02:00;standby;27.4;28.7;5.0;25.0;50.3;10.0;0;0;0;0;16365.94;11280.08;5085.87;32430.004
2026-07-08T00:20:04.806349+02:00;standby;27.4;28.7;5.0;25.0;50.2;10.0;0;0;0;0;16365.94;11280.08;5085.87;32430.004
2026-07-08T00:21:05.341790+02:00;standby;27.4;28.7;5.0;25.0;50.3;10.0;0;0;0;0;16365.94;11280.08;5085.87;32430.004
2026-07-08T00:22:05.806878+02:00;standby;27.4;28.7;5.0;25.0;50.2;10.0;0;0;0;0;16365.94;11280.08;5085.87;32430.004
2026-07-08T00:23:06.830818+02:00;standby;27.4;28.7;5.0;25.0;50.2;10.0;0;0;0;0;16365.94;11280.08;5085.87;32430.004
2026-07-08T00:24:07.290010+02:00;standby;27.4;28.7;5.0;25.0;50.2;10.0;0;0;0;0;16365.94;11280.08;5085.87;32430.004
2026-07-08T00:25:07.769444+02:00;standby;27.4;28.7;5.0;25.0;50.2;10.0;0;0;0;0;16365.94;11280.08;5085.87;32430.004
2026-07-08T00:26:08.378928+02:00;standby;27.4;28.7;5.0;25.0;50.2;10.0;0;0;0;0;16365.94;11280.08;5085.87;32430.004
2026-07-08T00:27:09.262866+02:00;standby;27.4;28.7;5.0;25.0;50.2;10.0;0;0;0;0;16365.94;11280.08;5085.87;32430.004
2026-07-08T00:28:09.738101+02:00;standby;27.4;28.7;5.0;25.0;50.2;10.0;0;0;0;0;16365.94;11280.08;5085.87;32430.004
2026-07-08T00:29:10.244576+02:00;standby;27.4;28.7;5.0;25.0;50.2;10.0;0;0;0;0;16365.94;11280.08;5085.87;32430.004
2026-07-08T00:30:11.286511+02:00;standby;27.4;28.7;5.0;25.0;50.2;10.0;0;0;0;0;16365.94;11280.08;5085.87;32430.004
2026-07-08T00:31:11.965451+02:00;standby;27.4;28.7;5.0;25.0;50.2;10.0;0;0;0;0;16365.94;11280.08;5085.87;32430.004
2026-07-08T00:32:12.485129+02:00;standby;27.4;28.6;5.0;25.0;50.2;10.0;0;0;0;0;16365.94;11280.08;5085.87;32430.004
2026-07-08T00:33:13.035415+02:00;standby;27.4;28.6;5.0;25.0;50.1;10.0;0;0;0;0;16365.94;11280.08;5085.87;32430.004
2026-07-08T00:34:14.251087+02:00;standby;27.4;28.6;5.0;25.0;50.1;10.0;0;0;0;0;16365.94;11280.08;5085.87;32430.004
2026-07-08T00:35:15.620821+02:00;standby;27.4;28.6;5.0;25.0;50.1;10.0;0;0;0;0;16365.94;11280.08;5085.87;32430.004
2026-07-08T00:36:16.844430+02:00;standby;27.4;28.6;5.0;25.0;50.1;10.0;0;0;0;0;16365.94;11280.08;5085.87;32430.004
2026-07-08T00:37:17.692256+02:00;standby;27.4;28.6;5.0;25.0;50.1;10.0;0;0;0;0;16365.94;11280.08;5085.87;32430.004
2026-07-08T00:38:18.400916+02:00;standby;27.4;28.6;5.0;25.0;50.1;10.0;0;0;0;0;16365.94;11280.08;5085.87;32430.004
2026-07-08T00:39:19.072881+02:00;standby;27.4;28.6;5.0;25.0;50.1;10.0;0;0;0;0;16365.94;11280.08;5085.87;32430.004
2026-07-08T00:40:20.328980+02:00;standby;27.4;28.6;5.0;25.0;50.1;10.0;0;0;0;0;16365.94;11280.08;5085.87;32430.004
2026-07-08T00:41:21.199437+02:00;standby;27.4;28.6;5.0;25.0;50.1;10.0;0;0;0;0;16365.94;11280.08;5085.87;32430.004
2026-07-08T00:42:21.710128+02:00;standby;27.4;28.6;5.0;25.0;50.1;10.0;0;0;0;0;16365.94;11280.08;5085.87;32430.004
2026-07-08T00:43:22.286154+02:00;standby;27.4;28.6;5.0;25.0;50.1;10.0;0;0;0;0;16365.94;11280.08;5085.87;32430.004
2026-07-08T00:44:23.820147+02:00;standby;27.4;28.6;5.0;25.0;50.0;10.0;0;0;0;0;16365.94;11280.08;5085.87;32430.004
2026-07-08T00:45:25.342094+02:00;standby;27.4;28.6;5.0;25.0;50.0;10.0;0;0;0;0;16365.94;11280.08;5085.87;32430.004
2026-07-08T00:46:25.880166+02:00;standby;27.4;28.6;5.0;25.0;50.0;10.0;0;0;0;0;16365.94;11280.08;5085.87;32430.004
2026-07-08T00:47:26.356029+02:00;standby;25.2;28.6;5.0;25.0;50.0;10.0;0;0;0;0;16365.94;11280.08;5085.87;32430.004
2026-07-08T00:48:27.308092+02:00;standby;25.2;28.6;5.0;25.0;50.0;10.0;0;0;0;0;16365.94;11280.08;5085.87;32430.004
2026-07-08T00:49:28.052655+02:00;standby;25.2;28.6;5.0;25.0;50.0;10.0;0;0;0;0;16365.94;11280.08;5085.87;32430.004
2026-07-08T00:50:28.475600+02:00;standby;25.2;28.6;5.0;25.0;50.0;10.0;0;0;0;0;16365.94;11280.08;5085.87;32430.004
2026-07-08T00:51:29.050388+02:00;standby;25.2;28.6;5.0;25.0;50.0;10.0;0;0;0;0;16365.94;11280.08;5085.87;32430.004
2026-07-08T00:52:29.574853+02:00;standby;25.2;28.6;5.0;25.0;50.0;10.0;0;0;0;0;16365.94;11280.08;5085.87;32430.004
2026-07-08T00:53:30.580593+02:00;standby;25.2;28.6;5.0;25.0;50.0;10.0;0;0;0;0;16365.94;11280.08;5085.87;32430.004
2026-07-08T00:54:31.084550+02:00;standby;25.2;28.6;5.0;25.0;50.0;10.0;0;0;0;0;16365.94;11280.08;5085.87;32430.004
2026-07-08T00:55:31.643023+02:00;standby;25.2;28.6;5.0;25.0;50.0;10.0;0;0;0;0;16365.94;11280.08;5085.87;32430.004
2026-07-08T00:56:32.163796+02:00;standby;25.2;28.6;5.0;25.0;49.9;10.0;0;0;0;0;16365.94;11280.08;5085.87;32430.004
2026-07-08T00:57:32.620973+02:00;standby;25.2;28.6;5.0;25.0;49.9;10.0;0;0;0;0;16365.94;11280.08;5085.87;32430.004
2026-07-08T00:58:33.222232+02:00;standby;25.2;28.6;5.0;25.0;49.9;10.0;0;0;0;0;16365.94;11280.08;5085.87;32430.004
2026-07-08T00:59:33.862366+02:00;standby;25.2;28.6;5.0;25.0;49.9;10.0;0;0;0;0;16365.94;11280.08;5085.87;32430.004
2026-07-08T01:00:34.406149+02:00;standby;25.2;28.6;5.0;25.0;49.9;10.0;0;0;0;0;16365.94;11280.08;5085.87;32430.004
2026-07-08T01:01:37.277253+02:00;standby;25.2;28.6;5.0;25.0;49.9;10.0;0;0;0;0;16365.94;11280.08;5085.87;32430.004
2026-07-08T01:02:38.336725+02:00;standby;25.2;28.6;5.0;25.0;49.9;10.0;0;0;0;0;16365.94;11280.08;5085.87;32430.004
2026-07-08T01:03:38.856337+02:00;standby;25.2;28.6;5.0;25.0;49.9;10.0;0;0;0;0;16365.94;11280.08;5085.87;32430.004
2026-07-08T01:04:39.475037+02:00;standby;25.2;28.6;5.0;25.0;49.9;10.0;0;0;0;0;16365.94;11280.08;5085.87;32430.004
2026-07-08T01:05:40.714521+02:00;standby;25.2;28.6;5.0;25.0;49.9;10.0;0;0;0;0;16365.94;11280.08;5085.87;32430.004
2026-07-08T01:06:41.226227+02:00;standby;25.2;28.6;5.0;25.0;49.9;10.0;0;0;0;0;16365.94;11280.08;5085.87;32430.004
2026-07-08T01:07:42.280893+02:00;standby;25.2;28.5;5.0;25.0;49.9;10.0;0;0;0;0;16365.94;11280.08;5085.87;32430.004
2026-07-08T01:08:43.348561+02:00;standby;25.2;28.6;5.0;25.0;49.8;10.0;0;0;0;0;16365.94;11280.08;5085.87;32430.004
2026-07-08T01:09:44.436613+02:00;standby;25.2;28.6;5.0;25.0;49.8;10.0;0;0;0;0;16365.94;11280.08;5085.87;32430.004
2026-07-08T01:10:45.390913+02:00;standby;25.2;28.6;5.0;25.0;49.8;10.0;0;0;0;0;16365.94;11280.08;5085.87;32430.004
2026-07-08T01:11:46.094625+02:00;standby;25.2;28.5;5.0;25.0;49.8;10.0;0;0;0;0;16365.94;11280.08;5085.87;32430.004
2026-07-08T01:12:47.008615+02:00;standby;25.2;28.6;5.0;25.0;49.8;10.0;0;0;0;0;16365.94;11280.08;5085.87;32430.004
2026-07-08T01:13:47.496039+02:00;standby;25.2;28.6;5.0;25.0;49.8;10.0;0;0;0;0;16365.94;11280.08;5085.87;32430.004
2026-07-08T01:14:48.116799+02:00;standby;25.2;28.6;5.0;25.0;49.8;10.0;0;0;0;0;16365.94;11280.08;5085.87;32430.004
2026-07-08T01:15:48.597933+02:00;standby;25.2;28.5;5.0;25.0;49.8;10.0;0;0;0;0;16365.94;11280.08;5085.87;32430.004
2026-07-08T01:16:49.086642+02:00;standby;25.2;28.5;5.0;25.0;49.8;10.0;0;0;0;0;16365.94;11280.08;5085.87;32430.004
2026-07-08T01:17:49.504699+02:00;standby;25.2;28.5;5.0;25.0;49.8;10.0;0;0;0;0;16365.94;11280.08;5085.87;32430.004
2026-07-08T01:18:50.444226+02:00;standby;25.2;28.5;5.0;25.0;49.8;10.0;0;0;0;0;16365.94;11280.08;5085.87;32430.004
2026-07-08T01:19:51.262953+02:00;standby;25.2;28.5;5.0;25.0;49.8;10.0;0;0;0;0;16365.94;11280.08;5085.87;32430.004
2026-07-08T01:20:51.735941+02:00;standby;25.2;28.5;5.0;25.0;49.7;10.0;0;0;0;0;16365.94;11280.08;5085.87;32430.004
2026-07-08T01:21:52.295592+02:00;standby;25.2;28.5;5.0;25.0;49.8;10.0;0;0;0;0;16365.94;11280.08;5085.87;32430.004
2026-07-08T01:22:52.823238+02:00;standby;25.2;28.5;5.0;25.0;49.7;10.0;0;0;0;0;16365.94;11280.08;5085.87;32430.004
2026-07-08T01:23:53.248913+02:00;standby;25.2;28.5;5.0;25.0;49.7;10.0;0;0;0;0;16365.94;11280.08;5085.87;32430.004
2026-07-08T01:24:53.709104+02:00;standby;25.2;28.5;5.0;25.0;49.7;10.0;0;0;0;0;16365.94;11280.08;5085.87;32430.004
2026-07-08T01:25:54.343025+02:00;standby;25.2;28.5;5.0;25.0;49.7;10.0;0;0;0;0;16365.94;11280.08;5085.87;32430.004
2026-07-08T01:26:55.710922+02:00;standby;25.2;28.5;5.0;25.0;49.7;10.0;0;0;0;0;16365.94;11280.08;5085.87;32430.004
2026-07-08T01:27:56.272488+02:00;standby;25.2;28.5;5.0;25.0;49.7;10.0;0;0;0;0;16365.94;11280.08;5085.87;32430.004
2026-07-08T01:28:56.816378+02:00;standby;25.2;28.5;5.0;25.0;49.7;10.0;0;0;0;0;16365.94;11280.08;5085.87;32430.004
2026-07-08T01:29:57.584011+02:00;standby;25.2;28.5;5.0;25.0;49.7;10.0;0;0;0;0;16365.94;11280.08;5085.87;32430.004
2026-07-08T01:30:58.156503+02:00;standby;25.2;28.5;5.0;25.0;49.7;10.0;0;0;0;0;16365.94;11280.08;5085.87;32430.004
2026-07-08T01:31:58.654832+02:00;standby;25.2;28.5;5.0;25.0;49.7;10.0;0;0;0;0;16365.94;11280.08;5085.87;32430.004
2026-07-08T01:32:59.352077+02:00;standby;25.2;28.5;5.0;25.0;49.6;10.0;0;0;0;0;16365.94;11280.08;5085.87;32430.004
2026-07-08T01:33:59.794128+02:00;standby;25.2;28.5;5.0;25.0;49.6;10.0;0;0;0;0;16365.94;11280.08;5085.87;32430.004
2026-07-08T01:35:01.089769+02:00;standby;25.2;28.5;5.0;25.0;49.6;10.0;0;0;0;0;16365.94;11280.08;5085.87;32430.004
2026-07-08T01:36:01.607599+02:00;standby;25.2;28.5;5.0;25.0;49.6;10.0;0;0;0;0;16365.94;11280.08;5085.87;32430.004
2026-07-08T01:37:02.549113+02:00;standby;25.2;28.5;5.0;25.0;49.6;10.0;0;0;0;0;16365.94;11280.08;5085.87;32430.004
2026-07-08T01:38:03.028547+02:00;standby;25.2;28.5;5.0;25.0;49.6;10.0;0;0;0;0;16365.94;11280.08;5085.87;32430.004
2026-07-08T01:39:04.307896+02:00;standby;25.2;28.5;5.0;25.0;49.6;10.0;0;0;0;0;16365.94;11280.08;5085.87;32430.004
2026-07-08T01:40:05.033347+02:00;standby;25.2;28.5;5.0;25.0;49.6;10.0;0;0;0;0;16365.94;11280.08;5085.87;32430.004
2026-07-08T01:41:05.746960+02:00;standby;25.2;28.5;5.0;25.0;49.6;10.0;0;0;0;0;16365.94;11280.08;5085.87;32430.004
2026-07-08T01:42:06.503756+02:00;standby;25.2;28.5;5.0;25.0;49.6;10.0;0;0;0;0;16365.94;11280.08;5085.87;32430.004
2026-07-08T01:43:07.032320+02:00;standby;25.2;28.5;5.0;25.0;49.6;10.0;0;0;0;0;16365.94;11280.08;5085.87;32430.004
2026-07-08T01:44:07.525430+02:00;standby;25.2;28.5;5.0;25.0;49.5;10.0;0;0;0;0;16365.94;11280.08;5085.87;32430.004
2026-07-08T01:45:08.041841+02:00;standby;25.2;28.5;5.0;25.0;49.5;10.0;0;0;0;0;16365.94;11280.08;5085.87;32430.004
2026-07-08T01:46:08.512792+02:00;standby;25.2;28.5;5.0;25.0;49.5;10.0;0;0;0;0;16365.94;11280.08;5085.87;32430.004
2026-07-08T01:47:09.055943+02:00;standby;25.2;28.5;5.0;25.0;49.5;10.0;0;0;0;0;16365.94;11280.08;5085.87;32430.004
2026-07-08T01:48:09.577537+02:00;standby;23.5;28.5;5.0;25.0;49.5;10.0;0;0;0;0;16365.94;11280.08;5085.87;32430.004
2026-07-08T01:49:10.070549+02:00;standby;23.5;28.5;5.0;25.0;49.5;10.0;0;0;0;0;16365.94;11280.08;5085.87;32430.004
2026-07-08T01:50:10.639933+02:00;standby;23.5;28.5;5.0;25.0;49.5;10.0;0;0;0;0;16365.94;11280.08;5085.87;32430.004
2026-07-08T01:51:11.087153+02:00;standby;23.5;28.3;5.0;25.0;49.5;10.0;0;0;0;0;16365.94;11280.08;5085.87;32430.004
2026-07-08T01:52:11.709299+02:00;standby;23.5;28.5;5.0;25.0;49.5;10.0;0;0;0;0;16365.94;11280.08;5085.87;32430.004
2026-07-08T01:53:12.277839+02:00;standby;23.5;28.5;5.0;25.0;49.5;10.0;0;0;0;0;16365.94;11280.08;5085.87;32430.004
2026-07-08T01:54:12.794816+02:00;standby;23.5;28.5;5.0;25.0;49.5;10.0;0;0;0;0;16365.94;11280.08;5085.87;32430.004
2026-07-08T01:55:13.425416+02:00;standby;23.5;28.3;5.0;25.0;49.5;10.0;0;0;0;0;16365.94;11280.08;5085.87;32430.004
2026-07-08T01:56:14.050102+02:00;standby;23.5;28.3;5.0;25.0;49.5;10.0;0;0;0;0;16365.94;11280.08;5085.87;32430.004
2026-07-08T01:57:14.556457+02:00;standby;23.5;28.3;5.0;25.0;49.5;10.0;0;0;0;0;16365.94;11280.08;5085.87;32430.004
2026-07-08T01:58:15.084564+02:00;standby;23.5;28.3;5.0;25.0;49.4;10.0;0;0;0;0;16365.94;11280.08;5085.87;32430.004
2026-07-08T01:59:16.058192+02:00;standby;23.5;28.3;5.0;25.0;49.4;10.0;0;0;0;0;16365.94;11280.08;5085.87;32430.004
2026-07-08T02:00:16.521082+02:00;standby;23.5;28.3;5.0;25.0;49.4;10.0;0;0;0;0;16365.94;11280.08;5085.87;32430.004
2026-07-08T02:01:16.953512+02:00;standby;23.5;28.3;5.0;25.0;49.4;10.0;0;0;0;0;16365.94;11280.08;5085.87;32430.004
2026-07-08T02:02:17.579651+02:00;standby;23.5;28.3;5.0;25.0;49.4;10.0;0;0;0;0;16365.94;11280.08;5085.87;32430.004
2026-07-08T02:03:18.088288+02:00;standby;23.5;28.3;5.0;25.0;49.4;10.0;0;0;0;0;16365.94;11280.08;5085.87;32430.004
2026-07-08T02:04:18.786662+02:00;standby;23.5;28.3;5.0;25.0;49.4;10.0;0;0;0;0;16365.94;11280.08;5085.87;32430.004
2026-07-08T02:05:19.226710+02:00;standby;23.5;28.3;5.0;25.0;49.4;10.0;0;0;0;0;16365.94;11280.08;5085.87;32430.004
2026-07-08T02:06:19.757212+02:00;standby;23.5;28.3;5.0;25.0;49.4;10.0;0;0;0;0;16365.94;11280.08;5085.87;32430.004
2026-07-08T02:07:20.367714+02:00;standby;23.5;28.3;5.0;25.0;49.4;10.0;0;0;0;0;16365.94;11280.08;5085.87;32430.004
2026-07-08T02:08:21.189875+02:00;standby;23.5;28.3;5.0;25.0;49.3;10.0;0;0;0;0;16365.94;11280.08;5085.87;32430.004
2026-07-08T02:09:22.324907+02:00;standby;23.5;28.3;5.0;25.0;49.3;10.0;0;0;0;0;16365.94;11280.08;5085.87;32430.004
2026-07-08T02:10:22.832200+02:00;standby;23.5;28.3;5.0;25.0;49.3;10.0;0;0;0;0;16365.94;11280.08;5085.87;32430.004
2026-07-08T02:11:23.979336+02:00;standby;23.5;28.3;5.0;25.0;49.3;10.0;0;0;0;0;16365.94;11280.08;5085.87;32430.004
2026-07-08T02:12:24.521911+02:00;standby;23.5;28.3;5.0;25.0;49.3;10.0;0;0;0;0;16365.94;11280.08;5085.87;32430.004
2026-07-08T02:13:25.505021+02:00;standby;23.5;28.3;5.0;25.0;49.3;10.0;0;0;0;0;16365.94;11280.08;5085.87;32430.004
2026-07-08T02:14:26.044018+02:00;standby;23.5;28.3;5.0;25.0;49.3;10.0;0;0;0;0;16365.94;11280.08;5085.87;32430.004
2026-07-08T02:15:26.466603+02:00;standby;23.5;28.3;5.0;25.0;49.3;10.0;0;0;0;0;16365.94;11280.08;5085.87;32430.004
2026-07-08T02:16:27.006007+02:00;standby;23.5;28.3;5.0;25.0;49.3;10.0;0;0;0;0;16365.94;11280.08;5085.87;32430.004
2026-07-08T02:17:27.649550+02:00;standby;23.5;28.3;5.0;25.0;49.3;10.0;0;0;0;0;16365.94;11280.08;5085.87;32430.004
2026-07-08T02:18:31.312468+02:00;standby;23.5;28.3;5.0;25.0;49.3;10.0;0;0;0;0;16365.94;11280.08;5085.87;32430.004
2026-07-08T02:19:31.829032+02:00;standby;23.5;28.3;5.0;25.0;49.3;10.0;0;0;0;0;16365.94;11280.08;5085.87;32430.004
2026-07-08T02:20:32.292444+02:00;standby;23.5;28.3;5.0;25.0;49.3;10.0;0;0;0;0;16365.94;11280.08;5085.87;32430.004
2026-07-08T02:21:32.774994+02:00;standby;23.5;28.3;5.0;25.0;49.2;10.0;0;0;0;0;16365.94;11280.08;5085.87;32430.004
2026-07-08T02:22:33.313803+02:00;standby;23.5;28.3;5.0;25.0;49.2;10.0;0;0;0;0;16365.94;11280.08;5085.87;32430.004
2026-07-08T02:23:34.000392+02:00;standby;23.5;28.3;5.0;25.0;49.2;10.0;0;0;0;0;16365.94;11280.08;5085.87;32430.004
2026-07-08T02:24:35.966767+02:00;standby;23.5;28.3;5.0;25.0;49.2;10.0;0;0;0;0;16365.94;11280.08;5085.87;32430.004
2026-07-08T02:25:36.466795+02:00;standby;23.5;28.3;5.0;25.0;49.2;10.0;0;0;0;0;16365.94;11280.08;5085.87;32430.004
2026-07-08T02:26:37.039467+02:00;standby;23.5;28.3;5.0;25.0;49.2;10.0;0;0;0;0;16365.94;11280.08;5085.87;32430.004
2026-07-08T02:27:37.532035+02:00;standby;23.5;28.3;5.0;25.0;49.2;10.0;0;0;0;0;16365.94;11280.08;5085.87;32430.004
2026-07-08T02:28:38.027058+02:00;standby;23.5;28.3;5.0;25.0;49.2;10.0;0;0;0;0;16365.94;11280.08;5085.87;32430.004
2026-07-08T02:29:38.549769+02:00;standby;23.5;28.3;5.0;25.0;49.2;10.0;0;0;0;0;16365.94;11280.08;5085.87;32430.004
2026-07-08T02:30:39.224689+02:00;standby;23.5;28.3;5.0;25.0;49.2;10.0;0;0;0;0;16365.94;11280.08;5085.87;32430.004
2026-07-08T02:31:39.804162+02:00;standby;23.5;28.3;5.0;25.0;49.2;10.0;0;0;0;0;16365.94;11280.08;5085.87;32430.004
2026-07-08T02:32:40.410292+02:00;standby;23.5;28.3;5.0;25.0;49.2;10.0;0;0;0;0;16365.94;11280.08;5085.87;32430.004
2026-07-08T02:33:40.868600+02:00;standby;23.5;28.3;5.0;25.0;49.2;10.0;0;0;0;0;16365.94;11280.08;5085.87;32430.004
2026-07-08T02:34:41.304556+02:00;standby;23.5;28.3;5.0;25.0;49.2;10.0;0;0;0;0;16365.94;11280.08;5085.87;32430.004
2026-07-08T02:35:42.586553+02:00;standby;23.5;28.3;5.0;25.0;49.1;10.0;0;0;0;0;16365.94;11280.08;5085.87;32430.004
2026-07-08T02:36:43.696169+02:00;standby;23.5;28.3;5.0;25.0;49.1;10.0;0;0;0;0;16365.94;11280.08;5085.87;32430.004
2026-07-08T02:37:44.177838+02:00;standby;23.5;28.3;5.0;25.0;49.1;10.0;0;0;0;0;16365.94;11280.08;5085.87;32430.004
2026-07-08T02:38:44.661021+02:00;standby;23.5;28.3;5.0;25.0;49.1;10.0;0;0;0;0;16365.94;11280.08;5085.87;32430.004
2026-07-08T02:39:45.130574+02:00;standby;23.5;28.3;5.0;25.0;49.1;10.0;0;0;0;0;16365.94;11280.08;5085.87;32430.004
2026-07-08T02:40:45.591237+02:00;standby;23.5;28.3;5.0;25.0;49.1;10.0;0;0;0;0;16365.94;11280.08;5085.87;32430.004
2026-07-08T02:41:46.062070+02:00;standby;23.5;28.3;5.0;25.0;49.1;10.0;0;0;0;0;16365.94;11280.08;5085.87;32430.004
2026-07-08T02:42:46.772925+02:00;standby;23.5;28.3;5.0;25.0;49.1;10.0;0;0;0;0;16365.94;11280.08;5085.87;32430.004
2026-07-08T02:43:47.192785+02:00;standby;23.5;28.3;5.0;25.0;49.1;10.0;0;0;0;0;16365.94;11280.08;5085.87;32430.004
2026-07-08T02:44:47.665901+02:00;standby;23.5;28.3;5.0;25.0;49.1;10.0;0;0;0;0;16365.94;11280.08;5085.87;32430.004
2026-07-08T02:45:48.294296+02:00;standby;23.5;28.3;5.0;25.0;49.0;10.0;0;0;0;0;16365.94;11280.08;5085.87;32430.004
2026-07-08T02:46:48.910047+02:00;standby;23.5;28.3;5.0;25.0;49.0;10.0;0;0;0;0;16365.94;11280.08;5085.87;32430.004
2026-07-08T02:47:49.529470+02:00;standby;23.5;28.2;5.0;25.0;49.0;10.0;0;0;0;0;16365.94;11280.08;5085.87;32430.004
2026-07-08T02:48:49.994974+02:00;standby;22.7;28.3;5.0;25.0;49.0;10.0;0;0;0;0;16365.94;11280.08;5085.87;32430.004
2026-07-08T02:49:50.449491+02:00;standby;22.7;28.2;5.0;25.0;49.0;10.0;0;0;0;0;16365.94;11280.08;5085.87;32430.004
2026-07-08T02:50:50.942770+02:00;standby;22.7;28.3;5.0;25.0;49.0;10.0;0;0;0;0;16365.94;11280.08;5085.87;32430.004
2026-07-08T02:51:51.508299+02:00;standby;22.7;28.2;5.0;25.0;49.0;10.0;0;0;0;0;16365.94;11280.08;5085.87;32430.004
2026-07-08T02:52:52.193468+02:00;standby;22.7;28.2;5.0;25.0;49.0;10.0;0;0;0;0;16365.94;11280.08;5085.87;32430.004
2026-07-08T02:53:52.611779+02:00;standby;22.7;28.2;5.0;25.0;49.0;10.0;0;0;0;0;16365.94;11280.08;5085.87;32430.004
2026-07-08T02:54:53.374928+02:00;standby;22.7;28.2;5.0;25.0;49.0;10.0;0;0;0;0;16365.94;11280.08;5085.87;32430.004
2026-07-08T02:55:53.853987+02:00;standby;22.7;28.2;5.0;25.0;49.0;10.0;0;0;0;0;16365.94;11280.08;5085.87;32430.004
2026-07-08T02:56:54.477019+02:00;standby;22.7;28.2;5.0;25.0;49.0;10.0;0;0;0;0;16365.94;11280.08;5085.87;32430.004
2026-07-08T02:57:54.946116+02:00;standby;22.7;28.2;5.0;25.0;49.0;10.0;0;0;0;0;16365.94;11280.08;5085.87;32430.004
2026-07-08T02:58:55.442986+02:00;standby;22.7;28.2;5.0;25.0;49.0;10.0;0;0;0;0;16365.94;11280.08;5085.87;32430.004
2026-07-08T02:59:56.111230+02:00;standby;22.7;28.2;5.0;25.0;49.0;10.0;0;0;0;0;16365.94;11280.08;5085.87;32430.004
2026-07-08T03:00:56.551801+02:00;standby;22.7;28.2;5.0;25.0;48.9;10.0;0;0;0;0;16365.94;11280.08;5085.87;32430.004
2026-07-08T03:01:57.071462+02:00;standby;22.7;28.2;5.0;25.0;48.9;10.0;0;0;0;0;16365.94;11280.08;5085.87;32430.004
2026-07-08T03:02:57.571224+02:00;standby;22.7;28.2;5.0;25.0;48.9;10.0;0;0;0;0;16365.94;11280.08;5085.87;32430.004
2026-07-08T03:03:59.342765+02:00;standby;22.7;28.2;5.0;25.0;48.9;10.0;0;0;0;0;16365.94;11280.08;5085.87;32430.004
2026-07-08T03:04:59.858286+02:00;standby;22.7;28.2;5.0;25.0;48.9;10.0;0;0;0;0;16365.94;11280.08;5085.87;32430.004
2026-07-08T03:06:00.326621+02:00;standby;22.7;28.2;5.0;25.0;48.9;10.0;0;0;0;0;16365.94;11280.08;5085.87;32430.004
2026-07-08T03:07:00.855002+02:00;standby;22.7;28.2;5.0;25.0;48.9;10.0;0;0;0;0;16365.94;11280.08;5085.87;32430.004
2026-07-08T03:08:01.510220+02:00;standby;22.7;28.2;5.0;25.0;48.9;10.0;0;0;0;0;16365.94;11280.08;5085.87;32430.004
2026-07-08T03:09:01.982258+02:00;standby;22.7;28.2;5.0;25.0;48.9;10.0;0;0;0;0;16365.94;11280.08;5085.87;32430.004
2026-07-08T03:10:02.508017+02:00;standby;22.7;28.2;5.0;25.0;48.9;10.0;0;0;0;0;16365.94;11280.08;5085.87;32430.004
2026-07-08T03:11:03.127130+02:00;standby;22.7;28.2;5.0;25.0;48.9;10.0;0;0;0;0;16365.94;11280.08;5085.87;32430.004
2026-07-08T03:12:03.633403+02:00;standby;22.7;28.2;5.0;25.0;48.8;10.0;0;0;0;0;16365.94;11280.08;5085.87;32430.004
2026-07-08T03:13:05.185907+02:00;standby;22.7;28.2;5.0;25.0;48.8;10.0;0;0;0;0;16365.94;11280.08;5085.87;32430.004
2026-07-08T03:14:05.908542+02:00;standby;22.7;28.2;5.0;25.0;48.8;10.0;0;0;0;0;16365.94;11280.08;5085.87;32430.004
2026-07-08T03:15:06.534980+02:00;standby;22.7;28.2;5.0;25.0;48.8;10.0;0;0;0;0;16365.94;11280.08;5085.87;32430.004
2026-07-08T03:16:07.005500+02:00;standby;22.7;28.2;5.0;25.0;48.8;10.0;0;0;0;0;16365.94;11280.08;5085.87;32430.004
2026-07-08T03:17:07.563686+02:00;standby;22.7;28.2;5.0;25.0;48.8;10.0;0;0;0;0;16365.94;11280.08;5085.87;32430.004
2026-07-08T03:18:07.985291+02:00;standby;22.7;28.2;5.0;25.0;48.8;10.0;0;0;0;0;16365.94;11280.08;5085.87;32430.004
2026-07-08T03:19:08.458931+02:00;standby;22.7;28.2;5.0;25.0;48.8;10.0;0;0;0;0;16365.94;11280.08;5085.87;32430.004
2026-07-08T03:20:08.880996+02:00;standby;22.7;28.2;5.0;25.0;48.8;10.0;0;0;0;0;16365.94;11280.08;5085.87;32430.004
2026-07-08T03:21:09.377069+02:00;standby;22.7;28.2;5.0;25.0;48.8;10.0;0;0;0;0;16365.94;11280.08;5085.87;32430.004
2026-07-08T03:22:09.861336+02:00;standby;22.7;28.2;5.0;25.0;48.8;10.0;0;0;0;0;16365.94;11280.08;5085.87;32430.004
2026-07-08T03:23:10.742963+02:00;standby;22.7;28.2;5.0;25.0;48.8;10.0;0;0;0;0;16365.94;11280.08;5085.87;32430.004
2026-07-08T03:24:11.313484+02:00;standby;22.7;28.2;5.0;25.0;48.8;10.0;0;0;0;0;16365.94;11280.08;5085.87;32430.004
2026-07-08T03:25:11.990303+02:00;standby;22.7;28.2;5.0;25.0;48.8;10.0;0;0;0;0;16365.94;11280.08;5085.87;32430.004
2026-07-08T03:26:12.406339+02:00;standby;22.7;28.2;5.0;25.0;48.7;10.0;0;0;0;0;16365.94;11280.08;5085.87;32430.004
2026-07-08T03:27:12.863275+02:00;standby;22.7;28.2;5.0;25.0;48.7;10.0;0;0;0;0;16365.94;11280.08;5085.87;32430.004
2026-07-08T03:28:13.602428+02:00;standby;22.7;28.2;5.0;25.0;48.7;10.0;0;0;0;0;16365.94;11280.08;5085.87;32430.004
2026-07-08T03:29:14.516469+02:00;standby;22.7;28.2;5.0;25.0;48.7;10.0;0;0;0;0;16365.94;11280.08;5085.87;32430.004
2026-07-08T03:30:15.081573+02:00;standby;22.7;28.2;5.0;25.0;48.7;10.0;0;0;0;0;16365.94;11280.08;5085.87;32430.004
2026-07-08T03:31:15.758878+02:00;standby;22.7;28.2;5.0;25.0;48.7;10.0;0;0;0;0;16365.94;11280.08;5085.87;32430.004
2026-07-08T03:32:16.450385+02:00;standby;22.7;28.2;5.0;25.0;48.7;10.0;0;0;0;0;16365.94;11280.08;5085.87;32430.004
2026-07-08T03:33:16.918134+02:00;standby;22.7;28.2;5.0;25.0;48.7;10.0;0;0;0;0;16365.94;11280.08;5085.87;32430.004
2026-07-08T03:34:17.471208+02:00;standby;22.7;28.2;5.0;25.0;48.7;10.0;0;0;0;0;16365.94;11280.08;5085.87;32430.004
2026-07-08T03:35:18.098490+02:00;standby;22.7;28.2;5.0;25.0;48.7;10.0;0;0;0;0;16365.94;11280.08;5085.87;32430.004
2026-07-08T03:36:18.562948+02:00;standby;22.7;28.2;5.0;25.0;48.7;10.0;0;0;0;0;16365.94;11280.08;5085.87;32430.004
2026-07-08T03:37:19.233290+02:00;standby;22.7;28.2;5.0;25.0;48.7;10.0;0;0;0;0;16365.94;11280.08;5085.87;32430.004
2026-07-08T03:38:19.768254+02:00;standby;22.7;28.2;5.0;25.0;48.7;10.0;0;0;0;0;16365.94;11280.08;5085.87;32430.004
2026-07-08T03:39:25.047914+02:00;standby;22.7;28.2;5.0;25.0;48.6;10.0;0;0;0;0;16365.94;11280.08;5085.87;32430.004
2026-07-08T03:40:25.650465+02:00;standby;22.7;28.2;5.0;25.0;48.6;10.0;0;0;0;0;16365.94;11280.08;5085.87;32430.004
2026-07-08T03:41:26.082243+02:00;standby;22.7;28.2;5.0;25.0;48.6;10.0;0;0;0;0;16365.94;11280.08;5085.87;32430.004
2026-07-08T03:42:26.594421+02:00;standby;22.7;28.2;5.0;25.0;48.6;10.0;0;0;0;0;16365.94;11280.08;5085.87;32430.004
2026-07-08T03:43:27.106860+02:00;standby;22.7;28.0;5.0;25.0;48.6;10.0;0;0;0;0;16365.94;11280.08;5085.87;32430.004
2026-07-08T03:44:27.572913+02:00;standby;22.7;28.0;5.0;25.0;48.6;10.0;0;0;0;0;16365.94;11280.08;5085.87;32430.004
2026-07-08T03:45:28.262787+02:00;standby;22.7;28.0;5.0;25.0;48.6;10.0;0;0;0;0;16365.94;11280.08;5085.87;32430.004
2026-07-08T03:46:29.227769+02:00;standby;22.7;28.0;5.0;25.0;48.6;10.0;0;0;0;0;16365.94;11280.08;5085.87;32430.004
2026-07-08T03:47:29.746754+02:00;standby;22.7;28.2;5.0;25.0;48.6;10.0;0;0;0;0;16365.94;11280.08;5085.87;32430.004
2026-07-08T03:48:30.367828+02:00;standby;22.7;28.0;5.0;25.0;48.6;10.0;0;0;0;0;16365.94;11280.08;5085.87;32430.004
2026-07-08T03:49:30.846245+02:00;standby;21.7;28.0;5.0;25.0;48.6;10.0;0;0;0;0;16365.94;11280.08;5085.87;32430.004
2026-07-08T03:50:31.417479+02:00;standby;21.7;28.0;5.0;25.0;48.6;10.0;0;0;0;0;16365.94;11280.08;5085.87;32430.004
2026-07-08T03:51:32.040250+02:00;standby;21.7;28.0;5.0;25.0;48.5;10.0;0;0;0;0;16365.94;11280.08;5085.87;32430.004
2026-07-08T03:52:32.457934+02:00;standby;21.7;28.0;5.0;25.0;48.5;10.0;0;0;0;0;16365.94;11280.08;5085.87;32430.004
2026-07-08T03:53:32.982848+02:00;standby;21.7;28.0;5.0;25.0;48.5;10.0;0;0;0;0;16365.94;11280.08;5085.87;32430.004
2026-07-08T03:54:33.456238+02:00;standby;21.7;28.0;5.0;25.0;48.5;10.0;0;0;0;0;16365.94;11280.08;5085.87;32430.004
2026-07-08T03:55:34.271838+02:00;standby;21.7;28.0;5.0;25.0;48.5;10.0;0;0;0;0;16365.94;11280.08;5085.87;32430.004
2026-07-08T03:56:34.919642+02:00;standby;21.7;28.0;5.0;25.0;48.5;10.0;0;0;0;0;16365.94;11280.08;5085.87;32430.004
2026-07-08T03:57:35.712340+02:00;standby;21.7;28.0;5.0;25.0;48.5;10.0;0;0;0;0;16365.94;11280.08;5085.87;32430.004
2026-07-08T03:58:36.232229+02:00;standby;21.7;28.0;5.0;25.0;48.5;10.0;0;0;0;0;16365.94;11280.08;5085.87;32430.004
2026-07-08T03:59:36.750347+02:00;standby;21.7;28.0;5.0;25.0;48.5;10.0;0;0;0;0;16365.94;11280.08;5085.87;32430.004
2026-07-08T04:00:37.310611+02:00;standby;21.7;28.0;5.0;25.0;48.5;57.0;0;0;0;0;16365.94;11280.08;5085.87;32430.004
2026-07-08T04:01:38.112420+02:00;standby;21.7;28.0;5.0;25.0;48.5;57.0;0;0;0;0;16365.94;11280.08;5085.87;32430.004
2026-07-08T04:02:38.730635+02:00;standby;21.7;28.0;5.0;25.0;48.5;57.0;0;0;0;0;16365.94;11280.08;5085.87;32430.004
2026-07-08T04:03:39.458545+02:00;standby;21.7;28.0;5.0;25.0;48.5;57.0;0;0;0;0;16365.94;11280.08;5085.87;32430.004
2026-07-08T04:04:40.013229+02:00;standby;21.7;28.0;5.0;25.0;48.4;57.0;0;0;0;0;16365.94;11280.08;5085.87;32430.004
2026-07-08T04:05:40.491849+02:00;standby;21.7;28.0;5.0;25.0;48.5;57.0;0;0;0;0;16365.94;11280.08;5085.87;32430.004
2026-07-08T04:06:41.304045+02:00;standby;21.7;28.0;5.0;25.0;48.4;57.0;0;0;0;0;16365.94;11280.08;5085.87;32430.004
2026-07-08T04:07:42.277322+02:00;standby;21.7;28.0;5.0;25.0;48.4;57.0;0;0;0;0;16365.94;11280.08;5085.87;32430.004
2026-07-08T04:08:42.858816+02:00;standby;21.7;28.0;5.0;25.0;48.4;57.0;0;0;0;0;16365.94;11280.08;5085.87;32430.004
2026-07-08T04:09:43.371185+02:00;standby;21.7;28.0;5.0;25.0;48.4;57.0;0;0;0;0;16365.94;11280.08;5085.87;32430.004
2026-07-08T04:10:43.805943+02:00;standby;21.7;28.0;5.0;25.0;48.4;57.0;0;0;0;0;16365.94;11280.08;5085.87;32430.004
2026-07-08T04:11:45.095171+02:00;standby;21.7;28.0;5.0;25.0;48.4;57.0;0;0;0;0;16365.94;11280.08;5085.87;32430.004
2026-07-08T04:12:45.589083+02:00;standby;21.7;28.0;5.0;25.0;48.4;57.0;0;0;0;0;16365.94;11280.08;5085.87;32430.004
2026-07-08T04:13:46.080283+02:00;standby;21.7;28.0;5.0;25.0;48.4;57.0;0;0;0;0;16365.94;11280.08;5085.87;32430.004
2026-07-08T04:14:46.602384+02:00;standby;21.7;28.0;5.0;25.0;48.4;57.0;0;0;0;0;16365.94;11280.08;5085.87;32430.004
2026-07-08T04:15:47.318857+02:00;standby;21.7;28.0;5.0;25.0;48.4;57.0;0;0;0;0;16365.94;11280.08;5085.87;32430.004
2026-07-08T04:16:47.781696+02:00;standby;21.7;28.0;5.0;25.0;48.4;57.0;0;0;0;0;16365.94;11280.08;5085.87;32430.004
2026-07-08T04:17:48.656014+02:00;standby;21.7;28.0;5.0;25.0;48.4;57.0;0;0;0;0;16365.94;11280.08;5085.87;32430.004
2026-07-08T04:18:49.495287+02:00;standby;21.7;28.0;5.0;25.0;48.4;57.0;0;0;0;0;16365.94;11280.08;5085.87;32430.004
2026-07-08T04:19:50.266605+02:00;standby;21.7;28.0;5.0;25.0;48.2;57.0;0;0;0;0;16365.94;11280.08;5085.87;32430.004
2026-07-08T04:20:50.776849+02:00;standby;21.7;28.0;5.0;25.0;48.2;57.0;0;0;0;0;16365.94;11280.08;5085.87;32430.004
2026-07-08T04:21:51.799832+02:00;standby;21.7;28.0;5.0;25.0;48.2;57.0;0;0;0;0;16365.94;11280.08;5085.87;32430.004
2026-07-08T04:22:52.223305+02:00;standby;21.7;28.0;5.0;25.0;48.2;57.0;0;0;0;0;16365.94;11280.08;5085.87;32430.004
2026-07-08T04:23:52.697309+02:00;standby;21.7;28.0;5.0;25.0;48.2;57.0;0;0;0;0;16365.94;11280.08;5085.87;32430.004
2026-07-08T04:24:53.218981+02:00;standby;21.7;28.0;5.0;25.0;48.2;57.0;0;0;0;0;16365.94;11280.08;5085.87;32430.004
2026-07-08T04:25:55.106210+02:00;standby;21.7;28.0;5.0;25.0;48.2;57.0;0;0;0;0;16365.94;11280.08;5085.87;32430.004
2026-07-08T04:26:55.591926+02:00;standby;21.7;28.0;5.0;25.0;48.2;57.0;0;0;0;0;16365.94;11280.08;5085.87;32430.004
2026-07-08T04:27:56.216244+02:00;standby;21.7;28.0;5.0;25.0;48.2;57.0;0;0;0;0;16365.94;11280.08;5085.87;32430.004
2026-07-08T04:28:56.730542+02:00;standby;21.7;28.0;5.0;25.0;48.2;57.0;0;0;0;0;16365.94;11280.08;5085.87;32430.004
2026-07-08T04:29:57.277389+02:00;standby;21.7;28.0;5.0;25.0;48.2;57.0;0;0;0;0;16365.94;11280.08;5085.87;32430.004
2026-07-08T04:30:57.764325+02:00;standby;21.7;28.0;5.0;25.0;48.2;57.0;0;0;0;0;16365.94;11280.08;5085.87;32430.004
2026-07-08T04:31:58.216608+02:00;standby;21.7;28.0;5.0;25.0;48.1;57.0;0;0;0;0;16365.94;11280.08;5085.87;32430.004
2026-07-08T04:32:58.756562+02:00;standby;21.7;28.0;5.0;25.0;48.1;57.0;0;0;0;0;16365.94;11280.08;5085.87;32430.004
2026-07-08T04:33:59.233858+02:00;standby;21.7;28.0;5.0;25.0;48.1;57.0;0;0;0;0;16365.94;11280.08;5085.87;32430.004
2026-07-08T04:35:00.775330+02:00;standby;21.7;28.0;5.0;25.0;48.1;57.0;0;0;0;0;16365.94;11280.08;5085.87;32430.004
2026-07-08T04:36:01.392228+02:00;standby;21.7;28.0;5.0;25.0;48.1;57.0;0;0;0;0;16365.94;11280.08;5085.87;32430.004
2026-07-08T04:37:01.950603+02:00;standby;21.7;28.0;5.0;25.0;48.1;57.0;0;0;0;0;16365.94;11280.08;5085.87;32430.004
2026-07-08T04:38:02.731657+02:00;standby;21.7;28.0;5.0;25.0;48.1;57.0;0;0;0;0;16365.94;11280.08;5085.87;32430.004
2026-07-08T04:39:03.255044+02:00;standby;21.7;28.0;5.0;25.0;48.1;57.0;0;0;0;0;16365.94;11280.08;5085.87;32430.004
2026-07-08T04:40:03.827644+02:00;standby;21.7;28.0;5.0;25.0;48.1;57.0;0;0;0;0;16365.94;11280.08;5085.87;32430.004
2026-07-08T04:41:07.417879+02:00;standby;21.7;28.0;5.0;25.0;48.1;57.0;0;0;0;0;16365.94;11280.08;5085.87;32430.004
2026-07-08T04:42:07.879297+02:00;standby;21.7;28.0;5.0;25.0;48.1;57.0;0;0;0;0;16365.94;11280.08;5085.87;32430.004
2026-07-08T04:43:08.540634+02:00;standby;21.7;28.0;5.0;25.0;48.1;57.0;0;0;0;0;16365.94;11280.08;5085.87;32430.004
2026-07-08T04:44:09.988538+02:00;standby;21.7;28.0;5.0;25.0;48.1;57.0;0;0;0;0;16365.94;11280.08;5085.87;32430.004
2026-07-08T04:45:10.470240+02:00;standby;21.7;27.9;5.0;25.0;48.0;57.0;0;0;0;0;16365.94;11280.08;5085.87;32430.004
2026-07-08T04:46:11.185934+02:00;standby;21.7;28.0;5.0;25.0;48.0;57.0;0;0;0;0;16365.94;11280.08;5085.87;32430.004
2026-07-08T04:47:11.707883+02:00;standby;21.7;28.0;5.0;25.0;48.0;57.0;0;0;0;0;16365.94;11280.08;5085.87;32430.004
2026-07-08T04:48:12.327213+02:00;standby;21.7;28.0;5.0;25.0;48.0;57.0;0;0;0;0;16365.94;11280.08;5085.87;32430.004
2026-07-08T04:49:12.852213+02:00;standby;21.7;28.0;5.0;25.0;48.0;57.0;0;0;0;0;16365.94;11280.08;5085.87;32430.004
2026-07-08T04:50:13.678795+02:00;standby;21.0;28.0;5.0;25.0;48.0;57.0;0;0;0;0;16365.94;11280.08;5085.87;32430.004
2026-07-08T04:51:14.612654+02:00;standby;21.0;28.0;5.0;25.0;48.0;57.0;0;0;0;0;16365.94;11280.08;5085.87;32430.004
2026-07-08T04:52:15.131078+02:00;standby;21.0;27.9;5.0;25.0;48.0;57.0;0;0;0;0;16365.94;11280.08;5085.87;32430.004
2026-07-08T04:53:15.879185+02:00;standby;21.0;28.0;5.0;25.0;48.0;57.0;0;0;0;0;16365.94;11280.08;5085.87;32430.004
2026-07-08T04:54:16.499467+02:00;standby;21.0;27.9;5.0;25.0;48.0;57.0;0;0;0;0;16365.94;11280.08;5085.87;32430.004
2026-07-08T04:55:17.330895+02:00;standby;21.0;27.9;5.0;25.0;48.0;57.0;0;0;0;0;16365.94;11280.08;5085.87;32430.004
2026-07-08T04:56:17.816275+02:00;standby;21.0;27.9;5.0;25.0;48.0;57.0;0;0;0;0;16365.94;11280.08;5085.87;32430.004
2026-07-08T04:57:18.434628+02:00;standby;21.0;27.9;5.0;25.0;48.0;57.0;0;0;0;0;16365.94;11280.08;5085.87;32430.004
2026-07-08T04:58:19.271931+02:00;standby;21.0;27.9;5.0;25.0;48.0;57.0;0;0;0;0;16365.94;11280.08;5085.87;32430.004
2026-07-08T04:59:19.785782+02:00;standby;21.0;27.9;5.0;25.0;48.0;57.0;0;0;0;0;16365.94;11280.08;5085.87;32430.004
2026-07-08T05:00:20.340342+02:00;standby;21.0;27.9;5.0;25.0;47.9;57.0;0;0;0;0;16365.94;11280.08;5085.87;32430.004
2026-07-08T05:01:20.920508+02:00;standby;21.0;27.9;5.0;25.0;47.9;57.0;0;0;0;0;16365.94;11280.08;5085.87;32430.004
2026-07-08T05:02:21.365616+02:00;standby;21.0;27.9;5.0;25.0;47.9;57.0;0;0;0;0;16365.94;11280.08;5085.87;32430.004
2026-07-08T05:03:21.858615+02:00;standby;21.0;27.9;5.0;25.0;47.9;57.0;0;0;0;0;16365.94;11280.08;5085.87;32430.004
2026-07-08T05:04:22.376691+02:00;standby;21.0;27.9;5.0;25.0;47.9;57.0;0;0;0;0;16365.94;11280.08;5085.87;32430.004
2026-07-08T05:05:22.945346+02:00;standby;21.0;27.9;5.0;25.0;47.9;57.0;0;0;0;0;16365.94;11280.08;5085.87;32430.004
2026-07-08T05:06:23.461749+02:00;standby;21.0;27.9;5.0;25.0;47.9;57.0;0;0;0;0;16365.94;11280.08;5085.87;32430.004
2026-07-08T05:07:23.936905+02:00;standby;21.0;27.9;5.0;25.0;47.9;57.0;0;0;0;0;16365.94;11280.08;5085.87;32430.004
2026-07-08T05:08:24.661894+02:00;standby;21.0;27.9;5.0;25.0;47.9;57.0;0;0;0;0;16365.94;11280.08;5085.87;32430.004
2026-07-08T05:09:25.126278+02:00;standby;21.0;27.9;5.0;25.0;47.9;57.0;0;0;0;0;16365.94;11280.08;5085.87;32430.004
2026-07-08T05:10:25.833775+02:00;standby;21.0;27.9;5.0;25.0;47.9;57.0;0;0;0;0;16365.94;11280.08;5085.87;32430.004
2026-07-08T05:11:26.468475+02:00;standby;21.0;27.9;5.0;25.0;47.9;57.0;0;0;0;0;16365.94;11280.08;5085.87;32430.004
2026-07-08T05:12:27.256747+02:00;standby;21.0;27.9;5.0;25.0;47.8;57.0;0;0;0;0;16365.94;11280.08;5085.87;32430.004
2026-07-08T05:13:27.762179+02:00;standby;21.0;27.9;5.0;25.0;47.8;57.0;0;0;0;0;16365.94;11280.08;5085.87;32430.004
2026-07-08T05:14:28.416423+02:00;standby;21.0;27.9;5.0;25.0;47.8;57.0;0;0;0;0;16365.94;11280.08;5085.87;32430.004
2026-07-08T05:15:28.922382+02:00;standby;21.0;27.9;5.0;25.0;47.8;57.0;0;0;0;0;16365.94;11280.08;5085.87;32430.004
2026-07-08T05:16:29.432931+02:00;standby;21.0;27.9;5.0;25.0;47.8;57.0;0;0;0;0;16365.94;11280.08;5085.87;32430.004
2026-07-08T05:17:30.014397+02:00;standby;21.0;27.9;5.0;25.0;47.8;57.0;0;0;0;0;16365.94;11280.08;5085.87;32430.004
2026-07-08T05:18:30.880592+02:00;standby;21.0;27.9;5.0;25.0;47.8;57.0;0;0;0;0;16365.94;11280.08;5085.87;32430.004
2026-07-08T05:19:31.533183+02:00;standby;21.0;27.9;5.0;25.0;47.8;57.0;0;0;0;0;16365.94;11280.08;5085.87;32430.004
2026-07-08T05:20:32.119973+02:00;standby;21.0;27.9;5.0;25.0;47.8;57.0;0;0;0;0;16365.94;11280.08;5085.87;32430.004
2026-07-08T05:21:32.590908+02:00;standby;21.0;27.9;5.0;25.0;47.8;57.0;0;0;0;0;16365.94;11280.08;5085.87;32430.004
2026-07-08T05:22:34.107247+02:00;standby;21.0;27.9;5.0;25.0;47.8;57.0;0;0;0;0;16365.94;11280.08;5085.87;32430.004
2026-07-08T05:23:34.628281+02:00;standby;21.0;27.9;5.0;25.0;47.8;57.0;0;0;0;0;16365.94;11280.08;5085.87;32430.004
2026-07-08T05:24:35.181547+02:00;standby;21.0;27.9;5.0;25.0;47.8;57.0;0;0;0;0;16365.94;11280.08;5085.87;32430.004
2026-07-08T05:25:35.652544+02:00;standby;21.0;27.9;5.0;25.0;47.8;57.0;0;0;0;0;16365.94;11280.08;5085.87;32430.004
2026-07-08T05:26:36.258616+02:00;standby;21.0;27.9;5.0;25.0;47.7;57.0;0;0;0;0;16365.94;11280.08;5085.87;32430.004
2026-07-08T05:27:36.680054+02:00;standby;21.0;27.9;5.0;25.0;47.7;57.0;0;0;0;0;16365.94;11280.08;5085.87;32430.004
2026-07-08T05:28:37.855163+02:00;standby;21.0;27.9;5.0;25.0;47.7;57.0;0;0;0;0;16365.94;11280.08;5085.87;32430.004
2026-07-08T05:29:38.325778+02:00;standby;21.0;27.9;5.0;25.0;47.7;57.0;0;0;0;0;16365.94;11280.08;5085.87;32430.004
2026-07-08T05:30:38.756098+02:00;standby;21.0;27.9;5.0;25.0;47.7;57.0;0;0;0;0;16365.94;11280.08;5085.87;32430.004
2026-07-08T05:31:39.414838+02:00;standby;21.0;27.9;5.0;29.0;47.7;57.0;0;0;0;0;16365.94;11280.08;5085.87;32430.004
2026-07-08T05:32:39.883709+02:00;standby;21.0;27.9;5.0;29.0;47.7;57.0;0;0;0;0;16365.94;11280.08;5085.87;32430.004
2026-07-08T05:33:40.418041+02:00;standby;21.0;27.9;5.0;29.0;47.7;57.0;0;0;0;0;16365.94;11280.08;5085.87;32430.004
2026-07-08T05:34:40.906771+02:00;standby;21.0;27.9;5.0;29.0;47.7;57.0;0;0;0;0;16365.94;11280.08;5085.87;32430.004
2026-07-08T05:35:41.444862+02:00;standby;21.0;27.9;5.0;29.0;47.7;57.0;0;0;0;0;16365.94;11280.08;5085.87;32430.004
2026-07-08T05:36:42.371154+02:00;standby;21.0;27.9;5.0;29.0;47.7;57.0;0;0;0;0;16365.94;11280.08;5085.87;32430.004
2026-07-08T05:37:43.006096+02:00;standby;21.0;27.9;5.0;29.0;47.7;57.0;0;0;0;0;16365.94;11280.08;5085.87;32430.004
2026-07-08T05:38:43.512135+02:00;standby;21.0;27.9;5.0;29.0;47.7;57.0;0;0;0;0;16365.94;11280.08;5085.87;32430.004
2026-07-08T05:39:44.032406+02:00;standby;21.0;27.9;5.0;29.0;47.7;57.0;0;0;0;0;16365.94;11280.08;5085.87;32430.004
2026-07-08T05:40:44.794106+02:00;standby;21.0;27.9;5.0;29.0;47.6;57.0;0;0;0;0;16365.94;11280.08;5085.87;32430.004
2026-07-08T05:41:45.411842+02:00;standby;21.0;27.9;5.0;29.0;47.6;57.0;0;0;0;0;16365.94;11280.08;5085.87;32430.004
2026-07-08T05:42:45.910746+02:00;standby;21.0;27.9;5.0;29.0;47.6;57.0;0;0;0;0;16365.94;11280.08;5085.87;32430.004
2026-07-08T05:43:46.503256+02:00;standby;21.0;27.9;5.0;29.0;47.6;57.0;0;0;0;0;16365.94;11280.08;5085.87;32430.004
2026-07-08T05:44:47.297809+02:00;standby;21.0;27.9;5.0;29.0;47.6;57.0;0;0;0;0;16365.94;11280.08;5085.87;32430.004
2026-07-08T05:45:47.770287+02:00;standby;21.0;27.9;5.0;29.0;47.6;57.0;0;0;0;0;16365.94;11280.08;5085.87;32430.004
2026-07-08T05:46:48.393248+02:00;standby;21.0;27.9;5.0;29.0;47.6;57.0;0;0;0;0;16365.94;11280.08;5085.87;32430.004
2026-07-08T05:47:49.352353+02:00;standby;21.0;27.9;5.0;29.0;47.6;57.0;0;0;0;0;16365.94;11280.08;5085.87;32430.004
2026-07-08T05:48:49.841503+02:00;standby;21.0;27.9;5.0;29.0;47.6;57.0;0;0;0;0;16365.94;11280.08;5085.87;32430.004
2026-07-08T05:49:50.361081+02:00;standby;21.0;27.9;5.0;29.0;47.6;57.0;0;0;0;0;16365.94;11280.08;5085.87;32430.004
2026-07-08T05:50:50.877300+02:00;standby;21.0;27.9;5.0;29.0;47.6;57.0;0;0;0;0;16365.94;11280.08;5085.87;32430.004
2026-07-08T05:51:51.397374+02:00;standby;21.0;27.9;5.0;29.0;47.6;57.0;0;0;0;0;16365.94;11280.08;5085.87;32430.004
2026-07-08T05:52:52.161525+02:00;standby;21.0;27.9;5.0;29.0;47.6;57.0;0;0;0;0;16365.94;11280.08;5085.87;32430.004
2026-07-08T05:53:53.099780+02:00;standby;21.0;27.9;5.0;29.0;47.6;57.0;0;0;0;0;16365.94;11280.08;5085.87;32430.004
2026-07-08T05:54:53.776458+02:00;standby;21.0;27.9;5.0;29.0;47.5;57.0;0;0;0;0;16365.94;11280.08;5085.87;32430.004
2026-07-08T05:55:54.450741+02:00;standby;21.0;27.9;5.0;29.0;47.5;57.0;0;0;0;0;16365.94;11280.08;5085.87;32430.004
2026-07-08T05:56:57.168663+02:00;standby;21.0;27.9;5.0;29.0;47.5;57.0;0;0;0;0;16365.94;11280.08;5085.87;32430.004
2026-07-08T05:57:57.662270+02:00;standby;21.0;27.9;5.0;29.0;47.5;57.0;0;0;0;0;16365.94;11280.08;5085.87;32430.004
2026-07-08T05:58:58.242980+02:00;standby;21.0;27.9;5.0;29.0;47.5;57.0;0;0;0;0;16365.94;11280.08;5085.87;32430.004
2026-07-08T05:59:58.686256+02:00;standby;21.0;27.9;5.0;29.0;47.5;57.0;0;0;0;0;16365.94;11280.08;5085.87;32430.004
2026-07-08T06:00:59.174952+02:00;standby;21.0;27.7;5.0;29.0;47.5;57.0;0;0;0;0;16365.94;11280.08;5085.87;32430.004
2026-07-08T06:01:59.705463+02:00;standby;21.0;27.9;5.0;29.0;47.5;57.0;0;0;0;0;16365.94;11280.08;5085.87;32430.004
2026-07-08T06:03:00.217815+02:00;standby;21.0;27.9;5.0;29.0;47.5;57.0;0;0;0;0;16365.94;11280.08;5085.87;32430.004
2026-07-08T06:04:00.682306+02:00;standby;21.0;27.7;5.0;29.0;47.5;57.0;0;0;0;0;16365.94;11280.08;5085.87;32430.004
2026-07-08T06:05:01.454831+02:00;standby;21.0;27.7;5.0;29.0;47.5;57.0;0;0;0;0;16365.94;11280.08;5085.87;32430.004
2026-07-08T06:06:02.027367+02:00;standby;21.0;27.7;5.0;29.0;47.5;57.0;0;0;0;0;16365.94;11280.08;5085.87;32430.004
2026-07-08T06:07:02.466860+02:00;standby;21.0;27.7;5.0;29.0;47.5;57.0;0;0;0;0;16365.94;11280.08;5085.87;32430.004
2026-07-08T06:08:02.982133+02:00;standby;21.0;27.9;5.0;29.0;47.4;57.0;0;0;0;0;16365.94;11280.08;5085.87;32430.004
2026-07-08T06:09:03.708159+02:00;standby;21.0;27.7;5.0;29.0;47.4;57.0;0;0;0;0;16365.94;11280.08;5085.87;32430.004
2026-07-08T06:10:04.617170+02:00;standby;21.0;27.7;5.0;29.0;47.4;57.0;0;0;0;0;16365.94;11280.08;5085.87;32430.004
2026-07-08T06:11:05.089660+02:00;standby;21.0;27.7;5.0;29.0;47.4;57.0;0;0;0;0;16365.94;11280.08;5085.87;32430.004
2026-07-08T06:12:05.649989+02:00;standby;21.0;27.7;5.0;29.0;47.4;57.0;0;0;0;0;16365.94;11280.08;5085.87;32430.004
2026-07-08T06:13:06.396600+02:00;standby;21.0;27.7;5.0;29.0;47.4;57.0;0;0;0;0;16365.94;11280.08;5085.87;32430.004
2026-07-08T06:14:06.840426+02:00;standby;21.0;27.7;5.0;29.0;47.4;57.0;0;0;0;0;16365.94;11280.08;5085.87;32430.004
2026-07-08T06:15:07.307578+02:00;standby;21.0;27.7;5.0;29.0;47.4;57.0;0;0;0;0;16365.94;11280.08;5085.87;32430.004
2026-07-08T06:16:08.113600+02:00;standby;21.0;27.7;5.0;29.0;47.4;57.0;0;0;0;0;16365.94;11280.08;5085.87;32430.004
2026-07-08T06:17:08.559838+02:00;standby;21.0;27.7;5.0;29.0;47.4;57.0;0;0;0;0;16365.94;11280.08;5085.87;32430.004
2026-07-08T06:18:08.992827+02:00;standby;21.0;27.7;5.0;29.0;47.4;57.0;0;0;0;0;16365.94;11280.08;5085.87;32430.004
2026-07-08T06:19:09.492298+02:00;standby;21.0;27.7;5.0;29.0;47.4;57.0;0;0;0;0;16365.94;11280.08;5085.87;32430.004
2026-07-08T06:20:09.875770+02:00;standby;21.0;27.7;5.0;29.0;47.4;57.0;0;0;0;0;16365.94;11280.08;5085.87;32430.004
2026-07-08T06:21:10.395525+02:00;standby;21.0;27.7;5.0;29.0;47.3;57.0;0;0;0;0;16365.94;11280.08;5085.87;32430.004
2026-07-08T06:22:10.970463+02:00;standby;21.0;27.7;5.0;29.0;47.4;57.0;0;0;0;0;16365.94;11280.08;5085.87;32430.004
2026-07-08T06:23:11.512262+02:00;standby;21.0;27.7;5.0;29.0;47.3;57.0;0;0;0;0;16365.94;11280.08;5085.87;32430.004
2026-07-08T06:24:12.015334+02:00;standby;21.0;27.7;5.0;29.0;47.3;57.0;0;0;0;0;16365.94;11280.08;5085.87;32430.004
2026-07-08T06:25:12.915911+02:00;standby;21.0;27.7;5.0;29.0;47.3;57.0;0;0;0;0;16365.94;11280.08;5085.87;32430.004
2026-07-08T06:26:13.567205+02:00;standby;21.0;27.7;5.0;29.0;47.3;57.0;0;0;0;0;16365.94;11280.08;5085.87;32430.004
2026-07-08T06:27:14.004028+02:00;standby;21.0;27.7;5.0;29.0;47.3;57.0;0;0;0;0;16365.94;11280.08;5085.87;32430.004
2026-07-08T06:28:14.533774+02:00;standby;21.0;27.7;5.0;29.0;47.3;57.0;0;0;0;0;16365.94;11280.08;5085.87;32430.004
2026-07-08T06:29:15.278357+02:00;standby;21.0;27.7;5.0;29.0;47.3;57.0;0;0;0;0;16365.94;11280.08;5085.87;32430.004
2026-07-08T06:30:15.847221+02:00;standby;21.0;27.7;5.0;29.0;47.3;57.0;0;0;0;0;16365.94;11280.08;5085.87;32430.004
2026-07-08T06:31:16.451709+02:00;standby;21.0;27.7;5.0;29.0;47.3;57.0;0;0;0;0;16365.94;11280.08;5085.87;32430.004
2026-07-08T06:32:17.343982+02:00;standby;21.0;27.7;5.0;29.0;47.3;57.0;0;0;0;0;16365.94;11280.08;5085.87;32430.004
2026-07-08T06:33:17.939227+02:00;standby;21.0;27.7;5.0;29.0;47.3;57.0;0;0;0;0;16365.94;11280.08;5085.87;32430.004
2026-07-08T06:34:18.540249+02:00;standby;21.0;27.7;5.0;29.0;47.3;57.0;0;0;0;0;16365.94;11280.08;5085.87;32430.004
2026-07-08T06:35:19.336424+02:00;standby;21.0;27.7;5.0;29.0;47.3;57.0;0;0;0;0;16365.94;11280.08;5085.87;32430.004
2026-07-08T06:36:19.827043+02:00;standby;21.0;27.7;5.0;29.0;47.2;57.0;0;0;0;0;16365.94;11280.08;5085.87;32430.004
2026-07-08T06:37:20.509037+02:00;standby;21.0;27.7;5.0;29.0;47.2;57.0;0;0;0;0;16365.94;11280.08;5085.87;32430.004
2026-07-08T06:38:20.997362+02:00;standby;21.0;27.7;5.0;29.0;47.2;57.0;0;0;0;0;16365.94;11280.08;5085.87;32430.004
2026-07-08T06:39:21.587879+02:00;standby;21.0;27.7;5.0;29.0;47.2;57.0;0;0;0;0;16365.94;11280.08;5085.87;32430.004
2026-07-08T06:40:22.047467+02:00;standby;21.0;27.7;5.0;29.0;47.2;57.0;0;0;0;0;16365.94;11280.08;5085.87;32430.004
2026-07-08T06:41:22.562434+02:00;standby;21.0;27.7;5.0;29.0;47.2;57.0;0;0;0;0;16365.94;11280.08;5085.87;32430.004
2026-07-08T06:42:23.073294+02:00;standby;21.0;27.7;5.0;29.0;47.2;57.0;0;0;0;0;16365.94;11280.08;5085.87;32430.004
2026-07-08T06:43:23.774994+02:00;standby;21.0;27.7;5.0;29.0;47.2;57.0;0;0;0;0;16365.94;11280.08;5085.87;32430.004
2026-07-08T06:44:24.631206+02:00;standby;21.0;27.7;5.0;29.0;47.2;57.0;0;0;0;0;16365.94;11280.08;5085.87;32430.004
2026-07-08T06:45:25.210722+02:00;standby;21.0;27.7;5.0;29.0;47.2;57.0;0;0;0;0;16365.94;11280.08;5085.87;32430.004
2026-07-08T06:46:26.613817+02:00;standby;21.0;27.7;5.0;29.0;47.2;57.0;0;0;0;0;16365.94;11280.08;5085.87;32430.004
2026-07-08T06:47:27.167131+02:00;standby;21.0;27.7;5.0;29.0;47.2;57.0;0;0;0;0;16365.94;11280.08;5085.87;32430.004
2026-07-08T06:48:27.929355+02:00;standby;21.0;27.7;5.0;29.0;47.2;57.0;0;0;0;0;16365.94;11280.08;5085.87;32430.004
2026-07-08T06:49:28.400254+02:00;standby;21.0;27.7;5.0;29.0;47.1;57.0;0;0;0;0;16365.94;11280.08;5085.87;32430.004
2026-07-08T06:50:28.914048+02:00;standby;21.0;27.7;5.0;29.0;47.1;57.0;0;0;0;0;16365.94;11280.08;5085.87;32430.004
2026-07-08T06:51:29.416269+02:00;standby;21.4;27.7;5.0;29.0;47.1;57.0;0;0;0;0;16365.94;11280.08;5085.87;32430.004
2026-07-08T06:52:29.852457+02:00;standby;21.4;27.7;5.0;29.0;47.1;57.0;0;0;0;0;16365.94;11280.08;5085.87;32430.004
2026-07-08T06:53:30.354482+02:00;standby;21.4;27.7;5.0;29.0;47.1;57.0;0;0;0;0;16365.94;11280.08;5085.87;32430.004
2026-07-08T06:54:30.872521+02:00;standby;21.4;27.7;5.0;29.0;47.1;57.0;0;0;0;0;16365.94;11280.08;5085.87;32430.004
2026-07-08T06:55:31.596734+02:00;standby;21.4;27.7;5.0;29.0;47.1;57.0;0;0;0;0;16365.94;11280.08;5085.87;32430.004
2026-07-08T06:56:32.857463+02:00;standby;21.4;27.7;5.0;29.0;47.1;57.0;0;0;0;0;16365.94;11280.08;5085.87;32430.004
2026-07-08T06:57:33.336532+02:00;standby;21.4;27.7;5.0;29.0;47.1;57.0;0;0;0;0;16365.94;11280.08;5085.87;32430.004
2026-07-08T06:58:33.803158+02:00;standby;21.4;27.7;5.0;29.0;47.1;57.0;0;0;0;0;16365.94;11280.08;5085.87;32430.004
2026-07-08T06:59:34.309340+02:00;standby;21.4;27.7;5.0;29.0;47.1;57.0;0;0;0;0;16365.94;11280.08;5085.87;32430.004
2026-07-08T07:00:35.041279+02:00;standby;21.4;27.6;5.0;29.0;47.1;57.0;0;0;0;0;16365.94;11280.08;5085.87;32430.004
2026-07-08T07:01:35.509753+02:00;standby;21.4;27.7;5.0;29.0;47.1;57.0;0;0;0;0;16365.94;11280.08;5085.87;32430.004
2026-07-08T07:02:35.978913+02:00;standby;21.4;27.7;5.0;29.0;47.1;57.0;0;0;0;0;16365.94;11280.08;5085.87;32430.004
2026-07-08T07:03:36.647985+02:00;standby;21.4;27.7;5.0;29.0;47.1;57.0;0;0;0;0;16365.94;11280.08;5085.87;32430.004
2026-07-08T07:04:37.585465+02:00;standby;21.4;27.6;5.0;29.0;47.1;57.0;0;0;0;0;16365.94;11280.08;5085.87;32430.004
2026-07-08T07:05:38.146784+02:00;standby;21.4;27.7;5.0;29.0;47.0;57.0;0;0;0;0;16365.94;11280.08;5085.87;32430.004
2026-07-08T07:06:38.619550+02:00;standby;21.4;27.6;5.0;29.0;47.0;57.0;0;0;0;0;16365.94;11280.08;5085.87;32430.004
2026-07-08T07:07:39.282149+02:00;standby;21.4;27.6;5.0;28.0;47.0;57.0;0;0;0;0;16365.94;11280.08;5085.87;32430.004
2026-07-08T07:08:39.882320+02:00;standby;21.4;27.6;5.0;28.0;47.0;57.0;0;0;0;0;16365.94;11280.08;5085.87;32430.004
2026-07-08T07:09:40.482855+02:00;standby;21.4;27.6;5.0;28.0;47.0;57.0;0;0;0;0;16365.94;11280.08;5085.87;32430.004
2026-07-08T07:10:41.023228+02:00;standby;21.4;27.6;5.0;28.0;47.0;57.0;0;0;0;0;16365.94;11280.08;5085.87;32430.004
2026-07-08T07:11:42.441041+02:00;standby;21.4;27.6;5.0;28.0;47.0;57.0;0;0;0;0;16365.94;11280.08;5085.87;32430.004
2026-07-08T07:12:43.213939+02:00;standby;21.4;27.6;5.0;28.0;47.0;57.0;0;0;0;0;16365.94;11280.08;5085.87;32430.004
2026-07-08T07:13:43.687559+02:00;standby;21.4;27.6;5.0;28.0;47.0;57.0;0;0;0;0;16365.94;11280.08;5085.87;32430.004
2026-07-08T07:14:44.373293+02:00;standby;21.4;27.6;5.0;28.0;47.0;57.0;0;0;0;0;16365.94;11280.08;5085.87;32430.004
2026-07-08T07:15:45.040577+02:00;dhw;21.4;38.7;85.0;28.0;46.9;57.0;1;23;1;100;16365.99;11280.08;5085.91;32430.004
2026-07-08T07:15:55.940485+02:00;dhw;21.4;38.6;85.0;28.0;46.9;57.0;1;23;1;100;16366.0;11280.08;5085.92;32430.004
2026-07-08T07:16:06.545121+02:00;dhw;21.4;38.5;85.0;28.0;46.8;57.0;1;23;1;100;16366.01;11280.08;5085.93;32430.004
2026-07-08T07:16:17.347495+02:00;dhw;21.4;38.6;85.0;28.0;46.8;57.0;1;23;1;100;16366.02;11280.08;5085.94;32430.004
2026-07-08T07:16:27.933555+02:00;dhw;21.4;39.1;85.0;28.0;46.7;57.0;1;23;1;100;16366.03;11280.08;5085.95;32430.004
2026-07-08T07:16:38.831779+02:00;dhw;21.4;40.0;85.0;28.0;46.6;57.0;1;23;1;100;16366.04;11280.08;5085.96;32430.004
2026-07-08T07:16:49.378395+02:00;dhw;21.4;40.5;85.0;28.0;46.5;57.0;1;23;1;100;16366.04;11280.08;5085.97;32430.004
2026-07-08T07:17:00.137062+02:00;dhw;21.4;41.1;85.0;28.0;46.5;57.0;1;28;1;100;16366.05;11280.08;5085.98;32430.004
2026-07-08T07:17:10.951586+02:00;dhw;21.4;43.0;85.0;28.0;46.4;57.0;1;46;1;100;16366.07;11280.08;5086.0;32430.004
2026-07-08T07:17:21.742933+02:00;dhw;21.4;45.2;85.0;28.0;46.3;57.0;1;59;1;100;16366.1;11280.08;5086.02;32430.004
2026-07-08T07:17:32.705724+02:00;dhw;21.4;47.1;85.0;28.0;46.3;57.0;1;70;1;100;16366.12;11280.08;5086.05;32430.004
2026-07-08T07:17:43.622360+02:00;dhw;21.4;49.2;85.0;28.0;46.2;57.0;1;81;1;100;16366.16;11280.08;5086.08;32430.004
2026-07-08T07:17:54.618813+02:00;dhw;21.4;51.3;85.0;28.0;46.1;57.0;1;91;1;100;16366.18;11280.08;5086.11;32430.004
2026-07-08T07:18:05.274553+02:00;dhw;21.4;54.2;85.0;28.0;46.1;57.0;1;103;1;100;16366.23;11280.08;5086.15;32430.004
2026-07-08T07:18:16.110801+02:00;dhw;21.4;57.1;85.0;28.0;46.1;57.0;1;108;1;100;16366.28;11280.08;5086.2;32430.004
2026-07-08T07:18:26.656025+02:00;dhw;21.4;59.0;85.0;28.0;46.1;57.0;1;108;1;100;16366.31;11280.08;5086.24;32430.004
2026-07-08T07:18:37.517563+02:00;dhw;21.4;61.0;85.0;28.0;46.1;57.0;1;108;1;100;16366.36;11280.08;5086.28;32430.004
2026-07-08T07:18:48.167746+02:00;dhw;21.4;63.1;85.0;28.0;46.1;57.0;1;108;1;100;16366.41;11280.08;5086.33;32430.104
2026-07-08T07:18:58.714547+02:00;dhw;21.4;64.0;85.0;28.0;46.1;57.0;1;108;1;100;16366.43;11280.08;5086.36;32430.104
2026-07-08T07:19:09.229334+02:00;dhw;21.4;66.1;85.0;28.0;46.2;57.0;1;108;1;100;16366.5;11280.08;5086.42;32430.104
2026-07-08T07:19:20.074564+02:00;dhw;21.4;67.0;85.0;28.0;46.2;57.0;1;108;1;100;16366.53;11280.08;5086.46;32430.104
2026-07-08T07:19:30.832325+02:00;dhw;21.4;68.0;85.0;28.0;46.3;57.0;1;108;1;100;16366.58;11280.08;5086.5;32430.104
2026-07-08T07:19:41.618372+02:00;dhw;21.4;69.1;85.0;28.0;46.4;57.0;1;108;1;100;16366.64;11280.08;5086.56;32430.104
2026-07-08T07:19:52.684272+02:00;dhw;21.4;69.9;85.0;28.0;46.7;57.0;1;108;1;100;16366.68;11280.08;5086.6;32430.104
2026-07-08T07:20:03.431481+02:00;dhw;21.4;70.4;85.0;28.0;46.8;57.0;1;108;1;100;16366.72;11280.08;5086.64;32430.104
2026-07-08T07:20:14.203816+02:00;dhw;21.4;71.0;85.0;28.0;47.0;57.0;1;108;1;100;16366.77;11280.08;5086.69;32430.104
2026-07-08T07:20:24.931441+02:00;dhw;21.4;71.4;85.0;28.0;47.1;57.0;1;108;1;100;16366.8;11280.08;5086.73;32430.104
2026-07-08T07:20:35.449544+02:00;dhw;21.4;71.9;85.0;28.0;47.3;57.0;1;108;1;100;16366.85;11280.08;5086.77;32430.104
2026-07-08T07:20:45.995208+02:00;dhw;21.4;72.2;85.0;28.0;47.5;57.0;1;108;1;100;16366.89;11280.08;5086.81;32430.104
2026-07-08T07:20:56.780060+02:00;dhw;21.4;72.6;85.0;28.0;47.6;57.0;1;108;1;100;16366.93;11280.08;5086.85;32430.104
2026-07-08T07:21:07.384000+02:00;dhw;21.4;73.0;85.0;28.0;47.8;57.0;1;108;1;100;16366.98;11280.08;5086.9;32430.104
2026-07-08T07:21:18.107071+02:00;dhw;21.4;73.3;85.0;28.0;48.0;57.0;1;108;1;100;16367.01;11280.08;5086.94;32430.104
2026-07-08T07:21:28.739153+02:00;dhw;21.4;73.6;85.0;28.0;48.1;57.0;1;108;1;100;16367.06;11280.08;5086.98;32430.104
2026-07-08T07:21:39.746469+02:00;dhw;21.4;74.0;85.0;28.0;48.4;57.0;1;108;1;100;16367.11;11280.08;5087.03;32430.104
2026-07-08T07:21:51.160897+02:00;dhw;21.4;74.2;85.0;28.0;48.5;57.0;1;108;1;100;16367.14;11280.08;5087.06;32430.104
2026-07-08T07:22:01.818828+02:00;dhw;21.4;74.8;85.0;28.0;48.8;57.0;1;108;1;100;16367.23;11280.08;5087.15;32430.104
2026-07-08T07:22:13.027472+02:00;dhw;21.4;75.1;85.0;28.0;49.0;57.0;1;108;1;100;16367.27;11280.08;5087.19;32430.104
2026-07-08T07:22:24.903406+02:00;dhw;21.4;75.2;85.0;28.0;49.1;57.0;1;108;1;100;16367.31;11280.08;5087.23;32430.104
2026-07-08T07:22:35.704973+02:00;dhw;21.4;75.5;85.0;28.0;49.2;57.0;1;108;1;100;16367.35;11280.08;5087.27;32430.104
2026-07-08T07:22:46.243758+02:00;dhw;21.4;75.6;85.0;28.0;49.4;57.0;1;108;1;100;16367.39;11280.08;5087.32;32430.203
2026-07-08T07:22:56.896645+02:00;dhw;21.4;76.1;85.0;28.0;49.5;57.0;1;108;1;100;16367.45;11280.08;5087.38;32430.203
2026-07-08T07:23:07.709529+02:00;dhw;21.4;76.1;85.0;28.0;49.6;57.0;1;108;1;100;16367.47;11280.08;5087.4;32430.203
2026-07-08T07:23:18.251977+02:00;dhw;21.4;76.4;85.0;28.0;49.8;57.0;1;108;1;100;16367.52;11280.08;5087.44;32430.203
2026-07-08T07:23:28.815474+02:00;dhw;21.4;76.5;85.0;28.0;49.9;57.0;1;108;1;100;16367.56;11280.08;5087.48;32430.203
2026-07-08T07:23:40.109199+02:00;dhw;21.4;77.0;85.0;28.0;50.1;57.0;1;108;1;100;16367.64;11280.08;5087.56;32430.203
2026-07-08T07:23:50.630033+02:00;dhw;21.4;77.1;85.0;28.0;50.3;57.0;1;108;1;100;16367.68;11280.08;5087.61;32430.203
2026-07-08T07:24:01.572286+02:00;dhw;21.4;77.4;85.0;28.0;50.5;57.0;1;108;1;100;16367.73;11280.08;5087.65;32430.203
2026-07-08T07:24:12.687945+02:00;dhw;21.4;77.6;85.0;28.0;50.6;57.0;1;108;1;100;16367.77;11280.08;5087.69;32430.203
2026-07-08T07:24:23.225460+02:00;dhw;21.4;77.7;85.0;28.0;50.8;57.0;1;108;1;100;16367.81;11280.08;5087.73;32430.203
2026-07-08T07:24:33.973610+02:00;dhw;21.4;77.9;85.0;28.0;50.9;57.0;1;108;1;100;16367.86;11280.08;5087.78;32430.203
2026-07-08T07:24:44.786352+02:00;dhw;21.4;78.2;85.0;28.0;51.2;57.0;1;108;1;100;16367.89;11280.08;5087.82;32430.203
2026-07-08T07:24:55.752019+02:00;dhw;21.4;78.3;85.0;28.0;51.3;57.0;1;108;1;100;16367.94;11280.08;5087.86;32430.203
2026-07-08T07:25:06.343606+02:00;dhw;21.4;78.5;85.0;28.0;51.4;57.0;1;108;1;100;16367.98;11280.08;5087.9;32430.203
2026-07-08T07:25:17.562142+02:00;dhw;21.4;78.6;85.0;28.0;51.6;57.0;1;108;1;100;16368.02;11280.08;5087.94;32430.203
2026-07-08T07:25:28.101110+02:00;dhw;21.4;79.0;85.0;28.0;51.8;57.0;1;108;1;100;16368.07;11280.08;5087.99;32430.203
2026-07-08T07:25:38.763753+02:00;dhw;21.4;79.1;85.0;28.0;51.9;57.0;1;108;1;100;16368.1;11280.08;5088.03;32430.203
2026-07-08T07:25:49.815635+02:00;dhw;21.4;79.1;85.0;28.0;51.9;57.0;1;108;1;100;16368.1;11280.08;5088.03;32430.203
2026-07-08T07:26:00.472739+02:00;dhw;21.4;79.6;85.0;28.0;52.4;57.0;1;108;1;100;16368.23;11280.08;5088.15;32430.203
2026-07-08T07:26:11.387605+02:00;dhw;21.4;79.8;85.0;28.0;52.5;57.0;1;108;1;100;16368.27;11280.08;5088.19;32430.203
2026-07-08T07:26:22.126594+02:00;dhw;21.4;79.9;85.0;28.0;52.7;57.0;1;108;1;100;16368.31;11280.08;5088.23;32430.203
2026-07-08T07:26:32.930398+02:00;dhw;21.4;80.1;85.0;28.0;52.9;57.0;1;108;1;100;16368.35;11280.08;5088.28;32430.203
2026-07-08T07:26:43.579561+02:00;dhw;21.4;80.3;85.0;28.0;53.1;57.0;1;108;1;100;16368.39;11280.08;5088.32;32430.203
2026-07-08T07:26:54.625988+02:00;dhw;21.4;80.4;85.0;28.0;53.3;57.0;1;108;1;100;16368.44;11280.08;5088.36;32430.303
2026-07-08T07:27:05.274496+02:00;dhw;21.4;80.6;85.0;28.0;53.5;57.0;1;108;1;100;16368.48;11280.08;5088.4;32430.303
2026-07-08T07:27:16.290867+02:00;dhw;21.4;80.7;85.0;28.0;53.7;57.0;1;108;1;100;16368.52;11280.08;5088.44;32430.303
2026-07-08T07:27:26.895045+02:00;dhw;21.4;81.1;85.0;28.0;53.8;57.0;1;108;1;100;16368.57;11280.08;5088.49;32430.303
2026-07-08T07:27:37.580423+02:00;dhw;21.4;81.2;85.0;28.0;54.0;57.0;1;108;1;100;16368.6;11280.08;5088.53;32430.303
2026-07-08T07:27:48.082880+02:00;dhw;21.4;81.4;85.0;28.0;54.3;57.0;1;108;1;100;16368.65;11280.08;5088.57;32430.303
2026-07-08T07:27:58.626327+02:00;dhw;21.4;81.5;85.0;28.0;54.5;57.0;1;108;1;100;16368.69;11280.08;5088.61;32430.303
2026-07-08T07:28:09.123363+02:00;dhw;21.4;81.9;85.0;28.0;54.7;57.0;1;108;1;100;16368.77;11280.08;5088.69;32430.303
2026-07-08T07:28:21.008446+02:00;dhw;21.4;82.0;85.0;28.0;55.1;57.0;1;108;1;100;16368.81;11280.08;5088.74;32430.303
2026-07-08T07:28:31.598761+02:00;dhw;21.4;82.2;85.0;28.0;55.3;57.0;1;108;1;100;16368.86;11280.08;5088.78;32430.303
2026-07-08T07:28:43.133514+02:00;dhw;21.4;82.4;85.0;28.0;55.5;57.0;1;108;1;100;16368.9;11280.08;5088.82;32430.303
2026-07-08T07:28:53.777829+02:00;dhw;21.4;82.5;85.0;28.0;55.6;57.0;1;108;1;100;16368.94;11280.08;5088.86;32430.303
2026-07-08T07:29:04.589893+02:00;dhw;21.4;82.7;85.0;28.0;55.8;57.0;1;108;1;100;16368.98;11280.08;5088.9;32430.303
2026-07-08T07:29:15.732775+02:00;dhw;21.4;83.0;85.0;28.0;56.0;57.0;1;108;1;100;16369.05;11280.08;5088.97;32430.303
2026-07-08T07:29:26.389329+02:00;dhw;21.4;83.0;85.0;28.0;56.2;57.0;1;108;1;100;16369.06;11280.08;5088.99;32430.303
2026-07-08T07:29:36.944625+02:00;dhw;21.4;83.2;85.0;28.0;56.4;57.0;1;108;1;100;16369.11;11280.08;5089.03;32430.303
2026-07-08T07:29:47.541183+02:00;dhw;21.4;83.4;85.0;28.0;56.6;57.0;1;108;1;100;16369.15;11280.08;5089.07;32430.303
2026-07-08T07:29:58.133020+02:00;dhw;21.4;83.5;85.0;28.0;56.8;57.0;1;108;1;100;16369.19;11280.08;5089.11;32430.303
2026-07-08T07:30:10.069989+02:00;standby;21.4;83.2;85.0;28.0;57.3;57.0;0;0;1;100;16369.23;11280.08;5089.16;32430.303
2026-07-08T07:30:20.972765+02:00;standby;21.4;81.9;85.0;28.0;57.5;57.0;0;0;1;100;16369.23;11280.08;5089.16;32430.303
2026-07-08T07:30:31.519329+02:00;standby;21.4;78.9;85.0;28.0;57.7;57.0;0;0;1;10;16369.23;11280.08;5089.16;32430.303
2026-07-08T07:30:42.422600+02:00;standby;21.4;76.8;85.0;28.0;57.9;57.0;0;0;1;10;16369.23;11280.08;5089.16;32430.303
2026-07-08T07:30:52.930143+02:00;standby;21.4;74.7;85.0;28.0;58.1;57.0;0;0;1;10;16369.23;11280.08;5089.16;32430.303
2026-07-08T07:31:03.364473+02:00;standby;21.4;73.7;85.0;28.0;58.2;57.0;0;0;1;10;16369.23;11280.08;5089.16;32430.303
2026-07-08T07:32:03.832309+02:00;standby;21.4;66.7;5.0;28.0;59.1;57.0;0;0;1;10;16369.23;11280.08;5089.16;32430.303
2026-07-08T07:33:04.542468+02:00;standby;21.4;62.9;5.0;28.0;59.5;57.0;0;0;0;10;16369.23;11280.08;5089.16;32430.303
2026-07-08T07:34:05.178126+02:00;standby;21.4;64.0;5.0;28.0;59.8;57.0;0;0;0;0;16369.23;11280.08;5089.16;32430.303
2026-07-08T07:35:05.703123+02:00;standby;21.4;64.3;5.0;28.0;59.9;57.0;0;0;0;0;16369.23;11280.08;5089.16;32430.303
2026-07-08T07:36:06.212365+02:00;standby;21.4;64.4;5.0;28.0;60.0;57.0;0;0;0;0;16369.23;11280.08;5089.16;32430.303
2026-07-08T07:37:07.188915+02:00;standby;21.4;64.4;5.0;28.0;60.0;57.0;0;0;0;0;16369.23;11280.08;5089.16;32430.303
2026-07-08T07:38:07.782178+02:00;standby;21.4;64.4;5.0;28.0;60.0;57.0;0;0;0;0;16369.23;11280.08;5089.16;32430.303
2026-07-08T07:39:08.237634+02:00;standby;21.4;64.4;5.0;28.0;60.0;57.0;0;0;0;0;16369.23;11280.08;5089.16;32430.303
2026-07-08T07:40:08.797810+02:00;standby;21.4;64.3;5.0;28.0;60.0;57.0;0;0;0;0;16369.23;11280.08;5089.16;32430.303
2026-07-08T07:41:09.377383+02:00;standby;21.4;64.2;5.0;28.0;60.0;57.0;0;0;0;0;16369.23;11280.08;5089.16;32430.303
2026-07-08T07:42:09.831518+02:00;standby;21.4;64.1;5.0;28.0;60.0;57.0;0;0;0;0;16369.23;11280.08;5089.16;32430.303
2026-07-08T07:43:10.422798+02:00;standby;21.4;64.0;5.0;28.0;60.0;57.0;0;0;0;0;16369.23;11280.08;5089.16;32430.303
2026-07-08T07:44:11.594730+02:00;standby;21.4;63.8;5.0;28.0;60.0;57.0;0;0;0;0;16369.23;11280.08;5089.16;32430.303
2026-07-08T07:45:12.284507+02:00;standby;21.4;63.7;5.0;28.0;60.0;57.0;0;0;0;0;16369.23;11280.08;5089.16;32430.303
2026-07-08T07:46:12.728915+02:00;standby;21.4;63.6;5.0;28.0;60.0;57.0;0;0;0;0;16369.23;11280.08;5089.16;32430.303
2026-07-08T07:47:13.160964+02:00;standby;21.4;63.5;5.0;28.0;60.0;57.0;0;0;0;0;16369.23;11280.08;5089.16;32430.303
2026-07-08T07:48:13.717448+02:00;standby;21.4;63.4;5.0;28.0;60.0;57.0;0;0;0;0;16369.23;11280.08;5089.16;32430.303
2026-07-08T07:49:14.207589+02:00;standby;21.4;63.3;5.0;28.0;60.0;57.0;0;0;0;0;16369.23;11280.08;5089.16;32430.303
2026-07-08T07:50:14.905331+02:00;standby;21.4;63.1;5.0;28.0;59.9;57.0;0;0;0;0;16369.23;11280.08;5089.16;32430.303
2026-07-08T07:51:15.656103+02:00;standby;21.4;62.9;5.0;28.0;59.9;57.0;0;0;0;0;16369.23;11280.08;5089.16;32430.303
2026-07-08T07:52:16.105720+02:00;standby;22.5;62.8;5.0;28.0;59.9;57.0;0;0;0;0;16369.23;11280.08;5089.16;32430.303
2026-07-08T07:53:16.834853+02:00;standby;22.5;62.7;5.0;28.0;59.9;57.0;0;0;0;0;16369.23;11280.08;5089.16;32430.303
2026-07-08T07:54:17.472800+02:00;standby;22.5;62.6;5.0;28.0;59.9;57.0;0;0;0;0;16369.23;11280.08;5089.16;32430.303
2026-07-08T07:55:17.992291+02:00;standby;22.5;62.4;5.0;28.0;59.9;57.0;0;0;0;0;16369.23;11280.08;5089.16;32430.303
2026-07-08T07:56:18.551724+02:00;standby;22.5;62.3;5.0;28.0;59.9;57.0;0;0;0;0;16369.23;11280.08;5089.16;32430.303
2026-07-08T07:57:19.430266+02:00;standby;22.5;62.2;5.0;28.0;59.9;57.0;0;0;0;0;16369.23;11280.08;5089.16;32430.303
2026-07-08T07:58:20.003136+02:00;standby;22.5;62.0;5.0;28.0;59.9;57.0;0;0;0;0;16369.23;11280.08;5089.16;32430.303
2026-07-08T07:59:20.704856+02:00;standby;22.5;61.9;5.0;28.0;59.9;57.0;0;0;0;0;16369.23;11280.08;5089.16;32430.303
2026-07-08T08:00:21.402695+02:00;standby;22.5;61.7;5.0;28.0;59.9;57.0;0;0;0;0;16369.23;11280.08;5089.16;32430.303
2026-07-08T08:01:21.869072+02:00;standby;22.5;61.6;5.0;28.0;59.9;57.0;0;0;0;0;16369.23;11280.08;5089.16;32430.303
2026-07-08T08:02:22.539890+02:00;standby;22.5;61.4;5.0;28.0;59.9;57.0;0;0;0;0;16369.23;11280.08;5089.16;32430.303
2026-07-08T08:03:23.160762+02:00;standby;22.5;61.3;5.0;28.0;59.8;57.0;0;0;0;0;16369.23;11280.08;5089.16;32430.303
2026-07-08T08:04:23.829661+02:00;standby;22.5;61.2;5.0;28.0;59.8;57.0;0;0;0;0;16369.23;11280.08;5089.16;32430.303
2026-07-08T08:05:24.361953+02:00;standby;22.5;61.0;5.0;28.0;59.8;57.0;0;0;0;0;16369.23;11280.08;5089.16;32430.303
2026-07-08T08:06:24.904985+02:00;standby;22.5;60.9;5.0;28.0;59.8;57.0;0;0;0;0;16369.23;11280.08;5089.16;32430.303
2026-07-08T08:07:25.544466+02:00;standby;22.5;60.7;5.0;28.0;59.8;57.0;0;0;0;0;16369.23;11280.08;5089.16;32430.303
2026-07-08T08:08:26.120837+02:00;standby;22.5;60.6;5.0;28.0;59.8;57.0;0;0;0;0;16369.23;11280.08;5089.16;32430.303
2026-07-08T08:09:27.514430+02:00;standby;22.5;60.5;5.0;28.0;59.8;57.0;0;0;0;0;16369.23;11280.08;5089.16;32430.303
2026-07-08T08:10:28.014397+02:00;standby;22.5;60.3;5.0;28.0;59.8;57.0;0;0;0;0;16369.23;11280.08;5089.16;32430.303
2026-07-08T08:11:28.440548+02:00;standby;22.5;60.1;5.0;28.0;59.8;57.0;0;0;0;0;16369.23;11280.08;5089.16;32430.303
2026-07-08T08:12:28.866873+02:00;standby;22.5;60.0;5.0;28.0;59.8;57.0;0;0;0;0;16369.23;11280.08;5089.16;32430.303
2026-07-08T08:13:29.316000+02:00;standby;22.5;59.9;5.0;28.0;59.8;57.0;0;0;0;0;16369.23;11280.08;5089.16;32430.303
2026-07-08T08:14:29.845307+02:00;standby;22.5;59.7;5.0;28.0;59.8;57.0;0;0;0;0;16369.23;11280.08;5089.16;32430.303
2026-07-08T08:15:30.369803+02:00;standby;22.5;59.5;5.0;28.0;59.7;57.0;0;0;0;0;16369.23;11280.08;5089.16;32430.303
2026-07-08T08:16:30.832263+02:00;standby;22.5;59.4;5.0;28.0;59.7;57.0;0;0;0;0;16369.23;11280.08;5089.16;32430.303
2026-07-08T08:17:31.295327+02:00;standby;22.5;59.2;5.0;28.0;59.7;57.0;0;0;0;0;16369.23;11280.08;5089.16;32430.303
2026-07-08T08:18:33.820545+02:00;standby;22.5;59.1;5.0;28.0;59.7;57.0;0;0;0;0;16369.23;11280.08;5089.16;32430.303
2026-07-08T08:19:34.245305+02:00;standby;22.5;58.9;5.0;28.0;59.7;57.0;0;0;0;0;16369.23;11280.08;5089.16;32430.303
2026-07-08T08:20:34.700354+02:00;standby;22.5;58.7;5.0;28.0;59.7;57.0;0;0;0;0;16369.23;11280.08;5089.16;32430.303
2026-07-08T08:21:35.153611+02:00;standby;22.5;58.6;5.0;28.0;59.7;57.0;0;0;0;0;16369.23;11280.08;5089.16;32430.303
2026-07-08T08:22:36.009863+02:00;standby;22.5;58.5;5.0;28.0;59.7;57.0;0;0;0;0;16369.23;11280.08;5089.16;32430.303
2026-07-08T08:23:36.711440+02:00;standby;22.5;58.3;5.0;28.0;59.7;57.0;0;0;0;0;16369.23;11280.08;5089.16;32430.303
2026-07-08T08:24:37.339764+02:00;standby;22.5;58.2;5.0;28.0;59.7;57.0;0;0;0;0;16369.23;11280.08;5089.16;32430.303
2026-07-08T08:25:37.809385+02:00;standby;22.5;58.1;5.0;28.0;59.7;57.0;0;0;0;0;16369.23;11280.08;5089.16;32430.303
2026-07-08T08:26:38.273920+02:00;standby;22.5;57.8;5.0;28.0;59.7;57.0;0;0;0;0;16369.23;11280.08;5089.16;32430.303
2026-07-08T08:27:38.887343+02:00;standby;22.5;57.7;5.0;28.0;59.7;57.0;0;0;0;0;16369.23;11280.08;5089.16;32430.303
2026-07-08T08:28:39.314005+02:00;standby;22.5;57.6;5.0;28.0;59.6;57.0;0;0;0;0;16369.23;11280.08;5089.16;32430.303
2026-07-08T08:29:39.888844+02:00;standby;22.5;57.4;5.0;28.0;59.7;57.0;0;0;0;0;16369.23;11280.08;5089.16;32430.303
2026-07-08T08:30:40.345627+02:00;standby;22.5;57.3;5.0;28.0;59.6;57.0;0;0;0;0;16369.23;11280.08;5089.16;32430.303
2026-07-08T08:31:40.991382+02:00;standby;22.5;57.2;5.0;28.0;59.6;57.0;0;0;0;0;16369.23;11280.08;5089.16;32430.303
2026-07-08T08:32:41.613864+02:00;standby;22.5;56.9;5.0;28.0;59.6;57.0;0;0;0;0;16369.23;11280.08;5089.16;32430.303
2026-07-08T08:33:42.578233+02:00;standby;22.5;56.8;5.0;28.0;59.6;57.0;0;0;0;0;16369.23;11280.08;5089.16;32430.303
2026-07-08T08:34:43.093963+02:00;standby;22.5;56.7;5.0;28.0;59.6;57.0;0;0;0;0;16369.23;11280.08;5089.16;32430.303
2026-07-08T08:35:43.510434+02:00;standby;22.5;56.6;5.0;28.0;59.6;57.0;0;0;0;0;16369.23;11280.08;5089.16;32430.303
2026-07-08T08:36:44.031214+02:00;standby;22.5;56.4;5.0;28.0;59.6;57.0;0;0;0;0;16369.23;11280.08;5089.16;32430.303
2026-07-08T08:37:44.618020+02:00;standby;22.5;56.2;5.0;28.0;59.6;57.0;0;0;0;0;16369.23;11280.08;5089.16;32430.303
2026-07-08T08:38:45.293379+02:00;standby;22.5;56.1;5.0;28.0;59.6;57.0;0;0;0;0;16369.23;11280.08;5089.16;32430.303
2026-07-08T08:39:45.740863+02:00;standby;22.5;56.0;5.0;28.0;59.6;57.0;0;0;0;0;16369.23;11280.08;5089.16;32430.303
2026-07-08T08:40:46.639475+02:00;standby;22.5;55.8;5.0;28.0;59.6;57.0;0;0;0;0;16369.23;11280.08;5089.16;32430.303
2026-07-08T08:41:47.590526+02:00;standby;22.5;55.7;5.0;28.0;59.6;57.0;0;0;0;0;16369.23;11280.08;5089.16;32430.303
2026-07-08T08:42:48.062033+02:00;standby;22.5;55.6;5.0;28.0;59.5;57.0;0;0;0;0;16369.23;11280.08;5089.16;32430.303
2026-07-08T08:43:48.501431+02:00;standby;22.5;55.5;5.0;28.0;59.6;57.0;0;0;0;0;16369.23;11280.08;5089.16;32430.303
2026-07-08T08:44:49.102573+02:00;standby;22.5;55.2;5.0;28.0;59.5;57.0;0;0;0;0;16369.23;11280.08;5089.16;32430.303
2026-07-08T08:45:49.577535+02:00;standby;22.5;55.1;5.0;28.0;59.5;57.0;0;0;0;0;16369.23;11280.08;5089.16;32430.303
2026-07-08T08:46:50.138736+02:00;standby;22.5;55.0;5.0;28.0;59.5;57.0;0;0;0;0;16369.23;11280.08;5089.16;32430.303
2026-07-08T08:47:50.677942+02:00;standby;22.5;54.9;5.0;28.0;59.5;57.0;0;0;0;0;16369.23;11280.08;5089.16;32430.303
2026-07-08T08:48:51.080313+02:00;standby;22.5;54.7;5.0;28.0;59.5;57.0;0;0;0;0;16369.23;11280.08;5089.16;32430.303
2026-07-08T08:49:51.923034+02:00;standby;22.5;54.6;5.0;28.0;59.5;57.0;0;0;0;0;16369.23;11280.08;5089.16;32430.303
2026-07-08T08:50:52.367347+02:00;standby;22.5;54.4;5.0;28.0;59.5;57.0;0;0;0;0;16369.23;11280.08;5089.16;32430.303
2026-07-08T08:51:52.791701+02:00;standby;22.5;54.3;5.0;28.0;59.5;57.0;0;0;0;0;16369.23;11280.08;5089.16;32430.303
2026-07-08T08:52:53.211731+02:00;standby;23.5;54.2;5.0;28.0;59.5;57.0;0;0;0;0;16369.23;11280.08;5089.16;32430.303
2026-07-08T08:53:53.637760+02:00;standby;23.5;54.1;5.0;28.0;59.5;57.0;0;0;0;0;16369.23;11280.08;5089.16;32430.303
2026-07-08T08:54:54.050772+02:00;standby;23.5;53.9;5.0;28.0;59.4;57.0;0;0;0;0;16369.23;11280.08;5089.16;32430.303
2026-07-08T08:55:54.574427+02:00;standby;23.5;53.8;5.0;28.0;59.4;57.0;0;0;0;0;16369.23;11280.08;5089.16;32430.303
2026-07-08T08:56:55.026921+02:00;standby;23.5;53.7;5.0;28.0;59.4;57.0;0;0;0;0;16369.23;11280.08;5089.16;32430.303
2026-07-08T08:57:55.459863+02:00;standby;23.5;53.6;5.0;28.0;59.4;57.0;0;0;0;0;16369.23;11280.08;5089.16;32430.303
2026-07-08T08:58:55.973927+02:00;standby;23.5;53.4;5.0;28.0;59.4;57.0;0;0;0;0;16369.23;11280.08;5089.16;32430.303
2026-07-08T08:59:56.599580+02:00;standby;23.5;53.3;5.0;28.0;59.4;57.0;0;0;0;0;16369.23;11280.08;5089.16;32430.303
2026-07-08T09:00:57.058080+02:00;standby;23.5;53.1;5.0;28.0;59.4;57.0;0;0;0;0;16369.23;11280.08;5089.16;32430.303
2026-07-08T09:01:57.537616+02:00;standby;23.5;53.0;5.0;28.0;59.4;57.0;0;0;0;0;16369.23;11280.08;5089.16;32430.303
2026-07-08T09:02:57.980836+02:00;standby;23.5;52.9;5.0;28.0;59.4;57.0;0;0;0;0;16369.23;11280.08;5089.16;32430.303
2026-07-08T09:03:58.620035+02:00;standby;23.5;52.8;5.0;28.0;59.4;57.0;0;0;0;0;16369.23;11280.08;5089.16;32430.303
2026-07-08T09:04:59.092737+02:00;standby;23.5;52.7;5.0;28.0;59.4;57.0;0;0;0;0;16369.23;11280.08;5089.16;32430.303
2026-07-08T09:05:59.950698+02:00;standby;23.5;52.6;5.0;28.0;59.4;57.0;0;0;0;0;16369.23;11280.08;5089.16;32430.303
2026-07-08T09:07:00.435484+02:00;standby;23.5;52.4;5.0;28.0;59.4;57.0;0;0;0;0;16369.23;11280.08;5089.16;32430.303
2026-07-08T09:08:00.841706+02:00;standby;23.5;52.2;5.0;28.0;59.3;57.0;0;0;0;0;16369.23;11280.08;5089.16;32430.303
2026-07-08T09:09:01.769529+02:00;standby;23.5;52.1;5.0;28.0;59.3;57.0;0;0;0;0;16369.23;11280.08;5089.16;32430.303
2026-07-08T09:10:02.190802+02:00;standby;23.5;52.0;5.0;28.0;59.3;57.0;0;0;0;0;16369.23;11280.08;5089.16;32430.303
2026-07-08T09:11:02.818312+02:00;standby;23.5;51.9;5.0;28.0;59.3;57.0;0;0;0;0;16369.23;11280.08;5089.16;32430.303
2026-07-08T09:12:03.230745+02:00;standby;23.5;51.8;5.0;28.0;59.3;57.0;0;0;0;0;16369.23;11280.08;5089.16;32430.303
2026-07-08T09:13:04.882684+02:00;standby;23.5;51.7;5.0;28.0;59.3;57.0;0;0;0;0;16369.23;11280.08;5089.16;32430.303
2026-07-08T09:14:05.338238+02:00;standby;23.5;51.6;5.0;28.0;59.3;57.0;0;0;0;0;16369.23;11280.08;5089.16;32430.303
2026-07-08T09:15:05.747853+02:00;standby;23.5;51.4;5.0;28.0;59.3;57.0;0;0;0;0;16369.23;11280.08;5089.16;32430.303
2026-07-08T09:16:06.181648+02:00;standby;23.5;51.3;5.0;28.0;59.3;57.0;0;0;0;0;16369.23;11280.08;5089.16;32430.303
2026-07-08T09:17:07.001912+02:00;standby;23.5;51.2;5.0;28.0;59.3;57.0;0;0;0;0;16369.23;11280.08;5089.16;32430.303
2026-07-08T09:18:07.477271+02:00;standby;23.5;51.1;5.0;28.0;59.3;57.0;0;0;0;0;16369.23;11280.08;5089.16;32430.303
2026-07-08T09:19:08.087753+02:00;standby;23.5;51.0;5.0;28.0;59.3;57.0;0;0;0;0;16369.23;11280.08;5089.16;32430.303
2026-07-08T09:20:08.625281+02:00;standby;23.5;50.9;5.0;28.0;59.2;57.0;0;0;0;0;16369.23;11280.08;5089.16;32430.303
2026-07-08T09:21:09.378254+02:00;standby;23.5;50.8;5.0;28.0;59.2;57.0;0;0;0;0;16369.23;11280.08;5089.16;32430.303
2026-07-08T09:22:09.806301+02:00;standby;23.5;50.7;5.0;28.0;59.2;57.0;0;0;0;0;16369.23;11280.08;5089.16;32430.303
2026-07-08T09:23:10.494092+02:00;standby;23.5;50.6;5.0;28.0;59.2;57.0;0;0;0;0;16369.23;11280.08;5089.16;32430.303
2026-07-08T09:24:11.715908+02:00;standby;23.5;50.4;5.0;28.0;59.2;57.0;0;0;0;0;16369.23;11280.08;5089.16;32430.303
2026-07-08T09:25:12.244251+02:00;standby;23.5;50.3;5.0;28.0;59.2;57.0;0;0;0;0;16369.23;11280.08;5089.16;32430.303
2026-07-08T09:26:12.962306+02:00;standby;23.5;50.1;5.0;28.0;59.2;57.0;0;0;0;0;16369.23;11280.08;5089.16;32430.303
2026-07-08T09:27:13.376919+02:00;standby;23.5;50.0;5.0;28.0;59.2;57.0;0;0;0;0;16369.23;11280.08;5089.16;32430.303
2026-07-08T09:28:14.211468+02:00;standby;23.5;50.0;5.0;28.0;59.2;57.0;0;0;0;0;16369.23;11280.08;5089.16;32430.303
2026-07-08T09:29:14.721163+02:00;standby;23.5;49.9;5.0;28.0;59.2;57.0;0;0;0;0;16369.23;11280.08;5089.16;32430.303
2026-07-08T09:30:15.147851+02:00;standby;23.5;49.8;5.0;28.0;59.2;57.0;0;0;0;0;16369.23;11280.08;5089.16;32430.303
2026-07-08T09:31:16.490904+02:00;standby;23.5;49.7;5.0;28.0;59.2;57.0;0;0;0;0;16369.23;11280.08;5089.16;32430.303
2026-07-08T09:32:16.958437+02:00;standby;23.5;49.5;5.0;28.0;59.2;57.0;0;0;0;0;16369.23;11280.08;5089.16;32430.303
2026-07-08T09:33:17.352299+02:00;standby;23.5;49.4;5.0;28.0;59.2;57.0;0;0;0;0;16369.23;11280.08;5089.16;32430.303
2026-07-08T09:34:18.077741+02:00;standby;23.5;49.3;5.0;28.0;59.2;57.0;0;0;0;0;16369.23;11280.08;5089.16;32430.303
2026-07-08T09:35:18.492499+02:00;standby;23.5;49.2;5.0;28.0;59.1;57.0;0;0;0;0;16369.23;11280.08;5089.16;32430.303
2026-07-08T09:36:18.878558+02:00;standby;23.5;49.1;5.0;28.0;59.1;57.0;0;0;0;0;16369.23;11280.08;5089.16;32430.303
2026-07-08T09:37:19.281475+02:00;standby;23.5;49.0;5.0;28.0;59.1;57.0;0;0;0;0;16369.23;11280.08;5089.16;32430.303
2026-07-08T09:38:20.688607+02:00;standby;23.5;48.9;5.0;28.0;59.1;57.0;0;0;0;0;16369.23;11280.08;5089.16;32430.303
2026-07-08T09:39:21.414600+02:00;standby;23.5;48.7;5.0;28.0;59.1;57.0;0;0;0;0;16369.23;11280.08;5089.16;32430.303
2026-07-08T09:40:21.871509+02:00;standby;23.5;48.6;5.0;28.0;59.1;57.0;0;0;0;0;16369.23;11280.08;5089.16;32430.303
2026-07-08T09:41:22.321871+02:00;standby;23.5;48.5;5.0;28.0;59.1;57.0;0;0;0;0;16369.23;11280.08;5089.16;32430.303
2026-07-08T09:42:22.804524+02:00;standby;23.5;48.4;5.0;28.0;59.1;57.0;0;0;0;0;16369.23;11280.08;5089.16;32430.303
2026-07-08T09:43:23.276173+02:00;standby;23.5;48.4;5.0;28.0;59.1;57.0;0;0;0;0;16369.23;11280.08;5089.16;32430.303
2026-07-08T09:44:23.689254+02:00;standby;23.5;48.3;5.0;28.0;59.1;57.0;0;0;0;0;16369.23;11280.08;5089.16;32430.303
2026-07-08T09:45:24.468091+02:00;standby;23.5;48.2;5.0;28.0;59.1;57.0;0;0;0;0;16369.23;11280.08;5089.16;32430.303
2026-07-08T09:46:25.084973+02:00;standby;23.5;48.1;5.0;28.0;59.1;57.0;0;0;0;0;16369.23;11280.08;5089.16;32430.303
2026-07-08T09:47:25.813209+02:00;standby;23.5;48.0;5.0;28.0;59.1;57.0;0;0;0;0;16369.23;11280.08;5089.16;32430.303
2026-07-08T09:48:26.227947+02:00;standby;23.5;47.8;5.0;28.0;59.1;57.0;0;0;0;0;16369.23;11280.08;5089.16;32430.303
2026-07-08T09:49:26.843195+02:00;standby;23.5;47.7;5.0;28.0;58.9;57.0;0;0;0;0;16369.23;11280.08;5089.16;32430.303
2026-07-08T09:50:27.327544+02:00;standby;23.5;47.6;5.0;28.0;58.9;57.0;0;0;0;0;16369.23;11280.08;5089.16;32430.303
2026-07-08T09:51:27.867056+02:00;standby;23.5;47.5;5.0;28.0;58.9;57.0;0;0;0;0;16369.23;11280.08;5089.16;32430.303
2026-07-08T09:52:28.812813+02:00;standby;23.5;47.5;5.0;28.0;58.9;57.0;0;0;0;0;16369.23;11280.08;5089.16;32430.303
2026-07-08T09:53:29.453076+02:00;standby;25.8;47.4;5.0;28.0;58.9;57.0;0;0;0;0;16369.23;11280.08;5089.16;32430.303
2026-07-08T09:54:29.954712+02:00;standby;25.8;47.3;5.0;28.0;58.9;57.0;0;0;0;0;16369.23;11280.08;5089.16;32430.303
2026-07-08T09:55:30.583805+02:00;standby;25.8;47.2;5.0;28.0;58.9;57.0;0;0;0;0;16369.23;11280.08;5089.16;32430.303
2026-07-08T09:56:32.222167+02:00;standby;25.8;47.0;5.0;28.0;58.9;57.0;0;0;0;0;16369.23;11280.08;5089.16;32430.303
2026-07-08T09:57:32.689354+02:00;standby;25.8;46.9;5.0;28.0;58.9;57.0;0;0;0;0;16369.23;11280.08;5089.16;32430.303
2026-07-08T09:58:34.236922+02:00;standby;25.8;46.9;5.0;28.0;58.9;57.0;0;0;0;0;16369.23;11280.08;5089.16;32430.303
2026-07-08T09:59:34.684463+02:00;standby;25.8;46.8;5.0;28.0;58.9;57.0;0;0;0;0;16369.23;11280.08;5089.16;32430.303
2026-07-08T10:00:35.203286+02:00;standby;25.8;46.7;5.0;28.0;58.9;57.0;0;0;0;0;16369.23;11280.08;5089.16;32430.303
2026-07-08T10:01:35.648821+02:00;standby;25.8;46.6;5.0;28.0;58.9;57.0;0;0;0;0;16369.23;11280.08;5089.16;32430.303
2026-07-08T10:02:36.059923+02:00;standby;25.8;46.5;5.0;28.0;58.8;57.0;0;0;0;0;16369.23;11280.08;5089.16;32430.303
2026-07-08T10:03:36.630468+02:00;standby;25.8;46.4;5.0;28.0;58.8;57.0;0;0;0;0;16369.23;11280.08;5089.16;32430.303
2026-07-08T10:04:37.100211+02:00;standby;25.8;46.4;5.0;28.0;58.8;57.0;0;0;0;0;16369.23;11280.08;5089.16;32430.303
2026-07-08T10:05:37.747505+02:00;standby;25.8;46.2;5.0;28.0;58.8;57.0;0;0;0;0;16369.23;11280.08;5089.16;32430.303
2026-07-08T10:06:38.377862+02:00;standby;25.8;46.1;5.0;28.0;58.8;57.0;0;0;0;0;16369.23;11280.08;5089.16;32430.303
2026-07-08T10:07:38.857081+02:00;standby;25.8;46.0;5.0;28.0;58.8;57.0;0;0;0;0;16369.23;11280.08;5089.16;32430.303
2026-07-08T10:08:39.444134+02:00;standby;25.8;46.0;5.0;28.0;58.8;57.0;0;0;0;0;16369.23;11280.08;5089.16;32430.303
2026-07-08T10:09:39.951925+02:00;standby;25.8;45.9;5.0;28.0;58.8;57.0;0;0;0;0;16369.23;11280.08;5089.16;32430.303
2026-07-08T10:10:40.560628+02:00;standby;25.8;45.8;5.0;28.0;58.8;57.0;0;0;0;0;16369.23;11280.08;5089.16;32430.303
2026-07-08T10:11:41.069109+02:00;standby;25.8;45.7;5.0;28.0;58.8;57.0;0;0;0;0;16369.23;11280.08;5089.16;32430.303
2026-07-08T10:12:41.570889+02:00;standby;25.8;45.6;5.0;28.0;58.8;57.0;0;0;0;0;16369.23;11280.08;5089.16;32430.303
2026-07-08T10:13:42.630215+02:00;standby;25.8;45.6;5.0;28.0;58.8;57.0;0;0;0;0;16369.23;11280.08;5089.16;32430.303
2026-07-08T10:14:43.111979+02:00;standby;25.8;45.5;5.0;28.0;58.7;57.0;0;0;0;0;16369.23;11280.08;5089.16;32430.303
2026-07-08T10:15:43.936143+02:00;standby;25.8;45.3;5.0;28.0;58.7;57.0;0;0;0;0;16369.23;11280.08;5089.16;32430.303
2026-07-08T10:16:46.743373+02:00;standby;25.8;45.3;5.0;28.0;58.7;57.0;0;0;0;0;16369.23;11280.08;5089.16;32430.303
2026-07-08T10:17:47.645233+02:00;standby;25.8;45.2;5.0;28.0;58.7;57.0;0;0;0;0;16369.23;11280.08;5089.16;32430.303
2026-07-08T10:18:48.192999+02:00;standby;25.8;45.1;5.0;28.0;58.7;57.0;0;0;0;0;16369.23;11280.08;5089.16;32430.303
2026-07-08T10:19:48.721580+02:00;standby;25.8;45.0;5.0;28.0;58.7;57.0;0;0;0;0;16369.23;11280.08;5089.16;32430.303
2026-07-08T10:20:49.634996+02:00;standby;25.8;45.0;5.0;28.0;58.7;57.0;0;0;0;0;16369.23;11280.08;5089.16;32430.303
2026-07-08T10:21:51.711044+02:00;standby;25.8;44.9;5.0;28.0;58.7;57.0;0;0;0;0;16369.23;11280.08;5089.16;32430.303
2026-07-08T10:22:52.178517+02:00;standby;25.8;44.8;5.0;28.0;58.7;57.0;0;0;0;0;16369.23;11280.08;5089.16;32430.303
2026-07-08T10:23:52.700805+02:00;standby;25.8;44.7;5.0;28.0;58.7;57.0;0;0;0;0;16369.23;11280.08;5089.16;32430.303
2026-07-08T10:24:53.114093+02:00;standby;25.8;44.7;5.0;28.0;58.7;57.0;0;0;0;0;16369.23;11280.08;5089.16;32430.303
2026-07-08T10:25:53.635052+02:00;standby;25.8;44.5;5.0;28.0;58.7;57.0;0;0;0;0;16369.23;11280.08;5089.16;32430.303
2026-07-08T10:26:54.102014+02:00;standby;25.8;44.4;5.0;28.0;58.7;57.0;0;0;0;0;16369.23;11280.08;5089.16;32430.303
2026-07-08T10:27:54.533992+02:00;standby;25.8;44.4;5.0;28.0;58.6;57.0;0;0;0;0;16369.23;11280.08;5089.16;32430.303
2026-07-08T10:28:55.172783+02:00;standby;25.8;44.3;5.0;28.0;58.6;57.0;0;0;0;0;16369.23;11280.08;5089.16;32430.303
2026-07-08T10:29:55.656901+02:00;standby;25.8;44.2;5.0;28.0;58.6;57.0;0;0;0;0;16369.23;11280.08;5089.16;32430.303
2026-07-08T10:30:56.358521+02:00;standby;25.8;44.2;5.0;28.0;58.6;57.0;0;0;0;0;16369.23;11280.08;5089.16;32430.303
2026-07-08T10:31:56.939833+02:00;standby;25.8;44.1;5.0;28.0;58.6;57.0;0;0;0;0;16369.23;11280.08;5089.16;32430.303
2026-07-08T10:32:57.611880+02:00;standby;25.8;44.0;5.0;28.0;58.6;57.0;0;0;0;0;16369.23;11280.08;5089.16;32430.303
2026-07-08T10:33:58.222439+02:00;standby;25.8;44.0;5.0;28.0;58.6;57.0;0;0;0;0;16369.23;11280.08;5089.16;32430.303
2026-07-08T10:34:59.282118+02:00;standby;25.8;43.9;5.0;28.0;58.6;57.0;0;0;0;0;16369.23;11280.08;5089.16;32430.303
2026-07-08T10:35:59.937490+02:00;standby;25.8;43.7;5.0;28.0;58.6;57.0;0;0;0;0;16369.23;11280.08;5089.16;32430.303
2026-07-08T10:37:00.529802+02:00;standby;25.8;43.7;5.0;28.0;58.6;57.0;0;0;0;0;16369.23;11280.08;5089.16;32430.303
2026-07-08T10:38:01.405636+02:00;standby;25.8;43.6;5.0;28.0;58.6;57.0;0;0;0;0;16369.23;11280.08;5089.16;32430.303
2026-07-08T10:39:01.865298+02:00;standby;25.8;43.5;5.0;28.0;58.6;57.0;0;0;0;0;16369.23;11280.08;5089.16;32430.303
2026-07-08T10:40:02.312947+02:00;standby;25.8;43.5;5.0;28.0;58.5;57.0;0;0;0;0;16369.23;11280.08;5089.16;32430.303
2026-07-08T10:41:02.757829+02:00;standby;25.8;43.4;5.0;28.0;58.5;57.0;0;0;0;0;16369.23;11280.08;5089.16;32430.303
2026-07-08T10:42:03.274144+02:00;standby;25.8;43.4;5.0;28.0;58.5;57.0;0;0;0;0;16369.23;11280.08;5089.16;32430.303
2026-07-08T10:43:04.006258+02:00;standby;25.8;43.3;5.0;28.0;58.5;57.0;0;0;0;0;16369.23;11280.08;5089.16;32430.303
2026-07-08T10:44:04.524653+02:00;standby;25.8;43.2;5.0;28.0;58.5;57.0;0;0;0;0;16369.23;11280.08;5089.16;32430.303
2026-07-08T10:45:05.176937+02:00;standby;25.8;43.1;5.0;28.0;58.5;57.0;0;0;0;0;16369.23;11280.08;5089.16;32430.303
2026-07-08T10:46:05.816235+02:00;standby;25.8;43.1;5.0;28.0;58.5;57.0;0;0;0;0;16369.23;11280.08;5089.16;32430.303
2026-07-08T10:47:06.258387+02:00;standby;25.8;43.0;5.0;28.0;58.5;57.0;0;0;0;0;16369.23;11280.08;5089.16;32430.303
2026-07-08T10:48:06.701143+02:00;standby;25.8;43.0;5.0;28.0;58.5;57.0;0;0;0;0;16369.23;11280.08;5089.16;32430.303
2026-07-08T10:49:07.352162+02:00;standby;25.8;42.8;5.0;28.0;58.5;57.0;0;0;0;0;16369.23;11280.08;5089.16;32430.303
2026-07-08T10:50:08.223022+02:00;standby;25.8;42.7;5.0;28.0;58.5;57.0;0;0;0;0;16369.23;11280.08;5089.16;32430.303
2026-07-08T10:51:08.703072+02:00;standby;25.8;42.7;5.0;28.0;58.5;57.0;0;0;0;0;16369.23;11280.08;5089.16;32430.303
2026-07-08T10:52:09.310854+02:00;standby;25.8;42.6;5.0;28.0;58.5;57.0;0;0;0;0;16369.23;11280.08;5089.16;32430.303
2026-07-08T10:53:10.012655+02:00;standby;25.8;42.6;5.0;28.0;58.4;57.0;0;0;0;0;16369.23;11280.08;5089.16;32430.303
2026-07-08T10:54:10.865533+02:00;standby;26.3;42.5;5.0;28.0;58.4;57.0;0;0;0;0;16369.23;11280.08;5089.16;32430.303
2026-07-08T10:55:11.330266+02:00;standby;26.3;42.4;5.0;28.0;58.4;57.0;0;0;0;0;16369.23;11280.08;5089.16;32430.303
2026-07-08T10:56:12.648303+02:00;standby;26.3;42.4;5.0;28.0;58.4;57.0;0;0;0;0;16369.23;11280.08;5089.16;32430.303
2026-07-08T10:57:13.147845+02:00;standby;26.3;42.3;5.0;28.0;58.4;57.0;0;0;0;0;16369.23;11280.08;5089.16;32430.303
2026-07-08T10:58:13.587612+02:00;standby;26.3;42.3;5.0;28.0;58.4;57.0;0;0;0;0;16369.23;11280.08;5089.16;32430.303
2026-07-08T10:59:14.109412+02:00;standby;26.3;42.2;5.0;28.0;58.4;57.0;0;0;0;0;16369.23;11280.08;5089.16;32430.303
2026-07-08T11:00:14.600630+02:00;standby;26.3;42.2;5.0;28.0;58.4;57.0;0;0;0;0;16369.23;11280.08;5089.16;32430.303
2026-07-08T11:01:15.066629+02:00;standby;26.3;42.0;5.0;28.0;58.4;57.0;0;0;0;0;16369.23;11280.08;5089.16;32430.303
2026-07-08T11:02:15.641739+02:00;standby;26.3;41.9;5.0;28.0;58.4;57.0;0;0;0;0;16369.23;11280.08;5089.16;32430.303
2026-07-08T11:03:16.684249+02:00;standby;26.3;41.9;5.0;28.0;58.4;57.0;0;0;0;0;16369.23;11280.08;5089.16;32430.303
2026-07-08T11:04:17.187364+02:00;standby;26.3;41.8;5.0;28.0;58.4;57.0;0;0;0;0;16369.23;11280.08;5089.16;32430.303
2026-07-08T11:05:17.730237+02:00;standby;26.3;41.8;5.0;28.0;58.4;57.0;0;0;0;0;16369.23;11280.08;5089.16;32430.303
2026-07-08T11:06:18.231200+02:00;standby;26.3;41.7;5.0;28.0;58.3;57.0;0;0;0;0;16369.23;11280.08;5089.16;32430.303
2026-07-08T11:07:19.306328+02:00;standby;26.3;41.7;5.0;28.0;58.3;57.0;0;0;0;0;16369.23;11280.08;5089.16;32430.303
2026-07-08T11:08:19.993186+02:00;standby;26.3;41.6;5.0;28.0;58.3;57.0;0;0;0;0;16369.23;11280.08;5089.16;32430.303
2026-07-08T11:09:20.814265+02:00;standby;26.3;41.5;5.0;28.0;58.3;57.0;0;0;0;0;16369.23;11280.08;5089.16;32430.303
2026-07-08T11:10:21.814313+02:00;standby;26.3;41.5;5.0;28.0;58.3;57.0;0;0;0;0;16369.23;11280.08;5089.16;32430.303
2026-07-08T11:11:22.373627+02:00;standby;26.3;41.5;5.0;28.0;58.3;57.0;0;0;0;0;16369.23;11280.08;5089.16;32430.303
2026-07-08T11:12:22.927153+02:00;standby;26.3;41.4;5.0;28.0;58.3;57.0;0;0;0;0;16369.23;11280.08;5089.16;32430.303
2026-07-08T11:13:23.340382+02:00;standby;26.3;41.2;5.0;28.0;58.3;57.0;0;0;0;0;16369.23;11280.08;5089.16;32430.303
2026-07-08T11:14:24.339147+02:00;standby;26.3;41.2;5.0;28.0;58.3;57.0;0;0;0;0;16369.23;11280.08;5089.16;32430.303
2026-07-08T11:15:24.951653+02:00;standby;26.3;41.1;5.0;28.0;58.3;57.0;0;0;0;0;16369.23;11280.08;5089.16;32430.303
2026-07-08T11:16:25.413839+02:00;standby;26.3;41.1;5.0;28.0;58.3;57.0;0;0;0;0;16369.23;11280.08;5089.16;32430.303
2026-07-08T11:17:25.843746+02:00;standby;26.3;41.0;5.0;28.0;58.3;57.0;0;0;0;0;16369.23;11280.08;5089.16;32430.303
2026-07-08T11:18:26.425047+02:00;standby;26.3;41.0;5.0;28.0;58.2;57.0;0;0;0;0;16369.23;11280.08;5089.16;32430.303
2026-07-08T11:19:27.024427+02:00;standby;26.3;40.9;5.0;28.0;58.2;57.0;0;0;0;0;16369.23;11280.08;5089.16;32430.303
2026-07-08T11:20:27.495061+02:00;standby;26.3;40.9;5.0;28.0;58.2;57.0;0;0;0;0;16369.23;11280.08;5089.16;32430.303
2026-07-08T11:21:28.222879+02:00;standby;26.3;40.8;5.0;28.0;58.2;57.0;0;0;0;0;16369.23;11280.08;5089.16;32430.303
2026-07-08T11:22:29.049390+02:00;standby;26.3;40.8;5.0;28.0;58.2;57.0;0;0;0;0;16369.23;11280.08;5089.16;32430.303
2026-07-08T11:23:29.514994+02:00;standby;26.3;40.7;5.0;28.0;58.2;57.0;0;0;0;0;16369.23;11280.08;5089.16;32430.303
2026-07-08T11:24:30.297160+02:00;standby;26.3;40.7;5.0;28.0;58.2;57.0;0;0;0;0;16369.23;11280.08;5089.16;32430.303
2026-07-08T11:25:30.818619+02:00;standby;26.3;40.6;5.0;28.0;58.2;57.0;0;0;0;0;16369.23;11280.08;5089.16;32430.303
2026-07-08T11:26:32.198703+02:00;standby;26.3;40.6;5.0;28.0;58.2;57.0;0;0;0;0;16369.23;11280.08;5089.16;32430.303
2026-07-08T11:27:32.762657+02:00;standby;26.3;40.5;5.0;28.0;58.2;57.0;0;0;0;0;16369.23;11280.08;5089.16;32430.303
2026-07-08T11:28:33.242563+02:00;standby;26.3;40.5;5.0;28.0;58.2;57.0;0;0;0;0;16369.23;11280.08;5089.16;32430.303
2026-07-08T11:29:33.767303+02:00;standby;26.3;40.3;5.0;28.0;58.2;57.0;0;0;0;0;16369.23;11280.08;5089.16;32430.303
2026-07-08T11:30:34.331048+02:00;standby;26.3;40.3;5.0;28.0;58.2;57.0;0;0;0;0;16369.23;11280.08;5089.16;32430.303
2026-07-08T11:31:34.889618+02:00;standby;26.3;40.2;5.0;28.0;58.1;57.0;0;0;0;0;16369.23;11280.08;5089.16;32430.303
2026-07-08T11:32:35.434761+02:00;standby;26.3;40.2;5.0;28.0;58.1;57.0;0;0;0;0;16369.23;11280.08;5089.16;32430.303
2026-07-08T11:33:36.088921+02:00;standby;26.3;40.1;5.0;28.0;58.1;57.0;0;0;0;0;16369.23;11280.08;5089.16;32430.303
2026-07-08T11:34:36.712339+02:00;standby;26.3;40.1;5.0;28.0;58.1;57.0;0;0;0;0;16369.23;11280.08;5089.16;32430.303
2026-07-08T11:35:39.484107+02:00;standby;26.3;40.0;5.0;28.0;58.1;57.0;0;0;0;0;16369.23;11280.08;5089.16;32430.303
2026-07-08T11:36:40.202283+02:00;standby;26.3;40.0;5.0;28.0;58.1;57.0;0;0;0;0;16369.23;11280.08;5089.16;32430.303
2026-07-08T11:37:41.030343+02:00;standby;26.3;40.0;5.0;28.0;58.1;57.0;0;0;0;0;16369.23;11280.08;5089.16;32430.303
2026-07-08T11:38:41.531035+02:00;standby;26.3;39.9;5.0;28.0;58.1;57.0;0;0;0;0;16369.23;11280.08;5089.16;32430.303
2026-07-08T11:39:42.631303+02:00;standby;26.3;39.9;5.0;28.0;58.1;57.0;0;0;0;0;16369.23;11280.08;5089.16;32430.303
2026-07-08T11:40:43.270193+02:00;standby;26.3;39.8;5.0;28.0;58.1;57.0;0;0;0;0;16369.23;11280.08;5089.16;32430.303
2026-07-08T11:41:43.925926+02:00;standby;26.3;39.8;5.0;28.0;58.1;57.0;0;0;0;0;16369.23;11280.08;5089.16;32430.303
2026-07-08T11:42:44.359836+02:00;standby;26.3;39.6;5.0;28.0;58.1;57.0;0;0;0;0;16369.23;11280.08;5089.16;32430.303
2026-07-08T11:43:44.814952+02:00;standby;26.3;39.5;5.0;28.0;58.1;57.0;0;0;0;0;16369.23;11280.08;5089.16;32430.303
2026-07-08T11:44:45.757637+02:00;standby;26.3;39.5;5.0;28.0;58.0;57.0;0;0;0;0;16369.23;11280.08;5089.16;32430.303
2026-07-08T11:45:46.296504+02:00;standby;26.3;39.5;5.0;28.0;58.0;57.0;0;0;0;0;16369.23;11280.08;5089.16;32430.303
2026-07-08T11:46:46.779212+02:00;standby;26.3;39.4;5.0;28.0;58.0;57.0;0;0;0;0;16369.23;11280.08;5089.16;32430.303
2026-07-08T11:47:47.567509+02:00;standby;26.3;39.4;5.0;28.0;58.0;57.0;0;0;0;0;16369.23;11280.08;5089.16;32430.303
2026-07-08T11:48:48.350780+02:00;standby;26.3;39.4;5.0;28.0;58.0;57.0;0;0;0;0;16369.23;11280.08;5089.16;32430.303
2026-07-08T11:49:48.962869+02:00;standby;26.3;39.3;5.0;28.0;58.0;57.0;0;0;0;0;16369.23;11280.08;5089.16;32430.303
2026-07-08T11:50:49.495969+02:00;standby;26.3;39.3;5.0;28.0;58.0;57.0;0;0;0;0;16369.23;11280.08;5089.16;32430.303
2026-07-08T11:51:50.431234+02:00;standby;26.3;39.1;5.0;28.0;58.0;57.0;0;0;0;0;16369.23;11280.08;5089.16;32430.303
2026-07-08T11:52:50.990822+02:00;standby;26.3;39.1;5.0;28.0;57.9;57.0;0;0;0;0;16369.23;11280.08;5089.16;32430.303
2026-07-08T11:53:51.491017+02:00;standby;26.3;39.0;5.0;28.0;58.0;57.0;0;0;0;0;16369.23;11280.08;5089.16;32430.303
2026-07-08T11:54:51.955921+02:00;standby;26.9;39.0;5.0;28.0;57.9;57.0;0;0;0;0;16369.23;11280.08;5089.16;32430.303
2026-07-08T11:55:53.046270+02:00;standby;26.9;38.9;5.0;28.0;57.9;57.0;0;0;0;0;16369.23;11280.08;5089.16;32430.303
2026-07-08T11:56:53.539908+02:00;standby;26.9;38.9;5.0;28.0;57.9;57.0;0;0;0;0;16369.23;11280.08;5089.16;32430.303
2026-07-08T11:57:54.041583+02:00;standby;26.9;38.9;5.0;28.0;57.9;57.0;0;0;0;0;16369.23;11280.08;5089.16;32430.303
2026-07-08T11:58:54.576748+02:00;standby;26.9;38.8;5.0;28.0;57.9;57.0;0;0;0;0;16369.23;11280.08;5089.16;32430.303
2026-07-08T11:59:55.093382+02:00;standby;26.9;38.8;5.0;28.0;57.9;57.0;0;0;0;0;16369.23;11280.08;5089.16;32430.303
2026-07-08T12:00:55.616971+02:00;standby;26.9;38.8;5.0;28.0;57.9;57.0;0;0;0;0;16369.23;11280.08;5089.16;32430.303
2026-07-08T12:01:56.267001+02:00;standby;26.9;38.6;5.0;28.0;57.9;57.0;0;0;0;0;16369.23;11280.08;5089.16;32430.303
2026-07-08T12:02:57.344088+02:00;standby;26.9;38.6;5.0;28.0;57.9;57.0;0;0;0;0;16369.23;11280.08;5089.16;32430.303
2026-07-08T12:03:57.769518+02:00;standby;26.9;38.5;5.0;28.0;57.8;57.0;0;0;0;0;16369.23;11280.08;5089.16;32430.303
2026-07-08T12:04:58.227358+02:00;standby;26.9;38.5;5.0;28.0;57.8;57.0;0;0;0;0;16369.23;11280.08;5089.16;32430.303
2026-07-08T12:05:59.255100+02:00;standby;26.9;38.4;5.0;28.0;57.8;57.0;0;0;0;0;16369.23;11280.08;5089.16;32430.303
2026-07-08T12:06:59.735584+02:00;standby;26.9;38.4;5.0;28.0;57.8;57.0;0;0;0;0;16369.23;11280.08;5089.16;32430.303
2026-07-08T12:08:00.147156+02:00;standby;26.9;38.4;5.0;28.0;57.8;57.0;0;0;0;0;16369.23;11280.08;5089.16;32430.303
2026-07-08T12:09:00.836715+02:00;standby;26.9;38.3;5.0;28.0;57.8;57.0;0;0;0;0;16369.23;11280.08;5089.16;32430.303
2026-07-08T12:10:01.294862+02:00;standby;26.9;38.3;5.0;28.0;57.8;57.0;0;0;0;0;16369.23;11280.08;5089.16;32430.303
2026-07-08T12:11:01.875163+02:00;standby;26.9;38.1;5.0;28.0;57.8;57.0;0;0;0;0;16369.23;11280.08;5089.16;32430.303
2026-07-08T12:12:02.641028+02:00;standby;26.9;38.1;5.0;28.0;57.8;57.0;0;0;0;0;16369.23;11280.08;5089.16;32430.303
2026-07-08T12:13:04.030651+02:00;standby;26.9;38.1;5.0;28.0;57.8;57.0;0;0;0;0;16369.23;11280.08;5089.16;32430.303
2026-07-08T12:14:04.610250+02:00;standby;26.9;38.0;5.0;28.0;57.8;57.0;0;0;0;0;16369.23;11280.08;5089.16;32430.303
2026-07-08T12:15:05.133705+02:00;standby;26.9;38.0;5.0;28.0;57.8;57.0;0;0;0;0;16369.23;11280.08;5089.16;32430.303
2026-07-08T12:16:05.658648+02:00;standby;26.9;38.0;5.0;28.0;57.7;57.0;0;0;0;0;16369.23;11280.08;5089.16;32430.303
2026-07-08T12:17:06.530253+02:00;standby;26.9;37.9;5.0;28.0;57.7;57.0;0;0;0;0;16369.23;11280.08;5089.16;32430.303
2026-07-08T12:18:07.191092+02:00;standby;26.9;37.9;5.0;28.0;57.7;57.0;0;0;0;0;16369.23;11280.08;5089.16;32430.303
2026-07-08T12:19:07.920000+02:00;standby;26.9;37.8;5.0;28.0;57.7;57.0;0;0;0;0;16369.23;11280.08;5089.16;32430.303
2026-07-08T12:20:08.382099+02:00;standby;26.9;37.8;5.0;28.0;57.7;57.0;0;0;0;0;16369.23;11280.08;5089.16;32430.303
2026-07-08T12:21:08.963943+02:00;standby;26.9;37.8;5.0;28.0;57.7;57.0;0;0;0;0;16369.23;11280.08;5089.16;32430.303
2026-07-08T12:22:09.492076+02:00;standby;26.9;37.7;5.0;28.0;57.7;57.0;0;0;0;0;16369.23;11280.08;5089.16;32430.303
2026-07-08T12:23:10.398415+02:00;standby;26.9;37.7;5.0;28.0;57.7;57.0;0;0;0;0;16369.23;11280.08;5089.16;32430.303
2026-07-08T12:24:11.323217+02:00;standby;26.9;37.7;5.0;28.0;57.6;57.0;0;0;0;0;16369.23;11280.08;5089.16;32430.303
2026-07-08T12:25:11.845562+02:00;standby;26.9;37.5;5.0;28.0;57.6;57.0;0;0;0;0;16369.23;11280.08;5089.16;32430.303
2026-07-08T12:26:12.273895+02:00;standby;26.9;37.5;5.0;28.0;57.6;57.0;0;0;0;0;16369.23;11280.08;5089.16;32430.303
2026-07-08T12:27:12.746717+02:00;standby;26.9;37.5;5.0;28.0;57.6;57.0;0;0;0;0;16369.23;11280.08;5089.16;32430.303
2026-07-08T12:28:13.352279+02:00;standby;26.9;37.4;5.0;28.0;57.6;57.0;0;0;0;0;16369.23;11280.08;5089.16;32430.303
2026-07-08T12:29:13.884444+02:00;standby;26.9;37.4;5.0;28.0;57.6;57.0;0;0;0;0;16369.23;11280.08;5089.16;32430.303
2026-07-08T12:30:14.467192+02:00;standby;26.9;37.3;5.0;28.0;57.6;57.0;0;0;0;0;16369.23;11280.08;5089.16;32430.303
2026-07-08T12:31:15.173457+02:00;standby;26.9;37.3;5.0;28.0;57.6;57.0;0;0;0;0;16369.23;11280.08;5089.16;32430.303
2026-07-08T12:32:15.695310+02:00;standby;26.9;37.3;5.0;28.0;57.5;57.0;0;0;0;0;16369.23;11280.08;5089.16;32430.303
2026-07-08T12:33:16.201392+02:00;standby;26.9;37.3;5.0;28.0;57.5;57.0;0;0;0;0;16369.23;11280.08;5089.16;32430.303
2026-07-08T12:34:16.631152+02:00;standby;26.9;37.2;5.0;28.0;57.5;57.0;0;0;0;0;16369.23;11280.08;5089.16;32430.303
2026-07-08T12:35:17.496202+02:00;standby;26.9;37.2;5.0;28.0;57.4;57.0;0;0;0;0;16369.23;11280.08;5089.16;32430.303
2026-07-08T12:36:18.337292+02:00;standby;26.9;37.0;5.0;28.0;57.4;57.0;0;0;0;0;16369.23;11280.08;5089.16;32430.303
2026-07-08T12:37:18.802853+02:00;standby;26.9;37.0;5.0;28.0;57.4;57.0;0;0;0;0;16369.23;11280.08;5089.16;32430.303
2026-07-08T12:38:19.221257+02:00;standby;26.9;37.0;5.0;28.0;57.4;57.0;0;0;0;0;16369.23;11280.08;5089.16;32430.303
2026-07-08T12:39:19.640147+02:00;standby;26.9;36.9;5.0;28.0;57.4;57.0;0;0;0;0;16369.23;11280.08;5089.16;32430.303
2026-07-08T12:40:20.208055+02:00;standby;26.9;36.9;5.0;28.0;57.4;57.0;0;0;0;0;16369.23;11280.08;5089.16;32430.303
2026-07-08T12:41:20.929120+02:00;standby;26.9;36.9;5.0;28.0;57.4;57.0;0;0;0;0;16369.23;11280.08;5089.16;32430.303
2026-07-08T12:42:22.046658+02:00;standby;26.9;36.9;5.0;28.0;57.4;57.0;0;0;0;0;16369.23;11280.08;5089.16;32430.303
2026-07-08T12:43:22.528374+02:00;standby;26.9;36.8;5.0;28.0;57.3;57.0;0;0;0;0;16369.23;11280.08;5089.16;32430.303
2026-07-08T12:44:23.053069+02:00;standby;26.9;36.8;5.0;28.0;57.3;57.0;0;0;0;0;16369.23;11280.08;5089.16;32430.303
2026-07-08T12:45:23.569268+02:00;standby;26.9;36.7;5.0;28.0;57.3;57.0;0;0;0;0;16369.23;11280.08;5089.16;32430.303
2026-07-08T12:46:24.148426+02:00;standby;26.9;36.7;5.0;28.0;57.3;57.0;0;0;0;0;16369.23;11280.08;5089.16;32430.303
2026-07-08T12:47:24.774368+02:00;standby;26.9;36.7;5.0;28.0;57.3;57.0;0;0;0;0;16369.23;11280.08;5089.16;32430.303
2026-07-08T12:48:25.477520+02:00;standby;26.9;36.5;5.0;28.0;57.3;57.0;0;0;0;0;16369.23;11280.08;5089.16;32430.303
2026-07-08T12:49:26.733001+02:00;standby;26.9;36.5;5.0;28.0;57.3;57.0;0;0;0;0;16369.23;11280.08;5089.16;32430.303
2026-07-08T12:50:27.393884+02:00;standby;26.9;36.5;5.0;28.0;57.3;57.0;0;0;0;0;16369.23;11280.08;5089.16;32430.303
2026-07-08T12:51:27.913531+02:00;standby;26.9;36.4;5.0;28.0;57.3;57.0;0;0;0;0;16369.23;11280.08;5089.16;32430.303
2026-07-08T12:52:28.330162+02:00;standby;26.9;36.4;5.0;28.0;57.3;57.0;0;0;0;0;16369.23;11280.08;5089.16;32430.303
2026-07-08T12:53:28.752551+02:00;standby;26.9;36.4;5.0;28.0;57.3;57.0;0;0;0;0;16369.23;11280.08;5089.16;32430.303
2026-07-08T12:54:29.774562+02:00;standby;26.9;36.4;5.0;28.0;57.2;57.0;0;0;0;0;16369.23;11280.08;5089.16;32430.303
2026-07-08T12:55:30.459615+02:00;standby;26.7;36.3;5.0;28.0;57.2;57.0;0;0;0;0;16369.23;11280.08;5089.16;32430.303
2026-07-08T12:56:30.977918+02:00;standby;26.7;36.3;5.0;28.0;57.2;57.0;0;0;0;0;16369.23;11280.08;5089.16;32430.303
2026-07-08T12:57:31.432173+02:00;standby;26.7;36.3;5.0;28.0;57.2;57.0;0;0;0;0;16369.23;11280.08;5089.16;32430.303
2026-07-08T12:58:31.847532+02:00;standby;26.7;36.3;5.0;28.0;57.2;57.0;0;0;0;0;16369.23;11280.08;5089.16;32430.303
2026-07-08T12:59:32.508986+02:00;standby;26.7;36.2;5.0;28.0;57.2;57.0;0;0;0;0;16369.23;11280.08;5089.16;32430.303
2026-07-08T13:00:33.254274+02:00;standby;26.7;36.2;5.0;28.0;57.2;57.0;0;0;0;0;16369.23;11280.08;5089.16;32430.303
2026-07-08T13:01:33.672712+02:00;standby;26.7;36.0;5.0;28.0;57.2;57.0;0;0;0;0;16369.23;11280.08;5089.16;32430.303
2026-07-08T13:02:34.243845+02:00;standby;26.7;36.0;5.0;28.0;57.2;57.0;0;0;0;0;16369.23;11280.08;5089.16;32430.303
2026-07-08T13:03:34.916708+02:00;standby;26.7;36.0;5.0;28.0;57.2;57.0;0;0;0;0;16369.23;11280.08;5089.16;32430.303
2026-07-08T13:04:35.794066+02:00;standby;26.7;36.0;5.0;28.0;57.2;57.0;0;0;0;0;16369.23;11280.08;5089.16;32430.303
2026-07-08T13:05:36.714924+02:00;standby;26.7;35.9;5.0;28.0;57.1;57.0;0;0;0;0;16369.23;11280.08;5089.16;32430.303
2026-07-08T13:06:37.133925+02:00;standby;26.7;35.9;5.0;28.0;57.1;57.0;0;0;0;0;16369.23;11280.08;5089.16;32430.303
2026-07-08T13:07:37.671567+02:00;standby;26.7;35.9;5.0;28.0;57.1;57.0;0;0;0;0;16369.23;11280.08;5089.16;32430.303
2026-07-08T13:08:38.323100+02:00;standby;26.7;35.8;5.0;28.0;57.1;57.0;0;0;0;0;16369.23;11280.08;5089.16;32430.303
2026-07-08T13:09:38.960488+02:00;standby;26.7;35.8;5.0;28.0;57.1;57.0;0;0;0;0;16369.23;11280.08;5089.16;32430.303
2026-07-08T13:10:39.412711+02:00;standby;26.7;35.8;5.0;28.0;57.1;57.0;0;0;0;0;16369.23;11280.08;5089.16;32430.303
2026-07-08T13:11:40.449767+02:00;standby;26.7;35.8;5.0;28.0;57.1;57.0;0;0;0;0;16369.23;11280.08;5089.16;32430.303
2026-07-08T13:12:40.909809+02:00;standby;26.7;35.7;5.0;28.0;57.1;57.0;0;0;0;0;16369.23;11280.08;5089.16;32430.303
2026-07-08T13:13:41.375131+02:00;standby;26.7;35.7;5.0;28.0;57.1;57.0;0;0;0;0;16369.23;11280.08;5089.16;32430.303
2026-07-08T13:14:41.906659+02:00;standby;26.7;35.7;5.0;28.0;57.1;57.0;0;0;0;0;16369.23;11280.08;5089.16;32430.303
2026-07-08T13:15:43.036553+02:00;standby;26.7;35.6;5.0;28.0;56.9;57.0;0;0;0;0;16369.23;11280.08;5089.16;32430.303
2026-07-08T13:16:43.547181+02:00;standby;26.7;35.6;5.0;28.0;56.9;57.0;0;0;0;0;16369.23;11280.08;5089.16;32430.303
2026-07-08T13:17:44.112713+02:00;standby;26.7;35.6;5.0;28.0;56.9;57.0;0;0;0;0;16369.23;11280.08;5089.16;32430.303
2026-07-08T13:18:44.613128+02:00;standby;26.7;35.6;5.0;28.0;56.9;57.0;0;0;0;0;16369.23;11280.08;5089.16;32430.303
2026-07-08T13:19:45.070470+02:00;standby;26.7;35.6;5.0;28.0;56.9;57.0;0;0;0;0;16369.23;11280.08;5089.16;32430.303
2026-07-08T13:20:45.691932+02:00;standby;26.7;35.4;5.0;28.0;56.9;57.0;0;0;0;0;16369.23;11280.08;5089.16;32430.303
2026-07-08T13:21:47.083617+02:00;standby;26.7;35.4;5.0;28.0;56.9;57.0;0;0;0;0;16369.23;11280.08;5089.16;32430.303
2026-07-08T13:22:47.542514+02:00;standby;26.7;35.4;5.0;28.0;56.9;57.0;0;0;0;0;16369.23;11280.08;5089.16;32430.303
2026-07-08T13:23:48.167878+02:00;standby;26.7;35.3;5.0;28.0;56.9;57.0;0;0;0;0;16369.23;11280.08;5089.16;32430.303
2026-07-08T13:24:48.979371+02:00;standby;26.7;35.3;5.0;28.0;56.8;57.0;0;0;0;0;16369.23;11280.08;5089.16;32430.303
2026-07-08T13:25:50.169711+02:00;standby;26.7;35.3;5.0;28.0;56.8;57.0;0;0;0;0;16369.23;11280.08;5089.16;32430.303
2026-07-08T13:26:50.635337+02:00;standby;26.7;35.2;5.0;28.0;56.8;57.0;0;0;0;0;16369.23;11280.08;5089.16;32430.303
2026-07-08T13:27:51.216276+02:00;standby;26.7;35.2;5.0;28.0;56.8;57.0;0;0;0;0;16369.23;11280.08;5089.16;32430.303
2026-07-08T13:28:51.998742+02:00;standby;26.7;35.2;5.0;28.0;56.8;57.0;0;0;0;0;16369.23;11280.08;5089.16;32430.303
2026-07-08T13:29:52.548789+02:00;standby;26.7;35.2;5.0;28.0;56.8;57.0;0;0;0;0;16369.23;11280.08;5089.16;32430.303
2026-07-08T13:30:53.071349+02:00;standby;26.7;35.1;5.0;28.0;56.8;57.0;0;0;0;0;16369.23;11280.08;5089.16;32430.303
2026-07-08T13:31:53.615991+02:00;standby;26.7;35.1;5.0;28.0;56.8;57.0;0;0;0;0;16369.23;11280.08;5089.16;32430.303
2026-07-08T13:32:54.058887+02:00;standby;26.7;35.1;5.0;28.0;56.8;57.0;0;0;0;0;16369.23;11280.08;5089.16;32430.303
2026-07-08T13:33:54.845429+02:00;standby;26.7;35.1;5.0;28.0;56.8;57.0;0;0;0;0;16369.23;11280.08;5089.16;32430.303
2026-07-08T13:34:55.296796+02:00;standby;26.7;35.1;5.0;28.0;56.8;57.0;0;0;0;0;16369.23;11280.08;5089.16;32430.303
2026-07-08T13:35:55.784555+02:00;standby;26.7;34.9;5.0;28.0;56.8;57.0;0;0;0;0;16369.23;11280.08;5089.16;32430.303
2026-07-08T13:36:56.295818+02:00;standby;26.7;34.9;5.0;28.0;56.7;57.0;0;0;0;0;16369.23;11280.08;5089.16;32430.303
2026-07-08T13:37:56.870400+02:00;standby;26.7;34.9;5.0;28.0;56.7;57.0;0;0;0;0;16369.23;11280.08;5089.16;32430.303
2026-07-08T13:38:57.531053+02:00;standby;26.7;34.9;5.0;28.0;56.7;57.0;0;0;0;0;16369.23;11280.08;5089.16;32430.303
2026-07-08T13:39:58.157138+02:00;standby;26.7;34.8;5.0;28.0;56.7;57.0;0;0;0;0;16369.23;11280.08;5089.16;32430.303
2026-07-08T13:40:58.593561+02:00;standby;26.7;34.8;5.0;28.0;56.7;57.0;0;0;0;0;16369.23;11280.08;5089.16;32430.303
2026-07-08T13:41:59.089775+02:00;standby;26.7;34.8;5.0;28.0;56.7;57.0;0;0;0;0;16369.23;11280.08;5089.16;32430.303
2026-07-08T13:42:59.815399+02:00;standby;26.7;34.7;5.0;28.0;56.7;57.0;0;0;0;0;16369.23;11280.08;5089.16;32430.303
2026-07-08T13:44:00.387906+02:00;standby;26.7;34.7;5.0;28.0;56.7;57.0;0;0;0;0;16369.23;11280.08;5089.16;32430.303
2026-07-08T13:45:01.017082+02:00;standby;26.7;34.7;5.0;28.0;56.7;57.0;0;0;0;0;16369.23;11280.08;5089.16;32430.303
2026-07-08T13:46:01.625323+02:00;standby;26.7;34.7;5.0;28.0;56.6;57.0;0;0;0;0;16369.23;11280.08;5089.16;32430.303
2026-07-08T13:47:02.560319+02:00;standby;26.7;34.6;5.0;28.0;56.6;57.0;0;0;0;0;16369.23;11280.08;5089.16;32430.303
2026-07-08T13:48:03.086827+02:00;standby;26.7;34.6;5.0;28.0;56.6;57.0;0;0;0;0;16369.23;11280.08;5089.16;32430.303
2026-07-08T13:49:03.543769+02:00;standby;26.7;34.6;5.0;28.0;56.6;57.0;0;0;0;0;16369.23;11280.08;5089.16;32430.303
2026-07-08T13:50:04.233530+02:00;standby;26.7;34.6;5.0;28.0;56.6;57.0;0;0;0;0;16369.23;11280.08;5089.16;32430.303
2026-07-08T13:51:04.908938+02:00;standby;26.7;34.6;5.0;28.0;56.6;57.0;0;0;0;0;16369.23;11280.08;5089.16;32430.303
2026-07-08T13:52:05.828714+02:00;standby;26.7;34.4;5.0;28.0;56.6;57.0;0;0;0;0;16369.23;11280.08;5089.16;32430.303
2026-07-08T13:53:06.442263+02:00;standby;26.7;34.4;5.0;28.0;56.6;57.0;0;0;0;0;16369.23;11280.08;5089.16;32430.303
2026-07-08T13:54:06.967882+02:00;standby;26.7;34.4;5.0;28.0;56.6;57.0;0;0;0;0;16369.23;11280.08;5089.16;32430.303
2026-07-08T13:55:07.524275+02:00;standby;26.7;34.4;5.0;28.0;56.6;57.0;0;0;0;0;16369.23;11280.08;5089.16;32430.303
2026-07-08T13:56:08.057756+02:00;standby;26.4;34.3;5.0;28.0;56.6;57.0;0;0;0;0;16369.23;11280.08;5089.16;32430.303
2026-07-08T13:57:08.745734+02:00;standby;26.4;34.3;5.0;28.0;56.5;57.0;0;0;0;0;16369.23;11280.08;5089.16;32430.303
2026-07-08T13:58:09.815489+02:00;standby;26.4;34.3;5.0;28.0;56.5;57.0;0;0;0;0;16369.23;11280.08;5089.16;32430.303
2026-07-08T13:59:10.282157+02:00;standby;26.4;34.3;5.0;28.0;56.5;57.0;0;0;0;0;16369.23;11280.08;5089.16;32430.303
2026-07-08T14:00:10.955002+02:00;standby;26.4;34.2;5.0;28.0;56.5;57.0;0;0;0;0;16369.23;11280.08;5089.16;32430.303
2026-07-08T14:01:11.470740+02:00;standby;26.4;34.2;5.0;28.0;56.5;57.0;0;0;0;0;16369.23;11280.08;5089.16;32430.303
2026-07-08T14:02:11.979812+02:00;standby;26.4;34.2;5.0;28.0;56.5;57.0;0;0;0;0;16369.23;11280.08;5089.16;32430.303
2026-07-08T14:03:12.602034+02:00;standby;26.4;34.2;5.0;28.0;56.5;57.0;0;0;0;0;16369.23;11280.08;5089.16;32430.303
2026-07-08T14:04:13.332968+02:00;standby;26.4;34.2;5.0;28.0;56.5;57.0;0;0;0;0;16369.23;11280.08;5089.16;32430.303
2026-07-08T14:05:13.903413+02:00;standby;26.4;34.1;5.0;28.0;56.5;57.0;0;0;0;0;16369.23;11280.08;5089.16;32430.303
2026-07-08T14:06:14.371646+02:00;standby;26.4;34.1;5.0;28.0;56.5;57.0;0;0;0;0;16369.23;11280.08;5089.16;32430.303
2026-07-08T14:07:15.042968+02:00;standby;26.4;34.1;5.0;28.0;56.4;57.0;0;0;0;0;16369.23;11280.08;5089.16;32430.303
2026-07-08T14:08:16.750499+02:00;standby;26.4;34.1;5.0;28.0;56.4;57.0;0;0;0;0;16369.23;11280.08;5089.16;32430.303
2026-07-08T14:09:17.210654+02:00;standby;26.4;34.0;5.0;28.0;56.4;57.0;0;0;0;0;16369.23;11280.08;5089.16;32430.303
2026-07-08T14:10:20.757342+02:00;standby;26.4;34.0;5.0;28.0;56.4;57.0;0;0;0;0;16369.23;11280.08;5089.16;32430.303
2026-07-08T14:11:21.379328+02:00;standby;26.4;34.0;5.0;28.0;56.4;57.0;0;0;0;0;16369.23;11280.08;5089.16;32430.303
2026-07-08T14:12:21.943288+02:00;standby;26.4;34.0;5.0;28.0;56.4;57.0;0;0;0;0;16369.23;11280.08;5089.16;32430.303
2026-07-08T14:13:22.515336+02:00;standby;26.4;34.0;5.0;28.0;56.3;57.0;0;0;0;0;16369.23;11280.08;5089.16;32430.303
2026-07-08T14:14:22.979156+02:00;standby;26.4;33.8;5.0;28.0;56.3;57.0;0;0;0;0;16369.23;11280.08;5089.16;32430.303
2026-07-08T14:15:23.819650+02:00;standby;26.4;33.8;5.0;28.0;56.3;57.0;0;0;0;0;16369.23;11280.08;5089.16;32430.303
2026-07-08T14:16:24.280005+02:00;standby;26.4;33.8;5.0;28.0;56.3;57.0;0;0;0;0;16369.23;11280.08;5089.16;32430.303
2026-07-08T14:17:24.749414+02:00;standby;26.4;33.8;5.0;28.0;56.2;57.0;0;0;0;0;16369.23;11280.08;5089.16;32430.303
2026-07-08T14:18:25.467091+02:00;standby;26.4;33.8;5.0;28.0;56.2;57.0;0;0;0;0;16369.23;11280.08;5089.16;32430.303
2026-07-08T14:19:26.147115+02:00;standby;26.4;33.7;5.0;28.0;56.1;57.0;0;0;0;0;16369.23;11280.08;5089.16;32430.303
2026-07-08T14:20:26.613596+02:00;standby;26.4;33.7;5.0;28.0;56.1;57.0;0;0;0;0;16369.23;11280.08;5089.16;32430.303
2026-07-08T14:21:27.188190+02:00;standby;26.4;33.7;5.0;28.0;56.0;57.0;0;0;0;0;16369.23;11280.08;5089.16;32430.303
2026-07-08T14:22:27.598754+02:00;standby;26.4;33.7;5.0;28.0;56.0;57.0;0;0;0;0;16369.23;11280.08;5089.16;32430.303
2026-07-08T14:23:28.334792+02:00;standby;26.4;33.7;5.0;28.0;55.9;57.0;0;0;0;0;16369.23;11280.08;5089.16;32430.303
2026-07-08T14:24:29.624066+02:00;standby;26.4;33.6;5.0;28.0;55.9;57.0;0;0;0;0;16369.23;11280.08;5089.16;32430.303
2026-07-08T14:25:30.232501+02:00;standby;26.4;33.6;5.0;28.0;55.9;57.0;0;0;0;0;16369.23;11280.08;5089.16;32430.303
2026-07-08T14:26:31.078248+02:00;standby;26.4;33.6;5.0;28.0;55.8;57.0;0;0;0;0;16369.23;11280.08;5089.16;32430.303
2026-07-08T14:27:31.717800+02:00;standby;26.4;33.6;5.0;28.0;55.8;57.0;0;0;0;0;16369.23;11280.08;5089.16;32430.303
2026-07-08T14:28:32.202044+02:00;standby;26.4;33.5;5.0;28.0;55.8;57.0;0;0;0;0;16369.23;11280.08;5089.16;32430.303
2026-07-08T14:29:32.862416+02:00;standby;26.4;33.5;5.0;28.0;55.8;57.0;0;0;0;0;16369.23;11280.08;5089.16;32430.303
2026-07-08T14:30:33.348088+02:00;standby;26.4;33.5;5.0;28.0;55.7;57.0;0;0;0;0;16369.23;11280.08;5089.16;32430.303
2026-07-08T14:31:33.812191+02:00;standby;26.4;33.5;5.0;28.0;55.7;57.0;0;0;0;0;16369.23;11280.08;5089.16;32430.303
2026-07-08T14:32:34.296321+02:00;standby;26.4;33.5;5.0;28.0;55.6;57.0;0;0;0;0;16369.23;11280.08;5089.16;32430.303
2026-07-08T14:33:34.797563+02:00;standby;26.4;33.5;5.0;28.0;55.5;57.0;0;0;0;0;16369.23;11280.08;5089.16;32430.303
2026-07-08T14:34:35.248608+02:00;standby;26.4;33.5;5.0;28.0;55.5;57.0;0;0;0;0;16369.23;11280.08;5089.16;32430.303
2026-07-08T14:35:35.778793+02:00;standby;26.4;33.3;5.0;28.0;55.5;57.0;0;0;0;0;16369.23;11280.08;5089.16;32430.303
2026-07-08T14:36:36.465199+02:00;standby;26.4;33.3;5.0;28.0;55.4;57.0;0;0;0;0;16369.23;11280.08;5089.16;32430.303
2026-07-08T14:37:37.217098+02:00;standby;26.4;33.3;5.0;28.0;55.4;57.0;0;0;0;0;16369.23;11280.08;5089.16;32430.303
2026-07-08T14:38:38.051384+02:00;standby;26.4;33.3;5.0;28.0;55.4;57.0;0;0;0;0;16369.23;11280.08;5089.16;32430.303
2026-07-08T14:39:38.986102+02:00;standby;26.4;33.2;5.0;28.0;55.4;57.0;0;0;0;0;16369.23;11280.08;5089.16;32430.303
2026-07-08T14:40:39.495074+02:00;standby;26.4;33.2;5.0;28.0;55.4;57.0;0;0;0;0;16369.23;11280.08;5089.16;32430.303
2026-07-08T14:41:39.960776+02:00;standby;26.4;33.2;5.0;28.0;55.4;57.0;0;0;0;0;16369.23;11280.08;5089.16;32430.303
2026-07-08T14:42:40.446999+02:00;standby;26.4;33.2;5.0;28.0;55.4;57.0;0;0;0;0;16369.23;11280.08;5089.16;32430.303
2026-07-08T14:43:40.997613+02:00;standby;26.4;33.2;5.0;28.0;55.4;57.0;0;0;0;0;16369.23;11280.08;5089.16;32430.303
2026-07-08T14:44:44.995945+02:00;standby;26.4;33.1;5.0;28.0;55.3;57.0;0;0;0;0;16369.23;11280.08;5089.16;32430.303
2026-07-08T14:45:45.434817+02:00;standby;26.4;33.1;5.0;28.0;55.3;57.0;0;0;0;0;16369.23;11280.08;5089.16;32430.303
2026-07-08T14:46:46.263437+02:00;standby;26.4;33.1;5.0;28.0;55.3;57.0;0;0;0;0;16369.23;11280.08;5089.16;32430.303
2026-07-08T14:47:46.759796+02:00;standby;26.4;33.1;5.0;28.0;55.3;57.0;0;0;0;0;16369.23;11280.08;5089.16;32430.303
2026-07-08T14:48:47.279058+02:00;standby;26.4;33.1;5.0;28.0;55.3;57.0;0;0;0;0;16369.23;11280.08;5089.16;32430.303
2026-07-08T14:49:48.001955+02:00;standby;26.4;33.1;5.0;28.0;55.3;57.0;0;0;0;0;16369.23;11280.08;5089.16;32430.303
2026-07-08T14:50:48.558289+02:00;standby;26.4;33.0;5.0;28.0;55.2;57.0;0;0;0;0;16369.23;11280.08;5089.16;32430.303
2026-07-08T14:51:49.999959+02:00;standby;26.4;33.0;5.0;28.0;55.2;57.0;0;0;0;0;16369.23;11280.08;5089.16;32430.303
2026-07-08T14:52:50.503650+02:00;standby;26.4;33.0;5.0;28.0;55.1;57.0;0;0;0;0;16369.23;11280.08;5089.16;32430.303
2026-07-08T14:53:51.036647+02:00;standby;26.4;33.0;5.0;28.0;55.1;57.0;0;0;0;0;16369.23;11280.08;5089.16;32430.303
2026-07-08T14:54:51.575495+02:00;standby;26.4;33.0;5.0;28.0;54.9;57.0;0;0;0;0;16369.23;11280.08;5089.16;32430.303
2026-07-08T14:55:52.062178+02:00;standby;26.4;33.0;5.0;28.0;54.9;57.0;0;0;0;0;16369.23;11280.08;5089.16;32430.303
2026-07-08T14:56:52.557171+02:00;standby;26.3;33.0;5.0;28.0;54.9;57.0;0;0;0;0;16369.23;11280.08;5089.16;32430.303
2026-07-08T14:57:53.149971+02:00;standby;26.3;32.8;5.0;28.0;54.8;57.0;0;0;0;0;16369.23;11280.08;5089.16;32430.303
2026-07-08T14:58:54.310426+02:00;standby;26.3;32.8;5.0;28.0;54.8;57.0;0;0;0;0;16369.23;11280.08;5089.16;32430.303
2026-07-08T14:59:54.790014+02:00;standby;26.3;32.8;5.0;28.0;54.8;57.0;0;0;0;0;16369.23;11280.08;5089.16;32430.303
2026-07-08T15:00:55.300132+02:00;standby;26.3;32.8;5.0;28.0;54.8;57.0;0;0;0;0;16369.23;11280.08;5089.16;32430.303
2026-07-08T15:01:55.893752+02:00;standby;26.3;32.8;5.0;28.0;54.8;57.0;0;0;0;0;16369.23;11280.08;5089.16;32430.303
2026-07-08T15:02:56.573992+02:00;standby;26.3;32.7;5.0;28.0;54.8;57.0;0;0;0;0;16369.23;11280.08;5089.16;32430.303
2026-07-08T15:03:57.111808+02:00;standby;26.3;32.7;5.0;28.0;54.7;57.0;0;0;0;0;16369.23;11280.08;5089.16;32430.303
2026-07-08T15:04:57.559338+02:00;standby;26.3;32.7;5.0;28.0;54.7;57.0;0;0;0;0;16369.23;11280.08;5089.16;32430.303
2026-07-08T15:05:58.423445+02:00;standby;26.3;32.7;5.0;28.0;54.7;57.0;0;0;0;0;16369.23;11280.08;5089.16;32430.303
2026-07-08T15:06:58.953841+02:00;standby;26.3;32.7;5.0;28.0;54.7;57.0;0;0;0;0;16369.23;11280.08;5089.16;32430.303
2026-07-08T15:07:59.385977+02:00;standby;26.3;32.6;5.0;28.0;54.7;57.0;0;0;0;0;16369.23;11280.08;5089.16;32430.303
2026-07-08T15:09:00.067596+02:00;standby;26.3;32.6;5.0;28.0;54.7;57.0;0;0;0;0;16369.23;11280.08;5089.16;32430.303
2026-07-08T15:10:01.177727+02:00;standby;26.3;32.6;5.0;28.0;54.7;57.0;0;0;0;0;16369.23;11280.08;5089.16;32430.303
2026-07-08T15:11:01.633903+02:00;standby;26.3;32.6;5.0;28.0;54.7;57.0;0;0;0;0;16369.23;11280.08;5089.16;32430.303
2026-07-08T15:12:02.239065+02:00;standby;26.3;32.6;5.0;28.0;54.6;57.0;0;0;0;0;16369.23;11280.08;5089.16;32430.303
2026-07-08T15:13:04.374571+02:00;standby;26.3;32.6;5.0;28.0;54.6;57.0;0;0;0;0;16369.23;11280.08;5089.16;32430.303
2026-07-08T15:14:04.995599+02:00;standby;26.3;32.6;5.0;28.0;54.6;57.0;0;0;0;0;16369.23;11280.08;5089.16;32430.303
2026-07-08T15:15:05.544699+02:00;standby;26.3;32.5;5.0;28.0;54.6;57.0;0;0;0;0;16369.23;11280.08;5089.16;32430.303
2026-07-08T15:16:06.136720+02:00;standby;26.3;32.5;5.0;28.0;54.6;57.0;0;0;0;0;16369.23;11280.08;5089.16;32430.303
2026-07-08T15:17:06.690597+02:00;standby;26.3;32.5;5.0;28.0;54.6;57.0;0;0;0;0;16369.23;11280.08;5089.16;32430.303
2026-07-08T15:18:07.154748+02:00;standby;26.3;32.5;5.0;28.0;54.6;57.0;0;0;0;0;16369.23;11280.08;5089.16;32430.303
2026-07-08T15:19:07.624264+02:00;standby;26.3;32.5;5.0;28.0;54.6;57.0;0;0;0;0;16369.23;11280.08;5089.16;32430.303
2026-07-08T15:20:08.106651+02:00;standby;26.3;32.5;5.0;28.0;54.6;57.0;0;0;0;0;16369.23;11280.08;5089.16;32430.303
2026-07-08T15:21:08.782345+02:00;standby;26.3;32.5;5.0;28.0;54.5;57.0;0;0;0;0;16369.23;11280.08;5089.16;32430.303
2026-07-08T15:22:09.275406+02:00;standby;26.3;32.3;5.0;28.0;54.5;57.0;0;0;0;0;16369.23;11280.08;5089.16;32430.303
2026-07-08T15:23:09.777066+02:00;standby;26.3;32.3;5.0;28.0;54.5;57.0;0;0;0;0;16369.23;11280.08;5089.16;32430.303
2026-07-08T15:24:10.312956+02:00;standby;26.3;32.3;5.0;28.0;54.5;57.0;0;0;0;0;16369.23;11280.08;5089.16;32430.303
2026-07-08T15:25:10.857417+02:00;standby;26.3;32.3;5.0;28.0;54.5;57.0;0;0;0;0;16369.23;11280.08;5089.16;32430.303
2026-07-08T15:26:11.614854+02:00;standby;26.3;32.3;5.0;28.0;54.5;57.0;0;0;0;0;16369.23;11280.08;5089.16;32430.303
2026-07-08T15:27:12.129037+02:00;standby;26.3;32.2;5.0;28.0;54.5;57.0;0;0;0;0;16369.23;11280.08;5089.16;32430.303
2026-07-08T15:28:12.879085+02:00;standby;26.3;32.2;5.0;28.0;54.5;57.0;0;0;0;0;16369.23;11280.08;5089.16;32430.303
2026-07-08T15:29:13.403161+02:00;standby;26.3;32.2;5.0;28.0;54.4;57.0;0;0;0;0;16369.23;11280.08;5089.16;32430.303
2026-07-08T15:30:13.840716+02:00;standby;26.3;32.2;5.0;28.0;54.4;57.0;0;0;0;0;16369.23;11280.08;5089.16;32430.303
2026-07-08T15:31:14.571731+02:00;standby;26.3;32.2;5.0;28.0;54.4;57.0;0;0;0;0;16369.23;11280.08;5089.16;32430.303
2026-07-08T15:32:15.062444+02:00;standby;26.3;32.2;5.0;28.0;54.4;57.0;0;0;0;0;16369.23;11280.08;5089.16;32430.303
2026-07-08T15:33:15.552527+02:00;standby;26.3;32.2;5.0;28.0;54.4;57.0;0;0;0;0;16369.23;11280.08;5089.16;32430.303
2026-07-08T15:34:16.027396+02:00;standby;26.3;32.2;5.0;28.0;54.3;57.0;0;0;0;0;16369.23;11280.08;5089.16;32430.303
2026-07-08T15:35:16.665073+02:00;standby;26.3;32.1;5.0;28.0;54.3;57.0;0;0;0;0;16369.23;11280.08;5089.16;32430.303
2026-07-08T15:36:17.135199+02:00;standby;26.3;32.1;5.0;28.0;54.3;57.0;0;0;0;0;16369.23;11280.08;5089.16;32430.303
2026-07-08T15:37:17.704694+02:00;standby;26.3;32.1;5.0;28.0;54.2;57.0;0;0;0;0;16369.23;11280.08;5089.16;32430.303
2026-07-08T15:38:19.302558+02:00;standby;26.3;32.1;5.0;28.0;54.2;57.0;0;0;0;0;16369.23;11280.08;5089.16;32430.303
2026-07-08T15:39:19.741034+02:00;standby;26.3;32.1;5.0;28.0;54.2;57.0;0;0;0;0;16369.23;11280.08;5089.16;32430.303
2026-07-08T15:40:20.183197+02:00;standby;26.3;32.1;5.0;28.0;54.2;57.0;0;0;0;0;16369.23;11280.08;5089.16;32430.303
2026-07-08T15:41:20.633140+02:00;standby;26.3;32.1;5.0;28.0;54.2;57.0;0;0;0;0;16369.23;11280.08;5089.16;32430.303
2026-07-08T15:42:21.095145+02:00;standby;26.3;32.0;5.0;28.0;54.2;57.0;0;0;0;0;16369.23;11280.08;5089.16;32430.303
2026-07-08T15:43:21.574975+02:00;standby;26.3;32.0;5.0;28.0;54.1;57.0;0;0;0;0;16369.23;11280.08;5089.16;32430.303
2026-07-08T15:44:22.135728+02:00;standby;26.3;32.0;5.0;28.0;54.1;57.0;0;0;0;0;16369.23;11280.08;5089.16;32430.303
2026-07-08T15:45:23.762136+02:00;standby;26.3;32.0;5.0;28.0;54.0;57.0;0;0;0;0;16369.23;11280.08;5089.16;32430.303
2026-07-08T15:46:24.258833+02:00;standby;26.3;32.0;5.0;28.0;54.0;57.0;0;0;0;0;16369.23;11280.08;5089.16;32430.303
2026-07-08T15:47:24.778366+02:00;standby;26.3;32.0;5.0;28.0;53.9;57.0;0;0;0;0;16369.23;11280.08;5089.16;32430.303
2026-07-08T15:48:25.241611+02:00;standby;26.3;32.0;5.0;28.0;53.9;57.0;0;0;0;0;16369.23;11280.08;5089.16;32430.303
2026-07-08T15:49:25.676549+02:00;standby;26.3;32.0;5.0;28.0;53.9;57.0;0;0;0;0;16369.23;11280.08;5089.16;32430.303
2026-07-08T15:50:26.253333+02:00;standby;26.3;32.0;5.0;28.0;53.8;57.0;0;0;0;0;16369.23;11280.08;5089.16;32430.303
2026-07-08T15:51:26.753514+02:00;standby;26.3;31.9;5.0;28.0;53.8;57.0;0;0;0;0;16369.23;11280.08;5089.16;32430.303
2026-07-08T15:52:27.496958+02:00;standby;26.3;31.9;5.0;28.0;53.8;57.0;0;0;0;0;16369.23;11280.08;5089.16;32430.303
2026-07-08T15:53:28.101442+02:00;standby;26.3;31.9;5.0;28.0;53.7;57.0;0;0;0;0;16369.23;11280.08;5089.16;32430.303
2026-07-08T15:54:28.560582+02:00;standby;26.3;31.9;5.0;28.0;53.7;57.0;0;0;0;0;16369.23;11280.08;5089.16;32430.303
2026-07-08T15:55:29.702810+02:00;standby;26.3;31.9;5.0;28.0;53.7;57.0;0;0;0;0;16369.23;11280.08;5089.16;32430.303
2026-07-08T15:56:30.212960+02:00;standby;26.3;31.9;5.0;28.0;53.7;57.0;0;0;0;0;16369.23;11280.08;5089.16;32430.303
2026-07-08T15:57:31.049158+02:00;standby;27.2;31.9;5.0;28.0;53.7;57.0;0;0;0;0;16369.23;11280.08;5089.16;32430.303
2026-07-08T15:58:31.517053+02:00;standby;27.2;31.7;5.0;28.0;53.7;57.0;0;0;0;0;16369.23;11280.08;5089.16;32430.303
2026-07-08T15:59:31.997282+02:00;standby;27.2;31.7;5.0;28.0;53.6;57.0;0;0;0;0;16369.23;11280.08;5089.16;32430.303
2026-07-08T16:00:32.469480+02:00;standby;27.2;31.7;5.0;28.0;53.5;57.0;0;0;0;0;16369.23;11280.08;5089.16;32430.303
2026-07-08T16:01:32.993548+02:00;standby;27.2;31.7;5.0;28.0;53.5;57.0;0;0;0;0;16369.23;11280.08;5089.16;32430.303
2026-07-08T16:02:33.611357+02:00;standby;27.2;31.7;5.0;28.0;53.5;57.0;0;0;0;0;16369.23;11280.08;5089.16;32430.303
2026-07-08T16:03:34.059020+02:00;standby;27.2;31.7;5.0;28.0;53.5;57.0;0;0;0;0;16369.23;11280.08;5089.16;32430.303
2026-07-08T16:04:34.738014+02:00;standby;27.2;31.7;5.0;28.0;53.4;57.0;0;0;0;0;16369.23;11280.08;5089.16;32430.303
2026-07-08T16:05:36.019622+02:00;standby;27.2;31.6;5.0;28.0;53.4;57.0;0;0;0;0;16369.23;11280.08;5089.16;32430.303
2026-07-08T16:06:36.495473+02:00;standby;27.2;31.6;5.0;28.0;53.4;57.0;0;0;0;0;16369.23;11280.08;5089.16;32430.303
2026-07-08T16:07:37.114920+02:00;standby;27.2;31.6;5.0;28.0;53.4;57.0;0;0;0;0;16369.23;11280.08;5089.16;32430.303
2026-07-08T16:08:37.617540+02:00;standby;27.2;31.6;5.0;28.0;53.4;57.0;0;0;0;0;16369.23;11280.08;5089.16;32430.303
2026-07-08T16:09:38.110475+02:00;standby;27.2;31.6;5.0;28.0;53.4;57.0;0;0;0;0;16369.23;11280.08;5089.16;32430.303
2026-07-08T16:10:38.665596+02:00;standby;27.2;31.6;5.0;28.0;53.4;57.0;0;0;0;0;16369.23;11280.08;5089.16;32430.303
2026-07-08T16:11:39.136718+02:00;standby;27.2;31.6;5.0;28.0;53.4;57.0;0;0;0;0;16369.23;11280.08;5089.16;32430.303
2026-07-08T16:12:40.004518+02:00;standby;27.2;31.6;5.0;28.0;53.4;57.0;0;0;0;0;16369.23;11280.08;5089.16;32430.303
2026-07-08T16:13:40.631954+02:00;standby;27.2;31.6;5.0;28.0;53.3;57.0;0;0;0;0;16369.23;11280.08;5089.16;32430.303
2026-07-08T16:14:41.312183+02:00;standby;27.2;31.6;5.0;28.0;53.3;57.0;0;0;0;0;16369.23;11280.08;5089.16;32430.303
2026-07-08T16:15:42.137563+02:00;standby;27.2;31.5;5.0;28.0;53.3;57.0;0;0;0;0;16369.23;11280.08;5089.16;32430.303
2026-07-08T16:16:43.120393+02:00;standby;27.2;31.5;5.0;28.0;53.3;57.0;0;0;0;0;16369.23;11280.08;5089.16;32430.303
2026-07-08T16:17:43.643502+02:00;standby;27.2;31.5;5.0;28.0;53.3;57.0;0;0;0;0;16369.23;11280.08;5089.16;32430.303
2026-07-08T16:18:44.056010+02:00;standby;27.2;31.5;5.0;28.0;53.3;57.0;0;0;0;0;16369.23;11280.08;5089.16;32430.303
2026-07-08T16:19:44.514832+02:00;standby;27.2;31.5;5.0;28.0;53.2;57.0;0;0;0;0;16369.23;11280.08;5089.16;32430.303
2026-07-08T16:20:45.600839+02:00;standby;27.2;31.5;5.0;28.0;53.2;57.0;0;0;0;0;16369.23;11280.08;5089.16;32430.303
2026-07-08T16:21:46.330152+02:00;standby;27.2;31.5;5.0;28.0;53.1;57.0;0;0;0;0;16369.23;11280.08;5089.16;32430.303
2026-07-08T16:22:46.793071+02:00;standby;27.2;31.5;5.0;28.0;53.1;57.0;0;0;0;0;16369.23;11280.08;5089.16;32430.303
2026-07-08T16:23:47.312425+02:00;standby;27.2;31.5;5.0;28.0;53.1;57.0;0;0;0;0;16369.23;11280.08;5089.16;32430.303
2026-07-08T16:24:48.804617+02:00;standby;27.2;31.4;5.0;28.0;53.1;57.0;0;0;0;0;16369.23;11280.08;5089.16;32430.303
2026-07-08T16:25:49.334742+02:00;standby;27.2;31.4;5.0;28.0;52.9;57.0;0;0;0;0;16369.23;11280.08;5089.16;32430.303
2026-07-08T16:26:49.794682+02:00;standby;27.2;31.4;5.0;28.0;52.9;57.0;0;0;0;0;16369.23;11280.08;5089.16;32430.303
2026-07-08T16:27:50.574980+02:00;standby;27.2;31.4;5.0;28.0;52.9;57.0;0;0;0;0;16369.23;11280.08;5089.16;32430.303
2026-07-08T16:28:51.300165+02:00;standby;27.2;31.4;5.0;28.0;52.9;57.0;0;0;0;0;16369.23;11280.08;5089.16;32430.303
2026-07-08T16:29:51.800009+02:00;standby;27.2;31.4;5.0;28.0;52.9;57.0;0;0;0;0;16369.23;11280.08;5089.16;32430.303
2026-07-08T16:30:52.274772+02:00;standby;27.2;31.4;5.0;28.0;52.9;57.0;0;0;0;0;16369.23;11280.08;5089.16;32430.303
2026-07-08T16:31:53.059411+02:00;standby;27.2;31.4;5.0;28.0;52.9;57.0;0;0;0;0;16369.23;11280.08;5089.16;32430.303
2026-07-08T16:32:53.475754+02:00;standby;27.2;31.2;5.0;28.0;52.9;57.0;0;0;0;0;16369.23;11280.08;5089.16;32430.303
2026-07-08T16:33:54.084184+02:00;standby;27.2;31.2;5.0;28.0;52.8;57.0;0;0;0;0;16369.23;11280.08;5089.16;32430.303
2026-07-08T16:34:54.578128+02:00;standby;27.2;31.2;5.0;28.0;52.8;57.0;0;0;0;0;16369.23;11280.08;5089.16;32430.303
2026-07-08T16:35:55.212566+02:00;standby;27.2;31.2;5.0;28.0;52.8;57.0;0;0;0;0;16369.23;11280.08;5089.16;32430.303
2026-07-08T16:36:55.697459+02:00;standby;27.2;31.2;5.0;28.0;52.8;57.0;0;0;0;0;16369.23;11280.08;5089.16;32430.303
2026-07-08T16:37:56.112897+02:00;standby;27.2;31.2;5.0;28.0;52.8;57.0;0;0;0;0;16369.23;11280.08;5089.16;32430.303
2026-07-08T16:38:56.694203+02:00;standby;27.2;31.2;5.0;28.0;52.8;57.0;0;0;0;0;16369.23;11280.08;5089.16;32430.303
2026-07-08T16:39:57.211965+02:00;standby;27.2;31.2;5.0;28.0;52.8;57.0;0;0;0;0;16369.23;11280.08;5089.16;32430.303
2026-07-08T16:40:57.770038+02:00;standby;27.2;31.2;5.0;28.0;52.8;57.0;0;0;0;0;16369.23;11280.08;5089.16;32430.303
2026-07-08T16:41:58.552382+02:00;standby;27.2;31.1;5.0;28.0;52.8;57.0;0;0;0;0;16369.23;11280.08;5089.16;32430.303
2026-07-08T16:42:59.572086+02:00;standby;27.2;31.1;5.0;28.0;52.7;57.0;0;0;0;0;16369.23;11280.08;5089.16;32430.303
2026-07-08T16:44:00.415268+02:00;standby;27.2;31.1;5.0;28.0;52.7;57.0;0;0;0;0;16369.23;11280.08;5089.16;32430.303
2026-07-08T16:45:00.886047+02:00;standby;27.2;31.1;5.0;28.0;52.7;57.0;0;0;0;0;16369.23;11280.08;5089.16;32430.303
2026-07-08T16:46:01.500906+02:00;standby;27.2;31.1;5.0;28.0;52.7;57.0;0;0;0;0;16369.23;11280.08;5089.16;32430.303
2026-07-08T16:47:01.920078+02:00;standby;27.2;31.1;5.0;28.0;52.7;57.0;0;0;0;0;16369.23;11280.08;5089.16;32430.303
2026-07-08T16:48:02.388330+02:00;standby;27.2;31.1;5.0;28.0;52.7;57.0;0;0;0;0;16369.23;11280.08;5089.16;32430.303
2026-07-08T16:49:02.961014+02:00;standby;27.2;31.1;5.0;28.0;52.7;57.0;0;0;0;0;16369.23;11280.08;5089.16;32430.303
2026-07-08T16:50:03.627294+02:00;standby;27.2;31.1;5.0;28.0;52.7;57.0;0;0;0;0;16369.23;11280.08;5089.16;32430.303
2026-07-08T16:51:04.199503+02:00;standby;27.2;31.1;5.0;28.0;52.6;57.0;0;0;0;0;16369.23;11280.08;5089.16;32430.303
2026-07-08T16:52:04.725127+02:00;standby;27.2;31.1;5.0;28.0;52.6;57.0;0;0;0;0;16369.23;11280.08;5089.16;32430.303
2026-07-08T16:53:05.636851+02:00;standby;27.2;31.1;5.0;28.0;52.6;57.0;0;0;0;0;16369.23;11280.08;5089.16;32430.303
2026-07-08T16:54:06.220831+02:00;standby;27.2;31.0;5.0;28.0;52.6;57.0;0;0;0;0;16369.23;11280.08;5089.16;32430.303
2026-07-08T16:55:06.727217+02:00;standby;27.2;31.0;5.0;28.0;52.6;57.0;0;0;0;0;16369.23;11280.08;5089.16;32430.303
2026-07-08T16:56:07.209275+02:00;standby;27.2;31.0;5.0;28.0;52.6;57.0;0;0;0;0;16369.23;11280.08;5089.16;32430.303
2026-07-08T16:57:08.378836+02:00;standby;27.2;31.0;5.0;28.0;52.6;57.0;0;0;0;0;16369.23;11280.08;5089.16;32430.303
2026-07-08T16:58:08.853126+02:00;standby;27.2;31.0;5.0;28.0;52.6;57.0;0;0;0;0;16369.23;11280.08;5089.16;32430.303
2026-07-08T16:59:09.475281+02:00;standby;27.2;31.0;5.0;28.0;52.6;57.0;0;0;0;0;16369.23;11280.08;5089.16;32430.303
2026-07-08T17:00:09.936476+02:00;standby;27.2;31.0;5.0;28.0;52.5;57.0;0;0;0;0;16369.23;11280.08;5089.16;32430.303
2026-07-08T17:01:10.773160+02:00;standby;27.2;31.0;5.0;28.0;52.5;57.0;0;0;0;0;16369.23;11280.08;5089.16;32430.303
2026-07-08T17:02:11.335370+02:00;standby;27.2;31.0;5.0;28.0;52.5;57.0;0;0;0;0;16369.23;11280.08;5089.16;32430.303
2026-07-08T17:03:11.858126+02:00;standby;27.2;31.0;5.0;28.0;52.5;57.0;0;0;0;0;16369.23;11280.08;5089.16;32430.303
2026-07-08T17:04:12.386603+02:00;standby;27.2;30.9;5.0;28.0;52.5;57.0;0;0;0;0;16369.23;11280.08;5089.16;32430.303
2026-07-08T17:05:13.146041+02:00;standby;27.2;30.9;5.0;28.0;52.5;57.0;0;0;0;0;16369.23;11280.08;5089.16;32430.303
2026-07-08T17:06:13.721833+02:00;standby;27.2;30.9;5.0;28.0;52.5;57.0;0;0;0;0;16369.23;11280.08;5089.16;32430.303
2026-07-08T17:07:14.399047+02:00;standby;27.2;30.9;5.0;28.0;52.5;57.0;0;0;0;0;16369.23;11280.08;5089.16;32430.303
2026-07-08T17:08:15.482823+02:00;standby;27.2;30.9;5.0;28.0;52.4;57.0;0;0;0;0;16369.23;11280.08;5089.16;32430.303
2026-07-08T17:09:15.909702+02:00;standby;27.2;30.9;5.0;28.0;52.5;57.0;0;0;0;0;16369.23;11280.08;5089.16;32430.303
2026-07-08T17:10:16.384787+02:00;standby;27.2;30.9;5.0;28.0;52.4;57.0;0;0;0;0;16369.23;11280.08;5089.16;32430.303
2026-07-08T17:11:16.839370+02:00;standby;27.2;30.9;5.0;28.0;52.4;57.0;0;0;0;0;16369.23;11280.08;5089.16;32430.303
2026-07-08T17:12:17.495315+02:00;standby;27.2;30.9;5.0;28.0;52.4;57.0;0;0;0;0;16369.23;11280.08;5089.16;32430.303
2026-07-08T17:13:18.075797+02:00;standby;27.2;30.9;5.0;28.0;52.4;57.0;0;0;0;0;16369.23;11280.08;5089.16;32430.303
2026-07-08T17:14:18.657614+02:00;standby;27.2;30.9;5.0;28.0;52.4;57.0;0;0;0;0;16369.23;11280.08;5089.16;32430.303
2026-07-08T17:15:19.626561+02:00;standby;27.2;30.7;5.0;28.0;52.4;57.0;0;0;0;0;16369.23;11280.08;5089.16;32430.303
2026-07-08T17:16:20.245154+02:00;standby;27.2;30.7;5.0;28.0;52.4;57.0;0;0;0;0;16369.23;11280.08;5089.16;32430.303
2026-07-08T17:17:20.677535+02:00;standby;27.2;30.7;5.0;28.0;52.4;57.0;0;0;0;0;16369.23;11280.08;5089.16;32430.303
2026-07-08T17:18:21.184940+02:00;standby;27.2;30.7;5.0;28.0;52.3;57.0;0;0;0;0;16369.23;11280.08;5089.16;32430.303
2026-07-08T17:19:22.155056+02:00;standby;27.2;30.7;5.0;28.0;52.3;57.0;0;0;0;0;16369.23;11280.08;5089.16;32430.303
2026-07-08T17:20:22.588946+02:00;standby;27.2;30.7;5.0;28.0;52.3;57.0;0;0;0;0;16369.23;11280.08;5089.16;32430.303
2026-07-08T17:21:23.150580+02:00;standby;27.2;30.7;5.0;28.0;52.3;57.0;0;0;0;0;16369.23;11280.08;5089.16;32430.303
2026-07-08T17:22:23.780559+02:00;standby;27.2;30.7;5.0;28.0;52.3;57.0;0;0;0;0;16369.23;11280.08;5089.16;32430.303
2026-07-08T17:23:24.309911+02:00;standby;27.2;30.7;5.0;28.0;52.3;57.0;0;0;0;0;16369.23;11280.08;5089.16;32430.303
2026-07-08T17:24:25.027715+02:00;standby;27.2;30.7;5.0;28.0;52.3;57.0;0;0;0;0;16369.23;11280.08;5089.16;32430.303
2026-07-08T17:25:25.699447+02:00;standby;27.2;30.6;5.0;28.0;52.3;57.0;0;0;0;0;16369.23;11280.08;5089.16;32430.303
2026-07-08T17:26:26.160456+02:00;standby;27.2;30.6;5.0;28.0;52.2;57.0;0;0;0;0;16369.23;11280.08;5089.16;32430.303
2026-07-08T17:27:26.586647+02:00;standby;27.2;30.6;5.0;28.0;52.2;57.0;0;0;0;0;16369.23;11280.08;5089.16;32430.303
2026-07-08T17:28:27.743364+02:00;standby;27.2;30.6;5.0;28.0;52.2;57.0;0;0;0;0;16369.23;11280.08;5089.16;32430.303
2026-07-08T17:29:28.793010+02:00;standby;27.2;30.6;5.0;28.0;52.2;57.0;0;0;0;0;16369.23;11280.08;5089.16;32430.303
2026-07-08T17:30:29.254536+02:00;standby;27.2;30.6;5.0;28.0;52.2;57.0;0;0;0;0;16369.23;11280.08;5089.16;32430.303
2026-07-08T17:31:29.690806+02:00;standby;27.2;30.6;5.0;28.0;52.2;57.0;0;0;0;0;16369.23;11280.08;5089.16;32430.303
2026-07-08T17:32:30.287986+02:00;standby;27.2;30.6;5.0;28.0;52.2;57.0;0;0;0;0;16369.23;11280.08;5089.16;32430.303
2026-07-08T17:33:30.924519+02:00;standby;27.2;30.6;5.0;28.0;52.2;57.0;0;0;0;0;16369.23;11280.08;5089.16;32430.303
2026-07-08T17:34:31.536931+02:00;standby;27.2;30.6;5.0;28.0;52.2;57.0;0;0;0;0;16369.23;11280.08;5089.16;32430.303
2026-07-08T17:35:31.988283+02:00;standby;27.2;30.6;5.0;28.0;52.2;57.0;0;0;0;0;16369.23;11280.08;5089.16;32430.303
2026-07-08T17:36:32.998165+02:00;standby;27.2;30.5;5.0;28.0;52.1;57.0;0;0;0;0;16369.23;11280.08;5089.16;32430.303
2026-07-08T17:37:33.409361+02:00;standby;27.2;30.5;5.0;28.0;52.1;57.0;0;0;0;0;16369.23;11280.08;5089.16;32430.303
2026-07-08T17:38:33.877863+02:00;standby;27.2;30.5;5.0;28.0;52.1;57.0;0;0;0;0;16369.23;11280.08;5089.16;32430.303
2026-07-08T17:39:34.655012+02:00;standby;27.2;30.5;5.0;28.0;52.1;57.0;0;0;0;0;16369.23;11280.08;5089.16;32430.303
2026-07-08T17:40:35.893833+02:00;standby;27.2;30.5;5.0;28.0;52.1;57.0;0;0;0;0;16369.23;11280.08;5089.16;32430.303
2026-07-08T17:41:36.408098+02:00;standby;27.2;30.5;5.0;28.0;52.1;57.0;0;0;0;0;16369.23;11280.08;5089.16;32430.303
2026-07-08T17:42:36.897997+02:00;standby;27.2;30.5;5.0;28.0;52.1;57.0;0;0;0;0;16369.23;11280.08;5089.16;32430.303
2026-07-08T17:43:37.555621+02:00;standby;27.2;30.5;5.0;28.0;52.1;57.0;0;0;0;0;16369.23;11280.08;5089.16;32430.303
2026-07-08T17:44:38.069800+02:00;standby;27.2;30.5;5.0;28.0;52.1;57.0;0;0;0;0;16369.23;11280.08;5089.16;32430.303
2026-07-08T17:45:38.515301+02:00;standby;27.2;30.5;5.0;28.0;52.0;57.0;0;0;0;0;16369.23;11280.08;5089.16;32430.303
2026-07-08T17:46:38.955363+02:00;standby;27.2;30.5;5.0;28.0;52.0;57.0;0;0;0;0;16369.23;11280.08;5089.16;32430.303
2026-07-08T17:47:39.517987+02:00;standby;27.2;30.5;5.0;28.0;51.9;57.0;0;0;0;0;16369.23;11280.08;5089.16;32430.303
2026-07-08T17:48:40.186022+02:00;standby;27.2;30.4;5.0;28.0;51.9;57.0;0;0;0;0;16369.23;11280.08;5089.16;32430.303
2026-07-08T17:49:40.827099+02:00;standby;27.2;30.4;5.0;28.0;51.9;57.0;0;0;0;0;16369.23;11280.08;5089.16;32430.303
2026-07-08T17:50:41.328490+02:00;standby;27.2;30.4;5.0;28.0;51.9;57.0;0;0;0;0;16369.23;11280.08;5089.16;32430.303
2026-07-08T17:51:41.857052+02:00;standby;27.2;30.4;5.0;28.0;51.8;57.0;0;0;0;0;16369.23;11280.08;5089.16;32430.303
2026-07-08T17:52:42.421860+02:00;standby;27.2;30.4;5.0;28.0;51.8;57.0;0;0;0;0;16369.23;11280.08;5089.16;32430.303
2026-07-08T17:53:43.225545+02:00;standby;27.2;30.4;5.0;28.0;51.8;57.0;0;0;0;0;16369.23;11280.08;5089.16;32430.303
2026-07-08T17:54:43.817465+02:00;standby;27.2;30.4;5.0;28.0;51.8;57.0;0;0;0;0;16369.23;11280.08;5089.16;32430.303
2026-07-08T17:55:44.767482+02:00;standby;27.2;30.4;5.0;28.0;51.8;57.0;0;0;0;0;16369.23;11280.08;5089.16;32430.303
2026-07-08T17:56:45.426731+02:00;standby;27.2;30.4;5.0;28.0;51.8;57.0;0;0;0;0;16369.23;11280.08;5089.16;32430.303
2026-07-08T17:57:45.849659+02:00;standby;27.2;30.4;5.0;28.0;51.8;57.0;0;0;0;0;16369.23;11280.08;5089.16;32430.303
2026-07-08T17:58:46.776505+02:00;standby;27.2;30.4;5.0;28.0;51.8;57.0;0;0;0;0;16369.23;11280.08;5089.16;32430.303
2026-07-08T17:59:47.629909+02:00;standby;27.2;30.4;5.0;28.0;51.8;57.0;0;0;0;0;16369.23;11280.08;5089.16;32430.303
2026-07-08T18:00:48.429050+02:00;standby;27.2;30.4;5.0;28.0;51.8;57.0;0;0;0;0;16369.23;11280.08;5089.16;32430.303
2026-07-08T18:01:48.913114+02:00;standby;27.2;30.4;5.0;28.0;51.7;57.0;0;0;0;0;16369.23;11280.08;5089.16;32430.303
2026-07-08T18:02:49.467039+02:00;standby;27.2;30.2;5.0;28.0;51.7;57.0;0;0;0;0;16369.23;11280.08;5089.16;32430.303
2026-07-08T18:03:49.943313+02:00;standby;27.2;30.4;5.0;28.0;51.7;57.0;0;0;0;0;16369.23;11280.08;5089.16;32430.303
2026-07-08T18:04:50.468121+02:00;standby;27.2;30.2;5.0;28.0;51.7;57.0;0;0;0;0;16369.23;11280.08;5089.16;32430.303
2026-07-08T18:05:51.028050+02:00;standby;27.2;30.2;5.0;28.0;51.7;57.0;0;0;0;0;16369.23;11280.08;5089.16;32430.303
2026-07-08T18:06:51.548372+02:00;standby;27.2;30.2;5.0;28.0;51.7;57.0;0;0;0;0;16369.23;11280.08;5089.16;32430.303
2026-07-08T18:07:51.991203+02:00;standby;27.2;30.2;5.0;28.0;51.7;57.0;0;0;0;0;16369.23;11280.08;5089.16;32430.303
2026-07-08T18:08:52.713644+02:00;standby;27.2;30.2;5.0;28.0;51.6;57.0;0;0;0;0;16369.23;11280.08;5089.16;32430.303
2026-07-08T18:09:53.538149+02:00;standby;27.2;30.2;5.0;28.0;51.6;57.0;0;0;0;0;16369.23;11280.08;5089.16;32430.303
2026-07-08T18:10:54.074447+02:00;standby;27.2;30.2;5.0;28.0;51.6;57.0;0;0;0;0;16369.23;11280.08;5089.16;32430.303
2026-07-08T18:11:54.617975+02:00;standby;27.2;30.2;5.0;28.0;51.6;57.0;0;0;0;0;16369.23;11280.08;5089.16;32430.303
2026-07-08T18:12:55.244844+02:00;standby;27.2;30.2;5.0;28.0;51.5;57.0;0;0;0;0;16369.23;11280.08;5089.16;32430.303
2026-07-08T18:13:56.035900+02:00;standby;27.2;30.2;5.0;28.0;51.5;57.0;0;0;0;0;16369.23;11280.08;5089.16;32430.303
2026-07-08T18:14:56.623959+02:00;standby;27.2;30.2;5.0;28.0;51.5;57.0;0;0;0;0;16369.23;11280.08;5089.16;32430.303
2026-07-08T18:15:57.512719+02:00;standby;27.2;30.2;5.0;28.0;51.5;57.0;0;0;0;0;16369.23;11280.08;5089.16;32430.303
2026-07-08T18:16:58.016766+02:00;standby;27.2;30.2;5.0;28.0;51.5;57.0;0;0;0;0;16369.23;11280.08;5089.16;32430.303
2026-07-08T18:17:58.741974+02:00;standby;27.2;30.1;5.0;28.0;51.4;57.0;0;0;0;0;16369.23;11280.08;5089.16;32430.303
2026-07-08T18:18:59.214746+02:00;standby;27.2;30.2;5.0;28.0;51.4;57.0;0;0;0;0;16369.23;11280.08;5089.16;32430.303
2026-07-08T18:19:59.675930+02:00;standby;27.2;30.1;5.0;28.0;51.4;57.0;0;0;0;0;16369.23;11280.08;5089.16;32430.303
2026-07-08T18:21:00.585450+02:00;standby;27.2;30.1;5.0;28.0;51.4;57.0;0;0;0;0;16369.23;11280.08;5089.16;32430.303
2026-07-08T18:22:01.101001+02:00;standby;27.2;30.1;5.0;28.0;51.4;57.0;0;0;0;0;16369.23;11280.08;5089.16;32430.303
2026-07-08T18:23:01.900504+02:00;standby;27.2;30.1;5.0;28.0;51.4;57.0;0;0;0;0;16369.23;11280.08;5089.16;32430.303
2026-07-08T18:24:02.485860+02:00;standby;27.2;30.1;5.0;28.0;51.4;57.0;0;0;0;0;16369.23;11280.08;5089.16;32430.303
2026-07-08T18:25:02.941858+02:00;standby;27.2;30.1;5.0;28.0;51.3;57.0;0;0;0;0;16369.23;11280.08;5089.16;32430.303
2026-07-08T18:26:03.665898+02:00;standby;27.2;30.1;5.0;28.0;51.3;57.0;0;0;0;0;16369.23;11280.08;5089.16;32430.303
2026-07-08T18:27:04.398393+02:00;standby;27.2;30.1;5.0;28.0;51.3;57.0;0;0;0;0;16369.23;11280.08;5089.16;32430.303
2026-07-08T18:28:04.969396+02:00;standby;27.2;30.1;5.0;28.0;51.3;57.0;0;0;0;0;16369.23;11280.08;5089.16;32430.303
2026-07-08T18:29:05.695047+02:00;standby;27.2;30.1;5.0;28.0;51.2;57.0;0;0;0;0;16369.23;11280.08;5089.16;32430.303
2026-07-08T18:30:06.253015+02:00;standby;27.2;30.1;5.0;28.0;51.2;57.0;0;0;0;0;16369.23;11280.08;5089.16;32430.303
2026-07-08T18:31:06.941902+02:00;standby;27.2;30.1;5.0;28.0;51.2;57.0;0;0;0;0;16369.23;11280.08;5089.16;32430.303
2026-07-08T18:32:07.723987+02:00;standby;27.2;30.1;5.0;28.0;51.2;57.0;0;0;0;0;16369.23;11280.08;5089.16;32430.303
2026-07-08T18:33:08.222484+02:00;standby;27.2;30.1;5.0;28.0;51.2;57.0;0;0;0;0;16369.23;11280.08;5089.16;32430.303
2026-07-08T18:34:08.970111+02:00;standby;27.2;30.1;5.0;28.0;51.2;57.0;0;0;0;0;16369.23;11280.08;5089.16;32430.303
2026-07-08T18:35:09.568015+02:00;standby;27.2;30.0;5.0;28.0;51.2;57.0;0;0;0;0;16369.23;11280.08;5089.16;32430.303
2026-07-08T18:36:10.360258+02:00;standby;27.2;30.0;5.0;28.0;51.2;57.0;0;0;0;0;16369.23;11280.08;5089.16;32430.303
2026-07-08T18:37:10.961936+02:00;standby;27.2;30.0;5.0;28.0;51.2;57.0;0;0;0;0;16369.23;11280.08;5089.16;32430.303
2026-07-08T18:38:11.404332+02:00;standby;27.2;30.0;5.0;28.0;51.2;57.0;0;0;0;0;16369.23;11280.08;5089.16;32430.303
2026-07-08T18:39:12.107305+02:00;standby;27.2;30.0;5.0;28.0;51.1;57.0;0;0;0;0;16369.23;11280.08;5089.16;32430.303
2026-07-08T18:40:12.572431+02:00;standby;27.2;30.0;5.0;28.0;51.1;57.0;0;0;0;0;16369.23;11280.08;5089.16;32430.303
2026-07-08T18:41:13.131449+02:00;standby;27.2;30.0;5.0;28.0;51.1;57.0;0;0;0;0;16369.23;11280.08;5089.16;32430.303
2026-07-08T18:42:13.615940+02:00;standby;27.2;30.0;5.0;28.0;51.1;57.0;0;0;0;0;16369.23;11280.08;5089.16;32430.303
2026-07-08T18:43:14.306810+02:00;standby;27.2;30.0;5.0;28.0;51.1;57.0;0;0;0;0;16369.23;11280.08;5089.16;32430.303
2026-07-08T18:44:15.126959+02:00;standby;27.2;30.0;5.0;28.0;51.1;57.0;0;0;0;0;16369.23;11280.08;5089.16;32430.303
2026-07-08T18:45:15.909631+02:00;standby;27.2;30.0;5.0;28.0;51.1;57.0;0;0;0;0;16369.23;11280.08;5089.16;32430.303
2026-07-08T18:46:16.713809+02:00;standby;27.2;30.0;5.0;28.0;51.1;57.0;0;0;0;0;16369.23;11280.08;5089.16;32430.303
2026-07-08T18:47:17.287634+02:00;standby;27.2;30.0;5.0;28.0;51.1;57.0;0;0;0;0;16369.23;11280.08;5089.16;32430.303
2026-07-08T18:48:17.782144+02:00;standby;27.2;30.0;5.0;28.0;51.1;57.0;0;0;0;0;16369.23;11280.08;5089.16;32430.303
2026-07-08T18:49:18.681880+02:00;standby;27.2;29.9;5.0;28.0;50.9;57.0;0;0;0;0;16369.23;11280.08;5089.16;32430.303
2026-07-08T18:50:19.201461+02:00;standby;27.2;29.9;5.0;28.0;50.9;57.0;0;0;0;0;16369.23;11280.08;5089.16;32430.303
2026-07-08T18:51:19.719139+02:00;standby;27.2;29.9;5.0;28.0;50.9;57.0;0;0;0;0;16369.23;11280.08;5089.16;32430.303
2026-07-08T18:52:20.341158+02:00;standby;27.2;29.9;5.0;28.0;50.9;57.0;0;0;0;0;16369.23;11280.08;5089.16;32430.303
2026-07-08T18:53:20.869201+02:00;standby;27.2;29.9;5.0;28.0;50.9;57.0;0;0;0;0;16369.23;11280.08;5089.16;32430.303
2026-07-08T18:54:21.485443+02:00;standby;27.2;29.9;5.0;28.0;50.9;57.0;0;0;0;0;16369.23;11280.08;5089.16;32430.303
2026-07-08T18:55:21.953354+02:00;standby;27.2;29.9;5.0;28.0;50.9;57.0;0;0;0;0;16369.23;11280.08;5089.16;32430.303
2026-07-08T18:56:22.777982+02:00;standby;27.2;29.9;5.0;28.0;50.9;57.0;0;0;0;0;16369.23;11280.08;5089.16;32430.303
2026-07-08T18:57:23.445156+02:00;standby;27.2;29.9;5.0;28.0;50.9;57.0;0;0;0;0;16369.23;11280.08;5089.16;32430.303
2026-07-08T18:58:24.309402+02:00;standby;27.2;29.9;5.0;28.0;50.9;57.0;0;0;0;0;16369.23;11280.08;5089.16;32430.303
2026-07-08T18:59:25.251412+02:00;standby;27.7;29.9;5.0;28.0;50.8;57.0;0;0;0;0;16369.23;11280.08;5089.16;32430.303
2026-07-08T19:00:25.757956+02:00;standby;27.7;29.9;5.0;28.0;50.8;57.0;0;0;0;0;16369.23;11280.08;5089.16;32430.303
2026-07-08T19:01:26.241806+02:00;standby;27.7;29.9;5.0;28.0;50.8;57.0;0;0;0;0;16369.23;11280.08;5089.16;32430.303
2026-07-08T19:02:27.169510+02:00;standby;27.7;29.9;5.0;28.0;50.8;57.0;0;0;0;0;16369.23;11280.08;5089.16;32430.303
2026-07-08T19:03:27.759878+02:00;standby;27.7;29.9;5.0;28.0;50.8;57.0;0;0;0;0;16369.23;11280.08;5089.16;32430.303
2026-07-08T19:04:28.192604+02:00;standby;27.7;29.9;5.0;28.0;50.8;57.0;0;0;0;0;16369.23;11280.08;5089.16;32430.303
2026-07-08T19:05:28.900855+02:00;standby;27.7;29.9;5.0;28.0;50.8;57.0;0;0;0;0;16369.23;11280.08;5089.16;32430.303
2026-07-08T19:06:29.417710+02:00;standby;27.7;29.7;5.0;28.0;50.8;57.0;0;0;0;0;16369.23;11280.08;5089.16;32430.303
2026-07-08T19:07:29.867456+02:00;standby;27.7;29.7;5.0;28.0;50.8;57.0;0;0;0;0;16369.23;11280.08;5089.16;32430.303
2026-07-08T19:08:30.421995+02:00;standby;27.7;29.7;5.0;28.0;50.7;57.0;0;0;0;0;16369.23;11280.08;5089.16;32430.303
2026-07-08T19:09:31.319103+02:00;standby;27.7;29.7;5.0;28.0;50.7;57.0;0;0;0;0;16369.23;11280.08;5089.16;32430.303
2026-07-08T19:10:31.842236+02:00;standby;27.7;29.7;5.0;28.0;50.7;57.0;0;0;0;0;16369.23;11280.08;5089.16;32430.303
2026-07-08T19:11:32.358144+02:00;standby;27.7;29.7;5.0;28.0;50.7;57.0;0;0;0;0;16369.23;11280.08;5089.16;32430.303
2026-07-08T19:12:32.857712+02:00;standby;27.7;29.7;5.0;28.0;50.7;57.0;0;0;0;0;16369.23;11280.08;5089.16;32430.303
2026-07-08T19:13:33.320287+02:00;standby;27.7;29.7;5.0;28.0;50.7;57.0;0;0;0;0;16369.23;11280.08;5089.16;32430.303
2026-07-08T19:14:33.862777+02:00;standby;27.7;29.7;5.0;28.0;50.7;57.0;0;0;0;0;16369.23;11280.08;5089.16;32430.303
2026-07-08T19:15:34.396437+02:00;standby;27.7;29.7;5.0;28.0;50.7;57.0;0;0;0;0;16369.23;11280.08;5089.16;32430.303
2026-07-08T19:16:34.854633+02:00;standby;27.7;29.7;5.0;28.0;50.7;57.0;0;0;0;0;16369.23;11280.08;5089.16;32430.303
2026-07-08T19:17:35.284913+02:00;standby;27.7;29.7;5.0;28.0;50.6;57.0;0;0;0;0;16369.23;11280.08;5089.16;32430.303
2026-07-08T19:18:35.738276+02:00;standby;27.7;29.7;5.0;28.0;50.6;57.0;0;0;0;0;16369.23;11280.08;5089.16;32430.303
2026-07-08T19:19:36.365588+02:00;standby;27.7;29.7;5.0;28.0;50.6;57.0;0;0;0;0;16369.23;11280.08;5089.16;32430.303
2026-07-08T19:20:36.842021+02:00;standby;27.7;29.7;5.0;28.0;50.6;57.0;0;0;0;0;16369.23;11280.08;5089.16;32430.303
2026-07-08T19:21:37.325470+02:00;standby;27.7;29.7;5.0;28.0;50.6;57.0;0;0;0;0;16369.23;11280.08;5089.16;32430.303
2026-07-08T19:22:37.740789+02:00;standby;27.7;29.7;5.0;28.0;50.6;57.0;0;0;0;0;16369.23;11280.08;5089.16;32430.303
2026-07-08T19:23:38.196585+02:00;standby;27.7;29.7;5.0;28.0;50.6;57.0;0;0;0;0;16369.23;11280.08;5089.16;32430.303
2026-07-08T19:24:38.823482+02:00;standby;27.7;29.7;5.0;28.0;50.6;57.0;0;0;0;0;16369.23;11280.08;5089.16;32430.303
2026-07-08T19:25:39.317374+02:00;standby;27.7;29.7;5.0;28.0;50.6;57.0;0;0;0;0;16369.23;11280.08;5089.16;32430.303
2026-07-08T19:26:39.772759+02:00;standby;27.7;29.6;5.0;28.0;50.6;57.0;0;0;0;0;16369.23;11280.08;5089.16;32430.303
2026-07-08T19:27:40.482062+02:00;standby;27.7;29.6;5.0;28.0;50.5;57.0;0;0;0;0;16369.23;11280.08;5089.16;32430.303
2026-07-08T19:28:41.034590+02:00;standby;27.7;29.6;5.0;28.0;50.5;57.0;0;0;0;0;16369.23;11280.08;5089.16;32430.303
2026-07-08T19:29:41.537059+02:00;standby;27.7;29.6;5.0;28.0;50.4;57.0;0;0;0;0;16369.23;11280.08;5089.16;32430.303
2026-07-08T19:30:42.022108+02:00;standby;27.7;29.6;5.0;28.0;50.4;57.0;0;0;0;0;16369.23;11280.08;5089.16;32430.303
2026-07-08T19:31:42.559236+02:00;standby;27.7;29.6;5.0;28.0;50.4;57.0;0;0;0;0;16369.23;11280.08;5089.16;32430.303
2026-07-08T19:32:43.289073+02:00;standby;27.7;29.6;5.0;28.0;50.3;57.0;0;0;0;0;16369.23;11280.08;5089.16;32430.303
2026-07-08T19:33:43.762349+02:00;standby;27.7;29.6;5.0;28.0;50.3;57.0;0;0;0;0;16369.23;11280.08;5089.16;32430.303
2026-07-08T19:34:44.223654+02:00;standby;27.7;29.6;5.0;28.0;50.3;57.0;0;0;0;0;16369.23;11280.08;5089.16;32430.303
2026-07-08T19:35:44.775216+02:00;standby;27.7;29.6;5.0;28.0;50.2;57.0;0;0;0;0;16369.23;11280.08;5089.16;32430.303
2026-07-08T19:36:45.255059+02:00;standby;27.7;29.6;5.0;28.0;50.2;57.0;0;0;0;0;16369.23;11280.08;5089.16;32430.303
2026-07-08T19:37:45.743887+02:00;standby;27.7;29.6;5.0;28.0;50.2;57.0;0;0;0;0;16369.23;11280.08;5089.16;32430.303
2026-07-08T19:38:46.516136+02:00;standby;27.7;29.6;5.0;28.0;50.2;57.0;0;0;0;0;16369.23;11280.08;5089.16;32430.303
2026-07-08T19:39:46.985220+02:00;standby;27.7;29.6;5.0;28.0;50.2;57.0;0;0;0;0;16369.23;11280.08;5089.16;32430.303
2026-07-08T19:40:47.795495+02:00;standby;27.7;29.6;5.0;28.0;50.2;57.0;0;0;0;0;16369.23;11280.08;5089.16;32430.303
2026-07-08T19:41:50.027381+02:00;standby;27.7;29.6;5.0;28.0;50.2;57.0;0;0;0;0;16369.23;11280.08;5089.16;32430.303
2026-07-08T19:42:50.529317+02:00;standby;27.7;29.6;5.0;28.0;50.2;57.0;0;0;0;0;16369.23;11280.08;5089.16;32430.303
2026-07-08T19:43:51.092855+02:00;standby;27.7;29.4;5.0;28.0;50.2;57.0;0;0;0;0;16369.23;11280.08;5089.16;32430.303
2026-07-08T19:44:51.701535+02:00;standby;27.7;29.4;5.0;28.0;50.1;57.0;0;0;0;0;16369.23;11280.08;5089.16;32430.303
2026-07-08T19:45:52.182369+02:00;standby;27.7;29.4;5.0;28.0;50.1;57.0;0;0;0;0;16369.23;11280.08;5089.16;32430.303
2026-07-08T19:46:52.769627+02:00;standby;27.7;29.4;5.0;28.0;50.1;57.0;0;0;0;0;16369.23;11280.08;5089.16;32430.303
2026-07-08T19:47:53.220323+02:00;standby;27.7;29.4;5.0;28.0;50.1;57.0;0;0;0;0;16369.23;11280.08;5089.16;32430.303
2026-07-08T19:48:54.071863+02:00;standby;27.7;29.4;5.0;28.0;50.1;57.0;0;0;0;0;16369.23;11280.08;5089.16;32430.303
2026-07-08T19:49:54.566477+02:00;standby;27.7;29.4;5.0;28.0;50.1;57.0;0;0;0;0;16369.23;11280.08;5089.16;32430.303
2026-07-08T19:50:55.306385+02:00;standby;27.7;29.4;5.0;28.0;50.1;57.0;0;0;0;0;16369.23;11280.08;5089.16;32430.303
2026-07-08T19:51:55.772804+02:00;standby;27.7;29.4;5.0;28.0;50.1;57.0;0;0;0;0;16369.23;11280.08;5089.16;32430.303
2026-07-08T19:52:56.231969+02:00;standby;27.7;29.4;5.0;28.0;50.1;57.0;0;0;0;0;16369.23;11280.08;5089.16;32430.303
2026-07-08T19:53:56.762972+02:00;standby;27.7;29.4;5.0;28.0;50.1;57.0;0;0;0;0;16369.23;11280.08;5089.16;32430.303
2026-07-08T19:54:57.333519+02:00;standby;27.7;29.4;5.0;28.0;50.1;57.0;0;0;0;0;16369.23;11280.08;5089.16;32430.303
2026-07-08T19:55:57.857893+02:00;standby;27.7;29.4;5.0;28.0;50.0;57.0;0;0;0;0;16369.23;11280.08;5089.16;32430.303
2026-07-08T19:56:58.307008+02:00;standby;27.7;29.4;5.0;28.0;50.0;57.0;0;0;0;0;16369.23;11280.08;5089.16;32430.303
2026-07-08T19:57:58.822195+02:00;standby;27.7;29.4;5.0;28.0;50.0;57.0;0;0;0;0;16369.23;11280.08;5089.16;32430.303
2026-07-08T19:58:59.511379+02:00;standby;27.7;29.4;5.0;28.0;49.8;57.0;0;0;0;0;16369.23;11280.08;5089.16;32430.303
2026-07-08T19:59:59.977138+02:00;standby;27.4;29.4;5.0;28.0;49.8;57.0;0;0;0;0;16369.23;11280.08;5089.16;32430.303
2026-07-08T20:01:00.494804+02:00;standby;27.4;29.4;5.0;28.0;49.7;57.0;0;0;0;0;16369.23;11280.08;5089.16;32430.303
2026-07-08T20:02:00.968514+02:00;standby;27.4;29.4;5.0;28.0;49.7;57.0;0;0;0;0;16369.23;11280.08;5089.16;32430.303
2026-07-08T20:03:01.850144+02:00;standby;27.4;29.4;5.0;28.0;49.7;57.0;0;0;0;0;16369.23;11280.08;5089.16;32430.303
2026-07-08T20:04:03.523915+02:00;standby;27.4;29.4;5.0;28.0;49.6;57.0;0;0;0;0;16369.23;11280.08;5089.16;32430.303
2026-07-08T20:05:03.957283+02:00;standby;27.4;29.4;5.0;28.0;49.4;57.0;0;0;0;0;16369.23;11280.08;5089.16;32430.303
2026-07-08T20:06:04.456827+02:00;standby;27.4;29.4;5.0;28.0;49.2;57.0;0;0;0;0;16369.23;11280.08;5089.16;32430.303
2026-07-08T20:07:04.893963+02:00;standby;27.4;29.3;5.0;28.0;49.1;57.0;0;0;0;0;16369.23;11280.08;5089.16;32430.303
2026-07-08T20:08:05.362365+02:00;standby;27.4;29.3;5.0;28.0;49.1;57.0;0;0;0;0;16369.23;11280.08;5089.16;32430.303
2026-07-08T20:09:06.018708+02:00;standby;27.4;29.4;5.0;28.0;49.0;57.0;0;0;0;0;16369.23;11280.08;5089.16;32430.303
2026-07-08T20:10:07.838696+02:00;standby;27.4;29.3;5.0;28.0;49.0;57.0;0;0;0;0;16369.23;11280.08;5089.16;32430.303
2026-07-08T20:11:08.567448+02:00;standby;27.4;29.3;5.0;28.0;49.0;57.0;0;0;0;0;16369.23;11280.08;5089.16;32430.303
2026-07-08T20:12:09.068653+02:00;standby;27.4;29.3;5.0;28.0;49.0;57.0;0;0;0;0;16369.23;11280.08;5089.16;32430.303
2026-07-08T20:13:09.590248+02:00;standby;27.4;29.3;5.0;28.0;49.0;57.0;0;0;0;0;16369.23;11280.08;5089.16;32430.303
2026-07-08T20:14:10.078529+02:00;standby;27.4;29.3;5.0;28.0;49.0;57.0;0;0;0;0;16369.23;11280.08;5089.16;32430.303
2026-07-08T20:15:10.539108+02:00;standby;27.4;29.3;5.0;28.0;49.0;57.0;0;0;0;0;16369.23;11280.08;5089.16;32430.303
2026-07-08T20:16:11.002808+02:00;standby;27.4;29.3;5.0;28.0;48.9;57.0;0;0;0;0;16369.23;11280.08;5089.16;32430.303
2026-07-08T20:17:11.467123+02:00;standby;27.4;29.3;5.0;28.0;48.9;57.0;0;0;0;0;16369.23;11280.08;5089.16;32430.303
2026-07-08T20:18:12.086494+02:00;standby;27.4;29.3;5.0;28.0;48.9;57.0;0;0;0;0;16369.23;11280.08;5089.16;32430.303
2026-07-08T20:19:12.702880+02:00;standby;27.4;29.3;5.0;28.0;48.9;57.0;0;0;0;0;16369.23;11280.08;5089.16;32430.303
2026-07-08T20:20:13.158441+02:00;standby;27.4;29.3;5.0;28.0;48.9;57.0;0;0;0;0;16369.23;11280.08;5089.16;32430.303
2026-07-08T20:21:13.612820+02:00;standby;27.4;29.3;5.0;28.0;48.9;57.0;0;0;0;0;16369.23;11280.08;5089.16;32430.303
2026-07-08T20:22:14.089440+02:00;standby;27.4;29.3;5.0;28.0;48.9;57.0;0;0;0;0;16369.23;11280.08;5089.16;32430.303
2026-07-08T20:23:14.543305+02:00;standby;27.4;29.3;5.0;28.0;48.9;57.0;0;0;0;0;16369.23;11280.08;5089.16;32430.303
2026-07-08T20:24:15.221441+02:00;standby;27.4;29.3;5.0;28.0;48.9;57.0;0;0;0;0;16369.23;11280.08;5089.16;32430.303
2026-07-08T20:25:15.741796+02:00;standby;27.4;29.3;5.0;28.0;48.9;57.0;0;0;0;0;16369.23;11280.08;5089.16;32430.303
2026-07-08T20:26:16.362316+02:00;standby;27.4;29.3;5.0;28.0;48.8;57.0;0;0;0;0;16369.23;11280.08;5089.16;32430.303
2026-07-08T20:27:17.069835+02:00;standby;27.4;29.3;5.0;28.0;48.8;57.0;0;0;0;0;16369.23;11280.08;5089.16;32430.303
2026-07-08T20:28:17.584522+02:00;standby;27.4;29.3;5.0;28.0;48.8;57.0;0;0;0;0;16369.23;11280.08;5089.16;32430.303
2026-07-08T20:29:18.719820+02:00;standby;27.4;29.3;5.0;28.0;48.8;57.0;0;0;0;0;16369.23;11280.08;5089.16;32430.303
2026-07-08T20:30:19.248090+02:00;standby;27.4;29.3;5.0;28.0;48.8;57.0;0;0;0;0;16369.23;11280.08;5089.16;32430.303
2026-07-08T20:31:19.753932+02:00;standby;27.4;29.2;5.0;28.0;48.8;57.0;0;0;0;0;16369.23;11280.08;5089.16;32430.303
2026-07-08T20:32:21.849575+02:00;standby;27.4;29.3;5.0;28.0;48.8;57.0;0;0;0;0;16369.23;11280.08;5089.16;32430.303
2026-07-08T20:33:22.535382+02:00;standby;27.4;29.2;5.0;28.0;48.8;57.0;0;0;0;0;16369.23;11280.08;5089.16;32430.303
2026-07-08T20:34:23.063152+02:00;standby;27.4;29.2;5.0;28.0;48.8;57.0;0;0;0;0;16369.23;11280.08;5089.16;32430.303
2026-07-08T20:35:23.572391+02:00;standby;27.4;29.2;5.0;28.0;48.8;57.0;0;0;0;0;16369.23;11280.08;5089.16;32430.303
2026-07-08T20:36:24.211502+02:00;standby;27.4;29.2;5.0;28.0;48.8;57.0;0;0;0;0;16369.23;11280.08;5089.16;32430.303
2026-07-08T20:37:24.669722+02:00;standby;27.4;29.2;5.0;28.0;48.7;57.0;0;0;0;0;16369.23;11280.08;5089.16;32430.303
2026-07-08T20:38:25.200406+02:00;standby;27.4;29.2;5.0;28.0;48.7;57.0;0;0;0;0;16369.23;11280.08;5089.16;32430.303
2026-07-08T20:39:26.194454+02:00;standby;27.4;29.2;5.0;28.0;48.7;57.0;0;0;0;0;16369.23;11280.08;5089.16;32430.303
2026-07-08T20:40:26.636996+02:00;standby;27.4;29.2;5.0;28.0;48.7;57.0;0;0;0;0;16369.23;11280.08;5089.16;32430.303
2026-07-08T20:41:27.205594+02:00;standby;27.4;29.2;5.0;28.0;48.7;57.0;0;0;0;0;16369.23;11280.08;5089.16;32430.303
2026-07-08T20:42:27.730304+02:00;standby;27.4;29.2;5.0;28.0;48.7;57.0;0;0;0;0;16369.23;11280.08;5089.16;32430.303
2026-07-08T20:43:28.299153+02:00;standby;27.4;29.2;5.0;28.0;48.7;57.0;0;0;0;0;16369.23;11280.08;5089.16;32430.303
2026-07-08T20:44:28.830924+02:00;standby;27.4;29.2;5.0;28.0;48.7;57.0;0;0;0;0;16369.23;11280.08;5089.16;32430.303
2026-07-08T20:45:29.235564+02:00;standby;27.4;29.2;5.0;28.0;48.7;57.0;0;0;0;0;16369.23;11280.08;5089.16;32430.303
2026-07-08T20:46:29.851432+02:00;standby;27.4;29.2;5.0;28.0;48.7;57.0;0;0;0;0;16369.23;11280.08;5089.16;32430.303
2026-07-08T20:47:30.279474+02:00;standby;27.4;29.2;5.0;28.0;48.7;57.0;0;0;0;0;16369.23;11280.08;5089.16;32430.303
2026-07-08T20:48:30.737943+02:00;standby;27.4;29.2;5.0;28.0;48.6;57.0;0;0;0;0;16369.23;11280.08;5089.16;32430.303
2026-07-08T20:49:31.222929+02:00;standby;27.4;29.2;5.0;28.0;48.6;57.0;0;0;0;0;16369.23;11280.08;5089.16;32430.303
2026-07-08T20:50:31.676598+02:00;standby;27.4;29.2;5.0;28.0;48.6;57.0;0;0;0;0;16369.23;11280.08;5089.16;32430.303
2026-07-08T20:51:32.147779+02:00;standby;27.4;29.2;5.0;28.0;48.6;57.0;0;0;0;0;16369.23;11280.08;5089.16;32430.303
2026-07-08T20:52:32.762942+02:00;standby;27.4;29.2;5.0;28.0;48.6;57.0;0;0;0;0;16369.23;11280.08;5089.16;32430.303
2026-07-08T20:53:33.940655+02:00;standby;27.4;29.2;5.0;28.0;48.6;57.0;0;0;0;0;16369.23;11280.08;5089.16;32430.303
2026-07-08T20:54:34.465856+02:00;standby;27.4;29.2;5.0;28.0;48.6;57.0;0;0;0;0;16369.23;11280.08;5089.16;32430.303
2026-07-08T20:55:34.881827+02:00;standby;27.4;29.0;5.0;28.0;48.6;57.0;0;0;0;0;16369.23;11280.08;5089.16;32430.303
2026-07-08T20:56:35.464444+02:00;standby;27.4;29.2;5.0;28.0;48.6;57.0;0;0;0;0;16369.23;11280.08;5089.16;32430.303
2026-07-08T20:57:36.156484+02:00;standby;27.4;29.2;5.0;28.0;48.6;57.0;0;0;0;0;16369.23;11280.08;5089.16;32430.303
2026-07-08T20:58:36.978547+02:00;standby;27.4;29.2;5.0;28.0;48.6;57.0;0;0;0;0;16369.23;11280.08;5089.16;32430.303
2026-07-08T20:59:37.531712+02:00;standby;27.4;29.0;5.0;28.0;48.6;57.0;0;0;0;0;16369.23;11280.08;5089.16;32430.303
2026-07-08T21:00:38.092342+02:00;standby;25.6;29.0;5.0;28.0;48.5;57.0;0;0;0;0;16369.23;11280.08;5089.16;32430.303
2026-07-08T21:01:39.074145+02:00;standby;25.6;29.0;5.0;28.0;48.5;57.0;0;0;0;0;16369.23;11280.08;5089.16;32430.303
2026-07-08T21:02:39.747412+02:00;standby;25.6;29.0;5.0;28.0;48.5;57.0;0;0;0;0;16369.23;11280.08;5089.16;32430.303
2026-07-08T21:03:40.281021+02:00;standby;25.6;29.0;5.0;28.0;48.5;57.0;0;0;0;0;16369.23;11280.08;5089.16;32430.303
2026-07-08T21:04:40.907102+02:00;standby;25.6;29.0;5.0;28.0;48.5;57.0;0;0;0;0;16369.23;11280.08;5089.16;32430.303
2026-07-08T21:05:41.633901+02:00;standby;25.6;29.0;5.0;28.0;48.5;57.0;0;0;0;0;16369.23;11280.08;5089.16;32430.303
2026-07-08T21:06:42.299879+02:00;standby;25.6;29.0;5.0;28.0;48.5;57.0;0;0;0;0;16369.23;11280.08;5089.16;32430.303
2026-07-08T21:07:43.427825+02:00;standby;25.6;29.0;5.0;28.0;48.5;57.0;0;0;0;0;16369.23;11280.08;5089.16;32430.303
2026-07-08T21:08:44.042365+02:00;standby;25.6;29.0;5.0;28.0;48.5;57.0;0;0;0;0;16369.23;11280.08;5089.16;32430.303
2026-07-08T21:09:44.627982+02:00;standby;25.6;29.0;5.0;28.0;48.5;57.0;0;0;0;0;16369.23;11280.08;5089.16;32430.303
2026-07-08T21:10:45.156612+02:00;standby;25.6;29.0;5.0;28.0;48.5;57.0;0;0;0;0;16369.23;11280.08;5089.16;32430.303
2026-07-08T21:11:45.957745+02:00;standby;25.6;29.0;5.0;28.0;48.5;57.0;0;0;0;0;16369.23;11280.08;5089.16;32430.303
2026-07-08T21:12:46.578183+02:00;standby;25.6;29.0;5.0;28.0;48.4;57.0;0;0;0;0;16369.23;11280.08;5089.16;32430.303
2026-07-08T21:13:47.028192+02:00;standby;25.6;29.0;5.0;28.0;48.4;57.0;0;0;0;0;16369.23;11280.08;5089.16;32430.303
2026-07-08T21:14:47.520483+02:00;standby;25.6;29.0;5.0;28.0;48.4;57.0;0;0;0;0;16369.23;11280.08;5089.16;32430.303
2026-07-08T21:15:48.497930+02:00;standby;25.6;29.0;5.0;28.0;48.4;57.0;0;0;0;0;16369.23;11280.08;5089.16;32430.303
2026-07-08T21:16:49.075225+02:00;standby;25.6;29.0;5.0;28.0;48.4;57.0;0;0;0;0;16369.23;11280.08;5089.16;32430.303
2026-07-08T21:17:49.586067+02:00;standby;25.6;29.0;5.0;28.0;48.4;57.0;0;0;0;0;16369.23;11280.08;5089.16;32430.303
2026-07-08T21:18:50.024983+02:00;standby;25.6;29.0;5.0;28.0;48.4;57.0;0;0;0;0;16369.23;11280.08;5089.16;32430.303
2026-07-08T21:19:50.627310+02:00;standby;25.6;29.0;5.0;28.0;48.4;57.0;0;0;0;0;16369.23;11280.08;5089.16;32430.303
2026-07-08T21:20:51.259813+02:00;standby;25.6;29.0;5.0;28.0;48.4;57.0;0;0;0;0;16369.23;11280.08;5089.16;32430.303
2026-07-08T21:21:51.882278+02:00;standby;25.6;29.0;5.0;28.0;48.4;57.0;0;0;0;0;16369.23;11280.08;5089.16;32430.303
2026-07-08T21:22:52.805138+02:00;standby;25.6;29.0;5.0;28.0;48.4;57.0;0;0;0;0;16369.23;11280.08;5089.16;32430.303
2026-07-08T21:23:53.373153+02:00;standby;25.6;29.0;5.0;28.0;48.4;57.0;0;0;0;0;16369.23;11280.08;5089.16;32430.303
2026-07-08T21:24:53.795432+02:00;standby;25.6;29.0;5.0;28.0;48.2;57.0;0;0;0;0;16369.23;11280.08;5089.16;32430.303
2026-07-08T21:25:54.319113+02:00;standby;25.6;28.9;5.0;28.0;48.2;57.0;0;0;0;0;16369.23;11280.08;5089.16;32430.303
2026-07-08T21:26:55.646727+02:00;standby;25.6;29.0;5.0;28.0;48.2;57.0;0;0;0;0;16369.23;11280.08;5089.16;32430.303
2026-07-08T21:27:56.249389+02:00;standby;25.6;28.9;5.0;28.0;48.2;57.0;0;0;0;0;16369.23;11280.08;5089.16;32430.303
2026-07-08T21:28:59.212525+02:00;standby;25.6;28.9;5.0;28.0;48.2;57.0;0;0;0;0;16369.23;11280.08;5089.16;32430.303
2026-07-08T21:29:59.666564+02:00;standby;25.6;28.9;5.0;28.0;48.2;57.0;0;0;0;0;16369.23;11280.08;5089.16;32430.303
2026-07-08T21:31:00.149797+02:00;standby;25.6;28.9;5.0;28.0;48.2;57.0;0;0;0;0;16369.23;11280.08;5089.16;32430.303
2026-07-08T21:32:00.858114+02:00;standby;25.6;28.9;5.0;28.0;48.2;57.0;0;0;0;0;16369.23;11280.08;5089.16;32430.303
2026-07-08T21:33:01.423934+02:00;standby;25.6;28.9;5.0;28.0;48.2;57.0;0;0;0;0;16369.23;11280.08;5089.16;32430.303
2026-07-08T21:34:01.902953+02:00;standby;25.6;28.9;5.0;28.0;48.2;57.0;0;0;0;0;16369.23;11280.08;5089.16;32430.303
2026-07-08T21:35:02.851562+02:00;standby;25.6;28.9;5.0;28.0;48.2;57.0;0;0;0;0;16369.23;11280.08;5089.16;32430.303
2026-07-08T21:36:03.359611+02:00;standby;25.6;28.9;5.0;28.0;48.2;57.0;0;0;0;0;16369.23;11280.08;5089.16;32430.303
2026-07-08T21:37:03.864200+02:00;standby;25.6;28.9;5.0;28.0;48.1;57.0;0;0;0;0;16369.23;11280.08;5089.16;32430.303
2026-07-08T21:38:04.378839+02:00;standby;25.6;28.9;5.0;28.0;48.1;57.0;0;0;0;0;16369.23;11280.08;5089.16;32430.303
2026-07-08T21:39:04.896447+02:00;standby;25.6;28.9;5.0;28.0;48.1;57.0;0;0;0;0;16369.23;11280.08;5089.16;32430.303
2026-07-08T21:40:05.532230+02:00;standby;25.6;28.9;5.0;28.0;48.1;57.0;0;0;0;0;16369.23;11280.08;5089.16;32430.303
2026-07-08T21:41:06.142744+02:00;standby;25.6;28.9;5.0;28.0;48.1;57.0;0;0;0;0;16369.23;11280.08;5089.16;32430.303
2026-07-08T21:42:06.675316+02:00;standby;25.6;28.9;5.0;28.0;48.1;57.0;0;0;0;0;16369.23;11280.08;5089.16;32430.303
2026-07-08T21:43:07.297773+02:00;standby;25.6;28.9;5.0;28.0;48.1;57.0;0;0;0;0;16369.23;11280.08;5089.16;32430.303
2026-07-08T21:44:07.800408+02:00;standby;25.6;28.9;5.0;28.0;48.1;57.0;0;0;0;0;16369.23;11280.08;5089.16;32430.303
2026-07-08T21:45:08.338372+02:00;standby;25.6;28.9;5.0;28.0;48.1;57.0;0;0;0;0;16369.23;11280.08;5089.16;32430.303
2026-07-08T21:46:08.841824+02:00;standby;25.6;28.9;5.0;28.0;48.1;57.0;0;0;0;0;16369.23;11280.08;5089.16;32430.303
2026-07-08T21:47:09.667862+02:00;standby;25.6;28.9;5.0;28.0;48.1;57.0;0;0;0;0;16369.23;11280.08;5089.16;32430.303
2026-07-08T21:48:10.605188+02:00;standby;25.6;28.9;5.0;28.0;48.1;57.0;0;0;0;0;16369.23;11280.08;5089.16;32430.303
2026-07-08T21:49:11.067568+02:00;standby;25.6;28.9;5.0;28.0;48.0;57.0;0;0;0;0;16369.23;11280.08;5089.16;32430.303
2026-07-08T21:50:11.631013+02:00;standby;25.6;28.9;5.0;28.0;48.0;57.0;0;0;0;0;16369.23;11280.08;5089.16;32430.303
2026-07-08T21:51:12.151308+02:00;standby;25.6;28.9;5.0;28.0;48.0;57.0;0;0;0;0;16369.23;11280.08;5089.16;32430.303
2026-07-08T21:52:12.632530+02:00;standby;25.6;28.9;5.0;28.0;48.0;57.0;0;0;0;0;16369.23;11280.08;5089.16;32430.303
2026-07-08T21:53:13.142289+02:00;standby;25.6;28.9;5.0;28.0;48.0;57.0;0;0;0;0;16369.23;11280.08;5089.16;32430.303
2026-07-08T21:54:14.188237+02:00;standby;25.6;28.7;5.0;28.0;48.0;57.0;0;0;0;0;16369.23;11280.08;5089.16;32430.303
2026-07-08T21:55:14.639578+02:00;standby;25.6;28.9;5.0;28.0;48.0;57.0;0;0;0;0;16369.23;11280.08;5089.16;32430.303
2026-07-08T21:56:15.170610+02:00;standby;25.6;28.7;5.0;28.0;48.0;57.0;0;0;0;0;16369.23;11280.08;5089.16;32430.303
2026-07-08T21:57:16.961327+02:00;standby;25.6;28.9;5.0;28.0;48.0;57.0;0;0;0;0;16369.23;11280.08;5089.16;32430.303
2026-07-08T21:58:17.477415+02:00;standby;25.6;28.9;5.0;28.0;48.0;57.0;0;0;0;0;16369.23;11280.08;5089.16;32430.303
2026-07-08T21:59:17.907753+02:00;standby;25.6;28.7;5.0;28.0;48.0;57.0;0;0;0;0;16369.23;11280.08;5089.16;32430.303
2026-07-08T22:00:18.463797+02:00;standby;25.6;28.7;5.0;28.0;48.0;57.0;0;0;0;0;16369.23;11280.08;5089.16;32430.303
2026-07-08T22:01:19.031904+02:00;standby;23.9;28.7;5.0;28.0;47.9;57.0;0;0;0;0;16369.23;11280.08;5089.16;32430.303
2026-07-08T22:02:19.497691+02:00;standby;23.9;28.7;5.0;28.0;47.9;57.0;0;0;0;0;16369.23;11280.08;5089.16;32430.303
2026-07-08T22:03:20.033196+02:00;standby;23.9;28.7;5.0;28.0;47.9;57.0;0;0;0;0;16369.23;11280.08;5089.16;32430.303
2026-07-08T22:04:20.540409+02:00;standby;23.9;28.7;5.0;28.0;47.9;57.0;0;0;0;0;16369.23;11280.08;5089.16;32430.303
2026-07-08T22:05:20.969103+02:00;standby;23.9;28.9;5.0;28.0;47.9;57.0;0;0;0;0;16369.23;11280.08;5089.16;32430.303
2026-07-08T22:06:21.455993+02:00;standby;23.9;28.7;5.0;28.0;47.9;57.0;0;0;0;0;16369.23;11280.08;5089.16;32430.303
2026-07-08T22:07:21.905295+02:00;standby;23.9;28.7;5.0;28.0;47.9;57.0;0;0;0;0;16369.23;11280.08;5089.16;32430.303
2026-07-08T22:08:22.615252+02:00;standby;23.9;28.7;5.0;28.0;47.9;57.0;0;0;0;0;16369.23;11280.08;5089.16;32430.303
2026-07-08T22:09:23.032156+02:00;standby;23.9;28.7;5.0;28.0;47.9;57.0;0;0;0;0;16369.23;11280.08;5089.16;32430.303
2026-07-08T22:10:23.927134+02:00;standby;23.9;28.7;5.0;28.0;47.9;57.0;0;0;0;0;16369.23;11280.08;5089.16;32430.303
2026-07-08T22:11:24.377246+02:00;standby;23.9;28.7;5.0;28.0;47.9;57.0;0;0;0;0;16369.23;11280.08;5089.16;32430.303
2026-07-08T22:12:25.852295+02:00;standby;23.9;28.7;5.0;28.0;47.8;57.0;0;0;0;0;16369.23;11280.08;5089.16;32430.303
2026-07-08T22:13:26.319527+02:00;standby;23.9;28.7;5.0;28.0;47.8;57.0;0;0;0;0;16369.23;11280.08;5089.16;32430.303
2026-07-08T22:14:26.856356+02:00;standby;23.9;28.7;5.0;28.0;47.8;57.0;0;0;0;0;16369.23;11280.08;5089.16;32430.303
2026-07-08T22:15:27.444652+02:00;standby;23.9;28.7;5.0;28.0;47.8;57.0;0;0;0;0;16369.23;11280.08;5089.16;32430.303
2026-07-08T22:16:27.877351+02:00;standby;23.9;28.7;5.0;28.0;47.8;57.0;0;0;0;0;16369.23;11280.08;5089.16;32430.303
2026-07-08T22:17:28.584198+02:00;standby;23.9;28.7;5.0;28.0;47.8;57.0;0;0;0;0;16369.23;11280.08;5089.16;32430.303
2026-07-08T22:18:28.998115+02:00;standby;23.9;28.7;5.0;28.0;47.8;57.0;0;0;0;0;16369.23;11280.08;5089.16;32430.303
2026-07-08T22:19:29.640828+02:00;standby;23.9;28.7;5.0;28.0;47.8;57.0;0;0;0;0;16369.23;11280.08;5089.16;32430.303
2026-07-08T22:20:30.098375+02:00;standby;23.9;28.7;5.0;28.0;47.8;57.0;0;0;0;0;16369.23;11280.08;5089.16;32430.303
2026-07-08T22:21:30.555602+02:00;standby;23.9;28.7;5.0;28.0;47.8;57.0;0;0;0;0;16369.23;11280.08;5089.16;32430.303
2026-07-08T22:22:31.022874+02:00;standby;23.9;28.7;5.0;28.0;47.8;57.0;0;0;0;0;16369.23;11280.08;5089.16;32430.303
2026-07-08T22:23:31.769090+02:00;standby;23.9;28.7;5.0;28.0;47.8;57.0;0;0;0;0;16369.23;11280.08;5089.16;32430.303
2026-07-08T22:24:32.340254+02:00;standby;23.9;28.7;5.0;28.0;47.8;57.0;0;0;0;0;16369.23;11280.08;5089.16;32430.303
2026-07-08T22:25:33.067172+02:00;standby;23.9;28.7;5.0;28.0;47.7;57.0;0;0;0;0;16369.23;11280.08;5089.16;32430.303
2026-07-08T22:26:33.556420+02:00;standby;23.9;28.7;5.0;28.0;47.8;57.0;0;0;0;0;16369.23;11280.08;5089.16;32430.303
2026-07-08T22:27:34.085772+02:00;standby;23.9;28.7;5.0;28.0;47.7;57.0;0;0;0;0;16369.23;11280.08;5089.16;32430.303
2026-07-08T22:28:34.698722+02:00;standby;23.9;28.6;5.0;28.0;47.7;57.0;0;0;0;0;16369.23;11280.08;5089.16;32430.303
2026-07-08T22:29:35.140801+02:00;standby;23.9;28.7;5.0;28.0;47.7;57.0;0;0;0;0;16369.23;11280.08;5089.16;32430.303
2026-07-08T22:30:35.707294+02:00;standby;23.9;28.6;5.0;28.0;47.7;57.0;0;0;0;0;16369.23;11280.08;5089.16;32430.303
2026-07-08T22:31:36.264269+02:00;standby;23.9;28.6;5.0;28.0;47.7;57.0;0;0;0;0;16369.23;11280.08;5089.16;32430.303
2026-07-08T22:32:36.698602+02:00;standby;23.9;28.6;5.0;28.0;47.7;57.0;0;0;0;0;16369.23;11280.08;5089.16;32430.303
2026-07-08T22:33:37.460177+02:00;standby;23.9;28.7;5.0;28.0;47.7;57.0;0;0;0;0;16369.23;11280.08;5089.16;32430.303
2026-07-08T22:34:38.014414+02:00;standby;23.9;28.6;5.0;28.0;47.7;57.0;0;0;0;0;16369.23;11280.08;5089.16;32430.303
2026-07-08T22:35:38.484562+02:00;standby;23.9;28.6;5.0;28.0;47.7;57.0;0;0;0;0;16369.23;11280.08;5089.16;32430.303
2026-07-08T22:36:39.025780+02:00;standby;23.9;28.6;5.0;28.0;47.7;57.0;0;0;0;0;16369.23;11280.08;5089.16;32430.303
2026-07-08T22:37:39.604600+02:00;standby;23.9;28.6;5.0;28.0;47.6;57.0;0;0;0;0;16369.23;11280.08;5089.16;32430.303
2026-07-08T22:38:40.123760+02:00;standby;23.9;28.6;5.0;28.0;47.7;57.0;0;0;0;0;16369.23;11280.08;5089.16;32430.303
2026-07-08T22:39:40.847050+02:00;standby;23.9;28.6;5.0;28.0;47.6;57.0;0;0;0;0;16369.23;11280.08;5089.16;32430.303
2026-07-08T22:40:41.344530+02:00;standby;23.9;28.6;5.0;28.0;47.6;57.0;0;0;0;0;16369.23;11280.08;5089.16;32430.303
2026-07-08T22:41:41.760853+02:00;standby;23.9;28.6;5.0;28.0;47.6;57.0;0;0;0;0;16369.23;11280.08;5089.16;32430.303
2026-07-08T22:42:42.283897+02:00;standby;23.9;28.6;5.0;28.0;47.6;57.0;0;0;0;0;16369.23;11280.08;5089.16;32430.303
2026-07-08T22:43:42.716977+02:00;standby;23.9;28.6;5.0;28.0;47.6;57.0;0;0;0;0;16369.23;11280.08;5089.16;32430.303
2026-07-08T22:44:44.035110+02:00;standby;23.9;28.6;5.0;28.0;47.6;57.0;0;0;0;0;16369.23;11280.08;5089.16;32430.303
2026-07-08T22:45:44.472546+02:00;standby;23.9;28.6;5.0;28.0;47.6;57.0;0;0;0;0;16369.23;11280.08;5089.16;32430.303
2026-07-08T22:46:45.238921+02:00;standby;23.9;28.6;5.0;28.0;47.6;57.0;0;0;0;0;16369.23;11280.08;5089.16;32430.303
2026-07-08T22:47:45.817847+02:00;standby;23.9;28.6;5.0;28.0;47.6;57.0;0;0;0;0;16369.23;11280.08;5089.16;32430.303
2026-07-08T22:48:46.314352+02:00;standby;23.9;28.6;5.0;28.0;47.6;57.0;0;0;0;0;16369.23;11280.08;5089.16;32430.303
2026-07-08T22:49:46.884416+02:00;standby;23.9;28.6;5.0;28.0;47.6;57.0;0;0;0;0;16369.23;11280.08;5089.16;32430.303
2026-07-08T22:50:47.920125+02:00;standby;23.9;28.6;5.0;28.0;47.6;57.0;0;0;0;0;16369.23;11280.08;5089.16;32430.303
2026-07-08T22:51:48.759214+02:00;standby;23.9;28.6;5.0;28.0;47.5;57.0;0;0;0;0;16369.23;11280.08;5089.16;32430.303
2026-07-08T22:52:49.314919+02:00;standby;23.9;28.6;5.0;28.0;47.5;57.0;0;0;0;0;16369.23;11280.08;5089.16;32430.303
2026-07-08T22:53:49.981013+02:00;standby;23.9;28.6;5.0;28.0;47.5;57.0;0;0;0;0;16369.23;11280.08;5089.16;32430.303
2026-07-08T22:54:50.508542+02:00;standby;23.9;28.6;5.0;28.0;47.5;57.0;0;0;0;0;16369.23;11280.08;5089.16;32430.303
2026-07-08T22:55:51.559765+02:00;standby;23.9;28.6;5.0;28.0;47.5;57.0;0;0;0;0;16369.23;11280.08;5089.16;32430.303
2026-07-08T22:56:52.136400+02:00;standby;23.9;28.6;5.0;28.0;47.5;57.0;0;0;0;0;16369.23;11280.08;5089.16;32430.303
2026-07-08T22:57:52.649525+02:00;standby;23.9;28.6;5.0;28.0;47.5;57.0;0;0;0;0;16369.23;11280.08;5089.16;32430.303
2026-07-08T22:58:53.160181+02:00;standby;23.9;28.6;5.0;28.0;47.5;57.0;0;0;0;0;16369.23;11280.08;5089.16;32430.303
2026-07-08T22:59:53.586003+02:00;standby;23.9;28.6;5.0;28.0;47.5;57.0;0;0;0;0;16369.23;11280.08;5089.16;32430.303
2026-07-08T23:00:54.028935+02:00;standby;23.9;28.5;5.0;25.0;47.5;57.0;0;0;0;0;16369.23;11280.08;5089.16;32430.303
2026-07-08T23:01:54.567879+02:00;standby;23.1;28.6;5.0;25.0;47.5;57.0;0;0;0;0;16369.23;11280.08;5089.16;32430.303
2026-07-08T23:02:55.228547+02:00;standby;23.1;28.6;5.0;25.0;47.5;57.0;0;0;0;0;16369.23;11280.08;5089.16;32430.303
2026-07-08T23:03:55.834872+02:00;standby;23.1;28.6;5.0;25.0;47.4;57.0;0;0;0;0;16369.23;11280.08;5089.16;32430.303
2026-07-08T23:04:56.263645+02:00;standby;23.1;28.6;5.0;25.0;47.4;57.0;0;0;0;0;16369.23;11280.08;5089.16;32430.303
2026-07-08T23:05:56.697713+02:00;standby;23.1;28.5;5.0;25.0;47.4;57.0;0;0;0;0;16369.23;11280.08;5089.16;32430.303
2026-07-08T23:06:57.149814+02:00;standby;23.1;28.6;5.0;25.0;47.4;57.0;0;0;0;0;16369.23;11280.08;5089.16;32430.303
2026-07-08T23:07:57.591712+02:00;standby;23.1;28.6;5.0;25.0;47.4;57.0;0;0;0;0;16369.23;11280.08;5089.16;32430.303
2026-07-08T23:08:58.031550+02:00;standby;23.1;28.5;5.0;25.0;47.4;57.0;0;0;0;0;16369.23;11280.08;5089.16;32430.303
2026-07-08T23:09:58.519942+02:00;standby;23.1;28.5;5.0;25.0;47.4;57.0;0;0;0;0;16369.23;11280.08;5089.16;32430.303
2026-07-08T23:10:59.023991+02:00;standby;23.1;28.5;5.0;25.0;47.4;57.0;0;0;0;0;16369.23;11280.08;5089.16;32430.303
2026-07-08T23:11:59.540988+02:00;standby;23.1;28.5;5.0;25.0;47.4;57.0;0;0;0;0;16369.23;11280.08;5089.16;32430.303
2026-07-08T23:12:59.999043+02:00;standby;23.1;28.5;5.0;25.0;47.4;57.0;0;0;0;0;16369.23;11280.08;5089.16;32430.303
2026-07-08T23:14:00.426137+02:00;standby;23.1;28.5;5.0;25.0;47.4;57.0;0;0;0;0;16369.23;11280.08;5089.16;32430.303
2026-07-08T23:15:00.933928+02:00;standby;23.1;28.5;5.0;25.0;47.4;57.0;0;0;0;0;16369.23;11280.08;5089.16;32430.303
2026-07-08T23:16:01.417159+02:00;standby;23.1;28.5;5.0;25.0;47.3;57.0;0;0;0;0;16369.23;11280.08;5089.16;32430.303
2026-07-08T23:17:02.079131+02:00;standby;23.1;28.5;5.0;25.0;47.3;57.0;0;0;0;0;16369.23;11280.08;5089.16;32430.303
2026-07-08T23:18:02.555506+02:00;standby;23.1;28.5;5.0;25.0;47.3;57.0;0;0;0;0;16369.23;11280.08;5089.16;32430.303
2026-07-08T23:19:03.146402+02:00;standby;23.1;28.5;5.0;25.0;47.3;57.0;0;0;0;0;16369.23;11280.08;5089.16;32430.303
2026-07-08T23:20:03.595473+02:00;standby;23.1;28.5;5.0;25.0;47.3;57.0;0;0;0;0;16369.23;11280.08;5089.16;32430.303
2026-07-08T23:21:04.060055+02:00;standby;23.1;28.5;5.0;25.0;47.3;57.0;0;0;0;0;16369.23;11280.08;5089.16;32430.303
2026-07-08T23:22:05.146352+02:00;standby;23.1;28.5;5.0;25.0;47.3;57.0;0;0;0;0;16369.23;11280.08;5089.16;32430.303
2026-07-08T23:23:05.634788+02:00;standby;23.1;28.5;5.0;25.0;47.3;57.0;0;0;0;0;16369.23;11280.08;5089.16;32430.303
2026-07-08T23:24:06.063015+02:00;standby;23.1;28.5;5.0;25.0;47.3;57.0;0;0;0;0;16369.23;11280.08;5089.16;32430.303
2026-07-08T23:25:06.515959+02:00;standby;23.1;28.5;5.0;25.0;47.3;57.0;0;0;0;0;16369.23;11280.08;5089.16;32430.303
2026-07-08T23:26:06.935312+02:00;standby;23.1;28.5;5.0;25.0;47.3;57.0;0;0;0;0;16369.23;11280.08;5089.16;32430.303
2026-07-08T23:27:07.438416+02:00;standby;23.1;28.5;5.0;25.0;47.3;57.0;0;0;0;0;16369.23;11280.08;5089.16;32430.303
2026-07-08T23:28:07.992834+02:00;standby;23.1;28.5;5.0;25.0;47.3;57.0;0;0;0;0;16369.23;11280.08;5089.16;32430.303
2026-07-08T23:29:08.685089+02:00;standby;23.1;28.5;5.0;25.0;47.2;57.0;0;0;0;0;16369.23;11280.08;5089.16;32430.303
2026-07-08T23:30:09.148560+02:00;standby;23.1;28.5;5.0;25.0;47.0;57.0;0;0;0;0;16369.23;11280.08;5089.16;32430.303
2026-07-08T23:31:09.688953+02:00;dhw;23.1;37.9;85.0;25.0;46.7;57.0;1;23;1;100;16369.29;11280.08;5089.21;32430.303
2026-07-08T23:31:20.511418+02:00;dhw;23.1;37.8;85.0;25.0;46.4;57.0;1;23;1;100;16369.29;11280.08;5089.21;32430.303
2026-07-08T23:31:31.017492+02:00;dhw;23.1;37.5;85.0;25.0;46.3;57.0;1;23;1;100;16369.31;11280.08;5089.23;32430.303
2026-07-08T23:31:41.646065+02:00;dhw;23.1;38.0;85.0;25.0;46.1;57.0;1;23;1;100;16369.32;11280.08;5089.24;32430.303
2026-07-08T23:31:52.362083+02:00;dhw;23.1;38.6;85.0;25.0;45.9;57.0;1;23;1;100;16369.32;11280.08;5089.25;32430.303
2026-07-08T23:32:02.962329+02:00;dhw;23.1;39.0;85.0;25.0;45.7;57.0;1;23;1;100;16369.33;11280.08;5089.26;32430.303
2026-07-08T23:32:13.717412+02:00;dhw;23.1;39.5;85.0;25.0;45.6;57.0;1;27;1;100;16369.34;11280.08;5089.27;32430.303
2026-07-08T23:32:28.540111+02:00;dhw;23.1;41.0;85.0;25.0;45.4;57.0;1;43;1;100;16369.36;11280.08;5089.28;32430.303
2026-07-08T23:32:39.109552+02:00;dhw;23.1;43.0;85.0;25.0;45.3;57.0;1;57;1;100;16369.38;11280.08;5089.31;32430.303
2026-07-08T23:32:49.601500+02:00;dhw;23.1;44.0;85.0;25.0;45.1;57.0;1;63;1;100;16369.4;11280.08;5089.32;32430.303
2026-07-08T23:33:00.082469+02:00;dhw;23.1;46.9;85.0;25.0;44.9;57.0;1;80;1;100;16369.44;11280.08;5089.36;32430.402
2026-07-08T23:33:10.690072+02:00;dhw;23.1;49.0;85.0;25.0;44.6;57.0;1;91;1;100;16369.47;11280.08;5089.4;32430.402
2026-07-08T23:33:21.245566+02:00;dhw;23.1;51.2;85.0;25.0;44.5;57.0;1;101;1;100;16369.51;11280.08;5089.43;32430.402
2026-07-08T23:33:32.202169+02:00;dhw;23.1;53.6;85.0;25.0;44.4;57.0;1;108;1;100;16369.55;11280.08;5089.47;32430.402
2026-07-08T23:33:42.858530+02:00;dhw;23.1;56.1;85.0;25.0;44.3;57.0;1;108;1;100;16369.6;11280.08;5089.52;32430.402
2026-07-08T23:33:54.052313+02:00;dhw;23.1;58.1;85.0;25.0;44.2;57.0;1;108;1;100;16369.64;11280.08;5089.57;32430.402
2026-07-08T23:34:05.043036+02:00;dhw;23.1;60.0;85.0;25.0;44.2;57.0;1;108;1;100;16369.69;11280.08;5089.61;32430.402
2026-07-08T23:34:15.678127+02:00;dhw;23.1;62.0;85.0;25.0;44.2;57.0;1;108;1;100;16369.74;11280.08;5089.67;32430.402
2026-07-08T23:34:26.511471+02:00;dhw;23.1;63.0;85.0;25.0;44.2;57.0;1;108;1;100;16369.78;11280.08;5089.7;32430.402
2026-07-08T23:34:37.045012+02:00;dhw;23.1;64.0;85.0;25.0;44.2;57.0;1;108;1;100;16369.81;11280.08;5089.73;32430.402
2026-07-08T23:34:47.834488+02:00;dhw;23.1;65.1;85.0;25.0;44.3;57.0;1;108;1;100;16369.85;11280.08;5089.77;32430.402
2026-07-08T23:34:58.800225+02:00;dhw;23.1;66.1;85.0;25.0;44.4;57.0;1;108;1;100;16369.9;11280.08;5089.83;32430.402
2026-07-08T23:35:09.460186+02:00;dhw;23.1;67.2;85.0;25.0;44.5;57.0;1;108;1;100;16369.97;11280.08;5089.89;32430.402
2026-07-08T23:35:20.098031+02:00;dhw;23.1;67.9;85.0;25.0;44.7;57.0;1;108;1;100;16370.01;11280.08;5089.93;32430.402
2026-07-08T23:35:30.614325+02:00;dhw;23.1;68.4;85.0;25.0;44.8;57.0;1;108;1;100;16370.05;11280.08;5089.98;32430.402
2026-07-08T23:35:41.460148+02:00;dhw;23.1;68.9;85.0;25.0;45.1;57.0;1;108;1;100;16370.1;11280.08;5090.02;32430.402
2026-07-08T23:35:52.042133+02:00;dhw;23.1;69.4;85.0;25.0;45.3;57.0;1;108;1;100;16370.14;11280.08;5090.06;32430.402
2026-07-08T23:36:02.857106+02:00;dhw;23.1;69.8;85.0;25.0;45.4;57.0;1;108;1;100;16370.18;11280.08;5090.1;32430.402
2026-07-08T23:36:13.578169+02:00;dhw;23.1;70.2;85.0;25.0;45.6;57.0;1;108;1;100;16370.22;11280.08;5090.14;32430.402
2026-07-08T23:36:24.095381+02:00;dhw;23.1;70.6;85.0;25.0;45.8;57.0;1;108;1;100;16370.26;11280.08;5090.19;32430.402
2026-07-08T23:36:34.685988+02:00;dhw;23.1;71.0;85.0;25.0;46.0;57.0;1;108;1;100;16370.32;11280.08;5090.24;32430.402
2026-07-08T23:36:45.696007+02:00;dhw;23.1;71.0;85.0;25.0;46.2;57.0;1;108;1;100;16370.32;11280.08;5090.24;32430.402
2026-07-08T23:36:56.630980+02:00;dhw;23.1;71.4;85.0;25.0;46.4;57.0;1;108;1;100;16370.39;11280.08;5090.31;32430.402
2026-07-08T23:37:07.166121+02:00;dhw;23.1;71.6;85.0;25.0;46.6;57.0;1;108;1;100;16370.43;11280.08;5090.35;32430.502
2026-07-08T23:37:17.948976+02:00;dhw;23.1;72.1;85.0;25.0;46.8;57.0;1;108;1;100;16370.5;11280.08;5090.42;32430.502
2026-07-08T23:37:28.536165+02:00;dhw;23.1;72.1;85.0;25.0;47.0;57.0;1;108;1;100;16370.51;11280.08;5090.44;32430.502
2026-07-08T23:37:39.157969+02:00;dhw;23.1;72.3;85.0;25.0;47.4;57.0;1;108;1;100;16370.56;11280.08;5090.48;32430.502
2026-07-08T23:37:50.108562+02:00;dhw;23.1;72.9;85.0;25.0;47.7;57.0;1;108;1;100;16370.64;11280.08;5090.56;32430.502
2026-07-08T23:38:00.654240+02:00;dhw;23.1;73.1;85.0;25.0;47.9;57.0;1;108;1;100;16370.68;11280.08;5090.6;32430.502
2026-07-08T23:38:12.278193+02:00;dhw;23.1;73.3;85.0;25.0;48.1;57.0;1;108;1;100;16370.72;11280.08;5090.65;32430.502
2026-07-08T23:38:23.129392+02:00;dhw;23.1;73.6;85.0;25.0;48.4;57.0;1;108;1;100;16370.77;11280.08;5090.69;32430.502
2026-07-08T23:38:33.727198+02:00;dhw;23.1;74.0;85.0;25.0;48.6;57.0;1;108;1;100;16370.83;11280.08;5090.75;32430.502
2026-07-08T23:38:44.960421+02:00;dhw;23.1;74.2;85.0;25.0;48.8;57.0;1;108;1;100;16370.85;11280.08;5090.77;32430.502
2026-07-08T23:38:55.640410+02:00;dhw;23.1;74.3;85.0;25.0;49.0;57.0;1;108;1;100;16370.89;11280.08;5090.82;32430.502
2026-07-08T23:39:06.187322+02:00;dhw;23.1;74.6;85.0;25.0;49.2;57.0;1;108;1;100;16370.93;11280.08;5090.86;32430.502
2026-07-08T23:39:16.782255+02:00;dhw;23.1;75.1;85.0;25.0;49.4;57.0;1;108;1;100;16371.0;11280.08;5090.92;32430.502
2026-07-08T23:39:27.322945+02:00;dhw;23.1;75.1;85.0;25.0;49.6;57.0;1;108;1;100;16371.01;11280.08;5090.94;32430.502
2026-07-08T23:39:37.941049+02:00;dhw;23.1;75.2;85.0;25.0;49.8;57.0;1;108;1;100;16371.06;11280.08;5090.98;32430.502
2026-07-08T23:39:48.505254+02:00;dhw;23.1;75.8;85.0;25.0;50.0;57.0;1;108;1;100;16371.14;11280.08;5091.06;32430.502
2026-07-08T23:39:59.135368+02:00;dhw;23.1;75.9;85.0;25.0;50.3;57.0;1;108;1;100;16371.18;11280.08;5091.11;32430.502
2026-07-08T23:40:09.933913+02:00;dhw;23.1;76.2;85.0;25.0;50.5;57.0;1;108;1;100;16371.22;11280.08;5091.15;32430.502
2026-07-08T23:40:20.646549+02:00;dhw;23.1;76.4;85.0;25.0;50.6;57.0;1;108;1;100;16371.27;11280.08;5091.19;32430.502
2026-07-08T23:40:31.184516+02:00;dhw;23.1;76.7;85.0;25.0;50.8;57.0;1;108;1;100;16371.31;11280.08;5091.23;32430.502
2026-07-08T23:40:41.735813+02:00;dhw;23.1;76.8;85.0;25.0;50.9;57.0;1;108;1;100;16371.35;11280.08;5091.27;32430.502
2026-07-08T23:40:52.430523+02:00;dhw;23.1;77.0;85.0;25.0;51.2;57.0;1;108;1;100;16371.39;11280.08;5091.31;32430.502
2026-07-08T23:41:03.146486+02:00;dhw;23.1;77.3;85.0;25.0;51.3;57.0;1;108;1;100;16371.43;11280.08;5091.36;32430.502
2026-07-08T23:41:13.657273+02:00;dhw;23.1;77.4;85.0;25.0;51.5;57.0;1;108;1;100;16371.48;11280.08;5091.4;32430.602
2026-07-08T23:41:24.340504+02:00;dhw;23.1;77.6;85.0;25.0;51.7;57.0;1;108;1;100;16371.52;11280.08;5091.44;32430.602
2026-07-08T23:41:35.543485+02:00;dhw;23.1;78.0;85.0;25.0;51.8;57.0;1;108;1;100;16371.58;11280.08;5091.51;32430.602
2026-07-08T23:41:47.177411+02:00;dhw;23.1;78.0;85.0;25.0;52.0;57.0;1;108;1;100;16371.58;11280.08;5091.51;32430.602
2026-07-08T23:41:57.939484+02:00;dhw;23.1;78.2;85.0;25.0;52.1;57.0;1;108;1;100;16371.65;11280.08;5091.57;32430.602
2026-07-08T23:42:08.772733+02:00;dhw;23.1;78.6;85.0;25.0;52.4;57.0;1;108;1;100;16371.73;11280.08;5091.65;32430.602
2026-07-08T23:42:19.630115+02:00;dhw;23.1;78.8;85.0;25.0;52.6;57.0;1;108;1;100;16371.77;11280.08;5091.69;32430.602
2026-07-08T23:42:30.177464+02:00;dhw;23.1;79.0;85.0;25.0;52.7;57.0;1;108;1;100;16371.81;11280.08;5091.73;32430.602
2026-07-08T23:42:40.871238+02:00;dhw;23.1;79.3;85.0;25.0;52.9;57.0;1;108;1;100;16371.85;11280.08;5091.78;32430.602
2026-07-08T23:42:51.383782+02:00;dhw;23.1;79.5;85.0;25.0;53.1;57.0;1;108;1;100;16371.9;11280.08;5091.82;32430.602
2026-07-08T23:43:01.917988+02:00;dhw;23.1;79.6;85.0;25.0;53.3;57.0;1;108;1;100;16371.94;11280.08;5091.86;32430.602
2026-07-08T23:43:12.516697+02:00;dhw;23.1;79.8;85.0;25.0;53.4;57.0;1;108;1;100;16371.98;11280.08;5091.9;32430.602
2026-07-08T23:43:23.012157+02:00;dhw;23.1;80.1;85.0;25.0;53.5;57.0;1;108;1;100;16372.03;11280.08;5091.95;32430.602
2026-07-08T23:43:34.069571+02:00;dhw;23.1;80.3;85.0;25.0;53.7;57.0;1;108;1;100;16372.06;11280.08;5091.98;32430.602
2026-07-08T23:43:45.150927+02:00;dhw;23.1;80.4;85.0;25.0;53.8;57.0;1;108;1;100;16372.1;11280.08;5092.03;32430.602
2026-07-08T23:43:55.801051+02:00;dhw;23.1;80.6;85.0;25.0;54.0;57.0;1;108;1;100;16372.15;11280.08;5092.07;32430.602
2026-07-08T23:44:06.330755+02:00;dhw;23.1;80.7;85.0;25.0;54.2;57.0;1;108;1;100;16372.19;11280.08;5092.11;32430.602
2026-07-08T23:44:16.876375+02:00;dhw;23.1;81.1;85.0;25.0;54.4;57.0;1;108;1;100;16372.25;11280.08;5092.18;32430.602
2026-07-08T23:44:27.460098+02:00;dhw;23.1;81.1;85.0;25.0;54.6;57.0;1;108;1;100;16372.27;11280.08;5092.19;32430.602
2026-07-08T23:44:38.081869+02:00;dhw;23.1;81.4;85.0;25.0;54.8;57.0;1;108;1;100;16372.36;11280.08;5092.28;32430.602
2026-07-08T23:44:48.697615+02:00;dhw;23.1;81.5;85.0;25.0;54.9;57.0;1;108;1;100;16372.4;11280.08;5092.32;32430.602
2026-07-08T23:45:00.096259+02:00;dhw;23.1;81.7;85.0;25.0;55.2;57.0;1;108;1;100;16372.44;11280.08;5092.36;32430.602
2026-07-08T23:45:10.705958+02:00;standby;23.1;82.1;85.0;25.0;55.3;57.0;0;0;1;100;16372.49;11280.08;5092.41;32430.701
2026-07-08T23:45:21.253293+02:00;standby;23.1;81.4;85.0;25.0;55.5;10.0;0;0;1;100;16372.49;11280.08;5092.41;32430.701
2026-07-08T23:45:31.742993+02:00;standby;23.1;79.8;85.0;25.0;55.6;10.0;0;0;1;100;16372.49;11280.08;5092.41;32430.701
2026-07-08T23:45:42.180782+02:00;standby;23.1;78.4;85.0;25.0;55.8;10.0;0;0;1;100;16372.49;11280.08;5092.41;32430.701
2026-07-08T23:45:52.643165+02:00;standby;23.1;74.7;85.0;25.0;55.9;10.0;0;0;1;10;16372.49;11280.08;5092.41;32430.701
2026-07-08T23:46:03.077045+02:00;standby;23.1;72.9;85.0;25.0;56.1;10.0;0;0;1;10;16372.49;11280.08;5092.41;32430.701
2026-07-08T23:47:03.584765+02:00;standby;23.1;65.7;5.0;25.0;57.1;10.0;0;0;1;10;16372.49;11280.08;5092.41;32430.701
2026-07-08T23:48:04.023334+02:00;standby;23.1;61.7;5.0;25.0;57.6;10.0;0;0;1;10;16372.49;11280.08;5092.41;32430.701
2026-07-08T23:49:04.789321+02:00;standby;23.1;62.0;5.0;25.0;57.9;10.0;0;0;0;0;16372.49;11280.08;5092.41;32430.701
2026-07-08T23:50:06.134479+02:00;standby;23.1;62.4;5.0;25.0;58.1;10.0;0;0;0;0;16372.49;11280.08;5092.41;32430.701
2026-07-08T23:51:06.562807+02:00;standby;23.1;62.7;5.0;25.0;58.2;10.0;0;0;0;0;16372.49;11280.08;5092.41;32430.701
2026-07-08T23:52:07.228181+02:00;standby;23.1;62.8;5.0;25.0;58.2;10.0;0;0;0;0;16372.49;11280.08;5092.41;32430.701
2026-07-08T23:53:07.774943+02:00;standby;23.1;62.8;5.0;25.0;58.2;10.0;0;0;0;0;16372.49;11280.08;5092.41;32430.701
2026-07-08T23:54:08.319725+02:00;standby;23.1;62.8;5.0;25.0;58.2;10.0;0;0;0;0;16372.49;11280.08;5092.41;32430.701
2026-07-08T23:55:08.772616+02:00;standby;23.1;62.7;5.0;25.0;58.2;10.0;0;0;0;0;16372.49;11280.08;5092.41;32430.701
2026-07-08T23:56:09.248073+02:00;standby;23.1;62.7;5.0;25.0;58.2;10.0;0;0;0;0;16372.49;11280.08;5092.41;32430.701
2026-07-08T23:57:09.741988+02:00;standby;23.1;62.6;5.0;25.0;58.2;10.0;0;0;0;0;16372.49;11280.08;5092.41;32430.701
2026-07-08T23:58:10.341235+02:00;standby;23.1;62.4;5.0;25.0;58.2;10.0;0;0;0;0;16372.49;11280.08;5092.41;32430.701
2026-07-08T23:59:10.774440+02:00;standby;23.1;62.3;5.0;25.0;58.2;10.0;0;0;0;0;16372.49;11280.08;5092.41;32430.701
2026-07-09T00:00:12.151285+02:00;standby;23.1;62.2;5.0;25.0;58.2;10.0;0;0;0;0;16372.49;11280.08;5092.41;32430.701
2026-07-09T00:01:12.702760+02:00;standby;23.1;62.1;5.0;25.0;58.2;10.0;0;0;0;0;16372.49;11280.08;5092.41;32430.701
2026-07-09T00:02:13.159393+02:00;standby;22.4;62.0;5.0;25.0;58.2;10.0;0;0;0;0;16372.49;11280.08;5092.41;32430.701
2026-07-09T00:03:13.698820+02:00;standby;22.4;61.9;5.0;25.0;58.2;10.0;0;0;0;0;16372.49;11280.08;5092.41;32430.701
2026-07-09T00:04:14.130618+02:00;standby;22.4;61.7;5.0;25.0;58.2;10.0;0;0;0;0;16372.49;11280.08;5092.41;32430.701
2026-07-09T00:05:14.658021+02:00;standby;22.4;61.6;5.0;25.0;58.2;10.0;0;0;0;0;16372.49;11280.08;5092.41;32430.701
2026-07-09T00:06:15.129496+02:00;standby;22.4;61.5;5.0;25.0;58.2;10.0;0;0;0;0;16372.49;11280.08;5092.41;32430.701
2026-07-09T00:07:15.688054+02:00;standby;22.4;61.4;5.0;25.0;58.2;10.0;0;0;0;0;16372.49;11280.08;5092.41;32430.701
2026-07-09T00:08:16.142501+02:00;standby;22.4;61.3;5.0;25.0;58.1;10.0;0;0;0;0;16372.49;11280.08;5092.41;32430.701
2026-07-09T00:09:16.612818+02:00;standby;22.4;61.2;5.0;25.0;58.1;10.0;0;0;0;0;16372.49;11280.08;5092.41;32430.701
2026-07-09T00:10:17.051509+02:00;standby;22.4;61.0;5.0;25.0;58.1;10.0;0;0;0;0;16372.49;11280.08;5092.41;32430.701
2026-07-09T00:11:17.721903+02:00;standby;22.4;60.9;5.0;25.0;58.1;10.0;0;0;0;0;16372.49;11280.08;5092.41;32430.701
2026-07-09T00:12:18.172413+02:00;standby;22.4;60.7;5.0;25.0;58.1;10.0;0;0;0;0;16372.49;11280.08;5092.41;32430.701
2026-07-09T00:13:18.633605+02:00;standby;22.4;60.6;5.0;25.0;58.1;10.0;0;0;0;0;16372.49;11280.08;5092.41;32430.701
2026-07-09T00:14:19.086047+02:00;standby;22.4;60.5;5.0;25.0;58.1;10.0;0;0;0;0;16372.49;11280.08;5092.41;32430.701
2026-07-09T00:15:19.545854+02:00;standby;22.4;60.3;5.0;25.0;58.1;10.0;0;0;0;0;16372.49;11280.08;5092.41;32430.701
2026-07-09T00:16:19.992858+02:00;standby;22.4;60.2;5.0;25.0;58.1;10.0;0;0;0;0;16372.49;11280.08;5092.41;32430.701
2026-07-09T00:17:23.073355+02:00;standby;22.4;60.1;5.0;25.0;58.1;10.0;0;0;0;0;16372.49;11280.08;5092.41;32430.701
2026-07-09T00:18:24.133002+02:00;standby;22.4;59.9;5.0;25.0;58.1;10.0;0;0;0;0;16372.49;11280.08;5092.41;32430.701
2026-07-09T00:19:24.590563+02:00;standby;22.4;59.8;5.0;25.0;58.1;10.0;0;0;0;0;16372.49;11280.08;5092.41;32430.701
2026-07-09T00:20:25.014969+02:00;standby;22.4;59.7;5.0;25.0;58.1;10.0;0;0;0;0;16372.49;11280.08;5092.41;32430.701
2026-07-09T00:21:26.303280+02:00;standby;22.4;59.5;5.0;25.0;58.1;10.0;0;0;0;0;16372.49;11280.08;5092.41;32430.701
2026-07-09T00:22:26.892774+02:00;standby;22.4;59.4;5.0;25.0;58.0;10.0;0;0;0;0;16372.49;11280.08;5092.41;32430.701
2026-07-09T00:23:27.340522+02:00;standby;22.4;59.2;5.0;25.0;58.0;10.0;0;0;0;0;16372.49;11280.08;5092.41;32430.701
2026-07-09T00:24:27.781477+02:00;standby;22.4;59.1;5.0;25.0;58.0;10.0;0;0;0;0;16372.49;11280.08;5092.41;32430.701
2026-07-09T00:25:28.478431+02:00;standby;22.4;59.0;5.0;25.0;58.0;10.0;0;0;0;0;16372.49;11280.08;5092.41;32430.701
2026-07-09T00:26:28.943739+02:00;standby;22.4;58.9;5.0;25.0;58.0;10.0;0;0;0;0;16372.49;11280.08;5092.41;32430.701
2026-07-09T00:27:29.720567+02:00;standby;22.4;58.6;5.0;25.0;58.0;10.0;0;0;0;0;16372.49;11280.08;5092.41;32430.701
2026-07-09T00:28:30.442338+02:00;standby;22.4;58.5;5.0;25.0;58.0;10.0;0;0;0;0;16372.49;11280.08;5092.41;32430.701
2026-07-09T00:29:30.897973+02:00;standby;22.4;58.4;5.0;25.0;58.0;10.0;0;0;0;0;16372.49;11280.08;5092.41;32430.701
2026-07-09T00:30:31.327958+02:00;standby;22.4;58.3;5.0;25.0;58.0;10.0;0;0;0;0;16372.49;11280.08;5092.41;32430.701
2026-07-09T00:31:31.822211+02:00;standby;22.4;58.2;5.0;25.0;58.0;10.0;0;0;0;0;16372.49;11280.08;5092.41;32430.701
2026-07-09T00:32:32.399186+02:00;standby;22.4;58.0;5.0;25.0;58.0;10.0;0;0;0;0;16372.49;11280.08;5092.41;32430.701
2026-07-09T00:33:32.868891+02:00;standby;22.4;57.8;5.0;25.0;58.0;10.0;0;0;0;0;16372.49;11280.08;5092.41;32430.701
2026-07-09T00:34:33.405570+02:00;standby;22.4;57.7;5.0;25.0;57.9;10.0;0;0;0;0;16372.49;11280.08;5092.41;32430.701
2026-07-09T00:35:33.922767+02:00;standby;22.4;57.6;5.0;25.0;58.0;10.0;0;0;0;0;16372.49;11280.08;5092.41;32430.701
2026-07-09T00:36:34.342840+02:00;standby;22.4;57.5;5.0;25.0;57.9;10.0;0;0;0;0;16372.49;11280.08;5092.41;32430.701
2026-07-09T00:37:34.812958+02:00;standby;22.4;57.3;5.0;25.0;57.9;10.0;0;0;0;0;16372.49;11280.08;5092.41;32430.701
2026-07-09T00:38:35.254978+02:00;standby;22.4;57.2;5.0;25.0;57.9;10.0;0;0;0;0;16372.49;11280.08;5092.41;32430.701
2026-07-09T00:39:35.756706+02:00;standby;22.4;57.0;5.0;25.0;57.9;10.0;0;0;0;0;16372.49;11280.08;5092.41;32430.701
2026-07-09T00:40:36.294212+02:00;standby;22.4;56.8;5.0;25.0;57.9;10.0;0;0;0;0;16372.49;11280.08;5092.41;32430.701
2026-07-09T00:41:36.760897+02:00;standby;22.4;56.7;5.0;25.0;57.9;10.0;0;0;0;0;16372.49;11280.08;5092.41;32430.701
2026-07-09T00:42:37.840485+02:00;standby;22.4;56.6;5.0;25.0;57.9;10.0;0;0;0;0;16372.49;11280.08;5092.41;32430.701
2026-07-09T00:43:38.316894+02:00;standby;22.4;56.5;5.0;25.0;57.9;10.0;0;0;0;0;16372.49;11280.08;5092.41;32430.701
2026-07-09T00:44:38.850974+02:00;standby;22.4;56.4;5.0;25.0;57.9;10.0;0;0;0;0;16372.49;11280.08;5092.41;32430.701
2026-07-09T00:45:39.374144+02:00;standby;22.4;56.1;5.0;25.0;57.9;10.0;0;0;0;0;16372.49;11280.08;5092.41;32430.701
2026-07-09T00:46:39.870600+02:00;standby;22.4;56.0;5.0;25.0;57.9;10.0;0;0;0;0;16372.49;11280.08;5092.41;32430.701
2026-07-09T00:47:40.366865+02:00;standby;22.4;55.9;5.0;25.0;57.9;10.0;0;0;0;0;16372.49;11280.08;5092.41;32430.701
2026-07-09T00:48:41.270570+02:00;standby;22.4;55.8;5.0;25.0;57.9;10.0;0;0;0;0;16372.49;11280.08;5092.41;32430.701
2026-07-09T00:49:42.204797+02:00;standby;22.4;55.7;5.0;25.0;57.9;10.0;0;0;0;0;16372.49;11280.08;5092.41;32430.701
2026-07-09T00:50:42.786299+02:00;standby;22.4;55.5;5.0;25.0;57.8;10.0;0;0;0;0;16372.49;11280.08;5092.41;32430.701
2026-07-09T00:51:44.103256+02:00;standby;22.4;55.3;5.0;25.0;57.8;10.0;0;0;0;0;16372.49;11280.08;5092.41;32430.701
2026-07-09T00:52:44.577446+02:00;standby;22.4;55.2;5.0;25.0;57.8;10.0;0;0;0;0;16372.49;11280.08;5092.41;32430.701
2026-07-09T00:53:45.455513+02:00;standby;22.4;55.1;5.0;25.0;57.8;10.0;0;0;0;0;16372.49;11280.08;5092.41;32430.701
2026-07-09T00:54:45.862267+02:00;standby;22.4;54.9;5.0;25.0;57.8;10.0;0;0;0;0;16372.49;11280.08;5092.41;32430.701
2026-07-09T00:55:46.765492+02:00;standby;22.4;54.8;5.0;25.0;57.8;10.0;0;0;0;0;16372.49;11280.08;5092.41;32430.701
2026-07-09T00:56:47.483842+02:00;standby;22.4;54.7;5.0;25.0;57.8;10.0;0;0;0;0;16372.49;11280.08;5092.41;32430.701
2026-07-09T00:57:48.676901+02:00;standby;22.4;54.6;5.0;25.0;57.8;10.0;0;0;0;0;16372.49;11280.08;5092.41;32430.701
2026-07-09T00:58:49.171584+02:00;standby;22.4;54.4;5.0;25.0;57.8;10.0;0;0;0;0;16372.49;11280.08;5092.41;32430.701
2026-07-09T00:59:49.818038+02:00;standby;22.4;54.3;5.0;25.0;57.8;10.0;0;0;0;0;16372.49;11280.08;5092.41;32430.701
2026-07-09T01:00:50.336968+02:00;standby;22.4;54.1;5.0;25.0;57.8;10.0;0;0;0;0;16372.49;11280.08;5092.41;32430.701
2026-07-09T01:01:50.804749+02:00;standby;22.4;54.0;5.0;25.0;57.8;10.0;0;0;0;0;16372.49;11280.08;5092.41;32430.701
2026-07-09T01:02:51.296591+02:00;standby;21.1;53.9;5.0;25.0;57.7;10.0;0;0;0;0;16372.49;11280.08;5092.41;32430.701
2026-07-09T01:03:52.213273+02:00;standby;21.1;53.8;5.0;25.0;57.7;10.0;0;0;0;0;16372.49;11280.08;5092.41;32430.701
2026-07-09T01:04:52.803746+02:00;standby;21.1;53.7;5.0;25.0;57.7;10.0;0;0;0;0;16372.49;11280.08;5092.41;32430.701
2026-07-09T01:05:53.241024+02:00;standby;21.1;53.4;5.0;25.0;57.7;10.0;0;0;0;0;16372.49;11280.08;5092.41;32430.701
2026-07-09T01:06:53.738052+02:00;standby;21.1;53.4;5.0;25.0;57.7;10.0;0;0;0;0;16372.49;11280.08;5092.41;32430.701
2026-07-09T01:07:54.458009+02:00;standby;21.1;53.2;5.0;25.0;57.7;10.0;0;0;0;0;16372.49;11280.08;5092.41;32430.701
2026-07-09T01:08:54.896231+02:00;standby;21.1;53.1;5.0;25.0;57.7;10.0;0;0;0;0;16372.49;11280.08;5092.41;32430.701
2026-07-09T01:09:55.369300+02:00;standby;21.1;53.0;5.0;25.0;57.7;10.0;0;0;0;0;16372.49;11280.08;5092.41;32430.701
2026-07-09T01:10:56.015476+02:00;standby;21.1;52.9;5.0;25.0;57.7;10.0;0;0;0;0;16372.49;11280.08;5092.41;32430.701
2026-07-09T01:11:56.488105+02:00;standby;21.1;52.8;5.0;25.0;57.7;10.0;0;0;0;0;16372.49;11280.08;5092.41;32430.701
2026-07-09T01:12:57.086045+02:00;standby;21.1;52.7;5.0;25.0;57.7;10.0;0;0;0;0;16372.49;11280.08;5092.41;32430.701
2026-07-09T01:13:57.600453+02:00;standby;21.1;52.4;5.0;25.0;57.7;10.0;0;0;0;0;16372.49;11280.08;5092.41;32430.701
2026-07-09T01:14:58.098129+02:00;standby;21.1;52.3;5.0;25.0;57.7;10.0;0;0;0;0;16372.49;11280.08;5092.41;32430.701
2026-07-09T01:15:58.516836+02:00;standby;21.1;52.2;5.0;25.0;57.7;10.0;0;0;0;0;16372.49;11280.08;5092.41;32430.701
2026-07-09T01:16:58.929255+02:00;standby;21.1;52.1;5.0;25.0;57.7;10.0;0;0;0;0;16372.49;11280.08;5092.41;32430.701
2026-07-09T01:17:59.375519+02:00;standby;21.1;52.0;5.0;25.0;57.7;10.0;0;0;0;0;16372.49;11280.08;5092.41;32430.701
2026-07-09T01:18:59.866864+02:00;standby;21.1;51.9;5.0;25.0;57.6;10.0;0;0;0;0;16372.49;11280.08;5092.41;32430.701
2026-07-09T01:20:00.613055+02:00;standby;21.1;51.8;5.0;25.0;57.6;10.0;0;0;0;0;16372.49;11280.08;5092.41;32430.701
2026-07-09T01:21:01.087852+02:00;standby;21.1;51.7;5.0;25.0;57.6;10.0;0;0;0;0;16372.49;11280.08;5092.41;32430.701
2026-07-09T01:22:01.547196+02:00;standby;21.1;51.6;5.0;25.0;57.6;10.0;0;0;0;0;16372.49;11280.08;5092.41;32430.701
2026-07-09T01:23:01.994287+02:00;standby;21.1;51.4;5.0;25.0;57.6;10.0;0;0;0;0;16372.49;11280.08;5092.41;32430.701
2026-07-09T01:24:02.438904+02:00;standby;21.1;51.3;5.0;25.0;57.6;10.0;0;0;0;0;16372.49;11280.08;5092.41;32430.701
2026-07-09T01:25:02.926902+02:00;standby;21.1;51.2;5.0;25.0;57.6;10.0;0;0;0;0;16372.49;11280.08;5092.41;32430.701
2026-07-09T01:26:03.938403+02:00;standby;21.1;51.1;5.0;25.0;57.6;10.0;0;0;0;0;16372.49;11280.08;5092.41;32430.701
2026-07-09T01:27:04.456965+02:00;standby;21.1;51.0;5.0;25.0;57.6;10.0;0;0;0;0;16372.49;11280.08;5092.41;32430.701
2026-07-09T01:28:04.950220+02:00;standby;21.1;50.9;5.0;25.0;57.6;10.0;0;0;0;0;16372.49;11280.08;5092.41;32430.701
2026-07-09T01:29:05.531578+02:00;standby;21.1;50.8;5.0;25.0;57.6;10.0;0;0;0;0;16372.49;11280.08;5092.41;32430.701
2026-07-09T01:30:05.963531+02:00;standby;21.1;50.7;5.0;25.0;57.6;10.0;0;0;0;0;16372.49;11280.08;5092.41;32430.701
2026-07-09T01:31:06.527878+02:00;standby;21.1;50.6;5.0;25.0;57.6;10.0;0;0;0;0;16372.49;11280.08;5092.41;32430.701
2026-07-09T01:32:06.948208+02:00;standby;21.1;50.4;5.0;25.0;57.6;10.0;0;0;0;0;16372.49;11280.08;5092.41;32430.701
2026-07-09T01:33:07.653313+02:00;standby;21.1;50.3;5.0;25.0;57.5;10.0;0;0;0;0;16372.49;11280.08;5092.41;32430.701
2026-07-09T01:34:08.090926+02:00;standby;21.1;50.2;5.0;25.0;57.5;10.0;0;0;0;0;16372.49;11280.08;5092.41;32430.701
2026-07-09T01:35:08.604322+02:00;standby;21.1;50.1;5.0;25.0;57.5;10.0;0;0;0;0;16372.49;11280.08;5092.41;32430.701
2026-07-09T01:36:09.081582+02:00;standby;21.1;50.0;5.0;25.0;57.5;10.0;0;0;0;0;16372.49;11280.08;5092.41;32430.701
2026-07-09T01:37:09.567890+02:00;standby;21.1;49.9;5.0;25.0;57.5;10.0;0;0;0;0;16372.49;11280.08;5092.41;32430.701
2026-07-09T01:38:10.452630+02:00;standby;21.1;49.8;5.0;25.0;57.5;10.0;0;0;0;0;16372.49;11280.08;5092.41;32430.701
2026-07-09T01:39:10.872499+02:00;standby;21.1;49.7;5.0;25.0;57.5;10.0;0;0;0;0;16372.49;11280.08;5092.41;32430.701
2026-07-09T01:40:11.468310+02:00;standby;21.1;49.5;5.0;25.0;57.5;10.0;0;0;0;0;16372.49;11280.08;5092.41;32430.701
2026-07-09T01:41:11.936377+02:00;standby;21.1;49.4;5.0;25.0;57.5;10.0;0;0;0;0;16372.49;11280.08;5092.41;32430.701
2026-07-09T01:42:12.892640+02:00;standby;21.1;49.3;5.0;25.0;57.5;10.0;0;0;0;0;16372.49;11280.08;5092.41;32430.701
2026-07-09T01:43:13.586165+02:00;standby;21.1;49.2;5.0;25.0;57.5;10.0;0;0;0;0;16372.49;11280.08;5092.41;32430.701
2026-07-09T01:44:14.081719+02:00;standby;21.1;49.1;5.0;25.0;57.5;10.0;0;0;0;0;16372.49;11280.08;5092.41;32430.701
2026-07-09T01:45:14.552830+02:00;standby;21.1;49.0;5.0;25.0;57.4;10.0;0;0;0;0;16372.49;11280.08;5092.41;32430.701
2026-07-09T01:46:15.018066+02:00;standby;21.1;48.9;5.0;25.0;57.4;10.0;0;0;0;0;16372.49;11280.08;5092.41;32430.701
2026-07-09T01:47:15.767348+02:00;standby;21.1;48.7;5.0;25.0;57.4;10.0;0;0;0;0;16372.49;11280.08;5092.41;32430.701
2026-07-09T01:48:16.259880+02:00;standby;21.1;48.6;5.0;25.0;57.4;10.0;0;0;0;0;16372.49;11280.08;5092.41;32430.701
2026-07-09T01:49:16.701485+02:00;standby;21.1;48.6;5.0;25.0;57.4;10.0;0;0;0;0;16372.49;11280.08;5092.41;32430.701
2026-07-09T01:50:17.222347+02:00;standby;21.1;48.5;5.0;25.0;57.4;10.0;0;0;0;0;16372.49;11280.08;5092.41;32430.701
2026-07-09T01:51:17.683187+02:00;standby;21.1;48.4;5.0;25.0;57.4;10.0;0;0;0;0;16372.49;11280.08;5092.41;32430.701
2026-07-09T01:52:18.254625+02:00;standby;21.1;48.3;5.0;25.0;57.4;10.0;0;0;0;0;16372.49;11280.08;5092.41;32430.701
2026-07-09T01:53:20.314307+02:00;standby;21.1;48.2;5.0;25.0;57.4;10.0;0;0;0;0;16372.49;11280.08;5092.41;32430.701
2026-07-09T01:54:20.755519+02:00;standby;21.1;48.1;5.0;25.0;57.4;10.0;0;0;0;0;16372.49;11280.08;5092.41;32430.701
2026-07-09T01:55:21.192700+02:00;standby;21.1;48.0;5.0;25.0;57.4;10.0;0;0;0;0;16372.49;11280.08;5092.41;32430.701
2026-07-09T01:56:21.870836+02:00;standby;21.1;47.8;5.0;25.0;57.4;10.0;0;0;0;0;16372.49;11280.08;5092.41;32430.701
2026-07-09T01:57:22.388719+02:00;standby;21.1;47.7;5.0;25.0;57.4;10.0;0;0;0;0;16372.49;11280.08;5092.41;32430.701
2026-07-09T01:58:22.901249+02:00;standby;21.1;47.7;5.0;25.0;57.4;10.0;0;0;0;0;16372.49;11280.08;5092.41;32430.701
2026-07-09T01:59:23.729480+02:00;standby;21.1;47.6;5.0;25.0;57.4;10.0;0;0;0;0;16372.49;11280.08;5092.41;32430.701
2026-07-09T02:00:24.170540+02:00;standby;21.1;47.5;5.0;25.0;57.3;10.0;0;0;0;0;16372.49;11280.08;5092.41;32430.701
2026-07-09T02:01:25.233205+02:00;standby;21.1;47.4;5.0;25.0;57.3;10.0;0;0;0;0;16372.49;11280.08;5092.41;32430.701
2026-07-09T02:02:25.727115+02:00;standby;21.1;47.3;5.0;25.0;57.3;10.0;0;0;0;0;16372.49;11280.08;5092.41;32430.701
2026-07-09T02:03:26.221071+02:00;standby;20.6;47.2;5.0;25.0;57.3;10.0;0;0;0;0;16372.49;11280.08;5092.41;32430.701
2026-07-09T02:04:26.690800+02:00;standby;20.6;47.0;5.0;25.0;57.3;10.0;0;0;0;0;16372.49;11280.08;5092.41;32430.701
2026-07-09T02:05:27.158801+02:00;standby;20.6;47.0;5.0;25.0;57.3;10.0;0;0;0;0;16372.49;11280.08;5092.41;32430.701
2026-07-09T02:06:29.049016+02:00;standby;20.6;46.9;5.0;25.0;57.3;10.0;0;0;0;0;16372.49;11280.08;5092.41;32430.701
2026-07-09T02:07:29.556250+02:00;standby;20.6;46.8;5.0;25.0;57.3;10.0;0;0;0;0;16372.49;11280.08;5092.41;32430.701
2026-07-09T02:08:30.245795+02:00;standby;20.6;46.7;5.0;25.0;57.3;10.0;0;0;0;0;16372.49;11280.08;5092.41;32430.701
2026-07-09T02:09:30.691042+02:00;standby;20.6;46.6;5.0;25.0;57.3;10.0;0;0;0;0;16372.49;11280.08;5092.41;32430.701
2026-07-09T02:10:31.182439+02:00;standby;20.6;46.6;5.0;25.0;57.3;10.0;0;0;0;0;16372.49;11280.08;5092.41;32430.701
2026-07-09T02:11:31.705814+02:00;standby;20.6;46.5;5.0;25.0;57.3;10.0;0;0;0;0;16372.49;11280.08;5092.41;32430.701
2026-07-09T02:12:32.277058+02:00;standby;20.6;46.4;5.0;25.0;57.3;10.0;0;0;0;0;16372.49;11280.08;5092.41;32430.701
2026-07-09T02:13:32.743808+02:00;standby;20.6;46.2;5.0;25.0;57.3;10.0;0;0;0;0;16372.49;11280.08;5092.41;32430.701
2026-07-09T02:14:33.229750+02:00;standby;20.6;46.1;5.0;25.0;57.2;10.0;0;0;0;0;16372.49;11280.08;5092.41;32430.701
2026-07-09T02:15:33.788999+02:00;standby;20.6;46.1;5.0;25.0;57.2;10.0;0;0;0;0;16372.49;11280.08;5092.41;32430.701
2026-07-09T02:16:34.254525+02:00;standby;20.6;46.0;5.0;25.0;57.2;10.0;0;0;0;0;16372.49;11280.08;5092.41;32430.701
2026-07-09T02:17:34.826515+02:00;standby;20.6;45.9;5.0;25.0;57.2;10.0;0;0;0;0;16372.49;11280.08;5092.41;32430.701
2026-07-09T02:18:35.342502+02:00;standby;20.6;45.8;5.0;25.0;57.2;10.0;0;0;0;0;16372.49;11280.08;5092.41;32430.701
2026-07-09T02:19:35.982544+02:00;standby;20.6;45.7;5.0;25.0;57.2;10.0;0;0;0;0;16372.49;11280.08;5092.41;32430.701
2026-07-09T02:20:36.527720+02:00;standby;20.6;45.7;5.0;25.0;57.2;10.0;0;0;0;0;16372.49;11280.08;5092.41;32430.701
2026-07-09T02:21:37.097407+02:00;standby;20.6;45.6;5.0;25.0;57.2;10.0;0;0;0;0;16372.49;11280.08;5092.41;32430.701
2026-07-09T02:22:37.651207+02:00;standby;20.6;45.5;5.0;25.0;57.2;10.0;0;0;0;0;16372.49;11280.08;5092.41;32430.701
2026-07-09T02:23:38.142384+02:00;standby;20.6;45.5;5.0;25.0;57.2;10.0;0;0;0;0;16372.49;11280.08;5092.41;32430.701
2026-07-09T02:24:38.655490+02:00;standby;20.6;45.3;5.0;25.0;57.2;10.0;0;0;0;0;16372.49;11280.08;5092.41;32430.701
2026-07-09T02:25:39.098920+02:00;standby;20.6;45.2;5.0;25.0;57.2;10.0;0;0;0;0;16372.49;11280.08;5092.41;32430.701
2026-07-09T02:26:39.601657+02:00;standby;20.6;45.1;5.0;25.0;57.2;10.0;0;0;0;0;16372.49;11280.08;5092.41;32430.701
2026-07-09T02:27:40.076992+02:00;standby;20.6;45.1;5.0;25.0;57.2;10.0;0;0;0;0;16372.49;11280.08;5092.41;32430.701
2026-07-09T02:28:40.560538+02:00;standby;20.6;45.0;5.0;25.0;57.1;10.0;0;0;0;0;16372.49;11280.08;5092.41;32430.701
2026-07-09T02:29:41.053846+02:00;standby;20.6;44.9;5.0;25.0;57.1;10.0;0;0;0;0;16372.49;11280.08;5092.41;32430.701
2026-07-09T02:30:41.507643+02:00;standby;20.6;44.8;5.0;25.0;57.1;10.0;0;0;0;0;16372.49;11280.08;5092.41;32430.701
2026-07-09T02:31:42.030334+02:00;standby;20.6;44.8;5.0;25.0;57.1;10.0;0;0;0;0;16372.49;11280.08;5092.41;32430.701
2026-07-09T02:32:42.479206+02:00;standby;20.6;44.7;5.0;25.0;57.1;10.0;0;0;0;0;16372.49;11280.08;5092.41;32430.701
2026-07-09T02:33:43.976932+02:00;standby;20.6;44.5;5.0;25.0;57.1;10.0;0;0;0;0;16372.49;11280.08;5092.41;32430.701
2026-07-09T02:34:44.640864+02:00;standby;20.6;44.5;5.0;25.0;57.1;10.0;0;0;0;0;16372.49;11280.08;5092.41;32430.701
2026-07-09T02:35:45.110538+02:00;standby;20.6;44.4;5.0;25.0;57.1;10.0;0;0;0;0;16372.49;11280.08;5092.41;32430.701
2026-07-09T02:36:46.225260+02:00;standby;20.6;44.3;5.0;25.0;57.1;10.0;0;0;0;0;16372.49;11280.08;5092.41;32430.701
2026-07-09T02:37:46.683040+02:00;standby;20.6;44.3;5.0;25.0;57.1;10.0;0;0;0;0;16372.49;11280.08;5092.41;32430.701
2026-07-09T02:38:47.163556+02:00;standby;20.6;44.2;5.0;25.0;57.1;10.0;0;0;0;0;16372.49;11280.08;5092.41;32430.701
2026-07-09T02:39:47.612579+02:00;standby;20.6;44.1;5.0;25.0;57.1;10.0;0;0;0;0;16372.49;11280.08;5092.41;32430.701
2026-07-09T02:40:48.095227+02:00;standby;20.6;44.1;5.0;25.0;57.1;10.0;0;0;0;0;16372.49;11280.08;5092.41;32430.701
2026-07-09T02:41:48.484389+02:00;standby;20.6;44.0;5.0;25.0;57.1;10.0;0;0;0;0;16372.49;11280.08;5092.41;32430.701
2026-07-09T02:42:48.983194+02:00;standby;20.6;43.9;5.0;25.0;56.9;10.0;0;0;0;0;16372.49;11280.08;5092.41;32430.701
2026-07-09T02:43:49.446076+02:00;standby;20.6;43.9;5.0;25.0;56.9;10.0;0;0;0;0;16372.49;11280.08;5092.41;32430.701
2026-07-09T02:44:49.973558+02:00;standby;20.6;43.7;5.0;25.0;56.9;10.0;0;0;0;0;16372.49;11280.08;5092.41;32430.701
2026-07-09T02:45:50.412857+02:00;standby;20.6;43.6;5.0;25.0;56.9;10.0;0;0;0;0;16372.49;11280.08;5092.41;32430.701
2026-07-09T02:46:50.900844+02:00;standby;20.6;43.6;5.0;25.0;56.9;10.0;0;0;0;0;16372.49;11280.08;5092.41;32430.701
2026-07-09T02:47:51.341400+02:00;standby;20.6;43.5;5.0;25.0;56.9;10.0;0;0;0;0;16372.49;11280.08;5092.41;32430.701
2026-07-09T02:48:51.843999+02:00;standby;20.6;43.4;5.0;25.0;56.9;10.0;0;0;0;0;16372.49;11280.08;5092.41;32430.701
2026-07-09T02:49:52.260857+02:00;standby;20.6;43.4;5.0;25.0;56.9;10.0;0;0;0;0;16372.49;11280.08;5092.41;32430.701
2026-07-09T02:50:52.701466+02:00;standby;20.6;43.3;5.0;25.0;56.9;10.0;0;0;0;0;16372.49;11280.08;5092.41;32430.701
2026-07-09T02:51:53.164052+02:00;standby;20.6;43.2;5.0;25.0;56.9;10.0;0;0;0;0;16372.49;11280.08;5092.41;32430.701
2026-07-09T02:52:53.743157+02:00;standby;20.6;43.2;5.0;25.0;56.9;10.0;0;0;0;0;16372.49;11280.08;5092.41;32430.701
2026-07-09T02:53:54.773465+02:00;standby;20.6;43.1;5.0;25.0;56.9;10.0;0;0;0;0;16372.49;11280.08;5092.41;32430.701
2026-07-09T02:54:55.543615+02:00;standby;20.6;43.1;5.0;25.0;56.9;10.0;0;0;0;0;16372.49;11280.08;5092.41;32430.701
2026-07-09T02:55:55.987739+02:00;standby;20.6;43.0;5.0;25.0;56.9;10.0;0;0;0;0;16372.49;11280.08;5092.41;32430.701
2026-07-09T02:56:56.404815+02:00;standby;20.6;42.8;5.0;25.0;56.9;10.0;0;0;0;0;16372.49;11280.08;5092.41;32430.701
2026-07-09T02:57:56.975388+02:00;standby;20.6;42.8;5.0;25.0;56.8;10.0;0;0;0;0;16372.49;11280.08;5092.41;32430.701
2026-07-09T02:58:57.468760+02:00;standby;20.6;42.7;5.0;25.0;56.8;10.0;0;0;0;0;16372.49;11280.08;5092.41;32430.701
2026-07-09T02:59:58.003966+02:00;standby;20.6;42.7;5.0;25.0;56.8;10.0;0;0;0;0;16372.49;11280.08;5092.41;32430.701
2026-07-09T03:00:58.610044+02:00;standby;20.6;42.6;5.0;25.0;56.8;10.0;0;0;0;0;16372.49;11280.08;5092.41;32430.701
2026-07-09T03:01:59.237265+02:00;standby;20.6;42.5;5.0;25.0;56.8;10.0;0;0;0;0;16372.49;11280.08;5092.41;32430.701
2026-07-09T03:02:59.750924+02:00;standby;20.6;42.5;5.0;25.0;56.8;10.0;0;0;0;0;16372.49;11280.08;5092.41;32430.701
2026-07-09T03:04:00.296267+02:00;standby;20.0;42.4;5.0;25.0;56.8;10.0;0;0;0;0;16372.49;11280.08;5092.41;32430.701
2026-07-09T03:05:00.971349+02:00;standby;20.0;42.3;5.0;25.0;56.8;10.0;0;0;0;0;16372.49;11280.08;5092.41;32430.701
2026-07-09T03:06:01.458889+02:00;standby;20.0;42.3;5.0;25.0;56.8;10.0;0;0;0;0;16372.49;11280.08;5092.41;32430.701
2026-07-09T03:07:01.901388+02:00;standby;20.0;42.2;5.0;25.0;56.8;10.0;0;0;0;0;16372.49;11280.08;5092.41;32430.701
2026-07-09T03:08:02.318313+02:00;standby;20.0;42.2;5.0;25.0;56.8;10.0;0;0;0;0;16372.49;11280.08;5092.41;32430.701
2026-07-09T03:09:02.763595+02:00;standby;20.0;42.0;5.0;25.0;56.8;10.0;0;0;0;0;16372.49;11280.08;5092.41;32430.701
2026-07-09T03:10:03.259397+02:00;standby;20.0;42.0;5.0;25.0;56.8;10.0;0;0;0;0;16372.49;11280.08;5092.41;32430.701
2026-07-09T03:11:03.722366+02:00;standby;20.0;41.9;5.0;25.0;56.8;10.0;0;0;0;0;16372.49;11280.08;5092.41;32430.701
2026-07-09T03:12:04.475435+02:00;standby;20.0;41.8;5.0;25.0;56.8;10.0;0;0;0;0;16372.49;11280.08;5092.41;32430.701
2026-07-09T03:13:04.945274+02:00;standby;20.0;41.8;5.0;25.0;56.7;10.0;0;0;0;0;16372.49;11280.08;5092.41;32430.701
2026-07-09T03:14:05.683987+02:00;standby;20.0;41.7;5.0;25.0;56.7;10.0;0;0;0;0;16372.49;11280.08;5092.41;32430.701
2026-07-09T03:15:06.160022+02:00;standby;20.0;41.7;5.0;25.0;56.7;10.0;0;0;0;0;16372.49;11280.08;5092.41;32430.701
2026-07-09T03:16:06.843836+02:00;standby;20.0;41.6;5.0;25.0;56.7;10.0;0;0;0;0;16372.49;11280.08;5092.41;32430.701
2026-07-09T03:17:07.327167+02:00;standby;20.0;41.6;5.0;25.0;56.7;10.0;0;0;0;0;16372.49;11280.08;5092.41;32430.701
2026-07-09T03:18:07.823572+02:00;standby;20.0;41.5;5.0;25.0;56.7;10.0;0;0;0;0;16372.49;11280.08;5092.41;32430.701
2026-07-09T03:19:08.240784+02:00;standby;20.0;41.5;5.0;25.0;56.7;10.0;0;0;0;0;16372.49;11280.08;5092.41;32430.701
2026-07-09T03:20:08.680520+02:00;standby;20.0;41.4;5.0;25.0;56.7;10.0;0;0;0;0;16372.49;11280.08;5092.41;32430.701
2026-07-09T03:21:09.174629+02:00;standby;20.0;41.4;5.0;25.0;56.7;10.0;0;0;0;0;16372.49;11280.08;5092.41;32430.701
2026-07-09T03:22:09.642292+02:00;standby;20.0;41.2;5.0;25.0;56.7;10.0;0;0;0;0;16372.49;11280.08;5092.41;32430.701
2026-07-09T03:23:10.113429+02:00;standby;20.0;41.2;5.0;25.0;56.7;10.0;0;0;0;0;16372.49;11280.08;5092.41;32430.701
2026-07-09T03:24:10.581471+02:00;standby;20.0;41.1;5.0;25.0;56.7;10.0;0;0;0;0;16372.49;11280.08;5092.41;32430.701
2026-07-09T03:25:11.021488+02:00;standby;20.0;41.1;5.0;25.0;56.7;10.0;0;0;0;0;16372.49;11280.08;5092.41;32430.701
2026-07-09T03:26:11.607652+02:00;standby;20.0;41.0;5.0;25.0;56.6;10.0;0;0;0;0;16372.49;11280.08;5092.41;32430.701
2026-07-09T03:27:12.090035+02:00;standby;20.0;41.0;5.0;25.0;56.6;10.0;0;0;0;0;16372.49;11280.08;5092.41;32430.701
2026-07-09T03:28:12.551724+02:00;standby;20.0;40.9;5.0;25.0;56.6;10.0;0;0;0;0;16372.49;11280.08;5092.41;32430.701
2026-07-09T03:29:13.006494+02:00;standby;20.0;40.8;5.0;25.0;56.6;10.0;0;0;0;0;16372.49;11280.08;5092.41;32430.701
2026-07-09T03:30:13.479808+02:00;standby;20.0;40.8;5.0;25.0;56.6;10.0;0;0;0;0;16372.49;11280.08;5092.41;32430.701
2026-07-09T03:31:14.411750+02:00;standby;20.0;40.8;5.0;25.0;56.6;10.0;0;0;0;0;16372.49;11280.08;5092.41;32430.701
2026-07-09T03:32:14.907286+02:00;standby;20.0;40.7;5.0;25.0;56.6;10.0;0;0;0;0;16372.49;11280.08;5092.41;32430.701
2026-07-09T03:33:15.439275+02:00;standby;20.0;40.6;5.0;25.0;56.6;10.0;0;0;0;0;16372.49;11280.08;5092.41;32430.701
2026-07-09T03:34:15.950602+02:00;standby;20.0;40.6;5.0;25.0;56.6;10.0;0;0;0;0;16372.49;11280.08;5092.41;32430.701
2026-07-09T03:35:16.497931+02:00;standby;20.0;40.5;5.0;25.0;56.6;10.0;0;0;0;0;16372.49;11280.08;5092.41;32430.701
2026-07-09T03:36:16.944532+02:00;standby;20.0;40.5;5.0;25.0;56.6;10.0;0;0;0;0;16372.49;11280.08;5092.41;32430.701
2026-07-09T03:37:17.419202+02:00;standby;20.0;40.5;5.0;25.0;56.6;10.0;0;0;0;0;16372.49;11280.08;5092.41;32430.701
2026-07-09T03:38:17.921202+02:00;standby;20.0;40.3;5.0;25.0;56.6;10.0;0;0;0;0;16372.49;11280.08;5092.41;32430.701
2026-07-09T03:39:18.455605+02:00;standby;20.0;40.3;5.0;25.0;56.5;10.0;0;0;0;0;16372.49;11280.08;5092.41;32430.701
2026-07-09T03:40:19.044357+02:00;standby;20.0;40.2;5.0;25.0;56.5;10.0;0;0;0;0;16372.49;11280.08;5092.41;32430.701
2026-07-09T03:41:19.628147+02:00;standby;20.0;40.2;5.0;25.0;56.5;10.0;0;0;0;0;16372.49;11280.08;5092.41;32430.701
2026-07-09T03:42:20.107486+02:00;standby;20.0;40.1;5.0;25.0;56.5;10.0;0;0;0;0;16372.49;11280.08;5092.41;32430.701
2026-07-09T03:43:20.571968+02:00;standby;20.0;40.1;5.0;25.0;56.5;10.0;0;0;0;0;16372.49;11280.08;5092.41;32430.701
2026-07-09T03:44:21.155338+02:00;standby;20.0;40.0;5.0;25.0;56.5;10.0;0;0;0;0;16372.49;11280.08;5092.41;32430.701
2026-07-09T03:45:21.619062+02:00;standby;20.0;40.0;5.0;25.0;56.5;10.0;0;0;0;0;16372.49;11280.08;5092.41;32430.701
2026-07-09T03:46:22.082334+02:00;standby;20.0;39.9;5.0;25.0;56.5;10.0;0;0;0;0;16372.49;11280.08;5092.41;32430.701
2026-07-09T03:47:23.019523+02:00;standby;20.0;39.9;5.0;25.0;56.5;10.0;0;0;0;0;16372.49;11280.08;5092.41;32430.701
2026-07-09T03:48:23.558809+02:00;standby;20.0;39.8;5.0;25.0;56.5;10.0;0;0;0;0;16372.49;11280.08;5092.41;32430.701
2026-07-09T03:49:24.026228+02:00;standby;20.0;39.8;5.0;25.0;56.5;10.0;0;0;0;0;16372.49;11280.08;5092.41;32430.701
2026-07-09T03:50:24.466009+02:00;standby;20.0;39.6;5.0;25.0;56.5;10.0;0;0;0;0;16372.49;11280.08;5092.41;32430.701
2026-07-09T03:51:24.992127+02:00;standby;20.0;39.6;5.0;25.0;56.5;10.0;0;0;0;0;16372.49;11280.08;5092.41;32430.701
2026-07-09T03:52:25.504020+02:00;standby;20.0;39.5;5.0;25.0;56.5;10.0;0;0;0;0;16372.49;11280.08;5092.41;32430.701
2026-07-09T03:53:26.228522+02:00;standby;20.0;39.5;5.0;25.0;56.4;10.0;0;0;0;0;16372.49;11280.08;5092.41;32430.701
2026-07-09T03:54:26.750280+02:00;standby;20.0;39.5;5.0;25.0;56.4;10.0;0;0;0;0;16372.49;11280.08;5092.41;32430.701
2026-07-09T03:55:27.393438+02:00;standby;20.0;39.4;5.0;25.0;56.4;10.0;0;0;0;0;16372.49;11280.08;5092.41;32430.701
2026-07-09T03:56:27.897882+02:00;standby;20.0;39.4;5.0;25.0;56.4;10.0;0;0;0;0;16372.49;11280.08;5092.41;32430.701
2026-07-09T03:57:28.407900+02:00;standby;20.0;39.3;5.0;25.0;56.4;10.0;0;0;0;0;16372.49;11280.08;5092.41;32430.701
2026-07-09T03:58:28.926399+02:00;standby;20.0;39.3;5.0;25.0;56.4;10.0;0;0;0;0;16372.49;11280.08;5092.41;32430.701
2026-07-09T03:59:29.446781+02:00;standby;20.0;39.1;5.0;25.0;56.4;10.0;0;0;0;0;16372.49;11280.08;5092.41;32430.701
2026-07-09T04:00:30.074132+02:00;standby;20.0;39.1;5.0;25.0;56.4;57.0;0;0;0;0;16372.49;11280.08;5092.41;32430.701
2026-07-09T04:01:30.615461+02:00;standby;20.0;39.0;5.0;25.0;56.4;57.0;0;0;0;0;16372.49;11280.08;5092.41;32430.701
2026-07-09T04:02:31.105141+02:00;standby;20.0;39.0;5.0;25.0;56.4;57.0;0;0;0;0;16372.49;11280.08;5092.41;32430.701
2026-07-09T04:03:31.647134+02:00;standby;20.0;39.0;5.0;25.0;56.4;57.0;0;0;0;0;16372.49;11280.08;5092.41;32430.701
2026-07-09T04:04:32.245308+02:00;standby;19.7;38.9;5.0;25.0;56.4;57.0;0;0;0;0;16372.49;11280.08;5092.41;32430.701
2026-07-09T04:05:32.768605+02:00;standby;19.7;38.9;5.0;25.0;56.4;57.0;0;0;0;0;16372.49;11280.08;5092.41;32430.701
2026-07-09T04:06:33.299300+02:00;standby;19.7;38.9;5.0;25.0;56.4;57.0;0;0;0;0;16372.49;11280.08;5092.41;32430.701
2026-07-09T04:07:34.167849+02:00;standby;19.7;38.8;5.0;25.0;56.3;57.0;0;0;0;0;16372.49;11280.08;5092.41;32430.701
2026-07-09T04:08:34.643582+02:00;standby;19.7;38.8;5.0;25.0;56.3;57.0;0;0;0;0;16372.49;11280.08;5092.41;32430.701
2026-07-09T04:09:35.456587+02:00;standby;19.7;38.6;5.0;25.0;56.3;57.0;0;0;0;0;16372.49;11280.08;5092.41;32430.701
2026-07-09T04:10:35.978020+02:00;standby;19.7;38.6;5.0;25.0;56.3;57.0;0;0;0;0;16372.49;11280.08;5092.41;32430.701
2026-07-09T04:11:36.515235+02:00;standby;19.7;38.5;5.0;25.0;56.3;57.0;0;0;0;0;16372.49;11280.08;5092.41;32430.701
2026-07-09T04:12:37.230634+02:00;standby;19.7;38.5;5.0;25.0;56.3;57.0;0;0;0;0;16372.49;11280.08;5092.41;32430.701
2026-07-09T04:13:37.749830+02:00;standby;19.7;38.5;5.0;25.0;56.3;57.0;0;0;0;0;16372.49;11280.08;5092.41;32430.701
2026-07-09T04:14:38.683720+02:00;standby;19.7;38.4;5.0;25.0;56.3;57.0;0;0;0;0;16372.49;11280.08;5092.41;32430.701
2026-07-09T04:15:39.185172+02:00;standby;19.7;38.4;5.0;25.0;56.3;57.0;0;0;0;0;16372.49;11280.08;5092.41;32430.701
2026-07-09T04:16:39.918246+02:00;standby;19.7;38.3;5.0;25.0;56.3;57.0;0;0;0;0;16372.49;11280.08;5092.41;32430.701
2026-07-09T04:17:40.436485+02:00;standby;19.7;38.3;5.0;25.0;56.3;57.0;0;0;0;0;16372.49;11280.08;5092.41;32430.701
2026-07-09T04:18:41.052886+02:00;standby;19.7;38.3;5.0;25.0;56.3;57.0;0;0;0;0;16372.49;11280.08;5092.41;32430.701
2026-07-09T04:19:41.669556+02:00;standby;19.7;38.1;5.0;25.0;56.3;57.0;0;0;0;0;16372.49;11280.08;5092.41;32430.701
2026-07-09T04:20:42.192269+02:00;standby;19.7;38.1;5.0;25.0;56.3;57.0;0;0;0;0;16372.49;11280.08;5092.41;32430.701
2026-07-09T04:21:42.814626+02:00;standby;19.7;38.0;5.0;25.0;56.2;57.0;0;0;0;0;16372.49;11280.08;5092.41;32430.701
2026-07-09T04:22:43.744482+02:00;standby;19.7;38.0;5.0;25.0;56.2;57.0;0;0;0;0;16372.49;11280.08;5092.41;32430.701
2026-07-09T04:23:44.263084+02:00;standby;19.7;38.0;5.0;25.0;56.2;57.0;0;0;0;0;16372.49;11280.08;5092.41;32430.701
2026-07-09T04:24:44.839209+02:00;standby;19.7;37.9;5.0;25.0;56.2;57.0;0;0;0;0;16372.49;11280.08;5092.41;32430.701
2026-07-09T04:25:45.310035+02:00;standby;19.7;37.9;5.0;25.0;56.2;57.0;0;0;0;0;16372.49;11280.08;5092.41;32430.701
2026-07-09T04:26:45.823531+02:00;standby;19.7;37.9;5.0;25.0;56.2;57.0;0;0;0;0;16372.49;11280.08;5092.41;32430.701
2026-07-09T04:27:46.341894+02:00;standby;19.7;37.8;5.0;25.0;56.2;57.0;0;0;0;0;16372.49;11280.08;5092.41;32430.701
2026-07-09T04:28:46.911924+02:00;standby;19.7;37.8;5.0;25.0;56.2;57.0;0;0;0;0;16372.49;11280.08;5092.41;32430.701
2026-07-09T04:29:47.684411+02:00;standby;19.7;37.7;5.0;25.0;56.2;57.0;0;0;0;0;16372.49;11280.08;5092.41;32430.701
2026-07-09T04:30:48.559851+02:00;standby;19.7;37.7;5.0;25.0;56.2;57.0;0;0;0;0;16372.49;11280.08;5092.41;32430.701
2026-07-09T04:31:49.037503+02:00;standby;19.7;37.7;5.0;25.0;56.2;57.0;0;0;0;0;16372.49;11280.08;5092.41;32430.701
2026-07-09T04:32:49.551228+02:00;standby;19.7;37.5;5.0;25.0;56.2;57.0;0;0;0;0;16372.49;11280.08;5092.41;32430.701
2026-07-09T04:33:50.184471+02:00;standby;19.7;37.5;5.0;25.0;56.2;57.0;0;0;0;0;16372.49;11280.08;5092.41;32430.701
2026-07-09T04:34:50.999052+02:00;standby;19.7;37.5;5.0;25.0;56.1;57.0;0;0;0;0;16372.49;11280.08;5092.41;32430.701
2026-07-09T04:35:51.522322+02:00;standby;19.7;37.4;5.0;25.0;56.1;57.0;0;0;0;0;16372.49;11280.08;5092.41;32430.701
2026-07-09T04:36:52.035365+02:00;standby;19.7;37.4;5.0;25.0;56.1;57.0;0;0;0;0;16372.49;11280.08;5092.41;32430.701
2026-07-09T04:37:54.031439+02:00;standby;19.7;37.4;5.0;25.0;56.1;57.0;0;0;0;0;16372.49;11280.08;5092.41;32430.701
2026-07-09T04:38:54.510121+02:00;standby;19.7;37.3;5.0;25.0;56.1;57.0;0;0;0;0;16372.49;11280.08;5092.41;32430.701
2026-07-09T04:39:55.027474+02:00;standby;19.7;37.3;5.0;25.0;56.1;57.0;0;0;0;0;16372.49;11280.08;5092.41;32430.701
2026-07-09T04:40:55.562370+02:00;standby;19.7;37.3;5.0;25.0;56.1;57.0;0;0;0;0;16372.49;11280.08;5092.41;32430.701
2026-07-09T04:41:56.065960+02:00;standby;19.7;37.2;5.0;25.0;56.1;57.0;0;0;0;0;16372.49;11280.08;5092.41;32430.701
2026-07-09T04:42:56.789755+02:00;standby;19.7;37.2;5.0;25.0;56.1;57.0;0;0;0;0;16372.49;11280.08;5092.41;32430.701
2026-07-09T04:43:57.308566+02:00;standby;19.7;37.0;5.0;25.0;56.1;57.0;0;0;0;0;16372.49;11280.08;5092.41;32430.701
2026-07-09T04:44:58.042557+02:00;standby;19.7;37.0;5.0;25.0;56.1;57.0;0;0;0;0;16372.49;11280.08;5092.41;32430.701
2026-07-09T04:45:58.489361+02:00;standby;19.7;37.0;5.0;25.0;56.1;57.0;0;0;0;0;16372.49;11280.08;5092.41;32430.701
2026-07-09T04:46:59.018542+02:00;standby;19.7;36.9;5.0;25.0;56.1;57.0;0;0;0;0;16372.49;11280.08;5092.41;32430.701
2026-07-09T04:47:59.541612+02:00;standby;19.7;36.9;5.0;25.0;56.1;57.0;0;0;0;0;16372.49;11280.08;5092.41;32430.701
2026-07-09T04:49:00.022647+02:00;standby;19.7;36.9;5.0;25.0;56.0;57.0;0;0;0;0;16372.49;11280.08;5092.41;32430.701
2026-07-09T04:50:00.599340+02:00;standby;19.7;36.8;5.0;25.0;56.0;57.0;0;0;0;0;16372.49;11280.08;5092.41;32430.701
2026-07-09T04:51:01.015353+02:00;standby;19.7;36.8;5.0;25.0;56.0;57.0;0;0;0;0;16372.49;11280.08;5092.41;32430.701
2026-07-09T04:52:01.698637+02:00;standby;19.7;36.8;5.0;25.0;56.0;57.0;0;0;0;0;16372.49;11280.08;5092.41;32430.701
2026-07-09T04:53:02.159439+02:00;standby;19.7;36.7;5.0;25.0;56.0;57.0;0;0;0;0;16372.49;11280.08;5092.41;32430.701
2026-07-09T04:54:02.678127+02:00;standby;19.7;36.7;5.0;25.0;56.0;57.0;0;0;0;0;16372.49;11280.08;5092.41;32430.701
2026-07-09T04:55:03.159072+02:00;standby;19.7;36.7;5.0;25.0;56.0;57.0;0;0;0;0;16372.49;11280.08;5092.41;32430.701
2026-07-09T04:56:03.614176+02:00;standby;19.7;36.5;5.0;25.0;56.0;57.0;0;0;0;0;16372.49;11280.08;5092.41;32430.701
2026-07-09T04:57:04.031557+02:00;standby;19.7;36.5;5.0;25.0;56.0;57.0;0;0;0;0;16372.49;11280.08;5092.41;32430.701
2026-07-09T04:58:04.443972+02:00;standby;19.7;36.5;5.0;25.0;56.0;57.0;0;0;0;0;16372.49;11280.08;5092.41;32430.701
2026-07-09T04:59:04.896494+02:00;standby;19.7;36.4;5.0;25.0;56.0;57.0;0;0;0;0;16372.49;11280.08;5092.41;32430.701
2026-07-09T05:00:05.467964+02:00;standby;19.7;36.4;5.0;25.0;56.0;57.0;0;0;0;0;16372.49;11280.08;5092.41;32430.701
2026-07-09T05:01:05.932945+02:00;standby;19.7;36.4;5.0;25.0;56.0;57.0;0;0;0;0;16372.49;11280.08;5092.41;32430.701
2026-07-09T05:02:06.401790+02:00;standby;19.7;36.4;5.0;25.0;56.0;57.0;0;0;0;0;16372.49;11280.08;5092.41;32430.701
2026-07-09T05:03:06.941399+02:00;standby;19.7;36.3;5.0;25.0;55.9;57.0;0;0;0;0;16372.49;11280.08;5092.41;32430.701
2026-07-09T05:04:07.387388+02:00;standby;19.7;36.3;5.0;25.0;56.0;57.0;0;0;0;0;16372.49;11280.08;5092.41;32430.701
2026-07-09T05:05:07.930648+02:00;standby;18.7;36.3;5.0;25.0;55.9;57.0;0;0;0;0;16372.49;11280.08;5092.41;32430.701
2026-07-09T05:06:08.440594+02:00;standby;18.7;36.2;5.0;25.0;55.9;57.0;0;0;0;0;16372.49;11280.08;5092.41;32430.701
2026-07-09T05:07:08.952656+02:00;standby;18.7;36.2;5.0;25.0;55.9;57.0;0;0;0;0;16372.49;11280.08;5092.41;32430.701
2026-07-09T05:08:09.467372+02:00;standby;18.7;36.0;5.0;25.0;55.9;57.0;0;0;0;0;16372.49;11280.08;5092.41;32430.701
2026-07-09T05:09:09.934241+02:00;standby;18.7;36.0;5.0;25.0;55.9;57.0;0;0;0;0;16372.49;11280.08;5092.41;32430.701
2026-07-09T05:10:10.352261+02:00;standby;18.7;36.0;5.0;25.0;55.9;57.0;0;0;0;0;16372.49;11280.08;5092.41;32430.701
2026-07-09T05:11:10.824346+02:00;standby;18.7;36.0;5.0;25.0;55.9;57.0;0;0;0;0;16372.49;11280.08;5092.41;32430.701
2026-07-09T05:12:11.384318+02:00;standby;18.7;35.9;5.0;25.0;55.9;57.0;0;0;0;0;16372.49;11280.08;5092.41;32430.701
2026-07-09T05:13:12.185007+02:00;standby;18.7;35.9;5.0;25.0;55.9;57.0;0;0;0;0;16372.49;11280.08;5092.41;32430.701
2026-07-09T05:14:12.646329+02:00;standby;18.7;35.9;5.0;25.0;55.9;57.0;0;0;0;0;16372.49;11280.08;5092.41;32430.701
2026-07-09T05:15:13.147735+02:00;standby;18.7;35.8;5.0;25.0;55.9;57.0;0;0;0;0;16372.49;11280.08;5092.41;32430.701
2026-07-09T05:16:13.557517+02:00;standby;18.7;35.8;5.0;25.0;55.9;57.0;0;0;0;0;16372.49;11280.08;5092.41;32430.701
2026-07-09T05:17:14.259577+02:00;standby;18.7;35.8;5.0;25.0;55.8;57.0;0;0;0;0;16372.49;11280.08;5092.41;32430.701
2026-07-09T05:18:14.785877+02:00;standby;18.7;35.7;5.0;25.0;55.8;57.0;0;0;0;0;16372.49;11280.08;5092.41;32430.701
2026-07-09T05:19:15.430382+02:00;standby;18.7;35.7;5.0;25.0;55.8;57.0;0;0;0;0;16372.49;11280.08;5092.41;32430.701
2026-07-09T05:20:15.839301+02:00;standby;18.7;35.7;5.0;25.0;55.8;57.0;0;0;0;0;16372.49;11280.08;5092.41;32430.701
2026-07-09T05:21:16.375092+02:00;standby;18.7;35.6;5.0;25.0;55.8;57.0;0;0;0;0;16372.49;11280.08;5092.41;32430.701
2026-07-09T05:22:16.856068+02:00;standby;18.7;35.6;5.0;25.0;55.8;57.0;0;0;0;0;16372.49;11280.08;5092.41;32430.701
2026-07-09T05:23:17.327497+02:00;standby;18.7;35.6;5.0;25.0;55.8;57.0;0;0;0;0;16372.49;11280.08;5092.41;32430.701
2026-07-09T05:24:17.743249+02:00;standby;18.7;35.6;5.0;25.0;55.8;57.0;0;0;0;0;16372.49;11280.08;5092.41;32430.701
2026-07-09T05:25:18.437611+02:00;standby;18.7;35.4;5.0;25.0;55.8;57.0;0;0;0;0;16372.49;11280.08;5092.41;32430.701
2026-07-09T05:26:19.058478+02:00;standby;18.7;35.4;5.0;25.0;55.8;57.0;0;0;0;0;16372.49;11280.08;5092.41;32430.701
2026-07-09T05:27:19.692224+02:00;standby;18.7;35.4;5.0;25.0;55.8;57.0;0;0;0;0;16372.49;11280.08;5092.41;32430.701
2026-07-09T05:28:20.389968+02:00;standby;18.7;35.4;5.0;25.0;55.8;57.0;0;0;0;0;16372.49;11280.08;5092.41;32430.701
2026-07-09T05:29:20.888555+02:00;standby;18.7;35.3;5.0;25.0;55.8;57.0;0;0;0;0;16372.49;11280.08;5092.41;32430.701
2026-07-09T05:30:21.406907+02:00;standby;18.7;35.3;5.0;31.0;55.8;57.0;0;0;0;0;16372.49;11280.08;5092.41;32430.701
2026-07-09T05:31:21.927000+02:00;standby;18.7;35.3;5.0;31.0;55.7;57.0;0;0;0;0;16372.49;11280.08;5092.41;32430.701
2026-07-09T05:32:22.723415+02:00;standby;18.7;35.2;5.0;31.0;55.7;57.0;0;0;0;0;16372.49;11280.08;5092.41;32430.701
2026-07-09T05:33:23.585311+02:00;standby;18.7;35.2;5.0;31.0;55.7;57.0;0;0;0;0;16372.49;11280.08;5092.41;32430.701
2026-07-09T05:34:24.064378+02:00;standby;18.7;35.2;5.0;31.0;55.7;57.0;0;0;0;0;16372.49;11280.08;5092.41;32430.701
2026-07-09T05:35:24.621553+02:00;standby;18.7;35.2;5.0;31.0;55.7;57.0;0;0;0;0;16372.49;11280.08;5092.41;32430.701
2026-07-09T05:36:25.160226+02:00;standby;18.7;35.1;5.0;31.0;55.7;57.0;0;0;0;0;16372.49;11280.08;5092.41;32430.701
2026-07-09T05:37:25.680255+02:00;standby;18.7;35.1;5.0;31.0;55.7;57.0;0;0;0;0;16372.49;11280.08;5092.41;32430.701
2026-07-09T05:38:26.220305+02:00;standby;18.7;35.1;5.0;31.0;55.7;57.0;0;0;0;0;16372.49;11280.08;5092.41;32430.701
2026-07-09T05:39:26.968186+02:00;standby;18.7;35.1;5.0;31.0;55.7;57.0;0;0;0;0;16372.49;11280.08;5092.41;32430.701
2026-07-09T05:40:27.383599+02:00;standby;18.7;34.9;5.0;31.0;55.7;57.0;0;0;0;0;16372.49;11280.08;5092.41;32430.701
2026-07-09T05:41:27.846235+02:00;standby;18.7;34.9;5.0;31.0;55.7;57.0;0;0;0;0;16372.49;11280.08;5092.41;32430.701
2026-07-09T05:42:28.323182+02:00;standby;18.7;34.9;5.0;31.0;55.7;57.0;0;0;0;0;16372.49;11280.08;5092.41;32430.701
2026-07-09T05:43:28.988592+02:00;standby;18.7;34.9;5.0;31.0;55.7;57.0;0;0;0;0;16372.49;11280.08;5092.41;32430.701
2026-07-09T05:44:29.496627+02:00;standby;18.7;34.8;5.0;31.0;55.7;57.0;0;0;0;0;16372.49;11280.08;5092.41;32430.701
2026-07-09T05:45:29.984300+02:00;standby;18.7;34.8;5.0;31.0;55.7;57.0;0;0;0;0;16372.49;11280.08;5092.41;32430.701
2026-07-09T05:46:30.433546+02:00;standby;18.7;34.8;5.0;31.0;55.6;57.0;0;0;0;0;16372.49;11280.08;5092.41;32430.701
2026-07-09T05:47:30.963872+02:00;standby;18.7;34.7;5.0;31.0;55.6;57.0;0;0;0;0;16372.49;11280.08;5092.41;32430.701
2026-07-09T05:48:31.438984+02:00;standby;18.7;34.7;5.0;31.0;55.6;57.0;0;0;0;0;16372.49;11280.08;5092.41;32430.701
2026-07-09T05:49:32.107014+02:00;standby;18.7;34.7;5.0;31.0;55.6;57.0;0;0;0;0;16372.49;11280.08;5092.41;32430.701
2026-07-09T05:50:32.586613+02:00;standby;18.7;34.7;5.0;31.0;55.6;57.0;0;0;0;0;16372.49;11280.08;5092.41;32430.701
2026-07-09T05:51:33.645543+02:00;standby;18.7;34.6;5.0;31.0;55.6;57.0;0;0;0;0;16372.49;11280.08;5092.41;32430.701
2026-07-09T05:52:34.271350+02:00;standby;18.7;34.6;5.0;31.0;55.6;57.0;0;0;0;0;16372.49;11280.08;5092.41;32430.701
2026-07-09T05:53:34.792701+02:00;standby;18.7;34.6;5.0;31.0;55.6;57.0;0;0;0;0;16372.49;11280.08;5092.41;32430.701
2026-07-09T05:54:35.273161+02:00;standby;18.7;34.6;5.0;31.0;55.6;57.0;0;0;0;0;16372.49;11280.08;5092.41;32430.701
2026-07-09T05:55:36.056050+02:00;standby;18.7;34.4;5.0;31.0;55.6;57.0;0;0;0;0;16372.49;11280.08;5092.41;32430.701
2026-07-09T05:56:36.515895+02:00;standby;18.7;34.4;5.0;31.0;55.6;57.0;0;0;0;0;16372.49;11280.08;5092.41;32430.701
2026-07-09T05:57:36.928702+02:00;standby;18.7;34.4;5.0;31.0;55.6;57.0;0;0;0;0;16372.49;11280.08;5092.41;32430.701
2026-07-09T05:58:37.535715+02:00;standby;18.7;34.4;5.0;31.0;55.6;57.0;0;0;0;0;16372.49;11280.08;5092.41;32430.701
2026-07-09T05:59:38.208465+02:00;standby;18.7;34.4;5.0;31.0;55.5;57.0;0;0;0;0;16372.49;11280.08;5092.41;32430.701
2026-07-09T06:00:39.444344+02:00;standby;18.7;34.3;5.0;31.0;55.5;57.0;0;0;0;0;16372.49;11280.08;5092.41;32430.701
2026-07-09T06:01:39.929716+02:00;standby;18.7;34.3;5.0;31.0;55.5;57.0;0;0;0;0;16372.49;11280.08;5092.41;32430.701
2026-07-09T06:02:40.382298+02:00;standby;18.7;34.3;5.0;31.0;55.5;57.0;0;0;0;0;16372.49;11280.08;5092.41;32430.701
2026-07-09T06:03:40.864276+02:00;standby;18.7;34.2;5.0;31.0;55.5;57.0;0;0;0;0;16372.49;11280.08;5092.41;32430.701
2026-07-09T06:04:41.534529+02:00;standby;18.7;34.2;5.0;31.0;55.5;57.0;0;0;0;0;16372.49;11280.08;5092.41;32430.701
2026-07-09T06:05:42.253948+02:00;standby;18.7;34.2;5.0;31.0;55.5;57.0;0;0;0;0;16372.49;11280.08;5092.41;32430.701
2026-07-09T06:06:42.832246+02:00;standby;18.7;34.2;5.0;31.0;55.5;57.0;0;0;0;0;16372.49;11280.08;5092.41;32430.701
2026-07-09T06:07:43.717831+02:00;standby;18.7;34.1;5.0;31.0;55.5;57.0;0;0;0;0;16372.49;11280.08;5092.41;32430.701
2026-07-09T06:08:44.215044+02:00;standby;18.7;34.1;5.0;31.0;55.5;57.0;0;0;0;0;16372.49;11280.08;5092.41;32430.701
2026-07-09T06:09:44.772941+02:00;standby;18.7;34.1;5.0;31.0;55.5;57.0;0;0;0;0;16372.49;11280.08;5092.41;32430.701
2026-07-09T06:10:47.435535+02:00;standby;18.7;34.1;5.0;31.0;55.5;57.0;0;0;0;0;16372.49;11280.08;5092.41;32430.701
2026-07-09T06:11:47.926479+02:00;standby;18.7;34.1;5.0;31.0;55.5;57.0;0;0;0;0;16372.49;11280.08;5092.41;32430.701
2026-07-09T06:12:48.445509+02:00;standby;18.7;34.0;5.0;31.0;55.5;57.0;0;0;0;0;16372.49;11280.08;5092.41;32430.701
2026-07-09T06:13:49.063156+02:00;standby;18.7;34.0;5.0;31.0;55.5;57.0;0;0;0;0;16372.49;11280.08;5092.41;32430.701
2026-07-09T06:14:49.710890+02:00;standby;18.7;34.0;5.0;31.0;55.4;57.0;0;0;0;0;16372.49;11280.08;5092.41;32430.701
2026-07-09T06:15:50.207560+02:00;standby;18.7;34.0;5.0;31.0;55.4;57.0;0;0;0;0;16372.49;11280.08;5092.41;32430.701
2026-07-09T06:16:50.730387+02:00;standby;18.7;33.8;5.0;31.0;55.4;57.0;0;0;0;0;16372.49;11280.08;5092.41;32430.701
2026-07-09T06:17:51.292133+02:00;standby;18.7;33.8;5.0;31.0;55.4;57.0;0;0;0;0;16372.49;11280.08;5092.41;32430.701
2026-07-09T06:18:51.909594+02:00;standby;18.7;33.8;5.0;31.0;55.4;57.0;0;0;0;0;16372.49;11280.08;5092.41;32430.701
2026-07-09T06:19:52.761713+02:00;standby;18.7;33.8;5.0;31.0;55.4;57.0;0;0;0;0;16372.49;11280.08;5092.41;32430.701
2026-07-09T06:20:53.275501+02:00;standby;18.7;33.8;5.0;31.0;55.4;57.0;0;0;0;0;16372.49;11280.08;5092.41;32430.701
2026-07-09T06:21:53.852325+02:00;standby;18.7;33.7;5.0;31.0;55.4;57.0;0;0;0;0;16372.49;11280.08;5092.41;32430.701
2026-07-09T06:22:54.564222+02:00;standby;18.7;33.7;5.0;31.0;55.4;57.0;0;0;0;0;16372.49;11280.08;5092.41;32430.701
2026-07-09T06:23:55.039054+02:00;standby;18.7;33.7;5.0;31.0;55.4;57.0;0;0;0;0;16372.49;11280.08;5092.41;32430.701
2026-07-09T06:24:55.495164+02:00;standby;18.7;33.7;5.0;31.0;55.4;57.0;0;0;0;0;16372.49;11280.08;5092.41;32430.701
2026-07-09T06:25:56.524807+02:00;standby;18.7;33.7;5.0;31.0;55.4;57.0;0;0;0;0;16372.49;11280.08;5092.41;32430.701
2026-07-09T06:26:57.103018+02:00;standby;18.7;33.6;5.0;31.0;55.3;57.0;0;0;0;0;16372.49;11280.08;5092.41;32430.701
2026-07-09T06:27:57.809645+02:00;standby;18.7;33.6;5.0;31.0;55.3;57.0;0;0;0;0;16372.49;11280.08;5092.41;32430.701
2026-07-09T06:28:58.246069+02:00;standby;18.7;33.6;5.0;31.0;55.3;57.0;0;0;0;0;16372.49;11280.08;5092.41;32430.701
2026-07-09T06:29:58.868949+02:00;standby;18.7;33.6;5.0;31.0;55.3;57.0;0;0;0;0;16372.49;11280.08;5092.41;32430.701
2026-07-09T06:30:59.327531+02:00;standby;18.7;33.5;5.0;31.0;55.3;57.0;0;0;0;0;16372.49;11280.08;5092.41;32430.701
2026-07-09T06:32:00.150813+02:00;standby;18.7;33.5;5.0;31.0;55.3;57.0;0;0;0;0;16372.49;11280.08;5092.41;32430.701
2026-07-09T06:33:01.143827+02:00;standby;18.7;33.5;5.0;31.0;55.3;57.0;0;0;0;0;16372.49;11280.08;5092.41;32430.701
2026-07-09T06:34:01.599748+02:00;standby;18.7;33.5;5.0;31.0;55.3;57.0;0;0;0;0;16372.49;11280.08;5092.41;32430.701
2026-07-09T06:35:02.319597+02:00;standby;18.7;33.5;5.0;31.0;55.3;57.0;0;0;0;0;16372.49;11280.08;5092.41;32430.701
2026-07-09T06:36:02.799171+02:00;standby;18.7;33.3;5.0;31.0;55.3;57.0;0;0;0;0;16372.49;11280.08;5092.41;32430.701
2026-07-09T06:37:03.222039+02:00;standby;18.7;33.3;5.0;31.0;55.3;57.0;0;0;0;0;16372.49;11280.08;5092.41;32430.701
2026-07-09T06:38:03.754384+02:00;standby;18.7;33.3;5.0;31.0;55.3;57.0;0;0;0;0;16372.49;11280.08;5092.41;32430.701
2026-07-09T06:39:05.044925+02:00;standby;18.7;33.3;5.0;31.0;55.3;57.0;0;0;0;0;16372.49;11280.08;5092.41;32430.701
2026-07-09T06:40:05.655701+02:00;standby;18.7;33.3;5.0;31.0;55.3;57.0;0;0;0;0;16372.49;11280.08;5092.41;32430.701
2026-07-09T06:41:06.173231+02:00;standby;18.7;33.2;5.0;31.0;55.3;57.0;0;0;0;0;16372.49;11280.08;5092.41;32430.701
2026-07-09T06:42:06.615777+02:00;standby;18.7;33.2;5.0;31.0;55.2;57.0;0;0;0;0;16372.49;11280.08;5092.41;32430.701
2026-07-09T06:43:07.153801+02:00;standby;18.7;33.2;5.0;31.0;55.2;57.0;0;0;0;0;16372.49;11280.08;5092.41;32430.701
2026-07-09T06:44:07.638079+02:00;standby;18.7;33.2;5.0;31.0;55.2;57.0;0;0;0;0;16372.49;11280.08;5092.41;32430.701
2026-07-09T06:45:08.066758+02:00;standby;18.7;33.2;5.0;30.0;55.2;57.0;0;0;0;0;16372.49;11280.08;5092.41;32430.701
2026-07-09T06:46:08.607955+02:00;standby;18.7;33.1;5.0;30.0;55.2;57.0;0;0;0;0;16372.49;11280.08;5092.41;32430.701
2026-07-09T06:47:09.198600+02:00;standby;18.7;33.1;5.0;30.0;55.2;57.0;0;0;0;0;16372.49;11280.08;5092.41;32430.701
2026-07-09T06:48:09.662304+02:00;standby;18.7;33.1;5.0;30.0;55.2;57.0;0;0;0;0;16372.49;11280.08;5092.41;32430.701
2026-07-09T06:49:10.162872+02:00;standby;18.7;33.1;5.0;30.0;55.2;57.0;0;0;0;0;16372.49;11280.08;5092.41;32430.701
2026-07-09T06:50:10.598709+02:00;standby;18.7;33.1;5.0;30.0;55.2;57.0;0;0;0;0;16372.49;11280.08;5092.41;32430.701
2026-07-09T06:51:11.365736+02:00;standby;18.7;33.0;5.0;30.0;55.2;57.0;0;0;0;0;16372.49;11280.08;5092.41;32430.701
2026-07-09T06:52:11.871076+02:00;standby;18.7;33.0;5.0;30.0;55.2;57.0;0;0;0;0;16372.49;11280.08;5092.41;32430.701
2026-07-09T06:53:13.030999+02:00;standby;18.7;33.0;5.0;30.0;55.2;57.0;0;0;0;0;16372.49;11280.08;5092.41;32430.701
2026-07-09T06:54:13.498059+02:00;standby;18.7;33.0;5.0;30.0;55.2;57.0;0;0;0;0;16372.49;11280.08;5092.41;32430.701
2026-07-09T06:55:14.327504+02:00;standby;18.7;33.0;5.0;30.0;55.1;57.0;0;0;0;0;16372.49;11280.08;5092.41;32430.701
2026-07-09T06:56:14.792864+02:00;standby;18.7;33.0;5.0;30.0;55.1;57.0;0;0;0;0;16372.49;11280.08;5092.41;32430.701
2026-07-09T06:57:15.364630+02:00;standby;18.7;32.8;5.0;30.0;55.1;57.0;0;0;0;0;16372.49;11280.08;5092.41;32430.701
2026-07-09T06:58:15.931807+02:00;standby;18.7;32.8;5.0;30.0;55.1;57.0;0;0;0;0;16372.49;11280.08;5092.41;32430.701
2026-07-09T06:59:16.485561+02:00;standby;18.7;32.8;5.0;30.0;55.1;57.0;0;0;0;0;16372.49;11280.08;5092.41;32430.701
2026-07-09T07:00:16.986646+02:00;standby;18.7;32.8;5.0;30.0;55.1;57.0;0;0;0;0;16372.49;11280.08;5092.41;32430.701
2026-07-09T07:01:17.492008+02:00;standby;18.7;32.8;5.0;30.0;55.1;57.0;0;0;0;0;16372.49;11280.08;5092.41;32430.701
2026-07-09T07:02:17.987050+02:00;standby;18.7;32.7;5.0;29.0;55.1;57.0;0;0;0;0;16372.49;11280.08;5092.41;32430.701
2026-07-09T07:03:18.507545+02:00;standby;18.7;32.7;5.0;29.0;55.1;57.0;0;0;0;0;16372.49;11280.08;5092.41;32430.701
2026-07-09T07:04:19.203459+02:00;standby;18.7;32.7;5.0;29.0;55.1;57.0;0;0;0;0;16372.49;11280.08;5092.41;32430.701
2026-07-09T07:05:19.750971+02:00;standby;18.7;32.7;5.0;29.0;55.1;57.0;0;0;0;0;16372.49;11280.08;5092.41;32430.701
2026-07-09T07:06:20.468437+02:00;standby;21.1;32.7;5.0;29.0;55.1;57.0;0;0;0;0;16372.49;11280.08;5092.41;32430.701
2026-07-09T07:07:20.972558+02:00;standby;21.1;32.6;5.0;29.0;55.1;57.0;0;0;0;0;16372.49;11280.08;5092.41;32430.701
2026-07-09T07:08:21.484373+02:00;standby;21.1;32.6;5.0;29.0;55.1;57.0;0;0;0;0;16372.49;11280.08;5092.41;32430.701
2026-07-09T07:09:22.155151+02:00;standby;21.1;32.6;5.0;29.0;55.1;57.0;0;0;0;0;16372.49;11280.08;5092.41;32430.701
2026-07-09T07:10:22.898545+02:00;standby;21.1;32.6;5.0;29.0;54.9;57.0;0;0;0;0;16372.49;11280.08;5092.41;32430.701
2026-07-09T07:11:23.480794+02:00;standby;21.1;32.6;5.0;29.0;54.9;57.0;0;0;0;0;16372.49;11280.08;5092.41;32430.701
2026-07-09T07:12:24.437466+02:00;standby;21.1;32.6;5.0;29.0;54.9;57.0;0;0;0;0;16372.49;11280.08;5092.41;32430.701
2026-07-09T07:13:24.938443+02:00;standby;21.1;32.6;5.0;29.0;54.9;57.0;0;0;0;0;16372.49;11280.08;5092.41;32430.701
2026-07-09T07:14:25.549001+02:00;standby;21.1;32.5;5.0;29.0;54.9;57.0;0;0;0;0;16372.49;11280.08;5092.41;32430.701
2026-07-09T07:15:26.142978+02:00;standby;21.1;32.5;5.0;28.0;54.9;57.0;0;0;0;0;16372.49;11280.08;5092.41;32430.701
2026-07-09T07:16:26.868923+02:00;standby;21.1;32.5;5.0;28.0;54.9;57.0;0;0;0;0;16372.49;11280.08;5092.41;32430.701
2026-07-09T07:17:27.496469+02:00;standby;21.1;32.5;5.0;28.0;54.9;57.0;0;0;0;0;16372.49;11280.08;5092.41;32430.701
2026-07-09T07:18:27.961076+02:00;standby;21.1;32.5;5.0;28.0;54.9;57.0;0;0;0;0;16372.49;11280.08;5092.41;32430.701
2026-07-09T07:19:28.468460+02:00;standby;21.1;32.5;5.0;28.0;54.9;57.0;0;0;0;0;16372.49;11280.08;5092.41;32430.701
2026-07-09T07:20:29.054063+02:00;standby;21.1;32.3;5.0;28.0;54.9;57.0;0;0;0;0;16372.49;11280.08;5092.41;32430.701
2026-07-09T07:21:29.527735+02:00;standby;21.1;32.3;5.0;28.0;54.9;57.0;0;0;0;0;16372.49;11280.08;5092.41;32430.701
2026-07-09T07:22:30.186343+02:00;standby;21.1;32.3;5.0;28.0;54.9;57.0;0;0;0;0;16372.49;11280.08;5092.41;32430.701
2026-07-09T07:23:30.749221+02:00;standby;21.1;32.3;5.0;28.0;54.9;57.0;0;0;0;0;16372.49;11280.08;5092.41;32430.701
2026-07-09T07:24:31.440114+02:00;standby;21.1;32.3;5.0;28.0;54.9;57.0;0;0;0;0;16372.49;11280.08;5092.41;32430.701
2026-07-09T07:25:32.520338+02:00;standby;21.1;32.3;5.0;28.0;54.8;57.0;0;0;0;0;16372.49;11280.08;5092.41;32430.701
2026-07-09T07:26:33.801259+02:00;standby;21.1;32.2;5.0;28.0;54.8;57.0;0;0;0;0;16372.49;11280.08;5092.41;32430.701
2026-07-09T07:27:34.244517+02:00;standby;21.1;32.2;5.0;28.0;54.8;57.0;0;0;0;0;16372.49;11280.08;5092.41;32430.701
2026-07-09T07:28:35.027280+02:00;standby;21.1;32.2;5.0;28.0;54.8;57.0;0;0;0;0;16372.49;11280.08;5092.41;32430.701
2026-07-09T07:29:35.491855+02:00;standby;21.1;32.2;5.0;28.0;54.8;57.0;0;0;0;0;16372.49;11280.08;5092.41;32430.701
2026-07-09T07:30:35.962913+02:00;standby;21.1;32.2;5.0;28.0;54.8;57.0;0;0;0;0;16372.49;11280.08;5092.41;32430.701
2026-07-09T07:31:36.400744+02:00;standby;21.1;32.2;5.0;28.0;54.8;57.0;0;0;0;0;16372.49;11280.08;5092.41;32430.701
2026-07-09T07:32:37.440254+02:00;standby;21.1;32.1;5.0;28.0;54.8;57.0;0;0;0;0;16372.49;11280.08;5092.41;32430.701
2026-07-09T07:33:38.284382+02:00;standby;21.1;32.2;5.0;28.0;54.8;57.0;0;0;0;0;16372.49;11280.08;5092.41;32430.701
2026-07-09T07:34:38.757468+02:00;standby;21.1;32.1;5.0;28.0;54.8;57.0;0;0;0;0;16372.49;11280.08;5092.41;32430.701
2026-07-09T07:35:39.332528+02:00;standby;21.1;32.1;5.0;28.0;54.8;57.0;0;0;0;0;16372.49;11280.08;5092.41;32430.701
2026-07-09T07:36:39.976737+02:00;standby;21.1;32.1;5.0;28.0;54.8;57.0;0;0;0;0;16372.49;11280.08;5092.41;32430.701
2026-07-09T07:37:40.598157+02:00;standby;21.1;32.1;5.0;28.0;54.8;57.0;0;0;0;0;16372.49;11280.08;5092.41;32430.701
2026-07-09T07:38:41.097358+02:00;standby;21.1;32.1;5.0;28.0;54.7;57.0;0;0;0;0;16372.49;11280.08;5092.41;32430.701
2026-07-09T07:39:41.555017+02:00;standby;21.1;32.0;5.0;28.0;54.7;57.0;0;0;0;0;16372.49;11280.08;5092.41;32430.701
2026-07-09T07:40:42.177815+02:00;standby;21.1;32.0;5.0;28.0;54.7;57.0;0;0;0;0;16372.49;11280.08;5092.41;32430.701
2026-07-09T07:41:42.641766+02:00;standby;21.1;32.0;5.0;28.0;54.7;57.0;0;0;0;0;16372.49;11280.08;5092.41;32430.701
2026-07-09T07:42:43.117059+02:00;standby;21.1;32.0;5.0;28.0;54.7;57.0;0;0;0;0;16372.49;11280.08;5092.41;32430.701
2026-07-09T07:43:44.014135+02:00;standby;21.1;32.0;5.0;28.0;54.7;57.0;0;0;0;0;16372.49;11280.08;5092.41;32430.701
2026-07-09T07:44:44.735642+02:00;standby;21.1;32.0;5.0;28.0;54.7;57.0;0;0;0;0;16372.49;11280.08;5092.41;32430.701
2026-07-09T07:45:45.284947+02:00;standby;21.1;32.0;5.0;28.0;54.7;57.0;0;0;0;0;16372.49;11280.08;5092.41;32430.701
2026-07-09T07:46:45.701995+02:00;standby;21.1;31.9;5.0;28.0;54.7;57.0;0;0;0;0;16372.49;11280.08;5092.41;32430.701
2026-07-09T07:47:46.174424+02:00;standby;21.1;31.9;5.0;28.0;54.7;57.0;0;0;0;0;16372.49;11280.08;5092.41;32430.701
2026-07-09T07:48:46.877377+02:00;standby;21.1;31.9;5.0;28.0;54.7;57.0;0;0;0;0;16372.49;11280.08;5092.41;32430.701
2026-07-09T07:49:47.466459+02:00;standby;21.1;31.9;5.0;28.0;54.7;57.0;0;0;0;0;16372.49;11280.08;5092.41;32430.701
2026-07-09T07:50:48.053517+02:00;standby;21.1;31.9;5.0;28.0;54.7;57.0;0;0;0;0;16372.49;11280.08;5092.41;32430.701
2026-07-09T07:51:49.075299+02:00;standby;21.1;31.9;5.0;28.0;54.7;57.0;0;0;0;0;16372.49;11280.08;5092.41;32430.701
2026-07-09T07:52:49.809565+02:00;standby;21.1;31.9;5.0;28.0;54.6;57.0;0;0;0;0;16372.49;11280.08;5092.41;32430.701
2026-07-09T07:53:50.338327+02:00;standby;21.1;31.9;5.0;28.0;54.7;57.0;0;0;0;0;16372.49;11280.08;5092.41;32430.701
2026-07-09T07:54:50.752943+02:00;standby;21.1;31.7;5.0;28.0;54.6;57.0;0;0;0;0;16372.49;11280.08;5092.41;32430.701
2026-07-09T07:55:51.199117+02:00;standby;21.1;31.7;5.0;28.0;54.6;57.0;0;0;0;0;16372.49;11280.08;5092.41;32430.701
2026-07-09T07:56:56.117299+02:00;standby;21.1;31.7;5.0;28.0;54.6;57.0;0;0;0;0;16372.49;11280.08;5092.41;32430.701
2026-07-09T07:57:56.533811+02:00;standby;21.1;31.7;5.0;28.0;54.6;57.0;0;0;0;0;16372.49;11280.08;5092.41;32430.701
2026-07-09T07:58:57.002433+02:00;standby;21.1;31.7;5.0;28.0;54.6;57.0;0;0;0;0;16372.49;11280.08;5092.41;32430.701
2026-07-09T07:59:57.529821+02:00;standby;21.1;31.7;5.0;28.0;54.6;57.0;0;0;0;0;16372.49;11280.08;5092.41;32430.701
2026-07-09T08:00:58.226489+02:00;standby;21.1;31.6;5.0;28.0;54.6;57.0;0;0;0;0;16372.49;11280.08;5092.41;32430.701
2026-07-09T08:01:58.715460+02:00;standby;21.1;31.6;5.0;28.0;54.6;57.0;0;0;0;0;16372.49;11280.08;5092.41;32430.701
2026-07-09T08:02:59.152752+02:00;standby;21.1;31.6;5.0;28.0;54.6;57.0;0;0;0;0;16372.49;11280.08;5092.41;32430.701
2026-07-09T08:03:59.670434+02:00;standby;21.1;31.6;5.0;28.0;54.6;57.0;0;0;0;0;16372.49;11280.08;5092.41;32430.701
2026-07-09T08:05:00.508142+02:00;standby;21.1;31.6;5.0;28.0;54.6;57.0;0;0;0;0;16372.49;11280.08;5092.41;32430.701
2026-07-09T08:06:00.971109+02:00;standby;21.1;31.6;5.0;28.0;54.6;57.0;0;0;0;0;16372.49;11280.08;5092.41;32430.701
2026-07-09T08:07:01.699926+02:00;standby;23.1;31.6;5.0;28.0;54.6;57.0;0;0;0;0;16372.49;11280.08;5092.41;32430.701
2026-07-09T08:08:02.778649+02:00;standby;23.1;31.6;5.0;28.0;54.5;57.0;0;0;0;0;16372.49;11280.08;5092.41;32430.701
2026-07-09T08:09:03.243293+02:00;standby;23.1;31.6;5.0;28.0;54.5;57.0;0;0;0;0;16372.49;11280.08;5092.41;32430.701
2026-07-09T08:10:03.713632+02:00;standby;23.1;31.5;5.0;28.0;54.5;57.0;0;0;0;0;16372.49;11280.08;5092.41;32430.701
2026-07-09T08:11:04.244397+02:00;standby;23.1;31.5;5.0;28.0;54.5;57.0;0;0;0;0;16372.49;11280.08;5092.41;32430.701
2026-07-09T08:12:04.757826+02:00;standby;23.1;31.5;5.0;28.0;54.5;57.0;0;0;0;0;16372.49;11280.08;5092.41;32430.701
2026-07-09T08:13:05.327625+02:00;standby;23.1;31.5;5.0;28.0;54.5;57.0;0;0;0;0;16372.49;11280.08;5092.41;32430.701
2026-07-09T08:14:05.822162+02:00;standby;23.1;31.5;5.0;28.0;54.5;57.0;0;0;0;0;16372.49;11280.08;5092.41;32430.701
2026-07-09T08:15:06.514131+02:00;standby;23.1;31.5;5.0;28.0;54.5;57.0;0;0;0;0;16372.49;11280.08;5092.41;32430.701
2026-07-09T08:16:07.187151+02:00;standby;23.1;31.5;5.0;28.0;54.5;57.0;0;0;0;0;16372.49;11280.08;5092.41;32430.701
2026-07-09T08:17:07.833356+02:00;standby;23.1;31.4;5.0;28.0;54.5;57.0;0;0;0;0;16372.49;11280.08;5092.41;32430.701
2026-07-09T08:18:08.334559+02:00;standby;23.1;31.4;5.0;28.0;54.5;57.0;0;0;0;0;16372.49;11280.08;5092.41;32430.701
2026-07-09T08:19:09.101954+02:00;standby;23.1;31.4;5.0;28.0;54.5;57.0;0;0;0;0;16372.49;11280.08;5092.41;32430.701
2026-07-09T08:20:09.662346+02:00;standby;23.1;31.4;5.0;28.0;54.5;57.0;0;0;0;0;16372.49;11280.08;5092.41;32430.701
2026-07-09T08:21:10.405515+02:00;standby;23.1;31.4;5.0;28.0;54.4;57.0;0;0;0;0;16372.49;11280.08;5092.41;32430.701
2026-07-09T08:22:10.841451+02:00;standby;23.1;31.4;5.0;28.0;54.4;57.0;0;0;0;0;16372.49;11280.08;5092.41;32430.701
2026-07-09T08:23:11.688200+02:00;standby;23.1;31.4;5.0;28.0;54.4;57.0;0;0;0;0;16372.49;11280.08;5092.41;32430.701
2026-07-09T08:24:12.509655+02:00;standby;23.1;31.4;5.0;28.0;54.4;57.0;0;0;0;0;16372.49;11280.08;5092.41;32430.701
2026-07-09T08:25:13.144940+02:00;standby;23.1;31.2;5.0;28.0;54.4;57.0;0;0;0;0;16372.49;11280.08;5092.41;32430.701
2026-07-09T08:26:13.587316+02:00;standby;23.1;31.2;5.0;28.0;54.4;57.0;0;0;0;0;16372.49;11280.08;5092.41;32430.701
2026-07-09T08:27:14.115186+02:00;standby;23.1;31.2;5.0;28.0;54.4;57.0;0;0;0;0;16372.49;11280.08;5092.41;32430.701
2026-07-09T08:28:14.795269+02:00;standby;23.1;31.2;5.0;28.0;54.4;57.0;0;0;0;0;16372.49;11280.08;5092.41;32430.701
2026-07-09T08:29:15.279383+02:00;standby;23.1;31.2;5.0;28.0;54.4;57.0;0;0;0;0;16372.49;11280.08;5092.41;32430.701
2026-07-09T08:30:15.840505+02:00;standby;23.1;31.2;5.0;28.0;54.4;57.0;0;0;0;0;16372.49;11280.08;5092.41;32430.701
2026-07-09T08:31:16.417449+02:00;standby;23.1;31.2;5.0;28.0;54.4;57.0;0;0;0;0;16372.49;11280.08;5092.41;32430.701
2026-07-09T08:32:17.026154+02:00;standby;23.1;31.2;5.0;28.0;54.4;57.0;0;0;0;0;16372.49;11280.08;5092.41;32430.701
2026-07-09T08:33:17.490867+02:00;standby;23.1;31.2;5.0;28.0;54.4;57.0;0;0;0;0;16372.49;11280.08;5092.41;32430.701
2026-07-09T08:34:17.962124+02:00;standby;23.1;31.1;5.0;28.0;54.4;57.0;0;0;0;0;16372.49;11280.08;5092.41;32430.701
2026-07-09T08:35:18.437531+02:00;standby;23.1;31.1;5.0;28.0;54.3;57.0;0;0;0;0;16372.49;11280.08;5092.41;32430.701
2026-07-09T08:36:18.969907+02:00;standby;23.1;31.1;5.0;28.0;54.3;57.0;0;0;0;0;16372.49;11280.08;5092.41;32430.701
2026-07-09T08:37:19.386107+02:00;standby;23.1;31.1;5.0;28.0;54.3;57.0;0;0;0;0;16372.49;11280.08;5092.41;32430.701
2026-07-09T08:38:19.832185+02:00;standby;23.1;31.1;5.0;28.0;54.3;57.0;0;0;0;0;16372.49;11280.08;5092.41;32430.701
2026-07-09T08:39:20.343195+02:00;standby;23.1;31.1;5.0;28.0;54.3;57.0;0;0;0;0;16372.49;11280.08;5092.41;32430.701
2026-07-09T08:40:20.922724+02:00;standby;23.1;31.1;5.0;28.0;54.3;57.0;0;0;0;0;16372.49;11280.08;5092.41;32430.701
2026-07-09T08:41:21.396426+02:00;standby;23.1;31.1;5.0;28.0;54.3;57.0;0;0;0;0;16372.49;11280.08;5092.41;32430.701
2026-07-09T08:42:21.917026+02:00;standby;23.1;31.1;5.0;28.0;54.3;57.0;0;0;0;0;16372.49;11280.08;5092.41;32430.701
2026-07-09T08:43:22.332868+02:00;standby;23.1;31.0;5.0;28.0;54.3;57.0;0;0;0;0;16372.49;11280.08;5092.41;32430.701
2026-07-09T08:44:22.848779+02:00;standby;23.1;31.0;5.0;28.0;54.3;57.0;0;0;0;0;16372.49;11280.08;5092.41;32430.701
2026-07-09T08:45:23.320169+02:00;standby;23.1;31.0;5.0;28.0;54.3;57.0;0;0;0;0;16372.49;11280.08;5092.41;32430.701
2026-07-09T08:46:23.795662+02:00;standby;23.1;31.0;5.0;28.0;54.3;57.0;0;0;0;0;16372.49;11280.08;5092.41;32430.701
2026-07-09T08:47:24.361720+02:00;standby;23.1;31.0;5.0;28.0;54.3;57.0;0;0;0;0;16372.49;11280.08;5092.41;32430.701
2026-07-09T08:48:24.820434+02:00;standby;23.1;31.0;5.0;28.0;54.3;57.0;0;0;0;0;16372.49;11280.08;5092.41;32430.701
2026-07-09T08:49:25.297176+02:00;standby;23.1;31.0;5.0;28.0;54.2;57.0;0;0;0;0;16372.49;11280.08;5092.41;32430.701
2026-07-09T08:50:25.910911+02:00;standby;23.1;31.0;5.0;28.0;54.2;57.0;0;0;0;0;16372.49;11280.08;5092.41;32430.701
2026-07-09T08:51:26.481420+02:00;standby;23.1;31.0;5.0;28.0;54.2;57.0;0;0;0;0;16372.49;11280.08;5092.41;32430.701
2026-07-09T08:52:26.998757+02:00;standby;23.1;30.9;5.0;28.0;54.2;57.0;0;0;0;0;16372.49;11280.08;5092.41;32430.701
2026-07-09T08:53:27.488510+02:00;standby;23.1;31.0;5.0;28.0;54.2;57.0;0;0;0;0;16372.49;11280.08;5092.41;32430.701
2026-07-09T08:54:28.242456+02:00;standby;23.1;30.9;5.0;28.0;54.2;57.0;0;0;0;0;16372.49;11280.08;5092.41;32430.701
2026-07-09T08:55:28.711975+02:00;standby;23.1;30.9;5.0;28.0;54.2;57.0;0;0;0;0;16372.49;11280.08;5092.41;32430.701
2026-07-09T08:56:29.275024+02:00;standby;23.1;30.9;5.0;28.0;54.2;57.0;0;0;0;0;16372.49;11280.08;5092.41;32430.701
2026-07-09T08:57:29.951145+02:00;standby;23.1;30.9;5.0;28.0;54.2;57.0;0;0;0;0;16372.49;11280.08;5092.41;32430.701
2026-07-09T08:58:31.721074+02:00;standby;23.1;30.9;5.0;28.0;54.2;57.0;0;0;0;0;16372.49;11280.08;5092.41;32430.701
2026-07-09T08:59:34.947966+02:00;standby;23.1;30.9;5.0;28.0;54.2;57.0;0;0;0;0;16372.49;11280.08;5092.41;32430.701
2026-07-09T09:00:35.521600+02:00;standby;23.1;30.9;5.0;28.0;54.1;57.0;0;0;0;0;16372.49;11280.08;5092.41;32430.701
2026-07-09T09:01:36.087289+02:00;standby;23.1;30.9;5.0;28.0;54.2;57.0;0;0;0;0;16372.49;11280.08;5092.41;32430.701
2026-07-09T09:02:36.542101+02:00;standby;23.1;30.9;5.0;28.0;54.1;57.0;0;0;0;0;16372.49;11280.08;5092.41;32430.701
2026-07-09T09:03:37.077731+02:00;standby;23.1;30.7;5.0;28.0;54.1;57.0;0;0;0;0;16372.49;11280.08;5092.41;32430.701
2026-07-09T09:04:37.704351+02:00;standby;23.1;30.7;5.0;28.0;54.1;57.0;0;0;0;0;16372.49;11280.08;5092.41;32430.701
2026-07-09T09:05:38.324422+02:00;standby;23.1;30.7;5.0;28.0;54.1;57.0;0;0;0;0;16372.49;11280.08;5092.41;32430.701
2026-07-09T09:06:38.788848+02:00;standby;23.1;30.7;5.0;28.0;54.1;57.0;0;0;0;0;16372.49;11280.08;5092.41;32430.701
2026-07-09T09:07:39.650162+02:00;standby;22.9;30.7;5.0;28.0;54.1;57.0;0;0;0;0;16372.49;11280.08;5092.41;32430.701
2026-07-09T09:08:40.645861+02:00;standby;22.9;30.7;5.0;28.0;54.1;57.0;0;0;0;0;16372.49;11280.08;5092.41;32430.701
2026-07-09T09:09:41.262225+02:00;standby;22.9;30.7;5.0;28.0;54.1;57.0;0;0;0;0;16372.49;11280.08;5092.41;32430.701
2026-07-09T09:10:41.686761+02:00;standby;22.9;30.7;5.0;28.0;54.1;57.0;0;0;0;0;16372.49;11280.08;5092.41;32430.701
2026-07-09T09:11:42.155731+02:00;standby;22.9;30.7;5.0;28.0;54.0;57.0;0;0;0;0;16372.49;11280.08;5092.41;32430.701
2026-07-09T09:12:42.755741+02:00;standby;22.9;30.7;5.0;28.0;54.0;57.0;0;0;0;0;16372.49;11280.08;5092.41;32430.701
2026-07-09T09:13:43.347764+02:00;standby;22.9;30.6;5.0;28.0;54.0;57.0;0;0;0;0;16372.49;11280.08;5092.41;32430.701
2026-07-09T09:14:44.289827+02:00;standby;22.9;30.6;5.0;28.0;54.0;57.0;0;0;0;0;16372.49;11280.08;5092.41;32430.701
2026-07-09T09:15:44.738356+02:00;standby;22.9;30.6;5.0;28.0;54.0;57.0;0;0;0;0;16372.49;11280.08;5092.41;32430.701
2026-07-09T09:16:45.332564+02:00;standby;22.9;30.6;5.0;28.0;54.0;57.0;0;0;0;0;16372.49;11280.08;5092.41;32430.701
2026-07-09T09:17:45.812920+02:00;standby;22.9;30.6;5.0;28.0;54.0;57.0;0;0;0;0;16372.49;11280.08;5092.41;32430.701
2026-07-09T09:18:46.471485+02:00;standby;22.9;30.6;5.0;28.0;54.0;57.0;0;0;0;0;16372.49;11280.08;5092.41;32430.701
2026-07-09T09:19:47.225256+02:00;standby;22.9;30.6;5.0;28.0;54.0;57.0;0;0;0;0;16372.49;11280.08;5092.41;32430.701
2026-07-09T09:20:47.990251+02:00;standby;22.9;30.6;5.0;28.0;54.0;57.0;0;0;0;0;16372.49;11280.08;5092.41;32430.701
2026-07-09T09:21:48.423645+02:00;standby;22.9;30.6;5.0;28.0;54.0;57.0;0;0;0;0;16372.49;11280.08;5092.41;32430.701
2026-07-09T09:22:49.297593+02:00;standby;22.9;30.6;5.0;28.0;54.0;57.0;0;0;0;0;16372.49;11280.08;5092.41;32430.701
2026-07-09T09:23:49.762365+02:00;standby;22.9;30.6;5.0;28.0;53.9;57.0;0;0;0;0;16372.49;11280.08;5092.41;32430.701
2026-07-09T09:24:50.342014+02:00;standby;22.9;30.5;5.0;28.0;53.9;57.0;0;0;0;0;16372.49;11280.08;5092.41;32430.701
2026-07-09T09:25:50.906460+02:00;standby;22.9;30.5;5.0;28.0;53.9;57.0;0;0;0;0;16372.49;11280.08;5092.41;32430.701
2026-07-09T09:26:51.838006+02:00;standby;22.9;30.5;5.0;28.0;53.9;57.0;0;0;0;0;16372.49;11280.08;5092.41;32430.701
2026-07-09T09:27:52.287102+02:00;standby;22.9;30.5;5.0;28.0;53.9;57.0;0;0;0;0;16372.49;11280.08;5092.41;32430.701
2026-07-09T09:28:53.030626+02:00;standby;22.9;30.5;5.0;28.0;53.9;57.0;0;0;0;0;16372.49;11280.08;5092.41;32430.701
2026-07-09T09:29:53.591203+02:00;standby;22.9;30.5;5.0;28.0;53.9;57.0;0;0;0;0;16372.49;11280.08;5092.41;32430.701
2026-07-09T09:30:54.357889+02:00;standby;22.9;30.5;5.0;28.0;53.9;57.0;0;0;0;0;16372.49;11280.08;5092.41;32430.701
2026-07-09T09:31:54.830066+02:00;standby;22.9;30.5;5.0;28.0;53.9;57.0;0;0;0;0;16372.49;11280.08;5092.41;32430.701
2026-07-09T09:32:55.416530+02:00;standby;22.9;30.5;5.0;28.0;53.9;57.0;0;0;0;0;16372.49;11280.08;5092.41;32430.701
2026-07-09T09:33:56.048183+02:00;standby;22.9;30.5;5.0;28.0;53.9;57.0;0;0;0;0;16372.49;11280.08;5092.41;32430.701
2026-07-09T09:34:56.758734+02:00;standby;22.9;30.5;5.0;28.0;53.9;57.0;0;0;0;0;16372.49;11280.08;5092.41;32430.701
2026-07-09T09:35:57.481153+02:00;standby;22.9;30.5;5.0;28.0;53.9;57.0;0;0;0;0;16372.49;11280.08;5092.41;32430.701
2026-07-09T09:36:58.404297+02:00;standby;22.9;30.4;5.0;28.0;53.9;57.0;0;0;0;0;16372.49;11280.08;5092.41;32430.701
2026-07-09T09:37:58.879492+02:00;standby;22.9;30.4;5.0;28.0;53.8;57.0;0;0;0;0;16372.49;11280.08;5092.41;32430.701
2026-07-09T09:38:59.414809+02:00;standby;22.9;30.4;5.0;28.0;53.8;57.0;0;0;0;0;16372.49;11280.08;5092.41;32430.701
2026-07-09T09:39:59.934365+02:00;standby;22.9;30.4;5.0;28.0;53.8;57.0;0;0;0;0;16372.49;11280.08;5092.41;32430.701
2026-07-09T09:41:00.583600+02:00;standby;22.9;30.4;5.0;28.0;53.8;57.0;0;0;0;0;16372.49;11280.08;5092.41;32430.701
2026-07-09T09:42:01.199789+02:00;standby;22.9;30.4;5.0;28.0;53.8;57.0;0;0;0;0;16372.49;11280.08;5092.41;32430.701
2026-07-09T09:43:01.780814+02:00;standby;22.9;30.4;5.0;28.0;53.8;57.0;0;0;0;0;16372.49;11280.08;5092.41;32430.701
2026-07-09T09:44:02.727424+02:00;standby;22.9;30.4;5.0;28.0;53.8;57.0;0;0;0;0;16372.49;11280.08;5092.41;32430.701
2026-07-09T09:45:03.166303+02:00;standby;22.9;30.4;5.0;28.0;53.8;57.0;0;0;0;0;16372.49;11280.08;5092.41;32430.701
2026-07-09T09:46:03.847451+02:00;standby;22.9;30.4;5.0;28.0;53.8;57.0;0;0;0;0;16372.49;11280.08;5092.41;32430.701
2026-07-09T09:47:04.409937+02:00;standby;22.9;30.4;5.0;28.0;53.8;57.0;0;0;0;0;16372.49;11280.08;5092.41;32430.701
2026-07-09T09:48:04.929957+02:00;standby;22.9;30.4;5.0;28.0;53.8;57.0;0;0;0;0;16372.49;11280.08;5092.41;32430.701
2026-07-09T09:49:05.502181+02:00;standby;22.9;30.4;5.0;28.0;53.8;57.0;0;0;0;0;16372.49;11280.08;5092.41;32430.701
2026-07-09T09:50:06.274113+02:00;standby;22.9;30.2;5.0;28.0;53.8;57.0;0;0;0;0;16372.49;11280.08;5092.41;32430.701
2026-07-09T09:51:06.850354+02:00;standby;22.9;30.2;5.0;28.0;53.8;57.0;0;0;0;0;16372.49;11280.08;5092.41;32430.701
2026-07-09T09:52:07.723865+02:00;standby;22.9;30.2;5.0;28.0;53.8;57.0;0;0;0;0;16372.49;11280.08;5092.41;32430.701
2026-07-09T09:53:08.509510+02:00;standby;22.9;30.2;5.0;28.0;53.8;57.0;0;0;0;0;16372.49;11280.08;5092.41;32430.701
2026-07-09T09:54:08.991137+02:00;standby;22.9;30.2;5.0;28.0;53.7;57.0;0;0;0;0;16372.49;11280.08;5092.41;32430.701
2026-07-09T09:55:09.499467+02:00;standby;22.9;30.2;5.0;28.0;53.7;57.0;0;0;0;0;16372.49;11280.08;5092.41;32430.701
2026-07-09T09:56:09.968533+02:00;standby;22.9;30.2;5.0;28.0;53.7;57.0;0;0;0;0;16372.49;11280.08;5092.41;32430.701
2026-07-09T09:57:10.590750+02:00;standby;22.9;30.2;5.0;28.0;53.7;57.0;0;0;0;0;16372.49;11280.08;5092.41;32430.701
2026-07-09T09:58:12.025534+02:00;standby;22.9;30.2;5.0;28.0;53.7;57.0;0;0;0;0;16372.49;11280.08;5092.41;32430.701
2026-07-09T09:59:12.443503+02:00;standby;22.9;30.2;5.0;28.0;53.7;57.0;0;0;0;0;16372.49;11280.08;5092.41;32430.701
2026-07-09T10:00:12.911363+02:00;standby;22.9;30.2;5.0;28.0;53.7;57.0;0;0;0;0;16372.49;11280.08;5092.41;32430.701
2026-07-09T10:01:13.433306+02:00;standby;22.9;30.1;5.0;28.0;53.7;57.0;0;0;0;0;16372.49;11280.08;5092.41;32430.701
2026-07-09T10:02:13.963803+02:00;standby;22.9;30.2;5.0;28.0;53.7;57.0;0;0;0;0;16372.49;11280.08;5092.41;32430.701
2026-07-09T10:03:14.621370+02:00;standby;22.9;30.1;5.0;28.0;53.7;57.0;0;0;0;0;16372.49;11280.08;5092.41;32430.701
2026-07-09T10:04:15.395774+02:00;standby;22.9;30.1;5.0;28.0;53.7;57.0;0;0;0;0;16372.49;11280.08;5092.41;32430.701
2026-07-09T10:05:16.548686+02:00;standby;22.9;30.1;5.0;28.0;53.7;57.0;0;0;0;0;16372.49;11280.08;5092.41;32430.701
2026-07-09T10:06:17.144780+02:00;standby;22.9;30.1;5.0;28.0;53.7;57.0;0;0;0;0;16372.49;11280.08;5092.41;32430.701
2026-07-09T10:07:17.865441+02:00;standby;22.9;30.1;5.0;28.0;53.7;57.0;0;0;0;0;16372.49;11280.08;5092.41;32430.701
2026-07-09T10:08:18.404733+02:00;standby;23.6;30.1;5.0;28.0;53.6;57.0;0;0;0;0;16372.49;11280.08;5092.41;32430.701
2026-07-09T10:09:18.867328+02:00;standby;23.6;30.1;5.0;28.0;53.6;57.0;0;0;0;0;16372.49;11280.08;5092.41;32430.701
2026-07-09T10:10:19.321284+02:00;standby;23.6;30.1;5.0;28.0;53.6;57.0;0;0;0;0;16372.49;11280.08;5092.41;32430.701
2026-07-09T10:11:19.864274+02:00;standby;23.6;30.1;5.0;28.0;53.6;57.0;0;0;0;0;16372.49;11280.08;5092.41;32430.701
2026-07-09T10:12:20.473485+02:00;standby;23.6;30.1;5.0;28.0;53.6;57.0;0;0;0;0;16372.49;11280.08;5092.41;32430.701
2026-07-09T10:13:20.878971+02:00;standby;23.6;30.1;5.0;28.0;53.6;57.0;0;0;0;0;16372.49;11280.08;5092.41;32430.701
2026-07-09T10:14:21.713970+02:00;standby;23.6;30.1;5.0;28.0;53.6;57.0;0;0;0;0;16372.49;11280.08;5092.41;32430.701
2026-07-09T10:15:22.220949+02:00;standby;23.6;30.0;5.0;28.0;53.6;57.0;0;0;0;0;16372.49;11280.08;5092.41;32430.701
2026-07-09T10:16:22.755516+02:00;standby;23.6;30.1;5.0;28.0;53.6;57.0;0;0;0;0;16372.49;11280.08;5092.41;32430.701
2026-07-09T10:17:23.479137+02:00;standby;23.6;30.0;5.0;28.0;53.6;57.0;0;0;0;0;16372.49;11280.08;5092.41;32430.701
2026-07-09T10:18:23.993531+02:00;standby;23.6;30.0;5.0;28.0;53.6;57.0;0;0;0;0;16372.49;11280.08;5092.41;32430.701
2026-07-09T10:19:25.284577+02:00;standby;23.6;30.0;5.0;28.0;53.6;57.0;0;0;0;0;16372.49;11280.08;5092.41;32430.701
2026-07-09T10:20:25.846107+02:00;standby;23.6;30.0;5.0;28.0;53.6;57.0;0;0;0;0;16372.49;11280.08;5092.41;32430.701
2026-07-09T10:21:26.320310+02:00;standby;23.6;30.0;5.0;28.0;53.6;57.0;0;0;0;0;16372.49;11280.08;5092.41;32430.701
2026-07-09T10:22:26.801228+02:00;standby;23.6;30.0;5.0;28.0;53.6;57.0;0;0;0;0;16372.49;11280.08;5092.41;32430.701
2026-07-09T10:23:27.258018+02:00;standby;23.6;30.0;5.0;28.0;53.5;57.0;0;0;0;0;16372.49;11280.08;5092.41;32430.701
2026-07-09T10:24:27.723900+02:00;standby;23.6;30.0;5.0;28.0;53.5;57.0;0;0;0;0;16372.49;11280.08;5092.41;32430.701
2026-07-09T10:25:28.545273+02:00;standby;23.6;30.0;5.0;28.0;53.5;57.0;0;0;0;0;16372.49;11280.08;5092.41;32430.701
2026-07-09T10:26:29.676447+02:00;standby;23.6;30.0;5.0;28.0;53.5;57.0;0;0;0;0;16372.49;11280.08;5092.41;32430.701
2026-07-09T10:27:30.219620+02:00;standby;23.6;30.0;5.0;28.0;53.5;57.0;0;0;0;0;16372.49;11280.08;5092.41;32430.701
2026-07-09T10:28:31.030919+02:00;standby;23.6;30.0;5.0;28.0;53.5;57.0;0;0;0;0;16372.49;11280.08;5092.41;32430.701
2026-07-09T10:29:31.575121+02:00;standby;23.6;30.0;5.0;28.0;53.5;57.0;0;0;0;0;16372.49;11280.08;5092.41;32430.701
2026-07-09T10:30:32.069581+02:00;standby;23.6;29.9;5.0;28.0;53.5;57.0;0;0;0;0;16372.49;11280.08;5092.41;32430.701
2026-07-09T10:31:32.543028+02:00;standby;23.6;29.9;5.0;28.0;53.5;57.0;0;0;0;0;16372.49;11280.08;5092.41;32430.701
2026-07-09T10:32:33.011245+02:00;standby;23.6;29.9;5.0;28.0;53.5;57.0;0;0;0;0;16372.49;11280.08;5092.41;32430.701
2026-07-09T10:33:33.615919+02:00;standby;23.6;29.9;5.0;28.0;53.5;57.0;0;0;0;0;16372.49;11280.08;5092.41;32430.701
2026-07-09T10:34:34.099383+02:00;standby;23.6;30.0;5.0;28.0;53.4;57.0;0;0;0;0;16372.49;11280.08;5092.41;32430.701
2026-07-09T10:35:34.726313+02:00;standby;23.6;29.9;5.0;28.0;53.5;57.0;0;0;0;0;16372.49;11280.08;5092.41;32430.701
2026-07-09T10:36:35.399696+02:00;standby;23.6;29.9;5.0;28.0;53.4;57.0;0;0;0;0;16372.49;11280.08;5092.41;32430.701
2026-07-09T10:37:35.866155+02:00;standby;23.6;29.9;5.0;28.0;53.4;57.0;0;0;0;0;16372.49;11280.08;5092.41;32430.701
2026-07-09T10:38:36.836857+02:00;standby;23.6;29.9;5.0;28.0;53.4;57.0;0;0;0;0;16372.49;11280.08;5092.41;32430.701
2026-07-09T10:39:37.417077+02:00;standby;23.6;29.9;5.0;28.0;53.4;57.0;0;0;0;0;16372.49;11280.08;5092.41;32430.701
2026-07-09T10:40:38.289173+02:00;standby;23.6;29.9;5.0;28.0;53.4;57.0;0;0;0;0;16372.49;11280.08;5092.41;32430.701
2026-07-09T10:41:38.764399+02:00;standby;23.6;29.9;5.0;28.0;53.4;57.0;0;0;0;0;16372.49;11280.08;5092.41;32430.701
2026-07-09T10:42:39.278473+02:00;standby;23.6;29.9;5.0;28.0;53.4;57.0;0;0;0;0;16372.49;11280.08;5092.41;32430.701
2026-07-09T10:43:39.939411+02:00;standby;23.6;29.9;5.0;28.0;53.4;57.0;0;0;0;0;16372.49;11280.08;5092.41;32430.701
2026-07-09T10:44:40.458697+02:00;standby;23.6;29.9;5.0;28.0;53.4;57.0;0;0;0;0;16372.49;11280.08;5092.41;32430.701
2026-07-09T10:45:41.209484+02:00;standby;23.6;29.9;5.0;28.0;53.4;57.0;0;0;0;0;16372.49;11280.08;5092.41;32430.701
2026-07-09T10:46:41.710364+02:00;standby;23.6;29.9;5.0;28.0;53.4;57.0;0;0;0;0;16372.49;11280.08;5092.41;32430.701
2026-07-09T10:47:42.367891+02:00;standby;23.6;29.7;5.0;28.0;53.4;57.0;0;0;0;0;16372.49;11280.08;5092.41;32430.701
2026-07-09T10:48:43.064792+02:00;standby;23.6;29.7;5.0;28.0;53.4;57.0;0;0;0;0;16372.49;11280.08;5092.41;32430.701
2026-07-09T10:49:43.530270+02:00;standby;23.6;29.7;5.0;28.0;53.3;57.0;0;0;0;0;16372.49;11280.08;5092.41;32430.701
2026-07-09T10:50:44.494201+02:00;standby;23.6;29.7;5.0;28.0;53.3;57.0;0;0;0;0;16372.49;11280.08;5092.41;32430.701
2026-07-09T10:51:44.914354+02:00;standby;23.6;29.7;5.0;28.0;53.3;57.0;0;0;0;0;16372.49;11280.08;5092.41;32430.701
2026-07-09T10:52:45.737815+02:00;standby;23.6;29.7;5.0;28.0;53.3;57.0;0;0;0;0;16372.49;11280.08;5092.41;32430.701
2026-07-09T10:53:46.272812+02:00;standby;23.6;29.7;5.0;28.0;53.3;57.0;0;0;0;0;16372.49;11280.08;5092.41;32430.701
2026-07-09T10:54:47.082685+02:00;standby;23.6;29.7;5.0;28.0;53.3;57.0;0;0;0;0;16372.49;11280.08;5092.41;32430.701
2026-07-09T10:55:47.918019+02:00;standby;23.6;29.7;5.0;28.0;53.3;57.0;0;0;0;0;16372.49;11280.08;5092.41;32430.701
2026-07-09T10:56:48.429490+02:00;standby;23.6;29.7;5.0;28.0;53.3;57.0;0;0;0;0;16372.49;11280.08;5092.41;32430.701
2026-07-09T10:57:48.974060+02:00;standby;23.6;29.7;5.0;28.0;53.3;57.0;0;0;0;0;16372.49;11280.08;5092.41;32430.701
2026-07-09T10:58:49.514515+02:00;standby;23.6;29.7;5.0;28.0;53.3;57.0;0;0;0;0;16372.49;11280.08;5092.41;32430.701
2026-07-09T10:59:50.501763+02:00;standby;23.6;29.7;5.0;28.0;53.3;57.0;0;0;0;0;16372.49;11280.08;5092.41;32430.701
2026-07-09T11:00:51.225770+02:00;standby;23.6;29.7;5.0;28.0;53.3;57.0;0;0;0;0;16372.49;11280.08;5092.41;32430.701
2026-07-09T11:01:52.181051+02:00;standby;23.6;29.7;5.0;28.0;53.3;57.0;0;0;0;0;16372.49;11280.08;5092.41;32430.701
2026-07-09T11:02:52.694108+02:00;standby;23.6;29.7;5.0;28.0;53.3;57.0;0;0;0;0;16372.49;11280.08;5092.41;32430.701
2026-07-09T11:03:53.154557+02:00;standby;23.6;29.7;5.0;28.0;53.2;57.0;0;0;0;0;16372.49;11280.08;5092.41;32430.701
2026-07-09T11:04:53.552646+02:00;standby;23.6;29.7;5.0;28.0;53.2;57.0;0;0;0;0;16372.49;11280.08;5092.41;32430.701
2026-07-09T11:05:54.004307+02:00;standby;23.6;29.6;5.0;28.0;53.2;57.0;0;0;0;0;16372.49;11280.08;5092.41;32430.701
2026-07-09T11:06:54.440430+02:00;standby;23.6;29.7;5.0;28.0;53.2;57.0;0;0;0;0;16372.49;11280.08;5092.41;32430.701
2026-07-09T11:07:54.927008+02:00;standby;23.6;29.6;5.0;28.0;53.2;57.0;0;0;0;0;16372.49;11280.08;5092.41;32430.701
2026-07-09T11:08:55.429310+02:00;standby;24.4;29.6;5.0;28.0;53.2;57.0;0;0;0;0;16372.49;11280.08;5092.41;32430.701
2026-07-09T11:09:55.905277+02:00;standby;24.4;29.6;5.0;28.0;53.2;57.0;0;0;0;0;16372.49;11280.08;5092.41;32430.701
2026-07-09T11:10:56.423967+02:00;standby;24.4;29.6;5.0;28.0;53.2;57.0;0;0;0;0;16372.49;11280.08;5092.41;32430.701
2026-07-09T11:11:57.086281+02:00;standby;24.4;29.6;5.0;28.0;53.2;57.0;0;0;0;0;16372.49;11280.08;5092.41;32430.701
2026-07-09T11:12:57.762510+02:00;standby;24.4;29.6;5.0;28.0;53.1;57.0;0;0;0;0;16372.49;11280.08;5092.41;32430.701
2026-07-09T11:13:58.296348+02:00;standby;24.4;29.6;5.0;28.0;53.1;57.0;0;0;0;0;16372.49;11280.08;5092.41;32430.701
2026-07-09T11:14:58.765329+02:00;standby;24.4;29.6;5.0;28.0;53.1;57.0;0;0;0;0;16372.49;11280.08;5092.41;32430.701
2026-07-09T11:15:59.236691+02:00;standby;24.4;29.6;5.0;28.0;53.1;57.0;0;0;0;0;16372.49;11280.08;5092.41;32430.701
2026-07-09T11:16:59.805147+02:00;standby;24.4;29.6;5.0;28.0;53.1;57.0;0;0;0;0;16372.49;11280.08;5092.41;32430.701
2026-07-09T11:18:00.275356+02:00;standby;24.4;29.6;5.0;28.0;53.1;57.0;0;0;0;0;16372.49;11280.08;5092.41;32430.701
2026-07-09T11:19:00.791406+02:00;standby;24.4;29.6;5.0;28.0;53.1;57.0;0;0;0;0;16372.49;11280.08;5092.41;32430.701
2026-07-09T11:20:01.406725+02:00;standby;24.4;29.6;5.0;28.0;53.1;57.0;0;0;0;0;16372.49;11280.08;5092.41;32430.701
2026-07-09T11:21:01.960503+02:00;standby;24.4;29.6;5.0;28.0;53.1;57.0;0;0;0;0;16372.49;11280.08;5092.41;32430.701
2026-07-09T11:22:02.532479+02:00;standby;24.4;29.4;5.0;28.0;53.1;57.0;0;0;0;0;16372.49;11280.08;5092.41;32430.701
2026-07-09T11:23:02.999642+02:00;standby;24.4;29.4;5.0;28.0;53.1;57.0;0;0;0;0;16372.49;11280.08;5092.41;32430.701
2026-07-09T11:24:03.480398+02:00;standby;24.4;29.4;5.0;28.0;53.1;57.0;0;0;0;0;16372.49;11280.08;5092.41;32430.701
2026-07-09T11:25:04.126358+02:00;standby;24.4;29.4;5.0;28.0;53.1;57.0;0;0;0;0;16372.49;11280.08;5092.41;32430.701
2026-07-09T11:26:04.594922+02:00;standby;24.4;29.4;5.0;28.0;52.9;57.0;0;0;0;0;16372.49;11280.08;5092.41;32430.701
2026-07-09T11:27:05.029029+02:00;standby;24.4;29.4;5.0;28.0;52.9;57.0;0;0;0;0;16372.49;11280.08;5092.41;32430.701
2026-07-09T11:28:05.674621+02:00;standby;24.4;29.4;5.0;28.0;52.9;57.0;0;0;0;0;16372.49;11280.08;5092.41;32430.701
2026-07-09T11:29:06.116490+02:00;standby;24.4;29.4;5.0;28.0;52.9;57.0;0;0;0;0;16372.49;11280.08;5092.41;32430.701
2026-07-09T11:30:06.637270+02:00;standby;24.4;29.4;5.0;28.0;52.9;57.0;0;0;0;0;16372.49;11280.08;5092.41;32430.701
2026-07-09T11:31:07.089423+02:00;standby;24.4;29.4;5.0;28.0;52.9;57.0;0;0;0;0;16372.49;11280.08;5092.41;32430.701
2026-07-09T11:32:08.086451+02:00;standby;24.4;29.4;5.0;28.0;52.9;57.0;0;0;0;0;16372.49;11280.08;5092.41;32430.701
2026-07-09T11:33:08.557028+02:00;standby;24.4;29.4;5.0;28.0;52.9;57.0;0;0;0;0;16372.49;11280.08;5092.41;32430.701
2026-07-09T11:34:09.093750+02:00;standby;24.4;29.4;5.0;28.0;52.9;57.0;0;0;0;0;16372.49;11280.08;5092.41;32430.701
2026-07-09T11:35:09.595188+02:00;standby;24.4;29.4;5.0;28.0;52.8;57.0;0;0;0;0;16372.49;11280.08;5092.41;32430.701
2026-07-09T11:36:10.525051+02:00;standby;24.4;29.4;5.0;28.0;52.8;57.0;0;0;0;0;16372.49;11280.08;5092.41;32430.701
2026-07-09T11:37:11.045714+02:00;standby;24.4;29.4;5.0;28.0;52.8;57.0;0;0;0;0;16372.49;11280.08;5092.41;32430.701
2026-07-09T11:38:11.578117+02:00;standby;24.4;29.4;5.0;28.0;52.8;57.0;0;0;0;0;16372.49;11280.08;5092.41;32430.701
2026-07-09T11:39:12.111542+02:00;standby;24.4;29.4;5.0;28.0;52.8;57.0;0;0;0;0;16372.49;11280.08;5092.41;32430.701
2026-07-09T11:40:12.698717+02:00;standby;24.4;29.4;5.0;28.0;52.8;57.0;0;0;0;0;16372.49;11280.08;5092.41;32430.701
2026-07-09T11:41:13.224270+02:00;standby;24.4;29.4;5.0;28.0;52.8;57.0;0;0;0;0;16372.49;11280.08;5092.41;32430.701
2026-07-09T11:42:13.782741+02:00;standby;24.4;29.4;5.0;28.0;52.8;57.0;0;0;0;0;16372.49;11280.08;5092.41;32430.701
2026-07-09T11:43:14.566434+02:00;standby;24.4;29.3;5.0;28.0;52.8;57.0;0;0;0;0;16372.49;11280.08;5092.41;32430.701
2026-07-09T11:44:15.166710+02:00;standby;24.4;29.4;5.0;28.0;52.8;57.0;0;0;0;0;16372.49;11280.08;5092.41;32430.701
2026-07-09T11:45:15.814471+02:00;standby;24.4;29.4;5.0;28.0;52.8;57.0;0;0;0;0;16372.49;11280.08;5092.41;32430.701
2026-07-09T11:46:16.383701+02:00;standby;24.4;29.3;5.0;28.0;52.7;57.0;0;0;0;0;16372.49;11280.08;5092.41;32430.701
2026-07-09T11:47:16.871610+02:00;standby;24.4;29.3;5.0;28.0;52.7;57.0;0;0;0;0;16372.49;11280.08;5092.41;32430.701
2026-07-09T11:48:17.385537+02:00;standby;24.4;29.3;5.0;28.0;52.7;57.0;0;0;0;0;16372.49;11280.08;5092.41;32430.701
2026-07-09T11:49:18.306372+02:00;standby;24.4;29.3;5.0;28.0;52.7;57.0;0;0;0;0;16372.49;11280.08;5092.41;32430.701
2026-07-09T11:50:18.939391+02:00;standby;24.4;29.3;5.0;28.0;52.6;57.0;0;0;0;0;16372.49;11280.08;5092.41;32430.701
2026-07-09T11:51:19.439423+02:00;standby;24.4;29.3;5.0;28.0;52.6;57.0;0;0;0;0;16372.49;11280.08;5092.41;32430.701
2026-07-09T11:52:20.061281+02:00;standby;24.4;29.3;5.0;28.0;52.6;57.0;0;0;0;0;16372.49;11280.08;5092.41;32430.701
2026-07-09T11:53:20.895697+02:00;standby;24.4;29.3;5.0;28.0;52.6;57.0;0;0;0;0;16372.49;11280.08;5092.41;32430.701
2026-07-09T11:54:21.459617+02:00;standby;24.4;29.3;5.0;28.0;52.6;57.0;0;0;0;0;16372.49;11280.08;5092.41;32430.701
2026-07-09T11:55:21.972389+02:00;standby;24.4;29.3;5.0;28.0;52.6;57.0;0;0;0;0;16372.49;11280.08;5092.41;32430.701
2026-07-09T11:56:22.462196+02:00;standby;24.4;29.3;5.0;28.0;52.6;57.0;0;0;0;0;16372.49;11280.08;5092.41;32430.701
2026-07-09T11:57:23.304959+02:00;standby;24.4;29.3;5.0;28.0;52.6;57.0;0;0;0;0;16372.49;11280.08;5092.41;32430.701
2026-07-09T11:58:23.789894+02:00;standby;24.4;29.3;5.0;28.0;52.6;57.0;0;0;0;0;16372.49;11280.08;5092.41;32430.701
2026-07-09T11:59:24.472569+02:00;standby;24.4;29.3;5.0;28.0;52.6;57.0;0;0;0;0;16372.49;11280.08;5092.41;32430.701
2026-07-09T12:00:25.030252+02:00;standby;24.4;29.3;5.0;28.0;52.5;57.0;0;0;0;0;16372.49;11280.08;5092.41;32430.701
2026-07-09T12:01:25.556172+02:00;standby;24.4;29.3;5.0;28.0;52.5;57.0;0;0;0;0;16372.49;11280.08;5092.41;32430.701
2026-07-09T12:02:26.700133+02:00;standby;24.4;29.3;5.0;28.0;52.5;57.0;0;0;0;0;16372.49;11280.08;5092.41;32430.701
2026-07-09T12:03:27.410109+02:00;standby;24.4;29.3;5.0;28.0;52.4;57.0;0;0;0;0;16372.49;11280.08;5092.41;32430.701
2026-07-09T12:04:27.823806+02:00;standby;24.4;29.3;5.0;28.0;52.4;57.0;0;0;0;0;16372.49;11280.08;5092.41;32430.701
2026-07-09T12:05:28.449454+02:00;standby;24.4;29.2;5.0;28.0;52.4;57.0;0;0;0;0;16372.49;11280.08;5092.41;32430.701
2026-07-09T12:06:28.875394+02:00;standby;24.4;29.2;5.0;28.0;52.4;57.0;0;0;0;0;16372.49;11280.08;5092.41;32430.701
2026-07-09T12:07:29.394630+02:00;standby;24.4;29.2;5.0;28.0;52.4;57.0;0;0;0;0;16372.49;11280.08;5092.41;32430.701
2026-07-09T12:08:30.270081+02:00;standby;24.4;29.2;5.0;28.0;52.4;57.0;0;0;0;0;16372.49;11280.08;5092.41;32430.701
2026-07-09T12:09:31.136191+02:00;standby;25.6;29.2;5.0;28.0;52.4;57.0;0;0;0;0;16372.49;11280.08;5092.41;32430.701
2026-07-09T12:10:31.560016+02:00;standby;25.6;29.2;5.0;28.0;52.4;57.0;0;0;0;0;16372.49;11280.08;5092.41;32430.701
2026-07-09T12:11:32.032031+02:00;standby;25.6;29.2;5.0;28.0;52.4;57.0;0;0;0;0;16372.49;11280.08;5092.41;32430.701
2026-07-09T12:12:32.906933+02:00;standby;25.6;29.2;5.0;28.0;52.4;57.0;0;0;0;0;16372.49;11280.08;5092.41;32430.701
2026-07-09T12:13:33.528532+02:00;standby;25.6;29.2;5.0;28.0;52.4;57.0;0;0;0;0;16372.49;11280.08;5092.41;32430.701
2026-07-09T12:14:34.303956+02:00;standby;25.6;29.2;5.0;28.0;52.4;57.0;0;0;0;0;16372.49;11280.08;5092.41;32430.701
2026-07-09T12:15:34.775849+02:00;standby;25.6;29.2;5.0;28.0;52.3;57.0;0;0;0;0;16372.49;11280.08;5092.41;32430.701
2026-07-09T12:16:35.335044+02:00;standby;25.6;29.2;5.0;28.0;52.3;57.0;0;0;0;0;16372.49;11280.08;5092.41;32430.701
2026-07-09T12:17:35.963814+02:00;standby;25.6;29.2;5.0;28.0;52.3;57.0;0;0;0;0;16372.49;11280.08;5092.41;32430.701
2026-07-09T12:18:36.653953+02:00;standby;25.6;29.2;5.0;28.0;52.3;57.0;0;0;0;0;16372.49;11280.08;5092.41;32430.701
2026-07-09T12:19:37.151687+02:00;standby;25.6;29.2;5.0;28.0;52.3;57.0;0;0;0;0;16372.49;11280.08;5092.41;32430.701
2026-07-09T12:20:37.773190+02:00;standby;25.6;29.2;5.0;28.0;52.3;57.0;0;0;0;0;16372.49;11280.08;5092.41;32430.701
2026-07-09T12:21:38.207061+02:00;standby;25.6;29.2;5.0;28.0;52.2;57.0;0;0;0;0;16372.49;11280.08;5092.41;32430.701
2026-07-09T12:22:38.877592+02:00;standby;25.6;29.2;5.0;28.0;52.2;57.0;0;0;0;0;16372.49;11280.08;5092.41;32430.701
2026-07-09T12:23:39.294219+02:00;standby;25.6;29.2;5.0;28.0;52.2;57.0;0;0;0;0;16372.49;11280.08;5092.41;32430.701
2026-07-09T12:24:39.981663+02:00;standby;25.6;29.2;5.0;28.0;52.2;57.0;0;0;0;0;16372.49;11280.08;5092.41;32430.701
2026-07-09T12:25:40.578792+02:00;standby;25.6;29.2;5.0;28.0;52.2;57.0;0;0;0;0;16372.49;11280.08;5092.41;32430.701
2026-07-09T12:26:41.113097+02:00;standby;25.6;29.2;5.0;28.0;52.2;57.0;0;0;0;0;16372.49;11280.08;5092.41;32430.701
2026-07-09T12:27:41.759731+02:00;standby;25.6;29.2;5.0;28.0;52.2;57.0;0;0;0;0;16372.49;11280.08;5092.41;32430.701
2026-07-09T12:28:42.340157+02:00;standby;25.6;29.2;5.0;28.0;52.2;57.0;0;0;0;0;16372.49;11280.08;5092.41;32430.701
2026-07-09T12:29:42.865318+02:00;standby;25.6;29.2;5.0;28.0;52.2;57.0;0;0;0;0;16372.49;11280.08;5092.41;32430.701
2026-07-09T12:30:43.300366+02:00;standby;25.6;29.2;5.0;28.0;52.1;57.0;0;0;0;0;16372.49;11280.08;5092.41;32430.701
2026-07-09T12:31:44.264088+02:00;standby;25.6;29.2;5.0;28.0;52.1;57.0;0;0;0;0;16372.49;11280.08;5092.41;32430.701
2026-07-09T12:32:44.717839+02:00;standby;25.6;29.2;5.0;28.0;52.1;57.0;0;0;0;0;16372.49;11280.08;5092.41;32430.701
2026-07-09T12:33:45.371643+02:00;standby;25.6;29.2;5.0;28.0;52.1;57.0;0;0;0;0;16372.49;11280.08;5092.41;32430.701
2026-07-09T12:34:47.154450+02:00;standby;25.6;29.0;5.0;28.0;52.1;57.0;0;0;0;0;16372.49;11280.08;5092.41;32430.701
2026-07-09T12:35:47.578516+02:00;standby;25.6;29.0;5.0;28.0;52.1;57.0;0;0;0;0;16372.49;11280.08;5092.41;32430.701
2026-07-09T12:36:48.096946+02:00;standby;25.6;29.2;5.0;28.0;52.1;57.0;0;0;0;0;16372.49;11280.08;5092.41;32430.701
2026-07-09T12:37:48.491599+02:00;standby;25.6;29.0;5.0;28.0;52.1;57.0;0;0;0;0;16372.49;11280.08;5092.41;32430.701
2026-07-09T12:38:48.963624+02:00;standby;25.6;29.0;5.0;28.0;52.1;57.0;0;0;0;0;16372.49;11280.08;5092.41;32430.701
2026-07-09T12:39:49.408135+02:00;standby;25.6;29.0;5.0;28.0;52.1;57.0;0;0;0;0;16372.49;11280.08;5092.41;32430.701
2026-07-09T12:40:50.128876+02:00;standby;25.6;29.0;5.0;28.0;52.1;57.0;0;0;0;0;16372.49;11280.08;5092.41;32430.701
2026-07-09T12:41:50.633841+02:00;standby;25.6;29.0;5.0;28.0;52.1;57.0;0;0;0;0;16372.49;11280.08;5092.41;32430.701
2026-07-09T12:42:51.100444+02:00;standby;25.6;29.0;5.0;28.0;52.0;57.0;0;0;0;0;16372.49;11280.08;5092.41;32430.701
2026-07-09T12:43:51.556142+02:00;standby;25.6;29.0;5.0;28.0;52.0;57.0;0;0;0;0;16372.49;11280.08;5092.41;32430.701
2026-07-09T12:44:52.041693+02:00;standby;25.6;29.0;5.0;28.0;52.0;57.0;0;0;0;0;16372.49;11280.08;5092.41;32430.701
2026-07-09T12:45:52.497588+02:00;standby;25.6;29.0;5.0;28.0;52.0;57.0;0;0;0;0;16372.49;11280.08;5092.41;32430.701
2026-07-09T12:46:52.914423+02:00;standby;25.6;29.0;5.0;28.0;52.0;57.0;0;0;0;0;16372.49;11280.08;5092.41;32430.701
2026-07-09T12:47:53.432868+02:00;standby;25.6;29.0;5.0;28.0;52.0;57.0;0;0;0;0;16372.49;11280.08;5092.41;32430.701
2026-07-09T12:48:53.964704+02:00;standby;25.6;29.0;5.0;28.0;52.0;57.0;0;0;0;0;16372.49;11280.08;5092.41;32430.701
2026-07-09T12:49:54.379215+02:00;standby;25.6;29.0;5.0;28.0;52.0;57.0;0;0;0;0;16372.49;11280.08;5092.41;32430.701
2026-07-09T12:50:54.906324+02:00;standby;25.6;29.0;5.0;28.0;52.0;57.0;0;0;0;0;16372.49;11280.08;5092.41;32430.701
2026-07-09T12:51:55.317227+02:00;standby;25.6;29.0;5.0;28.0;52.0;57.0;0;0;0;0;16372.49;11280.08;5092.41;32430.701
2026-07-09T12:52:55.839249+02:00;standby;25.6;29.0;5.0;28.0;52.0;57.0;0;0;0;0;16372.49;11280.08;5092.41;32430.701
2026-07-09T12:53:56.302210+02:00;standby;25.6;29.0;5.0;28.0;52.0;57.0;0;0;0;0;16372.49;11280.08;5092.41;32430.701
2026-07-09T12:54:56.908436+02:00;standby;25.6;29.0;5.0;28.0;52.0;57.0;0;0;0;0;16372.49;11280.08;5092.41;32430.701
2026-07-09T12:55:57.391659+02:00;standby;25.6;29.0;5.0;28.0;52.0;57.0;0;0;0;0;16372.49;11280.08;5092.41;32430.701
2026-07-09T12:56:58.014278+02:00;standby;25.6;29.0;5.0;28.0;51.9;57.0;0;0;0;0;16372.49;11280.08;5092.41;32430.701
2026-07-09T12:57:58.691083+02:00;standby;25.6;29.0;5.0;28.0;51.9;57.0;0;0;0;0;16372.49;11280.08;5092.41;32430.701
2026-07-09T12:58:59.112927+02:00;standby;25.6;29.0;5.0;28.0;51.9;57.0;0;0;0;0;16372.49;11280.08;5092.41;32430.701
2026-07-09T12:59:59.589198+02:00;standby;25.6;28.9;5.0;28.0;51.9;57.0;0;0;0;0;16372.49;11280.08;5092.41;32430.701
2026-07-09T13:01:00.043988+02:00;standby;25.6;28.9;5.0;28.0;51.9;57.0;0;0;0;0;16372.49;11280.08;5092.41;32430.701
2026-07-09T13:02:00.603286+02:00;standby;25.6;28.9;5.0;28.0;51.9;57.0;0;0;0;0;16372.49;11280.08;5092.41;32430.701
2026-07-09T13:03:01.337070+02:00;standby;25.6;28.9;5.0;28.0;51.9;57.0;0;0;0;0;16372.49;11280.08;5092.41;32430.701
2026-07-09T13:04:01.851636+02:00;standby;25.6;28.9;5.0;28.0;51.9;57.0;0;0;0;0;16372.49;11280.08;5092.41;32430.701
2026-07-09T13:05:02.297412+02:00;standby;25.6;28.9;5.0;28.0;51.8;57.0;0;0;0;0;16372.49;11280.08;5092.41;32430.701
2026-07-09T13:06:02.728574+02:00;standby;25.6;28.9;5.0;28.0;51.8;57.0;0;0;0;0;16372.49;11280.08;5092.41;32430.701
2026-07-09T13:07:03.207935+02:00;standby;25.6;28.9;5.0;28.0;51.8;57.0;0;0;0;0;16372.49;11280.08;5092.41;32430.701
2026-07-09T13:08:03.629709+02:00;standby;25.6;28.9;5.0;28.0;51.8;57.0;0;0;0;0;16372.49;11280.08;5092.41;32430.701
2026-07-09T13:09:04.098532+02:00;standby;25.6;28.9;5.0;28.0;51.8;57.0;0;0;0;0;16372.49;11280.08;5092.41;32430.701
2026-07-09T13:10:05.645199+02:00;standby;26.6;28.9;5.0;28.0;51.8;57.0;0;0;0;0;16372.49;11280.08;5092.41;32430.701
2026-07-09T13:11:06.048956+02:00;standby;26.6;28.9;5.0;28.0;51.8;57.0;0;0;0;0;16372.49;11280.08;5092.41;32430.701
2026-07-09T13:12:06.506309+02:00;standby;26.6;28.9;5.0;28.0;51.8;57.0;0;0;0;0;16372.49;11280.08;5092.41;32430.701
2026-07-09T13:13:07.031045+02:00;standby;26.6;28.9;5.0;28.0;51.8;57.0;0;0;0;0;16372.49;11280.08;5092.41;32430.701
2026-07-09T13:14:07.597231+02:00;standby;26.6;28.9;5.0;28.0;51.8;57.0;0;0;0;0;16372.49;11280.08;5092.41;32430.701
2026-07-09T13:15:08.099510+02:00;standby;26.6;28.9;5.0;28.0;51.7;57.0;0;0;0;0;16372.49;11280.08;5092.41;32430.701
2026-07-09T13:16:08.586637+02:00;standby;26.6;28.9;5.0;28.0;51.8;57.0;0;0;0;0;16372.49;11280.08;5092.41;32430.701
2026-07-09T13:17:09.010968+02:00;standby;26.6;28.9;5.0;28.0;51.7;57.0;0;0;0;0;16372.49;11280.08;5092.41;32430.701
2026-07-09T13:18:09.626571+02:00;standby;26.6;28.9;5.0;28.0;51.7;57.0;0;0;0;0;16372.49;11280.08;5092.41;32430.701
2026-07-09T13:19:10.074338+02:00;standby;26.6;28.9;5.0;28.0;51.7;57.0;0;0;0;0;16372.49;11280.08;5092.41;32430.701
2026-07-09T13:20:10.629019+02:00;standby;26.6;28.9;5.0;28.0;51.7;57.0;0;0;0;0;16372.49;11280.08;5092.41;32430.701
2026-07-09T13:21:11.225312+02:00;standby;26.6;28.9;5.0;28.0;51.7;57.0;0;0;0;0;16372.49;11280.08;5092.41;32430.701
2026-07-09T13:22:11.760633+02:00;standby;26.6;28.9;5.0;28.0;51.7;57.0;0;0;0;0;16372.49;11280.08;5092.41;32430.701
2026-07-09T13:23:12.231441+02:00;standby;26.6;28.9;5.0;28.0;51.7;57.0;0;0;0;0;16372.49;11280.08;5092.41;32430.701
2026-07-09T13:24:12.811698+02:00;standby;26.6;28.9;5.0;28.0;51.6;57.0;0;0;0;0;16372.49;11280.08;5092.41;32430.701
2026-07-09T13:25:13.218608+02:00;standby;26.6;28.9;5.0;28.0;51.6;57.0;0;0;0;0;16372.49;11280.08;5092.41;32430.701
2026-07-09T13:26:13.746958+02:00;standby;26.6;28.9;5.0;28.0;51.6;57.0;0;0;0;0;16372.49;11280.08;5092.41;32430.701
2026-07-09T13:27:14.242092+02:00;standby;26.6;28.9;5.0;28.0;51.6;57.0;0;0;0;0;16372.49;11280.08;5092.41;32430.701
2026-07-09T13:28:14.712612+02:00;standby;26.6;28.9;5.0;28.0;51.6;57.0;0;0;0;0;16372.49;11280.08;5092.41;32430.701
2026-07-09T13:29:15.199227+02:00;standby;26.6;28.9;5.0;28.0;51.6;57.0;0;0;0;0;16372.49;11280.08;5092.41;32430.701
2026-07-09T13:30:15.717723+02:00;standby;26.6;28.9;5.0;28.0;51.6;57.0;0;0;0;0;16372.49;11280.08;5092.41;32430.701
2026-07-09T13:31:16.235442+02:00;standby;26.6;28.9;5.0;28.0;51.6;57.0;0;0;0;0;16372.49;11280.08;5092.41;32430.701
2026-07-09T13:32:16.955328+02:00;standby;26.6;28.9;5.0;28.0;51.5;57.0;0;0;0;0;16372.49;11280.08;5092.41;32430.701
2026-07-09T13:33:17.414005+02:00;standby;26.6;28.9;5.0;28.0;51.5;57.0;0;0;0;0;16372.49;11280.08;5092.41;32430.701
2026-07-09T13:34:18.200314+02:00;standby;26.6;28.9;5.0;28.0;51.5;57.0;0;0;0;0;16372.49;11280.08;5092.41;32430.701
2026-07-09T13:35:18.667558+02:00;standby;26.6;28.7;5.0;28.0;51.5;57.0;0;0;0;0;16372.49;11280.08;5092.41;32430.701
2026-07-09T13:36:19.852541+02:00;standby;26.6;28.7;5.0;28.0;51.5;57.0;0;0;0;0;16372.49;11280.08;5092.41;32430.701
2026-07-09T13:37:20.372868+02:00;standby;26.6;28.7;5.0;28.0;51.5;57.0;0;0;0;0;16372.49;11280.08;5092.41;32430.701
2026-07-09T13:38:20.830145+02:00;standby;26.6;28.7;5.0;28.0;51.5;57.0;0;0;0;0;16372.49;11280.08;5092.41;32430.701
2026-07-09T13:39:21.563824+02:00;standby;26.6;28.7;5.0;28.0;51.5;57.0;0;0;0;0;16372.49;11280.08;5092.41;32430.701
2026-07-09T13:40:22.116727+02:00;standby;26.6;28.7;5.0;28.0;51.5;57.0;0;0;0;0;16372.49;11280.08;5092.41;32430.701
2026-07-09T13:41:22.592823+02:00;standby;26.6;28.7;5.0;28.0;51.4;57.0;0;0;0;0;16372.49;11280.08;5092.41;32430.701
2026-07-09T13:42:23.110409+02:00;standby;26.6;28.7;5.0;28.0;51.4;57.0;0;0;0;0;16372.49;11280.08;5092.41;32430.701
2026-07-09T13:43:23.588245+02:00;standby;26.6;28.7;5.0;28.0;51.4;57.0;0;0;0;0;16372.49;11280.08;5092.41;32430.701
2026-07-09T13:44:24.161622+02:00;standby;26.6;28.7;5.0;28.0;51.4;57.0;0;0;0;0;16372.49;11280.08;5092.41;32430.701
2026-07-09T13:45:24.988386+02:00;standby;26.6;28.7;5.0;28.0;51.4;57.0;0;0;0;0;16372.49;11280.08;5092.41;32430.701
2026-07-09T13:46:25.617582+02:00;standby;26.6;28.7;5.0;28.0;51.4;57.0;0;0;0;0;16372.49;11280.08;5092.41;32430.701
2026-07-09T13:47:26.120552+02:00;standby;26.6;28.7;5.0;28.0;51.3;57.0;0;0;0;0;16372.49;11280.08;5092.41;32430.701
2026-07-09T13:48:26.541131+02:00;standby;26.6;28.7;5.0;28.0;51.3;57.0;0;0;0;0;16372.49;11280.08;5092.41;32430.701
2026-07-09T13:49:27.013575+02:00;standby;26.6;28.7;5.0;28.0;51.3;57.0;0;0;0;0;16372.49;11280.08;5092.41;32430.701
2026-07-09T13:50:27.487447+02:00;standby;26.6;28.7;5.0;28.0;51.3;57.0;0;0;0;0;16372.49;11280.08;5092.41;32430.701
2026-07-09T13:51:27.946786+02:00;standby;26.6;28.7;5.0;28.0;51.3;57.0;0;0;0;0;16372.49;11280.08;5092.41;32430.701
2026-07-09T13:52:28.420292+02:00;standby;26.6;28.7;5.0;28.0;51.3;57.0;0;0;0;0;16372.49;11280.08;5092.41;32430.701
2026-07-09T13:53:28.882922+02:00;standby;26.6;28.7;5.0;28.0;51.3;57.0;0;0;0;0;16372.49;11280.08;5092.41;32430.701
2026-07-09T13:54:29.465962+02:00;standby;26.6;28.7;5.0;28.0;51.3;57.0;0;0;0;0;16372.49;11280.08;5092.41;32430.701
2026-07-09T13:55:29.984588+02:00;standby;26.6;28.7;5.0;28.0;51.3;57.0;0;0;0;0;16372.49;11280.08;5092.41;32430.701
2026-07-09T13:56:30.511304+02:00;standby;26.6;28.7;5.0;28.0;51.3;57.0;0;0;0;0;16372.49;11280.08;5092.41;32430.701
2026-07-09T13:57:31.013053+02:00;standby;26.6;28.7;5.0;28.0;51.3;57.0;0;0;0;0;16372.49;11280.08;5092.41;32430.701
2026-07-09T13:58:31.531144+02:00;standby;26.6;28.7;5.0;28.0;51.3;57.0;0;0;0;0;16372.49;11280.08;5092.41;32430.701
2026-07-09T13:59:31.996056+02:00;standby;26.6;28.7;5.0;28.0;51.2;57.0;0;0;0;0;16372.49;11280.08;5092.41;32430.701
2026-07-09T14:00:32.471021+02:00;standby;26.6;28.7;5.0;28.0;51.2;57.0;0;0;0;0;16372.49;11280.08;5092.41;32430.701
2026-07-09T14:01:32.977780+02:00;standby;26.6;28.7;5.0;28.0;51.2;57.0;0;0;0;0;16372.49;11280.08;5092.41;32430.701
2026-07-09T14:02:33.433017+02:00;standby;26.6;28.7;5.0;28.0;51.2;57.0;0;0;0;0;16372.49;11280.08;5092.41;32430.701
2026-07-09T14:03:34.246371+02:00;standby;26.6;28.7;5.0;28.0;51.2;57.0;0;0;0;0;16372.49;11280.08;5092.41;32430.701
2026-07-09T14:04:35.914893+02:00;standby;26.6;28.7;5.0;28.0;51.2;57.0;0;0;0;0;16372.49;11280.08;5092.41;32430.701
2026-07-09T14:05:36.528307+02:00;standby;26.6;28.7;5.0;28.0;51.2;57.0;0;0;0;0;16372.49;11280.08;5092.41;32430.701
2026-07-09T14:06:37.018445+02:00;standby;26.6;28.7;5.0;28.0;51.2;57.0;0;0;0;0;16372.49;11280.08;5092.41;32430.701
2026-07-09T14:07:37.446609+02:00;standby;26.6;28.7;5.0;28.0;51.2;57.0;0;0;0;0;16372.49;11280.08;5092.41;32430.701
2026-07-09T14:08:37.954533+02:00;standby;26.6;28.7;5.0;28.0;51.2;57.0;0;0;0;0;16372.49;11280.08;5092.41;32430.701
2026-07-09T14:09:38.420117+02:00;standby;26.6;28.6;5.0;28.0;51.1;57.0;0;0;0;0;16372.49;11280.08;5092.41;32430.701
2026-07-09T14:10:38.905467+02:00;standby;27.1;28.6;5.0;28.0;51.1;57.0;0;0;0;0;16372.49;11280.08;5092.41;32430.701
2026-07-09T14:11:39.424797+02:00;standby;27.1;28.7;5.0;28.0;51.1;57.0;0;0;0;0;16372.49;11280.08;5092.41;32430.701
2026-07-09T14:12:39.938110+02:00;standby;27.1;28.6;5.0;28.0;50.9;57.0;0;0;0;0;16372.49;11280.08;5092.41;32430.701
2026-07-09T14:13:40.591773+02:00;standby;27.1;28.6;5.0;28.0;50.9;57.0;0;0;0;0;16372.49;11280.08;5092.41;32430.701
2026-07-09T14:14:41.096734+02:00;standby;27.1;28.6;5.0;28.0;50.9;57.0;0;0;0;0;16372.49;11280.08;5092.41;32430.701
2026-07-09T14:15:41.594755+02:00;standby;27.1;28.6;5.0;28.0;50.9;57.0;0;0;0;0;16372.49;11280.08;5092.41;32430.701
2026-07-09T14:16:42.113740+02:00;standby;27.1;28.6;5.0;28.0;50.9;57.0;0;0;0;0;16372.49;11280.08;5092.41;32430.701
2026-07-09T14:17:42.665959+02:00;standby;27.1;28.6;5.0;28.0;50.9;57.0;0;0;0;0;16372.49;11280.08;5092.41;32430.701
2026-07-09T14:18:43.144787+02:00;standby;27.1;28.6;5.0;28.0;50.8;57.0;0;0;0;0;16372.49;11280.08;5092.41;32430.701
2026-07-09T14:19:43.662208+02:00;standby;27.1;28.6;5.0;28.0;50.8;57.0;0;0;0;0;16372.49;11280.08;5092.41;32430.701
2026-07-09T14:20:44.493226+02:00;standby;27.1;28.6;5.0;28.0;50.8;57.0;0;0;0;0;16372.49;11280.08;5092.41;32430.701
2026-07-09T14:21:45.035606+02:00;standby;27.1;28.6;5.0;28.0;50.8;57.0;0;0;0;0;16372.49;11280.08;5092.41;32430.701
2026-07-09T14:22:45.542414+02:00;standby;27.1;28.6;5.0;28.0;50.8;57.0;0;0;0;0;16372.49;11280.08;5092.41;32430.701
2026-07-09T14:23:46.277459+02:00;standby;27.1;28.6;5.0;28.0;50.8;57.0;0;0;0;0;16372.49;11280.08;5092.41;32430.701
2026-07-09T14:24:46.880221+02:00;standby;27.1;28.6;5.0;28.0;50.8;57.0;0;0;0;0;16372.49;11280.08;5092.41;32430.701
2026-07-09T14:25:47.839597+02:00;standby;27.1;28.6;5.0;28.0;50.8;57.0;0;0;0;0;16372.49;11280.08;5092.41;32430.701
2026-07-09T14:26:48.274862+02:00;standby;27.1;28.6;5.0;28.0;50.8;57.0;0;0;0;0;16372.49;11280.08;5092.41;32430.701
2026-07-09T14:27:49.148256+02:00;standby;27.1;28.6;5.0;28.0;50.8;57.0;0;0;0;0;16372.49;11280.08;5092.41;32430.701
2026-07-09T14:28:49.974019+02:00;standby;27.1;28.6;5.0;28.0;50.8;57.0;0;0;0;0;16372.49;11280.08;5092.41;32430.701
2026-07-09T14:29:50.513383+02:00;standby;27.1;28.6;5.0;28.0;50.7;57.0;0;0;0;0;16372.49;11280.08;5092.41;32430.701
2026-07-09T14:30:51.032366+02:00;standby;27.1;28.6;5.0;28.0;50.7;57.0;0;0;0;0;16372.49;11280.08;5092.41;32430.701
2026-07-09T14:31:51.533510+02:00;standby;27.1;28.6;5.0;28.0;50.7;57.0;0;0;0;0;16372.49;11280.08;5092.41;32430.701
2026-07-09T14:32:52.316639+02:00;standby;27.1;28.6;5.0;28.0;50.7;57.0;0;0;0;0;16372.49;11280.08;5092.41;32430.701
2026-07-09T14:33:52.793643+02:00;standby;27.1;28.6;5.0;28.0;50.7;57.0;0;0;0;0;16372.49;11280.08;5092.41;32430.701
2026-07-09T14:34:53.315274+02:00;standby;27.1;28.6;5.0;28.0;50.7;57.0;0;0;0;0;16372.49;11280.08;5092.41;32430.701
2026-07-09T14:35:54.128843+02:00;standby;27.1;28.6;5.0;28.0;50.7;57.0;0;0;0;0;16372.49;11280.08;5092.41;32430.701
2026-07-09T14:36:54.602443+02:00;standby;27.1;28.6;5.0;28.0;50.7;57.0;0;0;0;0;16372.49;11280.08;5092.41;32430.701
2026-07-09T14:37:55.058003+02:00;standby;27.1;28.6;5.0;28.0;50.7;57.0;0;0;0;0;16372.49;11280.08;5092.41;32430.701
2026-07-09T14:38:55.743146+02:00;standby;27.1;28.6;5.0;28.0;50.6;57.0;0;0;0;0;16372.49;11280.08;5092.41;32430.701
2026-07-09T14:39:56.653317+02:00;standby;27.1;28.6;5.0;28.0;50.6;57.0;0;0;0;0;16372.49;11280.08;5092.41;32430.701
2026-07-09T14:40:57.126607+02:00;standby;27.1;28.6;5.0;28.0;50.6;57.0;0;0;0;0;16372.49;11280.08;5092.41;32430.701
2026-07-09T14:41:57.698821+02:00;standby;27.1;28.6;5.0;28.0;50.6;57.0;0;0;0;0;16372.49;11280.08;5092.41;32430.701
2026-07-09T14:42:58.406475+02:00;standby;27.1;28.6;5.0;28.0;50.5;57.0;0;0;0;0;16372.49;11280.08;5092.41;32430.701
2026-07-09T14:43:58.996783+02:00;standby;27.1;28.6;5.0;28.0;50.3;57.0;0;0;0;0;16372.49;11280.08;5092.41;32430.701
2026-07-09T14:44:59.631254+02:00;standby;27.1;28.6;5.0;28.0;50.2;57.0;0;0;0;0;16372.49;11280.08;5092.41;32430.701
2026-07-09T14:46:00.239186+02:00;standby;27.1;28.6;5.0;28.0;50.0;57.0;0;0;0;0;16372.49;11280.08;5092.41;32430.701
2026-07-09T14:47:00.771380+02:00;standby;27.1;28.5;5.0;28.0;49.9;57.0;0;0;0;0;16372.49;11280.08;5092.41;32430.701
2026-07-09T14:48:01.294785+02:00;standby;27.1;28.6;5.0;28.0;49.8;57.0;0;0;0;0;16372.49;11280.08;5092.41;32430.701
2026-07-09T14:49:01.901058+02:00;standby;27.1;28.6;5.0;28.0;49.8;57.0;0;0;0;0;16372.49;11280.08;5092.41;32430.701
2026-07-09T14:50:03.379382+02:00;standby;27.1;28.5;5.0;28.0;49.8;57.0;0;0;0;0;16372.49;11280.08;5092.41;32430.701
2026-07-09T14:51:03.973551+02:00;standby;27.1;28.6;5.0;28.0;49.8;57.0;0;0;0;0;16372.49;11280.08;5092.41;32430.701
2026-07-09T14:52:04.490540+02:00;standby;27.1;28.5;5.0;28.0;49.7;57.0;0;0;0;0;16372.49;11280.08;5092.41;32430.701
2026-07-09T14:53:05.018749+02:00;standby;27.1;28.5;5.0;28.0;49.6;57.0;0;0;0;0;16372.49;11280.08;5092.41;32430.701
2026-07-09T14:54:05.540789+02:00;standby;27.1;28.5;5.0;28.0;49.6;57.0;0;0;0;0;16372.49;11280.08;5092.41;32430.701
2026-07-09T14:55:06.049387+02:00;standby;27.1;28.5;5.0;28.0;49.6;57.0;0;0;0;0;16372.49;11280.08;5092.41;32430.701
2026-07-09T14:56:06.558905+02:00;standby;27.1;28.5;5.0;28.0;49.6;57.0;0;0;0;0;16372.49;11280.08;5092.41;32430.701
2026-07-09T14:57:07.085838+02:00;standby;27.1;28.5;5.0;28.0;49.6;57.0;0;0;0;0;16372.49;11280.08;5092.41;32430.701
2026-07-09T14:58:07.707568+02:00;standby;27.1;28.5;5.0;28.0;49.5;57.0;0;0;0;0;16372.49;11280.08;5092.41;32430.701
2026-07-09T14:59:08.228436+02:00;standby;27.1;28.5;5.0;28.0;49.5;57.0;0;0;0;0;16372.49;11280.08;5092.41;32430.701
2026-07-09T15:00:09.103040+02:00;standby;27.1;28.5;5.0;28.0;49.4;57.0;0;0;0;0;16372.49;11280.08;5092.41;32430.701
2026-07-09T15:01:09.699127+02:00;standby;27.1;28.5;5.0;28.0;49.4;57.0;0;0;0;0;16372.49;11280.08;5092.41;32430.701
2026-07-09T15:02:10.410500+02:00;standby;27.1;28.5;5.0;28.0;49.4;57.0;0;0;0;0;16372.49;11280.08;5092.41;32430.701
2026-07-09T15:03:10.912347+02:00;standby;27.1;28.5;5.0;28.0;49.4;57.0;0;0;0;0;16372.49;11280.08;5092.41;32430.701
2026-07-09T15:04:11.453521+02:00;standby;27.1;28.5;5.0;28.0;49.3;57.0;0;0;0;0;16372.49;11280.08;5092.41;32430.701
2026-07-09T15:05:11.955221+02:00;standby;27.1;28.5;5.0;28.0;49.3;57.0;0;0;0;0;16372.49;11280.08;5092.41;32430.701
2026-07-09T15:06:12.490966+02:00;standby;27.1;28.5;5.0;28.0;49.3;57.0;0;0;0;0;16372.49;11280.08;5092.41;32430.701
2026-07-09T15:07:13.139448+02:00;standby;27.1;28.5;5.0;28.0;49.3;57.0;0;0;0;0;16372.49;11280.08;5092.41;32430.701
2026-07-09T15:08:13.615094+02:00;standby;27.1;28.5;5.0;28.0;49.3;57.0;0;0;0;0;16372.49;11280.08;5092.41;32430.701
2026-07-09T15:09:14.136148+02:00;standby;27.1;28.5;5.0;28.0;49.3;57.0;0;0;0;0;16372.49;11280.08;5092.41;32430.701
2026-07-09T15:10:14.651337+02:00;standby;27.1;28.5;5.0;28.0;49.3;57.0;0;0;0;0;16372.49;11280.08;5092.41;32430.701
2026-07-09T15:11:15.174913+02:00;standby;27.7;28.5;5.0;28.0;49.3;57.0;0;0;0;0;16372.49;11280.08;5092.41;32430.701
2026-07-09T15:12:15.722540+02:00;standby;27.7;28.5;5.0;28.0;49.3;57.0;0;0;0;0;16372.49;11280.08;5092.41;32430.701
2026-07-09T15:13:16.214549+02:00;standby;27.7;28.5;5.0;28.0;49.3;57.0;0;0;0;0;16372.49;11280.08;5092.41;32430.701
2026-07-09T15:14:16.728136+02:00;standby;27.7;28.5;5.0;28.0;49.3;57.0;0;0;0;0;16372.49;11280.08;5092.41;32430.701
2026-07-09T15:15:17.225065+02:00;standby;27.7;28.5;5.0;28.0;49.2;57.0;0;0;0;0;16372.49;11280.08;5092.41;32430.701
2026-07-09T15:16:17.718290+02:00;standby;27.7;28.5;5.0;28.0;49.2;57.0;0;0;0;0;16372.49;11280.08;5092.41;32430.701
2026-07-09T15:17:18.162600+02:00;standby;27.7;28.5;5.0;28.0;49.2;57.0;0;0;0;0;16372.49;11280.08;5092.41;32430.701
2026-07-09T15:18:18.602545+02:00;standby;27.7;28.5;5.0;28.0;49.2;57.0;0;0;0;0;16372.49;11280.08;5092.41;32430.701
2026-07-09T15:19:19.117635+02:00;standby;27.7;28.5;5.0;28.0;49.2;57.0;0;0;0;0;16372.49;11280.08;5092.41;32430.701
2026-07-09T15:20:20.028112+02:00;standby;27.7;28.5;5.0;28.0;49.2;57.0;0;0;0;0;16372.49;11280.08;5092.41;32430.701
2026-07-09T15:21:20.776465+02:00;standby;27.7;28.5;5.0;28.0;49.2;57.0;0;0;0;0;16372.49;11280.08;5092.41;32430.701
2026-07-09T15:22:21.238123+02:00;standby;27.7;28.5;5.0;28.0;49.2;57.0;0;0;0;0;16372.49;11280.08;5092.41;32430.701
2026-07-09T15:23:21.815682+02:00;standby;27.7;28.5;5.0;28.0;49.2;57.0;0;0;0;0;16372.49;11280.08;5092.41;32430.701
2026-07-09T15:24:22.346573+02:00;standby;27.7;28.5;5.0;28.0;49.2;57.0;0;0;0;0;16372.49;11280.08;5092.41;32430.701
2026-07-09T15:25:22.801945+02:00;standby;27.7;28.5;5.0;28.0;49.2;57.0;0;0;0;0;16372.49;11280.08;5092.41;32430.701
2026-07-09T15:26:23.310025+02:00;standby;27.7;28.5;5.0;28.0;49.1;57.0;0;0;0;0;16372.49;11280.08;5092.41;32430.701
2026-07-09T15:27:23.767525+02:00;standby;27.7;28.5;5.0;28.0;49.1;57.0;0;0;0;0;16372.49;11280.08;5092.41;32430.701
2026-07-09T15:28:24.206356+02:00;standby;27.7;28.5;5.0;28.0;49.1;57.0;0;0;0;0;16372.49;11280.08;5092.41;32430.701
2026-07-09T15:29:24.723225+02:00;standby;27.7;28.5;5.0;28.0;49.1;57.0;0;0;0;0;16372.49;11280.08;5092.41;32430.701
2026-07-09T15:30:25.221776+02:00;standby;27.7;28.5;5.0;28.0;49.1;57.0;0;0;0;0;16372.49;11280.08;5092.41;32430.701
2026-07-09T15:31:25.761701+02:00;standby;27.7;28.5;5.0;28.0;49.1;57.0;0;0;0;0;16372.49;11280.08;5092.41;32430.701
2026-07-09T15:32:26.229351+02:00;standby;27.7;28.5;5.0;28.0;49.1;57.0;0;0;0;0;16372.49;11280.08;5092.41;32430.701
2026-07-09T15:33:27.252398+02:00;standby;27.7;28.5;5.0;28.0;49.1;57.0;0;0;0;0;16372.49;11280.08;5092.41;32430.701
2026-07-09T15:34:27.809855+02:00;standby;27.7;28.5;5.0;28.0;49.1;57.0;0;0;0;0;16372.49;11280.08;5092.41;32430.701
2026-07-09T15:35:28.712459+02:00;standby;27.7;28.5;5.0;28.0;49.1;57.0;0;0;0;0;16372.49;11280.08;5092.41;32430.701
2026-07-09T15:36:29.160127+02:00;standby;27.7;28.3;5.0;28.0;49.1;57.0;0;0;0;0;16372.49;11280.08;5092.41;32430.701
2026-07-09T15:37:29.879515+02:00;standby;27.7;28.5;5.0;28.0;49.0;57.0;0;0;0;0;16372.49;11280.08;5092.41;32430.701
2026-07-09T15:38:30.433474+02:00;standby;27.7;28.3;5.0;28.0;49.0;57.0;0;0;0;0;16372.49;11280.08;5092.41;32430.701
2026-07-09T15:39:30.963474+02:00;standby;27.7;28.5;5.0;28.0;49.0;57.0;0;0;0;0;16372.49;11280.08;5092.41;32430.701
2026-07-09T15:40:31.476620+02:00;standby;27.7;28.3;5.0;28.0;49.0;57.0;0;0;0;0;16372.49;11280.08;5092.41;32430.701
2026-07-09T15:41:31.956607+02:00;standby;27.7;28.3;5.0;28.0;49.0;57.0;0;0;0;0;16372.49;11280.08;5092.41;32430.701
2026-07-09T15:42:32.420940+02:00;standby;27.7;28.3;5.0;28.0;49.0;57.0;0;0;0;0;16372.49;11280.08;5092.41;32430.701
2026-07-09T15:43:32.939409+02:00;standby;27.7;28.3;5.0;28.0;49.0;57.0;0;0;0;0;16372.49;11280.08;5092.41;32430.701
2026-07-09T15:44:33.554704+02:00;standby;27.7;28.5;5.0;28.0;49.0;57.0;0;0;0;0;16372.49;11280.08;5092.41;32430.701
2026-07-09T15:45:34.035016+02:00;standby;27.7;28.3;5.0;28.0;49.0;57.0;0;0;0;0;16372.49;11280.08;5092.41;32430.701
2026-07-09T15:46:34.497446+02:00;standby;27.7;28.3;5.0;28.0;49.0;57.0;0;0;0;0;16372.49;11280.08;5092.41;32430.701
2026-07-09T15:47:34.972157+02:00;standby;27.7;28.3;5.0;28.0;49.0;57.0;0;0;0;0;16372.49;11280.08;5092.41;32430.701
2026-07-09T15:48:35.389495+02:00;standby;27.7;28.3;5.0;28.0;48.9;57.0;0;0;0;0;16372.49;11280.08;5092.41;32430.701
2026-07-09T15:49:35.811306+02:00;standby;27.7;28.3;5.0;28.0;48.9;57.0;0;0;0;0;16372.49;11280.08;5092.41;32430.701
2026-07-09T15:50:36.264990+02:00;standby;27.7;28.3;5.0;28.0;48.9;57.0;0;0;0;0;16372.49;11280.08;5092.41;32430.701
2026-07-09T15:51:36.709401+02:00;standby;27.7;28.3;5.0;28.0;48.9;57.0;0;0;0;0;16372.49;11280.08;5092.41;32430.701
2026-07-09T15:52:37.217158+02:00;standby;27.7;28.3;5.0;28.0;48.9;57.0;0;0;0;0;16372.49;11280.08;5092.41;32430.701
2026-07-09T15:53:37.678167+02:00;standby;27.7;28.3;5.0;28.0;48.9;57.0;0;0;0;0;16372.49;11280.08;5092.41;32430.701
2026-07-09T15:54:38.423700+02:00;standby;27.7;28.3;5.0;28.0;48.9;57.0;0;0;0;0;16372.49;11280.08;5092.41;32430.701
2026-07-09T15:55:38.947138+02:00;standby;27.7;28.3;5.0;28.0;48.9;57.0;0;0;0;0;16372.49;11280.08;5092.41;32430.701
2026-07-09T15:56:39.494940+02:00;standby;27.7;28.3;5.0;28.0;48.9;57.0;0;0;0;0;16372.49;11280.08;5092.41;32430.701
2026-07-09T15:57:39.957001+02:00;standby;27.7;28.3;5.0;28.0;48.8;57.0;0;0;0;0;16372.49;11280.08;5092.41;32430.701
2026-07-09T15:58:40.398845+02:00;standby;27.7;28.3;5.0;28.0;48.8;57.0;0;0;0;0;16372.49;11280.08;5092.41;32430.701
2026-07-09T15:59:40.921085+02:00;standby;27.7;28.3;5.0;28.0;48.8;57.0;0;0;0;0;16372.49;11280.08;5092.41;32430.701
2026-07-09T16:00:41.383267+02:00;standby;27.7;28.3;5.0;28.0;48.8;57.0;0;0;0;0;16372.49;11280.08;5092.41;32430.701
2026-07-09T16:01:41.959067+02:00;standby;27.7;28.3;5.0;28.0;48.8;57.0;0;0;0;0;16372.49;11280.08;5092.41;32430.701
2026-07-09T16:02:42.554560+02:00;standby;27.7;28.3;5.0;28.0;48.8;57.0;0;0;0;0;16372.49;11280.08;5092.41;32430.701
2026-07-09T16:03:43.083559+02:00;standby;27.7;28.3;5.0;28.0;48.8;57.0;0;0;0;0;16372.49;11280.08;5092.41;32430.701
2026-07-09T16:04:43.724911+02:00;standby;27.7;28.3;5.0;28.0;48.8;57.0;0;0;0;0;16372.49;11280.08;5092.41;32430.701
2026-07-09T16:05:44.556482+02:00;standby;27.7;28.3;5.0;28.0;48.8;57.0;0;0;0;0;16372.49;11280.08;5092.41;32430.701
2026-07-09T16:06:45.173032+02:00;standby;27.7;28.3;5.0;28.0;48.8;57.0;0;0;0;0;16372.49;11280.08;5092.41;32430.701
2026-07-09T16:07:45.664900+02:00;standby;27.7;28.3;5.0;28.0;48.8;57.0;0;0;0;0;16372.49;11280.08;5092.41;32430.701
2026-07-09T16:08:46.252038+02:00;standby;27.7;28.3;5.0;28.0;48.8;57.0;0;0;0;0;16372.49;11280.08;5092.41;32430.701
2026-07-09T16:09:46.807789+02:00;standby;27.7;28.3;5.0;28.0;48.7;57.0;0;0;0;0;16372.49;11280.08;5092.41;32430.701
2026-07-09T16:10:47.599537+02:00;standby;27.7;28.3;5.0;28.0;48.7;57.0;0;0;0;0;16372.49;11280.08;5092.41;32430.701
2026-07-09T16:11:48.282744+02:00;standby;27.9;28.3;5.0;28.0;48.7;57.0;0;0;0;0;16372.49;11280.08;5092.41;32430.701
2026-07-09T16:12:49.083294+02:00;standby;27.9;28.3;5.0;28.0;48.7;57.0;0;0;0;0;16372.49;11280.08;5092.41;32430.701
2026-07-09T16:13:49.522249+02:00;standby;27.9;28.3;5.0;28.0;48.7;57.0;0;0;0;0;16372.49;11280.08;5092.41;32430.701
2026-07-09T16:14:50.040609+02:00;standby;27.9;28.3;5.0;28.0;48.7;57.0;0;0;0;0;16372.49;11280.08;5092.41;32430.701
2026-07-09T16:15:50.867722+02:00;standby;27.9;28.3;5.0;28.0;48.7;57.0;0;0;0;0;16372.49;11280.08;5092.41;32430.701
2026-07-09T16:16:51.372045+02:00;standby;27.9;28.3;5.0;28.0;48.7;57.0;0;0;0;0;16372.49;11280.08;5092.41;32430.701
2026-07-09T16:17:51.992777+02:00;standby;27.9;28.3;5.0;28.0;48.7;57.0;0;0;0;0;16372.49;11280.08;5092.41;32430.701
2026-07-09T16:18:52.922784+02:00;standby;27.9;28.3;5.0;28.0;48.6;57.0;0;0;0;0;16372.49;11280.08;5092.41;32430.701
2026-07-09T16:19:53.379253+02:00;standby;27.9;28.3;5.0;28.0;48.6;57.0;0;0;0;0;16372.49;11280.08;5092.41;32430.701
2026-07-09T16:20:53.916750+02:00;standby;27.9;28.3;5.0;28.0;48.6;57.0;0;0;0;0;16372.49;11280.08;5092.41;32430.701
2026-07-09T16:21:54.580630+02:00;standby;27.9;28.3;5.0;28.0;48.6;57.0;0;0;0;0;16372.49;11280.08;5092.41;32430.701
2026-07-09T16:22:55.349980+02:00;standby;27.9;28.3;5.0;28.0;48.6;57.0;0;0;0;0;16372.49;11280.08;5092.41;32430.701
2026-07-09T16:23:55.823372+02:00;standby;27.9;28.3;5.0;28.0;48.6;57.0;0;0;0;0;16372.49;11280.08;5092.41;32430.701
2026-07-09T16:24:56.471304+02:00;standby;27.9;28.3;5.0;28.0;48.6;57.0;0;0;0;0;16372.49;11280.08;5092.41;32430.701
2026-07-09T16:25:56.961139+02:00;standby;27.9;28.2;5.0;28.0;48.6;57.0;0;0;0;0;16372.49;11280.08;5092.41;32430.701
2026-07-09T16:26:57.746955+02:00;standby;27.9;28.3;5.0;28.0;48.6;57.0;0;0;0;0;16372.49;11280.08;5092.41;32430.701
2026-07-09T16:27:59.128407+02:00;standby;27.9;28.3;5.0;28.0;48.6;57.0;0;0;0;0;16372.49;11280.08;5092.41;32430.701
2026-07-09T16:28:59.604317+02:00;standby;27.9;28.2;5.0;28.0;48.6;57.0;0;0;0;0;16372.49;11280.08;5092.41;32430.701
2026-07-09T16:30:00.053732+02:00;standby;27.9;28.2;5.0;28.0;48.6;57.0;0;0;0;0;16372.49;11280.08;5092.41;32430.701
2026-07-09T16:31:00.744878+02:00;standby;27.9;28.2;5.0;28.0;48.6;57.0;0;0;0;0;16372.49;11280.08;5092.41;32430.701
2026-07-09T16:32:01.169527+02:00;standby;27.9;28.2;5.0;28.0;48.5;57.0;0;0;0;0;16372.49;11280.08;5092.41;32430.701
2026-07-09T16:33:01.814416+02:00;standby;27.9;28.2;5.0;28.0;48.5;57.0;0;0;0;0;16372.49;11280.08;5092.41;32430.701
2026-07-09T16:34:02.776010+02:00;standby;27.9;28.2;5.0;28.0;48.5;57.0;0;0;0;0;16372.49;11280.08;5092.41;32430.701
2026-07-09T16:35:03.214176+02:00;standby;27.9;28.2;5.0;28.0;48.5;57.0;0;0;0;0;16372.49;11280.08;5092.41;32430.701
2026-07-09T16:36:03.682810+02:00;standby;27.9;28.2;5.0;28.0;48.5;57.0;0;0;0;0;16372.49;11280.08;5092.41;32430.701
2026-07-09T16:37:04.171624+02:00;standby;27.9;28.2;5.0;28.0;48.5;57.0;0;0;0;0;16372.49;11280.08;5092.41;32430.701
2026-07-09T16:38:04.959738+02:00;standby;27.9;28.2;5.0;28.0;48.5;57.0;0;0;0;0;16372.49;11280.08;5092.41;32430.701
2026-07-09T16:39:05.761171+02:00;standby;27.9;28.2;5.0;28.0;48.5;57.0;0;0;0;0;16372.49;11280.08;5092.41;32430.701
2026-07-09T16:40:06.220770+02:00;standby;27.9;28.2;5.0;28.0;48.5;57.0;0;0;0;0;16372.49;11280.08;5092.41;32430.701
2026-07-09T16:41:06.722709+02:00;standby;27.9;28.2;5.0;28.0;48.5;57.0;0;0;0;0;16372.49;11280.08;5092.41;32430.701
2026-07-09T16:42:07.177080+02:00;standby;27.9;28.2;5.0;28.0;48.5;57.0;0;0;0;0;16372.49;11280.08;5092.41;32430.701
2026-07-09T16:43:08.139529+02:00;standby;27.9;28.2;5.0;28.0;48.5;57.0;0;0;0;0;16372.49;11280.08;5092.41;32430.701
2026-07-09T16:44:08.584178+02:00;standby;27.9;28.2;5.0;28.0;48.4;57.0;0;0;0;0;16372.49;11280.08;5092.41;32430.701
2026-07-09T16:45:09.225483+02:00;standby;27.9;28.2;5.0;28.0;48.4;57.0;0;0;0;0;16372.49;11280.08;5092.41;32430.701
2026-07-09T16:46:10.009720+02:00;standby;27.9;28.2;5.0;28.0;48.4;57.0;0;0;0;0;16372.49;11280.08;5092.41;32430.701
2026-07-09T16:47:10.427189+02:00;standby;27.9;28.2;5.0;28.0;48.4;57.0;0;0;0;0;16372.49;11280.08;5092.41;32430.701
2026-07-09T16:48:11.352070+02:00;standby;27.9;28.2;5.0;28.0;48.4;57.0;0;0;0;0;16372.49;11280.08;5092.41;32430.701
2026-07-09T16:49:11.803347+02:00;standby;27.9;28.2;5.0;28.0;48.4;57.0;0;0;0;0;16372.49;11280.08;5092.41;32430.701
2026-07-09T16:50:12.281644+02:00;standby;27.9;28.2;5.0;28.0;48.4;57.0;0;0;0;0;16372.49;11280.08;5092.41;32430.701
2026-07-09T16:51:12.906139+02:00;standby;27.9;28.2;5.0;28.0;48.4;57.0;0;0;0;0;16372.49;11280.08;5092.41;32430.701
2026-07-09T16:52:13.492121+02:00;standby;27.9;28.2;5.0;28.0;48.4;57.0;0;0;0;0;16372.49;11280.08;5092.41;32430.701
2026-07-09T16:53:13.954919+02:00;standby;27.9;28.2;5.0;28.0;48.4;57.0;0;0;0;0;16372.49;11280.08;5092.41;32430.701
2026-07-09T16:54:14.601306+02:00;standby;27.9;28.2;5.0;28.0;48.2;57.0;0;0;0;0;16372.49;11280.08;5092.41;32430.701
2026-07-09T16:55:15.148361+02:00;standby;27.9;28.2;5.0;28.0;48.2;57.0;0;0;0;0;16372.49;11280.08;5092.41;32430.701
2026-07-09T16:56:15.750879+02:00;standby;27.9;28.2;5.0;28.0;48.2;57.0;0;0;0;0;16372.49;11280.08;5092.41;32430.701
2026-07-09T16:57:16.450414+02:00;standby;27.9;28.2;5.0;28.0;48.2;57.0;0;0;0;0;16372.49;11280.08;5092.41;32430.701
2026-07-09T16:58:17.173366+02:00;standby;27.9;28.2;5.0;28.0;48.2;57.0;0;0;0;0;16372.49;11280.08;5092.41;32430.701
2026-07-09T16:59:17.844908+02:00;standby;27.9;28.2;5.0;28.0;48.2;57.0;0;0;0;0;16372.49;11280.08;5092.41;32430.701
2026-07-09T17:00:18.398280+02:00;standby;27.9;28.2;5.0;28.0;48.2;57.0;0;0;0;0;16372.49;11280.08;5092.41;32430.701
2026-07-09T17:01:19.128358+02:00;standby;27.9;28.2;5.0;28.0;48.2;57.0;0;0;0;0;16372.49;11280.08;5092.41;32430.701
2026-07-09T17:02:20.057129+02:00;standby;27.9;28.2;5.0;28.0;48.2;57.0;0;0;0;0;16372.49;11280.08;5092.41;32430.701
2026-07-09T17:03:20.571447+02:00;standby;27.9;28.2;5.0;28.0;48.2;57.0;0;0;0;0;16372.49;11280.08;5092.41;32430.701
2026-07-09T17:04:21.397997+02:00;standby;27.9;28.2;5.0;28.0;48.2;57.0;0;0;0;0;16372.49;11280.08;5092.41;32430.701
2026-07-09T17:05:21.979351+02:00;standby;27.9;28.2;5.0;28.0;48.2;57.0;0;0;0;0;16372.49;11280.08;5092.41;32430.701
2026-07-09T17:06:22.436756+02:00;standby;27.9;28.2;5.0;28.0;48.1;57.0;0;0;0;0;16372.49;11280.08;5092.41;32430.701
2026-07-09T17:07:22.957071+02:00;standby;27.9;28.2;5.0;28.0;48.1;57.0;0;0;0;0;16372.49;11280.08;5092.41;32430.701
2026-07-09T17:08:23.384274+02:00;standby;27.9;28.2;5.0;28.0;48.1;57.0;0;0;0;0;16372.49;11280.08;5092.41;32430.701
2026-07-09T17:09:23.946784+02:00;standby;27.9;28.2;5.0;28.0;48.1;57.0;0;0;0;0;16372.49;11280.08;5092.41;32430.701
2026-07-09T17:10:24.428713+02:00;standby;27.9;28.2;5.0;28.0;48.1;57.0;0;0;0;0;16372.49;11280.08;5092.41;32430.701
2026-07-09T17:11:24.928616+02:00;standby;27.9;28.2;5.0;28.0;48.1;57.0;0;0;0;0;16372.49;11280.08;5092.41;32430.701
2026-07-09T17:12:25.410005+02:00;standby;28.3;28.2;5.0;28.0;48.1;57.0;0;0;0;0;16372.49;11280.08;5092.41;32430.701
2026-07-09T17:13:26.014972+02:00;standby;28.3;28.2;5.0;28.0;48.1;57.0;0;0;0;0;16372.49;11280.08;5092.41;32430.701
2026-07-09T17:14:26.449284+02:00;standby;28.3;28.2;5.0;28.0;48.1;57.0;0;0;0;0;16372.49;11280.08;5092.41;32430.701
2026-07-09T17:15:26.919887+02:00;standby;28.3;28.2;5.0;28.0;48.1;57.0;0;0;0;0;16372.49;11280.08;5092.41;32430.701
2026-07-09T17:16:27.746332+02:00;standby;28.3;28.2;5.0;28.0;48.1;57.0;0;0;0;0;16372.49;11280.08;5092.41;32430.701
2026-07-09T17:17:28.255552+02:00;standby;28.3;28.2;5.0;28.0;48.1;57.0;0;0;0;0;16372.49;11280.08;5092.41;32430.701
2026-07-09T17:18:28.705994+02:00;standby;28.3;28.2;5.0;28.0;48.1;57.0;0;0;0;0;16372.49;11280.08;5092.41;32430.701
2026-07-09T17:19:29.148320+02:00;standby;28.3;28.2;5.0;28.0;48.0;57.0;0;0;0;0;16372.49;11280.08;5092.41;32430.701
2026-07-09T17:20:29.711048+02:00;standby;28.3;28.2;5.0;28.0;48.0;57.0;0;0;0;0;16372.49;11280.08;5092.41;32430.701
2026-07-09T17:21:30.135119+02:00;standby;28.3;28.0;5.0;28.0;48.0;57.0;0;0;0;0;16372.49;11280.08;5092.41;32430.701
2026-07-09T17:22:30.752486+02:00;standby;28.3;28.0;5.0;28.0;48.0;57.0;0;0;0;0;16372.49;11280.08;5092.41;32430.701
2026-07-09T17:23:31.213383+02:00;standby;28.3;28.0;5.0;28.0;48.0;57.0;0;0;0;0;16372.49;11280.08;5092.41;32430.701
2026-07-09T17:24:31.620554+02:00;standby;28.3;28.0;5.0;28.0;48.0;57.0;0;0;0;0;16372.49;11280.08;5092.41;32430.701
2026-07-09T17:25:32.046221+02:00;standby;28.3;28.0;5.0;28.0;48.0;57.0;0;0;0;0;16372.49;11280.08;5092.41;32430.701
2026-07-09T17:26:32.536212+02:00;standby;28.3;28.0;5.0;28.0;48.0;57.0;0;0;0;0;16372.49;11280.08;5092.41;32430.701
2026-07-09T17:27:32.988862+02:00;standby;28.3;28.0;5.0;28.0;48.0;57.0;0;0;0;0;16372.49;11280.08;5092.41;32430.701
2026-07-09T17:28:33.614541+02:00;standby;28.3;28.0;5.0;28.0;48.0;57.0;0;0;0;0;16372.49;11280.08;5092.41;32430.701
2026-07-09T17:29:34.485352+02:00;standby;28.3;28.0;5.0;28.0;48.0;57.0;0;0;0;0;16372.49;11280.08;5092.41;32430.701
2026-07-09T17:30:35.002030+02:00;standby;28.3;28.0;5.0;28.0;47.9;57.0;0;0;0;0;16372.49;11280.08;5092.41;32430.701
2026-07-09T17:31:35.418811+02:00;standby;28.3;28.0;5.0;28.0;47.9;57.0;0;0;0;0;16372.49;11280.08;5092.41;32430.701
2026-07-09T17:32:35.847393+02:00;standby;28.3;28.0;5.0;28.0;47.9;57.0;0;0;0;0;16372.49;11280.08;5092.41;32430.701
2026-07-09T17:33:36.405764+02:00;standby;28.3;28.0;5.0;28.0;47.9;57.0;0;0;0;0;16372.49;11280.08;5092.41;32430.701
2026-07-09T17:34:37.082319+02:00;standby;28.3;28.0;5.0;28.0;47.9;57.0;0;0;0;0;16372.49;11280.08;5092.41;32430.701
2026-07-09T17:35:37.978632+02:00;standby;28.3;28.0;5.0;28.0;47.9;57.0;0;0;0;0;16372.49;11280.08;5092.41;32430.701
2026-07-09T17:36:38.444993+02:00;standby;28.3;28.0;5.0;28.0;47.9;57.0;0;0;0;0;16372.49;11280.08;5092.41;32430.701
2026-07-09T17:37:39.259441+02:00;standby;28.3;28.0;5.0;28.0;47.9;57.0;0;0;0;0;16372.49;11280.08;5092.41;32430.701
2026-07-09T17:38:39.777859+02:00;standby;28.3;28.0;5.0;28.0;47.9;57.0;0;0;0;0;16372.49;11280.08;5092.41;32430.701
2026-07-09T17:39:40.457336+02:00;standby;28.3;28.0;5.0;28.0;47.9;57.0;0;0;0;0;16372.49;11280.08;5092.41;32430.701
2026-07-09T17:40:41.182329+02:00;standby;28.3;28.0;5.0;28.0;47.9;57.0;0;0;0;0;16372.49;11280.08;5092.41;32430.701
2026-07-09T17:41:41.741458+02:00;standby;28.3;28.0;5.0;28.0;47.9;57.0;0;0;0;0;16372.49;11280.08;5092.41;32430.701
2026-07-09T17:42:42.162095+02:00;standby;28.3;28.0;5.0;28.0;47.8;57.0;0;0;0;0;16372.49;11280.08;5092.41;32430.701
2026-07-09T17:43:43.389979+02:00;standby;28.3;28.0;5.0;28.0;47.8;57.0;0;0;0;0;16372.49;11280.08;5092.41;32430.701
2026-07-09T17:44:44.642126+02:00;standby;28.3;28.0;5.0;28.0;47.8;57.0;0;0;0;0;16372.49;11280.08;5092.41;32430.701
2026-07-09T17:45:45.153899+02:00;standby;28.3;28.0;5.0;28.0;47.8;57.0;0;0;0;0;16372.49;11280.08;5092.41;32430.701
2026-07-09T17:46:46.081304+02:00;standby;28.3;28.0;5.0;28.0;47.8;57.0;0;0;0;0;16372.49;11280.08;5092.41;32430.701
2026-07-09T17:47:46.657203+02:00;standby;28.3;28.0;5.0;28.0;47.8;57.0;0;0;0;0;16372.49;11280.08;5092.41;32430.701
2026-07-09T17:48:47.429787+02:00;standby;28.3;28.0;5.0;28.0;47.8;57.0;0;0;0;0;16372.49;11280.08;5092.41;32430.701
2026-07-09T17:49:47.914656+02:00;standby;28.3;28.0;5.0;28.0;47.8;57.0;0;0;0;0;16372.49;11280.08;5092.41;32430.701
2026-07-09T17:50:48.578060+02:00;standby;28.3;28.0;5.0;28.0;47.8;57.0;0;0;0;0;16372.49;11280.08;5092.41;32430.701
2026-07-09T17:51:49.021947+02:00;standby;28.3;28.0;5.0;28.0;47.8;57.0;0;0;0;0;16372.49;11280.08;5092.41;32430.701
2026-07-09T17:52:49.516874+02:00;standby;28.3;28.0;5.0;28.0;47.8;57.0;0;0;0;0;16372.49;11280.08;5092.41;32430.701
2026-07-09T17:53:49.974395+02:00;standby;28.3;28.0;5.0;28.0;47.7;57.0;0;0;0;0;16372.49;11280.08;5092.41;32430.701
2026-07-09T17:54:50.454937+02:00;standby;28.3;28.0;5.0;28.0;47.7;57.0;0;0;0;0;16372.49;11280.08;5092.41;32430.701
2026-07-09T17:55:50.916948+02:00;standby;28.3;28.0;5.0;28.0;47.7;57.0;0;0;0;0;16372.49;11280.08;5092.41;32430.701
2026-07-09T17:56:51.329988+02:00;standby;28.3;28.0;5.0;28.0;47.7;57.0;0;0;0;0;16372.49;11280.08;5092.41;32430.701
2026-07-09T17:57:52.199243+02:00;standby;28.3;28.0;5.0;28.0;47.7;57.0;0;0;0;0;16372.49;11280.08;5092.41;32430.701
2026-07-09T17:58:52.676205+02:00;standby;28.3;28.0;5.0;28.0;47.7;57.0;0;0;0;0;16372.49;11280.08;5092.41;32430.701
2026-07-09T17:59:53.137245+02:00;standby;28.3;28.0;5.0;28.0;47.7;57.0;0;0;0;0;16372.49;11280.08;5092.41;32430.701
2026-07-09T18:00:53.866235+02:00;standby;28.3;28.0;5.0;28.0;47.7;57.0;0;0;0;0;16372.49;11280.08;5092.41;32430.701
2026-07-09T18:01:54.375631+02:00;standby;28.3;28.0;5.0;28.0;47.7;57.0;0;0;0;0;16372.49;11280.08;5092.41;32430.701
2026-07-09T18:02:55.000323+02:00;standby;28.3;28.0;5.0;28.0;47.7;57.0;0;0;0;0;16372.49;11280.08;5092.41;32430.701
2026-07-09T18:03:55.423615+02:00;standby;28.3;28.0;5.0;28.0;47.7;57.0;0;0;0;0;16372.49;11280.08;5092.41;32430.701
2026-07-09T18:04:56.212979+02:00;standby;28.3;28.0;5.0;28.0;47.6;57.0;0;0;0;0;16372.49;11280.08;5092.41;32430.701
2026-07-09T18:05:56.674810+02:00;standby;28.3;28.0;5.0;28.0;47.6;57.0;0;0;0;0;16372.49;11280.08;5092.41;32430.701
2026-07-09T18:06:57.244457+02:00;standby;28.3;28.0;5.0;28.0;47.6;57.0;0;0;0;0;16372.49;11280.08;5092.41;32430.701
2026-07-09T18:07:58.119543+02:00;standby;28.3;28.0;5.0;28.0;47.6;57.0;0;0;0;0;16372.49;11280.08;5092.41;32430.701
2026-07-09T18:08:58.843517+02:00;standby;28.3;28.0;5.0;28.0;47.6;57.0;0;0;0;0;16372.49;11280.08;5092.41;32430.701
2026-07-09T18:09:59.668364+02:00;standby;28.3;28.0;5.0;28.0;47.6;57.0;0;0;0;0;16372.49;11280.08;5092.41;32430.701
2026-07-09T18:11:00.230562+02:00;standby;28.3;28.0;5.0;28.0;47.6;57.0;0;0;0;0;16372.49;11280.08;5092.41;32430.701
2026-07-09T18:12:00.818711+02:00;standby;28.3;28.0;5.0;28.0;47.6;57.0;0;0;0;0;16372.49;11280.08;5092.41;32430.701
2026-07-09T18:13:01.386848+02:00;standby;28.0;28.0;5.0;28.0;47.6;57.0;0;0;0;0;16372.49;11280.08;5092.41;32430.701
2026-07-09T18:14:01.888486+02:00;standby;28.0;28.0;5.0;28.0;47.5;57.0;0;0;0;0;16372.49;11280.08;5092.41;32430.701
2026-07-09T18:15:02.353133+02:00;standby;28.0;28.0;5.0;28.0;47.6;57.0;0;0;0;0;16372.49;11280.08;5092.41;32430.701
2026-07-09T18:16:02.792597+02:00;standby;28.0;28.0;5.0;28.0;47.5;57.0;0;0;0;0;16372.49;11280.08;5092.41;32430.701
2026-07-09T18:17:03.242522+02:00;standby;28.0;27.9;5.0;28.0;47.5;57.0;0;0;0;0;16372.49;11280.08;5092.41;32430.701
2026-07-09T18:18:03.709219+02:00;standby;28.0;28.0;5.0;28.0;47.5;57.0;0;0;0;0;16372.49;11280.08;5092.41;32430.701
2026-07-09T18:19:04.121712+02:00;standby;28.0;27.9;5.0;28.0;47.5;57.0;0;0;0;0;16372.49;11280.08;5092.41;32430.701
2026-07-09T18:20:04.567778+02:00;standby;28.0;28.0;5.0;28.0;47.5;57.0;0;0;0;0;16372.49;11280.08;5092.41;32430.701
2026-07-09T18:21:05.077191+02:00;standby;28.0;27.9;5.0;28.0;47.5;57.0;0;0;0;0;16372.49;11280.08;5092.41;32430.701
2026-07-09T18:22:05.531006+02:00;standby;28.0;27.9;5.0;28.0;47.5;57.0;0;0;0;0;16372.49;11280.08;5092.41;32430.701
2026-07-09T18:23:06.271304+02:00;standby;28.0;27.9;5.0;28.0;47.5;57.0;0;0;0;0;16372.49;11280.08;5092.41;32430.701
2026-07-09T18:24:06.838722+02:00;standby;28.0;28.0;5.0;28.0;47.5;57.0;0;0;0;0;16372.49;11280.08;5092.41;32430.701
2026-07-09T18:25:07.310442+02:00;standby;28.0;27.9;5.0;28.0;47.5;57.0;0;0;0;0;16372.49;11280.08;5092.41;32430.701
2026-07-09T18:26:07.757380+02:00;standby;28.0;27.9;5.0;28.0;47.5;57.0;0;0;0;0;16372.49;11280.08;5092.41;32430.701
2026-07-09T18:27:08.282138+02:00;standby;28.0;27.9;5.0;28.0;47.4;57.0;0;0;0;0;16372.49;11280.08;5092.41;32430.701
2026-07-09T18:28:08.746976+02:00;standby;28.0;27.9;5.0;28.0;47.4;57.0;0;0;0;0;16372.49;11280.08;5092.41;32430.701
2026-07-09T18:29:09.180075+02:00;standby;28.0;27.9;5.0;28.0;47.4;57.0;0;0;0;0;16372.49;11280.08;5092.41;32430.701
2026-07-09T18:30:09.747868+02:00;standby;28.0;27.9;5.0;28.0;47.4;57.0;0;0;0;0;16372.49;11280.08;5092.41;32430.701
2026-07-09T18:31:10.219647+02:00;standby;28.0;27.9;5.0;28.0;47.4;57.0;0;0;0;0;16372.49;11280.08;5092.41;32430.701
2026-07-09T18:32:10.636828+02:00;standby;28.0;27.9;5.0;28.0;47.4;57.0;0;0;0;0;16372.49;11280.08;5092.41;32430.701
2026-07-09T18:33:11.192142+02:00;standby;28.0;27.9;5.0;28.0;47.4;57.0;0;0;0;0;16372.49;11280.08;5092.41;32430.701
2026-07-09T18:34:11.819005+02:00;standby;28.0;27.9;5.0;28.0;47.4;57.0;0;0;0;0;16372.49;11280.08;5092.41;32430.701
2026-07-09T18:35:12.198426+02:00;standby;28.0;27.9;5.0;28.0;47.4;57.0;0;0;0;0;16372.49;11280.08;5092.41;32430.701
2026-07-09T18:36:12.673128+02:00;standby;28.0;27.9;5.0;28.0;47.4;57.0;0;0;0;0;16372.49;11280.08;5092.41;32430.701
2026-07-09T18:37:13.848055+02:00;standby;28.0;27.9;5.0;28.0;47.4;57.0;0;0;0;0;16372.49;11280.08;5092.41;32430.701
2026-07-09T18:38:14.258021+02:00;standby;28.0;27.9;5.0;28.0;47.3;57.0;0;0;0;0;16372.49;11280.08;5092.41;32430.701
2026-07-09T18:39:14.667640+02:00;standby;28.0;27.9;5.0;28.0;47.3;57.0;0;0;0;0;16372.49;11280.08;5092.41;32430.701
2026-07-09T18:40:15.161737+02:00;standby;28.0;27.9;5.0;28.0;47.3;57.0;0;0;0;0;16372.49;11280.08;5092.41;32430.701
2026-07-09T18:41:15.980498+02:00;standby;28.0;27.9;5.0;28.0;47.3;57.0;0;0;0;0;16372.49;11280.08;5092.41;32430.701
2026-07-09T18:42:16.647409+02:00;standby;28.0;27.9;5.0;28.0;47.3;57.0;0;0;0;0;16372.49;11280.08;5092.41;32430.701
2026-07-09T18:43:17.303925+02:00;standby;28.0;27.9;5.0;28.0;47.3;57.0;0;0;0;0;16372.49;11280.08;5092.41;32430.701
2026-07-09T18:44:18.027403+02:00;standby;28.0;27.9;5.0;28.0;47.3;57.0;0;0;0;0;16372.49;11280.08;5092.41;32430.701
2026-07-09T18:45:18.517619+02:00;standby;28.0;27.9;5.0;28.0;47.3;57.0;0;0;0;0;16372.49;11280.08;5092.41;32430.701
2026-07-09T18:46:18.971028+02:00;standby;28.0;27.9;5.0;28.0;47.3;57.0;0;0;0;0;16372.49;11280.08;5092.41;32430.701
2026-07-09T18:47:19.485222+02:00;standby;28.0;27.9;5.0;28.0;47.3;57.0;0;0;0;0;16372.49;11280.08;5092.41;32430.701
2026-07-09T18:48:19.964689+02:00;standby;28.0;27.9;5.0;28.0;47.3;57.0;0;0;0;0;16372.49;11280.08;5092.41;32430.701
2026-07-09T18:49:20.469100+02:00;standby;28.0;27.9;5.0;28.0;47.2;57.0;0;0;0;0;16372.49;11280.08;5092.41;32430.701
2026-07-09T18:50:20.908060+02:00;standby;28.0;27.9;5.0;28.0;47.3;57.0;0;0;0;0;16372.49;11280.08;5092.41;32430.701
2026-07-09T18:51:21.623141+02:00;standby;28.0;27.9;5.0;28.0;47.2;57.0;0;0;0;0;16372.49;11280.08;5092.41;32430.701
2026-07-09T18:52:22.089315+02:00;standby;28.0;27.9;5.0;28.0;47.2;57.0;0;0;0;0;16372.49;11280.08;5092.41;32430.701
2026-07-09T18:53:22.570613+02:00;standby;28.0;27.9;5.0;28.0;47.2;57.0;0;0;0;0;16372.49;11280.08;5092.41;32430.701
2026-07-09T18:54:23.117648+02:00;standby;28.0;27.9;5.0;28.0;47.2;57.0;0;0;0;0;16372.49;11280.08;5092.41;32430.701
2026-07-09T18:55:23.699191+02:00;standby;28.0;27.9;5.0;28.0;47.2;57.0;0;0;0;0;16372.49;11280.08;5092.41;32430.701
2026-07-09T18:56:24.119461+02:00;standby;28.0;27.9;5.0;28.0;47.2;57.0;0;0;0;0;16372.49;11280.08;5092.41;32430.701
2026-07-09T18:57:24.772064+02:00;standby;28.0;27.9;5.0;28.0;47.2;57.0;0;0;0;0;16372.49;11280.08;5092.41;32430.701
2026-07-09T18:58:25.204558+02:00;standby;28.0;27.9;5.0;28.0;47.2;57.0;0;0;0;0;16372.49;11280.08;5092.41;32430.701
2026-07-09T18:59:25.680351+02:00;standby;28.0;27.9;5.0;28.0;47.2;57.0;0;0;0;0;16372.49;11280.08;5092.41;32430.701
2026-07-09T19:00:26.089910+02:00;standby;28.0;27.9;5.0;28.0;47.2;57.0;0;0;0;0;16372.49;11280.08;5092.41;32430.701
2026-07-09T19:01:26.716625+02:00;standby;28.0;27.9;5.0;28.0;47.2;57.0;0;0;0;0;16372.49;11280.08;5092.41;32430.701
2026-07-09T19:02:27.170386+02:00;standby;28.0;27.9;5.0;28.0;47.1;57.0;0;0;0;0;16372.49;11280.08;5092.41;32430.701
2026-07-09T19:03:27.587237+02:00;standby;28.0;27.9;5.0;28.0;47.1;57.0;0;0;0;0;16372.49;11280.08;5092.41;32430.701
2026-07-09T19:04:28.070624+02:00;standby;28.0;27.9;5.0;28.0;47.1;57.0;0;0;0;0;16372.49;11280.08;5092.41;32430.701
2026-07-09T19:05:28.660576+02:00;standby;28.0;27.9;5.0;28.0;47.1;57.0;0;0;0;0;16372.49;11280.08;5092.41;32430.701
2026-07-09T19:06:29.104003+02:00;standby;28.0;27.9;5.0;28.0;47.1;57.0;0;0;0;0;16372.49;11280.08;5092.41;32430.701
2026-07-09T19:07:29.556267+02:00;standby;28.0;27.9;5.0;28.0;47.1;57.0;0;0;0;0;16372.49;11280.08;5092.41;32430.701
2026-07-09T19:08:30.041366+02:00;standby;28.0;27.9;5.0;28.0;47.1;57.0;0;0;0;0;16372.49;11280.08;5092.41;32430.701
2026-07-09T19:09:30.521388+02:00;standby;28.0;27.9;5.0;28.0;47.1;57.0;0;0;0;0;16372.49;11280.08;5092.41;32430.701
2026-07-09T19:10:31.189045+02:00;standby;28.0;27.9;5.0;28.0;47.1;57.0;0;0;0;0;16372.49;11280.08;5092.41;32430.701
2026-07-09T19:11:31.591037+02:00;standby;28.0;27.9;5.0;28.0;47.1;57.0;0;0;0;0;16372.49;11280.08;5092.41;32430.701
2026-07-09T19:12:32.020413+02:00;standby;28.0;27.9;5.0;28.0;47.1;57.0;0;0;0;0;16372.49;11280.08;5092.41;32430.701
2026-07-09T19:13:32.426186+02:00;standby;27.9;27.9;5.0;28.0;47.1;57.0;0;0;0;0;16372.49;11280.08;5092.41;32430.701
2026-07-09T19:14:32.886809+02:00;standby;27.9;27.9;5.0;28.0;47.0;57.0;0;0;0;0;16372.49;11280.08;5092.41;32430.701
2026-07-09T19:15:33.299909+02:00;standby;27.9;27.9;5.0;28.0;47.0;57.0;0;0;0;0;16372.49;11280.08;5092.41;32430.701
2026-07-09T19:16:33.735148+02:00;standby;27.9;27.9;5.0;28.0;47.0;57.0;0;0;0;0;16372.49;11280.08;5092.41;32430.701
2026-07-09T19:17:34.177272+02:00;standby;27.9;27.9;5.0;28.0;47.0;57.0;0;0;0;0;16372.49;11280.08;5092.41;32430.701
2026-07-09T19:18:34.625877+02:00;standby;27.9;27.9;5.0;28.0;47.0;57.0;0;0;0;0;16372.49;11280.08;5092.41;32430.701
2026-07-09T19:19:35.035308+02:00;standby;27.9;27.9;5.0;28.0;47.0;57.0;0;0;0;0;16372.49;11280.08;5092.41;32430.701
2026-07-09T19:20:35.458250+02:00;standby;27.9;27.9;5.0;28.0;47.0;57.0;0;0;0;0;16372.49;11280.08;5092.41;32430.701
2026-07-09T19:21:35.870522+02:00;standby;27.9;27.9;5.0;28.0;47.0;57.0;0;0;0;0;16372.49;11280.08;5092.41;32430.701
2026-07-09T19:22:36.286764+02:00;standby;27.9;27.9;5.0;28.0;47.0;57.0;0;0;0;0;16372.49;11280.08;5092.41;32430.701
2026-07-09T19:23:36.855144+02:00;standby;27.9;27.9;5.0;28.0;47.0;57.0;0;0;0;0;16372.49;11280.08;5092.41;32430.701
2026-07-09T19:24:37.427280+02:00;standby;27.9;27.9;5.0;28.0;47.0;57.0;0;0;0;0;16372.49;11280.08;5092.41;32430.701
2026-07-09T19:25:38.082584+02:00;dhw;27.9;37.0;85.0;28.0;47.0;57.0;1;23;1;100;16372.53;11280.08;5092.45;32430.701
2026-07-09T19:25:48.550312+02:00;dhw;27.9;38.0;85.0;28.0;46.9;57.0;1;23;1;100;16372.53;11280.08;5092.46;32430.701
2026-07-09T19:25:59.281244+02:00;dhw;27.9;37.7;85.0;28.0;46.9;57.0;1;23;1;100;16372.55;11280.08;5092.47;32430.701
2026-07-09T19:26:09.845381+02:00;dhw;27.9;37.7;85.0;28.0;46.7;57.0;1;23;1;100;16372.56;11280.08;5092.48;32430.701
2026-07-09T19:26:20.600630+02:00;dhw;27.9;38.1;85.0;28.0;46.6;57.0;1;23;1;100;16372.57;11280.08;5092.49;32430.701
2026-07-09T19:26:31.133902+02:00;dhw;27.9;38.8;85.0;28.0;46.6;57.0;1;23;1;100;16372.58;11280.08;5092.5;32430.701
2026-07-09T19:26:41.699242+02:00;dhw;27.9;39.4;85.0;28.0;46.5;57.0;1;23;1;100;16372.59;11280.08;5092.51;32430.701
2026-07-09T19:26:52.332740+02:00;dhw;27.9;40.0;85.0;28.0;46.4;57.0;1;27;1;100;16372.6;11280.08;5092.52;32430.701
2026-07-09T19:27:02.981376+02:00;dhw;27.9;41.0;85.0;28.0;46.3;57.0;1;37;1;100;16372.61;11280.08;5092.53;32430.701
2026-07-09T19:27:13.517290+02:00;dhw;27.9;42.2;85.0;28.0;46.2;57.0;1;47;1;100;16372.62;11280.08;5092.54;32430.701
2026-07-09T19:27:24.185294+02:00;dhw;27.9;44.0;85.0;28.0;46.1;57.0;1;59;1;100;16372.64;11280.08;5092.57;32430.701
2026-07-09T19:27:34.838446+02:00;dhw;27.9;46.0;85.0;28.0;46.1;57.0;1;70;1;100;16372.67;11280.08;5092.59;32430.701
2026-07-09T19:27:45.338633+02:00;dhw;27.9;48.1;85.0;28.0;46.0;57.0;1;82;1;100;16372.7;11280.08;5092.62;32430.701
2026-07-09T19:27:56.038367+02:00;dhw;27.9;51.0;85.0;28.0;46.0;57.0;1;95;1;100;16372.74;11280.08;5092.67;32430.701
2026-07-09T19:28:06.939701+02:00;dhw;27.9;53.0;85.0;28.0;45.9;57.0;1;105;1;100;16372.78;11280.08;5092.7;32430.701
2026-07-09T19:28:17.528281+02:00;dhw;27.9;56.1;85.0;28.0;45.8;57.0;1;108;1;100;16372.83;11280.08;5092.75;32430.701
2026-07-09T19:28:28.041415+02:00;dhw;27.9;58.4;85.0;28.0;45.8;57.0;1;108;1;100;16372.88;11280.08;5092.8;32430.701
2026-07-09T19:28:38.550923+02:00;dhw;27.9;60.4;85.0;28.0;45.8;57.0;1;108;1;100;16372.92;11280.08;5092.84;32430.701
2026-07-09T19:28:49.377581+02:00;dhw;27.9;62.1;85.0;28.0;45.8;57.0;1;108;1;100;16372.97;11280.08;5092.89;32430.701
2026-07-09T19:28:59.929451+02:00;dhw;27.9;63.4;85.0;28.0;45.7;57.0;1;108;1;100;16373.0;11280.08;5092.93;32430.701
2026-07-09T19:29:10.478377+02:00;dhw;27.9;64.7;85.0;28.0;45.8;57.0;1;108;1;100;16373.05;11280.08;5092.97;32430.701
2026-07-09T19:29:20.985858+02:00;dhw;27.9;65.6;85.0;28.0;45.8;57.0;1;108;1;100;16373.09;11280.08;5093.01;32430.701
2026-07-09T19:29:31.683058+02:00;dhw;27.9;66.5;85.0;28.0;45.8;57.0;1;108;1;100;16373.13;11280.08;5093.05;32430.701
2026-07-09T19:29:42.242552+02:00;dhw;27.9;67.2;85.0;28.0;45.9;57.0;1;108;1;100;16373.17;11280.08;5093.09;32430.701
2026-07-09T19:29:52.872730+02:00;dhw;27.9;68.0;85.0;28.0;46.0;57.0;1;108;1;100;16373.22;11280.08;5093.14;32430.701
2026-07-09T19:30:03.406083+02:00;dhw;27.9;68.7;85.0;28.0;46.1;57.0;1;108;1;100;16373.25;11280.08;5093.18;32430.701
2026-07-09T19:30:14.164600+02:00;dhw;27.9;69.2;85.0;28.0;46.2;57.0;1;108;1;100;16373.3;11280.08;5093.22;32430.701
2026-07-09T19:30:24.774441+02:00;dhw;27.9;70.0;85.0;28.0;46.3;57.0;1;108;1;100;16373.36;11280.08;5093.29;32430.701
2026-07-09T19:30:35.373559+02:00;dhw;27.9;70.2;85.0;28.0;46.5;57.0;1;108;1;100;16373.38;11280.08;5093.3;32430.701
2026-07-09T19:30:45.953798+02:00;dhw;27.9;70.6;85.0;28.0;46.6;57.0;1;108;1;100;16373.42;11280.08;5093.35;32430.701
2026-07-09T19:30:56.822391+02:00;dhw;27.9;71.0;85.0;28.0;46.8;57.0;1;108;1;100;16373.47;11280.08;5093.39;32430.9
2026-07-09T19:31:07.273287+02:00;dhw;27.9;71.2;85.0;28.0;47.0;57.0;1;108;1;100;16373.51;11280.08;5093.43;32430.9
2026-07-09T19:31:18.479089+02:00;dhw;27.9;71.6;85.0;28.0;47.3;57.0;1;108;1;100;16373.55;11280.08;5093.47;32430.9
2026-07-09T19:31:29.598222+02:00;dhw;27.9;72.2;85.0;28.0;47.5;57.0;1;108;1;100;16373.63;11280.08;5093.55;32430.9
2026-07-09T19:31:40.180583+02:00;dhw;27.9;72.6;85.0;28.0;47.7;57.0;1;108;1;100;16373.67;11280.08;5093.6;32430.9
2026-07-09T19:31:50.846010+02:00;dhw;27.9;72.7;85.0;28.0;47.8;57.0;1;108;1;100;16373.72;11280.08;5093.64;32430.9
2026-07-09T19:32:01.345929+02:00;dhw;27.9;73.0;85.0;28.0;48.0;57.0;1;108;1;100;16373.76;11280.08;5093.68;32430.9
2026-07-09T19:32:12.092655+02:00;dhw;27.9;73.3;85.0;28.0;48.2;57.0;1;108;1;100;16373.8;11280.08;5093.72;32430.9
2026-07-09T19:32:22.545216+02:00;dhw;27.9;73.6;85.0;28.0;48.4;57.0;1;108;1;100;16373.84;11280.08;5093.77;32430.9
2026-07-09T19:32:33.334443+02:00;dhw;27.9;74.0;85.0;28.0;48.6;57.0;1;108;1;100;16373.9;11280.08;5093.83;32430.9
2026-07-09T19:32:43.914011+02:00;dhw;27.9;74.0;85.0;28.0;48.7;57.0;1;108;1;100;16373.92;11280.08;5093.85;32430.9
2026-07-09T19:32:54.418283+02:00;dhw;27.9;74.3;85.0;28.0;48.9;57.0;1;108;1;100;16373.97;11280.08;5093.89;32430.9
2026-07-09T19:33:04.929495+02:00;dhw;27.9;74.5;85.0;28.0;49.0;57.0;1;108;1;100;16374.01;11280.08;5093.93;32430.9
2026-07-09T19:33:15.380410+02:00;dhw;27.9;74.8;85.0;28.0;49.2;57.0;1;108;1;100;16374.05;11280.08;5093.97;32430.9
2026-07-09T19:33:25.926454+02:00;dhw;27.9;75.1;85.0;28.0;49.3;57.0;1;108;1;100;16374.1;11280.08;5094.02;32430.9
2026-07-09T19:33:36.436750+02:00;dhw;27.9;75.2;85.0;28.0;49.5;57.0;1;108;1;100;16374.14;11280.08;5094.06;32430.9
2026-07-09T19:33:47.377939+02:00;dhw;27.9;75.6;85.0;28.0;49.7;57.0;1;108;1;100;16374.22;11280.08;5094.14;32430.9
2026-07-09T19:33:58.188011+02:00;dhw;27.9;75.8;85.0;28.0;49.8;57.0;1;108;1;100;16374.26;11280.08;5094.18;32430.9
2026-07-09T19:34:08.863005+02:00;dhw;27.9;76.1;85.0;28.0;50.0;57.0;1;108;1;100;16374.31;11280.08;5094.23;32430.9
2026-07-09T19:34:19.485468+02:00;dhw;27.9;76.2;85.0;28.0;50.1;57.0;1;108;1;100;16374.34;11280.08;5094.27;32430.9
2026-07-09T19:34:30.031550+02:00;dhw;27.9;76.4;85.0;28.0;50.2;57.0;1;108;1;100;16374.39;11280.08;5094.31;32430.9
2026-07-09T19:34:40.713903+02:00;dhw;27.9;76.5;85.0;28.0;50.4;57.0;1;108;1;100;16374.43;11280.08;5094.35;32430.9
2026-07-09T19:34:51.226865+02:00;dhw;27.9;76.8;85.0;28.0;50.5;57.0;1;108;1;100;16374.47;11280.08;5094.39;32430.9
2026-07-09T19:35:01.982060+02:00;dhw;27.9;77.0;85.0;28.0;50.6;57.0;1;108;1;100;16374.51;11280.08;5094.43;32431.0
2026-07-09T19:35:12.590979+02:00;dhw;27.9;77.1;85.0;28.0;50.8;57.0;1;108;1;100;16374.55;11280.08;5094.48;32431.0
2026-07-09T19:35:23.591838+02:00;dhw;27.9;77.4;85.0;28.0;50.9;57.0;1;108;1;100;16374.6;11280.08;5094.52;32431.0
2026-07-09T19:35:34.141722+02:00;dhw;27.9;77.6;85.0;28.0;51.2;57.0;1;108;1;100;16374.64;11280.08;5094.56;32431.0
2026-07-09T19:35:44.915423+02:00;dhw;27.9;77.7;85.0;28.0;51.3;57.0;1;108;1;100;16374.68;11280.08;5094.6;32431.0
2026-07-09T19:35:55.478633+02:00;dhw;27.9;78.0;85.0;28.0;51.4;57.0;1;108;1;100;16374.72;11280.08;5094.64;32431.0
2026-07-09T19:36:06.009026+02:00;dhw;27.9;78.2;85.0;28.0;51.6;57.0;1;108;1;100;16374.76;11280.08;5094.68;32431.0
2026-07-09T19:36:16.596302+02:00;dhw;27.9;78.3;85.0;28.0;51.7;57.0;1;108;1;100;16374.8;11280.08;5094.73;32431.0
2026-07-09T19:36:27.179965+02:00;dhw;27.9;78.6;85.0;28.0;52.0;57.0;1;108;1;100;16374.89;11280.08;5094.81;32431.0
2026-07-09T19:36:37.787095+02:00;dhw;27.9;78.8;85.0;28.0;52.2;57.0;1;108;1;100;16374.93;11280.08;5094.85;32431.0
2026-07-09T19:36:48.523355+02:00;dhw;27.9;79.0;85.0;28.0;52.4;57.0;1;108;1;100;16374.97;11280.08;5094.89;32431.0
2026-07-09T19:36:59.231073+02:00;dhw;27.9;79.3;85.0;28.0;52.5;57.0;1;108;1;100;16375.01;11280.08;5094.94;32431.0
2026-07-09T19:37:09.805850+02:00;dhw;27.9;79.5;85.0;28.0;52.7;57.0;1;108;1;100;16375.06;11280.08;5094.98;32431.0
2026-07-09T19:37:20.365541+02:00;dhw;27.9;79.6;85.0;28.0;52.8;57.0;1;108;1;100;16375.1;11280.08;5095.02;32431.0
2026-07-09T19:37:30.980461+02:00;dhw;27.9;79.8;85.0;28.0;53.1;57.0;1;108;1;100;16375.14;11280.08;5095.06;32431.0
2026-07-09T19:37:41.516796+02:00;dhw;27.9;79.9;85.0;28.0;53.2;57.0;1;108;1;100;16375.18;11280.08;5095.1;32431.0
2026-07-09T19:37:52.213512+02:00;dhw;27.9;80.1;85.0;28.0;53.3;57.0;1;108;1;100;16375.22;11280.08;5095.14;32431.0
2026-07-09T19:38:03.031371+02:00;dhw;27.9;80.3;85.0;28.0;53.5;57.0;1;108;1;100;16375.26;11280.08;5095.19;32431.0
2026-07-09T19:38:13.644174+02:00;dhw;27.9;80.4;85.0;28.0;53.7;57.0;1;108;1;100;16375.31;11280.08;5095.23;32431.0
2026-07-09T19:38:24.273038+02:00;dhw;27.9;80.6;85.0;28.0;53.8;57.0;1;108;1;100;16375.35;11280.08;5095.27;32431.0
2026-07-09T19:38:34.865768+02:00;dhw;27.9;80.7;85.0;28.0;54.0;57.0;1;108;1;100;16375.39;11280.08;5095.31;32431.0
2026-07-09T19:38:45.592773+02:00;dhw;27.9;81.1;85.0;28.0;54.2;57.0;1;108;1;100;16375.43;11280.08;5095.36;32431.0
2026-07-09T19:38:56.221951+02:00;dhw;27.9;81.2;85.0;28.0;54.5;57.0;1;108;1;100;16375.52;11280.08;5095.44;32431.0
2026-07-09T19:39:07.484811+02:00;dhw;27.9;81.5;85.0;28.0;54.7;57.0;1;108;1;100;16375.56;11280.08;5095.48;32431.1
2026-07-09T19:39:18.020032+02:00;dhw;27.9;81.7;85.0;28.0;54.9;57.0;1;108;1;100;16375.6;11280.08;5095.52;32431.1
2026-07-09T19:39:29.199662+02:00;dhw;27.9;81.7;85.0;28.0;55.2;57.0;1;108;1;100;16375.64;11280.08;5095.56;32431.1
2026-07-09T19:39:39.739740+02:00;dhw;27.9;82.0;85.0;28.0;55.3;57.0;1;108;1;100;16375.68;11280.08;5095.6;32431.1
2026-07-09T19:39:50.184090+02:00;dhw;27.9;82.0;85.0;28.0;55.5;57.0;1;108;1;100;16375.68;11280.08;5095.6;32431.1
2026-07-09T19:40:00.788799+02:00;dhw;27.9;82.4;85.0;28.0;55.8;57.0;1;108;1;100;16375.77;11280.08;5095.69;32431.1
2026-07-09T19:40:11.476282+02:00;dhw;27.9;82.5;85.0;28.0;56.0;57.0;1;108;1;100;16375.81;11280.08;5095.73;32431.1
2026-07-09T19:40:22.133995+02:00;dhw;27.9;82.7;85.0;28.0;56.2;57.0;1;108;1;100;16375.85;11280.08;5095.78;32431.1
2026-07-09T19:40:32.776751+02:00;dhw;27.9;83.0;85.0;28.0;56.3;57.0;1;108;1;100;16375.91;11280.08;5095.83;32431.1
2026-07-09T19:40:43.483144+02:00;dhw;27.9;83.0;85.0;28.0;56.5;57.0;1;108;1;100;16375.93;11280.08;5095.86;32431.1
2026-07-09T19:40:54.233772+02:00;dhw;27.9;83.2;85.0;28.0;56.7;57.0;1;108;1;100;16375.97;11280.08;5095.9;32431.1
2026-07-09T19:41:05.134603+02:00;standby;27.9;83.7;85.0;28.0;56.8;57.0;0;0;1;100;16376.05;11280.08;5095.97;32431.1
2026-07-09T19:41:15.605480+02:00;standby;27.9;82.5;85.0;28.0;57.1;57.0;0;0;1;100;16376.05;11280.08;5095.97;32431.1
2026-07-09T19:41:26.023748+02:00;standby;27.9;81.1;85.0;28.0;57.6;57.0;0;0;1;10;16376.05;11280.08;5095.97;32431.1
2026-07-09T19:41:36.424783+02:00;standby;27.9;78.5;85.0;28.0;57.7;57.0;0;0;1;10;16376.05;11280.08;5095.97;32431.1
2026-07-09T19:41:46.935342+02:00;standby;27.9;76.2;85.0;28.0;57.9;57.0;0;0;1;10;16376.05;11280.08;5095.97;32431.1
2026-07-09T19:41:57.602251+02:00;standby;27.9;74.5;85.0;28.0;58.0;57.0;0;0;1;10;16376.05;11280.08;5095.97;32431.1
2026-07-09T19:42:58.085716+02:00;standby;27.9;67.2;5.0;28.0;58.8;57.0;0;0;1;10;16376.05;11280.08;5095.97;32431.1
2026-07-09T19:43:58.609113+02:00;standby;27.9;63.4;5.0;28.0;59.4;57.0;0;0;1;10;16376.05;11280.08;5095.97;32431.1
2026-07-09T19:44:59.330381+02:00;standby;27.9;63.7;5.0;28.0;59.7;57.0;0;0;0;0;16376.05;11280.08;5095.97;32431.1
2026-07-09T19:45:59.843031+02:00;standby;27.9;64.2;5.0;28.0;59.8;57.0;0;0;0;0;16376.05;11280.08;5095.97;32431.1
2026-07-09T19:47:00.599545+02:00;standby;27.9;64.4;5.0;28.0;59.9;57.0;0;0;0;0;16376.05;11280.08;5095.97;32431.1
2026-07-09T19:48:01.248569+02:00;standby;27.9;64.4;5.0;28.0;59.9;57.0;0;0;0;0;16376.05;11280.08;5095.97;32431.1
2026-07-09T19:49:01.956012+02:00;standby;27.9;64.4;5.0;28.0;60.0;57.0;0;0;0;0;16376.05;11280.08;5095.97;32431.1
2026-07-09T19:50:02.705276+02:00;standby;27.9;64.4;5.0;28.0;60.0;57.0;0;0;0;0;16376.05;11280.08;5095.97;32431.1
2026-07-09T19:51:03.378953+02:00;standby;27.9;64.3;5.0;28.0;60.0;57.0;0;0;0;0;16376.05;11280.08;5095.97;32431.1
2026-07-09T19:52:03.890030+02:00;standby;27.9;64.2;5.0;28.0;60.0;57.0;0;0;0;0;16376.05;11280.08;5095.97;32431.1
2026-07-09T19:53:04.356354+02:00;standby;27.9;64.2;5.0;28.0;60.0;57.0;0;0;0;0;16376.05;11280.08;5095.97;32431.1
2026-07-09T19:54:04.933908+02:00;standby;27.9;64.1;5.0;28.0;60.0;57.0;0;0;0;0;16376.05;11280.08;5095.97;32431.1
2026-07-09T19:55:06.203215+02:00;standby;27.9;63.8;5.0;28.0;60.0;57.0;0;0;0;0;16376.05;11280.08;5095.97;32431.1
2026-07-09T19:56:06.717168+02:00;standby;27.9;63.7;5.0;28.0;60.0;57.0;0;0;0;0;16376.05;11280.08;5095.97;32431.1
2026-07-09T19:57:07.190784+02:00;standby;27.9;63.6;5.0;28.0;59.9;57.0;0;0;0;0;16376.05;11280.08;5095.97;32431.1
2026-07-09T19:58:07.716786+02:00;standby;27.9;63.5;5.0;28.0;59.9;57.0;0;0;0;0;16376.05;11280.08;5095.97;32431.1
2026-07-09T19:59:08.450052+02:00;standby;27.9;63.4;5.0;28.0;59.9;57.0;0;0;0;0;16376.05;11280.08;5095.97;32431.1
2026-07-09T20:00:08.917683+02:00;standby;27.9;63.3;5.0;28.0;59.9;57.0;0;0;0;0;16376.05;11280.08;5095.97;32431.1
2026-07-09T20:01:09.375622+02:00;standby;27.9;63.1;5.0;28.0;59.9;57.0;0;0;0;0;16376.05;11280.08;5095.97;32431.1
2026-07-09T20:02:09.963142+02:00;standby;27.9;63.0;5.0;28.0;59.9;57.0;0;0;0;0;16376.05;11280.08;5095.97;32431.1
2026-07-09T20:03:10.501725+02:00;standby;27.9;62.9;5.0;28.0;59.9;57.0;0;0;0;0;16376.05;11280.08;5095.97;32431.1
2026-07-09T20:04:11.103599+02:00;standby;27.9;62.8;5.0;28.0;59.9;57.0;0;0;0;0;16376.05;11280.08;5095.97;32431.1
2026-07-09T20:05:11.759326+02:00;standby;27.9;62.6;5.0;28.0;59.9;57.0;0;0;0;0;16376.05;11280.08;5095.97;32431.1
2026-07-09T20:06:12.585635+02:00;standby;27.9;62.4;5.0;28.0;59.9;57.0;0;0;0;0;16376.05;11280.08;5095.97;32431.1
2026-07-09T20:07:13.072122+02:00;standby;27.9;62.3;5.0;28.0;59.9;57.0;0;0;0;0;16376.05;11280.08;5095.97;32431.1
2026-07-09T20:08:13.659623+02:00;standby;27.9;62.2;5.0;28.0;59.9;57.0;0;0;0;0;16376.05;11280.08;5095.97;32431.1
2026-07-09T20:09:14.256043+02:00;standby;27.9;62.1;5.0;28.0;59.8;57.0;0;0;0;0;16376.05;11280.08;5095.97;32431.1
2026-07-09T20:10:15.518371+02:00;standby;27.9;62.0;5.0;28.0;59.8;57.0;0;0;0;0;16376.05;11280.08;5095.97;32431.1
2026-07-09T20:11:16.063229+02:00;standby;27.9;61.7;5.0;28.0;59.8;57.0;0;0;0;0;16376.05;11280.08;5095.97;32431.1
2026-07-09T20:12:16.492204+02:00;standby;27.9;61.6;5.0;28.0;59.8;57.0;0;0;0;0;16376.05;11280.08;5095.97;32431.1
2026-07-09T20:13:16.959458+02:00;standby;27.9;61.5;5.0;28.0;59.8;57.0;0;0;0;0;16376.05;11280.08;5095.97;32431.1
2026-07-09T20:14:17.635824+02:00;standby;27.8;61.4;5.0;28.0;59.8;57.0;0;0;0;0;16376.05;11280.08;5095.97;32431.1
2026-07-09T20:15:18.502366+02:00;standby;27.8;61.3;5.0;28.0;59.8;57.0;0;0;0;0;16376.05;11280.08;5095.97;32431.1
2026-07-09T20:16:18.984413+02:00;standby;27.8;61.0;5.0;28.0;59.8;57.0;0;0;0;0;16376.05;11280.08;5095.97;32431.1
2026-07-09T20:17:19.501956+02:00;standby;27.8;60.9;5.0;28.0;59.8;57.0;0;0;0;0;16376.05;11280.08;5095.97;32431.1
2026-07-09T20:18:20.161301+02:00;standby;27.8;60.8;5.0;28.0;59.8;57.0;0;0;0;0;16376.05;11280.08;5095.97;32431.1
2026-07-09T20:19:20.645864+02:00;standby;27.8;60.7;5.0;28.0;59.8;57.0;0;0;0;0;16376.05;11280.08;5095.97;32431.1
2026-07-09T20:20:21.296118+02:00;standby;27.8;60.6;5.0;28.0;59.8;57.0;0;0;0;0;16376.05;11280.08;5095.97;32431.1
2026-07-09T20:21:21.715505+02:00;standby;27.8;60.3;5.0;28.0;59.7;57.0;0;0;0;0;16376.05;11280.08;5095.97;32431.1
2026-07-09T20:22:22.337144+02:00;standby;27.8;60.2;5.0;28.0;59.7;57.0;0;0;0;0;16376.05;11280.08;5095.97;32431.1
2026-07-09T20:23:22.890103+02:00;standby;27.8;60.1;5.0;28.0;59.8;57.0;0;0;0;0;16376.05;11280.08;5095.97;32431.1
2026-07-09T20:24:23.335355+02:00;standby;27.8;59.9;5.0;28.0;59.7;57.0;0;0;0;0;16376.05;11280.08;5095.97;32431.1
2026-07-09T20:25:23.770296+02:00;standby;27.8;59.8;5.0;28.0;59.7;57.0;0;0;0;0;16376.05;11280.08;5095.97;32431.1
2026-07-09T20:26:24.186115+02:00;standby;27.8;59.7;5.0;28.0;59.7;57.0;0;0;0;0;16376.05;11280.08;5095.97;32431.1
2026-07-09T20:27:24.657119+02:00;standby;27.8;59.5;5.0;28.0;59.7;57.0;0;0;0;0;16376.05;11280.08;5095.97;32431.1
2026-07-09T20:28:25.125491+02:00;standby;27.8;59.3;5.0;28.0;59.7;57.0;0;0;0;0;16376.05;11280.08;5095.97;32431.1
2026-07-09T20:29:25.581881+02:00;standby;27.8;59.2;5.0;28.0;59.7;57.0;0;0;0;0;16376.05;11280.08;5095.97;32431.1
2026-07-09T20:30:26.302209+02:00;standby;27.8;59.1;5.0;28.0;59.7;57.0;0;0;0;0;16376.05;11280.08;5095.97;32431.1
2026-07-09T20:31:26.813738+02:00;standby;27.8;58.9;5.0;28.0;59.7;57.0;0;0;0;0;16376.05;11280.08;5095.97;32431.1
2026-07-09T20:32:27.308110+02:00;standby;27.8;58.7;5.0;28.0;59.7;57.0;0;0;0;0;16376.05;11280.08;5095.97;32431.1
2026-07-09T20:33:27.729326+02:00;standby;27.8;58.6;5.0;28.0;59.7;57.0;0;0;0;0;16376.05;11280.08;5095.97;32431.1
2026-07-09T20:34:28.136298+02:00;standby;27.8;58.5;5.0;28.0;59.7;57.0;0;0;0;0;16376.05;11280.08;5095.97;32431.1
2026-07-09T20:35:28.562640+02:00;standby;27.8;58.3;5.0;28.0;59.7;57.0;0;0;0;0;16376.05;11280.08;5095.97;32431.1
2026-07-09T20:36:28.975775+02:00;standby;27.8;58.2;5.0;28.0;59.6;57.0;0;0;0;0;16376.05;11280.08;5095.97;32431.1
2026-07-09T20:37:29.433195+02:00;standby;27.8;58.1;5.0;28.0;59.6;57.0;0;0;0;0;16376.05;11280.08;5095.97;32431.1
2026-07-09T20:38:29.917177+02:00;standby;27.8;57.8;5.0;28.0;59.7;57.0;0;0;0;0;16376.05;11280.08;5095.97;32431.1
2026-07-09T20:39:30.478958+02:00;standby;27.8;57.7;5.0;28.0;59.6;57.0;0;0;0;0;16376.05;11280.08;5095.97;32431.1
2026-07-09T20:40:30.993624+02:00;standby;27.8;57.6;5.0;28.0;59.6;57.0;0;0;0;0;16376.05;11280.08;5095.97;32431.1
2026-07-09T20:41:32.233435+02:00;standby;27.8;57.5;5.0;28.0;59.6;57.0;0;0;0;0;16376.05;11280.08;5095.97;32431.1
2026-07-09T20:42:32.814607+02:00;standby;27.8;57.3;5.0;28.0;59.6;57.0;0;0;0;0;16376.05;11280.08;5095.97;32431.1
2026-07-09T20:43:33.281885+02:00;standby;27.8;57.2;5.0;28.0;59.6;57.0;0;0;0;0;16376.05;11280.08;5095.97;32431.1
2026-07-09T20:44:33.791345+02:00;standby;27.8;57.0;5.0;28.0;59.6;57.0;0;0;0;0;16376.05;11280.08;5095.97;32431.1
2026-07-09T20:45:34.252045+02:00;standby;27.8;56.8;5.0;28.0;59.6;57.0;0;0;0;0;16376.05;11280.08;5095.97;32431.1
2026-07-09T20:46:34.836605+02:00;standby;27.8;56.7;5.0;28.0;59.6;57.0;0;0;0;0;16376.05;11280.08;5095.97;32431.1
2026-07-09T20:47:35.287940+02:00;standby;27.8;56.6;5.0;28.0;59.6;57.0;0;0;0;0;16376.05;11280.08;5095.97;32431.1
2026-07-09T20:48:35.795208+02:00;standby;27.8;56.5;5.0;28.0;59.6;57.0;0;0;0;0;16376.05;11280.08;5095.97;32431.1
2026-07-09T20:49:36.278350+02:00;standby;27.8;56.2;5.0;28.0;59.6;57.0;0;0;0;0;16376.05;11280.08;5095.97;32431.1
2026-07-09T20:50:36.793926+02:00;standby;27.8;56.1;5.0;28.0;59.5;57.0;0;0;0;0;16376.05;11280.08;5095.97;32431.1
2026-07-09T20:51:37.288481+02:00;standby;27.8;56.0;5.0;28.0;59.5;57.0;0;0;0;0;16376.05;11280.08;5095.97;32431.1
2026-07-09T20:52:37.769297+02:00;standby;27.8;55.9;5.0;28.0;59.5;57.0;0;0;0;0;16376.05;11280.08;5095.97;32431.1
2026-07-09T20:53:38.224691+02:00;standby;27.8;55.8;5.0;28.0;59.5;57.0;0;0;0;0;16376.05;11280.08;5095.97;32431.1
2026-07-09T20:54:38.721159+02:00;standby;27.8;55.6;5.0;28.0;59.5;57.0;0;0;0;0;16376.05;11280.08;5095.97;32431.1
2026-07-09T20:55:39.184237+02:00;standby;27.8;55.5;5.0;28.0;59.5;57.0;0;0;0;0;16376.05;11280.08;5095.97;32431.1
2026-07-09T20:56:39.722582+02:00;standby;27.8;55.3;5.0;28.0;59.5;57.0;0;0;0;0;16376.05;11280.08;5095.97;32431.1
2026-07-09T20:57:40.173234+02:00;standby;27.8;55.1;5.0;28.0;59.5;57.0;0;0;0;0;16376.05;11280.08;5095.97;32431.1
2026-07-09T20:58:40.646010+02:00;standby;27.8;55.0;5.0;28.0;59.5;57.0;0;0;0;0;16376.05;11280.08;5095.97;32431.1
2026-07-09T20:59:41.270438+02:00;standby;27.8;54.9;5.0;28.0;59.5;57.0;0;0;0;0;16376.05;11280.08;5095.97;32431.1
2026-07-09T21:00:41.814990+02:00;standby;27.8;54.8;5.0;28.0;59.5;57.0;0;0;0;0;16376.05;11280.08;5095.97;32431.1
2026-07-09T21:01:42.280491+02:00;standby;27.8;54.7;5.0;28.0;59.5;57.0;0;0;0;0;16376.05;11280.08;5095.97;32431.1
2026-07-09T21:02:43.052216+02:00;standby;27.8;54.6;5.0;28.0;59.5;57.0;0;0;0;0;16376.05;11280.08;5095.97;32431.1
2026-07-09T21:03:43.541594+02:00;standby;27.8;54.3;5.0;28.0;59.5;57.0;0;0;0;0;16376.05;11280.08;5095.97;32431.1
2026-07-09T21:04:44.031175+02:00;standby;27.8;54.2;5.0;28.0;59.5;57.0;0;0;0;0;16376.05;11280.08;5095.97;32431.1
2026-07-09T21:05:44.903330+02:00;standby;27.8;54.1;5.0;28.0;59.4;57.0;0;0;0;0;16376.05;11280.08;5095.97;32431.1
2026-07-09T21:06:45.450240+02:00;standby;27.8;54.0;5.0;28.0;59.4;57.0;0;0;0;0;16376.05;11280.08;5095.97;32431.1
2026-07-09T21:07:46.094123+02:00;standby;27.8;53.9;5.0;28.0;59.4;57.0;0;0;0;0;16376.05;11280.08;5095.97;32431.1
2026-07-09T21:08:46.547621+02:00;standby;27.8;53.7;5.0;28.0;59.4;57.0;0;0;0;0;16376.05;11280.08;5095.97;32431.1
2026-07-09T21:09:47.084961+02:00;standby;27.8;53.6;5.0;28.0;59.4;57.0;0;0;0;0;16376.05;11280.08;5095.97;32431.1
2026-07-09T21:10:47.604530+02:00;standby;27.8;53.4;5.0;28.0;59.4;57.0;0;0;0;0;16376.05;11280.08;5095.97;32431.1
2026-07-09T21:11:48.124837+02:00;standby;27.8;53.3;5.0;28.0;59.4;57.0;0;0;0;0;16376.05;11280.08;5095.97;32431.1
2026-07-09T21:12:48.628756+02:00;standby;27.8;53.2;5.0;28.0;59.4;57.0;0;0;0;0;16376.05;11280.08;5095.97;32431.1
2026-07-09T21:13:49.268828+02:00;standby;27.8;53.1;5.0;28.0;59.4;57.0;0;0;0;0;16376.05;11280.08;5095.97;32431.1
2026-07-09T21:14:49.805833+02:00;standby;26.3;53.0;5.0;28.0;59.4;57.0;0;0;0;0;16376.05;11280.08;5095.97;32431.1
2026-07-09T21:15:50.309857+02:00;standby;26.3;52.9;5.0;28.0;59.4;57.0;0;0;0;0;16376.05;11280.08;5095.97;32431.1
2026-07-09T21:16:50.877080+02:00;standby;26.3;52.8;5.0;28.0;59.4;57.0;0;0;0;0;16376.05;11280.08;5095.97;32431.1
2026-07-09T21:17:51.350424+02:00;standby;26.3;52.6;5.0;28.0;59.4;57.0;0;0;0;0;16376.05;11280.08;5095.97;32431.1
2026-07-09T21:18:51.865875+02:00;standby;26.3;52.4;5.0;28.0;59.3;57.0;0;0;0;0;16376.05;11280.08;5095.97;32431.1
2026-07-09T21:19:52.437236+02:00;standby;26.3;52.3;5.0;28.0;59.3;57.0;0;0;0;0;16376.05;11280.08;5095.97;32431.1
2026-07-09T21:20:53.329163+02:00;standby;26.3;52.2;5.0;28.0;59.3;57.0;0;0;0;0;16376.05;11280.08;5095.97;32431.1
2026-07-09T21:21:54.143961+02:00;standby;26.3;52.1;5.0;28.0;59.3;57.0;0;0;0;0;16376.05;11280.08;5095.97;32431.1
2026-07-09T21:22:54.659237+02:00;standby;26.3;52.0;5.0;28.0;59.3;57.0;0;0;0;0;16376.05;11280.08;5095.97;32431.1
2026-07-09T21:23:55.201296+02:00;standby;26.3;51.9;5.0;28.0;59.3;57.0;0;0;0;0;16376.05;11280.08;5095.97;32431.1
2026-07-09T21:24:55.633178+02:00;standby;26.3;51.8;5.0;28.0;59.3;57.0;0;0;0;0;16376.05;11280.08;5095.97;32431.1
2026-07-09T21:25:56.160311+02:00;standby;26.3;51.7;5.0;28.0;59.3;57.0;0;0;0;0;16376.05;11280.08;5095.97;32431.1
2026-07-09T21:26:56.590926+02:00;standby;26.3;51.6;5.0;28.0;59.3;57.0;0;0;0;0;16376.05;11280.08;5095.97;32431.1
2026-07-09T21:27:57.005596+02:00;standby;26.3;51.4;5.0;28.0;59.3;57.0;0;0;0;0;16376.05;11280.08;5095.97;32431.1
2026-07-09T21:28:57.420277+02:00;standby;26.3;51.3;5.0;28.0;59.3;57.0;0;0;0;0;16376.05;11280.08;5095.97;32431.1
2026-07-09T21:29:57.839661+02:00;standby;26.3;51.2;5.0;28.0;59.3;57.0;0;0;0;0;16376.05;11280.08;5095.97;32431.1
2026-07-09T21:30:58.298946+02:00;standby;26.3;51.1;5.0;28.0;59.3;57.0;0;0;0;0;16376.05;11280.08;5095.97;32431.1
2026-07-09T21:31:58.847029+02:00;standby;26.3;50.9;5.0;28.0;59.3;57.0;0;0;0;0;16376.05;11280.08;5095.97;32431.1
2026-07-09T21:32:59.285641+02:00;standby;26.3;50.8;5.0;28.0;59.3;57.0;0;0;0;0;16376.05;11280.08;5095.97;32431.1
2026-07-09T21:33:59.713778+02:00;standby;26.3;50.8;5.0;28.0;59.3;57.0;0;0;0;0;16376.05;11280.08;5095.97;32431.1
2026-07-09T21:35:00.170314+02:00;standby;26.3;50.6;5.0;28.0;59.2;57.0;0;0;0;0;16376.05;11280.08;5095.97;32431.1
2026-07-09T21:36:00.686539+02:00;standby;26.3;50.4;5.0;28.0;59.2;57.0;0;0;0;0;16376.05;11280.08;5095.97;32431.1
2026-07-09T21:37:01.174411+02:00;standby;26.3;50.3;5.0;28.0;59.2;57.0;0;0;0;0;16376.05;11280.08;5095.97;32431.1
2026-07-09T21:38:01.647957+02:00;standby;26.3;50.2;5.0;28.0;59.2;57.0;0;0;0;0;16376.05;11280.08;5095.97;32431.1
2026-07-09T21:39:02.372066+02:00;standby;26.3;50.2;5.0;28.0;59.2;57.0;0;0;0;0;16376.05;11280.08;5095.97;32431.1
2026-07-09T21:40:02.888913+02:00;standby;26.3;50.1;5.0;28.0;59.2;57.0;0;0;0;0;16376.05;11280.08;5095.97;32431.1
2026-07-09T21:41:03.355138+02:00;standby;26.3;50.0;5.0;28.0;59.2;57.0;0;0;0;0;16376.05;11280.08;5095.97;32431.1
2026-07-09T21:42:03.828158+02:00;standby;26.3;49.9;5.0;28.0;59.2;57.0;0;0;0;0;16376.05;11280.08;5095.97;32431.1
2026-07-09T21:43:04.424763+02:00;standby;26.3;49.8;5.0;28.0;59.2;57.0;0;0;0;0;16376.05;11280.08;5095.97;32431.1
2026-07-09T21:44:05.013330+02:00;standby;26.3;49.7;5.0;28.0;59.2;57.0;0;0;0;0;16376.05;11280.08;5095.97;32431.1
2026-07-09T21:45:05.567148+02:00;standby;26.3;49.5;5.0;28.0;59.2;57.0;0;0;0;0;16376.05;11280.08;5095.97;32431.1
2026-07-09T21:46:05.997798+02:00;standby;26.3;49.4;5.0;28.0;59.2;57.0;0;0;0;0;16376.05;11280.08;5095.97;32431.1
2026-07-09T21:47:06.471329+02:00;standby;26.3;49.3;5.0;28.0;59.2;57.0;0;0;0;0;16376.05;11280.08;5095.97;32431.1
2026-07-09T21:48:06.893005+02:00;standby;26.3;49.2;5.0;28.0;59.2;57.0;0;0;0;0;16376.05;11280.08;5095.97;32431.1
2026-07-09T21:49:07.339242+02:00;standby;26.3;49.1;5.0;28.0;59.1;57.0;0;0;0;0;16376.05;11280.08;5095.97;32431.1
2026-07-09T21:50:08.066453+02:00;standby;26.3;49.0;5.0;28.0;59.1;57.0;0;0;0;0;16376.05;11280.08;5095.97;32431.1
2026-07-09T21:51:08.540779+02:00;standby;26.3;48.9;5.0;28.0;59.1;57.0;0;0;0;0;16376.05;11280.08;5095.97;32431.1
2026-07-09T21:52:09.003699+02:00;standby;26.3;48.7;5.0;28.0;59.1;57.0;0;0;0;0;16376.05;11280.08;5095.97;32431.1
2026-07-09T21:53:09.479381+02:00;standby;26.3;48.6;5.0;28.0;59.1;57.0;0;0;0;0;16376.05;11280.08;5095.97;32431.1
2026-07-09T21:54:09.900430+02:00;standby;26.3;48.6;5.0;28.0;59.1;57.0;0;0;0;0;16376.05;11280.08;5095.97;32431.1
2026-07-09T21:55:10.364352+02:00;standby;26.3;48.5;5.0;28.0;59.1;57.0;0;0;0;0;16376.05;11280.08;5095.97;32431.1
2026-07-09T21:56:10.901967+02:00;standby;26.3;48.4;5.0;28.0;59.1;57.0;0;0;0;0;16376.05;11280.08;5095.97;32431.1
2026-07-09T21:57:11.493054+02:00;standby;26.3;48.3;5.0;28.0;59.1;57.0;0;0;0;0;16376.05;11280.08;5095.97;32431.1
2026-07-09T21:58:11.987031+02:00;standby;26.3;48.2;5.0;28.0;59.1;57.0;0;0;0;0;16376.05;11280.08;5095.97;32431.1
2026-07-09T21:59:12.480427+02:00;standby;26.3;48.1;5.0;28.0;59.1;57.0;0;0;0;0;16376.05;11280.08;5095.97;32431.1
2026-07-09T22:00:12.927591+02:00;standby;26.3;48.0;5.0;28.0;59.1;57.0;0;0;0;0;16376.05;11280.08;5095.97;32431.1
2026-07-09T22:01:13.387715+02:00;standby;26.3;47.8;5.0;28.0;59.1;57.0;0;0;0;0;16376.05;11280.08;5095.97;32431.1
2026-07-09T22:02:13.892902+02:00;standby;26.3;47.7;5.0;28.0;59.1;57.0;0;0;0;0;16376.05;11280.08;5095.97;32431.1
2026-07-09T22:03:14.395432+02:00;standby;26.3;47.7;5.0;28.0;58.9;57.0;0;0;0;0;16376.05;11280.08;5095.97;32431.1
2026-07-09T22:04:14.887938+02:00;standby;26.3;47.6;5.0;28.0;58.9;57.0;0;0;0;0;16376.05;11280.08;5095.97;32431.1
2026-07-09T22:05:15.350596+02:00;standby;26.3;47.5;5.0;28.0;58.9;57.0;0;0;0;0;16376.05;11280.08;5095.97;32431.1
2026-07-09T22:06:15.774231+02:00;standby;26.3;47.4;5.0;28.0;58.9;57.0;0;0;0;0;16376.05;11280.08;5095.97;32431.1
2026-07-09T22:07:16.231796+02:00;standby;26.3;47.3;5.0;28.0;58.9;57.0;0;0;0;0;16376.05;11280.08;5095.97;32431.1
2026-07-09T22:08:16.774190+02:00;standby;26.3;47.3;5.0;28.0;58.9;57.0;0;0;0;0;16376.05;11280.08;5095.97;32431.1
2026-07-09T22:09:17.371581+02:00;standby;26.3;47.2;5.0;28.0;58.9;57.0;0;0;0;0;16376.05;11280.08;5095.97;32431.1
2026-07-09T22:10:17.890834+02:00;standby;26.3;47.0;5.0;28.0;58.9;57.0;0;0;0;0;16376.05;11280.08;5095.97;32431.1
2026-07-09T22:11:18.406110+02:00;standby;26.3;46.9;5.0;28.0;58.9;57.0;0;0;0;0;16376.05;11280.08;5095.97;32431.1
2026-07-09T22:12:18.821856+02:00;standby;26.3;46.8;5.0;28.0;58.9;57.0;0;0;0;0;16376.05;11280.08;5095.97;32431.1
2026-07-09T22:13:19.343637+02:00;standby;26.3;46.8;5.0;28.0;58.9;57.0;0;0;0;0;16376.05;11280.08;5095.97;32431.1
2026-07-09T22:14:19.891160+02:00;standby;26.3;46.7;5.0;28.0;58.9;57.0;0;0;0;0;16376.05;11280.08;5095.97;32431.1
2026-07-09T22:15:20.628087+02:00;standby;24.4;46.6;5.0;28.0;58.9;57.0;0;0;0;0;16376.05;11280.08;5095.97;32431.1
2026-07-09T22:16:21.132465+02:00;standby;24.4;46.5;5.0;28.0;58.8;57.0;0;0;0;0;16376.05;11280.08;5095.97;32431.1
2026-07-09T22:17:21.565335+02:00;standby;24.4;46.4;5.0;28.0;58.8;57.0;0;0;0;0;16376.05;11280.08;5095.97;32431.1
2026-07-09T22:18:22.235095+02:00;standby;24.4;46.2;5.0;28.0;58.8;57.0;0;0;0;0;16376.05;11280.08;5095.97;32431.1
2026-07-09T22:19:22.650886+02:00;standby;24.4;46.2;5.0;28.0;58.8;57.0;0;0;0;0;16376.05;11280.08;5095.97;32431.1
2026-07-09T22:20:23.171808+02:00;standby;24.4;46.1;5.0;28.0;58.8;57.0;0;0;0;0;16376.05;11280.08;5095.97;32431.1
2026-07-09T22:21:23.642033+02:00;standby;24.4;46.0;5.0;28.0;58.8;57.0;0;0;0;0;16376.05;11280.08;5095.97;32431.1
2026-07-09T22:22:24.065882+02:00;standby;24.4;45.9;5.0;28.0;58.8;57.0;0;0;0;0;16376.05;11280.08;5095.97;32431.1
2026-07-09T22:23:24.513845+02:00;standby;24.4;45.9;5.0;28.0;58.8;57.0;0;0;0;0;16376.05;11280.08;5095.97;32431.1
2026-07-09T22:24:25.245177+02:00;standby;24.4;45.8;5.0;28.0;58.8;57.0;0;0;0;0;16376.05;11280.08;5095.97;32431.1
2026-07-09T22:25:25.783525+02:00;standby;24.4;45.7;5.0;28.0;58.8;57.0;0;0;0;0;16376.05;11280.08;5095.97;32431.1
2026-07-09T22:26:26.380906+02:00;standby;24.4;45.6;5.0;28.0;58.8;57.0;0;0;0;0;16376.05;11280.08;5095.97;32431.1
2026-07-09T22:27:26.810758+02:00;standby;24.4;45.6;5.0;28.0;58.8;57.0;0;0;0;0;16376.05;11280.08;5095.97;32431.1
2026-07-09T22:28:27.276170+02:00;standby;24.4;45.5;5.0;28.0;58.7;57.0;0;0;0;0;16376.05;11280.08;5095.97;32431.1
2026-07-09T22:29:27.700898+02:00;standby;24.4;45.3;5.0;28.0;58.7;57.0;0;0;0;0;16376.05;11280.08;5095.97;32431.1
2026-07-09T22:30:28.147626+02:00;standby;24.4;45.3;5.0;28.0;58.7;57.0;0;0;0;0;16376.05;11280.08;5095.97;32431.1
2026-07-09T22:31:28.721946+02:00;standby;24.4;45.2;5.0;28.0;58.7;57.0;0;0;0;0;16376.05;11280.08;5095.97;32431.1
2026-07-09T22:32:29.327991+02:00;standby;24.4;45.1;5.0;28.0;58.7;57.0;0;0;0;0;16376.05;11280.08;5095.97;32431.1
2026-07-09T22:33:29.774822+02:00;standby;24.4;45.0;5.0;28.0;58.7;57.0;0;0;0;0;16376.05;11280.08;5095.97;32431.1
2026-07-09T22:34:30.235034+02:00;standby;24.4;45.0;5.0;28.0;58.7;57.0;0;0;0;0;16376.05;11280.08;5095.97;32431.1
2026-07-09T22:35:30.693122+02:00;standby;24.4;44.9;5.0;28.0;58.7;57.0;0;0;0;0;16376.05;11280.08;5095.97;32431.1
2026-07-09T22:36:31.130844+02:00;standby;24.4;44.8;5.0;28.0;58.7;57.0;0;0;0;0;16376.05;11280.08;5095.97;32431.1
2026-07-09T22:37:31.587035+02:00;standby;24.4;44.8;5.0;28.0;58.7;57.0;0;0;0;0;16376.05;11280.08;5095.97;32431.1
2026-07-09T22:38:32.110565+02:00;standby;24.4;44.7;5.0;28.0;58.7;57.0;0;0;0;0;16376.05;11280.08;5095.97;32431.1
2026-07-09T22:39:33.171997+02:00;standby;24.4;44.5;5.0;28.0;58.7;57.0;0;0;0;0;16376.05;11280.08;5095.97;32431.1
2026-07-09T22:40:33.661894+02:00;standby;24.4;44.5;5.0;28.0;58.7;57.0;0;0;0;0;16376.05;11280.08;5095.97;32431.1
2026-07-09T22:41:34.176715+02:00;standby;24.4;44.4;5.0;28.0;58.6;57.0;0;0;0;0;16376.05;11280.08;5095.97;32431.1
2026-07-09T22:42:34.600777+02:00;standby;24.4;44.3;5.0;28.0;58.6;57.0;0;0;0;0;16376.05;11280.08;5095.97;32431.1
2026-07-09T22:43:35.118336+02:00;standby;24.4;44.2;5.0;28.0;58.6;57.0;0;0;0;0;16376.05;11280.08;5095.97;32431.1
2026-07-09T22:44:36.178661+02:00;standby;24.4;44.2;5.0;28.0;58.6;57.0;0;0;0;0;16376.05;11280.08;5095.97;32431.1
2026-07-09T22:45:36.630908+02:00;standby;24.4;44.1;5.0;28.0;58.6;57.0;0;0;0;0;16376.05;11280.08;5095.97;32431.1
2026-07-09T22:46:37.090829+02:00;standby;24.4;44.1;5.0;28.0;58.6;57.0;0;0;0;0;16376.05;11280.08;5095.97;32431.1
2026-07-09T22:47:37.568086+02:00;standby;24.4;44.0;5.0;28.0;58.6;57.0;0;0;0;0;16376.05;11280.08;5095.97;32431.1
2026-07-09T22:48:38.232714+02:00;standby;24.4;43.9;5.0;28.0;58.6;57.0;0;0;0;0;16376.05;11280.08;5095.97;32431.1
2026-07-09T22:49:38.707974+02:00;standby;24.4;43.9;5.0;28.0;58.6;57.0;0;0;0;0;16376.05;11280.08;5095.97;32431.1
2026-07-09T22:50:39.162414+02:00;standby;24.4;43.7;5.0;28.0;58.6;57.0;0;0;0;0;16376.05;11280.08;5095.97;32431.1
2026-07-09T22:51:39.581549+02:00;standby;24.4;43.6;5.0;28.0;58.6;57.0;0;0;0;0;16376.05;11280.08;5095.97;32431.1
2026-07-09T22:52:40.057659+02:00;standby;24.4;43.6;5.0;28.0;58.6;57.0;0;0;0;0;16376.05;11280.08;5095.97;32431.1
2026-07-09T22:53:40.632798+02:00;standby;24.4;43.5;5.0;28.0;58.6;57.0;0;0;0;0;16376.05;11280.08;5095.97;32431.1
2026-07-09T22:54:41.083434+02:00;standby;24.4;43.4;5.0;28.0;58.6;57.0;0;0;0;0;16376.05;11280.08;5095.97;32431.1
2026-07-09T22:55:41.666021+02:00;standby;24.4;43.4;5.0;28.0;58.5;57.0;0;0;0;0;16376.05;11280.08;5095.97;32431.1
2026-07-09T22:56:42.165510+02:00;standby;24.4;43.3;5.0;28.0;58.5;57.0;0;0;0;0;16376.05;11280.08;5095.97;32431.1
2026-07-09T22:57:42.829391+02:00;standby;24.4;43.2;5.0;28.0;58.5;57.0;0;0;0;0;16376.05;11280.08;5095.97;32431.1
2026-07-09T22:58:43.322056+02:00;standby;24.4;43.2;5.0;28.0;58.5;57.0;0;0;0;0;16376.05;11280.08;5095.97;32431.1
2026-07-09T22:59:43.856751+02:00;standby;24.4;43.1;5.0;28.0;58.5;57.0;0;0;0;0;16376.05;11280.08;5095.97;32431.1
2026-07-09T23:00:44.307077+02:00;standby;24.4;43.1;5.0;25.0;58.5;57.0;0;0;0;0;16376.05;11280.08;5095.97;32431.1
2026-07-09T23:01:44.978729+02:00;standby;24.4;43.0;5.0;25.0;58.5;57.0;0;0;0;0;16376.05;11280.08;5095.97;32431.1
2026-07-09T23:02:45.513352+02:00;standby;24.4;43.0;5.0;25.0;58.5;57.0;0;0;0;0;16376.05;11280.08;5095.97;32431.1
2026-07-09T23:03:46.006804+02:00;standby;24.4;42.8;5.0;25.0;58.5;57.0;0;0;0;0;16376.05;11280.08;5095.97;32431.1
2026-07-09T23:04:46.438422+02:00;standby;24.4;42.7;5.0;25.0;58.5;57.0;0;0;0;0;16376.05;11280.08;5095.97;32431.1
2026-07-09T23:05:46.958321+02:00;standby;24.4;42.7;5.0;25.0;58.5;57.0;0;0;0;0;16376.05;11280.08;5095.97;32431.1
2026-07-09T23:06:47.464710+02:00;standby;24.4;42.6;5.0;25.0;58.5;57.0;0;0;0;0;16376.05;11280.08;5095.97;32431.1
2026-07-09T23:07:48.087263+02:00;standby;24.4;42.6;5.0;25.0;58.5;57.0;0;0;0;0;16376.05;11280.08;5095.97;32431.1
2026-07-09T23:08:48.516597+02:00;standby;24.4;42.5;5.0;25.0;58.4;57.0;0;0;0;0;16376.05;11280.08;5095.97;32431.1
2026-07-09T23:09:49.024636+02:00;standby;24.4;42.4;5.0;25.0;58.4;57.0;0;0;0;0;16376.05;11280.08;5095.97;32431.1
2026-07-09T23:10:49.471572+02:00;standby;24.4;42.4;5.0;25.0;58.4;57.0;0;0;0;0;16376.05;11280.08;5095.97;32431.1
2026-07-09T23:11:49.929021+02:00;standby;24.4;42.3;5.0;25.0;58.4;57.0;0;0;0;0;16376.05;11280.08;5095.97;32431.1
2026-07-09T23:12:50.379995+02:00;standby;24.4;42.3;5.0;25.0;58.4;57.0;0;0;0;0;16376.05;11280.08;5095.97;32431.1
2026-07-09T23:13:50.899772+02:00;standby;24.4;42.2;5.0;25.0;58.4;57.0;0;0;0;0;16376.05;11280.08;5095.97;32431.1
2026-07-09T23:14:51.419978+02:00;standby;24.4;42.2;5.0;25.0;58.4;57.0;0;0;0;0;16376.05;11280.08;5095.97;32431.1
2026-07-09T23:15:51.938095+02:00;standby;23.1;42.0;5.0;25.0;58.4;57.0;0;0;0;0;16376.05;11280.08;5095.97;32431.1
2026-07-09T23:16:52.467022+02:00;standby;23.1;41.9;5.0;25.0;58.4;57.0;0;0;0;0;16376.05;11280.08;5095.97;32431.1
2026-07-09T23:17:52.927471+02:00;standby;23.1;41.9;5.0;25.0;58.4;57.0;0;0;0;0;16376.05;11280.08;5095.97;32431.1
2026-07-09T23:18:53.360545+02:00;standby;23.1;41.8;5.0;25.0;58.4;57.0;0;0;0;0;16376.05;11280.08;5095.97;32431.1
2026-07-09T23:19:54.232325+02:00;standby;23.1;41.8;5.0;25.0;58.4;57.0;0;0;0;0;16376.05;11280.08;5095.97;32431.1
2026-07-09T23:20:54.703074+02:00;standby;23.1;41.8;5.0;25.0;58.3;57.0;0;0;0;0;16376.05;11280.08;5095.97;32431.1
2026-07-09T23:21:55.155308+02:00;standby;23.1;41.7;5.0;25.0;58.4;57.0;0;0;0;0;16376.05;11280.08;5095.97;32431.1
2026-07-09T23:22:55.699018+02:00;standby;23.1;41.6;5.0;25.0;58.3;57.0;0;0;0;0;16376.05;11280.08;5095.97;32431.1
2026-07-09T23:23:56.468742+02:00;standby;23.1;41.6;5.0;25.0;58.3;57.0;0;0;0;0;16376.05;11280.08;5095.97;32431.1
2026-07-09T23:24:57.037259+02:00;standby;23.1;41.5;5.0;25.0;58.3;57.0;0;0;0;0;16376.05;11280.08;5095.97;32431.1
2026-07-09T23:25:57.504613+02:00;standby;23.1;41.5;5.0;25.0;58.3;57.0;0;0;0;0;16376.05;11280.08;5095.97;32431.1
2026-07-09T23:26:57.969495+02:00;standby;23.1;41.4;5.0;25.0;58.3;57.0;0;0;0;0;16376.05;11280.08;5095.97;32431.1
2026-07-09T23:27:58.926981+02:00;standby;23.1;41.4;5.0;25.0;58.3;57.0;0;0;0;0;16376.05;11280.08;5095.97;32431.1
2026-07-09T23:28:59.363104+02:00;standby;23.1;41.2;5.0;25.0;58.3;57.0;0;0;0;0;16376.05;11280.08;5095.97;32431.1
2026-07-09T23:29:59.852886+02:00;standby;23.1;41.2;5.0;25.0;58.3;57.0;0;0;0;0;16376.05;11280.08;5095.97;32431.1
2026-07-09T23:31:00.349072+02:00;standby;23.1;41.1;5.0;25.0;58.3;57.0;0;0;0;0;16376.05;11280.08;5095.97;32431.1
2026-07-09T23:32:00.877439+02:00;standby;23.1;41.1;5.0;25.0;58.3;57.0;0;0;0;0;16376.05;11280.08;5095.97;32431.1
2026-07-09T23:33:01.345517+02:00;standby;23.1;41.0;5.0;25.0;58.3;57.0;0;0;0;0;16376.05;11280.08;5095.97;32431.1
2026-07-09T23:34:01.805442+02:00;standby;23.1;41.0;5.0;25.0;58.3;57.0;0;0;0;0;16376.05;11280.08;5095.97;32431.1
2026-07-09T23:35:02.369316+02:00;standby;23.1;40.9;5.0;25.0;58.2;57.0;0;0;0;0;16376.05;11280.08;5095.97;32431.1
2026-07-09T23:36:02.982791+02:00;standby;23.1;40.9;5.0;25.0;58.2;57.0;0;0;0;0;16376.05;11280.08;5095.97;32431.1
2026-07-09T23:37:03.573599+02:00;standby;23.1;40.8;5.0;25.0;58.2;57.0;0;0;0;0;16376.05;11280.08;5095.97;32431.1
2026-07-09T23:38:04.050225+02:00;standby;23.1;40.8;5.0;25.0;58.2;57.0;0;0;0;0;16376.05;11280.08;5095.97;32431.1
2026-07-09T23:39:04.773480+02:00;standby;23.1;40.7;5.0;25.0;58.2;57.0;0;0;0;0;16376.05;11280.08;5095.97;32431.1
2026-07-09T23:40:05.237704+02:00;standby;23.1;40.7;5.0;25.0;58.2;57.0;0;0;0;0;16376.05;11280.08;5095.97;32431.1
2026-07-09T23:41:05.704557+02:00;standby;23.1;40.6;5.0;25.0;58.2;57.0;0;0;0;0;16376.05;11280.08;5095.97;32431.1
2026-07-09T23:42:06.520940+02:00;standby;23.1;40.5;5.0;25.0;58.2;57.0;0;0;0;0;16376.05;11280.08;5095.97;32431.1
2026-07-09T23:43:06.995276+02:00;standby;23.1;40.5;5.0;25.0;58.1;57.0;0;0;0;0;16376.05;11280.08;5095.97;32431.1
2026-07-09T23:44:07.469832+02:00;standby;23.1;40.5;5.0;25.0;58.1;57.0;0;0;0;0;16376.05;11280.08;5095.97;32431.1
2026-07-09T23:45:07.947616+02:00;standby;23.1;40.3;5.0;25.0;58.1;57.0;0;0;0;0;16376.05;11280.08;5095.97;32431.1
2026-07-09T23:46:08.447209+02:00;standby;23.1;40.3;5.0;25.0;58.1;10.0;0;0;0;0;16376.05;11280.08;5095.97;32431.1
2026-07-09T23:47:09.107608+02:00;standby;23.1;40.2;5.0;25.0;58.1;10.0;0;0;0;0;16376.05;11280.08;5095.97;32431.1
2026-07-09T23:48:09.705368+02:00;standby;23.1;40.2;5.0;25.0;58.1;10.0;0;0;0;0;16376.05;11280.08;5095.97;32431.1
2026-07-09T23:49:10.450775+02:00;standby;23.1;40.1;5.0;25.0;58.1;10.0;0;0;0;0;16376.05;11280.08;5095.97;32431.1
2026-07-09T23:50:10.936301+02:00;standby;23.1;40.1;5.0;25.0;58.1;10.0;0;0;0;0;16376.05;11280.08;5095.97;32431.1
2026-07-09T23:51:11.591702+02:00;standby;23.1;40.0;5.0;25.0;58.1;10.0;0;0;0;0;16376.05;11280.08;5095.97;32431.1
2026-07-09T23:52:12.208389+02:00;standby;23.1;40.0;5.0;25.0;58.1;10.0;0;0;0;0;16376.05;11280.08;5095.97;32431.1
2026-07-09T23:53:12.695408+02:00;standby;23.1;40.0;5.0;25.0;58.0;10.0;0;0;0;0;16376.05;11280.08;5095.97;32431.1
2026-07-09T23:54:13.218352+02:00;standby;23.1;39.9;5.0;25.0;58.0;10.0;0;0;0;0;16376.05;11280.08;5095.97;32431.1
2026-07-09T23:55:13.784257+02:00;standby;23.1;39.9;5.0;25.0;58.0;10.0;0;0;0;0;16376.05;11280.08;5095.97;32431.1
2026-07-09T23:56:14.365544+02:00;standby;23.1;39.8;5.0;25.0;58.0;10.0;0;0;0;0;16376.05;11280.08;5095.97;32431.1
2026-07-09T23:57:15.397488+02:00;standby;23.1;39.8;5.0;25.0;58.0;10.0;0;0;0;0;16376.05;11280.08;5095.97;32431.1
2026-07-09T23:58:15.932216+02:00;standby;23.1;39.6;5.0;25.0;58.0;10.0;0;0;0;0;16376.05;11280.08;5095.97;32431.1
2026-07-09T23:59:16.534141+02:00;standby;23.1;39.6;5.0;25.0;58.0;10.0;0;0;0;0;16376.05;11280.08;5095.97;32431.1
2026-07-10T00:00:17.191728+02:00;standby;23.1;39.5;5.0;25.0;58.0;10.0;0;0;0;0;16376.05;11280.08;5095.97;32431.1
2026-07-10T00:01:17.668294+02:00;standby;23.1;39.5;5.0;25.0;58.0;10.0;0;0;0;0;16376.05;11280.08;5095.97;32431.1
2026-07-10T00:02:18.496082+02:00;standby;23.1;39.5;5.0;25.0;58.0;10.0;0;0;0;0;16376.05;11280.08;5095.97;32431.1
2026-07-10T00:03:19.024011+02:00;standby;23.1;39.4;5.0;25.0;58.0;10.0;0;0;0;0;16376.05;11280.08;5095.97;32431.1
2026-07-10T00:04:19.554082+02:00;standby;23.1;39.4;5.0;25.0;58.0;10.0;0;0;0;0;16376.05;11280.08;5095.97;32431.1
2026-07-10T00:05:20.055381+02:00;standby;23.1;39.3;5.0;25.0;57.9;10.0;0;0;0;0;16376.05;11280.08;5095.97;32431.1
2026-07-10T00:06:20.580206+02:00;standby;23.1;39.3;5.0;25.0;57.9;10.0;0;0;0;0;16376.05;11280.08;5095.97;32431.1
2026-07-10T00:07:21.092849+02:00;standby;23.1;39.1;5.0;25.0;58.0;10.0;0;0;0;0;16376.05;11280.08;5095.97;32431.1
2026-07-10T00:08:22.051522+02:00;standby;23.1;39.1;5.0;25.0;57.9;10.0;0;0;0;0;16376.05;11280.08;5095.97;32431.1
2026-07-10T00:09:22.598743+02:00;standby;23.1;39.0;5.0;25.0;57.9;10.0;0;0;0;0;16376.05;11280.08;5095.97;32431.1
2026-07-10T00:10:23.118620+02:00;standby;23.1;39.0;5.0;25.0;57.9;10.0;0;0;0;0;16376.05;11280.08;5095.97;32431.1
2026-07-10T00:11:23.581003+02:00;standby;23.1;39.0;5.0;25.0;57.9;10.0;0;0;0;0;16376.05;11280.08;5095.97;32431.1
2026-07-10T00:12:24.614823+02:00;standby;23.1;38.9;5.0;25.0;57.9;10.0;0;0;0;0;16376.05;11280.08;5095.97;32431.1
2026-07-10T00:13:25.137992+02:00;standby;23.1;38.9;5.0;25.0;57.9;10.0;0;0;0;0;16376.05;11280.08;5095.97;32431.1
2026-07-10T00:14:25.657299+02:00;standby;23.1;38.9;5.0;25.0;57.9;10.0;0;0;0;0;16376.05;11280.08;5095.97;32431.1
2026-07-10T00:15:26.284857+02:00;standby;23.1;38.8;5.0;25.0;57.9;10.0;0;0;0;0;16376.05;11280.08;5095.97;32431.1
2026-07-10T00:16:26.796290+02:00;standby;22.5;38.8;5.0;25.0;57.9;10.0;0;0;0;0;16376.05;11280.08;5095.97;32431.1
2026-07-10T00:17:27.319297+02:00;standby;22.5;38.6;5.0;25.0;57.9;10.0;0;0;0;0;16376.05;11280.08;5095.97;32431.1
2026-07-10T00:18:27.735048+02:00;standby;22.5;38.6;5.0;25.0;57.9;10.0;0;0;0;0;16376.05;11280.08;5095.97;32431.1
2026-07-10T00:19:28.252151+02:00;standby;22.5;38.6;5.0;25.0;57.8;10.0;0;0;0;0;16376.05;11280.08;5095.97;32431.1
2026-07-10T00:20:28.796736+02:00;standby;22.5;38.5;5.0;25.0;57.8;10.0;0;0;0;0;16376.05;11280.08;5095.97;32431.1
2026-07-10T00:21:29.294949+02:00;standby;22.5;38.5;5.0;25.0;57.8;10.0;0;0;0;0;16376.05;11280.08;5095.97;32431.1
2026-07-10T00:22:29.812156+02:00;standby;22.5;38.4;5.0;25.0;57.8;10.0;0;0;0;0;16376.05;11280.08;5095.97;32431.1
2026-07-10T00:23:30.537422+02:00;standby;22.5;38.4;5.0;25.0;57.8;10.0;0;0;0;0;16376.05;11280.08;5095.97;32431.1
2026-07-10T00:24:31.064098+02:00;standby;22.5;38.4;5.0;25.0;57.8;10.0;0;0;0;0;16376.05;11280.08;5095.97;32431.1
2026-07-10T00:25:31.673210+02:00;standby;22.5;38.3;5.0;25.0;57.8;10.0;0;0;0;0;16376.05;11280.08;5095.97;32431.1
2026-07-10T00:26:32.173238+02:00;standby;22.5;38.3;5.0;25.0;57.8;10.0;0;0;0;0;16376.05;11280.08;5095.97;32431.1
2026-07-10T00:27:32.824570+02:00;standby;22.5;38.1;5.0;25.0;57.8;10.0;0;0;0;0;16376.05;11280.08;5095.97;32431.1
2026-07-10T00:28:33.442909+02:00;standby;22.5;38.1;5.0;25.0;57.8;10.0;0;0;0;0;16376.05;11280.08;5095.97;32431.1
2026-07-10T00:29:33.939926+02:00;standby;22.5;38.1;5.0;25.0;57.8;10.0;0;0;0;0;16376.05;11280.08;5095.97;32431.1
2026-07-10T00:30:34.477440+02:00;standby;22.5;38.0;5.0;25.0;57.7;10.0;0;0;0;0;16376.05;11280.08;5095.97;32431.1
2026-07-10T00:31:35.012166+02:00;standby;22.5;38.0;5.0;25.0;57.7;10.0;0;0;0;0;16376.05;11280.08;5095.97;32431.1
2026-07-10T00:32:35.495405+02:00;standby;22.5;38.0;5.0;25.0;57.7;10.0;0;0;0;0;16376.05;11280.08;5095.97;32431.1
2026-07-10T00:33:35.933443+02:00;standby;22.5;37.9;5.0;25.0;57.7;10.0;0;0;0;0;16376.05;11280.08;5095.97;32431.1
2026-07-10T00:34:36.507573+02:00;standby;22.5;37.9;5.0;25.0;57.7;10.0;0;0;0;0;16376.05;11280.08;5095.97;32431.1
2026-07-10T00:35:37.304343+02:00;standby;22.5;37.9;5.0;25.0;57.7;10.0;0;0;0;0;16376.05;11280.08;5095.97;32431.1
2026-07-10T00:36:37.775913+02:00;standby;22.5;37.8;5.0;25.0;57.7;10.0;0;0;0;0;16376.05;11280.08;5095.97;32431.1
2026-07-10T00:37:38.334700+02:00;standby;22.5;37.8;5.0;25.0;57.7;10.0;0;0;0;0;16376.05;11280.08;5095.97;32431.1
2026-07-10T00:38:38.813661+02:00;standby;22.5;37.7;5.0;25.0;57.7;10.0;0;0;0;0;16376.05;11280.08;5095.97;32431.1
2026-07-10T00:39:39.254635+02:00;standby;22.5;37.7;5.0;25.0;57.7;10.0;0;0;0;0;16376.05;11280.08;5095.97;32431.1
2026-07-10T00:40:40.056713+02:00;standby;22.5;37.7;5.0;25.0;57.7;10.0;0;0;0;0;16376.05;11280.08;5095.97;32431.1
2026-07-10T00:41:40.581420+02:00;standby;22.5;37.5;5.0;25.0;57.7;10.0;0;0;0;0;16376.05;11280.08;5095.97;32431.1
2026-07-10T00:42:41.119595+02:00;standby;22.5;37.5;5.0;25.0;57.7;10.0;0;0;0;0;16376.05;11280.08;5095.97;32431.1
2026-07-10T00:43:41.622155+02:00;standby;22.5;37.5;5.0;25.0;57.7;10.0;0;0;0;0;16376.05;11280.08;5095.97;32431.1
2026-07-10T00:44:42.161091+02:00;standby;22.5;37.4;5.0;25.0;57.6;10.0;0;0;0;0;16376.05;11280.08;5095.97;32431.1
2026-07-10T00:45:43.092399+02:00;standby;22.5;37.4;5.0;25.0;57.6;10.0;0;0;0;0;16376.05;11280.08;5095.97;32431.1
2026-07-10T00:46:43.841129+02:00;standby;22.5;37.3;5.0;25.0;57.6;10.0;0;0;0;0;16376.05;11280.08;5095.97;32431.1
2026-07-10T00:47:44.536987+02:00;standby;22.5;37.3;5.0;25.0;57.6;10.0;0;0;0;0;16376.05;11280.08;5095.97;32431.1
2026-07-10T00:48:45.161148+02:00;standby;22.5;37.3;5.0;25.0;57.6;10.0;0;0;0;0;16376.05;11280.08;5095.97;32431.1
2026-07-10T00:49:45.761234+02:00;standby;22.5;37.3;5.0;25.0;57.6;10.0;0;0;0;0;16376.05;11280.08;5095.97;32431.1
2026-07-10T00:50:46.279616+02:00;standby;22.5;37.2;5.0;25.0;57.6;10.0;0;0;0;0;16376.05;11280.08;5095.97;32431.1
2026-07-10T00:51:46.760056+02:00;standby;22.5;37.2;5.0;25.0;57.6;10.0;0;0;0;0;16376.05;11280.08;5095.97;32431.1
2026-07-10T00:52:47.422514+02:00;standby;22.5;37.2;5.0;25.0;57.6;10.0;0;0;0;0;16376.05;11280.08;5095.97;32431.1
2026-07-10T00:53:47.908931+02:00;standby;22.5;37.0;5.0;25.0;57.6;10.0;0;0;0;0;16376.05;11280.08;5095.97;32431.1
2026-07-10T00:54:48.323987+02:00;standby;22.5;37.0;5.0;25.0;57.6;10.0;0;0;0;0;16376.05;11280.08;5095.97;32431.1
2026-07-10T00:55:49.009472+02:00;standby;22.5;37.0;5.0;25.0;57.5;10.0;0;0;0;0;16376.05;11280.08;5095.97;32431.1
2026-07-10T00:56:49.600639+02:00;standby;22.5;36.9;5.0;25.0;57.5;10.0;0;0;0;0;16376.05;11280.08;5095.97;32431.1
2026-07-10T00:57:50.118599+02:00;standby;22.5;36.9;5.0;25.0;57.5;10.0;0;0;0;0;16376.05;11280.08;5095.97;32431.1
2026-07-10T00:58:50.639253+02:00;standby;22.5;36.9;5.0;25.0;57.5;10.0;0;0;0;0;16376.05;11280.08;5095.97;32431.1
2026-07-10T00:59:51.590474+02:00;standby;22.5;36.8;5.0;25.0;57.5;10.0;0;0;0;0;16376.05;11280.08;5095.97;32431.1
2026-07-10T01:00:52.184010+02:00;standby;22.5;36.8;5.0;25.0;57.5;10.0;0;0;0;0;16376.05;11280.08;5095.97;32431.1
2026-07-10T01:01:52.674546+02:00;standby;22.5;36.8;5.0;25.0;57.5;10.0;0;0;0;0;16376.05;11280.08;5095.97;32431.1
2026-07-10T01:02:53.128565+02:00;standby;22.5;36.7;5.0;25.0;57.5;10.0;0;0;0;0;16376.05;11280.08;5095.97;32431.1
2026-07-10T01:03:53.641613+02:00;standby;22.5;36.7;5.0;25.0;57.5;10.0;0;0;0;0;16376.05;11280.08;5095.97;32431.1
2026-07-10T01:04:54.162881+02:00;standby;22.5;36.7;5.0;25.0;57.5;10.0;0;0;0;0;16376.05;11280.08;5095.97;32431.1
2026-07-10T01:05:54.685225+02:00;standby;22.5;36.5;5.0;25.0;57.4;10.0;0;0;0;0;16376.05;11280.08;5095.97;32431.1
2026-07-10T01:06:55.636739+02:00;standby;22.5;36.5;5.0;25.0;57.4;10.0;0;0;0;0;16376.05;11280.08;5095.97;32431.1
2026-07-10T01:07:56.231515+02:00;standby;22.5;36.5;5.0;25.0;57.4;10.0;0;0;0;0;16376.05;11280.08;5095.97;32431.1
2026-07-10T01:08:56.650988+02:00;standby;22.5;36.4;5.0;25.0;57.4;10.0;0;0;0;0;16376.05;11280.08;5095.97;32431.1
2026-07-10T01:09:57.073177+02:00;standby;22.5;36.4;5.0;25.0;57.4;10.0;0;0;0;0;16376.05;11280.08;5095.97;32431.1
2026-07-10T01:10:57.581722+02:00;standby;22.5;36.4;5.0;25.0;57.4;10.0;0;0;0;0;16376.05;11280.08;5095.97;32431.1
2026-07-10T01:11:58.236564+02:00;standby;22.5;36.4;5.0;25.0;57.4;10.0;0;0;0;0;16376.05;11280.08;5095.97;32431.1
2026-07-10T01:12:58.694154+02:00;standby;22.5;36.3;5.0;25.0;57.4;10.0;0;0;0;0;16376.05;11280.08;5095.97;32431.1
2026-07-10T01:13:59.611410+02:00;standby;22.5;36.3;5.0;25.0;57.4;10.0;0;0;0;0;16376.05;11280.08;5095.97;32431.1
2026-07-10T01:15:00.040987+02:00;standby;22.5;36.3;5.0;25.0;57.4;10.0;0;0;0;0;16376.05;11280.08;5095.97;32431.1
2026-07-10T01:16:00.513393+02:00;standby;22.5;36.2;5.0;25.0;57.4;10.0;0;0;0;0;16376.05;11280.08;5095.97;32431.1
2026-07-10T01:17:01.015636+02:00;standby;21.6;36.2;5.0;25.0;57.4;10.0;0;0;0;0;16376.05;11280.08;5095.97;32431.1
2026-07-10T01:18:01.632504+02:00;standby;21.6;36.2;5.0;25.0;57.4;10.0;0;0;0;0;16376.05;11280.08;5095.97;32431.1
2026-07-10T01:19:02.191657+02:00;standby;21.6;36.0;5.0;25.0;57.3;10.0;0;0;0;0;16376.05;11280.08;5095.97;32431.1
2026-07-10T01:20:02.676018+02:00;standby;21.6;36.0;5.0;25.0;57.3;10.0;0;0;0;0;16376.05;11280.08;5095.97;32431.1
2026-07-10T01:21:03.234834+02:00;standby;21.6;36.0;5.0;25.0;57.3;10.0;0;0;0;0;16376.05;11280.08;5095.97;32431.1
2026-07-10T01:22:04.048120+02:00;standby;21.6;35.9;5.0;25.0;57.3;10.0;0;0;0;0;16376.05;11280.08;5095.97;32431.1
2026-07-10T01:23:04.665634+02:00;standby;21.6;35.9;5.0;25.0;57.3;10.0;0;0;0;0;16376.05;11280.08;5095.97;32431.1
2026-07-10T01:24:05.165077+02:00;standby;21.6;35.9;5.0;25.0;57.3;10.0;0;0;0;0;16376.05;11280.08;5095.97;32431.1
2026-07-10T01:25:05.642741+02:00;standby;21.6;35.9;5.0;25.0;57.3;10.0;0;0;0;0;16376.05;11280.08;5095.97;32431.1
2026-07-10T01:26:06.095474+02:00;standby;21.6;35.8;5.0;25.0;57.3;10.0;0;0;0;0;16376.05;11280.08;5095.97;32431.1
2026-07-10T01:27:06.579182+02:00;standby;21.6;35.8;5.0;25.0;57.3;10.0;0;0;0;0;16376.05;11280.08;5095.97;32431.1
2026-07-10T01:28:07.344280+02:00;standby;21.6;35.8;5.0;25.0;57.3;10.0;0;0;0;0;16376.05;11280.08;5095.97;32431.1
2026-07-10T01:29:07.822592+02:00;standby;21.6;35.7;5.0;25.0;57.3;10.0;0;0;0;0;16376.05;11280.08;5095.97;32431.1
2026-07-10T01:30:08.307085+02:00;standby;21.6;35.7;5.0;25.0;57.2;10.0;0;0;0;0;16376.05;11280.08;5095.97;32431.1
2026-07-10T01:31:08.793194+02:00;standby;21.6;35.7;5.0;25.0;57.2;10.0;0;0;0;0;16376.05;11280.08;5095.97;32431.1
2026-07-10T01:32:09.210407+02:00;standby;21.6;35.7;5.0;25.0;57.2;10.0;0;0;0;0;16376.05;11280.08;5095.97;32431.1
2026-07-10T01:33:09.685728+02:00;standby;21.6;35.6;5.0;25.0;57.2;10.0;0;0;0;0;16376.05;11280.08;5095.97;32431.1
2026-07-10T01:34:10.396196+02:00;standby;21.6;35.6;5.0;25.0;57.2;10.0;0;0;0;0;16376.05;11280.08;5095.97;32431.1
2026-07-10T01:35:10.836425+02:00;standby;21.6;35.6;5.0;25.0;57.2;10.0;0;0;0;0;16376.05;11280.08;5095.97;32431.1
2026-07-10T01:36:11.394869+02:00;standby;21.6;35.6;5.0;25.0;57.2;10.0;0;0;0;0;16376.05;11280.08;5095.97;32431.1
2026-07-10T01:37:11.838260+02:00;standby;21.6;35.4;5.0;25.0;57.2;10.0;0;0;0;0;16376.05;11280.08;5095.97;32431.1
2026-07-10T01:38:12.324327+02:00;standby;21.6;35.4;5.0;25.0;57.2;10.0;0;0;0;0;16376.05;11280.08;5095.97;32431.1
2026-07-10T01:39:12.915868+02:00;standby;21.6;35.4;5.0;25.0;57.2;10.0;0;0;0;0;16376.05;11280.08;5095.97;32431.1
2026-07-10T01:40:13.366078+02:00;standby;21.6;35.4;5.0;25.0;57.2;10.0;0;0;0;0;16376.05;11280.08;5095.97;32431.1
2026-07-10T01:41:13.832439+02:00;standby;21.6;35.3;5.0;25.0;57.2;10.0;0;0;0;0;16376.05;11280.08;5095.97;32431.1
2026-07-10T01:42:14.403154+02:00;standby;21.6;35.3;5.0;25.0;57.1;10.0;0;0;0;0;16376.05;11280.08;5095.97;32431.1
2026-07-10T01:43:14.821615+02:00;standby;21.6;35.3;5.0;25.0;57.1;10.0;0;0;0;0;16376.05;11280.08;5095.97;32431.1
2026-07-10T01:44:15.238962+02:00;standby;21.6;35.2;5.0;25.0;57.1;10.0;0;0;0;0;16376.05;11280.08;5095.97;32431.1
2026-07-10T01:45:15.651719+02:00;standby;21.6;35.2;5.0;25.0;57.1;10.0;0;0;0;0;16376.05;11280.08;5095.97;32431.1
2026-07-10T01:46:16.313215+02:00;standby;21.6;35.2;5.0;25.0;57.1;10.0;0;0;0;0;16376.05;11280.08;5095.97;32431.1
2026-07-10T01:47:16.844834+02:00;standby;21.6;35.2;5.0;25.0;57.1;10.0;0;0;0;0;16376.05;11280.08;5095.97;32431.1
2026-07-10T01:48:17.308506+02:00;standby;21.6;35.1;5.0;25.0;57.1;10.0;0;0;0;0;16376.05;11280.08;5095.97;32431.1
2026-07-10T01:49:17.727406+02:00;standby;21.6;35.1;5.0;25.0;57.1;10.0;0;0;0;0;16376.05;11280.08;5095.97;32431.1
2026-07-10T01:50:18.153412+02:00;standby;21.6;35.1;5.0;25.0;57.1;10.0;0;0;0;0;16376.05;11280.08;5095.97;32431.1
2026-07-10T01:51:18.612783+02:00;standby;21.6;35.1;5.0;25.0;57.1;10.0;0;0;0;0;16376.05;11280.08;5095.97;32431.1
2026-07-10T01:52:19.080336+02:00;standby;21.6;34.9;5.0;25.0;57.1;10.0;0;0;0;0;16376.05;11280.08;5095.97;32431.1
2026-07-10T01:53:20.163115+02:00;standby;21.6;34.9;5.0;25.0;56.9;10.0;0;0;0;0;16376.05;11280.08;5095.97;32431.1
2026-07-10T01:54:20.594885+02:00;standby;21.6;34.9;5.0;25.0;57.1;10.0;0;0;0;0;16376.05;11280.08;5095.97;32431.1
2026-07-10T01:55:21.063832+02:00;standby;21.6;34.9;5.0;25.0;56.9;10.0;0;0;0;0;16376.05;11280.08;5095.97;32431.1
2026-07-10T01:56:21.572283+02:00;standby;21.6;34.8;5.0;25.0;56.9;10.0;0;0;0;0;16376.05;11280.08;5095.97;32431.1
2026-07-10T01:57:22.249775+02:00;standby;21.6;34.8;5.0;25.0;56.9;10.0;0;0;0;0;16376.05;11280.08;5095.97;32431.1
2026-07-10T01:58:22.971527+02:00;standby;21.6;34.8;5.0;25.0;56.9;10.0;0;0;0;0;16376.05;11280.08;5095.97;32431.1
2026-07-10T01:59:23.837522+02:00;standby;21.6;34.8;5.0;25.0;56.9;10.0;0;0;0;0;16376.05;11280.08;5095.97;32431.1
2026-07-10T02:00:24.271086+02:00;standby;21.6;34.7;5.0;25.0;56.9;10.0;0;0;0;0;16376.05;11280.08;5095.97;32431.1
2026-07-10T02:01:24.777145+02:00;standby;21.6;34.7;5.0;25.0;56.9;10.0;0;0;0;0;16376.05;11280.08;5095.97;32431.1
2026-07-10T02:02:25.457053+02:00;standby;21.6;34.7;5.0;25.0;56.9;10.0;0;0;0;0;16376.05;11280.08;5095.97;32431.1
2026-07-10T02:03:25.921918+02:00;standby;21.6;34.7;5.0;25.0;56.9;10.0;0;0;0;0;16376.05;11280.08;5095.97;32431.1
2026-07-10T02:04:26.345947+02:00;standby;21.6;34.6;5.0;25.0;56.9;10.0;0;0;0;0;16376.05;11280.08;5095.97;32431.1
2026-07-10T02:05:26.865603+02:00;standby;21.6;34.6;5.0;25.0;56.9;10.0;0;0;0;0;16376.05;11280.08;5095.97;32431.1
2026-07-10T02:06:27.330002+02:00;standby;21.6;34.6;5.0;25.0;56.8;10.0;0;0;0;0;16376.05;11280.08;5095.97;32431.1
2026-07-10T02:07:27.939265+02:00;standby;21.6;34.6;5.0;25.0;56.8;10.0;0;0;0;0;16376.05;11280.08;5095.97;32431.1
2026-07-10T02:08:28.616187+02:00;standby;21.6;34.4;5.0;25.0;56.8;10.0;0;0;0;0;16376.05;11280.08;5095.97;32431.1
2026-07-10T02:09:29.191386+02:00;standby;21.6;34.4;5.0;25.0;56.8;10.0;0;0;0;0;16376.05;11280.08;5095.97;32431.1
2026-07-10T02:10:29.613975+02:00;standby;21.6;34.4;5.0;25.0;56.8;10.0;0;0;0;0;16376.05;11280.08;5095.97;32431.1
2026-07-10T02:11:30.130011+02:00;standby;21.6;34.4;5.0;25.0;56.8;10.0;0;0;0;0;16376.05;11280.08;5095.97;32431.1
2026-07-10T02:12:30.549369+02:00;standby;21.6;34.4;5.0;25.0;56.8;10.0;0;0;0;0;16376.05;11280.08;5095.97;32431.1
2026-07-10T02:13:31.015237+02:00;standby;21.6;34.3;5.0;25.0;56.8;10.0;0;0;0;0;16376.05;11280.08;5095.97;32431.1
2026-07-10T02:14:31.428753+02:00;standby;21.6;34.3;5.0;25.0;56.8;10.0;0;0;0;0;16376.05;11280.08;5095.97;32431.1
2026-07-10T02:15:31.885742+02:00;standby;21.6;34.3;5.0;25.0;56.8;10.0;0;0;0;0;16376.05;11280.08;5095.97;32431.1
2026-07-10T02:16:32.376311+02:00;standby;21.6;34.3;5.0;25.0;56.8;10.0;0;0;0;0;16376.05;11280.08;5095.97;32431.1
2026-07-10T02:17:32.881455+02:00;standby;20.7;34.2;5.0;25.0;56.8;10.0;0;0;0;0;16376.05;11280.08;5095.97;32431.1
2026-07-10T02:18:33.402133+02:00;standby;20.7;34.2;5.0;25.0;56.7;10.0;0;0;0;0;16376.05;11280.08;5095.97;32431.1
2026-07-10T02:19:33.877837+02:00;standby;20.7;34.2;5.0;25.0;56.7;10.0;0;0;0;0;16376.05;11280.08;5095.97;32431.1
2026-07-10T02:20:34.350013+02:00;standby;20.7;34.2;5.0;25.0;56.7;10.0;0;0;0;0;16376.05;11280.08;5095.97;32431.1
2026-07-10T02:21:35.016287+02:00;standby;20.7;34.1;5.0;25.0;56.7;10.0;0;0;0;0;16376.05;11280.08;5095.97;32431.1
2026-07-10T02:22:35.483164+02:00;standby;20.7;34.1;5.0;25.0;56.7;10.0;0;0;0;0;16376.05;11280.08;5095.97;32431.1
2026-07-10T02:23:35.933514+02:00;standby;20.7;34.1;5.0;25.0;56.7;10.0;0;0;0;0;16376.05;11280.08;5095.97;32431.1
2026-07-10T02:24:36.370854+02:00;standby;20.7;34.1;5.0;25.0;56.7;10.0;0;0;0;0;16376.05;11280.08;5095.97;32431.1
2026-07-10T02:25:36.788258+02:00;standby;20.7;34.0;5.0;25.0;56.7;10.0;0;0;0;0;16376.05;11280.08;5095.97;32431.1
2026-07-10T02:26:37.204061+02:00;standby;20.7;34.0;5.0;25.0;56.7;10.0;0;0;0;0;16376.05;11280.08;5095.97;32431.1
2026-07-10T02:27:37.779997+02:00;standby;20.7;34.0;5.0;25.0;56.7;10.0;0;0;0;0;16376.05;11280.08;5095.97;32431.1
2026-07-10T02:28:38.452142+02:00;standby;20.7;34.0;5.0;25.0;56.7;10.0;0;0;0;0;16376.05;11280.08;5095.97;32431.1
2026-07-10T02:29:38.947169+02:00;standby;20.7;34.0;5.0;25.0;56.7;10.0;0;0;0;0;16376.05;11280.08;5095.97;32431.1
2026-07-10T02:30:39.444963+02:00;standby;20.7;33.8;5.0;25.0;56.6;10.0;0;0;0;0;16376.05;11280.08;5095.97;32431.1
2026-07-10T02:31:40.067923+02:00;standby;20.7;33.8;5.0;25.0;56.6;10.0;0;0;0;0;16376.05;11280.08;5095.97;32431.1
2026-07-10T02:32:40.531997+02:00;standby;20.7;33.8;5.0;25.0;56.6;10.0;0;0;0;0;16376.05;11280.08;5095.97;32431.1
2026-07-10T02:33:41.093161+02:00;standby;20.7;33.8;5.0;25.0;56.6;10.0;0;0;0;0;16376.05;11280.08;5095.97;32431.1
2026-07-10T02:34:41.654460+02:00;standby;20.7;33.8;5.0;25.0;56.6;10.0;0;0;0;0;16376.05;11280.08;5095.97;32431.1
2026-07-10T02:35:42.235846+02:00;standby;20.7;33.8;5.0;25.0;56.6;10.0;0;0;0;0;16376.05;11280.08;5095.97;32431.1
2026-07-10T02:36:42.909654+02:00;standby;20.7;33.7;5.0;25.0;56.6;10.0;0;0;0;0;16376.05;11280.08;5095.97;32431.1
2026-07-10T02:37:43.520264+02:00;standby;20.7;33.7;5.0;25.0;56.6;10.0;0;0;0;0;16376.05;11280.08;5095.97;32431.1
2026-07-10T02:38:44.255868+02:00;standby;20.7;33.7;5.0;25.0;56.6;10.0;0;0;0;0;16376.05;11280.08;5095.97;32431.1
2026-07-10T02:39:45.242633+02:00;standby;20.7;33.7;5.0;25.0;56.6;10.0;0;0;0;0;16376.05;11280.08;5095.97;32431.1
2026-07-10T02:40:45.751905+02:00;standby;20.7;33.6;5.0;25.0;56.6;10.0;0;0;0;0;16376.05;11280.08;5095.97;32431.1
2026-07-10T02:41:46.223789+02:00;standby;20.7;33.6;5.0;25.0;56.5;10.0;0;0;0;0;16376.05;11280.08;5095.97;32431.1
2026-07-10T02:42:46.688134+02:00;standby;20.7;33.6;5.0;25.0;56.5;10.0;0;0;0;0;16376.05;11280.08;5095.97;32431.1
2026-07-10T02:43:47.303282+02:00;standby;20.7;33.6;5.0;25.0;56.5;10.0;0;0;0;0;16376.05;11280.08;5095.97;32431.1
2026-07-10T02:44:47.828872+02:00;standby;20.7;33.6;5.0;25.0;56.5;10.0;0;0;0;0;16376.05;11280.08;5095.97;32431.1
2026-07-10T02:45:48.348772+02:00;standby;20.7;33.5;5.0;25.0;56.5;10.0;0;0;0;0;16376.05;11280.08;5095.97;32431.1
2026-07-10T02:46:48.812929+02:00;standby;20.7;33.5;5.0;25.0;56.5;10.0;0;0;0;0;16376.05;11280.08;5095.97;32431.1
2026-07-10T02:47:49.284495+02:00;standby;20.7;33.5;5.0;25.0;56.5;10.0;0;0;0;0;16376.05;11280.08;5095.97;32431.1
2026-07-10T02:48:49.754410+02:00;standby;20.7;33.5;5.0;25.0;56.5;10.0;0;0;0;0;16376.05;11280.08;5095.97;32431.1
2026-07-10T02:49:51.042704+02:00;standby;20.7;33.5;5.0;25.0;56.5;10.0;0;0;0;0;16376.05;11280.08;5095.97;32431.1
2026-07-10T02:50:51.576179+02:00;standby;20.7;33.5;5.0;25.0;56.5;10.0;0;0;0;0;16376.05;11280.08;5095.97;32431.1
2026-07-10T02:51:52.094192+02:00;standby;20.7;33.3;5.0;25.0;56.5;10.0;0;0;0;0;16376.05;11280.08;5095.97;32431.1
2026-07-10T02:52:52.547311+02:00;standby;20.7;33.3;5.0;25.0;56.4;10.0;0;0;0;0;16376.05;11280.08;5095.97;32431.1
2026-07-10T02:53:53.378925+02:00;standby;20.7;33.3;5.0;25.0;56.4;10.0;0;0;0;0;16376.05;11280.08;5095.97;32431.1
2026-07-10T02:54:53.832712+02:00;standby;20.7;33.3;5.0;25.0;56.4;10.0;0;0;0;0;16376.05;11280.08;5095.97;32431.1
2026-07-10T02:55:54.394026+02:00;standby;20.7;33.2;5.0;25.0;56.4;10.0;0;0;0;0;16376.05;11280.08;5095.97;32431.1
2026-07-10T02:56:54.835220+02:00;standby;20.7;33.2;5.0;25.0;56.4;10.0;0;0;0;0;16376.05;11280.08;5095.97;32431.1
2026-07-10T02:57:55.349778+02:00;standby;20.7;33.2;5.0;25.0;56.4;10.0;0;0;0;0;16376.05;11280.08;5095.97;32431.1
2026-07-10T02:58:56.791358+02:00;standby;20.7;33.2;5.0;25.0;56.4;10.0;0;0;0;0;16376.05;11280.08;5095.97;32431.1
2026-07-10T02:59:57.210207+02:00;standby;20.7;33.2;5.0;25.0;56.4;10.0;0;0;0;0;16376.05;11280.08;5095.97;32431.1
2026-07-10T03:00:57.684633+02:00;standby;20.7;33.2;5.0;25.0;56.4;10.0;0;0;0;0;16376.05;11280.08;5095.97;32431.1
2026-07-10T03:01:58.146196+02:00;standby;20.7;33.1;5.0;25.0;56.4;10.0;0;0;0;0;16376.05;11280.08;5095.97;32431.1
2026-07-10T03:02:58.608448+02:00;standby;20.7;33.1;5.0;25.0;56.4;10.0;0;0;0;0;16376.05;11280.08;5095.97;32431.1
2026-07-10T03:03:59.232174+02:00;standby;20.7;33.1;5.0;25.0;56.4;10.0;0;0;0;0;16376.05;11280.08;5095.97;32431.1
2026-07-10T03:04:59.741824+02:00;standby;20.7;33.1;5.0;25.0;56.4;10.0;0;0;0;0;16376.05;11280.08;5095.97;32431.1
2026-07-10T03:06:00.222416+02:00;standby;20.7;33.1;5.0;25.0;56.3;10.0;0;0;0;0;16376.05;11280.08;5095.97;32431.1
2026-07-10T03:07:00.676741+02:00;standby;20.7;33.1;5.0;25.0;56.3;10.0;0;0;0;0;16376.05;11280.08;5095.97;32431.1
2026-07-10T03:08:01.107243+02:00;standby;20.7;33.0;5.0;25.0;56.3;10.0;0;0;0;0;16376.05;11280.08;5095.97;32431.1
2026-07-10T03:09:01.613222+02:00;standby;20.7;33.0;5.0;25.0;56.3;10.0;0;0;0;0;16376.05;11280.08;5095.97;32431.1
2026-07-10T03:10:02.558330+02:00;standby;20.7;33.0;5.0;25.0;56.3;10.0;0;0;0;0;16376.05;11280.08;5095.97;32431.1
2026-07-10T03:11:03.028856+02:00;standby;20.7;33.0;5.0;25.0;56.3;10.0;0;0;0;0;16376.05;11280.08;5095.97;32431.1
2026-07-10T03:12:03.546226+02:00;standby;20.7;33.0;5.0;25.0;56.3;10.0;0;0;0;0;16376.05;11280.08;5095.97;32431.1
2026-07-10T03:13:04.616234+02:00;standby;20.7;32.8;5.0;25.0;56.3;10.0;0;0;0;0;16376.05;11280.08;5095.97;32431.1
2026-07-10T03:14:05.793551+02:00;standby;20.7;32.8;5.0;25.0;56.3;10.0;0;0;0;0;16376.05;11280.08;5095.97;32431.1
2026-07-10T03:15:06.263204+02:00;standby;20.7;32.8;5.0;25.0;56.3;10.0;0;0;0;0;16376.05;11280.08;5095.97;32431.1
2026-07-10T03:16:06.690120+02:00;standby;20.7;32.8;5.0;25.0;56.3;10.0;0;0;0;0;16376.05;11280.08;5095.97;32431.1
2026-07-10T03:17:07.170575+02:00;standby;20.7;32.8;5.0;25.0;56.2;10.0;0;0;0;0;16376.05;11280.08;5095.97;32431.1
2026-07-10T03:18:07.831547+02:00;standby;20.2;32.8;5.0;25.0;56.2;10.0;0;0;0;0;16376.05;11280.08;5095.97;32431.1
2026-07-10T03:19:08.516207+02:00;standby;20.2;32.7;5.0;25.0;56.2;10.0;0;0;0;0;16376.05;11280.08;5095.97;32431.1
2026-07-10T03:20:09.024992+02:00;standby;20.2;32.7;5.0;25.0;56.2;10.0;0;0;0;0;16376.05;11280.08;5095.97;32431.1
2026-07-10T03:21:09.788358+02:00;standby;20.2;32.7;5.0;25.0;56.2;10.0;0;0;0;0;16376.05;11280.08;5095.97;32431.1
2026-07-10T03:22:10.256036+02:00;standby;20.2;32.7;5.0;25.0;56.2;10.0;0;0;0;0;16376.05;11280.08;5095.97;32431.1
2026-07-10T03:23:10.676061+02:00;standby;20.2;32.7;5.0;25.0;56.2;10.0;0;0;0;0;16376.05;11280.08;5095.97;32431.1
2026-07-10T03:24:11.102704+02:00;standby;20.2;32.7;5.0;25.0;56.2;10.0;0;0;0;0;16376.05;11280.08;5095.97;32431.1
2026-07-10T03:25:11.735282+02:00;standby;20.2;32.6;5.0;25.0;56.2;10.0;0;0;0;0;16376.05;11280.08;5095.97;32431.1
2026-07-10T03:26:12.182544+02:00;standby;20.2;32.6;5.0;25.0;56.2;10.0;0;0;0;0;16376.05;11280.08;5095.97;32431.1
2026-07-10T03:27:12.661093+02:00;standby;20.2;32.6;5.0;25.0;56.2;10.0;0;0;0;0;16376.05;11280.08;5095.97;32431.1
2026-07-10T03:28:13.083856+02:00;standby;20.2;32.6;5.0;25.0;56.2;10.0;0;0;0;0;16376.05;11280.08;5095.97;32431.1
2026-07-10T03:29:13.606962+02:00;standby;20.2;32.6;5.0;25.0;56.1;10.0;0;0;0;0;16376.05;11280.08;5095.97;32431.1
2026-07-10T03:30:14.386752+02:00;standby;20.2;32.5;5.0;25.0;56.1;10.0;0;0;0;0;16376.05;11280.08;5095.97;32431.1
2026-07-10T03:31:14.942637+02:00;standby;20.2;32.5;5.0;25.0;56.1;10.0;0;0;0;0;16376.05;11280.08;5095.97;32431.1
2026-07-10T03:32:15.352166+02:00;standby;20.2;32.5;5.0;25.0;56.1;10.0;0;0;0;0;16376.05;11280.08;5095.97;32431.1
2026-07-10T03:33:15.816040+02:00;standby;20.2;32.5;5.0;25.0;56.1;10.0;0;0;0;0;16376.05;11280.08;5095.97;32431.1
2026-07-10T03:34:16.290029+02:00;standby;20.2;32.5;5.0;25.0;56.1;10.0;0;0;0;0;16376.05;11280.08;5095.97;32431.1
2026-07-10T03:35:16.751397+02:00;standby;20.2;32.5;5.0;25.0;56.1;10.0;0;0;0;0;16376.05;11280.08;5095.97;32431.1
2026-07-10T03:36:17.580530+02:00;standby;20.2;32.5;5.0;25.0;56.1;10.0;0;0;0;0;16376.05;11280.08;5095.97;32431.1
2026-07-10T03:37:18.301014+02:00;standby;20.2;32.5;5.0;25.0;56.1;10.0;0;0;0;0;16376.05;11280.08;5095.97;32431.1
2026-07-10T03:38:18.720927+02:00;standby;20.2;32.3;5.0;25.0;56.1;10.0;0;0;0;0;16376.05;11280.08;5095.97;32431.1
2026-07-10T03:39:19.209688+02:00;standby;20.2;32.3;5.0;25.0;56.1;10.0;0;0;0;0;16376.05;11280.08;5095.97;32431.1
2026-07-10T03:40:19.759572+02:00;standby;20.2;32.3;5.0;25.0;56.0;10.0;0;0;0;0;16376.05;11280.08;5095.97;32431.1
2026-07-10T03:41:20.285488+02:00;standby;20.2;32.3;5.0;25.0;56.0;10.0;0;0;0;0;16376.05;11280.08;5095.97;32431.1
2026-07-10T03:42:20.997727+02:00;standby;20.2;32.3;5.0;25.0;56.0;10.0;0;0;0;0;16376.05;11280.08;5095.97;32431.1
2026-07-10T03:43:21.592980+02:00;standby;20.2;32.3;5.0;25.0;56.0;10.0;0;0;0;0;16376.05;11280.08;5095.97;32431.1
2026-07-10T03:44:22.397864+02:00;standby;20.2;32.2;5.0;25.0;56.0;10.0;0;0;0;0;16376.05;11280.08;5095.97;32431.1
2026-07-10T03:45:22.868530+02:00;standby;20.2;32.2;5.0;25.0;56.0;10.0;0;0;0;0;16376.05;11280.08;5095.97;32431.1
2026-07-10T03:46:23.590754+02:00;standby;20.2;32.2;5.0;25.0;56.0;10.0;0;0;0;0;16376.05;11280.08;5095.97;32431.1
2026-07-10T03:47:24.009504+02:00;standby;20.2;32.2;5.0;25.0;56.0;10.0;0;0;0;0;16376.05;11280.08;5095.97;32431.1
2026-07-10T03:48:24.433080+02:00;standby;20.2;32.2;5.0;25.0;56.0;10.0;0;0;0;0;16376.05;11280.08;5095.97;32431.1
2026-07-10T03:49:24.905326+02:00;standby;20.2;32.2;5.0;25.0;56.0;10.0;0;0;0;0;16376.05;11280.08;5095.97;32431.1
2026-07-10T03:50:25.377342+02:00;standby;20.2;32.2;5.0;25.0;56.0;10.0;0;0;0;0;16376.05;11280.08;5095.97;32431.1
2026-07-10T03:51:25.841152+02:00;standby;20.2;32.1;5.0;25.0;56.0;10.0;0;0;0;0;16376.05;11280.08;5095.97;32431.1
2026-07-10T03:52:26.348378+02:00;standby;20.2;32.2;5.0;25.0;56.0;10.0;0;0;0;0;16376.05;11280.08;5095.97;32431.1
2026-07-10T03:53:26.830926+02:00;standby;20.2;32.1;5.0;25.0;56.0;10.0;0;0;0;0;16376.05;11280.08;5095.97;32431.1
2026-07-10T03:54:27.300222+02:00;standby;20.2;32.1;5.0;25.0;55.9;10.0;0;0;0;0;16376.05;11280.08;5095.97;32431.1
2026-07-10T03:55:27.716453+02:00;standby;20.2;32.1;5.0;25.0;55.9;10.0;0;0;0;0;16376.05;11280.08;5095.97;32431.1
2026-07-10T03:56:28.184167+02:00;standby;20.2;32.1;5.0;25.0;55.9;10.0;0;0;0;0;16376.05;11280.08;5095.97;32431.1
2026-07-10T03:57:28.806448+02:00;standby;20.2;32.1;5.0;25.0;55.9;10.0;0;0;0;0;16376.05;11280.08;5095.97;32431.1
2026-07-10T03:58:29.309559+02:00;standby;20.2;32.0;5.0;25.0;55.9;10.0;0;0;0;0;16376.05;11280.08;5095.97;32431.1
2026-07-10T03:59:29.829096+02:00;standby;20.2;32.0;5.0;25.0;55.9;10.0;0;0;0;0;16376.05;11280.08;5095.97;32431.1
2026-07-10T04:00:30.346865+02:00;standby;20.2;32.0;5.0;25.0;55.9;57.0;0;0;0;0;16376.05;11280.08;5095.97;32431.1
2026-07-10T04:01:31.102258+02:00;standby;20.2;32.0;5.0;25.0;55.9;57.0;0;0;0;0;16376.05;11280.08;5095.97;32431.1
2026-07-10T04:02:31.726233+02:00;standby;20.2;32.0;5.0;25.0;55.9;57.0;0;0;0;0;16376.05;11280.08;5095.97;32431.1
2026-07-10T04:03:32.182197+02:00;standby;20.2;32.0;5.0;25.0;55.9;57.0;0;0;0;0;16376.05;11280.08;5095.97;32431.1
2026-07-10T04:04:32.767979+02:00;standby;20.2;32.0;5.0;25.0;55.9;57.0;0;0;0;0;16376.05;11280.08;5095.97;32431.1
2026-07-10T04:05:33.264069+02:00;standby;20.2;31.9;5.0;25.0;55.8;57.0;0;0;0;0;16376.05;11280.08;5095.97;32431.1
2026-07-10T04:06:34.031392+02:00;standby;20.2;31.9;5.0;25.0;55.8;57.0;0;0;0;0;16376.05;11280.08;5095.97;32431.1
2026-07-10T04:07:34.459536+02:00;standby;20.2;31.9;5.0;25.0;55.8;57.0;0;0;0;0;16376.05;11280.08;5095.97;32431.1
2026-07-10T04:08:35.018642+02:00;standby;20.2;31.9;5.0;25.0;55.8;57.0;0;0;0;0;16376.05;11280.08;5095.97;32431.1
2026-07-10T04:09:35.497499+02:00;standby;20.2;31.9;5.0;25.0;55.8;57.0;0;0;0;0;16376.05;11280.08;5095.97;32431.1
2026-07-10T04:10:36.057184+02:00;standby;20.2;31.9;5.0;25.0;55.8;57.0;0;0;0;0;16376.05;11280.08;5095.97;32431.1
2026-07-10T04:11:36.639256+02:00;standby;20.2;31.9;5.0;25.0;55.8;57.0;0;0;0;0;16376.05;11280.08;5095.97;32431.1
2026-07-10T04:12:37.117614+02:00;standby;20.2;31.9;5.0;25.0;55.8;57.0;0;0;0;0;16376.05;11280.08;5095.97;32431.1
2026-07-10T04:13:37.576621+02:00;standby;20.2;31.7;5.0;25.0;55.8;57.0;0;0;0;0;16376.05;11280.08;5095.97;32431.1
2026-07-10T04:14:38.029504+02:00;standby;20.2;31.7;5.0;25.0;55.8;57.0;0;0;0;0;16376.05;11280.08;5095.97;32431.1
2026-07-10T04:15:39.292010+02:00;standby;20.2;31.7;5.0;25.0;55.8;57.0;0;0;0;0;16376.05;11280.08;5095.97;32431.1
2026-07-10T04:16:39.784325+02:00;standby;20.2;31.7;5.0;25.0;55.8;57.0;0;0;0;0;16376.05;11280.08;5095.97;32431.1
2026-07-10T04:17:40.265162+02:00;standby;20.2;31.7;5.0;25.0;55.7;57.0;0;0;0;0;16376.05;11280.08;5095.97;32431.1
2026-07-10T04:18:40.734078+02:00;standby;19.6;31.7;5.0;25.0;55.7;57.0;0;0;0;0;16376.05;11280.08;5095.97;32431.1
2026-07-10T04:19:41.355987+02:00;standby;19.6;31.6;5.0;25.0;55.7;57.0;0;0;0;0;16376.05;11280.08;5095.97;32431.1
2026-07-10T04:20:41.889600+02:00;standby;19.6;31.7;5.0;25.0;55.7;57.0;0;0;0;0;16376.05;11280.08;5095.97;32431.1
2026-07-10T04:21:42.446838+02:00;standby;19.6;31.6;5.0;25.0;55.7;57.0;0;0;0;0;16376.05;11280.08;5095.97;32431.1
2026-07-10T04:22:42.902495+02:00;standby;19.6;31.6;5.0;25.0;55.7;57.0;0;0;0;0;16376.05;11280.08;5095.97;32431.1
2026-07-10T04:23:43.422793+02:00;standby;19.6;31.6;5.0;25.0;55.7;57.0;0;0;0;0;16376.05;11280.08;5095.97;32431.1
2026-07-10T04:24:43.945303+02:00;standby;19.6;31.6;5.0;25.0;55.7;57.0;0;0;0;0;16376.05;11280.08;5095.97;32431.1
2026-07-10T04:25:44.460565+02:00;standby;19.6;31.6;5.0;25.0;55.7;57.0;0;0;0;0;16376.05;11280.08;5095.97;32431.1
2026-07-10T04:26:45.398116+02:00;standby;19.6;31.6;5.0;25.0;55.7;57.0;0;0;0;0;16376.05;11280.08;5095.97;32431.1
2026-07-10T04:27:45.875194+02:00;standby;19.6;31.6;5.0;25.0;55.7;57.0;0;0;0;0;16376.05;11280.08;5095.97;32431.1
2026-07-10T04:28:46.296521+02:00;standby;19.6;31.5;5.0;25.0;55.6;57.0;0;0;0;0;16376.05;11280.08;5095.97;32431.1
2026-07-10T04:29:46.959932+02:00;standby;19.6;31.5;5.0;25.0;55.6;57.0;0;0;0;0;16376.05;11280.08;5095.97;32431.1
2026-07-10T04:30:47.633248+02:00;standby;19.6;31.5;5.0;25.0;55.6;57.0;0;0;0;0;16376.05;11280.08;5095.97;32431.1
2026-07-10T04:31:48.403332+02:00;standby;19.6;31.5;5.0;25.0;55.6;57.0;0;0;0;0;16376.05;11280.08;5095.97;32431.1
2026-07-10T04:32:48.881497+02:00;standby;19.6;31.5;5.0;25.0;55.6;57.0;0;0;0;0;16376.05;11280.08;5095.97;32431.1
2026-07-10T04:33:49.341986+02:00;standby;19.6;31.5;5.0;25.0;55.6;57.0;0;0;0;0;16376.05;11280.08;5095.97;32431.1
2026-07-10T04:34:49.824303+02:00;standby;19.6;31.5;5.0;25.0;55.6;57.0;0;0;0;0;16376.05;11280.08;5095.97;32431.1
2026-07-10T04:35:50.315486+02:00;standby;19.6;31.5;5.0;25.0;55.6;57.0;0;0;0;0;16376.05;11280.08;5095.97;32431.1
2026-07-10T04:36:50.757449+02:00;standby;19.6;31.5;5.0;25.0;55.6;57.0;0;0;0;0;16376.05;11280.08;5095.97;32431.1
2026-07-10T04:37:51.526363+02:00;standby;19.6;31.4;5.0;25.0;55.6;57.0;0;0;0;0;16376.05;11280.08;5095.97;32431.1
2026-07-10T04:38:52.148095+02:00;standby;19.6;31.4;5.0;25.0;55.6;57.0;0;0;0;0;16376.05;11280.08;5095.97;32431.1
2026-07-10T04:39:52.661021+02:00;standby;19.6;31.4;5.0;25.0;55.6;57.0;0;0;0;0;16376.05;11280.08;5095.97;32431.1
2026-07-10T04:40:53.134875+02:00;standby;19.6;31.4;5.0;25.0;55.5;57.0;0;0;0;0;16376.05;11280.08;5095.97;32431.1
2026-07-10T04:41:53.802382+02:00;standby;19.6;31.4;5.0;25.0;55.5;57.0;0;0;0;0;16376.05;11280.08;5095.97;32431.1
2026-07-10T04:42:54.528346+02:00;standby;19.6;31.4;5.0;25.0;55.5;57.0;0;0;0;0;16376.05;11280.08;5095.97;32431.1
2026-07-10T04:43:55.048349+02:00;standby;19.6;31.4;5.0;25.0;55.5;57.0;0;0;0;0;16376.05;11280.08;5095.97;32431.1
2026-07-10T04:44:55.568453+02:00;standby;19.6;31.4;5.0;25.0;55.5;57.0;0;0;0;0;16376.05;11280.08;5095.97;32431.1
2026-07-10T04:45:56.087621+02:00;standby;19.6;31.4;5.0;25.0;55.5;57.0;0;0;0;0;16376.05;11280.08;5095.97;32431.1
2026-07-10T04:46:56.698450+02:00;standby;19.6;31.2;5.0;25.0;55.5;57.0;0;0;0;0;16376.05;11280.08;5095.97;32431.1
2026-07-10T04:47:57.391475+02:00;standby;19.6;31.2;5.0;25.0;55.5;57.0;0;0;0;0;16376.05;11280.08;5095.97;32431.1
2026-07-10T04:48:57.805331+02:00;standby;19.6;31.2;5.0;25.0;55.5;57.0;0;0;0;0;16376.05;11280.08;5095.97;32431.1
2026-07-10T04:49:58.222052+02:00;standby;19.6;31.2;5.0;25.0;55.5;57.0;0;0;0;0;16376.05;11280.08;5095.97;32431.1
2026-07-10T04:50:58.633009+02:00;standby;19.6;31.2;5.0;25.0;55.4;57.0;0;0;0;0;16376.05;11280.08;5095.97;32431.1
2026-07-10T04:51:59.056612+02:00;standby;19.6;31.2;5.0;25.0;55.5;57.0;0;0;0;0;16376.05;11280.08;5095.97;32431.1
2026-07-10T04:52:59.723353+02:00;standby;19.6;31.2;5.0;25.0;55.4;57.0;0;0;0;0;16376.05;11280.08;5095.97;32431.1
2026-07-10T04:54:00.350361+02:00;standby;19.6;31.2;5.0;25.0;55.4;57.0;0;0;0;0;16376.05;11280.08;5095.97;32431.1
2026-07-10T04:55:00.861443+02:00;standby;19.6;31.2;5.0;25.0;55.4;57.0;0;0;0;0;16376.05;11280.08;5095.97;32431.1
2026-07-10T04:56:01.372962+02:00;standby;19.6;31.2;5.0;25.0;55.4;57.0;0;0;0;0;16376.05;11280.08;5095.97;32431.1
2026-07-10T04:57:01.853464+02:00;standby;19.6;31.1;5.0;25.0;55.4;57.0;0;0;0;0;16376.05;11280.08;5095.97;32431.1
2026-07-10T04:58:02.304489+02:00;standby;19.6;31.1;5.0;25.0;55.4;57.0;0;0;0;0;16376.05;11280.08;5095.97;32431.1
2026-07-10T04:59:02.789833+02:00;standby;19.6;31.1;5.0;25.0;55.4;57.0;0;0;0;0;16376.05;11280.08;5095.97;32431.1
2026-07-10T05:00:03.381062+02:00;standby;19.6;31.1;5.0;25.0;55.4;57.0;0;0;0;0;16376.05;11280.08;5095.97;32431.1
2026-07-10T05:01:03.979147+02:00;standby;19.6;31.1;5.0;25.0;55.4;57.0;0;0;0;0;16376.05;11280.08;5095.97;32431.1
2026-07-10T05:02:04.527758+02:00;standby;19.6;31.1;5.0;25.0;55.4;57.0;0;0;0;0;16376.05;11280.08;5095.97;32431.1
2026-07-10T05:03:04.968052+02:00;standby;19.6;31.1;5.0;25.0;55.3;57.0;0;0;0;0;16376.05;11280.08;5095.97;32431.1
2026-07-10T05:04:05.418712+02:00;standby;19.6;31.1;5.0;25.0;55.3;57.0;0;0;0;0;16376.05;11280.08;5095.97;32431.1
2026-07-10T05:05:05.902905+02:00;standby;19.6;31.1;5.0;25.0;55.3;57.0;0;0;0;0;16376.05;11280.08;5095.97;32431.1
2026-07-10T05:06:06.406657+02:00;standby;19.6;31.1;5.0;25.0;55.3;57.0;0;0;0;0;16376.05;11280.08;5095.97;32431.1
2026-07-10T05:07:07.126529+02:00;standby;19.6;31.0;5.0;25.0;55.3;57.0;0;0;0;0;16376.05;11280.08;5095.97;32431.1
2026-07-10T05:08:07.598190+02:00;standby;19.6;31.0;5.0;25.0;55.3;57.0;0;0;0;0;16376.05;11280.08;5095.97;32431.1
2026-07-10T05:09:08.079654+02:00;standby;19.6;31.0;5.0;25.0;55.3;57.0;0;0;0;0;16376.05;11280.08;5095.97;32431.1
2026-07-10T05:10:08.739876+02:00;standby;19.6;31.0;5.0;25.0;55.3;57.0;0;0;0;0;16376.05;11280.08;5095.97;32431.1
2026-07-10T05:11:09.493368+02:00;standby;19.6;31.0;5.0;25.0;55.3;57.0;0;0;0;0;16376.05;11280.08;5095.97;32431.1
2026-07-10T05:12:09.984147+02:00;standby;19.6;31.0;5.0;25.0;55.3;57.0;0;0;0;0;16376.05;11280.08;5095.97;32431.1
2026-07-10T05:13:10.513486+02:00;standby;19.6;31.0;5.0;25.0;55.3;57.0;0;0;0;0;16376.05;11280.08;5095.97;32431.1
2026-07-10T05:14:11.017623+02:00;standby;19.6;31.0;5.0;25.0;55.3;57.0;0;0;0;0;16376.05;11280.08;5095.97;32431.1
2026-07-10T05:15:11.611925+02:00;standby;19.6;31.0;5.0;25.0;55.2;57.0;0;0;0;0;16376.05;11280.08;5095.97;32431.1
2026-07-10T05:16:12.414922+02:00;standby;19.6;31.0;5.0;25.0;55.2;57.0;0;0;0;0;16376.05;11280.08;5095.97;32431.1
2026-07-10T05:17:14.366588+02:00;standby;19.6;30.9;5.0;25.0;55.2;57.0;0;0;0;0;16376.05;11280.08;5095.97;32431.1
2026-07-10T05:18:14.938357+02:00;standby;19.6;30.9;5.0;25.0;55.2;57.0;0;0;0;0;16376.05;11280.08;5095.97;32431.1
2026-07-10T05:19:15.564897+02:00;standby;19.0;30.9;5.0;25.0;55.2;57.0;0;0;0;0;16376.05;11280.08;5095.97;32431.1
2026-07-10T05:20:16.033213+02:00;standby;19.0;30.9;5.0;25.0;55.2;57.0;0;0;0;0;16376.05;11280.08;5095.97;32431.1
2026-07-10T05:21:16.502058+02:00;standby;19.0;30.9;5.0;25.0;55.2;57.0;0;0;0;0;16376.05;11280.08;5095.97;32431.1
2026-07-10T05:22:16.985752+02:00;standby;19.0;30.9;5.0;25.0;55.2;57.0;0;0;0;0;16376.05;11280.08;5095.97;32431.1
2026-07-10T05:23:17.435511+02:00;standby;19.0;30.9;5.0;25.0;55.2;57.0;0;0;0;0;16376.05;11280.08;5095.97;32431.1
2026-07-10T05:24:18.258205+02:00;standby;19.0;30.9;5.0;25.0;55.2;57.0;0;0;0;0;16376.05;11280.08;5095.97;32431.1
2026-07-10T05:25:18.891460+02:00;standby;19.0;30.9;5.0;25.0;55.2;57.0;0;0;0;0;16376.05;11280.08;5095.97;32431.1
2026-07-10T05:26:19.398495+02:00;standby;19.0;30.9;5.0;25.0;55.1;57.0;0;0;0;0;16376.05;11280.08;5095.97;32431.1
2026-07-10T05:27:19.917807+02:00;standby;19.0;30.7;5.0;25.0;55.1;57.0;0;0;0;0;16376.05;11280.08;5095.97;32431.1
2026-07-10T05:28:20.538357+02:00;standby;19.0;30.7;5.0;25.0;55.1;57.0;0;0;0;0;16376.05;11280.08;5095.97;32431.1
2026-07-10T05:29:21.027950+02:00;standby;19.0;30.7;5.0;25.0;55.1;57.0;0;0;0;0;16376.05;11280.08;5095.97;32431.1
2026-07-10T05:30:21.490449+02:00;standby;19.0;30.7;5.0;25.0;55.1;57.0;0;0;0;0;16376.05;11280.08;5095.97;32431.1
2026-07-10T05:31:22.044176+02:00;standby;19.0;30.7;5.0;31.0;55.1;57.0;0;0;0;0;16376.05;11280.08;5095.97;32431.1
2026-07-10T05:32:22.634935+02:00;standby;19.0;30.7;5.0;31.0;55.1;57.0;0;0;0;0;16376.05;11280.08;5095.97;32431.1
2026-07-10T05:33:23.154109+02:00;standby;19.0;30.7;5.0;31.0;55.1;57.0;0;0;0;0;16376.05;11280.08;5095.97;32431.1
2026-07-10T05:34:23.661810+02:00;standby;19.0;30.7;5.0;31.0;55.1;57.0;0;0;0;0;16376.05;11280.08;5095.97;32431.1
2026-07-10T05:35:24.175923+02:00;standby;19.0;30.7;5.0;31.0;55.1;57.0;0;0;0;0;16376.05;11280.08;5095.97;32431.1
2026-07-10T05:36:24.902588+02:00;standby;19.0;30.6;5.0;31.0;55.1;57.0;0;0;0;0;16376.05;11280.08;5095.97;32431.1
2026-07-10T05:37:25.418619+02:00;standby;19.0;30.6;5.0;31.0;55.1;57.0;0;0;0;0;16376.05;11280.08;5095.97;32431.1
2026-07-10T05:38:26.139593+02:00;standby;19.0;30.6;5.0;31.0;54.9;57.0;0;0;0;0;16376.05;11280.08;5095.97;32431.1
2026-07-10T05:39:26.870152+02:00;standby;19.0;30.6;5.0;31.0;54.9;57.0;0;0;0;0;16376.05;11280.08;5095.97;32431.1
2026-07-10T05:40:27.340962+02:00;standby;19.0;30.6;5.0;31.0;54.9;57.0;0;0;0;0;16376.05;11280.08;5095.97;32431.1
2026-07-10T05:41:27.805449+02:00;standby;19.0;30.6;5.0;31.0;54.9;57.0;0;0;0;0;16376.05;11280.08;5095.97;32431.1
2026-07-10T05:42:28.631088+02:00;standby;19.0;30.6;5.0;31.0;54.9;57.0;0;0;0;0;16376.05;11280.08;5095.97;32431.1
2026-07-10T05:43:29.145569+02:00;standby;19.0;30.6;5.0;31.0;54.9;57.0;0;0;0;0;16376.05;11280.08;5095.97;32431.1
2026-07-10T05:44:29.769456+02:00;standby;19.0;30.6;5.0;31.0;54.9;57.0;0;0;0;0;16376.05;11280.08;5095.97;32431.1
2026-07-10T05:45:30.504731+02:00;standby;19.0;30.6;5.0;31.0;54.9;57.0;0;0;0;0;16376.05;11280.08;5095.97;32431.1
2026-07-10T05:46:31.355249+02:00;standby;19.0;30.6;5.0;31.0;54.9;57.0;0;0;0;0;16376.05;11280.08;5095.97;32431.1
2026-07-10T05:47:31.853160+02:00;standby;19.0;30.6;5.0;31.0;54.9;57.0;0;0;0;0;16376.05;11280.08;5095.97;32431.1
2026-07-10T05:48:32.563796+02:00;standby;19.0;30.5;5.0;31.0;54.9;57.0;0;0;0;0;16376.05;11280.08;5095.97;32431.1
2026-07-10T05:49:33.285930+02:00;standby;19.0;30.5;5.0;31.0;54.9;57.0;0;0;0;0;16376.05;11280.08;5095.97;32431.1
2026-07-10T05:50:33.907777+02:00;standby;19.0;30.5;5.0;31.0;54.9;57.0;0;0;0;0;16376.05;11280.08;5095.97;32431.1
2026-07-10T05:51:34.746552+02:00;standby;19.0;30.5;5.0;31.0;54.8;57.0;0;0;0;0;16376.05;11280.08;5095.97;32431.1
2026-07-10T05:52:35.295844+02:00;standby;19.0;30.5;5.0;31.0;54.8;57.0;0;0;0;0;16376.05;11280.08;5095.97;32431.1
2026-07-10T05:53:35.814990+02:00;standby;19.0;30.5;5.0;31.0;54.8;57.0;0;0;0;0;16376.05;11280.08;5095.97;32431.1
2026-07-10T05:54:36.507594+02:00;standby;19.0;30.5;5.0;31.0;54.8;57.0;0;0;0;0;16376.05;11280.08;5095.97;32431.1
2026-07-10T05:55:37.233091+02:00;standby;19.0;30.5;5.0;31.0;54.8;57.0;0;0;0;0;16376.05;11280.08;5095.97;32431.1
2026-07-10T05:56:37.762176+02:00;standby;19.0;30.5;5.0;31.0;54.8;57.0;0;0;0;0;16376.05;11280.08;5095.97;32431.1
2026-07-10T05:57:38.591878+02:00;standby;19.0;30.5;5.0;31.0;54.8;57.0;0;0;0;0;16376.05;11280.08;5095.97;32431.1
2026-07-10T05:58:39.089953+02:00;standby;19.0;30.5;5.0;31.0;54.8;57.0;0;0;0;0;16376.05;11280.08;5095.97;32431.1
2026-07-10T05:59:39.622600+02:00;standby;19.0;30.5;5.0;31.0;54.8;57.0;0;0;0;0;16376.05;11280.08;5095.97;32431.1
2026-07-10T06:00:43.515173+02:00;standby;19.0;30.4;5.0;31.0;54.8;57.0;0;0;0;0;16376.05;11280.08;5095.97;32431.1
2026-07-10T06:01:44.026519+02:00;standby;19.0;30.4;5.0;31.0;54.8;57.0;0;0;0;0;16376.05;11280.08;5095.97;32431.1
2026-07-10T06:02:44.650794+02:00;standby;19.0;30.4;5.0;31.0;54.7;57.0;0;0;0;0;16376.05;11280.08;5095.97;32431.1
2026-07-10T06:03:45.619292+02:00;standby;19.0;30.4;5.0;31.0;54.7;57.0;0;0;0;0;16376.05;11280.08;5095.97;32431.1
2026-07-10T06:04:46.450230+02:00;standby;19.0;30.4;5.0;31.0;54.7;57.0;0;0;0;0;16376.05;11280.08;5095.97;32431.1
2026-07-10T06:05:47.052224+02:00;standby;19.0;30.4;5.0;31.0;54.7;57.0;0;0;0;0;16376.05;11280.08;5095.97;32431.1
2026-07-10T06:06:47.547600+02:00;standby;19.0;30.4;5.0;31.0;54.7;57.0;0;0;0;0;16376.05;11280.08;5095.97;32431.1
2026-07-10T06:07:48.065973+02:00;standby;19.0;30.4;5.0;31.0;54.7;57.0;0;0;0;0;16376.05;11280.08;5095.97;32431.1
2026-07-10T06:08:48.587287+02:00;standby;19.0;30.4;5.0;31.0;54.7;57.0;0;0;0;0;16376.05;11280.08;5095.97;32431.1
2026-07-10T06:09:49.112057+02:00;standby;19.0;30.4;5.0;31.0;54.7;57.0;0;0;0;0;16376.05;11280.08;5095.97;32431.1
2026-07-10T06:10:49.938540+02:00;standby;19.0;30.4;5.0;31.0;54.7;57.0;0;0;0;0;16376.05;11280.08;5095.97;32431.1
2026-07-10T06:11:50.567496+02:00;standby;19.0;30.4;5.0;31.0;54.7;57.0;0;0;0;0;16376.05;11280.08;5095.97;32431.1
2026-07-10T06:12:51.091077+02:00;standby;19.0;30.4;5.0;31.0;54.7;57.0;0;0;0;0;16376.05;11280.08;5095.97;32431.1
2026-07-10T06:13:51.613506+02:00;standby;19.0;30.2;5.0;31.0;54.7;57.0;0;0;0;0;16376.05;11280.08;5095.97;32431.1
2026-07-10T06:14:52.845829+02:00;standby;19.0;30.2;5.0;31.0;54.6;57.0;0;0;0;0;16376.05;11280.08;5095.97;32431.1
2026-07-10T06:15:53.354410+02:00;standby;19.0;30.2;5.0;31.0;54.6;57.0;0;0;0;0;16376.05;11280.08;5095.97;32431.1
2026-07-10T06:16:53.879586+02:00;standby;19.0;30.2;5.0;31.0;54.6;57.0;0;0;0;0;16376.05;11280.08;5095.97;32431.1
2026-07-10T06:17:54.497075+02:00;standby;19.0;30.2;5.0;31.0;54.6;57.0;0;0;0;0;16376.05;11280.08;5095.97;32431.1
2026-07-10T06:18:55.009484+02:00;standby;19.0;30.2;5.0;31.0;54.6;57.0;0;0;0;0;16376.05;11280.08;5095.97;32431.1
2026-07-10T06:19:55.528481+02:00;standby;18.6;30.2;5.0;31.0;54.6;57.0;0;0;0;0;16376.05;11280.08;5095.97;32431.1
2026-07-10T06:20:56.053621+02:00;standby;18.6;30.2;5.0;31.0;54.6;57.0;0;0;0;0;16376.05;11280.08;5095.97;32431.1
2026-07-10T06:21:56.674287+02:00;standby;18.6;30.2;5.0;31.0;54.6;57.0;0;0;0;0;16376.05;11280.08;5095.97;32431.1
2026-07-10T06:22:57.197033+02:00;standby;18.6;30.2;5.0;31.0;54.6;57.0;0;0;0;0;16376.05;11280.08;5095.97;32431.1
2026-07-10T06:23:58.150371+02:00;standby;18.6;30.2;5.0;31.0;54.6;57.0;0;0;0;0;16376.05;11280.08;5095.97;32431.1
2026-07-10T06:24:58.698000+02:00;standby;18.6;30.2;5.0;31.0;54.6;57.0;0;0;0;0;16376.05;11280.08;5095.97;32431.1
2026-07-10T06:25:59.167515+02:00;standby;18.6;30.1;5.0;31.0;54.6;57.0;0;0;0;0;16376.05;11280.08;5095.97;32431.1
2026-07-10T06:26:59.884359+02:00;standby;18.6;30.2;5.0;31.0;54.5;57.0;0;0;0;0;16376.05;11280.08;5095.97;32431.1
2026-07-10T06:28:00.426568+02:00;standby;18.6;30.1;5.0;31.0;54.5;57.0;0;0;0;0;16376.05;11280.08;5095.97;32431.1
2026-07-10T06:29:00.922388+02:00;standby;18.6;30.1;5.0;31.0;54.5;57.0;0;0;0;0;16376.05;11280.08;5095.97;32431.1
2026-07-10T06:30:01.645991+02:00;standby;18.6;30.1;5.0;31.0;54.5;57.0;0;0;0;0;16376.05;11280.08;5095.97;32431.1
2026-07-10T06:31:02.505801+02:00;standby;18.6;30.1;5.0;31.0;54.5;57.0;0;0;0;0;16376.05;11280.08;5095.97;32431.1
2026-07-10T06:32:02.995232+02:00;standby;18.6;30.1;5.0;31.0;54.5;57.0;0;0;0;0;16376.05;11280.08;5095.97;32431.1
2026-07-10T06:33:03.511189+02:00;standby;18.6;30.1;5.0;31.0;54.5;57.0;0;0;0;0;16376.05;11280.08;5095.97;32431.1
2026-07-10T06:34:04.030304+02:00;standby;18.6;30.1;5.0;31.0;54.5;57.0;0;0;0;0;16376.05;11280.08;5095.97;32431.1
2026-07-10T06:35:04.658575+02:00;standby;18.6;30.1;5.0;31.0;54.5;57.0;0;0;0;0;16376.05;11280.08;5095.97;32431.1
2026-07-10T06:36:05.537604+02:00;standby;18.6;30.1;5.0;31.0;54.5;57.0;0;0;0;0;16376.05;11280.08;5095.97;32431.1
2026-07-10T06:37:06.094347+02:00;standby;18.6;30.1;5.0;31.0;54.4;57.0;0;0;0;0;16376.05;11280.08;5095.97;32431.1
2026-07-10T06:38:06.729866+02:00;standby;18.6;30.1;5.0;31.0;54.4;57.0;0;0;0;0;16376.05;11280.08;5095.97;32431.1
2026-07-10T06:39:07.249392+02:00;standby;18.6;30.1;5.0;31.0;54.4;57.0;0;0;0;0;16376.05;11280.08;5095.97;32431.1
2026-07-10T06:40:07.761427+02:00;standby;18.6;30.1;5.0;31.0;54.4;57.0;0;0;0;0;16376.05;11280.08;5095.97;32431.1
2026-07-10T06:41:08.305893+02:00;standby;18.6;30.1;5.0;31.0;54.4;57.0;0;0;0;0;16376.05;11280.08;5095.97;32431.1
2026-07-10T06:42:08.788648+02:00;standby;18.6;30.0;5.0;31.0;54.4;57.0;0;0;0;0;16376.05;11280.08;5095.97;32431.1
2026-07-10T06:43:09.333084+02:00;standby;18.6;30.0;5.0;31.0;54.4;57.0;0;0;0;0;16376.05;11280.08;5095.97;32431.1
2026-07-10T06:44:09.837000+02:00;standby;18.6;30.0;5.0;31.0;54.4;57.0;0;0;0;0;16376.05;11280.08;5095.97;32431.1
2026-07-10T06:45:10.350906+02:00;standby;18.6;30.0;5.0;31.0;54.4;57.0;0;0;0;0;16376.05;11280.08;5095.97;32431.1
2026-07-10T06:46:10.879200+02:00;standby;18.6;30.0;5.0;31.0;54.4;57.0;0;0;0;0;16376.05;11280.08;5095.97;32431.1
2026-07-10T06:47:11.333695+02:00;standby;18.6;30.0;5.0;31.0;54.4;57.0;0;0;0;0;16376.05;11280.08;5095.97;32431.1
2026-07-10T06:48:11.807028+02:00;standby;18.6;30.0;5.0;31.0;54.4;57.0;0;0;0;0;16376.05;11280.08;5095.97;32431.1
2026-07-10T06:49:12.371419+02:00;standby;18.6;30.0;5.0;31.0;54.3;57.0;0;0;0;0;16376.05;11280.08;5095.97;32431.1
2026-07-10T06:50:12.988326+02:00;standby;18.6;30.0;5.0;30.0;54.4;57.0;0;0;0;0;16376.05;11280.08;5095.97;32431.1
2026-07-10T06:51:13.461528+02:00;standby;18.6;30.0;5.0;30.0;54.3;57.0;0;0;0;0;16376.05;11280.08;5095.97;32431.1
2026-07-10T06:52:14.035569+02:00;standby;18.6;29.9;5.0;30.0;54.3;57.0;0;0;0;0;16376.05;11280.08;5095.97;32431.1
2026-07-10T06:53:14.509911+02:00;standby;18.6;30.0;5.0;30.0;54.3;57.0;0;0;0;0;16376.05;11280.08;5095.97;32431.1
2026-07-10T06:54:15.144615+02:00;standby;18.6;30.0;5.0;30.0;54.3;57.0;0;0;0;0;16376.05;11280.08;5095.97;32431.1
2026-07-10T06:55:15.662747+02:00;standby;18.6;29.9;5.0;30.0;54.3;57.0;0;0;0;0;16376.05;11280.08;5095.97;32431.1
2026-07-10T06:56:16.162945+02:00;standby;18.6;29.9;5.0;30.0;54.3;57.0;0;0;0;0;16376.05;11280.08;5095.97;32431.1
2026-07-10T06:57:16.678305+02:00;standby;18.6;29.9;5.0;30.0;54.3;57.0;0;0;0;0;16376.05;11280.08;5095.97;32431.1
2026-07-10T06:58:17.095927+02:00;standby;18.6;29.9;5.0;30.0;54.3;57.0;0;0;0;0;16376.05;11280.08;5095.97;32431.1
2026-07-10T06:59:17.522340+02:00;standby;18.6;29.9;5.0;30.0;54.3;57.0;0;0;0;0;16376.05;11280.08;5095.97;32431.1
2026-07-10T07:00:18.002762+02:00;standby;18.6;29.9;5.0;30.0;54.2;57.0;0;0;0;0;16376.05;11280.08;5095.97;32431.1
2026-07-10T07:01:18.420599+02:00;standby;18.6;29.9;5.0;30.0;54.3;57.0;0;0;0;0;16376.05;11280.08;5095.97;32431.1
2026-07-10T07:02:19.005434+02:00;standby;18.6;29.9;5.0;29.0;54.2;57.0;0;0;0;0;16376.05;11280.08;5095.97;32431.1
2026-07-10T07:03:19.694631+02:00;standby;18.6;29.9;5.0;29.0;54.2;57.0;0;0;0;0;16376.05;11280.08;5095.97;32431.1
2026-07-10T07:04:20.220400+02:00;standby;18.6;29.9;5.0;29.0;54.2;57.0;0;0;0;0;16376.05;11280.08;5095.97;32431.1
2026-07-10T07:05:20.732924+02:00;standby;18.6;29.9;5.0;29.0;54.2;57.0;0;0;0;0;16376.05;11280.08;5095.97;32431.1
2026-07-10T07:06:21.301556+02:00;standby;18.6;29.9;5.0;29.0;54.2;57.0;0;0;0;0;16376.05;11280.08;5095.97;32431.1
2026-07-10T07:07:21.913718+02:00;standby;18.6;29.9;5.0;29.0;54.2;57.0;0;0;0;0;16376.05;11280.08;5095.97;32431.1
2026-07-10T07:08:23.995699+02:00;standby;18.6;29.9;5.0;29.0;54.2;57.0;0;0;0;0;16376.05;11280.08;5095.97;32431.1
2026-07-10T07:09:24.377890+02:00;standby;18.6;29.9;5.0;29.0;54.2;57.0;0;0;0;0;16376.05;11280.08;5095.97;32431.1
2026-07-10T07:10:24.826412+02:00;standby;18.6;29.9;5.0;29.0;54.2;57.0;0;0;0;0;16376.05;11280.08;5095.97;32431.1
2026-07-10T07:11:25.289656+02:00;standby;18.6;29.9;5.0;29.0;54.2;57.0;0;0;0;0;16376.05;11280.08;5095.97;32431.1
2026-07-10T07:12:25.798471+02:00;standby;18.6;29.9;5.0;29.0;54.1;57.0;0;0;0;0;16376.05;11280.08;5095.97;32431.1
2026-07-10T07:13:26.229213+02:00;standby;18.6;29.9;5.0;29.0;54.1;57.0;0;0;0;0;16376.05;11280.08;5095.97;32431.1
2026-07-10T07:14:26.746941+02:00;standby;18.6;29.9;5.0;28.0;54.1;57.0;0;0;0;0;16376.05;11280.08;5095.97;32431.1
2026-07-10T07:15:27.662634+02:00;standby;18.6;29.7;5.0;28.0;54.1;57.0;0;0;0;0;16376.05;11280.08;5095.97;32431.1
2026-07-10T07:16:28.192343+02:00;standby;18.6;29.7;5.0;28.0;54.1;57.0;0;0;0;0;16376.05;11280.08;5095.97;32431.1
2026-07-10T07:17:28.713095+02:00;standby;18.6;29.7;5.0;28.0;54.1;57.0;0;0;0;0;16376.05;11280.08;5095.97;32431.1
2026-07-10T07:18:29.186565+02:00;standby;18.6;29.7;5.0;28.0;54.1;57.0;0;0;0;0;16376.05;11280.08;5095.97;32431.1
2026-07-10T07:19:29.965548+02:00;standby;18.6;29.7;5.0;28.0;54.1;57.0;0;0;0;0;16376.05;11280.08;5095.97;32431.1
2026-07-10T07:20:30.476594+02:00;standby;22.1;29.7;5.0;28.0;54.1;57.0;0;0;0;0;16376.05;11280.08;5095.97;32431.1
2026-07-10T07:21:30.982820+02:00;standby;22.1;29.7;5.0;28.0;54.1;57.0;0;0;0;0;16376.05;11280.08;5095.97;32431.1
2026-07-10T07:22:31.708940+02:00;standby;22.1;29.7;5.0;28.0;54.1;57.0;0;0;0;0;16376.05;11280.08;5095.97;32431.1
2026-07-10T07:23:32.542807+02:00;standby;22.1;29.7;5.0;28.0;54.0;57.0;0;0;0;0;16376.05;11280.08;5095.97;32431.1
2026-07-10T07:24:33.052833+02:00;standby;22.1;29.7;5.0;28.0;54.0;57.0;0;0;0;0;16376.05;11280.08;5095.97;32431.1
2026-07-10T07:25:33.575543+02:00;standby;22.1;29.7;5.0;28.0;54.0;57.0;0;0;0;0;16376.05;11280.08;5095.97;32431.1
2026-07-10T07:26:34.050566+02:00;standby;22.1;29.7;5.0;28.0;54.0;57.0;0;0;0;0;16376.05;11280.08;5095.97;32431.1
2026-07-10T07:27:34.518327+02:00;standby;22.1;29.7;5.0;28.0;54.0;57.0;0;0;0;0;16376.05;11280.08;5095.97;32431.1
2026-07-10T07:28:34.992473+02:00;standby;22.1;29.7;5.0;28.0;53.9;57.0;0;0;0;0;16376.05;11280.08;5095.97;32431.1
2026-07-10T07:29:35.403872+02:00;standby;22.1;29.7;5.0;28.0;53.9;57.0;0;0;0;0;16376.05;11280.08;5095.97;32431.1
2026-07-10T07:30:35.828418+02:00;standby;22.1;29.6;5.0;28.0;53.9;57.0;0;0;0;0;16376.05;11280.08;5095.97;32431.1
2026-07-10T07:31:36.241598+02:00;standby;22.1;29.6;5.0;28.0;53.9;57.0;0;0;0;0;16376.05;11280.08;5095.97;32431.1
2026-07-10T07:32:36.706458+02:00;standby;22.1;29.6;5.0;28.0;53.9;57.0;0;0;0;0;16376.05;11280.08;5095.97;32431.1
2026-07-10T07:33:37.178887+02:00;standby;22.1;29.6;5.0;28.0;53.8;57.0;0;0;0;0;16376.05;11280.08;5095.97;32431.1
2026-07-10T07:34:37.592855+02:00;standby;22.1;29.6;5.0;28.0;53.8;57.0;0;0;0;0;16376.05;11280.08;5095.97;32431.1
2026-07-10T07:35:38.013117+02:00;standby;22.1;29.6;5.0;28.0;53.8;57.0;0;0;0;0;16376.05;11280.08;5095.97;32431.1
2026-07-10T07:36:38.432047+02:00;standby;22.1;29.6;5.0;28.0;53.8;57.0;0;0;0;0;16376.05;11280.08;5095.97;32431.1
2026-07-10T07:37:38.847179+02:00;standby;22.1;29.6;5.0;28.0;53.8;57.0;0;0;0;0;16376.05;11280.08;5095.97;32431.1
2026-07-10T07:38:39.315612+02:00;standby;22.1;29.6;5.0;28.0;53.8;57.0;0;0;0;0;16376.05;11280.08;5095.97;32431.1
2026-07-10T07:39:40.041627+02:00;standby;22.1;29.6;5.0;28.0;53.7;57.0;0;0;0;0;16376.05;11280.08;5095.97;32431.1
2026-07-10T07:40:40.507142+02:00;standby;22.1;29.6;5.0;28.0;53.7;57.0;0;0;0;0;16376.05;11280.08;5095.97;32431.1
2026-07-10T07:41:40.928772+02:00;standby;22.1;29.6;5.0;28.0;53.7;57.0;0;0;0;0;16376.05;11280.08;5095.97;32431.1
2026-07-10T07:42:41.402520+02:00;standby;22.1;29.6;5.0;28.0;53.7;57.0;0;0;0;0;16376.05;11280.08;5095.97;32431.1
2026-07-10T07:43:41.905732+02:00;standby;22.1;29.6;5.0;28.0;53.7;57.0;0;0;0;0;16376.05;11280.08;5095.97;32431.1
2026-07-10T07:44:42.435118+02:00;standby;22.1;29.6;5.0;28.0;53.7;57.0;0;0;0;0;16376.05;11280.08;5095.97;32431.1
2026-07-10T07:45:42.940017+02:00;standby;22.1;29.4;5.0;28.0;53.7;57.0;0;0;0;0;16376.05;11280.08;5095.97;32431.1
2026-07-10T07:46:43.423275+02:00;standby;22.1;29.6;5.0;28.0;53.7;57.0;0;0;0;0;16376.05;11280.08;5095.97;32431.1
2026-07-10T07:47:44.002542+02:00;standby;22.1;29.6;5.0;28.0;53.6;57.0;0;0;0;0;16376.05;11280.08;5095.97;32431.1
2026-07-10T07:48:44.511290+02:00;standby;22.1;29.4;5.0;28.0;53.5;57.0;0;0;0;0;16376.05;11280.08;5095.97;32431.1
2026-07-10T07:49:45.388228+02:00;standby;22.1;29.4;5.0;28.0;53.5;57.0;0;0;0;0;16376.05;11280.08;5095.97;32431.1
2026-07-10T07:50:46.104116+02:00;standby;22.1;29.4;5.0;28.0;53.5;57.0;0;0;0;0;16376.05;11280.08;5095.97;32431.1
2026-07-10T07:51:46.633748+02:00;standby;22.1;29.4;5.0;28.0;53.5;57.0;0;0;0;0;16376.05;11280.08;5095.97;32431.1
2026-07-10T07:52:47.096162+02:00;standby;22.1;29.6;5.0;28.0;53.4;57.0;0;0;0;0;16376.05;11280.08;5095.97;32431.1
2026-07-10T07:53:47.566419+02:00;standby;22.1;29.4;5.0;28.0;53.4;57.0;0;0;0;0;16376.05;11280.08;5095.97;32431.1
2026-07-10T07:54:48.101314+02:00;standby;22.1;29.4;5.0;28.0;53.4;57.0;0;0;0;0;16376.05;11280.08;5095.97;32431.1
2026-07-10T07:55:48.665332+02:00;standby;22.1;29.4;5.0;28.0;53.4;57.0;0;0;0;0;16376.05;11280.08;5095.97;32431.1
2026-07-10T07:56:49.158858+02:00;standby;22.1;29.4;5.0;28.0;53.4;57.0;0;0;0;0;16376.05;11280.08;5095.97;32431.1
2026-07-10T07:57:49.591067+02:00;standby;22.1;29.4;5.0;28.0;53.4;57.0;0;0;0;0;16376.05;11280.08;5095.97;32431.1
2026-07-10T07:58:50.136649+02:00;standby;22.1;29.4;5.0;28.0;53.4;57.0;0;0;0;0;16376.05;11280.08;5095.97;32431.1
2026-07-10T07:59:50.627695+02:00;standby;22.1;29.4;5.0;28.0;53.4;57.0;0;0;0;0;16376.05;11280.08;5095.97;32431.1
2026-07-10T08:00:51.085304+02:00;standby;22.1;29.4;5.0;28.0;53.4;57.0;0;0;0;0;16376.05;11280.08;5095.97;32431.1
2026-07-10T08:01:51.556092+02:00;standby;22.1;29.4;5.0;28.0;53.3;57.0;0;0;0;0;16376.05;11280.08;5095.97;32431.1
2026-07-10T08:02:52.279687+02:00;standby;22.1;29.4;5.0;28.0;53.3;57.0;0;0;0;0;16376.05;11280.08;5095.97;32431.1
2026-07-10T08:03:52.751131+02:00;standby;22.1;29.4;5.0;28.0;53.3;57.0;0;0;0;0;16376.05;11280.08;5095.97;32431.1
2026-07-10T08:04:53.230504+02:00;standby;22.1;29.4;5.0;28.0;53.3;57.0;0;0;0;0;16376.05;11280.08;5095.97;32431.1
2026-07-10T08:05:53.728948+02:00;standby;22.1;29.4;5.0;28.0;53.3;57.0;0;0;0;0;16376.05;11280.08;5095.97;32431.1
2026-07-10T08:06:54.215788+02:00;standby;22.1;29.4;5.0;28.0;53.3;57.0;0;0;0;0;16376.05;11280.08;5095.97;32431.1
2026-07-10T08:07:54.671130+02:00;standby;22.1;29.4;5.0;28.0;53.3;57.0;0;0;0;0;16376.05;11280.08;5095.97;32431.1
2026-07-10T08:08:55.201523+02:00;standby;22.1;29.4;5.0;28.0;53.3;57.0;0;0;0;0;16376.05;11280.08;5095.97;32431.1
2026-07-10T08:09:55.717693+02:00;standby;22.1;29.3;5.0;28.0;53.3;57.0;0;0;0;0;16376.05;11280.08;5095.97;32431.1
2026-07-10T08:10:56.191942+02:00;standby;22.1;29.3;5.0;28.0;53.3;57.0;0;0;0;0;16376.05;11280.08;5095.97;32431.1
2026-07-10T08:11:56.871460+02:00;standby;22.1;29.4;5.0;28.0;53.3;57.0;0;0;0;0;16376.05;11280.08;5095.97;32431.1
2026-07-10T08:12:57.688403+02:00;standby;22.1;29.3;5.0;28.0;53.3;57.0;0;0;0;0;16376.05;11280.08;5095.97;32431.1
2026-07-10T08:13:58.277519+02:00;standby;22.1;29.3;5.0;28.0;53.2;57.0;0;0;0;0;16376.05;11280.08;5095.97;32431.1
2026-07-10T08:14:58.723377+02:00;standby;22.1;29.3;5.0;28.0;53.2;57.0;0;0;0;0;16376.05;11280.08;5095.97;32431.1
2026-07-10T08:15:59.547002+02:00;standby;22.1;29.3;5.0;28.0;53.2;57.0;0;0;0;0;16376.05;11280.08;5095.97;32431.1
2026-07-10T08:17:00.041284+02:00;standby;22.1;29.3;5.0;28.0;53.2;57.0;0;0;0;0;16376.05;11280.08;5095.97;32431.1
2026-07-10T08:18:00.458271+02:00;standby;22.1;29.3;5.0;28.0;53.2;57.0;0;0;0;0;16376.05;11280.08;5095.97;32431.1
2026-07-10T08:19:01.010895+02:00;standby;22.1;29.3;5.0;28.0;53.2;57.0;0;0;0;0;16376.05;11280.08;5095.97;32431.1
2026-07-10T08:20:02.443800+02:00;standby;22.1;29.3;5.0;28.0;53.2;57.0;0;0;0;0;16376.05;11280.08;5095.97;32431.1
2026-07-10T08:21:02.934648+02:00;standby;23.1;29.3;5.0;28.0;53.2;57.0;0;0;0;0;16376.05;11280.08;5095.97;32431.1
2026-07-10T08:22:03.353955+02:00;standby;23.1;29.3;5.0;28.0;53.2;57.0;0;0;0;0;16376.05;11280.08;5095.97;32431.1
2026-07-10T08:23:03.772796+02:00;standby;23.1;29.3;5.0;28.0;53.2;57.0;0;0;0;0;16376.05;11280.08;5095.97;32431.1
2026-07-10T08:24:04.370908+02:00;standby;23.1;29.3;5.0;28.0;53.2;57.0;0;0;0;0;16376.05;11280.08;5095.97;32431.1
2026-07-10T08:25:05.142902+02:00;standby;23.1;29.3;5.0;28.0;53.1;57.0;0;0;0;0;16376.05;11280.08;5095.97;32431.1
2026-07-10T08:26:05.664258+02:00;standby;23.1;29.3;5.0;28.0;53.1;57.0;0;0;0;0;16376.05;11280.08;5095.97;32431.1
2026-07-10T08:27:06.484173+02:00;standby;23.1;29.3;5.0;28.0;53.1;57.0;0;0;0;0;16376.05;11280.08;5095.97;32431.1
2026-07-10T08:28:06.967263+02:00;standby;23.1;29.3;5.0;28.0;53.1;57.0;0;0;0;0;16376.05;11280.08;5095.97;32431.1
2026-07-10T08:29:07.368848+02:00;standby;23.1;29.3;5.0;28.0;53.1;57.0;0;0;0;0;16376.05;11280.08;5095.97;32431.1
2026-07-10T08:30:07.843551+02:00;standby;23.1;29.3;5.0;28.0;53.1;57.0;0;0;0;0;16376.05;11280.08;5095.97;32431.1
2026-07-10T08:31:08.312213+02:00;standby;23.1;29.3;5.0;28.0;53.1;57.0;0;0;0;0;16376.05;11280.08;5095.97;32431.1
2026-07-10T08:32:08.780426+02:00;standby;23.1;29.3;5.0;28.0;53.1;57.0;0;0;0;0;16376.05;11280.08;5095.97;32431.1
2026-07-10T08:33:09.303032+02:00;standby;23.1;29.3;5.0;28.0;53.1;57.0;0;0;0;0;16376.05;11280.08;5095.97;32431.1
2026-07-10T08:34:10.582520+02:00;standby;23.1;29.2;5.0;28.0;53.1;57.0;0;0;0;0;16376.05;11280.08;5095.97;32431.1
2026-07-10T08:35:10.973420+02:00;standby;23.1;29.3;5.0;28.0;53.1;57.0;0;0;0;0;16376.05;11280.08;5095.97;32431.1
2026-07-10T08:36:11.792480+02:00;standby;23.1;29.2;5.0;28.0;52.9;57.0;0;0;0;0;16376.05;11280.08;5095.97;32431.1
2026-07-10T08:37:12.520228+02:00;standby;23.1;29.2;5.0;28.0;52.9;57.0;0;0;0;0;16376.05;11280.08;5095.97;32431.1
2026-07-10T08:38:13.045365+02:00;standby;23.1;29.2;5.0;28.0;52.9;57.0;0;0;0;0;16376.05;11280.08;5095.97;32431.1
2026-07-10T08:39:13.591135+02:00;standby;23.1;29.2;5.0;28.0;52.9;57.0;0;0;0;0;16376.05;11280.08;5095.97;32431.1
2026-07-10T08:40:14.066788+02:00;standby;23.1;29.2;5.0;28.0;52.9;57.0;0;0;0;0;16376.05;11280.08;5095.97;32431.1
2026-07-10T08:41:14.590647+02:00;standby;23.1;29.2;5.0;28.0;52.9;57.0;0;0;0;0;16376.05;11280.08;5095.97;32431.1
2026-07-10T08:42:15.073594+02:00;standby;23.1;29.2;5.0;28.0;52.9;57.0;0;0;0;0;16376.05;11280.08;5095.97;32431.1
2026-07-10T08:43:15.738247+02:00;standby;23.1;29.2;5.0;28.0;52.9;57.0;0;0;0;0;16376.05;11280.08;5095.97;32431.1
2026-07-10T08:44:16.261348+02:00;standby;23.1;29.2;5.0;28.0;52.9;57.0;0;0;0;0;16376.05;11280.08;5095.97;32431.1
2026-07-10T08:45:16.760924+02:00;standby;23.1;29.2;5.0;28.0;52.9;57.0;0;0;0;0;16376.05;11280.08;5095.97;32431.1
2026-07-10T08:46:17.232458+02:00;standby;23.1;29.2;5.0;28.0;52.9;57.0;0;0;0;0;16376.05;11280.08;5095.97;32431.1
2026-07-10T08:47:17.667148+02:00;standby;23.1;29.2;5.0;28.0;52.8;57.0;0;0;0;0;16376.05;11280.08;5095.97;32431.1
2026-07-10T08:48:18.391939+02:00;standby;23.1;29.2;5.0;28.0;52.8;57.0;0;0;0;0;16376.05;11280.08;5095.97;32431.1
2026-07-10T08:49:18.838738+02:00;standby;23.1;29.2;5.0;28.0;52.8;57.0;0;0;0;0;16376.05;11280.08;5095.97;32431.1
2026-07-10T08:50:19.357279+02:00;standby;23.1;29.2;5.0;28.0;52.8;57.0;0;0;0;0;16376.05;11280.08;5095.97;32431.1
2026-07-10T08:51:19.872597+02:00;standby;23.1;29.2;5.0;28.0;52.8;57.0;0;0;0;0;16376.05;11280.08;5095.97;32431.1
2026-07-10T08:52:20.393952+02:00;standby;23.1;29.2;5.0;28.0;52.8;57.0;0;0;0;0;16376.05;11280.08;5095.97;32431.1
2026-07-10T08:53:20.911488+02:00;standby;23.1;29.2;5.0;28.0;52.8;57.0;0;0;0;0;16376.05;11280.08;5095.97;32431.1
2026-07-10T08:54:21.386882+02:00;standby;23.1;29.2;5.0;28.0;52.8;57.0;0;0;0;0;16376.05;11280.08;5095.97;32431.1
2026-07-10T08:55:21.857956+02:00;standby;23.1;29.2;5.0;28.0;52.8;57.0;0;0;0;0;16376.05;11280.08;5095.97;32431.1
2026-07-10T08:56:22.488328+02:00;standby;23.1;29.2;5.0;28.0;52.8;57.0;0;0;0;0;16376.05;11280.08;5095.97;32431.1
2026-07-10T08:57:22.943517+02:00;standby;23.1;29.2;5.0;28.0;52.8;57.0;0;0;0;0;16376.05;11280.08;5095.97;32431.1
2026-07-10T08:58:23.375750+02:00;standby;23.1;29.0;5.0;28.0;52.7;57.0;0;0;0;0;16376.05;11280.08;5095.97;32431.1
2026-07-10T08:59:23.925735+02:00;standby;23.1;29.2;5.0;28.0;52.7;57.0;0;0;0;0;16376.05;11280.08;5095.97;32431.1
2026-07-10T09:00:24.400030+02:00;standby;23.1;29.0;5.0;28.0;52.7;57.0;0;0;0;0;16376.05;11280.08;5095.97;32431.1
2026-07-10T09:01:24.966157+02:00;standby;23.1;29.0;5.0;28.0;52.7;57.0;0;0;0;0;16376.05;11280.08;5095.97;32431.1
2026-07-10T09:02:25.505883+02:00;standby;23.1;29.0;5.0;28.0;52.7;57.0;0;0;0;0;16376.05;11280.08;5095.97;32431.1
2026-07-10T09:03:25.972168+02:00;standby;23.1;29.0;5.0;28.0;52.7;57.0;0;0;0;0;16376.05;11280.08;5095.97;32431.1
2026-07-10T09:04:26.425199+02:00;standby;23.1;29.0;5.0;28.0;52.7;57.0;0;0;0;0;16376.05;11280.08;5095.97;32431.1
2026-07-10T09:05:27.057425+02:00;standby;23.1;29.0;5.0;28.0;52.7;57.0;0;0;0;0;16376.05;11280.08;5095.97;32431.1
2026-07-10T09:06:27.514013+02:00;standby;23.1;29.0;5.0;28.0;52.7;57.0;0;0;0;0;16376.05;11280.08;5095.97;32431.1
2026-07-10T09:07:28.082868+02:00;standby;23.1;29.0;5.0;28.0;52.7;57.0;0;0;0;0;16376.05;11280.08;5095.97;32431.1
2026-07-10T09:08:28.568167+02:00;standby;23.1;29.0;5.0;28.0;52.6;57.0;0;0;0;0;16376.05;11280.08;5095.97;32431.1
2026-07-10T09:09:28.984137+02:00;standby;23.1;29.0;5.0;28.0;52.7;57.0;0;0;0;0;16376.05;11280.08;5095.97;32431.1
2026-07-10T09:10:29.432999+02:00;standby;23.1;29.0;5.0;28.0;52.6;57.0;0;0;0;0;16376.05;11280.08;5095.97;32431.1
2026-07-10T09:11:29.910154+02:00;standby;23.1;29.0;5.0;28.0;52.6;57.0;0;0;0;0;16376.05;11280.08;5095.97;32431.1
2026-07-10T09:12:30.340746+02:00;standby;23.1;29.0;5.0;28.0;52.6;57.0;0;0;0;0;16376.05;11280.08;5095.97;32431.1
2026-07-10T09:13:30.739974+02:00;standby;23.1;29.0;5.0;28.0;52.6;57.0;0;0;0;0;16376.05;11280.08;5095.97;32431.1
2026-07-10T09:14:31.375455+02:00;standby;23.1;29.0;5.0;28.0;52.6;57.0;0;0;0;0;16376.05;11280.08;5095.97;32431.1
2026-07-10T09:15:31.828610+02:00;standby;23.1;29.0;5.0;28.0;52.6;57.0;0;0;0;0;16376.05;11280.08;5095.97;32431.1
2026-07-10T09:16:32.349200+02:00;standby;23.1;29.0;5.0;28.0;52.6;57.0;0;0;0;0;16376.05;11280.08;5095.97;32431.1
2026-07-10T09:17:32.890108+02:00;standby;23.1;29.0;5.0;28.0;52.6;57.0;0;0;0;0;16376.05;11280.08;5095.97;32431.1
2026-07-10T09:18:33.489328+02:00;standby;23.1;29.0;5.0;28.0;52.6;57.0;0;0;0;0;16376.05;11280.08;5095.97;32431.1
2026-07-10T09:19:33.973232+02:00;standby;23.1;29.0;5.0;28.0;52.6;57.0;0;0;0;0;16376.05;11280.08;5095.97;32431.1
2026-07-10T09:20:34.388425+02:00;standby;23.1;29.0;5.0;28.0;52.6;57.0;0;0;0;0;16376.05;11280.08;5095.97;32431.1
2026-07-10T09:21:34.836312+02:00;standby;23.6;29.0;5.0;28.0;52.5;57.0;0;0;0;0;16376.05;11280.08;5095.97;32431.1
2026-07-10T09:22:35.328055+02:00;standby;23.6;29.0;5.0;28.0;52.5;57.0;0;0;0;0;16376.05;11280.08;5095.97;32431.1
2026-07-10T09:23:35.777646+02:00;standby;23.6;29.0;5.0;28.0;52.5;57.0;0;0;0;0;16376.05;11280.08;5095.97;32431.1
2026-07-10T09:24:36.309817+02:00;standby;23.6;29.0;5.0;28.0;52.5;57.0;0;0;0;0;16376.05;11280.08;5095.97;32431.1
2026-07-10T09:25:36.984455+02:00;standby;23.6;29.0;5.0;28.0;52.5;57.0;0;0;0;0;16376.05;11280.08;5095.97;32431.1
2026-07-10T09:26:37.554062+02:00;standby;23.6;29.0;5.0;28.0;52.5;57.0;0;0;0;0;16376.05;11280.08;5095.97;32431.1
2026-07-10T09:27:38.183901+02:00;standby;23.6;29.0;5.0;28.0;52.5;57.0;0;0;0;0;16376.05;11280.08;5095.97;32431.1
2026-07-10T09:28:38.680977+02:00;standby;23.6;29.0;5.0;28.0;52.5;57.0;0;0;0;0;16376.05;11280.08;5095.97;32431.1
2026-07-10T09:29:39.167867+02:00;standby;23.6;29.0;5.0;28.0;52.5;57.0;0;0;0;0;16376.05;11280.08;5095.97;32431.1
2026-07-10T09:30:39.760241+02:00;standby;23.6;29.0;5.0;28.0;52.5;57.0;0;0;0;0;16376.05;11280.08;5095.97;32431.1
2026-07-10T09:31:40.251832+02:00;standby;23.6;28.9;5.0;28.0;52.5;57.0;0;0;0;0;16376.05;11280.08;5095.97;32431.1
2026-07-10T09:32:40.760129+02:00;standby;23.6;29.0;5.0;28.0;52.4;57.0;0;0;0;0;16376.05;11280.08;5095.97;32431.1
2026-07-10T09:33:41.276825+02:00;standby;23.6;29.0;5.0;28.0;52.4;57.0;0;0;0;0;16376.05;11280.08;5095.97;32431.1
2026-07-10T09:34:41.779364+02:00;standby;23.6;29.0;5.0;28.0;52.4;57.0;0;0;0;0;16376.05;11280.08;5095.97;32431.1
2026-07-10T09:35:42.297455+02:00;standby;23.6;28.9;5.0;28.0;52.4;57.0;0;0;0;0;16376.05;11280.08;5095.97;32431.1
2026-07-10T09:36:42.886846+02:00;standby;23.6;28.9;5.0;28.0;52.4;57.0;0;0;0;0;16376.05;11280.08;5095.97;32431.1
2026-07-10T09:37:43.318986+02:00;standby;23.6;28.9;5.0;28.0;52.4;57.0;0;0;0;0;16376.05;11280.08;5095.97;32431.1
2026-07-10T09:38:43.801995+02:00;standby;23.6;28.9;5.0;28.0;52.4;57.0;0;0;0;0;16376.05;11280.08;5095.97;32431.1
2026-07-10T09:39:44.300518+02:00;standby;23.6;28.9;5.0;28.0;52.4;57.0;0;0;0;0;16376.05;11280.08;5095.97;32431.1
2026-07-10T09:40:44.861130+02:00;standby;23.6;28.9;5.0;28.0;52.4;57.0;0;0;0;0;16376.05;11280.08;5095.97;32431.1
2026-07-10T09:41:45.823092+02:00;standby;23.6;28.9;5.0;28.0;52.4;57.0;0;0;0;0;16376.05;11280.08;5095.97;32431.1
2026-07-10T09:42:46.395536+02:00;standby;23.6;28.9;5.0;28.0;52.4;57.0;0;0;0;0;16376.05;11280.08;5095.97;32431.1
2026-07-10T09:43:46.947912+02:00;standby;23.6;28.9;5.0;28.0;52.4;57.0;0;0;0;0;16376.05;11280.08;5095.97;32431.1
2026-07-10T09:44:47.639433+02:00;standby;23.6;28.9;5.0;28.0;52.4;57.0;0;0;0;0;16376.05;11280.08;5095.97;32431.1
2026-07-10T09:45:48.310641+02:00;standby;23.6;28.9;5.0;28.0;52.3;57.0;0;0;0;0;16376.05;11280.08;5095.97;32431.1
2026-07-10T09:46:48.753601+02:00;standby;23.6;28.9;5.0;28.0;52.3;57.0;0;0;0;0;16376.05;11280.08;5095.97;32431.1
2026-07-10T09:47:49.244214+02:00;standby;23.6;28.9;5.0;28.0;52.3;57.0;0;0;0;0;16376.05;11280.08;5095.97;32431.1
2026-07-10T09:48:49.697127+02:00;standby;23.6;28.9;5.0;28.0;52.3;57.0;0;0;0;0;16376.05;11280.08;5095.97;32431.1
2026-07-10T09:49:50.179244+02:00;standby;23.6;28.9;5.0;28.0;52.3;57.0;0;0;0;0;16376.05;11280.08;5095.97;32431.1
2026-07-10T09:50:50.635712+02:00;standby;23.6;28.9;5.0;28.0;52.3;57.0;0;0;0;0;16376.05;11280.08;5095.97;32431.1
2026-07-10T09:51:51.591854+02:00;standby;23.6;28.9;5.0;28.0;52.3;57.0;0;0;0;0;16376.05;11280.08;5095.97;32431.1
2026-07-10T09:52:52.185184+02:00;standby;23.6;28.9;5.0;28.0;52.3;57.0;0;0;0;0;16376.05;11280.08;5095.97;32431.1
2026-07-10T09:53:52.670774+02:00;standby;23.6;28.9;5.0;28.0;52.3;57.0;0;0;0;0;16376.05;11280.08;5095.97;32431.1
2026-07-10T09:54:53.211335+02:00;standby;23.6;28.9;5.0;28.0;52.3;57.0;0;0;0;0;16376.05;11280.08;5095.97;32431.1
2026-07-10T09:55:53.687107+02:00;standby;23.6;28.9;5.0;28.0;52.2;57.0;0;0;0;0;16376.05;11280.08;5095.97;32431.1
2026-07-10T09:56:54.106418+02:00;standby;23.6;28.9;5.0;28.0;52.2;57.0;0;0;0;0;16376.05;11280.08;5095.97;32431.1
2026-07-10T09:57:54.567783+02:00;standby;23.6;28.9;5.0;28.0;52.2;57.0;0;0;0;0;16376.05;11280.08;5095.97;32431.1
2026-07-10T09:58:55.087325+02:00;standby;23.6;28.9;5.0;28.0;52.2;57.0;0;0;0;0;16376.05;11280.08;5095.97;32431.1
2026-07-10T09:59:55.787165+02:00;standby;23.6;28.9;5.0;28.0;52.2;57.0;0;0;0;0;16376.05;11280.08;5095.97;32431.1
2026-07-10T10:00:56.450881+02:00;standby;23.6;28.9;5.0;28.0;52.2;57.0;0;0;0;0;16376.05;11280.08;5095.97;32431.1
2026-07-10T10:01:57.134488+02:00;standby;23.6;28.9;5.0;28.0;52.2;57.0;0;0;0;0;16376.05;11280.08;5095.97;32431.1
2026-07-10T10:02:57.852612+02:00;standby;23.6;28.9;5.0;28.0;52.2;57.0;0;0;0;0;16376.05;11280.08;5095.97;32431.1
2026-07-10T10:03:58.355946+02:00;standby;23.6;28.9;5.0;28.0;52.2;57.0;0;0;0;0;16376.05;11280.08;5095.97;32431.1
2026-07-10T10:04:58.930054+02:00;standby;23.6;28.9;5.0;28.0;52.2;57.0;0;0;0;0;16376.05;11280.08;5095.97;32431.1
2026-07-10T10:05:59.497154+02:00;standby;23.6;28.9;5.0;28.0;52.2;57.0;0;0;0;0;16376.05;11280.08;5095.97;32431.1
2026-07-10T10:07:00.902869+02:00;standby;23.6;28.7;5.0;28.0;52.2;57.0;0;0;0;0;16376.05;11280.08;5095.97;32431.1
2026-07-10T10:08:01.317351+02:00;standby;23.6;28.9;5.0;28.0;52.1;57.0;0;0;0;0;16376.05;11280.08;5095.97;32431.1
2026-07-10T10:09:01.768140+02:00;standby;23.6;28.9;5.0;28.0;52.1;57.0;0;0;0;0;16376.05;11280.08;5095.97;32431.1
2026-07-10T10:10:02.191180+02:00;standby;23.6;28.7;5.0;28.0;52.1;57.0;0;0;0;0;16376.05;11280.08;5095.97;32431.1
2026-07-10T10:11:02.826331+02:00;standby;23.6;28.7;5.0;28.0;52.1;57.0;0;0;0;0;16376.05;11280.08;5095.97;32431.1
2026-07-10T10:12:03.329508+02:00;standby;23.6;28.7;5.0;28.0;52.1;57.0;0;0;0;0;16376.05;11280.08;5095.97;32431.1
2026-07-10T10:13:04.687891+02:00;standby;23.6;28.7;5.0;28.0;52.1;57.0;0;0;0;0;16376.05;11280.08;5095.97;32431.1
2026-07-10T10:14:05.440452+02:00;standby;23.6;28.7;5.0;28.0;52.1;57.0;0;0;0;0;16376.05;11280.08;5095.97;32431.1
2026-07-10T10:15:05.932179+02:00;standby;23.6;28.7;5.0;28.0;52.1;57.0;0;0;0;0;16376.05;11280.08;5095.97;32431.1
2026-07-10T10:16:06.501428+02:00;standby;23.6;28.7;5.0;28.0;52.1;57.0;0;0;0;0;16376.05;11280.08;5095.97;32431.1
2026-07-10T10:17:07.104595+02:00;standby;23.6;28.7;5.0;28.0;52.1;57.0;0;0;0;0;16376.05;11280.08;5095.97;32431.1
2026-07-10T10:18:07.729407+02:00;standby;23.6;28.7;5.0;28.0;52.1;57.0;0;0;0;0;16376.05;11280.08;5095.97;32431.1
2026-07-10T10:19:08.360485+02:00;standby;23.6;28.7;5.0;28.0;52.0;57.0;0;0;0;0;16376.05;11280.08;5095.97;32431.1
2026-07-10T10:20:08.915969+02:00;standby;23.6;28.7;5.0;28.0;52.0;57.0;0;0;0;0;16376.05;11280.08;5095.97;32431.1
2026-07-10T10:21:09.398853+02:00;standby;23.6;28.7;5.0;28.0;52.0;57.0;0;0;0;0;16376.05;11280.08;5095.97;32431.1
2026-07-10T10:22:10.075465+02:00;standby;24.2;28.7;5.0;28.0;52.0;57.0;0;0;0;0;16376.05;11280.08;5095.97;32431.1
2026-07-10T10:23:10.757859+02:00;standby;24.2;28.7;5.0;28.0;52.0;57.0;0;0;0;0;16376.05;11280.08;5095.97;32431.1
2026-07-10T10:24:11.669709+02:00;standby;24.2;28.7;5.0;28.0;52.0;57.0;0;0;0;0;16376.05;11280.08;5095.97;32431.1
2026-07-10T10:25:12.177201+02:00;standby;24.2;28.7;5.0;28.0;52.0;57.0;0;0;0;0;16376.05;11280.08;5095.97;32431.1
2026-07-10T10:26:13.021048+02:00;standby;24.2;28.7;5.0;28.0;52.0;57.0;0;0;0;0;16376.05;11280.08;5095.97;32431.1
2026-07-10T10:27:13.476732+02:00;standby;24.2;28.7;5.0;28.0;52.0;57.0;0;0;0;0;16376.05;11280.08;5095.97;32431.1
2026-07-10T10:28:14.366176+02:00;standby;24.2;28.7;5.0;28.0;52.0;57.0;0;0;0;0;16376.05;11280.08;5095.97;32431.1
2026-07-10T10:29:14.924102+02:00;standby;24.2;28.7;5.0;28.0;52.0;57.0;0;0;0;0;16376.05;11280.08;5095.97;32431.1
2026-07-10T10:30:15.803803+02:00;standby;24.2;28.7;5.0;28.0;52.0;57.0;0;0;0;0;16376.05;11280.08;5095.97;32431.1
2026-07-10T10:31:16.349862+02:00;standby;24.2;28.7;5.0;28.0;51.9;57.0;0;0;0;0;16376.05;11280.08;5095.97;32431.1
2026-07-10T10:32:17.155389+02:00;standby;24.2;28.7;5.0;28.0;51.9;57.0;0;0;0;0;16376.05;11280.08;5095.97;32431.1
2026-07-10T10:33:17.772939+02:00;standby;24.2;28.7;5.0;28.0;51.9;57.0;0;0;0;0;16376.05;11280.08;5095.97;32431.1
2026-07-10T10:34:18.385500+02:00;standby;24.2;28.7;5.0;28.0;51.9;57.0;0;0;0;0;16376.05;11280.08;5095.97;32431.1
2026-07-10T10:35:19.116633+02:00;standby;24.2;28.7;5.0;28.0;51.9;57.0;0;0;0;0;16376.05;11280.08;5095.97;32431.1
2026-07-10T10:36:19.648312+02:00;standby;24.2;28.7;5.0;28.0;51.9;57.0;0;0;0;0;16376.05;11280.08;5095.97;32431.1
2026-07-10T10:37:20.233343+02:00;standby;24.2;28.7;5.0;28.0;51.9;57.0;0;0;0;0;16376.05;11280.08;5095.97;32431.1
2026-07-10T10:38:20.959818+02:00;standby;24.2;28.7;5.0;28.0;51.9;57.0;0;0;0;0;16376.05;11280.08;5095.97;32431.1
2026-07-10T10:39:21.549168+02:00;standby;24.2;28.7;5.0;28.0;51.9;57.0;0;0;0;0;16376.05;11280.08;5095.97;32431.1
2026-07-10T10:40:21.966023+02:00;standby;24.2;28.7;5.0;28.0;51.9;57.0;0;0;0;0;16376.05;11280.08;5095.97;32431.1
2026-07-10T10:41:22.402087+02:00;standby;24.2;28.7;5.0;28.0;51.9;57.0;0;0;0;0;16376.05;11280.08;5095.97;32431.1
2026-07-10T10:42:22.982587+02:00;standby;24.2;28.6;5.0;28.0;51.9;57.0;0;0;0;0;16376.05;11280.08;5095.97;32431.1
2026-07-10T10:43:23.449469+02:00;standby;24.2;28.6;5.0;28.0;51.8;57.0;0;0;0;0;16376.05;11280.08;5095.97;32431.1
2026-07-10T10:44:23.957892+02:00;standby;24.2;28.7;5.0;28.0;51.8;57.0;0;0;0;0;16376.05;11280.08;5095.97;32431.1
2026-07-10T10:45:24.484909+02:00;standby;24.2;28.6;5.0;28.0;51.8;57.0;0;0;0;0;16376.05;11280.08;5095.97;32431.1
2026-07-10T10:46:25.153060+02:00;standby;24.2;28.6;5.0;28.0;51.8;57.0;0;0;0;0;16376.05;11280.08;5095.97;32431.1
2026-07-10T10:47:25.758496+02:00;standby;24.2;28.6;5.0;28.0;51.8;57.0;0;0;0;0;16376.05;11280.08;5095.97;32431.1
2026-07-10T10:48:26.270432+02:00;standby;24.2;28.6;5.0;28.0;51.8;57.0;0;0;0;0;16376.05;11280.08;5095.97;32431.1
2026-07-10T10:49:27.008062+02:00;standby;24.2;28.6;5.0;28.0;51.8;57.0;0;0;0;0;16376.05;11280.08;5095.97;32431.1
2026-07-10T10:50:27.604474+02:00;standby;24.2;28.6;5.0;28.0;51.8;57.0;0;0;0;0;16376.05;11280.08;5095.97;32431.1
2026-07-10T10:51:28.358456+02:00;standby;24.2;28.6;5.0;28.0;51.8;57.0;0;0;0;0;16376.05;11280.08;5095.97;32431.1
2026-07-10T10:52:28.942343+02:00;standby;24.2;28.6;5.0;28.0;51.7;57.0;0;0;0;0;16376.05;11280.08;5095.97;32431.1
2026-07-10T10:53:29.466293+02:00;standby;24.2;28.6;5.0;28.0;51.7;57.0;0;0;0;0;16376.05;11280.08;5095.97;32431.1
2026-07-10T10:54:30.208712+02:00;standby;24.2;28.6;5.0;28.0;51.6;57.0;0;0;0;0;16376.05;11280.08;5095.97;32431.1
2026-07-10T10:55:31.119436+02:00;standby;24.2;28.6;5.0;28.0;51.6;57.0;0;0;0;0;16376.05;11280.08;5095.97;32431.1
2026-07-10T10:56:31.741877+02:00;standby;24.2;28.6;5.0;28.0;51.6;57.0;0;0;0;0;16376.05;11280.08;5095.97;32431.1
2026-07-10T10:57:32.386403+02:00;standby;24.2;28.6;5.0;28.0;51.6;57.0;0;0;0;0;16376.05;11280.08;5095.97;32431.1
2026-07-10T10:58:32.825105+02:00;standby;24.2;28.6;5.0;28.0;51.5;57.0;0;0;0;0;16376.05;11280.08;5095.97;32431.1
2026-07-10T10:59:33.290385+02:00;standby;24.2;28.6;5.0;28.0;51.6;57.0;0;0;0;0;16376.05;11280.08;5095.97;32431.1
2026-07-10T11:00:34.433094+02:00;standby;24.2;28.6;5.0;28.0;51.5;57.0;0;0;0;0;16376.05;11280.08;5095.97;32431.1
2026-07-10T11:01:34.922146+02:00;standby;24.2;28.6;5.0;28.0;51.5;57.0;0;0;0;0;16376.05;11280.08;5095.97;32431.1
2026-07-10T11:02:35.369343+02:00;standby;24.2;28.6;5.0;28.0;51.5;57.0;0;0;0;0;16376.05;11280.08;5095.97;32431.1
2026-07-10T11:03:37.046280+02:00;standby;24.2;28.6;5.0;28.0;51.5;57.0;0;0;0;0;16376.05;11280.08;5095.97;32431.1
2026-07-10T11:04:37.739280+02:00;standby;24.2;28.6;5.0;28.0;51.5;57.0;0;0;0;0;16376.05;11280.08;5095.97;32431.1
2026-07-10T11:05:38.330941+02:00;standby;24.2;28.6;5.0;28.0;51.5;57.0;0;0;0;0;16376.05;11280.08;5095.97;32431.1
2026-07-10T11:06:38.767871+02:00;standby;24.2;28.6;5.0;28.0;51.5;57.0;0;0;0;0;16376.05;11280.08;5095.97;32431.1
2026-07-10T11:07:39.331785+02:00;standby;24.2;28.6;5.0;28.0;51.5;57.0;0;0;0;0;16376.05;11280.08;5095.97;32431.1
2026-07-10T11:08:39.888161+02:00;standby;24.2;28.6;5.0;28.0;51.5;57.0;0;0;0;0;16376.05;11280.08;5095.97;32431.1
2026-07-10T11:09:40.465940+02:00;standby;24.2;28.6;5.0;28.0;51.5;57.0;0;0;0;0;16376.05;11280.08;5095.97;32431.1
2026-07-10T11:10:41.082621+02:00;standby;24.2;28.6;5.0;28.0;51.5;57.0;0;0;0;0;16376.05;11280.08;5095.97;32431.1
2026-07-10T11:11:41.975663+02:00;standby;24.2;28.6;5.0;28.0;51.4;57.0;0;0;0;0;16376.05;11280.08;5095.97;32431.1
2026-07-10T11:12:42.607644+02:00;standby;24.2;28.6;5.0;28.0;51.4;57.0;0;0;0;0;16376.05;11280.08;5095.97;32431.1
2026-07-10T11:13:43.778230+02:00;standby;24.2;28.6;5.0;28.0;51.4;57.0;0;0;0;0;16376.05;11280.08;5095.97;32431.1
2026-07-10T11:14:44.258575+02:00;standby;24.2;28.6;5.0;28.0;51.4;57.0;0;0;0;0;16376.05;11280.08;5095.97;32431.1
2026-07-10T11:15:44.802625+02:00;standby;24.2;28.6;5.0;28.0;51.4;57.0;0;0;0;0;16376.05;11280.08;5095.97;32431.1
2026-07-10T11:16:45.911031+02:00;standby;24.2;28.6;5.0;28.0;51.4;57.0;0;0;0;0;16376.05;11280.08;5095.97;32431.1
2026-07-10T11:17:46.523777+02:00;standby;24.2;28.6;5.0;28.0;51.4;57.0;0;0;0;0;16376.05;11280.08;5095.97;32431.1
2026-07-10T11:18:47.094261+02:00;standby;24.2;28.6;5.0;28.0;51.4;57.0;0;0;0;0;16376.05;11280.08;5095.97;32431.1
2026-07-10T11:19:47.561887+02:00;standby;24.2;28.6;5.0;28.0;51.4;57.0;0;0;0;0;16376.05;11280.08;5095.97;32431.1
2026-07-10T11:20:48.136974+02:00;standby;24.2;28.6;5.0;28.0;51.4;57.0;0;0;0;0;16376.05;11280.08;5095.97;32431.1
2026-07-10T11:21:48.605153+02:00;standby;24.2;28.6;5.0;28.0;51.4;57.0;0;0;0;0;16376.05;11280.08;5095.97;32431.1
2026-07-10T11:22:54.326277+02:00;standby;25.5;28.6;5.0;28.0;51.4;57.0;0;0;0;0;16376.05;11280.08;5095.97;32431.1
2026-07-10T11:23:54.966264+02:00;standby;25.5;28.6;5.0;28.0;51.3;57.0;0;0;0;0;16376.05;11280.08;5095.97;32431.1
2026-07-10T11:24:55.493842+02:00;standby;25.5;28.5;5.0;28.0;51.3;57.0;0;0;0;0;16376.05;11280.08;5095.97;32431.1
2026-07-10T11:25:56.115947+02:00;standby;25.5;28.6;5.0;28.0;51.3;57.0;0;0;0;0;16376.05;11280.08;5095.97;32431.1
2026-07-10T11:26:56.626558+02:00;standby;25.5;28.6;5.0;28.0;51.3;57.0;0;0;0;0;16376.05;11280.08;5095.97;32431.1
2026-07-10T11:27:57.350400+02:00;standby;25.5;28.5;5.0;28.0;51.3;57.0;0;0;0;0;16376.05;11280.08;5095.97;32431.1
2026-07-10T11:28:57.978969+02:00;standby;25.5;28.5;5.0;28.0;51.3;57.0;0;0;0;0;16376.05;11280.08;5095.97;32431.1
2026-07-10T11:29:58.496756+02:00;standby;25.5;28.5;5.0;28.0;51.3;57.0;0;0;0;0;16376.05;11280.08;5095.97;32431.1
2026-07-10T11:30:59.063439+02:00;standby;25.5;28.5;5.0;28.0;51.2;57.0;0;0;0;0;16376.05;11280.08;5095.97;32431.1
2026-07-10T11:32:00.025788+02:00;standby;25.5;28.5;5.0;28.0;51.2;57.0;0;0;0;0;16376.05;11280.08;5095.97;32431.1
2026-07-10T11:33:00.439758+02:00;standby;25.5;28.5;5.0;28.0;51.2;57.0;0;0;0;0;16376.05;11280.08;5095.97;32431.1
2026-07-10T11:34:01.229923+02:00;standby;25.5;28.5;5.0;28.0;51.2;57.0;0;0;0;0;16376.05;11280.08;5095.97;32431.1
2026-07-10T11:35:02.968968+02:00;standby;25.5;28.5;5.0;28.0;51.2;57.0;0;0;0;0;16376.05;11280.08;5095.97;32431.1
2026-07-10T11:36:03.492386+02:00;standby;25.5;28.5;5.0;28.0;51.2;57.0;0;0;0;0;16376.05;11280.08;5095.97;32431.1
2026-07-10T11:37:04.113851+02:00;standby;25.5;28.5;5.0;28.0;51.1;57.0;0;0;0;0;16376.05;11280.08;5095.97;32431.1
2026-07-10T11:38:04.571206+02:00;standby;25.5;28.5;5.0;28.0;51.1;57.0;0;0;0;0;16376.05;11280.08;5095.97;32431.1
2026-07-10T11:39:05.106936+02:00;standby;25.5;28.5;5.0;28.0;51.1;57.0;0;0;0;0;16376.05;11280.08;5095.97;32431.1
2026-07-10T11:40:05.814961+02:00;standby;25.5;28.5;5.0;28.0;51.1;57.0;0;0;0;0;16376.05;11280.08;5095.97;32431.1
2026-07-10T11:41:06.350021+02:00;standby;25.5;28.5;5.0;28.0;51.1;57.0;0;0;0;0;16376.05;11280.08;5095.97;32431.1
2026-07-10T11:42:07.829023+02:00;standby;25.5;28.5;5.0;28.0;50.9;57.0;0;0;0;0;16376.05;11280.08;5095.97;32431.1
2026-07-10T11:43:08.421828+02:00;standby;25.5;28.5;5.0;28.0;50.9;57.0;0;0;0;0;16376.05;11280.08;5095.97;32431.1
2026-07-10T11:44:08.932329+02:00;standby;25.5;28.5;5.0;28.0;50.9;57.0;0;0;0;0;16376.05;11280.08;5095.97;32431.1
2026-07-10T11:45:09.433829+02:00;standby;25.5;28.5;5.0;28.0;50.9;57.0;0;0;0;0;16376.05;11280.08;5095.97;32431.1
2026-07-10T11:46:10.186070+02:00;standby;25.5;28.5;5.0;28.0;50.9;57.0;0;0;0;0;16376.05;11280.08;5095.97;32431.1
2026-07-10T11:47:10.709010+02:00;standby;25.5;28.5;5.0;28.0;50.9;57.0;0;0;0;0;16376.05;11280.08;5095.97;32431.1
2026-07-10T11:48:11.170215+02:00;standby;25.5;28.5;5.0;28.0;50.8;57.0;0;0;0;0;16376.05;11280.08;5095.97;32431.1
2026-07-10T11:49:11.680429+02:00;standby;25.5;28.5;5.0;28.0;50.8;57.0;0;0;0;0;16376.05;11280.08;5095.97;32431.1
2026-07-10T11:50:12.163162+02:00;standby;25.5;28.5;5.0;28.0;50.8;57.0;0;0;0;0;16376.05;11280.08;5095.97;32431.1
2026-07-10T11:51:12.716925+02:00;standby;25.5;28.5;5.0;28.0;50.8;57.0;0;0;0;0;16376.05;11280.08;5095.97;32431.1
2026-07-10T11:52:13.247158+02:00;standby;25.5;28.5;5.0;28.0;50.8;57.0;0;0;0;0;16376.05;11280.08;5095.97;32431.1
2026-07-10T11:53:13.665890+02:00;standby;25.5;28.5;5.0;28.0;50.8;57.0;0;0;0;0;16376.05;11280.08;5095.97;32431.1
2026-07-10T11:54:14.081234+02:00;standby;25.5;28.5;5.0;28.0;50.7;57.0;0;0;0;0;16376.05;11280.08;5095.97;32431.1
2026-07-10T11:55:14.540783+02:00;standby;25.5;28.5;5.0;28.0;50.7;57.0;0;0;0;0;16376.05;11280.08;5095.97;32431.1
2026-07-10T11:56:15.068275+02:00;standby;25.5;28.5;5.0;28.0;50.7;57.0;0;0;0;0;16376.05;11280.08;5095.97;32431.1
2026-07-10T11:57:15.845458+02:00;standby;25.5;28.5;5.0;28.0;50.7;57.0;0;0;0;0;16376.05;11280.08;5095.97;32431.1
2026-07-10T11:58:16.413431+02:00;standby;25.5;28.5;5.0;28.0;50.6;57.0;0;0;0;0;16376.05;11280.08;5095.97;32431.1
2026-07-10T11:59:17.241918+02:00;standby;25.5;28.5;5.0;28.0;50.6;57.0;0;0;0;0;16376.05;11280.08;5095.97;32431.1
2026-07-10T12:00:18.056532+02:00;standby;25.5;28.5;5.0;28.0;50.6;57.0;0;0;0;0;16376.05;11280.08;5095.97;32431.1
2026-07-10T12:01:18.678215+02:00;standby;25.5;28.5;5.0;28.0;50.6;57.0;0;0;0;0;16376.05;11280.08;5095.97;32431.1
2026-07-10T12:02:19.709925+02:00;standby;25.5;28.5;5.0;28.0;50.6;57.0;0;0;0;0;16376.05;11280.08;5095.97;32431.1
2026-07-10T12:03:20.384566+02:00;standby;25.5;28.5;5.0;28.0;50.6;57.0;0;0;0;0;16376.05;11280.08;5095.97;32431.1
2026-07-10T12:04:20.858747+02:00;standby;25.5;28.5;5.0;28.0;50.6;57.0;0;0;0;0;16376.05;11280.08;5095.97;32431.1
2026-07-10T12:05:21.327108+02:00;standby;25.5;28.5;5.0;28.0;50.6;57.0;0;0;0;0;16376.05;11280.08;5095.97;32431.1
2026-07-10T12:06:21.793983+02:00;standby;25.5;28.5;5.0;28.0;50.6;57.0;0;0;0;0;16376.05;11280.08;5095.97;32431.1
2026-07-10T12:07:22.423467+02:00;standby;25.5;28.5;5.0;28.0;50.6;57.0;0;0;0;0;16376.05;11280.08;5095.97;32431.1
2026-07-10T12:08:22.978758+02:00;standby;25.5;28.5;5.0;28.0;50.6;57.0;0;0;0;0;16376.05;11280.08;5095.97;32431.1
2026-07-10T12:09:23.446580+02:00;standby;25.5;28.5;5.0;28.0;50.5;57.0;0;0;0;0;16376.05;11280.08;5095.97;32431.1
2026-07-10T12:10:23.977213+02:00;standby;25.5;28.5;5.0;28.0;50.5;57.0;0;0;0;0;16376.05;11280.08;5095.97;32431.1
2026-07-10T12:11:24.484611+02:00;standby;25.5;28.5;5.0;28.0;50.5;57.0;0;0;0;0;16376.05;11280.08;5095.97;32431.1
2026-07-10T12:12:25.315537+02:00;standby;25.5;28.5;5.0;28.0;50.5;57.0;0;0;0;0;16376.05;11280.08;5095.97;32431.1
2026-07-10T12:13:26.151065+02:00;standby;25.5;28.5;5.0;28.0;50.5;57.0;0;0;0;0;16376.05;11280.08;5095.97;32431.1
2026-07-10T12:14:26.673363+02:00;standby;25.5;28.5;5.0;28.0;50.5;57.0;0;0;0;0;16376.05;11280.08;5095.97;32431.1
2026-07-10T12:15:27.292369+02:00;standby;25.5;28.5;5.0;28.0;50.5;57.0;0;0;0;0;16376.05;11280.08;5095.97;32431.1
2026-07-10T12:16:27.923902+02:00;standby;25.5;28.5;5.0;28.0;50.5;57.0;0;0;0;0;16376.05;11280.08;5095.97;32431.1
2026-07-10T12:17:28.744009+02:00;standby;25.5;28.5;5.0;28.0;50.5;57.0;0;0;0;0;16376.05;11280.08;5095.97;32431.1
2026-07-10T12:18:29.811138+02:00;standby;25.5;28.5;5.0;28.0;50.5;57.0;0;0;0;0;16376.05;11280.08;5095.97;32431.1
2026-07-10T12:19:30.842445+02:00;standby;25.5;28.5;5.0;28.0;50.5;57.0;0;0;0;0;16376.05;11280.08;5095.97;32431.1
2026-07-10T12:20:31.420598+02:00;standby;25.5;28.5;5.0;28.0;50.5;57.0;0;0;0;0;16376.05;11280.08;5095.97;32431.1
2026-07-10T12:21:32.242078+02:00;standby;25.5;28.5;5.0;28.0;50.4;57.0;0;0;0;0;16376.05;11280.08;5095.97;32431.1
2026-07-10T12:22:32.741167+02:00;standby;25.5;28.5;5.0;28.0;50.4;57.0;0;0;0;0;16376.05;11280.08;5095.97;32431.1
2026-07-10T12:23:33.394478+02:00;standby;26.9;28.5;5.0;28.0;50.4;57.0;0;0;0;0;16376.05;11280.08;5095.97;32431.1
2026-07-10T12:24:34.133010+02:00;standby;26.9;28.5;5.0;28.0;50.4;57.0;0;0;0;0;16376.05;11280.08;5095.97;32431.1
2026-07-10T12:25:34.569823+02:00;standby;26.9;28.5;5.0;28.0;50.4;57.0;0;0;0;0;16376.05;11280.08;5095.97;32431.1
2026-07-10T12:26:35.047496+02:00;standby;26.9;28.3;5.0;28.0;50.4;57.0;0;0;0;0;16376.05;11280.08;5095.97;32431.1
2026-07-10T12:27:35.678334+02:00;standby;26.9;28.3;5.0;28.0;50.4;57.0;0;0;0;0;16376.05;11280.08;5095.97;32431.1
2026-07-10T12:28:36.312643+02:00;standby;26.9;28.5;5.0;28.0;50.4;57.0;0;0;0;0;16376.05;11280.08;5095.97;32431.1
2026-07-10T12:29:36.951990+02:00;standby;26.9;28.3;5.0;28.0;50.4;57.0;0;0;0;0;16376.05;11280.08;5095.97;32431.1
2026-07-10T12:30:37.532290+02:00;standby;26.9;28.3;5.0;28.0;50.4;57.0;0;0;0;0;16376.05;11280.08;5095.97;32431.1
2026-07-10T12:31:39.187495+02:00;standby;26.9;28.3;5.0;28.0;50.4;57.0;0;0;0;0;16376.05;11280.08;5095.97;32431.1
2026-07-10T12:32:39.878201+02:00;standby;26.9;28.3;5.0;28.0;50.4;57.0;0;0;0;0;16376.05;11280.08;5095.97;32431.1
2026-07-10T12:33:40.374144+02:00;standby;26.9;28.3;5.0;28.0;50.4;57.0;0;0;0;0;16376.05;11280.08;5095.97;32431.1
2026-07-10T12:34:40.789241+02:00;standby;26.9;28.3;5.0;28.0;50.3;57.0;0;0;0;0;16376.05;11280.08;5095.97;32431.1
2026-07-10T12:35:41.259427+02:00;standby;26.9;28.3;5.0;28.0;50.3;57.0;0;0;0;0;16376.05;11280.08;5095.97;32431.1
2026-07-10T12:36:41.782390+02:00;standby;26.9;28.3;5.0;28.0;50.3;57.0;0;0;0;0;16376.05;11280.08;5095.97;32431.1
2026-07-10T12:37:42.235518+02:00;standby;26.9;28.3;5.0;28.0;50.3;57.0;0;0;0;0;16376.05;11280.08;5095.97;32431.1
2026-07-10T12:38:42.722366+02:00;standby;26.9;28.3;5.0;28.0;50.3;57.0;0;0;0;0;16376.05;11280.08;5095.97;32431.1
2026-07-10T12:39:43.203910+02:00;standby;26.9;28.3;5.0;28.0;50.3;57.0;0;0;0;0;16376.05;11280.08;5095.97;32431.1
2026-07-10T12:40:43.671653+02:00;standby;26.9;28.3;5.0;28.0;50.3;57.0;0;0;0;0;16376.05;11280.08;5095.97;32431.1
2026-07-10T12:41:44.172437+02:00;standby;26.9;28.3;5.0;28.0;50.3;57.0;0;0;0;0;16376.05;11280.08;5095.97;32431.1
2026-07-10T12:42:44.839363+02:00;standby;26.9;28.3;5.0;28.0;50.3;57.0;0;0;0;0;16376.05;11280.08;5095.97;32431.1
2026-07-10T12:43:45.771047+02:00;standby;26.9;28.3;5.0;28.0;50.3;57.0;0;0;0;0;16376.05;11280.08;5095.97;32431.1
2026-07-10T12:44:46.258774+02:00;standby;26.9;28.3;5.0;28.0;50.3;57.0;0;0;0;0;16376.05;11280.08;5095.97;32431.1
2026-07-10T12:45:47.237930+02:00;standby;26.9;28.3;5.0;28.0;50.2;57.0;0;0;0;0;16376.05;11280.08;5095.97;32431.1
2026-07-10T12:46:47.890330+02:00;standby;26.9;28.3;5.0;28.0;50.2;57.0;0;0;0;0;16376.05;11280.08;5095.97;32431.1
2026-07-10T12:47:48.463229+02:00;standby;26.9;28.3;5.0;28.0;50.2;57.0;0;0;0;0;16376.05;11280.08;5095.97;32431.1
2026-07-10T12:48:49.132225+02:00;standby;26.9;28.3;5.0;28.0;50.2;57.0;0;0;0;0;16376.05;11280.08;5095.97;32431.1
2026-07-10T12:49:51.157876+02:00;standby;26.9;28.3;5.0;28.0;50.2;57.0;0;0;0;0;16376.05;11280.08;5095.97;32431.1
2026-07-10T12:50:51.575859+02:00;standby;26.9;28.3;5.0;28.0;50.2;57.0;0;0;0;0;16376.05;11280.08;5095.97;32431.1
2026-07-10T12:51:52.117038+02:00;standby;26.9;28.3;5.0;28.0;50.2;57.0;0;0;0;0;16376.05;11280.08;5095.97;32431.1
2026-07-10T12:52:52.562837+02:00;standby;26.9;28.3;5.0;28.0;50.1;57.0;0;0;0;0;16376.05;11280.08;5095.97;32431.1
2026-07-10T12:53:53.312693+02:00;standby;26.9;28.3;5.0;28.0;50.1;57.0;0;0;0;0;16376.05;11280.08;5095.97;32431.1
2026-07-10T12:54:53.760761+02:00;standby;26.9;28.3;5.0;28.0;50.1;57.0;0;0;0;0;16376.05;11280.08;5095.97;32431.1
2026-07-10T12:55:54.219952+02:00;standby;26.9;28.3;5.0;28.0;50.1;57.0;0;0;0;0;16376.05;11280.08;5095.97;32431.1
2026-07-10T12:56:54.848122+02:00;standby;26.9;28.3;5.0;28.0;50.1;57.0;0;0;0;0;16376.05;11280.08;5095.97;32431.1
2026-07-10T12:57:55.348751+02:00;standby;26.9;28.3;5.0;28.0;50.1;57.0;0;0;0;0;16376.05;11280.08;5095.97;32431.1
2026-07-10T12:58:55.856579+02:00;standby;26.9;28.3;5.0;28.0;50.1;57.0;0;0;0;0;16376.05;11280.08;5095.97;32431.1
2026-07-10T12:59:56.493589+02:00;standby;26.9;28.3;5.0;28.0;50.1;57.0;0;0;0;0;16376.05;11280.08;5095.97;32431.1
2026-07-10T13:00:57.317371+02:00;standby;26.9;28.3;5.0;28.0;50.1;57.0;0;0;0;0;16376.05;11280.08;5095.97;32431.1
2026-07-10T13:01:57.909397+02:00;standby;26.9;28.3;5.0;28.0;50.1;57.0;0;0;0;0;16376.05;11280.08;5095.97;32431.1
2026-07-10T13:02:58.531306+02:00;standby;26.9;28.3;5.0;28.0;50.1;57.0;0;0;0;0;16376.05;11280.08;5095.97;32431.1
2026-07-10T13:03:59.145827+02:00;standby;26.9;28.3;5.0;28.0;50.0;57.0;0;0;0;0;16376.05;11280.08;5095.97;32431.1
2026-07-10T13:04:59.993876+02:00;standby;26.9;28.3;5.0;28.0;50.0;57.0;0;0;0;0;16376.05;11280.08;5095.97;32431.1
2026-07-10T13:06:00.469891+02:00;standby;26.9;28.3;5.0;28.0;50.0;57.0;0;0;0;0;16376.05;11280.08;5095.97;32431.1
2026-07-10T13:07:00.984492+02:00;standby;26.9;28.3;5.0;28.0;50.0;57.0;0;0;0;0;16376.05;11280.08;5095.97;32431.1
2026-07-10T13:08:01.756839+02:00;standby;26.9;28.3;5.0;28.0;50.0;57.0;0;0;0;0;16376.05;11280.08;5095.97;32431.1
2026-07-10T13:09:02.232981+02:00;standby;26.9;28.3;5.0;28.0;50.0;57.0;0;0;0;0;16376.05;11280.08;5095.97;32431.1
2026-07-10T13:10:02.649515+02:00;standby;26.9;28.3;5.0;28.0;50.0;57.0;0;0;0;0;16376.05;11280.08;5095.97;32431.1
2026-07-10T13:11:03.141604+02:00;standby;26.9;28.3;5.0;28.0;50.0;57.0;0;0;0;0;16376.05;11280.08;5095.97;32431.1
2026-07-10T13:12:03.614141+02:00;standby;26.9;28.3;5.0;28.0;50.0;57.0;0;0;0;0;16376.05;11280.08;5095.97;32431.1
2026-07-10T13:13:05.306305+02:00;standby;26.9;28.3;5.0;28.0;50.0;57.0;0;0;0;0;16376.05;11280.08;5095.97;32431.1
2026-07-10T13:14:05.779278+02:00;standby;26.9;28.3;5.0;28.0;50.0;57.0;0;0;0;0;16376.05;11280.08;5095.97;32431.1
2026-07-10T13:15:06.428240+02:00;standby;26.9;28.3;5.0;28.0;50.0;57.0;0;0;0;0;16376.05;11280.08;5095.97;32431.1
2026-07-10T13:16:06.936039+02:00;standby;26.9;28.3;5.0;28.0;50.0;57.0;0;0;0;0;16376.05;11280.08;5095.97;32431.1
2026-07-10T13:17:07.568232+02:00;standby;26.9;28.3;5.0;28.0;49.9;57.0;0;0;0;0;16376.05;11280.08;5095.97;32431.1
2026-07-10T13:18:08.063783+02:00;standby;26.9;28.2;5.0;28.0;49.8;57.0;0;0;0;0;16376.05;11280.08;5095.97;32431.1
2026-07-10T13:19:08.943503+02:00;standby;26.9;28.3;5.0;28.0;49.6;57.0;0;0;0;0;16376.05;11280.08;5095.97;32431.1
2026-07-10T13:20:09.842634+02:00;standby;26.9;28.3;5.0;28.0;49.5;57.0;0;0;0;0;16376.05;11280.08;5095.97;32431.1
2026-07-10T13:21:10.634636+02:00;standby;26.9;28.3;5.0;28.0;49.3;57.0;0;0;0;0;16376.05;11280.08;5095.97;32431.1
2026-07-10T13:22:11.160796+02:00;standby;26.9;28.3;5.0;28.0;49.2;57.0;0;0;0;0;16376.05;11280.08;5095.97;32431.1
2026-07-10T13:23:11.650774+02:00;standby;26.9;28.3;5.0;28.0;49.1;57.0;0;0;0;0;16376.05;11280.08;5095.97;32431.1
2026-07-10T13:24:12.095511+02:00;standby;27.9;28.2;5.0;28.0;49.1;57.0;0;0;0;0;16376.05;11280.08;5095.97;32431.1
2026-07-10T13:25:12.554106+02:00;standby;27.9;28.2;5.0;28.0;49.0;57.0;0;0;0;0;16376.05;11280.08;5095.97;32431.1
2026-07-10T13:26:13.025893+02:00;standby;27.9;28.2;5.0;28.0;49.0;57.0;0;0;0;0;16376.05;11280.08;5095.97;32431.1
2026-07-10T13:27:13.606342+02:00;standby;27.9;28.2;5.0;28.0;49.0;57.0;0;0;0;0;16376.05;11280.08;5095.97;32431.1
2026-07-10T13:28:14.072528+02:00;standby;27.9;28.2;5.0;28.0;49.0;57.0;0;0;0;0;16376.05;11280.08;5095.97;32431.1
2026-07-10T13:29:14.624571+02:00;standby;27.9;28.2;5.0;28.0;49.0;57.0;0;0;0;0;16376.05;11280.08;5095.97;32431.1
2026-07-10T13:30:15.140475+02:00;standby;27.9;28.2;5.0;28.0;49.0;57.0;0;0;0;0;16376.05;11280.08;5095.97;32431.1
2026-07-10T13:31:15.607218+02:00;standby;27.9;28.2;5.0;28.0;49.0;57.0;0;0;0;0;16376.05;11280.08;5095.97;32431.1
2026-07-10T13:32:16.448874+02:00;standby;27.9;28.2;5.0;28.0;49.0;57.0;0;0;0;0;16376.05;11280.08;5095.97;32431.1
2026-07-10T13:33:17.318604+02:00;standby;27.9;28.2;5.0;28.0;49.0;57.0;0;0;0;0;16376.05;11280.08;5095.97;32431.1
2026-07-10T13:34:18.122890+02:00;standby;27.9;28.2;5.0;28.0;49.0;57.0;0;0;0;0;16376.05;11280.08;5095.97;32431.1
2026-07-10T13:35:18.722832+02:00;standby;27.9;28.2;5.0;28.0;49.0;57.0;0;0;0;0;16376.05;11280.08;5095.97;32431.1
2026-07-10T13:36:19.266194+02:00;standby;27.9;28.2;5.0;28.0;49.0;57.0;0;0;0;0;16376.05;11280.08;5095.97;32431.1
2026-07-10T13:37:19.971781+02:00;standby;27.9;28.2;5.0;28.0;48.9;57.0;0;0;0;0;16376.05;11280.08;5095.97;32431.1
2026-07-10T13:38:20.484974+02:00;standby;27.9;28.2;5.0;28.0;48.9;57.0;0;0;0;0;16376.05;11280.08;5095.97;32431.1
2026-07-10T13:39:20.931475+02:00;standby;27.9;28.2;5.0;28.0;48.9;57.0;0;0;0;0;16376.05;11280.08;5095.97;32431.1
2026-07-10T13:40:21.711653+02:00;standby;27.9;28.2;5.0;28.0;48.9;57.0;0;0;0;0;16376.05;11280.08;5095.97;32431.1
2026-07-10T13:41:22.271305+02:00;standby;27.9;28.2;5.0;28.0;48.9;57.0;0;0;0;0;16376.05;11280.08;5095.97;32431.1
2026-07-10T13:42:22.765704+02:00;standby;27.9;28.2;5.0;28.0;48.9;57.0;0;0;0;0;16376.05;11280.08;5095.97;32431.1
2026-07-10T13:43:23.190656+02:00;standby;27.9;28.2;5.0;28.0;48.9;57.0;0;0;0;0;16376.05;11280.08;5095.97;32431.1
2026-07-10T13:44:23.750624+02:00;standby;27.9;28.2;5.0;28.0;48.9;57.0;0;0;0;0;16376.05;11280.08;5095.97;32431.1
2026-07-10T13:45:24.251112+02:00;standby;27.9;28.2;5.0;28.0;48.9;57.0;0;0;0;0;16376.05;11280.08;5095.97;32431.1
2026-07-10T13:46:24.879502+02:00;standby;27.9;28.2;5.0;28.0;48.9;57.0;0;0;0;0;16376.05;11280.08;5095.97;32431.1
2026-07-10T13:47:25.407250+02:00;standby;27.9;28.2;5.0;28.0;48.9;57.0;0;0;0;0;16376.05;11280.08;5095.97;32431.1
2026-07-10T13:48:26.221600+02:00;standby;27.9;28.2;5.0;28.0;48.9;57.0;0;0;0;0;16376.05;11280.08;5095.97;32431.1
2026-07-10T13:49:26.868312+02:00;standby;27.9;28.2;5.0;28.0;48.9;57.0;0;0;0;0;16376.05;11280.08;5095.97;32431.1
2026-07-10T13:50:27.417198+02:00;standby;27.9;28.2;5.0;28.0;48.8;57.0;0;0;0;0;16376.05;11280.08;5095.97;32431.1
2026-07-10T13:51:27.908575+02:00;standby;27.9;28.2;5.0;28.0;48.8;57.0;0;0;0;0;16376.05;11280.08;5095.97;32431.1
2026-07-10T13:52:28.373388+02:00;standby;27.9;28.2;5.0;28.0;48.8;57.0;0;0;0;0;16376.05;11280.08;5095.97;32431.1
2026-07-10T13:53:28.839856+02:00;standby;27.9;28.2;5.0;28.0;48.8;57.0;0;0;0;0;16376.05;11280.08;5095.97;32431.1
2026-07-10T13:54:29.637150+02:00;standby;27.9;28.2;5.0;28.0;48.8;57.0;0;0;0;0;16376.05;11280.08;5095.97;32431.1
2026-07-10T13:55:30.137238+02:00;standby;27.9;28.2;5.0;28.0;48.8;57.0;0;0;0;0;16376.05;11280.08;5095.97;32431.1
2026-07-10T13:56:30.679178+02:00;standby;27.9;28.2;5.0;28.0;48.8;57.0;0;0;0;0;16376.05;11280.08;5095.97;32431.1
2026-07-10T13:57:31.154386+02:00;standby;27.9;28.2;5.0;28.0;48.8;57.0;0;0;0;0;16376.05;11280.08;5095.97;32431.1
2026-07-10T13:58:31.794105+02:00;standby;27.9;28.2;5.0;28.0;48.8;57.0;0;0;0;0;16376.05;11280.08;5095.97;32431.1
2026-07-10T13:59:32.294549+02:00;standby;27.9;28.2;5.0;28.0;48.8;57.0;0;0;0;0;16376.05;11280.08;5095.97;32431.1
2026-07-10T14:00:33.036156+02:00;standby;27.9;28.2;5.0;28.0;48.8;57.0;0;0;0;0;16376.05;11280.08;5095.97;32431.1
2026-07-10T14:01:33.559961+02:00;standby;27.9;28.2;5.0;28.0;48.8;57.0;0;0;0;0;16376.05;11280.08;5095.97;32431.1
2026-07-10T14:02:34.183601+02:00;standby;27.9;28.2;5.0;28.0;48.7;57.0;0;0;0;0;16376.05;11280.08;5095.97;32431.1
2026-07-10T14:03:34.830113+02:00;standby;27.9;28.2;5.0;28.0;48.7;57.0;0;0;0;0;16376.05;11280.08;5095.97;32431.1
2026-07-10T14:04:35.372220+02:00;standby;27.9;28.2;5.0;28.0;48.7;57.0;0;0;0;0;16376.05;11280.08;5095.97;32431.1
2026-07-10T14:05:36.494327+02:00;standby;27.9;28.2;5.0;28.0;48.7;57.0;0;0;0;0;16376.05;11280.08;5095.97;32431.1
2026-07-10T14:06:37.112826+02:00;standby;27.9;28.2;5.0;28.0;48.7;57.0;0;0;0;0;16376.05;11280.08;5095.97;32431.1
2026-07-10T14:07:37.590203+02:00;standby;27.9;28.2;5.0;28.0;48.7;57.0;0;0;0;0;16376.05;11280.08;5095.97;32431.1
2026-07-10T14:08:38.117051+02:00;standby;27.9;28.2;5.0;28.0;48.7;57.0;0;0;0;0;16376.05;11280.08;5095.97;32431.1
2026-07-10T14:09:38.740377+02:00;standby;27.9;28.2;5.0;28.0;48.7;57.0;0;0;0;0;16376.05;11280.08;5095.97;32431.1
2026-07-10T14:10:39.810657+02:00;standby;27.9;28.2;5.0;28.0;48.7;57.0;0;0;0;0;16376.05;11280.08;5095.97;32431.1
2026-07-10T14:11:40.391785+02:00;standby;27.9;28.2;5.0;28.0;48.7;57.0;0;0;0;0;16376.05;11280.08;5095.97;32431.1
2026-07-10T14:12:40.936902+02:00;standby;27.9;28.2;5.0;28.0;48.7;57.0;0;0;0;0;16376.05;11280.08;5095.97;32431.1
2026-07-10T14:13:41.430872+02:00;standby;27.9;28.2;5.0;28.0;48.7;57.0;0;0;0;0;16376.05;11280.08;5095.97;32431.1
2026-07-10T14:14:42.051299+02:00;standby;27.9;28.2;5.0;28.0;48.7;57.0;0;0;0;0;16376.05;11280.08;5095.97;32431.1
2026-07-10T14:15:42.565654+02:00;standby;27.9;28.2;5.0;28.0;48.7;57.0;0;0;0;0;16376.05;11280.08;5095.97;32431.1
2026-07-10T14:16:43.727438+02:00;standby;27.9;28.2;5.0;28.0;48.6;57.0;0;0;0;0;16376.05;11280.08;5095.97;32431.1
2026-07-10T14:17:44.217933+02:00;standby;27.9;28.2;5.0;28.0;48.6;57.0;0;0;0;0;16376.05;11280.08;5095.97;32431.1
2026-07-10T14:18:44.773529+02:00;standby;27.9;28.2;5.0;28.0;48.6;57.0;0;0;0;0;16376.05;11280.08;5095.97;32431.1
2026-07-10T14:19:45.289597+02:00;standby;27.9;28.2;5.0;28.0;48.6;57.0;0;0;0;0;16376.05;11280.08;5095.97;32431.1
2026-07-10T14:20:46.322494+02:00;standby;27.9;28.2;5.0;28.0;48.6;57.0;0;0;0;0;16376.05;11280.08;5095.97;32431.1
2026-07-10T14:21:46.968759+02:00;standby;27.9;28.2;5.0;28.0;48.6;57.0;0;0;0;0;16376.05;11280.08;5095.97;32431.1
2026-07-10T14:22:47.452832+02:00;standby;27.9;28.2;5.0;28.0;48.6;57.0;0;0;0;0;16376.05;11280.08;5095.97;32431.1
2026-07-10T14:23:48.012285+02:00;standby;27.9;28.2;5.0;28.0;48.6;57.0;0;0;0;0;16376.05;11280.08;5095.97;32431.1
2026-07-10T14:24:48.640220+02:00;standby;28.7;28.2;5.0;28.0;48.6;57.0;0;0;0;0;16376.05;11280.08;5095.97;32431.1
2026-07-10T14:25:49.318317+02:00;standby;28.7;28.2;5.0;28.0;48.6;57.0;0;0;0;0;16376.05;11280.08;5095.97;32431.1
2026-07-10T14:26:49.869026+02:00;standby;28.7;28.2;5.0;28.0;48.6;57.0;0;0;0;0;16376.05;11280.08;5095.97;32431.1
2026-07-10T14:27:50.341059+02:00;standby;28.7;28.2;5.0;28.0;48.6;57.0;0;0;0;0;16376.05;11280.08;5095.97;32431.1
2026-07-10T14:28:50.999653+02:00;standby;28.7;28.2;5.0;28.0;48.6;57.0;0;0;0;0;16376.05;11280.08;5095.97;32431.1
2026-07-10T14:29:51.584345+02:00;standby;28.7;28.2;5.0;28.0;48.6;57.0;0;0;0;0;16376.05;11280.08;5095.97;32431.1
2026-07-10T14:30:52.206256+02:00;standby;28.7;28.2;5.0;28.0;48.5;57.0;0;0;0;0;16376.05;11280.08;5095.97;32431.1
2026-07-10T14:31:52.960833+02:00;standby;28.7;28.2;5.0;28.0;48.5;57.0;0;0;0;0;16376.05;11280.08;5095.97;32431.1
2026-07-10T14:32:53.482162+02:00;standby;28.7;28.2;5.0;28.0;48.5;57.0;0;0;0;0;16376.05;11280.08;5095.97;32431.1
2026-07-10T14:33:54.450805+02:00;standby;28.7;28.0;5.0;28.0;48.5;57.0;0;0;0;0;16376.05;11280.08;5095.97;32431.1
2026-07-10T14:34:54.964862+02:00;standby;28.7;28.2;5.0;28.0;48.5;57.0;0;0;0;0;16376.05;11280.08;5095.97;32431.1
2026-07-10T14:35:55.435277+02:00;standby;28.7;28.0;5.0;28.0;48.5;57.0;0;0;0;0;16376.05;11280.08;5095.97;32431.1
2026-07-10T14:36:56.065164+02:00;standby;28.7;28.2;5.0;28.0;48.5;57.0;0;0;0;0;16376.05;11280.08;5095.97;32431.1
2026-07-10T14:37:56.700522+02:00;standby;28.7;28.0;5.0;28.0;48.5;57.0;0;0;0;0;16376.05;11280.08;5095.97;32431.1
2026-07-10T14:38:57.202993+02:00;standby;28.7;28.2;5.0;28.0;48.5;57.0;0;0;0;0;16376.05;11280.08;5095.97;32431.1
2026-07-10T14:39:58.034024+02:00;standby;28.7;28.0;5.0;28.0;48.5;57.0;0;0;0;0;16376.05;11280.08;5095.97;32431.1
2026-07-10T14:40:58.753022+02:00;standby;28.7;28.0;5.0;28.0;48.5;57.0;0;0;0;0;16376.05;11280.08;5095.97;32431.1
2026-07-10T14:41:59.281311+02:00;standby;28.7;28.0;5.0;28.0;48.5;57.0;0;0;0;0;16376.05;11280.08;5095.97;32431.1
2026-07-10T14:43:00.113788+02:00;standby;28.7;28.0;5.0;28.0;48.5;57.0;0;0;0;0;16376.05;11280.08;5095.97;32431.1
2026-07-10T14:44:00.614073+02:00;standby;28.7;28.0;5.0;28.0;48.5;57.0;0;0;0;0;16376.05;11280.08;5095.97;32431.1
2026-07-10T14:45:01.184806+02:00;standby;28.7;28.0;5.0;28.0;48.4;57.0;0;0;0;0;16376.05;11280.08;5095.97;32431.1
2026-07-10T14:46:01.652576+02:00;standby;28.7;28.0;5.0;28.0;48.4;57.0;0;0;0;0;16376.05;11280.08;5095.97;32431.1
2026-07-10T14:47:02.259587+02:00;standby;28.7;28.0;5.0;28.0;48.4;57.0;0;0;0;0;16376.05;11280.08;5095.97;32431.1
2026-07-10T14:48:02.911464+02:00;standby;28.7;28.0;5.0;28.0;48.4;57.0;0;0;0;0;16376.05;11280.08;5095.97;32431.1
2026-07-10T14:49:03.624106+02:00;standby;28.7;28.0;5.0;28.0;48.4;57.0;0;0;0;0;16376.05;11280.08;5095.97;32431.1
2026-07-10T14:50:04.354238+02:00;standby;28.7;28.0;5.0;28.0;48.4;57.0;0;0;0;0;16376.05;11280.08;5095.97;32431.1
2026-07-10T14:51:05.073369+02:00;standby;28.7;28.0;5.0;28.0;48.4;57.0;0;0;0;0;16376.05;11280.08;5095.97;32431.1
2026-07-10T14:52:05.792254+02:00;standby;28.7;28.0;5.0;28.0;48.4;57.0;0;0;0;0;16376.05;11280.08;5095.97;32431.1
2026-07-10T14:53:06.317538+02:00;standby;28.7;28.0;5.0;28.0;48.4;57.0;0;0;0;0;16376.05;11280.08;5095.97;32431.1
2026-07-10T14:54:06.839940+02:00;standby;28.7;28.0;5.0;28.0;48.4;57.0;0;0;0;0;16376.05;11280.08;5095.97;32431.1
2026-07-10T14:55:07.465757+02:00;standby;28.7;28.0;5.0;28.0;48.4;57.0;0;0;0;0;16376.05;11280.08;5095.97;32431.1
2026-07-10T14:56:08.088091+02:00;standby;28.7;28.0;5.0;28.0;48.4;57.0;0;0;0;0;16376.05;11280.08;5095.97;32431.1
2026-07-10T14:57:09.130201+02:00;standby;28.7;28.0;5.0;28.0;48.2;57.0;0;0;0;0;16376.05;11280.08;5095.97;32431.1
2026-07-10T14:58:09.608297+02:00;standby;28.7;28.0;5.0;28.0;48.2;57.0;0;0;0;0;16376.05;11280.08;5095.97;32431.1
2026-07-10T14:59:10.057853+02:00;standby;28.7;28.0;5.0;28.0;48.2;57.0;0;0;0;0;16376.05;11280.08;5095.97;32431.1
2026-07-10T15:00:10.559566+02:00;standby;28.7;28.0;5.0;28.0;48.2;57.0;0;0;0;0;16376.05;11280.08;5095.97;32431.1
2026-07-10T15:01:11.403247+02:00;standby;28.7;28.0;5.0;28.0;48.2;57.0;0;0;0;0;16376.05;11280.08;5095.97;32431.1
2026-07-10T15:02:11.857569+02:00;standby;28.7;28.0;5.0;28.0;48.2;57.0;0;0;0;0;16376.05;11280.08;5095.97;32431.1
2026-07-10T15:03:12.670070+02:00;standby;28.7;28.0;5.0;28.0;48.2;57.0;0;0;0;0;16376.05;11280.08;5095.97;32431.1
2026-07-10T15:04:13.147221+02:00;standby;28.7;28.0;5.0;28.0;48.2;57.0;0;0;0;0;16376.05;11280.08;5095.97;32431.1
2026-07-10T15:05:13.665720+02:00;standby;28.7;28.0;5.0;28.0;48.2;57.0;0;0;0;0;16376.05;11280.08;5095.97;32431.1
2026-07-10T15:06:14.372574+02:00;standby;28.7;28.0;5.0;28.0;48.2;57.0;0;0;0;0;16376.05;11280.08;5095.97;32431.1
2026-07-10T15:07:15.214972+02:00;standby;28.7;28.0;5.0;28.0;48.2;57.0;0;0;0;0;16376.05;11280.08;5095.97;32431.1
2026-07-10T15:08:15.745643+02:00;standby;28.7;28.0;5.0;28.0;48.2;57.0;0;0;0;0;16376.05;11280.08;5095.97;32431.1
2026-07-10T15:09:16.779450+02:00;standby;28.7;28.0;5.0;28.0;48.2;57.0;0;0;0;0;16376.05;11280.08;5095.97;32431.1
2026-07-10T15:10:17.394143+02:00;standby;28.7;28.0;5.0;28.0;48.1;57.0;0;0;0;0;16376.05;11280.08;5095.97;32431.1
2026-07-10T15:11:17.916484+02:00;standby;28.7;28.0;5.0;28.0;48.1;57.0;0;0;0;0;16376.05;11280.08;5095.97;32431.1
2026-07-10T15:12:18.631200+02:00;standby;28.7;28.0;5.0;28.0;48.1;57.0;0;0;0;0;16376.05;11280.08;5095.97;32431.1
2026-07-10T15:13:19.165973+02:00;standby;28.7;28.0;5.0;28.0;48.1;57.0;0;0;0;0;16376.05;11280.08;5095.97;32431.1
2026-07-10T15:14:19.823532+02:00;standby;28.7;28.0;5.0;28.0;48.1;57.0;0;0;0;0;16376.05;11280.08;5095.97;32431.1
2026-07-10T15:15:20.703021+02:00;standby;28.7;28.0;5.0;28.0;48.1;57.0;0;0;0;0;16376.05;11280.08;5095.97;32431.1
2026-07-10T15:16:21.236385+02:00;standby;28.7;28.0;5.0;28.0;48.1;57.0;0;0;0;0;16376.05;11280.08;5095.97;32431.1
2026-07-10T15:17:21.817539+02:00;standby;28.7;28.0;5.0;28.0;48.1;57.0;0;0;0;0;16376.05;11280.08;5095.97;32431.1
2026-07-10T15:18:22.315772+02:00;standby;28.7;28.0;5.0;28.0;48.1;57.0;0;0;0;0;16376.05;11280.08;5095.97;32431.1
2026-07-10T15:19:22.758801+02:00;standby;28.7;28.0;5.0;28.0;48.1;57.0;0;0;0;0;16376.05;11280.08;5095.97;32431.1
2026-07-10T15:20:23.342903+02:00;standby;28.7;28.0;5.0;28.0;48.1;57.0;0;0;0;0;16376.05;11280.08;5095.97;32431.1
2026-07-10T15:21:24.032461+02:00;standby;28.7;28.0;5.0;28.0;48.1;57.0;0;0;0;0;16376.05;11280.08;5095.97;32431.1
2026-07-10T15:22:24.525029+02:00;standby;28.7;28.0;5.0;28.0;48.1;57.0;0;0;0;0;16376.05;11280.08;5095.97;32431.1
2026-07-10T15:23:25.064091+02:00;standby;28.7;28.0;5.0;28.0;48.1;57.0;0;0;0;0;16376.05;11280.08;5095.97;32431.1
2026-07-10T15:24:25.900825+02:00;standby;28.7;28.0;5.0;28.0;48.1;57.0;0;0;0;0;16376.05;11280.08;5095.97;32431.1
2026-07-10T15:25:26.407797+02:00;standby;29.1;28.0;5.0;28.0;48.0;57.0;0;0;0;0;16376.05;11280.08;5095.97;32431.1
2026-07-10T15:26:26.939912+02:00;standby;29.1;28.0;5.0;28.0;47.9;57.0;0;0;0;0;16376.05;11280.08;5095.97;32431.1
2026-07-10T15:27:27.667356+02:00;standby;29.1;28.0;5.0;28.0;47.9;57.0;0;0;0;0;16376.05;11280.08;5095.97;32431.1
2026-07-10T15:28:28.686214+02:00;standby;29.1;28.0;5.0;28.0;47.8;57.0;0;0;0;0;16376.05;11280.08;5095.97;32431.1
2026-07-10T15:29:29.202486+02:00;standby;29.1;28.0;5.0;28.0;47.8;57.0;0;0;0;0;16376.05;11280.08;5095.97;32431.1
2026-07-10T15:30:29.732182+02:00;standby;29.1;28.0;5.0;28.0;47.8;57.0;0;0;0;0;16376.05;11280.08;5095.97;32431.1
2026-07-10T15:31:30.661101+02:00;standby;29.1;28.0;5.0;28.0;47.8;57.0;0;0;0;0;16376.05;11280.08;5095.97;32431.1
